station_id,month,station_type,wq_codmn,wq_do,wq_nh4_n,wq_no2_n,wq_no3_n,wq_ph,wq_phyto_biomass,wq_po4_p,wq_tn,wq_tp,n_wq_obs,met_air_temperature_c,met_precipitation_mm,met_wind_speed_ms,met_wind_direction_deg,met_shortwave_radiation_wm2,mee_tn_class,mee_trophic_state,mee_trophic_state_zones,mee_water_quality_category,mee_zone_status,mee_monitoring_point_count,hydro_water_level_m,hydro_water_level_std,hydro_water_level_n_days,rs_clms_lwq_300m_10daily_chla_mean,rs_clms_lwq_300m_10daily_chla_uncertainty,rs_clms_lwq_300m_10daily_fcb_prob,rs_sentinel2_cdse_monthly_30m_B03,rs_sentinel2_cdse_monthly_30m_B04,rs_sentinel2_cdse_monthly_30m_B05,rs_sentinel2_cdse_monthly_30m_B08,rs_sentinel2_cdse_monthly_30m_B11,rs_sentinel2_cdse_monthly_30m_FAI,rs_sentinel2_cdse_monthly_30m_MCI,rs_sentinel2_cdse_monthly_30m_NDCI,rs_sentinel2_cdse_monthly_30m_NDWI,rs_sentinel2_monthly_20m_B03,rs_sentinel2_monthly_20m_B04,rs_sentinel2_monthly_20m_B05,rs_sentinel2_retrieval_20260802_chlorophyll_a_experimental_ug_l,rs_sentinel2_retrieval_20260802_fai,rs_sentinel2_retrieval_20260802_mci,rs_sentinel2_retrieval_20260802_ndci,rs_sentinel2_retrieval_20260802_ndwi,rs_month_low_quality,static_station_inside_lake,static_station_latitude,static_station_longitude,static_lake_area_km2,static_lake_elevation_mean_m,static_dem_valid_frac,station_name,longitude,latitude,target_chla,target_chla_source,target_tp,target_tp_source,target_tn,target_tn_source,target_do,target_do_source,target_bloom,target_bloom_source,wq_chla,target_chla_in_lake,dataset_split
NASA_POWER_120.300_31.200,2005-01,grid_point,,,,,,,,,,,,1.7168070652173912,1440.95,3.3455842391304347,159.08926630434783,94.73508152173913,,,,,,,2.899139784946237,0.03500844069581253,31.0,,,,,,,,,,,,,,,,,,,,,False,1.0,31.2,120.3,2329.357405,0.5138400197029114,0.5113428545961378,太湖区格点 NASA_POWER_120.300_31.200,120.3,31.2,,,,,,,,,,,,,train
NASA_POWER_120.300_31.200,2005-02,grid_point,,,,,,,,,,,,3.441547619047619,2875.04,4.378601190476191,137.14508928571428,98.41821428571427,,,,,,,3.0580238095238097,0.11700511502910751,28.0,,,,,,,,,,,,,,,,,,,,,False,1.0,31.2,120.3,2329.357405,0.5138400197029114,0.5113428545961378,太湖区格点 NASA_POWER_120.300_31.200,120.3,31.2,,,,,,,,,,,,,train
TAIHU_CT,2005-02,lake_subregion,4.732659932659932,12.252440725244073,0.33,0.01,0.6797333333333334,7.953333333333333,0.0862666666666666,0.0026666666666666,2.5543,0.1158,10.0,,,,,,,,,,,,3.0580238095238097,0.11700511502910751,28.0,,,,,,,,,,,,,,,,,,,,,False,,,,2329.357405,0.5138400197029114,0.5113428545961378,"TAIHU_CT(湖区均值,无坐标)",,,,,0.1158,taihu_thqbca_v2,2.5543,taihu_thqbca_v2,12.252440725244073,taihu_thqbca_v2,,,,,train
TAIHU_ET,2005-02,lake_subregion,4.641077441077441,12.210599721059973,0.1033333333333333,0.0073333333333333,0.4040999999999999,7.923333333333333,0.1346333333333333,0.0013333333333333,1.7587666666666666,0.0867433333333333,10.0,,,,,,,,,,,,3.0580238095238097,0.11700511502910751,28.0,,,,,,,,,,,,,,,,,,,,,False,,,,2329.357405,0.5138400197029114,0.5113428545961378,"TAIHU_ET(湖区均值,无坐标)",,,,,0.0867433333333333,taihu_thqbca_v2,1.7587666666666666,taihu_thqbca_v2,12.210599721059973,taihu_thqbca_v2,,,,,train
TAIHU_GH,2005-02,lake_subregion,4.870033670033671,12.154811715481172,0.7933333333333333,0.013,1.4160666666666668,8.026666666666667,0.4704,0.0036666666666666,4.074933333333333,0.1132033333333333,10.0,,,,,,,,,,,,3.0580238095238097,0.11700511502910751,28.0,,,,,,,,,,,,,,,,,,,,,False,,,,2329.357405,0.5138400197029114,0.5113428545961378,"TAIHU_GH(湖区均值,无坐标)",,,,,0.1132033333333333,taihu_thqbca_v2,4.074933333333333,taihu_thqbca_v2,12.154811715481172,taihu_thqbca_v2,,,,,train
TAIHU_ML,2005-02,lake_subregion,5.597691197691197,10.947399880454272,4.035714285714286,0.0701428571428571,1.346257142857143,7.987142857142857,0.3135571428571428,0.0232857142857142,7.740257142857144,0.1589442857142857,10.0,,,,,,,,,,,,3.0580238095238097,0.11700511502910751,28.0,,,,,,,,,,,,,,,,,,,,,False,,,,2329.357405,0.5138400197029114,0.5113428545961378,"TAIHU_ML(湖区均值,无坐标)",,,,,0.1589442857142857,taihu_thqbca_v2,7.740257142857144,taihu_thqbca_v2,10.947399880454272,taihu_thqbca_v2,,,,,train
TAIHU_ST,2005-02,lake_subregion,5.077441077441077,12.384937238493723,0.3533333333333333,0.0249999999999999,1.6198999999999997,7.866666666666667,0.1518666666666666,0.005,3.727966666666666,0.1471333333333333,10.0,,,,,,,,,,,,3.0580238095238097,0.11700511502910751,28.0,,,,,,,,,,,,,,,,,,,,,False,,,,2329.357405,0.5138400197029114,0.5113428545961378,"TAIHU_ST(湖区均值,无坐标)",,,,,0.1471333333333333,taihu_thqbca_v2,3.727966666666666,taihu_thqbca_v2,12.384937238493723,taihu_thqbca_v2,,,,,train
TAIHU_WHOLE,2005-02,lake_subregion,5.190064935064935,11.800128262602112,1.3274642857142858,0.0301470238095238,1.220392142857143,7.925892857142857,0.2885173511904761,0.0063690476190476,4.428401413690477,0.1222555357142857,10.0,,,,,,,,,,,,3.0580238095238097,0.11700511502910751,28.0,,,,,,,,,,,,,,,,,,,,,False,,,,2329.357405,0.5138400197029114,0.5113428545961378,太湖全湖(18/17点位均值),,,,,0.1222555357142857,taihu_thqbca_v2,4.428401413690477,taihu_thqbca_v2,11.800128262602112,taihu_thqbca_v2,,,,,train
TAIHU_WT,2005-02,lake_subregion,5.347474747474747,11.76255230125523,2.235,0.0399999999999999,1.96395,7.904999999999999,0.368175,0.009,6.665562500000001,0.145,10.0,,,,,,,,,,,,3.0580238095238097,0.11700511502910751,28.0,,,,,,,,,,,,,,,,,,,,,False,,,,2329.357405,0.5138400197029114,0.5113428545961378,"TAIHU_WT(湖区均值,无坐标)",,,,,0.145,taihu_thqbca_v2,6.665562500000001,taihu_thqbca_v2,11.76255230125523,taihu_thqbca_v2,,,,,train
TAIHU_XK,2005-02,lake_subregion,4.38949494949495,12.19665271966527,0.214,0.0212,0.72208,7.93,0.10444,0.002,2.3758000000000004,0.08532,10.0,,,,,,,,,,,,3.0580238095238097,0.11700511502910751,28.0,,,,,,,,,,,,,,,,,,,,,False,,,,2329.357405,0.5138400197029114,0.5113428545961378,"TAIHU_XK(湖区均值,无坐标)",,,,,0.08532,taihu_thqbca_v2,2.3758000000000004,taihu_thqbca_v2,12.19665271966527,taihu_thqbca_v2,,,,,train
TAIHU_ZS,2005-02,lake_subregion,6.864646464646464,10.491631799163178,2.555,0.0545,1.61105,7.814999999999999,0.6788,0.004,6.529624999999999,0.1259,10.0,,,,,,,,,,,,3.0580238095238097,0.11700511502910751,28.0,,,,,,,,,,,,,,,,,,,,,False,,,,2329.357405,0.5138400197029114,0.5113428545961378,"TAIHU_ZS(湖区均值,无坐标)",,,,,0.1259,taihu_thqbca_v2,6.529624999999999,taihu_thqbca_v2,10.491631799163178,taihu_thqbca_v2,,,,,train
NASA_POWER_120.300_31.200,2005-03,grid_point,,,,,,,,,,,,8.536102150537634,1354.42,4.309959677419355,188.74516129032259,177.05424731182794,,,,,,,3.019967741935484,0.07786466677600706,31.0,,,,,,,,,,,,,,,,,,,,,False,1.0,31.2,120.3,2329.357405,0.5138400197029114,0.5113428545961378,太湖区格点 NASA_POWER_120.300_31.200,120.3,31.2,,,,,,,,,,,,,train
NASA_POWER_120.300_31.200,2005-04,grid_point,,,,,,,,,,,,18.131083333333333,1968.77,4.136083333333334,180.0511111111111,202.66265277777777,,,,,,,2.8713444444444445,0.04902134051929875,30.0,,,,,,,,,,,,,,,,,,,,,False,1.0,31.2,120.3,2329.357405,0.5138400197029114,0.5113428545961378,太湖区格点 NASA_POWER_120.300_31.200,120.3,31.2,,,,,,,,,,,,,train
NASA_POWER_120.300_31.200,2005-05,grid_point,,,,,,,,,,,,20.98850806451613,1992.5,5.3785349462365595,156.54139784946236,200.30762096774194,,,,,,,2.922182795698925,0.05481766670549446,31.0,,,,,,,,,,,,,,,,,,,,,False,1.0,31.2,120.3,2329.357405,0.5138400197029114,0.5113428545961378,太湖区格点 NASA_POWER_120.300_31.200,120.3,31.2,,,,,,,,,,,,,train
TAIHU_CT,2005-05,lake_subregion,4.166666666666667,8.30433299215285,0.0566666666666666,0.006,1.7621666666666669,8.06,0.1307,0.002,3.780366666666667,0.0908733333333333,10.0,,,,,,,,,,,,2.922182795698925,0.05481766670549446,31.0,,,,,,,,,,,,,,,,,,,,,False,,,,2329.357405,0.5138400197029114,0.5113428545961378,"TAIHU_CT(湖区均值,无坐标)",,,,,0.0908733333333333,taihu_thqbca_v2,3.780366666666667,taihu_thqbca_v2,8.30433299215285,taihu_thqbca_v2,,,,,train
TAIHU_ET,2005-05,lake_subregion,4.2578125,7.90174002047083,0.0566666666666666,0.0066666666666666,0.3918066666666666,8.06,0.8300666666666667,0.002,1.5942666666666667,0.0615333333333333,10.0,,,,,,,,,,,,2.922182795698925,0.05481766670549446,31.0,,,,,,,,,,,,,,,,,,,,,False,,,,2329.357405,0.5138400197029114,0.5113428545961378,"TAIHU_ET(湖区均值,无坐标)",,,,,0.0615333333333333,taihu_thqbca_v2,1.5942666666666667,taihu_thqbca_v2,7.90174002047083,taihu_thqbca_v2,,,,,train
TAIHU_GH,2005-05,lake_subregion,5.166666666666667,8.509041282838622,0.0466666666666666,0.0143333333333333,1.4959666666666669,8.17,0.9369,0.0033333333333333,3.489666666666667,0.1018466666666666,10.0,,,,,,,,,,,,2.922182795698925,0.05481766670549446,31.0,,,,,,,,,,,,,,,,,,,,,False,,,,2329.357405,0.5138400197029114,0.5113428545961378,"TAIHU_GH(湖区均值,无坐标)",,,,,0.1018466666666666,taihu_thqbca_v2,3.489666666666667,taihu_thqbca_v2,8.509041282838622,taihu_thqbca_v2,,,,,train
TAIHU_ML,2005-05,lake_subregion,5.417410714285714,6.942535458400352,1.871428571428572,0.2012857142857143,1.4461285714285717,7.957142857142857,4.012071428571428,0.0101428571428571,5.631549999999999,0.1588428571428571,10.0,,,,,,,,,,,,2.922182795698925,0.05481766670549446,31.0,,,,,,,,,,,,,,,,,,,,,False,,,,2329.357405,0.5138400197029114,0.5113428545961378,"TAIHU_ML(湖区均值,无坐标)",,,,,0.1588428571428571,taihu_thqbca_v2,5.631549999999999,taihu_thqbca_v2,6.942535458400352,taihu_thqbca_v2,,,,,train
TAIHU_ST,2005-05,lake_subregion,4.385416666666667,8.3179802115319,0.05,0.0033333333333333,1.2523666666666666,7.996666666666667,0.0369666666666666,0.0023333333333333,3.4672,0.1102333333333333,10.0,,,,,,,,,,,,2.922182795698925,0.05481766670549446,31.0,,,,,,,,,,,,,,,,,,,,,False,,,,2329.357405,0.5138400197029114,0.5113428545961378,"TAIHU_ST(湖区均值,无坐标)",,,,,0.1102333333333333,taihu_thqbca_v2,3.4672,taihu_thqbca_v2,8.3179802115319,taihu_thqbca_v2,,,,,train
TAIHU_WHOLE,2005-05,lake_subregion,4.886307198660714,8.009875956523858,0.4771785714285714,0.0542148809523809,1.237026904761905,7.961538690476192,0.886928720238095,0.0045011904761904,3.830311875,0.1380901904761904,10.0,,,,,,,,,,,,2.922182795698925,0.05481766670549446,31.0,,,,,,,,,,,,,,,,,,,,,False,,,,2329.357405,0.5138400197029114,0.5113428545961378,太湖全湖(18/17点位均值),,,,,0.1380901904761904,taihu_thqbca_v2,3.830311875,taihu_thqbca_v2,8.009875956523858,taihu_thqbca_v2,,,,,train
TAIHU_WT,2005-05,lake_subregion,4.552734375,8.111566018423748,0.405,0.0845,1.7639,7.8875,0.360025,0.004,4.5531,0.14875,10.0,,,,,,,,,,,,2.922182795698925,0.05481766670549446,31.0,,,,,,,,,,,,,,,,,,,,,False,,,,2329.357405,0.5138400197029114,0.5113428545961378,"TAIHU_WT(湖区均值,无坐标)",,,,,0.14875,taihu_thqbca_v2,4.5531,taihu_thqbca_v2,8.111566018423748,taihu_thqbca_v2,,,,,train
TAIHU_XK,2005-05,lake_subregion,3.6828125,8.479017400204707,0.046,0.0036,0.77758,8.086,0.2418,0.0012,1.98162,0.054242,10.0,,,,,,,,,,,,2.922182795698925,0.05481766670549446,31.0,,,,,,,,,,,,,,,,,,,,,False,,,,2329.357405,0.5138400197029114,0.5113428545961378,"TAIHU_XK(湖区均值,无坐标)",,,,,0.054242,taihu_thqbca_v2,1.98162,taihu_thqbca_v2,8.479017400204707,taihu_thqbca_v2,,,,,train
TAIHU_ZS,2005-05,lake_subregion,7.4609375,7.512794268167862,1.285,0.114,1.0063,7.475,0.5468999999999999,0.011,6.144725,0.3783999999999999,10.0,,,,,,,,,,,,2.922182795698925,0.05481766670549446,31.0,,,,,,,,,,,,,,,,,,,,,False,,,,2329.357405,0.5138400197029114,0.5113428545961378,"TAIHU_ZS(湖区均值,无坐标)",,,,,0.3783999999999999,taihu_thqbca_v2,6.144725,taihu_thqbca_v2,7.512794268167862,taihu_thqbca_v2,,,,,train
NASA_POWER_120.300_31.200,2005-06,grid_point,,,,,,,,,,,,27.66625,1208.93,4.151166666666667,158.67708333333334,227.22438888888888,,,,,,,2.8573111111111107,0.046987235026418245,30.0,,,,,,,,,,,,,,,,,,,,,False,1.0,31.2,120.3,2329.357405,0.5138400197029114,0.5113428545961378,太湖区格点 NASA_POWER_120.300_31.200,120.3,31.2,,,,,,,,,,,,,train
NASA_POWER_120.300_31.200,2005-07,grid_point,,,,,,,,,,,,29.58641129032258,4958.47,4.729448924731183,179.20456989247313,191.17950268817202,,,,,,,3.0692580645161294,0.1480880796382471,31.0,,,,,,,,,,,,,,,,,,,,,False,1.0,31.2,120.3,2329.357405,0.5138400197029114,0.5113428545961378,太湖区格点 NASA_POWER_120.300_31.200,120.3,31.2,,,,,,,,,,,,,train
NASA_POWER_120.300_31.200,2005-08,grid_point,,,,,,,,,,,,27.615591397849464,4560.25,4.5391263440860214,161.80631720430108,188.11934139784947,,,,,,,3.398720430107527,0.12599503508072854,31.0,,,,,,,,,,,,,,,,,,,,,False,1.0,31.2,120.3,2329.357405,0.5138400197029114,0.5113428545961378,太湖区格点 NASA_POWER_120.300_31.200,120.3,31.2,,,,,,,,,,,,,train
TAIHU_CT,2005-08,lake_subregion,3.7813813813813817,6.903703703703703,0.10342,0.010671,0.4961333333333333,8.083333333333334,0.9494333333333334,0.0025463333333333,2.081433333333333,0.1108066666666666,10.0,,,,,,,,,,,,3.398720430107527,0.12599503508072854,31.0,,,,,,,,,,,,,,,,,,,,,False,,,,2329.357405,0.5138400197029114,0.5113428545961378,"TAIHU_CT(湖区均值,无坐标)",,,,,0.1108066666666666,taihu_thqbca_v2,2.081433333333333,taihu_thqbca_v2,6.903703703703703,taihu_thqbca_v2,,,,,train
TAIHU_ET,2005-08,lake_subregion,3.44024024024024,6.970370370370371,0.2358333333333333,0.0054336666666666,0.0767233333333333,8.156666666666666,1.1566,0.001821,0.6740333333333334,0.03345,10.0,,,,,,,,,,,,3.398720430107527,0.12599503508072854,31.0,,,,,,,,,,,,,,,,,,,,,False,,,,2329.357405,0.5138400197029114,0.5113428545961378,"TAIHU_ET(湖区均值,无坐标)",,,,,0.03345,taihu_thqbca_v2,0.6740333333333334,taihu_thqbca_v2,6.970370370370371,taihu_thqbca_v2,,,,,train
TAIHU_GH,2005-08,lake_subregion,5.1891891891891895,6.451851851851852,0.1875,0.009258,0.3209,8.006666666666666,2.8488999999999995,0.0015416666666666,1.4552333333333334,0.08022,10.0,,,,,,,,,,,,3.398720430107527,0.12599503508072854,31.0,,,,,,,,,,,,,,,,,,,,,False,,,,2329.357405,0.5138400197029114,0.5113428545961378,"TAIHU_GH(湖区均值,无坐标)",,,,,0.08022,taihu_thqbca_v2,1.4552333333333334,taihu_thqbca_v2,6.451851851851852,taihu_thqbca_v2,,,,,train
TAIHU_ML,2005-08,lake_subregion,4.878249678249679,5.434920634920635,0.6455571428571429,0.1091914285714285,0.4293285714285714,7.9471428571428575,8.3644,0.015267,2.662657142857143,0.1615,10.0,,,,,,,,,,,,3.398720430107527,0.12599503508072854,31.0,,,,,,,,,,,,,,,,,,,,,False,,,,2329.357405,0.5138400197029114,0.5113428545961378,"TAIHU_ML(湖区均值,无坐标)",,,,,0.1615,taihu_thqbca_v2,2.662657142857143,taihu_thqbca_v2,5.434920634920635,taihu_thqbca_v2,,,,,train
TAIHU_ST,2005-08,lake_subregion,4.072072072072073,7.466666666666666,0.1607333333333333,0.0067813333333333,0.9637,8.123333333333333,0.6681333333333334,0.0011755333333333,2.656233333333333,0.12702,10.0,,,,,,,,,,,,3.398720430107527,0.12599503508072854,31.0,,,,,,,,,,,,,,,,,,,,,False,,,,2329.357405,0.5138400197029114,0.5113428545961378,"TAIHU_ST(湖区均值,无坐标)",,,,,0.12702,taihu_thqbca_v2,2.656233333333333,taihu_thqbca_v2,7.466666666666666,taihu_thqbca_v2,,,,,train
TAIHU_WHOLE,2005-08,lake_subregion,4.567123552123553,6.418161375661375,0.2704892261904762,0.0455480223214285,0.4843012797619047,8.037080357142857,2.734735833333333,0.0058048579166666,1.9986869345238092,0.1052422083333333,10.0,,,,,,,,,,,,3.398720430107527,0.12599503508072854,31.0,,,,,,,,,,,,,,,,,,,,,False,,,,2329.357405,0.5138400197029114,0.5113428545961378,太湖全湖(18/17点位均值),,,,,0.1052422083333333,taihu_thqbca_v2,1.9986869345238092,taihu_thqbca_v2,6.418161375661375,taihu_thqbca_v2,,,,,train
TAIHU_WT,2005-08,lake_subregion,4.686486486486489,6.755555555555556,0.24777,0.0568197499999999,0.480825,7.992500000000001,2.0374,0.00499375,2.460125,0.136375,10.0,,,,,,,,,,,,3.398720430107527,0.12599503508072854,31.0,,,,,,,,,,,,,,,,,,,,,False,,,,2329.357405,0.5138400197029114,0.5113428545961378,"TAIHU_WT(湖区均值,无坐标)",,,,,0.136375,taihu_thqbca_v2,2.460125,taihu_thqbca_v2,6.755555555555556,taihu_thqbca_v2,,,,,train
TAIHU_XK,2005-08,lake_subregion,3.2245045045045044,5.2844444444444445,0.1916,0.008129,0.2541,8.012,0.8744200000000001,0.0007870799999999,1.1680800000000002,0.042416,10.0,,,,,,,,,,,,3.398720430107527,0.12599503508072854,31.0,,,,,,,,,,,,,,,,,,,,,False,,,,2329.357405,0.5138400197029114,0.5113428545961378,"TAIHU_XK(湖区均值,无坐标)",,,,,0.042416,taihu_thqbca_v2,1.1680800000000002,taihu_thqbca_v2,5.2844444444444445,taihu_thqbca_v2,,,,,train
TAIHU_ZS,2005-08,lake_subregion,7.264864864864865,6.0777777777777775,0.3915,0.1581,0.8527,7.975,4.9786,0.0183065,2.8317,0.15015,10.0,,,,,,,,,,,,3.398720430107527,0.12599503508072854,31.0,,,,,,,,,,,,,,,,,,,,,False,,,,2329.357405,0.5138400197029114,0.5113428545961378,"TAIHU_ZS(湖区均值,无坐标)",,,,,0.15015,taihu_thqbca_v2,2.8317,taihu_thqbca_v2,6.0777777777777775,taihu_thqbca_v2,,,,,train
NASA_POWER_120.300_31.200,2005-09,grid_point,,,,,,,,,,,,26.222263888888886,2040.04,4.680819444444444,134.53680555555556,172.91272222222221,,,,,,,3.390822222222222,0.05508612089444984,30.0,,,,,,,,,,,,,,,,,,,,,False,1.0,31.2,120.3,2329.357405,0.5138400197029114,0.5113428545961378,太湖区格点 NASA_POWER_120.300_31.200,120.3,31.2,,,,,,,,,,,,,train
NASA_POWER_120.300_31.200,2005-10,grid_point,,,,,,,,,,,,18.55125,1451.74,4.003346774193548,117.5415322580645,135.18948924731183,,,,,,,3.2754731182795696,0.0437523141562397,31.0,,,,,,,,,,,,,,,,,,,,,False,1.0,31.2,120.3,2329.357405,0.5138400197029114,0.5113428545961378,太湖区格点 NASA_POWER_120.300_31.200,120.3,31.2,,,,,,,,,,,,,train
NASA_POWER_120.300_31.200,2005-11,grid_point,,,,,,,,,,,,14.371111111111112,1476.66,3.5840277777777776,151.49652777777777,101.23665277777778,,,,,,,3.1713444444444443,0.04349487866389815,30.0,,,,,,,,,,,,,,,,,,,,,False,1.0,31.2,120.3,2329.357405,0.5138400197029114,0.5113428545961378,太湖区格点 NASA_POWER_120.300_31.200,120.3,31.2,,,,,,,,,,,,,train
TAIHU_CT,2005-11,lake_subregion,2.939744731374295,9.478411053540588,0.0982899999999999,0.0021782999999999,0.2811666666666666,8.16,0.3099333333333333,0.0011529333333333,1.6162,0.0752533333333333,10.0,,,,,,,,,,,,3.1713444444444443,0.04349487866389815,30.0,,,,,,,,,,,,,,,,,,,,,False,,,,2329.357405,0.5138400197029114,0.5113428545961378,"TAIHU_CT(湖区均值,无坐标)",,,,,0.0752533333333333,taihu_thqbca_v2,1.6162,taihu_thqbca_v2,9.478411053540588,taihu_thqbca_v2,,,,,train
TAIHU_ET,2005-11,lake_subregion,2.536064113980409,9.78238341968912,0.0965966666666666,0.0055866666666666,0.1192266666666666,8.176666666666668,0.1290666666666667,0.0013146666666666,0.9869333333333332,0.0253266666666666,10.0,,,,,,,,,,,,3.1713444444444443,0.04349487866389815,30.0,,,,,,,,,,,,,,,,,,,,,False,,,,2329.357405,0.5138400197029114,0.5113428545961378,"TAIHU_ET(湖区均值,无坐标)",,,,,0.0253266666666666,taihu_thqbca_v2,0.9869333333333332,taihu_thqbca_v2,9.78238341968912,taihu_thqbca_v2,,,,,train
TAIHU_GH,2005-11,lake_subregion,3.065598100326506,9.436960276338512,0.1115966666666666,0.0069099999999999,0.3531333333333333,8.173333333333334,0.3441333333333334,0.0011458,1.6822666666666668,0.0649866666666666,10.0,,,,,,,,,,,,3.1713444444444443,0.04349487866389815,30.0,,,,,,,,,,,,,,,,,,,,,False,,,,2329.357405,0.5138400197029114,0.5113428545961378,"TAIHU_GH(湖区均值,无坐标)",,,,,0.0649866666666666,taihu_thqbca_v2,1.6822666666666668,taihu_thqbca_v2,9.436960276338512,taihu_thqbca_v2,,,,,train
TAIHU_ML,2005-11,lake_subregion,3.75321205953441,7.209474463360473,1.6202242857142857,0.047977,0.5014142857142857,8.001428571428571,0.5906428571428571,0.0090591428571428,4.0019857142857145,0.1394557142857143,10.0,,,,,,,,,,,,3.1713444444444443,0.04349487866389815,30.0,,,,,,,,,,,,,,,,,,,,,False,,,,2329.357405,0.5138400197029114,0.5113428545961378,"TAIHU_ML(湖区均值,无坐标)",,,,,0.1394557142857143,taihu_thqbca_v2,4.0019857142857145,taihu_thqbca_v2,7.209474463360473,taihu_thqbca_v2,,,,,train
TAIHU_ST,2005-11,lake_subregion,6.140694568121103,9.35405872193437,0.1062133333333333,0.0013478666666666,0.2059333333333333,8.226666666666667,0.1661666666666666,0.0010123333333333,3.2438333333333333,0.1644333333333333,10.0,,,,,,,,,,,,3.1713444444444443,0.04349487866389815,30.0,,,,,,,,,,,,,,,,,,,,,False,,,,2329.357405,0.5138400197029114,0.5113428545961378,"TAIHU_ST(湖区均值,无坐标)",,,,,0.1644333333333333,taihu_thqbca_v2,3.2438333333333333,taihu_thqbca_v2,9.35405872193437,taihu_thqbca_v2,,,,,train
TAIHU_WHOLE,2005-11,lake_subregion,4.318617224271721,8.911158401184307,0.480661181547619,0.0175912229166666,0.3118977857142857,8.154011904761905,0.3135778571428572,0.0031802582738095,2.655999255952381,0.1130013392857142,10.0,,,,,,,,,,,,3.1713444444444443,0.04349487866389815,30.0,,,,,,,,,,,,,,,,,,,,,False,,,,2329.357405,0.5138400197029114,0.5113428545961378,太湖全湖(18/17点位均值),,,,,0.1130013392857142,taihu_thqbca_v2,2.655999255952381,taihu_thqbca_v2,8.911158401184307,taihu_thqbca_v2,,,,,train
TAIHU_WT,2005-11,lake_subregion,4.600178094390026,9.290155440414509,0.3472825,0.01567975,0.5251,8.254999999999999,0.4052999999999999,0.00126555,3.609375,0.158275,10.0,,,,,,,,,,,,3.1713444444444443,0.04349487866389815,30.0,,,,,,,,,,,,,,,,,,,,,False,,,,2329.357405,0.5138400197029114,0.5113428545961378,"TAIHU_WT(湖区均值,无坐标)",,,,,0.158275,taihu_thqbca_v2,3.609375,taihu_thqbca_v2,9.290155440414509,taihu_thqbca_v2,,,,,train
TAIHU_XK,2005-11,lake_subregion,2.174176313446126,9.463212435233158,0.064686,0.0030802,0.146458,8.154,0.28088,0.0012566399999999,0.9159,0.02493,10.0,,,,,,,,,,,,3.1713444444444443,0.04349487866389815,30.0,,,,,,,,,,,,,,,,,,,,,False,,,,2329.357405,0.5138400197029114,0.5113428545961378,"TAIHU_XK(湖区均值,无坐标)",,,,,0.02493,taihu_thqbca_v2,0.9159,taihu_thqbca_v2,9.463212435233158,taihu_thqbca_v2,,,,,train
TAIHU_ZS,2005-11,lake_subregion,9.33926981300089,7.27461139896373,1.4004,0.05797,0.36275,8.085,0.2825,0.009235,5.1915,0.25135,10.0,,,,,,,,,,,,3.1713444444444443,0.04349487866389815,30.0,,,,,,,,,,,,,,,,,,,,,False,,,,2329.357405,0.5138400197029114,0.5113428545961378,"TAIHU_ZS(湖区均值,无坐标)",,,,,0.25135,taihu_thqbca_v2,5.1915,taihu_thqbca_v2,7.27461139896373,taihu_thqbca_v2,,,,,train
NASA_POWER_120.300_31.200,2005-12,grid_point,,,,,,,,,,,,3.4395564516129036,612.83,4.135362903225807,202.80120967741937,104.73049731182796,,,,,,,2.9741290322580642,0.06636898413384176,31.0,,,,,,,,,,,,,,,,,,,,,False,1.0,31.2,120.3,2329.357405,0.5138400197029114,0.5113428545961378,太湖区格点 NASA_POWER_120.300_31.200,120.3,31.2,,,,,,,,,,,,,train
NASA_POWER_120.300_31.200,2006-01,grid_point,,,,,,,,,,,,4.4924327956989245,3242.05,4.057029569892473,146.48736559139786,79.43361559139785,,,,,,,3.0074731182795698,0.16929224729451242,31.0,,,,,,,,,,,,,,,,,,,,,False,1.0,31.2,120.3,2329.357405,0.5138400197029114,0.5113428545961378,太湖区格点 NASA_POWER_120.300_31.200,120.3,31.2,,,,,,,,,,,,,train
NASA_POWER_120.300_31.200,2006-02,grid_point,,,,,,,,,,,,4.7847767857142856,1931.47,4.6414583333333335,133.35238095238097,105.36625,,,,,,,3.1532023809523806,0.05329700454724997,28.0,,,,,,,,,,,,,,,,,,,,,False,1.0,31.2,120.3,2329.357405,0.5138400197029114,0.5113428545961378,太湖区格点 NASA_POWER_120.300_31.200,120.3,31.2,,,,,,,,,,,,,train
TAIHU_CT,2006-02,lake_subregion,4.483333333333333,11.386666666666663,1.6176333333333333,0.0240433333333333,1.1406666666666667,8.026666666666666,0.036438,0.0026883333333333,4.858083333333333,0.1372333333333333,10.0,,,,,,,,,,,,3.1532023809523806,0.05329700454724997,28.0,,,,,,,,,,,,,,,,,,,,,False,,,,2329.357405,0.5138400197029114,0.5113428545961378,"TAIHU_CT(湖区均值,无坐标)",,,,,0.1372333333333333,taihu_thqbca_v2,4.858083333333333,taihu_thqbca_v2,11.386666666666663,taihu_thqbca_v2,,,,,train
TAIHU_ET,2006-02,lake_subregion,3.93,10.636666666666668,0.2296,0.0134513333333333,0.4707666666666667,8.079999999999998,0.189084,0.0014976666666666,2.060966666666667,0.0928566666666666,10.0,,,,,,,,,,,,3.1532023809523806,0.05329700454724997,28.0,,,,,,,,,,,,,,,,,,,,,False,,,,2329.357405,0.5138400197029114,0.5113428545961378,"TAIHU_ET(湖区均值,无坐标)",,,,,0.0928566666666666,taihu_thqbca_v2,2.060966666666667,taihu_thqbca_v2,10.636666666666668,taihu_thqbca_v2,,,,,train
TAIHU_GH,2006-02,lake_subregion,4.47,11.623333333333331,0.8934666666666667,0.0135896666666666,0.9479666666666664,8.073333333333332,0.2412713333333333,0.0031926666666666,3.4643,0.1099666666666666,10.0,,,,,,,,,,,,3.1532023809523806,0.05329700454724997,28.0,,,,,,,,,,,,,,,,,,,,,False,,,,2329.357405,0.5138400197029114,0.5113428545961378,"TAIHU_GH(湖区均值,无坐标)",,,,,0.1099666666666666,taihu_thqbca_v2,3.4643,taihu_thqbca_v2,11.623333333333331,taihu_thqbca_v2,,,,,train
TAIHU_ML,2006-02,lake_subregion,5.137142857142857,10.482857142857142,3.371385714285714,0.0641057142857142,1.4267285714285711,7.725714285714285,0.2498407142857143,0.0061354285714285,7.380928571428571,0.1429857142857142,10.0,,,,,,,,,,,,3.1532023809523806,0.05329700454724997,28.0,,,,,,,,,,,,,,,,,,,,,False,,,,2329.357405,0.5138400197029114,0.5113428545961378,"TAIHU_ML(湖区均值,无坐标)",,,,,0.1429857142857142,taihu_thqbca_v2,7.380928571428571,taihu_thqbca_v2,10.482857142857142,taihu_thqbca_v2,,,,,train
TAIHU_ST,2006-02,lake_subregion,3.693333333333333,11.236666666666666,0.3742666666666667,0.03054,1.4435000000000002,8.116666666666667,0.0550416666666666,0.0019626666666666,3.5199666666666665,0.1345033333333333,10.0,,,,,,,,,,,,3.1532023809523806,0.05329700454724997,28.0,,,,,,,,,,,,,,,,,,,,,False,,,,2329.357405,0.5138400197029114,0.5113428545961378,"TAIHU_ST(湖区均值,无坐标)",,,,,0.1345033333333333,taihu_thqbca_v2,3.5199666666666665,taihu_thqbca_v2,11.236666666666666,taihu_thqbca_v2,,,,,train
TAIHU_WHOLE,2006-02,lake_subregion,4.65410119047619,11.111273809523809,1.5142734226190475,0.0391230684523809,1.1757373214285711,8.03404761904762,0.2394002642857143,0.0032645577380952,4.678937217261905,0.1301763392857143,10.0,,,,,,,,,,,,3.1532023809523806,0.05329700454724997,28.0,,,,,,,,,,,,,,,,,,,,,False,,,,2329.357405,0.5138400197029114,0.5113428545961378,太湖全湖(18/17点位均值),,,,,0.1301763392857143,taihu_thqbca_v2,4.678937217261905,taihu_thqbca_v2,11.111273809523809,taihu_thqbca_v2,,,,,train
TAIHU_WT,2006-02,lake_subregion,4.640000000000001,10.975,1.818975,0.0493925,1.52795,8.080000000000002,0.268551,0.0033309999999999,5.755237500000001,0.144025,10.0,,,,,,,,,,,,3.1532023809523806,0.05329700454724997,28.0,,,,,,,,,,,,,,,,,,,,,False,,,,2329.357405,0.5138400197029114,0.5113428545961378,"TAIHU_WT(湖区均值,无坐标)",,,,,0.144025,taihu_thqbca_v2,5.755237500000001,taihu_thqbca_v2,10.975,taihu_thqbca_v2,,,,,train
TAIHU_XK,2006-02,lake_subregion,4.654,10.744,0.39186,0.016572,0.55912,8.13,0.0455454,0.0027602,2.73364,0.10884,10.0,,,,,,,,,,,,3.1532023809523806,0.05329700454724997,28.0,,,,,,,,,,,,,,,,,,,,,False,,,,2329.357405,0.5138400197029114,0.5113428545961378,"TAIHU_XK(湖区均值,无坐标)",,,,,0.10884,taihu_thqbca_v2,2.73364,taihu_thqbca_v2,10.744,taihu_thqbca_v2,,,,,train
TAIHU_ZS,2006-02,lake_subregion,6.225,11.805,3.417,0.1012899999999999,1.8892,8.04,0.8294300000000001,0.0045485,7.658375,0.171,10.0,,,,,,,,,,,,3.1532023809523806,0.05329700454724997,28.0,,,,,,,,,,,,,,,,,,,,,False,,,,2329.357405,0.5138400197029114,0.5113428545961378,"TAIHU_ZS(湖区均值,无坐标)",,,,,0.171,taihu_thqbca_v2,7.658375,taihu_thqbca_v2,11.805,taihu_thqbca_v2,,,,,train
NASA_POWER_120.300_31.200,2006-03,grid_point,,,,,,,,,,,,10.889959677419355,880.66,4.051505376344086,175.90201612903226,166.68931451612903,,,,,,,3.0637956989247312,0.06775394903999127,31.0,,,,,,,,,,,,,,,,,,,,,False,1.0,31.2,120.3,2329.357405,0.5138400197029114,0.5113428545961378,太湖区格点 NASA_POWER_120.300_31.200,120.3,31.2,,,,,,,,,,,,,train
NASA_POWER_120.300_31.200,2006-04,grid_point,,,,,,,,,,,,16.870847222222224,2758.7400000000002,4.820819444444444,189.4551388888889,178.48731944444444,,,,,,,2.9640888888888886,0.05421815825483775,30.0,,,,,,,,,,,,,,,,,,,,,False,1.0,31.2,120.3,2329.357405,0.5138400197029114,0.5113428545961378,太湖区格点 NASA_POWER_120.300_31.200,120.3,31.2,,,,,,,,,,,,,train
NASA_POWER_120.300_31.200,2006-05,grid_point,,,,,,,,,,,,20.991733870967742,3226.78,4.885631720430108,185.8967741935484,185.07130376344085,,,,,,,3.0014086021505375,0.05398715277060991,31.0,,,,,,,,,,,,,,,,,,,,,False,1.0,31.2,120.3,2329.357405,0.5138400197029114,0.5113428545961378,太湖区格点 NASA_POWER_120.300_31.200,120.3,31.2,,,,,,,,,,,,,train
TAIHU_CT,2006-05,lake_subregion,4.1618331543143565,8.598373983739839,0.056,0.0084333333333333,1.8366333333333331,7.97,0.253285,0.0015333333333333,4.153183333333334,0.1089666666666666,10.0,,,,,,,,,,,,3.0014086021505375,0.05398715277060991,31.0,,,,,,,,,,,,,,,,,,,,,False,,,,2329.357405,0.5138400197029114,0.5113428545961378,"TAIHU_CT(湖区均值,无坐标)",,,,,0.1089666666666666,taihu_thqbca_v2,4.153183333333334,taihu_thqbca_v2,8.598373983739839,taihu_thqbca_v2,,,,,train
TAIHU_ET,2006-05,lake_subregion,4.007160759040458,8.773983739837398,0.099,0.0168666666666666,0.7416666666666667,8.090000000000002,0.229116,0.0017666666666666,2.012433333333333,0.0506866666666666,10.0,,,,,,,,,,,,3.0014086021505375,0.05398715277060991,31.0,,,,,,,,,,,,,,,,,,,,,False,,,,2329.357405,0.5138400197029114,0.5113428545961378,"TAIHU_ET(湖区均值,无坐标)",,,,,0.0506866666666666,taihu_thqbca_v2,2.012433333333333,taihu_thqbca_v2,8.773983739837398,taihu_thqbca_v2,,,,,train
TAIHU_GH,2006-05,lake_subregion,6.0981023988542775,9.72357723577236,0.0716666666666666,0.0331333333333333,2.286766666666667,8.25,13.04951,0.0026999999999999,4.39005,0.09514,10.0,,,,,,,,,,,,3.0014086021505375,0.05398715277060991,31.0,,,,,,,,,,,,,,,,,,,,,False,,,,2329.357405,0.5138400197029114,0.5113428545961378,"TAIHU_GH(湖区均值,无坐标)",,,,,0.09514,taihu_thqbca_v2,4.39005,taihu_thqbca_v2,9.72357723577236,taihu_thqbca_v2,,,,,train
TAIHU_ML,2006-05,lake_subregion,5.555930642933865,7.252961672473869,1.4015714285714285,0.1273857142857143,1.7012714285714288,7.711428571428572,2.594537142857142,0.0085142857142857,5.956342857142857,0.1544228571428571,10.0,,,,,,,,,,,,3.0014086021505375,0.05398715277060991,31.0,,,,,,,,,,,,,,,,,,,,,False,,,,2329.357405,0.5138400197029114,0.5113428545961378,"TAIHU_ML(湖区均值,无坐标)",,,,,0.1544228571428571,taihu_thqbca_v2,5.956342857142857,taihu_thqbca_v2,7.252961672473869,taihu_thqbca_v2,,,,,train
TAIHU_ST,2006-05,lake_subregion,3.9011815252416753,8.448780487804878,0.1976666666666666,0.0168,1.3367666666666669,8.096666666666666,0.031407,0.0015999999999999,2.8820666666666663,0.0699033333333333,10.0,,,,,,,,,,,,3.0014086021505375,0.05398715277060991,31.0,,,,,,,,,,,,,,,,,,,,,False,,,,2329.357405,0.5138400197029114,0.5113428545961378,"TAIHU_ST(湖区均值,无坐标)",,,,,0.0699033333333333,taihu_thqbca_v2,2.8820666666666663,taihu_thqbca_v2,8.448780487804878,taihu_thqbca_v2,,,,,train
TAIHU_WHOLE,2006-05,lake_subregion,5.441304792593729,8.182880371660861,0.5060318452380953,0.0405598809523809,1.4730693452380952,8.034011904761904,2.8931583053571432,0.0052892857142857,4.343618273809524,0.1225688154761904,10.0,,,,,,,,,,,,3.0014086021505375,0.05398715277060991,31.0,,,,,,,,,,,,,,,,,,,,,False,,,,2329.357405,0.5138400197029114,0.5113428545961378,太湖全湖(18/17点位均值),,,,,0.1225688154761904,taihu_thqbca_v2,4.343618273809524,taihu_thqbca_v2,8.182880371660861,taihu_thqbca_v2,,,,,train
TAIHU_WT,2006-05,lake_subregion,4.895810955961331,8.234146341463415,0.44775,0.0579,1.89955,8.075,0.3943725,0.00195,4.427,0.098095,10.0,,,,,,,,,,,,3.0014086021505375,0.05398715277060991,31.0,,,,,,,,,,,,,,,,,,,,,False,,,,2329.357405,0.5138400197029114,0.5113428545961378,"TAIHU_WT(湖区均值,无坐标)",,,,,0.098095,taihu_thqbca_v2,4.427,taihu_thqbca_v2,8.234146341463415,taihu_thqbca_v2,,,,,train
TAIHU_XK,2006-05,lake_subregion,3.885714285714285,8.401951219512195,0.0866,0.00466,1.2899999999999998,8.134,0.1663638,0.0013,2.64312,0.058586,10.0,,,,,,,,,,,,3.0014086021505375,0.05398715277060991,31.0,,,,,,,,,,,,,,,,,,,,,False,,,,2329.357405,0.5138400197029114,0.5113428545961378,"TAIHU_XK(湖区均值,无坐标)",,,,,0.058586,taihu_thqbca_v2,2.64312,taihu_thqbca_v2,8.401951219512195,taihu_thqbca_v2,,,,,train
TAIHU_ZS,2006-05,lake_subregion,11.02470461868958,6.029268292682927,1.688,0.0593,0.6919,7.944999999999999,6.426675,0.0229499999999999,8.28475,0.34475,10.0,,,,,,,,,,,,3.0014086021505375,0.05398715277060991,31.0,,,,,,,,,,,,,,,,,,,,,False,,,,2329.357405,0.5138400197029114,0.5113428545961378,"TAIHU_ZS(湖区均值,无坐标)",,,,,0.34475,taihu_thqbca_v2,8.28475,taihu_thqbca_v2,6.029268292682927,taihu_thqbca_v2,,,,,train
NASA_POWER_120.300_31.200,2006-06,grid_point,,,,,,,,,,,,26.091708333333333,2687.88,3.8795694444444444,182.14541666666668,196.60604166666667,,,,,,,3.0209333333333332,0.0395269344126422,30.0,,,,,,,,,,,,,,,,,,,,,False,1.0,31.2,120.3,2329.357405,0.5138400197029114,0.5113428545961378,太湖区格点 NASA_POWER_120.300_31.200,120.3,31.2,,,,,,,,,,,,,train
NASA_POWER_120.300_31.200,2006-07,grid_point,,,,,,,,,,,,28.97426075268817,5322.35,4.697768817204301,161.23897849462367,188.2071505376344,,,,,,,3.242344086021505,0.12301759837582332,31.0,,,,,,,,,,,,,,,,,,,,,False,1.0,31.2,120.3,2329.357405,0.5138400197029114,0.5113428545961378,太湖区格点 NASA_POWER_120.300_31.200,120.3,31.2,,,,,,,,,,,,,train
NASA_POWER_120.300_31.200,2006-08,grid_point,,,,,,,,,,,,30.07114247311828,1099.43,4.0865188172043005,144.97513440860214,233.34379032258065,,,,,,,3.152430107526882,0.12060284357400605,31.0,,,,,,,,,,,,,,,,,,,,,False,1.0,31.2,120.3,2329.357405,0.5138400197029114,0.5113428545961378,太湖区格点 NASA_POWER_120.300_31.200,120.3,31.2,,,,,,,,,,,,,train
TAIHU_CT,2006-08,lake_subregion,6.097758177140757,8.127853881278538,0.084,0.0041333333333333,0.2325199999999999,8.613333333333333,0.475661,0.005,2.115266666666667,0.1384666666666666,10.0,,,,,,,,,,,,3.152430107526882,0.12060284357400605,31.0,,,,,,,,,,,,,,,,,,,,,False,,,,2329.357405,0.5138400197029114,0.5113428545961378,"TAIHU_CT(湖区均值,无坐标)",,,,,0.1384666666666666,taihu_thqbca_v2,2.115266666666667,taihu_thqbca_v2,8.127853881278538,taihu_thqbca_v2,,,,,train
TAIHU_ET,2006-08,lake_subregion,4.777655273796397,8.186562296151337,0.064,0.0074666666666666,0.19487,8.43,0.24388,0.0020333333333333,1.0208666666666668,0.04761,10.0,,,,,,,,,,,,3.152430107526882,0.12060284357400605,31.0,,,,,,,,,,,,,,,,,,,,,False,,,,2329.357405,0.5138400197029114,0.5113428545961378,"TAIHU_ET(湖区均值,无坐标)",,,,,0.04761,taihu_thqbca_v2,1.0208666666666668,taihu_thqbca_v2,8.186562296151337,taihu_thqbca_v2,,,,,train
TAIHU_GH,2006-08,lake_subregion,6.84160235207644,8.21917808219178,0.0596666666666666,0.0037,0.0866166666666666,8.653333333333334,4.737320999999999,0.0076666666666666,2.4774333333333334,0.2257133333333333,10.0,,,,,,,,,,,,3.152430107526882,0.12060284357400605,31.0,,,,,,,,,,,,,,,,,,,,,False,,,,2329.357405,0.5138400197029114,0.5113428545961378,"TAIHU_GH(湖区均值,无坐标)",,,,,0.2257133333333333,taihu_thqbca_v2,2.4774333333333334,taihu_thqbca_v2,8.21917808219178,taihu_thqbca_v2,,,,,train
TAIHU_ML,2006-08,lake_subregion,8.38557253110726,6.220296337713167,0.6605714285714287,0.1244,0.2569842857142857,8.607142857142858,8.408592285714287,0.0248142857142857,4.180657142857142,0.3168857142857142,10.0,,,,,,,,,,,,3.152430107526882,0.12060284357400605,31.0,,,,,,,,,,,,,,,,,,,,,False,,,,2329.357405,0.5138400197029114,0.5113428545961378,"TAIHU_ML(湖区均值,无坐标)",,,,,0.3168857142857142,taihu_thqbca_v2,4.180657142857142,taihu_thqbca_v2,6.220296337713167,taihu_thqbca_v2,,,,,train
TAIHU_ST,2006-08,lake_subregion,4.668871738331496,7.736464448793215,0.0433333333333333,0.0037,0.6156333333333334,8.506666666666666,1.6137986666666664,0.0019666666666666,2.0636666666666668,0.0858133333333333,10.0,,,,,,,,,,,,3.152430107526882,0.12060284357400605,31.0,,,,,,,,,,,,,,,,,,,,,False,,,,2329.357405,0.5138400197029114,0.5113428545961378,"TAIHU_ST(湖区均值,无坐标)",,,,,0.0858133333333333,taihu_thqbca_v2,2.0636666666666668,taihu_thqbca_v2,7.736464448793215,taihu_thqbca_v2,,,,,train
TAIHU_WHOLE,2006-08,lake_subregion,6.750952905969443,7.276925496225887,0.1483589285714285,0.055683125,0.3487599107142857,8.603559523809524,3.643426506547619,0.007943869047619,2.6682525595238094,0.1784605059523809,10.0,,,,,,,,,,,,3.152430107526882,0.12060284357400605,31.0,,,,,,,,,,,,,,,,,,,,,False,,,,2329.357405,0.5138400197029114,0.5113428545961378,太湖全湖(18/17点位均值),,,,,0.1784605059523809,taihu_thqbca_v2,2.6682525595238094,taihu_thqbca_v2,7.276925496225887,taihu_thqbca_v2,,,,,train
TAIHU_WT,2006-08,lake_subregion,7.470782800441015,6.86399217221135,0.071,0.052025,0.659175,8.59,2.1694905,0.0119499999999999,3.2672,0.212975,10.0,,,,,,,,,,,,3.152430107526882,0.12060284357400605,31.0,,,,,,,,,,,,,,,,,,,,,False,,,,2329.357405,0.5138400197029114,0.5113428545961378,"TAIHU_WT(湖区均值,无坐标)",,,,,0.212975,taihu_thqbca_v2,3.2672,taihu_thqbca_v2,6.86399217221135,taihu_thqbca_v2,,,,,train
TAIHU_XK,2006-08,lake_subregion,4.007938257993384,6.911937377690802,0.0557999999999999,0.0054399999999999,0.40408,8.358,0.1527726,0.0021199999999999,1.34468,0.0541699999999999,10.0,,,,,,,,,,,,3.152430107526882,0.12060284357400605,31.0,,,,,,,,,,,,,,,,,,,,,False,,,,2329.357405,0.5138400197029114,0.5113428545961378,"TAIHU_XK(湖区均值,无坐标)",,,,,0.0541699999999999,taihu_thqbca_v2,1.34468,taihu_thqbca_v2,6.911937377690802,taihu_thqbca_v2,,,,,train
TAIHU_ZS,2006-08,lake_subregion,11.757442116868798,5.949119373776908,0.1485,0.2446,0.3402,9.07,11.345895999999998,0.008,4.87625,0.3460499999999999,10.0,,,,,,,,,,,,3.152430107526882,0.12060284357400605,31.0,,,,,,,,,,,,,,,,,,,,,False,,,,2329.357405,0.5138400197029114,0.5113428545961378,"TAIHU_ZS(湖区均值,无坐标)",,,,,0.3460499999999999,taihu_thqbca_v2,4.87625,taihu_thqbca_v2,5.949119373776908,taihu_thqbca_v2,,,,,train
NASA_POWER_120.300_31.200,2006-09,grid_point,,,,,,,,,,,,23.217458333333333,2516.82,4.319458333333333,103.82791666666668,148.62477777777778,,,,,,,3.0987555555555555,0.08745472537867767,30.0,,,,,,,,,,,,,,,,,,,,,False,1.0,31.2,120.3,2329.357405,0.5138400197029114,0.5113428545961378,太湖区格点 NASA_POWER_120.300_31.200,120.3,31.2,,,,,,,,,,,,,train
NASA_POWER_120.300_31.200,2006-10,grid_point,,,,,,,,,,,,21.503575268817205,276.42,3.5739247311827955,106.58131720430107,138.93333333333334,,,,,,,3.1145483870967743,0.0669077611833714,31.0,,,,,,,,,,,,,,,,,,,,,False,1.0,31.2,120.3,2329.357405,0.5138400197029114,0.5113428545961378,太湖区格点 NASA_POWER_120.300_31.200,120.3,31.2,,,,,,,,,,,,,train
NASA_POWER_120.300_31.200,2006-11,grid_point,,,,,,,,,,,,14.205902777777778,2637.4900000000002,3.9650694444444445,167.84847222222223,93.19001388888888,,,,,,,2.9495,0.06624144562714457,30.0,,,,,,,,,,,,,,,,,,,,,False,1.0,31.2,120.3,2329.357405,0.5138400197029114,0.5113428545961378,太湖区格点 NASA_POWER_120.300_31.200,120.3,31.2,,,,,,,,,,,,,train
TAIHU_CT,2006-11,lake_subregion,5.447997059904448,8.768303186907838,0.0481666666666666,0.002399,0.1052033333333333,8.243333333333332,0.2887336666666666,0.00305,1.5123,0.1114633333333333,10.0,,,,,,,,,,,,2.9495,0.06624144562714457,30.0,,,,,,,,,,,,,,,,,,,,,False,,,,2329.357405,0.5138400197029114,0.5113428545961378,"TAIHU_CT(湖区均值,无坐标)",,,,,0.1114633333333333,taihu_thqbca_v2,1.5123,taihu_thqbca_v2,8.768303186907838,taihu_thqbca_v2,,,,,train
TAIHU_ET,2006-11,lake_subregion,4.530687247335539,8.222796439850704,0.1173333333333333,0.0062573333333333,0.09496,8.06,5.15853,0.0019,1.0356666666666667,0.0273433333333333,10.0,,,,,,,,,,,,2.9495,0.06624144562714457,30.0,,,,,,,,,,,,,,,,,,,,,False,,,,2329.357405,0.5138400197029114,0.5113428545961378,"TAIHU_ET(湖区均值,无坐标)",,,,,0.0273433333333333,taihu_thqbca_v2,1.0356666666666667,taihu_thqbca_v2,8.222796439850704,taihu_thqbca_v2,,,,,train
TAIHU_GH,2006-11,lake_subregion,4.072032341051084,8.940568475452197,0.076,0.005335,0.3922333333333332,8.183333333333332,0.1854317333333333,0.0032333333333333,1.5005999999999995,0.06938,10.0,,,,,,,,,,,,2.9495,0.06624144562714457,30.0,,,,,,,,,,,,,,,,,,,,,False,,,,2329.357405,0.5138400197029114,0.5113428545961378,"TAIHU_GH(湖区均值,无坐标)",,,,,0.06938,taihu_thqbca_v2,1.5005999999999995,taihu_thqbca_v2,8.940568475452197,taihu_thqbca_v2,,,,,train
TAIHU_ML,2006-11,lake_subregion,6.205701685304772,7.788851974898487,1.0776428571428571,0.0570258571428571,0.5657571428571428,8.085714285714287,0.5926421428571429,0.0137642857142857,3.746907142857143,0.1702428571428571,10.0,,,,,,,,,,,,2.9495,0.06624144562714457,30.0,,,,,,,,,,,,,,,,,,,,,False,,,,2329.357405,0.5138400197029114,0.5113428545961378,"TAIHU_ML(湖区均值,无坐标)",,,,,0.1702428571428571,taihu_thqbca_v2,3.746907142857143,taihu_thqbca_v2,7.788851974898487,taihu_thqbca_v2,,,,,train
TAIHU_ST,2006-11,lake_subregion,6.191841234840133,9.233419465977606,0.043,0.0008563,0.0707966666666666,8.200000000000001,8.236047000000001,0.0037833333333333,1.7224333333333333,0.1088133333333333,10.0,,,,,,,,,,,,2.9495,0.06624144562714457,30.0,,,,,,,,,,,,,,,,,,,,,False,,,,2329.357405,0.5138400197029114,0.5113428545961378,"TAIHU_ST(湖区均值,无坐标)",,,,,0.1088133333333333,taihu_thqbca_v2,1.7224333333333333,taihu_thqbca_v2,9.233419465977606,taihu_thqbca_v2,,,,,train
TAIHU_WHOLE,2006-11,lake_subregion,5.57973696645141,8.441809195685165,0.4954334821428572,0.0289535050595238,0.2649964970238095,8.15823511904762,2.2316826466071427,0.009012306547619,2.430319955357143,0.1117118821428571,10.0,,,,,,,,,,,,2.9495,0.06624144562714457,30.0,,,,,,,,,,,,,,,,,,,,,False,,,,2329.357405,0.5138400197029114,0.5113428545961378,太湖全湖(18/17点位均值),,,,,0.1117118821428571,taihu_thqbca_v2,2.430319955357143,taihu_thqbca_v2,8.441809195685165,taihu_thqbca_v2,,,,,train
TAIHU_WT,2006-11,lake_subregion,6.608599779492833,9.018087855297155,0.251625,0.03096775,0.4092974999999999,8.4025,2.99454475,0.0038875,2.8000125,0.148005,10.0,,,,,,,,,,,,2.9495,0.06624144562714457,30.0,,,,,,,,,,,,,,,,,,,,,False,,,,2329.357405,0.5138400197029114,0.5113428545961378,"TAIHU_WT(湖区均值,无坐标)",,,,,0.148005,taihu_thqbca_v2,2.8000125,taihu_thqbca_v2,9.018087855297155,taihu_thqbca_v2,,,,,train
TAIHU_XK,2006-11,lake_subregion,4.366041896361631,8.499569336778638,0.0632,0.0024368,0.090174,8.136,0.0636908799999999,0.00293,0.98164,0.0331971999999999,10.0,,,,,,,,,,,,2.9495,0.06624144562714457,30.0,,,,,,,,,,,,,,,,,,,,,False,,,,2329.357405,0.5138400197029114,0.5113428545961378,"TAIHU_XK(湖区均值,无坐标)",,,,,0.0331971999999999,taihu_thqbca_v2,0.98164,taihu_thqbca_v2,8.499569336778638,taihu_thqbca_v2,,,,,train
TAIHU_ZS,2006-11,lake_subregion,7.214994487320837,7.062876830318691,2.2865,0.12635,0.39155,7.955,0.333841,0.0395499999999999,6.143000000000001,0.22525,10.0,,,,,,,,,,,,2.9495,0.06624144562714457,30.0,,,,,,,,,,,,,,,,,,,,,False,,,,2329.357405,0.5138400197029114,0.5113428545961378,"TAIHU_ZS(湖区均值,无坐标)",,,,,0.22525,taihu_thqbca_v2,6.143000000000001,taihu_thqbca_v2,7.062876830318691,taihu_thqbca_v2,,,,,train
NASA_POWER_120.300_31.200,2006-12,grid_point,,,,,,,,,,,,5.784059139784946,387.83,3.4720295698924732,170.05188172043012,94.78793010752689,,,,,,,3.038870967741935,0.052892530973058786,31.0,,,,,,,,,,,,,,,,,,,,,False,1.0,31.2,120.3,2329.357405,0.5138400197029114,0.5113428545961378,太湖区格点 NASA_POWER_120.300_31.200,120.3,31.2,,,,,,,,,,,,,train
NASA_POWER_120.300_31.200,2007-01,grid_point,,,,,,,,,,,,3.550443548387097,1370.73,3.903682795698925,186.81895161290322,90.04905913978494,,,,,,,2.932817204301075,0.021471745208387082,31.0,,,,,,,,,,,,,,,,,,,,,False,1.0,31.2,120.3,2329.357405,0.5138400197029114,0.5113428545961378,太湖区格点 NASA_POWER_120.300_31.200,120.3,31.2,,,,,,,,,,,,,train
NASA_POWER_120.300_31.200,2007-02,grid_point,,,,,,,,,,,,9.146919642857142,1338.25,4.125610119047619,168.9245535714286,127.07619047619048,,,,,,,2.8648690476190475,0.04902593076245694,28.0,,,,,,,,,,,,,,,,,,,,,False,1.0,31.2,120.3,2329.357405,0.5138400197029114,0.5113428545961378,太湖区格点 NASA_POWER_120.300_31.200,120.3,31.2,,,,,,,,,,,,,train
TAIHU_CT,2007-02,lake_subregion,4.577919772807952,11.092171717171716,0.6537666666666667,0.0238633333333333,1.2064333333333332,8.156666666666666,0.0441684999999999,0.0045531999999999,3.5696666666666665,0.0747533333333333,10.0,,,,,,,,,,,,2.8648690476190475,0.04902593076245694,28.0,,,,,,,,,,,,,,,,,,,,,False,,,,2329.357405,0.5138400197029114,0.5113428545961378,"TAIHU_CT(湖区均值,无坐标)",,,,,0.0747533333333333,taihu_thqbca_v2,3.5696666666666665,taihu_thqbca_v2,11.092171717171716,taihu_thqbca_v2,,,,,train
TAIHU_ET,2007-02,lake_subregion,3.8423855165069214,11.268939393939393,0.0879433333333333,0.0064893333333333,0.3204333333333333,8.213333333333333,0.081209,0.0006915666666666,1.4187,0.0488866666666666,10.0,,,,,,,,,,,,2.8648690476190475,0.04902593076245694,28.0,,,,,,,,,,,,,,,,,,,,,False,,,,2329.357405,0.5138400197029114,0.5113428545961378,"TAIHU_ET(湖区均值,无坐标)",,,,,0.0488866666666666,taihu_thqbca_v2,1.4187,taihu_thqbca_v2,11.268939393939393,taihu_thqbca_v2,,,,,train
TAIHU_GH,2007-02,lake_subregion,4.461483848065318,11.578282828282829,0.5930333333333334,0.0224366666666666,1.2192666666666667,8.196666666666667,0.1083859999999999,0.001647,3.300333333333333,0.0676833333333333,10.0,,,,,,,,,,,,2.8648690476190475,0.04902593076245694,28.0,,,,,,,,,,,,,,,,,,,,,False,,,,2329.357405,0.5138400197029114,0.5113428545961378,"TAIHU_GH(湖区均值,无坐标)",,,,,0.0676833333333333,taihu_thqbca_v2,3.300333333333333,taihu_thqbca_v2,11.578282828282829,taihu_thqbca_v2,,,,,train
TAIHU_ML,2007-02,lake_subregion,5.474516963334854,9.932359307359306,3.3525142857142862,0.0763428571428571,1.7218142857142855,7.955714285714285,0.6756314999999998,0.0113435714285714,7.003228571428571,0.1266557142857143,10.0,,,,,,,,,,,,2.8648690476190475,0.04902593076245694,28.0,,,,,,,,,,,,,,,,,,,,,False,,,,2329.357405,0.5138400197029114,0.5113428545961378,"TAIHU_ML(湖区均值,无坐标)",,,,,0.1266557142857143,taihu_thqbca_v2,7.003228571428571,taihu_thqbca_v2,9.932359307359306,taihu_thqbca_v2,,,,,train
TAIHU_ST,2007-02,lake_subregion,5.080582179623714,11.553030303030305,0.1422,0.0106653333333333,0.5352,8.270000000000001,0.05592,0.0008919666666666,2.4005,0.10808,10.0,,,,,,,,,,,,2.8648690476190475,0.04902593076245694,28.0,,,,,,,,,,,,,,,,,,,,,False,,,,2329.357405,0.5138400197029114,0.5113428545961378,"TAIHU_ST(湖区均值,无坐标)",,,,,0.10808,taihu_thqbca_v2,2.4005,taihu_thqbca_v2,11.553030303030305,taihu_thqbca_v2,,,,,train
TAIHU_WHOLE,2007-02,lake_subregion,4.875723921091333,10.866308170995673,1.2999398273809526,0.0350908654761904,0.999328452380952,8.14498511904762,0.2639080843749999,0.003562356220238,3.975735446428572,0.0960083809523809,10.0,,,,,,,,,,,,2.8648690476190475,0.04902593076245694,28.0,,,,,,,,,,,,,,,,,,,,,False,,,,2329.357405,0.5138400197029114,0.5113428545961378,太湖全湖(18/17点位均值),,,,,0.0960083809523809,taihu_thqbca_v2,3.975735446428572,taihu_thqbca_v2,10.866308170995673,taihu_thqbca_v2,,,,,train
TAIHU_WT,2007-02,lake_subregion,4.638977635782747,10.823863636363637,1.298375,0.040475,0.7420499999999999,8.127500000000001,0.302797125,0.005532575,3.8009,0.0896199999999999,10.0,,,,,,,,,,,,2.8648690476190475,0.04902593076245694,28.0,,,,,,,,,,,,,,,,,,,,,False,,,,2329.357405,0.5138400197029114,0.5113428545961378,"TAIHU_WT(湖区均值,无坐标)",,,,,0.0896199999999999,taihu_thqbca_v2,3.8009,taihu_thqbca_v2,10.823863636363637,taihu_thqbca_v2,,,,,train
TAIHU_XK,2007-02,lake_subregion,4.092864749733759,11.306818181818182,0.159036,0.0132793999999999,0.5944800000000001,8.25,0.0299838,0.0029580199999999,1.99718,0.059188,10.0,,,,,,,,,,,,2.8648690476190475,0.04902593076245694,28.0,,,,,,,,,,,,,,,,,,,,,False,,,,2329.357405,0.5138400197029114,0.5113428545961378,"TAIHU_XK(湖区均值,无坐标)",,,,,0.059188,taihu_thqbca_v2,1.99718,taihu_thqbca_v2,11.306818181818182,taihu_thqbca_v2,,,,,train
TAIHU_ZS,2007-02,lake_subregion,6.8370607028754,9.375,4.11265,0.087175,1.65495,7.99,0.81316875,0.0008809499999999,8.315375,0.1931999999999999,10.0,,,,,,,,,,,,2.8648690476190475,0.04902593076245694,28.0,,,,,,,,,,,,,,,,,,,,,False,,,,2329.357405,0.5138400197029114,0.5113428545961378,"TAIHU_ZS(湖区均值,无坐标)",,,,,0.1931999999999999,taihu_thqbca_v2,8.315375,taihu_thqbca_v2,9.375,taihu_thqbca_v2,,,,,train
NASA_POWER_120.300_31.200,2007-03,grid_point,,,,,,,,,,,,11.668669354838709,2700.77,4.772782258064516,137.04086021505375,148.7077822580645,,,,,,,2.955193548387097,0.10436388527446568,31.0,,,,,,,,,,,,,,,,,,,,,False,1.0,31.2,120.3,2329.357405,0.5138400197029114,0.5113428545961378,太湖区格点 NASA_POWER_120.300_31.200,120.3,31.2,,,,,,,,,,,,,train
NASA_POWER_120.300_31.200,2007-04,grid_point,,,,,,,,,,,,15.59415277777778,2477.12,4.4945,165.32375000000002,188.2337222222222,,,,,,,2.9971666666666668,0.05988627472454055,30.0,,,,,,,,,,,,,,,,,,,,,False,1.0,31.2,120.3,2329.357405,0.5138400197029114,0.5113428545961378,太湖区格点 NASA_POWER_120.300_31.200,120.3,31.2,,,,,,,,,,,,,train
NASA_POWER_120.300_31.200,2007-05,grid_point,,,,,,,,,,,,23.31125,885.08,4.488454301075269,187.25981182795698,207.97852150537634,,,,,,,2.9719516129032257,0.03666932297318613,31.0,,,,,,,,,,,,,,,,,,,,,False,1.0,31.2,120.3,2329.357405,0.5138400197029114,0.5113428545961378,太湖区格点 NASA_POWER_120.300_31.200,120.3,31.2,,,,,,,,,,,,,train
TAIHU_CT,2007-05,lake_subregion,4.518195050946143,8.077314343845373,0.2049333333333333,0.0104183333333333,1.9321166666666665,8.086666666666668,0.475661,0.0027363333333333,3.7788166666666654,0.0991,10.0,,,,,,,,,,,,2.9719516129032257,0.03666932297318613,31.0,,,,,,,,,,,,,,,,,,,,,False,,,,2329.357405,0.5138400197029114,0.5113428545961378,"TAIHU_CT(湖区均值,无坐标)",,,,,0.0991,taihu_thqbca_v2,3.7788166666666654,taihu_thqbca_v2,8.077314343845373,taihu_thqbca_v2,,,,,train
TAIHU_ET,2007-05,lake_subregion,4.168850072780203,9.955917260088166,0.1452,0.0054263333333333,0.5133733333333333,8.606666666666667,0.24388,0.0043396666666666,1.506,0.0506133333333333,10.0,,,,,,,,,,,,2.9719516129032257,0.03666932297318613,31.0,,,,,,,,,,,,,,,,,,,,,False,,,,2329.357405,0.5138400197029114,0.5113428545961378,"TAIHU_ET(湖区均值,无坐标)",,,,,0.0506133333333333,taihu_thqbca_v2,1.506,taihu_thqbca_v2,9.955917260088166,taihu_thqbca_v2,,,,,train
TAIHU_GH,2007-05,lake_subregion,5.880640465793305,7.575449304849101,0.5217133333333334,0.0336673333333333,1.3192333333333333,8.396666666666667,4.737320999999999,0.0027329999999999,4.248550000000001,0.1420499999999999,10.0,,,,,,,,,,,,2.9719516129032257,0.03666932297318613,31.0,,,,,,,,,,,,,,,,,,,,,False,,,,2329.357405,0.5138400197029114,0.5113428545961378,"TAIHU_GH(湖区均值,无坐标)",,,,,0.1420499999999999,taihu_thqbca_v2,4.248550000000001,taihu_thqbca_v2,7.575449304849101,taihu_thqbca_v2,,,,,train
TAIHU_ML,2007-05,lake_subregion,10.358771054273236,6.26943758174684,1.9604,0.0980557142857142,1.498592857142857,7.898571428571428,4.505023028571428,0.0066914285714285,7.921664285714285,0.2394028571428572,10.0,,,,,,,,,,,,2.9719516129032257,0.03666932297318613,31.0,,,,,,,,,,,,,,,,,,,,,False,,,,2329.357405,0.5138400197029114,0.5113428545961378,"TAIHU_ML(湖区均值,无坐标)",,,,,0.2394028571428572,taihu_thqbca_v2,7.921664285714285,taihu_thqbca_v2,6.26943758174684,taihu_thqbca_v2,,,,,train
TAIHU_ST,2007-05,lake_subregion,3.039301310043669,8.185825703628348,0.1952,0.0083143333333333,1.179266666666667,8.016666666666666,1.6137986666666664,0.0034513333333333,2.575433333333333,0.0709266666666666,10.0,,,,,,,,,,,,2.9719516129032257,0.03666932297318613,31.0,,,,,,,,,,,,,,,,,,,,,False,,,,2329.357405,0.5138400197029114,0.5113428545961378,"TAIHU_ST(湖区均值,无坐标)",,,,,0.0709266666666666,taihu_thqbca_v2,2.575433333333333,taihu_thqbca_v2,8.185825703628348,taihu_thqbca_v2,,,,,train
TAIHU_WHOLE,2007-05,lake_subregion,6.066453914535247,8.014605435256502,0.736875,0.0746471497023809,1.2978347321428572,8.128467261904762,3.1554803494047614,0.0056762389880952,4.253029910714286,0.1260574196428571,10.0,,,,,,,,,,,,2.9719516129032257,0.03666932297318613,31.0,,,,,,,,,,,,,,,,,,,,,False,,,,2329.357405,0.5138400197029114,0.5113428545961378,太湖全湖(18/17点位均值),,,,,0.1260574196428571,taihu_thqbca_v2,4.253029910714286,taihu_thqbca_v2,8.014605435256502,taihu_thqbca_v2,,,,,train
TAIHU_WT,2007-05,lake_subregion,4.820960698689958,7.965412004069176,0.1878333333333333,0.07151175,1.0511,8.002500000000001,2.1694905,0.00268925,2.7282,0.0899,10.0,,,,,,,,,,,,2.9719516129032257,0.03666932297318613,31.0,,,,,,,,,,,,,,,,,,,,,False,,,,2329.357405,0.5138400197029114,0.5113428545961378,"TAIHU_WT(湖区均值,无坐标)",,,,,0.0899,taihu_thqbca_v2,2.7282,taihu_thqbca_v2,7.965412004069176,taihu_thqbca_v2,,,,,train
TAIHU_XK,2007-05,lake_subregion,3.972052401746725,8.244150559511699,0.16242,0.0080834,0.97702,8.24,0.1527726,0.0035364,2.3557,0.055804,10.0,,,,,,,,,,,,2.9719516129032257,0.03666932297318613,31.0,,,,,,,,,,,,,,,,,,,,,False,,,,2329.357405,0.5138400197029114,0.5113428545961378,"TAIHU_XK(湖区均值,无坐标)",,,,,0.055804,taihu_thqbca_v2,2.3557,taihu_thqbca_v2,8.244150559511699,taihu_thqbca_v2,,,,,train
TAIHU_ZS,2007-05,lake_subregion,11.772860262008734,7.843336724313327,2.5173,0.3616999999999999,1.911975,7.78,11.345895999999998,0.0192325,8.909875,0.2606624999999999,10.0,,,,,,,,,,,,2.9719516129032257,0.03666932297318613,31.0,,,,,,,,,,,,,,,,,,,,,False,,,,2329.357405,0.5138400197029114,0.5113428545961378,"TAIHU_ZS(湖区均值,无坐标)",,,,,0.2606624999999999,taihu_thqbca_v2,8.909875,taihu_thqbca_v2,7.843336724313327,taihu_thqbca_v2,,,,,train
NASA_POWER_120.300_31.200,2007-06,grid_point,,,,,,,,,,,,25.708361111111113,3050.97,4.148652777777778,139.76222222222222,167.60145833333334,,,,,,,3.0121555555555557,0.06644945841485099,30.0,,,,,,,,,,,,,,,,,,,,,False,1.0,31.2,120.3,2329.357405,0.5138400197029114,0.5113428545961378,太湖区格点 NASA_POWER_120.300_31.200,120.3,31.2,,,,,,,,,,,,,train
NASA_POWER_120.300_31.200,2007-07,grid_point,,,,,,,,,,,,29.837405913978493,4083.79,3.571975806451613,199.27916666666667,197.58444892473116,,,,,,,3.274344086021505,0.07903147445543303,31.0,,,,,,,,,,,,,,,,,,,,,False,1.0,31.2,120.3,2329.357405,0.5138400197029114,0.5113428545961378,太湖区格点 NASA_POWER_120.300_31.200,120.3,31.2,,,,,,,,,,,,,train
NASA_POWER_120.300_31.200,2007-08,grid_point,,,,,,,,,,,,29.541774193548388,2634.25,4.657809139784946,154.83763440860216,215.91853494623658,,,,,,,3.2987096774193545,0.07292145657590596,31.0,,,,,,,,,,,,,,,,,,,,,False,1.0,31.2,120.3,2329.357405,0.5138400197029114,0.5113428545961378,太湖区格点 NASA_POWER_120.300_31.200,120.3,31.2,,,,,,,,,,,,,train
TAIHU_CT,2007-08,lake_subregion,4.219373219373218,5.806666666666668,0.3773999999999999,0.003427,0.2798566666666667,8.173333333333334,2.000882,0.0110753333333333,1.330566666666667,0.08083,10.0,,,,,,,,,,,,3.2987096774193545,0.07292145657590596,31.0,,,,,,,,,,,,,,,,,,,,,False,,,,2329.357405,0.5138400197029114,0.5113428545961378,"TAIHU_CT(湖区均值,无坐标)",,,,,0.08083,taihu_thqbca_v2,1.330566666666667,taihu_thqbca_v2,5.806666666666668,taihu_thqbca_v2,,,,,train
TAIHU_ET,2007-08,lake_subregion,5.153846153846156,6.003333333333333,0.3038333333333333,0.0036893333333333,0.1103433333333333,8.38,22.178753800000003,0.002565,0.9933333333333332,0.0542266666666666,10.0,,,,,,,,,,,,3.2987096774193545,0.07292145657590596,31.0,,,,,,,,,,,,,,,,,,,,,False,,,,2329.357405,0.5138400197029114,0.5113428545961378,"TAIHU_ET(湖区均值,无坐标)",,,,,0.0542266666666666,taihu_thqbca_v2,0.9933333333333332,taihu_thqbca_v2,6.003333333333333,taihu_thqbca_v2,,,,,train
TAIHU_GH,2007-08,lake_subregion,4.401709401709403,6.663333333333333,0.4656666666666667,0.0298666666666666,0.6488999999999999,8.106666666666667,24.86346,0.0373733333333333,2.069333333333333,0.1329966666666666,10.0,,,,,,,,,,,,3.2987096774193545,0.07292145657590596,31.0,,,,,,,,,,,,,,,,,,,,,False,,,,2329.357405,0.5138400197029114,0.5113428545961378,"TAIHU_GH(湖区均值,无坐标)",,,,,0.1329966666666666,taihu_thqbca_v2,2.069333333333333,taihu_thqbca_v2,6.663333333333333,taihu_thqbca_v2,,,,,train
TAIHU_ML,2007-08,lake_subregion,5.330891330891332,6.527142857142857,0.4007714285714285,0.0717357142857142,0.2704,7.911428571428571,32.078712714285714,0.0574285714285714,1.8708857142857145,0.1813857142857143,10.0,,,,,,,,,,,,3.2987096774193545,0.07292145657590596,31.0,,,,,,,,,,,,,,,,,,,,,False,,,,2329.357405,0.5138400197029114,0.5113428545961378,"TAIHU_ML(湖区均值,无坐标)",,,,,0.1813857142857143,taihu_thqbca_v2,1.8708857142857145,taihu_thqbca_v2,6.527142857142857,taihu_thqbca_v2,,,,,train
TAIHU_ST,2007-08,lake_subregion,5.925925925925927,6.359999999999999,0.4226666666666666,0.005109,0.12216,8.496666666666668,2.94938,0.0061216666666666,1.4866333333333337,0.0988166666666666,10.0,,,,,,,,,,,,3.2987096774193545,0.07292145657590596,31.0,,,,,,,,,,,,,,,,,,,,,False,,,,2329.357405,0.5138400197029114,0.5113428545961378,"TAIHU_ST(湖区均值,无坐标)",,,,,0.0988166666666666,taihu_thqbca_v2,1.4866333333333337,taihu_thqbca_v2,6.359999999999999,taihu_thqbca_v2,,,,,train
TAIHU_WHOLE,2007-08,lake_subregion,5.653968253968254,6.106122023809523,0.4634460119047618,0.0405155892857142,0.32291925,8.279636904761906,14.931968720535714,0.023965669345238,1.9291327976190475,0.1231175267857142,10.0,,,,,,,,,,,,3.2987096774193545,0.07292145657590596,31.0,,,,,,,,,,,,,,,,,,,,,False,,,,2329.357405,0.5138400197029114,0.5113428545961378,太湖全湖(18/17点位均值),,,,,0.1231175267857142,taihu_thqbca_v2,1.9291327976190475,taihu_thqbca_v2,6.106122023809523,taihu_thqbca_v2,,,,,train
TAIHU_WT,2007-08,lake_subregion,6.384615384615385,6.2975,0.39675,0.053603,0.332,8.415000000000001,4.17231,0.02653825,2.14075,0.1279325,10.0,,,,,,,,,,,,3.2987096774193545,0.07292145657590596,31.0,,,,,,,,,,,,,,,,,,,,,False,,,,2329.357405,0.5138400197029114,0.5113428545961378,"TAIHU_WT(湖区均值,无坐标)",,,,,0.1279325,taihu_thqbca_v2,2.14075,taihu_thqbca_v2,6.2975,taihu_thqbca_v2,,,,,train
TAIHU_XK,2007-08,lake_subregion,3.695726495726497,5.806,0.3393799999999999,0.003594,0.2057939999999999,8.214,25.88031,0.0049282,0.99556,0.049302,10.0,,,,,,,,,,,,3.2987096774193545,0.07292145657590596,31.0,,,,,,,,,,,,,,,,,,,,,False,,,,2329.357405,0.5138400197029114,0.5113428545961378,"TAIHU_XK(湖区均值,无坐标)",,,,,0.049302,taihu_thqbca_v2,0.99556,taihu_thqbca_v2,5.806,taihu_thqbca_v2,,,,,train
TAIHU_ZS,2007-08,lake_subregion,10.11965811965812,5.385,1.0011,0.1530999999999999,0.6138999999999999,8.54,5.3319412500000025,0.045695,4.545999999999999,0.2594499999999999,10.0,,,,,,,,,,,,3.2987096774193545,0.07292145657590596,31.0,,,,,,,,,,,,,,,,,,,,,False,,,,2329.357405,0.5138400197029114,0.5113428545961378,"TAIHU_ZS(湖区均值,无坐标)",,,,,0.2594499999999999,taihu_thqbca_v2,4.545999999999999,taihu_thqbca_v2,5.385,taihu_thqbca_v2,,,,,train
NASA_POWER_120.300_31.200,2007-09,grid_point,,,,,,,,,,,,24.271805555555556,4593.76,4.442375,117.23652777777778,152.640375,,,,,,,3.4236666666666666,0.10255117403042835,30.0,,,,,,,,,,,,,,,,,,,,,False,1.0,31.2,120.3,2329.357405,0.5138400197029114,0.5113428545961378,太湖区格点 NASA_POWER_120.300_31.200,120.3,31.2,,,,,,,,,,,,,train
NASA_POWER_120.300_31.200,2007-10,grid_point,,,,,,,,,,,,18.668037634408602,3358.92,4.30231182795699,105.36303763440861,134.80041666666665,,,,,,,3.6326881720430104,0.15914451702738786,31.0,,,,,,,,,,,,,,,,,,,,,False,1.0,31.2,120.3,2329.357405,0.5138400197029114,0.5113428545961378,太湖区格点 NASA_POWER_120.300_31.200,120.3,31.2,,,,,,,,,,,,,train
NASA_POWER_120.300_31.200,2007-11,grid_point,,,,,,,,,,,,11.76025,562.71,3.801777777777778,127.04305555555555,115.37254166666666,,,,,,,3.344811111111111,0.09564580586099694,30.0,,,,,,,,,,,,,,,,,,,,,False,1.0,31.2,120.3,2329.357405,0.5138400197029114,0.5113428545961378,太湖区格点 NASA_POWER_120.300_31.200,120.3,31.2,,,,,,,,,,,,,train
TAIHU_CT,2007-11,lake_subregion,5.754074074074073,10.03223726627982,0.1821066666666666,0.010942,0.2439666666666666,8.383333333333333,0.0857839999999999,0.0073793333333333,2.61935,0.1165133333333333,10.0,,,,,,,,,,,,3.344811111111111,0.09564580586099694,30.0,,,,,,,,,,,,,,,,,,,,,False,,,,2329.357405,0.5138400197029114,0.5113428545961378,"TAIHU_CT(湖区均值,无坐标)",,,,,0.1165133333333333,taihu_thqbca_v2,2.61935,taihu_thqbca_v2,10.03223726627982,taihu_thqbca_v2,,,,,train
TAIHU_ET,2007-11,lake_subregion,3.76,9.194068343004512,0.3495999999999999,0.006748,0.3127999999999999,8.016666666666667,0.1103188,0.003858,1.388966666666667,0.0473466666666666,10.0,,,,,,,,,,,,3.344811111111111,0.09564580586099694,30.0,,,,,,,,,,,,,,,,,,,,,False,,,,2329.357405,0.5138400197029114,0.5113428545961378,"TAIHU_ET(湖区均值,无坐标)",,,,,0.0473466666666666,taihu_thqbca_v2,1.388966666666667,taihu_thqbca_v2,9.194068343004512,taihu_thqbca_v2,,,,,train
TAIHU_GH,2007-11,lake_subregion,4.08,9.709864603481623,0.3419,0.0093196666666666,0.4326,8.233333333333334,0.4305609999999999,0.0067783333333333,1.6949666666666667,0.0670366666666666,10.0,,,,,,,,,,,,3.344811111111111,0.09564580586099694,30.0,,,,,,,,,,,,,,,,,,,,,False,,,,2329.357405,0.5138400197029114,0.5113428545961378,"TAIHU_GH(湖区均值,无坐标)",,,,,0.0670366666666666,taihu_thqbca_v2,1.6949666666666667,taihu_thqbca_v2,9.709864603481623,taihu_thqbca_v2,,,,,train
TAIHU_ML,2007-11,lake_subregion,5.293968253968255,8.94169660127107,1.1944,0.0534547142857142,0.5018142857142858,8.335714285714285,0.3669784285714286,0.0133145714285714,3.4710428571428573,0.1192307142857143,10.0,,,,,,,,,,,,3.344811111111111,0.09564580586099694,30.0,,,,,,,,,,,,,,,,,,,,,False,,,,2329.357405,0.5138400197029114,0.5113428545961378,"TAIHU_ML(湖区均值,无坐标)",,,,,0.1192307142857143,taihu_thqbca_v2,3.4710428571428573,taihu_thqbca_v2,8.94169660127107,taihu_thqbca_v2,,,,,train
TAIHU_ST,2007-11,lake_subregion,5.368888888888889,9.68407479045777,0.1696666666666666,0.0028563333333333,0.15623,8.396666666666667,0.1421,0.0072333333333333,1.8629,0.1139133333333333,10.0,,,,,,,,,,,,3.344811111111111,0.09564580586099694,30.0,,,,,,,,,,,,,,,,,,,,,False,,,,2329.357405,0.5138400197029114,0.5113428545961378,"TAIHU_ST(湖区均值,无坐标)",,,,,0.1139133333333333,taihu_thqbca_v2,1.8629,taihu_thqbca_v2,9.68407479045777,taihu_thqbca_v2,,,,,train
TAIHU_WHOLE,2007-11,lake_subregion,4.977838624338624,9.219299760523166,0.6704141666666668,0.0264247205357142,0.3423501190476191,8.207464285714286,0.2907594348214285,0.0121818839285714,2.446924836309524,0.1100307142857142,10.0,,,,,,,,,,,,3.344811111111111,0.09564580586099694,30.0,,,,,,,,,,,,,,,,,,,,,False,,,,2329.357405,0.5138400197029114,0.5113428545961378,太湖全湖(18/17点位均值),,,,,0.1100307142857142,taihu_thqbca_v2,2.446924836309524,taihu_thqbca_v2,9.219299760523166,taihu_thqbca_v2,,,,,train
TAIHU_WT,2007-11,lake_subregion,5.8866666666666685,9.366537717601547,0.55175,0.02185225,0.4087999999999999,8.175,0.36278325,0.0090949999999999,3.1409375,0.170775,10.0,,,,,,,,,,,,3.344811111111111,0.09564580586099694,30.0,,,,,,,,,,,,,,,,,,,,,False,,,,2329.357405,0.5138400197029114,0.5113428545961378,"TAIHU_WT(湖区均值,无坐标)",,,,,0.170775,taihu_thqbca_v2,3.1409375,taihu_thqbca_v2,9.366537717601547,taihu_thqbca_v2,,,,,train
TAIHU_XK,2007-11,lake_subregion,3.4791111111111115,10.007736943907158,0.31514,0.0029598,0.12269,8.193999999999999,0.1027335,0.003922,0.78946,0.03383,10.0,,,,,,,,,,,,3.344811111111111,0.09564580586099694,30.0,,,,,,,,,,,,,,,,,,,,,False,,,,2329.357405,0.5138400197029114,0.5113428545961378,"TAIHU_XK(湖区均值,无坐标)",,,,,0.03383,taihu_thqbca_v2,0.78946,taihu_thqbca_v2,10.007736943907158,taihu_thqbca_v2,,,,,train
TAIHU_ZS,2007-11,lake_subregion,6.2,6.818181818181818,2.25875,0.103265,0.5599000000000001,7.925000000000001,0.7248164999999999,0.0458745,4.607775,0.2115999999999999,10.0,,,,,,,,,,,,3.344811111111111,0.09564580586099694,30.0,,,,,,,,,,,,,,,,,,,,,False,,,,2329.357405,0.5138400197029114,0.5113428545961378,"TAIHU_ZS(湖区均值,无坐标)",,,,,0.2115999999999999,taihu_thqbca_v2,4.607775,taihu_thqbca_v2,6.818181818181818,taihu_thqbca_v2,,,,,train
NASA_POWER_120.300_31.200,2007-12,grid_point,,,,,,,,,,,,7.046021505376344,897.14,3.858763440860215,171.21733870967742,79.51405913978495,,,,,,,3.0938494623655917,0.051782153275520215,31.0,,,,,,,,,,,,,,,,,,,,,False,1.0,31.2,120.3,2329.357405,0.5138400197029114,0.5113428545961378,太湖区格点 NASA_POWER_120.300_31.200,120.3,31.2,,,,,,,,,,,,,train
NASA_POWER_120.300_31.200,2008-01,grid_point,,,,,,,,,,,,2.3020161290322583,2409.52,4.270537634408602,162.5899193548387,74.27525537634409,,,,,,,3.009677419354839,0.0849730451322315,31.0,,,,,,,,,,,,,,,,,,,,,False,1.0,31.2,120.3,2329.357405,0.5138400197029114,0.5113428545961378,太湖区格点 NASA_POWER_120.300_31.200,120.3,31.2,,,,,,,,,,,,,train
NASA_POWER_120.300_31.200,2008-02,grid_point,,,,,,,,,,,,2.3526724137931034,958.52,3.7068103448275864,171.62485632183908,142.7414367816092,,,,,,,3.1917241379310344,0.029312501932922688,29.0,,,,,,,,,,,,,,,,,,,,,False,1.0,31.2,120.3,2329.357405,0.5138400197029114,0.5113428545961378,太湖区格点 NASA_POWER_120.300_31.200,120.3,31.2,,,,,,,,,,,,,train
TAIHU_CT,2008-02,lake_subregion,4.568564267812389,12.374473598963396,0.7661666666666666,0.0175433333333333,0.8901666666666667,8.15,0.187016,0.009857,3.036833333333333,0.0819266666666666,10.0,,,,,,,,,,,,3.1917241379310344,0.029312501932922688,29.0,,,,,,,,,,,,,,,,,,,,,False,,,,2329.357405,0.5138400197029114,0.5113428545961378,"TAIHU_CT(湖区均值,无坐标)",,,,,0.0819266666666666,taihu_thqbca_v2,3.036833333333333,taihu_thqbca_v2,12.374473598963396,taihu_thqbca_v2,,,,,train
TAIHU_ET,2008-02,lake_subregion,4.422484783387039,11.862649821833497,0.3878333333333333,0.0094019999999999,0.3313,7.989999999999999,0.051818,0.0081039999999999,1.7028666666666668,0.0717633333333333,10.0,,,,,,,,,,,,3.1917241379310344,0.029312501932922688,29.0,,,,,,,,,,,,,,,,,,,,,False,,,,2329.357405,0.5138400197029114,0.5113428545961378,"TAIHU_ET(湖区均值,无坐标)",,,,,0.0717633333333333,taihu_thqbca_v2,1.7028666666666668,taihu_thqbca_v2,11.862649821833497,taihu_thqbca_v2,,,,,train
TAIHU_GH,2008-02,lake_subregion,3.7751521661296095,12.290249433106576,0.5696,0.02312,1.0021666666666669,8.129999999999999,0.4873585,0.0210859999999999,2.9006666666666665,0.0850366666666666,10.0,,,,,,,,,,,,3.1917241379310344,0.029312501932922688,29.0,,,,,,,,,,,,,,,,,,,,,False,,,,2329.357405,0.5138400197029114,0.5113428545961378,"TAIHU_GH(湖区均值,无坐标)",,,,,0.0850366666666666,taihu_thqbca_v2,2.9006666666666665,taihu_thqbca_v2,12.290249433106576,taihu_thqbca_v2,,,,,train
TAIHU_ML,2008-02,lake_subregion,6.35752646923431,13.858114674441207,1.994857142857143,0.0627785714285714,1.1777285714285717,8.51142857142857,15.267362142857143,0.0114272857142857,5.970321428571429,0.19445,10.0,,,,,,,,,,,,3.1917241379310344,0.029312501932922688,29.0,,,,,,,,,,,,,,,,,,,,,False,,,,2329.357405,0.5138400197029114,0.5113428545961378,"TAIHU_ML(湖区均值,无坐标)",,,,,0.19445,taihu_thqbca_v2,5.970321428571429,taihu_thqbca_v2,13.858114674441207,taihu_thqbca_v2,,,,,train
TAIHU_ST,2008-02,lake_subregion,4.912280701754386,12.342079689018467,0.3879666666666666,0.0116533333333333,0.5315333333333333,8.056666666666667,0.0534535,0.0084163333333333,2.3082,0.10117,10.0,,,,,,,,,,,,3.1917241379310344,0.029312501932922688,29.0,,,,,,,,,,,,,,,,,,,,,False,,,,2329.357405,0.5138400197029114,0.5113428545961378,"TAIHU_ST(湖区均值,无坐标)",,,,,0.10117,taihu_thqbca_v2,2.3082,taihu_thqbca_v2,12.342079689018467,taihu_thqbca_v2,,,,,train
TAIHU_WHOLE,2008-02,lake_subregion,5.326305559817911,12.12398769031422,1.2971217261904764,0.0392686547619047,1.1033550297619046,8.115449404761904,2.260709620982144,0.0154899461309523,4.112737574404762,0.1476171458333333,10.0,,,,,,,,,,,,3.1917241379310344,0.029312501932922688,29.0,,,,,,,,,,,,,,,,,,,,,False,,,,2329.357405,0.5138400197029114,0.5113428545961378,太湖全湖(18/17点位均值),,,,,0.1476171458333333,taihu_thqbca_v2,4.112737574404762,taihu_thqbca_v2,12.12398769031422,taihu_thqbca_v2,,,,,train
TAIHU_WT,2008-02,lake_subregion,5.430719656283565,12.06997084548105,1.4148500000000002,0.02966,1.3653749999999998,8.057500000000001,0.3184886249999999,0.02043675,5.042862499999999,0.1686725,10.0,,,,,,,,,,,,3.1917241379310344,0.029312501932922688,29.0,,,,,,,,,,,,,,,,,,,,,False,,,,2329.357405,0.5138400197029114,0.5113428545961378,"TAIHU_WT(湖区均值,无坐标)",,,,,0.1686725,taihu_thqbca_v2,5.042862499999999,taihu_thqbca_v2,12.06997084548105,taihu_thqbca_v2,,,,,train
TAIHU_XK,2008-02,lake_subregion,4.576584317937701,12.038872691933918,0.4207000000000001,0.015742,0.41462,8.038,0.3912102,0.0077021999999999,2.0314,0.070368,10.0,,,,,,,,,,,,3.1917241379310344,0.029312501932922688,29.0,,,,,,,,,,,,,,,,,,,,,False,,,,2329.357405,0.5138400197029114,0.5113428545961378,"TAIHU_XK(湖区均值,无坐标)",,,,,0.070368,taihu_thqbca_v2,2.0314,taihu_thqbca_v2,12.038872691933918,taihu_thqbca_v2,,,,,train
TAIHU_ZS,2008-02,lake_subregion,8.567132116004293,10.155490767735667,4.4350000000000005,0.14425,3.11395,7.99,1.32897,0.03689,9.90875,0.4075499999999999,10.0,,,,,,,,,,,,3.1917241379310344,0.029312501932922688,29.0,,,,,,,,,,,,,,,,,,,,,False,,,,2329.357405,0.5138400197029114,0.5113428545961378,"TAIHU_ZS(湖区均值,无坐标)",,,,,0.4075499999999999,taihu_thqbca_v2,9.90875,taihu_thqbca_v2,10.155490767735667,taihu_thqbca_v2,,,,,train
NASA_POWER_120.300_31.200,2008-03,grid_point,,,,,,,,,,,,11.052997311827957,836.81,4.310389784946237,157.7508064516129,168.59038978494624,,,,,,,3.067032258064516,0.06273751047840104,31.0,,,,,,,,,,,,,,,,,,,,,False,1.0,31.2,120.3,2329.357405,0.5138400197029114,0.5113428545961378,太湖区格点 NASA_POWER_120.300_31.200,120.3,31.2,,,,,,,,,,,,,train
NASA_POWER_120.300_31.200,2008-04,grid_point,,,,,,,,,,,,16.383569444444444,2158.09,4.5797083333333335,169.15958333333333,159.00130555555555,,,,,,,3.030644444444445,0.06203866878012641,30.0,,,,,,,,,,,,,,,,,,,,,False,1.0,31.2,120.3,2329.357405,0.5138400197029114,0.5113428545961378,太湖区格点 NASA_POWER_120.300_31.200,120.3,31.2,,,,,,,,,,,,,train
NASA_POWER_120.300_31.200,2008-05,grid_point,,,,,,,,,,,,22.49650537634409,2312.2599999999998,4.328965053763441,147.57567204301077,224.6645698924731,,,,,,,3.060032258064516,0.03561079266684221,31.0,,,,,,,,,,,,,,,,,,,,,False,1.0,31.2,120.3,2329.357405,0.5138400197029114,0.5113428545961378,太湖区格点 NASA_POWER_120.300_31.200,120.3,31.2,,,,,,,,,,,,,train
TAIHU_CT,2008-05,lake_subregion,4.414260287249978,8.481912144702841,0.2698266666666666,0.0069566666666666,2.3188,8.196666666666667,0.4574156,0.0090733333333333,3.396033333333333,0.0786866666666666,10.0,,,,,,,,,,,,3.060032258064516,0.03561079266684221,31.0,,,,,,,,,,,,,,,,,,,,,False,,,,2329.357405,0.5138400197029114,0.5113428545961378,"TAIHU_CT(湖区均值,无坐标)",,,,,0.0786866666666666,taihu_thqbca_v2,3.396033333333333,taihu_thqbca_v2,8.481912144702841,taihu_thqbca_v2,,,,,train
TAIHU_ET,2008-05,lake_subregion,4.297739007842101,8.804909560723514,0.1646333333333333,0.0034518666666666,0.6564466666666666,8.726666666666667,11.469254,0.0050143333333333,1.4773666666666667,0.04941,10.0,,,,,,,,,,,,3.060032258064516,0.03561079266684221,31.0,,,,,,,,,,,,,,,,,,,,,False,,,,2329.357405,0.5138400197029114,0.5113428545961378,"TAIHU_ET(湖区均值,无坐标)",,,,,0.04941,taihu_thqbca_v2,1.4773666666666667,taihu_thqbca_v2,8.804909560723514,taihu_thqbca_v2,,,,,train
TAIHU_GH,2008-05,lake_subregion,3.872284782800248,8.139534883720929,0.3623966666666667,0.03821,2.105433333333333,7.993333333333333,1.506844,0.0166616666666666,3.2017166666666665,0.09718,10.0,,,,,,,,,,,,3.060032258064516,0.03561079266684221,31.0,,,,,,,,,,,,,,,,,,,,,False,,,,2329.357405,0.5138400197029114,0.5113428545961378,"TAIHU_GH(湖区均值,无坐标)",,,,,0.09718,taihu_thqbca_v2,3.2017166666666665,taihu_thqbca_v2,8.139534883720929,taihu_thqbca_v2,,,,,train
TAIHU_ML,2008-05,lake_subregion,5.833500748964666,10.614617940199334,0.3534857142857143,0.0197557142857142,1.8516714285714289,8.012857142857142,76.9029,0.0125927142857142,4.46515,0.1780333333333333,10.0,,,,,,,,,,,,3.060032258064516,0.03561079266684221,31.0,,,,,,,,,,,,,,,,,,,,,False,,,,2329.357405,0.5138400197029114,0.5113428545961378,"TAIHU_ML(湖区均值,无坐标)",,,,,0.1780333333333333,taihu_thqbca_v2,4.46515,taihu_thqbca_v2,10.614617940199334,taihu_thqbca_v2,,,,,train
TAIHU_ST,2008-05,lake_subregion,9.012092695391669,9.437984496124033,0.3404333333333333,0.0035993666666666,1.1628633333333334,8.666666666666666,6.387648,0.006224,4.364733333333334,0.13094,10.0,,,,,,,,,,,,3.060032258064516,0.03561079266684221,31.0,,,,,,,,,,,,,,,,,,,,,False,,,,2329.357405,0.5138400197029114,0.5113428545961378,"TAIHU_ST(湖区均值,无坐标)",,,,,0.13094,taihu_thqbca_v2,4.364733333333334,taihu_thqbca_v2,9.437984496124033,taihu_thqbca_v2,,,,,train
TAIHU_WHOLE,2008-05,lake_subregion,6.773091021235352,9.455097591362128,0.3510937142857143,0.0348302486607142,1.6433546577380955,8.30758630952381,19.2212026625,0.0101046372023809,4.0421403125,0.1470798125,10.0,,,,,,,,,,,,3.060032258064516,0.03561079266684221,31.0,,,,,,,,,,,,,,,,,,,,,False,,,,2329.357405,0.5138400197029114,0.5113428545961378,太湖全湖(18/17点位均值),,,,,0.1470798125,taihu_thqbca_v2,4.0421403125,taihu_thqbca_v2,9.455097591362128,taihu_thqbca_v2,,,,,train
TAIHU_WT,2008-05,lake_subregion,11.38952154374835,9.539728682170542,0.26115,0.009599175,1.2299125000000002,8.4625,9.6955117,0.01137725,5.4486875,0.2358075,10.0,,,,,,,,,,,,3.060032258064516,0.03561079266684221,31.0,,,,,,,,,,,,,,,,,,,,,False,,,,2329.357405,0.5138400197029114,0.5113428545961378,"TAIHU_WT(湖区均值,无坐标)",,,,,0.2358075,taihu_thqbca_v2,5.4486875,taihu_thqbca_v2,9.539728682170542,taihu_thqbca_v2,,,,,train
TAIHU_XK,2008-05,lake_subregion,3.91917525773196,9.294573643410851,0.157774,0.0093692,1.71256,8.332,16.8120888,0.0054188,2.85706,0.0522059999999999,10.0,,,,,,,,,,,,3.060032258064516,0.03561079266684221,31.0,,,,,,,,,,,,,,,,,,,,,False,,,,2329.357405,0.5138400197029114,0.5113428545961378,"TAIHU_XK(湖区均值,无坐标)",,,,,0.0522059999999999,taihu_thqbca_v2,2.85706,taihu_thqbca_v2,9.294573643410851,taihu_thqbca_v2,,,,,train
TAIHU_ZS,2008-05,lake_subregion,11.446153846153848,11.32751937984496,0.89905,0.1876999999999999,2.10915,8.07,30.5379592,0.014475,7.126375,0.354375,10.0,,,,,,,,,,,,3.060032258064516,0.03561079266684221,31.0,,,,,,,,,,,,,,,,,,,,,False,,,,2329.357405,0.5138400197029114,0.5113428545961378,"TAIHU_ZS(湖区均值,无坐标)",,,,,0.354375,taihu_thqbca_v2,7.126375,taihu_thqbca_v2,11.32751937984496,taihu_thqbca_v2,,,,,train
NASA_POWER_120.300_31.200,2008-06,grid_point,,,,,,,,,,,,24.72883333333333,6851.6,4.275486111111111,155.02847222222223,139.42580555555557,,,,,,,3.4106666666666663,0.2960162571905008,30.0,,,,,,,,,,,,,,,,,,,,,False,1.0,31.2,120.3,2329.357405,0.5138400197029114,0.5113428545961378,太湖区格点 NASA_POWER_120.300_31.200,120.3,31.2,,,,,,,,,,,,,train
NASA_POWER_120.300_31.200,2008-07,grid_point,,,,,,,,,,,,29.222513440860215,3125.97,4.3855779569892475,172.7728494623656,227.6522177419355,,,,,,,3.553720430107527,0.14161502579762006,31.0,,,,,,,,,,,,,,,,,,,,,False,1.0,31.2,120.3,2329.357405,0.5138400197029114,0.5113428545961378,太湖区格点 NASA_POWER_120.300_31.200,120.3,31.2,,,,,,,,,,,,,train
NASA_POWER_120.300_31.200,2008-08,grid_point,,,,,,,,,,,,27.968709677419355,2794.26,3.5858602150537635,154.26250000000002,194.43192204301076,,,,,,,3.43289247311828,0.02903170515868058,31.0,,,,,,,,,,,,,,,,,,,,,False,1.0,31.2,120.3,2329.357405,0.5138400197029114,0.5113428545961378,太湖区格点 NASA_POWER_120.300_31.200,120.3,31.2,,,,,,,,,,,,,train
TAIHU_CT,2008-08,lake_subregion,3.218869233437393,6.761904761904762,0.3789666666666666,0.012893,0.3241333333333333,8.266666666666667,0.22775172,0.0086686666666666,1.5295333333333332,0.0769333333333333,10.0,,,,,,,,,,,,3.43289247311828,0.02903170515868058,31.0,,,,,,,,,,,,,,,,,,,,,False,,,,2329.357405,0.5138400197029114,0.5113428545961378,"TAIHU_CT(湖区均值,无坐标)",,,,,0.0769333333333333,taihu_thqbca_v2,1.5295333333333332,taihu_thqbca_v2,6.761904761904762,taihu_thqbca_v2,,,,,train
TAIHU_ET,2008-08,lake_subregion,4.559139784946237,7.238095238095238,0.1733666666666666,0.0099293333333333,0.1591666666666666,8.156666666666666,4.639467506666667,0.0027446666666666,1.318466666666667,0.08539,10.0,,,,,,,,,,,,3.43289247311828,0.02903170515868058,31.0,,,,,,,,,,,,,,,,,,,,,False,,,,2329.357405,0.5138400197029114,0.5113428545961378,"TAIHU_ET(湖区均值,无坐标)",,,,,0.08539,taihu_thqbca_v2,1.318466666666667,taihu_thqbca_v2,7.238095238095238,taihu_thqbca_v2,,,,,train
TAIHU_GH,2008-08,lake_subregion,5.214013180714535,7.219047619047619,0.0897366666666666,0.0043353333333333,0.1124633333333333,8.676666666666668,1.65087204,0.0068846666666666,1.4987666666666666,0.1251666666666666,10.0,,,,,,,,,,,,3.43289247311828,0.02903170515868058,31.0,,,,,,,,,,,,,,,,,,,,,False,,,,2329.357405,0.5138400197029114,0.5113428545961378,"TAIHU_GH(湖区均值,无坐标)",,,,,0.1251666666666666,taihu_thqbca_v2,1.4987666666666666,taihu_thqbca_v2,7.219047619047619,taihu_thqbca_v2,,,,,train
TAIHU_ML,2008-08,lake_subregion,7.158019919726477,9.039455782312926,0.2536157142857143,0.017956,0.2577142857142857,8.571428571428571,3.6470459142857146,0.0150594285714285,2.4277285714285712,0.2147857142857142,10.0,,,,,,,,,,,,3.43289247311828,0.02903170515868058,31.0,,,,,,,,,,,,,,,,,,,,,False,,,,2329.357405,0.5138400197029114,0.5113428545961378,"TAIHU_ML(湖区均值,无坐标)",,,,,0.2147857142857142,taihu_thqbca_v2,2.4277285714285712,taihu_thqbca_v2,9.039455782312926,taihu_thqbca_v2,,,,,train
TAIHU_ST,2008-08,lake_subregion,2.77488727020465,6.698412698412699,0.2105333333333333,0.0116733333333333,0.5234,8.083333333333334,0.29562864,0.008695,1.5823,0.0665866666666666,10.0,,,,,,,,,,,,3.43289247311828,0.02903170515868058,31.0,,,,,,,,,,,,,,,,,,,,,False,,,,2329.357405,0.5138400197029114,0.5113428545961378,"TAIHU_ST(湖区均值,无坐标)",,,,,0.0665866666666666,taihu_thqbca_v2,1.5823,taihu_thqbca_v2,6.698412698412699,taihu_thqbca_v2,,,,,train
TAIHU_WHOLE,2008-08,lake_subregion,4.662286308904416,7.278304988662131,0.2802860059523809,0.0379185125,0.2953023273809523,8.311032738095237,2.085836661619048,0.0121588785714285,1.8120700297619048,0.1199029851190476,10.0,,,,,,,,,,,,3.43289247311828,0.02903170515868058,31.0,,,,,,,,,,,,,,,,,,,,,False,,,,2329.357405,0.5138400197029114,0.5113428545961378,太湖全湖(18/17点位均值),,,,,0.1199029851190476,taihu_thqbca_v2,1.8120700297619048,taihu_thqbca_v2,7.278304988662131,taihu_thqbca_v2,,,,,train
TAIHU_WT,2008-08,lake_subregion,5.506763787721125,6.5095238095238095,0.513725,0.1005395,0.346825,8.3525,3.865524460000001,0.021701,2.521575,0.1429375,10.0,,,,,,,,,,,,3.43289247311828,0.02903170515868058,31.0,,,,,,,,,,,,,,,,,,,,,False,,,,2329.357405,0.5138400197029114,0.5113428545961378,"TAIHU_WT(湖区均值,无坐标)",,,,,0.1429375,taihu_thqbca_v2,2.521575,taihu_thqbca_v2,6.5095238095238095,taihu_thqbca_v2,,,,,train
TAIHU_XK,2008-08,lake_subregion,2.951925078043705,7.683809523809525,0.179194,0.0076215999999999,0.250216,8.676,0.3226867919999999,0.0043576,0.96464,0.042474,10.0,,,,,,,,,,,,3.43289247311828,0.02903170515868058,31.0,,,,,,,,,,,,,,,,,,,,,False,,,,2329.357405,0.5138400197029114,0.5113428545961378,"TAIHU_XK(湖区均值,无坐标)",,,,,0.042474,taihu_thqbca_v2,0.96464,taihu_thqbca_v2,7.683809523809525,taihu_thqbca_v2,,,,,train
TAIHU_ZS,2008-08,lake_subregion,5.914672216441208,7.076190476190476,0.44315,0.1383999999999999,0.3885,7.705,2.037716219999999,0.02916,2.65355,0.20495,10.0,,,,,,,,,,,,3.43289247311828,0.02903170515868058,31.0,,,,,,,,,,,,,,,,,,,,,False,,,,2329.357405,0.5138400197029114,0.5113428545961378,"TAIHU_ZS(湖区均值,无坐标)",,,,,0.20495,taihu_thqbca_v2,2.65355,taihu_thqbca_v2,7.076190476190476,taihu_thqbca_v2,,,,,train
NASA_POWER_120.300_31.200,2008-09,grid_point,,,,,,,,,,,,25.576097222222224,1652.83,4.2230694444444445,111.89652777777778,160.8140138888889,,,,,,,3.423022222222222,0.041140627283528956,30.0,,,,,,,,,,,,,,,,,,,,,False,1.0,31.2,120.3,2329.357405,0.5138400197029114,0.5113428545961378,太湖区格点 NASA_POWER_120.300_31.200,120.3,31.2,,,,,,,,,,,,,train
NASA_POWER_120.300_31.200,2008-10,grid_point,,,,,,,,,,,,20.245174731182797,1577.96,3.3167741935483868,153.03212365591398,124.82784946236559,,,,,,,3.291182795698925,0.07031057234182274,31.0,,,,,,,,,,,,,,,,,,,,,False,1.0,31.2,120.3,2329.357405,0.5138400197029114,0.5113428545961378,太湖区格点 NASA_POWER_120.300_31.200,120.3,31.2,,,,,,,,,,,,,train
NASA_POWER_120.300_31.200,2008-11,grid_point,,,,,,,,,,,,11.636166666666668,1971.03,3.6574027777777776,186.41694444444445,107.87598611111112,,,,,,,3.281855555555556,0.05567376810187708,30.0,,,,,,,,,,,,,,,,,,,,,False,1.0,31.2,120.3,2329.357405,0.5138400197029114,0.5113428545961378,太湖区格点 NASA_POWER_120.300_31.200,120.3,31.2,,,,,,,,,,,,,train
TAIHU_CT,2008-11,lake_subregion,4.061664953751285,9.696969696969695,0.5698666666666667,0.009459,0.3578,8.123333333333333,4.20052,0.0102983333333333,1.5567,0.0816933333333333,10.0,,,,,,,,,,,,3.281855555555556,0.05567376810187708,30.0,,,,,,,,,,,,,,,,,,,,,False,,,,2329.357405,0.5138400197029114,0.5113428545961378,"TAIHU_CT(湖区均值,无坐标)",,,,,0.0816933333333333,taihu_thqbca_v2,1.5567,taihu_thqbca_v2,9.696969696969695,taihu_thqbca_v2,,,,,train
TAIHU_ET,2008-11,lake_subregion,4.006851661527921,8.851010101010099,0.2976,0.0149176666666666,0.1888066666666666,7.963333333333334,27.45464,0.0062836666666666,0.9842333333333334,0.0439933333333333,10.0,,,,,,,,,,,,3.281855555555556,0.05567376810187708,30.0,,,,,,,,,,,,,,,,,,,,,False,,,,2329.357405,0.5138400197029114,0.5113428545961378,"TAIHU_ET(湖区均值,无坐标)",,,,,0.0439933333333333,taihu_thqbca_v2,0.9842333333333334,taihu_thqbca_v2,8.851010101010099,taihu_thqbca_v2,,,,,train
TAIHU_GH,2008-11,lake_subregion,5.974648852346693,11.54040404040404,0.208,0.0049203333333333,0.1195533333333333,8.25,5.437156,0.007265,1.5455,0.1156533333333333,10.0,,,,,,,,,,,,3.281855555555556,0.05567376810187708,30.0,,,,,,,,,,,,,,,,,,,,,False,,,,2329.357405,0.5138400197029114,0.5113428545961378,"TAIHU_GH(湖区均值,无坐标)",,,,,0.1156533333333333,taihu_thqbca_v2,1.5455,taihu_thqbca_v2,11.54040404040404,taihu_thqbca_v2,,,,,train
TAIHU_ML,2008-11,lake_subregion,6.3720452209660845,9.58603896103896,0.8746142857142857,0.0606022857142857,0.7224571428571428,8.195714285714285,17.696678571428574,0.0145725714285714,3.363328571428572,0.1737871428571428,10.0,,,,,,,,,,,,3.281855555555556,0.05567376810187708,30.0,,,,,,,,,,,,,,,,,,,,,False,,,,2329.357405,0.5138400197029114,0.5113428545961378,"TAIHU_ML(湖区均值,无坐标)",,,,,0.1737871428571428,taihu_thqbca_v2,3.363328571428572,taihu_thqbca_v2,9.58603896103896,taihu_thqbca_v2,,,,,train
TAIHU_ST,2008-11,lake_subregion,2.9763617677286742,9.109848484848484,0.452,0.0528066666666666,1.3095333333333332,7.983333333333334,5.499759999999999,0.0215573333333333,2.6955000000000005,0.08203,10.0,,,,,,,,,,,,3.281855555555556,0.05567376810187708,30.0,,,,,,,,,,,,,,,,,,,,,False,,,,2329.357405,0.5138400197029114,0.5113428545961378,"TAIHU_ST(湖区均值,无坐标)",,,,,0.08203,taihu_thqbca_v2,2.6955000000000005,taihu_thqbca_v2,9.109848484848484,taihu_thqbca_v2,,,,,train
TAIHU_WHOLE,2008-11,lake_subregion,4.57574511819116,9.744222357503606,0.6402051190476191,0.033905375297619,0.5007564345238095,8.068464285714285,13.108667671428572,0.013193625595238,2.0992839880952383,0.0973894553571428,10.0,,,,,,,,,,,,3.281855555555556,0.05567376810187708,30.0,,,,,,,,,,,,,,,,,,,,,False,,,,2329.357405,0.5138400197029114,0.5113428545961378,太湖全湖(18/17点位均值),,,,,0.0973894553571428,taihu_thqbca_v2,2.0992839880952383,taihu_thqbca_v2,9.744222357503606,taihu_thqbca_v2,,,,,train
TAIHU_WT,2008-11,lake_subregion,3.736896197327851,9.161931818181817,0.7363000000000001,0.03032725,0.480425,8.05,7.156611000000001,0.0189499999999999,1.85285,0.0800325,10.0,,,,,,,,,,,,3.281855555555556,0.05567376810187708,30.0,,,,,,,,,,,,,,,,,,,,,False,,,,2329.357405,0.5138400197029114,0.5113428545961378,"TAIHU_WT(湖区均值,无坐标)",,,,,0.0800325,taihu_thqbca_v2,1.85285,taihu_thqbca_v2,9.161931818181817,taihu_thqbca_v2,,,,,train
TAIHU_XK,2008-11,lake_subregion,3.2904419321685507,10.02651515151515,0.2250599999999999,0.0048947999999999,0.088526,8.102,5.3783568,0.0064586,0.70716,0.039726,10.0,,,,,,,,,,,,3.281855555555556,0.05567376810187708,30.0,,,,,,,,,,,,,,,,,,,,,False,,,,2329.357405,0.5138400197029114,0.5113428545961378,"TAIHU_XK(湖区均值,无坐标)",,,,,0.039726,taihu_thqbca_v2,0.70716,taihu_thqbca_v2,10.02651515151515,taihu_thqbca_v2,,,,,train
TAIHU_ZS,2008-11,lake_subregion,6.187050359712229,9.981060606060606,1.7582,0.093315,0.73895,7.88,32.045619,0.0201635,4.089,0.1622,10.0,,,,,,,,,,,,3.281855555555556,0.05567376810187708,30.0,,,,,,,,,,,,,,,,,,,,,False,,,,2329.357405,0.5138400197029114,0.5113428545961378,"TAIHU_ZS(湖区均值,无坐标)",,,,,0.1622,taihu_thqbca_v2,4.089,taihu_thqbca_v2,9.981060606060606,taihu_thqbca_v2,,,,,train
NASA_POWER_120.300_31.200,2008-12,grid_point,,,,,,,,,,,,5.662889784946236,369.95,4.020201612903226,207.7236559139785,105.41466397849462,,,,,,,3.1641666666666666,0.05493124044176141,18.0,,,,,,,,,,,,,,,,,,,,,False,1.0,31.2,120.3,2329.357405,0.5138400197029114,0.5113428545961378,太湖区格点 NASA_POWER_120.300_31.200,120.3,31.2,,,,,,,,,,,,,train
NASA_POWER_120.300_31.200,2009-01,grid_point,,,,,,,,,,,,2.3049327956989245,907.15,3.811438172043011,207.7641129032258,106.87134408602151,,,,,,,2.910032258064516,0.05853598797059935,31.0,,,,,,,,,,,,,,,,,,,,,False,1.0,31.2,120.3,2329.357405,0.5138400197029114,0.5113428545961378,太湖区格点 NASA_POWER_120.300_31.200,120.3,31.2,,,,,,,,,,,,,train
NASA_POWER_120.300_31.200,2009-02,grid_point,,,,,,,,,,,,8.345520833333333,3595.57,4.55233630952381,135.3735119047619,73.82428571428571,,,,,,,2.8439166666666664,0.08836044890131083,28.0,,,,,,,,,,,,,,,,,,,,,False,1.0,31.2,120.3,2329.357405,0.5138400197029114,0.5113428545961378,太湖区格点 NASA_POWER_120.300_31.200,120.3,31.2,,,,,,,,,,,,,train
TAIHU_CT,2009-02,lake_subregion,4.314638447971784,10.171687722708134,0.6900666666666667,0.0196576666666666,0.7557333333333333,8.063333333333333,2.68686,0.0102263333333333,2.8927,0.1338,10.0,,,,,,,,,,,,2.8439166666666664,0.08836044890131083,28.0,,,,,,,,,,,,,,,,,,,,,False,,,,2329.357405,0.5138400197029114,0.5113428545961378,"TAIHU_CT(湖区均值,无坐标)",,,,,0.1338,taihu_thqbca_v2,2.8927,taihu_thqbca_v2,10.171687722708134,taihu_thqbca_v2,,,,,train
TAIHU_ET,2009-02,lake_subregion,4.768959435626104,9.225785552316166,0.4794666666666667,0.007502,0.2656333333333333,7.996666666666667,6.27118,0.0144323333333333,1.6278,0.11946,10.0,,,,,,,,,,,,2.8439166666666664,0.08836044890131083,28.0,,,,,,,,,,,,,,,,,,,,,False,,,,2329.357405,0.5138400197029114,0.5113428545961378,"TAIHU_ET(湖区均值,无坐标)",,,,,0.11946,taihu_thqbca_v2,1.6278,taihu_thqbca_v2,9.225785552316166,taihu_thqbca_v2,,,,,train
TAIHU_GH,2009-02,lake_subregion,4.046560846560848,9.71169420149012,0.3436666666666667,0.0072219999999999,0.4617666666666666,8.143333333333333,1.8446,0.0197933333333333,1.617233333333333,0.09549,10.0,,,,,,,,,,,,2.8439166666666664,0.08836044890131083,28.0,,,,,,,,,,,,,,,,,,,,,False,,,,2329.357405,0.5138400197029114,0.5113428545961378,"TAIHU_GH(湖区均值,无坐标)",,,,,0.09549,taihu_thqbca_v2,1.617233333333333,taihu_thqbca_v2,9.71169420149012,taihu_thqbca_v2,,,,,train
TAIHU_ML,2009-02,lake_subregion,5.07331821617536,9.296126613910872,1.2061,0.0550799999999999,1.177242857142857,8.081428571428571,13.304264571428572,0.0151944285714285,3.9564428571428567,0.1384057142857143,10.0,,,,,,,,,,,,2.8439166666666664,0.08836044890131083,28.0,,,,,,,,,,,,,,,,,,,,,False,,,,2329.357405,0.5138400197029114,0.5113428545961378,"TAIHU_ML(湖区均值,无坐标)",,,,,0.1384057142857143,taihu_thqbca_v2,3.9564428571428567,taihu_thqbca_v2,9.296126613910872,taihu_thqbca_v2,,,,,train
TAIHU_ST,2009-02,lake_subregion,4.320282186948855,9.815354713313898,0.4888999999999999,0.008272,0.3201,8.08,1.5814800000000002,0.017503,1.9024666666666663,0.1390666666666666,10.0,,,,,,,,,,,,2.8439166666666664,0.08836044890131083,28.0,,,,,,,,,,,,,,,,,,,,,False,,,,2329.357405,0.5138400197029114,0.5113428545961378,"TAIHU_ST(湖区均值,无坐标)",,,,,0.1390666666666666,taihu_thqbca_v2,1.9024666666666663,taihu_thqbca_v2,9.815354713313898,taihu_thqbca_v2,,,,,train
TAIHU_WHOLE,2009-02,lake_subregion,4.763723859914337,9.504014530982465,0.959409375,0.0244201833333333,0.6476320238095238,8.031532738095239,4.214868696428572,0.0184680535714285,2.8215072321428574,0.1503345476190476,10.0,,,,,,,,,,,,2.8439166666666664,0.08836044890131083,28.0,,,,,,,,,,,,,,,,,,,,,False,,,,2329.357405,0.5138400197029114,0.5113428545961378,太湖全湖(18/17点位均值),,,,,0.1503345476190476,taihu_thqbca_v2,2.8215072321428574,taihu_thqbca_v2,9.504014530982465,taihu_thqbca_v2,,,,,train
TAIHU_WT,2009-02,lake_subregion,4.698412698412699,9.698736637512148,1.405925,0.03,0.6139999999999999,7.9375,1.221645,0.02835,3.359775,0.1792,10.0,,,,,,,,,,,,2.8439166666666664,0.08836044890131083,28.0,,,,,,,,,,,,,,,,,,,,,False,,,,2329.357405,0.5138400197029114,0.5113428545961378,"TAIHU_WT(湖区均值,无坐标)",,,,,0.1792,taihu_thqbca_v2,3.359775,taihu_thqbca_v2,9.698736637512148,taihu_thqbca_v2,,,,,train
TAIHU_XK,2009-02,lake_subregion,4.331005291005292,9.551020408163264,0.3172,0.0066878,0.26298,8.080000000000002,3.50658,0.01079,1.46974,0.099254,10.0,,,,,,,,,,,,2.8439166666666664,0.08836044890131083,28.0,,,,,,,,,,,,,,,,,,,,,False,,,,2329.357405,0.5138400197029114,0.5113428545961378,"TAIHU_XK(湖区均值,无坐标)",,,,,0.099254,taihu_thqbca_v2,1.46974,taihu_thqbca_v2,9.551020408163264,taihu_thqbca_v2,,,,,train
TAIHU_ZS,2009-02,lake_subregion,6.556613756613757,8.561710398445094,2.74395,0.06094,1.3236,7.87,3.30234,0.031455,5.7459,0.298,10.0,,,,,,,,,,,,2.8439166666666664,0.08836044890131083,28.0,,,,,,,,,,,,,,,,,,,,,False,,,,2329.357405,0.5138400197029114,0.5113428545961378,"TAIHU_ZS(湖区均值,无坐标)",,,,,0.298,taihu_thqbca_v2,5.7459,taihu_thqbca_v2,8.561710398445094,taihu_thqbca_v2,,,,,train
NASA_POWER_120.300_31.200,2009-03,grid_point,,,,,,,,,,,,9.974032258064517,1967.22,4.308024193548388,154.13158602150537,138.50245967741935,,,,,,,3.3091290322580647,0.04835368747050443,31.0,,,,,,,,,,,,,,,,,,,,,False,1.0,31.2,120.3,2329.357405,0.5138400197029114,0.5113428545961378,太湖区格点 NASA_POWER_120.300_31.200,120.3,31.2,,,,,,,,,,,,,train
NASA_POWER_120.300_31.200,2009-04,grid_point,,,,,,,,,,,,16.35177777777778,2346.96,4.621138888888889,166.07777777777778,205.59241666666668,,,,,,,3.2425333333333333,0.04215894027618242,30.0,,,,,,,,,,,,,,,,,,,,,False,1.0,31.2,120.3,2329.357405,0.5138400197029114,0.5113428545961378,太湖区格点 NASA_POWER_120.300_31.200,120.3,31.2,,,,,,,,,,,,,train
NASA_POWER_120.300_31.200,2009-05,grid_point,,,,,,,,,,,,22.11799731182796,1670.42,4.117231182795699,168.6106182795699,232.0523924731183,,,,,,,3.112247311827957,0.04727014308967167,31.0,,,,,,,,,,,,,,,,,,,,,False,1.0,31.2,120.3,2329.357405,0.5138400197029114,0.5113428545961378,太湖区格点 NASA_POWER_120.300_31.200,120.3,31.2,,,,,,,,,,,,,train
TAIHU_CT,2009-05,lake_subregion,3.4768280123583915,7.668010752688172,0.4613333333333333,0.0108356666666666,1.3473333333333333,8.07,0.05198,0.0084146666666666,3.1760333333333333,0.07013,10.0,,,,,,,,,,,,3.112247311827957,0.04727014308967167,31.0,,,,,,,,,,,,,,,,,,,,,False,,,,2329.357405,0.5138400197029114,0.5113428545961378,"TAIHU_CT(湖区均值,无坐标)",,,,,0.07013,taihu_thqbca_v2,3.1760333333333333,taihu_thqbca_v2,7.668010752688172,taihu_thqbca_v2,,,,,train
TAIHU_ET,2009-05,lake_subregion,3.825609337452797,6.982526881720429,0.4064666666666666,0.0101486666666666,0.5320466666666667,8.013333333333334,3.05348,0.005812,1.7837333333333334,0.0526333333333333,10.0,,,,,,,,,,,,3.112247311827957,0.04727014308967167,31.0,,,,,,,,,,,,,,,,,,,,,False,,,,2329.357405,0.5138400197029114,0.5113428545961378,"TAIHU_ET(湖区均值,无坐标)",,,,,0.0526333333333333,taihu_thqbca_v2,1.7837333333333334,taihu_thqbca_v2,6.982526881720429,taihu_thqbca_v2,,,,,train
TAIHU_GH,2009-05,lake_subregion,3.465842773772742,7.426075268817204,0.4420666666666666,0.02925,1.243766666666667,8.07,1.60241,0.02248,2.7744,0.09701,10.0,,,,,,,,,,,,3.112247311827957,0.04727014308967167,31.0,,,,,,,,,,,,,,,,,,,,,False,,,,2329.357405,0.5138400197029114,0.5113428545961378,"TAIHU_GH(湖区均值,无坐标)",,,,,0.09701,taihu_thqbca_v2,2.7744,taihu_thqbca_v2,7.426075268817204,taihu_thqbca_v2,,,,,train
TAIHU_ML,2009-05,lake_subregion,4.078269824922759,6.445852534562212,0.5843714285714284,0.0570814285714285,1.5575857142857144,7.782857142857142,1.3820502857142858,0.0152721428571428,4.059057142857143,0.0878657142857142,10.0,,,,,,,,,,,,3.112247311827957,0.04727014308967167,31.0,,,,,,,,,,,,,,,,,,,,,False,,,,2329.357405,0.5138400197029114,0.5113428545961378,"TAIHU_ML(湖区均值,无坐标)",,,,,0.0878657142857142,taihu_thqbca_v2,4.059057142857143,taihu_thqbca_v2,6.445852534562212,taihu_thqbca_v2,,,,,train
TAIHU_ST,2009-05,lake_subregion,3.5262615859938204,7.889784946236559,0.3368,0.0081356666666666,1.435366666666667,8.103333333333333,17.0315,0.0078176666666666,3.4203,0.0929466666666666,10.0,,,,,,,,,,,,3.112247311827957,0.04727014308967167,31.0,,,,,,,,,,,,,,,,,,,,,False,,,,2329.357405,0.5138400197029114,0.5113428545961378,"TAIHU_ST(湖区均值,无坐标)",,,,,0.0929466666666666,taihu_thqbca_v2,3.4203,taihu_thqbca_v2,7.889784946236559,taihu_thqbca_v2,,,,,train
TAIHU_WHOLE,2009-05,lake_subregion,3.950411946446961,7.289292548003072,0.7392116369047619,0.0475512410714285,1.2583686309523812,7.998502976190476,4.205317535714286,0.0229396407738095,3.546984851190476,0.1181272767857142,10.0,,,,,,,,,,,,3.112247311827957,0.04727014308967167,31.0,,,,,,,,,,,,,,,,,,,,,False,,,,2329.357405,0.5138400197029114,0.5113428545961378,太湖全湖(18/17点位均值),,,,,0.1181272767857142,taihu_thqbca_v2,3.546984851190476,taihu_thqbca_v2,7.289292548003072,taihu_thqbca_v2,,,,,train
TAIHU_WT,2009-05,lake_subregion,4.714727085478886,7.5472512903225795,0.769975,0.0582324999999999,1.7146,7.9425,1.018992,0.02327825,4.700525,0.1740924999999999,10.0,,,,,,,,,,,,3.112247311827957,0.04727014308967167,31.0,,,,,,,,,,,,,,,,,,,,,False,,,,2329.357405,0.5138400197029114,0.5113428545961378,"TAIHU_WT(湖区均值,无坐标)",,,,,0.1740924999999999,taihu_thqbca_v2,4.700525,taihu_thqbca_v2,7.5472512903225795,taihu_thqbca_v2,,,,,train
TAIHU_XK,2009-05,lake_subregion,3.152214212152419,8.14516129032258,0.30288,0.008326,0.9251,8.136,0.6094080000000001,0.0080774,2.31778,0.03524,10.0,,,,,,,,,,,,3.112247311827957,0.04727014308967167,31.0,,,,,,,,,,,,,,,,,,,,,False,,,,2329.357405,0.5138400197029114,0.5113428545961378,"TAIHU_XK(湖区均值,无坐标)",,,,,0.03524,taihu_thqbca_v2,2.31778,taihu_thqbca_v2,8.14516129032258,taihu_thqbca_v2,,,,,train
TAIHU_ZS,2009-05,lake_subregion,5.36354273944387,6.209677419354839,2.6098,0.1983999999999999,1.31115,7.869999999999999,8.892719999999999,0.092365,6.14405,0.3351,10.0,,,,,,,,,,,,3.112247311827957,0.04727014308967167,31.0,,,,,,,,,,,,,,,,,,,,,False,,,,2329.357405,0.5138400197029114,0.5113428545961378,"TAIHU_ZS(湖区均值,无坐标)",,,,,0.3351,taihu_thqbca_v2,6.14405,taihu_thqbca_v2,6.209677419354839,taihu_thqbca_v2,,,,,train
NASA_POWER_120.300_31.200,2009-06,grid_point,,,,,,,,,,,,27.431430555555558,3873.39,3.6398333333333333,179.60777777777778,187.23201388888887,,,,,,,3.089122222222222,0.03439264861007872,30.0,,,,,,,,,,,,,,,,,,,,,False,1.0,31.2,120.3,2329.357405,0.5138400197029114,0.5113428545961378,太湖区格点 NASA_POWER_120.300_31.200,120.3,31.2,,,,,,,,,,,,,train
NASA_POWER_120.300_31.200,2009-07,grid_point,,,,,,,,,,,,28.55228494623656,5650.2,3.837768817204301,162.22325268817204,195.5770698924731,,,,,,,3.318806451612903,0.07576429209719641,31.0,,,,,,,,,,,,,,,,,,,,,False,1.0,31.2,120.3,2329.357405,0.5138400197029114,0.5113428545961378,太湖区格点 NASA_POWER_120.300_31.200,120.3,31.2,,,,,,,,,,,,,train
NASA_POWER_120.300_31.200,2009-08,grid_point,,,,,,,,,,,,27.883736559139784,4945.29,4.444704301075269,128.12701612903226,169.2990860215054,,,,,,,3.86694623655914,0.1870715865507735,31.0,,,,,,,,,,,,,,,,,,,,,False,1.0,31.2,120.3,2329.357405,0.5138400197029114,0.5113428545961378,太湖区格点 NASA_POWER_120.300_31.200,120.3,31.2,,,,,,,,,,,,,train
TAIHU_CT,2009-08,lake_subregion,4.0982172889337365,7.330143540669856,0.5631666666666667,0.0068063333333333,0.5221999999999999,8.496666666666668,1.1090133333333334,0.0082373333333333,2.345333333333333,0.07816,10.0,,,,,,,,,,,,3.86694623655914,0.1870715865507735,31.0,,,,,,,,,,,,,,,,,,,,,False,,,,2329.357405,0.5138400197029114,0.5113428545961378,"TAIHU_CT(湖区均值,无坐标)",,,,,0.07816,taihu_thqbca_v2,2.345333333333333,taihu_thqbca_v2,7.330143540669856,taihu_thqbca_v2,,,,,train
TAIHU_ET,2009-08,lake_subregion,3.371678439286916,7.961722488038279,0.4666666666666666,0.0187723333333333,0.2769333333333333,8.459999999999999,0.713408,0.0025333333333333,1.2451333333333334,0.03323,10.0,,,,,,,,,,,,3.86694623655914,0.1870715865507735,31.0,,,,,,,,,,,,,,,,,,,,,False,,,,2329.357405,0.5138400197029114,0.5113428545961378,"TAIHU_ET(湖区均值,无坐标)",,,,,0.03323,taihu_thqbca_v2,1.2451333333333334,taihu_thqbca_v2,7.961722488038279,taihu_thqbca_v2,,,,,train
TAIHU_GH,2009-08,lake_subregion,3.1025899764547598,7.011164274322169,0.5415333333333333,0.0088126666666666,0.5730666666666666,8.526666666666667,0.6986239999999999,0.0043263333333333,1.6404,0.0462233333333333,10.0,,,,,,,,,,,,3.86694623655914,0.1870715865507735,31.0,,,,,,,,,,,,,,,,,,,,,False,,,,2329.357405,0.5138400197029114,0.5113428545961378,"TAIHU_GH(湖区均值,无坐标)",,,,,0.0462233333333333,taihu_thqbca_v2,1.6404,taihu_thqbca_v2,7.011164274322169,taihu_thqbca_v2,,,,,train
TAIHU_ML,2009-08,lake_subregion,4.934697996251983,9.041695146958306,0.3422,0.07565,0.3133142857142857,8.971428571428572,1.4927085714285715,0.0115818571428571,2.018328571428571,0.12381,10.0,,,,,,,,,,,,3.86694623655914,0.1870715865507735,31.0,,,,,,,,,,,,,,,,,,,,,False,,,,2329.357405,0.5138400197029114,0.5113428545961378,"TAIHU_ML(湖区均值,无坐标)",,,,,0.12381,taihu_thqbca_v2,2.018328571428571,taihu_thqbca_v2,9.041695146958306,taihu_thqbca_v2,,,,,train
TAIHU_ST,2009-08,lake_subregion,3.3017154389505543,7.151515151515151,0.5468000000000001,0.05384,1.131233333333333,8.303333333333333,0.3013333333333333,0.0119716666666666,2.8594666666666666,0.0860066666666666,10.0,,,,,,,,,,,,3.86694623655914,0.1870715865507735,31.0,,,,,,,,,,,,,,,,,,,,,False,,,,2329.357405,0.5138400197029114,0.5113428545961378,"TAIHU_ST(湖区均值,无坐标)",,,,,0.0860066666666666,taihu_thqbca_v2,2.8594666666666666,taihu_thqbca_v2,7.151515151515151,taihu_thqbca_v2,,,,,train
TAIHU_WHOLE,2009-08,lake_subregion,3.9620104752294463,7.385833902939165,0.5457995833333333,0.0463630604166666,0.5648217023809524,8.501949404761906,1.418081304761905,0.0114164279761904,2.1396614880952383,0.0858234374999999,10.0,,,,,,,,,,,,3.86694623655914,0.1870715865507735,31.0,,,,,,,,,,,,,,,,,,,,,False,,,,2329.357405,0.5138400197029114,0.5113428545961378,太湖全湖(18/17点位均值),,,,,0.0858234374999999,taihu_thqbca_v2,2.1396614880952383,taihu_thqbca_v2,7.385833902939165,taihu_thqbca_v2,,,,,train
TAIHU_WT,2009-08,lake_subregion,4.193743693239153,6.712918660287082,0.60115,0.10665675,0.8398000000000001,8.407499999999999,1.0608400000000002,0.0141375,2.7001,0.1071675,10.0,,,,,,,,,,,,3.86694623655914,0.1870715865507735,31.0,,,,,,,,,,,,,,,,,,,,,False,,,,2329.357405,0.5138400197029114,0.5113428545961378,"TAIHU_WT(湖区均值,无坐标)",,,,,0.1071675,taihu_thqbca_v2,2.7001,taihu_thqbca_v2,6.712918660287082,taihu_thqbca_v2,,,,,train
TAIHU_XK,2009-08,lake_subregion,3.224217961654894,8.891866028708133,0.30598,0.0067513999999999,0.254376,8.940000000000001,0.3960831999999999,0.0035434,1.06568,0.0290899999999999,10.0,,,,,,,,,,,,3.86694623655914,0.1870715865507735,31.0,,,,,,,,,,,,,,,,,,,,,False,,,,2329.357405,0.5138400197029114,0.5113428545961378,"TAIHU_XK(湖区均值,无坐标)",,,,,0.0290899999999999,taihu_thqbca_v2,1.06568,taihu_thqbca_v2,8.891866028708133,taihu_thqbca_v2,,,,,train
TAIHU_ZS,2009-08,lake_subregion,5.469223007063572,4.985645933014354,0.9989,0.0936149999999999,0.60765,7.91,5.572640000000001,0.035,3.24285,0.1829,10.0,,,,,,,,,,,,3.86694623655914,0.1870715865507735,31.0,,,,,,,,,,,,,,,,,,,,,False,,,,2329.357405,0.5138400197029114,0.5113428545961378,"TAIHU_ZS(湖区均值,无坐标)",,,,,0.1829,taihu_thqbca_v2,3.24285,taihu_thqbca_v2,4.985645933014354,taihu_thqbca_v2,,,,,train
NASA_POWER_120.300_31.200,2009-09,grid_point,,,,,,,,,,,,24.763541666666665,2086.9,3.9924999999999997,98.52638888888889,143.70330555555557,,,,,,,3.4060888888888887,0.10632286307884214,30.0,,,,,,,,,,,,,,,,,,,,,False,1.0,31.2,120.3,2329.357405,0.5138400197029114,0.5113428545961378,太湖区格点 NASA_POWER_120.300_31.200,120.3,31.2,,,,,,,,,,,,,train
NASA_POWER_120.300_31.200,2009-10,grid_point,,,,,,,,,,,,20.06755376344086,317.99,3.5008736559139786,125.01182795698925,158.6697311827957,,,,,,,3.173655913978495,0.09501795089159105,31.0,,,,,,,,,,,,,,,,,,,,,False,1.0,31.2,120.3,2329.357405,0.5138400197029114,0.5113428545961378,太湖区格点 NASA_POWER_120.300_31.200,120.3,31.2,,,,,,,,,,,,,train
NASA_POWER_120.300_31.200,2009-11,grid_point,,,,,,,,,,,,9.858888888888888,3396.81,4.474013888888889,209.91180555555556,84.99365277777778,,,,,,,3.0848,0.14907740795713584,30.0,,,,,,,,,,,,,,,,,,,,,False,1.0,31.2,120.3,2329.357405,0.5138400197029114,0.5113428545961378,太湖区格点 NASA_POWER_120.300_31.200,120.3,31.2,,,,,,,,,,,,,train
TAIHU_CT,2009-11,lake_subregion,4.84116331096197,11.440568475452196,0.4996666666666666,0.0134069999999999,0.4976666666666667,7.886666666666667,0.0636366666666666,0.02587,2.167866666666667,0.1117333333333333,10.0,,,,,,,,,,,,3.0848,0.14907740795713584,30.0,,,,,,,,,,,,,,,,,,,,,False,,,,2329.357405,0.5138400197029114,0.5113428545961378,"TAIHU_CT(湖区均值,无坐标)",,,,,0.1117333333333333,taihu_thqbca_v2,2.167866666666667,taihu_thqbca_v2,11.440568475452196,taihu_thqbca_v2,,,,,train
TAIHU_ET,2009-11,lake_subregion,4.870991797166295,11.531007751937985,0.4913666666666667,0.0091636666666666,0.3425833333333333,7.743333333333333,1.4517433333333332,0.0116783333333333,1.8116666666666668,0.0732166666666666,10.0,,,,,,,,,,,,3.0848,0.14907740795713584,30.0,,,,,,,,,,,,,,,,,,,,,False,,,,2329.357405,0.5138400197029114,0.5113428545961378,"TAIHU_ET(湖区均值,无坐标)",,,,,0.0732166666666666,taihu_thqbca_v2,1.8116666666666668,taihu_thqbca_v2,11.531007751937985,taihu_thqbca_v2,,,,,train
TAIHU_GH,2009-11,lake_subregion,4.9127516778523495,11.421188630490954,0.4750666666666666,0.0083546666666666,0.2621666666666666,7.846666666666667,0.1356266666666666,0.0265366666666666,1.6955333333333331,0.1259666666666666,10.0,,,,,,,,,,,,3.0848,0.14907740795713584,30.0,,,,,,,,,,,,,,,,,,,,,False,,,,2329.357405,0.5138400197029114,0.5113428545961378,"TAIHU_GH(湖区均值,无坐标)",,,,,0.1259666666666666,taihu_thqbca_v2,1.6955333333333331,taihu_thqbca_v2,11.421188630490954,taihu_thqbca_v2,,,,,train
TAIHU_ML,2009-11,lake_subregion,5.564717162032599,10.448504983388704,0.9435285714285716,0.0528661428571428,0.7064285714285715,7.84857142857143,0.3404734285714285,0.0424085714285714,2.8845,0.1798171428571428,10.0,,,,,,,,,,,,3.0848,0.14907740795713584,30.0,,,,,,,,,,,,,,,,,,,,,False,,,,2329.357405,0.5138400197029114,0.5113428545961378,"TAIHU_ML(湖区均值,无坐标)",,,,,0.1798171428571428,taihu_thqbca_v2,2.8845,taihu_thqbca_v2,10.448504983388704,taihu_thqbca_v2,,,,,train
TAIHU_ST,2009-11,lake_subregion,4.903803131991052,11.50516795865633,0.6726666666666666,0.0178753333333333,0.9450000000000002,7.756666666666667,0.001225,0.0286633333333333,2.892933333333333,0.1524,10.0,,,,,,,,,,,,3.0848,0.14907740795713584,30.0,,,,,,,,,,,,,,,,,,,,,False,,,,2329.357405,0.5138400197029114,0.5113428545961378,"TAIHU_ST(湖区均值,无坐标)",,,,,0.1524,taihu_thqbca_v2,2.892933333333333,taihu_thqbca_v2,11.50516795865633,taihu_thqbca_v2,,,,,train
TAIHU_WHOLE,2009-11,lake_subregion,4.986734313412166,10.92751015134736,0.7887450297619047,0.0300290949404761,0.6987364360119049,7.788300595238095,0.3672093869047618,0.032142625595238,2.68972875,0.1316149761904762,10.0,,,,,,,,,,,,3.0848,0.14907740795713584,30.0,,,,,,,,,,,,,,,,,,,,,False,,,,2329.357405,0.5138400197029114,0.5113428545961378,太湖全湖(18/17点位均值),,,,,0.1316149761904762,taihu_thqbca_v2,2.68972875,taihu_thqbca_v2,10.92751015134736,taihu_thqbca_v2,,,,,train
TAIHU_WT,2009-11,lake_subregion,4.574944071588368,10.784883720930232,0.8386250000000001,0.02736375,0.8024062500000001,7.757499999999999,0.226074,0.0288125,2.96035,0.1147,10.0,,,,,,,,,,,,3.0848,0.14907740795713584,30.0,,,,,,,,,,,,,,,,,,,,,False,,,,2329.357405,0.5138400197029114,0.5113428545961378,"TAIHU_WT(湖区均值,无坐标)",,,,,0.1147,taihu_thqbca_v2,2.96035,taihu_thqbca_v2,10.784883720930232,taihu_thqbca_v2,,,,,train
TAIHU_XK,2009-11,lake_subregion,4.225503355704698,11.42248062015504,0.29514,0.0048172,0.2259525,7.802,0.126136,0.0102766,1.26698,0.068486,10.0,,,,,,,,,,,,3.0848,0.14907740795713584,30.0,,,,,,,,,,,,,,,,,,,,,False,,,,2329.357405,0.5138400197029114,0.5113428545961378,"TAIHU_XK(湖区均值,无坐标)",,,,,0.068486,taihu_thqbca_v2,1.26698,taihu_thqbca_v2,11.42248062015504,taihu_thqbca_v2,,,,,train
TAIHU_ZS,2009-11,lake_subregion,6.0,8.866279069767442,2.0939,0.106385,1.8076875,7.665,0.59276,0.082895,5.838,0.2266,10.0,,,,,,,,,,,,3.0848,0.14907740795713584,30.0,,,,,,,,,,,,,,,,,,,,,False,,,,2329.357405,0.5138400197029114,0.5113428545961378,"TAIHU_ZS(湖区均值,无坐标)",,,,,0.2266,taihu_thqbca_v2,5.838,taihu_thqbca_v2,8.866279069767442,taihu_thqbca_v2,,,,,train
NASA_POWER_120.300_31.200,2009-12,grid_point,,,,,,,,,,,,4.577970430107527,1348.35,3.7463440860215056,205.08575268817202,90.04774193548387,,,,,,,3.1900430107526883,0.039710875638375755,31.0,,,,,,,,,,,,,,,,,,,,,False,1.0,31.2,120.3,2329.357405,0.5138400197029114,0.5113428545961378,太湖区格点 NASA_POWER_120.300_31.200,120.3,31.2,,,,,,,,,,,,,train
NASA_POWER_120.300_31.200,2010-01,grid_point,,,,,,,,,,,,3.590456989247312,946.08,3.980658602150538,160.2459677419355,99.65306451612904,,,,,,,3.039483870967742,0.0709739043702202,31.0,,,,,,,,,,,,,,,,,,,,,False,1.0,31.2,120.3,2329.357405,0.5138400197029114,0.5113428545961378,太湖区格点 NASA_POWER_120.300_31.200,120.3,31.2,,,,,,,,,,,,,train
NASA_POWER_120.300_31.200,2010-02,grid_point,,,,,,,,,,,,6.39,2780.86,4.4339732142857144,154.05014880952382,96.75105654761904,,,,,,,3.0976190476190477,0.10890663930475576,28.0,,,,,,,,,,,,,,,,,,,,,False,1.0,31.2,120.3,2329.357405,0.5138400197029114,0.5113428545961378,太湖区格点 NASA_POWER_120.300_31.200,120.3,31.2,,,,,,,,,,,,,train
TAIHU_CT,2010-02,lake_subregion,3.904980842911879,12.007684918347742,0.8638,0.0137516666666666,1.5607999999999995,7.776666666666667,0.799,0.0050036666666666,3.4080666666666666,0.0820699999999999,10.0,,,,,,,,,,,,3.0976190476190477,0.10890663930475576,28.0,,,,,,,,,,,,,,,,,,,,,False,,,,2329.357405,0.5138400197029114,0.5113428545961378,"TAIHU_CT(湖区均值,无坐标)",,,,,0.0820699999999999,taihu_thqbca_v2,3.4080666666666666,taihu_thqbca_v2,12.007684918347742,taihu_thqbca_v2,,,,,train
TAIHU_ET,2010-02,lake_subregion,3.733333333333334,11.296829971181555,0.4982,0.0068693333333333,0.5864333333333333,7.846666666666667,0.8587999999999998,0.0034526666666666,1.8941666666666668,0.0630033333333333,10.0,,,,,,,,,,,,3.0976190476190477,0.10890663930475576,28.0,,,,,,,,,,,,,,,,,,,,,False,,,,2329.357405,0.5138400197029114,0.5113428545961378,"TAIHU_ET(湖区均值,无坐标)",,,,,0.0630033333333333,taihu_thqbca_v2,1.8941666666666668,taihu_thqbca_v2,11.296829971181555,taihu_thqbca_v2,,,,,train
TAIHU_GH,2010-02,lake_subregion,3.736398467432951,12.315081652257442,0.3965,0.00732,0.9649666666666666,7.876666666666668,2.9304,0.0049136666666666,2.2193666666666667,0.0469233333333333,10.0,,,,,,,,,,,,3.0976190476190477,0.10890663930475576,28.0,,,,,,,,,,,,,,,,,,,,,False,,,,2329.357405,0.5138400197029114,0.5113428545961378,"TAIHU_GH(湖区均值,无坐标)",,,,,0.0469233333333333,taihu_thqbca_v2,2.2193666666666667,taihu_thqbca_v2,12.315081652257442,taihu_thqbca_v2,,,,,train
TAIHU_ML,2010-02,lake_subregion,4.6909688013136295,12.641690682036502,0.6595571428571427,0.0186171428571428,2.1163857142857148,7.862857142857143,4.3452142857142855,0.0035904285714285,3.6980142857142857,0.0716414285714285,10.0,,,,,,,,,,,,3.0976190476190477,0.10890663930475576,28.0,,,,,,,,,,,,,,,,,,,,,False,,,,2329.357405,0.5138400197029114,0.5113428545961378,"TAIHU_ML(湖区均值,无坐标)",,,,,0.0716414285714285,taihu_thqbca_v2,3.6980142857142857,taihu_thqbca_v2,12.641690682036502,taihu_thqbca_v2,,,,,train
TAIHU_ST,2010-02,lake_subregion,3.4544061302682008,11.482548831252002,0.8766000000000002,0.0195803333333333,1.3168666666666666,7.773333333333333,1.3854000000000004,0.006322,3.046733333333333,0.0583066666666666,10.0,,,,,,,,,,,,3.0976190476190477,0.10890663930475576,28.0,,,,,,,,,,,,,,,,,,,,,False,,,,2329.357405,0.5138400197029114,0.5113428545961378,"TAIHU_ST(湖区均值,无坐标)",,,,,0.0583066666666666,taihu_thqbca_v2,3.046733333333333,taihu_thqbca_v2,11.482548831252002,taihu_thqbca_v2,,,,,train
TAIHU_WHOLE,2010-02,lake_subregion,4.288229337712098,11.537624079410822,1.098620892857143,0.0279865032738095,1.6659240476190478,7.802648809523809,1.9252517857142852,0.0131918473214285,3.7344747023809526,0.0843770327380952,10.0,,,,,,,,,,,,3.0976190476190477,0.10890663930475576,28.0,,,,,,,,,,,,,,,,,,,,,False,,,,2329.357405,0.5138400197029114,0.5113428545961378,太湖全湖(18/17点位均值),,,,,0.0843770327380952,taihu_thqbca_v2,3.7344747023809526,taihu_thqbca_v2,11.537624079410822,taihu_thqbca_v2,,,,,train
TAIHU_WT,2010-02,lake_subregion,4.517241379310347,11.047070124879925,1.6486000000000005,0.03442275,2.4438500000000003,7.720000000000001,0.6135,0.02464175,5.185250000000001,0.1195375,10.0,,,,,,,,,,,,3.0976190476190477,0.10890663930475576,28.0,,,,,,,,,,,,,,,,,,,,,False,,,,2329.357405,0.5138400197029114,0.5113428545961378,"TAIHU_WT(湖区均值,无坐标)",,,,,0.1195375,taihu_thqbca_v2,5.185250000000001,taihu_thqbca_v2,11.047070124879925,taihu_thqbca_v2,,,,,train
TAIHU_XK,2010-02,lake_subregion,4.020229885057472,11.88472622478386,0.41906,0.0122308,0.76694,7.9300000000000015,2.67,0.0033355999999999,2.3577000000000004,0.060134,10.0,,,,,,,,,,,,3.0976190476190477,0.10890663930475576,28.0,,,,,,,,,,,,,,,,,,,,,False,,,,2329.357405,0.5138400197029114,0.5113428545961378,"TAIHU_XK(湖区均值,无坐标)",,,,,0.060134,taihu_thqbca_v2,2.3577000000000004,taihu_thqbca_v2,11.88472622478386,taihu_thqbca_v2,,,,,train
TAIHU_ZS,2010-02,lake_subregion,6.248275862068967,9.62536023054755,3.4266500000000004,0.1110999999999999,3.57115,7.635,1.7997,0.054275,8.0665,0.1734,10.0,,,,,,,,,,,,3.0976190476190477,0.10890663930475576,28.0,,,,,,,,,,,,,,,,,,,,,False,,,,2329.357405,0.5138400197029114,0.5113428545961378,"TAIHU_ZS(湖区均值,无坐标)",,,,,0.1734,taihu_thqbca_v2,8.0665,taihu_thqbca_v2,9.62536023054755,taihu_thqbca_v2,,,,,train
NASA_POWER_120.300_31.200,2010-03,grid_point,,,,,,,,,,,,8.44758064516129,4902.79,5.240161290322581,152.06559139784946,135.27032258064514,,,,,,,3.5294086021505375,0.15786423397331287,31.0,,,,,,,,,,,,,,,,,,,,,False,1.0,31.2,120.3,2329.357405,0.5138400197029114,0.5113428545961378,太湖区格点 NASA_POWER_120.300_31.200,120.3,31.2,,,,,,,,,,,,,train
NASA_POWER_120.300_31.200,2010-04,grid_point,,,,,,,,,,,,12.476902777777779,3128.16,4.593583333333333,149.41194444444446,162.05352777777776,,,,,,,3.3760666666666665,0.05539917146703298,30.0,,,,,,,,,,,,,,,,,,,,,False,1.0,31.2,120.3,2329.357405,0.5138400197029114,0.5113428545961378,太湖区格点 NASA_POWER_120.300_31.200,120.3,31.2,,,,,,,,,,,,,train
NASA_POWER_120.300_31.200,2010-05,grid_point,,,,,,,,,,,,20.405188172043008,1880.95,4.49760752688172,159.12647849462365,183.7328360215054,,,,,,,3.25547311827957,0.06946066161896819,31.0,,,,,,,,,,,,,,,,,,,,,False,1.0,31.2,120.3,2329.357405,0.5138400197029114,0.5113428545961378,太湖区格点 NASA_POWER_120.300_31.200,120.3,31.2,,,,,,,,,,,,,train
TAIHU_CT,2010-05,lake_subregion,3.677221654749745,8.155600268276324,0.7809333333333334,0.020297,2.2660666666666667,7.859999999999999,0.658,0.0103156666666666,4.481133333333333,0.09171,10.0,,,,,,,,,,,,3.25547311827957,0.06946066161896819,31.0,,,,,,,,,,,,,,,,,,,,,False,,,,2329.357405,0.5138400197029114,0.5113428545961378,"TAIHU_CT(湖区均值,无坐标)",,,,,0.09171,taihu_thqbca_v2,4.481133333333333,taihu_thqbca_v2,8.155600268276324,taihu_thqbca_v2,,,,,train
TAIHU_ET,2010-05,lake_subregion,4.243370485688071,8.504359490274984,0.3584,0.0095246666666666,1.1335333333333333,7.906666666666666,3.5538,0.0028279,2.690333333333333,0.06672,10.0,,,,,,,,,,,,3.25547311827957,0.06946066161896819,31.0,,,,,,,,,,,,,,,,,,,,,False,,,,2329.357405,0.5138400197029114,0.5113428545961378,"TAIHU_ET(湖区均值,无坐标)",,,,,0.06672,taihu_thqbca_v2,2.690333333333333,taihu_thqbca_v2,8.504359490274984,taihu_thqbca_v2,,,,,train
TAIHU_GH,2010-05,lake_subregion,3.319982004969145,7.914151576123406,0.5570333333333333,0.01706,2.1059,7.88,0.377,0.0061963333333333,3.6475,0.0728966666666666,10.0,,,,,,,,,,,,3.25547311827957,0.06946066161896819,31.0,,,,,,,,,,,,,,,,,,,,,False,,,,2329.357405,0.5138400197029114,0.5113428545961378,"TAIHU_GH(湖区均值,无坐标)",,,,,0.0728966666666666,taihu_thqbca_v2,3.6475,taihu_thqbca_v2,7.914151576123406,taihu_thqbca_v2,,,,,train
TAIHU_ML,2010-05,lake_subregion,4.052252787598667,7.847082494969819,0.5892999999999999,0.0382214285714285,2.074785714285714,7.797142857142857,0.4264457142857142,0.0169957142857142,4.194300000000001,0.1137528571428571,10.0,,,,,,,,,,,,3.25547311827957,0.06946066161896819,31.0,,,,,,,,,,,,,,,,,,,,,False,,,,2329.357405,0.5138400197029114,0.5113428545961378,"TAIHU_ML(湖区均值,无坐标)",,,,,0.1137528571428571,taihu_thqbca_v2,4.194300000000001,taihu_thqbca_v2,7.847082494969819,taihu_thqbca_v2,,,,,train
TAIHU_ST,2010-05,lake_subregion,3.127000340483488,8.283031522468143,0.5219333333333332,0.0057083333333333,2.067466666666667,7.94,1.2808000000000002,0.0066803333333333,3.9979666666666662,0.05631,10.0,,,,,,,,,,,,3.25547311827957,0.06946066161896819,31.0,,,,,,,,,,,,,,,,,,,,,False,,,,2329.357405,0.5138400197029114,0.5113428545961378,"TAIHU_ST(湖区均值,无坐标)",,,,,0.05631,taihu_thqbca_v2,3.9979666666666662,taihu_thqbca_v2,8.283031522468143,taihu_thqbca_v2,,,,,train
TAIHU_WHOLE,2010-05,lake_subregion,3.9205728502804456,8.03797786720322,0.583303125,0.0384176598214285,1.885701547619048,7.83078869047619,1.2676375892857144,0.0163770122023809,4.029146666666667,0.1042380029761904,10.0,,,,,,,,,,,,3.25547311827957,0.06946066161896819,31.0,,,,,,,,,,,,,,,,,,,,,False,,,,2329.357405,0.5138400197029114,0.5113428545961378,太湖全湖(18/17点位均值),,,,,0.1042380029761904,taihu_thqbca_v2,4.029146666666667,taihu_thqbca_v2,8.03797786720322,taihu_thqbca_v2,,,,,train
TAIHU_WT,2010-05,lake_subregion,4.19203268641471,8.028169014084508,0.431125,0.03574325,1.96885,7.7775,2.382915,0.01821575,4.3074,0.1263025,10.0,,,,,,,,,,,,3.25547311827957,0.06946066161896819,31.0,,,,,,,,,,,,,,,,,,,,,False,,,,2329.357405,0.5138400197029114,0.5113428545961378,"TAIHU_WT(湖区均值,无坐标)",,,,,0.1263025,taihu_thqbca_v2,4.3074,taihu_thqbca_v2,8.028169014084508,taihu_thqbca_v2,,,,,train
TAIHU_XK,2010-05,lake_subregion,3.710843373493975,8.217303822937627,0.4681,0.0060866,1.64676,7.980000000000001,0.7826400000000001,0.0044694,3.64424,0.071462,10.0,,,,,,,,,,,,3.25547311827957,0.06946066161896819,31.0,,,,,,,,,,,,,,,,,,,,,False,,,,2329.357405,0.5138400197029114,0.5113428545961378,"TAIHU_XK(湖区均值,无坐标)",,,,,0.071462,taihu_thqbca_v2,3.64424,taihu_thqbca_v2,8.217303822937627,taihu_thqbca_v2,,,,,train
TAIHU_ZS,2010-05,lake_subregion,5.041879468845762,7.354124748490946,0.9596,0.1747,1.82225,7.505,0.6795,0.065315,5.270300000000001,0.23475,10.0,,,,,,,,,,,,3.25547311827957,0.06946066161896819,31.0,,,,,,,,,,,,,,,,,,,,,False,,,,2329.357405,0.5138400197029114,0.5113428545961378,"TAIHU_ZS(湖区均值,无坐标)",,,,,0.23475,taihu_thqbca_v2,5.270300000000001,taihu_thqbca_v2,7.354124748490946,taihu_thqbca_v2,,,,,train
NASA_POWER_120.300_31.200,2010-06,grid_point,,,,,,,,,,,,24.47861111111111,2501.64,3.777138888888889,155.46680555555557,173.4563888888889,,,,,,,3.144388888888889,0.04257039095970738,30.0,,,,,,,,,,,,,,,,,,,,,False,1.0,31.2,120.3,2329.357405,0.5138400197029114,0.5113428545961378,太湖区格点 NASA_POWER_120.300_31.200,120.3,31.2,,,,,,,,,,,,,train
NASA_POWER_120.300_31.200,2010-07,grid_point,,,,,,,,,,,,28.249247311827954,5930.75,3.639220430107527,171.74395161290323,184.69127688172043,,,,,,,3.543795698924731,0.20765244605170063,31.0,,,,,,,,,,,,,,,,,,,,,False,1.0,31.2,120.3,2329.357405,0.5138400197029114,0.5113428545961378,太湖区格点 NASA_POWER_120.300_31.200,120.3,31.2,,,,,,,,,,,,,train
NASA_POWER_120.300_31.200,2010-08,grid_point,,,,,,,,,,,,29.765255376344083,2765.73,3.6217338709677422,172.80524193548388,226.80112903225807,,,,,,,3.394247311827957,0.0982598960332177,31.0,,,,,,,,,,,,,,,,,,,,,False,1.0,31.2,120.3,2329.357405,0.5138400197029114,0.5113428545961378,太湖区格点 NASA_POWER_120.300_31.200,120.3,31.2,,,,,,,,,,,,,train
TAIHU_CT,2010-08,lake_subregion,3.859078590785908,7.991877590579389,0.3021666666666666,0.0055776666666666,0.8396666666666667,7.95,0.7199733333333334,0.0072383333333333,2.335433333333333,0.0439033333333333,10.0,,,,,,,,,,,,3.394247311827957,0.0982598960332177,31.0,,,,,,,,,,,,,,,,,,,,,False,,,,2329.357405,0.5138400197029114,0.5113428545961378,"TAIHU_CT(湖区均值,无坐标)",,,,,0.0439033333333333,taihu_thqbca_v2,2.335433333333333,taihu_thqbca_v2,7.991877590579389,taihu_thqbca_v2,,,,,train
TAIHU_ET,2010-08,lake_subregion,3.9674796747967487,9.694606887589345,0.2070999999999999,0.0216543333333333,0.6209333333333333,7.826666666666667,2.26464,0.0054096666666666,1.8684,0.05143,10.0,,,,,,,,,,,,3.394247311827957,0.0982598960332177,31.0,,,,,,,,,,,,,,,,,,,,,False,,,,2329.357405,0.5138400197029114,0.5113428545961378,"TAIHU_ET(湖区均值,无坐标)",,,,,0.05143,taihu_thqbca_v2,1.8684,taihu_thqbca_v2,9.694606887589345,taihu_thqbca_v2,,,,,train
TAIHU_GH,2010-08,lake_subregion,5.501355013550136,11.10461338531514,0.2655666666666667,0.0042307666666666,0.1522333333333333,8.483333333333333,1.6620666666666666,0.0055396666666666,1.5354,0.0705033333333333,10.0,,,,,,,,,,,,3.394247311827957,0.0982598960332177,31.0,,,,,,,,,,,,,,,,,,,,,False,,,,2329.357405,0.5138400197029114,0.5113428545961378,"TAIHU_GH(湖区均值,无坐标)",,,,,0.0705033333333333,taihu_thqbca_v2,1.5354,taihu_thqbca_v2,11.10461338531514,taihu_thqbca_v2,,,,,train
TAIHU_ML,2010-08,lake_subregion,4.857637588256497,12.406015037593985,0.1928857142857143,0.0047528285714285,0.2494571428571428,8.094285714285714,6.758062857142858,0.005993,1.8476857142857144,0.0956642857142857,10.0,,,,,,,,,,,,3.394247311827957,0.0982598960332177,31.0,,,,,,,,,,,,,,,,,,,,,False,,,,2329.357405,0.5138400197029114,0.5113428545961378,"TAIHU_ML(湖区均值,无坐标)",,,,,0.0956642857142857,taihu_thqbca_v2,1.8476857142857144,taihu_thqbca_v2,12.406015037593985,taihu_thqbca_v2,,,,,train
TAIHU_ST,2010-08,lake_subregion,2.6368563685636848,7.784275503573749,0.3715,0.0070856666666666,1.0694666666666666,7.893333333333333,6.1158666666666655,0.00675,2.2592666666666665,0.0221666666666666,10.0,,,,,,,,,,,,3.394247311827957,0.0982598960332177,31.0,,,,,,,,,,,,,,,,,,,,,False,,,,2329.357405,0.5138400197029114,0.5113428545961378,"TAIHU_ST(湖区均值,无坐标)",,,,,0.0221666666666666,taihu_thqbca_v2,2.2592666666666665,taihu_thqbca_v2,7.784275503573749,taihu_thqbca_v2,,,,,train
TAIHU_WHOLE,2010-08,lake_subregion,4.601581392299001,9.259978618807573,0.324063005952381,0.0227086546130952,0.5957908928571428,8.10551488095238,2.7021386904761906,0.0147228458333333,2.225830089285714,0.0948728273809523,10.0,,,,,,,,,,,,3.394247311827957,0.0982598960332177,31.0,,,,,,,,,,,,,,,,,,,,,False,,,,2329.357405,0.5138400197029114,0.5113428545961378,太湖全湖(18/17点位均值),,,,,0.0948728273809523,taihu_thqbca_v2,2.225830089285714,taihu_thqbca_v2,9.259978618807573,taihu_thqbca_v2,,,,,train
TAIHU_WT,2010-08,lake_subregion,5.146341463414633,7.295321637426901,0.313325,0.037259475,0.61985,8.1675,1.93494,0.0164595,2.572175,0.130555,10.0,,,,,,,,,,,,3.394247311827957,0.0982598960332177,31.0,,,,,,,,,,,,,,,,,,,,,False,,,,2329.357405,0.5138400197029114,0.5113428545961378,"TAIHU_WT(湖区均值,无坐标)",,,,,0.130555,taihu_thqbca_v2,2.572175,taihu_thqbca_v2,7.295321637426901,taihu_thqbca_v2,,,,,train
TAIHU_XK,2010-08,lake_subregion,2.7707317073170743,8.865497076023392,0.22826,0.006763,0.61742,8.014,0.44856,0.0051726,1.53788,0.01366,10.0,,,,,,,,,,,,3.394247311827957,0.0982598960332177,31.0,,,,,,,,,,,,,,,,,,,,,False,,,,2329.357405,0.5138400197029114,0.5113428545961378,"TAIHU_XK(湖区均值,无坐标)",,,,,0.01366,taihu_thqbca_v2,1.53788,taihu_thqbca_v2,8.865497076023392,taihu_thqbca_v2,,,,,train
TAIHU_ZS,2010-08,lake_subregion,8.073170731707318,8.937621832358674,0.7117,0.0943455,0.5972999999999999,8.415000000000001,1.713,0.06522,3.850400000000001,0.3311,10.0,,,,,,,,,,,,3.394247311827957,0.0982598960332177,31.0,,,,,,,,,,,,,,,,,,,,,False,,,,2329.357405,0.5138400197029114,0.5113428545961378,"TAIHU_ZS(湖区均值,无坐标)",,,,,0.3311,taihu_thqbca_v2,3.850400000000001,taihu_thqbca_v2,8.937621832358674,taihu_thqbca_v2,,,,,train
NASA_POWER_120.300_31.200,2010-09,grid_point,,,,,,,,,,,,25.219458333333332,3649.94,4.187319444444444,107.42805555555555,161.69459722222223,,,,,,,3.3227666666666664,0.04475948068410874,30.0,,,,,,,,,,,,,,,,,,,,,False,1.0,31.2,120.3,2329.357405,0.5138400197029114,0.5113428545961378,太湖区格点 NASA_POWER_120.300_31.200,120.3,31.2,,,,,,,,,,,,,train
NASA_POWER_120.300_31.200,2010-10,grid_point,,,,,,,,,,,,17.59899193548387,2167.56,4.454354838709677,125.03037634408602,126.79923387096775,,,,,,,3.2726021505376344,0.04271129778154713,31.0,,,,,,,,,,,,,,,,,,,,,False,1.0,31.2,120.3,2329.357405,0.5138400197029114,0.5113428545961378,太湖区格点 NASA_POWER_120.300_31.200,120.3,31.2,,,,,,,,,,,,,train
NASA_POWER_120.300_31.200,2010-11,grid_point,,,,,,,,,,,,12.139999999999999,312.17,3.395027777777778,155.74444444444444,118.22869444444444,,,,,,,3.2402777777777776,0.08295999512913634,30.0,,,,,,,,,,,,,,,,,,,,,False,1.0,31.2,120.3,2329.357405,0.5138400197029114,0.5113428545961378,太湖区格点 NASA_POWER_120.300_31.200,120.3,31.2,,,,,,,,,,,,,train
TAIHU_CT,2010-11,lake_subregion,4.586666666666667,9.465748934775483,0.3106666666666666,0.0049056666666666,0.1398333333333333,8.12,4.9299333333333335,0.0064173333333333,1.118766666666667,0.0624466666666666,10.0,,,,,,,,,,,,3.2402777777777776,0.08295999512913634,30.0,,,,,,,,,,,,,,,,,,,,,False,,,,2329.357405,0.5138400197029114,0.5113428545961378,"TAIHU_CT(湖区均值,无坐标)",,,,,0.0624466666666666,taihu_thqbca_v2,1.118766666666667,taihu_thqbca_v2,9.465748934775483,taihu_thqbca_v2,,,,,train
TAIHU_ET,2010-11,lake_subregion,3.79,9.538682399213371,0.2545666666666666,0.0038979999999999,0.0871533333333333,8.036666666666667,3.13808,0.0014758333333333,0.7018999999999999,0.03248,10.0,,,,,,,,,,,,3.2402777777777776,0.08295999512913634,30.0,,,,,,,,,,,,,,,,,,,,,False,,,,2329.357405,0.5138400197029114,0.5113428545961378,"TAIHU_ET(湖区均值,无坐标)",,,,,0.03248,taihu_thqbca_v2,0.7018999999999999,taihu_thqbca_v2,9.538682399213371,taihu_thqbca_v2,,,,,train
TAIHU_GH,2010-11,lake_subregion,4.24,9.511635529334644,0.6418666666666667,0.0205276666666666,0.6670466666666667,8.170000000000002,3.170653333333333,0.015411,1.8021666666666667,0.0628,10.0,,,,,,,,,,,,3.2402777777777776,0.08295999512913634,30.0,,,,,,,,,,,,,,,,,,,,,False,,,,2329.357405,0.5138400197029114,0.5113428545961378,"TAIHU_GH(湖区均值,无坐标)",,,,,0.0628,taihu_thqbca_v2,1.8021666666666667,taihu_thqbca_v2,9.511635529334644,taihu_thqbca_v2,,,,,train
TAIHU_ML,2010-11,lake_subregion,5.895714285714285,9.217586739710637,0.4369285714285714,0.0132668571428571,0.5364142857142857,8.122857142857145,8.849894285714287,0.0075607142857142,2.313657142857142,0.1194171428571428,10.0,,,,,,,,,,,,3.2402777777777776,0.08295999512913634,30.0,,,,,,,,,,,,,,,,,,,,,False,,,,2329.357405,0.5138400197029114,0.5113428545961378,"TAIHU_ML(湖区均值,无坐标)",,,,,0.1194171428571428,taihu_thqbca_v2,2.313657142857142,taihu_thqbca_v2,9.217586739710637,taihu_thqbca_v2,,,,,train
TAIHU_ST,2010-11,lake_subregion,3.83,9.47230416256965,0.2865,0.0053106666666666,0.1210666666666666,8.053333333333335,0.607,0.0063783333333333,1.0079,0.04347,10.0,,,,,,,,,,,,3.2402777777777776,0.08295999512913634,30.0,,,,,,,,,,,,,,,,,,,,,False,,,,2329.357405,0.5138400197029114,0.5113428545961378,"TAIHU_ST(湖区均值,无坐标)",,,,,0.04347,taihu_thqbca_v2,1.0079,taihu_thqbca_v2,9.47230416256965,taihu_thqbca_v2,,,,,train
TAIHU_WHOLE,2010-11,lake_subregion,4.401610119047619,9.295656225125253,0.5966023214285714,0.0282280821428571,0.4768720357142857,8.067794642857143,5.08332261904762,0.0233529855357142,1.8407819345238097,0.0800375386904762,10.0,,,,,,,,,,,,3.2402777777777776,0.08295999512913634,30.0,,,,,,,,,,,,,,,,,,,,,False,,,,2329.357405,0.5138400197029114,0.5113428545961378,太湖全湖(18/17点位均值),,,,,0.0800375386904762,taihu_thqbca_v2,1.8407819345238097,taihu_thqbca_v2,9.295656225125253,taihu_thqbca_v2,,,,,train
TAIHU_WT,2010-11,lake_subregion,4.9875,9.188790560471976,0.6404500000000001,0.0344815,0.4377,8.1325,7.2362600000000015,0.01941025,2.308325,0.1069024999999999,10.0,,,,,,,,,,,,3.2402777777777776,0.08295999512913634,30.0,,,,,,,,,,,,,,,,,,,,,False,,,,2329.357405,0.5138400197029114,0.5113428545961378,"TAIHU_WT(湖区均值,无坐标)",,,,,0.1069024999999999,taihu_thqbca_v2,2.308325,taihu_thqbca_v2,9.188790560471976,taihu_thqbca_v2,,,,,train
TAIHU_XK,2010-11,lake_subregion,3.5080000000000005,9.710914454277288,0.18954,0.0014843,0.0725619999999999,8.032,0.6668,0.00237042,0.51664,0.021784,10.0,,,,,,,,,,,,3.2402777777777776,0.08295999512913634,30.0,,,,,,,,,,,,,,,,,,,,,False,,,,2329.357405,0.5138400197029114,0.5113428545961378,"TAIHU_XK(湖区均值,无坐标)",,,,,0.021784,taihu_thqbca_v2,0.51664,taihu_thqbca_v2,9.710914454277288,taihu_thqbca_v2,,,,,train
TAIHU_ZS,2010-11,lake_subregion,4.375,8.259587020648969,2.0123,0.14195,1.7532,7.875,12.06796,0.1278,4.9569,0.191,10.0,,,,,,,,,,,,3.2402777777777776,0.08295999512913634,30.0,,,,,,,,,,,,,,,,,,,,,False,,,,2329.357405,0.5138400197029114,0.5113428545961378,"TAIHU_ZS(湖区均值,无坐标)",,,,,0.191,taihu_thqbca_v2,4.9569,taihu_thqbca_v2,8.259587020648969,taihu_thqbca_v2,,,,,train
NASA_POWER_120.300_31.200,2010-12,grid_point,,,,,,,,,,,,5.8758602150537635,1032.86,4.897903225806451,199.56290322580642,110.6119623655914,,,,,,,3.058182795698925,0.05516438993017134,31.0,,,,,,,,,,,,,,,,,,,,,False,1.0,31.2,120.3,2329.357405,0.5138400197029114,0.5113428545961378,太湖区格点 NASA_POWER_120.300_31.200,120.3,31.2,,,,,,,,,,,,,train
NASA_POWER_120.300_31.200,2011-01,grid_point,,,,,,,,,,,,-0.2530107526881721,744.07,3.7438575268817202,172.80752688172043,107.60670698924731,,,,,,,2.957774193548387,0.03635120733608334,31.0,,,,,,,,,,,,,,,,,,,,,False,1.0,31.2,120.3,2329.357405,0.5138400197029114,0.5113428545961378,太湖区格点 NASA_POWER_120.300_31.200,120.3,31.2,,,,,,,,,,,,,train
NASA_POWER_120.300_31.200,2011-02,grid_point,,,,,,,,,,,,5.271354166666667,564.44,3.8688244047619045,153.30684523809524,111.42534226190476,,,,,,,2.9076666666666666,0.03462176579359635,28.0,,,,,,,,,,,,,,,,,,,,,False,1.0,31.2,120.3,2329.357405,0.5138400197029114,0.5113428545961378,太湖区格点 NASA_POWER_120.300_31.200,120.3,31.2,,,,,,,,,,,,,train
TAIHU_CT,2011-02,lake_subregion,5.056022408963586,12.164624568017594,0.4626666666666666,0.0126923333333333,0.6552333333333334,8.073333333333334,1.8836,0.0090616666666666,2.6434,0.1064433333333333,10.0,,,,,,,,,,,,2.9076666666666666,0.03462176579359635,28.0,,,,,,,,,,,,,,,,,,,,,False,,,,2329.357405,0.5138400197029114,0.5113428545961378,"TAIHU_CT(湖区均值,无坐标)",,,,,0.1064433333333333,taihu_thqbca_v2,2.6434,taihu_thqbca_v2,12.164624568017594,taihu_thqbca_v2,,,,,train
TAIHU_ET,2011-02,lake_subregion,4.445378151260504,11.944706251963558,0.2237666666666666,0.0027106666666666,0.2113666666666666,8.033333333333333,0.9515,0.0056246666666666,1.3782,0.0676733333333333,10.0,,,,,,,,,,,,2.9076666666666666,0.03462176579359635,28.0,,,,,,,,,,,,,,,,,,,,,False,,,,2329.357405,0.5138400197029114,0.5113428545961378,"TAIHU_ET(湖区均值,无坐标)",,,,,0.0676733333333333,taihu_thqbca_v2,1.3782,taihu_thqbca_v2,11.944706251963558,taihu_thqbca_v2,,,,,train
TAIHU_GH,2011-02,lake_subregion,3.4229691876750707,11.731071316368208,0.5816666666666667,0.0212366666666666,1.205566666666667,8.043333333333335,1.3594,0.020739,2.7936333333333336,0.0891333333333333,10.0,,,,,,,,,,,,2.9076666666666666,0.03462176579359635,28.0,,,,,,,,,,,,,,,,,,,,,False,,,,2329.357405,0.5138400197029114,0.5113428545961378,"TAIHU_GH(湖区均值,无坐标)",,,,,0.0891333333333333,taihu_thqbca_v2,2.7936333333333336,taihu_thqbca_v2,11.731071316368208,taihu_thqbca_v2,,,,,train
TAIHU_ML,2011-02,lake_subregion,5.160864345738297,11.673623266460211,0.7823857142857141,0.0227785714285714,1.1274285714285714,7.948571428571428,3.325114285714285,0.008917,3.640242857142856,0.0922357142857143,10.0,,,,,,,,,,,,2.9076666666666666,0.03462176579359635,28.0,,,,,,,,,,,,,,,,,,,,,False,,,,2329.357405,0.5138400197029114,0.5113428545961378,"TAIHU_ML(湖区均值,无坐标)",,,,,0.0922357142857143,taihu_thqbca_v2,3.640242857142856,taihu_thqbca_v2,11.673623266460211,taihu_thqbca_v2,,,,,train
TAIHU_ST,2011-02,lake_subregion,5.084033613445379,11.919572730128811,0.3873,0.0060019999999999,0.3426333333333333,8.056666666666667,0.1561,0.01368,2.082733333333333,0.1288666666666666,10.0,,,,,,,,,,,,2.9076666666666666,0.03462176579359635,28.0,,,,,,,,,,,,,,,,,,,,,False,,,,2329.357405,0.5138400197029114,0.5113428545961378,"TAIHU_ST(湖区均值,无坐标)",,,,,0.1288666666666666,taihu_thqbca_v2,2.082733333333333,taihu_thqbca_v2,11.919572730128811,taihu_thqbca_v2,,,,,train
TAIHU_WHOLE,2011-02,lake_subregion,4.7875450180072034,11.66506216058525,1.0369388392857142,0.0206620422619047,0.7391660714285715,8.030717261904762,1.5187430357142857,0.0167179416666666,3.0892818154761903,0.1207686101190476,10.0,,,,,,,,,,,,2.9076666666666666,0.03462176579359635,28.0,,,,,,,,,,,,,,,,,,,,,False,,,,2329.357405,0.5138400197029114,0.5113428545961378,太湖全湖(18/17点位均值),,,,,0.1207686101190476,taihu_thqbca_v2,3.0892818154761903,taihu_thqbca_v2,11.66506216058525,taihu_thqbca_v2,,,,,train
TAIHU_WT,2011-02,lake_subregion,5.138655462184874,11.413760603204526,1.360675,0.0204125,0.6272,8.0625,0.37065,0.0429099999999999,3.642675,0.2083725,10.0,,,,,,,,,,,,2.9076666666666666,0.03462176579359635,28.0,,,,,,,,,,,,,,,,,,,,,False,,,,2329.357405,0.5138400197029114,0.5113428545961378,"TAIHU_WT(湖区均值,无坐标)",,,,,0.2083725,taihu_thqbca_v2,3.642675,taihu_thqbca_v2,11.413760603204526,taihu_thqbca_v2,,,,,train
TAIHU_XK,2011-02,lake_subregion,4.173109243697479,11.954759660697457,0.3418,0.0067085999999999,0.431,8.028,2.68548,0.0082162,1.82332,0.066174,10.0,,,,,,,,,,,,2.9076666666666666,0.03462176579359635,28.0,,,,,,,,,,,,,,,,,,,,,False,,,,2329.357405,0.5138400197029114,0.5113428545961378,"TAIHU_XK(湖区均值,无坐标)",,,,,0.066174,taihu_thqbca_v2,1.82332,taihu_thqbca_v2,11.954759660697457,taihu_thqbca_v2,,,,,train
TAIHU_ZS,2011-02,lake_subregion,5.819327731092438,10.51837888784166,4.1552500000000006,0.072755,1.3129,8.0,1.4181,0.024595,6.71005,0.20725,10.0,,,,,,,,,,,,2.9076666666666666,0.03462176579359635,28.0,,,,,,,,,,,,,,,,,,,,,False,,,,2329.357405,0.5138400197029114,0.5113428545961378,"TAIHU_ZS(湖区均值,无坐标)",,,,,0.20725,taihu_thqbca_v2,6.71005,taihu_thqbca_v2,10.51837888784166,taihu_thqbca_v2,,,,,train
NASA_POWER_120.300_31.200,2011-03,grid_point,,,,,,,,,,,,9.037836021505376,1021.15,4.163252688172043,168.32083333333333,162.97497311827956,,,,,,,2.8744838709677416,0.0386808248705256,31.0,,,,,,,,,,,,,,,,,,,,,False,1.0,31.2,120.3,2329.357405,0.5138400197029114,0.5113428545961378,太湖区格点 NASA_POWER_120.300_31.200,120.3,31.2,,,,,,,,,,,,,train
NASA_POWER_120.300_31.200,2011-04,grid_point,,,,,,,,,,,,16.435138888888886,989.77,4.451180555555555,169.0951388888889,201.50805555555553,,,,,,,2.843433333333333,0.04263299227888346,30.0,,,,,,,,,,,,,,,,,,,,,False,1.0,31.2,120.3,2329.357405,0.5138400197029114,0.5113428545961378,太湖区格点 NASA_POWER_120.300_31.200,120.3,31.2,,,,,,,,,,,,,train
NASA_POWER_120.300_31.200,2011-05,grid_point,,,,,,,,,,,,22.344435483870967,1094.52,4.198602150537635,168.55416666666667,196.13137096774193,,,,,,,2.7763870967741933,0.052210691169543556,31.0,,,,,,,,,,,,,,,,,,,,,False,1.0,31.2,120.3,2329.357405,0.5138400197029114,0.5113428545961378,太湖区格点 NASA_POWER_120.300_31.200,120.3,31.2,,,,,,,,,,,,,train
TAIHU_CT,2011-05,lake_subregion,3.3557422969187694,7.995889003083247,0.3071,0.0100683333333333,0.8569,8.253333333333332,0.086,0.0058676666666666,2.6613,0.0648166666666666,10.0,,,,,,,,,,,,2.7763870967741933,0.052210691169543556,31.0,,,,,,,,,,,,,,,,,,,,,False,,,,2329.357405,0.5138400197029114,0.5113428545961378,"TAIHU_CT(湖区均值,无坐标)",,,,,0.0648166666666666,taihu_thqbca_v2,2.6613,taihu_thqbca_v2,7.995889003083247,taihu_thqbca_v2,,,,,train
TAIHU_ET,2011-05,lake_subregion,4.621848739495799,9.146968139773897,0.3269999999999999,0.0099653333333333,0.31333,8.326666666666666,2.10668,0.0038156666666666,1.6427666666666667,0.0513066666666666,10.0,,,,,,,,,,,,2.7763870967741933,0.052210691169543556,31.0,,,,,,,,,,,,,,,,,,,,,False,,,,2329.357405,0.5138400197029114,0.5113428545961378,"TAIHU_ET(湖区均值,无坐标)",,,,,0.0513066666666666,taihu_thqbca_v2,1.6427666666666667,taihu_thqbca_v2,9.146968139773897,taihu_thqbca_v2,,,,,train
TAIHU_GH,2011-05,lake_subregion,3.204481792717088,7.598492634463857,0.3501,0.0455999999999999,1.1346333333333334,8.36,1.665,0.0088506666666666,2.4832,0.08798,10.0,,,,,,,,,,,,2.7763870967741933,0.052210691169543556,31.0,,,,,,,,,,,,,,,,,,,,,False,,,,2329.357405,0.5138400197029114,0.5113428545961378,"TAIHU_GH(湖区均值,无坐标)",,,,,0.08798,taihu_thqbca_v2,2.4832,taihu_thqbca_v2,7.598492634463857,taihu_thqbca_v2,,,,,train
TAIHU_ML,2011-05,lake_subregion,3.5174069627851146,7.508442225811186,0.3662857142857142,0.0302471428571428,0.6469142857142858,8.162857142857144,0.1868228571428571,0.0107724285714285,2.3389,0.0671957142857142,10.0,,,,,,,,,,,,2.7763870967741933,0.052210691169543556,31.0,,,,,,,,,,,,,,,,,,,,,False,,,,2329.357405,0.5138400197029114,0.5113428545961378,"TAIHU_ML(湖区均值,无坐标)",,,,,0.0671957142857142,taihu_thqbca_v2,2.3389,taihu_thqbca_v2,7.508442225811186,taihu_thqbca_v2,,,,,train
TAIHU_ST,2011-05,lake_subregion,3.840336134453782,7.63960260363138,0.2951333333333333,0.0058049999999999,1.1014666666666668,8.290000000000001,0.1088,0.0053643333333333,2.6718333333333337,0.0708066666666666,10.0,,,,,,,,,,,,2.7763870967741933,0.052210691169543556,31.0,,,,,,,,,,,,,,,,,,,,,False,,,,2329.357405,0.5138400197029114,0.5113428545961378,"TAIHU_ST(湖区均值,无坐标)",,,,,0.0708066666666666,taihu_thqbca_v2,2.6718333333333337,taihu_thqbca_v2,7.63960260363138,taihu_thqbca_v2,,,,,train
TAIHU_WHOLE,2011-05,lake_subregion,3.920838335334135,7.700074634170215,0.4912111309523809,0.0476203886904761,0.9251886607142858,8.281107142857143,1.0490472321428572,0.0165510639880952,2.8773287500000007,0.0851224017857142,10.0,,,,,,,,,,,,2.7763870967741933,0.052210691169543556,31.0,,,,,,,,,,,,,,,,,,,,,False,,,,2329.357405,0.5138400197029114,0.5113428545961378,太湖全湖(18/17点位均值),,,,,0.0851224017857142,taihu_thqbca_v2,2.8773287500000007,taihu_thqbca_v2,7.700074634170215,taihu_thqbca_v2,,,,,train
TAIHU_WT,2011-05,lake_subregion,4.655462184873951,6.603288797533402,0.84325,0.1118725,1.568925,8.155000000000001,0.641205,0.02408775,4.23075,0.1215975,10.0,,,,,,,,,,,,2.7763870967741933,0.052210691169543556,31.0,,,,,,,,,,,,,,,,,,,,,False,,,,2329.357405,0.5138400197029114,0.5113428545961378,"TAIHU_WT(湖区均值,无坐标)",,,,,0.1215975,taihu_thqbca_v2,4.23075,taihu_thqbca_v2,6.603288797533402,taihu_thqbca_v2,,,,,train
TAIHU_XK,2011-05,lake_subregion,3.616806722689077,9.948612538540596,0.1958199999999999,0.0103997999999999,0.63234,8.456,0.3523199999999999,0.00236,1.77428,0.034876,10.0,,,,,,,,,,,,2.7763870967741933,0.052210691169543556,31.0,,,,,,,,,,,,,,,,,,,,,False,,,,2329.357405,0.5138400197029114,0.5113428545961378,"TAIHU_XK(湖区均值,无坐标)",,,,,0.034876,taihu_thqbca_v2,1.77428,taihu_thqbca_v2,9.948612538540596,taihu_thqbca_v2,,,,,train
TAIHU_ZS,2011-05,lake_subregion,4.554621848739497,5.1593011305241525,1.245,0.157005,1.147,8.245000000000001,3.2455500000000006,0.0712899999999999,5.2156,0.1824,10.0,,,,,,,,,,,,2.7763870967741933,0.052210691169543556,31.0,,,,,,,,,,,,,,,,,,,,,False,,,,2329.357405,0.5138400197029114,0.5113428545961378,"TAIHU_ZS(湖区均值,无坐标)",,,,,0.1824,taihu_thqbca_v2,5.2156,taihu_thqbca_v2,5.1593011305241525,taihu_thqbca_v2,,,,,train
NASA_POWER_120.300_31.200,2011-06,grid_point,,,,,,,,,,,,25.16104166666667,9687.66,4.034083333333333,152.03083333333333,143.04466666666667,,,,,,,3.301688888888889,0.4289890274774411,30.0,,,,,,,,,,,,,,,,,,,,,False,1.0,31.2,120.3,2329.357405,0.5138400197029114,0.5113428545961378,太湖区格点 NASA_POWER_120.300_31.200,120.3,31.2,,,,,,,,,,,,,train
NASA_POWER_120.300_31.200,2011-07,grid_point,,,,,,,,,,,,28.857983870967743,3734.86,3.6726209677419352,174.4258064516129,183.64243279569894,,,,,,,3.648720430107527,0.0703072672485356,31.0,,,,,,,,,,,,,,,,,,,,,False,1.0,31.2,120.3,2329.357405,0.5138400197029114,0.5113428545961378,太湖区格点 NASA_POWER_120.300_31.200,120.3,31.2,,,,,,,,,,,,,train
NASA_POWER_120.300_31.200,2011-08,grid_point,,,,,,,,,,,,27.68915322580645,6621.83,3.899932795698925,152.7231182795699,160.69586021505376,,,,,,,3.606849462365591,0.11739798845868582,31.0,,,,,,,,,,,,,,,,,,,,,False,1.0,31.2,120.3,2329.357405,0.5138400197029114,0.5113428545961378,太湖区格点 NASA_POWER_120.300_31.200,120.3,31.2,,,,,,,,,,,,,train
TAIHU_CT,2011-08,lake_subregion,4.859837398373985,7.669902912621358,0.2381666666666666,0.0052563333333333,0.3628,8.783333333333333,3.769099999999999,0.004189,2.0074,0.06715,10.0,,,,,,,,,,,,3.606849462365591,0.11739798845868582,31.0,,,,,,,,,,,,,,,,,,,,,False,,,,2329.357405,0.5138400197029114,0.5113428545961378,"TAIHU_CT(湖区均值,无坐标)",,,,,0.06715,taihu_thqbca_v2,2.0074,taihu_thqbca_v2,7.669902912621358,taihu_thqbca_v2,,,,,train
TAIHU_ET,2011-08,lake_subregion,3.629268292682928,6.970873786407766,0.3347,0.02174,0.4844666666666666,8.24,3.5306,0.0025423333333333,1.6913999999999998,0.0447566666666666,10.0,,,,,,,,,,,,3.606849462365591,0.11739798845868582,31.0,,,,,,,,,,,,,,,,,,,,,False,,,,2329.357405,0.5138400197029114,0.5113428545961378,"TAIHU_ET(湖区均值,无坐标)",,,,,0.0447566666666666,taihu_thqbca_v2,1.6913999999999998,taihu_thqbca_v2,6.970873786407766,taihu_thqbca_v2,,,,,train
TAIHU_GH,2011-08,lake_subregion,3.278048780487804,6.744336569579288,0.2960333333333333,0.0077353333333333,0.2707666666666666,8.306666666666667,3.4341200000000005,0.006812,1.3245333333333331,0.0637433333333333,10.0,,,,,,,,,,,,3.606849462365591,0.11739798845868582,31.0,,,,,,,,,,,,,,,,,,,,,False,,,,2329.357405,0.5138400197029114,0.5113428545961378,"TAIHU_GH(湖区均值,无坐标)",,,,,0.0637433333333333,taihu_thqbca_v2,1.3245333333333331,taihu_thqbca_v2,6.744336569579288,taihu_thqbca_v2,,,,,train
TAIHU_ML,2011-08,lake_subregion,8.130452961672475,9.054091539528432,0.2676714285714286,0.0049028571428571,0.0993542857142857,8.035714285714286,26.60768571428571,0.0132814285714285,3.773385714285715,0.3397,10.0,,,,,,,,,,,,3.606849462365591,0.11739798845868582,31.0,,,,,,,,,,,,,,,,,,,,,False,,,,2329.357405,0.5138400197029114,0.5113428545961378,"TAIHU_ML(湖区均值,无坐标)",,,,,0.3397,taihu_thqbca_v2,3.773385714285715,taihu_thqbca_v2,9.054091539528432,taihu_thqbca_v2,,,,,train
TAIHU_ST,2011-08,lake_subregion,4.537235772357723,6.970873786407768,0.3491,0.049603,0.2700666666666667,8.676666666666668,1.30728,0.0065196666666666,1.5619333333333334,0.0686533333333333,10.0,,,,,,,,,,,,3.606849462365591,0.11739798845868582,31.0,,,,,,,,,,,,,,,,,,,,,False,,,,2329.357405,0.5138400197029114,0.5113428545961378,"TAIHU_ST(湖区均值,无坐标)",,,,,0.0686533333333333,taihu_thqbca_v2,1.5619333333333334,taihu_thqbca_v2,6.970873786407768,taihu_thqbca_v2,,,,,train
TAIHU_WHOLE,2011-08,lake_subregion,5.148452961672474,7.670798659269532,0.3652489285714286,0.0409387529761904,0.3199567857142857,8.398110119047619,6.904229464285713,0.0218715348214285,2.298059672619048,0.1360837916666666,10.0,,,,,,,,,,,,3.606849462365591,0.11739798845868582,31.0,,,,,,,,,,,,,,,,,,,,,False,,,,2329.357405,0.5138400197029114,0.5113428545961378,太湖全湖(18/17点位均值),,,,,0.1360837916666666,taihu_thqbca_v2,2.298059672619048,taihu_thqbca_v2,7.670798659269532,taihu_thqbca_v2,,,,,train
TAIHU_WT,2011-08,lake_subregion,6.109268292682928,7.674757281553397,0.5897,0.0652845,0.26125,8.4525,6.04752,0.0549882499999999,2.545475,0.1762449999999999,10.0,,,,,,,,,,,,3.606849462365591,0.11739798845868582,31.0,,,,,,,,,,,,,,,,,,,,,False,,,,2329.357405,0.5138400197029114,0.5113428545961378,"TAIHU_WT(湖区均值,无坐标)",,,,,0.1762449999999999,taihu_thqbca_v2,2.545475,taihu_thqbca_v2,7.674757281553397,taihu_thqbca_v2,,,,,train
TAIHU_XK,2011-08,lake_subregion,2.756682926829267,8.291262135922329,0.29032,0.0065379999999999,0.3298,8.309999999999999,0.6813599999999999,0.0028346,1.4945,0.026622,10.0,,,,,,,,,,,,3.606849462365591,0.11739798845868582,31.0,,,,,,,,,,,,,,,,,,,,,False,,,,2329.357405,0.5138400197029114,0.5113428545961378,"TAIHU_XK(湖区均值,无坐标)",,,,,0.026622,taihu_thqbca_v2,1.4945,taihu_thqbca_v2,8.291262135922329,taihu_thqbca_v2,,,,,train
TAIHU_ZS,2011-08,lake_subregion,7.886829268292684,7.990291262135921,0.5563,0.16645,0.4811499999999999,8.379999999999999,9.85617,0.0838049999999999,3.98585,0.3017999999999999,10.0,,,,,,,,,,,,3.606849462365591,0.11739798845868582,31.0,,,,,,,,,,,,,,,,,,,,,False,,,,2329.357405,0.5138400197029114,0.5113428545961378,"TAIHU_ZS(湖区均值,无坐标)",,,,,0.3017999999999999,taihu_thqbca_v2,3.98585,taihu_thqbca_v2,7.990291262135921,taihu_thqbca_v2,,,,,train
NASA_POWER_120.300_31.200,2011-09,grid_point,,,,,,,,,,,,23.57593055555555,1061.69,4.229125,120.55583333333333,167.39061111111113,,,,,,,3.5183222222222224,0.16762582586465352,30.0,,,,,,,,,,,,,,,,,,,,,False,1.0,31.2,120.3,2329.357405,0.5138400197029114,0.5113428545961378,太湖区格点 NASA_POWER_120.300_31.200,120.3,31.2,,,,,,,,,,,,,train
NASA_POWER_120.300_31.200,2011-10,grid_point,,,,,,,,,,,,17.866693548387097,1019.87,3.855981182795699,115.51048387096775,130.6388575268817,,,,,,,3.2168817204301074,0.06774945938759823,31.0,,,,,,,,,,,,,,,,,,,,,False,1.0,31.2,120.3,2329.357405,0.5138400197029114,0.5113428545961378,太湖区格点 NASA_POWER_120.300_31.200,120.3,31.2,,,,,,,,,,,,,train
NASA_POWER_120.300_31.200,2011-11,grid_point,,,,,,,,,,,,15.107152777777777,1042.35,4.063041666666667,146.8658333333333,96.76718055555556,,,,,,,3.0991666666666666,0.04181841333057258,30.0,,,,,,,,,,,,,,,,,,,,,False,1.0,31.2,120.3,2329.357405,0.5138400197029114,0.5113428545961378,太湖区格点 NASA_POWER_120.300_31.200,120.3,31.2,,,,,,,,,,,,,train
TAIHU_CT,2011-11,lake_subregion,4.381151832460732,9.209558823529411,0.3083999999999999,0.0043693333333333,0.1615666666666666,8.396666666666667,2.57636,0.005164,1.3050333333333333,0.0700066666666666,10.0,,,,,,,,,,,,3.0991666666666666,0.04181841333057258,30.0,,,,,,,,,,,,,,,,,,,,,False,,,,2329.357405,0.5138400197029114,0.5113428545961378,"TAIHU_CT(湖区均值,无坐标)",,,,,0.0700066666666666,taihu_thqbca_v2,1.3050333333333333,taihu_thqbca_v2,9.209558823529411,taihu_thqbca_v2,,,,,train
TAIHU_ET,2011-11,lake_subregion,5.118324607329844,9.28921568627451,0.2853666666666666,0.0047676666666666,0.1361666666666666,8.203333333333333,4.701200000000001,0.0018258666666666,1.0594,0.06398,10.0,,,,,,,,,,,,3.0991666666666666,0.04181841333057258,30.0,,,,,,,,,,,,,,,,,,,,,False,,,,2329.357405,0.5138400197029114,0.5113428545961378,"TAIHU_ET(湖区均值,无坐标)",,,,,0.06398,taihu_thqbca_v2,1.0594,taihu_thqbca_v2,9.28921568627451,taihu_thqbca_v2,,,,,train
TAIHU_GH,2011-11,lake_subregion,3.5258207311866614,8.976715686274508,0.3105,0.0246566666666666,0.4461666666666667,8.31,1.7401800000000005,0.0064713333333333,1.2570666666666666,0.0592533333333333,10.0,,,,,,,,,,,,3.0991666666666666,0.04181841333057258,30.0,,,,,,,,,,,,,,,,,,,,,False,,,,2329.357405,0.5138400197029114,0.5113428545961378,"TAIHU_GH(湖区均值,无坐标)",,,,,0.0592533333333333,taihu_thqbca_v2,1.2570666666666666,taihu_thqbca_v2,8.976715686274508,taihu_thqbca_v2,,,,,train
TAIHU_ML,2011-11,lake_subregion,4.69834393186976,8.998949579831931,0.3171285714285714,0.00994,0.1975285714285714,8.258571428571429,2.639271428571429,0.0139048571428571,1.3425999999999998,0.1006271428571428,10.0,,,,,,,,,,,,3.0991666666666666,0.04181841333057258,30.0,,,,,,,,,,,,,,,,,,,,,False,,,,2329.357405,0.5138400197029114,0.5113428545961378,"TAIHU_ML(湖区均值,无坐标)",,,,,0.1006271428571428,taihu_thqbca_v2,1.3425999999999998,taihu_thqbca_v2,8.998949579831931,taihu_thqbca_v2,,,,,train
TAIHU_ST,2011-11,lake_subregion,3.5406631762652707,9.074754901960782,0.431,0.004858,0.2110999999999999,8.263333333333334,0.6398,0.0050683333333333,1.139233333333333,0.0549766666666666,10.0,,,,,,,,,,,,3.0991666666666666,0.04181841333057258,30.0,,,,,,,,,,,,,,,,,,,,,False,,,,2329.357405,0.5138400197029114,0.5113428545961378,"TAIHU_ST(湖区均值,无坐标)",,,,,0.0549766666666666,taihu_thqbca_v2,1.139233333333333,taihu_thqbca_v2,9.074754901960782,taihu_thqbca_v2,,,,,train
TAIHU_WHOLE,2011-11,lake_subregion,4.36709562651207,8.840708158263304,0.5727075297619048,0.0344025395833333,0.3530260714285714,8.270363095238096,2.2693826785714286,0.0159624063095238,1.7822841666666664,0.0995437886904761,10.0,,,,,,,,,,,,3.0991666666666666,0.04181841333057258,30.0,,,,,,,,,,,,,,,,,,,,,False,,,,2329.357405,0.5138400197029114,0.5113428545961378,太湖全湖(18/17点位均值),,,,,0.0995437886904761,taihu_thqbca_v2,1.7822841666666664,taihu_thqbca_v2,8.840708158263304,taihu_thqbca_v2,,,,,train
TAIHU_WT,2011-11,lake_subregion,5.551832460732983,8.272058823529411,0.533425,0.03987825,0.42655,8.325,4.60275,0.0232135,2.5679,0.1978225,10.0,,,,,,,,,,,,3.0991666666666666,0.04181841333057258,30.0,,,,,,,,,,,,,,,,,,,,,False,,,,2329.357405,0.5138400197029114,0.5113428545961378,"TAIHU_WT(湖区均值,无坐标)",,,,,0.1978225,taihu_thqbca_v2,2.5679,taihu_thqbca_v2,8.272058823529411,taihu_thqbca_v2,,,,,train
TAIHU_XK,2011-11,lake_subregion,3.429528795811517,8.999999999999998,0.2198399999999999,0.0021504,0.13098,8.236,0.369,0.00047136,0.57474,0.0306339999999999,10.0,,,,,,,,,,,,3.0991666666666666,0.04181841333057258,30.0,,,,,,,,,,,,,,,,,,,,,False,,,,2329.357405,0.5138400197029114,0.5113428545961378,"TAIHU_XK(湖区均值,无坐标)",,,,,0.0306339999999999,taihu_thqbca_v2,0.57474,taihu_thqbca_v2,8.999999999999998,taihu_thqbca_v2,,,,,train
TAIHU_ZS,2011-11,lake_subregion,4.691099476439789,7.904411764705881,2.176,0.1846,1.11415,8.17,0.8865,0.07158,5.0123,0.21905,10.0,,,,,,,,,,,,3.0991666666666666,0.04181841333057258,30.0,,,,,,,,,,,,,,,,,,,,,False,,,,2329.357405,0.5138400197029114,0.5113428545961378,"TAIHU_ZS(湖区均值,无坐标)",,,,,0.21905,taihu_thqbca_v2,5.0123,taihu_thqbca_v2,7.904411764705881,taihu_thqbca_v2,,,,,train
NASA_POWER_120.300_31.200,2011-12,grid_point,,,,,,,,,,,,4.56130376344086,654.84,3.9001344086021503,171.92916666666667,95.49416666666667,,,,,,,3.041989247311828,0.03344497790688988,31.0,,,,,,,,,,,,,,,,,,,,,False,1.0,31.2,120.3,2329.357405,0.5138400197029114,0.5113428545961378,太湖区格点 NASA_POWER_120.300_31.200,120.3,31.2,,,,,,,,,,,,,train
NASA_POWER_120.300_31.200,2012-01,grid_point,,,,,,,,,,,,2.9993279569892475,1805.29,3.7105913978494622,110.68145161290323,85.79362903225807,,,,,,,3.0134623655913977,0.04139973854089532,31.0,,,,,,,,,,,,,,,,,,,,,False,1.0,31.2,120.3,2329.357405,0.5138400197029114,0.5113428545961378,太湖区格点 NASA_POWER_120.300_31.200,120.3,31.2,,,,,,,,,,,,,train
NASA_POWER_120.300_31.200,2012-02,grid_point,,,,,,,,,,,,3.381609195402299,2437.14,4.085876436781609,134.96005747126438,89.22670977011494,,,,,,,3.095344827586207,0.04170555164203971,29.0,,,,,,,,,,,,,,,,,,,,,False,1.0,31.2,120.3,2329.357405,0.5138400197029114,0.5113428545961378,太湖区格点 NASA_POWER_120.300_31.200,120.3,31.2,,,,,,,,,,,,,train
TAIHU_CT,2012-02,lake_subregion,3.7838200738502863,11.72154280338664,0.226,0.0119446666666666,0.9003333333333333,7.966666666666668,8.155233333333333,0.0049856666666666,2.3640666666666665,0.0715666666666666,10.0,,,,,,,,,,,,3.095344827586207,0.04170555164203971,29.0,,,,,,,,,,,,,,,,,,,,,False,,,,2329.357405,0.5138400197029114,0.5113428545961378,"TAIHU_CT(湖区均值,无坐标)",,,,,0.0715666666666666,taihu_thqbca_v2,2.3640666666666665,taihu_thqbca_v2,11.72154280338664,taihu_thqbca_v2,,,,,train
TAIHU_ET,2012-02,lake_subregion,3.4937898623699226,11.144559423016618,0.1809666666666666,0.0038186666666666,0.2090666666666666,7.886666666666667,3.752233333333333,0.004513,1.1427666666666667,0.0594866666666666,10.0,,,,,,,,,,,,3.095344827586207,0.04170555164203971,29.0,,,,,,,,,,,,,,,,,,,,,False,,,,2329.357405,0.5138400197029114,0.5113428545961378,"TAIHU_ET(湖区均值,无坐标)",,,,,0.0594866666666666,taihu_thqbca_v2,1.1427666666666667,taihu_thqbca_v2,11.144559423016618,taihu_thqbca_v2,,,,,train
TAIHU_GH,2012-02,lake_subregion,3.023833501174892,11.401693320790216,0.2595666666666666,0.0185433333333333,0.8990333333333332,7.966666666666666,6.093500000000001,0.0131903333333333,2.3889333333333336,0.0704766666666666,10.0,,,,,,,,,,,,3.095344827586207,0.04170555164203971,29.0,,,,,,,,,,,,,,,,,,,,,False,,,,2329.357405,0.5138400197029114,0.5113428545961378,"TAIHU_GH(湖区均值,无坐标)",,,,,0.0704766666666666,taihu_thqbca_v2,2.3889333333333336,taihu_thqbca_v2,11.401693320790216,taihu_thqbca_v2,,,,,train
TAIHU_ML,2012-02,lake_subregion,4.230758164292909,11.377503023787124,0.3436142857142856,0.0170414285714285,0.9392571428571428,7.945714285714286,10.942242857142858,0.0031024285714285,2.615414285714286,0.0591328571428571,10.0,,,,,,,,,,,,3.095344827586207,0.04170555164203971,29.0,,,,,,,,,,,,,,,,,,,,,False,,,,2329.357405,0.5138400197029114,0.5113428545961378,"TAIHU_ML(湖区均值,无坐标)",,,,,0.0591328571428571,taihu_thqbca_v2,2.615414285714286,taihu_thqbca_v2,11.377503023787124,taihu_thqbca_v2,,,,,train
TAIHU_ST,2012-02,lake_subregion,3.781134608929172,11.25744747569771,0.5003000000000001,0.018968,0.7521333333333334,7.87,1.1090666666666666,0.0113499999999999,2.669833333333333,0.0895033333333333,10.0,,,,,,,,,,,,3.095344827586207,0.04170555164203971,29.0,,,,,,,,,,,,,,,,,,,,,False,,,,2329.357405,0.5138400197029114,0.5113428545961378,"TAIHU_ST(湖区均值,无坐标)",,,,,0.0895033333333333,taihu_thqbca_v2,2.669833333333333,taihu_thqbca_v2,11.25744747569771,taihu_thqbca_v2,,,,,train
TAIHU_WHOLE,2012-02,lake_subregion,3.9312616889656176,10.944216727142408,0.7632940773809523,0.0259257994047619,0.8211654761904762,7.929464285714286,5.374008898809524,0.0165339973214285,2.824844910714286,0.0964425238095238,10.0,,,,,,,,,,,,3.095344827586207,0.04170555164203971,29.0,,,,,,,,,,,,,,,,,,,,,False,,,,2329.357405,0.5138400197029114,0.5113428545961378,太湖全湖(18/17点位均值),,,,,0.0964425238095238,taihu_thqbca_v2,2.824844910714286,taihu_thqbca_v2,10.944216727142408,taihu_thqbca_v2,,,,,train
TAIHU_WT,2012-02,lake_subregion,4.56394763343404,10.57384760112888,1.499475,0.0367705,0.95945,7.96,4.857724999999999,0.05662075,4.008175,0.18477,10.0,,,,,,,,,,,,3.095344827586207,0.04170555164203971,29.0,,,,,,,,,,,,,,,,,,,,,False,,,,2329.357405,0.5138400197029114,0.5113428545961378,"TAIHU_WT(湖区均值,无坐标)",,,,,0.18477,taihu_thqbca_v2,4.008175,taihu_thqbca_v2,10.57384760112888,taihu_thqbca_v2,,,,,train
TAIHU_XK,2012-02,lake_subregion,3.6946626384692856,11.0931326434619,0.24628,0.0044548,0.2145999999999999,7.889999999999999,2.05842,0.0075448,1.10732,0.061604,10.0,,,,,,,,,,,,3.095344827586207,0.04170555164203971,29.0,,,,,,,,,,,,,,,,,,,,,False,,,,2329.357405,0.5138400197029114,0.5113428545961378,"TAIHU_XK(湖区均值,无坐标)",,,,,0.061604,taihu_thqbca_v2,1.10732,taihu_thqbca_v2,11.0931326434619,taihu_thqbca_v2,,,,,train
TAIHU_ZS,2012-02,lake_subregion,4.878147029204433,8.984007525870178,2.85015,0.0958649999999999,1.69545,7.949999999999999,6.02365,0.030965,6.302250000000001,0.175,10.0,,,,,,,,,,,,3.095344827586207,0.04170555164203971,29.0,,,,,,,,,,,,,,,,,,,,,False,,,,2329.357405,0.5138400197029114,0.5113428545961378,"TAIHU_ZS(湖区均值,无坐标)",,,,,0.175,taihu_thqbca_v2,6.302250000000001,taihu_thqbca_v2,8.984007525870178,taihu_thqbca_v2,,,,,train
NASA_POWER_120.300_31.200,2012-03,grid_point,,,,,,,,,,,,8.771720430107527,3889.44,4.238481182795699,160.22002688172043,135.48987903225807,,,,,,,3.3321290322580643,0.08178506960633918,31.0,,,,,,,,,,,,,,,,,,,,,False,1.0,31.2,120.3,2329.357405,0.5138400197029114,0.5113428545961378,太湖区格点 NASA_POWER_120.300_31.200,120.3,31.2,,,,,,,,,,,,,train
NASA_POWER_120.300_31.200,2012-04,grid_point,,,,,,,,,,,,17.60170833333333,2299.59,4.509902777777778,175.85486111111112,190.0070972222222,,,,,,,3.1908000000000003,0.07794288113937371,30.0,,,,,,,,,,,,,,,,,,,,,False,1.0,31.2,120.3,2329.357405,0.5138400197029114,0.5113428545961378,太湖区格点 NASA_POWER_120.300_31.200,120.3,31.2,,,,,,,,,,,,,train
NASA_POWER_120.300_31.200,2012-05,grid_point,,,,,,,,,,,,21.876182795698924,2997.9,4.337930107526882,146.03709677419354,196.0400940860215,,,,,,,3.147247311827957,0.04918731903289674,31.0,,,,,,,,,,,,,,,,,,,,,False,1.0,31.2,120.3,2329.357405,0.5138400197029114,0.5113428545961378,太湖区格点 NASA_POWER_120.300_31.200,120.3,31.2,,,,,,,,,,,,,train
TAIHU_CT,2012-05,lake_subregion,3.51941391941392,7.684667908131594,0.4614,0.0109123333333333,1.1287333333333331,8.07,0.339,0.0064653333333333,2.903466666666666,0.0500799999999999,10.0,,,,,,,,,,,,3.147247311827957,0.04918731903289674,31.0,,,,,,,,,,,,,,,,,,,,,False,,,,2329.357405,0.5138400197029114,0.5113428545961378,"TAIHU_CT(湖区均值,无坐标)",,,,,0.0500799999999999,taihu_thqbca_v2,2.903466666666666,taihu_thqbca_v2,7.684667908131594,taihu_thqbca_v2,,,,,train
TAIHU_ET,2012-05,lake_subregion,3.61904761904762,8.150217256362508,0.328,0.01831,0.6981666666666667,8.166666666666666,12.871059999999998,0.0035276666666666,1.9193666666666669,0.0378533333333333,10.0,,,,,,,,,,,,3.147247311827957,0.04918731903289674,31.0,,,,,,,,,,,,,,,,,,,,,False,,,,2329.357405,0.5138400197029114,0.5113428545961378,"TAIHU_ET(湖区均值,无坐标)",,,,,0.0378533333333333,taihu_thqbca_v2,1.9193666666666669,taihu_thqbca_v2,8.150217256362508,taihu_thqbca_v2,,,,,train
TAIHU_GH,2012-05,lake_subregion,3.3670329670329675,7.833643699565488,0.4486333333333334,0.01637,0.7430333333333333,7.986666666666667,0.3328,0.0051263333333333,2.2645666666666666,0.09185,10.0,,,,,,,,,,,,3.147247311827957,0.04918731903289674,31.0,,,,,,,,,,,,,,,,,,,,,False,,,,2329.357405,0.5138400197029114,0.5113428545961378,"TAIHU_GH(湖区均值,无坐标)",,,,,0.09185,taihu_thqbca_v2,2.2645666666666666,taihu_thqbca_v2,7.833643699565488,taihu_thqbca_v2,,,,,train
TAIHU_ML,2012-05,lake_subregion,3.694819466248038,7.504655493482309,0.6144571428571428,0.0392914285714285,0.8179571428571428,7.981428571428571,1.7508714285714284,0.00864,2.5715714285714286,0.0550614285714285,10.0,,,,,,,,,,,,3.147247311827957,0.04918731903289674,31.0,,,,,,,,,,,,,,,,,,,,,False,,,,2329.357405,0.5138400197029114,0.5113428545961378,"TAIHU_ML(湖区均值,无坐标)",,,,,0.0550614285714285,taihu_thqbca_v2,2.5715714285714286,taihu_thqbca_v2,7.504655493482309,taihu_thqbca_v2,,,,,train
TAIHU_ST,2012-05,lake_subregion,3.557509157509158,8.448168839230291,0.2953333333333333,0.0775833333333333,1.2019666666666666,8.226666666666667,0.7530333333333333,0.0064933333333333,2.9892333333333334,0.0529233333333333,10.0,,,,,,,,,,,,3.147247311827957,0.04918731903289674,31.0,,,,,,,,,,,,,,,,,,,,,False,,,,2329.357405,0.5138400197029114,0.5113428545961378,"TAIHU_ST(湖区均值,无坐标)",,,,,0.0529233333333333,taihu_thqbca_v2,2.9892333333333334,taihu_thqbca_v2,8.448168839230291,taihu_thqbca_v2,,,,,train
TAIHU_WHOLE,2012-05,lake_subregion,3.9597278911564633,7.663446617008069,0.6649723511904763,0.0582867994047619,0.9335571428571428,8.11599107142857,6.708393095238094,0.0212616270833333,2.903666845238096,0.0895756369047618,10.0,,,,,,,,,,,,3.147247311827957,0.04918731903289674,31.0,,,,,,,,,,,,,,,,,,,,,False,,,,2329.357405,0.5138400197029114,0.5113428545961378,太湖全湖(18/17点位均值),,,,,0.0895756369047618,taihu_thqbca_v2,2.903666845238096,taihu_thqbca_v2,7.663446617008069,taihu_thqbca_v2,,,,,train
TAIHU_WT,2012-05,lake_subregion,4.91868131868132,6.959962756052143,1.037825,0.0714674999999999,1.2093,8.0475,2.61271,0.04525375,3.7702,0.137145,10.0,,,,,,,,,,,,3.147247311827957,0.04918731903289674,31.0,,,,,,,,,,,,,,,,,,,,,False,,,,2329.357405,0.5138400197029114,0.5113428545961378,"TAIHU_WT(湖区均值,无坐标)",,,,,0.137145,taihu_thqbca_v2,3.7702,taihu_thqbca_v2,6.959962756052143,taihu_thqbca_v2,,,,,train
TAIHU_XK,2012-05,lake_subregion,3.141978021978022,8.67411545623836,0.38508,0.0105598,0.6894,8.294,0.93708,0.0037416,1.82318,0.024492,10.0,,,,,,,,,,,,3.147247311827957,0.04918731903289674,31.0,,,,,,,,,,,,,,,,,,,,,False,,,,2329.357405,0.5138400197029114,0.5113428545961378,"TAIHU_XK(湖区均值,无坐标)",,,,,0.024492,taihu_thqbca_v2,1.82318,taihu_thqbca_v2,8.67411545623836,taihu_thqbca_v2,,,,,train
TAIHU_ZS,2012-05,lake_subregion,5.859340659340659,6.052141527001862,1.74905,0.2218,0.9799,8.155,34.07059,0.090845,4.98775,0.2672,10.0,,,,,,,,,,,,3.147247311827957,0.04918731903289674,31.0,,,,,,,,,,,,,,,,,,,,,False,,,,2329.357405,0.5138400197029114,0.5113428545961378,"TAIHU_ZS(湖区均值,无坐标)",,,,,0.2672,taihu_thqbca_v2,4.98775,taihu_thqbca_v2,6.052141527001862,taihu_thqbca_v2,,,,,train
NASA_POWER_120.300_31.200,2012-06,grid_point,,,,,,,,,,,,25.268319444444444,3435.81,3.9763055555555558,134.34097222222223,165.9708472222222,,,,,,,3.2775444444444446,0.06235662379643342,30.0,,,,,,,,,,,,,,,,,,,,,False,1.0,31.2,120.3,2329.357405,0.5138400197029114,0.5113428545961378,太湖区格点 NASA_POWER_120.300_31.200,120.3,31.2,,,,,,,,,,,,,train
NASA_POWER_120.300_31.200,2012-07,grid_point,,,,,,,,,,,,29.330000000000002,2793.82,4.182123655913978,180.26115591397848,223.55880376344086,,,,,,,3.4372150537634405,0.04888721323293253,31.0,,,,,,,,,,,,,,,,,,,,,False,1.0,31.2,120.3,2329.357405,0.5138400197029114,0.5113428545961378,太湖区格点 NASA_POWER_120.300_31.200,120.3,31.2,,,,,,,,,,,,,train
NASA_POWER_120.300_31.200,2012-08,grid_point,,,,,,,,,,,,28.58755376344086,5727.49,5.224610215053763,116.23521505376344,192.41010752688172,,,,,,,3.5898817204301077,0.24098619214151526,31.0,,,,,,,,,,,,,,,,,,,,,False,1.0,31.2,120.3,2329.357405,0.5138400197029114,0.5113428545961378,太湖区格点 NASA_POWER_120.300_31.200,120.3,31.2,,,,,,,,,,,,,train
TAIHU_CT,2012-08,lake_subregion,4.667384284176535,7.741545893719807,0.1614,0.0142553333333333,0.2317333333333333,8.35,8.621046666666665,0.006272,1.5894333333333333,0.07792,10.0,,,,,,,,,,,,3.5898817204301077,0.24098619214151526,31.0,,,,,,,,,,,,,,,,,,,,,False,,,,2329.357405,0.5138400197029114,0.5113428545961378,"TAIHU_CT(湖区均值,无坐标)",,,,,0.07792,taihu_thqbca_v2,1.5894333333333333,taihu_thqbca_v2,7.741545893719807,taihu_thqbca_v2,,,,,train
TAIHU_ET,2012-08,lake_subregion,4.018658055256549,7.355072463768116,0.1843833333333333,0.0112623333333333,0.149,8.133333333333333,12.457960000000002,0.003109,1.0082,0.0481066666666666,10.0,,,,,,,,,,,,3.5898817204301077,0.24098619214151526,31.0,,,,,,,,,,,,,,,,,,,,,False,,,,2329.357405,0.5138400197029114,0.5113428545961378,"TAIHU_ET(湖区均值,无坐标)",,,,,0.0481066666666666,taihu_thqbca_v2,1.0082,taihu_thqbca_v2,7.355072463768116,taihu_thqbca_v2,,,,,train
TAIHU_GH,2012-08,lake_subregion,4.621456763545033,8.798309178743962,0.2430666666666666,0.009531,0.1379666666666666,8.113333333333333,7.036866666666666,0.0071296666666666,1.3267,0.0720666666666666,10.0,,,,,,,,,,,,3.5898817204301077,0.24098619214151526,31.0,,,,,,,,,,,,,,,,,,,,,False,,,,2329.357405,0.5138400197029114,0.5113428545961378,"TAIHU_GH(湖区均值,无坐标)",,,,,0.0720666666666666,taihu_thqbca_v2,1.3267,taihu_thqbca_v2,8.798309178743962,taihu_thqbca_v2,,,,,train
TAIHU_ML,2012-08,lake_subregion,6.842380439797019,9.508281573498964,0.3241714285714285,0.1221228571428571,0.2172142857142857,8.451428571428574,12.258951428571429,0.0092514285714285,2.7024,0.2022385714285714,10.0,,,,,,,,,,,,3.5898817204301077,0.24098619214151526,31.0,,,,,,,,,,,,,,,,,,,,,False,,,,2329.357405,0.5138400197029114,0.5113428545961378,"TAIHU_ML(湖区均值,无坐标)",,,,,0.2022385714285714,taihu_thqbca_v2,2.7024,taihu_thqbca_v2,9.508281573498964,taihu_thqbca_v2,,,,,train
TAIHU_ST,2012-08,lake_subregion,3.3928955866523154,6.902173913043479,0.2066666666666667,0.0753183333333333,1.2854,8.236666666666666,3.381593333333333,0.0085589999999999,3.0477666666666665,0.0660066666666666,10.0,,,,,,,,,,,,3.5898817204301077,0.24098619214151526,31.0,,,,,,,,,,,,,,,,,,,,,False,,,,2329.357405,0.5138400197029114,0.5113428545961378,"TAIHU_ST(湖区均值,无坐标)",,,,,0.0660066666666666,taihu_thqbca_v2,3.0477666666666665,taihu_thqbca_v2,6.902173913043479,taihu_thqbca_v2,,,,,train
TAIHU_WHOLE,2012-08,lake_subregion,4.645430314213954,7.99401526915114,0.2436603869047619,0.0772765696428571,0.4086275357142857,8.270470238095239,8.59388601190476,0.0138712369047619,1.992035625,0.1063210089285714,10.0,,,,,,,,,,,,3.5898817204301077,0.24098619214151526,31.0,,,,,,,,,,,,,,,,,,,,,False,,,,2329.357405,0.5138400197029114,0.5113428545961378,太湖全湖(18/17点位均值),,,,,0.1063210089285714,taihu_thqbca_v2,1.992035625,taihu_thqbca_v2,7.99401526915114,taihu_thqbca_v2,,,,,train
TAIHU_WT,2012-08,lake_subregion,4.843918191603876,7.336956521739131,0.337825,0.0886525,0.409,8.335,5.611809999999999,0.020726,2.267275,0.1409775,10.0,,,,,,,,,,,,3.5898817204301077,0.24098619214151526,31.0,,,,,,,,,,,,,,,,,,,,,False,,,,2329.357405,0.5138400197029114,0.5113428545961378,"TAIHU_WT(湖区均值,无坐标)",,,,,0.1409775,taihu_thqbca_v2,2.267275,taihu_thqbca_v2,7.336956521739131,taihu_thqbca_v2,,,,,train
TAIHU_XK,2012-08,lake_subregion,3.3085037674919286,8.112318840579709,0.27822,0.0109202,0.117256,8.354,1.7192599999999998,0.0046778,0.82546,0.033152,10.0,,,,,,,,,,,,3.5898817204301077,0.24098619214151526,31.0,,,,,,,,,,,,,,,,,,,,,False,,,,2329.357405,0.5138400197029114,0.5113428545961378,"TAIHU_XK(湖区均值,无坐标)",,,,,0.033152,taihu_thqbca_v2,0.82546,taihu_thqbca_v2,8.112318840579709,taihu_thqbca_v2,,,,,train
TAIHU_ZS,2012-08,lake_subregion,5.468245425188377,8.197463768115943,0.21355,0.2861499999999999,0.7214499999999999,8.190000000000001,17.663599999999995,0.051245,3.1690500000000004,0.2101,10.0,,,,,,,,,,,,3.5898817204301077,0.24098619214151526,31.0,,,,,,,,,,,,,,,,,,,,,False,,,,2329.357405,0.5138400197029114,0.5113428545961378,"TAIHU_ZS(湖区均值,无坐标)",,,,,0.2101,taihu_thqbca_v2,3.1690500000000004,taihu_thqbca_v2,8.197463768115943,taihu_thqbca_v2,,,,,train
NASA_POWER_120.300_31.200,2012-09,grid_point,,,,,,,,,,,,22.870375,2378.39,4.324333333333334,151.88333333333333,166.32075,,,,,,,3.4937888888888886,0.05824834421755551,30.0,,,,,,,,,,,,,,,,,,,,,False,1.0,31.2,120.3,2329.357405,0.5138400197029114,0.5113428545961378,太湖区格点 NASA_POWER_120.300_31.200,120.3,31.2,,,,,,,,,,,,,train
NASA_POWER_120.300_31.200,2012-10,grid_point,,,,,,,,,,,,18.965631720430107,910.23,3.4980510752688176,133.24112903225804,149.24806451612903,,,,,,,3.2494838709677416,0.06501104400249182,31.0,,,,,,,,,,,,,,,,,,,,,False,1.0,31.2,120.3,2329.357405,0.5138400197029114,0.5113428545961378,太湖区格点 NASA_POWER_120.300_31.200,120.3,31.2,,,,,,,,,,,,,train
NASA_POWER_120.300_31.200,2012-11,grid_point,,,,,,,,,,,,10.736708333333334,2182.35,4.448916666666666,166.45472222222222,110.78469444444444,,,,,,,3.197666666666667,0.04118531152070463,30.0,,,,,,,,,,,,,,,,,,,,,False,1.0,31.2,120.3,2329.357405,0.5138400197029114,0.5113428545961378,太湖区格点 NASA_POWER_120.300_31.200,120.3,31.2,,,,,,,,,,,,,train
TAIHU_CT,2012-11,lake_subregion,4.309895833333333,9.886666666666663,0.3007333333333333,0.0070216666666666,0.1846666666666666,8.29,1.6150666666666669,0.0173316666666666,1.4632666666666667,0.1161366666666666,10.0,,,,,,,,,,,,3.197666666666667,0.04118531152070463,30.0,,,,,,,,,,,,,,,,,,,,,False,,,,2329.357405,0.5138400197029114,0.5113428545961378,"TAIHU_CT(湖区均值,无坐标)",,,,,0.1161366666666666,taihu_thqbca_v2,1.4632666666666667,taihu_thqbca_v2,9.886666666666663,taihu_thqbca_v2,,,,,train
TAIHU_ET,2012-11,lake_subregion,3.5078125,10.206666666666669,0.2391666666666666,0.004663,0.09523,8.256666666666666,55.48782666666664,0.003525,0.7512666666666666,0.0337733333333333,10.0,,,,,,,,,,,,3.197666666666667,0.04118531152070463,30.0,,,,,,,,,,,,,,,,,,,,,False,,,,2329.357405,0.5138400197029114,0.5113428545961378,"TAIHU_ET(湖区均值,无坐标)",,,,,0.0337733333333333,taihu_thqbca_v2,0.7512666666666666,taihu_thqbca_v2,10.206666666666669,taihu_thqbca_v2,,,,,train
TAIHU_GH,2012-11,lake_subregion,3.6819906825795647,9.206666666666669,0.3565,0.0215969999999999,0.7465,8.173333333333334,2.379066666666666,0.030858,1.8705666666666667,0.1091833333333333,10.0,,,,,,,,,,,,3.197666666666667,0.04118531152070463,30.0,,,,,,,,,,,,,,,,,,,,,False,,,,2329.357405,0.5138400197029114,0.5113428545961378,"TAIHU_GH(湖区均值,无坐标)",,,,,0.1091833333333333,taihu_thqbca_v2,1.8705666666666667,taihu_thqbca_v2,9.206666666666669,taihu_thqbca_v2,,,,,train
TAIHU_ML,2012-11,lake_subregion,5.121372487437186,9.44,0.4452428571428571,0.0146918571428571,0.1449385714285714,8.018571428571429,5.004328571428571,0.0186542857142857,1.848971428571429,0.1370585714285714,10.0,,,,,,,,,,,,3.197666666666667,0.04118531152070463,30.0,,,,,,,,,,,,,,,,,,,,,False,,,,2329.357405,0.5138400197029114,0.5113428545961378,"TAIHU_ML(湖区均值,无坐标)",,,,,0.1370585714285714,taihu_thqbca_v2,1.848971428571429,taihu_thqbca_v2,9.44,taihu_thqbca_v2,,,,,train
TAIHU_ST,2012-11,lake_subregion,3.8723958333333335,9.92,0.2412666666666666,0.005506,0.1496333333333333,8.323333333333332,0.8553000000000001,0.011388,1.1429,0.0697,10.0,,,,,,,,,,,,3.197666666666667,0.04118531152070463,30.0,,,,,,,,,,,,,,,,,,,,,False,,,,2329.357405,0.5138400197029114,0.5113428545961378,"TAIHU_ST(湖区均值,无坐标)",,,,,0.0697,taihu_thqbca_v2,1.1429,taihu_thqbca_v2,9.92,taihu_thqbca_v2,,,,,train
TAIHU_WHOLE,2012-11,lake_subregion,4.454163885835427,9.5735,0.4423336904761905,0.0292860154761904,0.4620101339285714,8.230300595238095,12.112545446428568,0.025384525297619,2.068134553571429,0.1302805505952381,10.0,,,,,,,,,,,,3.197666666666667,0.04118531152070463,30.0,,,,,,,,,,,,,,,,,,,,,False,,,,2329.357405,0.5138400197029114,0.5113428545961378,太湖全湖(18/17点位均值),,,,,0.1302805505952381,taihu_thqbca_v2,2.068134553571429,taihu_thqbca_v2,9.5735,taihu_thqbca_v2,,,,,train
TAIHU_WT,2012-11,lake_subregion,7.53125,9.6,0.47945,0.029219,0.5011625000000001,8.4725,26.001615,0.02267525,4.505375000000001,0.3349525,10.0,,,,,,,,,,,,3.197666666666667,0.04118531152070463,30.0,,,,,,,,,,,,,,,,,,,,,False,,,,2329.357405,0.5138400197029114,0.5113428545961378,"TAIHU_WT(湖区均值,无坐标)",,,,,0.3349525,taihu_thqbca_v2,4.505375000000001,taihu_thqbca_v2,9.6,taihu_thqbca_v2,,,,,train
TAIHU_XK,2012-11,lake_subregion,3.33125,10.168,0.17476,0.0036646,0.06385,8.268,2.66796,0.004769,0.77918,0.0416399999999999,10.0,,,,,,,,,,,,3.197666666666667,0.04118531152070463,30.0,,,,,,,,,,,,,,,,,,,,,False,,,,2329.357405,0.5138400197029114,0.5113428545961378,"TAIHU_XK(湖区均值,无坐标)",,,,,0.0416399999999999,taihu_thqbca_v2,0.77918,taihu_thqbca_v2,10.168,taihu_thqbca_v2,,,,,train
TAIHU_ZS,2012-11,lake_subregion,4.27734375,8.16,1.30155,0.147925,1.8101,8.04,2.8892,0.093875,4.18355,0.1998,10.0,,,,,,,,,,,,3.197666666666667,0.04118531152070463,30.0,,,,,,,,,,,,,,,,,,,,,False,,,,2329.357405,0.5138400197029114,0.5113428545961378,"TAIHU_ZS(湖区均值,无坐标)",,,,,0.1998,taihu_thqbca_v2,4.18355,taihu_thqbca_v2,8.16,taihu_thqbca_v2,,,,,train
NASA_POWER_120.300_31.200,2012-12,grid_point,,,,,,,,,,,,4.009838709677419,2195.44,4.69997311827957,162.16075268817204,82.91569892473117,,,,,,,3.259354838709678,0.03668907754348204,31.0,,,,,,,,,,,,,,,,,,,,,False,1.0,31.2,120.3,2329.357405,0.5138400197029114,0.5113428545961378,太湖区格点 NASA_POWER_120.300_31.200,120.3,31.2,,,,,,,,,,,,,train
NASA_POWER_120.300_31.200,2013-01,grid_point,,,,,,,,,,,,2.88116935483871,634.66,3.42502688172043,162.4521505376344,94.68556451612903,,,,,,,3.255860215053763,0.04689521607075289,31.0,,,,,,,,,,,,,,,,,,,,,False,1.0,31.2,120.3,2329.357405,0.5138400197029114,0.5113428545961378,太湖区格点 NASA_POWER_120.300_31.200,120.3,31.2,,,,,,,,,,,,,train
NASA_POWER_120.300_31.200,2013-02,grid_point,,,,,,,,,,,,6.047440476190476,2266.19,4.349747023809524,126.67782738095238,93.55480654761905,,,,,,,3.2217738095238095,0.05587132877593574,28.0,,,,,,,,,,,,,,,,,,,,,False,1.0,31.2,120.3,2329.357405,0.5138400197029114,0.5113428545961378,太湖区格点 NASA_POWER_120.300_31.200,120.3,31.2,,,,,,,,,,,,,train
TAIHU_CT,2013-02,lake_subregion,3.8321392016376654,10.546063651591291,0.4976333333333333,0.0096423333333333,0.9604333333333334,8.306666666666667,3.536293333333333,0.0108913333333333,2.3992333333333336,0.08898,10.0,,,,,,,,,,,,3.2217738095238095,0.05587132877593574,28.0,,,,,,,,,,,,,,,,,,,,,False,,,,2329.357405,0.5138400197029114,0.5113428545961378,"TAIHU_CT(湖区均值,无坐标)",,,,,0.08898,taihu_thqbca_v2,2.3992333333333336,taihu_thqbca_v2,10.546063651591291,taihu_thqbca_v2,,,,,train
TAIHU_ET,2013-02,lake_subregion,3.818491982258615,10.157453936348409,0.3315,0.0069149999999999,0.4747999999999999,8.213333333333333,8.900366666666667,0.0064783333333333,1.7641,0.0821733333333333,10.0,,,,,,,,,,,,3.2217738095238095,0.05587132877593574,28.0,,,,,,,,,,,,,,,,,,,,,False,,,,2329.357405,0.5138400197029114,0.5113428545961378,"TAIHU_ET(湖区均值,无坐标)",,,,,0.0821733333333333,taihu_thqbca_v2,1.7641,taihu_thqbca_v2,10.157453936348409,taihu_thqbca_v2,,,,,train
TAIHU_GH,2013-02,lake_subregion,3.8485158648925286,11.05527638190955,0.3981333333333333,0.0127233333333333,0.8687999999999999,8.273333333333333,6.208833333333333,0.0071063333333333,2.8157666666666668,0.09236,10.0,,,,,,,,,,,,3.2217738095238095,0.05587132877593574,28.0,,,,,,,,,,,,,,,,,,,,,False,,,,2329.357405,0.5138400197029114,0.5113428545961378,"TAIHU_GH(湖区均值,无坐标)",,,,,0.09236,taihu_thqbca_v2,2.8157666666666668,taihu_thqbca_v2,11.05527638190955,taihu_thqbca_v2,,,,,train
TAIHU_ML,2013-02,lake_subregion,4.227518643076474,10.73622474989559,0.9995142857142856,0.0274814285714285,1.1847285714285714,8.012857142857142,15.806731428571434,0.0089008571428571,3.353271428571429,0.0806285714285714,10.0,,,,,,,,,,,,3.2217738095238095,0.05587132877593574,28.0,,,,,,,,,,,,,,,,,,,,,False,,,,2329.357405,0.5138400197029114,0.5113428545961378,"TAIHU_ML(湖区均值,无坐标)",,,,,0.0806285714285714,taihu_thqbca_v2,3.353271428571429,taihu_thqbca_v2,10.73622474989559,taihu_thqbca_v2,,,,,train
TAIHU_ST,2013-02,lake_subregion,3.807574206755375,10.552763819095478,0.7709,0.0125166666666666,0.6607000000000001,8.26,3.13,0.009612,2.655933333333333,0.10836,10.0,,,,,,,,,,,,3.2217738095238095,0.05587132877593574,28.0,,,,,,,,,,,,,,,,,,,,,False,,,,2329.357405,0.5138400197029114,0.5113428545961378,"TAIHU_ST(湖区均值,无坐标)",,,,,0.10836,taihu_thqbca_v2,2.655933333333333,taihu_thqbca_v2,10.552763819095478,taihu_thqbca_v2,,,,,train
TAIHU_WHOLE,2013-02,lake_subregion,4.129190427450407,10.120420053535945,0.8432913690476191,0.0375182577380952,0.9489846130952382,8.190898809523809,6.566866720238097,0.0195460883928571,3.1329255952380954,0.1086822380952381,10.0,,,,,,,,,,,,3.2217738095238095,0.05587132877593574,28.0,,,,,,,,,,,,,,,,,,,,,False,,,,2329.357405,0.5138400197029114,0.5113428545961378,太湖全湖(18/17点位均值),,,,,0.1086822380952381,taihu_thqbca_v2,3.1329255952380954,taihu_thqbca_v2,10.120420053535945,taihu_thqbca_v2,,,,,train
TAIHU_WT,2013-02,lake_subregion,4.544524053224156,9.798994974874372,1.4421499999999998,0.0555655,1.395425,8.15,3.4939549999999997,0.0456142499999999,4.1527,0.1507099999999999,10.0,,,,,,,,,,,,3.2217738095238095,0.05587132877593574,28.0,,,,,,,,,,,,,,,,,,,,,False,,,,2329.357405,0.5138400197029114,0.5113428545961378,"TAIHU_WT(湖区均值,无坐标)",,,,,0.1507099999999999,taihu_thqbca_v2,4.1527,taihu_thqbca_v2,9.798994974874372,taihu_thqbca_v2,,,,,train
TAIHU_XK,2013-02,lake_subregion,3.8943705220061418,10.428140703517588,0.4332,0.0112068,0.6867400000000001,8.236,6.389904,0.0076656,2.2751,0.099546,10.0,,,,,,,,,,,,3.2217738095238095,0.05587132877593574,28.0,,,,,,,,,,,,,,,,,,,,,False,,,,2329.357405,0.5138400197029114,0.5113428545961378,"TAIHU_XK(湖区均值,无坐标)",,,,,0.099546,taihu_thqbca_v2,2.2751,taihu_thqbca_v2,10.428140703517588,taihu_thqbca_v2,,,,,train
TAIHU_ZS,2013-02,lake_subregion,5.060388945752305,7.688442211055277,1.8733,0.164095,1.36025,8.075,5.068849999999999,0.0601,5.6473,0.1667,10.0,,,,,,,,,,,,3.2217738095238095,0.05587132877593574,28.0,,,,,,,,,,,,,,,,,,,,,False,,,,2329.357405,0.5138400197029114,0.5113428545961378,"TAIHU_ZS(湖区均值,无坐标)",,,,,0.1667,taihu_thqbca_v2,5.6473,taihu_thqbca_v2,7.688442211055277,taihu_thqbca_v2,,,,,train
NASA_POWER_120.300_31.200,2013-03,grid_point,,,,,,,,,,,,10.713319892473118,1902.73,4.6473521505376345,142.97701612903225,152.98438172043012,,,,,,,3.242161290322581,0.04874763971249097,31.0,,,,,,,,,,,,,,,,,,,,,False,1.0,31.2,120.3,2329.357405,0.5138400197029114,0.5113428545961378,太湖区格点 NASA_POWER_120.300_31.200,120.3,31.2,,,,,,,,,,,,,train
NASA_POWER_120.300_31.200,2013-04,grid_point,,,,,,,,,,,,15.514180555555555,1898.89,4.6153611111111115,172.59166666666667,213.12745833333332,,,,,,,3.1069555555555555,0.08099920690843623,30.0,,,,,,,,,,,,,,,,,,,,,False,1.0,31.2,120.3,2329.357405,0.5138400197029114,0.5113428545961378,太湖区格点 NASA_POWER_120.300_31.200,120.3,31.2,,,,,,,,,,,,,train
NASA_POWER_120.300_31.200,2013-05,grid_point,,,,,,,,,,,,21.93771505376344,3352.77,4.8213844086021505,156.2298387096774,183.8560887096774,,,,,,,3.1224946236559137,0.09018585217812385,31.0,,,,,,,,,,,,,,,,,,,,,False,1.0,31.2,120.3,2329.357405,0.5138400197029114,0.5113428545961378,太湖区格点 NASA_POWER_120.300_31.200,120.3,31.2,,,,,,,,,,,,,train
TAIHU_CT,2013-05,lake_subregion,3.851851851851853,8.114478114478116,0.2782,0.0139533333333333,1.2753333333333334,7.960000000000001,0.7374666666666666,0.0070166666666666,3.1236999999999995,0.0820766666666666,10.0,,,,,,,,,,,,3.1224946236559137,0.09018585217812385,31.0,,,,,,,,,,,,,,,,,,,,,False,,,,2329.357405,0.5138400197029114,0.5113428545961378,"TAIHU_CT(湖区均值,无坐标)",,,,,0.0820766666666666,taihu_thqbca_v2,3.1236999999999995,taihu_thqbca_v2,8.114478114478116,taihu_thqbca_v2,,,,,train
TAIHU_ET,2013-05,lake_subregion,3.58941798941799,8.04040404040404,0.1723666666666667,0.01172,0.4608333333333332,7.976666666666667,5.361193333333333,0.003065,1.4673,0.0471333333333333,10.0,,,,,,,,,,,,3.1224946236559137,0.09018585217812385,31.0,,,,,,,,,,,,,,,,,,,,,False,,,,2329.357405,0.5138400197029114,0.5113428545961378,"TAIHU_ET(湖区均值,无坐标)",,,,,0.0471333333333333,taihu_thqbca_v2,1.4673,taihu_thqbca_v2,8.04040404040404,taihu_thqbca_v2,,,,,train
TAIHU_GH,2013-05,lake_subregion,4.182010582010583,7.286195286195285,0.2622666666666666,0.0173366666666666,0.8382333333333333,8.003333333333332,0.6256,0.0054366666666666,2.8761999999999994,0.0939766666666666,10.0,,,,,,,,,,,,3.1224946236559137,0.09018585217812385,31.0,,,,,,,,,,,,,,,,,,,,,False,,,,2329.357405,0.5138400197029114,0.5113428545961378,"TAIHU_GH(湖区均值,无坐标)",,,,,0.0939766666666666,taihu_thqbca_v2,2.8761999999999994,taihu_thqbca_v2,7.286195286195285,taihu_thqbca_v2,,,,,train
TAIHU_ML,2013-05,lake_subregion,4.383975812547242,8.55988455988456,0.2528428571428571,0.0324971428571428,0.8652,8.007142857142856,4.473545714285715,0.0045747142857142,2.8581428571428567,0.0905271428571428,10.0,,,,,,,,,,,,3.1224946236559137,0.09018585217812385,31.0,,,,,,,,,,,,,,,,,,,,,False,,,,2329.357405,0.5138400197029114,0.5113428545961378,"TAIHU_ML(湖区均值,无坐标)",,,,,0.0905271428571428,taihu_thqbca_v2,2.8581428571428567,taihu_thqbca_v2,8.55988455988456,taihu_thqbca_v2,,,,,train
TAIHU_ST,2013-05,lake_subregion,3.5583774250440925,8.316498316498315,0.2139666666666666,0.01216,0.7155333333333335,7.983333333333333,1.2503666666666666,0.007205,2.272733333333333,0.1244366666666666,10.0,,,,,,,,,,,,3.1224946236559137,0.09018585217812385,31.0,,,,,,,,,,,,,,,,,,,,,False,,,,2329.357405,0.5138400197029114,0.5113428545961378,"TAIHU_ST(湖区均值,无坐标)",,,,,0.1244366666666666,taihu_thqbca_v2,2.272733333333333,taihu_thqbca_v2,8.316498316498315,taihu_thqbca_v2,,,,,train
TAIHU_WHOLE,2013-05,lake_subregion,4.021048122952886,7.84448051948052,0.3031941071428571,0.0405621428571428,0.9333622916666666,7.975434523809525,2.1568246726190474,0.0184635809523809,2.883525773809524,0.1085559345238095,10.0,,,,,,,,,,,,3.1224946236559137,0.09018585217812385,31.0,,,,,,,,,,,,,,,,,,,,,False,,,,2329.357405,0.5138400197029114,0.5113428545961378,太湖全湖(18/17点位均值),,,,,0.1085559345238095,taihu_thqbca_v2,2.883525773809524,taihu_thqbca_v2,7.84448051948052,taihu_thqbca_v2,,,,,train
TAIHU_WT,2013-05,lake_subregion,4.72804232804233,7.424242424242425,0.5187999999999999,0.0830399999999999,1.196425,7.950000000000001,1.169825,0.027057,3.7983,0.1803249999999999,10.0,,,,,,,,,,,,3.1224946236559137,0.09018585217812385,31.0,,,,,,,,,,,,,,,,,,,,,False,,,,2329.357405,0.5138400197029114,0.5113428545961378,"TAIHU_WT(湖区均值,无坐标)",,,,,0.1803249999999999,taihu_thqbca_v2,3.7983,taihu_thqbca_v2,7.424242424242425,taihu_thqbca_v2,,,,,train
TAIHU_XK,2013-05,lake_subregion,3.193227513227514,8.408080808080808,0.2384599999999999,0.01524,0.75844,8.018,1.3236,0.0039986,2.11618,0.0476719999999999,10.0,,,,,,,,,,,,3.1224946236559137,0.09018585217812385,31.0,,,,,,,,,,,,,,,,,,,,,False,,,,2329.357405,0.5138400197029114,0.5113428545961378,"TAIHU_XK(湖区均值,无坐标)",,,,,0.0476719999999999,taihu_thqbca_v2,2.11618,taihu_thqbca_v2,8.408080808080808,taihu_thqbca_v2,,,,,train
TAIHU_ZS,2013-05,lake_subregion,4.681481481481482,6.6060606060606055,0.48865,0.13855,1.3569,7.904999999999999,2.313,0.089355,4.55565,0.2023,10.0,,,,,,,,,,,,3.1224946236559137,0.09018585217812385,31.0,,,,,,,,,,,,,,,,,,,,,False,,,,2329.357405,0.5138400197029114,0.5113428545961378,"TAIHU_ZS(湖区均值,无坐标)",,,,,0.2023,taihu_thqbca_v2,4.55565,taihu_thqbca_v2,6.6060606060606055,taihu_thqbca_v2,,,,,train
NASA_POWER_120.300_31.200,2013-06,grid_point,,,,,,,,,,,,24.70888888888889,5787.43,4.068236111111111,150.07222222222222,155.4750138888889,,,,,,,3.1756296296296296,0.027934170852820392,9.0,,,,,,,,,,,,,,,,,,,,,False,1.0,31.2,120.3,2329.357405,0.5138400197029114,0.5113428545961378,太湖区格点 NASA_POWER_120.300_31.200,120.3,31.2,,,,,,,,,,,,,train
NASA_POWER_120.300_31.200,2013-07,grid_point,,,,,,,,,,,,30.730362903225807,2151.44,4.300954301075269,205.96572580645162,254.93478494623656,,,,,,,3.3037592592592593,0.07502451064022093,18.0,,,,,,,,,,,,,,,,,,,,,False,1.0,31.2,120.3,2329.357405,0.5138400197029114,0.5113428545961378,太湖区格点 NASA_POWER_120.300_31.200,120.3,31.2,,,,,,,,,,,,,train
NASA_POWER_120.300_31.200,2013-08,grid_point,,,,,,,,,,,,30.823682795698925,3622.95,4.293306451612903,156.30510752688173,228.7908870967742,,,,,,,3.1298709677419354,0.06891850675599906,31.0,,,,,,,,,,,,,,,,,,,,,False,1.0,31.2,120.3,2329.357405,0.5138400197029114,0.5113428545961378,太湖区格点 NASA_POWER_120.300_31.200,120.3,31.2,,,,,,,,,,,,,train
TAIHU_CT,2013-08,lake_subregion,4.087453750420451,8.163510670273519,0.3201333333333333,0.0025853333333333,0.1149666666666666,8.12,5.05736,0.0138936666666666,1.1472666666666669,0.0960133333333333,10.0,,,,,,,,,,,,3.1298709677419354,0.06891850675599906,31.0,,,,,,,,,,,,,,,,,,,,,False,,,,2329.357405,0.5138400197029114,0.5113428545961378,"TAIHU_CT(湖区均值,无坐标)",,,,,0.0960133333333333,taihu_thqbca_v2,1.1472666666666669,taihu_thqbca_v2,8.163510670273519,taihu_thqbca_v2,,,,,train
TAIHU_ET,2013-08,lake_subregion,4.649848637739656,7.748722572888488,0.2834333333333333,0.002108,0.09516,8.17,6.763913333333333,0.004428,0.8045666666666667,0.0476466666666666,10.0,,,,,,,,,,,,3.1298709677419354,0.06891850675599906,31.0,,,,,,,,,,,,,,,,,,,,,False,,,,2329.357405,0.5138400197029114,0.5113428545961378,"TAIHU_ET(湖区均值,无坐标)",,,,,0.0476466666666666,taihu_thqbca_v2,0.8045666666666667,taihu_thqbca_v2,7.748722572888488,taihu_thqbca_v2,,,,,train
TAIHU_GH,2013-08,lake_subregion,4.106289942818702,6.245867147580403,0.3403666666666666,0.0166053333333333,0.3332033333333333,8.29,8.768839999999999,0.0165676666666666,1.7419,0.1464333333333333,10.0,,,,,,,,,,,,3.1298709677419354,0.06891850675599906,31.0,,,,,,,,,,,,,,,,,,,,,False,,,,2329.357405,0.5138400197029114,0.5113428545961378,"TAIHU_GH(湖区均值,无坐标)",,,,,0.1464333333333333,taihu_thqbca_v2,1.7419,taihu_thqbca_v2,6.245867147580403,taihu_thqbca_v2,,,,,train
TAIHU_ML,2013-08,lake_subregion,5.093844601412714,6.747391472368931,0.3201142857142857,0.0131325714285714,0.1196114285714285,8.115714285714287,8.684382857142857,0.0516214285714285,1.9128,0.2235285714285714,10.0,,,,,,,,,,,,3.1298709677419354,0.06891850675599906,31.0,,,,,,,,,,,,,,,,,,,,,False,,,,2329.357405,0.5138400197029114,0.5113428545961378,"TAIHU_ML(湖区均值,无坐标)",,,,,0.2235285714285714,taihu_thqbca_v2,1.9128,taihu_thqbca_v2,6.747391472368931,taihu_thqbca_v2,,,,,train
TAIHU_ST,2013-08,lake_subregion,4.735956945845946,7.123534715960325,0.3490666666666666,0.0039153333333333,0.1049466666666666,8.203333333333333,5.7318,0.013857,1.1801333333333333,0.0954466666666666,10.0,,,,,,,,,,,,3.1298709677419354,0.06891850675599906,31.0,,,,,,,,,,,,,,,,,,,,,False,,,,2329.357405,0.5138400197029114,0.5113428545961378,"TAIHU_ST(湖区均值,无坐标)",,,,,0.0954466666666666,taihu_thqbca_v2,1.1801333333333333,taihu_thqbca_v2,7.123534715960325,taihu_thqbca_v2,,,,,train
TAIHU_WHOLE,2013-08,lake_subregion,4.924032963336697,7.118596762420027,0.4377180357142858,0.0343754026785714,0.1920408869047619,8.236755952380953,6.902500273809523,0.0416762702380952,1.8418533333333331,0.1899369464285714,10.0,,,,,,,,,,,,3.1298709677419354,0.06891850675599906,31.0,,,,,,,,,,,,,,,,,,,,,False,,,,2329.357405,0.5138400197029114,0.5113428545961378,太湖全湖(18/17点位均值),,,,,0.1899369464285714,taihu_thqbca_v2,1.8418533333333331,taihu_thqbca_v2,7.118596762420027,taihu_thqbca_v2,,,,,train
TAIHU_WT,2013-08,lake_subregion,6.024217961654895,6.564472497745717,0.40615,0.09287425,0.211475,8.375,5.3733,0.050915,2.66065,0.357525,10.0,,,,,,,,,,,,3.1298709677419354,0.06891850675599906,31.0,,,,,,,,,,,,,,,,,,,,,False,,,,2329.357405,0.5138400197029114,0.5113428545961378,"TAIHU_WT(湖区均值,无坐标)",,,,,0.357525,taihu_thqbca_v2,2.66065,taihu_thqbca_v2,6.564472497745717,taihu_thqbca_v2,,,,,train
TAIHU_XK,2013-08,lake_subregion,3.5907164480322917,7.790802524797115,0.2692799999999999,0.0026524,0.082264,8.110000000000001,6.7421760000000015,0.0059274,0.92536,0.046802,10.0,,,,,,,,,,,,3.1298709677419354,0.06891850675599906,31.0,,,,,,,,,,,,,,,,,,,,,False,,,,2329.357405,0.5138400197029114,0.5113428545961378,"TAIHU_XK(湖区均值,无坐标)",,,,,0.046802,taihu_thqbca_v2,0.92536,taihu_thqbca_v2,7.790802524797115,taihu_thqbca_v2,,,,,train
TAIHU_ZS,2013-08,lake_subregion,7.103935418768922,6.564472497745717,1.2132,0.14113,0.4747,8.510000000000002,8.09823,0.1762,4.36215,0.5061,10.0,,,,,,,,,,,,3.1298709677419354,0.06891850675599906,31.0,,,,,,,,,,,,,,,,,,,,,False,,,,2329.357405,0.5138400197029114,0.5113428545961378,"TAIHU_ZS(湖区均值,无坐标)",,,,,0.5061,taihu_thqbca_v2,4.36215,taihu_thqbca_v2,6.564472497745717,taihu_thqbca_v2,,,,,train
NASA_POWER_120.300_31.200,2013-09,grid_point,,,,,,,,,,,,24.681416666666664,1636.78,3.982416666666667,117.10305555555556,173.66848611111112,,,,,,,3.1468555555555553,0.03596749099790754,30.0,,,,,,,,,,,,,,,,,,,,,False,1.0,31.2,120.3,2329.357405,0.5138400197029114,0.5113428545961378,太湖区格点 NASA_POWER_120.300_31.200,120.3,31.2,,,,,,,,,,,,,train
NASA_POWER_120.300_31.200,2013-10,grid_point,,,,,,,,,,,,18.631639784946238,4563.42,4.483077956989247,103.7212365591398,145.05370967741936,,,,,,,3.5069139784946235,0.234444054255735,31.0,,,,,,,,,,,,,,,,,,,,,False,1.0,31.2,120.3,2329.357405,0.5138400197029114,0.5113428545961378,太湖区格点 NASA_POWER_120.300_31.200,120.3,31.2,,,,,,,,,,,,,train
NASA_POWER_120.300_31.200,2013-11,grid_point,,,,,,,,,,,,12.405097222222222,573.75,3.711777777777778,183.76486111111112,115.40712500000001,,,,,,,3.3083,0.11098352885974062,30.0,,,,,,,,,,,,,,,,,,,,,False,1.0,31.2,120.3,2329.357405,0.5138400197029114,0.5113428545961378,太湖区格点 NASA_POWER_120.300_31.200,120.3,31.2,,,,,,,,,,,,,train
TAIHU_CT,2013-11,lake_subregion,4.221542643560992,9.065080938222664,0.4186666666666667,0.00522,0.0984466666666666,8.036666666666667,4.805526666666665,0.009382,1.286433333333333,0.0903233333333333,10.0,,,,,,,,,,,,3.3083,0.11098352885974062,30.0,,,,,,,,,,,,,,,,,,,,,False,,,,2329.357405,0.5138400197029114,0.5113428545961378,"TAIHU_CT(湖区均值,无坐标)",,,,,0.0903233333333333,taihu_thqbca_v2,1.286433333333333,taihu_thqbca_v2,9.065080938222664,taihu_thqbca_v2,,,,,train
TAIHU_ET,2013-11,lake_subregion,3.618076792388719,8.199537495870498,0.4282999999999999,0.010976,0.23755,8.07,8.511566666666669,0.003161,1.3989333333333331,0.0371633333333333,10.0,,,,,,,,,,,,3.3083,0.11098352885974062,30.0,,,,,,,,,,,,,,,,,,,,,False,,,,2329.357405,0.5138400197029114,0.5113428545961378,"TAIHU_ET(湖区均值,无坐标)",,,,,0.0371633333333333,taihu_thqbca_v2,1.3989333333333331,taihu_thqbca_v2,8.199537495870498,taihu_thqbca_v2,,,,,train
TAIHU_GH,2013-11,lake_subregion,3.99864084267754,9.117938553022796,0.4245333333333334,0.0052646666666666,0.0951466666666666,8.003333333333332,6.131759999999999,0.0087936666666666,1.1348666666666667,0.08631,10.0,,,,,,,,,,,,3.3083,0.11098352885974062,30.0,,,,,,,,,,,,,,,,,,,,,False,,,,2329.357405,0.5138400197029114,0.5113428545961378,"TAIHU_GH(湖区均值,无坐标)",,,,,0.08631,taihu_thqbca_v2,1.1348666666666667,taihu_thqbca_v2,9.117938553022796,taihu_thqbca_v2,,,,,train
TAIHU_ML,2013-11,lake_subregion,4.513178971894568,9.049978762565482,0.4376142857142857,0.01379,0.2352857142857142,7.711428571428571,7.756905714285713,0.0165527142857142,1.6904285714285714,0.1009728571428571,10.0,,,,,,,,,,,,3.3083,0.11098352885974062,30.0,,,,,,,,,,,,,,,,,,,,,False,,,,2329.357405,0.5138400197029114,0.5113428545961378,"TAIHU_ML(湖区均值,无坐标)",,,,,0.1009728571428571,taihu_thqbca_v2,1.6904285714285714,taihu_thqbca_v2,9.049978762565482,taihu_thqbca_v2,,,,,train
TAIHU_ST,2013-11,lake_subregion,4.159021406727828,8.847043277172117,0.4058333333333333,0.005054,0.3426,8.106666666666667,3.823993333333333,0.006593,2.025333333333333,0.0870733333333333,10.0,,,,,,,,,,,,3.3083,0.11098352885974062,30.0,,,,,,,,,,,,,,,,,,,,,False,,,,2329.357405,0.5138400197029114,0.5113428545961378,"TAIHU_ST(湖区均值,无坐标)",,,,,0.0870733333333333,taihu_thqbca_v2,2.025333333333333,taihu_thqbca_v2,8.847043277172117,taihu_thqbca_v2,,,,,train
TAIHU_WHOLE,2013-11,lake_subregion,4.161514004174554,8.634055406106942,0.5192015773809524,0.0237818770833333,0.2566929434523809,7.997011904761905,4.781774547619047,0.0154831826190476,1.7420487797619049,0.0865771696428571,10.0,,,,,,,,,,,,3.3083,0.11098352885974062,30.0,,,,,,,,,,,,,,,,,,,,,False,,,,2329.357405,0.5138400197029114,0.5113428545961378,太湖全湖(18/17点位均值),,,,,0.0865771696428571,taihu_thqbca_v2,1.7420487797619049,taihu_thqbca_v2,8.634055406106942,taihu_thqbca_v2,,,,,train
TAIHU_WT,2013-11,lake_subregion,4.858307849133537,8.116947472745293,0.731225,0.04253675,0.3091925,8.035,3.967699999999999,0.026061,2.287775,0.1481575,10.0,,,,,,,,,,,,3.3083,0.11098352885974062,30.0,,,,,,,,,,,,,,,,,,,,,False,,,,2329.357405,0.5138400197029114,0.5113428545961378,"TAIHU_WT(湖区均值,无坐标)",,,,,0.1481575,taihu_thqbca_v2,2.287775,taihu_thqbca_v2,8.116947472745293,taihu_thqbca_v2,,,,,train
TAIHU_XK,2013-11,lake_subregion,3.226095820591233,8.856293359762141,0.26124,0.0027586,0.081922,8.078,1.7953440000000005,0.0028770799999999,0.79652,0.029702,10.0,,,,,,,,,,,,3.3083,0.11098352885974062,30.0,,,,,,,,,,,,,,,,,,,,,False,,,,2329.357405,0.5138400197029114,0.5113428545961378,"TAIHU_XK(湖区均值,无坐标)",,,,,0.029702,taihu_thqbca_v2,0.79652,taihu_thqbca_v2,8.856293359762141,taihu_thqbca_v2,,,,,train
TAIHU_ZS,2013-11,lake_subregion,4.697247706422019,7.819623389494549,1.0462,0.104655,0.6534,7.935,1.4614,0.050445,3.3161,0.112915,10.0,,,,,,,,,,,,3.3083,0.11098352885974062,30.0,,,,,,,,,,,,,,,,,,,,,False,,,,2329.357405,0.5138400197029114,0.5113428545961378,"TAIHU_ZS(湖区均值,无坐标)",,,,,0.112915,taihu_thqbca_v2,3.3161,taihu_thqbca_v2,7.819623389494549,taihu_thqbca_v2,,,,,train
NASA_POWER_120.300_31.200,2013-12,grid_point,,,,,,,,,,,,4.81627688172043,1108.5,3.6042204301075267,196.81922043010752,101.27077956989248,,,,,,,3.0576129032258064,0.03838461273249554,31.0,,,,,,,,,,,,,,,,,,,,,False,1.0,31.2,120.3,2329.357405,0.5138400197029114,0.5113428545961378,太湖区格点 NASA_POWER_120.300_31.200,120.3,31.2,,,,,,,,,,,,,train
NASA_POWER_120.300_31.200,2014-01,grid_point,,,,,,,,,,,,5.3224193548387095,581.49,3.8459543010752686,161.17943548387098,112.55263440860216,,,,,,,2.9868494623655915,0.034744446794195194,31.0,,,,,,,,,,,,,,,,,,,,,False,1.0,31.2,120.3,2329.357405,0.5138400197029114,0.5113428545961378,太湖区格点 NASA_POWER_120.300_31.200,120.3,31.2,,,,,,,,,,,,,train
NASA_POWER_120.300_31.200,2014-02,grid_point,,,,,,,,,,,,5.233869047619048,3327.32,4.749479166666667,136.334375,91.2743005952381,,,,,,,2.961702380952381,0.11794555971230765,28.0,,,,,,,,,,,,,,,,,,,,,False,1.0,31.2,120.3,2329.357405,0.5138400197029114,0.5113428545961378,太湖区格点 NASA_POWER_120.300_31.200,120.3,31.2,,,,,,,,,,,,,train
TAIHU_CT,2014-02,lake_subregion,4.439670605084138,11.64726631393298,0.5958,0.0148006666666666,0.8771666666666667,7.899999999999999,5.42924,0.0070993333333333,2.6583666666666663,0.1030333333333333,10.0,,,,,,,,,,,,2.961702380952381,0.11794555971230765,28.0,,,,,,,,,,,,,,,,,,,,,False,,,,2329.357405,0.5138400197029114,0.5113428545961378,"TAIHU_CT(湖区均值,无坐标)",,,,,0.1030333333333333,taihu_thqbca_v2,2.6583666666666663,taihu_thqbca_v2,11.64726631393298,taihu_thqbca_v2,,,,,train
TAIHU_ET,2014-02,lake_subregion,3.961331901181525,11.2663139329806,0.5407666666666667,0.007178,0.1955666666666666,7.973333333333334,7.170593333333334,0.0052332,1.2962,0.0719366666666666,10.0,,,,,,,,,,,,2.961702380952381,0.11794555971230765,28.0,,,,,,,,,,,,,,,,,,,,,False,,,,2329.357405,0.5138400197029114,0.5113428545961378,"TAIHU_ET(湖区均值,无坐标)",,,,,0.0719366666666666,taihu_thqbca_v2,1.2962,taihu_thqbca_v2,11.2663139329806,taihu_thqbca_v2,,,,,train
TAIHU_GH,2014-02,lake_subregion,3.259577515216612,11.111111111111112,0.6814,0.0243676666666666,1.1752,7.953333333333333,6.994866666666666,0.0316616666666666,3.093233333333333,0.1276766666666666,10.0,,,,,,,,,,,,2.961702380952381,0.11794555971230765,28.0,,,,,,,,,,,,,,,,,,,,,False,,,,2329.357405,0.5138400197029114,0.5113428545961378,"TAIHU_GH(湖区均值,无坐标)",,,,,0.1276766666666666,taihu_thqbca_v2,3.093233333333333,taihu_thqbca_v2,11.111111111111112,taihu_thqbca_v2,,,,,train
TAIHU_ML,2014-02,lake_subregion,4.438852232622372,11.46485260770975,0.6453857142857142,0.0202928571428571,0.9937142857142858,7.8,13.100971428571428,0.0052118571428571,2.969671428571428,0.0769071428571428,10.0,,,,,,,,,,,,2.961702380952381,0.11794555971230765,28.0,,,,,,,,,,,,,,,,,,,,,False,,,,2329.357405,0.5138400197029114,0.5113428545961378,"TAIHU_ML(湖区均值,无坐标)",,,,,0.0769071428571428,taihu_thqbca_v2,2.969671428571428,taihu_thqbca_v2,11.46485260770975,taihu_thqbca_v2,,,,,train
TAIHU_ST,2014-02,lake_subregion,4.688865019692089,10.977072310405644,0.8595333333333333,0.024484,0.8696999999999999,8.003333333333332,3.1644,0.0133276666666666,3.2106,0.1388666666666666,10.0,,,,,,,,,,,,2.961702380952381,0.11794555971230765,28.0,,,,,,,,,,,,,,,,,,,,,False,,,,2329.357405,0.5138400197029114,0.5113428545961378,"TAIHU_ST(湖区均值,无坐标)",,,,,0.1388666666666666,taihu_thqbca_v2,3.2106,taihu_thqbca_v2,10.977072310405644,taihu_thqbca_v2,,,,,train
TAIHU_WHOLE,2014-02,lake_subregion,4.345583346120402,10.764808515998991,1.164043214285714,0.0348078738095238,0.9984397023809524,7.9186875,5.670685178571428,0.0173258342261904,3.298923928571428,0.1228422470238095,10.0,,,,,,,,,,,,2.961702380952381,0.11794555971230765,28.0,,,,,,,,,,,,,,,,,,,,,False,,,,2329.357405,0.5138400197029114,0.5113428545961378,太湖全湖(18/17点位均值),,,,,0.1228422470238095,taihu_thqbca_v2,3.298923928571428,taihu_thqbca_v2,10.764808515998991,taihu_thqbca_v2,,,,,train
TAIHU_WT,2014-02,lake_subregion,4.738990332975295,10.026455026455029,1.4988,0.04213,1.05575,7.932499999999999,3.21235,0.01720775,3.8876,0.1543675,10.0,,,,,,,,,,,,2.961702380952381,0.11794555971230765,28.0,,,,,,,,,,,,,,,,,,,,,False,,,,2329.357405,0.5138400197029114,0.5113428545961378,"TAIHU_WT(湖区均值,无坐标)",,,,,0.1543675,taihu_thqbca_v2,3.8876,taihu_thqbca_v2,10.026455026455029,taihu_thqbca_v2,,,,,train
TAIHU_XK,2014-02,lake_subregion,3.609022556390977,11.33968253968254,0.52376,0.0076598,0.3998199999999999,8.022,4.47936,0.0064652,1.7188200000000002,0.0673,10.0,,,,,,,,,,,,2.961702380952381,0.11794555971230765,28.0,,,,,,,,,,,,,,,,,,,,,False,,,,2329.357405,0.5138400197029114,0.5113428545961378,"TAIHU_XK(湖区均值,无坐标)",,,,,0.0673,taihu_thqbca_v2,1.7188200000000002,taihu_thqbca_v2,11.33968253968254,taihu_thqbca_v2,,,,,train
TAIHU_ZS,2014-02,lake_subregion,5.628356605800214,8.285714285714286,3.9669,0.13755,2.4206,7.765,1.8137,0.0524,7.5569,0.24265,10.0,,,,,,,,,,,,2.961702380952381,0.11794555971230765,28.0,,,,,,,,,,,,,,,,,,,,,False,,,,2329.357405,0.5138400197029114,0.5113428545961378,"TAIHU_ZS(湖区均值,无坐标)",,,,,0.24265,taihu_thqbca_v2,7.5569,taihu_thqbca_v2,8.285714285714286,taihu_thqbca_v2,,,,,train
NASA_POWER_120.300_31.200,2014-03,grid_point,,,,,,,,,,,,11.41282258064516,1722.59,4.380040322580645,154.72002688172043,163.7031048387097,,,,,,,3.2204838709677417,0.045540445085552335,31.0,,,,,,,,,,,,,,,,,,,,,False,1.0,31.2,120.3,2329.357405,0.5138400197029114,0.5113428545961378,太湖区格点 NASA_POWER_120.300_31.200,120.3,31.2,,,,,,,,,,,,,train
NASA_POWER_120.300_31.200,2014-04,grid_point,,,,,,,,,,,,16.445194444444446,3212.93,4.369611111111111,143.21069444444444,168.43302777777777,,,,,,,3.1894888888888886,0.0664232183320622,30.0,,,,,,,,,,,,,,,,,,,,,False,1.0,31.2,120.3,2329.357405,0.5138400197029114,0.5113428545961378,太湖区格点 NASA_POWER_120.300_31.200,120.3,31.2,,,,,,,,,,,,,train
NASA_POWER_120.300_31.200,2014-05,grid_point,,,,,,,,,,,,21.896545698924733,2388.67,4.607258064516129,176.23467741935485,203.53631720430107,,,,,,,3.213827956989247,0.04645689925780594,31.0,,,,,,,,,,,,,,,,,,,,,False,1.0,31.2,120.3,2329.357405,0.5138400197029114,0.5113428545961378,太湖区格点 NASA_POWER_120.300_31.200,120.3,31.2,,,,,,,,,,,,,train
TAIHU_CT,2014-05,lake_subregion,3.698924731182794,8.87741046831956,0.4225666666666667,0.0163516666666666,1.1269333333333331,8.273333333333332,1.9633266666666669,0.00686,3.1421333333333337,0.0722133333333333,10.0,,,,,,,,,,,,3.213827956989247,0.04645689925780594,31.0,,,,,,,,,,,,,,,,,,,,,False,,,,2329.357405,0.5138400197029114,0.5113428545961378,"TAIHU_CT(湖区均值,无坐标)",,,,,0.0722133333333333,taihu_thqbca_v2,3.1421333333333337,taihu_thqbca_v2,8.87741046831956,taihu_thqbca_v2,,,,,train
TAIHU_ET,2014-05,lake_subregion,4.191323692992214,8.925619834710744,0.2802666666666666,0.0048994,0.3655233333333333,8.34,3.170433333333333,0.002714,1.2989666666666666,0.0367199999999999,10.0,,,,,,,,,,,,3.213827956989247,0.04645689925780594,31.0,,,,,,,,,,,,,,,,,,,,,False,,,,2329.357405,0.5138400197029114,0.5113428545961378,"TAIHU_ET(湖区均值,无坐标)",,,,,0.0367199999999999,taihu_thqbca_v2,1.2989666666666666,taihu_thqbca_v2,8.925619834710744,taihu_thqbca_v2,,,,,train
TAIHU_GH,2014-05,lake_subregion,3.0967741935483866,8.264462809917354,0.4697333333333333,0.0084776666666666,0.9258333333333332,8.303333333333333,1.1929333333333334,0.0085763333333333,2.6341,0.07193,10.0,,,,,,,,,,,,3.213827956989247,0.04645689925780594,31.0,,,,,,,,,,,,,,,,,,,,,False,,,,2329.357405,0.5138400197029114,0.5113428545961378,"TAIHU_GH(湖区均值,无坐标)",,,,,0.07193,taihu_thqbca_v2,2.6341,taihu_thqbca_v2,8.264462809917354,taihu_thqbca_v2,,,,,train
TAIHU_ML,2014-05,lake_subregion,4.59303988558716,8.817898465171194,0.5209428571428572,0.0289457142857142,1.4051571428571428,8.207142857142857,3.386228571428572,0.0108138571428571,3.658428571428572,0.1033957142857142,10.0,,,,,,,,,,,,3.213827956989247,0.04645689925780594,31.0,,,,,,,,,,,,,,,,,,,,,False,,,,2329.357405,0.5138400197029114,0.5113428545961378,"TAIHU_ML(湖区均值,无坐标)",,,,,0.1033957142857142,taihu_thqbca_v2,3.658428571428572,taihu_thqbca_v2,8.817898465171194,taihu_thqbca_v2,,,,,train
TAIHU_ST,2014-05,lake_subregion,3.523915461624027,8.47107438016529,0.2859,0.0046336666666666,0.8593999999999999,8.286666666666667,0.7250333333333334,0.0047256666666666,2.7131000000000003,0.0695,10.0,,,,,,,,,,,,3.213827956989247,0.04645689925780594,31.0,,,,,,,,,,,,,,,,,,,,,False,,,,2329.357405,0.5138400197029114,0.5113428545961378,"TAIHU_ST(湖区均值,无坐标)",,,,,0.0695,taihu_thqbca_v2,2.7131000000000003,taihu_thqbca_v2,8.47107438016529,taihu_thqbca_v2,,,,,train
TAIHU_WHOLE,2014-05,lake_subregion,4.062580115472217,8.360803079496261,0.5179743154761904,0.0373076767857142,0.9690296428571428,8.281997023809524,3.0407237797619047,0.0146889633928571,3.0151079464285715,0.0867898184523809,10.0,,,,,,,,,,,,3.213827956989247,0.04645689925780594,31.0,,,,,,,,,,,,,,,,,,,,,False,,,,2329.357405,0.5138400197029114,0.5113428545961378,太湖全湖(18/17点位均值),,,,,0.0867898184523809,taihu_thqbca_v2,3.0151079464285715,taihu_thqbca_v2,8.360803079496261,taihu_thqbca_v2,,,,,train
TAIHU_WT,2014-05,lake_subregion,4.1223581757508345,7.78409090909091,0.565825,0.0596514999999999,1.0907,8.2575,7.833094999999999,0.01872125,3.6453250000000006,0.1402775,10.0,,,,,,,,,,,,3.213827956989247,0.04645689925780594,31.0,,,,,,,,,,,,,,,,,,,,,False,,,,2329.357405,0.5138400197029114,0.5113428545961378,"TAIHU_WT(湖区均值,无坐标)",,,,,0.1402775,taihu_thqbca_v2,3.6453250000000006,taihu_thqbca_v2,7.78409090909091,taihu_thqbca_v2,,,,,train
TAIHU_XK,2014-05,lake_subregion,3.641379310344828,8.75206611570248,0.24076,0.0042018,0.56044,8.378,0.76778,0.0040006,1.81336,0.040582,10.0,,,,,,,,,,,,3.213827956989247,0.04645689925780594,31.0,,,,,,,,,,,,,,,,,,,,,False,,,,2329.357405,0.5138400197029114,0.5113428545961378,"TAIHU_XK(湖区均值,无坐标)",,,,,0.040582,taihu_thqbca_v2,1.81336,taihu_thqbca_v2,8.75206611570248,taihu_thqbca_v2,,,,,train
TAIHU_ZS,2014-05,lake_subregion,5.632925472747498,6.993801652892563,1.3578,0.1713,1.41825,8.21,5.28696,0.0611,5.21545,0.1597,10.0,,,,,,,,,,,,3.213827956989247,0.04645689925780594,31.0,,,,,,,,,,,,,,,,,,,,,False,,,,2329.357405,0.5138400197029114,0.5113428545961378,"TAIHU_ZS(湖区均值,无坐标)",,,,,0.1597,taihu_thqbca_v2,5.21545,taihu_thqbca_v2,6.993801652892563,taihu_thqbca_v2,,,,,train
NASA_POWER_120.300_31.200,2014-06,grid_point,,,,,,,,,,,,25.103472222222223,3699.95,3.8765277777777776,133.61875,157.32604166666667,,,,,,,3.1114222222222225,0.0962676239856455,30.0,,,,,,,,,,,,,,,,,,,,,False,1.0,31.2,120.3,2329.357405,0.5138400197029114,0.5113428545961378,太湖区格点 NASA_POWER_120.300_31.200,120.3,31.2,,,,,,,,,,,,,train
NASA_POWER_120.300_31.200,2014-07,grid_point,,,,,,,,,,,,27.665416666666665,6303.66,3.6981586021505373,159.48521505376345,187.57502688172045,,,,,,,3.5702043010752686,0.10884221258382847,31.0,,,,,,,,,,,,,,,,,,,,,False,1.0,31.2,120.3,2329.357405,0.5138400197029114,0.5113428545961378,太湖区格点 NASA_POWER_120.300_31.200,120.3,31.2,,,,,,,,,,,,,train
NASA_POWER_120.300_31.200,2014-08,grid_point,,,,,,,,,,,,26.475013440860216,5008.93,3.4889112903225805,133.65994623655914,140.98341397849464,,,,,,,3.621247311827957,0.05073080499919351,31.0,,,,,,,,,,,,,,,,,,,,,False,1.0,31.2,120.3,2329.357405,0.5138400197029114,0.5113428545961378,太湖区格点 NASA_POWER_120.300_31.200,120.3,31.2,,,,,,,,,,,,,train
TAIHU_CT,2014-08,lake_subregion,2.8791619902731007,7.515268402442945,0.2224233333333333,0.0059223333333333,0.2366333333333333,8.306666666666667,2.1673,0.003226,1.3262,0.0477233333333333,10.0,,,,,,,,,,,,3.621247311827957,0.05073080499919351,31.0,,,,,,,,,,,,,,,,,,,,,False,,,,2329.357405,0.5138400197029114,0.5113428545961378,"TAIHU_CT(湖区均值,无坐标)",,,,,0.0477233333333333,taihu_thqbca_v2,1.3262,taihu_thqbca_v2,7.515268402442945,taihu_thqbca_v2,,,,,train
TAIHU_ET,2014-08,lake_subregion,3.109614665170221,6.994535519125684,0.2423166666666666,0.0121,0.1956,8.18,2.3918,0.0019546666666666,1.0513333333333332,0.0353033333333333,10.0,,,,,,,,,,,,3.621247311827957,0.05073080499919351,31.0,,,,,,,,,,,,,,,,,,,,,False,,,,2329.357405,0.5138400197029114,0.5113428545961378,"TAIHU_ET(湖区均值,无坐标)",,,,,0.0353033333333333,taihu_thqbca_v2,1.0513333333333332,taihu_thqbca_v2,6.994535519125684,taihu_thqbca_v2,,,,,train
TAIHU_GH,2014-08,lake_subregion,4.151141040029929,7.682417229186758,0.2339933333333333,0.0047376666666666,0.06426,8.396666666666667,8.626986666666665,0.0088519999999999,1.1530333333333334,0.0931833333333333,10.0,,,,,,,,,,,,3.621247311827957,0.05073080499919351,31.0,,,,,,,,,,,,,,,,,,,,,False,,,,2329.357405,0.5138400197029114,0.5113428545961378,"TAIHU_GH(湖区均值,无坐标)",,,,,0.0931833333333333,taihu_thqbca_v2,1.1530333333333334,taihu_thqbca_v2,7.682417229186758,taihu_thqbca_v2,,,,,train
TAIHU_ML,2014-08,lake_subregion,6.059323392656727,6.769527483124397,0.2826028571428571,0.0087407142857142,0.0634471428571428,8.547142857142857,8.611545714285715,0.019639,1.7493714285714286,0.1639,10.0,,,,,,,,,,,,3.621247311827957,0.05073080499919351,31.0,,,,,,,,,,,,,,,,,,,,,False,,,,2329.357405,0.5138400197029114,0.5113428545961378,"TAIHU_ML(湖区均值,无坐标)",,,,,0.1639,taihu_thqbca_v2,1.7493714285714286,taihu_thqbca_v2,6.769527483124397,taihu_thqbca_v2,,,,,train
TAIHU_ST,2014-08,lake_subregion,3.8877665544332207,7.791706846673096,0.2410266666666666,0.006402,0.2258666666666666,8.343333333333334,6.07,0.0071956666666666,1.6171666666666669,0.07436,10.0,,,,,,,,,,,,3.621247311827957,0.05073080499919351,31.0,,,,,,,,,,,,,,,,,,,,,False,,,,2329.357405,0.5138400197029114,0.5113428545961378,"TAIHU_ST(湖区均值,无坐标)",,,,,0.07436,taihu_thqbca_v2,1.6171666666666669,taihu_thqbca_v2,7.791706846673096,taihu_thqbca_v2,,,,,train
TAIHU_WHOLE,2014-08,lake_subregion,4.441740152851264,6.931457800850724,0.3368559821428571,0.0312780767857142,0.2437912678571428,8.31803869047619,6.158395672619047,0.0211690791666666,1.8316999702380956,0.1145641249999999,10.0,,,,,,,,,,,,3.621247311827957,0.05073080499919351,31.0,,,,,,,,,,,,,,,,,,,,,False,,,,2329.357405,0.5138400197029114,0.5113428545961378,太湖全湖(18/17点位均值),,,,,0.1145641249999999,taihu_thqbca_v2,1.8316999702380956,taihu_thqbca_v2,6.931457800850724,taihu_thqbca_v2,,,,,train
TAIHU_WT,2014-08,lake_subregion,6.109988776655444,6.1234329797492775,0.477085,0.1070395,0.4055249999999999,8.282499999999999,8.527795,0.0489145,2.9432250000000004,0.201765,10.0,,,,,,,,,,,,3.621247311827957,0.05073080499919351,31.0,,,,,,,,,,,,,,,,,,,,,False,,,,2329.357405,0.5138400197029114,0.5113428545961378,"TAIHU_WT(湖区均值,无坐标)",,,,,0.201765,taihu_thqbca_v2,2.9432250000000004,taihu_thqbca_v2,6.1234329797492775,taihu_thqbca_v2,,,,,train
TAIHU_XK,2014-08,lake_subregion,2.885746352413019,8.061716489874637,0.18674,0.0078324,0.180998,8.227999999999998,4.060847999999999,0.0032318,1.04422,0.034928,10.0,,,,,,,,,,,,3.621247311827957,0.05073080499919351,31.0,,,,,,,,,,,,,,,,,,,,,False,,,,2329.357405,0.5138400197029114,0.5113428545961378,"TAIHU_XK(湖区均值,无坐标)",,,,,0.034928,taihu_thqbca_v2,1.04422,taihu_thqbca_v2,8.061716489874637,taihu_thqbca_v2,,,,,train
TAIHU_ZS,2014-08,lake_subregion,6.45117845117845,4.513057456628999,0.8086599999999999,0.09745,0.5780000000000001,8.26,8.810889999999999,0.0763389999999999,3.76905,0.26535,10.0,,,,,,,,,,,,3.621247311827957,0.05073080499919351,31.0,,,,,,,,,,,,,,,,,,,,,False,,,,2329.357405,0.5138400197029114,0.5113428545961378,"TAIHU_ZS(湖区均值,无坐标)",,,,,0.26535,taihu_thqbca_v2,3.76905,taihu_thqbca_v2,4.513057456628999,taihu_thqbca_v2,,,,,train
NASA_POWER_120.300_31.200,2014-09,grid_point,,,,,,,,,,,,23.93886111111111,3242.09,4.596208333333333,133.40041666666667,135.06752777777777,,,,,,,3.5636666666666668,0.08302822305550549,30.0,,,,,,,,,,,,,,,,,,,,,False,1.0,31.2,120.3,2329.357405,0.5138400197029114,0.5113428545961378,太湖区格点 NASA_POWER_120.300_31.200,120.3,31.2,,,,,,,,,,,,,train
NASA_POWER_120.300_31.200,2014-10,grid_point,,,,,,,,,,,,18.98581989247312,778.58,4.046411290322581,146.48682795698923,163.4281989247312,,,,,,,3.313569892473118,0.09472592799066036,31.0,,,,,,,,,,,,,,,,,,,,,False,1.0,31.2,120.3,2329.357405,0.5138400197029114,0.5113428545961378,太湖区格点 NASA_POWER_120.300_31.200,120.3,31.2,,,,,,,,,,,,,train
NASA_POWER_120.300_31.200,2014-11,grid_point,,,,,,,,,,,,13.346263888888888,1751.48,3.8107361111111113,158.5640277777778,106.92270833333335,,,,,,,3.1787,0.030433062027469662,30.0,,,,,,,,,,,,,,,,,,,,,False,1.0,31.2,120.3,2329.357405,0.5138400197029114,0.5113428545961378,太湖区格点 NASA_POWER_120.300_31.200,120.3,31.2,,,,,,,,,,,,,train
TAIHU_CT,2014-11,lake_subregion,4.83298969072165,9.560283687943262,0.3905,0.004,0.1048233333333333,8.49,2.8966,0.0151436666666666,1.6192666666666666,0.1359733333333333,10.0,,,,,,,,,,,,3.1787,0.030433062027469662,30.0,,,,,,,,,,,,,,,,,,,,,False,,,,2329.357405,0.5138400197029114,0.5113428545961378,"TAIHU_CT(湖区均值,无坐标)",,,,,0.1359733333333333,taihu_thqbca_v2,1.6192666666666666,taihu_thqbca_v2,9.560283687943262,taihu_thqbca_v2,,,,,train
TAIHU_ET,2014-11,lake_subregion,3.5876288659793825,10.085106382978722,0.2596,0.0053143333333333,0.0605433333333333,8.133333333333333,6.752593333333333,0.0018826,0.7932333333333333,0.0444666666666666,10.0,,,,,,,,,,,,3.1787,0.030433062027469662,30.0,,,,,,,,,,,,,,,,,,,,,False,,,,2329.357405,0.5138400197029114,0.5113428545961378,"TAIHU_ET(湖区均值,无坐标)",,,,,0.0444666666666666,taihu_thqbca_v2,0.7932333333333333,taihu_thqbca_v2,10.085106382978722,taihu_thqbca_v2,,,,,train
TAIHU_GH,2014-11,lake_subregion,4.508591065292097,8.851063829787234,0.4836,0.0246916666666666,0.2787533333333333,8.276666666666667,6.2535333333333325,0.0170256666666666,1.8381666666666667,0.10661,10.0,,,,,,,,,,,,3.1787,0.030433062027469662,30.0,,,,,,,,,,,,,,,,,,,,,False,,,,2329.357405,0.5138400197029114,0.5113428545961378,"TAIHU_GH(湖区均值,无坐标)",,,,,0.10661,taihu_thqbca_v2,1.8381666666666667,taihu_thqbca_v2,8.851063829787234,taihu_thqbca_v2,,,,,train
TAIHU_ML,2014-11,lake_subregion,5.325478645066275,8.662613981762918,0.2701714285714285,0.0085298571428571,0.1492571428571428,8.448571428571428,5.489128571428571,0.0177471428571428,1.9376571428571427,0.1466142857142857,10.0,,,,,,,,,,,,3.1787,0.030433062027469662,30.0,,,,,,,,,,,,,,,,,,,,,False,,,,2329.357405,0.5138400197029114,0.5113428545961378,"TAIHU_ML(湖区均值,无坐标)",,,,,0.1466142857142857,taihu_thqbca_v2,1.9376571428571427,taihu_thqbca_v2,8.662613981762918,taihu_thqbca_v2,,,,,train
TAIHU_ST,2014-11,lake_subregion,3.7690721649484544,9.858156028368796,0.2527999999999999,0.0048003333333333,0.08455,8.15,0.5566666666666666,0.0106976666666666,1.2153333333333334,0.10742,10.0,,,,,,,,,,,,3.1787,0.030433062027469662,30.0,,,,,,,,,,,,,,,,,,,,,False,,,,2329.357405,0.5138400197029114,0.5113428545961378,"TAIHU_ST(湖区均值,无坐标)",,,,,0.10742,taihu_thqbca_v2,1.2153333333333334,taihu_thqbca_v2,9.858156028368796,taihu_thqbca_v2,,,,,train
TAIHU_WHOLE,2014-11,lake_subregion,4.35909376534119,8.985264690982776,0.4194364285714286,0.0290871675595238,0.2209140178571428,8.222883928571429,3.4619908630952385,0.0132779303571428,1.821975892857143,0.1165456607142857,10.0,,,,,,,,,,,,3.1787,0.030433062027469662,30.0,,,,,,,,,,,,,,,,,,,,,False,,,,2329.357405,0.5138400197029114,0.5113428545961378,太湖全湖(18/17点位均值),,,,,0.1165456607142857,taihu_thqbca_v2,1.821975892857143,taihu_thqbca_v2,8.985264690982776,taihu_thqbca_v2,,,,,train
TAIHU_WT,2014-11,lake_subregion,4.2845360824742285,8.398936170212766,0.41343,0.03552075,0.286745,8.092500000000001,1.5246849999999998,0.0228165,2.2131,0.185075,10.0,,,,,,,,,,,,3.1787,0.030433062027469662,30.0,,,,,,,,,,,,,,,,,,,,,False,,,,2329.357405,0.5138400197029114,0.5113428545961378,"TAIHU_WT(湖区均值,无坐标)",,,,,0.185075,taihu_thqbca_v2,2.2131,taihu_thqbca_v2,8.398936170212766,taihu_thqbca_v2,,,,,train
TAIHU_XK,2014-11,lake_subregion,3.294350515463919,8.902127659574468,0.24914,0.0029904,0.05544,8.162,0.5555800000000001,0.0037001999999999,0.7847000000000002,0.043056,10.0,,,,,,,,,,,,3.1787,0.030433062027469662,30.0,,,,,,,,,,,,,,,,,,,,,False,,,,2329.357405,0.5138400197029114,0.5113428545961378,"TAIHU_XK(湖区均值,无坐标)",,,,,0.043056,taihu_thqbca_v2,0.7847000000000002,taihu_thqbca_v2,8.902127659574468,taihu_thqbca_v2,,,,,train
TAIHU_ZS,2014-11,lake_subregion,5.270103092783508,7.563829787234042,1.03625,0.14685,0.7472,8.030000000000001,3.66714,0.01721,4.17435,0.16315,10.0,,,,,,,,,,,,3.1787,0.030433062027469662,30.0,,,,,,,,,,,,,,,,,,,,,False,,,,2329.357405,0.5138400197029114,0.5113428545961378,"TAIHU_ZS(湖区均值,无坐标)",,,,,0.16315,taihu_thqbca_v2,4.17435,taihu_thqbca_v2,7.563829787234042,taihu_thqbca_v2,,,,,train
NASA_POWER_120.300_31.200,2014-12,grid_point,,,,,,,,,,,,4.145900537634409,159.65,4.13364247311828,215.36666666666665,115.54057795698925,,,,,,,3.139666666666667,0.05129753441479445,31.0,,,,,,,,,,,,,,,,,,,,,False,1.0,31.2,120.3,2329.357405,0.5138400197029114,0.5113428545961378,太湖区格点 NASA_POWER_120.300_31.200,120.3,31.2,,,,,,,,,,,,,train
NASA_POWER_120.300_31.200,2015-01,grid_point,,,,,,,,,,,,4.933198924731183,1287.39,3.907405913978495,183.14448924731184,90.52836021505377,,,,,,,3.0159354838709675,0.034471289111357856,31.0,,,,,,,,,,,,,,,,,,,,,False,1.0,31.2,120.3,2329.357405,0.5138400197029114,0.5113428545961378,太湖区格点 NASA_POWER_120.300_31.200,120.3,31.2,,,,,,,,,,,,,train
NASA_POWER_120.300_31.200,2015-02,grid_point,,,,,,,,,,,,6.318556547619047,2373.46,3.9948958333333335,165.5797619047619,107.35217261904762,,,,,,,2.9752619047619047,0.025720779440035514,28.0,,,,,,,,,,,,,,,,,,,,,False,1.0,31.2,120.3,2329.357405,0.5138400197029114,0.5113428545961378,太湖区格点 NASA_POWER_120.300_31.200,120.3,31.2,,,,,,,,,,,,,train
TAIHU_CT,2015-02,lake_subregion,4.114519427402865,12.08,0.1752,0.0158403333333333,0.5751,8.303333333333333,3.9606666666666666,0.007936,2.5927666666666664,0.1111333333333333,10.0,,,,,,,,,,,,2.9752619047619047,0.025720779440035514,28.0,,,,,,,,,,,,,,,,,,,,,False,,,,2329.357405,0.5138400197029114,0.5113428545961378,"TAIHU_CT(湖区均值,无坐标)",,,,,0.1111333333333333,taihu_thqbca_v2,2.5927666666666664,taihu_thqbca_v2,12.08,taihu_thqbca_v2,,,,,train
TAIHU_ET,2015-02,lake_subregion,4.0354464894342215,11.353333333333332,0.08689,0.004111,0.1562,8.236666666666666,2.1568,0.0087116666666666,1.4878,0.09347,10.0,,,,,,,,,,,,2.9752619047619047,0.025720779440035514,28.0,,,,,,,,,,,,,,,,,,,,,False,,,,2329.357405,0.5138400197029114,0.5113428545961378,"TAIHU_ET(湖区均值,无坐标)",,,,,0.09347,taihu_thqbca_v2,1.4878,taihu_thqbca_v2,11.353333333333332,taihu_thqbca_v2,,,,,train
TAIHU_GH,2015-02,lake_subregion,3.446489434219496,11.273333333333332,0.5146066666666665,0.0276733333333333,0.8080666666666666,8.263333333333334,5.685533333333334,0.0405853333333333,3.3028,0.1367,10.0,,,,,,,,,,,,2.9752619047619047,0.025720779440035514,28.0,,,,,,,,,,,,,,,,,,,,,False,,,,2329.357405,0.5138400197029114,0.5113428545961378,"TAIHU_GH(湖区均值,无坐标)",,,,,0.1367,taihu_thqbca_v2,3.3028,taihu_thqbca_v2,11.273333333333332,taihu_thqbca_v2,,,,,train
TAIHU_ML,2015-02,lake_subregion,4.40432369266725,10.531428571428572,0.2954142857142857,0.0254931428571428,0.9706142857142857,8.282857142857143,5.399511428571428,0.0056951428571428,2.7457,0.0677428571428571,10.0,,,,,,,,,,,,2.9752619047619047,0.025720779440035514,28.0,,,,,,,,,,,,,,,,,,,,,False,,,,2329.357405,0.5138400197029114,0.5113428545961378,"TAIHU_ML(湖区均值,无坐标)",,,,,0.0677428571428571,taihu_thqbca_v2,2.7457,taihu_thqbca_v2,10.531428571428572,taihu_thqbca_v2,,,,,train
TAIHU_ST,2015-02,lake_subregion,4.5862304021813225,11.366666666666667,0.0943,0.0041556666666666,0.151,8.233333333333333,4.358466666666667,0.012573,1.8530666666666664,0.1667666666666667,10.0,,,,,,,,,,,,2.9752619047619047,0.025720779440035514,28.0,,,,,,,,,,,,,,,,,,,,,False,,,,2329.357405,0.5138400197029114,0.5113428545961378,"TAIHU_ST(湖区均值,无坐标)",,,,,0.1667666666666667,taihu_thqbca_v2,1.8530666666666664,taihu_thqbca_v2,11.366666666666667,taihu_thqbca_v2,,,,,train
TAIHU_WHOLE,2015-02,lake_subregion,4.345513195053073,10.501220238095238,0.6284224940476191,0.0293075095238095,0.727364494047619,8.237690476190476,3.253605386904762,0.0209125428571428,3.1138785416666668,0.1282431071428571,10.0,,,,,,,,,,,,2.9752619047619047,0.025720779440035514,28.0,,,,,,,,,,,,,,,,,,,,,False,,,,2329.357405,0.5138400197029114,0.5113428545961378,太湖全湖(18/17点位均值),,,,,0.1282431071428571,taihu_thqbca_v2,3.1138785416666668,taihu_thqbca_v2,10.501220238095238,taihu_thqbca_v2,,,,,train
TAIHU_WT,2015-02,lake_subregion,4.660531697341516,10.645,1.242075,0.037292,1.251275,8.24,1.345025,0.036535,4.321725,0.1608,10.0,,,,,,,,,,,,2.9752619047619047,0.025720779440035514,28.0,,,,,,,,,,,,,,,,,,,,,False,,,,2329.357405,0.5138400197029114,0.5113428545961378,"TAIHU_WT(湖区均值,无坐标)",,,,,0.1608,taihu_thqbca_v2,4.321725,taihu_thqbca_v2,10.645,taihu_thqbca_v2,,,,,train
TAIHU_XK,2015-02,lake_subregion,4.314110429447854,10.46,0.084594,0.0046196,0.22876,8.251999999999999,1.93734,0.0107192,1.6821199999999998,0.098082,10.0,,,,,,,,,,,,2.9752619047619047,0.025720779440035514,28.0,,,,,,,,,,,,,,,,,,,,,False,,,,2329.357405,0.5138400197029114,0.5113428545961378,"TAIHU_XK(湖区均值,无坐标)",,,,,0.098082,taihu_thqbca_v2,1.6821199999999998,taihu_thqbca_v2,10.46,taihu_thqbca_v2,,,,,train
TAIHU_ZS,2015-02,lake_subregion,5.202453987730063,6.3,2.5343,0.115275,1.6779000000000002,8.09,1.1855,0.044545,6.92505,0.19125,10.0,,,,,,,,,,,,2.9752619047619047,0.025720779440035514,28.0,,,,,,,,,,,,,,,,,,,,,False,,,,2329.357405,0.5138400197029114,0.5113428545961378,"TAIHU_ZS(湖区均值,无坐标)",,,,,0.19125,taihu_thqbca_v2,6.92505,taihu_thqbca_v2,6.3,taihu_thqbca_v2,,,,,train
NASA_POWER_120.300_31.200,2015-03,grid_point,,,,,,,,,,,,10.927446236559138,2620.27,3.8812903225806448,147.9744623655914,138.89736559139786,,,,,,,3.1937741935483874,0.09822971516530835,31.0,,,,,,,,,,,,,,,,,,,,,False,1.0,31.2,120.3,2329.357405,0.5138400197029114,0.5113428545961378,太湖区格点 NASA_POWER_120.300_31.200,120.3,31.2,,,,,,,,,,,,,train
NASA_POWER_120.300_31.200,2015-04,grid_point,,,,,,,,,,,,15.921388888888888,3493.74,4.204611111111111,159.33652777777777,190.01683333333332,,,,,,,3.3906,0.10378527051310772,30.0,,,,,,,,,,,,,,,,,,,,,False,1.0,31.2,120.3,2329.357405,0.5138400197029114,0.5113428545961378,太湖区格点 NASA_POWER_120.300_31.200,120.3,31.2,,,,,,,,,,,,,train
NASA_POWER_120.300_31.200,2015-05,grid_point,,,,,,,,,,,,21.280510752688173,3689.09,4.345994623655914,146.42768817204302,190.80263440860216,,,,,,,3.1985698924731185,0.04365115870070326,31.0,,,,,,,,,,,,,,,,,,,,,False,1.0,31.2,120.3,2329.357405,0.5138400197029114,0.5113428545961378,太湖区格点 NASA_POWER_120.300_31.200,120.3,31.2,,,,,,,,,,,,,train
TAIHU_CT,2015-05,lake_subregion,3.21045751633987,8.621399176954732,0.1205299999999999,0.007478,1.0994333333333337,8.336666666666666,0.8889333333333332,0.0065053333333333,2.904433333333333,0.07372,10.0,,,,,,,,,,,,3.1985698924731185,0.04365115870070326,31.0,,,,,,,,,,,,,,,,,,,,,False,,,,2329.357405,0.5138400197029114,0.5113428545961378,"TAIHU_CT(湖区均值,无坐标)",,,,,0.07372,taihu_thqbca_v2,2.904433333333333,taihu_thqbca_v2,8.621399176954732,taihu_thqbca_v2,,,,,train
TAIHU_ET,2015-05,lake_subregion,3.385620915032681,6.460905349794238,0.0932166666666666,0.0151406666666666,0.5282999999999999,8.166666666666666,1.9617666666666664,0.0038053333333333,1.8238333333333328,0.04716,10.0,,,,,,,,,,,,3.1985698924731185,0.04365115870070326,31.0,,,,,,,,,,,,,,,,,,,,,False,,,,2329.357405,0.5138400197029114,0.5113428545961378,"TAIHU_ET(湖区均值,无坐标)",,,,,0.04716,taihu_thqbca_v2,1.8238333333333328,taihu_thqbca_v2,6.460905349794238,taihu_thqbca_v2,,,,,train
TAIHU_GH,2015-05,lake_subregion,4.648366013071896,7.607366255144033,0.1058833333333333,0.0103886666666666,0.6696,8.443333333333333,6.4122,0.0034886666666666,2.9283,0.09802,10.0,,,,,,,,,,,,3.1985698924731185,0.04365115870070326,31.0,,,,,,,,,,,,,,,,,,,,,False,,,,2329.357405,0.5138400197029114,0.5113428545961378,"TAIHU_GH(湖区均值,无坐标)",,,,,0.09802,taihu_thqbca_v2,2.9283,taihu_thqbca_v2,7.607366255144033,taihu_thqbca_v2,,,,,train
TAIHU_ML,2015-05,lake_subregion,6.915904139433551,8.841857730746618,0.12269,0.0146327142857142,0.7219857142857142,8.475714285714286,15.334135714285717,0.0072334285714285,3.3818,0.1566714285714285,10.0,,,,,,,,,,,,3.1985698924731185,0.04365115870070326,31.0,,,,,,,,,,,,,,,,,,,,,False,,,,2329.357405,0.5138400197029114,0.5113428545961378,"TAIHU_ML(湖区均值,无坐标)",,,,,0.1566714285714285,taihu_thqbca_v2,3.3818,taihu_thqbca_v2,8.841857730746618,taihu_thqbca_v2,,,,,train
TAIHU_ST,2015-05,lake_subregion,3.304575163398694,6.460905349794238,0.1223599999999999,0.0124983333333333,0.9019333333333334,8.393333333333333,0.7868066666666668,0.0063553333333333,2.705933333333333,0.0779366666666666,10.0,,,,,,,,,,,,3.1985698924731185,0.04365115870070326,31.0,,,,,,,,,,,,,,,,,,,,,False,,,,2329.357405,0.5138400197029114,0.5113428545961378,"TAIHU_ST(湖区均值,无坐标)",,,,,0.0779366666666666,taihu_thqbca_v2,2.705933333333333,taihu_thqbca_v2,6.460905349794238,taihu_thqbca_v2,,,,,train
TAIHU_WHOLE,2015-05,lake_subregion,4.156350762527234,7.100777483833039,0.2690689375,0.0384122288690476,0.8030209226190476,8.312214285714285,4.551330047619048,0.0190326369047619,2.864805,0.1077593869047619,10.0,,,,,,,,,,,,3.1985698924731185,0.04365115870070326,31.0,,,,,,,,,,,,,,,,,,,,,False,,,,2329.357405,0.5138400197029114,0.5113428545961378,太湖全湖(18/17点位均值),,,,,0.1077593869047619,taihu_thqbca_v2,2.864805,taihu_thqbca_v2,7.100777483833039,taihu_thqbca_v2,,,,,train
TAIHU_WT,2015-05,lake_subregion,4.254901960784314,5.540123456790123,0.3051575,0.09673325,0.954725,8.315000000000001,4.5927,0.0230369999999999,3.3315,0.139965,10.0,,,,,,,,,,,,3.1985698924731185,0.04365115870070326,31.0,,,,,,,,,,,,,,,,,,,,,False,,,,2329.357405,0.5138400197029114,0.5113428545961378,"TAIHU_WT(湖区均值,无坐标)",,,,,0.139965,taihu_thqbca_v2,3.3315,taihu_thqbca_v2,5.540123456790123,taihu_thqbca_v2,,,,,train
TAIHU_XK,2015-05,lake_subregion,2.99764705882353,7.666666666666667,0.128154,0.0075212,0.5297400000000001,8.322,0.842628,0.003864,1.73444,0.045052,10.0,,,,,,,,,,,,3.1985698924731185,0.04365115870070326,31.0,,,,,,,,,,,,,,,,,,,,,False,,,,2329.357405,0.5138400197029114,0.5113428545961378,"TAIHU_XK(湖区均值,无坐标)",,,,,0.045052,taihu_thqbca_v2,1.73444,taihu_thqbca_v2,7.666666666666667,taihu_thqbca_v2,,,,,train
TAIHU_ZS,2015-05,lake_subregion,4.533333333333333,5.606995884773662,1.15456,0.142905,1.01845,8.045,5.59147,0.097972,4.1082,0.22355,10.0,,,,,,,,,,,,3.1985698924731185,0.04365115870070326,31.0,,,,,,,,,,,,,,,,,,,,,False,,,,2329.357405,0.5138400197029114,0.5113428545961378,"TAIHU_ZS(湖区均值,无坐标)",,,,,0.22355,taihu_thqbca_v2,4.1082,taihu_thqbca_v2,5.606995884773662,taihu_thqbca_v2,,,,,train
NASA_POWER_120.300_31.200,2015-06,grid_point,,,,,,,,,,,,24.570652777777777,9363.81,4.1093472222222225,153.51458333333332,144.85680555555555,,,,,,,3.4322777777777778,0.21421346969846555,30.0,,,,,,,,,,,,,,,,,,,,,False,1.0,31.2,120.3,2329.357405,0.5138400197029114,0.5113428545961378,太湖区格点 NASA_POWER_120.300_31.200,120.3,31.2,,,,,,,,,,,,,train
NASA_POWER_120.300_31.200,2015-07,grid_point,,,,,,,,,,,,26.30840053763441,5693.67,4.192540322580645,134.85940860215052,175.76193548387099,,,,,,,4.000236559139785,0.085139849813612,31.0,,,,,,,,,,,,,,,,,,,,,False,1.0,31.2,120.3,2329.357405,0.5138400197029114,0.5113428545961378,太湖区格点 NASA_POWER_120.300_31.200,120.3,31.2,,,,,,,,,,,,,train
NASA_POWER_120.300_31.200,2015-08,grid_point,,,,,,,,,,,,27.321680107526884,4297.34,4.0414919354838705,149.747311827957,189.4022177419355,,,,,,,3.587010752688172,0.06868637709942353,31.0,,,,,,,,,,,,,,,,,,,,,False,1.0,31.2,120.3,2329.357405,0.5138400197029114,0.5113428545961378,太湖区格点 NASA_POWER_120.300_31.200,120.3,31.2,,,,,,,,,,,,,train
TAIHU_CT,2015-08,lake_subregion,3.847222222222223,6.458536585365853,0.1519933333333333,0.0085443333333333,0.1351843333333333,8.29,3.1312333333333324,0.0117413333333333,1.3039333333333334,0.0732999999999999,10.0,,,,,,,,,,,,3.587010752688172,0.06868637709942353,31.0,,,,,,,,,,,,,,,,,,,,,False,,,,2329.357405,0.5138400197029114,0.5113428545961378,"TAIHU_CT(湖区均值,无坐标)",,,,,0.0732999999999999,taihu_thqbca_v2,1.3039333333333334,taihu_thqbca_v2,6.458536585365853,taihu_thqbca_v2,,,,,train
TAIHU_ET,2015-08,lake_subregion,3.5722222222222237,6.022764227642277,0.1210599999999999,0.0111593333333333,0.1316076666666666,8.49,4.314406666666666,0.0086903333333333,1.1849999999999998,0.0581233333333333,10.0,,,,,,,,,,,,3.587010752688172,0.06868637709942353,31.0,,,,,,,,,,,,,,,,,,,,,False,,,,2329.357405,0.5138400197029114,0.5113428545961378,"TAIHU_ET(湖区均值,无坐标)",,,,,0.0581233333333333,taihu_thqbca_v2,1.1849999999999998,taihu_thqbca_v2,6.022764227642277,taihu_thqbca_v2,,,,,train
TAIHU_GH,2015-08,lake_subregion,5.277777777777778,5.235772357723577,0.1542933333333333,0.0018533333333333,0.068621,8.793333333333333,7.264633333333332,0.009376,1.4559666666666666,0.1270233333333333,10.0,,,,,,,,,,,,3.587010752688172,0.06868637709942353,31.0,,,,,,,,,,,,,,,,,,,,,False,,,,2329.357405,0.5138400197029114,0.5113428545961378,"TAIHU_GH(湖区均值,无坐标)",,,,,0.1270233333333333,taihu_thqbca_v2,1.4559666666666666,taihu_thqbca_v2,5.235772357723577,taihu_thqbca_v2,,,,,train
TAIHU_ML,2015-08,lake_subregion,6.433333333333335,6.648083623693379,0.1107028571428571,0.0139237142857142,0.1236595714285714,8.322857142857142,10.3371,0.0408621428571428,2.112957142857143,0.2084571428571428,10.0,,,,,,,,,,,,3.587010752688172,0.06868637709942353,31.0,,,,,,,,,,,,,,,,,,,,,False,,,,2329.357405,0.5138400197029114,0.5113428545961378,"TAIHU_ML(湖区均值,无坐标)",,,,,0.2084571428571428,taihu_thqbca_v2,2.112957142857143,taihu_thqbca_v2,6.648083623693379,taihu_thqbca_v2,,,,,train
TAIHU_ST,2015-08,lake_subregion,3.222222222222222,6.933333333333335,0.0916266666666666,0.029136,0.3679510000000001,8.326666666666668,2.9164466666666664,0.006945,1.5906000000000002,0.0667933333333333,10.0,,,,,,,,,,,,3.587010752688172,0.06868637709942353,31.0,,,,,,,,,,,,,,,,,,,,,False,,,,2329.357405,0.5138400197029114,0.5113428545961378,"TAIHU_ST(湖区均值,无坐标)",,,,,0.0667933333333333,taihu_thqbca_v2,1.5906000000000002,taihu_thqbca_v2,6.933333333333335,taihu_thqbca_v2,,,,,train
TAIHU_WHOLE,2015-08,lake_subregion,4.72013888888889,6.284750290360047,0.1468471488095238,0.0293902892857142,0.2172174464285714,8.367607142857143,6.801835249999998,0.0175292074404761,1.864065267857143,0.1276996428571428,10.0,,,,,,,,,,,,3.587010752688172,0.06868637709942353,31.0,,,,,,,,,,,,,,,,,,,,,False,,,,2329.357405,0.5138400197029114,0.5113428545961378,太湖全湖(18/17点位均值),,,,,0.1276996428571428,taihu_thqbca_v2,1.864065267857143,taihu_thqbca_v2,6.284750290360047,taihu_thqbca_v2,,,,,train
TAIHU_WT,2015-08,lake_subregion,4.6000000000000005,5.658536585365853,0.100185,0.0452159999999999,0.396626,8.19,6.215550000000001,0.01907425,2.121125,0.13943,10.0,,,,,,,,,,,,3.587010752688172,0.06868637709942353,31.0,,,,,,,,,,,,,,,,,,,,,False,,,,2329.357405,0.5138400197029114,0.5113428545961378,"TAIHU_WT(湖区均值,无坐标)",,,,,0.13943,taihu_thqbca_v2,2.121125,taihu_thqbca_v2,5.658536585365853,taihu_thqbca_v2,,,,,train
TAIHU_XK,2015-08,lake_subregion,3.075,6.169756097560976,0.0911559999999999,0.0039635999999999,0.108789,8.427999999999999,2.8369119999999994,0.0046896,0.92084,0.0340199999999999,10.0,,,,,,,,,,,,3.587010752688172,0.06868637709942353,31.0,,,,,,,,,,,,,,,,,,,,,False,,,,2329.357405,0.5138400197029114,0.5113428545961378,"TAIHU_XK(湖区均值,无坐标)",,,,,0.0340199999999999,taihu_thqbca_v2,0.92084,taihu_thqbca_v2,6.169756097560976,taihu_thqbca_v2,,,,,train
TAIHU_ZS,2015-08,lake_subregion,7.733333333333334,7.151219512195123,0.3537599999999999,0.1213259999999999,0.405301,8.100000000000001,17.398400000000002,0.038855,4.2221,0.31445,10.0,,,,,,,,,,,,3.587010752688172,0.06868637709942353,31.0,,,,,,,,,,,,,,,,,,,,,False,,,,2329.357405,0.5138400197029114,0.5113428545961378,"TAIHU_ZS(湖区均值,无坐标)",,,,,0.31445,taihu_thqbca_v2,4.2221,taihu_thqbca_v2,7.151219512195123,taihu_thqbca_v2,,,,,train
NASA_POWER_120.300_31.200,2015-09,grid_point,,,,,,,,,,,,23.783694444444443,2928.57,3.7509583333333336,116.43722222222223,174.619375,,,,,,,3.382744444444444,0.08121381284726334,30.0,,,,,,,,,,,,,,,,,,,,,False,1.0,31.2,120.3,2329.357405,0.5138400197029114,0.5113428545961378,太湖区格点 NASA_POWER_120.300_31.200,120.3,31.2,,,,,,,,,,,,,train
NASA_POWER_120.300_31.200,2015-10,grid_point,,,,,,,,,,,,19.118077956989247,1315.61,3.6249596774193544,137.1037634408602,140.05983870967742,,,,,,,3.3636021505376346,0.07729201095963298,31.0,,,,,,,,,,,,,,,,,,,,,False,1.0,31.2,120.3,2329.357405,0.5138400197029114,0.5113428545961378,太湖区格点 NASA_POWER_120.300_31.200,120.3,31.2,,,,,,,,,,,,,train
NASA_POWER_120.300_31.200,2015-11,grid_point,,,,,,,,,,,,12.688902777777779,3739.62,3.825041666666667,167.41555555555556,76.27455555555555,,,,,,,3.285966666666667,0.09296418582843294,30.0,,,,,,,,,,,,,,,,,,,,,False,1.0,31.2,120.3,2329.357405,0.5138400197029114,0.5113428545961378,太湖区格点 NASA_POWER_120.300_31.200,120.3,31.2,,,,,,,,,,,,,train
TAIHU_CT,2015-11,lake_subregion,3.7399041752224496,7.709251101321587,0.1464766666666666,0.004627,0.1770233333333333,8.293333333333331,1.669233333333333,0.0272095666666666,1.4516666666666664,0.0956733333333333,10.0,,,,,,,,,,,,3.285966666666667,0.09296418582843294,30.0,,,,,,,,,,,,,,,,,,,,,False,,,,2329.357405,0.5138400197029114,0.5113428545961378,"TAIHU_CT(湖区均值,无坐标)",,,,,0.0956733333333333,taihu_thqbca_v2,1.4516666666666664,taihu_thqbca_v2,7.709251101321587,taihu_thqbca_v2,,,,,train
TAIHU_ET,2015-11,lake_subregion,3.0362765229294992,5.800293685756241,0.23341,0.008169,0.1145066666666666,8.06,2.171,0.0101152333333333,1.0230333333333332,0.04963,10.0,,,,,,,,,,,,3.285966666666667,0.09296418582843294,30.0,,,,,,,,,,,,,,,,,,,,,False,,,,2329.357405,0.5138400197029114,0.5113428545961378,"TAIHU_ET(湖区均值,无坐标)",,,,,0.04963,taihu_thqbca_v2,1.0230333333333332,taihu_thqbca_v2,5.800293685756241,taihu_thqbca_v2,,,,,train
TAIHU_GH,2015-11,lake_subregion,3.704312114989733,6.196769456681351,0.2574433333333333,0.0269883333333333,0.37267,8.203333333333333,2.9688933333333334,0.0297495666666666,1.7746666666666666,0.0885466666666666,10.0,,,,,,,,,,,,3.285966666666667,0.09296418582843294,30.0,,,,,,,,,,,,,,,,,,,,,False,,,,2329.357405,0.5138400197029114,0.5113428545961378,"TAIHU_GH(湖区均值,无坐标)",,,,,0.0885466666666666,taihu_thqbca_v2,1.7746666666666666,taihu_thqbca_v2,6.196769456681351,taihu_thqbca_v2,,,,,train
TAIHU_ML,2015-11,lake_subregion,5.380667222255633,6.636249213341723,0.1998242857142857,0.0103071428571428,0.1565757142857143,8.381428571428572,5.249488571428571,0.0207786142857142,1.9070000000000005,0.1471314285714285,10.0,,,,,,,,,,,,3.285966666666667,0.09296418582843294,30.0,,,,,,,,,,,,,,,,,,,,,False,,,,2329.357405,0.5138400197029114,0.5113428545961378,"TAIHU_ML(湖区均值,无坐标)",,,,,0.1471314285714285,taihu_thqbca_v2,1.9070000000000005,taihu_thqbca_v2,6.636249213341723,taihu_thqbca_v2,,,,,train
TAIHU_ST,2015-11,lake_subregion,3.1841204654346336,8.010279001468428,0.14581,0.0060923333333333,0.1075733333333333,8.096666666666666,1.2180666666666666,0.0203428999999999,1.0705666666666669,0.0743833333333333,10.0,,,,,,,,,,,,3.285966666666667,0.09296418582843294,30.0,,,,,,,,,,,,,,,,,,,,,False,,,,2329.357405,0.5138400197029114,0.5113428545961378,"TAIHU_ST(湖区均值,无坐标)",,,,,0.0743833333333333,taihu_thqbca_v2,1.0705666666666669,taihu_thqbca_v2,8.010279001468428,taihu_thqbca_v2,,,,,train
TAIHU_WHOLE,2015-11,lake_subregion,3.676039939400708,6.847381739039228,0.3345242857142858,0.0272248574404761,0.317614380952381,8.156720238095238,2.3517302380952385,0.0311177601190476,1.8782135416666668,0.0978278452380952,10.0,,,,,,,,,,,,3.285966666666667,0.09296418582843294,30.0,,,,,,,,,,,,,,,,,,,,,False,,,,2329.357405,0.5138400197029114,0.5113428545961378,太湖全湖(18/17点位均值),,,,,0.0978278452380952,taihu_thqbca_v2,1.8782135416666668,taihu_thqbca_v2,6.847381739039228,taihu_thqbca_v2,,,,,train
TAIHU_WT,2015-11,lake_subregion,3.68788501026694,5.809471365638766,0.51631,0.04341625,0.35212,8.059999999999999,1.9739,0.0285054,2.315575,0.1099499999999999,10.0,,,,,,,,,,,,3.285966666666667,0.09296418582843294,30.0,,,,,,,,,,,,,,,,,,,,,False,,,,2329.357405,0.5138400197029114,0.5113428545961378,"TAIHU_WT(湖区均值,无坐标)",,,,,0.1099499999999999,taihu_thqbca_v2,2.315575,taihu_thqbca_v2,5.809471365638766,taihu_thqbca_v2,,,,,train
TAIHU_XK,2015-11,lake_subregion,3.1885010266940457,7.171806167400881,0.2016099999999999,0.0051548,0.088156,8.104,1.03056,0.0111629,1.0034,0.045708,10.0,,,,,,,,,,,,3.285966666666667,0.09296418582843294,30.0,,,,,,,,,,,,,,,,,,,,,False,,,,2329.357405,0.5138400197029114,0.5113428545961378,"TAIHU_XK(湖区均值,无坐标)",,,,,0.045708,taihu_thqbca_v2,1.0034,taihu_thqbca_v2,7.171806167400881,taihu_thqbca_v2,,,,,train
TAIHU_ZS,2015-11,lake_subregion,3.4866529774127315,7.444933920704846,0.97531,0.1130439999999999,1.1722899999999998,8.055,2.5327,0.1010779,4.4798,0.1716,10.0,,,,,,,,,,,,3.285966666666667,0.09296418582843294,30.0,,,,,,,,,,,,,,,,,,,,,False,,,,2329.357405,0.5138400197029114,0.5113428545961378,"TAIHU_ZS(湖区均值,无坐标)",,,,,0.1716,taihu_thqbca_v2,4.4798,taihu_thqbca_v2,7.444933920704846,taihu_thqbca_v2,,,,,train
NASA_POWER_120.300_31.200,2015-12,grid_point,,,,,,,,,,,,6.252580645161291,1562.39,3.450497311827957,195.88172043010752,85.67154569892473,,,,,,,3.419225806451613,0.03165875773711886,31.0,,,,,,,,,,,,,,,,,,,,,False,1.0,31.2,120.3,2329.357405,0.5138400197029114,0.5113428545961378,太湖区格点 NASA_POWER_120.300_31.200,120.3,31.2,,,,,,,,,,,,,train
NASA_POWER_120.300_31.200,2016-01,grid_point,,,,,,,,,,,,3.1223521505376346,2306.31,3.9788172043010754,150.29798387096773,86.36131720430107,,,,,,,3.28694623655914,0.05151598793716539,31.0,,,,,,,,,,,,,,,,,,,,,False,1.0,31.2,120.3,2329.357405,0.5138400197029114,0.5113428545961378,太湖区格点 NASA_POWER_120.300_31.200,120.3,31.2,,,,,,,,,,,,,train
NASA_POWER_120.300_31.200,2016-02,grid_point,,,,,,,,,,,,6.3003160919540235,572.11,4.068994252873563,206.16738505747125,143.05400862068964,,,,,,,3.185724137931034,0.0790409813819487,29.0,,,,,,,,,,,,,,,,,,,,,False,1.0,31.2,120.3,2329.357405,0.5138400197029114,0.5113428545961378,太湖区格点 NASA_POWER_120.300_31.200,120.3,31.2,,,,,,,,,,,,,train
TAIHU_CT,2016-02,lake_subregion,3.903423423423424,9.76952184382525,0.1986166666666666,0.0115056,0.7199376666666667,8.163333333333334,0.9468266666666668,0.02012,2.7779666666666665,0.1258,10.0,,,,,,,,,,,,3.185724137931034,0.0790409813819487,29.0,,,,,,,,,,,,,,,,,,,,,False,,,,2329.357405,0.5138400197029114,0.5113428545961378,"TAIHU_CT(湖区均值,无坐标)",,,,,0.1258,taihu_thqbca_v2,2.7779666666666665,taihu_thqbca_v2,9.76952184382525,taihu_thqbca_v2,,,,,train
TAIHU_ET,2016-02,lake_subregion,3.367207207207208,10.065359477124185,0.1142633333333333,0.0052692666666666,0.3502043333333334,8.156666666666668,2.9198666666666666,0.0054529999999999,1.9054666666666664,0.0702466666666666,10.0,,,,,,,,,,,,3.185724137931034,0.0790409813819487,29.0,,,,,,,,,,,,,,,,,,,,,False,,,,2329.357405,0.5138400197029114,0.5113428545961378,"TAIHU_ET(湖区均值,无坐标)",,,,,0.0702466666666666,taihu_thqbca_v2,1.9054666666666664,taihu_thqbca_v2,10.065359477124185,taihu_thqbca_v2,,,,,train
TAIHU_GH,2016-02,lake_subregion,3.9899099099099113,11.94358445132439,0.1309166666666666,0.0050438,0.5273043333333334,8.266666666666667,5.0987,0.0054829999999999,2.3242333333333334,0.0797533333333333,10.0,,,,,,,,,,,,3.185724137931034,0.0790409813819487,29.0,,,,,,,,,,,,,,,,,,,,,False,,,,2329.357405,0.5138400197029114,0.5113428545961378,"TAIHU_GH(湖区均值,无坐标)",,,,,0.0797533333333333,taihu_thqbca_v2,2.3242333333333334,taihu_thqbca_v2,11.94358445132439,taihu_thqbca_v2,,,,,train
TAIHU_ML,2016-02,lake_subregion,3.692972972972973,10.46734483266991,0.17504,0.0126768857142857,0.6785995714285715,8.205714285714285,2.7575571428571424,0.0092605714285714,2.491128571428572,0.0784157142857142,10.0,,,,,,,,,,,,3.185724137931034,0.0790409813819487,29.0,,,,,,,,,,,,,,,,,,,,,False,,,,2329.357405,0.5138400197029114,0.5113428545961378,"TAIHU_ML(湖区均值,无坐标)",,,,,0.0784157142857142,taihu_thqbca_v2,2.491128571428572,taihu_thqbca_v2,10.46734483266991,taihu_thqbca_v2,,,,,train
TAIHU_ST,2016-02,lake_subregion,3.470990990990991,10.712074303405572,0.1553833333333333,0.0064516,0.4231043333333333,8.15,1.1202666666666667,0.012121,2.7412,0.1516333333333333,10.0,,,,,,,,,,,,3.185724137931034,0.0790409813819487,29.0,,,,,,,,,,,,,,,,,,,,,False,,,,2329.357405,0.5138400197029114,0.5113428545961378,"TAIHU_ST(湖区均值,无坐标)",,,,,0.1516333333333333,taihu_thqbca_v2,2.7412,taihu_thqbca_v2,10.712074303405572,taihu_thqbca_v2,,,,,train
TAIHU_WHOLE,2016-02,lake_subregion,3.8532252252252257,10.456293921077204,0.35223925,0.019235937797619,0.6780804047619049,8.18173511904762,2.8298052678571426,0.0179562214285714,2.9805337797619043,0.1218980059523809,10.0,,,,,,,,,,,,3.185724137931034,0.0790409813819487,29.0,,,,,,,,,,,,,,,,,,,,,False,,,,2329.357405,0.5138400197029114,0.5113428545961378,太湖全湖(18/17点位均值),,,,,0.1218980059523809,taihu_thqbca_v2,2.9805337797619043,taihu_thqbca_v2,10.456293921077204,taihu_thqbca_v2,,,,,train
TAIHU_WT,2016-02,lake_subregion,4.086486486486486,9.674922600619196,0.58335,0.02477135,0.580021,8.1675,1.698935,0.023792,3.558075,0.173695,10.0,,,,,,,,,,,,3.185724137931034,0.0790409813819487,29.0,,,,,,,,,,,,,,,,,,,,,False,,,,2329.357405,0.5138400197029114,0.5113428545961378,"TAIHU_WT(湖区均值,无坐标)",,,,,0.173695,taihu_thqbca_v2,3.558075,taihu_thqbca_v2,9.674922600619196,taihu_thqbca_v2,,,,,train
TAIHU_XK,2016-02,lake_subregion,3.904000000000001,11.698658410732715,0.094244,0.0072234,0.526251,8.224,6.727579999999999,0.0050301999999999,2.2914000000000003,0.06769,10.0,,,,,,,,,,,,3.185724137931034,0.0790409813819487,29.0,,,,,,,,,,,,,,,,,,,,,False,,,,2329.357405,0.5138400197029114,0.5113428545961378,"TAIHU_XK(湖区均值,无坐标)",,,,,0.06769,taihu_thqbca_v2,2.2914000000000003,taihu_thqbca_v2,11.698658410732715,taihu_thqbca_v2,,,,,train
TAIHU_ZS,2016-02,lake_subregion,4.410810810810812,9.318885448916408,1.3661,0.0809455999999999,1.619221,8.120000000000001,1.36871,0.06239,5.7548,0.2279499999999999,10.0,,,,,,,,,,,,3.185724137931034,0.0790409813819487,29.0,,,,,,,,,,,,,,,,,,,,,False,,,,2329.357405,0.5138400197029114,0.5113428545961378,"TAIHU_ZS(湖区均值,无坐标)",,,,,0.2279499999999999,taihu_thqbca_v2,5.7548,taihu_thqbca_v2,9.318885448916408,taihu_thqbca_v2,,,,,train
NASA_POWER_120.300_31.200,2016-03,grid_point,,,,,,,,,,,,10.702768817204301,1262.74,4.162325268817204,128.0641129032258,152.88877688172042,,,,,,,3.057032258064516,0.06099504259386544,31.0,,,,,,,,,,,,,,,,,,,,,False,1.0,31.2,120.3,2329.357405,0.5138400197029114,0.5113428545961378,太湖区格点 NASA_POWER_120.300_31.200,120.3,31.2,,,,,,,,,,,,,train
NASA_POWER_120.300_31.200,2016-04,grid_point,,,,,,,,,,,,16.824430555555555,5674.19,4.551208333333333,152.98222222222222,165.16033333333334,,,,,,,3.2885333333333335,0.15046537260277013,30.0,,,,,,,,,,,,,,,,,,,,,False,1.0,31.2,120.3,2329.357405,0.5138400197029114,0.5113428545961378,太湖区格点 NASA_POWER_120.300_31.200,120.3,31.2,,,,,,,,,,,,,train
NASA_POWER_120.300_31.200,2016-05,grid_point,,,,,,,,,,,,20.776706989247312,5074.12,4.3405645161290325,170.01209677419354,165.82209677419354,,,,,,,3.4282903225806454,0.04547443253452342,31.0,,,,,,,,,,,,,,,,,,,,,False,1.0,31.2,120.3,2329.357405,0.5138400197029114,0.5113428545961378,太湖区格点 NASA_POWER_120.300_31.200,120.3,31.2,,,,,,,,,,,,,train
TAIHU_CT,2016-05,lake_subregion,3.916305916305916,8.6286701208981,0.0601666666666666,0.0092034333333333,0.6970333333333333,8.436666666666667,0.9522666666666664,0.0088713333333333,2.547233333333333,0.0996466666666666,10.0,,,,,,,,,,,,3.4282903225806454,0.04547443253452342,31.0,,,,,,,,,,,,,,,,,,,,,False,,,,2329.357405,0.5138400197029114,0.5113428545961378,"TAIHU_CT(湖区均值,无坐标)",,,,,0.0996466666666666,taihu_thqbca_v2,2.547233333333333,taihu_thqbca_v2,8.6286701208981,taihu_thqbca_v2,,,,,train
TAIHU_ET,2016-05,lake_subregion,3.59018759018759,8.92573402417962,0.0662,0.0105230999999999,0.4631666666666666,8.396666666666667,2.9057000000000004,0.0031953333333333,1.7262333333333333,0.04449,10.0,,,,,,,,,,,,3.4282903225806454,0.04547443253452342,31.0,,,,,,,,,,,,,,,,,,,,,False,,,,2329.357405,0.5138400197029114,0.5113428545961378,"TAIHU_ET(湖区均值,无坐标)",,,,,0.04449,taihu_thqbca_v2,1.7262333333333333,taihu_thqbca_v2,8.92573402417962,taihu_thqbca_v2,,,,,train
TAIHU_GH,2016-05,lake_subregion,4.040404040404039,9.12607944732297,0.0879333333333333,0.0064047666666666,0.4296,8.386666666666667,1.3126000000000002,0.0065616666666666,2.276533333333333,0.0885233333333333,10.0,,,,,,,,,,,,3.4282903225806454,0.04547443253452342,31.0,,,,,,,,,,,,,,,,,,,,,False,,,,2329.357405,0.5138400197029114,0.5113428545961378,"TAIHU_GH(湖区均值,无坐标)",,,,,0.0885233333333333,taihu_thqbca_v2,2.276533333333333,taihu_thqbca_v2,9.12607944732297,taihu_thqbca_v2,,,,,train
TAIHU_ML,2016-05,lake_subregion,4.239950525664812,9.030347890451518,0.0968714285714285,0.0185049571428571,0.4545142857142857,8.302857142857144,2.431894285714286,0.008657,2.237057142857142,0.0819214285714285,10.0,,,,,,,,,,,,3.4282903225806454,0.04547443253452342,31.0,,,,,,,,,,,,,,,,,,,,,False,,,,2329.357405,0.5138400197029114,0.5113428545961378,"TAIHU_ML(湖区均值,无坐标)",,,,,0.0819214285714285,taihu_thqbca_v2,2.237057142857142,taihu_thqbca_v2,9.030347890451518,taihu_thqbca_v2,,,,,train
TAIHU_ST,2016-05,lake_subregion,3.197691197691197,8.227979274611398,0.1972666666666666,0.0298190999999999,0.8746666666666667,8.203333333333333,0.5138666666666667,0.0123626666666666,2.7117,0.1038866666666666,10.0,,,,,,,,,,,,3.4282903225806454,0.04547443253452342,31.0,,,,,,,,,,,,,,,,,,,,,False,,,,2329.357405,0.5138400197029114,0.5113428545961378,"TAIHU_ST(湖区均值,无坐标)",,,,,0.1038866666666666,taihu_thqbca_v2,2.7117,taihu_thqbca_v2,8.227979274611398,taihu_thqbca_v2,,,,,train
TAIHU_WHOLE,2016-05,lake_subregion,3.9762059369202234,8.625641500123367,0.1705641369047619,0.0295903946428571,0.606869494047619,8.32733630952381,1.8804540773809524,0.01826828125,2.4153090178571426,0.0984773869047619,10.0,,,,,,,,,,,,3.4282903225806454,0.04547443253452342,31.0,,,,,,,,,,,,,,,,,,,,,False,,,,2329.357405,0.5138400197029114,0.5113428545961378,太湖全湖(18/17点位均值),,,,,0.0984773869047619,taihu_thqbca_v2,2.4153090178571426,taihu_thqbca_v2,8.625641500123367,taihu_thqbca_v2,,,,,train
TAIHU_WT,2016-05,lake_subregion,3.939393939393939,8.098445595854923,0.3139249999999999,0.0316136,0.7473750000000001,8.2975,0.3916849999999999,0.03181825,2.787275,0.111185,10.0,,,,,,,,,,,,3.4282903225806454,0.04547443253452342,31.0,,,,,,,,,,,,,,,,,,,,,False,,,,2329.357405,0.5138400197029114,0.5113428545961378,"TAIHU_WT(湖区均值,无坐标)",,,,,0.111185,taihu_thqbca_v2,2.787275,taihu_thqbca_v2,8.098445595854923,taihu_thqbca_v2,,,,,train
TAIHU_XK,2016-05,lake_subregion,3.400865800865801,8.501554404145077,0.0872,0.0087771,0.5264,8.34,1.15026,0.0028659999999999,1.75764,0.047666,10.0,,,,,,,,,,,,3.4282903225806454,0.04547443253452342,31.0,,,,,,,,,,,,,,,,,,,,,False,,,,2329.357405,0.5138400197029114,0.5113428545961378,"TAIHU_XK(湖区均值,无坐标)",,,,,0.047666,taihu_thqbca_v2,1.75764,taihu_thqbca_v2,8.501554404145077,taihu_thqbca_v2,,,,,train
TAIHU_ZS,2016-05,lake_subregion,5.484848484848484,8.466321243523314,0.4549499999999999,0.1218771,0.6622,8.254999999999999,5.38536,0.071814,3.2788,0.2105,10.0,,,,,,,,,,,,3.4282903225806454,0.04547443253452342,31.0,,,,,,,,,,,,,,,,,,,,,False,,,,2329.357405,0.5138400197029114,0.5113428545961378,"TAIHU_ZS(湖区均值,无坐标)",,,,,0.2105,taihu_thqbca_v2,3.2788,taihu_thqbca_v2,8.466321243523314,taihu_thqbca_v2,,,,,train
NASA_POWER_120.300_31.200,2016-06,grid_point,,,,,,,,,,,,24.936083333333332,7267.58,3.674513888888889,160.75277777777777,151.88136111111112,,,,,,,3.856288888888889,0.17569890505142802,30.0,,,,,,,,,,,,,,,,,,,,,False,1.0,31.2,120.3,2329.357405,0.5138400197029114,0.5113428545961378,太湖区格点 NASA_POWER_120.300_31.200,120.3,31.2,,,,,,,,,,,,,train
NASA_POWER_120.300_31.200,2016-07,grid_point,,,,,,,,,,,,29.593454301075266,5171.86,3.5066129032258067,177.24018817204302,201.65485215053764,,,,,,,4.4865268817204305,0.27658013069945875,31.0,,,,,,,,,,,,,,,,,,,,,False,1.0,31.2,120.3,2329.357405,0.5138400197029114,0.5113428545961378,太湖区格点 NASA_POWER_120.300_31.200,120.3,31.2,,,,,,,,,,,,,train
NASA_POWER_120.300_31.200,2016-08,grid_point,,,,,,,,,,,,29.34024193548387,1754.6,4.018467741935484,134.71666666666667,236.6141129032258,,,,,,,3.5120215053763437,0.19675545896674315,31.0,,,,,,,,,,,,,,,,,,,,,False,1.0,31.2,120.3,2329.357405,0.5138400197029114,0.5113428545961378,太湖区格点 NASA_POWER_120.300_31.200,120.3,31.2,,,,,,,,,,,,,train
TAIHU_CT,2016-08,lake_subregion,5.031501831501834,6.154357950765136,0.30926,0.001459,0.09781,8.73,5.17978,0.016363,1.0695,0.1192333333333333,10.0,,,,,,,,,,,,3.5120215053763437,0.19675545896674315,31.0,,,,,,,,,,,,,,,,,,,,,False,,,,2329.357405,0.5138400197029114,0.5113428545961378,"TAIHU_CT(湖区均值,无坐标)",,,,,0.1192333333333333,taihu_thqbca_v2,1.0695,taihu_thqbca_v2,6.154357950765136,taihu_thqbca_v2,,,,,train
TAIHU_ET,2016-08,lake_subregion,4.864468864468864,6.593479707252164,0.2480933333333333,0.0010299999999999,0.1305356666666667,8.46,9.232773333333332,0.00299,0.9653333333333332,0.08283,10.0,,,,,,,,,,,,3.5120215053763437,0.19675545896674315,31.0,,,,,,,,,,,,,,,,,,,,,False,,,,2329.357405,0.5138400197029114,0.5113428545961378,"TAIHU_ET(湖区均值,无坐标)",,,,,0.08283,taihu_thqbca_v2,0.9653333333333332,taihu_thqbca_v2,6.593479707252164,taihu_thqbca_v2,,,,,train
TAIHU_GH,2016-08,lake_subregion,5.50915750915751,7.258815701929475,0.2059933333333333,0.001321,0.0992533333333333,8.773333333333333,8.225633333333333,0.044257,1.2209333333333334,0.1537633333333333,10.0,,,,,,,,,,,,3.5120215053763437,0.19675545896674315,31.0,,,,,,,,,,,,,,,,,,,,,False,,,,2329.357405,0.5138400197029114,0.5113428545961378,"TAIHU_GH(湖区均值,无坐标)",,,,,0.1537633333333333,taihu_thqbca_v2,1.2209333333333334,taihu_thqbca_v2,7.258815701929475,taihu_thqbca_v2,,,,,train
TAIHU_ML,2016-08,lake_subregion,6.970172684458398,6.549757627601939,0.3234885714285714,0.0025372857142857,0.0988898571428571,9.172857142857142,6.208514285714285,0.0876464285714285,2.1277285714285714,0.2902142857142857,10.0,,,,,,,,,,,,3.5120215053763437,0.19675545896674315,31.0,,,,,,,,,,,,,,,,,,,,,False,,,,2329.357405,0.5138400197029114,0.5113428545961378,"TAIHU_ML(湖区均值,无坐标)",,,,,0.2902142857142857,taihu_thqbca_v2,2.1277285714285714,taihu_thqbca_v2,6.549757627601939,taihu_thqbca_v2,,,,,train
TAIHU_ST,2016-08,lake_subregion,4.606593406593407,6.972721224218231,0.2380266666666667,0.0016926666666666,0.0821133333333333,8.483333333333334,4.9979000000000005,0.0057203333333333,1.0489333333333335,0.1052633333333333,10.0,,,,,,,,,,,,3.5120215053763437,0.19675545896674315,31.0,,,,,,,,,,,,,,,,,,,,,False,,,,2329.357405,0.5138400197029114,0.5113428545961378,"TAIHU_ST(湖区均值,无坐标)",,,,,0.1052633333333333,taihu_thqbca_v2,1.0489333333333335,taihu_thqbca_v2,6.972721224218231,taihu_thqbca_v2,,,,,train
TAIHU_WHOLE,2016-08,lake_subregion,5.9329565672422815,7.75626128694991,0.2951639880952381,0.008189987797619,0.1057807738095238,8.722940476190477,6.408894244047619,0.0403664327380952,1.5566754464285717,0.1781299107142857,10.0,,,,,,,,,,,,3.5120215053763437,0.19675545896674315,31.0,,,,,,,,,,,,,,,,,,,,,False,,,,2329.357405,0.5138400197029114,0.5113428545961378,太湖全湖(18/17点位均值),,,,,0.1781299107142857,taihu_thqbca_v2,1.5566754464285717,taihu_thqbca_v2,7.75626128694991,taihu_thqbca_v2,,,,,train
TAIHU_WT,2016-08,lake_subregion,6.492307692307692,8.093812375249502,0.37101,0.0224212499999999,0.13179,8.545,4.215475,0.0451484999999999,1.879425,0.204975,10.0,,,,,,,,,,,,3.5120215053763437,0.19675545896674315,31.0,,,,,,,,,,,,,,,,,,,,,False,,,,2329.357405,0.5138400197029114,0.5113428545961378,"TAIHU_WT(湖区均值,无坐标)",,,,,0.204975,taihu_thqbca_v2,1.879425,taihu_thqbca_v2,8.093812375249502,taihu_thqbca_v2,,,,,train
TAIHU_XK,2016-08,lake_subregion,3.989450549450551,6.435129740518962,0.21408,0.0013862,0.1082139999999999,8.574000000000002,2.765928,0.0026412,0.8666,0.04391,10.0,,,,,,,,,,,,3.5120215053763437,0.19675545896674315,31.0,,,,,,,,,,,,,,,,,,,,,False,,,,2329.357405,0.5138400197029114,0.5113428545961378,"TAIHU_XK(湖区均值,无坐标)",,,,,0.04391,taihu_thqbca_v2,0.8666,taihu_thqbca_v2,6.435129740518962,taihu_thqbca_v2,,,,,train
TAIHU_ZS,2016-08,lake_subregion,10.000000000000002,13.992015968063871,0.45136,0.0336725,0.0976399999999999,9.045,10.445150000000002,0.1181649999999999,3.27495,0.4248499999999999,10.0,,,,,,,,,,,,3.5120215053763437,0.19675545896674315,31.0,,,,,,,,,,,,,,,,,,,,,False,,,,2329.357405,0.5138400197029114,0.5113428545961378,"TAIHU_ZS(湖区均值,无坐标)",,,,,0.4248499999999999,taihu_thqbca_v2,3.27495,taihu_thqbca_v2,13.992015968063871,taihu_thqbca_v2,,,,,train
NASA_POWER_120.300_31.200,2016-09,grid_point,,,,,,,,,,,,24.500888888888888,8261.36,4.423958333333333,118.4538888888889,147.70370833333334,,,,,,,3.3513555555555556,0.1647508029581377,30.0,,,,,,,,,,,,,,,,,,,,,False,1.0,31.2,120.3,2329.357405,0.5138400197029114,0.5113428545961378,太湖区格点 NASA_POWER_120.300_31.200,120.3,31.2,,,,,,,,,,,,,train
NASA_POWER_120.300_31.200,2016-10,grid_point,,,,,,,,,,,,19.71997311827957,5798.95,4.512016129032258,109.86330645161291,84.56501344086021,,,,,,,3.7756559139784946,0.11285209868151314,31.0,,,,,,,,,,,,,,,,,,,,,False,1.0,31.2,120.3,2329.357405,0.5138400197029114,0.5113428545961378,太湖区格点 NASA_POWER_120.300_31.200,120.3,31.2,,,,,,,,,,,,,train
NASA_POWER_120.300_31.200,2016-11,grid_point,,,,,,,,,,,,12.011652777777776,1870.96,3.92025,134.7134722222222,93.05741666666667,,,,,,,3.6669666666666667,0.1828972944209768,30.0,,,,,,,,,,,,,,,,,,,,,False,1.0,31.2,120.3,2329.357405,0.5138400197029114,0.5113428545961378,太湖区格点 NASA_POWER_120.300_31.200,120.3,31.2,,,,,,,,,,,,,train
TAIHU_CT,2016-11,lake_subregion,3.4524822695035446,9.4792641097599,0.0994366666666666,0.0078795,0.3561333333333333,8.21,0.5805666666666666,0.0133556666666666,1.8699333333333328,0.0906066666666666,10.0,,,,,,,,,,,,3.6669666666666667,0.1828972944209768,30.0,,,,,,,,,,,,,,,,,,,,,False,,,,2329.357405,0.5138400197029114,0.5113428545961378,"TAIHU_CT(湖区均值,无坐标)",,,,,0.0906066666666666,taihu_thqbca_v2,1.8699333333333328,taihu_thqbca_v2,9.4792641097599,taihu_thqbca_v2,,,,,train
TAIHU_ET,2016-11,lake_subregion,2.91063829787234,8.749610227627066,0.05684,0.0101657,0.2294333333333333,8.233333333333334,2.1693666666666664,0.0045166666666666,1.3301333333333332,0.0575633333333333,10.0,,,,,,,,,,,,3.6669666666666667,0.1828972944209768,30.0,,,,,,,,,,,,,,,,,,,,,False,,,,2329.357405,0.5138400197029114,0.5113428545961378,"TAIHU_ET(湖区均值,无坐标)",,,,,0.0575633333333333,taihu_thqbca_v2,1.3301333333333332,taihu_thqbca_v2,8.749610227627066,taihu_thqbca_v2,,,,,train
TAIHU_GH,2016-11,lake_subregion,4.712056737588652,10.134081696289368,0.0813166666666666,0.0080993333333333,0.2191999999999999,8.409999999999998,8.9596,0.0060486666666666,1.8935,0.0909833333333333,10.0,,,,,,,,,,,,3.6669666666666667,0.1828972944209768,30.0,,,,,,,,,,,,,,,,,,,,,False,,,,2329.357405,0.5138400197029114,0.5113428545961378,"TAIHU_GH(湖区均值,无坐标)",,,,,0.0909833333333333,taihu_thqbca_v2,1.8935,taihu_thqbca_v2,10.134081696289368,taihu_thqbca_v2,,,,,train
TAIHU_ML,2016-11,lake_subregion,7.251063829787234,10.05211813443806,0.0770171428571428,0.0163707142857142,0.4007285714285714,8.315714285714286,17.89102857142857,0.0059307142857142,3.503171428571428,0.1944657142857143,10.0,,,,,,,,,,,,3.6669666666666667,0.1828972944209768,30.0,,,,,,,,,,,,,,,,,,,,,False,,,,2329.357405,0.5138400197029114,0.5113428545961378,"TAIHU_ML(湖区均值,无坐标)",,,,,0.1944657142857143,taihu_thqbca_v2,3.503171428571428,taihu_thqbca_v2,10.05211813443806,taihu_thqbca_v2,,,,,train
TAIHU_ST,2016-11,lake_subregion,3.421276595744681,9.34206423448706,0.0891366666666666,0.0053101666666666,0.2549,8.186666666666667,1.020066666666667,0.0092523333333333,1.6807333333333334,0.0885333333333333,10.0,,,,,,,,,,,,3.6669666666666667,0.1828972944209768,30.0,,,,,,,,,,,,,,,,,,,,,False,,,,2329.357405,0.5138400197029114,0.5113428545961378,"TAIHU_ST(湖区均值,无坐标)",,,,,0.0885333333333333,taihu_thqbca_v2,1.6807333333333334,taihu_thqbca_v2,9.34206423448706,taihu_thqbca_v2,,,,,train
TAIHU_WHOLE,2016-11,lake_subregion,4.028918439716311,9.30804267450666,0.1203508928571428,0.0191917626107142,0.3422914047619048,8.258339285714285,4.972356071428571,0.0130310559523809,2.1178220535714285,0.0992602976190476,10.0,,,,,,,,,,,,3.6669666666666667,0.1828972944209768,30.0,,,,,,,,,,,,,,,,,,,,,False,,,,2329.357405,0.5138400197029114,0.5113428545961378,太湖全湖(18/17点位均值),,,,,0.0992602976190476,taihu_thqbca_v2,2.1178220535714285,taihu_thqbca_v2,9.30804267450666,taihu_thqbca_v2,,,,,train
TAIHU_WT,2016-11,lake_subregion,3.840425531914894,8.41908325537886,0.21074,0.023254375,0.49815,8.16,0.61365,0.032049,2.633325,0.1312,10.0,,,,,,,,,,,,3.6669666666666667,0.1828972944209768,30.0,,,,,,,,,,,,,,,,,,,,,False,,,,2329.357405,0.5138400197029114,0.5113428545961378,"TAIHU_WT(湖区均值,无坐标)",,,,,0.1312,taihu_thqbca_v2,2.633325,taihu_thqbca_v2,8.41908325537886,taihu_thqbca_v2,,,,,train
TAIHU_XK,2016-11,lake_subregion,3.068936170212766,9.560336763330216,0.0649199999999999,0.0042103116,0.123486,8.246,2.737,0.0046314,1.0909799999999998,0.04672,10.0,,,,,,,,,,,,3.6669666666666667,0.1828972944209768,30.0,,,,,,,,,,,,,,,,,,,,,False,,,,2329.357405,0.5138400197029114,0.5113428545961378,"TAIHU_XK(湖区均值,无坐标)",,,,,0.04672,taihu_thqbca_v2,1.0909799999999998,taihu_thqbca_v2,9.560336763330216,taihu_thqbca_v2,,,,,train
TAIHU_ZS,2016-11,lake_subregion,3.574468085106383,8.727782974742752,0.2834,0.078244,0.6563,8.305,5.80757,0.028464,2.9408,0.09401,10.0,,,,,,,,,,,,3.6669666666666667,0.1828972944209768,30.0,,,,,,,,,,,,,,,,,,,,,False,,,,2329.357405,0.5138400197029114,0.5113428545961378,"TAIHU_ZS(湖区均值,无坐标)",,,,,0.09401,taihu_thqbca_v2,2.9408,taihu_thqbca_v2,8.727782974742752,taihu_thqbca_v2,,,,,train
NASA_POWER_120.300_31.200,2016-12,grid_point,,,,,,,,,,,,7.659153225806452,1219.05,3.851129032258064,172.22056451612903,93.4840188172043,,,,,,,3.300516129032258,0.09122007733476503,31.0,,,,,,,,,,,,,,,,,,,,,False,1.0,31.2,120.3,2329.357405,0.5138400197029114,0.5113428545961378,太湖区格点 NASA_POWER_120.300_31.200,120.3,31.2,,,,,,,,,,,,,train
NASA_POWER_120.300_31.200,2017-01,grid_point,,,,,,,,,,,,5.365255376344086,1456.33,4.079758064516129,140.12137096774194,92.413561827957,,,,,,,3.2728709677419356,0.08036286582188533,31.0,,,,,,,,,,,,,,,,,,,,,False,1.0,31.2,120.3,2329.357405,0.5138400197029114,0.5113428545961378,太湖区格点 NASA_POWER_120.300_31.200,120.3,31.2,,,,,,,,,,,,,train
NASA_POWER_120.300_31.200,2017-02,grid_point,,,,,,,,,,,,5.991071428571429,653.92,4.14625,159.31919642857142,122.20747023809524,,,,,,,2.9959166666666666,0.07636082986354033,28.0,,,,,,,,,,,,,,,,,,,,,False,1.0,31.2,120.3,2329.357405,0.5138400197029114,0.5113428545961378,太湖区格点 NASA_POWER_120.300_31.200,120.3,31.2,,,,,,,,,,,,,train
TAIHU_CT,2017-02,lake_subregion,3.5820895522388057,10.509348807221148,0.1272866666666666,0.0100776666666666,0.5388633333333334,8.036666666666667,5.123641767467999,0.0066833333333333,2.369833333333333,0.1047333333333333,10.0,,,,,,,,,,,,2.9959166666666666,0.07636082986354033,28.0,,,,,,,,,,,,,,,,,,,,,False,,,,2329.357405,0.5138400197029114,0.5113428545961378,"TAIHU_CT(湖区均值,无坐标)",,,,,0.1047333333333333,taihu_thqbca_v2,2.369833333333333,taihu_thqbca_v2,10.509348807221148,taihu_thqbca_v2,,,,,train
TAIHU_ET,2017-02,lake_subregion,3.2544967470340604,10.425531914893618,0.1307866666666666,0.0051806666666666,0.2791966666666666,8.036666666666667,5.135713964838827,0.0052266666666666,1.5780333333333332,0.0791366666666666,10.0,,,,,,,,,,,,2.9959166666666666,0.07636082986354033,28.0,,,,,,,,,,,,,,,,,,,,,False,,,,2329.357405,0.5138400197029114,0.5113428545961378,"TAIHU_ET(湖区均值,无坐标)",,,,,0.0791366666666666,taihu_thqbca_v2,1.5780333333333332,taihu_thqbca_v2,10.425531914893618,taihu_thqbca_v2,,,,,train
TAIHU_GH,2017-02,lake_subregion,3.851511672407194,10.89619600257898,0.1095333333333333,0.0188573333333333,0.7971633333333333,7.983333333333333,35.354234813621574,0.0051266666666666,3.2497333333333334,0.1135466666666666,10.0,,,,,,,,,,,,2.9959166666666666,0.07636082986354033,28.0,,,,,,,,,,,,,,,,,,,,,False,,,,2329.357405,0.5138400197029114,0.5113428545961378,"TAIHU_GH(湖区均值,无坐标)",,,,,0.1135466666666666,taihu_thqbca_v2,3.2497333333333334,taihu_thqbca_v2,10.89619600257898,taihu_thqbca_v2,,,,,train
TAIHU_ML,2017-02,lake_subregion,3.378710841397408,10.342636087316938,0.1367942857142857,0.0090115714285714,0.6407585714285714,8.124285714285714,15.707653379068825,0.0070485714285714,2.567557142857143,0.0766657142857143,10.0,,,,,,,,,,,,2.9959166666666666,0.07636082986354033,28.0,,,,,,,,,,,,,,,,,,,,,False,,,,2329.357405,0.5138400197029114,0.5113428545961378,"TAIHU_ML(湖区均值,无坐标)",,,,,0.0766657142857143,taihu_thqbca_v2,2.567557142857143,taihu_thqbca_v2,10.342636087316938,taihu_thqbca_v2,,,,,train
TAIHU_ST,2017-02,lake_subregion,3.6739380022962096,10.954223081882658,0.1751533333333333,0.004071,0.3800633333333333,7.926666666666667,6.401282655880402,0.0062333333333333,2.0151,0.1161866666666666,10.0,,,,,,,,,,,,2.9959166666666666,0.07636082986354033,28.0,,,,,,,,,,,,,,,,,,,,,False,,,,2329.357405,0.5138400197029114,0.5113428545961378,"TAIHU_ST(湖区均值,无坐标)",,,,,0.1161866666666666,taihu_thqbca_v2,2.0151,taihu_thqbca_v2,10.954223081882658,taihu_thqbca_v2,,,,,train
TAIHU_WHOLE,2017-02,lake_subregion,3.7529550051938103,10.591185410334344,0.2775843482142857,0.0292395860119047,0.6767119047619047,7.999264880952381,13.264995143549354,0.0099180714285714,2.9820408928571425,0.1166735059523809,10.0,,,,,,,,,,,,2.9959166666666666,0.07636082986354033,28.0,,,,,,,,,,,,,,,,,,,,,False,,,,2329.357405,0.5138400197029114,0.5113428545961378,太湖全湖(18/17点位均值),,,,,0.1166735059523809,taihu_thqbca_v2,2.9820408928571425,taihu_thqbca_v2,10.591185410334344,taihu_thqbca_v2,,,,,train
TAIHU_WT,2017-02,lake_subregion,4.56027554535017,10.212765957446807,0.5361225,0.0323002499999999,0.83198,7.8675,8.57578720730041,0.01688,4.2611,0.196175,10.0,,,,,,,,,,,,2.9959166666666666,0.07636082986354033,28.0,,,,,,,,,,,,,,,,,,,,,False,,,,2329.357405,0.5138400197029114,0.5113428545961378,"TAIHU_WT(湖区均值,无坐标)",,,,,0.196175,taihu_thqbca_v2,4.2611,taihu_thqbca_v2,10.212765957446807,taihu_thqbca_v2,,,,,train
TAIHU_XK,2017-02,lake_subregion,3.855797933409873,10.55705996131528,0.132928,0.0113471999999999,0.47129,8.034,5.890025097225927,0.0073559999999999,2.56412,0.101394,10.0,,,,,,,,,,,,2.9959166666666666,0.07636082986354033,28.0,,,,,,,,,,,,,,,,,,,,,False,,,,2329.357405,0.5138400197029114,0.5113428545961378,"TAIHU_XK(湖区均值,无坐标)",,,,,0.101394,taihu_thqbca_v2,2.56412,taihu_thqbca_v2,10.55705996131528,taihu_thqbca_v2,,,,,train
TAIHU_ZS,2017-02,lake_subregion,3.866819747416762,10.831721470019342,0.8720699999999999,0.143071,1.47438,7.984999999999999,23.931622262990874,0.02479,5.25085,0.14555,10.0,,,,,,,,,,,,2.9959166666666666,0.07636082986354033,28.0,,,,,,,,,,,,,,,,,,,,,False,,,,2329.357405,0.5138400197029114,0.5113428545961378,"TAIHU_ZS(湖区均值,无坐标)",,,,,0.14555,taihu_thqbca_v2,5.25085,taihu_thqbca_v2,10.831721470019342,taihu_thqbca_v2,,,,,train
NASA_POWER_120.300_31.200,2017-03,grid_point,,,,,,,,,,,,9.992741935483872,2670.8,4.310282258064516,148.60174731182795,148.83825268817205,,,,,,,2.963709677419355,0.04182793165085698,31.0,,,,,,,,,,,,,,,,,,,,,False,1.0,31.2,120.3,2329.357405,0.5138400197029114,0.5113428545961378,太湖区格点 NASA_POWER_120.300_31.200,120.3,31.2,,,,,,,,,,,,,train
NASA_POWER_120.300_31.200,2017-04,grid_point,,,,,,,,,,,,17.289083333333334,2927.07,4.317388888888889,175.55986111111113,200.09625,,,,,,,3.135011111111111,0.06640451234109977,30.0,,,,,,,,,,,,,,,,,,,,,False,1.0,31.2,120.3,2329.357405,0.5138400197029114,0.5113428545961378,太湖区格点 NASA_POWER_120.300_31.200,120.3,31.2,,,,,,,,,,,,,train
NASA_POWER_120.300_31.200,2017-05,grid_point,,,,,,,,,,,,22.370752688172043,1982.98,4.560389784946237,162.36841397849463,209.08309139784947,,,,,,,3.102215053763441,0.046766919963445994,31.0,,,,,,,,,,,,,,,,,,,,,False,1.0,31.2,120.3,2329.357405,0.5138400197029114,0.5113428545961378,太湖区格点 NASA_POWER_120.300_31.200,120.3,31.2,,,,,,,,,,,,,train
TAIHU_CT,2017-05,lake_subregion,6.19328585961343,8.421052631578947,0.1159033333333333,0.005582,0.3422466666666666,8.473333333333334,5.899936131076,0.0026233333333333,2.6572666666666667,0.1113866666666666,10.0,,,,,,,,,,,,3.102215053763441,0.046766919963445994,31.0,,,,,,,,,,,,,,,,,,,,,False,,,,2329.357405,0.5138400197029114,0.5113428545961378,"TAIHU_CT(湖区均值,无坐标)",,,,,0.1113866666666666,taihu_thqbca_v2,2.6572666666666667,taihu_thqbca_v2,8.421052631578947,taihu_thqbca_v2,,,,,train
TAIHU_ET,2017-05,lake_subregion,3.409969481180061,8.170426065162907,0.0717329999999999,0.007318,0.4215333333333333,8.270000000000001,7.349872331461634,0.0027066666666666,1.8535333333333333,0.0528066666666666,10.0,,,,,,,,,,,,3.102215053763441,0.046766919963445994,31.0,,,,,,,,,,,,,,,,,,,,,False,,,,2329.357405,0.5138400197029114,0.5113428545961378,"TAIHU_ET(湖区均值,无坐标)",,,,,0.0528066666666666,taihu_thqbca_v2,1.8535333333333333,taihu_thqbca_v2,8.170426065162907,taihu_thqbca_v2,,,,,train
TAIHU_GH,2017-05,lake_subregion,4.684977958630044,8.170426065162907,0.060737,0.0037137333333333,0.1710566666666666,8.46,2.7531253534093336,0.0021799999999999,1.8061,0.1101366666666666,10.0,,,,,,,,,,,,3.102215053763441,0.046766919963445994,31.0,,,,,,,,,,,,,,,,,,,,,False,,,,2329.357405,0.5138400197029114,0.5113428545961378,"TAIHU_GH(湖区均值,无坐标)",,,,,0.1101366666666666,taihu_thqbca_v2,1.8061,taihu_thqbca_v2,8.170426065162907,taihu_thqbca_v2,,,,,train
TAIHU_ML,2017-05,lake_subregion,9.098677517802644,9.51357986803744,0.1692671428571428,0.0018552,0.1154228571428571,8.745714285714286,25.296931459928157,0.0044957142857142,3.267671428571429,0.2140857142857143,10.0,,,,,,,,,,,,3.102215053763441,0.046766919963445994,31.0,,,,,,,,,,,,,,,,,,,,,False,,,,2329.357405,0.5138400197029114,0.5113428545961378,"TAIHU_ML(湖区均值,无坐标)",,,,,0.2140857142857143,taihu_thqbca_v2,3.267671428571429,taihu_thqbca_v2,9.51357986803744,taihu_thqbca_v2,,,,,train
TAIHU_ST,2017-05,lake_subregion,3.6486944727026103,8.843537414965985,0.072174,0.0046892666666666,0.4024333333333333,8.423333333333334,5.390068456816184,0.0031766666666666,2.088866666666666,0.0924366666666666,10.0,,,,,,,,,,,,3.102215053763441,0.046766919963445994,31.0,,,,,,,,,,,,,,,,,,,,,False,,,,2329.357405,0.5138400197029114,0.5113428545961378,"TAIHU_ST(湖区均值,无坐标)",,,,,0.0924366666666666,taihu_thqbca_v2,2.088866666666666,taihu_thqbca_v2,8.843537414965985,taihu_thqbca_v2,,,,,train
TAIHU_WHOLE,2017-05,lake_subregion,5.191386910817226,8.861413738427702,0.1315222595238095,0.02089333625,0.406939732142857,8.41629761904762,18.13033016240367,0.0032630476190476,2.4560097619047623,0.1243273809523809,10.0,,,,,,,,,,,,3.102215053763441,0.046766919963445994,31.0,,,,,,,,,,,,,,,,,,,,,False,,,,2329.357405,0.5138400197029114,0.5113428545961378,太湖全湖(18/17点位均值),,,,,0.1243273809523809,taihu_thqbca_v2,2.4560097619047623,taihu_thqbca_v2,8.861413738427702,taihu_thqbca_v2,,,,,train
TAIHU_WT,2017-05,lake_subregion,4.4625296710749405,8.464017185821696,0.1391474999999999,0.0216258499999999,0.3642249999999999,8.265,54.79083726328879,0.00408,1.9673,0.1224666666666666,10.0,,,,,,,,,,,,3.102215053763441,0.046766919963445994,31.0,,,,,,,,,,,,,,,,,,,,,False,,,,2329.357405,0.5138400197029114,0.5113428545961378,"TAIHU_WT(湖区均值,无坐标)",,,,,0.1224666666666666,taihu_thqbca_v2,1.9673,taihu_thqbca_v2,8.464017185821696,taihu_thqbca_v2,,,,,train
TAIHU_XK,2017-05,lake_subregion,3.0258392675483208,8.459720730397423,0.0701761,0.00619864,0.3991,8.358,2.0541346834970606,0.0019219999999999,1.6593399999999998,0.0382,10.0,,,,,,,,,,,,3.102215053763441,0.046766919963445994,31.0,,,,,,,,,,,,,,,,,,,,,False,,,,2329.357405,0.5138400197029114,0.5113428545961378,"TAIHU_XK(湖区均值,无坐标)",,,,,0.0382,taihu_thqbca_v2,1.6593399999999998,taihu_thqbca_v2,8.459720730397423,taihu_thqbca_v2,,,,,train
TAIHU_ZS,2017-05,lake_subregion,7.007121057985756,10.848549946294307,0.35304,0.116164,1.0395,8.335,41.50773561975221,0.0049199999999999,4.348,0.2531,10.0,,,,,,,,,,,,3.102215053763441,0.046766919963445994,31.0,,,,,,,,,,,,,,,,,,,,,False,,,,2329.357405,0.5138400197029114,0.5113428545961378,"TAIHU_ZS(湖区均值,无坐标)",,,,,0.2531,taihu_thqbca_v2,4.348,taihu_thqbca_v2,10.848549946294307,taihu_thqbca_v2,,,,,train
NASA_POWER_120.300_31.200,2017-06,grid_point,,,,,,,,,,,,24.382805555555553,5054.33,3.9629583333333334,157.70138888888889,166.05030555555555,,,,,,,3.253144444444444,0.13618568806867373,30.0,,,,,,,,,,,,,,,,,,,,,False,1.0,31.2,120.3,2329.357405,0.5138400197029114,0.5113428545961378,太湖区格点 NASA_POWER_120.300_31.200,120.3,31.2,,,,,,,,,,,,,train
NASA_POWER_120.300_31.200,2017-07,grid_point,,,,,,,,,,,,30.34731182795699,2213.64,3.4611827956989245,186.59287634408602,227.98696236559138,,,,,,,3.3390215053763437,0.10647517309244267,31.0,,,,,,,,,,,,,,,,,,,,,False,1.0,31.2,120.3,2329.357405,0.5138400197029114,0.5113428545961378,太湖区格点 NASA_POWER_120.300_31.200,120.3,31.2,,,,,,,,,,,,,train
NASA_POWER_120.300_31.200,2017-08,grid_point,,,,,,,,,,,,29.35967741935484,5085.19,3.811814516129032,191.32258064516128,188.2048924731183,,,,,,,3.1730967741935485,0.050764393583632834,31.0,,,,,,,,,,,,,,,,,,,,,False,1.0,31.2,120.3,2329.357405,0.5138400197029114,0.5113428545961378,太湖区格点 NASA_POWER_120.300_31.200,120.3,31.2,,,,,,,,,,,,,train
TAIHU_CT,2017-08,lake_subregion,5.978947368421051,7.11512717536814,0.2839666666666666,0.0066399333333333,0.0828833333333333,8.013333333333334,9.728581454569516,0.0306066666666666,1.8877333333333333,0.1796666666666666,10.0,,,,,,,,,,,,3.1730967741935485,0.050764393583632834,31.0,,,,,,,,,,,,,,,,,,,,,False,,,,2329.357405,0.5138400197029114,0.5113428545961378,"TAIHU_CT(湖区均值,无坐标)",,,,,0.1796666666666666,taihu_thqbca_v2,1.8877333333333333,taihu_thqbca_v2,7.11512717536814,taihu_thqbca_v2,,,,,train
TAIHU_ET,2017-08,lake_subregion,5.153684210526316,8.708165997322622,0.0830033333333333,0.0030443999999999,0.0714603333333333,8.163333333333334,18.86683245770565,0.0082566666666666,1.5767,0.10495,10.0,,,,,,,,,,,,3.1730967741935485,0.050764393583632834,31.0,,,,,,,,,,,,,,,,,,,,,False,,,,2329.357405,0.5138400197029114,0.5113428545961378,"TAIHU_ET(湖区均值,无坐标)",,,,,0.10495,taihu_thqbca_v2,1.5767,taihu_thqbca_v2,8.708165997322622,taihu_thqbca_v2,,,,,train
TAIHU_GH,2017-08,lake_subregion,6.57465198221632,7.597054886211512,0.2347333333333333,0.001228,0.07918,8.166666666666666,29.577084761812827,0.0076216666666666,2.159966666666666,0.1503333333333333,10.0,,,,,,,,,,,,3.1730967741935485,0.050764393583632834,31.0,,,,,,,,,,,,,,,,,,,,,False,,,,2329.357405,0.5138400197029114,0.5113428545961378,"TAIHU_GH(湖区均值,无坐标)",,,,,0.1503333333333333,taihu_thqbca_v2,2.159966666666666,taihu_thqbca_v2,7.597054886211512,taihu_thqbca_v2,,,,,train
TAIHU_ML,2017-08,lake_subregion,7.580259165263317,10.291222030981066,0.3647571428571429,0.0624584571428571,0.1605902857142857,8.027142857142858,33.77119607505429,0.0419985714285714,2.880542857142857,0.2431285714285714,10.0,,,,,,,,,,,,3.1730967741935485,0.050764393583632834,31.0,,,,,,,,,,,,,,,,,,,,,False,,,,2329.357405,0.5138400197029114,0.5113428545961378,"TAIHU_ML(湖区均值,无坐标)",,,,,0.2431285714285714,taihu_thqbca_v2,2.880542857142857,taihu_thqbca_v2,10.291222030981066,taihu_thqbca_v2,,,,,train
TAIHU_ST,2017-08,lake_subregion,5.560701754385963,7.523427041499329,0.0799,0.0018666,0.0755036666666666,8.046666666666667,32.20922619523191,0.008081,1.6454333333333333,0.1286,10.0,,,,,,,,,,,,3.1730967741935485,0.050764393583632834,31.0,,,,,,,,,,,,,,,,,,,,,False,,,,2329.357405,0.5138400197029114,0.5113428545961378,"TAIHU_ST(湖区均值,无坐标)",,,,,0.1286,taihu_thqbca_v2,1.6454333333333333,taihu_thqbca_v2,7.523427041499329,taihu_thqbca_v2,,,,,train
TAIHU_WHOLE,2017-08,lake_subregion,5.717068248960993,7.615720022948938,0.2836876845238095,0.0509695013095238,0.1657854898809523,8.090642857142857,23.50848779293597,0.0330745089285714,2.175533273809524,0.1677888214285714,10.0,,,,,,,,,,,,3.1730967741935485,0.050764393583632834,31.0,,,,,,,,,,,,,,,,,,,,,False,,,,2329.357405,0.5138400197029114,0.5113428545961378,太湖全湖(18/17点位均值),,,,,0.1677888214285714,taihu_thqbca_v2,2.175533273809524,taihu_thqbca_v2,7.615720022948938,taihu_thqbca_v2,,,,,train
TAIHU_WT,2017-08,lake_subregion,5.709473684210526,6.2248995983935735,0.427375,0.0558965,0.1771775,8.07,23.316543806947323,0.0624175,2.49545,0.2339999999999999,10.0,,,,,,,,,,,,3.1730967741935485,0.050764393583632834,31.0,,,,,,,,,,,,,,,,,,,,,False,,,,2329.357405,0.5138400197029114,0.5113428545961378,"TAIHU_WT(湖区均值,无坐标)",,,,,0.2339999999999999,taihu_thqbca_v2,2.49545,taihu_thqbca_v2,6.2248995983935735,taihu_thqbca_v2,,,,,train
TAIHU_XK,2017-08,lake_subregion,4.071459405611821,8.124497991967871,0.111116,0.00467212,0.0820888,8.118,10.902642889540232,0.007394,1.3215400000000002,0.067932,10.0,,,,,,,,,,,,3.1730967741935485,0.050764393583632834,31.0,,,,,,,,,,,,,,,,,,,,,False,,,,2329.357405,0.5138400197029114,0.5113428545961378,"TAIHU_XK(湖区均值,无坐标)",,,,,0.067932,taihu_thqbca_v2,1.3215400000000002,taihu_thqbca_v2,8.124497991967871,taihu_thqbca_v2,,,,,train
TAIHU_ZS,2017-08,lake_subregion,5.107368421052632,5.3413654618473885,0.68465,0.2719499999999999,0.5974,8.120000000000001,29.69579470262595,0.09822,3.4369,0.2337,10.0,,,,,,,,,,,,3.1730967741935485,0.050764393583632834,31.0,,,,,,,,,,,,,,,,,,,,,False,,,,2329.357405,0.5138400197029114,0.5113428545961378,"TAIHU_ZS(湖区均值,无坐标)",,,,,0.2337,taihu_thqbca_v2,3.4369,taihu_thqbca_v2,5.3413654618473885,taihu_thqbca_v2,,,,,train
NASA_POWER_120.300_31.200,2017-09,grid_point,,,,,,,,,,,,24.530236111111112,5682.68,4.041486111111111,127.89958333333333,132.83745833333333,,,,,,,3.2304111111111107,0.09108346066741223,30.0,,,,,,,,,,,,,,,,,,,,,False,1.0,31.2,120.3,2329.357405,0.5138400197029114,0.5113428545961378,太湖区格点 NASA_POWER_120.300_31.200,120.3,31.2,,,,,,,,,,,,,train
NASA_POWER_120.300_31.200,2017-10,grid_point,,,,,,,,,,,,17.878682795698925,2273.04,4.724717741935484,120.24677419354839,123.90255376344086,,,,,,,3.4275053763440857,0.05231527437655641,31.0,,,,,,,,,,,,,,,,,,,,,False,1.0,31.2,120.3,2329.357405,0.5138400197029114,0.5113428545961378,太湖区格点 NASA_POWER_120.300_31.200,120.3,31.2,,,,,,,,,,,,,train
NASA_POWER_120.300_31.200,2017-11,grid_point,,,,,,,,,,,,12.207986111111111,1923.14,3.790180555555555,143.91069444444443,106.41169444444444,,,,,,,3.244455555555555,0.06076135614863892,30.0,,,,,,,,,,,,,,,,,,,,,False,1.0,31.2,120.3,2329.357405,0.5138400197029114,0.5113428545961378,太湖区格点 NASA_POWER_120.300_31.200,120.3,31.2,,,,,,,,,,,,,train
TAIHU_CT,2017-11,lake_subregion,6.639858906525574,9.91156462585034,0.21051,0.0029873333333333,0.1003233333333333,8.363333333333332,5.484801672195014,0.0053813333333333,1.6073333333333333,0.1014366666666666,10.0,,,,,,,,,,,,3.244455555555555,0.06076135614863892,30.0,,,,,,,,,,,,,,,,,,,,,False,,,,2329.357405,0.5138400197029114,0.5113428545961378,"TAIHU_CT(湖区均值,无坐标)",,,,,0.1014366666666666,taihu_thqbca_v2,1.6073333333333333,taihu_thqbca_v2,9.91156462585034,taihu_thqbca_v2,,,,,train
TAIHU_ET,2017-11,lake_subregion,3.620458553791888,9.31972789115646,0.14118,0.0038672,0.08655,8.246666666666668,4.218855724935791,0.0027089999999999,0.8558333333333333,0.05101,10.0,,,,,,,,,,,,3.244455555555555,0.06076135614863892,30.0,,,,,,,,,,,,,,,,,,,,,False,,,,2329.357405,0.5138400197029114,0.5113428545961378,"TAIHU_ET(湖区均值,无坐标)",,,,,0.05101,taihu_thqbca_v2,0.8558333333333333,taihu_thqbca_v2,9.31972789115646,taihu_thqbca_v2,,,,,train
TAIHU_GH,2017-11,lake_subregion,4.655905109775737,7.503401360544217,0.1647666666666666,0.0020018666666666,0.0567163333333333,8.443333333333333,9.031512658228133,0.0051886666666666,1.3402333333333332,0.0877966666666666,10.0,,,,,,,,,,,,3.244455555555555,0.06076135614863892,30.0,,,,,,,,,,,,,,,,,,,,,False,,,,2329.357405,0.5138400197029114,0.5113428545961378,"TAIHU_GH(湖区均值,无坐标)",,,,,0.0877966666666666,taihu_thqbca_v2,1.3402333333333332,taihu_thqbca_v2,7.503401360544217,taihu_thqbca_v2,,,,,train
TAIHU_ML,2017-11,lake_subregion,6.848677248677249,6.988338192419824,0.17353,0.0144664857142857,0.2149714285714285,8.382857142857143,24.370245434730464,0.0065251428571428,2.927171428571429,0.1907428571428571,10.0,,,,,,,,,,,,3.244455555555555,0.06076135614863892,30.0,,,,,,,,,,,,,,,,,,,,,False,,,,2329.357405,0.5138400197029114,0.5113428545961378,"TAIHU_ML(湖区均值,无坐标)",,,,,0.1907428571428571,taihu_thqbca_v2,2.927171428571429,taihu_thqbca_v2,6.988338192419824,taihu_thqbca_v2,,,,,train
TAIHU_ST,2017-11,lake_subregion,4.963668430335097,9.727891156462585,0.1901333333333333,0.0028116,0.07894,8.299999999999999,12.287317221578467,0.0084566666666666,1.4772999999999998,0.1219666666666666,10.0,,,,,,,,,,,,3.244455555555555,0.06076135614863892,30.0,,,,,,,,,,,,,,,,,,,,,False,,,,2329.357405,0.5138400197029114,0.5113428545961378,"TAIHU_ST(湖区均值,无坐标)",,,,,0.1219666666666666,taihu_thqbca_v2,1.4772999999999998,taihu_thqbca_v2,9.727891156462585,taihu_thqbca_v2,,,,,train
TAIHU_WHOLE,2017-11,lake_subregion,4.990171560238722,8.738125607385811,0.21679925,0.0203951782142857,0.2490227119047618,8.30677380952381,11.3136873251291,0.0119514136904761,1.9103076785714284,0.1136389821428571,10.0,,,,,,,,,,,,3.244455555555555,0.06076135614863892,30.0,,,,,,,,,,,,,,,,,,,,,False,,,,2329.357405,0.5138400197029114,0.5113428545961378,太湖全湖(18/17点位均值),,,,,0.1136389821428571,taihu_thqbca_v2,1.9103076785714284,taihu_thqbca_v2,8.738125607385811,taihu_thqbca_v2,,,,,train
TAIHU_WT,2017-11,lake_subregion,5.3121693121693125,9.433673469387756,0.23274,0.0233571,0.379115,8.275,16.17576989889656,0.0169374999999999,2.5375499999999995,0.152025,10.0,,,,,,,,,,,,3.244455555555555,0.06076135614863892,30.0,,,,,,,,,,,,,,,,,,,,,False,,,,2329.357405,0.5138400197029114,0.5113428545961378,"TAIHU_WT(湖区均值,无坐标)",,,,,0.152025,taihu_thqbca_v2,2.5375499999999995,taihu_thqbca_v2,9.433673469387756,taihu_thqbca_v2,,,,,train
TAIHU_XK,2017-11,lake_subregion,4.430899470899472,8.714285714285714,0.174034,0.00166984,0.0748656,8.228,10.6534324953964,0.0031079999999999,1.04914,0.054284,10.0,,,,,,,,,,,,3.244455555555555,0.06076135614863892,30.0,,,,,,,,,,,,,,,,,,,,,False,,,,2329.357405,0.5138400197029114,0.5113428545961378,"TAIHU_XK(湖区均值,无坐标)",,,,,0.054284,taihu_thqbca_v2,1.04914,taihu_thqbca_v2,8.714285714285714,taihu_thqbca_v2,,,,,train
TAIHU_ZS,2017-11,lake_subregion,3.44973544973545,8.306122448979592,0.4475,0.112,1.0007,8.215,8.287563495071948,0.047305,3.4879,0.14985,10.0,,,,,,,,,,,,3.244455555555555,0.06076135614863892,30.0,,,,,,,,,,,,,,,,,,,,,False,,,,2329.357405,0.5138400197029114,0.5113428545961378,"TAIHU_ZS(湖区均值,无坐标)",,,,,0.14985,taihu_thqbca_v2,3.4879,taihu_thqbca_v2,8.306122448979592,taihu_thqbca_v2,,,,,train
NASA_POWER_120.300_31.200,2017-12,grid_point,,,,,,,,,,,,5.441626344086021,610.96,3.6136693548387098,190.90846774193548,99.41571236559139,,,,,,,3.04052688172043,0.05896953225833653,31.0,,,,,,,,,,,,,,,,,,,,,False,1.0,31.2,120.3,2329.357405,0.5138400197029114,0.5113428545961378,太湖区格点 NASA_POWER_120.300_31.200,120.3,31.2,,,,,,,,,,,,,train
NASA_POWER_120.300_31.200,2018-01,grid_point,,,,,,,,,,,,2.4428629032258065,2739.55,4.346317204301075,171.23440860215052,81.87318548387097,,,,,,,3.0354838709677416,0.054252416823426505,31.0,,,,,,,,,,,,,,,,,,,,,False,1.0,31.2,120.3,2329.357405,0.5138400197029114,0.5113428545961378,太湖区格点 NASA_POWER_120.300_31.200,120.3,31.2,,,,,,,,,,,,,train
NASA_POWER_120.300_31.200,2018-02,grid_point,,,,,,,,,,,,4.636235119047619,1312.91,3.8621130952380955,163.75357142857143,126.95407738095238,,,,,,,3.083642857142857,0.04112051229559384,28.0,,,,,,,,,,,,,,,,,,,,,False,1.0,31.2,120.3,2329.357405,0.5138400197029114,0.5113428545961378,太湖区格点 NASA_POWER_120.300_31.200,120.3,31.2,,,,,,,,,,,,,train
TAIHU_CT,2018-02,lake_subregion,4.183333333333334,10.178694158075604,0.5894333333333334,0.0199256666666666,0.5871666666666666,8.270000000000001,2.6351330769230765,0.0359666666666666,3.1315000000000004,0.1336666666666666,10.0,,,,,,,,,,,,3.083642857142857,0.04112051229559384,28.0,,,,,,,,,,,,,,,,,,,,,False,,,,2329.357405,0.5138400197029114,0.5113428545961378,"TAIHU_CT(湖区均值,无坐标)",,,,,0.1336666666666666,taihu_thqbca_v2,3.1315000000000004,taihu_thqbca_v2,10.178694158075604,taihu_thqbca_v2,,,,,train
TAIHU_ET,2018-02,lake_subregion,3.6944444444444446,10.673539518900345,0.08344,0.0028489333333333,0.15333,8.203333333333333,4.95369,0.0032406666666666,1.2524,0.05962,10.0,,,,,,,,,,,,3.083642857142857,0.04112051229559384,28.0,,,,,,,,,,,,,,,,,,,,,False,,,,2329.357405,0.5138400197029114,0.5113428545961378,"TAIHU_ET(湖区均值,无坐标)",,,,,0.05962,taihu_thqbca_v2,1.2524,taihu_thqbca_v2,10.673539518900345,taihu_thqbca_v2,,,,,train
TAIHU_GH,2018-02,lake_subregion,2.952777777777778,11.587628865979385,0.7605666666666666,0.0236,0.4103333333333332,8.34,2.99988,0.02095,2.6689666666666665,0.0797233333333333,10.0,,,,,,,,,,,,3.083642857142857,0.04112051229559384,28.0,,,,,,,,,,,,,,,,,,,,,False,,,,2329.357405,0.5138400197029114,0.5113428545961378,"TAIHU_GH(湖区均值,无坐标)",,,,,0.0797233333333333,taihu_thqbca_v2,2.6689666666666665,taihu_thqbca_v2,11.587628865979385,taihu_thqbca_v2,,,,,train
TAIHU_ML,2018-02,lake_subregion,3.673809523809524,11.019145802650955,0.4522257142857142,0.0151234285714285,0.3612285714285714,8.268571428571429,3.180522857142857,0.0104594285714285,2.591971428571429,0.0684185714285714,10.0,,,,,,,,,,,,3.083642857142857,0.04112051229559384,28.0,,,,,,,,,,,,,,,,,,,,,False,,,,2329.357405,0.5138400197029114,0.5113428545961378,"TAIHU_ML(湖区均值,无坐标)",,,,,0.0684185714285714,taihu_thqbca_v2,2.591971428571429,taihu_thqbca_v2,11.019145802650955,taihu_thqbca_v2,,,,,train
TAIHU_ST,2018-02,lake_subregion,5.141666666666667,10.701030927835054,0.08549,0.0044543333333333,0.1995966666666666,8.200000000000001,7.915814999999999,0.00996,2.0055666666666663,0.1508,10.0,,,,,,,,,,,,3.083642857142857,0.04112051229559384,28.0,,,,,,,,,,,,,,,,,,,,,False,,,,2329.357405,0.5138400197029114,0.5113428545961378,"TAIHU_ST(湖区均值,无坐标)",,,,,0.1508,taihu_thqbca_v2,2.0055666666666663,taihu_thqbca_v2,10.701030927835054,taihu_thqbca_v2,,,,,train
TAIHU_WHOLE,2018-02,lake_subregion,3.9386706349206353,10.49165439371625,0.5286174642857142,0.0199325227380952,0.4009840297619047,8.272425595238097,4.042648065621878,0.0188932077380952,2.639979345238096,0.1005100089285714,10.0,,,,,,,,,,,,3.083642857142857,0.04112051229559384,28.0,,,,,,,,,,,,,,,,,,,,,False,,,,2329.357405,0.5138400197029114,0.5113428545961378,太湖全湖(18/17点位均值),,,,,0.1005100089285714,taihu_thqbca_v2,2.639979345238096,taihu_thqbca_v2,10.49165439371625,taihu_thqbca_v2,,,,,train
TAIHU_WT,2018-02,lake_subregion,3.845833333333334,11.628865979381445,0.3309999999999999,0.0100383,0.270825,8.2725,3.5156106818181816,0.0162225,2.1351500000000003,0.1049975,10.0,,,,,,,,,,,,3.083642857142857,0.04112051229559384,28.0,,,,,,,,,,,,,,,,,,,,,False,,,,2329.357405,0.5138400197029114,0.5113428545961378,"TAIHU_WT(湖区均值,无坐标)",,,,,0.1049975,taihu_thqbca_v2,2.1351500000000003,taihu_thqbca_v2,11.628865979381445,taihu_thqbca_v2,,,,,train
TAIHU_XK,2018-02,lake_subregion,3.538333333333334,10.39175257731959,0.2200339999999999,0.0084395199999999,0.267042,8.290000000000001,4.45907290909091,0.0078964,1.86598,0.0564039999999999,10.0,,,,,,,,,,,,3.083642857142857,0.04112051229559384,28.0,,,,,,,,,,,,,,,,,,,,,False,,,,2329.357405,0.5138400197029114,0.5113428545961378,"TAIHU_XK(湖区均值,无坐标)",,,,,0.0564039999999999,taihu_thqbca_v2,1.86598,taihu_thqbca_v2,10.39175257731959,taihu_thqbca_v2,,,,,train
TAIHU_ZS,2018-02,lake_subregion,4.479166666666668,7.75257731958763,1.70675,0.07503,0.95835,8.335,2.68146,0.04645,5.4683,0.15045,10.0,,,,,,,,,,,,3.083642857142857,0.04112051229559384,28.0,,,,,,,,,,,,,,,,,,,,,False,,,,2329.357405,0.5138400197029114,0.5113428545961378,"TAIHU_ZS(湖区均值,无坐标)",,,,,0.15045,taihu_thqbca_v2,5.4683,taihu_thqbca_v2,7.75257731958763,taihu_thqbca_v2,,,,,train
NASA_POWER_120.300_31.200,2018-03,grid_point,,,,,,,,,,,,12.019301075268817,1968.48,4.381787634408602,165.8771505376344,153.42626344086023,,,,,,,3.11747311827957,0.05086159681983359,31.0,,,,,,,,,,,,,,,,,,,,,False,1.0,31.2,120.3,2329.357405,0.5138400197029114,0.5113428545961378,太湖区格点 NASA_POWER_120.300_31.200,120.3,31.2,,,,,,,,,,,,,train
NASA_POWER_120.300_31.200,2018-04,grid_point,,,,,,,,,,,,17.813305555555555,2390.61,4.452972222222222,182.46041666666667,191.2782638888889,,,,,,,3.0096666666666665,0.05212062343231495,30.0,,,,,,,,,,,,,,,,,,,,,False,1.0,31.2,120.3,2329.357405,0.5138400197029114,0.5113428545961378,太湖区格点 NASA_POWER_120.300_31.200,120.3,31.2,,,,,,,,,,,,,train
NASA_POWER_120.300_31.200,2018-05,grid_point,,,,,,,,,,,,23.405510752688173,3614.88,4.083951612903226,158.38763440860214,171.3806182795699,,,,,,,3.0574946236559137,0.0446074126847514,31.0,,,,,,,,,,,,,,,,,,,,,False,1.0,31.2,120.3,2329.357405,0.5138400197029114,0.5113428545961378,太湖区格点 NASA_POWER_120.300_31.200,120.3,31.2,,,,,,,,,,,,,train
TAIHU_CT,2018-05,lake_subregion,4.439775910364145,7.814702920443101,0.3104333333333333,0.0063616666666666,0.2717666666666666,8.25,5.145558,0.004658,2.009233333333333,0.0762866666666666,10.0,,,,,,,,,,,,3.0574946236559137,0.0446074126847514,31.0,,,,,,,,,,,,,,,,,,,,,False,,,,2329.357405,0.5138400197029114,0.5113428545961378,"TAIHU_CT(湖区均值,无坐标)",,,,,0.0762866666666666,taihu_thqbca_v2,2.009233333333333,taihu_thqbca_v2,7.814702920443101,taihu_thqbca_v2,,,,,train
TAIHU_ET,2018-05,lake_subregion,4.215686274509804,8.076535750251763,0.19362,0.016613,0.4697333333333334,8.173333333333334,8.214841999999999,0.0039363333333333,2.263033333333333,0.06751,10.0,,,,,,,,,,,,3.0574946236559137,0.0446074126847514,31.0,,,,,,,,,,,,,,,,,,,,,False,,,,2329.357405,0.5138400197029114,0.5113428545961378,"TAIHU_ET(湖区均值,无坐标)",,,,,0.06751,taihu_thqbca_v2,2.263033333333333,taihu_thqbca_v2,8.076535750251763,taihu_thqbca_v2,,,,,train
TAIHU_GH,2018-05,lake_subregion,4.943977591036416,8.096676737160122,0.1772666666666666,0.0069446666666666,0.3489666666666666,8.296666666666665,25.975596000000007,0.002856,1.9764666666666664,0.0580633333333333,10.0,,,,,,,,,,,,3.0574946236559137,0.0446074126847514,31.0,,,,,,,,,,,,,,,,,,,,,False,,,,2329.357405,0.5138400197029114,0.5113428545961378,"TAIHU_GH(湖区均值,无坐标)",,,,,0.0580633333333333,taihu_thqbca_v2,1.9764666666666664,taihu_thqbca_v2,8.096676737160122,taihu_thqbca_v2,,,,,train
TAIHU_ML,2018-05,lake_subregion,8.770223879025295,8.321156668105308,0.2417428571428571,0.0071853714285714,0.2240385714285714,8.915714285714285,50.69998714285716,0.004477,3.6344857142857134,0.1807628571428571,10.0,,,,,,,,,,,,3.0574946236559137,0.0446074126847514,31.0,,,,,,,,,,,,,,,,,,,,,False,,,,2329.357405,0.5138400197029114,0.5113428545961378,"TAIHU_ML(湖区均值,无坐标)",,,,,0.1807628571428571,taihu_thqbca_v2,3.6344857142857134,taihu_thqbca_v2,8.321156668105308,taihu_thqbca_v2,,,,,train
TAIHU_ST,2018-05,lake_subregion,4.070028011204482,8.418932527693856,0.1228833333333333,0.006932,0.4491333333333333,8.2,14.287182,0.0042093333333333,2.408933333333333,0.0756766666666666,10.0,,,,,,,,,,,,3.0574946236559137,0.0446074126847514,31.0,,,,,,,,,,,,,,,,,,,,,False,,,,2329.357405,0.5138400197029114,0.5113428545961378,"TAIHU_ST(湖区均值,无坐标)",,,,,0.0756766666666666,taihu_thqbca_v2,2.408933333333333,taihu_thqbca_v2,8.418932527693856,taihu_thqbca_v2,,,,,train
TAIHU_WHOLE,2018-05,lake_subregion,4.966883727175081,8.390094231045893,0.1978740238095238,0.018942118095238,0.4085311026785714,8.320839285714285,18.44037426785715,0.0082176520833333,2.452884672619047,0.0912045654761904,10.0,,,,,,,,,,,,3.0574946236559137,0.0446074126847514,31.0,,,,,,,,,,,,,,,,,,,,,False,,,,2329.357405,0.5138400197029114,0.5113428545961378,太湖全湖(18/17点位均值),,,,,0.0912045654761904,taihu_thqbca_v2,2.452884672619047,taihu_thqbca_v2,8.390094231045893,taihu_thqbca_v2,,,,,train
TAIHU_WT,2018-05,lake_subregion,5.224789915966387,9.85901309164149,0.22012,0.0046337999999999,0.26206025,8.25,24.95969400000001,0.00370675,2.166025,0.1047449999999999,10.0,,,,,,,,,,,,3.0574946236559137,0.0446074126847514,31.0,,,,,,,,,,,,,,,,,,,,,False,,,,2329.357405,0.5138400197029114,0.5113428545961378,"TAIHU_WT(湖区均值,无坐标)",,,,,0.1047449999999999,taihu_thqbca_v2,2.166025,taihu_thqbca_v2,9.85901309164149,taihu_thqbca_v2,,,,,train
TAIHU_XK,2018-05,lake_subregion,3.5075630252100845,6.715005035246728,0.146176,0.0048264399999999,0.3182999999999999,8.395999999999997,3.22056,0.0029128,1.6843,0.034872,10.0,,,,,,,,,,,,3.0574946236559137,0.0446074126847514,31.0,,,,,,,,,,,,,,,,,,,,,False,,,,2329.357405,0.5138400197029114,0.5113428545961378,"TAIHU_XK(湖区均值,无坐标)",,,,,0.034872,taihu_thqbca_v2,1.6843,taihu_thqbca_v2,6.715005035246728,taihu_thqbca_v2,,,,,train
TAIHU_ZS,2018-05,lake_subregion,4.563025210084033,9.818731117824774,0.1707499999999999,0.0980399999999999,0.92425,8.085,15.019575,0.038985,3.4806,0.13172,10.0,,,,,,,,,,,,3.0574946236559137,0.0446074126847514,31.0,,,,,,,,,,,,,,,,,,,,,False,,,,2329.357405,0.5138400197029114,0.5113428545961378,"TAIHU_ZS(湖区均值,无坐标)",,,,,0.13172,taihu_thqbca_v2,3.4806,taihu_thqbca_v2,9.818731117824774,taihu_thqbca_v2,,,,,train
NASA_POWER_120.300_31.200,2018-06,grid_point,,,,,,,,,,,,25.80876388888889,3222.64,3.892444444444444,151.17708333333334,204.91191666666666,,,,,,,3.1398777777777775,0.056168976270487454,30.0,,,,,,,,,,,,,,,,,,,,,False,1.0,31.2,120.3,2329.357405,0.5138400197029114,0.5113428545961378,太湖区格点 NASA_POWER_120.300_31.200,120.3,31.2,,,,,,,,,,,,,train
NASA_POWER_120.300_31.200,2018-07,grid_point,,,,,,,,,,,,29.796397849462366,4284.74,4.271491935483871,152.4641129032258,224.97805107526884,,,,,,,3.39358064516129,0.10540567022986472,31.0,,,,,,,,,,,,,,,,,,,,,False,1.0,31.2,120.3,2329.357405,0.5138400197029114,0.5113428545961378,太湖区格点 NASA_POWER_120.300_31.200,120.3,31.2,,,,,,,,,,,,,train
NASA_POWER_120.300_31.200,2018-08,grid_point,,,,,,,,,,,,29.22224462365591,6176.66,4.834959677419355,125.71236559139786,211.87193548387097,,,,,,,3.436032258064516,0.13417987802003653,31.0,,,,,,,,,,,,,,,,,,,,,False,1.0,31.2,120.3,2329.357405,0.5138400197029114,0.5113428545961378,太湖区格点 NASA_POWER_120.300_31.200,120.3,31.2,,,,,,,,,,,,,train
TAIHU_CT,2018-08,lake_subregion,3.884912280701755,5.130234091658424,0.1817,0.0034578,0.13119,8.146666666666667,4.30542,0.0145123333333333,1.239866666666667,0.10731,10.0,,,,,,,,,,,,3.436032258064516,0.13417987802003653,31.0,,,,,,,,,,,,,,,,,,,,,False,,,,2329.357405,0.5138400197029114,0.5113428545961378,"TAIHU_CT(湖区均值,无坐标)",,,,,0.10731,taihu_thqbca_v2,1.239866666666667,taihu_thqbca_v2,5.130234091658424,taihu_thqbca_v2,,,,,train
TAIHU_ET,2018-08,lake_subregion,4.165614035087721,6.4094955489614245,0.1108433333333333,0.0016456666666666,0.0931533333333333,8.683333333333334,1.87884,0.004865,1.0864666666666667,0.0679666666666666,10.0,,,,,,,,,,,,3.436032258064516,0.13417987802003653,31.0,,,,,,,,,,,,,,,,,,,,,False,,,,2329.357405,0.5138400197029114,0.5113428545961378,"TAIHU_ET(湖区均值,无坐标)",,,,,0.0679666666666666,taihu_thqbca_v2,1.0864666666666667,taihu_thqbca_v2,6.4094955489614245,taihu_thqbca_v2,,,,,train
TAIHU_GH,2018-08,lake_subregion,5.877894736842106,6.172106824925817,0.13055,0.0034706666666666,0.1030499999999999,9.003333333333334,5.277227142857143,0.0036813333333333,1.6549666666666667,0.1127666666666666,10.0,,,,,,,,,,,,3.436032258064516,0.13417987802003653,31.0,,,,,,,,,,,,,,,,,,,,,False,,,,2329.357405,0.5138400197029114,0.5113428545961378,"TAIHU_GH(湖区均值,无坐标)",,,,,0.1127666666666666,taihu_thqbca_v2,1.6549666666666667,taihu_thqbca_v2,6.172106824925817,taihu_thqbca_v2,,,,,train
TAIHU_ML,2018-08,lake_subregion,5.934436090225563,5.977108944467994,0.1512885714285714,0.06616,0.1509871428571428,8.109142857142857,13.918547571428572,0.0196442857142857,2.394314285714286,0.1848285714285714,10.0,,,,,,,,,,,,3.436032258064516,0.13417987802003653,31.0,,,,,,,,,,,,,,,,,,,,,False,,,,2329.357405,0.5138400197029114,0.5113428545961378,"TAIHU_ML(湖区均值,无坐标)",,,,,0.1848285714285714,taihu_thqbca_v2,2.394314285714286,taihu_thqbca_v2,5.977108944467994,taihu_thqbca_v2,,,,,train
TAIHU_ST,2018-08,lake_subregion,4.48,4.681833168480053,0.1668666666666666,0.003762,0.15913,8.126666666666667,7.49124,0.0046393333333333,1.3415,0.1020966666666666,10.0,,,,,,,,,,,,3.436032258064516,0.13417987802003653,31.0,,,,,,,,,,,,,,,,,,,,,False,,,,2329.357405,0.5138400197029114,0.5113428545961378,"TAIHU_ST(湖区均值,无坐标)",,,,,0.1020966666666666,taihu_thqbca_v2,1.3415,taihu_thqbca_v2,4.681833168480053,taihu_thqbca_v2,,,,,train
TAIHU_WHOLE,2018-08,lake_subregion,5.022383458646616,5.264571852479865,0.1656418214285714,0.0473362041666666,0.2298905595238095,8.350142857142856,7.462077428571427,0.0243422607142857,1.8397036607142856,0.1312363839285714,10.0,,,,,,,,,,,,3.436032258064516,0.13417987802003653,31.0,,,,,,,,,,,,,,,,,,,,,False,,,,2329.357405,0.5138400197029114,0.5113428545961378,太湖全湖(18/17点位均值),,,,,0.1312363839285714,taihu_thqbca_v2,1.8397036607142856,taihu_thqbca_v2,5.264571852479865,taihu_thqbca_v2,,,,,train
TAIHU_WT,2018-08,lake_subregion,5.555789473684211,3.7636003956478734,0.3522499999999999,0.0596215,0.3529,8.08,5.821450714285714,0.0739249999999999,2.435875,0.2147325,10.0,,,,,,,,,,,,3.436032258064516,0.13417987802003653,31.0,,,,,,,,,,,,,,,,,,,,,False,,,,2329.357405,0.5138400197029114,0.5113428545961378,"TAIHU_WT(湖区均值,无坐标)",,,,,0.2147325,taihu_thqbca_v2,2.435875,taihu_thqbca_v2,3.7636003956478734,taihu_thqbca_v2,,,,,train
TAIHU_XK,2018-08,lake_subregion,3.6025263157894742,4.601384767556874,0.094886,0.000832,0.092114,8.572,0.909549,0.0031507999999999,0.8849400000000001,0.05314,10.0,,,,,,,,,,,,3.436032258064516,0.13417987802003653,31.0,,,,,,,,,,,,,,,,,,,,,False,,,,2329.357405,0.5138400197029114,0.5113428545961378,"TAIHU_XK(湖区均值,无坐标)",,,,,0.05314,taihu_thqbca_v2,0.8849400000000001,taihu_thqbca_v2,4.601384767556874,taihu_thqbca_v2,,,,,train
TAIHU_ZS,2018-08,lake_subregion,6.677894736842106,5.380811078140456,0.1367499999999999,0.23974,0.7565999999999999,8.079999999999998,20.094345,0.07032,3.6797,0.20705,10.0,,,,,,,,,,,,3.436032258064516,0.13417987802003653,31.0,,,,,,,,,,,,,,,,,,,,,False,,,,2329.357405,0.5138400197029114,0.5113428545961378,"TAIHU_ZS(湖区均值,无坐标)",,,,,0.20705,taihu_thqbca_v2,3.6797,taihu_thqbca_v2,5.380811078140456,taihu_thqbca_v2,,,,,train
NASA_POWER_120.300_31.200,2018-09,grid_point,,,,,,,,,,,,25.20415277777778,3762.55,3.442263888888889,130.43861111111113,169.78827777777778,,,,,,,3.443188888888889,0.05198649127018409,30.0,,,,,,,,,,,,,,,,,,,,,False,1.0,31.2,120.3,2329.357405,0.5138400197029114,0.5113428545961378,太湖区格点 NASA_POWER_120.300_31.200,120.3,31.2,,,,,,,,,,,,,train
NASA_POWER_120.300_31.200,2018-10,grid_point,,,,,,,,,,,,17.883978494623655,690.2,3.885900537634409,137.61491935483872,156.78514784946236,,,,,,,3.1950967741935483,0.09035006788611243,31.0,,,,,,,,,,,,,,,,,,,,,False,1.0,31.2,120.3,2329.357405,0.5138400197029114,0.5113428545961378,太湖区格点 NASA_POWER_120.300_31.200,120.3,31.2,,,,,,,,,,,,,train
NASA_POWER_120.300_31.200,2018-11,grid_point,,,,,,,,,,,,13.364888888888888,2556.48,3.7234305555555554,157.88944444444445,93.59020833333332,,,,,,,3.0937666666666663,0.04525196805694568,30.0,,,,,,,,,,,,,,,,,,,,,False,1.0,31.2,120.3,2329.357405,0.5138400197029114,0.5113428545961378,太湖区格点 NASA_POWER_120.300_31.200,120.3,31.2,,,,,,,,,,,,,train
TAIHU_CT,2018-11,lake_subregion,4.63756063756064,8.710509348807221,0.10945,0.0039494,0.0977566666666666,8.273333333333333,5.368999333333332,0.0226873333333333,1.4303,0.1424,10.0,,,,,,,,,,,,3.0937666666666663,0.04525196805694568,30.0,,,,,,,,,,,,,,,,,,,,,False,,,,2329.357405,0.5138400197029114,0.5113428545961378,"TAIHU_CT(湖区均值,无坐标)",,,,,0.1424,taihu_thqbca_v2,1.4303,taihu_thqbca_v2,8.710509348807221,taihu_thqbca_v2,,,,,train
TAIHU_ET,2018-11,lake_subregion,3.661815661815663,7.988394584139264,0.1247033333333333,0.0034885333333333,0.0876626666666666,8.28,3.5368073333333343,0.0046983333333333,1.0598333333333334,0.06887,10.0,,,,,,,,,,,,3.0937666666666663,0.04525196805694568,30.0,,,,,,,,,,,,,,,,,,,,,False,,,,2329.357405,0.5138400197029114,0.5113428545961378,"TAIHU_ET(湖区均值,无坐标)",,,,,0.06887,taihu_thqbca_v2,1.0598333333333334,taihu_thqbca_v2,7.988394584139264,taihu_thqbca_v2,,,,,train
TAIHU_GH,2018-11,lake_subregion,3.988911988911989,6.653771760154739,0.0760433333333333,0.0049474666666666,0.1532466666666666,8.263333333333334,2.312281,0.0045663333333333,1.3107666666666666,0.07672,10.0,,,,,,,,,,,,3.0937666666666663,0.04525196805694568,30.0,,,,,,,,,,,,,,,,,,,,,False,,,,2329.357405,0.5138400197029114,0.5113428545961378,"TAIHU_GH(湖区均值,无坐标)",,,,,0.07672,taihu_thqbca_v2,1.3107666666666666,taihu_thqbca_v2,6.653771760154739,taihu_thqbca_v2,,,,,train
TAIHU_ML,2018-11,lake_subregion,5.272349272349274,7.46615087040619,0.091546,0.0103324571428571,0.0830998571428571,8.201428571428572,9.700966857142856,0.0141311428571428,1.8479285714285716,0.1675714285714285,10.0,,,,,,,,,,,,3.0937666666666663,0.04525196805694568,30.0,,,,,,,,,,,,,,,,,,,,,False,,,,2329.357405,0.5138400197029114,0.5113428545961378,"TAIHU_ML(湖区均值,无坐标)",,,,,0.1675714285714285,taihu_thqbca_v2,1.8479285714285716,taihu_thqbca_v2,7.46615087040619,taihu_thqbca_v2,,,,,train
TAIHU_ST,2018-11,lake_subregion,5.075537075537077,7.743391360412637,0.1329133333333333,0.0036723333333333,0.0777083333333333,8.26,18.006546666666665,0.00528,1.6773333333333331,0.1324333333333333,10.0,,,,,,,,,,,,3.0937666666666663,0.04525196805694568,30.0,,,,,,,,,,,,,,,,,,,,,False,,,,2329.357405,0.5138400197029114,0.5113428545961378,"TAIHU_ST(湖区均值,无坐标)",,,,,0.1324333333333333,taihu_thqbca_v2,1.6773333333333331,taihu_thqbca_v2,7.743391360412637,taihu_thqbca_v2,,,,,train
TAIHU_WHOLE,2018-11,lake_subregion,4.327546777546779,7.448057704706642,0.163224,0.0218505651220238,0.2009458863095238,8.262199404761905,6.699149292559524,0.0161636428571428,1.6902596130952383,0.1135154702380952,10.0,,,,,,,,,,,,3.0937666666666663,0.04525196805694568,30.0,,,,,,,,,,,,,,,,,,,,,False,,,,2329.357405,0.5138400197029114,0.5113428545961378,太湖全湖(18/17点位均值),,,,,0.1135154702380952,taihu_thqbca_v2,1.6902596130952383,taihu_thqbca_v2,7.448057704706642,taihu_thqbca_v2,,,,,train
TAIHU_WT,2018-11,lake_subregion,5.03950103950104,7.819148936170212,0.1112375,0.0038672505,0.1295575,8.3225,10.78139675,0.0263739999999999,1.710925,0.165925,10.0,,,,,,,,,,,,3.0937666666666663,0.04525196805694568,30.0,,,,,,,,,,,,,,,,,,,,,False,,,,2329.357405,0.5138400197029114,0.5113428545961378,"TAIHU_WT(湖区均值,无坐标)",,,,,0.165925,taihu_thqbca_v2,1.710925,taihu_thqbca_v2,7.819148936170212,taihu_thqbca_v2,,,,,train
TAIHU_XK,2018-11,lake_subregion,3.098544698544699,7.787234042553193,0.14294,0.00270208,0.0857154,8.252,2.7123044,0.003388,0.83754,0.044404,10.0,,,,,,,,,,,,3.0937666666666663,0.04525196805694568,30.0,,,,,,,,,,,,,,,,,,,,,False,,,,2329.357405,0.5138400197029114,0.5113428545961378,"TAIHU_XK(湖区均值,无坐标)",,,,,0.044404,taihu_thqbca_v2,0.83754,taihu_thqbca_v2,7.787234042553193,taihu_thqbca_v2,,,,,train
TAIHU_ZS,2018-11,lake_subregion,3.846153846153848,5.415860735009671,0.5169585,0.141845,0.89282,8.245,1.1738920000000002,0.048184,3.64745,0.1098,10.0,,,,,,,,,,,,3.0937666666666663,0.04525196805694568,30.0,,,,,,,,,,,,,,,,,,,,,False,,,,2329.357405,0.5138400197029114,0.5113428545961378,"TAIHU_ZS(湖区均值,无坐标)",,,,,0.1098,taihu_thqbca_v2,3.64745,taihu_thqbca_v2,5.415860735009671,taihu_thqbca_v2,,,,,train
NASA_POWER_120.300_31.200,2018-12,grid_point,,,,,,,,,,,,6.252634408602151,3254.45,4.507271505376344,140.29139784946236,66.6221370967742,,,,,,,3.2864731182795697,0.09457024722761917,31.0,,,,,,,,,,,,,,,,,,,,,False,1.0,31.2,120.3,2329.357405,0.5138400197029114,0.5113428545961378,太湖区格点 NASA_POWER_120.300_31.200,120.3,31.2,,,,,,,,,,,,,train
NASA_POWER_120.300_31.200,2019-01,grid_point,,,,,,,,,,,,4.498306451612903,1743.3,3.43122311827957,147.63440860215053,77.6475,,,,,,,3.2908817204301073,0.04881131838894898,31.0,,,,,,,,,,,,,,,,,,,,,False,1.0,31.2,120.3,2329.357405,0.5138400197029114,0.5113428545961378,太湖区格点 NASA_POWER_120.300_31.200,120.3,31.2,,,,,,,,,,,,,train
NASA_POWER_120.300_31.200,2019-02,grid_point,,,,,,,,,,,,4.994613095238096,3975.52,3.9290624999999997,115.66190476190476,78.80808035714286,,,,,,,3.2855,0.15041453009665479,28.0,,,,,,,,,,,,,,,,,,,,,False,1.0,31.2,120.3,2329.357405,0.5138400197029114,0.5113428545961378,太湖区格点 NASA_POWER_120.300_31.200,120.3,31.2,,,,,,,,,,,,,train
TAIHU_CT,2019-02,lake_subregion,3.85663082437276,11.626898047722342,0.4033900000000001,0.0207956666666666,0.6275366666666667,8.186666666666667,1.3160680000000002,0.0259029999999999,3.191266666666667,0.1071033333333333,10.0,,,,,,,,,,,,3.2855,0.15041453009665479,28.0,,,,,,,,,,,,,,,,,,,,,False,,,,2329.357405,0.5138400197029114,0.5113428545961378,"TAIHU_CT(湖区均值,无坐标)",,,,,0.1071033333333333,taihu_thqbca_v2,3.191266666666667,taihu_thqbca_v2,11.626898047722342,taihu_thqbca_v2,,,,,train
TAIHU_ET,2019-02,lake_subregion,3.501075268817203,11.489515545914678,0.14807,0.0031564,0.1802,8.116666666666665,1.6191760000000002,0.005929,1.3918333333333333,0.0610133333333333,10.0,,,,,,,,,,,,3.2855,0.15041453009665479,28.0,,,,,,,,,,,,,,,,,,,,,False,,,,2329.357405,0.5138400197029114,0.5113428545961378,"TAIHU_ET(湖区均值,无坐标)",,,,,0.0610133333333333,taihu_thqbca_v2,1.3918333333333333,taihu_thqbca_v2,11.489515545914678,taihu_thqbca_v2,,,,,train
TAIHU_GH,2019-02,lake_subregion,3.7247311827956975,11.511207519884309,0.078179,0.02441,0.60397,8.153333333333334,4.475796,0.0047286666666666,2.5249333333333333,0.0763733333333333,10.0,,,,,,,,,,,,3.2855,0.15041453009665479,28.0,,,,,,,,,,,,,,,,,,,,,False,,,,2329.357405,0.5138400197029114,0.5113428545961378,"TAIHU_GH(湖区均值,无坐标)",,,,,0.0763733333333333,taihu_thqbca_v2,2.5249333333333333,taihu_thqbca_v2,11.511207519884309,taihu_thqbca_v2,,,,,train
TAIHU_ML,2019-02,lake_subregion,3.5416282642089087,11.369693213511,0.0570111428571428,0.0248414285714285,0.6834985714285714,8.13142857142857,2.5917394285714286,0.0031225714285714,2.423442857142857,0.0610871428571428,10.0,,,,,,,,,,,,3.2855,0.15041453009665479,28.0,,,,,,,,,,,,,,,,,,,,,False,,,,2329.357405,0.5138400197029114,0.5113428545961378,"TAIHU_ML(湖区均值,无坐标)",,,,,0.0610871428571428,taihu_thqbca_v2,2.423442857142857,taihu_thqbca_v2,11.369693213511,taihu_thqbca_v2,,,,,train
TAIHU_ST,2019-02,lake_subregion,3.492473118279569,11.453362255965294,0.2946166666666667,0.013457,0.88657,8.1,0.856596,0.0151706666666666,2.769133333333333,0.0934333333333333,10.0,,,,,,,,,,,,3.2855,0.15041453009665479,28.0,,,,,,,,,,,,,,,,,,,,,False,,,,2329.357405,0.5138400197029114,0.5113428545961378,"TAIHU_ST(湖区均值,无坐标)",,,,,0.0934333333333333,taihu_thqbca_v2,2.769133333333333,taihu_thqbca_v2,11.453362255965294,taihu_thqbca_v2,,,,,train
TAIHU_WHOLE,2019-02,lake_subregion,3.7183307731694826,11.226752143373616,0.3335179761904762,0.0216473044047619,0.6471859047619047,8.145511904761904,1.8078446285714287,0.024006919345238,2.780718065476191,0.0946398720238095,10.0,,,,,,,,,,,,3.2855,0.15041453009665479,28.0,,,,,,,,,,,,,,,,,,,,,False,,,,2329.357405,0.5138400197029114,0.5113428545961378,太湖全湖(18/17点位均值),,,,,0.0946398720238095,taihu_thqbca_v2,2.780718065476191,taihu_thqbca_v2,11.226752143373616,taihu_thqbca_v2,,,,,train
TAIHU_WT,2019-02,lake_subregion,4.13763440860215,11.01409978308026,0.441365,0.0234784999999999,0.73772,8.190000000000001,1.2139140000000002,0.0298252499999999,3.603475,0.1245725,10.0,,,,,,,,,,,,3.2855,0.15041453009665479,28.0,,,,,,,,,,,,,,,,,,,,,False,,,,2329.357405,0.5138400197029114,0.5113428545961378,"TAIHU_WT(湖区均值,无坐标)",,,,,0.1245725,taihu_thqbca_v2,3.603475,taihu_thqbca_v2,11.01409978308026,taihu_thqbca_v2,,,,,train
TAIHU_XK,2019-02,lake_subregion,3.4494623655913976,11.436008676789587,0.158712,0.0034244399999999,0.156172,8.106,1.5600936,0.0048442,1.24556,0.051836,10.0,,,,,,,,,,,,3.2855,0.15041453009665479,28.0,,,,,,,,,,,,,,,,,,,,,False,,,,2329.357405,0.5138400197029114,0.5113428545961378,"TAIHU_XK(湖区均值,无坐标)",,,,,0.051836,taihu_thqbca_v2,1.24556,taihu_thqbca_v2,11.436008676789587,taihu_thqbca_v2,,,,,train
TAIHU_ZS,2019-02,lake_subregion,4.043010752688171,9.913232104121471,1.0868,0.059615,1.30182,8.18,0.8293740000000001,0.102532,5.0961,0.1817,10.0,,,,,,,,,,,,3.2855,0.15041453009665479,28.0,,,,,,,,,,,,,,,,,,,,,False,,,,2329.357405,0.5138400197029114,0.5113428545961378,"TAIHU_ZS(湖区均值,无坐标)",,,,,0.1817,taihu_thqbca_v2,5.0961,taihu_thqbca_v2,9.913232104121471,taihu_thqbca_v2,,,,,train
NASA_POWER_120.300_31.200,2019-03,grid_point,,,,,,,,,,,,11.20483870967742,1686.52,4.126935483870968,159.67486559139786,151.30004032258063,,,,,,,3.2837526881720427,0.12947606579172527,31.0,,,,,,,,,,,,,,,,,,,,,False,1.0,31.2,120.3,2329.357405,0.5138400197029114,0.5113428545961378,太湖区格点 NASA_POWER_120.300_31.200,120.3,31.2,,,,,,,,,,,,,train
NASA_POWER_120.300_31.200,2019-04,grid_point,,,,,,,,,,,,17.35165277777778,1924.14,3.8967083333333337,157.1211111111111,161.06230555555555,,,,,,,3.044277777777778,0.04649089090800694,30.0,,,,,,,,,,,,,,,,,,,,,False,1.0,31.2,120.3,2329.357405,0.5138400197029114,0.5113428545961378,太湖区格点 NASA_POWER_120.300_31.200,120.3,31.2,,,,,,,,,,,,,train
NASA_POWER_120.300_31.200,2019-05,grid_point,,,,,,,,,,,,21.40760752688172,1905.86,4.007043010752688,157.84233870967742,212.61639784946237,,,,,,,2.9831182795698923,0.05127193647146616,31.0,,,,,,,,,,,,,,,,,,,,,False,1.0,31.2,120.3,2329.357405,0.5138400197029114,0.5113428545961378,太湖区格点 NASA_POWER_120.300_31.200,120.3,31.2,,,,,,,,,,,,,train
TAIHU_CT,2019-05,lake_subregion,4.866289243919288,8.459214501510575,0.061658,0.0030614,0.17461,8.336666666666668,0.786864,0.0027699999999999,1.8231666666666664,0.0861499999999999,10.0,,,,,,,,,,,,2.9831182795698923,0.05127193647146616,31.0,,,,,,,,,,,,,,,,,,,,,False,,,,2329.357405,0.5138400197029114,0.5113428545961378,"TAIHU_CT(湖区均值,无坐标)",,,,,0.0861499999999999,taihu_thqbca_v2,1.8231666666666664,taihu_thqbca_v2,8.459214501510575,taihu_thqbca_v2,,,,,train
TAIHU_ET,2019-05,lake_subregion,4.113971850326123,7.734138972809667,0.0694876666666666,0.0026109333333333,0.1119,8.22,2.6080080000000003,0.0021799999999999,1.5867666666666669,0.07366,10.0,,,,,,,,,,,,2.9831182795698923,0.05127193647146616,31.0,,,,,,,,,,,,,,,,,,,,,False,,,,2329.357405,0.5138400197029114,0.5113428545961378,"TAIHU_ET(湖区均值,无坐标)",,,,,0.07366,taihu_thqbca_v2,1.5867666666666669,taihu_thqbca_v2,7.734138972809667,taihu_thqbca_v2,,,,,train
TAIHU_GH,2019-05,lake_subregion,9.68074150360453,9.264853977844917,0.0551783333333333,0.0008196666666666,0.0852299999999999,8.423333333333332,9.558016,0.0028299999999999,3.3624,0.1455333333333333,10.0,,,,,,,,,,,,2.9831182795698923,0.05127193647146616,31.0,,,,,,,,,,,,,,,,,,,,,False,,,,2329.357405,0.5138400197029114,0.5113428545961378,"TAIHU_GH(湖区均值,无坐标)",,,,,0.1455333333333333,taihu_thqbca_v2,3.3624,taihu_thqbca_v2,9.264853977844917,taihu_thqbca_v2,,,,,train
TAIHU_ML,2019-05,lake_subregion,6.106784441356497,9.238958423248452,0.0623578571428571,0.0028631714285714,0.0921838571428571,8.319999999999999,4.158536571428571,0.0029071428571428,1.6235,0.1014571428571428,10.0,,,,,,,,,,,,2.9831182795698923,0.05127193647146616,31.0,,,,,,,,,,,,,,,,,,,,,False,,,,2329.357405,0.5138400197029114,0.5113428545961378,"TAIHU_ML(湖区均值,无坐标)",,,,,0.1014571428571428,taihu_thqbca_v2,1.6235,taihu_thqbca_v2,9.238958423248452,taihu_thqbca_v2,,,,,train
TAIHU_ST,2019-05,lake_subregion,4.039821489872982,8.076535750251763,0.1009196666666666,0.0032577333333333,0.1764366666666666,8.353333333333333,1.064336,0.0028399999999999,1.9472,0.06327,10.0,,,,,,,,,,,,2.9831182795698923,0.05127193647146616,31.0,,,,,,,,,,,,,,,,,,,,,False,,,,2329.357405,0.5138400197029114,0.5113428545961378,"TAIHU_ST(湖区均值,无坐标)",,,,,0.06327,taihu_thqbca_v2,1.9472,taihu_thqbca_v2,8.076535750251763,taihu_thqbca_v2,,,,,train
TAIHU_WHOLE,2019-05,lake_subregion,5.254758239193349,8.389008775715723,0.0798831704761904,0.008991093095238,0.2047888154761904,8.346666666666666,3.586241796428571,0.0077169553571428,2.1488072916666665,0.0997616220238095,10.0,,,,,,,,,,,,2.9831182795698923,0.05127193647146616,31.0,,,,,,,,,,,,,,,,,,,,,False,,,,2329.357405,0.5138400197029114,0.5113428545961378,太湖全湖(18/17点位均值),,,,,0.0997616220238095,taihu_thqbca_v2,2.1488072916666665,taihu_thqbca_v2,8.389008775715723,taihu_thqbca_v2,,,,,train
TAIHU_WT,2019-05,lake_subregion,5.646523295898888,9.20443101711984,0.10301484,0.0027376,0.1436899999999999,8.43,3.3830862,0.0038225,2.409125,0.1258025,10.0,,,,,,,,,,,,2.9831182795698923,0.05127193647146616,31.0,,,,,,,,,,,,,,,,,,,,,False,,,,2329.357405,0.5138400197029114,0.5113428545961378,"TAIHU_WT(湖区均值,无坐标)",,,,,0.1258025,taihu_thqbca_v2,2.409125,taihu_thqbca_v2,9.20443101711984,taihu_thqbca_v2,,,,,train
TAIHU_XK,2019-05,lake_subregion,3.2461380020597312,7.983887210473313,0.061474,0.0049532399999999,0.21362,8.34,1.0819847999999996,0.0027059999999999,1.4025999999999998,0.0460199999999999,10.0,,,,,,,,,,,,2.9831182795698923,0.05127193647146616,31.0,,,,,,,,,,,,,,,,,,,,,False,,,,2329.357405,0.5138400197029114,0.5113428545961378,"TAIHU_XK(湖区均值,无坐标)",,,,,0.0460199999999999,taihu_thqbca_v2,1.4025999999999998,taihu_thqbca_v2,7.983887210473313,taihu_thqbca_v2,,,,,train
TAIHU_ZS,2019-05,lake_subregion,4.337796086508753,7.150050352467272,0.124975,0.051625,0.64064,8.35,6.049102799999997,0.0416799999999999,3.0357000000000003,0.1562,10.0,,,,,,,,,,,,2.9831182795698923,0.05127193647146616,31.0,,,,,,,,,,,,,,,,,,,,,False,,,,2329.357405,0.5138400197029114,0.5113428545961378,"TAIHU_ZS(湖区均值,无坐标)",,,,,0.1562,taihu_thqbca_v2,3.0357000000000003,taihu_thqbca_v2,7.150050352467272,taihu_thqbca_v2,,,,,train
NASA_POWER_120.300_31.200,2019-06,grid_point,,,,,,,,,,,,25.402333333333335,3674.4900000000002,3.8783749999999997,138.89236111111111,190.07909722222223,,,,,,,3.1081999999999996,0.15704689979631037,30.0,,,,,,,,,,,,,,,,,,,,,False,1.0,31.2,120.3,2329.357405,0.5138400197029114,0.5113428545961378,太湖区格点 NASA_POWER_120.300_31.200,120.3,31.2,,,,,,,,,,,,,train
NASA_POWER_120.300_31.200,2019-07,grid_point,,,,,,,,,,,,27.86970430107527,4690.3,3.511706989247312,150.66532258064515,198.1290053763441,,,,,,,3.490494623655914,0.09133563950728925,31.0,,,,,,,,,,,,,,,,,,,,,False,1.0,31.2,120.3,2329.357405,0.5138400197029114,0.5113428545961378,太湖区格点 NASA_POWER_120.300_31.200,120.3,31.2,,,,,,,,,,,,,train
NASA_POWER_120.300_31.200,2019-08,grid_point,,,,,,,,,,,,28.735094086021505,6420.24,4.421827956989247,145.52889784946237,206.83282258064514,,,,,,,3.4738709677419353,0.14818708589255863,31.0,,,,,,,,,,,,,,,,,,,,,False,1.0,31.2,120.3,2329.357405,0.5138400197029114,0.5113428545961378,太湖区格点 NASA_POWER_120.300_31.200,120.3,31.2,,,,,,,,,,,,,train
TAIHU_CT,2019-08,lake_subregion,5.660034904013959,6.838283828382839,0.1947333333333333,0.0199924666666666,0.0819786666666666,8.306666666666667,1.2166336,0.0070666666666666,1.9170333333333331,0.1608666666666666,10.0,,,,,,,,,,,,3.4738709677419353,0.14818708589255863,31.0,,,,,,,,,,,,,,,,,,,,,False,,,,2329.357405,0.5138400197029114,0.5113428545961378,"TAIHU_CT(湖区均值,无坐标)",,,,,0.1608666666666666,taihu_thqbca_v2,1.9170333333333331,taihu_thqbca_v2,6.838283828382839,taihu_thqbca_v2,,,,,train
TAIHU_ET,2019-08,lake_subregion,4.196858638743454,6.884488448844884,0.2725,0.02312,0.1185966666666666,8.143333333333333,1.0591672,0.0064766666666666,1.5476,0.1212666666666666,10.0,,,,,,,,,,,,3.4738709677419353,0.14818708589255863,31.0,,,,,,,,,,,,,,,,,,,,,False,,,,2329.357405,0.5138400197029114,0.5113428545961378,"TAIHU_ET(湖区均值,无坐标)",,,,,0.1212666666666666,taihu_thqbca_v2,1.5476,taihu_thqbca_v2,6.884488448844884,taihu_thqbca_v2,,,,,train
TAIHU_GH,2019-08,lake_subregion,5.009424083769633,5.986798679867987,0.2559,0.0410483333333333,0.09332,8.319999999999999,1.0153416000000002,0.0212466666666666,1.6767333333333332,0.1484666666666666,10.0,,,,,,,,,,,,3.4738709677419353,0.14818708589255863,31.0,,,,,,,,,,,,,,,,,,,,,False,,,,2329.357405,0.5138400197029114,0.5113428545961378,"TAIHU_GH(湖区均值,无坐标)",,,,,0.1484666666666666,taihu_thqbca_v2,1.6767333333333332,taihu_thqbca_v2,5.986798679867987,taihu_thqbca_v2,,,,,train
TAIHU_ML,2019-08,lake_subregion,7.820493642483171,5.691654879773693,0.3094142857142857,0.2742557142857143,0.24632,8.112857142857141,1.7253778285714287,0.0206957142857142,2.596285714285714,0.2376,10.0,,,,,,,,,,,,3.4738709677419353,0.14818708589255863,31.0,,,,,,,,,,,,,,,,,,,,,False,,,,2329.357405,0.5138400197029114,0.5113428545961378,"TAIHU_ML(湖区均值,无坐标)",,,,,0.2376,taihu_thqbca_v2,2.596285714285714,taihu_thqbca_v2,5.691654879773693,taihu_thqbca_v2,,,,,train
TAIHU_ST,2019-08,lake_subregion,4.674345549738219,7.075907590759076,0.2359666666666666,0.0877066666666666,0.6557000000000001,8.280000000000001,1.8401968000000004,0.0081033333333333,3.131,0.1906,10.0,,,,,,,,,,,,3.4738709677419353,0.14818708589255863,31.0,,,,,,,,,,,,,,,,,,,,,False,,,,2329.357405,0.5138400197029114,0.5113428545961378,"TAIHU_ST(湖区均值,无坐标)",,,,,0.1906,taihu_thqbca_v2,3.131,taihu_thqbca_v2,7.075907590759076,taihu_thqbca_v2,,,,,train
TAIHU_WHOLE,2019-08,lake_subregion,5.259202193966591,6.721522866572371,0.2288514107142857,0.1138614476190476,0.2414278260416667,8.273044642857142,1.6500651235714283,0.0225284434523809,2.172762172619048,0.175448,10.0,,,,,,,,,,,,3.4738709677419353,0.14818708589255863,31.0,,,,,,,,,,,,,,,,,,,,,False,,,,2329.357405,0.5138400197029114,0.5113428545961378,太湖全湖(18/17点位均值),,,,,0.175448,taihu_thqbca_v2,2.172762172619048,taihu_thqbca_v2,6.721522866572371,taihu_thqbca_v2,,,,,train
TAIHU_WT,2019-08,lake_subregion,5.750785340314136,6.702970297029703,0.166195,0.0685297999999999,0.1221998749999999,8.5075,1.9953648,0.0414075,2.199075,0.2054,10.0,,,,,,,,,,,,3.4738709677419353,0.14818708589255863,31.0,,,,,,,,,,,,,,,,,,,,,False,,,,2329.357405,0.5138400197029114,0.5113428545961378,"TAIHU_WT(湖区均值,无坐标)",,,,,0.2054,taihu_thqbca_v2,2.199075,taihu_thqbca_v2,6.702970297029703,taihu_thqbca_v2,,,,,train
TAIHU_XK,2019-08,lake_subregion,3.801465968586386,8.344554455445545,0.184652,0.0060686,0.1045874,8.363999999999999,0.90594816,0.0036859999999999,1.22122,0.0842839999999999,10.0,,,,,,,,,,,,3.4738709677419353,0.14818708589255863,31.0,,,,,,,,,,,,,,,,,,,,,False,,,,2329.357405,0.5138400197029114,0.5113428545961378,"TAIHU_XK(湖区均值,无坐标)",,,,,0.0842839999999999,taihu_thqbca_v2,1.22122,taihu_thqbca_v2,8.344554455445545,taihu_thqbca_v2,,,,,train
TAIHU_ZS,2019-08,lake_subregion,5.160209424083767,6.247524752475248,0.21145,0.39017,0.5087200000000001,8.15,3.442491,0.071545,3.09315,0.2551,10.0,,,,,,,,,,,,3.4738709677419353,0.14818708589255863,31.0,,,,,,,,,,,,,,,,,,,,,False,,,,2329.357405,0.5138400197029114,0.5113428545961378,"TAIHU_ZS(湖区均值,无坐标)",,,,,0.2551,taihu_thqbca_v2,3.09315,taihu_thqbca_v2,6.247524752475248,taihu_thqbca_v2,,,,,train
NASA_POWER_120.300_31.200,2019-09,grid_point,,,,,,,,,,,,24.354541666666666,3073.9,3.690291666666667,92.17333333333333,182.7194166666667,,,,,,,3.4633666666666665,0.17812639943659475,30.0,,,,,,,,,,,,,,,,,,,,,False,1.0,31.2,120.3,2329.357405,0.5138400197029114,0.5113428545961378,太湖区格点 NASA_POWER_120.300_31.200,120.3,31.2,,,,,,,,,,,,,train
NASA_POWER_120.300_31.200,2019-10,grid_point,,,,,,,,,,,,19.58502688172043,1323.59,3.4667204301075265,123.5236559139785,128.883938172043,,,,,,,3.082537634408602,0.07514857764206093,31.0,,,,,,,,,,,,,,,,,,,,,False,1.0,31.2,120.3,2329.357405,0.5138400197029114,0.5113428545961378,太湖区格点 NASA_POWER_120.300_31.200,120.3,31.2,,,,,,,,,,,,,train
NASA_POWER_120.300_31.200,2019-11,grid_point,,,,,,,,,,,,13.383236111111112,1332.77,3.999986111111111,130.27305555555557,113.68479166666667,,,,,,,2.9315555555555552,0.051534189323408926,30.0,,,,,,,,,,,,,,,,,,,,,False,1.0,31.2,120.3,2329.357405,0.5138400197029114,0.5113428545961378,太湖区格点 NASA_POWER_120.300_31.200,120.3,31.2,,,,,,,,,,,,,train
TAIHU_CT,2019-11,lake_subregion,4.65826330532213,7.826666666666667,0.1784866666666666,0.0025482,0.05023,8.31,0.6518824000000001,0.02754,1.1618000000000002,0.1049966666666666,10.0,,,,,,,,,,,,2.9315555555555552,0.051534189323408926,30.0,,,,,,,,,,,,,,,,,,,,,False,,,,2329.357405,0.5138400197029114,0.5113428545961378,"TAIHU_CT(湖区均值,无坐标)",,,,,0.1049966666666666,taihu_thqbca_v2,1.1618000000000002,taihu_thqbca_v2,7.826666666666667,taihu_thqbca_v2,,,,,train
TAIHU_ET,2019-11,lake_subregion,3.495798319327732,8.9,0.1877799999999999,0.0030669333333333,0.057017,8.206666666666669,0.4163951999999999,0.0071433333333333,0.8262,0.0483366666666666,10.0,,,,,,,,,,,,2.9315555555555552,0.051534189323408926,30.0,,,,,,,,,,,,,,,,,,,,,False,,,,2329.357405,0.5138400197029114,0.5113428545961378,"TAIHU_ET(湖区均值,无坐标)",,,,,0.0483366666666666,taihu_thqbca_v2,0.8262,taihu_thqbca_v2,8.9,taihu_thqbca_v2,,,,,train
TAIHU_GH,2019-11,lake_subregion,4.549019607843138,9.006666666666666,0.13504,0.0083265333333333,0.1961699999999999,8.463333333333333,6.2774816,0.0140866666666666,1.469666666666667,0.09548,10.0,,,,,,,,,,,,2.9315555555555552,0.051534189323408926,30.0,,,,,,,,,,,,,,,,,,,,,False,,,,2329.357405,0.5138400197029114,0.5113428545961378,"TAIHU_GH(湖区均值,无坐标)",,,,,0.09548,taihu_thqbca_v2,1.469666666666667,taihu_thqbca_v2,9.006666666666666,taihu_thqbca_v2,,,,,train
TAIHU_ML,2019-11,lake_subregion,7.078031212484993,9.171428571428567,0.1413257142857142,0.0027289714285714,0.0613785714285714,8.528571428571428,3.3237137142857143,0.0339814285714285,2.3429857142857142,0.2287999999999999,10.0,,,,,,,,,,,,2.9315555555555552,0.051534189323408926,30.0,,,,,,,,,,,,,,,,,,,,,False,,,,2329.357405,0.5138400197029114,0.5113428545961378,"TAIHU_ML(湖区均值,无坐标)",,,,,0.2287999999999999,taihu_thqbca_v2,2.3429857142857142,taihu_thqbca_v2,9.171428571428567,taihu_thqbca_v2,,,,,train
TAIHU_ST,2019-11,lake_subregion,4.809523809523811,9.093333333333334,0.1993333333333333,0.0027197333333333,0.0419466666666666,8.26,2.4670152,0.0108066666666666,1.3734666666666666,0.1044033333333333,10.0,,,,,,,,,,,,2.9315555555555552,0.051534189323408926,30.0,,,,,,,,,,,,,,,,,,,,,False,,,,2329.357405,0.5138400197029114,0.5113428545961378,"TAIHU_ST(湖区均值,无坐标)",,,,,0.1044033333333333,taihu_thqbca_v2,1.3734666666666666,taihu_thqbca_v2,9.093333333333334,taihu_thqbca_v2,,,,,train
TAIHU_WHOLE,2019-11,lake_subregion,4.438587935174071,8.738636904761904,0.1549929642857142,0.0064724526785714,0.1967131235119047,8.311321428571429,2.0360345292857143,0.0262578244047619,1.493939880952381,0.1082657708333333,10.0,,,,,,,,,,,,2.9315555555555552,0.051534189323408926,30.0,,,,,,,,,,,,,,,,,,,,,False,,,,2329.357405,0.5138400197029114,0.5113428545961378,太湖全湖(18/17点位均值),,,,,0.1082657708333333,taihu_thqbca_v2,1.493939880952381,taihu_thqbca_v2,8.738636904761904,taihu_thqbca_v2,,,,,train
TAIHU_WT,2019-11,lake_subregion,4.397058823529413,8.625,0.18077,0.00416945,0.0871547499999999,8.32,0.774813,0.0280775,1.2334,0.1109575,10.0,,,,,,,,,,,,2.9315555555555552,0.051534189323408926,30.0,,,,,,,,,,,,,,,,,,,,,False,,,,2329.357405,0.5138400197029114,0.5113428545961378,"TAIHU_WT(湖区均值,无坐标)",,,,,0.1109575,taihu_thqbca_v2,1.2334,taihu_thqbca_v2,8.625,taihu_thqbca_v2,,,,,train
TAIHU_XK,2019-11,lake_subregion,3.4369747899159657,9.056,0.132258,0.0015678,0.040558,8.152000000000001,0.68336112,0.005562,0.7227,0.036002,10.0,,,,,,,,,,,,2.9315555555555552,0.051534189323408926,30.0,,,,,,,,,,,,,,,,,,,,,False,,,,2329.357405,0.5138400197029114,0.5113428545961378,"TAIHU_XK(湖区均值,无坐标)",,,,,0.036002,taihu_thqbca_v2,0.7227,taihu_thqbca_v2,9.056,taihu_thqbca_v2,,,,,train
TAIHU_ZS,2019-11,lake_subregion,3.08403361344538,8.23,0.08495,0.026652,1.03925,8.25,1.6936139999999995,0.082865,2.8213,0.13715,10.0,,,,,,,,,,,,2.9315555555555552,0.051534189323408926,30.0,,,,,,,,,,,,,,,,,,,,,False,,,,2329.357405,0.5138400197029114,0.5113428545961378,"TAIHU_ZS(湖区均值,无坐标)",,,,,0.13715,taihu_thqbca_v2,2.8213,taihu_thqbca_v2,8.23,taihu_thqbca_v2,,,,,train
NASA_POWER_120.300_31.200,2019-12,grid_point,,,,,,,,,,,,7.791088709677419,1600.53,3.757379032258064,167.63750000000002,88.52331989247313,,,,,,,2.9355698924731177,0.04717745801548527,31.0,,,,,,,,,,,,,,,,,,,,,False,1.0,31.2,120.3,2329.357405,0.5138400197029114,0.5113428545961378,太湖区格点 NASA_POWER_120.300_31.200,120.3,31.2,,,,,,,,,,,,,train
NASA_POWER_120.300_31.200,2020-01,grid_point,,,,,,,,,,,,5.731317204301075,3330.31,4.071814516129032,177.09233870967745,59.55372311827957,,,,,,,3.0675376344086023,0.10292577971058678,31.0,,,,,,,,,,,,,,,,,,,,,False,1.0,31.2,120.3,2329.357405,0.5138400197029114,0.5113428545961378,太湖区格点 NASA_POWER_120.300_31.200,120.3,31.2,,,,,,,,,,,,,train
NASA_POWER_120.300_31.200,2020-02,grid_point,,,,,,,,,,,,8.191724137931034,1650.37,4.190603448275862,159.5323275862069,123.2253735632184,,,,,,,3.2126781609195403,0.05234663788711085,29.0,,,,,,,,,,,,,,,,,,,,,False,1.0,31.2,120.3,2329.357405,0.5138400197029114,0.5113428545961378,太湖区格点 NASA_POWER_120.300_31.200,120.3,31.2,,,,,,,,,,,,,train
TAIHU_CT,2020-02,lake_subregion,4.134736842105265,10.629705681040384,0.2322633333333333,0.0191503333333333,0.7517666666666667,8.3,2.475858333333333,0.0202446666666666,2.782966666666667,0.1224,10.0,,,,,,,,,,,,3.2126781609195403,0.05234663788711085,29.0,,,,,,,,,,,,,,,,,,,,,False,,,,2329.357405,0.5138400197029114,0.5113428545961378,"TAIHU_CT(湖区均值,无坐标)",,,,,0.1224,taihu_thqbca_v2,2.782966666666667,taihu_thqbca_v2,10.629705681040384,taihu_thqbca_v2,,,,,train
TAIHU_ET,2020-02,lake_subregion,3.573333333333333,10.54072553045859,0.12967,0.0048403333333333,0.2272333333333333,8.4,3.2164500000000005,0.0063479999999999,1.4222666666666666,0.0565666666666666,10.0,,,,,,,,,,,,3.2126781609195403,0.05234663788711085,29.0,,,,,,,,,,,,,,,,,,,,,False,,,,2329.357405,0.5138400197029114,0.5113428545961378,"TAIHU_ET(湖区均值,无坐标)",,,,,0.0565666666666666,taihu_thqbca_v2,1.4222666666666666,taihu_thqbca_v2,10.54072553045859,taihu_thqbca_v2,,,,,train
TAIHU_GH,2020-02,lake_subregion,2.924912280701756,11.225188227241617,0.083658,0.0088703999999999,0.5003333333333333,8.346666666666668,1.521166666666667,0.013868,2.1375,0.09132,10.0,,,,,,,,,,,,3.2126781609195403,0.05234663788711085,29.0,,,,,,,,,,,,,,,,,,,,,False,,,,2329.357405,0.5138400197029114,0.5113428545961378,"TAIHU_GH(湖区均值,无坐标)",,,,,0.09132,taihu_thqbca_v2,2.1375,taihu_thqbca_v2,11.225188227241617,taihu_thqbca_v2,,,,,train
TAIHU_ML,2020-02,lake_subregion,3.5813533834586466,10.98879794154917,0.1474012857142857,0.0122778571428571,0.4828785714285715,8.381428571428572,3.719142857142857,0.0079994285714285,1.8873,0.0717842857142857,10.0,,,,,,,,,,,,3.2126781609195403,0.05234663788711085,29.0,,,,,,,,,,,,,,,,,,,,,False,,,,2329.357405,0.5138400197029114,0.5113428545961378,"TAIHU_ML(湖区均值,无坐标)",,,,,0.0717842857142857,taihu_thqbca_v2,1.8873,taihu_thqbca_v2,10.98879794154917,taihu_thqbca_v2,,,,,train
TAIHU_ST,2020-02,lake_subregion,3.68280701754386,10.27378507871321,0.1420433333333333,0.00409,0.3714,8.416666666666666,4.819074999999999,0.0092146666666666,1.9874,0.09039,10.0,,,,,,,,,,,,3.2126781609195403,0.05234663788711085,29.0,,,,,,,,,,,,,,,,,,,,,False,,,,2329.357405,0.5138400197029114,0.5113428545961378,"TAIHU_ST(湖区均值,无坐标)",,,,,0.09039,taihu_thqbca_v2,1.9874,taihu_thqbca_v2,10.27378507871321,taihu_thqbca_v2,,,,,train
TAIHU_WHOLE,2020-02,lake_subregion,3.5417744360902264,10.6818646297573,0.203979806547619,0.0153813217261904,0.6655461130952381,8.355782738095238,2.6194924925595235,0.0154297827380952,2.440599166666667,0.096772119047619,10.0,,,,,,,,,,,,3.2126781609195403,0.05234663788711085,29.0,,,,,,,,,,,,,,,,,,,,,False,,,,2329.357405,0.5138400197029114,0.5113428545961378,太湖全湖(18/17点位均值),,,,,0.096772119047619,taihu_thqbca_v2,2.440599166666667,taihu_thqbca_v2,10.6818646297573,taihu_thqbca_v2,,,,,train
TAIHU_WT,2020-02,lake_subregion,3.818947368421053,10.585215605749486,0.3273725,0.02039465,1.2354250000000002,8.2275,0.76100875,0.0214255,3.31935,0.1256,10.0,,,,,,,,,,,,3.2126781609195403,0.05234663788711085,29.0,,,,,,,,,,,,,,,,,,,,,False,,,,2329.357405,0.5138400197029114,0.5113428545961378,"TAIHU_WT(湖区均值,无坐标)",,,,,0.1256,taihu_thqbca_v2,3.31935,taihu_thqbca_v2,10.585215605749486,taihu_thqbca_v2,,,,,train
TAIHU_XK,2020-02,lake_subregion,3.102315789473684,10.903490759753591,0.14533,0.005547,0.270382,8.394000000000002,2.839738333333333,0.0056399999999999,1.57916,0.053256,10.0,,,,,,,,,,,,3.2126781609195403,0.05234663788711085,29.0,,,,,,,,,,,,,,,,,,,,,False,,,,2329.357405,0.5138400197029114,0.5113428545961378,"TAIHU_XK(湖区均值,无坐标)",,,,,0.053256,taihu_thqbca_v2,1.57916,taihu_thqbca_v2,10.903490759753591,taihu_thqbca_v2,,,,,train
TAIHU_ZS,2020-02,lake_subregion,3.515789473684211,10.308008213552364,0.4241,0.04788,1.48495,8.379999999999999,1.6035,0.0386979999999999,4.40885,0.16286,10.0,,,,,,,,,,,,3.2126781609195403,0.05234663788711085,29.0,,,,,,,,,,,,,,,,,,,,,False,,,,2329.357405,0.5138400197029114,0.5113428545961378,"TAIHU_ZS(湖区均值,无坐标)",,,,,0.16286,taihu_thqbca_v2,4.40885,taihu_thqbca_v2,10.308008213552364,taihu_thqbca_v2,,,,,train
NASA_POWER_120.300_31.200,2020-03,grid_point,,,,,,,,,,,,12.105403225806452,3555.86,4.501075268817204,148.7924731182796,151.0018817204301,,,,,,,3.0865161290322582,0.04921305447930265,31.0,,,,,,,,,,,,,,,,,,,,,False,1.0,31.2,120.3,2329.357405,0.5138400197029114,0.5113428545961378,太湖区格点 NASA_POWER_120.300_31.200,120.3,31.2,,,,,,,,,,,,,train
NASA_POWER_120.300_31.200,2020-04,grid_point,,,,,,,,,,,,15.29713888888889,1628.3700000000001,4.2275833333333335,153.70166666666665,211.9290138888889,,,,,,,3.1007666666666664,0.05751928878537579,30.0,,,,,,,,,,,,,,,,,,,,,False,1.0,31.2,120.3,2329.357405,0.5138400197029114,0.5113428545961378,太湖区格点 NASA_POWER_120.300_31.200,120.3,31.2,,,,,,,,,,,,,train
NASA_POWER_120.300_31.200,2020-05,grid_point,,,,,,,,,,,,23.144623655913975,2547.57,4.290255376344086,179.8936827956989,191.83826612903226,,,,,,,2.940096774193548,0.04961721576588516,31.0,,,,,,,,,,,,,,,,,,,,,False,1.0,31.2,120.3,2329.357405,0.5138400197029114,0.5113428545961378,太湖区格点 NASA_POWER_120.300_31.200,120.3,31.2,,,,,,,,,,,,,train
TAIHU_CT,2020-05,lake_subregion,8.859574468085105,7.81964573268921,0.12937,0.0042216666666666,0.1254546666666667,8.479999999999999,17.509057499999997,0.0056533333333333,3.3185333333333333,0.2177666666666666,10.0,,,,,,,,,,,,2.940096774193548,0.04961721576588516,31.0,,,,,,,,,,,,,,,,,,,,,False,,,,2329.357405,0.5138400197029114,0.5113428545961378,"TAIHU_CT(湖区均值,无坐标)",,,,,0.2177666666666666,taihu_thqbca_v2,3.3185333333333333,taihu_thqbca_v2,7.81964573268921,taihu_thqbca_v2,,,,,train
TAIHU_ET,2020-05,lake_subregion,3.4468085106382973,7.793880837359098,0.1818999999999999,0.0057882666666666,0.4910333333333334,8.183333333333334,1.5551799999999996,0.0062666666666666,1.9686666666666663,0.0653733333333333,10.0,,,,,,,,,,,,2.940096774193548,0.04961721576588516,31.0,,,,,,,,,,,,,,,,,,,,,False,,,,2329.357405,0.5138400197029114,0.5113428545961378,"TAIHU_ET(湖区均值,无坐标)",,,,,0.0653733333333333,taihu_thqbca_v2,1.9686666666666663,taihu_thqbca_v2,7.793880837359098,taihu_thqbca_v2,,,,,train
TAIHU_GH,2020-05,lake_subregion,7.035460992907804,8.0,0.1624133333333333,0.0076895333333333,0.1337793333333333,8.200000000000001,12.958485833333333,0.0077633333333333,3.1066333333333334,0.22181,10.0,,,,,,,,,,,,2.940096774193548,0.04961721576588516,31.0,,,,,,,,,,,,,,,,,,,,,False,,,,2329.357405,0.5138400197029114,0.5113428545961378,"TAIHU_GH(湖区均值,无坐标)",,,,,0.22181,taihu_thqbca_v2,3.1066333333333334,taihu_thqbca_v2,8.0,taihu_thqbca_v2,,,,,train
TAIHU_ML,2020-05,lake_subregion,7.451063829787234,7.812284334023465,0.1416842857142856,0.0097666571428571,0.1176935714285714,7.939999999999999,20.82655285714285,0.0086514285714285,3.0765,0.243745,10.0,,,,,,,,,,,,2.940096774193548,0.04961721576588516,31.0,,,,,,,,,,,,,,,,,,,,,False,,,,2329.357405,0.5138400197029114,0.5113428545961378,"TAIHU_ML(湖区均值,无坐标)",,,,,0.243745,taihu_thqbca_v2,3.0765,taihu_thqbca_v2,7.812284334023465,taihu_thqbca_v2,,,,,train
TAIHU_ST,2020-05,lake_subregion,3.963120567375887,8.083735909822867,0.1851666666666666,0.0039385346666666,0.2506666666666666,8.196666666666667,2.80363,0.0069266666666666,1.842833333333333,0.0891466666666666,10.0,,,,,,,,,,,,2.940096774193548,0.04961721576588516,31.0,,,,,,,,,,,,,,,,,,,,,False,,,,2329.357405,0.5138400197029114,0.5113428545961378,"TAIHU_ST(湖区均值,无坐标)",,,,,0.0891466666666666,taihu_thqbca_v2,1.842833333333333,taihu_thqbca_v2,8.083735909822867,taihu_thqbca_v2,,,,,train
TAIHU_WHOLE,2020-05,lake_subregion,5.921152482269504,7.873838279273063,0.1516510982142856,0.0160366498095238,0.2801239464285714,8.225437499999998,10.30283177380952,0.0148901160714285,2.7210989583333336,0.1697688333333333,10.0,,,,,,,,,,,,2.940096774193548,0.04961721576588516,31.0,,,,,,,,,,,,,,,,,,,,,False,,,,2329.357405,0.5138400197029114,0.5113428545961378,太湖全湖(18/17点位均值),,,,,0.1697688333333333,taihu_thqbca_v2,2.7210989583333336,taihu_thqbca_v2,7.873838279273063,taihu_thqbca_v2,,,,,train
TAIHU_WT,2020-05,lake_subregion,6.972340425531914,7.763285024154589,0.1496575,0.0104848,0.28605,8.3225,11.3688885,0.0197125,3.048125,0.196425,10.0,,,,,,,,,,,,2.940096774193548,0.04961721576588516,31.0,,,,,,,,,,,,,,,,,,,,,False,,,,2329.357405,0.5138400197029114,0.5113428545961378,"TAIHU_WT(湖区均值,无坐标)",,,,,0.196425,taihu_thqbca_v2,3.048125,taihu_thqbca_v2,7.763285024154589,taihu_thqbca_v2,,,,,train
TAIHU_XK,2020-05,lake_subregion,4.108936170212766,8.162318840579712,0.150842,0.0052872399999999,0.264614,8.346,5.5293145,0.005712,1.8551,0.069034,10.0,,,,,,,,,,,,2.940096774193548,0.04961721576588516,31.0,,,,,,,,,,,,,,,,,,,,,False,,,,2329.357405,0.5138400197029114,0.5113428545961378,"TAIHU_XK(湖区均值,无坐标)",,,,,0.069034,taihu_thqbca_v2,1.8551,taihu_thqbca_v2,8.162318840579712,taihu_thqbca_v2,,,,,train
TAIHU_ZS,2020-05,lake_subregion,5.531914893617021,7.555555555555555,0.112175,0.0811165,0.5717,8.135,9.871545,0.058435,3.5524,0.25485,10.0,,,,,,,,,,,,2.940096774193548,0.04961721576588516,31.0,,,,,,,,,,,,,,,,,,,,,False,,,,2329.357405,0.5138400197029114,0.5113428545961378,"TAIHU_ZS(湖区均值,无坐标)",,,,,0.25485,taihu_thqbca_v2,3.5524,taihu_thqbca_v2,7.555555555555555,taihu_thqbca_v2,,,,,train
NASA_POWER_120.300_31.200,2020-06,grid_point,,,,,,,,,,,,26.245041666666665,9324.55,3.978083333333333,167.42944444444444,155.49200000000002,,,,,,,3.2590333333333334,0.2535702665468261,30.0,,,,,,,,,,,,,,,,,,,,,False,1.0,31.2,120.3,2329.357405,0.5138400197029114,0.5113428545961378,太湖区格点 NASA_POWER_120.300_31.200,120.3,31.2,,,,,,,,,,,,,train
NASA_POWER_120.300_31.200,2020-07,grid_point,,,,,,,,,,,,26.657620967741938,10158.32,3.7124596774193552,161.6404569892473,144.1263440860215,,,,,,,4.348634408602151,0.2771020717785964,31.0,,,,,,,,,,,,,,,,,,,,,False,1.0,31.2,120.3,2329.357405,0.5138400197029114,0.5113428545961378,太湖区格点 NASA_POWER_120.300_31.200,120.3,31.2,,,,,,,,,,,,,train
NASA_POWER_120.300_31.200,2020-08,grid_point,,,,,,,,,,,,29.179690860215054,2302.88,3.9815322580645165,167.45806451612904,226.1201478494624,,,,,,,3.6946559139784947,0.31143029044467063,31.0,,,,,,,,,,,,,,,,,,,,,False,1.0,31.2,120.3,2329.357405,0.5138400197029114,0.5113428545961378,太湖区格点 NASA_POWER_120.300_31.200,120.3,31.2,,,,,,,,,,,,,train
TAIHU_CT,2020-08,lake_subregion,4.60246913580247,4.1108986615678775,0.128,0.0016333333333333,0.0640666666666666,8.86,1.3631783333333334,0.0053333333333333,1.3723666666666663,0.0937333333333333,10.0,,,,,,,,,,,,3.6946559139784947,0.31143029044467063,31.0,,,,,,,,,,,,,,,,,,,,,False,,,,2329.357405,0.5138400197029114,0.5113428545961378,"TAIHU_CT(湖区均值,无坐标)",,,,,0.0937333333333333,taihu_thqbca_v2,1.3723666666666663,taihu_thqbca_v2,4.1108986615678775,taihu_thqbca_v2,,,,,train
TAIHU_ET,2020-08,lake_subregion,4.599647266313934,3.709369024856596,0.0858666666666666,0.0007,0.0748666666666666,9.426666666666668,0.310708,0.0099333333333333,1.0412,0.0849666666666666,10.0,,,,,,,,,,,,3.6946559139784947,0.31143029044467063,31.0,,,,,,,,,,,,,,,,,,,,,False,,,,2329.357405,0.5138400197029114,0.5113428545961378,"TAIHU_ET(湖区均值,无坐标)",,,,,0.0849666666666666,taihu_thqbca_v2,1.0412,taihu_thqbca_v2,3.709369024856596,taihu_thqbca_v2,,,,,train
TAIHU_GH,2020-08,lake_subregion,3.228218694885362,5.207138304652644,0.0484,0.0012,0.0804,8.773333333333333,0.3557066666666667,0.0031333333333333,0.7865000000000001,0.0415333333333333,10.0,,,,,,,,,,,,3.6946559139784947,0.31143029044467063,31.0,,,,,,,,,,,,,,,,,,,,,False,,,,2329.357405,0.5138400197029114,0.5113428545961378,"TAIHU_GH(湖区均值,无坐标)",,,,,0.0415333333333333,taihu_thqbca_v2,0.7865000000000001,taihu_thqbca_v2,5.207138304652644,taihu_thqbca_v2,,,,,train
TAIHU_ML,2020-08,lake_subregion,6.01904761904762,3.1630701993990717,0.0667428571428571,0.0284,0.0784571428571428,8.587142857142856,2.087313714285714,0.0297857142857142,2.0292285714285714,0.1971714285714285,10.0,,,,,,,,,,,,3.6946559139784947,0.31143029044467063,31.0,,,,,,,,,,,,,,,,,,,,,False,,,,2329.357405,0.5138400197029114,0.5113428545961378,"TAIHU_ML(湖区均值,无坐标)",,,,,0.1971714285714285,taihu_thqbca_v2,2.0292285714285714,taihu_thqbca_v2,3.1630701993990717,taihu_thqbca_v2,,,,,train
TAIHU_ST,2020-08,lake_subregion,5.025749559082893,3.333333333333333,0.0666,0.0003,0.071,9.41,0.5745821428571427,0.0345333333333333,1.1775666666666669,0.1364,10.0,,,,,,,,,,,,3.6946559139784947,0.31143029044467063,31.0,,,,,,,,,,,,,,,,,,,,,False,,,,2329.357405,0.5138400197029114,0.5113428545961378,"TAIHU_ST(湖区均值,无坐标)",,,,,0.1364,taihu_thqbca_v2,1.1775666666666669,taihu_thqbca_v2,3.333333333333333,taihu_thqbca_v2,,,,,train
TAIHU_WHOLE,2020-08,lake_subregion,4.700264550264551,4.071690339615769,0.1003055654761904,0.0045185416666666,0.0736494345238095,9.028455357142857,0.8070215071428571,0.0357905059523809,1.2602164880952382,0.1274143452380952,10.0,,,,,,,,,,,,3.6946559139784947,0.31143029044467063,31.0,,,,,,,,,,,,,,,,,,,,,False,,,,2329.357405,0.5138400197029114,0.5113428545961378,太湖全湖(18/17点位均值),,,,,0.1274143452380952,taihu_thqbca_v2,1.2602164880952382,taihu_thqbca_v2,4.071690339615769,taihu_thqbca_v2,,,,,train
TAIHU_WT,2020-08,lake_subregion,4.446560846560847,3.565965583173996,0.100875,0.0006749999999999,0.062775,8.9025,0.578775,0.0215749999999999,1.18465,0.1118,10.0,,,,,,,,,,,,3.6946559139784947,0.31143029044467063,31.0,,,,,,,,,,,,,,,,,,,,,False,,,,2329.357405,0.5138400197029114,0.5113428545961378,"TAIHU_WT(湖区均值,无坐标)",,,,,0.1118,taihu_thqbca_v2,1.18465,taihu_thqbca_v2,3.565965583173996,taihu_thqbca_v2,,,,,train
TAIHU_XK,2020-08,lake_subregion,3.5470899470899475,4.818355640535372,0.21426,0.00174,0.0792799999999999,9.198,0.3907072,0.0032799999999999,0.98742,0.04496,10.0,,,,,,,,,,,,3.6946559139784947,0.31143029044467063,31.0,,,,,,,,,,,,,,,,,,,,,False,,,,2329.357405,0.5138400197029114,0.5113428545961378,"TAIHU_XK(湖区均值,无坐标)",,,,,0.04496,taihu_thqbca_v2,0.98742,taihu_thqbca_v2,4.818355640535372,taihu_thqbca_v2,,,,,train
TAIHU_ZS,2020-08,lake_subregion,6.133333333333333,4.665391969407265,0.0917,0.0015,0.07835,9.07,0.795201,0.17875,1.5028,0.3087499999999999,10.0,,,,,,,,,,,,3.6946559139784947,0.31143029044467063,31.0,,,,,,,,,,,,,,,,,,,,,False,,,,2329.357405,0.5138400197029114,0.5113428545961378,"TAIHU_ZS(湖区均值,无坐标)",,,,,0.3087499999999999,taihu_thqbca_v2,1.5028,taihu_thqbca_v2,4.665391969407265,taihu_thqbca_v2,,,,,train
NASA_POWER_120.300_31.200,2020-09,grid_point,,,,,,,,,,,,23.89436111111111,4574.07,3.279513888888889,143.13083333333333,169.72522222222221,,,,,,,3.370188888888889,0.0790471358160129,30.0,,,,,,,,,,,,,,,,,,,,,False,1.0,31.2,120.3,2329.357405,0.5138400197029114,0.5113428545961378,太湖区格点 NASA_POWER_120.300_31.200,120.3,31.2,,,,,,,,,,,,,train
NASA_POWER_120.300_31.200,2020-10,grid_point,,,,,,,,,,,,17.845282258064515,1796.74,3.8886155913978495,92.91129032258064,144.53364247311828,,,,,,,3.306688172043011,0.040468180045275484,31.0,,,,,,,,,,,,,,,,,,,,,False,1.0,31.2,120.3,2329.357405,0.5138400197029114,0.5113428545961378,太湖区格点 NASA_POWER_120.300_31.200,120.3,31.2,,,,,,,,,,,,,train
NASA_POWER_120.300_31.200,2020-11,grid_point,,,,,,,,,,,,13.781972222222223,1394.15,4.259625,139.74319444444444,104.62091666666666,,,,,,,3.103711111111111,0.07849112175351507,30.0,,,,,,,,,,,,,,,,,,,,,False,1.0,31.2,120.3,2329.357405,0.5138400197029114,0.5113428545961378,太湖区格点 NASA_POWER_120.300_31.200,120.3,31.2,,,,,,,,,,,,,train
TAIHU_CT,2020-11,lake_subregion,4.45735567970205,5.652482269503547,0.1314,0.0016333333333333,0.1013666666666666,8.416666666666666,0.9399526666666668,0.0051333333333333,0.8629333333333333,0.0591333333333333,10.0,,,,,,,,,,,,3.103711111111111,0.07849112175351507,30.0,,,,,,,,,,,,,,,,,,,,,False,,,,2329.357405,0.5138400197029114,0.5113428545961378,"TAIHU_CT(湖区均值,无坐标)",,,,,0.0591333333333333,taihu_thqbca_v2,0.8629333333333333,taihu_thqbca_v2,5.652482269503547,taihu_thqbca_v2,,,,,train
TAIHU_ET,2020-11,lake_subregion,3.4711359404096847,7.617021276595744,0.1325333333333333,0.0019333333333333,0.1031666666666666,8.110000000000001,0.44629,0.0037333333333333,0.7517666666666667,0.0414333333333333,10.0,,,,,,,,,,,,3.103711111111111,0.07849112175351507,30.0,,,,,,,,,,,,,,,,,,,,,False,,,,2329.357405,0.5138400197029114,0.5113428545961378,"TAIHU_ET(湖区均值,无坐标)",,,,,0.0414333333333333,taihu_thqbca_v2,0.7517666666666667,taihu_thqbca_v2,7.617021276595744,taihu_thqbca_v2,,,,,train
TAIHU_GH,2020-11,lake_subregion,4.802979515828681,5.177304964539007,0.1200999999999999,0.0034333333333333,0.1080333333333333,8.270000000000001,0.8479039999999999,0.0044333333333333,1.0922666666666665,0.0726666666666666,10.0,,,,,,,,,,,,3.103711111111111,0.07849112175351507,30.0,,,,,,,,,,,,,,,,,,,,,False,,,,2329.357405,0.5138400197029114,0.5113428545961378,"TAIHU_GH(湖区均值,无坐标)",,,,,0.0726666666666666,taihu_thqbca_v2,1.0922666666666665,taihu_thqbca_v2,5.177304964539007,taihu_thqbca_v2,,,,,train
TAIHU_ML,2020-11,lake_subregion,5.133280127693536,5.750759878419453,0.1136142857142857,0.0089,0.1590428571428571,8.461428571428572,2.2885547142857146,0.0069285714285714,1.6208428571428573,0.1130142857142857,10.0,,,,,,,,,,,,3.103711111111111,0.07849112175351507,30.0,,,,,,,,,,,,,,,,,,,,,False,,,,2329.357405,0.5138400197029114,0.5113428545961378,"TAIHU_ML(湖区均值,无坐标)",,,,,0.1130142857142857,taihu_thqbca_v2,1.6208428571428573,taihu_thqbca_v2,5.750759878419453,taihu_thqbca_v2,,,,,train
TAIHU_ST,2020-11,lake_subregion,3.983612662942273,6.801418439716312,0.1802,0.0020666666666666,0.0942666666666666,8.18,0.969315,0.0044,0.9318666666666666,0.0615,10.0,,,,,,,,,,,,3.103711111111111,0.07849112175351507,30.0,,,,,,,,,,,,,,,,,,,,,False,,,,2329.357405,0.5138400197029114,0.5113428545961378,"TAIHU_ST(湖区均值,无坐标)",,,,,0.0615,taihu_thqbca_v2,0.9318666666666666,taihu_thqbca_v2,6.801418439716312,taihu_thqbca_v2,,,,,train
TAIHU_WHOLE,2020-11,lake_subregion,4.256687948922588,6.125139311043567,0.1457015773809523,0.0071102083333333,0.1863220238095238,8.316449404761904,1.1612634382440477,0.0089266964285714,1.239831398809524,0.0753915773809523,10.0,,,,,,,,,,,,3.103711111111111,0.07849112175351507,30.0,,,,,,,,,,,,,,,,,,,,,False,,,,2329.357405,0.5138400197029114,0.5113428545961378,太湖全湖(18/17点位均值),,,,,0.0753915773809523,taihu_thqbca_v2,1.239831398809524,taihu_thqbca_v2,6.125139311043567,taihu_thqbca_v2,,,,,train
TAIHU_WT,2020-11,lake_subregion,4.864804469273745,5.351063829787234,0.188675,0.009425,0.2267499999999999,8.6525,2.087239125,0.008925,1.558275,0.1001249999999999,10.0,,,,,,,,,,,,3.103711111111111,0.07849112175351507,30.0,,,,,,,,,,,,,,,,,,,,,False,,,,2329.357405,0.5138400197029114,0.5113428545961378,"TAIHU_WT(湖区均值,无坐标)",,,,,0.1001249999999999,taihu_thqbca_v2,1.558275,taihu_thqbca_v2,5.351063829787234,taihu_thqbca_v2,,,,,train
TAIHU_XK,2020-11,lake_subregion,3.773854748603353,6.970212765957447,0.14854,0.0019399999999999,0.1125999999999999,8.145999999999999,0.928662,0.0040599999999999,0.7582000000000001,0.04296,10.0,,,,,,,,,,,,3.103711111111111,0.07849112175351507,30.0,,,,,,,,,,,,,,,,,,,,,False,,,,2329.357405,0.5138400197029114,0.5113428545961378,"TAIHU_XK(湖区均值,无坐标)",,,,,0.04296,taihu_thqbca_v2,0.7582000000000001,taihu_thqbca_v2,6.970212765957447,taihu_thqbca_v2,,,,,train
TAIHU_ZS,2020-11,lake_subregion,3.5664804469273754,5.680851063829787,0.15055,0.0275499999999999,0.58535,8.295,0.78219,0.0338,2.3425,0.1123,10.0,,,,,,,,,,,,3.103711111111111,0.07849112175351507,30.0,,,,,,,,,,,,,,,,,,,,,False,,,,2329.357405,0.5138400197029114,0.5113428545961378,"TAIHU_ZS(湖区均值,无坐标)",,,,,0.1123,taihu_thqbca_v2,2.3425,taihu_thqbca_v2,5.680851063829787,taihu_thqbca_v2,,,,,train
IN_SITU_GROUP,2020-12,field_sample_point,,,,,,,,,,,,,,,,,,,,,,,2.954774193548387,0.0789492282746405,31.0,,,,,,,,,,,,,,,,,,,,,False,,,,2329.357405,0.5138400197029114,0.5113428545961378,野外采样点(独立坐标),120.1990832,31.2470365,0.00695,zenodo_taihu_insitu,,,,,,,,,0.00695,0.00695,train
IN_SITU_GROUP,2020-12,field_sample_point,,,,,,,,,,,,,,,,,,,,,,,2.954774193548387,0.0789492282746405,31.0,,,,,,,,,,,,,,,,,,,,,False,,,,2329.357405,0.5138400197029114,0.5113428545961378,野外采样点(独立坐标),120.1990832,31.2470365,0.00712,zenodo_taihu_insitu,,,,,,,,,0.00712,0.00712,train
IN_SITU_GROUP,2020-12,field_sample_point,,,,,,,,,,,,,,,,,,,,,,,2.954774193548387,0.0789492282746405,31.0,,,,,,,,,,,,,,,,,,,,,False,,,,2329.357405,0.5138400197029114,0.5113428545961378,野外采样点(独立坐标),120.1990832,31.2470365,0.00696,zenodo_taihu_insitu,,,,,,,,,0.00696,0.00696,train
IN_SITU_GROUP,2020-12,field_sample_point,,,,,,,,,,,,,,,,,,,,,,,2.954774193548387,0.0789492282746405,31.0,,,,,,,,,,,,,,,,,,,,,False,,,,2329.357405,0.5138400197029114,0.5113428545961378,野外采样点(独立坐标),120.1990832,31.2470365,0.00616,zenodo_taihu_insitu,,,,,,,,,0.00616,0.00616,train
IN_SITU_GROUP,2020-12,field_sample_point,,,,,,,,,,,,,,,,,,,,,,,2.954774193548387,0.0789492282746405,31.0,,,,,,,,,,,,,,,,,,,,,False,,,,2329.357405,0.5138400197029114,0.5113428545961378,野外采样点(独立坐标),120.1990832,31.2470365,0.00536,zenodo_taihu_insitu,,,,,,,,,0.00536,0.00536,train
IN_SITU_GROUP,2020-12,field_sample_point,,,,,,,,,,,,,,,,,,,,,,,2.954774193548387,0.0789492282746405,31.0,,,,,,,,,,,,,,,,,,,,,False,,,,2329.357405,0.5138400197029114,0.5113428545961378,野外采样点(独立坐标),120.1990832,31.2470365,0.00567,zenodo_taihu_insitu,,,,,,,,,0.00567,0.00567,train
IN_SITU_GROUP,2020-12,field_sample_point,,,,,,,,,,,,,,,,,,,,,,,2.954774193548387,0.0789492282746405,31.0,,,,,,,,,,,,,,,,,,,,,False,,,,2329.357405,0.5138400197029114,0.5113428545961378,野外采样点(独立坐标),120.1990832,31.2470365,0.00646,zenodo_taihu_insitu,,,,,,,,,0.00646,0.00646,train
IN_SITU_GROUP,2020-12,field_sample_point,,,,,,,,,,,,,,,,,,,,,,,2.954774193548387,0.0789492282746405,31.0,,,,,,,,,,,,,,,,,,,,,False,,,,2329.357405,0.5138400197029114,0.5113428545961378,野外采样点(独立坐标),120.1990832,31.2470365,0.00536,zenodo_taihu_insitu,,,,,,,,,0.00536,0.00536,train
IN_SITU_GROUP,2020-12,field_sample_point,,,,,,,,,,,,,,,,,,,,,,,2.954774193548387,0.0789492282746405,31.0,,,,,,,,,,,,,,,,,,,,,False,,,,2329.357405,0.5138400197029114,0.5113428545961378,野外采样点(独立坐标),120.1990832,31.2470365,0.00583,zenodo_taihu_insitu,,,,,,,,,0.00583,0.00583,train
IN_SITU_GROUP,2020-12,field_sample_point,,,,,,,,,,,,,,,,,,,,,,,2.954774193548387,0.0789492282746405,31.0,,,,,,,,,,,,,,,,,,,,,False,,,,2329.357405,0.5138400197029114,0.5113428545961378,野外采样点(独立坐标),120.1990832,31.2470365,0.00537,zenodo_taihu_insitu,,,,,,,,,0.00537,0.00537,train
NASA_POWER_120.300_31.200,2020-12,grid_point,,,,,,,,,,,,5.19625,427.99,3.7741263440860213,169.88897849462364,91.32216397849463,,,,,,,2.954774193548387,0.0789492282746405,31.0,,,,,,,,,,,,,,,,,,,,,False,1.0,31.2,120.3,2329.357405,0.5138400197029114,0.5113428545961378,太湖区格点 NASA_POWER_120.300_31.200,120.3,31.2,,,,,,,,,,,,,train
NASA_POWER_120.300_31.200,2021-01,grid_point,,,,,,,,,,,,-4.505,0.0,3.06875,265.9375,6.785,,,,,,,,,,,,,,,,,,,,,,,,,,,,,,False,1.0,31.2,120.3,2329.357405,0.5138400197029114,0.5113428545961378,太湖区格点 NASA_POWER_120.300_31.200,120.3,31.2,,,,,,,,,,,,,train
NASA_POWER_120.300_31.200,2022-01,grid_point,,,,,,,,,,,,5.129755434782608,1667.67,3.7372010869565218,121.39864130434782,81.760625,"Ⅳ类水质，其中，东部沿岸区为Ⅱ类，湖心区为Ⅲ
类，北部沿岸区为IⅣ类，西部沿岸区为劣V类",轻度富营养,"东部沿岸区: Ⅱ类，湖心区为Ⅲ
类，北部沿岸区为IⅣ类，西部沿岸区为劣V类; 西部沿岸区: 轻度污染，东部沿岸区水质良好; 北部沿岸区: IⅣ类，西部沿岸区为劣V类; 湖心区: Ⅲ
类，北部沿岸区为IⅣ类，西部沿岸区为劣V类",轻度污染，主要污染指标为总磷,东部沿岸区: 水质良好; 西部沿岸区: 轻度污染，东部沿岸区水质良好; 北部沿岸区: 和西部沿岸区为轻度污染，东部沿岸区水质良好; 湖心区: 、北部沿岸区和西部沿岸区为轻度污染，东部沿岸区水质良好,17,,,,,,,1368.0234375,1043.7196044921875,1010.9306640625,537.2259521484375,147.31729125976562,-0.0338999181985855,0.0081688929349184,-0.020244974642992,0.4494199156761169,1455.5474853515625,1111.22314453125,1070.1849365234375,,,,,,False,1.0,31.2,120.3,2329.357405,0.5138400197029114,0.5113428545961378,太湖区格点 NASA_POWER_120.300_31.200,120.3,31.2,,,,,,,,,,,,,train
TAIHU_WHOLE,2022-01,lake_subregion,,,,,,,,,,,,,,,,,"Ⅳ类水质，其中，东部沿岸区为Ⅱ类，湖心区为Ⅲ
类，北部沿岸区为IⅣ类，西部沿岸区为劣V类",轻度富营养,"东部沿岸区: Ⅱ类，湖心区为Ⅲ
类，北部沿岸区为IⅣ类，西部沿岸区为劣V类; 西部沿岸区: 轻度污染，东部沿岸区水质良好; 北部沿岸区: IⅣ类，西部沿岸区为劣V类; 湖心区: Ⅲ
类，北部沿岸区为IⅣ类，西部沿岸区为劣V类",轻度污染，主要污染指标为总磷,东部沿岸区: 水质良好; 西部沿岸区: 轻度污染，东部沿岸区水质良好; 北部沿岸区: 和西部沿岸区为轻度污染，东部沿岸区水质良好; 湖心区: 、北部沿岸区和西部沿岸区为轻度污染，东部沿岸区水质良好,17,,,,,,,1368.0234375,1043.7196044921875,1010.9306640625,537.2259521484375,147.31729125976562,-0.0338999181985855,0.0081688929349184,-0.020244974642992,0.4494199156761169,1455.5474853515625,1111.22314453125,1070.1849365234375,,,,,,False,,,,2329.357405,0.5138400197029114,0.5113428545961378,太湖全湖(18/17点位均值),,,,,,,,,,,,,,,train
NASA_POWER_120.300_31.200,2022-02,grid_point,,,,,,,,,,,,4.472529761904762,1391.08,3.8398065476190473,104.77544642857144,112.25244047619047,"V类水质，其中，东部沿岸区为Ⅲ类，北部沿岸区
为IV类，湖心区为V类，西部沿岸区为劣V类",轻度富营养,"东部沿岸区: Ⅲ类，北部沿岸区
为IV类，湖心区为V类，西部沿岸区为劣V类; 西部沿岸区: 中度污染，湖心区和北部沿岸区水质良好，东部沿岸区水质为优; 北部沿岸区: 中营养，湖心
区和西部沿岸区为轻度富营养; 湖心区: V类，西部沿岸区为劣V类",轻度污染，主要污染指标为总磷,东部沿岸区: 水质为优; 西部沿岸区: 中度污染，湖心区和北部沿岸区水质良好，东部沿岸区水质为优; 北部沿岸区: 水质良好，东部沿岸区水质为优; 湖心区: 和北部沿岸区水质良好，东部沿岸区水质为优,11,,,,,,,1241.67919921875,891.0335693359375,847.4657592773438,385.7763366699219,119.92647552490234,-0.036174651235342,0.0070607783272862,-0.0284452270716428,0.5375665426254272,,,,,,,,,False,1.0,31.2,120.3,2329.357405,0.5138400197029114,0.5113428545961378,太湖区格点 NASA_POWER_120.300_31.200,120.3,31.2,,,,,,,,,,,,,train
TAIHU_WHOLE,2022-02,lake_subregion,,,,,,,,,,,,,,,,,"V类水质，其中，东部沿岸区为Ⅲ类，北部沿岸区
为IV类，湖心区为V类，西部沿岸区为劣V类",轻度富营养,"东部沿岸区: Ⅲ类，北部沿岸区
为IV类，湖心区为V类，西部沿岸区为劣V类; 西部沿岸区: 中度污染，湖心区和北部沿岸区水质良好，东部沿岸区水质为优; 北部沿岸区: 中营养，湖心
区和西部沿岸区为轻度富营养; 湖心区: V类，西部沿岸区为劣V类",轻度污染，主要污染指标为总磷,东部沿岸区: 水质为优; 西部沿岸区: 中度污染，湖心区和北部沿岸区水质良好，东部沿岸区水质为优; 北部沿岸区: 水质良好，东部沿岸区水质为优; 湖心区: 和北部沿岸区水质良好，东部沿岸区水质为优,11,,,,,,,1241.67919921875,891.0335693359375,847.4657592773438,385.7763366699219,119.92647552490234,-0.036174651235342,0.0070607783272862,-0.0284452270716428,0.5375665426254272,,,,,,,,,False,,,,2329.357405,0.5138400197029114,0.5113428545961378,太湖全湖(18/17点位均值),,,,,,,,,,,,,,,train
NASA_POWER_120.300_31.200,2022-03,grid_point,,,,,,,,,,,,13.180887096774194,5157.56,4.437083333333334,154.97701612903225,157.32676075268816,"V类水质，其中，西部沿岸区为劣V类，湖心区和
北部沿岸区为V类，东部沿岸区为IV类",轻度富营养,东部沿岸区: IV类; 西部沿岸区: 轻度污染，东部沿岸区和北部沿岸区水质良好; 北部沿岸区: V类，东部沿岸区为IV类,轻度污染，主要污染指标为总磷,东部沿岸区: 和北部沿岸区水质良好; 西部沿岸区: 轻度污染，东部沿岸区和北部沿岸区水质良好; 北部沿岸区: 水质良好; 湖心区: 和西部沿岸区为轻度污染，东部沿岸区和北部沿岸区水质良好,17,,,,,,,1115.669677734375,783.4939575195312,745.9776611328125,351.4146728515625,148.63914489746094,-0.031449694186449,0.0060065062716603,-0.0265558958053588,0.5287753939628601,,,,,,,,,False,1.0,31.2,120.3,2329.357405,0.5138400197029114,0.5113428545961378,太湖区格点 NASA_POWER_120.300_31.200,120.3,31.2,,,,,,,,,,,,,train
TAIHU_WHOLE,2022-03,lake_subregion,,,,,,,,,,,,,,,,,"V类水质，其中，西部沿岸区为劣V类，湖心区和
北部沿岸区为V类，东部沿岸区为IV类",轻度富营养,东部沿岸区: IV类; 西部沿岸区: 轻度污染，东部沿岸区和北部沿岸区水质良好; 北部沿岸区: V类，东部沿岸区为IV类,轻度污染，主要污染指标为总磷,东部沿岸区: 和北部沿岸区水质良好; 西部沿岸区: 轻度污染，东部沿岸区和北部沿岸区水质良好; 北部沿岸区: 水质良好; 湖心区: 和西部沿岸区为轻度污染，东部沿岸区和北部沿岸区水质良好,17,,,,,,,1115.669677734375,783.4939575195312,745.9776611328125,351.4146728515625,148.63914489746094,-0.031449694186449,0.0060065062716603,-0.0265558958053588,0.5287753939628601,,,,,,,,,False,,,,2329.357405,0.5138400197029114,0.5113428545961378,太湖全湖(18/17点位均值),,,,,,,,,,,,,,,train
NASA_POWER_120.300_31.200,2022-04,grid_point,,,,,,,,,,,,17.377666666666666,3428.68,3.9705833333333334,144.92638888888888,190.0595138888889,"V类水质，其中，湖心区和西部沿岸区为V类，东
部沿岸区和北部沿岸区为IV类",轻度富营养,东部沿岸区: 中营养; 西部沿岸区: 轻度污染，东部沿岸区和北部沿岸区水质良好; 北部沿岸区: IV类,轻度污染，主要污染指标为总磷,东部沿岸区: 和北部沿岸区水质良好; 西部沿岸区: 轻度污染，东部沿岸区和北部沿岸区水质良好; 北部沿岸区: 水质良好; 湖心区: 和西部沿岸区为轻度污染，东部沿岸区和北部沿岸区水质良好,17,,,,,,,1126.052978515625,775.55078125,745.1103515625,390.0641174316406,214.30416870117188,-0.0281342919915914,0.0056558628566563,-0.0194364003837108,0.4904312193393707,,,,,,,,,False,1.0,31.2,120.3,2329.357405,0.5138400197029114,0.5113428545961378,太湖区格点 NASA_POWER_120.300_31.200,120.3,31.2,,,,,,,,,,,,,train
TAIHU_WHOLE,2022-04,lake_subregion,,,,,,,,,,,,,,,,,"V类水质，其中，湖心区和西部沿岸区为V类，东
部沿岸区和北部沿岸区为IV类",轻度富营养,东部沿岸区: 中营养; 西部沿岸区: 轻度污染，东部沿岸区和北部沿岸区水质良好; 北部沿岸区: IV类,轻度污染，主要污染指标为总磷,东部沿岸区: 和北部沿岸区水质良好; 西部沿岸区: 轻度污染，东部沿岸区和北部沿岸区水质良好; 北部沿岸区: 水质良好; 湖心区: 和西部沿岸区为轻度污染，东部沿岸区和北部沿岸区水质良好,17,,,,,,,1126.052978515625,775.55078125,745.1103515625,390.0641174316406,214.30416870117188,-0.0281342919915914,0.0056558628566563,-0.0194364003837108,0.4904312193393707,,,,,,,,,False,,,,2329.357405,0.5138400197029114,0.5113428545961378,太湖全湖(18/17点位均值),,,,,,,,,,,,,,,train
NASA_POWER_120.300_31.200,2022-05,grid_point,,,,,,,,,,,,20.987110215053765,1640.48,3.4398252688172044,140.20510752688173,210.3876612903226,"V类水质，其中，西部沿岸区为V类，湖心区、东
部沿岸区和北部沿岸区为IV类",轻度富营养,"东部沿岸区: 中营养; 西部沿岸区: V类，湖心区、东
部沿岸区和北部沿岸区为IV类; 北部沿岸区: 轻度污染，
湖心区和西部沿岸区水质良好，东部沿岸区水质为优",水质良好,"东部沿岸区: 水质为优; 西部沿岸区: 水质良好，东部沿岸区水质为优; 北部沿岸区: 轻度污染，
湖心区和西部沿岸区水质良好，东部沿岸区水质为优; 湖心区: 和西部沿岸区水质良好，东部沿岸区水质为优",17,,,,,,,1149.727783203125,793.2404174804688,808.4296264648438,397.6019592285156,219.95091247558597,-0.0289985444396734,0.0105046303942799,0.0083234701305627,0.5044330358505249,,,,,,,,,False,1.0,31.2,120.3,2329.357405,0.5138400197029114,0.5113428545961378,太湖区格点 NASA_POWER_120.300_31.200,120.3,31.2,,,,,,,,,,,,,train
TAIHU_WHOLE,2022-05,lake_subregion,,,,,,,,,,,,,,,,,"V类水质，其中，西部沿岸区为V类，湖心区、东
部沿岸区和北部沿岸区为IV类",轻度富营养,"东部沿岸区: 中营养; 西部沿岸区: V类，湖心区、东
部沿岸区和北部沿岸区为IV类; 北部沿岸区: 轻度污染，
湖心区和西部沿岸区水质良好，东部沿岸区水质为优",水质良好,"东部沿岸区: 水质为优; 西部沿岸区: 水质良好，东部沿岸区水质为优; 北部沿岸区: 轻度污染，
湖心区和西部沿岸区水质良好，东部沿岸区水质为优; 湖心区: 和西部沿岸区水质良好，东部沿岸区水质为优",17,,,,,,,1149.727783203125,793.2404174804688,808.4296264648438,397.6019592285156,219.95091247558597,-0.0289985444396734,0.0105046303942799,0.0083234701305627,0.5044330358505249,,,,,,,,,False,,,,2329.357405,0.5138400197029114,0.5113428545961378,太湖全湖(18/17点位均值),,,,,,,,,,,,,,,train
NASA_POWER_120.300_31.200,2022-06,grid_point,,,,,,,,,,,,27.061777777777777,3640.47,3.9241805555555556,192.34194444444447,219.8829027777778,Ⅲ类水质,轻度富营养,东部沿岸区: Ⅱ类; 西部沿岸区: 轻度污染，东部沿岸区水质良好,轻度污染，主要污染指标为总磷,东部沿岸区: 水质良好; 西部沿岸区: 轻度污染，东部沿岸区水质良好; 北部沿岸区: 和西部沿岸区为轻度污染，东部沿岸区水质良好; 湖心区: 、北部沿岸区和西部沿岸区为轻度污染，东部沿岸区水质良好,17,,,,,,,1807.78271484375,1474.9918212890625,1566.4788818359375,1066.308837890625,910.6531982421876,-0.0301375482231378,0.0172183308750391,0.0319933332502841,0.3128593862056732,,,,,,,,,False,1.0,31.2,120.3,2329.357405,0.5138400197029114,0.5113428545961378,太湖区格点 NASA_POWER_120.300_31.200,120.3,31.2,,,,,,,,,,,,,train
TAIHU_WHOLE,2022-06,lake_subregion,,,,,,,,,,,,,,,,,Ⅲ类水质,轻度富营养,东部沿岸区: Ⅱ类; 西部沿岸区: 轻度污染，东部沿岸区水质良好,轻度污染，主要污染指标为总磷,东部沿岸区: 水质良好; 西部沿岸区: 轻度污染，东部沿岸区水质良好; 北部沿岸区: 和西部沿岸区为轻度污染，东部沿岸区水质良好; 湖心区: 、北部沿岸区和西部沿岸区为轻度污染，东部沿岸区水质良好,17,,,,,,,1807.78271484375,1474.9918212890625,1566.4788818359375,1066.308837890625,910.6531982421876,-0.0301375482231378,0.0172183308750391,0.0319933332502841,0.3128593862056732,,,,,,,,,False,,,,2329.357405,0.5138400197029114,0.5113428545961378,太湖全湖(18/17点位均值),,,,,,,,,,,,,,,train
NASA_POWER_120.300_31.200,2022-07,grid_point,,,,,,,,,,,,31.085255376344087,2429.08,3.445739247311828,211.63252688172045,237.0950672043011,Ⅲ类水质,轻度富营养,东部沿岸区: 中营养; 西部沿岸区: 中度污染，东部沿岸区和北部沿岸区为轻度污染; 北部沿岸区: 轻度污染,中度污染，主要污染指标为总磷,东部沿岸区: 和北部沿岸区为轻度污染; 西部沿岸区: 中度污染，东部沿岸区和北部沿岸区为轻度污染; 北部沿岸区: 轻度污染; 湖心区: 和西部沿岸区为中度污染，东部沿岸区和北部沿岸区为轻度污染,17,,,,,,,1392.81884765625,926.1585693359376,1207.524658203125,763.2940063476562,237.28843688964844,0.0049565262161195,0.034369058907032,0.1418492645025253,0.3686755895614624,,,,,,,,,False,1.0,31.2,120.3,2329.357405,0.5138400197029114,0.5113428545961378,太湖区格点 NASA_POWER_120.300_31.200,120.3,31.2,,,,,,,,,,,,,train
TAIHU_WHOLE,2022-07,lake_subregion,,,,,,,,,,,,,,,,,Ⅲ类水质,轻度富营养,东部沿岸区: 中营养; 西部沿岸区: 中度污染，东部沿岸区和北部沿岸区为轻度污染; 北部沿岸区: 轻度污染,中度污染，主要污染指标为总磷,东部沿岸区: 和北部沿岸区为轻度污染; 西部沿岸区: 中度污染，东部沿岸区和北部沿岸区为轻度污染; 北部沿岸区: 轻度污染; 湖心区: 和西部沿岸区为中度污染，东部沿岸区和北部沿岸区为轻度污染,17,,,,,,,1392.81884765625,926.1585693359376,1207.524658203125,763.2940063476562,237.28843688964844,0.0049565262161195,0.034369058907032,0.1418492645025253,0.3686755895614624,,,,,,,,,False,,,,2329.357405,0.5138400197029114,0.5113428545961378,太湖全湖(18/17点位均值),,,,,,,,,,,,,,,train
NASA_POWER_120.300_31.200,2022-08,grid_point,,,,,,,,,,,,32.13780913978494,2827.73,3.352688172043011,187.27876344086022,211.11260752688173,"Ⅲ类水质，其中，西部沿岸区为Ⅳ类，湖心区、东
部沿岸区和北部沿岸区为Ⅲ类",轻度富营养,东部沿岸区: 中营养; 西部沿岸区: 中度污染，湖心区和北部沿岸区为轻度污染，东部沿岸区水质为优; 北部沿岸区: 轻度污染，东部沿岸区水质为优; 湖心区: 轻度富营养，东部沿岸区为中营养,轻度污染，主要污染指标为总磷,东部沿岸区: 水质为优; 西部沿岸区: 中度污染，湖心区和北部沿岸区为轻度污染，东部沿岸区水质为优; 北部沿岸区: 轻度污染，东部沿岸区水质为优; 湖心区: 和北部沿岸区为轻度污染，东部沿岸区水质为优,17,,,,,,,1208.6849365234375,747.2763061523438,1000.3269653320312,603.4070434570312,216.58273315429688,-0.003205447923392,0.0285916626453399,0.1196775883436203,0.4266056716442108,,,,,,,,,False,1.0,31.2,120.3,2329.357405,0.5138400197029114,0.5113428545961378,太湖区格点 NASA_POWER_120.300_31.200,120.3,31.2,,,,,,,,,,,,,train
TAIHU_WHOLE,2022-08,lake_subregion,,,,,,,,,,,,,,,,,"Ⅲ类水质，其中，西部沿岸区为Ⅳ类，湖心区、东
部沿岸区和北部沿岸区为Ⅲ类",轻度富营养,东部沿岸区: 中营养; 西部沿岸区: 中度污染，湖心区和北部沿岸区为轻度污染，东部沿岸区水质为优; 北部沿岸区: 轻度污染，东部沿岸区水质为优; 湖心区: 轻度富营养，东部沿岸区为中营养,轻度污染，主要污染指标为总磷,东部沿岸区: 水质为优; 西部沿岸区: 中度污染，湖心区和北部沿岸区为轻度污染，东部沿岸区水质为优; 北部沿岸区: 轻度污染，东部沿岸区水质为优; 湖心区: 和北部沿岸区为轻度污染，东部沿岸区水质为优,17,,,,,,,1208.6849365234375,747.2763061523438,1000.3269653320312,603.4070434570312,216.58273315429688,-0.003205447923392,0.0285916626453399,0.1196775883436203,0.4266056716442108,,,,,,,,,False,,,,2329.357405,0.5138400197029114,0.5113428545961378,太湖全湖(18/17点位均值),,,,,,,,,,,,,,,train
NASA_POWER_120.300_31.200,2022-09,grid_point,,,,,,,,,,,,24.499083333333335,2744.83,4.584361111111111,125.89,156.64461111111112,"Ⅳ类水质，其中，湖心区、北部沿岸区和西部沿岸
区为IV类水质",轻度富营养,东部沿岸区: ⅢII类; 西部沿岸区: 中度污染，湖心区和北部沿岸区为轻度污染，东部沿岸区水质良好; 北部沿岸区: 轻度污染，东部沿岸区水质良好,轻度污染，主要污染指标为总磷,东部沿岸区: 水质良好; 西部沿岸区: 中度污染，湖心区和北部沿岸区为轻度污染，东部沿岸区水质良好; 北部沿岸区: 轻度污染，东部沿岸区水质良好; 湖心区: 和北部沿岸区为轻度污染，东部沿岸区水质良好,17,,,,,,,1334.298095703125,950.8685913085938,1145.8148193359375,693.129150390625,264.66015625,-0.0153473122045397,0.0196410212665796,0.0725357756018638,0.4809328615665436,,,,,,,,,False,1.0,31.2,120.3,2329.357405,0.5138400197029114,0.5113428545961378,太湖区格点 NASA_POWER_120.300_31.200,120.3,31.2,,,,,,,,,,,,,train
TAIHU_WHOLE,2022-09,lake_subregion,,,,,,,,,,,,,,,,,"Ⅳ类水质，其中，湖心区、北部沿岸区和西部沿岸
区为IV类水质",轻度富营养,东部沿岸区: ⅢII类; 西部沿岸区: 中度污染，湖心区和北部沿岸区为轻度污染，东部沿岸区水质良好; 北部沿岸区: 轻度污染，东部沿岸区水质良好,轻度污染，主要污染指标为总磷,东部沿岸区: 水质良好; 西部沿岸区: 中度污染，湖心区和北部沿岸区为轻度污染，东部沿岸区水质良好; 北部沿岸区: 轻度污染，东部沿岸区水质良好; 湖心区: 和北部沿岸区为轻度污染，东部沿岸区水质良好,17,,,,,,,1334.298095703125,950.8685913085938,1145.8148193359375,693.129150390625,264.66015625,-0.0153473122045397,0.0196410212665796,0.0725357756018638,0.4809328615665436,,,,,,,,,False,,,,2329.357405,0.5138400197029114,0.5113428545961378,太湖全湖(18/17点位均值),,,,,,,,,,,,,,,train
NASA_POWER_120.300_31.200,2022-10,grid_point,,,,,,,,,,,,18.103198924731185,1176.6,4.297943548387097,90.56478494623656,155.9827688172043,IⅣ类水质，其中，湖心区和西部沿岸区为IⅣ类水质,,西部沿岸区: 轻度污染，湖心区水质良好; 北部沿岸区: Ⅲ类,轻度污染，主要污染指标为总磷,东部沿岸区: 、北部沿岸区和西部沿岸区为轻度污染，湖心区水质良好; 西部沿岸区: 轻度污染，湖心区水质良好; 北部沿岸区: 和西部沿岸区为轻度污染，湖心区水质良好; 湖心区: 水质良好,17,,,,,,,1150.295166015625,1107.9564208984375,1157.3582763671875,767.3014526367188,147.62252807617188,-0.0160825327038764,0.0126310791820287,0.0249740313738584,0.2260016649961471,,,,,,,,,False,1.0,31.2,120.3,2329.357405,0.5138400197029114,0.5113428545961378,太湖区格点 NASA_POWER_120.300_31.200,120.3,31.2,,,,,,,,,,,,,train
TAIHU_WHOLE,2022-10,lake_subregion,,,,,,,,,,,,,,,,,IⅣ类水质，其中，湖心区和西部沿岸区为IⅣ类水质,,西部沿岸区: 轻度污染，湖心区水质良好; 北部沿岸区: Ⅲ类,轻度污染，主要污染指标为总磷,东部沿岸区: 、北部沿岸区和西部沿岸区为轻度污染，湖心区水质良好; 西部沿岸区: 轻度污染，湖心区水质良好; 北部沿岸区: 和西部沿岸区为轻度污染，湖心区水质良好; 湖心区: 水质良好,17,,,,,,,1150.295166015625,1107.9564208984375,1157.3582763671875,767.3014526367188,147.62252807617188,-0.0160825327038764,0.0126310791820287,0.0249740313738584,0.2260016649961471,,,,,,,,,False,,,,2329.357405,0.5138400197029114,0.5113428545961378,太湖全湖(18/17点位均值),,,,,,,,,,,,,,,train
NASA_POWER_120.300_31.200,2022-11,grid_point,,,,,,,,,,,,15.506180555555556,2429.9,3.996458333333333,154.07611111111112,98.616125,Ⅲ类水质,,东部沿岸区: ⅢII类; 西部沿岸区: 轻度污染,轻度污染，主要污染指标为总磷,东部沿岸区: 、北部沿岸区和西部沿岸区为轻度污染; 西部沿岸区: 轻度污染; 北部沿岸区: 和西部沿岸区为轻度污染; 湖心区: 、东部沿岸区、北部沿岸区和西部沿岸区为轻度污染,17,,,,,,,5107.79833984375,4610.0126953125,4849.189453125,4037.169677734375,3272.5068359375,-0.0254702977836132,0.015210554935038,0.034042838960886,0.4289048612117767,,,,,,,,,True,1.0,31.2,120.3,2329.357405,0.5138400197029114,0.5113428545961378,太湖区格点 NASA_POWER_120.300_31.200,120.3,31.2,,,,,,,,,,,,,train
TAIHU_WHOLE,2022-11,lake_subregion,,,,,,,,,,,,,,,,,Ⅲ类水质,,东部沿岸区: ⅢII类; 西部沿岸区: 轻度污染,轻度污染，主要污染指标为总磷,东部沿岸区: 、北部沿岸区和西部沿岸区为轻度污染; 西部沿岸区: 轻度污染; 北部沿岸区: 和西部沿岸区为轻度污染; 湖心区: 、东部沿岸区、北部沿岸区和西部沿岸区为轻度污染,17,,,,,,,5107.79833984375,4610.0126953125,4849.189453125,4037.169677734375,3272.5068359375,-0.0254702977836132,0.015210554935038,0.034042838960886,0.4289048612117767,,,,,,,,,True,,,,2329.357405,0.5138400197029114,0.5113428545961378,太湖全湖(18/17点位均值),,,,,,,,,,,,,,,train
IN_SITU_GROUP,2022-12,field_sample_point,,,,,,,,,,,,,,,,,IⅣ类水质，其中，湖心区为V类水质,中营养,东部沿岸区: 轻度污染，北部沿岸区和西部沿岸区水质良好; 西部沿岸区: Ⅲ类; 北部沿岸区: IⅣ类; 湖心区: V类水质,轻度污染，主要污染指标为总磷,东部沿岸区: 轻度污染，北部沿岸区和西部沿岸区水质良好; 西部沿岸区: 水质良好; 北部沿岸区: 和西部沿岸区水质良好; 湖心区: 和东部沿岸区为轻度污染，北部沿岸区和西部沿岸区水质良好,17,,,,,,,1217.5010986328125,1123.849853515625,1094.670166015625,592.0560913085938,47.72127914428711,-0.0331748314201831,0.0091012176126241,-0.0142419608309865,0.3642029464244842,,,,,,,,,False,,,,2329.357405,0.5138400197029114,0.5113428545961378,野外采样点(独立坐标),120.1990832,31.2470365,0.0022299999999999,zenodo_taihu_insitu,,,,,,,,,0.0022299999999999,0.0022299999999999,train
IN_SITU_GROUP,2022-12,field_sample_point,,,,,,,,,,,,,,,,,IⅣ类水质，其中，湖心区为V类水质,中营养,东部沿岸区: 轻度污染，北部沿岸区和西部沿岸区水质良好; 西部沿岸区: Ⅲ类; 北部沿岸区: IⅣ类; 湖心区: V类水质,轻度污染，主要污染指标为总磷,东部沿岸区: 轻度污染，北部沿岸区和西部沿岸区水质良好; 西部沿岸区: 水质良好; 北部沿岸区: 和西部沿岸区水质良好; 湖心区: 和东部沿岸区为轻度污染，北部沿岸区和西部沿岸区水质良好,17,,,,,,,1217.5010986328125,1123.849853515625,1094.670166015625,592.0560913085938,47.72127914428711,-0.0331748314201831,0.0091012176126241,-0.0142419608309865,0.3642029464244842,,,,,,,,,False,,,,2329.357405,0.5138400197029114,0.5113428545961378,野外采样点(独立坐标),120.1990832,31.2470365,0.00113,zenodo_taihu_insitu,,,,,,,,,0.00113,0.00113,train
IN_SITU_GROUP,2022-12,field_sample_point,,,,,,,,,,,,,,,,,IⅣ类水质，其中，湖心区为V类水质,中营养,东部沿岸区: 轻度污染，北部沿岸区和西部沿岸区水质良好; 西部沿岸区: Ⅲ类; 北部沿岸区: IⅣ类; 湖心区: V类水质,轻度污染，主要污染指标为总磷,东部沿岸区: 轻度污染，北部沿岸区和西部沿岸区水质良好; 西部沿岸区: 水质良好; 北部沿岸区: 和西部沿岸区水质良好; 湖心区: 和东部沿岸区为轻度污染，北部沿岸区和西部沿岸区水质良好,17,,,,,,,1217.5010986328125,1123.849853515625,1094.670166015625,592.0560913085938,47.72127914428711,-0.0331748314201831,0.0091012176126241,-0.0142419608309865,0.3642029464244842,,,,,,,,,False,,,,2329.357405,0.5138400197029114,0.5113428545961378,野外采样点(独立坐标),120.1990832,31.2470365,0.00159,zenodo_taihu_insitu,,,,,,,,,0.00159,0.00159,train
IN_SITU_GROUP,2022-12,field_sample_point,,,,,,,,,,,,,,,,,IⅣ类水质，其中，湖心区为V类水质,中营养,东部沿岸区: 轻度污染，北部沿岸区和西部沿岸区水质良好; 西部沿岸区: Ⅲ类; 北部沿岸区: IⅣ类; 湖心区: V类水质,轻度污染，主要污染指标为总磷,东部沿岸区: 轻度污染，北部沿岸区和西部沿岸区水质良好; 西部沿岸区: 水质良好; 北部沿岸区: 和西部沿岸区水质良好; 湖心区: 和东部沿岸区为轻度污染，北部沿岸区和西部沿岸区水质良好,17,,,,,,,1217.5010986328125,1123.849853515625,1094.670166015625,592.0560913085938,47.72127914428711,-0.0331748314201831,0.0091012176126241,-0.0142419608309865,0.3642029464244842,,,,,,,,,False,,,,2329.357405,0.5138400197029114,0.5113428545961378,野外采样点(独立坐标),120.1990832,31.2470365,0.00159,zenodo_taihu_insitu,,,,,,,,,0.00159,0.00159,train
IN_SITU_GROUP,2022-12,field_sample_point,,,,,,,,,,,,,,,,,IⅣ类水质，其中，湖心区为V类水质,中营养,东部沿岸区: 轻度污染，北部沿岸区和西部沿岸区水质良好; 西部沿岸区: Ⅲ类; 北部沿岸区: IⅣ类; 湖心区: V类水质,轻度污染，主要污染指标为总磷,东部沿岸区: 轻度污染，北部沿岸区和西部沿岸区水质良好; 西部沿岸区: 水质良好; 北部沿岸区: 和西部沿岸区水质良好; 湖心区: 和东部沿岸区为轻度污染，北部沿岸区和西部沿岸区水质良好,17,,,,,,,1217.5010986328125,1123.849853515625,1094.670166015625,592.0560913085938,47.72127914428711,-0.0331748314201831,0.0091012176126241,-0.0142419608309865,0.3642029464244842,,,,,,,,,False,,,,2329.357405,0.5138400197029114,0.5113428545961378,野外采样点(独立坐标),120.1990832,31.2470365,0.00136,zenodo_taihu_insitu,,,,,,,,,0.00136,0.00136,train
IN_SITU_GROUP,2022-12,field_sample_point,,,,,,,,,,,,,,,,,IⅣ类水质，其中，湖心区为V类水质,中营养,东部沿岸区: 轻度污染，北部沿岸区和西部沿岸区水质良好; 西部沿岸区: Ⅲ类; 北部沿岸区: IⅣ类; 湖心区: V类水质,轻度污染，主要污染指标为总磷,东部沿岸区: 轻度污染，北部沿岸区和西部沿岸区水质良好; 西部沿岸区: 水质良好; 北部沿岸区: 和西部沿岸区水质良好; 湖心区: 和东部沿岸区为轻度污染，北部沿岸区和西部沿岸区水质良好,17,,,,,,,1217.5010986328125,1123.849853515625,1094.670166015625,592.0560913085938,47.72127914428711,-0.0331748314201831,0.0091012176126241,-0.0142419608309865,0.3642029464244842,,,,,,,,,False,,,,2329.357405,0.5138400197029114,0.5113428545961378,野外采样点(独立坐标),120.1990832,31.2470365,0.00209,zenodo_taihu_insitu,,,,,,,,,0.00209,0.00209,train
IN_SITU_GROUP,2022-12,field_sample_point,,,,,,,,,,,,,,,,,IⅣ类水质，其中，湖心区为V类水质,中营养,东部沿岸区: 轻度污染，北部沿岸区和西部沿岸区水质良好; 西部沿岸区: Ⅲ类; 北部沿岸区: IⅣ类; 湖心区: V类水质,轻度污染，主要污染指标为总磷,东部沿岸区: 轻度污染，北部沿岸区和西部沿岸区水质良好; 西部沿岸区: 水质良好; 北部沿岸区: 和西部沿岸区水质良好; 湖心区: 和东部沿岸区为轻度污染，北部沿岸区和西部沿岸区水质良好,17,,,,,,,1217.5010986328125,1123.849853515625,1094.670166015625,592.0560913085938,47.72127914428711,-0.0331748314201831,0.0091012176126241,-0.0142419608309865,0.3642029464244842,,,,,,,,,False,,,,2329.357405,0.5138400197029114,0.5113428545961378,野外采样点(独立坐标),120.1990832,31.2470365,0.00268,zenodo_taihu_insitu,,,,,,,,,0.00268,0.00268,train
IN_SITU_GROUP,2022-12,field_sample_point,,,,,,,,,,,,,,,,,IⅣ类水质，其中，湖心区为V类水质,中营养,东部沿岸区: 轻度污染，北部沿岸区和西部沿岸区水质良好; 西部沿岸区: Ⅲ类; 北部沿岸区: IⅣ类; 湖心区: V类水质,轻度污染，主要污染指标为总磷,东部沿岸区: 轻度污染，北部沿岸区和西部沿岸区水质良好; 西部沿岸区: 水质良好; 北部沿岸区: 和西部沿岸区水质良好; 湖心区: 和东部沿岸区为轻度污染，北部沿岸区和西部沿岸区水质良好,17,,,,,,,1217.5010986328125,1123.849853515625,1094.670166015625,592.0560913085938,47.72127914428711,-0.0331748314201831,0.0091012176126241,-0.0142419608309865,0.3642029464244842,,,,,,,,,False,,,,2329.357405,0.5138400197029114,0.5113428545961378,野外采样点(独立坐标),120.1990832,31.2470365,0.00276,zenodo_taihu_insitu,,,,,,,,,0.00276,0.00276,train
IN_SITU_GROUP,2022-12,field_sample_point,,,,,,,,,,,,,,,,,IⅣ类水质，其中，湖心区为V类水质,中营养,东部沿岸区: 轻度污染，北部沿岸区和西部沿岸区水质良好; 西部沿岸区: Ⅲ类; 北部沿岸区: IⅣ类; 湖心区: V类水质,轻度污染，主要污染指标为总磷,东部沿岸区: 轻度污染，北部沿岸区和西部沿岸区水质良好; 西部沿岸区: 水质良好; 北部沿岸区: 和西部沿岸区水质良好; 湖心区: 和东部沿岸区为轻度污染，北部沿岸区和西部沿岸区水质良好,17,,,,,,,1217.5010986328125,1123.849853515625,1094.670166015625,592.0560913085938,47.72127914428711,-0.0331748314201831,0.0091012176126241,-0.0142419608309865,0.3642029464244842,,,,,,,,,False,,,,2329.357405,0.5138400197029114,0.5113428545961378,野外采样点(独立坐标),120.1990832,31.2470365,0.00364,zenodo_taihu_insitu,,,,,,,,,0.00364,0.00364,train
IN_SITU_GROUP,2022-12,field_sample_point,,,,,,,,,,,,,,,,,IⅣ类水质，其中，湖心区为V类水质,中营养,东部沿岸区: 轻度污染，北部沿岸区和西部沿岸区水质良好; 西部沿岸区: Ⅲ类; 北部沿岸区: IⅣ类; 湖心区: V类水质,轻度污染，主要污染指标为总磷,东部沿岸区: 轻度污染，北部沿岸区和西部沿岸区水质良好; 西部沿岸区: 水质良好; 北部沿岸区: 和西部沿岸区水质良好; 湖心区: 和东部沿岸区为轻度污染，北部沿岸区和西部沿岸区水质良好,17,,,,,,,1217.5010986328125,1123.849853515625,1094.670166015625,592.0560913085938,47.72127914428711,-0.0331748314201831,0.0091012176126241,-0.0142419608309865,0.3642029464244842,,,,,,,,,False,,,,2329.357405,0.5138400197029114,0.5113428545961378,野外采样点(独立坐标),120.1990832,31.2470365,0.00198,zenodo_taihu_insitu,,,,,,,,,0.00198,0.00198,train
IN_SITU_GROUP,2022-12,field_sample_point,,,,,,,,,,,,,,,,,IⅣ类水质，其中，湖心区为V类水质,中营养,东部沿岸区: 轻度污染，北部沿岸区和西部沿岸区水质良好; 西部沿岸区: Ⅲ类; 北部沿岸区: IⅣ类; 湖心区: V类水质,轻度污染，主要污染指标为总磷,东部沿岸区: 轻度污染，北部沿岸区和西部沿岸区水质良好; 西部沿岸区: 水质良好; 北部沿岸区: 和西部沿岸区水质良好; 湖心区: 和东部沿岸区为轻度污染，北部沿岸区和西部沿岸区水质良好,17,,,,,,,1217.5010986328125,1123.849853515625,1094.670166015625,592.0560913085938,47.72127914428711,-0.0331748314201831,0.0091012176126241,-0.0142419608309865,0.3642029464244842,,,,,,,,,False,,,,2329.357405,0.5138400197029114,0.5113428545961378,野外采样点(独立坐标),120.1990832,31.2470365,0.00272,zenodo_taihu_insitu,,,,,,,,,0.00272,0.00272,train
IN_SITU_GROUP,2022-12,field_sample_point,,,,,,,,,,,,,,,,,IⅣ类水质，其中，湖心区为V类水质,中营养,东部沿岸区: 轻度污染，北部沿岸区和西部沿岸区水质良好; 西部沿岸区: Ⅲ类; 北部沿岸区: IⅣ类; 湖心区: V类水质,轻度污染，主要污染指标为总磷,东部沿岸区: 轻度污染，北部沿岸区和西部沿岸区水质良好; 西部沿岸区: 水质良好; 北部沿岸区: 和西部沿岸区水质良好; 湖心区: 和东部沿岸区为轻度污染，北部沿岸区和西部沿岸区水质良好,17,,,,,,,1217.5010986328125,1123.849853515625,1094.670166015625,592.0560913085938,47.72127914428711,-0.0331748314201831,0.0091012176126241,-0.0142419608309865,0.3642029464244842,,,,,,,,,False,,,,2329.357405,0.5138400197029114,0.5113428545961378,野外采样点(独立坐标),120.1990832,31.2470365,0.00209,zenodo_taihu_insitu,,,,,,,,,0.00209,0.00209,train
IN_SITU_GROUP,2022-12,field_sample_point,,,,,,,,,,,,,,,,,IⅣ类水质，其中，湖心区为V类水质,中营养,东部沿岸区: 轻度污染，北部沿岸区和西部沿岸区水质良好; 西部沿岸区: Ⅲ类; 北部沿岸区: IⅣ类; 湖心区: V类水质,轻度污染，主要污染指标为总磷,东部沿岸区: 轻度污染，北部沿岸区和西部沿岸区水质良好; 西部沿岸区: 水质良好; 北部沿岸区: 和西部沿岸区水质良好; 湖心区: 和东部沿岸区为轻度污染，北部沿岸区和西部沿岸区水质良好,17,,,,,,,1217.5010986328125,1123.849853515625,1094.670166015625,592.0560913085938,47.72127914428711,-0.0331748314201831,0.0091012176126241,-0.0142419608309865,0.3642029464244842,,,,,,,,,False,,,,2329.357405,0.5138400197029114,0.5113428545961378,野外采样点(独立坐标),120.1990832,31.2470365,0.00337,zenodo_taihu_insitu,,,,,,,,,0.00337,0.00337,train
NASA_POWER_120.300_31.200,2022-12,grid_point,,,,,,,,,,,,4.257728494623656,855.0600000000001,3.9793145161290324,188.65013440860216,96.89908602150537,IⅣ类水质，其中，湖心区为V类水质,中营养,东部沿岸区: 轻度污染，北部沿岸区和西部沿岸区水质良好; 西部沿岸区: Ⅲ类; 北部沿岸区: IⅣ类; 湖心区: V类水质,轻度污染，主要污染指标为总磷,东部沿岸区: 轻度污染，北部沿岸区和西部沿岸区水质良好; 西部沿岸区: 水质良好; 北部沿岸区: 和西部沿岸区水质良好; 湖心区: 和东部沿岸区为轻度污染，北部沿岸区和西部沿岸区水质良好,17,,,,,,,1217.5010986328125,1123.849853515625,1094.670166015625,592.0560913085938,47.72127914428711,-0.0331748314201831,0.0091012176126241,-0.0142419608309865,0.3642029464244842,,,,,,,,,False,1.0,31.2,120.3,2329.357405,0.5138400197029114,0.5113428545961378,太湖区格点 NASA_POWER_120.300_31.200,120.3,31.2,,,,,,,,,,,,,train
TAIHU_WHOLE,2022-12,lake_subregion,,,,,,,,,,,,,,,,,IⅣ类水质，其中，湖心区为V类水质,中营养,东部沿岸区: 轻度污染，北部沿岸区和西部沿岸区水质良好; 西部沿岸区: Ⅲ类; 北部沿岸区: IⅣ类; 湖心区: V类水质,轻度污染，主要污染指标为总磷,东部沿岸区: 轻度污染，北部沿岸区和西部沿岸区水质良好; 西部沿岸区: 水质良好; 北部沿岸区: 和西部沿岸区水质良好; 湖心区: 和东部沿岸区为轻度污染，北部沿岸区和西部沿岸区水质良好,17,,,,,,,1217.5010986328125,1123.849853515625,1094.670166015625,592.0560913085938,47.72127914428711,-0.0331748314201831,0.0091012176126241,-0.0142419608309865,0.3642029464244842,,,,,,,,,False,,,,2329.357405,0.5138400197029114,0.5113428545961378,太湖全湖(18/17点位均值),,,,,,,,,,,,,,,train
NASA_POWER_120.300_31.200,2023-01,grid_point,,,,,,,,,,,,4.915873655913979,1162.47,3.9541129032258064,181.67755376344087,118.67966397849462,"Ⅳ类水质，其中，北部沿岸区和西部沿岸区为V类
水质",轻度富营养,"东部沿岸区: ⅢI类; 西部沿岸区: V类
水质; 湖心区: IⅣ类：东部沿岸区为ⅢI类",水质良好,"东部沿岸区: 水质良好; 西部沿岸区: 轻度污染，湖心区和东部沿岸区水质良好; 北部沿岸区: 和西部沿岸区
为轻度污染，湖心区和东部沿岸区水质良好; 湖心区: 和东部沿岸区水质良好",17,,,,,,,1070.505126953125,779.4414672851562,695.6694946289062,279.9449462890625,55.5745964050293,-0.0364202745258808,0.0029103066772222,-0.0572390109300613,0.5968866348266602,,,,,,,,,False,1.0,31.2,120.3,2329.357405,0.5138400197029114,0.5113428545961378,太湖区格点 NASA_POWER_120.300_31.200,120.3,31.2,,,,,,,,,,,,,train
TAIHU_WHOLE,2023-01,lake_subregion,,,,,,,,,,,,,,,,,"Ⅳ类水质，其中，北部沿岸区和西部沿岸区为V类
水质",轻度富营养,"东部沿岸区: ⅢI类; 西部沿岸区: V类
水质; 湖心区: IⅣ类：东部沿岸区为ⅢI类",水质良好,"东部沿岸区: 水质良好; 西部沿岸区: 轻度污染，湖心区和东部沿岸区水质良好; 北部沿岸区: 和西部沿岸区
为轻度污染，湖心区和东部沿岸区水质良好; 湖心区: 和东部沿岸区水质良好",17,,,,,,,1070.505126953125,779.4414672851562,695.6694946289062,279.9449462890625,55.5745964050293,-0.0364202745258808,0.0029103066772222,-0.0572390109300613,0.5968866348266602,,,,,,,,,False,,,,2329.357405,0.5138400197029114,0.5113428545961378,太湖全湖(18/17点位均值),,,,,,,,,,,,,,,train
NASA_POWER_120.300_31.200,2023-02,grid_point,,,,,,,,,,,,6.700059523809523,2222.87,3.931369047619048,116.41473214285713,112.79434523809525,IⅣ类水质，其中，西部沿岸区为劣V类,轻度富营养,东部沿岸区: Ⅲ类; 西部沿岸区: 轻度污染，东部沿岸区水质良好; 北部沿岸区: IV类,轻度污染，主要污染指标为总磷,东部沿岸区: 水质良好; 西部沿岸区: 轻度污染，东部沿岸区水质良好; 北部沿岸区: 和西部沿岸区为轻度污染，东部沿岸区水质良好; 湖心区: 、北部沿岸区和西部沿岸区为轻度污染，东部沿岸区水质良好,17,,,,,,,1180.20166015625,973.8614501953124,929.7796020507812,468.6792907714844,109.3543472290039,-0.0344789437949657,0.0069748223759233,-0.0291578602045774,0.4601886868476867,,,,,,,,,False,1.0,31.2,120.3,2329.357405,0.5138400197029114,0.5113428545961378,太湖区格点 NASA_POWER_120.300_31.200,120.3,31.2,,,,,,,,,,,,,train
TAIHU_WHOLE,2023-02,lake_subregion,,,,,,,,,,,,,,,,,IⅣ类水质，其中，西部沿岸区为劣V类,轻度富营养,东部沿岸区: Ⅲ类; 西部沿岸区: 轻度污染，东部沿岸区水质良好; 北部沿岸区: IV类,轻度污染，主要污染指标为总磷,东部沿岸区: 水质良好; 西部沿岸区: 轻度污染，东部沿岸区水质良好; 北部沿岸区: 和西部沿岸区为轻度污染，东部沿岸区水质良好; 湖心区: 、北部沿岸区和西部沿岸区为轻度污染，东部沿岸区水质良好,17,,,,,,,1180.20166015625,973.8614501953124,929.7796020507812,468.6792907714844,109.3543472290039,-0.0344789437949657,0.0069748223759233,-0.0291578602045774,0.4601886868476867,,,,,,,,,False,,,,2329.357405,0.5138400197029114,0.5113428545961378,太湖全湖(18/17点位均值),,,,,,,,,,,,,,,train
NASA_POWER_120.300_31.200,2023-03,grid_point,,,,,,,,,,,,12.303440860215055,1948.34,4.172970430107527,140.18064516129033,157.95701612903227,IV类水质，其中，西部沿岸区为劣V类水质,轻度富营养,"东部沿岸区: Ⅲ类; 西部沿岸区: 轻度污染，
湖心区、东部沿岸区和北部沿岸区水质良好; 北部沿岸区: IⅣ类",水质良好,"东部沿岸区: 和北部沿岸区水质良好; 西部沿岸区: 轻度污染，
湖心区、东部沿岸区和北部沿岸区水质良好; 北部沿岸区: 水质良好; 湖心区: 、东部沿岸区和北部沿岸区水质良好",17,,,,,,,1030.469482421875,674.4750366210938,619.5670166015625,316.3277282714844,154.38528442382812,-0.0261472258716821,0.0025894558057188,-0.0458126850426197,0.5348849892616272,,,,,,,,,False,1.0,31.2,120.3,2329.357405,0.5138400197029114,0.5113428545961378,太湖区格点 NASA_POWER_120.300_31.200,120.3,31.2,,,,,,,,,,,,,train
TAIHU_WHOLE,2023-03,lake_subregion,,,,,,,,,,,,,,,,,IV类水质，其中，西部沿岸区为劣V类水质,轻度富营养,"东部沿岸区: Ⅲ类; 西部沿岸区: 轻度污染，
湖心区、东部沿岸区和北部沿岸区水质良好; 北部沿岸区: IⅣ类",水质良好,"东部沿岸区: 和北部沿岸区水质良好; 西部沿岸区: 轻度污染，
湖心区、东部沿岸区和北部沿岸区水质良好; 北部沿岸区: 水质良好; 湖心区: 、东部沿岸区和北部沿岸区水质良好",17,,,,,,,1030.469482421875,674.4750366210938,619.5670166015625,316.3277282714844,154.38528442382812,-0.0261472258716821,0.0025894558057188,-0.0458126850426197,0.5348849892616272,,,,,,,,,False,,,,2329.357405,0.5138400197029114,0.5113428545961378,太湖全湖(18/17点位均值),,,,,,,,,,,,,,,train
NASA_POWER_120.300_31.200,2023-04,grid_point,,,,,,,,,,,,17.355222222222224,1299.42,4.494277777777778,177.4375,186.39881944444443,IV类水质，其中，西部沿岸区为V类水质,轻度富营养,东部沿岸区: 中营养; 西部沿岸区: 轻度污染，东部沿岸区水质良好; 北部沿岸区: IV类,轻度污染，主要污染指标为总磷,东部沿岸区: 水质良好; 西部沿岸区: 轻度污染，东部沿岸区水质良好; 北部沿岸区: 和西部沿岸区为轻度污染，东部沿岸区水质良好; 湖心区: 、北部沿岸区和西部沿岸区为轻度污染，东部沿岸区水质良好,17,,,,,,,1243.7200927734375,954.747802734375,907.7532348632812,384.2054748535156,119.06987762451172,-0.0414986982941627,0.008190719410777,-0.0229494888335466,0.5394310355186462,,,,,,,,,False,1.0,31.2,120.3,2329.357405,0.5138400197029114,0.5113428545961378,太湖区格点 NASA_POWER_120.300_31.200,120.3,31.2,,,,,,,,,,,,,train
TAIHU_WHOLE,2023-04,lake_subregion,,,,,,,,,,,,,,,,,IV类水质，其中，西部沿岸区为V类水质,轻度富营养,东部沿岸区: 中营养; 西部沿岸区: 轻度污染，东部沿岸区水质良好; 北部沿岸区: IV类,轻度污染，主要污染指标为总磷,东部沿岸区: 水质良好; 西部沿岸区: 轻度污染，东部沿岸区水质良好; 北部沿岸区: 和西部沿岸区为轻度污染，东部沿岸区水质良好; 湖心区: 、北部沿岸区和西部沿岸区为轻度污染，东部沿岸区水质良好,17,,,,,,,1243.7200927734375,954.747802734375,907.7532348632812,384.2054748535156,119.06987762451172,-0.0414986982941627,0.008190719410777,-0.0229494888335466,0.5394310355186462,,,,,,,,,False,,,,2329.357405,0.5138400197029114,0.5113428545961378,太湖全湖(18/17点位均值),,,,,,,,,,,,,,,train
NASA_POWER_120.300_31.200,2023-05,grid_point,,,,,,,,,,,,22.547190860215053,3340.88,4.1274865591397845,153.4635752688172,189.9819758064516,"Ⅳ类水质，其中，湖心区、东部沿岸区和西部沿岸
区为IV类水质",,"东部沿岸区: 中营养; 西部沿岸区: 轻度污染，
湖心区、东部沿岸区和北部沿岸区水质良好; 北部沿岸区: Ⅲ类",水质良好,"东部沿岸区: 和北部沿岸区水质良好; 西部沿岸区: 轻度污染，
湖心区、东部沿岸区和北部沿岸区水质良好; 北部沿岸区: 水质良好; 湖心区: 、东部沿岸区和北部沿岸区水质良好",17,,,,,,,1447.0772705078125,1245.7760009765625,1278.365966796875,758.58544921875,399.79052734375,-0.0328278318047523,0.0142297158017754,0.0163613595068454,0.335209846496582,,,,,,,,,False,1.0,31.2,120.3,2329.357405,0.5138400197029114,0.5113428545961378,太湖区格点 NASA_POWER_120.300_31.200,120.3,31.2,,,,,,,,,,,,,train
TAIHU_WHOLE,2023-05,lake_subregion,,,,,,,,,,,,,,,,,"Ⅳ类水质，其中，湖心区、东部沿岸区和西部沿岸
区为IV类水质",,"东部沿岸区: 中营养; 西部沿岸区: 轻度污染，
湖心区、东部沿岸区和北部沿岸区水质良好; 北部沿岸区: Ⅲ类",水质良好,"东部沿岸区: 和北部沿岸区水质良好; 西部沿岸区: 轻度污染，
湖心区、东部沿岸区和北部沿岸区水质良好; 北部沿岸区: 水质良好; 湖心区: 、东部沿岸区和北部沿岸区水质良好",17,,,,,,,1447.0772705078125,1245.7760009765625,1278.365966796875,758.58544921875,399.79052734375,-0.0328278318047523,0.0142297158017754,0.0163613595068454,0.335209846496582,,,,,,,,,False,,,,2329.357405,0.5138400197029114,0.5113428545961378,太湖全湖(18/17点位均值),,,,,,,,,,,,,,,train
NASA_POWER_120.300_31.200,2023-06,grid_point,,,,,,,,,,,,26.74573611111111,5268.08,3.565444444444444,186.05847222222224,177.8670138888889,,,"东部沿岸区: 中营养; 西部沿岸区: 轻度富营养，湖心区
和东部沿岸区为中营养; 北部沿岸区: Ⅲ类水质，西
部沿岸区为IV类",水质良好,"东部沿岸区: 水质为优; 西部沿岸区: 轻度污染，湖心区水质良好，东部沿岸区水质为优; 北部沿岸区: 和西部沿岸区
为轻度污染，湖心区水质良好，东部沿岸区水质为优; 湖心区: 水质良好，东部沿岸区水质为优",17,,,,,,,1707.6446533203125,1364.190185546875,1387.39306640625,893.094482421875,729.52197265625,-0.0322223231196403,0.0126527547836303,0.0101450057700276,0.3482049405574798,,,,,,,,,False,1.0,31.2,120.3,2329.357405,0.5138400197029114,0.5113428545961378,太湖区格点 NASA_POWER_120.300_31.200,120.3,31.2,,,,,,,,,,,,,train
TAIHU_WHOLE,2023-06,lake_subregion,,,,,,,,,,,,,,,,,,,"东部沿岸区: 中营养; 西部沿岸区: 轻度富营养，湖心区
和东部沿岸区为中营养; 北部沿岸区: Ⅲ类水质，西
部沿岸区为IV类",水质良好,"东部沿岸区: 水质为优; 西部沿岸区: 轻度污染，湖心区水质良好，东部沿岸区水质为优; 北部沿岸区: 和西部沿岸区
为轻度污染，湖心区水质良好，东部沿岸区水质为优; 湖心区: 水质良好，东部沿岸区水质为优",17,,,,,,,1707.6446533203125,1364.190185546875,1387.39306640625,893.094482421875,729.52197265625,-0.0322223231196403,0.0126527547836303,0.0101450057700276,0.3482049405574798,,,,,,,,,False,,,,2329.357405,0.5138400197029114,0.5113428545961378,太湖全湖(18/17点位均值),,,,,,,,,,,,,,,train
NASA_POWER_120.300_31.200,2023-07,grid_point,,,,,,,,,,,,29.24631720430107,5519.35,4.011102150537635,176.25672043010752,188.7751747311828,Ⅲ类水质,中营养,"东部沿岸区: Ⅱ类; 西部沿岸区: 轻度污染，
湖心区和北部沿岸区水质良好，东部沿岸区水质为优; 北部沿岸区: Ⅲ类",水质良好,"东部沿岸区: 水质为优; 西部沿岸区: 轻度污染，
湖心区和北部沿岸区水质良好，东部沿岸区水质为优; 北部沿岸区: 水质良好，东部沿岸区水质为优; 湖心区: 和北部沿岸区水质良好，东部沿岸区水质为优",17,,,,,,,1331.2252197265625,920.9723510742188,963.846435546875,589.3897094726562,493.29486083984375,-0.0253829304128885,0.0116765610873699,0.0190321262925863,0.443144142627716,,,,,,,,,False,1.0,31.2,120.3,2329.357405,0.5138400197029114,0.5113428545961378,太湖区格点 NASA_POWER_120.300_31.200,120.3,31.2,,,,,,,,,,,,,train
TAIHU_WHOLE,2023-07,lake_subregion,,,,,,,,,,,,,,,,,Ⅲ类水质,中营养,"东部沿岸区: Ⅱ类; 西部沿岸区: 轻度污染，
湖心区和北部沿岸区水质良好，东部沿岸区水质为优; 北部沿岸区: Ⅲ类",水质良好,"东部沿岸区: 水质为优; 西部沿岸区: 轻度污染，
湖心区和北部沿岸区水质良好，东部沿岸区水质为优; 北部沿岸区: 水质良好，东部沿岸区水质为优; 湖心区: 和北部沿岸区水质良好，东部沿岸区水质为优",17,,,,,,,1331.2252197265625,920.9723510742188,963.846435546875,589.3897094726562,493.29486083984375,-0.0253829304128885,0.0116765610873699,0.0190321262925863,0.443144142627716,,,,,,,,,False,,,,2329.357405,0.5138400197029114,0.5113428545961378,太湖全湖(18/17点位均值),,,,,,,,,,,,,,,train
NASA_POWER_120.300_31.200,2023-08,grid_point,,,,,,,,,,,,28.681370967741934,3725.77,3.426801075268817,133.17903225806452,209.61024193548386,Ⅲ类水质，其中，西部沿岸区为IⅣ类水质,轻度富营养,东部沿岸区: 中营养; 西部沿岸区: 中度污染，北部沿岸区为轻度污染，湖心区和东部沿岸区水质良好; 北部沿岸区: 轻度污染，湖心区和东部沿岸区水质良好,轻度污染，主要污染指标为总磷,东部沿岸区: 水质良好; 西部沿岸区: 中度污染，北部沿岸区为轻度污染，湖心区和东部沿岸区水质良好; 北部沿岸区: 轻度污染，湖心区和东部沿岸区水质良好; 湖心区: 和东部沿岸区水质良好,17,,,,,,,1217.463134765625,811.030029296875,893.016357421875,533.10693359375,304.81573486328125,-0.0185394585132598,0.0143044115975499,0.042006280273199,0.4494615495204925,,,,,,,,,False,1.0,31.2,120.3,2329.357405,0.5138400197029114,0.5113428545961378,太湖区格点 NASA_POWER_120.300_31.200,120.3,31.2,,,,,,,,,,,,,train
TAIHU_WHOLE,2023-08,lake_subregion,,,,,,,,,,,,,,,,,Ⅲ类水质，其中，西部沿岸区为IⅣ类水质,轻度富营养,东部沿岸区: 中营养; 西部沿岸区: 中度污染，北部沿岸区为轻度污染，湖心区和东部沿岸区水质良好; 北部沿岸区: 轻度污染，湖心区和东部沿岸区水质良好,轻度污染，主要污染指标为总磷,东部沿岸区: 水质良好; 西部沿岸区: 中度污染，北部沿岸区为轻度污染，湖心区和东部沿岸区水质良好; 北部沿岸区: 轻度污染，湖心区和东部沿岸区水质良好; 湖心区: 和东部沿岸区水质良好,17,,,,,,,1217.463134765625,811.030029296875,893.016357421875,533.10693359375,304.81573486328125,-0.0185394585132598,0.0143044115975499,0.042006280273199,0.4494615495204925,,,,,,,,,False,,,,2329.357405,0.5138400197029114,0.5113428545961378,太湖全湖(18/17点位均值),,,,,,,,,,,,,,,train
NASA_POWER_120.300_31.200,2023-09,grid_point,,,,,,,,,,,,25.917444444444445,3092.78,3.549555555555555,106.11083333333333,151.12297222222222,Ⅲ类水质,轻度富营养,东部沿岸区: Ⅱ类; 西部沿岸区: 轻度污染，东部沿岸区水质为优; 北部沿岸区: Ⅲ类,轻度污染，主要污染指标为总磷,"东部沿岸区: 水质为优; 西部沿岸区: 轻度污染，东部沿岸区水质为优; 北部沿岸区: 和西部沿岸区为轻度污染，东部沿岸区水质为优; 湖心区: 水质有所下降，东部沿岸区和西部沿岸
区水质有所好转",17,,,,,,,1073.1199951171875,744.4232177734375,796.616455078125,447.5257568359375,200.59556579589844,-0.019664404913783,0.0119155002757906,0.0283888783305883,0.4584109187126159,,,,,,,,,False,1.0,31.2,120.3,2329.357405,0.5138400197029114,0.5113428545961378,太湖区格点 NASA_POWER_120.300_31.200,120.3,31.2,,,,,,,,,,,,,train
TAIHU_WHOLE,2023-09,lake_subregion,,,,,,,,,,,,,,,,,Ⅲ类水质,轻度富营养,东部沿岸区: Ⅱ类; 西部沿岸区: 轻度污染，东部沿岸区水质为优; 北部沿岸区: Ⅲ类,轻度污染，主要污染指标为总磷,"东部沿岸区: 水质为优; 西部沿岸区: 轻度污染，东部沿岸区水质为优; 北部沿岸区: 和西部沿岸区为轻度污染，东部沿岸区水质为优; 湖心区: 水质有所下降，东部沿岸区和西部沿岸
区水质有所好转",17,,,,,,,1073.1199951171875,744.4232177734375,796.616455078125,447.5257568359375,200.59556579589844,-0.019664404913783,0.0119155002757906,0.0283888783305883,0.4584109187126159,,,,,,,,,False,,,,2329.357405,0.5138400197029114,0.5113428545961378,太湖全湖(18/17点位均值),,,,,,,,,,,,,,,train
IN_SITU_GROUP,2023-10,field_sample_point,,,,,,,,,,,,,,,,,Ⅲ类水质,轻度富营养,东部沿岸区: 中营养; 西部沿岸区: 轻度污染，东部沿岸区水质为优; 北部沿岸区: Ⅲ类,轻度污染，主要污染指标为总磷,东部沿岸区: 水质为优; 西部沿岸区: 轻度污染，东部沿岸区水质为优; 北部沿岸区: 和西部沿岸区为轻度污染，东部沿岸区水质为优; 湖心区: 、北部沿岸区和西部沿岸区为轻度污染，东部沿岸区水质为优,17,,,,,,,1069.12451171875,743.2376708984375,801.5537109375,396.7691650390625,135.24380493164062,-0.0247064251452684,0.0134557746350765,0.0281487759202718,0.5001664161682129,,,,,,,,,False,,,,2329.357405,0.5138400197029114,0.5113428545961378,野外采样点(独立坐标),120.1990832,31.2470365,0.01776,zenodo_taihu_insitu,,,,,,,,,0.01776,0.01776,train
IN_SITU_GROUP,2023-10,field_sample_point,,,,,,,,,,,,,,,,,Ⅲ类水质,轻度富营养,东部沿岸区: 中营养; 西部沿岸区: 轻度污染，东部沿岸区水质为优; 北部沿岸区: Ⅲ类,轻度污染，主要污染指标为总磷,东部沿岸区: 水质为优; 西部沿岸区: 轻度污染，东部沿岸区水质为优; 北部沿岸区: 和西部沿岸区为轻度污染，东部沿岸区水质为优; 湖心区: 、北部沿岸区和西部沿岸区为轻度污染，东部沿岸区水质为优,17,,,,,,,1069.12451171875,743.2376708984375,801.5537109375,396.7691650390625,135.24380493164062,-0.0247064251452684,0.0134557746350765,0.0281487759202718,0.5001664161682129,,,,,,,,,False,,,,2329.357405,0.5138400197029114,0.5113428545961378,野外采样点(独立坐标),120.1990832,31.2470365,0.01347,zenodo_taihu_insitu,,,,,,,,,0.01347,0.01347,train
IN_SITU_GROUP,2023-10,field_sample_point,,,,,,,,,,,,,,,,,Ⅲ类水质,轻度富营养,东部沿岸区: 中营养; 西部沿岸区: 轻度污染，东部沿岸区水质为优; 北部沿岸区: Ⅲ类,轻度污染，主要污染指标为总磷,东部沿岸区: 水质为优; 西部沿岸区: 轻度污染，东部沿岸区水质为优; 北部沿岸区: 和西部沿岸区为轻度污染，东部沿岸区水质为优; 湖心区: 、北部沿岸区和西部沿岸区为轻度污染，东部沿岸区水质为优,17,,,,,,,1069.12451171875,743.2376708984375,801.5537109375,396.7691650390625,135.24380493164062,-0.0247064251452684,0.0134557746350765,0.0281487759202718,0.5001664161682129,,,,,,,,,False,,,,2329.357405,0.5138400197029114,0.5113428545961378,野外采样点(独立坐标),120.1990832,31.2470365,0.0162,zenodo_taihu_insitu,,,,,,,,,0.0162,0.0162,train
IN_SITU_GROUP,2023-10,field_sample_point,,,,,,,,,,,,,,,,,Ⅲ类水质,轻度富营养,东部沿岸区: 中营养; 西部沿岸区: 轻度污染，东部沿岸区水质为优; 北部沿岸区: Ⅲ类,轻度污染，主要污染指标为总磷,东部沿岸区: 水质为优; 西部沿岸区: 轻度污染，东部沿岸区水质为优; 北部沿岸区: 和西部沿岸区为轻度污染，东部沿岸区水质为优; 湖心区: 、北部沿岸区和西部沿岸区为轻度污染，东部沿岸区水质为优,17,,,,,,,1069.12451171875,743.2376708984375,801.5537109375,396.7691650390625,135.24380493164062,-0.0247064251452684,0.0134557746350765,0.0281487759202718,0.5001664161682129,,,,,,,,,False,,,,2329.357405,0.5138400197029114,0.5113428545961378,野外采样点(独立坐标),120.1990832,31.2470365,0.01629,zenodo_taihu_insitu,,,,,,,,,0.01629,0.01629,train
IN_SITU_GROUP,2023-10,field_sample_point,,,,,,,,,,,,,,,,,Ⅲ类水质,轻度富营养,东部沿岸区: 中营养; 西部沿岸区: 轻度污染，东部沿岸区水质为优; 北部沿岸区: Ⅲ类,轻度污染，主要污染指标为总磷,东部沿岸区: 水质为优; 西部沿岸区: 轻度污染，东部沿岸区水质为优; 北部沿岸区: 和西部沿岸区为轻度污染，东部沿岸区水质为优; 湖心区: 、北部沿岸区和西部沿岸区为轻度污染，东部沿岸区水质为优,17,,,,,,,1069.12451171875,743.2376708984375,801.5537109375,396.7691650390625,135.24380493164062,-0.0247064251452684,0.0134557746350765,0.0281487759202718,0.5001664161682129,,,,,,,,,False,,,,2329.357405,0.5138400197029114,0.5113428545961378,野外采样点(独立坐标),120.1990832,31.2470365,0.0154499999999999,zenodo_taihu_insitu,,,,,,,,,0.0154499999999999,0.0154499999999999,train
IN_SITU_GROUP,2023-10,field_sample_point,,,,,,,,,,,,,,,,,Ⅲ类水质,轻度富营养,东部沿岸区: 中营养; 西部沿岸区: 轻度污染，东部沿岸区水质为优; 北部沿岸区: Ⅲ类,轻度污染，主要污染指标为总磷,东部沿岸区: 水质为优; 西部沿岸区: 轻度污染，东部沿岸区水质为优; 北部沿岸区: 和西部沿岸区为轻度污染，东部沿岸区水质为优; 湖心区: 、北部沿岸区和西部沿岸区为轻度污染，东部沿岸区水质为优,17,,,,,,,1069.12451171875,743.2376708984375,801.5537109375,396.7691650390625,135.24380493164062,-0.0247064251452684,0.0134557746350765,0.0281487759202718,0.5001664161682129,,,,,,,,,False,,,,2329.357405,0.5138400197029114,0.5113428545961378,野外采样点(独立坐标),120.1990832,31.2470365,0.01803,zenodo_taihu_insitu,,,,,,,,,0.01803,0.01803,train
IN_SITU_GROUP,2023-10,field_sample_point,,,,,,,,,,,,,,,,,Ⅲ类水质,轻度富营养,东部沿岸区: 中营养; 西部沿岸区: 轻度污染，东部沿岸区水质为优; 北部沿岸区: Ⅲ类,轻度污染，主要污染指标为总磷,东部沿岸区: 水质为优; 西部沿岸区: 轻度污染，东部沿岸区水质为优; 北部沿岸区: 和西部沿岸区为轻度污染，东部沿岸区水质为优; 湖心区: 、北部沿岸区和西部沿岸区为轻度污染，东部沿岸区水质为优,17,,,,,,,1069.12451171875,743.2376708984375,801.5537109375,396.7691650390625,135.24380493164062,-0.0247064251452684,0.0134557746350765,0.0281487759202718,0.5001664161682129,,,,,,,,,False,,,,2329.357405,0.5138400197029114,0.5113428545961378,野外采样点(独立坐标),120.1990832,31.2470365,0.01372,zenodo_taihu_insitu,,,,,,,,,0.01372,0.01372,train
IN_SITU_GROUP,2023-10,field_sample_point,,,,,,,,,,,,,,,,,Ⅲ类水质,轻度富营养,东部沿岸区: 中营养; 西部沿岸区: 轻度污染，东部沿岸区水质为优; 北部沿岸区: Ⅲ类,轻度污染，主要污染指标为总磷,东部沿岸区: 水质为优; 西部沿岸区: 轻度污染，东部沿岸区水质为优; 北部沿岸区: 和西部沿岸区为轻度污染，东部沿岸区水质为优; 湖心区: 、北部沿岸区和西部沿岸区为轻度污染，东部沿岸区水质为优,17,,,,,,,1069.12451171875,743.2376708984375,801.5537109375,396.7691650390625,135.24380493164062,-0.0247064251452684,0.0134557746350765,0.0281487759202718,0.5001664161682129,,,,,,,,,False,,,,2329.357405,0.5138400197029114,0.5113428545961378,野外采样点(独立坐标),120.1990832,31.2470365,0.00725,zenodo_taihu_insitu,,,,,,,,,0.00725,0.00725,train
IN_SITU_GROUP,2023-10,field_sample_point,,,,,,,,,,,,,,,,,Ⅲ类水质,轻度富营养,东部沿岸区: 中营养; 西部沿岸区: 轻度污染，东部沿岸区水质为优; 北部沿岸区: Ⅲ类,轻度污染，主要污染指标为总磷,东部沿岸区: 水质为优; 西部沿岸区: 轻度污染，东部沿岸区水质为优; 北部沿岸区: 和西部沿岸区为轻度污染，东部沿岸区水质为优; 湖心区: 、北部沿岸区和西部沿岸区为轻度污染，东部沿岸区水质为优,17,,,,,,,1069.12451171875,743.2376708984375,801.5537109375,396.7691650390625,135.24380493164062,-0.0247064251452684,0.0134557746350765,0.0281487759202718,0.5001664161682129,,,,,,,,,False,,,,2329.357405,0.5138400197029114,0.5113428545961378,野外采样点(独立坐标),120.1990832,31.2470365,0.0054,zenodo_taihu_insitu,,,,,,,,,0.0054,0.0054,train
IN_SITU_GROUP,2023-10,field_sample_point,,,,,,,,,,,,,,,,,Ⅲ类水质,轻度富营养,东部沿岸区: 中营养; 西部沿岸区: 轻度污染，东部沿岸区水质为优; 北部沿岸区: Ⅲ类,轻度污染，主要污染指标为总磷,东部沿岸区: 水质为优; 西部沿岸区: 轻度污染，东部沿岸区水质为优; 北部沿岸区: 和西部沿岸区为轻度污染，东部沿岸区水质为优; 湖心区: 、北部沿岸区和西部沿岸区为轻度污染，东部沿岸区水质为优,17,,,,,,,1069.12451171875,743.2376708984375,801.5537109375,396.7691650390625,135.24380493164062,-0.0247064251452684,0.0134557746350765,0.0281487759202718,0.5001664161682129,,,,,,,,,False,,,,2329.357405,0.5138400197029114,0.5113428545961378,野外采样点(独立坐标),120.1990832,31.2470365,0.00452,zenodo_taihu_insitu,,,,,,,,,0.00452,0.00452,train
IN_SITU_GROUP,2023-10,field_sample_point,,,,,,,,,,,,,,,,,Ⅲ类水质,轻度富营养,东部沿岸区: 中营养; 西部沿岸区: 轻度污染，东部沿岸区水质为优; 北部沿岸区: Ⅲ类,轻度污染，主要污染指标为总磷,东部沿岸区: 水质为优; 西部沿岸区: 轻度污染，东部沿岸区水质为优; 北部沿岸区: 和西部沿岸区为轻度污染，东部沿岸区水质为优; 湖心区: 、北部沿岸区和西部沿岸区为轻度污染，东部沿岸区水质为优,17,,,,,,,1069.12451171875,743.2376708984375,801.5537109375,396.7691650390625,135.24380493164062,-0.0247064251452684,0.0134557746350765,0.0281487759202718,0.5001664161682129,,,,,,,,,False,,,,2329.357405,0.5138400197029114,0.5113428545961378,野外采样点(独立坐标),120.1990832,31.2470365,0.00471,zenodo_taihu_insitu,,,,,,,,,0.00471,0.00471,train
IN_SITU_GROUP,2023-10,field_sample_point,,,,,,,,,,,,,,,,,Ⅲ类水质,轻度富营养,东部沿岸区: 中营养; 西部沿岸区: 轻度污染，东部沿岸区水质为优; 北部沿岸区: Ⅲ类,轻度污染，主要污染指标为总磷,东部沿岸区: 水质为优; 西部沿岸区: 轻度污染，东部沿岸区水质为优; 北部沿岸区: 和西部沿岸区为轻度污染，东部沿岸区水质为优; 湖心区: 、北部沿岸区和西部沿岸区为轻度污染，东部沿岸区水质为优,17,,,,,,,1069.12451171875,743.2376708984375,801.5537109375,396.7691650390625,135.24380493164062,-0.0247064251452684,0.0134557746350765,0.0281487759202718,0.5001664161682129,,,,,,,,,False,,,,2329.357405,0.5138400197029114,0.5113428545961378,野外采样点(独立坐标),120.1990832,31.2470365,0.00494,zenodo_taihu_insitu,,,,,,,,,0.00494,0.00494,train
IN_SITU_GROUP,2023-10,field_sample_point,,,,,,,,,,,,,,,,,Ⅲ类水质,轻度富营养,东部沿岸区: 中营养; 西部沿岸区: 轻度污染，东部沿岸区水质为优; 北部沿岸区: Ⅲ类,轻度污染，主要污染指标为总磷,东部沿岸区: 水质为优; 西部沿岸区: 轻度污染，东部沿岸区水质为优; 北部沿岸区: 和西部沿岸区为轻度污染，东部沿岸区水质为优; 湖心区: 、北部沿岸区和西部沿岸区为轻度污染，东部沿岸区水质为优,17,,,,,,,1069.12451171875,743.2376708984375,801.5537109375,396.7691650390625,135.24380493164062,-0.0247064251452684,0.0134557746350765,0.0281487759202718,0.5001664161682129,,,,,,,,,False,,,,2329.357405,0.5138400197029114,0.5113428545961378,野外采样点(独立坐标),120.1990832,31.2470365,0.00773,zenodo_taihu_insitu,,,,,,,,,0.00773,0.00773,train
IN_SITU_GROUP,2023-10,field_sample_point,,,,,,,,,,,,,,,,,Ⅲ类水质,轻度富营养,东部沿岸区: 中营养; 西部沿岸区: 轻度污染，东部沿岸区水质为优; 北部沿岸区: Ⅲ类,轻度污染，主要污染指标为总磷,东部沿岸区: 水质为优; 西部沿岸区: 轻度污染，东部沿岸区水质为优; 北部沿岸区: 和西部沿岸区为轻度污染，东部沿岸区水质为优; 湖心区: 、北部沿岸区和西部沿岸区为轻度污染，东部沿岸区水质为优,17,,,,,,,1069.12451171875,743.2376708984375,801.5537109375,396.7691650390625,135.24380493164062,-0.0247064251452684,0.0134557746350765,0.0281487759202718,0.5001664161682129,,,,,,,,,False,,,,2329.357405,0.5138400197029114,0.5113428545961378,野外采样点(独立坐标),120.1990832,31.2470365,0.0067199999999999,zenodo_taihu_insitu,,,,,,,,,0.0067199999999999,0.0067199999999999,train
IN_SITU_GROUP,2023-10,field_sample_point,,,,,,,,,,,,,,,,,Ⅲ类水质,轻度富营养,东部沿岸区: 中营养; 西部沿岸区: 轻度污染，东部沿岸区水质为优; 北部沿岸区: Ⅲ类,轻度污染，主要污染指标为总磷,东部沿岸区: 水质为优; 西部沿岸区: 轻度污染，东部沿岸区水质为优; 北部沿岸区: 和西部沿岸区为轻度污染，东部沿岸区水质为优; 湖心区: 、北部沿岸区和西部沿岸区为轻度污染，东部沿岸区水质为优,17,,,,,,,1069.12451171875,743.2376708984375,801.5537109375,396.7691650390625,135.24380493164062,-0.0247064251452684,0.0134557746350765,0.0281487759202718,0.5001664161682129,,,,,,,,,False,,,,2329.357405,0.5138400197029114,0.5113428545961378,野外采样点(独立坐标),120.1990832,31.2470365,0.00726,zenodo_taihu_insitu,,,,,,,,,0.00726,0.00726,train
IN_SITU_GROUP,2023-10,field_sample_point,,,,,,,,,,,,,,,,,Ⅲ类水质,轻度富营养,东部沿岸区: 中营养; 西部沿岸区: 轻度污染，东部沿岸区水质为优; 北部沿岸区: Ⅲ类,轻度污染，主要污染指标为总磷,东部沿岸区: 水质为优; 西部沿岸区: 轻度污染，东部沿岸区水质为优; 北部沿岸区: 和西部沿岸区为轻度污染，东部沿岸区水质为优; 湖心区: 、北部沿岸区和西部沿岸区为轻度污染，东部沿岸区水质为优,17,,,,,,,1069.12451171875,743.2376708984375,801.5537109375,396.7691650390625,135.24380493164062,-0.0247064251452684,0.0134557746350765,0.0281487759202718,0.5001664161682129,,,,,,,,,False,,,,2329.357405,0.5138400197029114,0.5113428545961378,野外采样点(独立坐标),120.1990832,31.2470365,0.00654,zenodo_taihu_insitu,,,,,,,,,0.00654,0.00654,train
IN_SITU_GROUP,2023-10,field_sample_point,,,,,,,,,,,,,,,,,Ⅲ类水质,轻度富营养,东部沿岸区: 中营养; 西部沿岸区: 轻度污染，东部沿岸区水质为优; 北部沿岸区: Ⅲ类,轻度污染，主要污染指标为总磷,东部沿岸区: 水质为优; 西部沿岸区: 轻度污染，东部沿岸区水质为优; 北部沿岸区: 和西部沿岸区为轻度污染，东部沿岸区水质为优; 湖心区: 、北部沿岸区和西部沿岸区为轻度污染，东部沿岸区水质为优,17,,,,,,,1069.12451171875,743.2376708984375,801.5537109375,396.7691650390625,135.24380493164062,-0.0247064251452684,0.0134557746350765,0.0281487759202718,0.5001664161682129,,,,,,,,,False,,,,2329.357405,0.5138400197029114,0.5113428545961378,野外采样点(独立坐标),120.1990832,31.2470365,0.00822,zenodo_taihu_insitu,,,,,,,,,0.00822,0.00822,train
IN_SITU_GROUP,2023-10,field_sample_point,,,,,,,,,,,,,,,,,Ⅲ类水质,轻度富营养,东部沿岸区: 中营养; 西部沿岸区: 轻度污染，东部沿岸区水质为优; 北部沿岸区: Ⅲ类,轻度污染，主要污染指标为总磷,东部沿岸区: 水质为优; 西部沿岸区: 轻度污染，东部沿岸区水质为优; 北部沿岸区: 和西部沿岸区为轻度污染，东部沿岸区水质为优; 湖心区: 、北部沿岸区和西部沿岸区为轻度污染，东部沿岸区水质为优,17,,,,,,,1069.12451171875,743.2376708984375,801.5537109375,396.7691650390625,135.24380493164062,-0.0247064251452684,0.0134557746350765,0.0281487759202718,0.5001664161682129,,,,,,,,,False,,,,2329.357405,0.5138400197029114,0.5113428545961378,野外采样点(独立坐标),120.1990832,31.2470365,0.00973,zenodo_taihu_insitu,,,,,,,,,0.00973,0.00973,train
NASA_POWER_120.300_31.200,2023-10,grid_point,,,,,,,,,,,,20.013387096774192,684.73,3.560954301075269,130.22889784946236,151.75658602150537,Ⅲ类水质,轻度富营养,东部沿岸区: 中营养; 西部沿岸区: 轻度污染，东部沿岸区水质为优; 北部沿岸区: Ⅲ类,轻度污染，主要污染指标为总磷,东部沿岸区: 水质为优; 西部沿岸区: 轻度污染，东部沿岸区水质为优; 北部沿岸区: 和西部沿岸区为轻度污染，东部沿岸区水质为优; 湖心区: 、北部沿岸区和西部沿岸区为轻度污染，东部沿岸区水质为优,17,,,,,,,1069.12451171875,743.2376708984375,801.5537109375,396.7691650390625,135.24380493164062,-0.0247064251452684,0.0134557746350765,0.0281487759202718,0.5001664161682129,,,,,,,,,False,1.0,31.2,120.3,2329.357405,0.5138400197029114,0.5113428545961378,太湖区格点 NASA_POWER_120.300_31.200,120.3,31.2,,,,,,,,,,,,,train
TAIHU_WHOLE,2023-10,lake_subregion,,,,,,,,,,,,,,,,,Ⅲ类水质,轻度富营养,东部沿岸区: 中营养; 西部沿岸区: 轻度污染，东部沿岸区水质为优; 北部沿岸区: Ⅲ类,轻度污染，主要污染指标为总磷,东部沿岸区: 水质为优; 西部沿岸区: 轻度污染，东部沿岸区水质为优; 北部沿岸区: 和西部沿岸区为轻度污染，东部沿岸区水质为优; 湖心区: 、北部沿岸区和西部沿岸区为轻度污染，东部沿岸区水质为优,17,,,,,,,1069.12451171875,743.2376708984375,801.5537109375,396.7691650390625,135.24380493164062,-0.0247064251452684,0.0134557746350765,0.0281487759202718,0.5001664161682129,,,,,,,,,False,,,,2329.357405,0.5138400197029114,0.5113428545961378,太湖全湖(18/17点位均值),,,,,,,,,,,,,,,train
NASA_POWER_120.300_31.200,2023-11,grid_point,,,,,,,,,,,,13.232333333333335,1237.38,4.280722222222222,208.3372222222222,128.96729166666665,"V类水质，其中，湖心区、东部沿岸区和西部沿岸
区为IV类水质",,西部沿岸区: 中营养; 北部沿岸区: 轻度污染，西部沿岸区水质良好,轻度污染，主要污染指标为总磷,东部沿岸区: 和北部沿岸区为轻度污染，西部沿岸区水质良好; 西部沿岸区: 水质良好; 北部沿岸区: 轻度污染，西部沿岸区水质良好; 湖心区: 、东部沿岸区和北部沿岸区为轻度污染，西部沿岸区水质良好,17,,,,,,,1135.1175537109375,1040.530517578125,1033.1068115234375,553.9815063476562,97.49441528320312,-0.0310093704611063,0.010253288783133,-0.0041301138699054,0.3685599863529205,,,,,,,,,False,1.0,31.2,120.3,2329.357405,0.5138400197029114,0.5113428545961378,太湖区格点 NASA_POWER_120.300_31.200,120.3,31.2,,,,,,,,,,,,,train
TAIHU_WHOLE,2023-11,lake_subregion,,,,,,,,,,,,,,,,,"V类水质，其中，湖心区、东部沿岸区和西部沿岸
区为IV类水质",,西部沿岸区: 中营养; 北部沿岸区: 轻度污染，西部沿岸区水质良好,轻度污染，主要污染指标为总磷,东部沿岸区: 和北部沿岸区为轻度污染，西部沿岸区水质良好; 西部沿岸区: 水质良好; 北部沿岸区: 轻度污染，西部沿岸区水质良好; 湖心区: 、东部沿岸区和北部沿岸区为轻度污染，西部沿岸区水质良好,17,,,,,,,1135.1175537109375,1040.530517578125,1033.1068115234375,553.9815063476562,97.49441528320312,-0.0310093704611063,0.010253288783133,-0.0041301138699054,0.3685599863529205,,,,,,,,,False,,,,2329.357405,0.5138400197029114,0.5113428545961378,太湖全湖(18/17点位均值),,,,,,,,,,,,,,,train
NASA_POWER_120.300_31.200,2023-12,grid_point,,,,,,,,,,,,5.19369623655914,1112.24,4.024852150537635,228.61747311827955,96.3309677419355,Ⅳ类水质，其中，西部沿岸区为劣V类水质,,"东部沿岸区: Ⅲ类; 西部沿岸区: 轻度污染，
湖心区、东部沿岸区和北部沿岸区水质良好",水质良好,"东部沿岸区: 和北部沿岸区水质良好; 西部沿岸区: 轻度污染，
湖心区、东部沿岸区和北部沿岸区水质良好; 北部沿岸区: 水质良好; 湖心区: 、东部沿岸区和北部沿岸区水质良好",17,,,,,,,1381.3228759765625,1257.7489013671875,1195.2275390625,654.7476806640625,92.66559600830078,-0.0385626144707202,0.0073780585080385,-0.0289660580456256,0.3722555041313171,,,,,,,,,False,1.0,31.2,120.3,2329.357405,0.5138400197029114,0.5113428545961378,太湖区格点 NASA_POWER_120.300_31.200,120.3,31.2,,,,,,,,,,,,,train
TAIHU_WHOLE,2023-12,lake_subregion,,,,,,,,,,,,,,,,,Ⅳ类水质，其中，西部沿岸区为劣V类水质,,"东部沿岸区: Ⅲ类; 西部沿岸区: 轻度污染，
湖心区、东部沿岸区和北部沿岸区水质良好",水质良好,"东部沿岸区: 和北部沿岸区水质良好; 西部沿岸区: 轻度污染，
湖心区、东部沿岸区和北部沿岸区水质良好; 北部沿岸区: 水质良好; 湖心区: 、东部沿岸区和北部沿岸区水质良好",17,,,,,,,1381.3228759765625,1257.7489013671875,1195.2275390625,654.7476806640625,92.66559600830078,-0.0385626144707202,0.0073780585080385,-0.0289660580456256,0.3722555041313171,,,,,,,,,False,,,,2329.357405,0.5138400197029114,0.5113428545961378,太湖全湖(18/17点位均值),,,,,,,,,,,,,,,train
NASA_POWER_120.300_31.200,2024-01,grid_point,,,,,,,,,,,,4.801384408602151,1099.0,3.9286962365591394,208.83575268817202,101.86741935483872,V类水质，其中，西部沿岸区为劣V类水质,轻度富营养,东部沿岸区: Ⅲ类; 西部沿岸区: 轻度污染，湖心区、东部沿岸区和北部沿岸区水质良好; 北部沿岸区: IV类; 湖心区: 轻度富营养，东部沿岸区和北部沿岸区为中营养,轻度污染，主要污染指标为总磷,东部沿岸区: 和北部沿岸区水质良好; 西部沿岸区: 轻度污染，湖心区、东部沿岸区和北部沿岸区水质良好; 北部沿岸区: 水质良好; 湖心区: 、东部沿岸区和北部沿岸区水质良好,17,,,,,,,1290.7103271484375,997.6209106445312,924.9126586914062,451.866455078125,114.53367614746094,-0.0380656048655509,0.0050630290061235,-0.037689097225666,0.4868334233760834,,,,,,,,,False,1.0,31.2,120.3,2329.357405,0.5138400197029114,0.5113428545961378,太湖区格点 NASA_POWER_120.300_31.200,120.3,31.2,,,,,,,,,,,,,train
TAIHU_WHOLE,2024-01,lake_subregion,,,,,,,,,,,,,,,,,V类水质，其中，西部沿岸区为劣V类水质,轻度富营养,东部沿岸区: Ⅲ类; 西部沿岸区: 轻度污染，湖心区、东部沿岸区和北部沿岸区水质良好; 北部沿岸区: IV类; 湖心区: 轻度富营养，东部沿岸区和北部沿岸区为中营养,轻度污染，主要污染指标为总磷,东部沿岸区: 和北部沿岸区水质良好; 西部沿岸区: 轻度污染，湖心区、东部沿岸区和北部沿岸区水质良好; 北部沿岸区: 水质良好; 湖心区: 、东部沿岸区和北部沿岸区水质良好,17,,,,,,,1290.7103271484375,997.6209106445312,924.9126586914062,451.866455078125,114.53367614746094,-0.0380656048655509,0.0050630290061235,-0.037689097225666,0.4868334233760834,,,,,,,,,False,,,,2329.357405,0.5138400197029114,0.5113428545961378,太湖全湖(18/17点位均值),,,,,,,,,,,,,,,train
NASA_POWER_120.300_31.200,2024-02,grid_point,,,,,,,,,,,,5.320359195402299,4770.7,4.721695402298851,188.07528735632184,91.44067528735631,V类水质,轻度富营养,东部沿岸区: V类; 西部沿岸区: 轻度污染，北部沿岸区水质良好; 北部沿岸区: IV类,轻度污染，主要污染指标为总磷,东部沿岸区: 和西部沿岸区为轻度污染，北部沿岸区水质良好; 西部沿岸区: 轻度污染，北部沿岸区水质良好; 北部沿岸区: 水质良好; 湖心区: 、东部沿岸区和西部沿岸区为轻度污染，北部沿岸区水质良好,17,,,,,,,1155.08447265625,843.270751953125,733.7163696289062,279.2033386230469,59.46885681152344,-0.0417427830398082,0.0017916741780936,-0.0719773098826408,0.6208526492118835,,,,,,,,,False,1.0,31.2,120.3,2329.357405,0.5138400197029114,0.5113428545961378,太湖区格点 NASA_POWER_120.300_31.200,120.3,31.2,,,,,,,,,,,,,train
TAIHU_WHOLE,2024-02,lake_subregion,,,,,,,,,,,,,,,,,V类水质,轻度富营养,东部沿岸区: V类; 西部沿岸区: 轻度污染，北部沿岸区水质良好; 北部沿岸区: IV类,轻度污染，主要污染指标为总磷,东部沿岸区: 和西部沿岸区为轻度污染，北部沿岸区水质良好; 西部沿岸区: 轻度污染，北部沿岸区水质良好; 北部沿岸区: 水质良好; 湖心区: 、东部沿岸区和西部沿岸区为轻度污染，北部沿岸区水质良好,17,,,,,,,1155.08447265625,843.270751953125,733.7163696289062,279.2033386230469,59.46885681152344,-0.0417427830398082,0.0017916741780936,-0.0719773098826408,0.6208526492118835,,,,,,,,,False,,,,2329.357405,0.5138400197029114,0.5113428545961378,太湖全湖(18/17点位均值),,,,,,,,,,,,,,,train
NASA_POWER_120.300_31.200,2024-03,grid_point,,,,,,,,,,,,11.844005376344088,1930.6299999999999,4.190524193548387,168.09959677419354,156.58556451612904,,轻度富营养,东部沿岸区: 中营养; 西部沿岸区: 劣V类水质; 北部沿岸区: ⅣV类,水质良好,"东部沿岸区: 、北
部沿岸区和西部沿岸区水质均为良好; 西部沿岸区: 水质均为良好; 北部沿岸区: 水质无明显变化; 湖心区: 、东部沿岸区、北
部沿岸区和西部沿岸区水质均为良好",17,,,,,,,1306.79248046875,1055.502685546875,960.1390991210938,418.132080078125,92.2516860961914,-0.0457592792809009,0.0048654484562575,-0.050414502620697,0.5253187417984009,,,,,,,,,False,1.0,31.2,120.3,2329.357405,0.5138400197029114,0.5113428545961378,太湖区格点 NASA_POWER_120.300_31.200,120.3,31.2,,,,,,,,,,,,,train
TAIHU_WHOLE,2024-03,lake_subregion,,,,,,,,,,,,,,,,,,轻度富营养,东部沿岸区: 中营养; 西部沿岸区: 劣V类水质; 北部沿岸区: ⅣV类,水质良好,"东部沿岸区: 、北
部沿岸区和西部沿岸区水质均为良好; 西部沿岸区: 水质均为良好; 北部沿岸区: 水质无明显变化; 湖心区: 、东部沿岸区、北
部沿岸区和西部沿岸区水质均为良好",17,,,,,,,1306.79248046875,1055.502685546875,960.1390991210938,418.132080078125,92.2516860961914,-0.0457592792809009,0.0048654484562575,-0.050414502620697,0.5253187417984009,,,,,,,,,False,,,,2329.357405,0.5138400197029114,0.5113428545961378,太湖全湖(18/17点位均值),,,,,,,,,,,,,,,train
NASA_POWER_120.300_31.200,2024-04,grid_point,,,,,,,,,,,,17.84388888888889,4700.85,4.11525,126.71152777777777,160.19920833333333,"V类水质，其中，湖心区和西部沿岸区为劣V类水
质",,"东部沿岸区: V类; 西部沿岸区: 轻度污染，
湖心区、东部沿岸区和北部沿岸区水质良好; 北部沿岸区: IV类",水质良好,"东部沿岸区: 和北部沿岸区水质良好; 西部沿岸区: 轻度污染，
湖心区、东部沿岸区和北部沿岸区水质良好; 北部沿岸区: 水质良好; 湖心区: 、东部沿岸区和北部沿岸区水质良好",17,,,,,,,5802.00244140625,5580.81396484375,5824.66015625,5478.90380859375,3817.968994140625,-0.0548356845974922,0.015014904551208,-0.0056759053841233,0.4795602858066559,,,,,,,,,True,1.0,31.2,120.3,2329.357405,0.5138400197029114,0.5113428545961378,太湖区格点 NASA_POWER_120.300_31.200,120.3,31.2,,,,,,,,,,,,,train
TAIHU_WHOLE,2024-04,lake_subregion,,,,,,,,,,,,,,,,,"V类水质，其中，湖心区和西部沿岸区为劣V类水
质",,"东部沿岸区: V类; 西部沿岸区: 轻度污染，
湖心区、东部沿岸区和北部沿岸区水质良好; 北部沿岸区: IV类",水质良好,"东部沿岸区: 和北部沿岸区水质良好; 西部沿岸区: 轻度污染，
湖心区、东部沿岸区和北部沿岸区水质良好; 北部沿岸区: 水质良好; 湖心区: 、东部沿岸区和北部沿岸区水质良好",17,,,,,,,5802.00244140625,5580.81396484375,5824.66015625,5478.90380859375,3817.968994140625,-0.0548356845974922,0.015014904551208,-0.0056759053841233,0.4795602858066559,,,,,,,,,True,,,,2329.357405,0.5138400197029114,0.5113428545961378,太湖全湖(18/17点位均值),,,,,,,,,,,,,,,train
NASA_POWER_120.300_31.200,2024-05,grid_point,,,,,,,,,,,,21.320094086021506,3242.82,4.053400537634409,139.70067204301077,227.59560483870968,V类水质，其中，湖心区和西部沿岸区为V类水质,轻度富营养,"东部沿岸区: 中营养; 西部沿岸区: 轻度污染，
湖心区和北部沿岸区水质良好，东部沿岸区水质为优; 北部沿岸区: IV类",水质良好,"东部沿岸区: 水质为优; 西部沿岸区: 轻度污染，
湖心区和北部沿岸区水质良好，东部沿岸区水质为优; 北部沿岸区: 水质良好，东部沿岸区水质为优; 湖心区: 和北部沿岸区水质良好，东部沿岸区水质为优",17,,,,,,,1407.35693359375,1154.3831787109375,1157.723388671875,705.7698974609375,459.1531372070313,-0.030304254963994,0.0111187705770134,0.0033278313931077,0.3459800183773041,,,,,,,,,False,1.0,31.2,120.3,2329.357405,0.5138400197029114,0.5113428545961378,太湖区格点 NASA_POWER_120.300_31.200,120.3,31.2,,,,,,,,,,,,,train
TAIHU_WHOLE,2024-05,lake_subregion,,,,,,,,,,,,,,,,,V类水质，其中，湖心区和西部沿岸区为V类水质,轻度富营养,"东部沿岸区: 中营养; 西部沿岸区: 轻度污染，
湖心区和北部沿岸区水质良好，东部沿岸区水质为优; 北部沿岸区: IV类",水质良好,"东部沿岸区: 水质为优; 西部沿岸区: 轻度污染，
湖心区和北部沿岸区水质良好，东部沿岸区水质为优; 北部沿岸区: 水质良好，东部沿岸区水质为优; 湖心区: 和北部沿岸区水质良好，东部沿岸区水质为优",17,,,,,,,1407.35693359375,1154.3831787109375,1157.723388671875,705.7698974609375,459.1531372070313,-0.030304254963994,0.0111187705770134,0.0033278313931077,0.3459800183773041,,,,,,,,,False,,,,2329.357405,0.5138400197029114,0.5113428545961378,太湖全湖(18/17点位均值),,,,,,,,,,,,,,,train
NASA_POWER_120.300_31.200,2024-06,grid_point,,,,,,,,,,,,25.403055555555557,10117.98,3.415,168.12097222222224,166.28297222222224,"IV类水质，其中，西部沿岸区为V类水质：湖心区
为IⅣ类",中营养,"西部沿岸区: 轻度污染，
湖心区和北部沿岸区水质良好，东部沿岸区水质为优; 北部沿岸区: Ⅲ类",水质良好,"东部沿岸区: 水质为优; 西部沿岸区: 轻度污染，
湖心区和北部沿岸区水质良好，东部沿岸区水质为优; 北部沿岸区: 水质良好，东部沿岸区水质为优; 湖心区: 和北部沿岸区水质良好，东部沿岸区水质为优",17,,,,,,,1988.06787109375,1576.390380859375,1586.169921875,1063.866455078125,746.9578857421875,-0.0379028059542179,0.0116215590387582,0.0023726129438728,0.4009183943271637,,,,,,,,,False,1.0,31.2,120.3,2329.357405,0.5138400197029114,0.5113428545961378,太湖区格点 NASA_POWER_120.300_31.200,120.3,31.2,,,,,,,,,,,,,train
TAIHU_WHOLE,2024-06,lake_subregion,,,,,,,,,,,,,,,,,"IV类水质，其中，西部沿岸区为V类水质：湖心区
为IⅣ类",中营养,"西部沿岸区: 轻度污染，
湖心区和北部沿岸区水质良好，东部沿岸区水质为优; 北部沿岸区: Ⅲ类",水质良好,"东部沿岸区: 水质为优; 西部沿岸区: 轻度污染，
湖心区和北部沿岸区水质良好，东部沿岸区水质为优; 北部沿岸区: 水质良好，东部沿岸区水质为优; 湖心区: 和北部沿岸区水质良好，东部沿岸区水质为优",17,,,,,,,1988.06787109375,1576.390380859375,1586.169921875,1063.866455078125,746.9578857421875,-0.0379028059542179,0.0116215590387582,0.0023726129438728,0.4009183943271637,,,,,,,,,False,,,,2329.357405,0.5138400197029114,0.5113428545961378,太湖全湖(18/17点位均值),,,,,,,,,,,,,,,train
NASA_POWER_120.300_31.200,2024-07,grid_point,,,,,,,,,,,,30.20069892473118,3917.77,4.2878225806451615,199.01438172043012,213.25598118279572,"IⅣ类水质，其中，湖心区、东部沿岸区和西部沿岸
区为IⅣV类",中营养,"东部沿岸区: 中营养; 西部沿岸区: 轻度
富营养，湖心区和东部沿岸区为中营养; 北部沿岸区: Ⅲ类",水质良好,"东部沿岸区: 水质为优; 西部沿岸区: 水质良好，湖心区和东部沿岸区水质为优; 北部沿岸区: 和西部沿岸区
水质良好，湖心区和东部沿岸区水质为优; 湖心区: 和东部沿岸区水质为优",17,,,,,,,1371.4405517578125,1141.6995849609375,1233.3980712890625,631.9617919921875,296.4257202148437,-0.0355021953582763,0.0208082143217325,0.0454182215034961,0.4265550673007965,,,,,,,,,False,1.0,31.2,120.3,2329.357405,0.5138400197029114,0.5113428545961378,太湖区格点 NASA_POWER_120.300_31.200,120.3,31.2,,,,,,,,,,,,,train
TAIHU_WHOLE,2024-07,lake_subregion,,,,,,,,,,,,,,,,,"IⅣ类水质，其中，湖心区、东部沿岸区和西部沿岸
区为IⅣV类",中营养,"东部沿岸区: 中营养; 西部沿岸区: 轻度
富营养，湖心区和东部沿岸区为中营养; 北部沿岸区: Ⅲ类",水质良好,"东部沿岸区: 水质为优; 西部沿岸区: 水质良好，湖心区和东部沿岸区水质为优; 北部沿岸区: 和西部沿岸区
水质良好，湖心区和东部沿岸区水质为优; 湖心区: 和东部沿岸区水质为优",17,,,,,,,1371.4405517578125,1141.6995849609375,1233.3980712890625,631.9617919921875,296.4257202148437,-0.0355021953582763,0.0208082143217325,0.0454182215034961,0.4265550673007965,,,,,,,,,False,,,,2329.357405,0.5138400197029114,0.5113428545961378,太湖全湖(18/17点位均值),,,,,,,,,,,,,,,train
NASA_POWER_120.300_31.200,2024-08,grid_point,,,,,,,,,,,,31.349408602150536,2054.33,2.7226478494623656,152.85873655913977,228.61576612903227,Ⅲ类水质,轻度富营养,"东部沿岸区: Ⅱ类; 西部沿岸区: 中度污染，北部沿岸区为轻度污染，湖心区水质良好，东部沿岸区水质
为优; 北部沿岸区: 轻度污染，湖心区水质良好，东部沿岸区水质
为优",轻度污染，主要污染指标为总磷,"东部沿岸区: 水质
为优; 西部沿岸区: 中度污染，北部沿岸区为轻度污染，湖心区水质良好，东部沿岸区; 北部沿岸区: 轻度污染，湖心区水质良好，东部沿岸区水质
为优; 湖心区: 水质良好，东部沿岸区水质
为优",17,,,,,,,1248.0,878.8394775390625,961.6221313476562,514.7916259765625,298.8608703613281,-0.0257436335086822,0.0166327208280563,0.0429180413484573,0.472901314496994,,,,,,,,,False,1.0,31.2,120.3,2329.357405,0.5138400197029114,0.5113428545961378,太湖区格点 NASA_POWER_120.300_31.200,120.3,31.2,,,,,,,,,,,,,train
TAIHU_WHOLE,2024-08,lake_subregion,,,,,,,,,,,,,,,,,Ⅲ类水质,轻度富营养,"东部沿岸区: Ⅱ类; 西部沿岸区: 中度污染，北部沿岸区为轻度污染，湖心区水质良好，东部沿岸区水质
为优; 北部沿岸区: 轻度污染，湖心区水质良好，东部沿岸区水质
为优",轻度污染，主要污染指标为总磷,"东部沿岸区: 水质
为优; 西部沿岸区: 中度污染，北部沿岸区为轻度污染，湖心区水质良好，东部沿岸区; 北部沿岸区: 轻度污染，湖心区水质良好，东部沿岸区水质
为优; 湖心区: 水质良好，东部沿岸区水质
为优",17,,,,,,,1248.0,878.8394775390625,961.6221313476562,514.7916259765625,298.8608703613281,-0.0257436335086822,0.0166327208280563,0.0429180413484573,0.472901314496994,,,,,,,,,False,,,,2329.357405,0.5138400197029114,0.5113428545961378,太湖全湖(18/17点位均值),,,,,,,,,,,,,,,train
NASA_POWER_120.300_31.200,2024-09,grid_point,,,,,,,,,,,,27.614833333333333,6034.07,4.521875,117.42888888888889,168.95483333333334,Ⅲ类水质,轻度富营养,东部沿岸区: Ⅱ类; 西部沿岸区: 轻度污染，湖心区和东部沿岸区水质良好; 湖心区: Ⅲ类,轻度污染，主要超标指标为总磷,东部沿岸区: 水质良好; 西部沿岸区: 轻度污染，湖心区和东部沿岸区水质良好; 北部沿岸区: 和西部沿岸区为轻度污染，湖心区和东部沿岸区水质良好; 湖心区: 和东部沿岸区水质良好,17,,,,91.78187815348308,91.78187815348308,91.78187815348308,1512.938232421875,1175.27392578125,1291.5091552734375,841.8453979492188,549.4288940429688,-0.0241913292557001,0.0151808494701981,0.036702062934637,0.5511711239814758,,,,,,,,,False,1.0,31.2,120.3,2329.357405,0.5138400197029114,0.5113428545961378,太湖区格点 NASA_POWER_120.300_31.200,120.3,31.2,,,,,,,,,,,,,train
TAIHU_WHOLE,2024-09,lake_subregion,,,,,,,,,,,,,,,,,Ⅲ类水质,轻度富营养,东部沿岸区: Ⅱ类; 西部沿岸区: 轻度污染，湖心区和东部沿岸区水质良好; 湖心区: Ⅲ类,轻度污染，主要超标指标为总磷,东部沿岸区: 水质良好; 西部沿岸区: 轻度污染，湖心区和东部沿岸区水质良好; 北部沿岸区: 和西部沿岸区为轻度污染，湖心区和东部沿岸区水质良好; 湖心区: 和东部沿岸区水质良好,17,,,,91.78187815348308,91.78187815348308,91.78187815348308,1512.938232421875,1175.27392578125,1291.5091552734375,841.8453979492188,549.4288940429688,-0.0241913292557001,0.0151808494701981,0.036702062934637,0.5511711239814758,,,,,,,,,False,,,,2329.357405,0.5138400197029114,0.5113428545961378,太湖全湖(18/17点位均值),,,,,,,,,,,,,,,train
NASA_POWER_120.300_31.200,2024-10,grid_point,,,,,,,,,,,,18.949596774193548,3269.79,4.630524193548387,132.64260752688173,122.60163978494623,"Ⅲ类水质，其中，北部沿岸区和西部沿岸区为Ⅳ类
水质",轻度富营养,东部沿岸区: Ⅲ类; 西部沿岸区: 轻度污染，湖心区和东部沿岸区水质良好,轻度污染，主要超标指标为总磷,东部沿岸区: 水质良好; 西部沿岸区: 轻度污染，湖心区和东部沿岸区水质良好; 北部沿岸区: 和西部沿岸区为轻度污染，湖心区和东部沿岸区水质良好; 湖心区: 和东部沿岸区水质良好,17,,,,91.73217010498048,91.73217010498048,91.73217010498048,1273.0609130859375,1010.0089111328124,1183.2662353515625,742.7382202148438,136.5853729248047,-0.0104465158656239,0.0234182272106409,0.0741762146353721,0.3305953443050384,,,,,,,,,False,1.0,31.2,120.3,2329.357405,0.5138400197029114,0.5113428545961378,太湖区格点 NASA_POWER_120.300_31.200,120.3,31.2,,,,,,,,,,,,,train
TAIHU_WHOLE,2024-10,lake_subregion,,,,,,,,,,,,,,,,,"Ⅲ类水质，其中，北部沿岸区和西部沿岸区为Ⅳ类
水质",轻度富营养,东部沿岸区: Ⅲ类; 西部沿岸区: 轻度污染，湖心区和东部沿岸区水质良好,轻度污染，主要超标指标为总磷,东部沿岸区: 水质良好; 西部沿岸区: 轻度污染，湖心区和东部沿岸区水质良好; 北部沿岸区: 和西部沿岸区为轻度污染，湖心区和东部沿岸区水质良好; 湖心区: 和东部沿岸区水质良好,17,,,,91.73217010498048,91.73217010498048,91.73217010498048,1273.0609130859375,1010.0089111328124,1183.2662353515625,742.7382202148438,136.5853729248047,-0.0104465158656239,0.0234182272106409,0.0741762146353721,0.3305953443050384,,,,,,,,,False,,,,2329.357405,0.5138400197029114,0.5113428545961378,太湖全湖(18/17点位均值),,,,,,,,,,,,,,,train
NASA_POWER_120.300_31.200,2024-11,grid_point,,,,,,,,,,,,13.666250000000002,2769.25,4.559430555555555,131.28333333333333,116.07936111111111,"Ⅲ类水质，其中，北部沿岸区和西部沿岸区为Ⅳ类
水质",轻度富营养,"东部沿岸区: Ⅲ类; 西部沿岸区: 轻度污染，
湖心区、东部沿岸区和北部沿岸区水质良好; 北部沿岸区: 中营养",水质良好,"东部沿岸区: 和北部沿岸区水质良好; 西部沿岸区: 轻度污染，
湖心区、东部沿岸区和北部沿岸区水质良好; 北部沿岸区: 水质良好; 湖心区: 、东部沿岸区和北部沿岸区水质良好",17,,,,99.34104665120442,99.34104665120442,99.34104665120442,1187.8092041015625,1257.507568359375,1316.7454833984375,1002.3102416992188,140.32757568359375,-0.0046088593080639,0.0116918794810771,0.0228076353669166,0.0971211567521095,,,,,,,,,False,1.0,31.2,120.3,2329.357405,0.5138400197029114,0.5113428545961378,太湖区格点 NASA_POWER_120.300_31.200,120.3,31.2,,,,,,,,,,,,,train
TAIHU_WHOLE,2024-11,lake_subregion,,,,,,,,,,,,,,,,,"Ⅲ类水质，其中，北部沿岸区和西部沿岸区为Ⅳ类
水质",轻度富营养,"东部沿岸区: Ⅲ类; 西部沿岸区: 轻度污染，
湖心区、东部沿岸区和北部沿岸区水质良好; 北部沿岸区: 中营养",水质良好,"东部沿岸区: 和北部沿岸区水质良好; 西部沿岸区: 轻度污染，
湖心区、东部沿岸区和北部沿岸区水质良好; 北部沿岸区: 水质良好; 湖心区: 、东部沿岸区和北部沿岸区水质良好",17,,,,99.34104665120442,99.34104665120442,99.34104665120442,1187.8092041015625,1257.507568359375,1316.7454833984375,1002.3102416992188,140.32757568359375,-0.0046088593080639,0.0116918794810771,0.0228076353669166,0.0971211567521095,,,,,,,,,False,,,,2329.357405,0.5138400197029114,0.5113428545961378,太湖全湖(18/17点位均值),,,,,,,,,,,,,,,train
NASA_POWER_120.300_31.200,2024-12,grid_point,,,,,,,,,,,,5.27263440860215,455.58,3.8895833333333334,201.13803763440862,101.2922311827957,,,东部沿岸区: 中度污染，湖心区、北部沿岸区和西部沿岸区为轻度污染; 西部沿岸区: 轻度污染,轻度污染，主要超标指标为总磷,东部沿岸区: 中度污染，湖心区、北部沿岸区和西部沿岸区为轻度污染; 西部沿岸区: 轻度污染; 北部沿岸区: 和西部沿岸区为轻度污染; 湖心区: 、北部沿岸区和西部沿岸区为轻度污染,17,,,,95.9935531616211,95.9935531616211,95.9935531616211,1187.1851806640625,1164.95458984375,1154.8416748046875,754.321533203125,73.27867889404297,-0.0208445489406585,0.0082735801115632,-0.0087706986814737,0.2598394751548767,,,,,,,,,False,1.0,31.2,120.3,2329.357405,0.5138400197029114,0.5113428545961378,太湖区格点 NASA_POWER_120.300_31.200,120.3,31.2,,,,,,,,,,,,,train
TAIHU_WHOLE,2024-12,lake_subregion,,,,,,,,,,,,,,,,,,,东部沿岸区: 中度污染，湖心区、北部沿岸区和西部沿岸区为轻度污染; 西部沿岸区: 轻度污染,轻度污染，主要超标指标为总磷,东部沿岸区: 中度污染，湖心区、北部沿岸区和西部沿岸区为轻度污染; 西部沿岸区: 轻度污染; 北部沿岸区: 和西部沿岸区为轻度污染; 湖心区: 、北部沿岸区和西部沿岸区为轻度污染,17,,,,95.9935531616211,95.9935531616211,95.9935531616211,1187.1851806640625,1164.95458984375,1154.8416748046875,754.321533203125,73.27867889404297,-0.0208445489406585,0.0082735801115632,-0.0087706986814737,0.2598394751548767,,,,,,,,,False,,,,2329.357405,0.5138400197029114,0.5113428545961378,太湖全湖(18/17点位均值),,,,,,,,,,,,,,,train
NASA_POWER_120.300_31.200,2025-01,grid_point,,,,,,,,,,,,4.92239247311828,373.44,3.762298387096774,201.91411290322583,121.46517473118278,,,,,,,,,,89.60588836669922,89.60588836669922,89.60588836669922,1257.803955078125,1044.9468994140625,983.729736328125,479.8384704589844,51.16260528564453,-0.0380939990282058,0.0066555836237967,-0.0368998683989048,0.4793909788131714,,,,,,,,,False,1.0,31.2,120.3,2329.357405,0.5138400197029114,0.5113428545961378,太湖区格点 NASA_POWER_120.300_31.200,120.3,31.2,,,,,,,,,,,,,validation
NASA_POWER_120.300_31.200,2025-02,grid_point,,,,,,,,,,,,5.2709077380952385,688.03,4.067708333333333,178.9764880952381,128.43154761904762,"V类水质，其中，湖心区、东部沿岸区和西部沿岸
区为V类水质",轻度富营养,西部沿岸区: 轻度污染，北部沿岸区水质良好; 北部沿岸区: IⅣ类,轻度污染，主要超标指标为总磷,东部沿岸区: 和西部沿岸区为轻度污染，北部沿岸区水质良好; 西部沿岸区: 轻度污染，北部沿岸区水质良好; 北部沿岸区: 水质良好; 湖心区: 、东部沿岸区和西部沿岸区为轻度污染，北部沿岸区水质良好,17,,,,89.8716557820638,89.8716557820638,89.8716557820638,1446.076171875,1251.688720703125,1187.047119140625,708.0870971679688,392.6180419921875,-0.0359867811203002,0.006153923459351,-0.0334536768496036,0.4212357997894287,,,,,,,,,False,1.0,31.2,120.3,2329.357405,0.5138400197029114,0.5113428545961378,太湖区格点 NASA_POWER_120.300_31.200,120.3,31.2,,,,,,,,,,,,,validation
TAIHU_WHOLE,2025-02,lake_subregion,,,,,,,,,,,,,,,,,"V类水质，其中，湖心区、东部沿岸区和西部沿岸
区为V类水质",轻度富营养,西部沿岸区: 轻度污染，北部沿岸区水质良好; 北部沿岸区: IⅣ类,轻度污染，主要超标指标为总磷,东部沿岸区: 和西部沿岸区为轻度污染，北部沿岸区水质良好; 西部沿岸区: 轻度污染，北部沿岸区水质良好; 北部沿岸区: 水质良好; 湖心区: 、东部沿岸区和西部沿岸区为轻度污染，北部沿岸区水质良好,17,,,,89.8716557820638,89.8716557820638,89.8716557820638,1446.076171875,1251.688720703125,1187.047119140625,708.0870971679688,392.6180419921875,-0.0359867811203002,0.006153923459351,-0.0334536768496036,0.4212357997894287,,,,,,,,,False,,,,2329.357405,0.5138400197029114,0.5113428545961378,太湖全湖(18/17点位均值),,,,,,,,,,,,,,,validation
NASA_POWER_120.300_31.200,2025-03,grid_point,,,,,,,,,,,,11.912553763440862,2287.43,4.686693548387097,182.99475806451613,163.39333333333335,V类水质,中营养,"东部沿岸区: V类; 西部沿岸区: 轻度污染，
湖心区和北部沿岸区水质良好，东部沿岸区水质为优; 北部沿岸区: IV类",水质良好,"东部沿岸区: 水质为优; 西部沿岸区: 轻度污染，
湖心区和北部沿岸区水质良好，东部沿岸区水质为优; 北部沿岸区: 水质良好，东部沿岸区水质为优; 湖心区: 和北部沿岸区水质良好，东部沿岸区水质为优",17,,,,89.3546880086263,89.3546880086263,89.3546880086263,1315.34375,1148.368408203125,1082.48583984375,518.62255859375,98.78316497802734,-0.0433581247925758,0.0076423310674726,-0.0300703849643468,0.4437573552131653,,,,,,,,,False,1.0,31.2,120.3,2329.357405,0.5138400197029114,0.5113428545961378,太湖区格点 NASA_POWER_120.300_31.200,120.3,31.2,,,,,,,,,,,,,validation
TAIHU_WHOLE,2025-03,lake_subregion,,,,,,,,,,,,,,,,,V类水质,中营养,"东部沿岸区: V类; 西部沿岸区: 轻度污染，
湖心区和北部沿岸区水质良好，东部沿岸区水质为优; 北部沿岸区: IV类",水质良好,"东部沿岸区: 水质为优; 西部沿岸区: 轻度污染，
湖心区和北部沿岸区水质良好，东部沿岸区水质为优; 北部沿岸区: 水质良好，东部沿岸区水质为优; 湖心区: 和北部沿岸区水质良好，东部沿岸区水质为优",17,,,,89.3546880086263,89.3546880086263,89.3546880086263,1315.34375,1148.368408203125,1082.48583984375,518.62255859375,98.78316497802734,-0.0433581247925758,0.0076423310674726,-0.0300703849643468,0.4437573552131653,,,,,,,,,False,,,,2329.357405,0.5138400197029114,0.5113428545961378,太湖全湖(18/17点位均值),,,,,,,,,,,,,,,validation
NASA_POWER_120.300_31.200,2025-04,grid_point,,,,,,,,,,,,19.11277777777778,1193.75,4.5225,199.1698611111111,222.8588472222222,IV类水质，其中，东部沿岸区为V类水质,中营养,"东部沿岸区: V类水质; 西部沿岸区: 轻度污染，
湖心区和北部沿岸区水质良好，东部沿岸区水质为优; 北部沿岸区: ⅢI类",水质良好,"东部沿岸区: 水质为优; 西部沿岸区: 轻度污染，
湖心区和北部沿岸区水质良好，东部沿岸区水质为优; 北部沿岸区: 水质良好，东部沿岸区水质为优; 湖心区: 和北部沿岸区水质良好，东部沿岸区水质为优",17,,,,89.84408060709636,89.84408060709636,89.84408060709636,1296.073486328125,1058.0545654296875,998.4234008789062,492.1650085449219,177.2360076904297,-0.0403283424675464,0.0068173655308783,-0.0313138924539089,0.4607466161251068,,,,,,,,,False,1.0,31.2,120.3,2329.357405,0.5138400197029114,0.5113428545961378,太湖区格点 NASA_POWER_120.300_31.200,120.3,31.2,,,,,,,,,,,,,validation
TAIHU_WHOLE,2025-04,lake_subregion,,,,,,,,,,,,,,,,,IV类水质，其中，东部沿岸区为V类水质,中营养,"东部沿岸区: V类水质; 西部沿岸区: 轻度污染，
湖心区和北部沿岸区水质良好，东部沿岸区水质为优; 北部沿岸区: ⅢI类",水质良好,"东部沿岸区: 水质为优; 西部沿岸区: 轻度污染，
湖心区和北部沿岸区水质良好，东部沿岸区水质为优; 北部沿岸区: 水质良好，东部沿岸区水质为优; 湖心区: 和北部沿岸区水质良好，东部沿岸区水质为优",17,,,,89.84408060709636,89.84408060709636,89.84408060709636,1296.073486328125,1058.0545654296875,998.4234008789062,492.1650085449219,177.2360076904297,-0.0403283424675464,0.0068173655308783,-0.0313138924539089,0.4607466161251068,,,,,,,,,False,,,,2329.357405,0.5138400197029114,0.5113428545961378,太湖全湖(18/17点位均值),,,,,,,,,,,,,,,validation
NASA_POWER_120.300_31.200,2025-05,grid_point,,,,,,,,,,,,23.052809139784948,3951.07,4.668373655913978,181.65255376344086,212.70668010752686,"V类水质，其中，湖心区、东部沿岸区和西部沿岸
区为IV类水质",,"西部沿岸区: 轻度污染，
湖心区、东部沿岸区和北部沿岸区水质良好; 北部沿岸区: ⅢI类",水质良好,"东部沿岸区: 和北部沿岸区水质良好; 西部沿岸区: 轻度污染，
湖心区、东部沿岸区和北部沿岸区水质良好; 北部沿岸区: 水质良好; 湖心区: 、东部沿岸区和北部沿岸区水质良好",17,,,,93.1931864420573,93.1931864420573,93.1931864420573,1490.9573974609375,1331.518798828125,1333.58544921875,815.9321899414062,472.8111267089844,-0.0355419106781482,0.0118630342185497,0.0018579931929707,0.2992038428783417,,,,,,,,,False,1.0,31.2,120.3,2329.357405,0.5138400197029114,0.5113428545961378,太湖区格点 NASA_POWER_120.300_31.200,120.3,31.2,,,,,,,,,,,,,validation
TAIHU_WHOLE,2025-05,lake_subregion,,,,,,,,,,,,,,,,,"V类水质，其中，湖心区、东部沿岸区和西部沿岸
区为IV类水质",,"西部沿岸区: 轻度污染，
湖心区、东部沿岸区和北部沿岸区水质良好; 北部沿岸区: ⅢI类",水质良好,"东部沿岸区: 和北部沿岸区水质良好; 西部沿岸区: 轻度污染，
湖心区、东部沿岸区和北部沿岸区水质良好; 北部沿岸区: 水质良好; 湖心区: 、东部沿岸区和北部沿岸区水质良好",17,,,,93.1931864420573,93.1931864420573,93.1931864420573,1490.9573974609375,1331.518798828125,1333.58544921875,815.9321899414062,472.8111267089844,-0.0355419106781482,0.0118630342185497,0.0018579931929707,0.2992038428783417,,,,,,,,,False,,,,2329.357405,0.5138400197029114,0.5113428545961378,太湖全湖(18/17点位均值),,,,,,,,,,,,,,,validation
NASA_POWER_120.300_31.200,2025-06,grid_point,,,,,,,,,,,,26.22577777777778,7755.2,3.594,171.1188888888889,177.37472222222223,Ⅲ类水质，其中，西部沿岸区为Ⅳ类水质,中营养,西部沿岸区: Ⅳ类水质; 北部沿岸区: Ⅱ类,水质良好,"东部沿岸区: 水质为优; 西部沿岸区: 水质有所好转; 北部沿岸区: 和西
部沿岸区水质良好，东部沿岸区水质为优; 湖心区: 、北部沿岸区和西
部沿岸区水质良好，东部沿岸区水质为优",17,,,,96.0353520711263,96.0353520711263,96.0353520711263,1498.833251953125,1224.773681640625,1305.948486328125,859.6394653320312,595.5775146484375,-0.0244496427476406,0.0160713735967874,0.0329763740301132,0.2810359299182892,,,,,,,,,False,1.0,31.2,120.3,2329.357405,0.5138400197029114,0.5113428545961378,太湖区格点 NASA_POWER_120.300_31.200,120.3,31.2,,,,,,,,,,,,,validation
TAIHU_WHOLE,2025-06,lake_subregion,,,,,,,,,,,,,,,,,Ⅲ类水质，其中，西部沿岸区为Ⅳ类水质,中营养,西部沿岸区: Ⅳ类水质; 北部沿岸区: Ⅱ类,水质良好,"东部沿岸区: 水质为优; 西部沿岸区: 水质有所好转; 北部沿岸区: 和西
部沿岸区水质良好，东部沿岸区水质为优; 湖心区: 、北部沿岸区和西
部沿岸区水质良好，东部沿岸区水质为优",17,,,,96.0353520711263,96.0353520711263,96.0353520711263,1498.833251953125,1224.773681640625,1305.948486328125,859.6394653320312,595.5775146484375,-0.0244496427476406,0.0160713735967874,0.0329763740301132,0.2810359299182892,,,,,,,,,False,,,,2329.357405,0.5138400197029114,0.5113428545961378,太湖全湖(18/17点位均值),,,,,,,,,,,,,,,validation
NASA_POWER_120.300_31.200,2025-07,grid_point,,,,,,,,,,,,29.24545698924731,8207.36,5.423763440860215,136.57352150537633,235.76991935483872,"Ⅲ类水质，其中，东部沿岸区和西部沿岸区为Ⅲ类
水质",轻度富营养,"东部沿岸区: 中营养; 西部沿岸区: 轻度污染，
湖心区和北部沿岸区水质良好，东部沿岸区水质为优; 北部沿岸区: Ⅱ类",水质良好,"东部沿岸区: 水质为优; 西部沿岸区: 轻度污染，
湖心区和北部沿岸区水质良好，东部沿岸区水质为优; 北部沿岸区: 水质良好，东部沿岸区水质为优; 湖心区: 和北部沿岸区水质良好，东部沿岸区水质为优",17,,,,94.75790150960286,94.75790150960286,94.75790150960286,1439.93115234375,1123.6336669921875,1215.277587890625,727.6824951171875,558.8565063476562,-0.0290662478655576,0.0176074169576168,0.0384912341833114,0.3431556522846222,,,,,,,,,False,1.0,31.2,120.3,2329.357405,0.5138400197029114,0.5113428545961378,太湖区格点 NASA_POWER_120.300_31.200,120.3,31.2,,,,,,,,,,,,,validation
TAIHU_WHOLE,2025-07,lake_subregion,,,,,,,,,,,,,,,,,"Ⅲ类水质，其中，东部沿岸区和西部沿岸区为Ⅲ类
水质",轻度富营养,"东部沿岸区: 中营养; 西部沿岸区: 轻度污染，
湖心区和北部沿岸区水质良好，东部沿岸区水质为优; 北部沿岸区: Ⅱ类",水质良好,"东部沿岸区: 水质为优; 西部沿岸区: 轻度污染，
湖心区和北部沿岸区水质良好，东部沿岸区水质为优; 北部沿岸区: 水质良好，东部沿岸区水质为优; 湖心区: 和北部沿岸区水质良好，东部沿岸区水质为优",17,,,,94.75790150960286,94.75790150960286,94.75790150960286,1439.93115234375,1123.6336669921875,1215.277587890625,727.6824951171875,558.8565063476562,-0.0290662478655576,0.0176074169576168,0.0384912341833114,0.3431556522846222,,,,,,,,,False,,,,2329.357405,0.5138400197029114,0.5113428545961378,太湖全湖(18/17点位均值),,,,,,,,,,,,,,,validation
NASA_POWER_120.300_31.200,2025-08,grid_point,,,,,,,,,,,,30.547728494623655,1769.3,3.343521505376344,198.49986559139785,228.74139784946237,Ⅱ类水质，其中，西部沿岸区为Ⅲ类水质,中营养,东部沿岸区: 中营养; 西部沿岸区: Ⅲ类水质; 北部沿岸区: Ⅱ类,水质良好,"东部沿岸区: 水质良好; 西部沿岸区: 轻度污染，湖心区和东部沿岸区水质良好; 北部沿岸区: 和西部沿岸区
为轻度污染，湖心区和东部沿岸区水质良好; 湖心区: 和东部沿岸区水质良好",17,,,,188.11563873291016,188.11563873291016,188.11563873291016,1467.9189453125,1219.5870361328125,1352.610107421875,840.4447021484375,493.1006164550781,-0.0246410220861434,0.0217604078352451,0.0538518019020557,0.3018597662448883,,,,,,,,,False,1.0,31.2,120.3,2329.357405,0.5138400197029114,0.5113428545961378,太湖区格点 NASA_POWER_120.300_31.200,120.3,31.2,,,,,,,,,,,,,validation
TAIHU_WHOLE,2025-08,lake_subregion,,,,,,,,,,,,,,,,,Ⅱ类水质，其中，西部沿岸区为Ⅲ类水质,中营养,东部沿岸区: 中营养; 西部沿岸区: Ⅲ类水质; 北部沿岸区: Ⅱ类,水质良好,"东部沿岸区: 水质良好; 西部沿岸区: 轻度污染，湖心区和东部沿岸区水质良好; 北部沿岸区: 和西部沿岸区
为轻度污染，湖心区和东部沿岸区水质良好; 湖心区: 和东部沿岸区水质良好",17,,,,188.11563873291016,188.11563873291016,188.11563873291016,1467.9189453125,1219.5870361328125,1352.610107421875,840.4447021484375,493.1006164550781,-0.0246410220861434,0.0217604078352451,0.0538518019020557,0.3018597662448883,,,,,,,,,False,,,,2329.357405,0.5138400197029114,0.5113428545961378,太湖全湖(18/17点位均值),,,,,,,,,,,,,,,validation
NASA_POWER_120.300_31.200,2025-09,grid_point,,,,,,,,,,,,27.72422222222222,4624.7300000000005,3.1786388888888886,136.85069444444446,167.604875,"Ⅲ类水质，其中，湖心区、北部沿岸区和西部沿岸
区为Ⅲ类水质",轻度富营养,东部沿岸区: Ⅱ类; 西部沿岸区: 轻度污染，湖心区和东部沿岸区水质良好,轻度污染，主要超标指标为总磷,东部沿岸区: 水质良好; 西部沿岸区: 轻度污染，湖心区和东部沿岸区水质良好; 北部沿岸区: 和西部沿岸区为轻度污染，湖心区和东部沿岸区水质良好; 湖心区: 和东部沿岸区水质良好,17,,,,93.56370290120442,93.56370290120442,93.56370290120442,1041.5147705078125,633.2332763671875,749.8707885742188,328.6022033691406,123.52529907226562,-0.0210016593337059,0.0185578018426895,0.0753290280699729,0.5912113785743713,,,,,,,,,False,1.0,31.2,120.3,2329.357405,0.5138400197029114,0.5113428545961378,太湖区格点 NASA_POWER_120.300_31.200,120.3,31.2,,,,,,,,,,,,,validation
TAIHU_WHOLE,2025-09,lake_subregion,,,,,,,,,,,,,,,,,"Ⅲ类水质，其中，湖心区、北部沿岸区和西部沿岸
区为Ⅲ类水质",轻度富营养,东部沿岸区: Ⅱ类; 西部沿岸区: 轻度污染，湖心区和东部沿岸区水质良好,轻度污染，主要超标指标为总磷,东部沿岸区: 水质良好; 西部沿岸区: 轻度污染，湖心区和东部沿岸区水质良好; 北部沿岸区: 和西部沿岸区为轻度污染，湖心区和东部沿岸区水质良好; 湖心区: 和东部沿岸区水质良好,17,,,,93.56370290120442,93.56370290120442,93.56370290120442,1041.5147705078125,633.2332763671875,749.8707885742188,328.6022033691406,123.52529907226562,-0.0210016593337059,0.0185578018426895,0.0753290280699729,0.5912113785743713,,,,,,,,,False,,,,2329.357405,0.5138400197029114,0.5113428545961378,太湖全湖(18/17点位均值),,,,,,,,,,,,,,,validation
NASA_POWER_120.300_31.200,2025-10,grid_point,,,,,,,,,,,,21.764798387096775,1185.81,4.234059139784946,132.86478494623654,126.98305107526882,Ⅲ类水质，其中，西部沿岸区为Ⅳ类水质,中营养,东部沿岸区: Ⅱ类; 西部沿岸区: Ⅳ类水质; 北部沿岸区: Ⅲ类,水质良好,"东部沿岸区: 水质良好; 西部沿岸区: 轻度污染，湖心区和东部沿岸区水质良好; 北部沿岸区: 和西部沿岸区
为轻度污染，湖心区和东部沿岸区水质良好; 湖心区: 和东部沿岸区水质良好",17,,,,91.57843526204428,91.57843526204428,91.57843526204428,1015.267333984375,656.2183227539062,723.6685180664062,300.1676025390625,94.69507598876952,-0.0253702253103256,0.0147565435618162,0.0391695946455001,0.6104443669319153,,,,,,,,,False,1.0,31.2,120.3,2329.357405,0.5138400197029114,0.5113428545961378,太湖区格点 NASA_POWER_120.300_31.200,120.3,31.2,,,,,,,,,,,,,validation
TAIHU_WHOLE,2025-10,lake_subregion,,,,,,,,,,,,,,,,,Ⅲ类水质，其中，西部沿岸区为Ⅳ类水质,中营养,东部沿岸区: Ⅱ类; 西部沿岸区: Ⅳ类水质; 北部沿岸区: Ⅲ类,水质良好,"东部沿岸区: 水质良好; 西部沿岸区: 轻度污染，湖心区和东部沿岸区水质良好; 北部沿岸区: 和西部沿岸区
为轻度污染，湖心区和东部沿岸区水质良好; 湖心区: 和东部沿岸区水质良好",17,,,,91.57843526204428,91.57843526204428,91.57843526204428,1015.267333984375,656.2183227539062,723.6685180664062,300.1676025390625,94.69507598876952,-0.0253702253103256,0.0147565435618162,0.0391695946455001,0.6104443669319153,,,,,,,,,False,,,,2329.357405,0.5138400197029114,0.5113428545961378,太湖全湖(18/17点位均值),,,,,,,,,,,,,,,validation
NASA_POWER_120.300_31.200,2025-11,grid_point,,,,,,,,,,,,12.82025,655.19,4.110125,177.76416666666665,128.34191666666666,IV类水质，其中，西部沿岸区为劣V类水质,轻度富营养,"东部沿岸区: 中营养; 西部沿岸区: 轻
度污染，东部沿岸区和北部沿岸区水质良好; 北部沿岸区: Ⅲ类",水质良好,"东部沿岸区: 和北部沿岸区水质良好; 西部沿岸区: 轻
度污染，东部沿岸区和北部沿岸区水质良好; 北部沿岸区: 水质良好; 湖心区: 和西部沿岸区为轻
度污染，东部沿岸区和北部沿岸区水质良好",17,,,,135.69444783528647,135.69444783528647,135.69444783528647,1308.203125,1181.798095703125,1145.873291015625,643.64111328125,202.8619079589844,-0.0355370976030826,0.0085711367428302,-0.0163819193840026,0.3499058187007904,,,,,,,,,False,1.0,31.2,120.3,2329.357405,0.5138400197029114,0.5113428545961378,太湖区格点 NASA_POWER_120.300_31.200,120.3,31.2,,,,,,,,,,,,,validation
TAIHU_WHOLE,2025-11,lake_subregion,,,,,,,,,,,,,,,,,IV类水质，其中，西部沿岸区为劣V类水质,轻度富营养,"东部沿岸区: 中营养; 西部沿岸区: 轻
度污染，东部沿岸区和北部沿岸区水质良好; 北部沿岸区: Ⅲ类",水质良好,"东部沿岸区: 和北部沿岸区水质良好; 西部沿岸区: 轻
度污染，东部沿岸区和北部沿岸区水质良好; 北部沿岸区: 水质良好; 湖心区: 和西部沿岸区为轻
度污染，东部沿岸区和北部沿岸区水质良好",17,,,,135.69444783528647,135.69444783528647,135.69444783528647,1308.203125,1181.798095703125,1145.873291015625,643.64111328125,202.8619079589844,-0.0355370976030826,0.0085711367428302,-0.0163819193840026,0.3499058187007904,,,,,,,,,False,,,,2329.357405,0.5138400197029114,0.5113428545961378,太湖全湖(18/17点位均值),,,,,,,,,,,,,,,validation
NASA_POWER_120.300_31.200,2025-12,grid_point,,,,,,,,,,,,8.150913978494623,334.6,4.198575268817204,167.38185483870967,105.15841397849462,,轻度富营养,"西部沿岸区: 轻度污染，东部沿岸区和
北部沿岸区水质良好; 北部沿岸区: 中营养",水质良好,"东部沿岸区: 和
北部沿岸区水质良好; 西部沿岸区: 轻度污染，东部沿岸区和
北部沿岸区水质良好; 北部沿岸区: 水质良好; 湖心区: 和西部沿岸区为轻度污染，东部沿岸区和
北部沿岸区水质良好",,,,,90.18810272216795,90.18810272216795,90.18810272216795,1321.5662841796875,1038.167236328125,991.5640258789062,483.3233337402344,170.60923767089844,-0.0392616391181945,0.0078785382211208,-0.0259214807301759,0.4786427617073059,,,,,,,,,False,1.0,31.2,120.3,2329.357405,0.5138400197029114,0.5113428545961378,太湖区格点 NASA_POWER_120.300_31.200,120.3,31.2,,,,,,,,,,,,,validation
TAIHU_WHOLE,2025-12,lake_subregion,,,,,,,,,,,,,,,,,,轻度富营养,"西部沿岸区: 轻度污染，东部沿岸区和
北部沿岸区水质良好; 北部沿岸区: 中营养",水质良好,"东部沿岸区: 和
北部沿岸区水质良好; 西部沿岸区: 轻度污染，东部沿岸区和
北部沿岸区水质良好; 北部沿岸区: 水质良好; 湖心区: 和西部沿岸区为轻度污染，东部沿岸区和
北部沿岸区水质良好",,,,,90.18810272216795,90.18810272216795,90.18810272216795,1321.5662841796875,1038.167236328125,991.5640258789062,483.3233337402344,170.60923767089844,-0.0392616391181945,0.0078785382211208,-0.0259214807301759,0.4786427617073059,,,,,,,,,False,,,,2329.357405,0.5138400197029114,0.5113428545961378,太湖全湖(18/17点位均值),,,,,,,,,,,,,,,validation
NASA_POWER_120.300_31.200,2026-01,grid_point,,,,,,,,,,,,2.15625,56.46,7.285,21.8375,2.71625,,中营养,"西部沿岸区: 轻度污染，东部沿岸区和
北部沿岸区水质良好; 北部沿岸区: 中营养",水质良好,"东部沿岸区: 和
北部沿岸区水质良好; 西部沿岸区: 轻度污染，东部沿岸区和
北部沿岸区水质良好; 北部沿岸区: 水质良好; 湖心区: 和西部沿岸区为轻度污染，东部沿岸区和
北部沿岸区水质良好",,,,,89.51771545410156,89.51771545410156,89.51771545410156,1251.9168701171875,1109.4271240234375,1059.563232421875,550.87939453125,58.82062911987305,-0.0362466126680374,0.007640354335308,-0.0284087322652339,0.4129393100738525,2256.205078125,2112.666748046875,2060.00634765625,,,,,,False,1.0,31.2,120.3,2329.357405,0.5138400197029114,0.5113428545961378,太湖区格点 NASA_POWER_120.300_31.200,120.3,31.2,,,,,,,,,,,,,test
TAIHU_WHOLE,2026-01,lake_subregion,,,,,,,,,,,,,,,,,,中营养,"西部沿岸区: 轻度污染，东部沿岸区和
北部沿岸区水质良好; 北部沿岸区: 中营养",水质良好,"东部沿岸区: 和
北部沿岸区水质良好; 西部沿岸区: 轻度污染，东部沿岸区和
北部沿岸区水质良好; 北部沿岸区: 水质良好; 湖心区: 和西部沿岸区为轻度污染，东部沿岸区和
北部沿岸区水质良好",,,,,89.51771545410156,89.51771545410156,89.51771545410156,1251.9168701171875,1109.4271240234375,1059.563232421875,550.87939453125,58.82062911987305,-0.0362466126680374,0.007640354335308,-0.0284087322652339,0.4129393100738525,2256.205078125,2112.666748046875,2060.00634765625,,,,,,False,,,,2329.357405,0.5138400197029114,0.5113428545961378,太湖全湖(18/17点位均值),,,,,,,,,,,,,,,test
TAIHU_WHOLE,2026-02,lake_subregion,,,,,,,,,,,,,,,,,,中营养,"西部沿岸区: 轻度污染，东部沿岸区和
北部沿岸区水质良好; 北部沿岸区: 中营养",水质良好,"东部沿岸区: 和
北部沿岸区水质良好; 西部沿岸区: 轻度污染，东部沿岸区和
北部沿岸区水质良好; 北部沿岸区: 水质良好; 湖心区: 和西部沿岸区为轻度污染，东部沿岸区和
北部沿岸区水质良好",,,,,89.74160766601562,89.74160766601562,89.74160766601562,1137.772216796875,878.61669921875,774.6663208007812,325.4125061035156,86.34310913085938,-0.0404973812401294,0.0021061918232589,-0.0645512491464614,0.5638126730918884,,,,,,,,,False,,,,2329.357405,0.5138400197029114,0.5113428545961378,太湖全湖(18/17点位均值),,,,,,,,,,,,,,,test
TAIHU_WHOLE,2026-03,lake_subregion,,,,,,,,,,,,,,,,,,中营养,"东部沿岸区: 中营养; 西部沿岸区: 轻度污染，湖心区、东部沿岸区和
北部沿岸区水质良好; 北部沿岸区: 轻度
富营养，湖心区和东部沿岸区为中营养",水质良好,"东部沿岸区: 和
北部沿岸区水质良好; 西部沿岸区: 轻度污染，湖心区、东部沿岸区和
北部沿岸区水质良好; 北部沿岸区: 水质良好; 湖心区: 、东部沿岸区和
北部沿岸区水质良好",,,,,89.5000712076823,89.5000712076823,89.5000712076823,1311.5147705078125,975.0648193359376,836.6739501953125,393.32806396484375,104.56666564941406,-0.0420492216944694,-0.000710877997335,-0.0814012810587883,0.5504832863807678,,,,,,,,,False,,,,2329.357405,0.5138400197029114,0.5113428545961378,太湖全湖(18/17点位均值),,,,,,,,,,,,,,,test
TAIHU_WHOLE,2026-04,lake_subregion,,,,,,,,,,,,,,,,,,中营养,"西部沿岸区: 轻度富营养，湖心
区、东部沿岸区和北部沿岸区为中营养; 北部沿岸区: 中营养",水质良好,"东部沿岸区: 、西部沿岸区和北部沿岸区
水质均良好; 西部沿岸区: 和北部沿岸区
水质均良好; 北部沿岸区: 水质均良好; 湖心区: 、东部沿岸区、西部沿岸区和北部沿岸区
水质均良好",,,,,89.88705698649089,89.88705698649089,89.88705698649089,1230.8822021484375,1030.6650390625,986.2404174804688,490.351318359375,211.49334716796875,-0.0389842316508293,0.0074892654083669,-0.0245305728167295,0.4433932602405548,,,,,,,,,False,,,,2329.357405,0.5138400197029114,0.5113428545961378,太湖全湖(18/17点位均值),,,,,,,,,,,,,,,test
TAIHU_WHOLE,2026-05,lake_subregion,,,,,,,,,,,,,,,,,,中营养,西部沿岸区: 轻度污染; 北部沿岸区: 中营养,水质良好,"东部沿岸区: 水质为优，湖心区和北部沿岸区水质
均良好，西部沿岸区为轻度污; 西部沿岸区: 轻度污染; 北部沿岸区: 水质
均良好，西部沿岸区为轻度污染; 湖心区: 和北部沿岸区水质
均良好，西部沿岸区为轻度污染",,,,,92.59497324625652,92.59497324625652,92.59497324625652,1524.802490234375,1239.90869140625,1240.7333984375,790.5098876953125,449.81585693359375,-0.0258675403892993,0.0119480732828378,0.0054534119553864,0.3212389349937439,,,,,,,,,False,,,,2329.357405,0.5138400197029114,0.5113428545961378,太湖全湖(18/17点位均值),,,,,,,,,,,,,,,test
TAIHU_WHOLE,2026-06,lake_subregion,,,,,,,,,,,,,,,,,,轻度富营养,西部沿岸区: 轻度污染; 北部沿岸区: 中营养,水质良好,"东部沿岸区: 水质为优，湖心区和北部沿岸区水质
良好，西部沿岸区为轻度污染; 西部沿岸区: 轻度污染; 北部沿岸区: 水质
良好，西部沿岸区为轻度污染; 湖心区: 和北部沿岸区水质
良好，西部沿岸区为轻度污染",,,,,97.31660970052084,97.31660970052084,97.31660970052084,1889.2608642578125,1266.1470947265625,1468.2247314453125,998.7653198242188,515.2250366210938,-0.0038376739248633,0.0252057015895843,0.0727617144584655,0.3125703930854797,,,,,,,,,False,,,,2329.357405,0.5138400197029114,0.5113428545961378,太湖全湖(18/17点位均值),,,,,,,,,,,,,,,test
S1,2026-08,water_station,,,,,,,,,,,,,,,,,,,,,,,,,,95.13778686523438,95.13778686523438,95.13778686523438,1123.376220703125,674.304931640625,807.1494140625,378.6877746582031,174.4514617919922,-0.0201745573431253,0.0200271029025316,0.0770174786448478,0.5648713707923889,,,,5.668877124786377,-0.0276386812329292,0.0222974363714456,0.0355918854475021,0.2396074533462524,False,,,,2329.357405,0.5138400197029114,0.5113428545961378,国家地表水自动监测站? (代码S1),,,0.03,taihu_water_station_batch,,,,,,,,,0.03,0.03,test
TH-01,2026-08,realtime_station,,,,,,,,,,,,,,,,,,,,,,,,,,95.13778686523438,95.13778686523438,95.13778686523438,1123.376220703125,674.304931640625,807.1494140625,378.6877746582031,174.4514617919922,-0.0201745573431253,0.0200271029025316,0.0770174786448478,0.5648713707923889,,,,5.668877124786377,-0.0276386812329292,0.0222974363714456,0.0355918854475021,0.2396074533462524,False,,,,2329.357405,0.5138400197029114,0.5113428545961378,太湖梅梁湾站(水利部),,,,,,,,,,,,,,,test
