month,product,granularity,variable,mean,median,std,min,max,coverage_frac,cloud_ratio,n_files,quality_flag,quality_note,year
,thqbca_v2_biooptics,annual,chla_retrieval_annual,19.4538631439209,18.41351890563965,5.984421730041504,-0.7923961281776428,79.4601821899414,0.5221167679511255,,1,Q00,"THQBCA-V2 年度chla(遥感反演, 非观测)",1984
,thqbca_v2_biooptics,annual,chla_retrieval_annual,22.497432708740234,20.7821044921875,7.307908535003662,-0.04337433725595474,79.99873352050781,0.5227935368694236,,1,Q00,"THQBCA-V2 年度chla(遥感反演, 非观测)",1985
,thqbca_v2_biooptics,annual,chla_retrieval_annual,13.115635871887207,12.116233825683594,4.889143943786621,-1.1238689422607422,79.74100494384766,0.5215246266310962,,1,Q00,"THQBCA-V2 年度chla(遥感反演, 非观测)",1986
,thqbca_v2_biooptics,annual,chla_retrieval_annual,32.64427185058594,32.00381851196289,9.185157775878906,4.098423004150391,79.98365020751953,0.5229076330063753,,1,Q00,"THQBCA-V2 年度chla(遥感反演, 非观测)",1987
,thqbca_v2_biooptics,annual,chla_retrieval_annual,19.33387565612793,18.08539581298828,5.746349811553955,-0.4988899528980255,79.98461151123047,0.5252603306118172,,1,Q00,"THQBCA-V2 年度chla(遥感反演, 非观测)",1988
,thqbca_v2_biooptics,annual,chla_retrieval_annual,20.388343811035156,18.69434356689453,6.781801700592041,0.1572571098804474,79.93012237548828,0.5255444375488624,,1,Q00,"THQBCA-V2 年度chla(遥感反演, 非观测)",1989
,thqbca_v2_biooptics,annual,chla_retrieval_annual,22.584060668945312,21.687335968017578,5.490993976593018,-0.7835637331008911,79.15837097167969,0.5250260935094662,,1,Q00,"THQBCA-V2 年度chla(遥感反演, 非观测)",1990
,thqbca_v2_biooptics,annual,chla_retrieval_annual,25.07621955871582,24.192415237426758,6.183980941772461,2.2135562896728516,79.80362701416016,0.5262526899486593,,1,Q00,"THQBCA-V2 年度chla(遥感反演, 非观测)",1991
,thqbca_v2_biooptics,annual,chla_retrieval_annual,30.147293090820312,28.759685516357422,6.852871894836426,4.583348274230957,79.93916320800781,0.5261320452475559,,1,Q00,"THQBCA-V2 年度chla(遥感反演, 非观测)",1992
,thqbca_v2_biooptics,annual,chla_retrieval_annual,20.518552780151367,20.144567489624023,5.04317045211792,-0.5863052010536194,79.44452667236328,0.5253144821999952,,1,Q00,"THQBCA-V2 年度chla(遥感反演, 非观测)",1993
,thqbca_v2_biooptics,annual,chla_retrieval_annual,19.9216251373291,18.380592346191406,5.877016544342041,-0.037413936108350754,79.22183227539062,0.52639197287081,,1,Q00,"THQBCA-V2 年度chla(遥感反演, 非观测)",1994
,thqbca_v2_biooptics,annual,chla_retrieval_annual,22.098188400268555,20.58595085144043,6.137630939483643,0.24614420533180237,79.92154693603516,0.525685231678125,,1,Q00,"THQBCA-V2 年度chla(遥感反演, 非观测)",1995
,thqbca_v2_biooptics,annual,chla_retrieval_annual,24.510446548461914,22.349388122558594,8.395021438598633,3.3147947788238525,79.91514587402344,0.5255353703061907,,1,Q00,"THQBCA-V2 年度chla(遥感反演, 非观测)",1996
,thqbca_v2_biooptics,annual,chla_retrieval_annual,29.123519897460938,27.55474090576172,5.952816486358643,2.3758654594421387,79.64486694335938,0.5260806642057498,,1,Q00,"THQBCA-V2 年度chla(遥感反演, 非观测)",1997
,thqbca_v2_biooptics,annual,chla_retrieval_annual,25.114315032958984,23.970748901367188,6.293026447296143,0.8246095180511475,79.96862030029297,0.5258134324147881,,1,Q00,"THQBCA-V2 年度chla(遥感反演, 非观测)",1998
,thqbca_v2_biooptics,annual,chla_retrieval_annual,22.65306282043457,22.05573272705078,5.294056415557861,2.62343692779541,64.77278137207031,0.5262189396564926,,1,Q00,"THQBCA-V2 年度chla(遥感反演, 非观测)",1999
,thqbca_v2_biooptics,annual,chla_retrieval_annual,23.27306365966797,21.726341247558594,6.108413219451904,0.8229330778121948,79.44911193847656,0.5258335818429473,,1,Q00,"THQBCA-V2 年度chla(遥感反演, 非观测)",2000
,thqbca_v2_biooptics,annual,chla_retrieval_annual,23.0414981842041,21.263111114501953,6.5865397453308105,1.9933654069900513,79.91988372802734,0.5260564848919588,,1,Q00,"THQBCA-V2 年度chla(遥感反演, 非观测)",2001
,thqbca_v2_biooptics,annual,chla_retrieval_annual,25.43613052368164,22.9483642578125,7.056069374084473,2.1079728603363037,79.9849853515625,0.5266216763518251,,1,Q00,"THQBCA-V2 年度chla(遥感反演, 非观测)",2002
,thqbca_v2_biooptics,annual,chla_retrieval_annual,22.38935089111328,20.311708450317383,6.387817859649658,4.143690586090088,79.87103271484375,0.5260265126175719,,1,Q00,"THQBCA-V2 年度chla(遥感反演, 非观测)",2003
,thqbca_v2_biooptics,annual,chla_retrieval_annual,24.389467239379883,22.37009048461914,6.794651031494141,3.0976624488830566,79.96963500976562,0.5258063801149323,,1,Q00,"THQBCA-V2 年度chla(遥感反演, 非观测)",2004
,thqbca_v2_biooptics,annual,chla_retrieval_annual,25.66619300842285,23.87980079650879,5.844171524047852,2.783205509185791,79.98026275634766,0.5232733451274653,,1,Q00,"THQBCA-V2 年度chla(遥感反演, 非观测)",2005
,thqbca_v2_biooptics,annual,chla_retrieval_annual,24.85594940185547,24.065143585205078,5.716782569885254,1.9130631685256958,79.89993286132812,0.5228177161832147,,1,Q00,"THQBCA-V2 年度chla(遥感反演, 非观测)",2006
,thqbca_v2_biooptics,annual,chla_retrieval_annual,23.402921676635742,22.391572952270508,6.095638751983643,1.9587019681930542,79.95402526855469,0.5235133751904121,,1,Q00,"THQBCA-V2 年度chla(遥感反演, 非观测)",2007
,thqbca_v2_biooptics,annual,chla_retrieval_annual,24.86882972717285,23.047683715820312,6.7988691329956055,0.62904292345047,79.98869323730469,0.5255983372691883,,1,Q00,"THQBCA-V2 年度chla(遥感反演, 非观测)",2008
,thqbca_v2_biooptics,annual,chla_retrieval_annual,24.69588851928711,22.883310317993164,6.4982380867004395,0.004058550577610731,79.77275085449219,0.526127007890516,,1,Q00,"THQBCA-V2 年度chla(遥感反演, 非观测)",2009
,thqbca_v2_biooptics,annual,chla_retrieval_annual,18.869556427001953,17.088050842285156,5.907508850097656,1.908178687095642,79.68462371826172,0.5255887662908126,,1,Q00,"THQBCA-V2 年度chla(遥感反演, 非观测)",2010
,thqbca_v2_biooptics,annual,chla_retrieval_annual,27.357650756835938,25.89303970336914,6.727108955383301,2.248260974884033,79.972900390625,0.5256265464686112,,1,Q00,"THQBCA-V2 年度chla(遥感反演, 非观测)",2011
,thqbca_v2_biooptics,annual,chla_retrieval_annual,19.75428581237793,18.339126586914062,6.514209270477295,-1.219057321548462,79.99227905273438,0.5248936110193193,,1,Q00,"THQBCA-V2 年度chla(遥感反演, 非观测)",2012
,thqbca_v2_biooptics,annual,chla_retrieval_annual,22.139421463012695,20.44765281677246,6.321113109588623,1.0418741703033447,79.52725982666016,0.5254736626824531,,1,Q00,"THQBCA-V2 年度chla(遥感反演, 非观测)",2013
,thqbca_v2_biooptics,annual,chla_retrieval_annual,21.709522247314453,20.697925567626953,5.233855247497559,-0.5700270533561707,79.80612182617188,0.524846259863145,,1,Q00,"THQBCA-V2 年度chla(遥感反演, 非观测)",2014
,thqbca_v2_biooptics,annual,chla_retrieval_annual,20.550920486450195,17.958240509033203,7.208434104919434,2.6676344871520996,79.88896942138672,0.5251459826070136,,1,Q00,"THQBCA-V2 年度chla(遥感反演, 非观测)",2015
,thqbca_v2_biooptics,annual,chla_retrieval_annual,22.20313262939453,20.609663009643555,5.564952373504639,0.27241042256355286,79.87147521972656,0.525577935973177,,1,Q00,"THQBCA-V2 年度chla(遥感反演, 非观测)",2016
,thqbca_v2_biooptics,annual,chla_retrieval_annual,22.89177131652832,22.453533172607422,4.413891315460205,0.4624393880367279,79.23324584960938,0.5251263369145583,,1,Q00,"THQBCA-V2 年度chla(遥感反演, 非观测)",2017
,thqbca_v2_biooptics,annual,chla_retrieval_annual,19.849557876586914,18.512670516967773,5.785562992095947,0.10455426573753357,78.71253967285156,0.5254842411322367,,1,Q00,"THQBCA-V2 年度chla(遥感反演, 非观测)",2018
,thqbca_v2_biooptics,annual,chla_retrieval_annual,23.065065383911133,22.07468032836914,5.671512603759766,0.1657905876636505,79.94266510009766,0.5256733938890814,,1,Q00,"THQBCA-V2 年度chla(遥感反演, 非观测)",2019
,thqbca_v2_biooptics,annual,fac,0.9753462672233582,0.6404619812965393,1.0361571311950684,0.320529580116272,28.51991081237793,0.5151826590675511,,1,Q00,"THQBCA-V2 年度fac(遥感反演, 非观测)",2003
,thqbca_v2_biooptics,annual,fac,1.374625563621521,0.7772618532180786,1.5069633722305298,0.2926352322101593,26.637672424316406,0.5151826590675511,,1,Q00,"THQBCA-V2 年度fac(遥感反演, 非观测)",2004
,thqbca_v2_biooptics,annual,fac,2.702421188354492,1.3562989234924316,4.059168338775635,0.23673751950263977,49.594139099121094,0.5151826590675511,,1,Q00,"THQBCA-V2 年度fac(遥感反演, 非观测)",2005
,thqbca_v2_biooptics,annual,fac,5.626485347747803,3.9243671894073486,5.453146934509277,0.29730647802352905,52.950870513916016,0.5151047992774611,,1,Q00,"THQBCA-V2 年度fac(遥感反演, 非观测)",2006
,thqbca_v2_biooptics,annual,fac,4.266155242919922,3.055863857269287,3.8034610748291016,0.2960456907749176,38.251258850097656,0.5151826590675511,,1,Q00,"THQBCA-V2 年度fac(遥感反演, 非观测)",2007
,thqbca_v2_biooptics,annual,fac,2.8867833614349365,1.2886123657226562,3.39276385307312,0.27219918370246887,31.82912826538086,0.5151826590675511,,1,Q00,"THQBCA-V2 年度fac(遥感反演, 非观测)",2008
,thqbca_v2_biooptics,annual,fac,1.9284464120864868,0.6551614999771118,3.2881553173065186,0.271255224943161,90.09187316894531,0.5151359431934972,,1,Q00,"THQBCA-V2 年度fac(遥感反演, 非观测)",2009
,thqbca_v2_biooptics,annual,fac,3.401165723800659,1.8202128410339355,3.871913194656372,0.40343961119651794,35.93779754638672,0.5151826590675511,,1,Q00,"THQBCA-V2 年度fac(遥感反演, 非观测)",2010
,thqbca_v2_biooptics,annual,fac,3.94307017326355,1.402524709701538,5.083852291107178,0.2769612669944763,49.320194244384766,0.5151826590675511,,1,Q00,"THQBCA-V2 年度fac(遥感反演, 非观测)",2011
,thqbca_v2_biooptics,annual,fac,1.9953356981277466,0.8719412684440613,2.3340184688568115,0.34295064210891724,36.27980041503906,0.5151826590675511,,1,Q00,"THQBCA-V2 年度fac(遥感反演, 非观测)",2012
,thqbca_v2_biooptics,annual,fac,2.590022325515747,1.5107098817825317,2.6660568714141846,0.2885446846485138,36.84324645996094,0.5151826590675511,,1,Q00,"THQBCA-V2 年度fac(遥感反演, 非观测)",2013
,thqbca_v2_biooptics,annual,fac,3.7398998737335205,2.1644887924194336,3.7511587142944336,0.31752923130989075,29.345975875854492,0.5151826590675511,,1,Q00,"THQBCA-V2 年度fac(遥感反演, 非观测)",2014
,thqbca_v2_biooptics,annual,fac,2.9532411098480225,1.5665775537490845,3.0186808109283447,0.3477913737297058,31.07876205444336,0.5151826590675511,,1,Q00,"THQBCA-V2 年度fac(遥感反演, 非观测)",2015
,thqbca_v2_biooptics,annual,fac,3.070762872695923,2.2050094604492188,2.686204671859741,0.2866009771823883,28.202625274658203,0.5151826590675511,,1,Q00,"THQBCA-V2 年度fac(遥感反演, 非观测)",2016
,thqbca_v2_biooptics,annual,fac,8.051996231079102,7.777191638946533,4.740078926086426,0.3754216730594635,34.950374603271484,0.5151826590675511,,1,Q00,"THQBCA-V2 年度fac(遥感反演, 非观测)",2017
,thqbca_v2_biooptics,annual,fac,3.159747362136841,1.4315918684005737,3.635486125946045,0.34771713614463806,34.927947998046875,0.5151826590675511,,1,Q00,"THQBCA-V2 年度fac(遥感反演, 非观测)",2018
,thqbca_v2_biooptics,annual,fac,3.3140945434570312,2.4397695064544678,2.9588265419006348,0.43496355414390564,38.640357971191406,0.5151826590675511,,1,Q00,"THQBCA-V2 年度fac(遥感反演, 非观测)",2019
,thqbca_v2_biooptics,annual,fac,3.6167359352111816,3.019256591796875,3.07096529006958,0.3911341428756714,27.873315811157227,0.5151826590675511,,1,Q00,"THQBCA-V2 年度fac(遥感反演, 非观测)",2020
,thqbca_v2_biooptics,annual,fac,2.1754565238952637,1.2420778274536133,2.1485488414764404,0.40269216895103455,30.069259643554688,0.5151826590675511,,1,Q00,"THQBCA-V2 年度fac(遥感反演, 非观测)",2021
,thqbca_v2_biooptics,annual,fac,2.7770321369171143,1.26344895362854,3.3010435104370117,0.33312398195266724,38.436500549316406,0.5151826590675511,,1,Q00,"THQBCA-V2 年度fac(遥感反演, 非观测)",2022
,thqbca_v2_biooptics,annual,sdd_annual,0.2496015727519989,0.2364267110824585,0.03202091157436371,0.14359590411186218,0.6943837404251099,0.5572305642527599,,1,Q00,"THQBCA-V2 年度sdd(遥感反演, 非观测)",1986
,thqbca_v2_biooptics,annual,sdd_annual,0.25153130292892456,0.24536681175231934,0.0337744876742363,0.1591559797525406,0.9794643521308899,0.5572476399157055,,1,Q00,"THQBCA-V2 年度sdd(遥感反演, 非观测)",1987
,thqbca_v2_biooptics,annual,sdd_annual,0.2626449763774872,0.2519931495189667,0.03739010542631149,0.0923818051815033,0.6826209425926208,0.557241492677045,,1,Q00,"THQBCA-V2 年度sdd(遥感反演, 非观测)",1988
,thqbca_v2_biooptics,annual,sdd_annual,0.27186888456344604,0.25370004773139954,0.04797295853495598,0.16060273349285126,1.239413857460022,0.5563485493427464,,1,Q00,"THQBCA-V2 年度sdd(遥感反演, 非观测)",1989
,thqbca_v2_biooptics,annual,sdd_annual,0.25681501626968384,0.24746230244636536,0.03499505668878555,0.154246523976326,0.7824817895889282,0.5569908219450045,,1,Q00,"THQBCA-V2 年度sdd(遥感反演, 非观测)",1990
,thqbca_v2_biooptics,annual,sdd_annual,0.28669658303260803,0.2764931917190552,0.04149443656206131,0.16698004305362701,0.7049779295921326,0.557023379542354,,1,Q00,"THQBCA-V2 年度sdd(遥感反演, 非观测)",1991
,thqbca_v2_biooptics,annual,sdd_annual,0.26773932576179504,0.2584393322467804,0.032376911491155624,0.1494596302509308,0.9318325519561768,0.5572510550482945,,1,Q00,"THQBCA-V2 年度sdd(遥感反演, 非观测)",1992
,thqbca_v2_biooptics,annual,sdd_annual,0.3126974403858185,0.293083131313324,0.06556564569473267,0.12563583254814148,0.8502445220947266,0.5573255049387371,,1,Q00,"THQBCA-V2 年度sdd(遥感反演, 非观测)",1993
,thqbca_v2_biooptics,annual,sdd_annual,0.25138646364212036,0.23762106895446777,0.04370419308543205,0.09421700984239578,1.5810030698776245,0.5569919603225342,,1,Q00,"THQBCA-V2 年度sdd(遥感反演, 非观测)",1994
,thqbca_v2_biooptics,annual,sdd_annual,0.2843971252441406,0.2703215777873993,0.05237096548080444,0.047710150480270386,1.145052194595337,0.5568314490908461,,1,Q00,"THQBCA-V2 年度sdd(遥感反演, 非观测)",1995
,thqbca_v2_biooptics,annual,sdd_annual,0.23266910016536713,0.22684434056282043,0.02318856120109558,0.14030621945858002,0.4661523997783661,0.556794110307872,,1,Q00,"THQBCA-V2 年度sdd(遥感反演, 非观测)",1996
,thqbca_v2_biooptics,annual,sdd_annual,0.30242112278938293,0.29564544558525085,0.04357164725661278,0.15783709287643433,0.8975762724876404,0.5572881661557628,,1,Q00,"THQBCA-V2 年度sdd(遥感反演, 非观测)",1997
,thqbca_v2_biooptics,annual,sdd_annual,0.330117791891098,0.31404778361320496,0.06425479799509048,0.12138707935810089,1.2696037292480469,0.5570684592925302,,1,Q00,"THQBCA-V2 年度sdd(遥感反演, 非观测)",1998
,thqbca_v2_biooptics,annual,sdd_annual,0.28158196806907654,0.2527221143245697,0.07481546700000763,0.12484050542116165,0.9991834163665771,0.5563674464097395,,1,Q00,"THQBCA-V2 年度sdd(遥感反演, 非观测)",1999
,thqbca_v2_biooptics,annual,sdd_annual,0.31549912691116333,0.2877684235572815,0.08846478164196014,0.12425845861434937,1.3787548542022705,0.5568997517426283,,1,Q00,"THQBCA-V2 年度sdd(遥感反演, 非观测)",2000
,thqbca_v2_biooptics,annual,sdd_annual,0.3432564437389374,0.3274945616722107,0.06425327062606812,0.11844457685947418,2.010878562927246,0.55726813071124,,1,Q00,"THQBCA-V2 年度sdd(遥感反演, 非观测)",2001
,thqbca_v2_biooptics,annual,sdd_annual,0.30608275532722473,0.2868484556674957,0.06505931168794632,0.0081255491822958,1.3011385202407837,0.5572483229422233,,1,Q00,"THQBCA-V2 年度sdd(遥感反演, 非观测)",2002
,thqbca_v2_biooptics,annual,sdd_annual,0.3162892758846283,0.2985765039920807,0.06258650869131088,0.0081255491822958,2.386151075363159,0.5566702548326403,,1,Q00,"THQBCA-V2 年度sdd(遥感反演, 非观测)",2003
,thqbca_v2_biooptics,annual,sdd_annual,0.2642119228839874,0.2551797032356262,0.04375116899609566,0.09935404360294342,1.3736624717712402,0.5566538621962126,,1,Q00,"THQBCA-V2 年度sdd(遥感反演, 非观测)",2004
,thqbca_v2_biooptics,annual,sdd_annual,0.24325251579284668,0.22948086261749268,0.04179820418357849,0.12453175336122513,0.8191002011299133,0.5565744034446394,,1,Q00,"THQBCA-V2 年度sdd(遥感反演, 非观测)",2005
,thqbca_v2_biooptics,annual,sdd_annual,0.25374242663383484,0.23492205142974854,0.05253012478351593,0.1293482929468155,0.9604324102401733,0.5543249694459471,,1,Q00,"THQBCA-V2 年度sdd(遥感反演, 非观测)",2006
,thqbca_v2_biooptics,annual,sdd_annual,0.21891579031944275,0.21130484342575073,0.024585789069533348,0.0591554157435894,0.604675829410553,0.5551892256664973,,1,Q00,"THQBCA-V2 年度sdd(遥感反演, 非观测)",2007
,thqbca_v2_biooptics,annual,sdd_annual,0.2882339358329773,0.26518744230270386,0.06536722928285599,0.07969047129154205,0.8396301865577698,0.5562907197642375,,1,Q00,"THQBCA-V2 年度sdd(遥感反演, 非观测)",2008
,thqbca_v2_biooptics,annual,sdd_annual,0.280993789434433,0.25971296429634094,0.06953802704811096,0.16554301977157593,0.7880666255950928,0.5456008994093187,,1,Q00,"THQBCA-V2 年度sdd(遥感反演, 非观测)",2009
,thqbca_v2_biooptics,annual,sdd_annual,0.28592416644096375,0.26625367999076843,0.05714281275868416,0.1530490219593048,1.4708058834075928,0.5557128702177516,,1,Q00,"THQBCA-V2 年度sdd(遥感反演, 非观测)",2010
,thqbca_v2_biooptics,annual,sdd_annual,0.2028701901435852,0.19350124895572662,0.032705605030059814,0.1247374415397644,0.723025381565094,0.5565026856602681,,1,Q00,"THQBCA-V2 年度sdd(遥感反演, 非观测)",2011
,thqbca_v2_biooptics,annual,sdd_annual,0.2453373372554779,0.22989137470722198,0.04835839942097664,0.10665234923362732,1.243647575378418,0.5567535840678145,,1,Q00,"THQBCA-V2 年度sdd(遥感反演, 非观测)",2012
,thqbca_v2_biooptics,annual,sdd_annual,0.3412932753562927,0.32594984769821167,0.0758076086640358,0.09661572426557541,1.4765634536743164,0.5555341540579971,,1,Q00,"THQBCA-V2 年度sdd(遥感反演, 非观测)",2013
,thqbca_v2_biooptics,annual,sdd_annual,0.3895168602466583,0.3767627477645874,0.09841077774763107,0.01227134745568037,2.4853768348693848,0.5562761485318573,,1,Q00,"THQBCA-V2 年度sdd(遥感反演, 非观测)",2014
,thqbca_v2_biooptics,annual,sdd_annual,0.3212131857872009,0.30699819326400757,0.07146169245243073,0.10905899852514267,1.8179652690887451,0.5524402716077715,,1,Q00,"THQBCA-V2 年度sdd(遥感反演, 非观测)",2015
,thqbca_v2_biooptics,annual,sdd_annual,0.38032346963882446,0.36559876799583435,0.08885180950164795,0.12546215951442719,1.8963984251022339,0.5568330428193877,,1,Q00,"THQBCA-V2 年度sdd(遥感反演, 非观测)",2016
,thqbca_v2_biooptics,annual,sdd_annual,0.34020182490348816,0.30596521496772766,0.0827801302075386,0.12840187549591064,1.0596461296081543,0.5563786025095305,,1,Q00,"THQBCA-V2 年度sdd(遥感反演, 非观测)",2017
,thqbca_v2_biooptics,annual,sdd_annual,0.38284340500831604,0.34327206015586853,0.11124733835458755,0.1257750689983368,1.4207463264465332,0.5564903911829473,,1,Q00,"THQBCA-V2 年度sdd(遥感反演, 非观测)",2018
,thqbca_v2_biooptics,annual,sdd_annual,0.3333718776702881,0.32045820355415344,0.0615256205201149,0.08648936450481415,1.106005311012268,0.5560505221054702,,1,Q00,"THQBCA-V2 年度sdd(遥感反演, 非观测)",2019
,thqbca_v2_biooptics,annual,sdd_annual,0.4626443386077881,0.4464729428291321,0.09444617480039597,0.07482421398162842,1.6210814714431763,0.5557563653517951,,1,Q00,"THQBCA-V2 年度sdd(遥感反演, 非观测)",2020
,thqbca_v2_biooptics,annual,tsi_annual,53.247642517089844,51.496212005615234,6.323699474334717,-0.7571359872817993,86.44768524169922,0.5586211939459407,,1,Q00,"THQBCA-V2 年度tsi(遥感反演, 非观测)",1986
,thqbca_v2_biooptics,annual,tsi_annual,54.522090911865234,52.879150390625,6.247830867767334,-0.3688138723373413,97.27581024169922,0.5586211939459407,,1,Q00,"THQBCA-V2 年度tsi(遥感反演, 非观测)",1987
,thqbca_v2_biooptics,annual,tsi_annual,52.628089904785156,51.699398040771484,5.840729236602783,-0.4672897160053253,92.44683837890625,0.5586211939459407,,1,Q00,"THQBCA-V2 年度tsi(遥感反演, 非观测)",1988
,thqbca_v2_biooptics,annual,tsi_annual,53.194786071777344,51.344810485839844,6.5526509284973145,-0.342131644487381,90.2977523803711,0.5586211939459407,,1,Q00,"THQBCA-V2 年度tsi(遥感反演, 非观测)",1989
,thqbca_v2_biooptics,annual,tsi_annual,53.111629486083984,51.796878814697266,5.774546146392822,-0.3896927237510681,100.33351135253906,0.5586211939459407,,1,Q00,"THQBCA-V2 年度tsi(遥感反演, 非观测)",1990
,thqbca_v2_biooptics,annual,tsi_annual,68.64509582519531,71.2171630859375,7.209018707275391,-0.4274890422821045,103.19898223876953,0.5586211939459407,,1,Q00,"THQBCA-V2 年度tsi(遥感反演, 非观测)",1991
,thqbca_v2_biooptics,annual,tsi_annual,55.603843688964844,53.162696838378906,6.807780742645264,-0.3753383755683899,92.0469970703125,0.5586211939459407,,1,Q00,"THQBCA-V2 年度tsi(遥感反演, 非观测)",1992
,thqbca_v2_biooptics,annual,tsi_annual,58.12405776977539,53.40545654296875,8.887434959411621,-0.439446359872818,96.49877166748047,0.5586211939459407,,1,Q00,"THQBCA-V2 年度tsi(遥感反演, 非观测)",1993
,thqbca_v2_biooptics,annual,tsi_annual,51.10304260253906,50.945682525634766,8.557571411132812,-0.6036036014556885,108.63423919677734,0.5586211939459407,,1,Q00,"THQBCA-V2 年度tsi(遥感反演, 非观测)",1994
,thqbca_v2_biooptics,annual,tsi_annual,54.203067779541016,52.87731170654297,5.700442314147949,-0.34255364537239075,96.37251281738281,0.5586211939459407,,1,Q00,"THQBCA-V2 年度tsi(遥感反演, 非观测)",1995
,thqbca_v2_biooptics,annual,tsi_annual,55.508201599121094,53.97874450683594,11.87013053894043,-63.28367614746094,125.56089782714844,0.5586211939459407,,1,Q00,"THQBCA-V2 年度tsi(遥感反演, 非观测)",1996
,thqbca_v2_biooptics,annual,tsi_annual,57.65732192993164,53.48481750488281,8.826204299926758,-0.4394299387931824,115.85321044921875,0.5586211939459407,,1,Q00,"THQBCA-V2 年度tsi(遥感反演, 非观测)",1997
,thqbca_v2_biooptics,annual,tsi_annual,68.35787963867188,70.26676177978516,7.684922218322754,-0.4861931800842285,116.66999816894531,0.5586211939459407,,1,Q00,"THQBCA-V2 年度tsi(遥感反演, 非观测)",1998
,thqbca_v2_biooptics,annual,tsi_annual,0.0,0.0,0.0,0.0,0.0,0.5586211939459407,,1,Q00,"THQBCA-V2 年度tsi(遥感反演, 非观测)",1999
,thqbca_v2_biooptics,annual,tsi_annual,57.410030364990234,52.98112106323242,9.129727363586426,-0.4331279993057251,92.59197998046875,0.5586211939459407,,1,Q00,"THQBCA-V2 年度tsi(遥感反演, 非观测)",2000
,thqbca_v2_biooptics,annual,tsi_annual,60.87805938720703,67.09619903564453,12.465928077697754,-0.8675923347473145,143.9696807861328,0.5586211939459407,,1,Q00,"THQBCA-V2 年度tsi(遥感反演, 非观测)",2001
,thqbca_v2_biooptics,annual,tsi_annual,66.21759796142578,70.80084991455078,8.70248031616211,-0.4097828269004822,92.2569580078125,0.5586211939459407,,1,Q00,"THQBCA-V2 年度tsi(遥感反演, 非观测)",2002
,thqbca_v2_biooptics,annual,tsi_annual,60.577545166015625,53.468021392822266,9.445914268493652,-0.5054438710212708,97.3359603881836,0.5586211939459407,,1,Q00,"THQBCA-V2 年度tsi(遥感反演, 非观测)",2003
,thqbca_v2_biooptics,annual,tsi_annual,54.42741394042969,52.97552490234375,7.94392728805542,-0.3984602391719818,105.09369659423828,0.5586211939459407,,1,Q00,"THQBCA-V2 年度tsi(遥感反演, 非观测)",2004
,thqbca_v2_biooptics,annual,tsi_annual,48.2735710144043,51.70037078857422,16.62518310546875,-0.47745171189308167,111.75761413574219,0.5586211939459407,,1,Q00,"THQBCA-V2 年度tsi(遥感反演, 非观测)",2005
,thqbca_v2_biooptics,annual,tsi_annual,53.85580062866211,53.230613708496094,7.1362080574035645,-0.5012531280517578,106.8505630493164,0.5586211939459407,,1,Q00,"THQBCA-V2 年度tsi(遥感反演, 非观测)",2006
,thqbca_v2_biooptics,annual,tsi_annual,36.902950286865234,51.303653717041016,25.89358139038086,-0.5251278877258301,109.8603286743164,0.5586211939459407,,1,Q00,"THQBCA-V2 年度tsi(遥感反演, 非观测)",2007
,thqbca_v2_biooptics,annual,tsi_annual,61.921234130859375,54.65147018432617,12.634195327758789,-0.46744123101234436,109.84089660644531,0.5586211939459407,,1,Q00,"THQBCA-V2 年度tsi(遥感反演, 非观测)",2009
,thqbca_v2_biooptics,annual,tsi_annual,56.25522994995117,53.26808547973633,8.378084182739258,-1.0255941152572632,113.32412719726562,0.5586211939459407,,1,Q00,"THQBCA-V2 年度tsi(遥感反演, 非观测)",2010
,thqbca_v2_biooptics,annual,tsi_annual,62.347373962402344,57.02197265625,16.417821884155273,-0.47391465306282043,128.72007751464844,0.5586211939459407,,1,Q00,"THQBCA-V2 年度tsi(遥感反演, 非观测)",2011
,thqbca_v2_biooptics,annual,tsi_annual,55.254600524902344,52.44965362548828,9.666128158569336,-0.48394349217414856,126.63816833496094,0.5586211939459407,,1,Q00,"THQBCA-V2 年度tsi(遥感反演, 非观测)",2012
,thqbca_v2_biooptics,annual,tsi_annual,55.254600524902344,52.44965362548828,9.666128158569336,-0.48394349217414856,126.63816833496094,0.5586211939459407,,1,Q00,"THQBCA-V2 年度tsi(遥感反演, 非观测)",2013
,thqbca_v2_biooptics,annual,tsi_annual,67.07113647460938,68.88138580322266,8.238571166992188,-0.5057983994483948,136.1636962890625,0.5586211939459407,,1,Q00,"THQBCA-V2 年度tsi(遥感反演, 非观测)",2014
,thqbca_v2_biooptics,annual,tsi_annual,58.032981872558594,51.019508361816406,10.745676040649414,-0.567376971244812,131.4759521484375,0.5586211939459407,,1,Q00,"THQBCA-V2 年度tsi(遥感反演, 非观测)",2015
,thqbca_v2_biooptics,annual,tsi_annual,66.58438873291016,66.7623519897461,4.8389105796813965,-0.6080494523048401,101.32219696044922,0.5586211939459407,,1,Q00,"THQBCA-V2 年度tsi(遥感反演, 非观测)",2016
,thqbca_v2_biooptics,annual,tsi_annual,65.99888610839844,67.35781860351562,10.386357307434082,-0.5398633480072021,130.886474609375,0.5586211939459407,,1,Q00,"THQBCA-V2 年度tsi(遥感反演, 非观测)",2017
,thqbca_v2_biooptics,annual,tsi_annual,57.423797607421875,51.70459747314453,10.488200187683105,-0.5186805725097656,125.91231536865234,0.5586211939459407,,1,Q00,"THQBCA-V2 年度tsi(遥感反演, 非观测)",2018
,thqbca_v2_biooptics,annual,tsi_annual,59.710330963134766,63.59341049194336,10.812576293945312,-0.5034034848213196,136.28369140625,0.5586211939459407,,1,Q00,"THQBCA-V2 年度tsi(遥感反演, 非观测)",2019
,thqbca_v2_biooptics,annual,tsi_annual,69.11921691894531,68.80577850341797,6.23655891418457,-0.4789915978908539,118.21429443359375,0.5586211939459407,,1,Q00,"THQBCA-V2 年度tsi(遥感反演, 非观测)",2020
2022-01,sentinel2_cdse_monthly_30m,monthly,B03,1368.0234375,1378.0,183.4463653564453,395.0,3189.0,0.5140344911960698,9.93043925907801e-05,1,Q00,CDSE 月度合成; SCL 云掩膜,
2022-01,sentinel2_cdse_monthly_30m,monthly,B04,1043.7196044921875,1031.0,233.08897399902344,341.0,3814.0,0.5140344911960698,9.93043925907801e-05,1,Q00,CDSE 月度合成; SCL 云掩膜,
2022-01,sentinel2_cdse_monthly_30m,monthly,B05,1010.9306640625,1001.0,260.259521484375,261.0,4115.0,0.5140344911960698,9.93043925907801e-05,1,Q00,CDSE 月度合成; SCL 云掩膜,
2022-01,sentinel2_cdse_monthly_30m,monthly,B08,537.2259521484375,507.0,203.64569091796875,52.0,5281.0,0.5140344911960698,9.93043925907801e-05,1,Q00,CDSE 月度合成; SCL 云掩膜,
2022-01,sentinel2_cdse_monthly_30m,monthly,B11,147.31729125976562,131.0,141.3502960205078,28.0,4030.0,0.5140344911960698,9.93043925907801e-05,1,Q00,CDSE 月度合成; SCL 云掩膜,
2022-01,sentinel2_cdse_monthly_30m,monthly,FAI,-0.03389991819858551,-0.03562920168042183,0.014776374213397503,-0.07951301336288452,0.4455812871456146,0.51377769003683,9.93043925907801e-05,1,Q00,CDSE 月度合成; SCL 云掩膜,
2022-01,sentinel2_cdse_monthly_30m,monthly,MCI,0.008168892934918404,0.006518642418086529,0.007869060151278973,-0.03632882237434387,0.08760903030633926,0.51377769003683,9.93043925907801e-05,1,Q00,CDSE 月度合成; SCL 云掩膜,
2022-01,sentinel2_cdse_monthly_30m,monthly,NDCI,-0.02024497464299202,-0.028372908011078835,0.044867925345897675,-0.16363640129566193,0.45061466097831726,0.51377769003683,9.93043925907801e-05,1,Q00,CDSE 月度合成; SCL 云掩膜,
2022-01,sentinel2_cdse_monthly_30m,monthly,NDWI,0.44941991567611694,0.4639175236225128,0.10792586952447891,-0.722439706325531,0.90009605884552,0.51377769003683,9.93043925907801e-05,1,Q00,CDSE 月度合成; SCL 云掩膜,
2022-01,sentinel2_monthly_20m,monthly,B03,1455.5474853515625,1464.0,172.607421875,510.0,3256.0,0.5139507554980515,,1,Q00,"20m 采样补片(2022-01/2026-01), 无 SCL 云量(未标注)",
2022-01,sentinel2_monthly_20m,monthly,B04,1111.22314453125,1099.0,219.10153198242188,447.0,3739.0,0.5139507554980515,,1,Q00,"20m 采样补片(2022-01/2026-01), 无 SCL 云量(未标注)",
2022-01,sentinel2_monthly_20m,monthly,B05,1070.1849365234375,1061.0,242.18882751464844,370.0,3800.0,0.5139507554980515,,1,Q00,"20m 采样补片(2022-01/2026-01), 无 SCL 云量(未标注)",
2022-02,sentinel2_cdse_monthly_30m,monthly,B03,1241.67919921875,1285.0,182.1468963623047,288.0,3515.0,0.5140344911960698,0.00026375246672111197,1,Q00,CDSE 月度合成; SCL 云掩膜,
2022-02,sentinel2_cdse_monthly_30m,monthly,B04,891.0335693359375,918.0,204.7860565185547,230.0,4255.0,0.5140344911960698,0.00026375246672111197,1,Q00,CDSE 月度合成; SCL 云掩膜,
2022-02,sentinel2_cdse_monthly_30m,monthly,B05,847.4657592773438,868.0,215.83740234375,194.0,4592.0,0.5140344911960698,0.00026375246672111197,1,Q00,CDSE 月度合成; SCL 云掩膜,
2022-02,sentinel2_cdse_monthly_30m,monthly,B08,385.7763366699219,377.0,160.7790985107422,15.0,5629.0,0.5140344911960698,0.00026375246672111197,1,Q00,CDSE 月度合成; SCL 云掩膜,
2022-02,sentinel2_cdse_monthly_30m,monthly,B11,119.92647552490234,105.0,132.97515869140625,39.0,3929.0,0.5140344911960698,0.00026375246672111197,1,Q00,CDSE 月度合成; SCL 云掩膜,
2022-02,sentinel2_cdse_monthly_30m,monthly,FAI,-0.036174651235342026,-0.03878540173172951,0.01205401960760355,-0.08350920677185059,0.42979395389556885,0.5132863319022908,0.00026375246672111197,1,Q00,CDSE 月度合成; SCL 云掩膜,
2022-02,sentinel2_cdse_monthly_30m,monthly,MCI,0.0070607783272862434,0.00683954730629921,0.00520849134773016,-0.035541243851184845,0.08230113983154297,0.5132863319022908,0.00026375246672111197,1,Q00,CDSE 月度合成; SCL 云掩膜,
2022-02,sentinel2_cdse_monthly_30m,monthly,NDCI,-0.028445227071642876,-0.02999996766448021,0.03515749052166939,-0.20000000298023224,0.47235241532325745,0.5132863319022908,0.00026375246672111197,1,Q00,CDSE 月度合成; SCL 云掩膜,
2022-02,sentinel2_cdse_monthly_30m,monthly,NDWI,0.5375665426254272,0.5382731556892395,0.0931016355752945,-0.7696077823638916,0.9523809552192688,0.5132863319022908,0.00026375246672111197,1,Q00,CDSE 月度合成; SCL 云掩膜,
2022-03,sentinel2_cdse_monthly_30m,monthly,B03,1115.669677734375,1138.0,127.4841537475586,350.0,4150.0,0.5140344911960698,0.0009227364159535287,1,Q00,CDSE 月度合成; SCL 云掩膜,
2022-03,sentinel2_cdse_monthly_30m,monthly,B04,783.4939575195312,791.0,139.0648956298828,269.0,4532.0,0.5140344911960698,0.0009227364159535287,1,Q00,CDSE 月度合成; SCL 云掩膜,
2022-03,sentinel2_cdse_monthly_30m,monthly,B05,745.9776611328125,750.0,146.906494140625,240.0,4827.0,0.5140344911960698,0.0009227364159535287,1,Q00,CDSE 月度合成; SCL 云掩膜,
2022-03,sentinel2_cdse_monthly_30m,monthly,B08,351.4146728515625,337.0,142.732177734375,109.0,5828.0,0.5140344911960698,0.0009227364159535287,1,Q00,CDSE 月度合成; SCL 云掩膜,
2022-03,sentinel2_cdse_monthly_30m,monthly,B11,148.63914489746094,132.0,129.7483367919922,101.0,3912.0,0.5140342925872846,0.0009227364159535287,1,Q00,CDSE 月度合成; SCL 云掩膜,
2022-03,sentinel2_cdse_monthly_30m,monthly,FAI,-0.03144969418644905,-0.03270667418837547,0.01112604234367609,-0.09043555706739426,0.4152923822402954,0.5122926921500275,0.0009227364159535287,1,Q00,CDSE 月度合成; SCL 云掩膜,
2022-03,sentinel2_cdse_monthly_30m,monthly,MCI,0.006006506271660328,0.0055378507822752,0.004692498594522476,-0.08869659900665283,0.08117061853408813,0.5122926921500275,0.0009227364159535287,1,Q00,CDSE 月度合成; SCL 云掩膜,
2022-03,sentinel2_cdse_monthly_30m,monthly,NDCI,-0.026555895805358887,-0.030760927125811577,0.037763793021440506,-0.15644554793834686,0.44851261377334595,0.5122926921500275,0.0009227364159535287,1,Q00,CDSE 月度合成; SCL 云掩膜,
2022-03,sentinel2_cdse_monthly_30m,monthly,NDWI,0.5287753939628601,0.5397425889968872,0.08529321104288101,-0.7379507422447205,0.7752161622047424,0.5122926921500275,0.0009227364159535287,1,Q00,CDSE 月度合成; SCL 云掩膜,
2022-04,sentinel2_cdse_monthly_30m,monthly,B03,1126.052978515625,1158.0,190.8976593017578,304.0,7360.0,0.5140344911960698,6.593811668027799e-05,1,Q00,CDSE 月度合成; SCL 云掩膜,
2022-04,sentinel2_cdse_monthly_30m,monthly,B04,775.55078125,764.0,183.54624938964844,232.0,8244.0,0.5140344911960698,6.593811668027799e-05,1,Q00,CDSE 月度合成; SCL 云掩膜,
2022-04,sentinel2_cdse_monthly_30m,monthly,B05,745.1103515625,727.0,174.2080535888672,196.0,5065.0,0.5140344911960698,6.593811668027799e-05,1,Q00,CDSE 月度合成; SCL 云掩膜,
2022-04,sentinel2_cdse_monthly_30m,monthly,B08,390.0641174316406,376.0,169.26856994628906,67.0,8449.0,0.5140344911960698,6.593811668027799e-05,1,Q00,CDSE 月度合成; SCL 云掩膜,
2022-04,sentinel2_cdse_monthly_30m,monthly,B11,214.30416870117188,203.0,120.60652923583984,100.0,6481.0,0.5140344911960698,6.593811668027799e-05,1,Q00,CDSE 月度合成; SCL 云掩膜,
2022-04,sentinel2_cdse_monthly_30m,monthly,FAI,-0.028134291991591454,-0.029605712741613388,0.016473304480314255,-0.0915365144610405,0.45343077182769775,0.513075409372428,6.593811668027799e-05,1,Q00,CDSE 月度合成; SCL 云掩膜,
2022-04,sentinel2_cdse_monthly_30m,monthly,MCI,0.005655862856656313,0.005489827133715153,0.004928940441459417,-0.33753278851509094,0.0649711936712265,0.513075409372428,6.593811668027799e-05,1,Q00,CDSE 月度合成; SCL 云掩膜,
2022-04,sentinel2_cdse_monthly_30m,monthly,NDCI,-0.01943640038371086,-0.02418682724237442,0.04749056696891785,-0.2529827654361725,0.5622687339782715,0.513075409372428,6.593811668027799e-05,1,Q00,CDSE 月度合成; SCL 云掩膜,
2022-04,sentinel2_cdse_monthly_30m,monthly,NDWI,0.4904312193393707,0.4961038827896118,0.0970751941204071,-0.753391444683075,0.8593913912773132,0.513075409372428,6.593811668027799e-05,1,Q00,CDSE 月度合成; SCL 云掩膜,
2022-05,sentinel2_cdse_monthly_30m,monthly,B03,1149.727783203125,1193.0,193.10255432128906,73.0,5774.0,0.5140344911960698,2.780522992541843e-05,1,Q00,CDSE 月度合成; SCL 云掩膜,
2022-05,sentinel2_cdse_monthly_30m,monthly,B04,793.2404174804688,802.0,179.33197021484375,77.0,5787.0,0.5140344911960698,2.780522992541843e-05,1,Q00,CDSE 月度合成; SCL 云掩膜,
2022-05,sentinel2_cdse_monthly_30m,monthly,B05,808.4296264648438,798.0,193.6856689453125,63.0,6243.0,0.5140344911960698,2.780522992541843e-05,1,Q00,CDSE 月度合成; SCL 云掩膜,
2022-05,sentinel2_cdse_monthly_30m,monthly,B08,397.6019592285156,390.0,246.57272338867188,1.0,7001.0,0.5124448264794765,2.780522992541843e-05,1,Q00,CDSE 月度合成; SCL 云掩膜,
2022-05,sentinel2_cdse_monthly_30m,monthly,B11,219.95091247558594,238.0,156.9271240234375,13.0,4902.0,0.5140344911960698,2.780522992541843e-05,1,Q00,CDSE 月度合成; SCL 云掩膜,
2022-05,sentinel2_cdse_monthly_30m,monthly,FAI,-0.028998544439673424,-0.031605713069438934,0.0231911800801754,-0.1138860285282135,0.568568229675293,0.5118221879379323,2.780522992541843e-05,1,Q00,CDSE 月度合成; SCL 云掩膜,
2022-05,sentinel2_cdse_monthly_30m,monthly,MCI,0.010504630394279957,0.008708475157618523,0.009035607799887657,-0.05350904166698456,0.09927061945199966,0.5118221879379323,2.780522992541843e-05,1,Q00,CDSE 月度合成; SCL 云掩膜,
2022-05,sentinel2_cdse_monthly_30m,monthly,NDCI,0.008323470130562782,-0.0050761522725224495,0.0770038440823555,-0.38645419478416443,0.7580645084381104,0.5118221879379323,2.780522992541843e-05,1,Q00,CDSE 月度合成; SCL 云掩膜,
2022-05,sentinel2_cdse_monthly_30m,monthly,NDWI,0.5044330358505249,0.48854488134384155,0.14907951653003693,-0.8781918287277222,0.9985411763191223,0.5118221879379323,2.780522992541843e-05,1,Q00,CDSE 月度合成; SCL 云掩膜,
2022-06,sentinel2_cdse_monthly_30m,monthly,B03,1807.78271484375,1601.0,1071.0157470703125,634.0,17598.0,0.5140344911960698,0.07169578536269142,1,Q00,CDSE 月度合成; SCL 云掩膜,
2022-06,sentinel2_cdse_monthly_30m,monthly,B04,1474.9918212890625,1259.0,1051.3837890625,423.0,16969.0,0.5140344911960698,0.07169578536269142,1,Q00,CDSE 月度合成; SCL 云掩膜,
2022-06,sentinel2_cdse_monthly_30m,monthly,B05,1566.4788818359375,1328.0,1113.6494140625,395.0,18072.0,0.5140344911960698,0.07169578536269142,1,Q00,CDSE 月度合成; SCL 云掩膜,
2022-06,sentinel2_cdse_monthly_30m,monthly,B08,1066.308837890625,793.0,1081.463134765625,127.0,17099.0,0.5140344911960698,0.07169578536269142,1,Q00,CDSE 月度合成; SCL 云掩膜,
2022-06,sentinel2_cdse_monthly_30m,monthly,B11,910.6531982421875,673.0,901.7105102539062,134.0,10145.0,0.5140344911960698,0.07169578536269142,1,Q00,CDSE 月度合成; SCL 云掩膜,
2022-06,sentinel2_cdse_monthly_30m,monthly,FAI,-0.030137548223137856,-0.03528762608766556,0.0236718337982893,-0.12224158644676208,0.5158330202102661,0.44168210518956813,0.07169578536269142,1,Q00,CDSE 月度合成; SCL 云掩膜,
2022-06,sentinel2_cdse_monthly_30m,monthly,MCI,0.0172183308750391,0.016003381460905075,0.009088928811252117,-0.044558752328157425,0.2917191982269287,0.44168210518956813,0.07169578536269142,1,Q00,CDSE 月度合成; SCL 云掩膜,
2022-06,sentinel2_cdse_monthly_30m,monthly,NDCI,0.031993333250284195,0.01951604150235653,0.04709922894835472,-0.19256624579429626,0.5016128420829773,0.44168210518956813,0.07169578536269142,1,Q00,CDSE 月度合成; SCL 云掩膜,
2022-06,sentinel2_cdse_monthly_30m,monthly,NDWI,0.3128593862056732,0.33607232570648193,0.09665928781032562,-0.6806781888008118,0.7327585816383362,0.44168210518956813,0.07169578536269142,1,Q00,CDSE 月度合成; SCL 云掩膜,
2022-07,sentinel2_cdse_monthly_30m,monthly,B03,1392.81884765625,1381.0,217.91586303710938,224.0,6243.0,0.5140344911960698,0.08705718185255919,1,Q00,CDSE 月度合成; SCL 云掩膜,
2022-07,sentinel2_cdse_monthly_30m,monthly,B04,926.1585693359375,916.0,206.75120544433594,131.0,6394.0,0.5140344911960698,0.08705718185255919,1,Q00,CDSE 月度合成; SCL 云掩膜,
2022-07,sentinel2_cdse_monthly_30m,monthly,B05,1207.524658203125,1183.0,344.1529541015625,92.0,6208.0,0.5140344911960698,0.08705718185255919,1,Q00,CDSE 月度合成; SCL 云掩膜,
2022-07,sentinel2_cdse_monthly_30m,monthly,B08,763.2940063476562,494.0,953.9588623046875,1.0,8117.0,0.49312197916037737,0.08705718185255919,1,Q00,CDSE 月度合成; SCL 云掩膜,
2022-07,sentinel2_cdse_monthly_30m,monthly,B11,237.28843688964844,152.0,299.1081848144531,1.0,5656.0,0.5122950754554496,0.08705718185255919,1,Q00,CDSE 月度合成; SCL 云掩膜,
2022-07,sentinel2_cdse_monthly_30m,monthly,FAI,0.004956526216119528,-0.029639683663845062,0.10072523355484009,-0.20000219345092773,0.6845101118087769,0.42345359227681934,0.08705718185255919,1,Q00,CDSE 月度合成; SCL 云掩膜,
2022-07,sentinel2_cdse_monthly_30m,monthly,MCI,0.03436905890703201,0.02932768315076828,0.020772136747837067,-0.08754011243581772,0.13549605011940002,0.42345359227681934,0.08705718185255919,1,Q00,CDSE 月度合成; SCL 云掩膜,
2022-07,sentinel2_cdse_monthly_30m,monthly,NDCI,0.14184926450252533,0.09242917597293854,0.1483418196439743,-0.19378702342510223,0.7009708881378174,0.42345359227681934,0.08705718185255919,1,Q00,CDSE 月度合成; SCL 云掩膜,
2022-07,sentinel2_cdse_monthly_30m,monthly,NDWI,0.3686755895614624,0.4542429447174072,0.3040370047092438,-0.7954868674278259,0.9989200830459595,0.42345359227681934,0.08705718185255919,1,Q00,CDSE 月度合成; SCL 云掩膜,
2022-08,sentinel2_cdse_monthly_30m,monthly,B03,1208.6849365234375,1245.0,201.31851196289062,207.0,5911.0,0.5140344911960698,0.024142486709100096,1,Q00,CDSE 月度合成; SCL 云掩膜,
2022-08,sentinel2_cdse_monthly_30m,monthly,B04,747.2763061523438,751.0,158.65184020996094,142.0,5667.0,0.5140344911960698,0.024142486709100096,1,Q00,CDSE 月度合成; SCL 云掩膜,
2022-08,sentinel2_cdse_monthly_30m,monthly,B05,1000.3269653320312,952.0,375.4130554199219,147.0,5925.0,0.5140344911960698,0.024142486709100096,1,Q00,CDSE 月度合成; SCL 云掩膜,
2022-08,sentinel2_cdse_monthly_30m,monthly,B08,603.4070434570312,401.0,724.8494873046875,1.0,7444.0,0.51384323093594,0.024142486709100096,1,Q00,CDSE 月度合成; SCL 云掩膜,
2022-08,sentinel2_cdse_monthly_30m,monthly,B11,216.58273315429688,148.0,293.5558166503906,35.0,5097.0,0.5140344911960698,0.024142486709100096,1,Q00,CDSE 月度合成; SCL 云掩膜,
2022-08,sentinel2_cdse_monthly_30m,monthly,FAI,-0.0032054479233920574,-0.024124126881361008,0.06783664971590042,-0.19295522570610046,0.6073009371757507,0.4892117693977228,0.024142486709100096,1,Q00,CDSE 月度合成; SCL 云掩膜,
2022-08,sentinel2_cdse_monthly_30m,monthly,MCI,0.028591662645339966,0.02030903846025467,0.02317087911069393,-0.05230790376663208,0.14266665279865265,0.4892117693977228,0.024142486709100096,1,Q00,CDSE 月度合成; SCL 云掩膜,
2022-08,sentinel2_cdse_monthly_30m,monthly,NDCI,0.1196775883436203,0.07347448170185089,0.14335401356220245,-0.18983440101146698,0.6413349509239197,0.4892117693977228,0.024142486709100096,1,Q00,CDSE 月度合成; SCL 云掩膜,
2022-08,sentinel2_cdse_monthly_30m,monthly,NDWI,0.4266056716442108,0.48359328508377075,0.2639744281768799,-0.7727881073951721,0.9980197548866272,0.4892117693977228,0.024142486709100096,1,Q00,CDSE 月度合成; SCL 云掩膜,
2022-09,sentinel2_cdse_monthly_30m,monthly,B03,1334.298095703125,1249.0,463.4969482421875,61.0,10393.0,0.5140344911960698,0.18827397843585253,1,Q00,CDSE 月度合成; SCL 云掩膜,
2022-09,sentinel2_cdse_monthly_30m,monthly,B04,950.8685913085938,879.0,428.38140869140625,21.0,10004.0,0.5140344911960698,0.18827397843585253,1,Q00,CDSE 月度合成; SCL 云掩膜,
2022-09,sentinel2_cdse_monthly_30m,monthly,B05,1145.8148193359375,1022.0,531.103271484375,30.0,10680.0,0.5140344911960698,0.18827397843585253,1,Q00,CDSE 月度合成; SCL 云掩膜,
2022-09,sentinel2_cdse_monthly_30m,monthly,B08,693.129150390625,405.0,739.5244140625,1.0,9838.0,0.5131614069764117,0.18827397843585253,1,Q00,CDSE 月度合成; SCL 云掩膜,
2022-09,sentinel2_cdse_monthly_30m,monthly,B11,264.66015625,105.0,408.0011291503906,1.0,8167.0,0.513842237892014,0.18827397843585253,1,Q00,CDSE 月度合成; SCL 云掩膜,
2022-09,sentinel2_cdse_monthly_30m,monthly,FAI,-0.015347312204539776,-0.036237455904483795,0.0670745000243187,-0.11497871577739716,0.6932514309883118,0.3244232798095898,0.18827397843585253,1,Q00,CDSE 月度合成; SCL 云掩膜,
2022-09,sentinel2_cdse_monthly_30m,monthly,MCI,0.019641021266579628,0.016184745356440544,0.016765683889389038,-0.06478586792945862,0.14409151673316956,0.3244232798095898,0.18827397843585253,1,Q00,CDSE 月度合成; SCL 云掩膜,
2022-09,sentinel2_cdse_monthly_30m,monthly,NDCI,0.07253577560186386,0.028479313477873802,0.14228364825248718,-0.23595504462718964,0.684969425201416,0.3244232798095898,0.18827397843585253,1,Q00,CDSE 月度合成; SCL 云掩膜,
2022-09,sentinel2_cdse_monthly_30m,monthly,NDWI,0.4809328615665436,0.5676329135894775,0.30020180344581604,-0.8773304224014282,0.998073160648346,0.3244232798095898,0.18827397843585253,1,Q00,CDSE 月度合成; SCL 云掩膜,
2022-10,sentinel2_cdse_monthly_30m,monthly,B03,1150.295166015625,1195.0,177.95584106445312,105.0,4495.0,0.5140344911960698,0.01693815163542418,1,Q00,CDSE 月度合成; SCL 云掩膜,
2022-10,sentinel2_cdse_monthly_30m,monthly,B04,1107.9564208984375,1184.0,252.58575439453125,80.0,5203.0,0.5140344911960698,0.01693815163542418,1,Q00,CDSE 月度合成; SCL 云掩膜,
2022-10,sentinel2_cdse_monthly_30m,monthly,B05,1157.3582763671875,1230.0,244.64381408691406,128.0,5569.0,0.5140344911960698,0.01693815163542418,1,Q00,CDSE 月度合成; SCL 云掩膜,
2022-10,sentinel2_cdse_monthly_30m,monthly,B08,767.3014526367188,806.0,312.7001647949219,15.0,6963.0,0.5140344911960698,0.01693815163542418,1,Q00,CDSE 月度合成; SCL 云掩膜,
2022-10,sentinel2_cdse_monthly_30m,monthly,B11,147.62252807617188,128.0,148.70550537109375,40.0,5619.0,0.5140344911960698,0.01693815163542418,1,Q00,CDSE 月度合成; SCL 云掩膜,
2022-10,sentinel2_cdse_monthly_30m,monthly,FAI,-0.016082532703876495,-0.019928880035877228,0.026787780225276947,-0.09352158010005951,0.583514928817749,0.49660557725246196,0.01693815163542418,1,Q00,CDSE 月度合成; SCL 云掩膜,
2022-10,sentinel2_cdse_monthly_30m,monthly,MCI,0.01263107918202877,0.012561580166220665,0.004324620123952627,-0.0611734539270401,0.114194355905056,0.49660557725246196,0.01693815163542418,1,Q00,CDSE 月度合成; SCL 云掩膜,
2022-10,sentinel2_cdse_monthly_30m,monthly,NDCI,0.024974031373858452,0.015732144936919212,0.0504910834133625,-0.1607142835855484,0.5889949798583984,0.49660557725246196,0.01693815163542418,1,Q00,CDSE 月度合成; SCL 云掩膜,
2022-10,sentinel2_cdse_monthly_30m,monthly,NDWI,0.22600166499614716,0.20452313125133514,0.1522824764251709,-0.8134557008743286,0.9342105388641357,0.49660557725246196,0.01693815163542418,1,Q00,CDSE 月度合成; SCL 云掩膜,
2022-11,sentinel2_cdse_monthly_30m,monthly,B03,5107.79833984375,4486.0,3384.385009765625,2.0,20640.0,0.5140331009345736,0.4207352338340393,1,Q10,"CDSE 月度合成; SCL 云掩膜; 低云量可用影像不足, 以精确当日影像补片(原月度合存在 exact_day_backup)",
2022-11,sentinel2_cdse_monthly_30m,monthly,B04,4610.0126953125,4054.0,3172.576904296875,1.0,19287.0,0.5140211844074626,0.4207352338340393,1,Q10,"CDSE 月度合成; SCL 云掩膜; 低云量可用影像不足, 以精确当日影像补片(原月度合存在 exact_day_backup)",
2022-11,sentinel2_cdse_monthly_30m,monthly,B05,4849.189453125,4234.0,3355.868408203125,1.0,18865.0,0.5140309162379365,0.4207352338340393,1,Q10,"CDSE 月度合成; SCL 云掩膜; 低云量可用影像不足, 以精确当日影像补片(原月度合存在 exact_day_backup)",
2022-11,sentinel2_cdse_monthly_30m,monthly,B08,4037.169677734375,3456.0,3084.062744140625,1.0,17937.0,0.5124209934252548,0.4207352338340393,1,Q10,"CDSE 月度合成; SCL 云掩膜; 低云量可用影像不足, 以精确当日影像补片(原月度合存在 exact_day_backup)",
2022-11,sentinel2_cdse_monthly_30m,monthly,B11,3272.5068359375,3174.0,2250.75390625,1.0,10593.0,0.5139987416147371,0.4207352338340393,1,Q10,"CDSE 月度合成; SCL 云掩膜; 低云量可用影像不足, 以精确当日影像补片(原月度合存在 exact_day_backup)",
2022-11,sentinel2_cdse_monthly_30m,monthly,FAI,-0.025470297783613205,-0.02880221977829933,0.03200456500053406,-0.2000657171010971,0.5269412398338318,0.0913870519783024,0.4207352338340393,1,Q10,"CDSE 月度合成; SCL 云掩膜; 低云量可用影像不足, 以精确当日影像补片(原月度合存在 exact_day_backup)",
2022-11,sentinel2_cdse_monthly_30m,monthly,MCI,0.01521055493503809,0.012907911092042923,0.012958882376551628,-0.11186441034078598,0.22765706479549408,0.0913870519783024,0.4207352338340393,1,Q10,"CDSE 月度合成; SCL 云掩膜; 低云量可用影像不足, 以精确当日影像补片(原月度合存在 exact_day_backup)",
2022-11,sentinel2_cdse_monthly_30m,monthly,NDCI,0.034042838960886,0.021925032138824463,0.07798956334590912,-0.837837815284729,0.9384614825248718,0.0913870519783024,0.4207352338340393,1,Q10,"CDSE 月度合成; SCL 云掩膜; 低云量可用影像不足, 以精确当日影像补片(原月度合存在 exact_day_backup)",
2022-11,sentinel2_cdse_monthly_30m,monthly,NDWI,0.42890486121177673,0.43050694465637207,0.22052660584449768,-0.7787925004959106,0.9984374642372131,0.0913870519783024,0.4207352338340393,1,Q10,"CDSE 月度合成; SCL 云掩膜; 低云量可用影像不足, 以精确当日影像补片(原月度合存在 exact_day_backup)",
2022-12,sentinel2_cdse_monthly_30m,monthly,B03,1217.5010986328125,1270.0,141.4158935546875,179.0,4387.0,0.5140344911960698,0.001005754888159421,1,Q00,CDSE 月度合成; SCL 云掩膜,
2022-12,sentinel2_cdse_monthly_30m,monthly,B04,1123.849853515625,1205.0,201.33651733398438,112.0,5106.0,0.5140344911960698,0.001005754888159421,1,Q00,CDSE 月度合成; SCL 云掩膜,
2022-12,sentinel2_cdse_monthly_30m,monthly,B05,1094.670166015625,1159.0,205.71661376953125,94.0,5134.0,0.5140344911960698,0.001005754888159421,1,Q00,CDSE 月度合成; SCL 云掩膜,
2022-12,sentinel2_cdse_monthly_30m,monthly,B08,592.0560913085938,599.0,209.1172637939453,3.0,6187.0,0.5140344911960698,0.001005754888159421,1,Q00,CDSE 月度合成; SCL 云掩膜,
2022-12,sentinel2_cdse_monthly_30m,monthly,B11,47.72127914428711,32.0,133.19168090820312,3.0,3929.0,0.5140344911960698,0.001005754888159421,1,Q00,CDSE 月度合成; SCL 云掩膜,
2022-12,sentinel2_cdse_monthly_30m,monthly,FAI,-0.03317483142018318,-0.03485460579395294,0.013936037197709084,-0.10050509124994278,0.512129545211792,0.5129774952413335,0.001005754888159421,1,Q00,CDSE 月度合成; SCL 云掩膜,
2022-12,sentinel2_cdse_monthly_30m,monthly,MCI,0.009101217612624168,0.00874971691519022,0.004067373927682638,-0.06081018224358559,0.12234236299991608,0.5129774952413335,0.001005754888159421,1,Q00,CDSE 月度合成; SCL 云掩膜,
2022-12,sentinel2_cdse_monthly_30m,monthly,NDCI,-0.0142419608309865,-0.016560504212975502,0.030089054256677628,-0.18707481026649475,0.5610885620117188,0.5129774952413335,0.001005754888159421,1,Q00,CDSE 月度合成; SCL 云掩膜,
2022-12,sentinel2_cdse_monthly_30m,monthly,NDWI,0.36420294642448425,0.358365535736084,0.12719161808490753,-0.7835729718208313,0.9915254712104797,0.5129774952413335,0.001005754888159421,1,Q00,CDSE 月度合成; SCL 云掩膜,
2023-01,sentinel2_cdse_monthly_30m,monthly,B03,1070.505126953125,1126.0,167.38995361328125,230.0,5385.0,0.5140344911960698,0.0001487579801009886,1,Q00,CDSE 月度合成; SCL 云掩膜,
2023-01,sentinel2_cdse_monthly_30m,monthly,B04,779.4414672851562,799.0,196.92835998535156,141.0,6058.0,0.5140344911960698,0.0001487579801009886,1,Q00,CDSE 月度合成; SCL 云掩膜,
2023-01,sentinel2_cdse_monthly_30m,monthly,B05,695.6694946289062,702.0,182.25184631347656,118.0,6388.0,0.5140344911960698,0.0001487579801009886,1,Q00,CDSE 月度合成; SCL 云掩膜,
2023-01,sentinel2_cdse_monthly_30m,monthly,B08,279.9449462890625,258.0,161.62103271484375,28.0,7207.0,0.5140344911960698,0.0001487579801009886,1,Q00,CDSE 月度合成; SCL 云掩膜,
2023-01,sentinel2_cdse_monthly_30m,monthly,B11,55.5745964050293,40.0,147.38287353515625,8.0,5847.0,0.5140344911960698,0.0001487579801009886,1,Q00,CDSE 月度合成; SCL 云掩膜,
2023-01,sentinel2_cdse_monthly_30m,monthly,FAI,-0.036420274525880814,-0.040626659989356995,0.014285099692642689,-0.07503809034824371,0.4726618826389313,0.5138291297121921,0.0001487579801009886,1,Q00,CDSE 月度合成; SCL 云掩膜,
2023-01,sentinel2_cdse_monthly_30m,monthly,MCI,0.002910306677222252,0.0018728794530034065,0.005423895549029112,-0.08402258902788162,0.09619660675525665,0.5138291297121921,0.0001487579801009886,1,Q00,CDSE 月度合成; SCL 云掩膜,
2023-01,sentinel2_cdse_monthly_30m,monthly,NDCI,-0.05723901093006134,-0.06851213425397873,0.053620412945747375,-0.20417633652687073,0.5923076868057251,0.5138291297121921,0.0001487579801009886,1,Q00,CDSE 月度合成; SCL 云掩膜,
2023-01,sentinel2_cdse_monthly_30m,monthly,NDWI,0.5968866348266602,0.6167039275169373,0.1148606538772583,-0.764829695224762,0.8780694007873535,0.5138291297121921,0.0001487579801009886,1,Q00,CDSE 月度合成; SCL 云掩膜,
2023-02,sentinel2_cdse_monthly_30m,monthly,B03,1180.20166015625,1225.0,197.4534454345703,240.0,6540.0,0.5140344911960698,0.003909613936299012,1,Q00,CDSE 月度合成; SCL 云掩膜,
2023-02,sentinel2_cdse_monthly_30m,monthly,B04,973.8614501953125,1005.0,270.61798095703125,164.0,6523.0,0.5140344911960698,0.003909613936299012,1,Q00,CDSE 月度合成; SCL 云掩膜,
2023-02,sentinel2_cdse_monthly_30m,monthly,B05,929.7796020507812,957.0,285.52044677734375,148.0,6716.0,0.5140344911960698,0.003909613936299012,1,Q00,CDSE 月度合成; SCL 云掩膜,
2023-02,sentinel2_cdse_monthly_30m,monthly,B08,468.6792907714844,436.0,234.2306365966797,15.0,6903.0,0.5140344911960698,0.003909613936299012,1,Q00,CDSE 月度合成; SCL 云掩膜,
2023-02,sentinel2_cdse_monthly_30m,monthly,B11,109.3543472290039,92.0,160.4884033203125,28.0,6078.0,0.5140344911960698,0.003909613936299012,1,Q00,CDSE 月度合成; SCL 云掩膜,
2023-02,sentinel2_cdse_monthly_30m,monthly,FAI,-0.034478943794965744,-0.036439042538404465,0.010695254430174828,-0.10850411653518677,0.44774162769317627,0.5096486133929053,0.003909613936299012,1,Q00,CDSE 月度合成; SCL 云掩膜,
2023-02,sentinel2_cdse_monthly_30m,monthly,MCI,0.006974822375923395,0.007932202890515327,0.004413822200149298,-0.08266553282737732,0.08894180506467819,0.5096486133929053,0.003909613936299012,1,Q00,CDSE 月度合成; SCL 云掩膜,
2023-02,sentinel2_cdse_monthly_30m,monthly,NDCI,-0.029157860204577446,-0.02343415655195713,0.034824565052986145,-0.5949632525444031,0.4976303279399872,0.5096486133929053,0.003909613936299012,1,Q00,CDSE 月度合成; SCL 云掩膜,
2023-02,sentinel2_cdse_monthly_30m,monthly,NDWI,0.46018868684768677,0.4702380895614624,0.1368844211101532,-0.7412858605384827,0.951515257358551,0.5096486133929053,0.003909613936299012,1,Q00,CDSE 月度合成; SCL 云掩膜,
2023-03,sentinel2_cdse_monthly_30m,monthly,B03,1030.469482421875,1038.0,140.38174438476562,380.0,3904.0,0.5140344911960698,4.985080508057161e-05,1,Q00,CDSE 月度合成; SCL 云掩膜,
2023-03,sentinel2_cdse_monthly_30m,monthly,B04,674.4750366210938,659.0,124.31895446777344,330.0,4337.0,0.5140344911960698,4.985080508057161e-05,1,Q00,CDSE 月度合成; SCL 云掩膜,
2023-03,sentinel2_cdse_monthly_30m,monthly,B05,619.5670166015625,595.0,140.76419067382812,320.0,4645.0,0.5140344911960698,4.985080508057161e-05,1,Q00,CDSE 月度合成; SCL 云掩膜,
2023-03,sentinel2_cdse_monthly_30m,monthly,B08,316.3277282714844,296.0,136.6720733642578,89.0,5555.0,0.5140344911960698,4.985080508057161e-05,1,Q00,CDSE 月度合成; SCL 云掩膜,
2023-03,sentinel2_cdse_monthly_30m,monthly,B11,154.38528442382812,135.0,136.75271606445312,96.0,4406.0,0.5140344911960698,4.985080508057161e-05,1,Q00,CDSE 月度合成; SCL 云掩膜,
2023-03,sentinel2_cdse_monthly_30m,monthly,FAI,-0.026147225871682167,-0.026328574866056442,0.01067091803997755,-0.06234540045261383,0.4868164658546448,0.5130468097073618,4.985080508057161e-05,1,Q00,CDSE 月度合成; SCL 云掩膜,
2023-03,sentinel2_cdse_monthly_30m,monthly,MCI,0.0025894558057188988,0.001003955490887165,0.004872418474406004,-0.04071807488799095,0.056136153638362885,0.5130468097073618,4.985080508057161e-05,1,Q00,CDSE 月度合成; SCL 云掩膜,
2023-03,sentinel2_cdse_monthly_30m,monthly,NDCI,-0.045812685042619705,-0.05882353335618973,0.04275188595056534,-0.15036803483963013,0.47024500370025635,0.5130468097073618,4.985080508057161e-05,1,Q00,CDSE 月度合成; SCL 云掩膜,
2023-03,sentinel2_cdse_monthly_30m,monthly,NDWI,0.5348849892616272,0.5591152310371399,0.09455438703298569,-0.7425649166107178,0.8096256256103516,0.5130468097073618,4.985080508057161e-05,1,Q00,CDSE 月度合成; SCL 云掩膜,
2023-04,sentinel2_cdse_monthly_30m,monthly,B03,1243.7200927734375,1305.0,171.74331665039062,138.0,7519.0,0.5140344911960698,2.2442792725516302e-05,1,Q00,CDSE 月度合成; SCL 云掩膜,
2023-04,sentinel2_cdse_monthly_30m,monthly,B04,954.747802734375,1000.0,200.22132873535156,127.0,7154.0,0.5140344911960698,2.2442792725516302e-05,1,Q00,CDSE 月度合成; SCL 云掩膜,
2023-04,sentinel2_cdse_monthly_30m,monthly,B05,907.7532348632812,920.0,177.57688903808594,119.0,5541.0,0.5140344911960698,2.2442792725516302e-05,1,Q00,CDSE 月度合成; SCL 云掩膜,
2023-04,sentinel2_cdse_monthly_30m,monthly,B08,384.2054748535156,371.0,187.9286651611328,1.0,9623.0,0.5140247593655959,2.2442792725516302e-05,1,Q00,CDSE 月度合成; SCL 云掩膜,
2023-04,sentinel2_cdse_monthly_30m,monthly,B11,119.06987762451172,107.0,127.03951263427734,32.0,5343.0,0.5140344911960698,2.2442792725516302e-05,1,Q00,CDSE 月度合成; SCL 云掩膜,
2023-04,sentinel2_cdse_monthly_30m,monthly,FAI,-0.04149869829416275,-0.045790474861860275,0.01782057248055935,-0.08892190456390381,0.6286066770553589,0.5134315149242585,2.2442792725516302e-05,1,Q00,CDSE 月度合成; SCL 云掩膜,
2023-04,sentinel2_cdse_monthly_30m,monthly,MCI,0.008190719410777092,0.007767798844724894,0.004820983856916428,-0.22949659824371338,0.09724745154380798,0.5134315149242585,2.2442792725516302e-05,1,Q00,CDSE 月度合成; SCL 云掩膜,
2023-04,sentinel2_cdse_monthly_30m,monthly,NDCI,-0.02294948883354664,-0.032939180731773376,0.04600374028086662,-0.23832924664020538,0.6495070457458496,0.5134315149242585,2.2442792725516302e-05,1,Q00,CDSE 月度合成; SCL 云掩膜,
2023-04,sentinel2_cdse_monthly_30m,monthly,NDWI,0.5394310355186462,0.5412226915359497,0.10467430204153061,-0.8153551816940308,0.9960629343986511,0.5134315149242585,2.2442792725516302e-05,1,Q00,CDSE 月度合成; SCL 云掩膜,
2023-05,sentinel2_cdse_monthly_30m,monthly,B03,1447.0772705078125,1425.0,266.4279479980469,179.0,6539.0,0.5140344911960698,0.003997796236919625,1,Q00,CDSE 月度合成; SCL 云掩膜,
2023-05,sentinel2_cdse_monthly_30m,monthly,B04,1245.7760009765625,1228.0,312.8114013671875,183.0,6396.0,0.5140344911960698,0.003997796236919625,1,Q00,CDSE 月度合成; SCL 云掩膜,
2023-05,sentinel2_cdse_monthly_30m,monthly,B05,1278.365966796875,1230.0,292.7321472167969,210.0,6274.0,0.5140344911960698,0.003997796236919625,1,Q00,CDSE 月度合成; SCL 云掩膜,
2023-05,sentinel2_cdse_monthly_30m,monthly,B08,758.58544921875,718.0,344.5026550292969,53.0,7055.0,0.5140344911960698,0.003997796236919625,1,Q00,CDSE 月度合成; SCL 云掩膜,
2023-05,sentinel2_cdse_monthly_30m,monthly,B11,399.79052734375,381.0,261.8645935058594,62.0,8062.0,0.5140344911960698,0.003997796236919625,1,Q00,CDSE 月度合成; SCL 云掩膜,
2023-05,sentinel2_cdse_monthly_30m,monthly,FAI,-0.03282783180475235,-0.03841809928417206,0.029427623376250267,-0.22031301259994507,0.5703044533729553,0.5084144584017871,0.003997796236919625,1,Q00,CDSE 月度合成; SCL 云掩膜,
2023-05,sentinel2_cdse_monthly_30m,monthly,MCI,0.014229715801775455,0.0140904001891613,0.005564085207879543,-0.06613108515739441,0.0860152542591095,0.5084144584017871,0.003997796236919625,1,Q00,CDSE 月度合成; SCL 云掩膜,
2023-05,sentinel2_cdse_monthly_30m,monthly,NDCI,0.016361359506845474,0.004869133699685335,0.04789705574512482,-0.2793959081172943,0.6214420795440674,0.5084144584017871,0.003997796236919625,1,Q00,CDSE 月度合成; SCL 云掩膜,
2023-05,sentinel2_cdse_monthly_30m,monthly,NDWI,0.33520984649658203,0.33283188939094543,0.13335095345973969,-0.8309492468833923,0.8774566650390625,0.5084144584017871,0.003997796236919625,1,Q00,CDSE 月度合成; SCL 云掩膜,
2023-06,sentinel2_cdse_monthly_30m,monthly,B03,1707.6446533203125,1603.0,693.6219482421875,148.0,12321.0,0.5140344911960698,0.06532163501107442,1,Q00,"CDSE 月度合成; SCL 云掩膜; 低云量可用影像不足, 以精确当日影像补片(原月度合存在 exact_day_backup)",
2023-06,sentinel2_cdse_monthly_30m,monthly,B04,1364.190185546875,1274.0,691.1919555664062,75.0,11773.0,0.5140344911960698,0.06532163501107442,1,Q00,"CDSE 月度合成; SCL 云掩膜; 低云量可用影像不足, 以精确当日影像补片(原月度合存在 exact_day_backup)",
2023-06,sentinel2_cdse_monthly_30m,monthly,B05,1387.39306640625,1308.0,717.290283203125,83.0,12189.0,0.5140344911960698,0.06532163501107442,1,Q00,"CDSE 月度合成; SCL 云掩膜; 低云量可用影像不足, 以精确当日影像补片(原月度合存在 exact_day_backup)",
2023-06,sentinel2_cdse_monthly_30m,monthly,B08,893.094482421875,766.0,764.7376098632812,1.0,11202.0,0.5140263482358773,0.06532163501107442,1,Q00,"CDSE 月度合成; SCL 云掩膜; 低云量可用影像不足, 以精确当日影像补片(原月度合存在 exact_day_backup)",
2023-06,sentinel2_cdse_monthly_30m,monthly,B11,729.52197265625,599.0,644.1085205078125,87.0,9178.0,0.5140344911960698,0.06532163501107442,1,Q00,"CDSE 月度合成; SCL 云掩膜; 低云量可用影像不足, 以精确当日影像补片(原月度合存在 exact_day_backup)",
2023-06,sentinel2_cdse_monthly_30m,monthly,FAI,-0.03222232311964035,-0.03670031577348709,0.04284786805510521,-0.18697555363178253,0.6556590795516968,0.448352579848676,0.06532163501107442,1,Q00,"CDSE 月度合成; SCL 云掩膜; 低云量可用影像不足, 以精确当日影像补片(原月度合存在 exact_day_backup)",
2023-06,sentinel2_cdse_monthly_30m,monthly,MCI,0.012652754783630371,0.01215310674160719,0.00834947731345892,-0.08713333308696747,0.12965422868728638,0.448352579848676,0.06532163501107442,1,Q00,"CDSE 月度合成; SCL 云掩膜; 低云量可用影像不足, 以精确当日影像补片(原月度合存在 exact_day_backup)",
2023-06,sentinel2_cdse_monthly_30m,monthly,NDCI,0.010145005770027637,0.000673412112519145,0.0594174861907959,-0.2022857367992401,0.6497446894645691,0.448352579848676,0.06532163501107442,1,Q00,"CDSE 月度合成; SCL 云掩膜; 低云量可用影像不足, 以精确当日影像补片(原月度合存在 exact_day_backup)",
2023-06,sentinel2_cdse_monthly_30m,monthly,NDWI,0.34820494055747986,0.3518947958946228,0.1480092704296112,-0.7428320050239563,0.9938836693763733,0.448352579848676,0.06532163501107442,1,Q00,"CDSE 月度合成; SCL 云掩膜; 低云量可用影像不足, 以精确当日影像补片(原月度合存在 exact_day_backup)",
2023-07,sentinel2_cdse_monthly_30m,monthly,B03,1331.2252197265625,1323.0,337.577880859375,44.0,14339.0,0.5140344911960698,0.014028334323729142,1,Q00,"CDSE 月度合成; SCL 云掩膜; 低云量可用影像不足, 以精确当日影像补片(原月度合存在 exact_day_backup)",
2023-07,sentinel2_cdse_monthly_30m,monthly,B04,920.9723510742188,906.0,295.7020568847656,10.0,13015.0,0.5140344911960698,0.014028334323729142,1,Q00,"CDSE 月度合成; SCL 云掩膜; 低云量可用影像不足, 以精确当日影像补片(原月度合存在 exact_day_backup)",
2023-07,sentinel2_cdse_monthly_30m,monthly,B05,963.846435546875,916.0,350.34368896484375,11.0,13601.0,0.5140342925872846,0.014028334323729142,1,Q00,"CDSE 月度合成; SCL 云掩膜; 低云量可用影像不足, 以精确当日影像补片(原月度合存在 exact_day_backup)",
2023-07,sentinel2_cdse_monthly_30m,monthly,B08,589.3897094726562,489.0,602.45361328125,1.0,12561.0,0.5121087804149493,0.014028334323729142,1,Q00,"CDSE 月度合成; SCL 云掩膜; 低云量可用影像不足, 以精确当日影像补片(原月度合存在 exact_day_backup)",
2023-07,sentinel2_cdse_monthly_30m,monthly,B11,493.29486083984375,444.0,332.96954345703125,1.0,6539.0,0.5139705391672413,0.014028334323729142,1,Q00,"CDSE 月度合成; SCL 云掩膜; 低云量可用影像不足, 以精确当日影像补片(原月度合存在 exact_day_backup)",
2023-07,sentinel2_cdse_monthly_30m,monthly,FAI,-0.025382930412888527,-0.03404698148369789,0.05385119840502739,-0.24827840924263,0.6695818901062012,0.4978671402559352,0.014028334323729142,1,Q00,"CDSE 月度合成; SCL 云掩膜; 低云量可用影像不足, 以精确当日影像补片(原月度合存在 exact_day_backup)",
2023-07,sentinel2_cdse_monthly_30m,monthly,MCI,0.011676561087369919,0.008471189066767693,0.011904752813279629,-0.12473052740097046,0.1706310510635376,0.4978671402559352,0.014028334323729142,1,Q00,"CDSE 月度合成; SCL 云掩膜; 低云量可用影像不足, 以精确当日影像补片(原月度合存在 exact_day_backup)",
2023-07,sentinel2_cdse_monthly_30m,monthly,NDCI,0.019032126292586327,-0.007846559397876263,0.09434384107589722,-0.4501607418060303,0.7557756304740906,0.4978671402559352,0.014028334323729142,1,Q00,"CDSE 月度合成; SCL 云掩膜; 低云量可用影像不足, 以精确当日影像补片(原月度合存在 exact_day_backup)",
2023-07,sentinel2_cdse_monthly_30m,monthly,NDWI,0.44314414262771606,0.4594877362251282,0.1975107491016388,-0.8884246349334717,0.9983108043670654,0.4978671402559352,0.014028334323729142,1,Q00,"CDSE 月度合成; SCL 云掩膜; 低云量可用影像不足, 以精确当日影像补片(原月度合存在 exact_day_backup)",
2023-08,sentinel2_cdse_monthly_30m,monthly,B03,1217.463134765625,1231.0,402.1518249511719,210.0,11986.0,0.5140344911960698,0.008239484062042206,1,Q00,CDSE 月度合成; SCL 云掩膜,
2023-08,sentinel2_cdse_monthly_30m,monthly,B04,811.030029296875,798.0,396.1769104003906,141.0,11574.0,0.5140344911960698,0.008239484062042206,1,Q00,CDSE 月度合成; SCL 云掩膜,
2023-08,sentinel2_cdse_monthly_30m,monthly,B05,893.016357421875,849.0,448.2306213378906,196.0,12174.0,0.5140344911960698,0.008239484062042206,1,Q00,CDSE 月度合成; SCL 云掩膜,
2023-08,sentinel2_cdse_monthly_30m,monthly,B08,533.10693359375,421.0,586.963623046875,2.0,10771.0,0.5140331009345736,0.008239484062042206,1,Q00,CDSE 月度合成; SCL 云掩膜,
2023-08,sentinel2_cdse_monthly_30m,monthly,B11,304.81573486328125,240.0,437.05126953125,56.0,9420.0,0.5140344911960698,0.008239484062042206,1,Q00,CDSE 月度合成; SCL 云掩膜,
2023-08,sentinel2_cdse_monthly_30m,monthly,FAI,-0.018539458513259888,-0.025765076279640198,0.043270863592624664,-0.11881428956985474,0.5592025518417358,0.505034136877997,0.008239484062042206,1,Q00,CDSE 月度合成; SCL 云掩膜,
2023-08,sentinel2_cdse_monthly_30m,monthly,MCI,0.014304411597549915,0.011298306286334991,0.011714164167642593,-0.048403963446617126,0.12180452793836594,0.505034136877997,0.008239484062042206,1,Q00,CDSE 月度合成; SCL 云掩膜,
2023-08,sentinel2_cdse_monthly_30m,monthly,NDCI,0.04200628027319908,0.015748046338558197,0.08926142752170563,-0.15394911170005798,0.6211631298065186,0.505034136877997,0.008239484062042206,1,Q00,CDSE 月度合成; SCL 云掩膜,
2023-08,sentinel2_cdse_monthly_30m,monthly,NDWI,0.44946154952049255,0.4923804700374603,0.17947281897068024,-0.7623421549797058,0.9930434823036194,0.505034136877997,0.008239484062042206,1,Q00,CDSE 月度合成; SCL 云掩膜,
2023-09,sentinel2_cdse_monthly_30m,monthly,B03,1073.1199951171875,1119.0,210.16233825683594,90.0,7638.0,0.5140344911960698,0.0008148918455999415,1,Q00,CDSE 月度合成; SCL 云掩膜,
2023-09,sentinel2_cdse_monthly_30m,monthly,B04,744.4232177734375,766.0,222.48619079589844,54.0,7428.0,0.5140344911960698,0.0008148918455999415,1,Q00,CDSE 月度合成; SCL 云掩膜,
2023-09,sentinel2_cdse_monthly_30m,monthly,B05,796.616455078125,818.0,262.2916564941406,63.0,8045.0,0.5140344911960698,0.0008148918455999415,1,Q00,CDSE 月度合成; SCL 云掩膜,
2023-09,sentinel2_cdse_monthly_30m,monthly,B08,447.5257568359375,373.0,460.7573547363281,1.0,7840.0,0.5140317106730772,0.0008148918455999415,1,Q00,CDSE 月度合成; SCL 云掩膜,
2023-09,sentinel2_cdse_monthly_30m,monthly,B11,200.59556579589844,158.0,241.40359497070312,33.0,6882.0,0.5140344911960698,0.0008148918455999415,1,Q00,CDSE 月度合成; SCL 云掩膜,
2023-09,sentinel2_cdse_monthly_30m,monthly,FAI,-0.019664404913783073,-0.027272380888462067,0.044280871748924255,-0.06563936173915863,0.5657021999359131,0.5125933858507924,0.0008148918455999415,1,Q00,CDSE 月度合成; SCL 云掩膜,
2023-09,sentinel2_cdse_monthly_30m,monthly,MCI,0.011915500275790691,0.011369491927325726,0.00993453711271286,-0.06439491361379623,0.09717908501625061,0.5125933858507924,0.0008148918455999415,1,Q00,CDSE 月度合成; SCL 云掩膜,
2023-09,sentinel2_cdse_monthly_30m,monthly,NDCI,0.02838887833058834,0.013257588259875774,0.09373247623443604,-0.20200330018997192,0.6207243800163269,0.5125933858507924,0.0008148918455999415,1,Q00,CDSE 月度合成; SCL 云掩膜,
2023-09,sentinel2_cdse_monthly_30m,monthly,NDWI,0.45841091871261597,0.4983096420764923,0.20285353064537048,-0.8231131434440613,0.9966043829917908,0.5125933858507924,0.0008148918455999415,1,Q00,CDSE 月度合成; SCL 云掩膜,
2023-10,sentinel2_cdse_monthly_30m,monthly,B03,1069.12451171875,1103.0,185.73629760742188,228.0,4851.0,0.5140344911960698,1.012904804425957e-05,1,Q00,CDSE 月度合成; SCL 云掩膜,
2023-10,sentinel2_cdse_monthly_30m,monthly,B04,743.2376708984375,760.0,168.31961059570312,129.0,5123.0,0.5140344911960698,1.012904804425957e-05,1,Q00,CDSE 月度合成; SCL 云掩膜,
2023-10,sentinel2_cdse_monthly_30m,monthly,B05,801.5537109375,806.0,215.1365509033203,174.0,5777.0,0.5140344911960698,1.012904804425957e-05,1,Q00,CDSE 月度合成; SCL 云掩膜,
2023-10,sentinel2_cdse_monthly_30m,monthly,B08,396.7691650390625,340.0,322.37908935546875,1.0,6455.0,0.5139683544706043,1.012904804425957e-05,1,Q00,CDSE 月度合成; SCL 云掩膜,
2023-10,sentinel2_cdse_monthly_30m,monthly,B11,135.24380493164062,105.0,180.22946166992188,32.0,5127.0,0.5140344911960698,1.012904804425957e-05,1,Q00,CDSE 月度合成; SCL 云掩膜,
2023-10,sentinel2_cdse_monthly_30m,monthly,FAI,-0.02470642514526844,-0.029287617653608322,0.03010544180870056,-0.07070127129554749,0.5045174360275269,0.5036553946912666,1.012904804425957e-05,1,Q00,CDSE 月度合成; SCL 云掩膜,
2023-10,sentinel2_cdse_monthly_30m,monthly,MCI,0.013455774635076523,0.011566666886210442,0.010606678202748299,-0.056830503046512604,0.1271909773349762,0.5036553946912666,1.012904804425957e-05,1,Q00,CDSE 月度合成; SCL 云掩膜,
2023-10,sentinel2_cdse_monthly_30m,monthly,NDCI,0.028148775920271873,0.009456248953938484,0.08270459622144699,-0.18425194919109344,0.5850703120231628,0.5036553946912666,1.012904804425957e-05,1,Q00,CDSE 月度合成; SCL 云掩膜,
2023-10,sentinel2_cdse_monthly_30m,monthly,NDWI,0.5001664161682129,0.5239543318748474,0.16467157006263733,-0.7861368060112,0.9971469044685364,0.5036553946912666,1.012904804425957e-05,1,Q00,CDSE 月度合成; SCL 云掩膜,
2023-11,sentinel2_cdse_monthly_30m,monthly,B03,1135.1175537109375,1204.0,164.67520141601562,151.0,5198.0,0.5140344911960698,2.14497487996085e-05,1,Q00,CDSE 月度合成; SCL 云掩膜,
2023-11,sentinel2_cdse_monthly_30m,monthly,B04,1040.530517578125,1122.0,249.8539276123047,135.0,5366.0,0.5140344911960698,2.14497487996085e-05,1,Q00,CDSE 月度合成; SCL 云掩膜,
2023-11,sentinel2_cdse_monthly_30m,monthly,B05,1033.1068115234375,1089.0,252.49951171875,120.0,5777.0,0.5140344911960698,2.14497487996085e-05,1,Q00,CDSE 月度合成; SCL 云掩膜,
2023-11,sentinel2_cdse_monthly_30m,monthly,B08,553.9815063476562,533.0,240.61257934570312,43.0,6726.0,0.5140344911960698,2.14497487996085e-05,1,Q00,CDSE 月度合成; SCL 云掩膜,
2023-11,sentinel2_cdse_monthly_30m,monthly,B11,97.49441528320312,82.0,125.57673645019531,48.0,4777.0,0.5140344911960698,2.14497487996085e-05,1,Q00,CDSE 月度合成; SCL 云掩膜,
2023-11,sentinel2_cdse_monthly_30m,monthly,FAI,-0.0310093704611063,-0.03314143046736717,0.015982817858457565,-0.06826317310333252,0.4618898630142212,0.5139427339373159,2.14497487996085e-05,1,Q00,CDSE 月度合成; SCL 云掩膜,
2023-11,sentinel2_cdse_monthly_30m,monthly,MCI,0.01025328878313303,0.01091073825955391,0.004154048394411802,-0.04098362475633621,0.09575988352298737,0.5139427339373159,2.14497487996085e-05,1,Q00,CDSE 月度合成; SCL 云掩膜,
2023-11,sentinel2_cdse_monthly_30m,monthly,NDCI,-0.004130113869905472,-0.004281777888536453,0.039075661450624466,-0.19325551390647888,0.50986248254776,0.5139427339373159,2.14497487996085e-05,1,Q00,CDSE 月度合成; SCL 云掩膜,
2023-11,sentinel2_cdse_monthly_30m,monthly,NDWI,0.36855998635292053,0.3826441168785095,0.1515907645225525,-0.7816938161849976,0.791505753993988,0.5139427339373159,2.14497487996085e-05,1,Q00,CDSE 月度合成; SCL 云掩膜,
2023-12,sentinel2_cdse_monthly_30m,monthly,B03,1381.3228759765625,1417.0,137.35226440429688,291.0,5999.0,0.5140344911960698,0.00030625474674996584,1,Q00,CDSE 月度合成; SCL 云掩膜,
2023-12,sentinel2_cdse_monthly_30m,monthly,B04,1257.7489013671875,1354.0,225.2491455078125,182.0,6309.0,0.5140344911960698,0.00030625474674996584,1,Q00,CDSE 月度合成; SCL 云掩膜,
2023-12,sentinel2_cdse_monthly_30m,monthly,B05,1195.2275390625,1297.0,247.26785278320312,129.0,6657.0,0.5140344911960698,0.00030625474674996584,1,Q00,CDSE 月度合成; SCL 云掩膜,
2023-12,sentinel2_cdse_monthly_30m,monthly,B08,654.7476806640625,698.0,212.68675231933594,6.0,7262.0,0.5140344911960698,0.00030625474674996584,1,Q00,CDSE 月度合成; SCL 云掩膜,
2023-12,sentinel2_cdse_monthly_30m,monthly,B11,92.66559600830078,78.0,131.39825439453125,26.0,3971.0,0.5140344911960698,0.00030625474674996584,1,Q00,CDSE 月度合成; SCL 云掩膜,
2023-12,sentinel2_cdse_monthly_30m,monthly,FAI,-0.03856261447072029,-0.04035523906350136,0.01167776808142662,-0.09380190074443817,0.4454434812068939,0.5135902033436186,0.00030625474674996584,1,Q00,CDSE 月度合成; SCL 云掩膜,
2023-12,sentinel2_cdse_monthly_30m,monthly,MCI,0.007378058508038521,0.008279669098556042,0.004293631762266159,-0.09580563753843307,0.07621525228023529,0.5135902033436186,0.00030625474674996584,1,Q00,CDSE 月度合成; SCL 云掩膜,
2023-12,sentinel2_cdse_monthly_30m,monthly,NDCI,-0.028966058045625687,-0.024619001895189285,0.02635764330625534,-0.4169139564037323,0.40647774934768677,0.5135902033436186,0.00030625474674996584,1,Q00,CDSE 月度合成; SCL 云掩膜,
2023-12,sentinel2_cdse_monthly_30m,monthly,NDWI,0.37225550413131714,0.3450463116168976,0.11527824401855469,-0.7182822823524475,0.9696202874183655,0.5135902033436186,0.00030625474674996584,1,Q00,CDSE 月度合成; SCL 云掩膜,
2024-01,sentinel2_cdse_monthly_30m,monthly,B03,1290.7103271484375,1355.0,195.5745086669922,332.0,12745.0,0.5140344911960698,2.899688263650779e-05,1,Q00,CDSE 月度合成; SCL 云掩膜,
2024-01,sentinel2_cdse_monthly_30m,monthly,B04,997.6209106445312,1035.0,235.2034454345703,308.0,13103.0,0.5140344911960698,2.899688263650779e-05,1,Q00,CDSE 月度合成; SCL 云掩膜,
2024-01,sentinel2_cdse_monthly_30m,monthly,B05,924.9126586914062,940.0,222.15347290039062,279.0,13394.0,0.5140344911960698,2.899688263650779e-05,1,Q00,CDSE 月度合成; SCL 云掩膜,
2024-01,sentinel2_cdse_monthly_30m,monthly,B08,451.866455078125,432.0,151.7466583251953,151.0,7674.0,0.5140344911960698,2.899688263650779e-05,1,Q00,CDSE 月度合成; SCL 云掩膜,
2024-01,sentinel2_cdse_monthly_30m,monthly,B11,114.53367614746094,100.0,138.6182403564453,51.0,15231.0,0.5140344911960698,2.899688263650779e-05,1,Q00,CDSE 月度合成; SCL 云掩膜,
2024-01,sentinel2_cdse_monthly_30m,monthly,FAI,-0.038065604865550995,-0.04253301024436951,0.01409223023802042,-0.5827577114105225,0.42886731028556824,0.5138527641576286,2.899688263650779e-05,1,Q00,CDSE 月度合成; SCL 云掩膜,
2024-01,sentinel2_cdse_monthly_30m,monthly,MCI,0.005063029006123543,0.0051225945353507996,0.0042724329978227615,-0.04548417776823044,0.34573838114738464,0.5138527641576286,2.899688263650779e-05,1,Q00,CDSE 月度合成; SCL 云掩膜,
2024-01,sentinel2_cdse_monthly_30m,monthly,NDCI,-0.037689097225666046,-0.04048892483115196,0.0317385233938694,-0.1348147988319397,0.45565956830978394,0.5138527641576286,2.899688263650779e-05,1,Q00,CDSE 月度合成; SCL 云掩膜,
2024-01,sentinel2_cdse_monthly_30m,monthly,NDWI,0.4868334233760834,0.4945606589317322,0.0842096358537674,-0.7137669324874878,0.7074097394943237,0.5138527641576286,2.899688263650779e-05,1,Q00,CDSE 月度合成; SCL 云掩膜,
2024-02,sentinel2_cdse_monthly_30m,monthly,B03,1155.08447265625,1215.0,164.36241149902344,194.0,5006.0,0.5140344911960698,2.025809608851914e-05,1,Q00,CDSE 月度合成; SCL 云掩膜,
2024-02,sentinel2_cdse_monthly_30m,monthly,B04,843.270751953125,891.0,201.44717407226562,87.0,5094.0,0.5140344911960698,2.025809608851914e-05,1,Q00,CDSE 月度合成; SCL 云掩膜,
2024-02,sentinel2_cdse_monthly_30m,monthly,B05,733.7163696289062,763.0,191.2116241455078,63.0,5583.0,0.5140344911960698,2.025809608851914e-05,1,Q00,CDSE 月度合成; SCL 云掩膜,
2024-02,sentinel2_cdse_monthly_30m,monthly,B08,279.2033386230469,270.0,137.5861358642578,4.0,6763.0,0.5140342925872846,2.025809608851914e-05,1,Q00,CDSE 月度合成; SCL 云掩膜,
2024-02,sentinel2_cdse_monthly_30m,monthly,B11,59.46885681152344,47.0,126.65444946289062,25.0,4777.0,0.5140344911960698,2.025809608851914e-05,1,Q00,CDSE 月度合成; SCL 云掩膜,
2024-02,sentinel2_cdse_monthly_30m,monthly,FAI,-0.04174278303980827,-0.04612412676215172,0.012851153500378132,-0.09504634141921997,0.4628748893737793,0.5139435283724566,2.025809608851914e-05,1,Q00,CDSE 月度合成; SCL 云掩膜,
2024-02,sentinel2_cdse_monthly_30m,monthly,MCI,0.0017916741780936718,0.0019231606274843216,0.00318278931081295,-0.05316442251205444,0.06073389947414398,0.5139435283724566,2.025809608851914e-05,1,Q00,CDSE 月度合成; SCL 云掩膜,
2024-02,sentinel2_cdse_monthly_30m,monthly,NDCI,-0.07197730988264084,-0.07098762691020966,0.031189706176519394,-0.25760647654533386,0.486349880695343,0.5139435283724566,2.025809608851914e-05,1,Q00,CDSE 月度合成; SCL 云掩膜,
2024-02,sentinel2_cdse_monthly_30m,monthly,NDWI,0.6208526492118835,0.6319612860679626,0.09340354800224304,-0.7747151255607605,0.9885550737380981,0.5139435283724566,2.025809608851914e-05,1,Q00,CDSE 月度合成; SCL 云掩膜,
2024-03,sentinel2_cdse_monthly_30m,monthly,B03,1306.79248046875,1361.0,151.3983917236328,355.0,4757.0,0.5140344911960698,2.2641401510697864e-05,1,Q00,CDSE 月度合成; SCL 云掩膜,
2024-03,sentinel2_cdse_monthly_30m,monthly,B04,1055.502685546875,1099.0,212.87185668945312,280.0,4830.0,0.5140344911960698,2.2641401510697864e-05,1,Q00,CDSE 月度合成; SCL 云掩膜,
2024-03,sentinel2_cdse_monthly_30m,monthly,B05,960.1390991210938,990.0,217.24502563476562,247.0,5125.0,0.5140344911960698,2.2641401510697864e-05,1,Q00,CDSE 月度合成; SCL 云掩膜,
2024-03,sentinel2_cdse_monthly_30m,monthly,B08,418.132080078125,402.0,148.46878051757812,104.0,6318.0,0.5140344911960698,2.2641401510697864e-05,1,Q00,CDSE 月度合成; SCL 云掩膜,
2024-03,sentinel2_cdse_monthly_30m,monthly,B11,92.2516860961914,79.0,116.67919158935547,47.0,4554.0,0.5140344911960698,2.2641401510697864e-05,1,Q00,CDSE 月度合成; SCL 云掩膜,
2024-03,sentinel2_cdse_monthly_30m,monthly,FAI,-0.045759279280900955,-0.04954983666539192,0.011488670483231544,-0.08828158676624298,0.4600924253463745,0.5135548509798563,2.2641401510697864e-05,1,Q00,CDSE 月度合成; SCL 云掩膜,
2024-03,sentinel2_cdse_monthly_30m,monthly,MCI,0.004865448456257582,0.005205086432397366,0.0035967985168099403,-0.038216374814510345,0.0587225966155529,0.5135548509798563,2.2641401510697864e-05,1,Q00,CDSE 月度合成; SCL 云掩膜,
2024-03,sentinel2_cdse_monthly_30m,monthly,NDCI,-0.05041450262069702,-0.048239901661872864,0.024054277688264847,-0.19283457100391388,0.44394171237945557,0.5135548509798563,2.2641401510697864e-05,1,Q00,CDSE 月度合成; SCL 云掩膜,
2024-03,sentinel2_cdse_monthly_30m,monthly,NDWI,0.5253187417984009,0.537199079990387,0.08733566105365753,-0.7144232988357544,0.7489627003669739,0.5135548509798563,2.2641401510697864e-05,1,Q00,CDSE 月度合成; SCL 云掩膜,
2024-04,sentinel2_cdse_monthly_30m,monthly,B03,5802.00244140625,5963.0,2579.40478515625,578.0,12671.0,0.5140344911960698,0.4960014093279396,1,Q10,"CDSE 月度合成; SCL 云掩膜; 低云量可用影像不足, 以精确当日影像补片(原月度合存在 exact_day_backup)",
2024-04,sentinel2_cdse_monthly_30m,monthly,B04,5580.81396484375,5747.0,2637.55224609375,375.0,12508.0,0.5140344911960698,0.4960014093279396,1,Q10,"CDSE 月度合成; SCL 云掩膜; 低云量可用影像不足, 以精确当日影像补片(原月度合存在 exact_day_backup)",
2024-04,sentinel2_cdse_monthly_30m,monthly,B05,5824.66015625,6000.0,2746.9521484375,370.0,13222.0,0.5140344911960698,0.4960014093279396,1,Q10,"CDSE 月度合成; SCL 云掩膜; 低云量可用影像不足, 以精确当日影像补片(原月度合存在 exact_day_backup)",
2024-04,sentinel2_cdse_monthly_30m,monthly,B08,5478.90380859375,5675.0,2819.585205078125,1.0,13057.0,0.513939556196753,0.4960014093279396,1,Q10,"CDSE 月度合成; SCL 云掩膜; 低云量可用影像不足, 以精确当日影像补片(原月度合存在 exact_day_backup)",
2024-04,sentinel2_cdse_monthly_30m,monthly,B11,3817.968994140625,4170.0,1846.07275390625,134.0,9100.0,0.5140344911960698,0.4960014093279396,1,Q10,"CDSE 月度合成; SCL 云掩膜; 低云量可用影像不足, 以精确当日影像补片(原月度合存在 exact_day_backup)",
2024-04,sentinel2_cdse_monthly_30m,monthly,FAI,-0.05483568459749222,-0.0641612708568573,0.038506221026182175,-0.1257539689540863,0.41342222690582275,0.01786982544671088,0.4960014093279396,1,Q10,"CDSE 月度合成; SCL 云掩膜; 低云量可用影像不足, 以精确当日影像补片(原月度合存在 exact_day_backup)",
2024-04,sentinel2_cdse_monthly_30m,monthly,MCI,0.01501490455120802,0.017183618620038033,0.008866924792528152,-0.0696558728814125,0.056547533720731735,0.01786982544671088,0.4960014093279396,1,Q10,"CDSE 月度合成; SCL 云掩膜; 低云量可用影像不足, 以精确当日影像补片(原月度合存在 exact_day_backup)",
2024-04,sentinel2_cdse_monthly_30m,monthly,NDCI,-0.005675905384123325,-0.009987498633563519,0.05032582953572273,-0.16501645743846893,0.3498845100402832,0.01786982544671088,0.4960014093279396,1,Q10,"CDSE 月度合成; SCL 云掩膜; 低云量可用影像不足, 以精确当日影像补片(原月度合存在 exact_day_backup)",
2024-04,sentinel2_cdse_monthly_30m,monthly,NDWI,0.4795602858066559,0.4749608635902405,0.16947805881500244,-0.56681889295578,0.9984139204025269,0.01786982544671088,0.4960014093279396,1,Q10,"CDSE 月度合成; SCL 云掩膜; 低云量可用影像不足, 以精确当日影像补片(原月度合存在 exact_day_backup)",
2024-05,sentinel2_cdse_monthly_30m,monthly,B03,1407.35693359375,1470.0,229.5205535888672,64.0,5826.0,0.5140344911960698,0.05339954685419573,1,Q00,CDSE 月度合成; SCL 云掩膜,
2024-05,sentinel2_cdse_monthly_30m,monthly,B04,1154.3831787109375,1204.0,267.5325622558594,77.0,6041.0,0.5140344911960698,0.05339954685419573,1,Q00,CDSE 月度合成; SCL 云掩膜,
2024-05,sentinel2_cdse_monthly_30m,monthly,B05,1157.723388671875,1222.0,275.82794189453125,81.0,6081.0,0.5140344911960698,0.05339954685419573,1,Q00,CDSE 月度合成; SCL 云掩膜,
2024-05,sentinel2_cdse_monthly_30m,monthly,B08,705.7698974609375,736.0,305.4424133300781,1.0,7217.0,0.5136851383429354,0.05339954685419573,1,Q00,CDSE 月度合成; SCL 云掩膜,
2024-05,sentinel2_cdse_monthly_30m,monthly,B11,459.15313720703125,475.0,181.1565399169922,17.0,5542.0,0.5140344911960698,0.05339954685419573,1,Q00,CDSE 月度合成; SCL 云掩膜,
2024-05,sentinel2_cdse_monthly_30m,monthly,FAI,-0.030304254963994026,-0.036675237119197845,0.027859171852469444,-0.10173968225717545,0.5657565593719482,0.4595626555106788,0.05339954685419573,1,Q00,CDSE 月度合成; SCL 云掩膜,
2024-05,sentinel2_cdse_monthly_30m,monthly,MCI,0.011118770577013493,0.009272885508835316,0.009412672370672226,-0.09588530659675598,0.08929038792848587,0.4595626555106788,0.05339954685419573,1,Q00,CDSE 月度合成; SCL 云掩膜,
2024-05,sentinel2_cdse_monthly_30m,monthly,NDCI,0.003327831393107772,-0.013425392098724842,0.069430872797966,-0.3094812333583832,0.7637194991111755,0.4595626555106788,0.05339954685419573,1,Q00,CDSE 月度合成; SCL 云掩膜,
2024-05,sentinel2_cdse_monthly_30m,monthly,NDWI,0.3459800183773041,0.3358384370803833,0.1630869060754776,-0.865470826625824,0.9980059266090393,0.4595626555106788,0.05339954685419573,1,Q00,CDSE 月度合成; SCL 云掩膜,
2024-06,sentinel2_cdse_monthly_30m,monthly,B03,1988.06787109375,1720.0,1048.2138671875,1.0,11933.0,0.5139667656003228,0.19286025250326513,1,Q00,"CDSE 月度合成; SCL 云掩膜; 低云量可用影像不足, 以精确当日影像补片(原月度合存在 exact_day_backup)",
2024-06,sentinel2_cdse_monthly_30m,monthly,B04,1576.390380859375,1333.0,972.5816040039062,1.0,10701.0,0.5139498838535824,0.19286025250326513,1,Q00,"CDSE 月度合成; SCL 云掩膜; 低云量可用影像不足, 以精确当日影像补片(原月度合存在 exact_day_backup)",
2024-06,sentinel2_cdse_monthly_30m,monthly,B05,1586.169921875,1328.0,1058.455078125,1.0,11528.0,0.5140110553594184,0.19286025250326513,1,Q00,"CDSE 月度合成; SCL 云掩膜; 低云量可用影像不足, 以精确当日影像补片(原月度合存在 exact_day_backup)",
2024-06,sentinel2_cdse_monthly_30m,monthly,B08,1063.866455078125,758.0,1096.8231201171875,1.0,10277.0,0.5046144765149083,0.19286025250326513,1,Q00,"CDSE 月度合成; SCL 云掩膜; 低云量可用影像不足, 以精确当日影像补片(原月度合存在 exact_day_backup)",
2024-06,sentinel2_cdse_monthly_30m,monthly,B11,746.9578857421875,691.0,403.67962646484375,53.0,5757.0,0.5140344911960698,0.19286025250326513,1,Q00,"CDSE 月度合成; SCL 云掩膜; 低云量可用影像不足, 以精确当日影像补片(原月度合存在 exact_day_backup)",
2024-06,sentinel2_cdse_monthly_30m,monthly,FAI,-0.03790280595421791,-0.041994914412498474,0.05820683762431145,-0.20091205835342407,0.7383320927619934,0.311106362154381,0.19286025250326513,1,Q00,"CDSE 月度合成; SCL 云掩膜; 低云量可用影像不足, 以精确当日影像补片(原月度合存在 exact_day_backup)",
2024-06,sentinel2_cdse_monthly_30m,monthly,MCI,0.011621559038758278,0.009000001475214958,0.009602121077477932,-0.07663164287805557,0.168015256524086,0.311106362154381,0.19286025250326513,1,Q00,"CDSE 月度合成; SCL 云掩膜; 低云量可用影像不足, 以精确当日影像补片(原月度合存在 exact_day_backup)",
2024-06,sentinel2_cdse_monthly_30m,monthly,NDCI,0.0023726129438728094,-0.015173399820923805,0.08250699937343597,-0.4297521114349365,0.9973081350326538,0.311106362154381,0.19286025250326513,1,Q00,"CDSE 月度合成; SCL 云掩膜; 低云量可用影像不足, 以精确当日影像补片(原月度合存在 exact_day_backup)",
2024-06,sentinel2_cdse_monthly_30m,monthly,NDWI,0.4009183943271637,0.4036458134651184,0.2245057076215744,-0.9913867115974426,0.999306857585907,0.311106362154381,0.19286025250326513,1,Q00,"CDSE 月度合成; SCL 云掩膜; 低云量可用影像不足, 以精确当日影像补片(原月度合存在 exact_day_backup)",
2024-07,sentinel2_cdse_monthly_30m,monthly,B03,1371.4405517578125,1507.0,296.5931701660156,54.0,6150.0,0.5140344911960698,0.0003557083342601743,1,Q00,CDSE 月度合成; SCL 云掩膜,
2024-07,sentinel2_cdse_monthly_30m,monthly,B04,1141.6995849609375,1314.0,386.94293212890625,12.0,6029.0,0.5140344911960698,0.0003557083342601743,1,Q00,CDSE 月度合成; SCL 云掩膜,
2024-07,sentinel2_cdse_monthly_30m,monthly,B05,1233.3980712890625,1399.0,383.48675537109375,2.0,6461.0,0.5140334981521438,0.0003557083342601743,1,Q00,CDSE 月度合成; SCL 云掩膜,
2024-07,sentinel2_cdse_monthly_30m,monthly,B08,631.9617919921875,664.0,475.211669921875,1.0,6476.0,0.5118956731884495,0.0003557083342601743,1,Q00,CDSE 月度合成; SCL 云掩膜,
2024-07,sentinel2_cdse_monthly_30m,monthly,B11,296.42572021484375,304.0,266.6214904785156,1.0,7183.0,0.5136050990025073,0.0003557083342601743,1,Q00,CDSE 月度合成; SCL 云掩膜,
2024-07,sentinel2_cdse_monthly_30m,monthly,FAI,-0.03550219535827637,-0.045704133808612823,0.045331791043281555,-0.22993840277194977,0.54244065284729,0.510755261543937,0.0003557083342601743,1,Q00,CDSE 月度合成; SCL 云掩膜,
2024-07,sentinel2_cdse_monthly_30m,monthly,MCI,0.02080821432173252,0.021028243005275726,0.007828367874026299,-0.04358133673667908,0.11782995611429214,0.510755261543937,0.0003557083342601743,1,Q00,CDSE 月度合成; SCL 云掩膜,
2024-07,sentinel2_cdse_monthly_30m,monthly,NDCI,0.04541822150349617,0.02339182235300541,0.08560734987258911,-0.23976607620716095,0.7697306871414185,0.510755261543937,0.0003557083342601743,1,Q00,CDSE 月度合成; SCL 云掩膜,
2024-07,sentinel2_cdse_monthly_30m,monthly,NDWI,0.4265550673007965,0.3945193588733673,0.21696002781391144,-0.8626769781112671,0.9994760751724243,0.510755261543937,0.0003557083342601743,1,Q00,CDSE 月度合成; SCL 云掩膜,
2024-08,sentinel2_cdse_monthly_30m,monthly,B03,1248.0,1330.0,242.8146209716797,144.0,13823.0,0.5140344911960698,0.0033366275910502114,1,Q00,CDSE 月度合成; SCL 云掩膜,
2024-08,sentinel2_cdse_monthly_30m,monthly,B04,878.8394775390625,921.0,261.3235778808594,80.0,14508.0,0.5140344911960698,0.0033366275910502114,1,Q00,CDSE 月度合成; SCL 云掩膜,
2024-08,sentinel2_cdse_monthly_30m,monthly,B05,961.6221313476562,986.0,306.4696960449219,70.0,14168.0,0.5140344911960698,0.0033366275910502114,1,Q00,CDSE 月度合成; SCL 云掩膜,
2024-08,sentinel2_cdse_monthly_30m,monthly,B08,514.7916259765625,458.0,511.97442626953125,1.0,13951.0,0.5112754179523276,0.0033366275910502114,1,Q00,CDSE 月度合成; SCL 云掩膜,
2024-08,sentinel2_cdse_monthly_30m,monthly,B11,298.8608703613281,280.0,286.8263244628906,1.0,15103.0,0.5140344911960698,0.0033366275910502114,1,Q00,CDSE 月度合成; SCL 云掩膜,
2024-08,sentinel2_cdse_monthly_30m,monthly,FAI,-0.02574363350868225,-0.035766348242759705,0.048888616263866425,-0.35819077491760254,0.5781654119491577,0.5074516030112269,0.0033366275910502114,1,Q00,CDSE 月度合成; SCL 云掩膜,
2024-08,sentinel2_cdse_monthly_30m,monthly,MCI,0.016632720828056335,0.014173444360494614,0.01117859035730362,-0.04276328533887863,0.20388305187225342,0.5074516030112269,0.0033366275910502114,1,Q00,CDSE 月度合成; SCL 云掩膜,
2024-08,sentinel2_cdse_monthly_30m,monthly,NDCI,0.042918041348457336,0.023128196597099304,0.09232115000486374,-0.1779041290283203,0.7465310096740723,0.5074516030112269,0.0033366275910502114,1,Q00,CDSE 月度合成; SCL 云掩膜,
2024-08,sentinel2_cdse_monthly_30m,monthly,NDWI,0.472901314496994,0.48708006739616394,0.20833329856395721,-0.8112367391586304,0.9981446862220764,0.5074516030112269,0.0033366275910502114,1,Q00,CDSE 月度合成; SCL 云掩膜,
2024-09,clms_lwq_300m_10daily,monthly,chla_mean,91.78187815348308,0.0,2354.0633138020835,0.0,65535.0,0.9867667643229167,,3,Q00,月内 10 日产品简单平均(min/max 取极值),
2024-09,clms_lwq_300m_10daily,monthly,chla_uncertainty,91.78187815348308,0.0,2354.0633138020835,0.0,65535.0,0.9867667643229167,,3,Q00,月内 10 日产品简单平均(min/max 取极值),
2024-09,clms_lwq_300m_10daily,monthly,fcb_prob,91.78187815348308,0.0,2354.0633138020835,0.0,65535.0,0.9867667643229167,,3,Q00,月内 10 日产品简单平均(min/max 取极值),
2024-09,sentinel2_cdse_monthly_30m,monthly,B03,1512.938232421875,1121.0,1748.991455078125,1.0,18989.0,0.5137894079551557,0.06329066157380779,1,Q00,CDSE 月度合成; SCL 云掩膜,
2024-09,sentinel2_cdse_monthly_30m,monthly,B04,1175.27392578125,768.0,1719.878173828125,1.0,17939.0,0.5135683563772486,0.06329066157380779,1,Q00,CDSE 月度合成; SCL 云掩膜,
2024-09,sentinel2_cdse_monthly_30m,monthly,B05,1291.5091552734375,844.0,1890.020263671875,1.0,17524.0,0.5137965578714223,0.06329066157380779,1,Q00,CDSE 月度合成; SCL 云掩膜,
2024-09,sentinel2_cdse_monthly_30m,monthly,B08,841.8453979492188,299.0,1766.6885986328125,1.0,16861.0,0.5083181331409741,0.06329066157380779,1,Q00,CDSE 月度合成; SCL 云掩膜,
2024-09,sentinel2_cdse_monthly_30m,monthly,B11,549.4288940429688,111.0,1365.5865478515625,1.0,12169.0,0.5139190994918793,0.06329066157380779,1,Q00,CDSE 月度合成; SCL 云掩膜,
2024-09,sentinel2_cdse_monthly_30m,monthly,FAI,-0.02419132925570011,-0.03515651077032089,0.053454697132110596,-0.21426540613174438,0.6357313990592957,0.44492121586709416,0.06329066157380779,1,Q00,CDSE 月度合成; SCL 云掩膜,
2024-09,sentinel2_cdse_monthly_30m,monthly,MCI,0.015180849470198154,0.012274005450308323,0.013906323350965977,-0.07175478339195251,0.21387620270252228,0.44492121586709416,0.06329066157380779,1,Q00,CDSE 月度合成; SCL 云掩膜,
2024-09,sentinel2_cdse_monthly_30m,monthly,NDCI,0.03670206293463707,0.008478797972202301,0.12026143074035645,-0.430463582277298,0.9797980189323425,0.44492121586709416,0.06329066157380779,1,Q00,CDSE 月度合成; SCL 云掩膜,
2024-09,sentinel2_cdse_monthly_30m,monthly,NDWI,0.5511711239814758,0.6045565009117126,0.2349497377872467,-0.8572973012924194,0.9979695081710815,0.44492121586709416,0.06329066157380779,1,Q00,CDSE 月度合成; SCL 云掩膜,
2024-10,clms_lwq_300m_10daily,monthly,chla_mean,91.73217010498047,0.0,2371.2112630208335,0.0,65535.0,0.9723429361979167,,3,Q00,月内 10 日产品简单平均(min/max 取极值),
2024-10,clms_lwq_300m_10daily,monthly,chla_uncertainty,91.73217010498047,0.0,2371.2112630208335,0.0,65535.0,0.9723429361979167,,3,Q00,月内 10 日产品简单平均(min/max 取极值),
2024-10,clms_lwq_300m_10daily,monthly,fcb_prob,91.73217010498047,0.0,2371.2112630208335,0.0,65535.0,0.9723429361979167,,3,Q00,月内 10 日产品简单平均(min/max 取极值),
2024-10,sentinel2_cdse_monthly_30m,monthly,B03,1273.0609130859375,1342.0,252.90066528320312,76.0,7993.0,0.5140344911960698,0.0018305771730184404,1,Q00,CDSE 月度合成; SCL 云掩膜,
2024-10,sentinel2_cdse_monthly_30m,monthly,B04,1010.0089111328125,1022.0,322.17718505859375,39.0,7758.0,0.5140344911960698,0.0018305771730184404,1,Q00,CDSE 月度合成; SCL 云掩膜,
2024-10,sentinel2_cdse_monthly_30m,monthly,B05,1183.2662353515625,1280.0,376.3837890625,42.0,8104.0,0.5140344911960698,0.0018305771730184404,1,Q00,CDSE 月度合成; SCL 云掩膜,
2024-10,sentinel2_cdse_monthly_30m,monthly,B08,742.7382202148438,662.0,536.5729370117188,1.0,7792.0,0.5135268471411457,0.0018305771730184404,1,Q00,CDSE 月度合成; SCL 云掩膜,
2024-10,sentinel2_cdse_monthly_30m,monthly,B11,136.5853729248047,71.0,204.81980895996094,10.0,6702.0,0.5140344911960698,0.0018305771730184404,1,Q00,CDSE 月度合成; SCL 云掩膜,
2024-10,sentinel2_cdse_monthly_30m,monthly,FAI,-0.010446515865623951,-0.03164666146039963,0.055666763335466385,-0.08896412700414658,0.6378047466278076,0.5116221888912545,0.0018305771730184404,1,Q00,CDSE 月度合成; SCL 云掩膜,
2024-10,sentinel2_cdse_monthly_30m,monthly,MCI,0.023418227210640907,0.017275705933570862,0.01843561977148056,-0.04088418930768967,0.12478136271238327,0.5116221888912545,0.0018305771730184404,1,Q00,CDSE 月度合成; SCL 云掩膜,
2024-10,sentinel2_cdse_monthly_30m,monthly,NDCI,0.07417621463537216,0.020134219899773598,0.13227689266204834,-0.3060429096221924,0.6410256028175354,0.5116221888912545,0.0018305771730184404,1,Q00,CDSE 月度合成; SCL 云掩膜,
2024-10,sentinel2_cdse_monthly_30m,monthly,NDWI,0.33059534430503845,0.35314998030662537,0.2542954385280609,-0.8409091234207153,0.9975990056991577,0.5116221888912545,0.0018305771730184404,1,Q00,CDSE 月度合成; SCL 云掩膜,
2024-11,clms_lwq_300m_10daily,monthly,chla_mean,99.34104665120442,0.0,2348.424560546875,0.0,65535.0,0.9923771158854167,,3,Q00,月内 10 日产品简单平均(min/max 取极值),
2024-11,clms_lwq_300m_10daily,monthly,chla_uncertainty,99.34104665120442,0.0,2348.424560546875,0.0,65535.0,0.9923771158854167,,3,Q00,月内 10 日产品简单平均(min/max 取极值),
2024-11,clms_lwq_300m_10daily,monthly,fcb_prob,99.34104665120442,0.0,2348.424560546875,0.0,65535.0,0.9923771158854167,,3,Q00,月内 10 日产品简单平均(min/max 取极值),
2024-11,sentinel2_cdse_monthly_30m,monthly,B03,1187.8092041015625,1219.0,114.48412322998047,194.0,5721.0,0.5140344911960698,1.8073399451521978e-05,1,Q00,CDSE 月度合成; SCL 云掩膜,
2024-11,sentinel2_cdse_monthly_30m,monthly,B04,1257.507568359375,1318.0,162.43472290039062,193.0,5799.0,0.5140344911960698,1.8073399451521978e-05,1,Q00,CDSE 月度合成; SCL 云掩膜,
2024-11,sentinel2_cdse_monthly_30m,monthly,B05,1316.7454833984375,1388.0,172.99005126953125,183.0,6156.0,0.5140344911960698,1.8073399451521978e-05,1,Q00,CDSE 月度合成; SCL 云掩膜,
2024-11,sentinel2_cdse_monthly_30m,monthly,B08,1002.3102416992188,1063.0,238.56936645507812,83.0,7692.0,0.5140344911960698,1.8073399451521978e-05,1,Q00,CDSE 月度合成; SCL 云掩膜,
2024-11,sentinel2_cdse_monthly_30m,monthly,B11,140.32757568359375,132.0,118.0162124633789,64.0,4698.0,0.5140344911960698,1.8073399451521978e-05,1,Q00,CDSE 月度合成; SCL 云掩膜,
2024-11,sentinel2_cdse_monthly_30m,monthly,FAI,-0.004608859308063984,-0.0033612623810768127,0.017146283760666847,-0.05697619169950485,0.6255974769592285,0.5139544518556416,1.8073399451521978e-05,1,Q00,CDSE 月度合成; SCL 云掩膜,
2024-11,sentinel2_cdse_monthly_30m,monthly,MCI,0.011691879481077194,0.011352542787790298,0.0032354777213186026,-0.04909493029117584,0.09290450811386108,0.5139544518556416,1.8073399451521978e-05,1,Q00,CDSE 月度合成; SCL 云掩膜,
2024-11,sentinel2_cdse_monthly_30m,monthly,NDCI,0.022807635366916656,0.021610986441373825,0.024846922606229782,-0.12039800733327866,0.5438449382781982,0.5139544518556416,1.8073399451521978e-05,1,Q00,CDSE 月度合成; SCL 云掩膜,
2024-11,sentinel2_cdse_monthly_30m,monthly,NDWI,0.09712115675210953,0.06878308206796646,0.11369813978672028,-0.8314451575279236,0.7166436910629272,0.5139544518556416,1.8073399451521978e-05,1,Q00,CDSE 月度合成; SCL 云掩膜,
2024-12,clms_lwq_300m_10daily,monthly,chla_mean,95.9935531616211,0.0,2347.51708984375,0.0,65535.0,0.9926879882812502,,3,Q00,月内 10 日产品简单平均(min/max 取极值),
2024-12,clms_lwq_300m_10daily,monthly,chla_uncertainty,95.9935531616211,0.0,2347.51708984375,0.0,65535.0,0.9926879882812502,,3,Q00,月内 10 日产品简单平均(min/max 取极值),
2024-12,clms_lwq_300m_10daily,monthly,fcb_prob,95.9935531616211,0.0,2347.51708984375,0.0,65535.0,0.9926879882812502,,3,Q00,月内 10 日产品简单平均(min/max 取极值),
2024-12,sentinel2_cdse_monthly_30m,monthly,B03,1187.1851806640625,1223.0,138.72999572753906,171.0,5236.0,0.5140344911960698,0.003982503360460645,1,Q00,CDSE 月度合成; SCL 云掩膜,
2024-12,sentinel2_cdse_monthly_30m,monthly,B04,1164.95458984375,1260.0,238.24620056152344,129.0,5433.0,0.5140344911960698,0.003982503360460645,1,Q00,CDSE 月度合成; SCL 云掩膜,
2024-12,sentinel2_cdse_monthly_30m,monthly,B05,1154.8416748046875,1257.0,264.4717102050781,109.0,5437.0,0.5140344911960698,0.003982503360460645,1,Q00,CDSE 月度合成; SCL 云掩膜,
2024-12,sentinel2_cdse_monthly_30m,monthly,B08,754.321533203125,827.0,305.25213623046875,2.0,7156.0,0.5140332995433586,0.003982503360460645,1,Q00,CDSE 月度合成; SCL 云掩膜,
2024-12,sentinel2_cdse_monthly_30m,monthly,B11,73.27867889404297,61.0,127.34774017333984,14.0,4800.0,0.5140344911960698,0.003982503360460645,1,Q00,CDSE 月度合成; SCL 云掩膜,
2024-12,sentinel2_cdse_monthly_30m,monthly,FAI,-0.02084454894065857,-0.022031426429748535,0.015615928918123245,-0.06283777952194214,0.5166298151016235,0.5099721471039661,0.003982503360460645,1,Q00,CDSE 月度合成; SCL 云掩膜,
2024-12,sentinel2_cdse_monthly_30m,monthly,MCI,0.008273580111563206,0.008479667827486992,0.0035387338139116764,-0.04881862550973892,0.10805423557758331,0.5099721471039661,0.003982503360460645,1,Q00,CDSE 月度合成; SCL 云掩膜,
2024-12,sentinel2_cdse_monthly_30m,monthly,NDCI,-0.008770698681473732,-0.0033271731808781624,0.03080921061336994,-0.19576720893383026,0.5567790865898132,0.5099721471039661,0.003982503360460645,1,Q00,CDSE 月度合成; SCL 云掩膜,
2024-12,sentinel2_cdse_monthly_30m,monthly,NDWI,0.2598394751548767,0.20324429869651794,0.18701022863388062,-0.8020005226135254,0.9291338324546814,0.5099721471039661,0.003982503360460645,1,Q00,CDSE 月度合成; SCL 云掩膜,
2025-01,clms_lwq_300m_10daily,monthly,chla_mean,89.60588836669922,0.0,2344.868896484375,0.0,65535.0,0.9940616861979167,,3,Q00,月内 10 日产品简单平均(min/max 取极值),
2025-01,clms_lwq_300m_10daily,monthly,chla_uncertainty,89.60588836669922,0.0,2344.868896484375,0.0,65535.0,0.9940616861979167,,3,Q00,月内 10 日产品简单平均(min/max 取极值),
2025-01,clms_lwq_300m_10daily,monthly,fcb_prob,89.60588836669922,0.0,2344.868896484375,0.0,65535.0,0.9940616861979167,,3,Q00,月内 10 日产品简单平均(min/max 取极值),
2025-01,sentinel2_cdse_monthly_30m,monthly,B03,1257.803955078125,1351.0,196.07183837890625,249.0,4665.0,0.5140344911960698,0.001716972947894588,1,Q00,CDSE 月度合成; SCL 云掩膜,
2025-01,sentinel2_cdse_monthly_30m,monthly,B04,1044.9468994140625,1160.0,295.2278137207031,171.0,5019.0,0.5140344911960698,0.001716972947894588,1,Q00,CDSE 月度合成; SCL 云掩膜,
2025-01,sentinel2_cdse_monthly_30m,monthly,B05,983.729736328125,1067.0,314.7843933105469,142.0,5093.0,0.5140344911960698,0.001716972947894588,1,Q00,CDSE 月度合成; SCL 云掩膜,
2025-01,sentinel2_cdse_monthly_30m,monthly,B08,479.8384704589844,465.0,244.54092407226562,21.0,6476.0,0.5140342925872846,0.001716972947894588,1,Q00,CDSE 月度合成; SCL 云掩膜,
2025-01,sentinel2_cdse_monthly_30m,monthly,B11,51.16260528564453,35.0,134.1981964111328,9.0,11267.0,0.5140344911960698,0.001716972947894588,1,Q00,CDSE 月度合成; SCL 云掩膜,
2025-01,sentinel2_cdse_monthly_30m,monthly,FAI,-0.03809399902820587,-0.040750786662101746,0.013654503040015697,-0.2706276476383209,0.5391596555709839,0.5122354928198952,0.001716972947894588,1,Q00,CDSE 月度合成; SCL 云掩膜,
2025-01,sentinel2_cdse_monthly_30m,monthly,MCI,0.006655583623796701,0.006866107694804668,0.005930566694587469,-0.055861588567495346,0.12959320843219757,0.5122354928198952,0.001716972947894588,1,Q00,CDSE 月度合成; SCL 云掩膜,
2025-01,sentinel2_cdse_monthly_30m,monthly,NDCI,-0.0368998683989048,-0.03343207389116287,0.04097013175487518,-0.24884077906608582,0.5494557619094849,0.5122354928198952,0.001716972947894588,1,Q00,CDSE 月度合成; SCL 云掩膜,
2025-01,sentinel2_cdse_monthly_30m,monthly,NDWI,0.4793909788131714,0.4887548089027405,0.149043008685112,-0.7739565968513489,0.9347826242446899,0.5122354928198952,0.001716972947894588,1,Q00,CDSE 月度合成; SCL 云掩膜,
2025-02,clms_lwq_300m_10daily,monthly,chla_mean,89.8716557820638,0.0,2352.8414713541665,0.0,65535.0,0.9873144531249999,,3,Q00,月内 10 日产品简单平均(min/max 取极值),
2025-02,clms_lwq_300m_10daily,monthly,chla_uncertainty,89.8716557820638,0.0,2352.8414713541665,0.0,65535.0,0.9873144531249999,,3,Q00,月内 10 日产品简单平均(min/max 取极值),
2025-02,clms_lwq_300m_10daily,monthly,fcb_prob,89.8716557820638,0.0,2352.8414713541665,0.0,65535.0,0.9873144531249999,,3,Q00,月内 10 日产品简单平均(min/max 取极值),
2025-02,sentinel2_cdse_monthly_30m,monthly,B03,1446.076171875,1395.0,446.1632385253906,273.0,6077.0,0.5140344911960698,0.12720217421009314,1,Q00,CDSE 月度合成; SCL 云掩膜,
2025-02,sentinel2_cdse_monthly_30m,monthly,B04,1251.688720703125,1266.0,480.512939453125,232.0,6282.0,0.5140344911960698,0.12720217421009314,1,Q00,CDSE 月度合成; SCL 云掩膜,
2025-02,sentinel2_cdse_monthly_30m,monthly,B05,1187.047119140625,1211.0,480.0760803222656,217.0,6500.0,0.5140344911960698,0.12720217421009314,1,Q00,CDSE 月度合成; SCL 云掩膜,
2025-02,sentinel2_cdse_monthly_30m,monthly,B08,708.0870971679688,640.0,421.24383544921875,123.0,7202.0,0.5140344911960698,0.12720217421009314,1,Q00,CDSE 月度合成; SCL 云掩膜,
2025-02,sentinel2_cdse_monthly_30m,monthly,B11,392.6180419921875,155.0,457.7923278808594,56.0,5970.0,0.5140344911960698,0.12720217421009314,1,Q00,CDSE 月度合成; SCL 云掩膜,
2025-02,sentinel2_cdse_monthly_30m,monthly,FAI,-0.03598678112030029,-0.03704983741044998,0.012558921240270138,-0.08924062550067902,0.4120549261569977,0.3865399648541894,0.12720217421009314,1,Q00,CDSE 月度合成; SCL 云掩膜,
2025-02,sentinel2_cdse_monthly_30m,monthly,MCI,0.006153923459351063,0.007364972960203886,0.00506703183054924,-0.050358206033706665,0.053199995309114456,0.3865399648541894,0.12720217421009314,1,Q00,CDSE 月度合成; SCL 云掩膜,
2025-02,sentinel2_cdse_monthly_30m,monthly,NDCI,-0.03345367684960365,-0.026902012526988983,0.03293327987194061,-0.18650087714195251,0.5521235466003418,0.3865399648541894,0.12720217421009314,1,Q00,CDSE 月度合成; SCL 云掩膜,
2025-02,sentinel2_cdse_monthly_30m,monthly,NDWI,0.4212357997894287,0.42786478996276855,0.12755045294761658,-0.7499298453330994,0.7522124648094177,0.3865399648541894,0.12720217421009314,1,Q00,CDSE 月度合成; SCL 云掩膜,
2025-03,clms_lwq_300m_10daily,monthly,chla_mean,89.3546880086263,0.0,2350.0580240885415,0.0,65535.0,0.9896940104166667,,3,Q00,月内 10 日产品简单平均(min/max 取极值),
2025-03,clms_lwq_300m_10daily,monthly,chla_uncertainty,89.3546880086263,0.0,2350.0580240885415,0.0,65535.0,0.9896940104166667,,3,Q00,月内 10 日产品简单平均(min/max 取极值),
2025-03,clms_lwq_300m_10daily,monthly,fcb_prob,89.3546880086263,0.0,2350.0580240885415,0.0,65535.0,0.9896940104166667,,3,Q00,月内 10 日产品简单平均(min/max 取极值),
2025-03,sentinel2_cdse_monthly_30m,monthly,B03,1315.34375,1348.0,119.9583511352539,270.0,4172.0,0.5140344911960698,1.6285920384887937e-05,1,Q00,CDSE 月度合成; SCL 云掩膜,
2025-03,sentinel2_cdse_monthly_30m,monthly,B04,1148.368408203125,1180.0,168.42469787597656,210.0,4567.0,0.5140344911960698,1.6285920384887937e-05,1,Q00,CDSE 月度合成; SCL 云掩膜,
2025-03,sentinel2_cdse_monthly_30m,monthly,B05,1082.48583984375,1097.0,165.5611572265625,191.0,4959.0,0.5140344911960698,1.6285920384887937e-05,1,Q00,CDSE 月度合成; SCL 云掩膜,
2025-03,sentinel2_cdse_monthly_30m,monthly,B08,518.62255859375,509.0,167.27542114257812,58.0,6373.0,0.5140344911960698,1.6285920384887937e-05,1,Q00,CDSE 月度合成; SCL 云掩膜,
2025-03,sentinel2_cdse_monthly_30m,monthly,B11,98.78316497802734,91.0,129.4923553466797,19.0,13255.0,0.5140344911960698,1.6285920384887937e-05,1,Q00,CDSE 月度合成; SCL 云掩膜,
2025-03,sentinel2_cdse_monthly_30m,monthly,FAI,-0.043358124792575836,-0.044697780162096024,0.012134039774537086,-0.24132414162158966,0.4287736415863037,0.5137232712296903,1.6285920384887937e-05,1,Q00,CDSE 月度合成; SCL 云掩膜,
2025-03,sentinel2_cdse_monthly_30m,monthly,MCI,0.007642331067472696,0.007759887725114822,0.00339613133110106,-0.05152314901351929,0.23391695320606232,0.5137232712296903,1.6285920384887937e-05,1,Q00,CDSE 月度合成; SCL 云掩膜,
2025-03,sentinel2_cdse_monthly_30m,monthly,NDCI,-0.030070384964346886,-0.03092782571911812,0.02666844055056572,-0.1878172755241394,0.45325595140457153,0.5137232712296903,1.6285920384887937e-05,1,Q00,CDSE 月度合成; SCL 云掩膜,
2025-03,sentinel2_cdse_monthly_30m,monthly,NDWI,0.4437573552131653,0.4464487135410309,0.10060691833496094,-0.7551330924034119,0.8686296343803406,0.5137232712296903,1.6285920384887937e-05,1,Q00,CDSE 月度合成; SCL 云掩膜,
2025-04,clms_lwq_300m_10daily,monthly,chla_mean,89.84408060709636,0.0,2345.1700032552085,0.0,65535.0,0.9939119466145834,,3,Q00,月内 10 日产品简单平均(min/max 取极值),
2025-04,clms_lwq_300m_10daily,monthly,chla_uncertainty,89.84408060709636,0.0,2345.1700032552085,0.0,65535.0,0.9939119466145834,,3,Q00,月内 10 日产品简单平均(min/max 取极值),
2025-04,clms_lwq_300m_10daily,monthly,fcb_prob,89.84408060709636,0.0,2345.1700032552085,0.0,65535.0,0.9939119466145834,,3,Q00,月内 10 日产品简单平均(min/max 取极值),
2025-04,sentinel2_cdse_monthly_30m,monthly,B03,1296.073486328125,1321.0,120.2557601928711,200.0,4708.0,0.5140344911960698,0.0020830089389842037,1,Q00,CDSE 月度合成; SCL 云掩膜,
2025-04,sentinel2_cdse_monthly_30m,monthly,B04,1058.0545654296875,1067.0,169.07557678222656,191.0,4967.0,0.5140344911960698,0.0020830089389842037,1,Q00,CDSE 月度合成; SCL 云掩膜,
2025-04,sentinel2_cdse_monthly_30m,monthly,B05,998.4234008789062,1018.0,177.8143768310547,182.0,5102.0,0.5140344911960698,0.0020830089389842037,1,Q00,CDSE 月度合成; SCL 云掩膜,
2025-04,sentinel2_cdse_monthly_30m,monthly,B08,492.1650085449219,485.0,180.5975799560547,13.0,6425.0,0.5140344911960698,0.0020830089389842037,1,Q00,CDSE 月度合成; SCL 云掩膜,
2025-04,sentinel2_cdse_monthly_30m,monthly,B11,177.2360076904297,168.0,125.9727783203125,92.0,4834.0,0.5140344911960698,0.0020830089389842037,1,Q00,CDSE 月度合成; SCL 云掩膜,
2025-04,sentinel2_cdse_monthly_30m,monthly,FAI,-0.04032834246754646,-0.043628253042697906,0.01396937109529972,-0.10627777874469757,0.4420539438724518,0.5113914054828735,0.0020830089389842037,1,Q00,CDSE 月度合成; SCL 云掩膜,
2025-04,sentinel2_cdse_monthly_30m,monthly,MCI,0.0068173655308783054,0.006489835679531097,0.005650243256241083,-0.08997683227062225,0.08261016756296158,0.5113914054828735,0.0020830089389842037,1,Q00,CDSE 月度合成; SCL 云掩膜,
2025-04,sentinel2_cdse_monthly_30m,monthly,NDCI,-0.03131389245390892,-0.036102648824453354,0.04238324612379074,-0.18567387759685516,0.6056172847747803,0.5113914054828735,0.0020830089389842037,1,Q00,CDSE 月度合成; SCL 云掩膜,
2025-04,sentinel2_cdse_monthly_30m,monthly,NDWI,0.4607466161251068,0.4627021253108978,0.10825753957033157,-0.750868558883667,0.9723698496818542,0.5113914054828735,0.0020830089389842037,1,Q00,CDSE 月度合成; SCL 云掩膜,
2025-05,clms_lwq_300m_10daily,monthly,chla_mean,93.1931864420573,0.0,2349.9490559895835,0.0,65535.0,0.9903645833333332,,3,Q00,月内 10 日产品简单平均(min/max 取极值),
2025-05,clms_lwq_300m_10daily,monthly,chla_uncertainty,93.1931864420573,0.0,2349.9490559895835,0.0,65535.0,0.9903645833333332,,3,Q00,月内 10 日产品简单平均(min/max 取极值),
2025-05,clms_lwq_300m_10daily,monthly,fcb_prob,93.1931864420573,0.0,2349.9490559895835,0.0,65535.0,0.9903645833333332,,3,Q00,月内 10 日产品简单平均(min/max 取极值),
2025-05,sentinel2_cdse_monthly_30m,monthly,B03,1490.9573974609375,1531.0,149.61050415039062,225.0,4923.0,0.5140344911960698,0.00013406092999755314,1,Q00,CDSE 月度合成; SCL 云掩膜,
2025-05,sentinel2_cdse_monthly_30m,monthly,B04,1331.518798828125,1373.0,195.95440673828125,210.0,5180.0,0.5140344911960698,0.00013406092999755314,1,Q00,CDSE 月度合成; SCL 云掩膜,
2025-05,sentinel2_cdse_monthly_30m,monthly,B05,1333.58544921875,1371.0,183.3474578857422,225.0,5304.0,0.5140344911960698,0.00013406092999755314,1,Q00,CDSE 月度合成; SCL 云掩膜,
2025-05,sentinel2_cdse_monthly_30m,monthly,B08,815.9321899414062,803.0,223.1674346923828,26.0,6464.0,0.5140342925872846,0.00013406092999755314,1,Q00,CDSE 月度合成; SCL 云掩膜,
2025-05,sentinel2_cdse_monthly_30m,monthly,B11,472.8111267089844,458.0,128.07472229003906,102.0,4839.0,0.5140344911960698,0.00013406092999755314,1,Q00,CDSE 月度合成; SCL 云掩膜,
2025-05,sentinel2_cdse_monthly_30m,monthly,FAI,-0.03554191067814827,-0.040456511080265045,0.02302039973437786,-0.09738095104694366,0.5725761651992798,0.5125498905268376,0.00013406092999755314,1,Q00,CDSE 月度合成; SCL 云掩膜,
2025-05,sentinel2_cdse_monthly_30m,monthly,MCI,0.011863034218549728,0.011662140488624573,0.005060786847025156,-0.0592389777302742,0.10182373225688934,0.5125498905268376,0.00013406092999755314,1,Q00,CDSE 月度合成; SCL 云掩膜,
2025-05,sentinel2_cdse_monthly_30m,monthly,NDCI,0.0018579931929707527,-0.005875423550605774,0.03813166916370392,-0.20065253973007202,0.6092911958694458,0.5125498905268376,0.00013406092999755314,1,Q00,CDSE 月度合成; SCL 云掩膜,
2025-05,sentinel2_cdse_monthly_30m,monthly,NDWI,0.2992038428783417,0.3088879883289337,0.09896468371152878,-0.8275067806243896,0.9335038661956787,0.5125498905268376,0.00013406092999755314,1,Q00,CDSE 月度合成; SCL 云掩膜,
2025-06,clms_lwq_300m_10daily,monthly,chla_mean,96.0353520711263,0.0,2349.0741373697915,0.0,65535.0,0.9916796875,,3,Q00,月内 10 日产品简单平均(min/max 取极值),
2025-06,clms_lwq_300m_10daily,monthly,chla_uncertainty,96.0353520711263,0.0,2349.0741373697915,0.0,65535.0,0.9916796875,,3,Q00,月内 10 日产品简单平均(min/max 取极值),
2025-06,clms_lwq_300m_10daily,monthly,fcb_prob,96.0353520711263,0.0,2349.0741373697915,0.0,65535.0,0.9916796875,,3,Q00,月内 10 日产品简单平均(min/max 取极值),
2025-06,sentinel2_cdse_monthly_30m,monthly,B03,1498.833251953125,1568.0,203.51123046875,217.0,5995.0,0.5140344911960698,0.030796874056608272,1,Q00,CDSE 月度合成; SCL 云掩膜,
2025-06,sentinel2_cdse_monthly_30m,monthly,B04,1224.773681640625,1279.0,218.47738647460938,152.0,6041.0,0.5140344911960698,0.030796874056608272,1,Q00,CDSE 月度合成; SCL 云掩膜,
2025-06,sentinel2_cdse_monthly_30m,monthly,B05,1305.948486328125,1333.0,214.40420532226562,144.0,6337.0,0.5140344911960698,0.030796874056608272,1,Q00,CDSE 月度合成; SCL 云掩膜,
2025-06,sentinel2_cdse_monthly_30m,monthly,B08,859.6394653320312,830.0,329.5533142089844,48.0,7181.0,0.5140344911960698,0.030796874056608272,1,Q00,CDSE 月度合成; SCL 云掩膜,
2025-06,sentinel2_cdse_monthly_30m,monthly,B11,595.5775146484375,577.0,170.19027709960938,113.0,5533.0,0.5140344911960698,0.030796874056608272,1,Q00,CDSE 月度合成; SCL 云掩膜,
2025-06,sentinel2_cdse_monthly_30m,monthly,FAI,-0.02444964274764061,-0.03149714320898056,0.03651249036192894,-0.1106625348329544,0.6205809712409973,0.48171965019431884,0.030796874056608272,1,Q00,CDSE 月度合成; SCL 云掩膜,
2025-06,sentinel2_cdse_monthly_30m,monthly,MCI,0.016071373596787453,0.01505819708108902,0.011453621089458466,-0.060523711144924164,0.12717683613300323,0.48171965019431884,0.030796874056608272,1,Q00,CDSE 月度合成; SCL 云掩膜,
2025-06,sentinel2_cdse_monthly_30m,monthly,NDCI,0.03297637403011322,0.018786121159791946,0.07723268121480942,-0.17948713898658752,0.7422534823417664,0.48171965019431884,0.030796874056608272,1,Q00,CDSE 月度合成; SCL 云掩膜,
2025-06,sentinel2_cdse_monthly_30m,monthly,NDWI,0.2810359299182892,0.2994096875190735,0.12525758147239685,-0.842711865901947,0.8837838172912598,0.48171965019431884,0.030796874056608272,1,Q00,CDSE 月度合成; SCL 云掩膜,
2025-07,clms_lwq_300m_10daily,monthly,chla_mean,94.75790150960286,0.0,2357.0391438802085,0.0,65535.0,0.98505126953125,,3,Q00,月内 10 日产品简单平均(min/max 取极值),
2025-07,clms_lwq_300m_10daily,monthly,chla_uncertainty,94.75790150960286,0.0,2357.0391438802085,0.0,65535.0,0.98505126953125,,3,Q00,月内 10 日产品简单平均(min/max 取极值),
2025-07,clms_lwq_300m_10daily,monthly,fcb_prob,94.75790150960286,0.0,2357.0391438802085,0.0,65535.0,0.98505126953125,,3,Q00,月内 10 日产品简单平均(min/max 取极值),
2025-07,sentinel2_cdse_monthly_30m,monthly,B03,1439.93115234375,1470.0,180.9905242919922,132.0,6198.0,0.5140344911960698,0.02579908258629949,1,Q00,CDSE 月度合成; SCL 云掩膜,
2025-07,sentinel2_cdse_monthly_30m,monthly,B04,1123.6336669921875,1138.0,189.81341552734375,5.0,6189.0,0.5140344911960698,0.02579908258629949,1,Q00,CDSE 月度合成; SCL 云掩膜,
2025-07,sentinel2_cdse_monthly_30m,monthly,B05,1215.277587890625,1235.0,186.60809326171875,4.0,6613.0,0.5140344911960698,0.02579908258629949,1,Q00,CDSE 月度合成; SCL 云掩膜,
2025-07,sentinel2_cdse_monthly_30m,monthly,B08,727.6824951171875,685.0,360.1742858886719,1.0,6870.0,0.5140074804012851,0.02579908258629949,1,Q00,CDSE 月度合成; SCL 云掩膜,
2025-07,sentinel2_cdse_monthly_30m,monthly,B11,558.8565063476562,527.0,186.32005310058594,38.0,5795.0,0.5140344911960698,0.02579908258629949,1,Q00,CDSE 月度合成; SCL 云掩膜,
2025-07,sentinel2_cdse_monthly_30m,monthly,FAI,-0.02906624786555767,-0.03575967624783516,0.039567865431308746,-0.23796604573726654,0.6004628539085388,0.4868999631382095,0.02579908258629949,1,Q00,CDSE 月度合成; SCL 云掩膜,
2025-07,sentinel2_cdse_monthly_30m,monthly,MCI,0.017607416957616806,0.016808481886982918,0.009057926945388317,-0.050265535712242126,0.127625972032547,0.4868999631382095,0.02579908258629949,1,Q00,CDSE 月度合成; SCL 云掩膜,
2025-07,sentinel2_cdse_monthly_30m,monthly,NDCI,0.03849123418331146,0.02255638875067234,0.07224064320325851,-0.25089603662490845,0.7310155034065247,0.4868999631382095,0.02579908258629949,1,Q00,CDSE 月度合成; SCL 云掩膜,
2025-07,sentinel2_cdse_monthly_30m,monthly,NDWI,0.3431556522846222,0.3682604134082794,0.1379876285791397,-0.8777564764022827,0.9969742298126221,0.4868999631382095,0.02579908258629949,1,Q00,CDSE 月度合成; SCL 云掩膜,
2025-08,clms_lwq_300m_10daily,monthly,chla_mean,188.11563873291016,0.0,3173.9646809895835,0.0,65535.0,0.9906127929687502,,3,Q00,月内 10 日产品简单平均(min/max 取极值),
2025-08,clms_lwq_300m_10daily,monthly,chla_uncertainty,188.11563873291016,0.0,3173.9646809895835,0.0,65535.0,0.9906127929687502,,3,Q00,月内 10 日产品简单平均(min/max 取极值),
2025-08,clms_lwq_300m_10daily,monthly,fcb_prob,188.11563873291016,0.0,3173.9646809895835,0.0,65535.0,0.9906127929687502,,3,Q00,月内 10 日产品简单平均(min/max 取极值),
2025-08,sentinel2_cdse_monthly_30m,monthly,B03,1467.9189453125,1505.0,291.0669250488281,15.0,10527.0,0.5140344911960698,0.005729267626132468,1,Q00,CDSE 月度合成; SCL 云掩膜,
2025-08,sentinel2_cdse_monthly_30m,monthly,B04,1219.5870361328125,1283.0,334.24615478515625,1.0,10278.0,0.5140332995433586,0.005729267626132468,1,Q00,CDSE 月度合成; SCL 云掩膜,
2025-08,sentinel2_cdse_monthly_30m,monthly,B05,1352.610107421875,1409.0,346.0163269042969,1.0,11178.0,0.5140340939784994,0.005729267626132468,1,Q00,CDSE 月度合成; SCL 云掩膜,
2025-08,sentinel2_cdse_monthly_30m,monthly,B08,840.4447021484375,777.0,499.09954833984375,1.0,10209.0,0.5139633892509747,0.005729267626132468,1,Q00,CDSE 月度合成; SCL 云掩膜,
2025-08,sentinel2_cdse_monthly_30m,monthly,B11,493.1006164550781,447.0,342.8916015625,43.0,9158.0,0.5140344911960698,0.005729267626132468,1,Q00,CDSE 月度合成; SCL 云掩膜,
2025-08,sentinel2_cdse_monthly_30m,monthly,FAI,-0.024641022086143494,-0.03246888518333435,0.04586343839764595,-0.2016749382019043,0.5617479681968689,0.5069225092075033,0.005729267626132468,1,Q00,CDSE 月度合成; SCL 云掩膜,
2025-08,sentinel2_cdse_monthly_30m,monthly,MCI,0.021760407835245132,0.021270621567964554,0.009980498813092709,-0.04468078166246414,0.15010905265808105,0.5069225092075033,0.005729267626132468,1,Q00,CDSE 月度合成; SCL 云掩膜,
2025-08,sentinel2_cdse_monthly_30m,monthly,NDCI,0.05385180190205574,0.037409644573926926,0.08491243422031403,-0.40740740299224854,0.829268217086792,0.5069225092075033,0.005729267626132468,1,Q00,CDSE 月度合成; SCL 云掩膜,
2025-08,sentinel2_cdse_monthly_30m,monthly,NDWI,0.3018597662448883,0.3251168727874756,0.16180065274238586,-0.8671176433563232,0.9944649934768677,0.5069225092075033,0.005729267626132468,1,Q00,CDSE 月度合成; SCL 云掩膜,
2025-09,clms_lwq_300m_10daily,monthly,chla_mean,93.56370290120442,0.0,2366.5829264322915,0.0,65535.0,0.97675048828125,,3,Q00,月内 10 日产品简单平均(min/max 取极值),
2025-09,clms_lwq_300m_10daily,monthly,chla_uncertainty,93.56370290120442,0.0,2366.5829264322915,0.0,65535.0,0.97675048828125,,3,Q00,月内 10 日产品简单平均(min/max 取极值),
2025-09,clms_lwq_300m_10daily,monthly,fcb_prob,93.56370290120442,0.0,2366.5829264322915,0.0,65535.0,0.97675048828125,,3,Q00,月内 10 日产品简单平均(min/max 取极值),
2025-09,sentinel2_cdse_monthly_30m,monthly,B03,1041.5147705078125,1068.0,132.06060791015625,152.0,5147.0,0.5140344911960698,2.879827385132623e-05,1,Q00,CDSE 月度合成; SCL 云掩膜,
2025-09,sentinel2_cdse_monthly_30m,monthly,B04,633.2332763671875,644.0,115.04363250732422,98.0,5277.0,0.5140344911960698,2.879827385132623e-05,1,Q00,CDSE 月度合成; SCL 云掩膜,
2025-09,sentinel2_cdse_monthly_30m,monthly,B05,749.8707885742188,744.0,198.57456970214844,122.0,5931.0,0.5140344911960698,2.879827385132623e-05,1,Q00,CDSE 月度合成; SCL 云掩膜,
2025-09,sentinel2_cdse_monthly_30m,monthly,B08,328.6022033691406,236.0,495.0041198730469,1.0,7155.0,0.5136750092948912,2.879827385132623e-05,1,Q00,CDSE 月度合成; SCL 云掩膜,
2025-09,sentinel2_cdse_monthly_30m,monthly,B11,123.52529907226562,85.0,271.57855224609375,4.0,4909.0,0.5140344911960698,2.879827385132623e-05,1,Q00,CDSE 月度合成; SCL 云掩膜,
2025-09,sentinel2_cdse_monthly_30m,monthly,FAI,-0.021001659333705902,-0.030306348577141762,0.046814799308776855,-0.10161682963371277,0.6316425204277039,0.5131345947904121,2.879827385132623e-05,1,Q00,CDSE 月度合成; SCL 云掩膜,
2025-09,sentinel2_cdse_monthly_30m,monthly,MCI,0.018557801842689514,0.016348589211702347,0.011984260752797127,-0.045161016285419464,0.1093960553407669,0.5131345947904121,2.879827385132623e-05,1,Q00,CDSE 月度合成; SCL 云掩膜,
2025-09,sentinel2_cdse_monthly_30m,monthly,NDCI,0.07532902806997299,0.0516224130988121,0.10811623185873032,-0.17307692766189575,0.6530612707138062,0.5131345947904121,2.879827385132623e-05,1,Q00,CDSE 月度合成; SCL 云掩膜,
2025-09,sentinel2_cdse_monthly_30m,monthly,NDWI,0.5912113785743713,0.64124596118927,0.2320033758878708,-0.7934936285018921,0.9981617331504822,0.5131345947904121,2.879827385132623e-05,1,Q00,CDSE 月度合成; SCL 云掩膜,
2025-10,clms_lwq_300m_10daily,monthly,chla_mean,91.57843526204427,0.0,2359.6944173177085,0.0,65535.0,0.9820865885416667,,3,Q00,月内 10 日产品简单平均(min/max 取极值),
2025-10,clms_lwq_300m_10daily,monthly,chla_uncertainty,91.57843526204427,0.0,2359.6944173177085,0.0,65535.0,0.9820865885416667,,3,Q00,月内 10 日产品简单平均(min/max 取极值),
2025-10,clms_lwq_300m_10daily,monthly,fcb_prob,91.57843526204427,0.0,2359.6944173177085,0.0,65535.0,0.9820865885416667,,3,Q00,月内 10 日产品简单平均(min/max 取极值),
2025-10,sentinel2_cdse_monthly_30m,monthly,B03,1015.267333984375,1029.0,198.42247009277344,42.0,7696.0,0.5140344911960698,0.0034043531867971235,1,Q00,CDSE 月度合成; SCL 云掩膜,
2025-10,sentinel2_cdse_monthly_30m,monthly,B04,656.2183227539062,649.0,200.03805541992188,19.0,8057.0,0.5140344911960698,0.0034043531867971235,1,Q00,CDSE 月度合成; SCL 云掩膜,
2025-10,sentinel2_cdse_monthly_30m,monthly,B05,723.6685180664062,719.0,254.91636657714844,30.0,8089.0,0.5140344911960698,0.0034043531867971235,1,Q00,CDSE 月度合成; SCL 云掩膜,
2025-10,sentinel2_cdse_monthly_30m,monthly,B08,300.1676025390625,209.0,439.87408447265625,1.0,7556.0,0.5135911963875446,0.0034043531867971235,1,Q00,CDSE 月度合成; SCL 云掩膜,
2025-10,sentinel2_cdse_monthly_30m,monthly,B11,94.69507598876953,41.0,280.7046813964844,1.0,12589.0,0.514033696760929,0.0034043531867971235,1,Q00,CDSE 月度合成; SCL 云掩膜,
2025-10,sentinel2_cdse_monthly_30m,monthly,FAI,-0.025370225310325623,-0.03333619236946106,0.03952202573418617,-0.7388850450515747,0.6409727334976196,0.5095628143977069,0.0034043531867971235,1,Q00,CDSE 月度合成; SCL 云掩膜,
2025-10,sentinel2_cdse_monthly_30m,monthly,MCI,0.014756543561816216,0.01418418250977993,0.011189491488039494,-0.0885033905506134,0.106928251683712,0.5095628143977069,0.0034043531867971235,1,Q00,CDSE 月度合成; SCL 云掩膜,
2025-10,sentinel2_cdse_monthly_30m,monthly,NDCI,0.03916959464550018,0.02622169256210327,0.1100970059633255,-0.2534562051296234,0.6666666865348816,0.5095628143977069,0.0034043531867971235,1,Q00,CDSE 月度合成; SCL 云掩膜,
2025-10,sentinel2_cdse_monthly_30m,monthly,NDWI,0.6104443669319153,0.6655348539352417,0.2392435371875763,-0.8479977250099182,0.9975031018257141,0.5095628143977069,0.0034043531867971235,1,Q00,CDSE 月度合成; SCL 云掩膜,
2025-11,clms_lwq_300m_10daily,monthly,chla_mean,135.69444783528647,0.0,2808.799560546875,0.0,65535.0,0.9914021809895833,,3,Q00,月内 10 日产品简单平均(min/max 取极值),
2025-11,clms_lwq_300m_10daily,monthly,chla_uncertainty,135.69444783528647,0.0,2808.799560546875,0.0,65535.0,0.9914021809895833,,3,Q00,月内 10 日产品简单平均(min/max 取极值),
2025-11,clms_lwq_300m_10daily,monthly,fcb_prob,135.69444783528647,0.0,2808.799560546875,0.0,65535.0,0.9914021809895833,,3,Q00,月内 10 日产品简单平均(min/max 取极值),
2025-11,sentinel2_cdse_monthly_30m,monthly,B03,1308.203125,1355.0,149.74195861816406,225.0,4421.0,0.5140344911960698,0.0001378344969160028,1,Q00,CDSE 月度合成; SCL 云掩膜,
2025-11,sentinel2_cdse_monthly_30m,monthly,B04,1181.798095703125,1235.0,196.3030242919922,244.0,4676.0,0.5140344911960698,0.0001378344969160028,1,Q00,CDSE 月度合成; SCL 云掩膜,
2025-11,sentinel2_cdse_monthly_30m,monthly,B05,1145.873291015625,1193.0,199.4905548095703,245.0,4796.0,0.5140344911960698,0.0001378344969160028,1,Q00,CDSE 月度合成; SCL 云掩膜,
2025-11,sentinel2_cdse_monthly_30m,monthly,B08,643.64111328125,649.0,195.8098907470703,232.0,6286.0,0.5140344911960698,0.0001378344969160028,1,Q00,CDSE 月度合成; SCL 云掩膜,
2025-11,sentinel2_cdse_monthly_30m,monthly,B11,202.86190795898438,187.0,119.49053955078125,136.0,4275.0,0.5140344911960698,0.0001378344969160028,1,Q00,CDSE 月度合成; SCL 云掩膜,
2025-11,sentinel2_cdse_monthly_30m,monthly,FAI,-0.03553709760308266,-0.03817872703075409,0.016980428248643875,-0.07641587406396866,0.5198546051979065,0.5137671637712153,0.0001378344969160028,1,Q00,CDSE 月度合成; SCL 云掩膜,
2025-11,sentinel2_cdse_monthly_30m,monthly,MCI,0.008571136742830276,0.008466098457574844,0.005097838584333658,-0.0408802330493927,0.12781129777431488,0.5137671637712153,0.0001378344969160028,1,Q00,CDSE 月度合成; SCL 云掩膜,
2025-11,sentinel2_cdse_monthly_30m,monthly,NDCI,-0.016381919384002686,-0.01919385977089405,0.03440991789102554,-0.14565007388591766,0.5101708769798279,0.5137671637712153,0.0001378344969160028,1,Q00,CDSE 月度合成; SCL 云掩膜,
2025-11,sentinel2_cdse_monthly_30m,monthly,NDWI,0.3499058187007904,0.3508492112159729,0.10371571779251099,-0.7712963223457336,0.5859473347663879,0.5137671637712153,0.0001378344969160028,1,Q00,CDSE 月度合成; SCL 云掩膜,
2025-12,clms_lwq_300m_10daily,monthly,chla_mean,90.18810272216797,0.0,2346.5244954427085,0.0,65535.0,0.99275146484375,,3,Q00,月内 10 日产品简单平均(min/max 取极值),
2025-12,clms_lwq_300m_10daily,monthly,chla_uncertainty,90.18810272216797,0.0,2346.5244954427085,0.0,65535.0,0.99275146484375,,3,Q00,月内 10 日产品简单平均(min/max 取极值),
2025-12,clms_lwq_300m_10daily,monthly,fcb_prob,90.18810272216797,0.0,2346.5244954427085,0.0,65535.0,0.99275146484375,,3,Q00,月内 10 日产品简单平均(min/max 取极值),
2025-12,sentinel2_cdse_monthly_30m,monthly,B03,1321.5662841796875,1350.0,212.17335510253906,279.0,4266.0,0.5140344911960698,7.229359780608791e-05,1,Q00,CDSE 月度合成; SCL 云掩膜,
2025-12,sentinel2_cdse_monthly_30m,monthly,B04,1038.167236328125,1055.0,231.4799041748047,205.0,4664.0,0.5140344911960698,7.229359780608791e-05,1,Q00,CDSE 月度合成; SCL 云掩膜,
2025-12,sentinel2_cdse_monthly_30m,monthly,B05,991.5640258789062,988.0,243.2947540283203,221.0,5101.0,0.5140344911960698,7.229359780608791e-05,1,Q00,CDSE 月度合成; SCL 云掩膜,
2025-12,sentinel2_cdse_monthly_30m,monthly,B08,483.3233337402344,449.0,204.15403747558594,47.0,6272.0,0.5140344911960698,7.229359780608791e-05,1,Q00,CDSE 月度合成; SCL 云掩膜,
2025-12,sentinel2_cdse_monthly_30m,monthly,B11,170.60923767089844,153.0,126.68405151367188,85.0,4463.0,0.5140344911960698,7.229359780608791e-05,1,Q00,CDSE 月度合成; SCL 云掩膜,
2025-12,sentinel2_cdse_monthly_30m,monthly,FAI,-0.03926163911819458,-0.042538415640592575,0.015879686921834946,-0.07492285966873169,0.49181997776031494,0.513861900161747,7.229359780608791e-05,1,Q00,CDSE 月度合成; SCL 云掩膜,
2025-12,sentinel2_cdse_monthly_30m,monthly,MCI,0.007878538221120834,0.007071749307215214,0.006272309459745884,-0.035822030156850815,0.10808871686458588,0.513861900161747,7.229359780608791e-05,1,Q00,CDSE 月度合成; SCL 云掩膜,
2025-12,sentinel2_cdse_monthly_30m,monthly,NDCI,-0.025921480730175972,-0.030751679092645645,0.042310990393161774,-0.25061625242233276,0.5261502861976624,0.513861900161747,7.229359780608791e-05,1,Q00,CDSE 月度合成; SCL 云掩膜,
2025-12,sentinel2_cdse_monthly_30m,monthly,NDWI,0.4786427617073059,0.4913409352302551,0.11622009426355362,-0.7550097107887268,0.8896713852882385,0.513861900161747,7.229359780608791e-05,1,Q00,CDSE 月度合成; SCL 云掩膜,
2026-01,clms_lwq_300m_10daily,monthly,chla_mean,89.51771545410156,0.0,2351.014404296875,0.0,65535.0,0.9888818359374999,,3,Q00,月内 10 日产品简单平均(min/max 取极值),
2026-01,clms_lwq_300m_10daily,monthly,chla_uncertainty,89.51771545410156,0.0,2351.014404296875,0.0,65535.0,0.9888818359374999,,3,Q00,月内 10 日产品简单平均(min/max 取极值),
2026-01,clms_lwq_300m_10daily,monthly,fcb_prob,89.51771545410156,0.0,2351.014404296875,0.0,65535.0,0.9888818359374999,,3,Q00,月内 10 日产品简单平均(min/max 取极值),
2026-01,sentinel2_cdse_monthly_30m,monthly,B03,1251.9168701171875,1301.0,160.50758361816406,275.0,4792.0,0.5140344911960698,0.0003358474557420183,1,Q00,CDSE 月度合成; SCL 云掩膜,
2026-01,sentinel2_cdse_monthly_30m,monthly,B04,1109.4271240234375,1207.0,259.8618469238281,190.0,5160.0,0.5140344911960698,0.0003358474557420183,1,Q00,CDSE 月度合成; SCL 云掩膜,
2026-01,sentinel2_cdse_monthly_30m,monthly,B05,1059.563232421875,1161.0,279.82379150390625,177.0,5366.0,0.5140344911960698,0.0003358474557420183,1,Q00,CDSE 月度合成; SCL 云掩膜,
2026-01,sentinel2_cdse_monthly_30m,monthly,B08,550.87939453125,584.0,225.39511108398438,78.0,7197.0,0.5140344911960698,0.0003358474557420183,1,Q00,CDSE 月度合成; SCL 云掩膜,
2026-01,sentinel2_cdse_monthly_30m,monthly,B11,58.82062911987305,44.0,133.07748413085938,4.0,4853.0,0.5140344911960698,0.0003358474557420183,1,Q00,CDSE 月度合成; SCL 云掩膜,
2026-01,sentinel2_cdse_monthly_30m,monthly,FAI,-0.036246612668037415,-0.03815301135182381,0.011619691736996174,-0.08229111135005951,0.4850800335407257,0.5136195974438255,0.0003358474557420183,1,Q00,CDSE 月度合成; SCL 云掩膜,
2026-01,sentinel2_cdse_monthly_30m,monthly,MCI,0.007640354335308075,0.008879664354026318,0.004548380617052317,-0.05065762996673584,0.0565418042242527,0.5136195974438255,0.0003358474557420183,1,Q00,CDSE 月度合成; SCL 云掩膜,
2026-01,sentinel2_cdse_monthly_30m,monthly,NDCI,-0.028408732265233994,-0.021589795127511024,0.031782399863004684,-0.3444613218307495,0.49975574016571045,0.5136195974438255,0.0003358474557420183,1,Q00,CDSE 月度合成; SCL 云掩膜,
2026-01,sentinel2_cdse_monthly_30m,monthly,NDWI,0.41293931007385254,0.3860984742641449,0.13880479335784912,-0.7976190447807312,0.8246951103210449,0.5136195974438255,0.0003358474557420183,1,Q00,CDSE 月度合成; SCL 云掩膜,
2026-01,sentinel2_monthly_20m,monthly,B03,2256.205078125,2304.0,160.89718627929688,1273.0,7020.0,0.5139507554980515,,1,Q00,"20m 采样补片(2022-01/2026-01), 无 SCL 云量(未标注)",
2026-01,sentinel2_monthly_20m,monthly,B04,2112.666748046875,2210.0,260.3253479003906,1192.0,7530.0,0.5139507554980515,,1,Q00,"20m 采样补片(2022-01/2026-01), 无 SCL 云量(未标注)",
2026-01,sentinel2_monthly_20m,monthly,B05,2060.00634765625,2161.0,280.0704650878906,923.0,6856.0,0.5139507554980515,,1,Q00,"20m 采样补片(2022-01/2026-01), 无 SCL 云量(未标注)",
2026-02,clms_lwq_300m_10daily,monthly,chla_mean,89.74160766601562,0.0,2357.5673828125,0.0,65535.0,0.9834309895833333,,3,Q00,月内 10 日产品简单平均(min/max 取极值),
2026-02,clms_lwq_300m_10daily,monthly,chla_uncertainty,89.74160766601562,0.0,2357.5673828125,0.0,65535.0,0.9834309895833333,,3,Q00,月内 10 日产品简单平均(min/max 取极值),
2026-02,clms_lwq_300m_10daily,monthly,fcb_prob,89.74160766601562,0.0,2357.5673828125,0.0,65535.0,0.9834309895833333,,3,Q00,月内 10 日产品简单平均(min/max 取极值),
2026-02,sentinel2_cdse_monthly_30m,monthly,B03,1137.772216796875,1190.0,140.5386962890625,154.0,5059.0,0.5140344911960698,7.130055388018011e-05,1,Q00,CDSE 月度合成; SCL 云掩膜,
2026-02,sentinel2_cdse_monthly_30m,monthly,B04,878.61669921875,921.0,170.7102508544922,103.0,5170.0,0.5140344911960698,7.130055388018011e-05,1,Q00,CDSE 月度合成; SCL 云掩膜,
2026-02,sentinel2_cdse_monthly_30m,monthly,B05,774.6663208007812,796.0,162.57192993164062,85.0,5643.0,0.5140344911960698,7.130055388018011e-05,1,Q00,CDSE 月度合成; SCL 云掩膜,
2026-02,sentinel2_cdse_monthly_30m,monthly,B08,325.4125061035156,313.0,144.90322875976562,11.0,7019.0,0.5140342925872846,7.130055388018011e-05,1,Q00,CDSE 月度合成; SCL 云掩膜,
2026-02,sentinel2_cdse_monthly_30m,monthly,B11,86.34310913085938,73.0,132.17588806152344,35.0,4864.0,0.5140344911960698,7.130055388018011e-05,1,Q00,CDSE 月度合成; SCL 云掩膜,
2026-02,sentinel2_cdse_monthly_30m,monthly,FAI,-0.04049738124012947,-0.04427842050790787,0.012119268998503685,-0.07386317104101181,0.45927587151527405,0.5139318104541309,7.130055388018011e-05,1,Q00,CDSE 月度合成; SCL 云掩膜,
2026-02,sentinel2_cdse_monthly_30m,monthly,MCI,0.002106191823258996,0.0023887045681476593,0.0035473343450576067,-0.05032655596733093,0.05763955041766167,0.5139318104541309,7.130055388018011e-05,1,Q00,CDSE 月度合成; SCL 云掩膜,
2026-02,sentinel2_cdse_monthly_30m,monthly,NDCI,-0.06455124914646149,-0.06317411363124847,0.03537452593445778,-0.2620154619216919,0.5629370212554932,0.5139318104541309,7.130055388018011e-05,1,Q00,CDSE 月度合成; SCL 云掩膜,
2026-02,sentinel2_cdse_monthly_30m,monthly,NDWI,0.5638126730918884,0.574039101600647,0.10120156407356262,-0.7685723900794983,0.9720456600189209,0.5139318104541309,7.130055388018011e-05,1,Q00,CDSE 月度合成; SCL 云掩膜,
2026-03,clms_lwq_300m_10daily,monthly,chla_mean,89.5000712076823,0.0,2351.4768880208335,0.0,65535.0,0.9884741210937499,,3,Q00,月内 10 日产品简单平均(min/max 取极值),
2026-03,clms_lwq_300m_10daily,monthly,chla_uncertainty,89.5000712076823,0.0,2351.4768880208335,0.0,65535.0,0.9884741210937499,,3,Q00,月内 10 日产品简单平均(min/max 取极值),
2026-03,clms_lwq_300m_10daily,monthly,fcb_prob,89.5000712076823,0.0,2351.4768880208335,0.0,65535.0,0.9884741210937499,,3,Q00,月内 10 日产品简单平均(min/max 取极值),
2026-03,sentinel2_cdse_monthly_30m,monthly,B03,1311.5147705078125,1352.0,152.574462890625,270.0,4815.0,0.5140344911960698,0.0010967177117725754,1,Q00,CDSE 月度合成; SCL 云掩膜,
2026-03,sentinel2_cdse_monthly_30m,monthly,B04,975.0648193359375,974.0,203.8294677734375,99.0,4969.0,0.5140344911960698,0.0010967177117725754,1,Q00,CDSE 月度合成; SCL 云掩膜,
2026-03,sentinel2_cdse_monthly_30m,monthly,B05,836.6739501953125,817.0,209.04159545898438,81.0,5358.0,0.5140344911960698,0.0010967177117725754,1,Q00,CDSE 月度合成; SCL 云掩膜,
2026-03,sentinel2_cdse_monthly_30m,monthly,B08,393.32806396484375,370.0,164.51412963867188,1.0,6677.0,0.514021581625033,0.0010967177117725754,1,Q00,CDSE 月度合成; SCL 云掩膜,
2026-03,sentinel2_cdse_monthly_30m,monthly,B11,104.56666564941406,91.0,131.31863403320312,36.0,4877.0,0.5140344911960698,0.0010967177117725754,1,Q00,CDSE 月度合成; SCL 云掩膜,
2026-03,sentinel2_cdse_monthly_30m,monthly,FAI,-0.04204922169446945,-0.04431714862585068,0.012244602665305138,-0.07552127540111542,0.5042853951454163,0.512514140945505,0.0010967177117725754,1,Q00,CDSE 月度合成; SCL 云掩膜,
2026-03,sentinel2_cdse_monthly_30m,monthly,MCI,-0.0007108779973350465,-0.001298307441174984,0.004996360745280981,-0.04173615574836731,0.046233903616666794,0.512514140945505,0.0010967177117725754,1,Q00,CDSE 月度合成; SCL 云掩膜,
2026-03,sentinel2_cdse_monthly_30m,monthly,NDCI,-0.0814012810587883,-0.08255982398986816,0.04014815762639046,-0.31479963660240173,0.47705623507499695,0.512514140945505,0.0010967177117725754,1,Q00,CDSE 月度合成; SCL 云掩膜,
2026-03,sentinel2_cdse_monthly_30m,monthly,NDWI,0.5504832863807678,0.5624270439147949,0.09827291965484619,-0.7774704098701477,0.9974586367607117,0.512514140945505,0.0010967177117725754,1,Q00,CDSE 月度合成; SCL 云掩膜,
2026-04,clms_lwq_300m_10daily,monthly,chla_mean,89.88705698649089,0.0,2347.207763671875,0.0,65535.0,0.9921329752604167,,3,Q00,月内 10 日产品简单平均(min/max 取极值),
2026-04,clms_lwq_300m_10daily,monthly,chla_uncertainty,89.88705698649089,0.0,2347.207763671875,0.0,65535.0,0.9921329752604167,,3,Q00,月内 10 日产品简单平均(min/max 取极值),
2026-04,clms_lwq_300m_10daily,monthly,fcb_prob,89.88705698649089,0.0,2347.207763671875,0.0,65535.0,0.9921329752604167,,3,Q00,月内 10 日产品简单平均(min/max 取极值),
2026-04,sentinel2_cdse_monthly_30m,monthly,B03,1230.8822021484375,1258.0,144.32147216796875,104.0,9833.0,0.5140344911960698,0.010308788994848883,1,Q00,CDSE 月度合成; SCL 云掩膜,
2026-04,sentinel2_cdse_monthly_30m,monthly,B04,1030.6650390625,1066.0,179.32333374023438,100.0,11254.0,0.5140344911960698,0.010308788994848883,1,Q00,CDSE 月度合成; SCL 云掩膜,
2026-04,sentinel2_cdse_monthly_30m,monthly,B05,986.2404174804688,1010.0,180.9267120361328,126.0,12473.0,0.5140344911960698,0.010308788994848883,1,Q00,CDSE 月度合成; SCL 云掩膜,
2026-04,sentinel2_cdse_monthly_30m,monthly,B08,490.351318359375,477.0,189.96127319335938,3.0,7938.0,0.5140331009345736,0.010308788994848883,1,Q00,CDSE 月度合成; SCL 云掩膜,
2026-04,sentinel2_cdse_monthly_30m,monthly,B11,211.49334716796875,191.0,135.0486602783203,60.0,11670.0,0.5140344911960698,0.010308788994848883,1,Q00,CDSE 月度合成; SCL 云掩膜,
2026-04,sentinel2_cdse_monthly_30m,monthly,FAI,-0.038984231650829315,-0.04233396798372269,0.01693829521536827,-0.33939170837402344,0.5553596615791321,0.5031509283769054,0.010308788994848883,1,Q00,CDSE 月度合成; SCL 云掩膜,
2026-04,sentinel2_cdse_monthly_30m,monthly,MCI,0.0074892654083669186,0.00705762580037117,0.005540815182030201,-0.08357062190771103,0.19683793187141418,0.5031509283769054,0.010308788994848883,1,Q00,CDSE 月度合成; SCL 云掩膜,
2026-04,sentinel2_cdse_monthly_30m,monthly,NDCI,-0.024530572816729546,-0.031623926013708115,0.04374110326170921,-0.2565445303916931,0.6596558094024658,0.5031509283769054,0.010308788994848883,1,Q00,CDSE 月度合成; SCL 云掩膜,
2026-04,sentinel2_cdse_monthly_30m,monthly,NDWI,0.4433932602405548,0.44884487986564636,0.10651139169931412,-0.8644500970840454,0.9883720278739929,0.5031509283769054,0.010308788994848883,1,Q00,CDSE 月度合成; SCL 云掩膜,
2026-05,clms_lwq_300m_10daily,monthly,chla_mean,92.59497324625652,0.0,2354.1641438802085,0.0,65535.0,0.9867993164062501,,3,Q00,月内 10 日产品简单平均(min/max 取极值),
2026-05,clms_lwq_300m_10daily,monthly,chla_uncertainty,92.59497324625652,0.0,2354.1641438802085,0.0,65535.0,0.9867993164062501,,3,Q00,月内 10 日产品简单平均(min/max 取极值),
2026-05,clms_lwq_300m_10daily,monthly,fcb_prob,92.59497324625652,0.0,2354.1641438802085,0.0,65535.0,0.9867993164062501,,3,Q00,月内 10 日产品简单平均(min/max 取极值),
2026-05,sentinel2_cdse_monthly_30m,monthly,B03,1524.802490234375,1556.0,220.11431884765625,33.0,4993.0,0.5140344911960698,0.06728806059315705,1,Q00,"CDSE 月度合成; SCL 云掩膜; 低云量可用影像不足, 以精确当日影像补片(原月度合存在 exact_day_backup)",
2026-05,sentinel2_cdse_monthly_30m,monthly,B04,1239.90869140625,1083.0,404.01068115234375,39.0,5279.0,0.5140344911960698,0.06728806059315705,1,Q00,"CDSE 月度合成; SCL 云掩膜; 低云量可用影像不足, 以精确当日影像补片(原月度合存在 exact_day_backup)",
2026-05,sentinel2_cdse_monthly_30m,monthly,B05,1240.7333984375,1091.0,455.7937927246094,13.0,5662.0,0.5140344911960698,0.06728806059315705,1,Q00,"CDSE 月度合成; SCL 云掩膜; 低云量可用影像不足, 以精确当日影像补片(原月度合存在 exact_day_backup)",
2026-05,sentinel2_cdse_monthly_30m,monthly,B08,790.5098876953125,622.0,483.9568786621094,1.0,7445.0,0.5126507837897099,0.06728806059315705,1,Q00,"CDSE 月度合成; SCL 云掩膜; 低云量可用影像不足, 以精确当日影像补片(原月度合存在 exact_day_backup)",
2026-05,sentinel2_cdse_monthly_30m,monthly,B11,449.81585693359375,434.0,227.6478271484375,11.0,5033.0,0.5140344911960698,0.06728806059315705,1,Q00,"CDSE 月度合成; SCL 云掩膜; 低云量可用影像不足, 以精确当日影像补片(原月度合存在 exact_day_backup)",
2026-05,sentinel2_cdse_monthly_30m,monthly,FAI,-0.025867540389299393,-0.031178733333945274,0.033139150589704514,-0.1431933492422104,0.6218253970146179,0.4451752365033414,0.06728806059315705,1,Q00,"CDSE 月度合成; SCL 云掩膜; 低云量可用影像不足, 以精确当日影像补片(原月度合存在 exact_day_backup)",
2026-05,sentinel2_cdse_monthly_30m,monthly,MCI,0.011948073282837868,0.014174001291394234,0.010525117628276348,-0.055468931794166565,0.14715027809143066,0.4451752365033414,0.06728806059315705,1,Q00,"CDSE 月度合成; SCL 云掩膜; 低云量可用影像不足, 以精确当日影像补片(原月度合存在 exact_day_backup)",
2026-05,sentinel2_cdse_monthly_30m,monthly,NDCI,0.0054534119553864,0.005212849471718073,0.07304488122463226,-0.2598584294319153,0.7171052694320679,0.4451752365033414,0.06728806059315705,1,Q00,"CDSE 月度合成; SCL 云掩膜; 低云量可用影像不足, 以精确当日影像补片(原月度合存在 exact_day_backup)",
2026-05,sentinel2_cdse_monthly_30m,monthly,NDWI,0.3212389349937439,0.3255567252635956,0.21066948771476746,-0.859092652797699,0.9987669587135315,0.4451752365033414,0.06728806059315705,1,Q00,"CDSE 月度合成; SCL 云掩膜; 低云量可用影像不足, 以精确当日影像补片(原月度合存在 exact_day_backup)",
2026-06,clms_lwq_300m_10daily,monthly,chla_mean,97.31660970052083,0.0,2357.5254720052085,0.0,65535.0,0.98449462890625,,3,Q00,月内 10 日产品简单平均(min/max 取极值),
2026-06,clms_lwq_300m_10daily,monthly,chla_uncertainty,97.31660970052083,0.0,2357.5254720052085,0.0,65535.0,0.98449462890625,,3,Q00,月内 10 日产品简单平均(min/max 取极值),
2026-06,clms_lwq_300m_10daily,monthly,fcb_prob,97.31660970052083,0.0,2357.5254720052085,0.0,65535.0,0.98449462890625,,3,Q00,月内 10 日产品简单平均(min/max 取极值),
2026-06,sentinel2_cdse_monthly_30m,monthly,B03,1889.2608642578125,1838.0,519.0228881835938,517.0,14672.0,0.5140344911960698,0.1248448865387732,1,Q00,CDSE 月度合成; SCL 云掩膜,
2026-06,sentinel2_cdse_monthly_30m,monthly,B04,1266.1470947265625,1218.0,419.6089172363281,351.0,13243.0,0.5140344911960698,0.1248448865387732,1,Q00,CDSE 月度合成; SCL 云掩膜,
2026-06,sentinel2_cdse_monthly_30m,monthly,B05,1468.2247314453125,1375.0,524.5091552734375,428.0,13442.0,0.5140344911960698,0.1248448865387732,1,Q00,CDSE 月度合成; SCL 云掩膜,
2026-06,sentinel2_cdse_monthly_30m,monthly,B08,998.7653198242188,806.0,698.70263671875,1.0,11729.0,0.5136974520876166,0.1248448865387732,1,Q00,CDSE 月度合成; SCL 云掩膜,
2026-06,sentinel2_cdse_monthly_30m,monthly,B11,515.2250366210938,390.0,396.0616760253906,23.0,9088.0,0.5140344911960698,0.1248448865387732,1,Q00,CDSE 月度合成; SCL 云掩膜,
2026-06,sentinel2_cdse_monthly_30m,monthly,FAI,-0.0038376739248633385,-0.020658418536186218,0.059154585003852844,-0.16095462441444397,0.6500260829925537,0.388626747360092,0.1248448865387732,1,Q00,CDSE 月度合成; SCL 云掩膜,
2026-06,sentinel2_cdse_monthly_30m,monthly,MCI,0.02520570158958435,0.02142767794430256,0.01866036280989647,-0.0611480176448822,0.1393655240535736,0.388626747360092,0.1248448865387732,1,Q00,CDSE 月度合成; SCL 云掩膜,
2026-06,sentinel2_cdse_monthly_30m,monthly,NDCI,0.07276171445846558,0.05271083861589432,0.0815594345331192,-0.1834094375371933,0.6310359239578247,0.388626747360092,0.1248448865387732,1,Q00,CDSE 月度合成; SCL 云掩膜,
2026-06,sentinel2_cdse_monthly_30m,monthly,NDWI,0.31257039308547974,0.35044047236442566,0.1723424196243286,-0.7668632864952087,0.9984859824180603,0.388626747360092,0.1248448865387732,1,Q00,CDSE 月度合成; SCL 云掩膜,
2026-07,clms_lwq_300m_10daily,monthly,chla_mean,94.19240061442058,0.0,2348.3463541666665,0.0,65535.0,0.9921769205729167,,3,Q00,月内 10 日产品简单平均(min/max 取极值),
2026-07,clms_lwq_300m_10daily,monthly,chla_uncertainty,94.19240061442058,0.0,2348.3463541666665,0.0,65535.0,0.9921769205729167,,3,Q00,月内 10 日产品简单平均(min/max 取极值),
2026-07,clms_lwq_300m_10daily,monthly,fcb_prob,94.19240061442058,0.0,2348.3463541666665,0.0,65535.0,0.9921769205729167,,3,Q00,月内 10 日产品简单平均(min/max 取极值),
2026-07,sentinel2_cdse_monthly_30m,monthly,B03,1250.4193115234375,1272.0,252.1634979248047,2.0,7077.0,0.5140327037170032,0.00015908563693042973,1,Q00,CDSE 月度合成; SCL 云掩膜,
2026-07,sentinel2_cdse_monthly_30m,monthly,B04,709.3042602539062,727.0,176.77003479003906,1.0,6825.0,0.5140064873573592,0.00015908563693042973,1,Q00,CDSE 月度合成; SCL 云掩膜,
2026-07,sentinel2_cdse_monthly_30m,monthly,B05,925.5079345703125,898.0,375.63031005859375,1.0,7089.0,0.5140247593655959,0.00015908563693042973,1,Q00,CDSE 月度合成; SCL 云掩膜,
2026-07,sentinel2_cdse_monthly_30m,monthly,B08,492.6940002441406,335.0,676.82958984375,1.0,8337.0,0.5104074975610842,0.00015908563693042973,1,Q00,CDSE 月度合成; SCL 云掩膜,
2026-07,sentinel2_cdse_monthly_30m,monthly,B11,204.55093383789062,118.0,300.94415283203125,18.0,5892.0,0.5140344911960698,0.00015908563693042973,1,Q00,CDSE 月度合成; SCL 云掩膜,
2026-07,sentinel2_cdse_monthly_30m,monthly,FAI,-0.012492393143475056,-0.028294924646615982,0.06332293897867203,-0.2324514240026474,0.7178761959075928,0.5091522900387366,0.00015908563693042973,1,Q00,CDSE 月度合成; SCL 云掩膜,
2026-07,sentinel2_cdse_monthly_30m,monthly,MCI,0.026761727407574654,0.023149151355028152,0.021666331216692924,-0.03791242837905884,0.2033446580171585,0.5091522900387366,0.00015908563693042973,1,Q00,CDSE 月度合成; SCL 云掩膜,
2026-07,sentinel2_cdse_monthly_30m,monthly,NDCI,0.11136981844902039,0.08447433263063431,0.1443825215101242,-0.3877550959587097,0.8475073575973511,0.5091522900387366,0.00015908563693042973,1,Q00,CDSE 月度合成; SCL 云掩膜,
2026-07,sentinel2_cdse_monthly_30m,monthly,NDWI,0.5258942246437073,0.5733333230018616,0.246335968375206,-0.8855466246604919,0.9981734752655029,0.5091522900387366,0.00015908563693042973,1,Q00,CDSE 月度合成; SCL 云掩膜,
2026-08,clms_lwq_300m_10daily,monthly,chla_mean,95.13778686523438,0.0,2347.584716796875,0.0,65535.0,0.99295166015625,,1,Q00,月内 10 日产品简单平均(min/max 取极值),
2026-08,clms_lwq_300m_10daily,monthly,chla_uncertainty,95.13778686523438,0.0,2347.584716796875,0.0,65535.0,0.99295166015625,,1,Q00,月内 10 日产品简单平均(min/max 取极值),
2026-08,clms_lwq_300m_10daily,monthly,fcb_prob,95.13778686523438,0.0,2347.584716796875,0.0,65535.0,0.99295166015625,,1,Q00,月内 10 日产品简单平均(min/max 取极值),
2026-08,sentinel2_cdse_monthly_30m,monthly,B03,1123.376220703125,1139.0,185.41009521484375,84.0,5991.0,0.5140344911960698,0.0049721709370203595,1,Q00,CDSE 月度合成; SCL 云掩膜,
2026-08,sentinel2_cdse_monthly_30m,monthly,B04,674.304931640625,681.0,168.47164916992188,20.0,6269.0,0.5140344911960698,0.0049721709370203595,1,Q00,CDSE 月度合成; SCL 云掩膜,
2026-08,sentinel2_cdse_monthly_30m,monthly,B05,807.1494140625,804.0,270.30712890625,7.0,6793.0,0.5140344911960698,0.0049721709370203595,1,Q00,CDSE 月度合成; SCL 云掩膜,
2026-08,sentinel2_cdse_monthly_30m,monthly,B08,378.6877746582031,287.0,516.577880859375,1.0,7154.0,0.5123556511349301,0.0049721709370203595,1,Q00,CDSE 月度合成; SCL 云掩膜,
2026-08,sentinel2_cdse_monthly_30m,monthly,B11,174.4514617919922,124.0,286.2974548339844,1.0,12669.0,0.5140247593655959,0.0049721709370203595,1,Q00,CDSE 月度合成; SCL 云掩膜,
2026-08,sentinel2_cdse_monthly_30m,monthly,FAI,-0.020174557343125343,-0.029875241219997406,0.04802616313099861,-0.4659971594810486,0.6172895431518555,0.5064216178512754,0.0049721709370203595,1,Q00,CDSE 月度合成; SCL 云掩膜,
2026-08,sentinel2_cdse_monthly_30m,monthly,MCI,0.020027102902531624,0.017948586493730545,0.01481720432639122,-0.04935424029827118,0.25550058484077454,0.5064216178512754,0.0049721709370203595,1,Q00,CDSE 月度合成; SCL 云掩膜,
2026-08,sentinel2_cdse_monthly_30m,monthly,NDCI,0.07701747864484787,0.0565490797162056,0.12297499179840088,-0.2760736048221588,0.7041515707969666,0.5064216178512754,0.0049721709370203595,1,Q00,CDSE 月度合成; SCL 云掩膜,
2026-08,sentinel2_cdse_monthly_30m,monthly,NDWI,0.5648713707923889,0.5988972783088684,0.22695264220237732,-0.8368869423866272,0.99802565574646,0.5064216178512754,0.0049721709370203595,1,Q00,CDSE 月度合成; SCL 云掩膜,
2026-08,sentinel2_retrieval_20260802,scene,chlorophyll_a_experimental_ug_l,5.668877124786377,3.065403938293457,3.8657000064849854,2.1429455280303955,11.275156021118164,0.4417347286918862,,1,Q00,"单景反演, 非月合成; chla 为实验模型输出(µg/L)",
2026-08,sentinel2_retrieval_20260802,scene,fai,-0.02763868123292923,-0.031175240874290466,0.013926484622061253,-0.05018221586942673,0.4698110818862915,0.4417347286918862,,1,Q00,"单景反演, 非月合成; chla 为实验模型输出(µg/L)",
2026-08,sentinel2_retrieval_20260802,scene,mci,0.022297436371445656,0.021363280713558197,0.01394599862396717,-0.035885315388441086,0.12117739021778107,0.4417347286918862,,1,Q00,"单景反演, 非月合成; chla 为实验模型输出(µg/L)",
2026-08,sentinel2_retrieval_20260802,scene,ndci,0.035591885447502136,0.02896692603826523,0.04470125585794449,-0.13092872500419617,0.30503731966018677,0.4417347286918862,,1,Q00,"单景反演, 非月合成; chla 为实验模型输出(µg/L)",
2026-08,sentinel2_retrieval_20260802,scene,ndwi,0.23960745334625244,0.2485426515340805,0.04753956198692322,-0.40432408452033997,0.33492255210876465,0.4417347286918862,,1,Q00,"单景反演, 非月合成; chla 为实验模型输出(µg/L)",
