entity_type,entity_id,feature_name,value,unit,quality_flag,quality_note,source_name,source_file,acquisition_date
lake,TAIHU,area_km2_calc,2329.357405,km²,Q00,边界计算面积,taihu_boundary_gpkg,,2026-08-24 01:14:27
lake,TAIHU,boundary_source_area_km2,2329.14,km²,Q00,,taihu_boundary_gpkg,,2026-08-24 01:14:27
lake,TAIHU,boundary_area_km2_calc,2329.357405,km²,Q00,,taihu_boundary_gpkg,,2026-08-24 01:14:27
lake,TAIHU,hydrolakes_record_status,0.0,,Q12,"HydroLAKES 检索失败/未找到太湖记录, schema=['Hylak_id', 'Lake_name', 'Country', 'Continent', 'Poly_src', 'Lake_type', 'Grand_id', 'Lake_area', 'Shore_len', 'Shore_dev']",hydrolakes_asia,,2026-08-24 01:14:54
lake,TAIHU,elevation_mean_m,0.5138400197029114,m,Q00,湖泊边界内 GLO-30 高程,copernicus_dem_glo30,storage\silver\geo\copernicus_dem_glo30_taihu.tif,2026-08-24 01:14:55
lake,TAIHU,elevation_median_m,0.5,m,Q00,湖泊边界内 GLO-30 高程,copernicus_dem_glo30,,2026-08-24 01:14:55
lake,TAIHU,elevation_std_m,0.28422147035598755,m,Q00,湖泊边界内 GLO-30 高程,copernicus_dem_glo30,,2026-08-24 01:14:55
lake,TAIHU,elevation_min_m,-11.21866226196289,m,Q00,湖泊边界内 GLO-30 高程,copernicus_dem_glo30,,2026-08-24 01:14:55
lake,TAIHU,elevation_max_m,31.746126174926758,m,Q00,湖泊边界内 GLO-30 高程,copernicus_dem_glo30,,2026-08-24 01:14:55
lake,TAIHU,dem_valid_frac,0.5113428545961378,fraction,Q00,,copernicus_dem_glo30,,2026-08-24 01:14:55
lake,TAIHU,landcover_tree_pct,0.0007612611215769575,%,Q00,"ESA WorldCover 2021 类别占比, 样本为湖盆边界内像元",esa_worldcover_2021,,2026-08-24 01:14:57
lake,TAIHU,landcover_shrubland_pct,5.006809260594408e-07,%,Q00,"ESA WorldCover 2021 类别占比, 样本为湖盆边界内像元",esa_worldcover_2021,,2026-08-24 01:14:57
lake,TAIHU,landcover_grassland_pct,0.00040020556989764144,%,Q00,"ESA WorldCover 2021 类别占比, 样本为湖盆边界内像元",esa_worldcover_2021,,2026-08-24 01:14:57
lake,TAIHU,landcover_cropland_pct,0.002941678101572978,%,Q00,"ESA WorldCover 2021 类别占比, 样本为湖盆边界内像元",esa_worldcover_2021,,2026-08-24 01:14:57
lake,TAIHU,landcover_built_up_pct,0.00020983376101175018,%,Q00,"ESA WorldCover 2021 类别占比, 样本为湖盆边界内像元",esa_worldcover_2021,,2026-08-24 01:14:57
lake,TAIHU,landcover_bare_sparse_pct,0.00035809991911580393,%,Q00,"ESA WorldCover 2021 类别占比, 样本为湖盆边界内像元",esa_worldcover_2021,,2026-08-24 01:14:57
lake,TAIHU,landcover_snow_ice_pct,,%,Q00,"ESA WorldCover 2021 类别占比, 样本为湖盆边界内像元",esa_worldcover_2021,,2026-08-24 01:14:57
lake,TAIHU,landcover_permanent_water_pct,0.5050086343233249,%,Q00,"ESA WorldCover 2021 类别占比, 样本为湖盆边界内像元",esa_worldcover_2021,,2026-08-24 01:14:57
lake,TAIHU,landcover_herbaceous_wetland_pct,0.0025377901042191574,%,Q00,"ESA WorldCover 2021 类别占比, 样本为湖盆边界内像元",esa_worldcover_2021,,2026-08-24 01:14:57
lake,TAIHU,landcover_mangroves_pct,,%,Q00,"ESA WorldCover 2021 类别占比, 样本为湖盆边界内像元",esa_worldcover_2021,,2026-08-24 01:14:57
lake,TAIHU,landcover_moss_lichen_pct,,%,Q00,"ESA WorldCover 2021 类别占比, 样本为湖盆边界内像元",esa_worldcover_2021,,2026-08-24 01:14:57
basin,HYBAS_4080009590,area_km2,2978.0,km²,Q00,HydroBASINS 汇水区域面积(SUB_AREA 单位 km²),hydrobasins_lev08,,2026-08-24 01:15:10
basin,HYBAS_4080009590,distance_to_taihu_boundary_km,128.0494280935083,km,Q00,流域质心到太湖边界距离(球面近似),hydrobasins_lev08,,2026-08-24 01:15:10
basin,HYBAS_4080009590,elevation_mean_m,4.650960922241211,m,Q00,,copernicus_dem_glo30,storage\silver\geo\copernicus_dem_glo30_taihu.tif,2026-08-24 01:15:10
basin,HYBAS_4080009590,elevation_median_m,3.94814395904541,m,Q00,,copernicus_dem_glo30,storage\silver\geo\copernicus_dem_glo30_taihu.tif,2026-08-24 01:15:10
basin,HYBAS_4080009590,elevation_std_m,3.7519445419311523,m,Q00,,copernicus_dem_glo30,storage\silver\geo\copernicus_dem_glo30_taihu.tif,2026-08-24 01:15:10
basin,HYBAS_4080009590,elevation_min_m,-3.1594252586364746,m,Q00,,copernicus_dem_glo30,storage\silver\geo\copernicus_dem_glo30_taihu.tif,2026-08-24 01:15:10
basin,HYBAS_4080009590,elevation_max_m,112.29278564453125,m,Q00,,copernicus_dem_glo30,storage\silver\geo\copernicus_dem_glo30_taihu.tif,2026-08-24 01:15:10
basin,HYBAS_4080009590,elevation_valid_frac,0.13063140347262545,fraction,Q00,,copernicus_dem_glo30,,2026-08-24 01:15:10
basin,HYBAS_4080009590,landcover_tree_pct,0.025080378866875218,%,Q00,,esa_worldcover_2021,,2026-08-24 01:15:11
basin,HYBAS_4080009590,landcover_shrubland_pct,1.1806531562164694e-05,%,Q00,,esa_worldcover_2021,,2026-08-24 01:15:11
basin,HYBAS_4080009590,landcover_grassland_pct,0.026023417142166293,%,Q00,,esa_worldcover_2021,,2026-08-24 01:15:11
basin,HYBAS_4080009590,landcover_cropland_pct,0.07416195214994915,%,Q00,,esa_worldcover_2021,,2026-08-24 01:15:11
basin,HYBAS_4080009590,landcover_built_up_pct,0.09805020865851895,%,Q00,,esa_worldcover_2021,,2026-08-24 01:15:11
basin,HYBAS_4080009590,landcover_bare_sparse_pct,0.009833626405179654,%,Q00,,esa_worldcover_2021,,2026-08-24 01:15:11
basin,HYBAS_4080009590,landcover_snow_ice_pct,,%,Q00,,esa_worldcover_2021,,2026-08-24 01:15:11
basin,HYBAS_4080009590,landcover_permanent_water_pct,0.009671101064989626,%,Q00,,esa_worldcover_2021,,2026-08-24 01:15:11
basin,HYBAS_4080009590,landcover_herbaceous_wetland_pct,0.00026176767120685154,%,Q00,,esa_worldcover_2021,,2026-08-24 01:15:11
basin,HYBAS_4080009590,landcover_mangroves_pct,,%,Q00,,esa_worldcover_2021,,2026-08-24 01:15:11
basin,HYBAS_4080009590,landcover_moss_lichen_pct,,%,Q00,,esa_worldcover_2021,,2026-08-24 01:15:11
basin,HYBAS_4080009770,area_km2,934.7,km²,Q00,HydroBASINS 汇水区域面积(SUB_AREA 单位 km²),hydrobasins_lev08,,2026-08-24 01:15:11
basin,HYBAS_4080009770,distance_to_taihu_boundary_km,93.64041988252865,km,Q00,流域质心到太湖边界距离(球面近似),hydrobasins_lev08,,2026-08-24 01:15:11
basin,HYBAS_4080009770,elevation_mean_m,4.101677894592285,m,Q00,,copernicus_dem_glo30,storage\silver\geo\copernicus_dem_glo30_taihu.tif,2026-08-24 01:15:11
basin,HYBAS_4080009770,elevation_median_m,3.719088315963745,m,Q00,,copernicus_dem_glo30,storage\silver\geo\copernicus_dem_glo30_taihu.tif,2026-08-24 01:15:11
basin,HYBAS_4080009770,elevation_std_m,1.4145134687423706,m,Q00,,copernicus_dem_glo30,storage\silver\geo\copernicus_dem_glo30_taihu.tif,2026-08-24 01:15:11
basin,HYBAS_4080009770,elevation_min_m,-1.2735459804534912,m,Q00,,copernicus_dem_glo30,storage\silver\geo\copernicus_dem_glo30_taihu.tif,2026-08-24 01:15:11
basin,HYBAS_4080009770,elevation_max_m,20.277204513549805,m,Q00,,copernicus_dem_glo30,storage\silver\geo\copernicus_dem_glo30_taihu.tif,2026-08-24 01:15:11
basin,HYBAS_4080009770,elevation_valid_frac,0.10281562371628097,fraction,Q00,,copernicus_dem_glo30,,2026-08-24 01:15:11
basin,HYBAS_4080009770,landcover_tree_pct,0.05211846666658433,%,Q00,,esa_worldcover_2021,,2026-08-24 01:15:11
basin,HYBAS_4080009770,landcover_shrubland_pct,1.5283192933792592e-05,%,Q00,,esa_worldcover_2021,,2026-08-24 01:15:11
basin,HYBAS_4080009770,landcover_grassland_pct,0.03000955276746205,%,Q00,,esa_worldcover_2021,,2026-08-24 01:15:11
basin,HYBAS_4080009770,landcover_cropland_pct,0.14303154327520987,%,Q00,,esa_worldcover_2021,,2026-08-24 01:15:11
basin,HYBAS_4080009770,landcover_built_up_pct,0.27814176134012913,%,Q00,,esa_worldcover_2021,,2026-08-24 01:15:11
basin,HYBAS_4080009770,landcover_bare_sparse_pct,0.009973749958318564,%,Q00,,esa_worldcover_2021,,2026-08-24 01:15:11
basin,HYBAS_4080009770,landcover_snow_ice_pct,,%,Q00,,esa_worldcover_2021,,2026-08-24 01:15:11
basin,HYBAS_4080009770,landcover_permanent_water_pct,0.013699915896126158,%,Q00,,esa_worldcover_2021,,2026-08-24 01:15:11
basin,HYBAS_4080009770,landcover_herbaceous_wetland_pct,0.00011115049406394612,%,Q00,,esa_worldcover_2021,,2026-08-24 01:15:11
basin,HYBAS_4080009770,landcover_mangroves_pct,,%,Q00,,esa_worldcover_2021,,2026-08-24 01:15:11
basin,HYBAS_4080009770,landcover_moss_lichen_pct,,%,Q00,,esa_worldcover_2021,,2026-08-24 01:15:11
basin,HYBAS_4080009780,area_km2,9.1,km²,Q00,HydroBASINS 汇水区域面积(SUB_AREA 单位 km²),hydrobasins_lev08,,2026-08-24 01:15:11
basin,HYBAS_4080009780,distance_to_taihu_boundary_km,73.2212655782247,km,Q00,流域质心到太湖边界距离(球面近似),hydrobasins_lev08,,2026-08-24 01:15:11
basin,HYBAS_4080009780,elevation_mean_m,,m,Q00,,copernicus_dem_glo30,,2026-08-24 01:15:11
basin,HYBAS_4080009780,elevation_median_m,,m,Q00,,copernicus_dem_glo30,,2026-08-24 01:15:11
basin,HYBAS_4080009780,elevation_std_m,,m,Q00,,copernicus_dem_glo30,,2026-08-24 01:15:11
basin,HYBAS_4080009780,elevation_min_m,,m,Q00,,copernicus_dem_glo30,,2026-08-24 01:15:11
basin,HYBAS_4080009780,elevation_max_m,,m,Q00,,copernicus_dem_glo30,,2026-08-24 01:15:11
basin,HYBAS_4080009780,elevation_valid_frac,,fraction,Q00,,copernicus_dem_glo30,,2026-08-24 01:15:11
basin,HYBAS_4080009780,landcover_tree_pct,0.05526353276353276,%,Q00,,esa_worldcover_2021,,2026-08-24 01:15:11
basin,HYBAS_4080009780,landcover_shrubland_pct,,%,Q00,,esa_worldcover_2021,,2026-08-24 01:15:11
basin,HYBAS_4080009780,landcover_grassland_pct,0.013076923076923076,%,Q00,,esa_worldcover_2021,,2026-08-24 01:15:11
basin,HYBAS_4080009780,landcover_cropland_pct,0.06310897435897436,%,Q00,,esa_worldcover_2021,,2026-08-24 01:15:11
basin,HYBAS_4080009780,landcover_built_up_pct,0.218019943019943,%,Q00,,esa_worldcover_2021,,2026-08-24 01:15:11
basin,HYBAS_4080009780,landcover_bare_sparse_pct,0.015883190883190883,%,Q00,,esa_worldcover_2021,,2026-08-24 01:15:11
basin,HYBAS_4080009780,landcover_snow_ice_pct,,%,Q00,,esa_worldcover_2021,,2026-08-24 01:15:11
basin,HYBAS_4080009780,landcover_permanent_water_pct,0.07869301994301994,%,Q00,,esa_worldcover_2021,,2026-08-24 01:15:11
basin,HYBAS_4080009780,landcover_herbaceous_wetland_pct,,%,Q00,,esa_worldcover_2021,,2026-08-24 01:15:11
basin,HYBAS_4080009780,landcover_mangroves_pct,,%,Q00,,esa_worldcover_2021,,2026-08-24 01:15:11
basin,HYBAS_4080009780,landcover_moss_lichen_pct,,%,Q00,,esa_worldcover_2021,,2026-08-24 01:15:11
basin,HYBAS_4080009800,area_km2,936.1,km²,Q00,HydroBASINS 汇水区域面积(SUB_AREA 单位 km²),hydrobasins_lev08,,2026-08-24 01:15:11
basin,HYBAS_4080009800,distance_to_taihu_boundary_km,97.35152491362537,km,Q00,流域质心到太湖边界距离(球面近似),hydrobasins_lev08,,2026-08-24 01:15:11
basin,HYBAS_4080009800,elevation_mean_m,,m,Q00,,copernicus_dem_glo30,,2026-08-24 01:15:11
basin,HYBAS_4080009800,elevation_median_m,,m,Q00,,copernicus_dem_glo30,,2026-08-24 01:15:11
basin,HYBAS_4080009800,elevation_std_m,,m,Q00,,copernicus_dem_glo30,,2026-08-24 01:15:11
basin,HYBAS_4080009800,elevation_min_m,,m,Q00,,copernicus_dem_glo30,,2026-08-24 01:15:11
basin,HYBAS_4080009800,elevation_max_m,,m,Q00,,copernicus_dem_glo30,,2026-08-24 01:15:11
basin,HYBAS_4080009800,elevation_valid_frac,,fraction,Q00,,copernicus_dem_glo30,,2026-08-24 01:15:11
basin,HYBAS_4080009800,landcover_tree_pct,0.0070627451575561995,%,Q00,,esa_worldcover_2021,,2026-08-24 01:15:11
basin,HYBAS_4080009800,landcover_shrubland_pct,,%,Q00,,esa_worldcover_2021,,2026-08-24 01:15:11
basin,HYBAS_4080009800,landcover_grassland_pct,0.0021716665125988393,%,Q00,,esa_worldcover_2021,,2026-08-24 01:15:11
basin,HYBAS_4080009800,landcover_cropland_pct,0.01219941251867785,%,Q00,,esa_worldcover_2021,,2026-08-24 01:15:11
basin,HYBAS_4080009800,landcover_built_up_pct,0.04477303049577187,%,Q00,,esa_worldcover_2021,,2026-08-24 01:15:11
basin,HYBAS_4080009800,landcover_bare_sparse_pct,0.0019302169321002388,%,Q00,,esa_worldcover_2021,,2026-08-24 01:15:11
basin,HYBAS_4080009800,landcover_snow_ice_pct,,%,Q00,,esa_worldcover_2021,,2026-08-24 01:15:11
basin,HYBAS_4080009800,landcover_permanent_water_pct,0.007155185854089949,%,Q00,,esa_worldcover_2021,,2026-08-24 01:15:11
basin,HYBAS_4080009800,landcover_herbaceous_wetland_pct,,%,Q00,,esa_worldcover_2021,,2026-08-24 01:15:11
basin,HYBAS_4080009800,landcover_mangroves_pct,,%,Q00,,esa_worldcover_2021,,2026-08-24 01:15:11
basin,HYBAS_4080009800,landcover_moss_lichen_pct,,%,Q00,,esa_worldcover_2021,,2026-08-24 01:15:11
basin,HYBAS_4080009810,area_km2,2002.1,km²,Q00,HydroBASINS 汇水区域面积(SUB_AREA 单位 km²),hydrobasins_lev08,,2026-08-24 01:15:11
basin,HYBAS_4080009810,distance_to_taihu_boundary_km,78.67544230992858,km,Q00,流域质心到太湖边界距离(球面近似),hydrobasins_lev08,,2026-08-24 01:15:11
basin,HYBAS_4080009810,elevation_mean_m,3.8890416622161865,m,Q00,,copernicus_dem_glo30,storage\silver\geo\copernicus_dem_glo30_taihu.tif,2026-08-24 01:15:11
basin,HYBAS_4080009810,elevation_median_m,3.3370392322540283,m,Q00,,copernicus_dem_glo30,storage\silver\geo\copernicus_dem_glo30_taihu.tif,2026-08-24 01:15:11
basin,HYBAS_4080009810,elevation_std_m,2.2194128036499023,m,Q00,,copernicus_dem_glo30,storage\silver\geo\copernicus_dem_glo30_taihu.tif,2026-08-24 01:15:11
basin,HYBAS_4080009810,elevation_min_m,-10.39592170715332,m,Q00,,copernicus_dem_glo30,storage\silver\geo\copernicus_dem_glo30_taihu.tif,2026-08-24 01:15:11
basin,HYBAS_4080009810,elevation_max_m,23.39820671081543,m,Q00,,copernicus_dem_glo30,storage\silver\geo\copernicus_dem_glo30_taihu.tif,2026-08-24 01:15:11
basin,HYBAS_4080009810,elevation_valid_frac,0.04459566415880496,fraction,Q00,,copernicus_dem_glo30,,2026-08-24 01:15:11
basin,HYBAS_4080009810,landcover_tree_pct,0.02493457997874585,%,Q00,,esa_worldcover_2021,,2026-08-24 01:15:12
basin,HYBAS_4080009810,landcover_shrubland_pct,3.07052159052609e-06,%,Q00,,esa_worldcover_2021,,2026-08-24 01:15:12
basin,HYBAS_4080009810,landcover_grassland_pct,0.012747270383069062,%,Q00,,esa_worldcover_2021,,2026-08-24 01:15:12
basin,HYBAS_4080009810,landcover_cropland_pct,0.060522539317261335,%,Q00,,esa_worldcover_2021,,2026-08-24 01:15:12
basin,HYBAS_4080009810,landcover_built_up_pct,0.07425514007873021,%,Q00,,esa_worldcover_2021,,2026-08-24 01:15:12
basin,HYBAS_4080009810,landcover_bare_sparse_pct,0.013956748837577288,%,Q00,,esa_worldcover_2021,,2026-08-24 01:15:12
basin,HYBAS_4080009810,landcover_snow_ice_pct,,%,Q00,,esa_worldcover_2021,,2026-08-24 01:15:12
basin,HYBAS_4080009810,landcover_permanent_water_pct,0.017773202473161852,%,Q00,,esa_worldcover_2021,,2026-08-24 01:15:12
basin,HYBAS_4080009810,landcover_herbaceous_wetland_pct,0.00010398833119915024,%,Q00,,esa_worldcover_2021,,2026-08-24 01:15:12
basin,HYBAS_4080009810,landcover_mangroves_pct,,%,Q00,,esa_worldcover_2021,,2026-08-24 01:15:12
basin,HYBAS_4080009810,landcover_moss_lichen_pct,,%,Q00,,esa_worldcover_2021,,2026-08-24 01:15:12
basin,HYBAS_4080009880,area_km2,204.0,km²,Q00,HydroBASINS 汇水区域面积(SUB_AREA 单位 km²),hydrobasins_lev08,,2026-08-24 01:15:12
basin,HYBAS_4080009880,distance_to_taihu_boundary_km,47.58737072422413,km,Q00,流域质心到太湖边界距离(球面近似),hydrobasins_lev08,,2026-08-24 01:15:12
basin,HYBAS_4080009880,elevation_mean_m,4.467272758483887,m,Q00,,copernicus_dem_glo30,storage\silver\geo\copernicus_dem_glo30_taihu.tif,2026-08-24 01:15:12
basin,HYBAS_4080009880,elevation_median_m,3.764772891998291,m,Q00,,copernicus_dem_glo30,storage\silver\geo\copernicus_dem_glo30_taihu.tif,2026-08-24 01:15:12
basin,HYBAS_4080009880,elevation_std_m,2.580573320388794,m,Q00,,copernicus_dem_glo30,storage\silver\geo\copernicus_dem_glo30_taihu.tif,2026-08-24 01:15:12
basin,HYBAS_4080009880,elevation_min_m,-6.8909010887146,m,Q00,,copernicus_dem_glo30,storage\silver\geo\copernicus_dem_glo30_taihu.tif,2026-08-24 01:15:12
basin,HYBAS_4080009880,elevation_max_m,32.875946044921875,m,Q00,,copernicus_dem_glo30,storage\silver\geo\copernicus_dem_glo30_taihu.tif,2026-08-24 01:15:12
basin,HYBAS_4080009880,elevation_valid_frac,0.33085622342259513,fraction,Q00,,copernicus_dem_glo30,,2026-08-24 01:15:12
basin,HYBAS_4080009880,landcover_tree_pct,0.07194097971255373,%,Q00,,esa_worldcover_2021,,2026-08-24 01:15:12
basin,HYBAS_4080009880,landcover_shrubland_pct,8.70848231058429e-06,%,Q00,,esa_worldcover_2021,,2026-08-24 01:15:12
basin,HYBAS_4080009880,landcover_grassland_pct,0.03021760423845981,%,Q00,,esa_worldcover_2021,,2026-08-24 01:15:12
basin,HYBAS_4080009880,landcover_cropland_pct,0.18018264590232733,%,Q00,,esa_worldcover_2021,,2026-08-24 01:15:12
basin,HYBAS_4080009880,landcover_built_up_pct,0.1585159419135936,%,Q00,,esa_worldcover_2021,,2026-08-24 01:15:12
basin,HYBAS_4080009880,landcover_bare_sparse_pct,0.018250283440364726,%,Q00,,esa_worldcover_2021,,2026-08-24 01:15:12
basin,HYBAS_4080009880,landcover_snow_ice_pct,,%,Q00,,esa_worldcover_2021,,2026-08-24 01:15:12
basin,HYBAS_4080009880,landcover_permanent_water_pct,0.11820914622868807,%,Q00,,esa_worldcover_2021,,2026-08-24 01:15:12
basin,HYBAS_4080009880,landcover_herbaceous_wetland_pct,0.0001051238221777675,%,Q00,,esa_worldcover_2021,,2026-08-24 01:15:12
basin,HYBAS_4080009880,landcover_mangroves_pct,,%,Q00,,esa_worldcover_2021,,2026-08-24 01:15:12
basin,HYBAS_4080009880,landcover_moss_lichen_pct,,%,Q00,,esa_worldcover_2021,,2026-08-24 01:15:12
basin,HYBAS_4080705250,area_km2,573.2,km²,Q00,HydroBASINS 汇水区域面积(SUB_AREA 单位 km²),hydrobasins_lev08,,2026-08-24 01:15:12
basin,HYBAS_4080705250,distance_to_taihu_boundary_km,59.51730099734492,km,Q00,流域质心到太湖边界距离(球面近似),hydrobasins_lev08,,2026-08-24 01:15:12
basin,HYBAS_4080705250,elevation_mean_m,5.553253173828125,m,Q00,,copernicus_dem_glo30,storage\silver\geo\copernicus_dem_glo30_taihu.tif,2026-08-24 01:15:12
basin,HYBAS_4080705250,elevation_median_m,5.4325408935546875,m,Q00,,copernicus_dem_glo30,storage\silver\geo\copernicus_dem_glo30_taihu.tif,2026-08-24 01:15:12
basin,HYBAS_4080705250,elevation_std_m,2.583470582962036,m,Q00,,copernicus_dem_glo30,storage\silver\geo\copernicus_dem_glo30_taihu.tif,2026-08-24 01:15:12
basin,HYBAS_4080705250,elevation_min_m,-8.822247505187988,m,Q00,,copernicus_dem_glo30,storage\silver\geo\copernicus_dem_glo30_taihu.tif,2026-08-24 01:15:12
basin,HYBAS_4080705250,elevation_max_m,41.12983322143555,m,Q00,,copernicus_dem_glo30,storage\silver\geo\copernicus_dem_glo30_taihu.tif,2026-08-24 01:15:12
basin,HYBAS_4080705250,elevation_valid_frac,0.18351983109636555,fraction,Q00,,copernicus_dem_glo30,,2026-08-24 01:15:12
basin,HYBAS_4080705250,landcover_tree_pct,0.053053106858740054,%,Q00,,esa_worldcover_2021,,2026-08-24 01:15:12
basin,HYBAS_4080705250,landcover_shrubland_pct,1.0858965922393143e-05,%,Q00,,esa_worldcover_2021,,2026-08-24 01:15:12
basin,HYBAS_4080705250,landcover_grassland_pct,0.030899594743391778,%,Q00,,esa_worldcover_2021,,2026-08-24 01:15:12
basin,HYBAS_4080705250,landcover_cropland_pct,0.1871056837999431,%,Q00,,esa_worldcover_2021,,2026-08-24 01:15:12
basin,HYBAS_4080705250,landcover_built_up_pct,0.13270674385219644,%,Q00,,esa_worldcover_2021,,2026-08-24 01:15:12
basin,HYBAS_4080705250,landcover_bare_sparse_pct,0.011798809422976269,%,Q00,,esa_worldcover_2021,,2026-08-24 01:15:12
basin,HYBAS_4080705250,landcover_snow_ice_pct,,%,Q00,,esa_worldcover_2021,,2026-08-24 01:15:12
basin,HYBAS_4080705250,landcover_permanent_water_pct,0.08471676559184622,%,Q00,,esa_worldcover_2021,,2026-08-24 01:15:12
basin,HYBAS_4080705250,landcover_herbaceous_wetland_pct,0.0001898961665678501,%,Q00,,esa_worldcover_2021,,2026-08-24 01:15:12
basin,HYBAS_4080705250,landcover_mangroves_pct,,%,Q00,,esa_worldcover_2021,,2026-08-24 01:15:12
basin,HYBAS_4080705250,landcover_moss_lichen_pct,,%,Q00,,esa_worldcover_2021,,2026-08-24 01:15:12
basin,HYBAS_4080705570,area_km2,436.8,km²,Q00,HydroBASINS 汇水区域面积(SUB_AREA 单位 km²),hydrobasins_lev08,,2026-08-24 01:15:12
basin,HYBAS_4080705570,distance_to_taihu_boundary_km,36.443781403591515,km,Q00,流域质心到太湖边界距离(球面近似),hydrobasins_lev08,,2026-08-24 01:15:12
basin,HYBAS_4080705570,elevation_mean_m,6.1316657066345215,m,Q00,,copernicus_dem_glo30,storage\silver\geo\copernicus_dem_glo30_taihu.tif,2026-08-24 01:15:12
basin,HYBAS_4080705570,elevation_median_m,5.7357563972473145,m,Q00,,copernicus_dem_glo30,storage\silver\geo\copernicus_dem_glo30_taihu.tif,2026-08-24 01:15:12
basin,HYBAS_4080705570,elevation_std_m,2.7268731594085693,m,Q00,,copernicus_dem_glo30,storage\silver\geo\copernicus_dem_glo30_taihu.tif,2026-08-24 01:15:12
basin,HYBAS_4080705570,elevation_min_m,-24.21951675415039,m,Q00,,copernicus_dem_glo30,storage\silver\geo\copernicus_dem_glo30_taihu.tif,2026-08-24 01:15:12
basin,HYBAS_4080705570,elevation_max_m,38.515933990478516,m,Q00,,copernicus_dem_glo30,storage\silver\geo\copernicus_dem_glo30_taihu.tif,2026-08-24 01:15:12
basin,HYBAS_4080705570,elevation_valid_frac,0.5253073925675025,fraction,Q00,,copernicus_dem_glo30,,2026-08-24 01:15:12
basin,HYBAS_4080705570,landcover_tree_pct,0.10479432883344253,%,Q00,,esa_worldcover_2021,,2026-08-24 01:15:13
basin,HYBAS_4080705570,landcover_shrubland_pct,7.2748210016984935e-06,%,Q00,,esa_worldcover_2021,,2026-08-24 01:15:13
basin,HYBAS_4080705570,landcover_grassland_pct,0.032260371166690546,%,Q00,,esa_worldcover_2021,,2026-08-24 01:15:13
basin,HYBAS_4080705570,landcover_cropland_pct,0.12528723344323933,%,Q00,,esa_worldcover_2021,,2026-08-24 01:15:13
basin,HYBAS_4080705570,landcover_built_up_pct,0.24346279705334262,%,Q00,,esa_worldcover_2021,,2026-08-24 01:15:13
basin,HYBAS_4080705570,landcover_bare_sparse_pct,0.011266036211752296,%,Q00,,esa_worldcover_2021,,2026-08-24 01:15:13
basin,HYBAS_4080705570,landcover_snow_ice_pct,,%,Q00,,esa_worldcover_2021,,2026-08-24 01:15:13
basin,HYBAS_4080705570,landcover_permanent_water_pct,0.013993384348754918,%,Q00,,esa_worldcover_2021,,2026-08-24 01:15:13
basin,HYBAS_4080705570,landcover_herbaceous_wetland_pct,0.0002311973601271497,%,Q00,,esa_worldcover_2021,,2026-08-24 01:15:13
basin,HYBAS_4080705570,landcover_mangroves_pct,,%,Q00,,esa_worldcover_2021,,2026-08-24 01:15:13
basin,HYBAS_4080705570,landcover_moss_lichen_pct,,%,Q00,,esa_worldcover_2021,,2026-08-24 01:15:13
basin,HYBAS_4080694350,area_km2,2102.1,km²,Q00,HydroBASINS 汇水区域面积(SUB_AREA 单位 km²),hydrobasins_lev08,,2026-08-24 01:15:13
basin,HYBAS_4080694350,distance_to_taihu_boundary_km,92.8375057776573,km,Q00,流域质心到太湖边界距离(球面近似),hydrobasins_lev08,,2026-08-24 01:15:13
basin,HYBAS_4080694350,elevation_mean_m,6.326056480407715,m,Q00,,copernicus_dem_glo30,storage\silver\geo\copernicus_dem_glo30_taihu.tif,2026-08-24 01:15:13
basin,HYBAS_4080694350,elevation_median_m,5.849214553833008,m,Q00,,copernicus_dem_glo30,storage\silver\geo\copernicus_dem_glo30_taihu.tif,2026-08-24 01:15:13
basin,HYBAS_4080694350,elevation_std_m,1.6647632122039795,m,Q00,,copernicus_dem_glo30,storage\silver\geo\copernicus_dem_glo30_taihu.tif,2026-08-24 01:15:13
basin,HYBAS_4080694350,elevation_min_m,-5.485753059387207,m,Q00,,copernicus_dem_glo30,storage\silver\geo\copernicus_dem_glo30_taihu.tif,2026-08-24 01:15:13
basin,HYBAS_4080694350,elevation_max_m,24.106372833251953,m,Q00,,copernicus_dem_glo30,storage\silver\geo\copernicus_dem_glo30_taihu.tif,2026-08-24 01:15:13
basin,HYBAS_4080694350,elevation_valid_frac,0.15113240728850078,fraction,Q00,,copernicus_dem_glo30,,2026-08-24 01:15:13
basin,HYBAS_4080694350,landcover_tree_pct,0.03737398869911391,%,Q00,,esa_worldcover_2021,,2026-08-24 01:15:13
basin,HYBAS_4080694350,landcover_shrubland_pct,1.7657634519070245e-06,%,Q00,,esa_worldcover_2021,,2026-08-24 01:15:13
basin,HYBAS_4080694350,landcover_grassland_pct,0.02187114742519584,%,Q00,,esa_worldcover_2021,,2026-08-24 01:15:13
basin,HYBAS_4080694350,landcover_cropland_pct,0.10281831899319378,%,Q00,,esa_worldcover_2021,,2026-08-24 01:15:13
basin,HYBAS_4080694350,landcover_built_up_pct,0.05320140940028252,%,Q00,,esa_worldcover_2021,,2026-08-24 01:15:13
basin,HYBAS_4080694350,landcover_bare_sparse_pct,0.0029478618209836907,%,Q00,,esa_worldcover_2021,,2026-08-24 01:15:13
basin,HYBAS_4080694350,landcover_snow_ice_pct,,%,Q00,,esa_worldcover_2021,,2026-08-24 01:15:13
basin,HYBAS_4080694350,landcover_permanent_water_pct,0.003901374085013484,%,Q00,,esa_worldcover_2021,,2026-08-24 01:15:13
basin,HYBAS_4080694350,landcover_herbaceous_wetland_pct,2.0707589572364196e-05,%,Q00,,esa_worldcover_2021,,2026-08-24 01:15:13
basin,HYBAS_4080694350,landcover_mangroves_pct,,%,Q00,,esa_worldcover_2021,,2026-08-24 01:15:13
basin,HYBAS_4080694350,landcover_moss_lichen_pct,,%,Q00,,esa_worldcover_2021,,2026-08-24 01:15:13
basin,HYBAS_4080731010,area_km2,3639.9,km²,Q00,HydroBASINS 汇水区域面积(SUB_AREA 单位 km²),hydrobasins_lev08,,2026-08-24 01:15:13
basin,HYBAS_4080731010,distance_to_taihu_boundary_km,72.7542583634617,km,Q00,流域质心到太湖边界距离(球面近似),hydrobasins_lev08,,2026-08-24 01:15:13
basin,HYBAS_4080731010,elevation_mean_m,111.89350891113281,m,Q00,,copernicus_dem_glo30,storage\silver\geo\copernicus_dem_glo30_taihu.tif,2026-08-24 01:15:14
basin,HYBAS_4080731010,elevation_median_m,69.62171936035156,m,Q00,,copernicus_dem_glo30,storage\silver\geo\copernicus_dem_glo30_taihu.tif,2026-08-24 01:15:14
basin,HYBAS_4080731010,elevation_std_m,99.35865020751953,m,Q00,,copernicus_dem_glo30,storage\silver\geo\copernicus_dem_glo30_taihu.tif,2026-08-24 01:15:14
basin,HYBAS_4080731010,elevation_min_m,14.5,m,Q00,,copernicus_dem_glo30,storage\silver\geo\copernicus_dem_glo30_taihu.tif,2026-08-24 01:15:14
basin,HYBAS_4080731010,elevation_max_m,658.3601684570312,m,Q00,,copernicus_dem_glo30,storage\silver\geo\copernicus_dem_glo30_taihu.tif,2026-08-24 01:15:14
basin,HYBAS_4080731010,elevation_valid_frac,0.4130590559140901,fraction,Q00,,copernicus_dem_glo30,,2026-08-24 01:15:14
basin,HYBAS_4080731010,landcover_tree_pct,0.2459843436102205,%,Q00,,esa_worldcover_2021,,2026-08-24 01:15:14
basin,HYBAS_4080731010,landcover_shrubland_pct,3.101343945246216e-06,%,Q00,,esa_worldcover_2021,,2026-08-24 01:15:14
basin,HYBAS_4080731010,landcover_grassland_pct,0.01753379035059928,%,Q00,,esa_worldcover_2021,,2026-08-24 01:15:14
basin,HYBAS_4080731010,landcover_cropland_pct,0.10694887929915749,%,Q00,,esa_worldcover_2021,,2026-08-24 01:15:14
basin,HYBAS_4080731010,landcover_built_up_pct,0.03135921916376006,%,Q00,,esa_worldcover_2021,,2026-08-24 01:15:14
basin,HYBAS_4080731010,landcover_bare_sparse_pct,0.006739260670214121,%,Q00,,esa_worldcover_2021,,2026-08-24 01:15:14
basin,HYBAS_4080731010,landcover_snow_ice_pct,,%,Q00,,esa_worldcover_2021,,2026-08-24 01:15:14
basin,HYBAS_4080731010,landcover_permanent_water_pct,0.004587854347677412,%,Q00,,esa_worldcover_2021,,2026-08-24 01:15:14
basin,HYBAS_4080731010,landcover_herbaceous_wetland_pct,3.9713313376789203e-05,%,Q00,,esa_worldcover_2021,,2026-08-24 01:15:14
basin,HYBAS_4080731010,landcover_mangroves_pct,,%,Q00,,esa_worldcover_2021,,2026-08-24 01:15:14
basin,HYBAS_4080731010,landcover_moss_lichen_pct,,%,Q00,,esa_worldcover_2021,,2026-08-24 01:15:14
basin,HYBAS_4080009890,area_km2,0.3,km²,Q00,HydroBASINS 汇水区域面积(SUB_AREA 单位 km²),hydrobasins_lev08,,2026-08-24 01:15:14
basin,HYBAS_4080009890,distance_to_taihu_boundary_km,43.29397966710501,km,Q00,流域质心到太湖边界距离(球面近似),hydrobasins_lev08,,2026-08-24 01:15:14
basin,HYBAS_4080009890,elevation_mean_m,0.0,m,Q00,,copernicus_dem_glo30,storage\raw\static_geo\copernicus_dem_glo30\Copernicus_DSM_COG_10_N31_00_E120_00_DEM.tif,2026-08-24 01:15:14
basin,HYBAS_4080009890,elevation_median_m,0.0,m,Q00,,copernicus_dem_glo30,storage\raw\static_geo\copernicus_dem_glo30\Copernicus_DSM_COG_10_N31_00_E120_00_DEM.tif,2026-08-24 01:15:14
basin,HYBAS_4080009890,elevation_std_m,0.0,m,Q00,,copernicus_dem_glo30,storage\raw\static_geo\copernicus_dem_glo30\Copernicus_DSM_COG_10_N31_00_E120_00_DEM.tif,2026-08-24 01:15:14
basin,HYBAS_4080009890,elevation_min_m,0.0,m,Q00,,copernicus_dem_glo30,storage\raw\static_geo\copernicus_dem_glo30\Copernicus_DSM_COG_10_N31_00_E120_00_DEM.tif,2026-08-24 01:15:14
basin,HYBAS_4080009890,elevation_max_m,0.0,m,Q00,,copernicus_dem_glo30,storage\raw\static_geo\copernicus_dem_glo30\Copernicus_DSM_COG_10_N31_00_E120_00_DEM.tif,2026-08-24 01:15:14
basin,HYBAS_4080009890,elevation_valid_frac,0.7681451612903226,fraction,Q00,,copernicus_dem_glo30,,2026-08-24 01:15:14
basin,HYBAS_4080009890,landcover_tree_pct,,%,Q00,,esa_worldcover_2021,,2026-08-24 01:15:14
basin,HYBAS_4080009890,landcover_shrubland_pct,,%,Q00,,esa_worldcover_2021,,2026-08-24 01:15:14
basin,HYBAS_4080009890,landcover_grassland_pct,,%,Q00,,esa_worldcover_2021,,2026-08-24 01:15:14
basin,HYBAS_4080009890,landcover_cropland_pct,,%,Q00,,esa_worldcover_2021,,2026-08-24 01:15:14
basin,HYBAS_4080009890,landcover_built_up_pct,,%,Q00,,esa_worldcover_2021,,2026-08-24 01:15:14
basin,HYBAS_4080009890,landcover_bare_sparse_pct,,%,Q00,,esa_worldcover_2021,,2026-08-24 01:15:14
basin,HYBAS_4080009890,landcover_snow_ice_pct,,%,Q00,,esa_worldcover_2021,,2026-08-24 01:15:14
basin,HYBAS_4080009890,landcover_permanent_water_pct,0.8307124830130072,%,Q00,,esa_worldcover_2021,,2026-08-24 01:15:14
basin,HYBAS_4080009890,landcover_herbaceous_wetland_pct,,%,Q00,,esa_worldcover_2021,,2026-08-24 01:15:14
basin,HYBAS_4080009890,landcover_mangroves_pct,,%,Q00,,esa_worldcover_2021,,2026-08-24 01:15:14
basin,HYBAS_4080009890,landcover_moss_lichen_pct,,%,Q00,,esa_worldcover_2021,,2026-08-24 01:15:14
basin,HYBAS_4080009900,area_km2,1105.4,km²,Q00,HydroBASINS 汇水区域面积(SUB_AREA 单位 km²),hydrobasins_lev08,,2026-08-24 01:15:14
basin,HYBAS_4080009900,distance_to_taihu_boundary_km,29.082289446181402,km,Q00,流域质心到太湖边界距离(球面近似),hydrobasins_lev08,,2026-08-24 01:15:14
basin,HYBAS_4080009900,elevation_mean_m,6.054396152496338,m,Q00,,copernicus_dem_glo30,storage\silver\geo\copernicus_dem_glo30_taihu.tif,2026-08-24 01:15:15
basin,HYBAS_4080009900,elevation_median_m,4.765667915344238,m,Q00,,copernicus_dem_glo30,storage\silver\geo\copernicus_dem_glo30_taihu.tif,2026-08-24 01:15:15
basin,HYBAS_4080009900,elevation_std_m,10.965720176696777,m,Q00,,copernicus_dem_glo30,storage\silver\geo\copernicus_dem_glo30_taihu.tif,2026-08-24 01:15:15
basin,HYBAS_4080009900,elevation_min_m,-28.0,m,Q00,,copernicus_dem_glo30,storage\silver\geo\copernicus_dem_glo30_taihu.tif,2026-08-24 01:15:15
basin,HYBAS_4080009900,elevation_max_m,328.8294372558594,m,Q00,,copernicus_dem_glo30,storage\silver\geo\copernicus_dem_glo30_taihu.tif,2026-08-24 01:15:15
basin,HYBAS_4080009900,elevation_valid_frac,0.5252083872059354,fraction,Q00,,copernicus_dem_glo30,,2026-08-24 01:15:15
basin,HYBAS_4080009900,landcover_tree_pct,0.0911648732480882,%,Q00,,esa_worldcover_2021,,2026-08-24 01:15:16
basin,HYBAS_4080009900,landcover_shrubland_pct,6.254773758362704e-06,%,Q00,,esa_worldcover_2021,,2026-08-24 01:15:16
basin,HYBAS_4080009900,landcover_grassland_pct,0.03368321483292996,%,Q00,,esa_worldcover_2021,,2026-08-24 01:15:16
basin,HYBAS_4080009900,landcover_cropland_pct,0.1399527556088785,%,Q00,,esa_worldcover_2021,,2026-08-24 01:15:16
basin,HYBAS_4080009900,landcover_built_up_pct,0.24018600834429957,%,Q00,,esa_worldcover_2021,,2026-08-24 01:15:16
basin,HYBAS_4080009900,landcover_bare_sparse_pct,0.016488626089337148,%,Q00,,esa_worldcover_2021,,2026-08-24 01:15:16
basin,HYBAS_4080009900,landcover_snow_ice_pct,,%,Q00,,esa_worldcover_2021,,2026-08-24 01:15:16
basin,HYBAS_4080009900,landcover_permanent_water_pct,0.022207466388139915,%,Q00,,esa_worldcover_2021,,2026-08-24 01:15:16
basin,HYBAS_4080009900,landcover_herbaceous_wetland_pct,0.00033376766865745813,%,Q00,,esa_worldcover_2021,,2026-08-24 01:15:16
basin,HYBAS_4080009900,landcover_mangroves_pct,,%,Q00,,esa_worldcover_2021,,2026-08-24 01:15:16
basin,HYBAS_4080009900,landcover_moss_lichen_pct,,%,Q00,,esa_worldcover_2021,,2026-08-24 01:15:16
basin,HYBAS_4080009910,area_km2,16.7,km²,Q00,HydroBASINS 汇水区域面积(SUB_AREA 单位 km²),hydrobasins_lev08,,2026-08-24 01:15:16
basin,HYBAS_4080009910,distance_to_taihu_boundary_km,42.23885839696453,km,Q00,流域质心到太湖边界距离(球面近似),hydrobasins_lev08,,2026-08-24 01:15:16
basin,HYBAS_4080009910,elevation_mean_m,11.410222053527832,m,Q00,,copernicus_dem_glo30,storage\silver\geo\copernicus_dem_glo30_taihu.tif,2026-08-24 01:15:16
basin,HYBAS_4080009910,elevation_median_m,8.130127906799316,m,Q00,,copernicus_dem_glo30,storage\silver\geo\copernicus_dem_glo30_taihu.tif,2026-08-24 01:15:16
basin,HYBAS_4080009910,elevation_std_m,11.524514198303223,m,Q00,,copernicus_dem_glo30,storage\silver\geo\copernicus_dem_glo30_taihu.tif,2026-08-24 01:15:16
basin,HYBAS_4080009910,elevation_min_m,-0.42104843258857727,m,Q00,,copernicus_dem_glo30,storage\silver\geo\copernicus_dem_glo30_taihu.tif,2026-08-24 01:15:16
basin,HYBAS_4080009910,elevation_max_m,90.77787017822266,m,Q00,,copernicus_dem_glo30,storage\silver\geo\copernicus_dem_glo30_taihu.tif,2026-08-24 01:15:16
basin,HYBAS_4080009910,elevation_valid_frac,0.37534664746221813,fraction,Q00,,copernicus_dem_glo30,,2026-08-24 01:15:16
basin,HYBAS_4080009910,landcover_tree_pct,0.08376032158240938,%,Q00,,esa_worldcover_2021,,2026-08-24 01:15:16
basin,HYBAS_4080009910,landcover_shrubland_pct,5.831402491175144e-06,%,Q00,,esa_worldcover_2021,,2026-08-24 01:15:16
basin,HYBAS_4080009910,landcover_grassland_pct,0.021080520005598145,%,Q00,,esa_worldcover_2021,,2026-08-24 01:15:16
basin,HYBAS_4080009910,landcover_cropland_pct,0.03230402600027991,%,Q00,,esa_worldcover_2021,,2026-08-24 01:15:16
basin,HYBAS_4080009910,landcover_built_up_pct,0.21999743418290388,%,Q00,,esa_worldcover_2021,,2026-08-24 01:15:16
basin,HYBAS_4080009910,landcover_bare_sparse_pct,0.00998724866655263,%,Q00,,esa_worldcover_2021,,2026-08-24 01:15:16
basin,HYBAS_4080009910,landcover_snow_ice_pct,,%,Q00,,esa_worldcover_2021,,2026-08-24 01:15:16
basin,HYBAS_4080009910,landcover_permanent_water_pct,0.07932845568911627,%,Q00,,esa_worldcover_2021,,2026-08-24 01:15:16
basin,HYBAS_4080009910,landcover_herbaceous_wetland_pct,0.00011079664733232774,%,Q00,,esa_worldcover_2021,,2026-08-24 01:15:16
basin,HYBAS_4080009910,landcover_mangroves_pct,,%,Q00,,esa_worldcover_2021,,2026-08-24 01:15:16
basin,HYBAS_4080009910,landcover_moss_lichen_pct,,%,Q00,,esa_worldcover_2021,,2026-08-24 01:15:16
basin,HYBAS_4080009920,area_km2,314.4,km²,Q00,HydroBASINS 汇水区域面积(SUB_AREA 单位 km²),hydrobasins_lev08,,2026-08-24 01:15:16
basin,HYBAS_4080009920,distance_to_taihu_boundary_km,37.33055189524197,km,Q00,流域质心到太湖边界距离(球面近似),hydrobasins_lev08,,2026-08-24 01:15:16
basin,HYBAS_4080009920,elevation_mean_m,9.084481239318848,m,Q00,,copernicus_dem_glo30,storage\silver\geo\copernicus_dem_glo30_taihu.tif,2026-08-24 01:15:16
basin,HYBAS_4080009920,elevation_median_m,6.55655574798584,m,Q00,,copernicus_dem_glo30,storage\silver\geo\copernicus_dem_glo30_taihu.tif,2026-08-24 01:15:16
basin,HYBAS_4080009920,elevation_std_m,14.368474006652832,m,Q00,,copernicus_dem_glo30,storage\silver\geo\copernicus_dem_glo30_taihu.tif,2026-08-24 01:15:16
basin,HYBAS_4080009920,elevation_min_m,-7.821141242980957,m,Q00,,copernicus_dem_glo30,storage\silver\geo\copernicus_dem_glo30_taihu.tif,2026-08-24 01:15:16
basin,HYBAS_4080009920,elevation_max_m,258.8204650878906,m,Q00,,copernicus_dem_glo30,storage\silver\geo\copernicus_dem_glo30_taihu.tif,2026-08-24 01:15:16
basin,HYBAS_4080009920,elevation_valid_frac,0.4458395520636798,fraction,Q00,,copernicus_dem_glo30,,2026-08-24 01:15:16
basin,HYBAS_4080009920,landcover_tree_pct,0.09754195512700505,%,Q00,,esa_worldcover_2021,,2026-08-24 01:15:16
basin,HYBAS_4080009920,landcover_shrubland_pct,1.3750057380047144e-06,%,Q00,,esa_worldcover_2021,,2026-08-24 01:15:16
basin,HYBAS_4080009920,landcover_grassland_pct,0.012610918010946316,%,Q00,,esa_worldcover_2021,,2026-08-24 01:15:16
basin,HYBAS_4080009920,landcover_cropland_pct,0.09309307117685472,%,Q00,,esa_worldcover_2021,,2026-08-24 01:15:16
basin,HYBAS_4080009920,landcover_built_up_pct,0.23065298176340468,%,Q00,,esa_worldcover_2021,,2026-08-24 01:15:16
basin,HYBAS_4080009920,landcover_bare_sparse_pct,0.010402341486694281,%,Q00,,esa_worldcover_2021,,2026-08-24 01:15:16
basin,HYBAS_4080009920,landcover_snow_ice_pct,,%,Q00,,esa_worldcover_2021,,2026-08-24 01:15:16
basin,HYBAS_4080009920,landcover_permanent_water_pct,0.011525826944316286,%,Q00,,esa_worldcover_2021,,2026-08-24 01:15:16
basin,HYBAS_4080009920,landcover_herbaceous_wetland_pct,7.403877050794615e-05,%,Q00,,esa_worldcover_2021,,2026-08-24 01:15:16
basin,HYBAS_4080009920,landcover_mangroves_pct,,%,Q00,,esa_worldcover_2021,,2026-08-24 01:15:16
basin,HYBAS_4080009920,landcover_moss_lichen_pct,,%,Q00,,esa_worldcover_2021,,2026-08-24 01:15:16
basin,HYBAS_4080009930,area_km2,595.3,km²,Q00,HydroBASINS 汇水区域面积(SUB_AREA 单位 km²),hydrobasins_lev08,,2026-08-24 01:15:16
basin,HYBAS_4080009930,distance_to_taihu_boundary_km,55.3025020764393,km,Q00,流域质心到太湖边界距离(球面近似),hydrobasins_lev08,,2026-08-24 01:15:16
basin,HYBAS_4080009930,elevation_mean_m,4.752701282501221,m,Q00,,copernicus_dem_glo30,storage\silver\geo\copernicus_dem_glo30_taihu.tif,2026-08-24 01:15:16
basin,HYBAS_4080009930,elevation_median_m,3.6436500549316406,m,Q00,,copernicus_dem_glo30,storage\silver\geo\copernicus_dem_glo30_taihu.tif,2026-08-24 01:15:16
basin,HYBAS_4080009930,elevation_std_m,5.561916828155518,m,Q00,,copernicus_dem_glo30,storage\silver\geo\copernicus_dem_glo30_taihu.tif,2026-08-24 01:15:16
basin,HYBAS_4080009930,elevation_min_m,-8.730224609375,m,Q00,,copernicus_dem_glo30,storage\silver\geo\copernicus_dem_glo30_taihu.tif,2026-08-24 01:15:16
basin,HYBAS_4080009930,elevation_max_m,203.7235565185547,m,Q00,,copernicus_dem_glo30,storage\silver\geo\copernicus_dem_glo30_taihu.tif,2026-08-24 01:15:16
basin,HYBAS_4080009930,elevation_valid_frac,0.44346059068005445,fraction,Q00,,copernicus_dem_glo30,,2026-08-24 01:15:16
basin,HYBAS_4080009930,landcover_tree_pct,0.061694665807067305,%,Q00,,esa_worldcover_2021,,2026-08-24 01:15:17
basin,HYBAS_4080009930,landcover_shrubland_pct,4.570321680789079e-05,%,Q00,,esa_worldcover_2021,,2026-08-24 01:15:17
basin,HYBAS_4080009930,landcover_grassland_pct,0.023169873291975476,%,Q00,,esa_worldcover_2021,,2026-08-24 01:15:17
basin,HYBAS_4080009930,landcover_cropland_pct,0.1900004084873005,%,Q00,,esa_worldcover_2021,,2026-08-24 01:15:17
basin,HYBAS_4080009930,landcover_built_up_pct,0.17275892914758173,%,Q00,,esa_worldcover_2021,,2026-08-24 01:15:17
basin,HYBAS_4080009930,landcover_bare_sparse_pct,0.014489636558784578,%,Q00,,esa_worldcover_2021,,2026-08-24 01:15:17
basin,HYBAS_4080009930,landcover_snow_ice_pct,,%,Q00,,esa_worldcover_2021,,2026-08-24 01:15:17
basin,HYBAS_4080009930,landcover_permanent_water_pct,0.021138566588462068,%,Q00,,esa_worldcover_2021,,2026-08-24 01:15:17
basin,HYBAS_4080009930,landcover_herbaceous_wetland_pct,0.0003102135441364608,%,Q00,,esa_worldcover_2021,,2026-08-24 01:15:17
basin,HYBAS_4080009930,landcover_mangroves_pct,,%,Q00,,esa_worldcover_2021,,2026-08-24 01:15:17
basin,HYBAS_4080009930,landcover_moss_lichen_pct,,%,Q00,,esa_worldcover_2021,,2026-08-24 01:15:17
basin,HYBAS_4080009980,area_km2,461.4,km²,Q00,HydroBASINS 汇水区域面积(SUB_AREA 单位 km²),hydrobasins_lev08,,2026-08-24 01:15:17
basin,HYBAS_4080009980,distance_to_taihu_boundary_km,38.119487507765946,km,Q00,流域质心到太湖边界距离(球面近似),hydrobasins_lev08,,2026-08-24 01:15:17
basin,HYBAS_4080009980,elevation_mean_m,5.156369209289551,m,Q00,,copernicus_dem_glo30,storage\silver\geo\copernicus_dem_glo30_taihu.tif,2026-08-24 01:15:17
basin,HYBAS_4080009980,elevation_median_m,4.82223653793335,m,Q00,,copernicus_dem_glo30,storage\silver\geo\copernicus_dem_glo30_taihu.tif,2026-08-24 01:15:17
basin,HYBAS_4080009980,elevation_std_m,2.983591079711914,m,Q00,,copernicus_dem_glo30,storage\silver\geo\copernicus_dem_glo30_taihu.tif,2026-08-24 01:15:17
basin,HYBAS_4080009980,elevation_min_m,-4.886589527130127,m,Q00,,copernicus_dem_glo30,storage\silver\geo\copernicus_dem_glo30_taihu.tif,2026-08-24 01:15:17
basin,HYBAS_4080009980,elevation_max_m,122.51213836669922,m,Q00,,copernicus_dem_glo30,storage\silver\geo\copernicus_dem_glo30_taihu.tif,2026-08-24 01:15:17
basin,HYBAS_4080009980,elevation_valid_frac,0.400998131647025,fraction,Q00,,copernicus_dem_glo30,,2026-08-24 01:15:17
basin,HYBAS_4080009980,landcover_tree_pct,0.06897462515762885,%,Q00,,esa_worldcover_2021,,2026-08-24 01:15:18
basin,HYBAS_4080009980,landcover_shrubland_pct,7.192929933086311e-06,%,Q00,,esa_worldcover_2021,,2026-08-24 01:15:18
basin,HYBAS_4080009980,landcover_grassland_pct,0.018191373408969258,%,Q00,,esa_worldcover_2021,,2026-08-24 01:15:18
basin,HYBAS_4080009980,landcover_cropland_pct,0.16701834261934106,%,Q00,,esa_worldcover_2021,,2026-08-24 01:15:18
basin,HYBAS_4080009980,landcover_built_up_pct,0.137090051594692,%,Q00,,esa_worldcover_2021,,2026-08-24 01:15:18
basin,HYBAS_4080009980,landcover_bare_sparse_pct,0.009781283089097722,%,Q00,,esa_worldcover_2021,,2026-08-24 01:15:18
basin,HYBAS_4080009980,landcover_snow_ice_pct,,%,Q00,,esa_worldcover_2021,,2026-08-24 01:15:18
basin,HYBAS_4080009980,landcover_permanent_water_pct,0.008442814911008553,%,Q00,,esa_worldcover_2021,,2026-08-24 01:15:18
basin,HYBAS_4080009980,landcover_herbaceous_wetland_pct,7.802060936428756e-05,%,Q00,,esa_worldcover_2021,,2026-08-24 01:15:18
basin,HYBAS_4080009980,landcover_mangroves_pct,,%,Q00,,esa_worldcover_2021,,2026-08-24 01:15:18
basin,HYBAS_4080009980,landcover_moss_lichen_pct,,%,Q00,,esa_worldcover_2021,,2026-08-24 01:15:18
basin,HYBAS_4080009990,area_km2,1193.2,km²,Q00,HydroBASINS 汇水区域面积(SUB_AREA 单位 km²),hydrobasins_lev08,,2026-08-24 01:15:18
basin,HYBAS_4080009990,distance_to_taihu_boundary_km,67.13857618384164,km,Q00,流域质心到太湖边界距离(球面近似),hydrobasins_lev08,,2026-08-24 01:15:18
basin,HYBAS_4080009990,elevation_mean_m,4.780562877655029,m,Q00,,copernicus_dem_glo30,storage\silver\geo\copernicus_dem_glo30_taihu.tif,2026-08-24 01:15:18
basin,HYBAS_4080009990,elevation_median_m,3.7155158519744873,m,Q00,,copernicus_dem_glo30,storage\silver\geo\copernicus_dem_glo30_taihu.tif,2026-08-24 01:15:18
basin,HYBAS_4080009990,elevation_std_m,8.6253023147583,m,Q00,,copernicus_dem_glo30,storage\silver\geo\copernicus_dem_glo30_taihu.tif,2026-08-24 01:15:18
basin,HYBAS_4080009990,elevation_min_m,-8.374407768249512,m,Q00,,copernicus_dem_glo30,storage\silver\geo\copernicus_dem_glo30_taihu.tif,2026-08-24 01:15:18
basin,HYBAS_4080009990,elevation_max_m,228.61227416992188,m,Q00,,copernicus_dem_glo30,storage\silver\geo\copernicus_dem_glo30_taihu.tif,2026-08-24 01:15:18
basin,HYBAS_4080009990,elevation_valid_frac,0.3441795949022461,fraction,Q00,,copernicus_dem_glo30,,2026-08-24 01:15:18
basin,HYBAS_4080009990,landcover_tree_pct,0.07422053787906288,%,Q00,,esa_worldcover_2021,,2026-08-24 01:15:19
basin,HYBAS_4080009990,landcover_shrubland_pct,1.0492592525838643e-05,%,Q00,,esa_worldcover_2021,,2026-08-24 01:15:19
basin,HYBAS_4080009990,landcover_grassland_pct,0.03949767220988638,%,Q00,,esa_worldcover_2021,,2026-08-24 01:15:19
basin,HYBAS_4080009990,landcover_cropland_pct,0.19382361156557856,%,Q00,,esa_worldcover_2021,,2026-08-24 01:15:19
basin,HYBAS_4080009990,landcover_built_up_pct,0.1700246770545025,%,Q00,,esa_worldcover_2021,,2026-08-24 01:15:19
basin,HYBAS_4080009990,landcover_bare_sparse_pct,0.012197258031719954,%,Q00,,esa_worldcover_2021,,2026-08-24 01:15:19
basin,HYBAS_4080009990,landcover_snow_ice_pct,,%,Q00,,esa_worldcover_2021,,2026-08-24 01:15:19
basin,HYBAS_4080009990,landcover_permanent_water_pct,0.01694295608993878,%,Q00,,esa_worldcover_2021,,2026-08-24 01:15:19
basin,HYBAS_4080009990,landcover_herbaceous_wetland_pct,0.0008577271301464792,%,Q00,,esa_worldcover_2021,,2026-08-24 01:15:19
basin,HYBAS_4080009990,landcover_mangroves_pct,,%,Q00,,esa_worldcover_2021,,2026-08-24 01:15:19
basin,HYBAS_4080009990,landcover_moss_lichen_pct,,%,Q00,,esa_worldcover_2021,,2026-08-24 01:15:19
basin,HYBAS_4080010110,area_km2,311.4,km²,Q00,HydroBASINS 汇水区域面积(SUB_AREA 单位 km²),hydrobasins_lev08,,2026-08-24 01:15:19
basin,HYBAS_4080010110,distance_to_taihu_boundary_km,67.5090412941575,km,Q00,流域质心到太湖边界距离(球面近似),hydrobasins_lev08,,2026-08-24 01:15:19
basin,HYBAS_4080010110,elevation_mean_m,,m,Q00,,copernicus_dem_glo30,,2026-08-24 01:15:19
basin,HYBAS_4080010110,elevation_median_m,,m,Q00,,copernicus_dem_glo30,,2026-08-24 01:15:19
basin,HYBAS_4080010110,elevation_std_m,,m,Q00,,copernicus_dem_glo30,,2026-08-24 01:15:19
basin,HYBAS_4080010110,elevation_min_m,,m,Q00,,copernicus_dem_glo30,,2026-08-24 01:15:19
basin,HYBAS_4080010110,elevation_max_m,,m,Q00,,copernicus_dem_glo30,,2026-08-24 01:15:19
basin,HYBAS_4080010110,elevation_valid_frac,,fraction,Q00,,copernicus_dem_glo30,,2026-08-24 01:15:19
basin,HYBAS_4080010110,landcover_tree_pct,0.022424888028532677,%,Q00,,esa_worldcover_2021,,2026-08-24 01:15:19
basin,HYBAS_4080010110,landcover_shrubland_pct,5.562647931668433e-06,%,Q00,,esa_worldcover_2021,,2026-08-24 01:15:19
basin,HYBAS_4080010110,landcover_grassland_pct,0.016394977670604095,%,Q00,,esa_worldcover_2021,,2026-08-24 01:15:19
basin,HYBAS_4080010110,landcover_cropland_pct,0.05601864599586695,%,Q00,,esa_worldcover_2021,,2026-08-24 01:15:19
basin,HYBAS_4080010110,landcover_built_up_pct,0.07337503465066107,%,Q00,,esa_worldcover_2021,,2026-08-24 01:15:19
basin,HYBAS_4080010110,landcover_bare_sparse_pct,0.008763024708355004,%,Q00,,esa_worldcover_2021,,2026-08-24 01:15:19
basin,HYBAS_4080010110,landcover_snow_ice_pct,,%,Q00,,esa_worldcover_2021,,2026-08-24 01:15:19
basin,HYBAS_4080010110,landcover_permanent_water_pct,0.010404932956185803,%,Q00,,esa_worldcover_2021,,2026-08-24 01:15:19
basin,HYBAS_4080010110,landcover_herbaceous_wetland_pct,2.225059172667373e-05,%,Q00,,esa_worldcover_2021,,2026-08-24 01:15:19
basin,HYBAS_4080010110,landcover_mangroves_pct,,%,Q00,,esa_worldcover_2021,,2026-08-24 01:15:19
basin,HYBAS_4080010110,landcover_moss_lichen_pct,,%,Q00,,esa_worldcover_2021,,2026-08-24 01:15:19
basin,HYBAS_4080727270,area_km2,2392.5,km²,Q00,HydroBASINS 汇水区域面积(SUB_AREA 单位 km²),hydrobasins_lev08,,2026-08-24 01:15:19
basin,HYBAS_4080727270,distance_to_taihu_boundary_km,58.236574182870434,km,Q00,流域质心到太湖边界距离(球面近似),hydrobasins_lev08,,2026-08-24 01:15:19
basin,HYBAS_4080727270,elevation_mean_m,2.454724073410034,m,Q00,,copernicus_dem_glo30,storage\silver\geo\copernicus_dem_glo30_taihu.tif,2026-08-24 01:15:19
basin,HYBAS_4080727270,elevation_median_m,2.058283567428589,m,Q00,,copernicus_dem_glo30,storage\silver\geo\copernicus_dem_glo30_taihu.tif,2026-08-24 01:15:19
basin,HYBAS_4080727270,elevation_std_m,2.1114351749420166,m,Q00,,copernicus_dem_glo30,storage\silver\geo\copernicus_dem_glo30_taihu.tif,2026-08-24 01:15:19
basin,HYBAS_4080727270,elevation_min_m,-8.011510848999023,m,Q00,,copernicus_dem_glo30,storage\silver\geo\copernicus_dem_glo30_taihu.tif,2026-08-24 01:15:19
basin,HYBAS_4080727270,elevation_max_m,26.110618591308594,m,Q00,,copernicus_dem_glo30,storage\silver\geo\copernicus_dem_glo30_taihu.tif,2026-08-24 01:15:19
basin,HYBAS_4080727270,elevation_valid_frac,0.3290177708060253,fraction,Q00,,copernicus_dem_glo30,,2026-08-24 01:15:19
basin,HYBAS_4080727270,landcover_tree_pct,0.07731816259030667,%,Q00,,esa_worldcover_2021,,2026-08-24 01:15:20
basin,HYBAS_4080727270,landcover_shrubland_pct,1.0767046733088242e-05,%,Q00,,esa_worldcover_2021,,2026-08-24 01:15:20
basin,HYBAS_4080727270,landcover_grassland_pct,0.04574817457890971,%,Q00,,esa_worldcover_2021,,2026-08-24 01:15:20
basin,HYBAS_4080727270,landcover_cropland_pct,0.21975375841582195,%,Q00,,esa_worldcover_2021,,2026-08-24 01:15:20
basin,HYBAS_4080727270,landcover_built_up_pct,0.11024878771961774,%,Q00,,esa_worldcover_2021,,2026-08-24 01:15:20
basin,HYBAS_4080727270,landcover_bare_sparse_pct,0.013655597497118654,%,Q00,,esa_worldcover_2021,,2026-08-24 01:15:20
basin,HYBAS_4080727270,landcover_snow_ice_pct,,%,Q00,,esa_worldcover_2021,,2026-08-24 01:15:20
basin,HYBAS_4080727270,landcover_permanent_water_pct,0.10554153558690978,%,Q00,,esa_worldcover_2021,,2026-08-24 01:15:20
basin,HYBAS_4080727270,landcover_herbaceous_wetland_pct,0.000811982499133795,%,Q00,,esa_worldcover_2021,,2026-08-24 01:15:20
basin,HYBAS_4080727270,landcover_mangroves_pct,,%,Q00,,esa_worldcover_2021,,2026-08-24 01:15:20
basin,HYBAS_4080727270,landcover_moss_lichen_pct,,%,Q00,,esa_worldcover_2021,,2026-08-24 01:15:20
basin,HYBAS_4080726950,area_km2,1121.0,km²,Q00,HydroBASINS 汇水区域面积(SUB_AREA 单位 km²),hydrobasins_lev08,,2026-08-24 01:15:20
basin,HYBAS_4080726950,distance_to_taihu_boundary_km,51.1221461492627,km,Q00,流域质心到太湖边界距离(球面近似),hydrobasins_lev08,,2026-08-24 01:15:20
basin,HYBAS_4080726950,elevation_mean_m,3.9438235759735107,m,Q00,,copernicus_dem_glo30,storage\silver\geo\copernicus_dem_glo30_taihu.tif,2026-08-24 01:15:20
basin,HYBAS_4080726950,elevation_median_m,3.204824447631836,m,Q00,,copernicus_dem_glo30,storage\silver\geo\copernicus_dem_glo30_taihu.tif,2026-08-24 01:15:20
basin,HYBAS_4080726950,elevation_std_m,2.871579170227051,m,Q00,,copernicus_dem_glo30,storage\silver\geo\copernicus_dem_glo30_taihu.tif,2026-08-24 01:15:20
basin,HYBAS_4080726950,elevation_min_m,-9.0,m,Q00,,copernicus_dem_glo30,storage\silver\geo\copernicus_dem_glo30_taihu.tif,2026-08-24 01:15:20
basin,HYBAS_4080726950,elevation_max_m,82.37825775146484,m,Q00,,copernicus_dem_glo30,storage\silver\geo\copernicus_dem_glo30_taihu.tif,2026-08-24 01:15:20
basin,HYBAS_4080726950,elevation_valid_frac,0.3145028135283008,fraction,Q00,,copernicus_dem_glo30,,2026-08-24 01:15:20
basin,HYBAS_4080726950,landcover_tree_pct,0.09261168642681086,%,Q00,,esa_worldcover_2021,,2026-08-24 01:15:20
basin,HYBAS_4080726950,landcover_shrubland_pct,1.7285355153944514e-05,%,Q00,,esa_worldcover_2021,,2026-08-24 01:15:20
basin,HYBAS_4080726950,landcover_grassland_pct,0.04949946612820592,%,Q00,,esa_worldcover_2021,,2026-08-24 01:15:20
basin,HYBAS_4080726950,landcover_cropland_pct,0.13477163281939672,%,Q00,,esa_worldcover_2021,,2026-08-24 01:15:20
basin,HYBAS_4080726950,landcover_built_up_pct,0.24992079007936435,%,Q00,,esa_worldcover_2021,,2026-08-24 01:15:20
basin,HYBAS_4080726950,landcover_bare_sparse_pct,0.024905564489247148,%,Q00,,esa_worldcover_2021,,2026-08-24 01:15:20
basin,HYBAS_4080726950,landcover_snow_ice_pct,,%,Q00,,esa_worldcover_2021,,2026-08-24 01:15:20
basin,HYBAS_4080726950,landcover_permanent_water_pct,0.02973265346609539,%,Q00,,esa_worldcover_2021,,2026-08-24 01:15:20
basin,HYBAS_4080726950,landcover_herbaceous_wetland_pct,0.00038247138637585856,%,Q00,,esa_worldcover_2021,,2026-08-24 01:15:20
basin,HYBAS_4080726950,landcover_mangroves_pct,,%,Q00,,esa_worldcover_2021,,2026-08-24 01:15:20
basin,HYBAS_4080726950,landcover_moss_lichen_pct,,%,Q00,,esa_worldcover_2021,,2026-08-24 01:15:20
basin,HYBAS_4080724940,area_km2,124.9,km²,Q00,HydroBASINS 汇水区域面积(SUB_AREA 单位 km²),hydrobasins_lev08,,2026-08-24 01:15:20
basin,HYBAS_4080724940,distance_to_taihu_boundary_km,30.983041252040294,km,Q00,流域质心到太湖边界距离(球面近似),hydrobasins_lev08,,2026-08-24 01:15:20
basin,HYBAS_4080724940,elevation_mean_m,4.28573751449585,m,Q00,,copernicus_dem_glo30,storage\silver\geo\copernicus_dem_glo30_taihu.tif,2026-08-24 01:15:20
basin,HYBAS_4080724940,elevation_median_m,3.582932472229004,m,Q00,,copernicus_dem_glo30,storage\silver\geo\copernicus_dem_glo30_taihu.tif,2026-08-24 01:15:20
basin,HYBAS_4080724940,elevation_std_m,2.7130184173583984,m,Q00,,copernicus_dem_glo30,storage\silver\geo\copernicus_dem_glo30_taihu.tif,2026-08-24 01:15:20
basin,HYBAS_4080724940,elevation_min_m,-7.063899040222168,m,Q00,,copernicus_dem_glo30,storage\silver\geo\copernicus_dem_glo30_taihu.tif,2026-08-24 01:15:20
basin,HYBAS_4080724940,elevation_max_m,32.079994201660156,m,Q00,,copernicus_dem_glo30,storage\silver\geo\copernicus_dem_glo30_taihu.tif,2026-08-24 01:15:20
basin,HYBAS_4080724940,elevation_valid_frac,0.5523758781277133,fraction,Q00,,copernicus_dem_glo30,,2026-08-24 01:15:20
basin,HYBAS_4080724940,landcover_tree_pct,0.10161261285348877,%,Q00,,esa_worldcover_2021,,2026-08-24 01:15:20
basin,HYBAS_4080724940,landcover_shrubland_pct,2.5667762894040265e-05,%,Q00,,esa_worldcover_2021,,2026-08-24 01:15:20
basin,HYBAS_4080724940,landcover_grassland_pct,0.04646471128222953,%,Q00,,esa_worldcover_2021,,2026-08-24 01:15:20
basin,HYBAS_4080724940,landcover_cropland_pct,0.08801440246695721,%,Q00,,esa_worldcover_2021,,2026-08-24 01:15:20
basin,HYBAS_4080724940,landcover_built_up_pct,0.2972009661060756,%,Q00,,esa_worldcover_2021,,2026-08-24 01:15:20
basin,HYBAS_4080724940,landcover_bare_sparse_pct,0.027754694616008484,%,Q00,,esa_worldcover_2021,,2026-08-24 01:15:20
basin,HYBAS_4080724940,landcover_snow_ice_pct,,%,Q00,,esa_worldcover_2021,,2026-08-24 01:15:20
basin,HYBAS_4080724940,landcover_permanent_water_pct,0.045290411129827186,%,Q00,,esa_worldcover_2021,,2026-08-24 01:15:20
basin,HYBAS_4080724940,landcover_herbaceous_wetland_pct,0.0004167446503212927,%,Q00,,esa_worldcover_2021,,2026-08-24 01:15:20
basin,HYBAS_4080724940,landcover_mangroves_pct,,%,Q00,,esa_worldcover_2021,,2026-08-24 01:15:20
basin,HYBAS_4080724940,landcover_moss_lichen_pct,,%,Q00,,esa_worldcover_2021,,2026-08-24 01:15:20
basin,HYBAS_4080724660,area_km2,1407.0,km²,Q00,HydroBASINS 汇水区域面积(SUB_AREA 单位 km²),hydrobasins_lev08,,2026-08-24 01:15:20
basin,HYBAS_4080724660,distance_to_taihu_boundary_km,39.91068575846581,km,Q00,流域质心到太湖边界距离(球面近似),hydrobasins_lev08,,2026-08-24 01:15:20
basin,HYBAS_4080724660,elevation_mean_m,5.5483808517456055,m,Q00,,copernicus_dem_glo30,storage\silver\geo\copernicus_dem_glo30_taihu.tif,2026-08-24 01:15:21
basin,HYBAS_4080724660,elevation_median_m,3.7984604835510254,m,Q00,,copernicus_dem_glo30,storage\silver\geo\copernicus_dem_glo30_taihu.tif,2026-08-24 01:15:21
basin,HYBAS_4080724660,elevation_std_m,13.706586837768555,m,Q00,,copernicus_dem_glo30,storage\silver\geo\copernicus_dem_glo30_taihu.tif,2026-08-24 01:15:21
basin,HYBAS_4080724660,elevation_min_m,-28.0,m,Q00,,copernicus_dem_glo30,storage\silver\geo\copernicus_dem_glo30_taihu.tif,2026-08-24 01:15:21
basin,HYBAS_4080724660,elevation_max_m,315.1404724121094,m,Q00,,copernicus_dem_glo30,storage\silver\geo\copernicus_dem_glo30_taihu.tif,2026-08-24 01:15:21
basin,HYBAS_4080724660,elevation_valid_frac,0.471573397448033,fraction,Q00,,copernicus_dem_glo30,,2026-08-24 01:15:21
basin,HYBAS_4080724660,landcover_tree_pct,0.08386642131716848,%,Q00,,esa_worldcover_2021,,2026-08-24 01:15:22
basin,HYBAS_4080724660,landcover_shrubland_pct,9.861649302016903e-06,%,Q00,,esa_worldcover_2021,,2026-08-24 01:15:22
basin,HYBAS_4080724660,landcover_grassland_pct,0.03946774149360277,%,Q00,,esa_worldcover_2021,,2026-08-24 01:15:22
basin,HYBAS_4080724660,landcover_cropland_pct,0.1349191566431196,%,Q00,,esa_worldcover_2021,,2026-08-24 01:15:22
basin,HYBAS_4080724660,landcover_built_up_pct,0.1763692885845981,%,Q00,,esa_worldcover_2021,,2026-08-24 01:15:22
basin,HYBAS_4080724660,landcover_bare_sparse_pct,0.016166369377254183,%,Q00,,esa_worldcover_2021,,2026-08-24 01:15:22
basin,HYBAS_4080724660,landcover_snow_ice_pct,,%,Q00,,esa_worldcover_2021,,2026-08-24 01:15:22
basin,HYBAS_4080724660,landcover_permanent_water_pct,0.09053525508363759,%,Q00,,esa_worldcover_2021,,2026-08-24 01:15:22
basin,HYBAS_4080724660,landcover_herbaceous_wetland_pct,0.0048174583136431914,%,Q00,,esa_worldcover_2021,,2026-08-24 01:15:22
basin,HYBAS_4080724660,landcover_mangroves_pct,,%,Q00,,esa_worldcover_2021,,2026-08-24 01:15:22
basin,HYBAS_4080724660,landcover_moss_lichen_pct,,%,Q00,,esa_worldcover_2021,,2026-08-24 01:15:22
basin,HYBAS_4080726470,area_km2,195.1,km²,Q00,HydroBASINS 汇水区域面积(SUB_AREA 单位 km²),hydrobasins_lev08,,2026-08-24 01:15:22
basin,HYBAS_4080726470,distance_to_taihu_boundary_km,22.408634107066124,km,Q00,流域质心到太湖边界距离(球面近似),hydrobasins_lev08,,2026-08-24 01:15:22
basin,HYBAS_4080726470,elevation_mean_m,2.1793224811553955,m,Q00,,copernicus_dem_glo30,storage\silver\geo\copernicus_dem_glo30_taihu.tif,2026-08-24 01:15:22
basin,HYBAS_4080726470,elevation_median_m,2.2318878173828125,m,Q00,,copernicus_dem_glo30,storage\silver\geo\copernicus_dem_glo30_taihu.tif,2026-08-24 01:15:22
basin,HYBAS_4080726470,elevation_std_m,2.11285138130188,m,Q00,,copernicus_dem_glo30,storage\silver\geo\copernicus_dem_glo30_taihu.tif,2026-08-24 01:15:22
basin,HYBAS_4080726470,elevation_min_m,-6.291295528411865,m,Q00,,copernicus_dem_glo30,storage\silver\geo\copernicus_dem_glo30_taihu.tif,2026-08-24 01:15:22
basin,HYBAS_4080726470,elevation_max_m,25.30449676513672,m,Q00,,copernicus_dem_glo30,storage\silver\geo\copernicus_dem_glo30_taihu.tif,2026-08-24 01:15:22
basin,HYBAS_4080726470,elevation_valid_frac,0.2628391163159375,fraction,Q00,,copernicus_dem_glo30,,2026-08-24 01:15:22
basin,HYBAS_4080726470,landcover_tree_pct,0.04069415823520325,%,Q00,,esa_worldcover_2021,,2026-08-24 01:15:22
basin,HYBAS_4080726470,landcover_shrubland_pct,4.327094288394199e-06,%,Q00,,esa_worldcover_2021,,2026-08-24 01:15:22
basin,HYBAS_4080726470,landcover_grassland_pct,0.02575875958938183,%,Q00,,esa_worldcover_2021,,2026-08-24 01:15:22
basin,HYBAS_4080726470,landcover_cropland_pct,0.11178875010294878,%,Q00,,esa_worldcover_2021,,2026-08-24 01:15:22
basin,HYBAS_4080726470,landcover_built_up_pct,0.05075638329343512,%,Q00,,esa_worldcover_2021,,2026-08-24 01:15:22
basin,HYBAS_4080726470,landcover_bare_sparse_pct,0.008119071249790315,%,Q00,,esa_worldcover_2021,,2026-08-24 01:15:22
basin,HYBAS_4080726470,landcover_snow_ice_pct,,%,Q00,,esa_worldcover_2021,,2026-08-24 01:15:22
basin,HYBAS_4080726470,landcover_permanent_water_pct,0.14409483606009987,%,Q00,,esa_worldcover_2021,,2026-08-24 01:15:22
basin,HYBAS_4080726470,landcover_herbaceous_wetland_pct,0.0018755069010663258,%,Q00,,esa_worldcover_2021,,2026-08-24 01:15:22
basin,HYBAS_4080726470,landcover_mangroves_pct,,%,Q00,,esa_worldcover_2021,,2026-08-24 01:15:22
basin,HYBAS_4080726470,landcover_moss_lichen_pct,,%,Q00,,esa_worldcover_2021,,2026-08-24 01:15:22
basin,HYBAS_4080726610,area_km2,654.9,km²,Q00,HydroBASINS 汇水区域面积(SUB_AREA 单位 km²),hydrobasins_lev08,,2026-08-24 01:15:22
basin,HYBAS_4080726610,distance_to_taihu_boundary_km,20.929588335273504,km,Q00,流域质心到太湖边界距离(球面近似),hydrobasins_lev08,,2026-08-24 01:15:22
basin,HYBAS_4080726610,elevation_mean_m,5.11530876159668,m,Q00,,copernicus_dem_glo30,storage\silver\geo\copernicus_dem_glo30_taihu.tif,2026-08-24 01:15:22
basin,HYBAS_4080726610,elevation_median_m,3.154752731323242,m,Q00,,copernicus_dem_glo30,storage\silver\geo\copernicus_dem_glo30_taihu.tif,2026-08-24 01:15:22
basin,HYBAS_4080726610,elevation_std_m,14.809308052062988,m,Q00,,copernicus_dem_glo30,storage\silver\geo\copernicus_dem_glo30_taihu.tif,2026-08-24 01:15:22
basin,HYBAS_4080726610,elevation_min_m,-10.89309024810791,m,Q00,,copernicus_dem_glo30,storage\silver\geo\copernicus_dem_glo30_taihu.tif,2026-08-24 01:15:22
basin,HYBAS_4080726610,elevation_max_m,278.1767272949219,m,Q00,,copernicus_dem_glo30,storage\silver\geo\copernicus_dem_glo30_taihu.tif,2026-08-24 01:15:22
basin,HYBAS_4080726610,elevation_valid_frac,0.5197154901204939,fraction,Q00,,copernicus_dem_glo30,,2026-08-24 01:15:22
basin,HYBAS_4080726610,landcover_tree_pct,0.0840097078426945,%,Q00,,esa_worldcover_2021,,2026-08-24 01:15:23
basin,HYBAS_4080726610,landcover_shrubland_pct,5.976662254520271e-06,%,Q00,,esa_worldcover_2021,,2026-08-24 01:15:23
basin,HYBAS_4080726610,landcover_grassland_pct,0.03350952658173456,%,Q00,,esa_worldcover_2021,,2026-08-24 01:15:23
basin,HYBAS_4080726610,landcover_cropland_pct,0.10749051967514102,%,Q00,,esa_worldcover_2021,,2026-08-24 01:15:23
basin,HYBAS_4080726610,landcover_built_up_pct,0.17870033370320157,%,Q00,,esa_worldcover_2021,,2026-08-24 01:15:23
basin,HYBAS_4080726610,landcover_bare_sparse_pct,0.018740447068033156,%,Q00,,esa_worldcover_2021,,2026-08-24 01:15:23
basin,HYBAS_4080726610,landcover_snow_ice_pct,,%,Q00,,esa_worldcover_2021,,2026-08-24 01:15:23
basin,HYBAS_4080726610,landcover_permanent_water_pct,0.12496877038329766,%,Q00,,esa_worldcover_2021,,2026-08-24 01:15:23
basin,HYBAS_4080726610,landcover_herbaceous_wetland_pct,0.007546718977403049,%,Q00,,esa_worldcover_2021,,2026-08-24 01:15:23
basin,HYBAS_4080726610,landcover_mangroves_pct,,%,Q00,,esa_worldcover_2021,,2026-08-24 01:15:23
basin,HYBAS_4080726610,landcover_moss_lichen_pct,,%,Q00,,esa_worldcover_2021,,2026-08-24 01:15:23
basin,HYBAS_4080733590,area_km2,72.2,km²,Q00,HydroBASINS 汇水区域面积(SUB_AREA 单位 km²),hydrobasins_lev08,,2026-08-24 01:15:23
basin,HYBAS_4080733590,distance_to_taihu_boundary_km,3.3610025152113283,km,Q00,流域质心到太湖边界距离(球面近似),hydrobasins_lev08,,2026-08-24 01:15:23
basin,HYBAS_4080733590,elevation_mean_m,5.443573951721191,m,Q00,,copernicus_dem_glo30,storage\silver\geo\copernicus_dem_glo30_taihu.tif,2026-08-24 01:15:23
basin,HYBAS_4080733590,elevation_median_m,0.5,m,Q00,,copernicus_dem_glo30,storage\silver\geo\copernicus_dem_glo30_taihu.tif,2026-08-24 01:15:23
basin,HYBAS_4080733590,elevation_std_m,18.47608757019043,m,Q00,,copernicus_dem_glo30,storage\silver\geo\copernicus_dem_glo30_taihu.tif,2026-08-24 01:15:23
basin,HYBAS_4080733590,elevation_min_m,-4.445897102355957,m,Q00,,copernicus_dem_glo30,storage\silver\geo\copernicus_dem_glo30_taihu.tif,2026-08-24 01:15:23
basin,HYBAS_4080733590,elevation_max_m,200.78903198242188,m,Q00,,copernicus_dem_glo30,storage\silver\geo\copernicus_dem_glo30_taihu.tif,2026-08-24 01:15:23
basin,HYBAS_4080733590,elevation_valid_frac,0.5495180435954324,fraction,Q00,,copernicus_dem_glo30,,2026-08-24 01:15:23
basin,HYBAS_4080733590,landcover_tree_pct,0.10570650434912618,%,Q00,,esa_worldcover_2021,,2026-08-24 01:15:23
basin,HYBAS_4080733590,landcover_shrubland_pct,,%,Q00,,esa_worldcover_2021,,2026-08-24 01:15:23
basin,HYBAS_4080733590,landcover_grassland_pct,0.022222197052029245,%,Q00,,esa_worldcover_2021,,2026-08-24 01:15:23
basin,HYBAS_4080733590,landcover_cropland_pct,0.09142254568437219,%,Q00,,esa_worldcover_2021,,2026-08-24 01:15:23
basin,HYBAS_4080733590,landcover_built_up_pct,0.04950737842183268,%,Q00,,esa_worldcover_2021,,2026-08-24 01:15:23
basin,HYBAS_4080733590,landcover_bare_sparse_pct,0.002840141650295029,%,Q00,,esa_worldcover_2021,,2026-08-24 01:15:23
basin,HYBAS_4080733590,landcover_snow_ice_pct,,%,Q00,,esa_worldcover_2021,,2026-08-24 01:15:23
basin,HYBAS_4080733590,landcover_permanent_water_pct,0.26238887910397635,%,Q00,,esa_worldcover_2021,,2026-08-24 01:15:23
basin,HYBAS_4080733590,landcover_herbaceous_wetland_pct,0.02212195675848942,%,Q00,,esa_worldcover_2021,,2026-08-24 01:15:23
basin,HYBAS_4080733590,landcover_mangroves_pct,,%,Q00,,esa_worldcover_2021,,2026-08-24 01:15:23
basin,HYBAS_4080733590,landcover_moss_lichen_pct,,%,Q00,,esa_worldcover_2021,,2026-08-24 01:15:23
basin,HYBAS_4080733600,area_km2,872.6,km²,Q00,HydroBASINS 汇水区域面积(SUB_AREA 单位 km²),hydrobasins_lev08,,2026-08-24 01:15:23
basin,HYBAS_4080733600,distance_to_taihu_boundary_km,19.54216778994115,km,Q00,流域质心到太湖边界距离(球面近似),hydrobasins_lev08,,2026-08-24 01:15:23
basin,HYBAS_4080733600,elevation_mean_m,2.3587863445281982,m,Q00,,copernicus_dem_glo30,storage\silver\geo\copernicus_dem_glo30_taihu.tif,2026-08-24 01:15:23
basin,HYBAS_4080733600,elevation_median_m,1.8997348546981812,m,Q00,,copernicus_dem_glo30,storage\silver\geo\copernicus_dem_glo30_taihu.tif,2026-08-24 01:15:23
basin,HYBAS_4080733600,elevation_std_m,2.030921459197998,m,Q00,,copernicus_dem_glo30,storage\silver\geo\copernicus_dem_glo30_taihu.tif,2026-08-24 01:15:23
basin,HYBAS_4080733600,elevation_min_m,-10.0,m,Q00,,copernicus_dem_glo30,storage\silver\geo\copernicus_dem_glo30_taihu.tif,2026-08-24 01:15:23
basin,HYBAS_4080733600,elevation_max_m,30.157623291015625,m,Q00,,copernicus_dem_glo30,storage\silver\geo\copernicus_dem_glo30_taihu.tif,2026-08-24 01:15:23
basin,HYBAS_4080733600,elevation_valid_frac,0.4932502348168039,fraction,Q00,,copernicus_dem_glo30,,2026-08-24 01:15:23
basin,HYBAS_4080733600,landcover_tree_pct,0.05494534589502444,%,Q00,,esa_worldcover_2021,,2026-08-24 01:15:24
basin,HYBAS_4080733600,landcover_shrubland_pct,6.673996646931395e-06,%,Q00,,esa_worldcover_2021,,2026-08-24 01:15:24
basin,HYBAS_4080733600,landcover_grassland_pct,0.025146741208183953,%,Q00,,esa_worldcover_2021,,2026-08-24 01:15:24
basin,HYBAS_4080733600,landcover_cropland_pct,0.20050341254181842,%,Q00,,esa_worldcover_2021,,2026-08-24 01:15:24
basin,HYBAS_4080733600,landcover_built_up_pct,0.12950675344794255,%,Q00,,esa_worldcover_2021,,2026-08-24 01:15:24
basin,HYBAS_4080733600,landcover_bare_sparse_pct,0.012155982366422702,%,Q00,,esa_worldcover_2021,,2026-08-24 01:15:24
basin,HYBAS_4080733600,landcover_snow_ice_pct,,%,Q00,,esa_worldcover_2021,,2026-08-24 01:15:24
basin,HYBAS_4080733600,landcover_permanent_water_pct,0.09713172260815046,%,Q00,,esa_worldcover_2021,,2026-08-24 01:15:24
basin,HYBAS_4080733600,landcover_herbaceous_wetland_pct,0.0009322519526818907,%,Q00,,esa_worldcover_2021,,2026-08-24 01:15:24
basin,HYBAS_4080733600,landcover_mangroves_pct,,%,Q00,,esa_worldcover_2021,,2026-08-24 01:15:24
basin,HYBAS_4080733600,landcover_moss_lichen_pct,,%,Q00,,esa_worldcover_2021,,2026-08-24 01:15:24
basin,HYBAS_4080734930,area_km2,252.3,km²,Q00,HydroBASINS 汇水区域面积(SUB_AREA 单位 km²),hydrobasins_lev08,,2026-08-24 01:15:24
basin,HYBAS_4080734930,distance_to_taihu_boundary_km,16.885310114247858,km,Q00,流域质心到太湖边界距离(球面近似),hydrobasins_lev08,,2026-08-24 01:15:24
basin,HYBAS_4080734930,elevation_mean_m,2.3784501552581787,m,Q00,,copernicus_dem_glo30,storage\silver\geo\copernicus_dem_glo30_taihu.tif,2026-08-24 01:15:24
basin,HYBAS_4080734930,elevation_median_m,0.5,m,Q00,,copernicus_dem_glo30,storage\silver\geo\copernicus_dem_glo30_taihu.tif,2026-08-24 01:15:24
basin,HYBAS_4080734930,elevation_std_m,11.307291984558105,m,Q00,,copernicus_dem_glo30,storage\silver\geo\copernicus_dem_glo30_taihu.tif,2026-08-24 01:15:24
basin,HYBAS_4080734930,elevation_min_m,-2.6914443969726562,m,Q00,,copernicus_dem_glo30,storage\silver\geo\copernicus_dem_glo30_taihu.tif,2026-08-24 01:15:24
basin,HYBAS_4080734930,elevation_max_m,200.82150268554688,m,Q00,,copernicus_dem_glo30,storage\silver\geo\copernicus_dem_glo30_taihu.tif,2026-08-24 01:15:24
basin,HYBAS_4080734930,elevation_valid_frac,0.5031294419734972,fraction,Q00,,copernicus_dem_glo30,,2026-08-24 01:15:24
basin,HYBAS_4080734930,landcover_tree_pct,0.031216392665786342,%,Q00,,esa_worldcover_2021,,2026-08-24 01:15:24
basin,HYBAS_4080734930,landcover_shrubland_pct,,%,Q00,,esa_worldcover_2021,,2026-08-24 01:15:24
basin,HYBAS_4080734930,landcover_grassland_pct,0.0038702362930053934,%,Q00,,esa_worldcover_2021,,2026-08-24 01:15:24
basin,HYBAS_4080734930,landcover_cropland_pct,0.01744787610874217,%,Q00,,esa_worldcover_2021,,2026-08-24 01:15:24
basin,HYBAS_4080734930,landcover_built_up_pct,0.00479037142724282,%,Q00,,esa_worldcover_2021,,2026-08-24 01:15:24
basin,HYBAS_4080734930,landcover_bare_sparse_pct,0.0004700321301800043,%,Q00,,esa_worldcover_2021,,2026-08-24 01:15:24
basin,HYBAS_4080734930,landcover_snow_ice_pct,,%,Q00,,esa_worldcover_2021,,2026-08-24 01:15:24
basin,HYBAS_4080734930,landcover_permanent_water_pct,0.44285382133612244,%,Q00,,esa_worldcover_2021,,2026-08-24 01:15:24
basin,HYBAS_4080734930,landcover_herbaceous_wetland_pct,0.005543840017832877,%,Q00,,esa_worldcover_2021,,2026-08-24 01:15:24
basin,HYBAS_4080734930,landcover_mangroves_pct,,%,Q00,,esa_worldcover_2021,,2026-08-24 01:15:24
basin,HYBAS_4080734930,landcover_moss_lichen_pct,,%,Q00,,esa_worldcover_2021,,2026-08-24 01:15:24
basin,HYBAS_4080735040,area_km2,891.3,km²,Q00,HydroBASINS 汇水区域面积(SUB_AREA 单位 km²),hydrobasins_lev08,,2026-08-24 01:15:24
basin,HYBAS_4080735040,distance_to_taihu_boundary_km,25.077203828918382,km,Q00,流域质心到太湖边界距离(球面近似),hydrobasins_lev08,,2026-08-24 01:15:24
basin,HYBAS_4080735040,elevation_mean_m,3.0049054622650146,m,Q00,,copernicus_dem_glo30,storage\silver\geo\copernicus_dem_glo30_taihu.tif,2026-08-24 01:15:25
basin,HYBAS_4080735040,elevation_median_m,2.5105812549591064,m,Q00,,copernicus_dem_glo30,storage\silver\geo\copernicus_dem_glo30_taihu.tif,2026-08-24 01:15:25
basin,HYBAS_4080735040,elevation_std_m,1.929002046585083,m,Q00,,copernicus_dem_glo30,storage\silver\geo\copernicus_dem_glo30_taihu.tif,2026-08-24 01:15:25
basin,HYBAS_4080735040,elevation_min_m,-2.935723304748535,m,Q00,,copernicus_dem_glo30,storage\silver\geo\copernicus_dem_glo30_taihu.tif,2026-08-24 01:15:25
basin,HYBAS_4080735040,elevation_max_m,31.996353149414062,m,Q00,,copernicus_dem_glo30,storage\silver\geo\copernicus_dem_glo30_taihu.tif,2026-08-24 01:15:25
basin,HYBAS_4080735040,elevation_valid_frac,0.4623013438056084,fraction,Q00,,copernicus_dem_glo30,,2026-08-24 01:15:25
basin,HYBAS_4080735040,landcover_tree_pct,0.09959598373005502,%,Q00,,esa_worldcover_2021,,2026-08-24 01:15:25
basin,HYBAS_4080735040,landcover_shrubland_pct,3.2619404577669085e-06,%,Q00,,esa_worldcover_2021,,2026-08-24 01:15:25
basin,HYBAS_4080735040,landcover_grassland_pct,0.028083081546707783,%,Q00,,esa_worldcover_2021,,2026-08-24 01:15:25
basin,HYBAS_4080735040,landcover_cropland_pct,0.18403250212822428,%,Q00,,esa_worldcover_2021,,2026-08-24 01:15:25
basin,HYBAS_4080735040,landcover_built_up_pct,0.09242585484618243,%,Q00,,esa_worldcover_2021,,2026-08-24 01:15:25
basin,HYBAS_4080735040,landcover_bare_sparse_pct,0.011756263664412486,%,Q00,,esa_worldcover_2021,,2026-08-24 01:15:25
basin,HYBAS_4080735040,landcover_snow_ice_pct,,%,Q00,,esa_worldcover_2021,,2026-08-24 01:15:25
basin,HYBAS_4080735040,landcover_permanent_water_pct,0.047271311974326304,%,Q00,,esa_worldcover_2021,,2026-08-24 01:15:25
basin,HYBAS_4080735040,landcover_herbaceous_wetland_pct,0.000649356405716163,%,Q00,,esa_worldcover_2021,,2026-08-24 01:15:25
basin,HYBAS_4080735040,landcover_mangroves_pct,,%,Q00,,esa_worldcover_2021,,2026-08-24 01:15:25
basin,HYBAS_4080735040,landcover_moss_lichen_pct,,%,Q00,,esa_worldcover_2021,,2026-08-24 01:15:25
basin,HYBAS_4080734800,area_km2,61.7,km²,Q00,HydroBASINS 汇水区域面积(SUB_AREA 单位 km²),hydrobasins_lev08,,2026-08-24 01:15:25
basin,HYBAS_4080734800,distance_to_taihu_boundary_km,5.523334752753509,km,Q00,流域质心到太湖边界距离(球面近似),hydrobasins_lev08,,2026-08-24 01:15:25
basin,HYBAS_4080734800,elevation_mean_m,16.09929847717285,m,Q00,,copernicus_dem_glo30,storage\silver\geo\copernicus_dem_glo30_taihu.tif,2026-08-24 01:15:25
basin,HYBAS_4080734800,elevation_median_m,1.8712847232818604,m,Q00,,copernicus_dem_glo30,storage\silver\geo\copernicus_dem_glo30_taihu.tif,2026-08-24 01:15:25
basin,HYBAS_4080734800,elevation_std_m,48.14023971557617,m,Q00,,copernicus_dem_glo30,storage\silver\geo\copernicus_dem_glo30_taihu.tif,2026-08-24 01:15:25
basin,HYBAS_4080734800,elevation_min_m,-2.736548662185669,m,Q00,,copernicus_dem_glo30,storage\silver\geo\copernicus_dem_glo30_taihu.tif,2026-08-24 01:15:25
basin,HYBAS_4080734800,elevation_max_m,454.14910888671875,m,Q00,,copernicus_dem_glo30,storage\silver\geo\copernicus_dem_glo30_taihu.tif,2026-08-24 01:15:25
basin,HYBAS_4080734800,elevation_valid_frac,0.5733690468014316,fraction,Q00,,copernicus_dem_glo30,,2026-08-24 01:15:25
basin,HYBAS_4080734800,landcover_tree_pct,0.11815415961312593,%,Q00,,esa_worldcover_2021,,2026-08-24 01:15:25
basin,HYBAS_4080734800,landcover_shrubland_pct,,%,Q00,,esa_worldcover_2021,,2026-08-24 01:15:25
basin,HYBAS_4080734800,landcover_grassland_pct,0.025537493589778935,%,Q00,,esa_worldcover_2021,,2026-08-24 01:15:25
basin,HYBAS_4080734800,landcover_cropland_pct,0.14655833163313134,%,Q00,,esa_worldcover_2021,,2026-08-24 01:15:25
basin,HYBAS_4080734800,landcover_built_up_pct,0.09063914728895898,%,Q00,,esa_worldcover_2021,,2026-08-24 01:15:25
basin,HYBAS_4080734800,landcover_bare_sparse_pct,0.008450463465875567,%,Q00,,esa_worldcover_2021,,2026-08-24 01:15:25
basin,HYBAS_4080734800,landcover_snow_ice_pct,,%,Q00,,esa_worldcover_2021,,2026-08-24 01:15:25
basin,HYBAS_4080734800,landcover_permanent_water_pct,0.1886121388908801,%,Q00,,esa_worldcover_2021,,2026-08-24 01:15:25
basin,HYBAS_4080734800,landcover_herbaceous_wetland_pct,6.134512630203307e-05,%,Q00,,esa_worldcover_2021,,2026-08-24 01:15:25
basin,HYBAS_4080734800,landcover_mangroves_pct,,%,Q00,,esa_worldcover_2021,,2026-08-24 01:15:25
basin,HYBAS_4080734800,landcover_moss_lichen_pct,,%,Q00,,esa_worldcover_2021,,2026-08-24 01:15:25
basin,HYBAS_4080734920,area_km2,52.4,km²,Q00,HydroBASINS 汇水区域面积(SUB_AREA 单位 km²),hydrobasins_lev08,,2026-08-24 01:15:25
basin,HYBAS_4080734920,distance_to_taihu_boundary_km,4.635736265061112,km,Q00,流域质心到太湖边界距离(球面近似),hydrobasins_lev08,,2026-08-24 01:15:25
basin,HYBAS_4080734920,elevation_mean_m,27.8197078704834,m,Q00,,copernicus_dem_glo30,storage\silver\geo\copernicus_dem_glo30_taihu.tif,2026-08-24 01:15:26
basin,HYBAS_4080734920,elevation_median_m,2.092949390411377,m,Q00,,copernicus_dem_glo30,storage\silver\geo\copernicus_dem_glo30_taihu.tif,2026-08-24 01:15:26
basin,HYBAS_4080734920,elevation_std_m,68.04254150390625,m,Q00,,copernicus_dem_glo30,storage\silver\geo\copernicus_dem_glo30_taihu.tif,2026-08-24 01:15:26
basin,HYBAS_4080734920,elevation_min_m,0.4298291504383087,m,Q00,,copernicus_dem_glo30,storage\silver\geo\copernicus_dem_glo30_taihu.tif,2026-08-24 01:15:26
basin,HYBAS_4080734920,elevation_max_m,513.0538330078125,m,Q00,,copernicus_dem_glo30,storage\silver\geo\copernicus_dem_glo30_taihu.tif,2026-08-24 01:15:26
basin,HYBAS_4080734920,elevation_valid_frac,0.6339935367473581,fraction,Q00,,copernicus_dem_glo30,,2026-08-24 01:15:26
basin,HYBAS_4080734920,landcover_tree_pct,0.19239486365841912,%,Q00,,esa_worldcover_2021,,2026-08-24 01:15:26
basin,HYBAS_4080734920,landcover_shrubland_pct,,%,Q00,,esa_worldcover_2021,,2026-08-24 01:15:26
basin,HYBAS_4080734920,landcover_grassland_pct,0.029327588418208057,%,Q00,,esa_worldcover_2021,,2026-08-24 01:15:26
basin,HYBAS_4080734920,landcover_cropland_pct,0.08824196807589889,%,Q00,,esa_worldcover_2021,,2026-08-24 01:15:26
basin,HYBAS_4080734920,landcover_built_up_pct,0.07398760669693988,%,Q00,,esa_worldcover_2021,,2026-08-24 01:15:26
basin,HYBAS_4080734920,landcover_bare_sparse_pct,0.02406012070420653,%,Q00,,esa_worldcover_2021,,2026-08-24 01:15:26
basin,HYBAS_4080734920,landcover_snow_ice_pct,,%,Q00,,esa_worldcover_2021,,2026-08-24 01:15:26
basin,HYBAS_4080734920,landcover_permanent_water_pct,0.22906892373427853,%,Q00,,esa_worldcover_2021,,2026-08-24 01:15:26
basin,HYBAS_4080734920,landcover_herbaceous_wetland_pct,0.0005946417664537735,%,Q00,,esa_worldcover_2021,,2026-08-24 01:15:26
basin,HYBAS_4080734920,landcover_mangroves_pct,,%,Q00,,esa_worldcover_2021,,2026-08-24 01:15:26
basin,HYBAS_4080734920,landcover_moss_lichen_pct,,%,Q00,,esa_worldcover_2021,,2026-08-24 01:15:26
basin,HYBAS_4080733580,area_km2,1763.7,km²,Q00,HydroBASINS 汇水区域面积(SUB_AREA 单位 km²),hydrobasins_lev08,,2026-08-24 01:15:26
basin,HYBAS_4080733580,distance_to_taihu_boundary_km,25.00577606493027,km,Q00,流域质心到太湖边界距离(球面近似),hydrobasins_lev08,,2026-08-24 01:15:26
basin,HYBAS_4080733580,elevation_mean_m,26.205358505249023,m,Q00,,copernicus_dem_glo30,storage\silver\geo\copernicus_dem_glo30_taihu.tif,2026-08-24 01:15:26
basin,HYBAS_4080733580,elevation_median_m,0.5,m,Q00,,copernicus_dem_glo30,storage\silver\geo\copernicus_dem_glo30_taihu.tif,2026-08-24 01:15:26
basin,HYBAS_4080733580,elevation_std_m,68.15750122070312,m,Q00,,copernicus_dem_glo30,storage\silver\geo\copernicus_dem_glo30_taihu.tif,2026-08-24 01:15:26
basin,HYBAS_4080733580,elevation_min_m,-62.0,m,Q00,,copernicus_dem_glo30,storage\silver\geo\copernicus_dem_glo30_taihu.tif,2026-08-24 01:15:26
basin,HYBAS_4080733580,elevation_max_m,571.1902465820312,m,Q00,,copernicus_dem_glo30,storage\silver\geo\copernicus_dem_glo30_taihu.tif,2026-08-24 01:15:26
basin,HYBAS_4080733580,elevation_valid_frac,0.6809209114977021,fraction,Q00,,copernicus_dem_glo30,,2026-08-24 01:15:26
basin,HYBAS_4080733580,landcover_tree_pct,0.15676669948700075,%,Q00,,esa_worldcover_2021,,2026-08-24 01:15:27
basin,HYBAS_4080733580,landcover_shrubland_pct,2.841833413373571e-07,%,Q00,,esa_worldcover_2021,,2026-08-24 01:15:27
basin,HYBAS_4080733580,landcover_grassland_pct,0.008684046126252825,%,Q00,,esa_worldcover_2021,,2026-08-24 01:15:27
basin,HYBAS_4080733580,landcover_cropland_pct,0.03641141688386089,%,Q00,,esa_worldcover_2021,,2026-08-24 01:15:27
basin,HYBAS_4080733580,landcover_built_up_pct,0.04356235072026694,%,Q00,,esa_worldcover_2021,,2026-08-24 01:15:27
basin,HYBAS_4080733580,landcover_bare_sparse_pct,0.0031982561600788846,%,Q00,,esa_worldcover_2021,,2026-08-24 01:15:27
basin,HYBAS_4080733580,landcover_snow_ice_pct,,%,Q00,,esa_worldcover_2021,,2026-08-24 01:15:27
basin,HYBAS_4080733580,landcover_permanent_water_pct,0.43320701099627545,%,Q00,,esa_worldcover_2021,,2026-08-24 01:15:27
basin,HYBAS_4080733580,landcover_herbaceous_wetland_pct,0.0003895869426393829,%,Q00,,esa_worldcover_2021,,2026-08-24 01:15:27
basin,HYBAS_4080733580,landcover_mangroves_pct,,%,Q00,,esa_worldcover_2021,,2026-08-24 01:15:27
basin,HYBAS_4080733580,landcover_moss_lichen_pct,,%,Q00,,esa_worldcover_2021,,2026-08-24 01:15:27
basin,HYBAS_4080733930,area_km2,139.4,km²,Q00,HydroBASINS 汇水区域面积(SUB_AREA 单位 km²),hydrobasins_lev08,,2026-08-24 01:15:27
basin,HYBAS_4080733930,distance_to_taihu_boundary_km,8.802909804136481,km,Q00,流域质心到太湖边界距离(球面近似),hydrobasins_lev08,,2026-08-24 01:15:27
basin,HYBAS_4080733930,elevation_mean_m,17.805227279663086,m,Q00,,copernicus_dem_glo30,storage\silver\geo\copernicus_dem_glo30_taihu.tif,2026-08-24 01:15:27
basin,HYBAS_4080733930,elevation_median_m,3.8241772651672363,m,Q00,,copernicus_dem_glo30,storage\silver\geo\copernicus_dem_glo30_taihu.tif,2026-08-24 01:15:27
basin,HYBAS_4080733930,elevation_std_m,48.144317626953125,m,Q00,,copernicus_dem_glo30,storage\silver\geo\copernicus_dem_glo30_taihu.tif,2026-08-24 01:15:27
basin,HYBAS_4080733930,elevation_min_m,-51.905723571777344,m,Q00,,copernicus_dem_glo30,storage\silver\geo\copernicus_dem_glo30_taihu.tif,2026-08-24 01:15:27
basin,HYBAS_4080733930,elevation_max_m,517.5888061523438,m,Q00,,copernicus_dem_glo30,storage\silver\geo\copernicus_dem_glo30_taihu.tif,2026-08-24 01:15:27
basin,HYBAS_4080733930,elevation_valid_frac,0.5847611264858777,fraction,Q00,,copernicus_dem_glo30,,2026-08-24 01:15:27
basin,HYBAS_4080733930,landcover_tree_pct,0.1458028460568964,%,Q00,,esa_worldcover_2021,,2026-08-24 01:15:27
basin,HYBAS_4080733930,landcover_shrubland_pct,,%,Q00,,esa_worldcover_2021,,2026-08-24 01:15:27
basin,HYBAS_4080733930,landcover_grassland_pct,0.04717820911857415,%,Q00,,esa_worldcover_2021,,2026-08-24 01:15:27
basin,HYBAS_4080733930,landcover_cropland_pct,0.17062908405698057,%,Q00,,esa_worldcover_2021,,2026-08-24 01:15:27
basin,HYBAS_4080733930,landcover_built_up_pct,0.1643601571843499,%,Q00,,esa_worldcover_2021,,2026-08-24 01:15:27
basin,HYBAS_4080733930,landcover_bare_sparse_pct,0.04004975771126909,%,Q00,,esa_worldcover_2021,,2026-08-24 01:15:27
basin,HYBAS_4080733930,landcover_snow_ice_pct,,%,Q00,,esa_worldcover_2021,,2026-08-24 01:15:27
basin,HYBAS_4080733930,landcover_permanent_water_pct,0.017586980044916888,%,Q00,,esa_worldcover_2021,,2026-08-24 01:15:27
basin,HYBAS_4080733930,landcover_herbaceous_wetland_pct,0.000518128941679852,%,Q00,,esa_worldcover_2021,,2026-08-24 01:15:27
basin,HYBAS_4080733930,landcover_mangroves_pct,,%,Q00,,esa_worldcover_2021,,2026-08-24 01:15:27
basin,HYBAS_4080733930,landcover_moss_lichen_pct,,%,Q00,,esa_worldcover_2021,,2026-08-24 01:15:27
basin,HYBAS_4080737030,area_km2,359.5,km²,Q00,HydroBASINS 汇水区域面积(SUB_AREA 单位 km²),hydrobasins_lev08,,2026-08-24 01:15:27
basin,HYBAS_4080737030,distance_to_taihu_boundary_km,23.987600522492922,km,Q00,流域质心到太湖边界距离(球面近似),hydrobasins_lev08,,2026-08-24 01:15:27
basin,HYBAS_4080737030,elevation_mean_m,2.6672072410583496,m,Q00,,copernicus_dem_glo30,storage\silver\geo\copernicus_dem_glo30_taihu.tif,2026-08-24 01:15:27
basin,HYBAS_4080737030,elevation_median_m,2.15895938873291,m,Q00,,copernicus_dem_glo30,storage\silver\geo\copernicus_dem_glo30_taihu.tif,2026-08-24 01:15:27
basin,HYBAS_4080737030,elevation_std_m,2.1570169925689697,m,Q00,,copernicus_dem_glo30,storage\silver\geo\copernicus_dem_glo30_taihu.tif,2026-08-24 01:15:27
basin,HYBAS_4080737030,elevation_min_m,-2.0,m,Q00,,copernicus_dem_glo30,storage\silver\geo\copernicus_dem_glo30_taihu.tif,2026-08-24 01:15:27
basin,HYBAS_4080737030,elevation_max_m,66.75175476074219,m,Q00,,copernicus_dem_glo30,storage\silver\geo\copernicus_dem_glo30_taihu.tif,2026-08-24 01:15:27
basin,HYBAS_4080737030,elevation_valid_frac,0.3860002411566365,fraction,Q00,,copernicus_dem_glo30,,2026-08-24 01:15:27
basin,HYBAS_4080737030,landcover_tree_pct,0.044633026529627556,%,Q00,,esa_worldcover_2021,,2026-08-24 01:15:28
basin,HYBAS_4080737030,landcover_shrubland_pct,5.552338283983225e-06,%,Q00,,esa_worldcover_2021,,2026-08-24 01:15:28
basin,HYBAS_4080737030,landcover_grassland_pct,0.03409072251071026,%,Q00,,esa_worldcover_2021,,2026-08-24 01:15:28
basin,HYBAS_4080737030,landcover_cropland_pct,0.13911431161990975,%,Q00,,esa_worldcover_2021,,2026-08-24 01:15:28
basin,HYBAS_4080737030,landcover_built_up_pct,0.062240522376676814,%,Q00,,esa_worldcover_2021,,2026-08-24 01:15:28
basin,HYBAS_4080737030,landcover_bare_sparse_pct,0.01311073638996959,%,Q00,,esa_worldcover_2021,,2026-08-24 01:15:28
basin,HYBAS_4080737030,landcover_snow_ice_pct,,%,Q00,,esa_worldcover_2021,,2026-08-24 01:15:28
basin,HYBAS_4080737030,landcover_permanent_water_pct,0.09286603056435315,%,Q00,,esa_worldcover_2021,,2026-08-24 01:15:28
basin,HYBAS_4080737030,landcover_herbaceous_wetland_pct,0.0004901128322390336,%,Q00,,esa_worldcover_2021,,2026-08-24 01:15:28
basin,HYBAS_4080737030,landcover_mangroves_pct,,%,Q00,,esa_worldcover_2021,,2026-08-24 01:15:28
basin,HYBAS_4080737030,landcover_moss_lichen_pct,,%,Q00,,esa_worldcover_2021,,2026-08-24 01:15:28
basin,HYBAS_4080737140,area_km2,407.4,km²,Q00,HydroBASINS 汇水区域面积(SUB_AREA 单位 km²),hydrobasins_lev08,,2026-08-24 01:15:28
basin,HYBAS_4080737140,distance_to_taihu_boundary_km,15.96965913103805,km,Q00,流域质心到太湖边界距离(球面近似),hydrobasins_lev08,,2026-08-24 01:15:28
basin,HYBAS_4080737140,elevation_mean_m,25.590421676635742,m,Q00,,copernicus_dem_glo30,storage\silver\geo\copernicus_dem_glo30_taihu.tif,2026-08-24 01:15:28
basin,HYBAS_4080737140,elevation_median_m,4.368992328643799,m,Q00,,copernicus_dem_glo30,storage\silver\geo\copernicus_dem_glo30_taihu.tif,2026-08-24 01:15:28
basin,HYBAS_4080737140,elevation_std_m,51.61202621459961,m,Q00,,copernicus_dem_glo30,storage\silver\geo\copernicus_dem_glo30_taihu.tif,2026-08-24 01:15:28
basin,HYBAS_4080737140,elevation_min_m,-4.0,m,Q00,,copernicus_dem_glo30,storage\silver\geo\copernicus_dem_glo30_taihu.tif,2026-08-24 01:15:28
basin,HYBAS_4080737140,elevation_max_m,502.6983642578125,m,Q00,,copernicus_dem_glo30,storage\silver\geo\copernicus_dem_glo30_taihu.tif,2026-08-24 01:15:28
basin,HYBAS_4080737140,elevation_valid_frac,0.4470233196159122,fraction,Q00,,copernicus_dem_glo30,,2026-08-24 01:15:28
basin,HYBAS_4080737140,landcover_tree_pct,0.15421866181790483,%,Q00,,esa_worldcover_2021,,2026-08-24 01:15:28
basin,HYBAS_4080737140,landcover_shrubland_pct,3.8083523649665614e-06,%,Q00,,esa_worldcover_2021,,2026-08-24 01:15:28
basin,HYBAS_4080737140,landcover_grassland_pct,0.03469903280004246,%,Q00,,esa_worldcover_2021,,2026-08-24 01:15:28
basin,HYBAS_4080737140,landcover_cropland_pct,0.11000336674554818,%,Q00,,esa_worldcover_2021,,2026-08-24 01:15:28
basin,HYBAS_4080737140,landcover_built_up_pct,0.09303318654970974,%,Q00,,esa_worldcover_2021,,2026-08-24 01:15:28
basin,HYBAS_4080737140,landcover_bare_sparse_pct,0.022762441056631416,%,Q00,,esa_worldcover_2021,,2026-08-24 01:15:28
basin,HYBAS_4080737140,landcover_snow_ice_pct,,%,Q00,,esa_worldcover_2021,,2026-08-24 01:15:28
basin,HYBAS_4080737140,landcover_permanent_water_pct,0.03205052630214252,%,Q00,,esa_worldcover_2021,,2026-08-24 01:15:28
basin,HYBAS_4080737140,landcover_herbaceous_wetland_pct,0.0009621356591832542,%,Q00,,esa_worldcover_2021,,2026-08-24 01:15:28
basin,HYBAS_4080737140,landcover_mangroves_pct,,%,Q00,,esa_worldcover_2021,,2026-08-24 01:15:28
basin,HYBAS_4080737140,landcover_moss_lichen_pct,,%,Q00,,esa_worldcover_2021,,2026-08-24 01:15:28
basin,HYBAS_4080740390,area_km2,492.6,km²,Q00,HydroBASINS 汇水区域面积(SUB_AREA 单位 km²),hydrobasins_lev08,,2026-08-24 01:15:28
basin,HYBAS_4080740390,distance_to_taihu_boundary_km,29.67667501240765,km,Q00,流域质心到太湖边界距离(球面近似),hydrobasins_lev08,,2026-08-24 01:15:28
basin,HYBAS_4080740390,elevation_mean_m,3.5553901195526123,m,Q00,,copernicus_dem_glo30,storage\silver\geo\copernicus_dem_glo30_taihu.tif,2026-08-24 01:15:29
basin,HYBAS_4080740390,elevation_median_m,2.5051002502441406,m,Q00,,copernicus_dem_glo30,storage\silver\geo\copernicus_dem_glo30_taihu.tif,2026-08-24 01:15:29
basin,HYBAS_4080740390,elevation_std_m,5.0294189453125,m,Q00,,copernicus_dem_glo30,storage\silver\geo\copernicus_dem_glo30_taihu.tif,2026-08-24 01:15:29
basin,HYBAS_4080740390,elevation_min_m,-8.428818702697754,m,Q00,,copernicus_dem_glo30,storage\silver\geo\copernicus_dem_glo30_taihu.tif,2026-08-24 01:15:29
basin,HYBAS_4080740390,elevation_max_m,138.1947784423828,m,Q00,,copernicus_dem_glo30,storage\silver\geo\copernicus_dem_glo30_taihu.tif,2026-08-24 01:15:29
basin,HYBAS_4080740390,elevation_valid_frac,0.41406044323936625,fraction,Q00,,copernicus_dem_glo30,,2026-08-24 01:15:29
basin,HYBAS_4080740390,landcover_tree_pct,0.055125150248542094,%,Q00,,esa_worldcover_2021,,2026-08-24 01:15:29
basin,HYBAS_4080740390,landcover_shrubland_pct,7.78328543810806e-06,%,Q00,,esa_worldcover_2021,,2026-08-24 01:15:29
basin,HYBAS_4080740390,landcover_grassland_pct,0.0487660815130408,%,Q00,,esa_worldcover_2021,,2026-08-24 01:15:29
basin,HYBAS_4080740390,landcover_cropland_pct,0.14410435430611201,%,Q00,,esa_worldcover_2021,,2026-08-24 01:15:29
basin,HYBAS_4080740390,landcover_built_up_pct,0.07722258253644944,%,Q00,,esa_worldcover_2021,,2026-08-24 01:15:29
basin,HYBAS_4080740390,landcover_bare_sparse_pct,0.01901195114139079,%,Q00,,esa_worldcover_2021,,2026-08-24 01:15:29
basin,HYBAS_4080740390,landcover_snow_ice_pct,,%,Q00,,esa_worldcover_2021,,2026-08-24 01:15:29
basin,HYBAS_4080740390,landcover_permanent_water_pct,0.07059533291789269,%,Q00,,esa_worldcover_2021,,2026-08-24 01:15:29
basin,HYBAS_4080740390,landcover_herbaceous_wetland_pct,0.0002942081895604847,%,Q00,,esa_worldcover_2021,,2026-08-24 01:15:29
basin,HYBAS_4080740390,landcover_mangroves_pct,,%,Q00,,esa_worldcover_2021,,2026-08-24 01:15:29
basin,HYBAS_4080740390,landcover_moss_lichen_pct,,%,Q00,,esa_worldcover_2021,,2026-08-24 01:15:29
basin,HYBAS_4080740500,area_km2,857.1,km²,Q00,HydroBASINS 汇水区域面积(SUB_AREA 单位 km²),hydrobasins_lev08,,2026-08-24 01:15:29
basin,HYBAS_4080740500,distance_to_taihu_boundary_km,39.233702048768805,km,Q00,流域质心到太湖边界距离(球面近似),hydrobasins_lev08,,2026-08-24 01:15:29
basin,HYBAS_4080740500,elevation_mean_m,109.32589721679688,m,Q00,,copernicus_dem_glo30,storage\silver\geo\copernicus_dem_glo30_taihu.tif,2026-08-24 01:15:29
basin,HYBAS_4080740500,elevation_median_m,56.49257278442383,m,Q00,,copernicus_dem_glo30,storage\silver\geo\copernicus_dem_glo30_taihu.tif,2026-08-24 01:15:29
basin,HYBAS_4080740500,elevation_std_m,130.28224182128906,m,Q00,,copernicus_dem_glo30,storage\silver\geo\copernicus_dem_glo30_taihu.tif,2026-08-24 01:15:29
basin,HYBAS_4080740500,elevation_min_m,-6.0,m,Q00,,copernicus_dem_glo30,storage\silver\geo\copernicus_dem_glo30_taihu.tif,2026-08-24 01:15:29
basin,HYBAS_4080740500,elevation_max_m,739.3493041992188,m,Q00,,copernicus_dem_glo30,storage\silver\geo\copernicus_dem_glo30_taihu.tif,2026-08-24 01:15:29
basin,HYBAS_4080740500,elevation_valid_frac,0.5276821279090927,fraction,Q00,,copernicus_dem_glo30,,2026-08-24 01:15:29
basin,HYBAS_4080740500,landcover_tree_pct,0.3596113312920692,%,Q00,,esa_worldcover_2021,,2026-08-24 01:15:30
basin,HYBAS_4080740500,landcover_shrubland_pct,1.3201752828589352e-06,%,Q00,,esa_worldcover_2021,,2026-08-24 01:15:30
basin,HYBAS_4080740500,landcover_grassland_pct,0.02388019545877912,%,Q00,,esa_worldcover_2021,,2026-08-24 01:15:30
basin,HYBAS_4080740500,landcover_cropland_pct,0.06496514282020396,%,Q00,,esa_worldcover_2021,,2026-08-24 01:15:30
basin,HYBAS_4080740500,landcover_built_up_pct,0.044800466886817276,%,Q00,,esa_worldcover_2021,,2026-08-24 01:15:30
basin,HYBAS_4080740500,landcover_bare_sparse_pct,0.010099750623441397,%,Q00,,esa_worldcover_2021,,2026-08-24 01:15:30
basin,HYBAS_4080740500,landcover_snow_ice_pct,,%,Q00,,esa_worldcover_2021,,2026-08-24 01:15:30
basin,HYBAS_4080740500,landcover_permanent_water_pct,0.024233911388014083,%,Q00,,esa_worldcover_2021,,2026-08-24 01:15:30
basin,HYBAS_4080740500,landcover_herbaceous_wetland_pct,0.0004339734817756631,%,Q00,,esa_worldcover_2021,,2026-08-24 01:15:30
basin,HYBAS_4080740500,landcover_mangroves_pct,,%,Q00,,esa_worldcover_2021,,2026-08-24 01:15:30
basin,HYBAS_4080740500,landcover_moss_lichen_pct,,%,Q00,,esa_worldcover_2021,,2026-08-24 01:15:30
basin,HYBAS_4080738130,area_km2,843.3,km²,Q00,HydroBASINS 汇水区域面积(SUB_AREA 单位 km²),hydrobasins_lev08,,2026-08-24 01:15:30
basin,HYBAS_4080738130,distance_to_taihu_boundary_km,25.652637972894038,km,Q00,流域质心到太湖边界距离(球面近似),hydrobasins_lev08,,2026-08-24 01:15:30
basin,HYBAS_4080738130,elevation_mean_m,93.05973815917969,m,Q00,,copernicus_dem_glo30,storage\silver\geo\copernicus_dem_glo30_taihu.tif,2026-08-24 01:15:30
basin,HYBAS_4080738130,elevation_median_m,47.15159225463867,m,Q00,,copernicus_dem_glo30,storage\silver\geo\copernicus_dem_glo30_taihu.tif,2026-08-24 01:15:30
basin,HYBAS_4080738130,elevation_std_m,109.83538055419922,m,Q00,,copernicus_dem_glo30,storage\silver\geo\copernicus_dem_glo30_taihu.tif,2026-08-24 01:15:30
basin,HYBAS_4080738130,elevation_min_m,-28.0,m,Q00,,copernicus_dem_glo30,storage\silver\geo\copernicus_dem_glo30_taihu.tif,2026-08-24 01:15:30
basin,HYBAS_4080738130,elevation_max_m,608.1378784179688,m,Q00,,copernicus_dem_glo30,storage\silver\geo\copernicus_dem_glo30_taihu.tif,2026-08-24 01:15:30
basin,HYBAS_4080738130,elevation_valid_frac,0.6562804036328999,fraction,Q00,,copernicus_dem_glo30,,2026-08-24 01:15:30
basin,HYBAS_4080738130,landcover_tree_pct,0.4491242820381138,%,Q00,,esa_worldcover_2021,,2026-08-24 01:15:31
basin,HYBAS_4080738130,landcover_shrubland_pct,1.4335727132164164e-06,%,Q00,,esa_worldcover_2021,,2026-08-24 01:15:31
basin,HYBAS_4080738130,landcover_grassland_pct,0.021107924629398516,%,Q00,,esa_worldcover_2021,,2026-08-24 01:15:31
basin,HYBAS_4080738130,landcover_cropland_pct,0.116232986072325,%,Q00,,esa_worldcover_2021,,2026-08-24 01:15:31
basin,HYBAS_4080738130,landcover_built_up_pct,0.04900685523002878,%,Q00,,esa_worldcover_2021,,2026-08-24 01:15:31
basin,HYBAS_4080738130,landcover_bare_sparse_pct,0.010306527664398105,%,Q00,,esa_worldcover_2021,,2026-08-24 01:15:31
basin,HYBAS_4080738130,landcover_snow_ice_pct,,%,Q00,,esa_worldcover_2021,,2026-08-24 01:15:31
basin,HYBAS_4080738130,landcover_permanent_water_pct,0.010341850896051757,%,Q00,,esa_worldcover_2021,,2026-08-24 01:15:31
basin,HYBAS_4080738130,landcover_herbaceous_wetland_pct,0.000834740719451655,%,Q00,,esa_worldcover_2021,,2026-08-24 01:15:31
basin,HYBAS_4080738130,landcover_mangroves_pct,,%,Q00,,esa_worldcover_2021,,2026-08-24 01:15:31
basin,HYBAS_4080738130,landcover_moss_lichen_pct,,%,Q00,,esa_worldcover_2021,,2026-08-24 01:15:31
basin,HYBAS_4080738230,area_km2,446.7,km²,Q00,HydroBASINS 汇水区域面积(SUB_AREA 单位 km²),hydrobasins_lev08,,2026-08-24 01:15:31
basin,HYBAS_4080738230,distance_to_taihu_boundary_km,31.556621551736004,km,Q00,流域质心到太湖边界距离(球面近似),hydrobasins_lev08,,2026-08-24 01:15:31
basin,HYBAS_4080738230,elevation_mean_m,82.3294677734375,m,Q00,,copernicus_dem_glo30,storage\silver\geo\copernicus_dem_glo30_taihu.tif,2026-08-24 01:15:31
basin,HYBAS_4080738230,elevation_median_m,29.03204345703125,m,Q00,,copernicus_dem_glo30,storage\silver\geo\copernicus_dem_glo30_taihu.tif,2026-08-24 01:15:31
basin,HYBAS_4080738230,elevation_std_m,108.07357788085938,m,Q00,,copernicus_dem_glo30,storage\silver\geo\copernicus_dem_glo30_taihu.tif,2026-08-24 01:15:31
basin,HYBAS_4080738230,elevation_min_m,-5.66826057434082,m,Q00,,copernicus_dem_glo30,storage\silver\geo\copernicus_dem_glo30_taihu.tif,2026-08-24 01:15:31
basin,HYBAS_4080738230,elevation_max_m,621.7413330078125,m,Q00,,copernicus_dem_glo30,storage\silver\geo\copernicus_dem_glo30_taihu.tif,2026-08-24 01:15:31
basin,HYBAS_4080738230,elevation_valid_frac,0.6085720028137875,fraction,Q00,,copernicus_dem_glo30,,2026-08-24 01:15:31
basin,HYBAS_4080738230,landcover_tree_pct,0.37190354500177064,%,Q00,,esa_worldcover_2021,,2026-08-24 01:15:31
basin,HYBAS_4080738230,landcover_shrubland_pct,1.3097359219760086e-06,%,Q00,,esa_worldcover_2021,,2026-08-24 01:15:31
basin,HYBAS_4080738230,landcover_grassland_pct,0.029815332272447235,%,Q00,,esa_worldcover_2021,,2026-08-24 01:15:31
basin,HYBAS_4080738230,landcover_cropland_pct,0.14070754956972656,%,Q00,,esa_worldcover_2021,,2026-08-24 01:15:31
basin,HYBAS_4080738230,landcover_built_up_pct,0.04358801148336157,%,Q00,,esa_worldcover_2021,,2026-08-24 01:15:31
basin,HYBAS_4080738230,landcover_bare_sparse_pct,0.009667060091187845,%,Q00,,esa_worldcover_2021,,2026-08-24 01:15:31
basin,HYBAS_4080738230,landcover_snow_ice_pct,,%,Q00,,esa_worldcover_2021,,2026-08-24 01:15:31
basin,HYBAS_4080738230,landcover_permanent_water_pct,0.013682408181215062,%,Q00,,esa_worldcover_2021,,2026-08-24 01:15:31
basin,HYBAS_4080738230,landcover_herbaceous_wetland_pct,0.0008858852278411573,%,Q00,,esa_worldcover_2021,,2026-08-24 01:15:31
basin,HYBAS_4080738230,landcover_mangroves_pct,,%,Q00,,esa_worldcover_2021,,2026-08-24 01:15:31
basin,HYBAS_4080738230,landcover_moss_lichen_pct,,%,Q00,,esa_worldcover_2021,,2026-08-24 01:15:31
basin,HYBAS_4080725210,area_km2,1800.3,km²,Q00,HydroBASINS 汇水区域面积(SUB_AREA 单位 km²),hydrobasins_lev08,,2026-08-24 01:15:31
basin,HYBAS_4080725210,distance_to_taihu_boundary_km,12.238989789697872,km,Q00,流域质心到太湖边界距离(球面近似),hydrobasins_lev08,,2026-08-24 01:15:31
basin,HYBAS_4080725210,elevation_mean_m,6.399030685424805,m,Q00,,copernicus_dem_glo30,storage\silver\geo\copernicus_dem_glo30_taihu.tif,2026-08-24 01:15:32
basin,HYBAS_4080725210,elevation_median_m,2.576364278793335,m,Q00,,copernicus_dem_glo30,storage\silver\geo\copernicus_dem_glo30_taihu.tif,2026-08-24 01:15:32
basin,HYBAS_4080725210,elevation_std_m,18.318744659423828,m,Q00,,copernicus_dem_glo30,storage\silver\geo\copernicus_dem_glo30_taihu.tif,2026-08-24 01:15:32
basin,HYBAS_4080725210,elevation_min_m,-8.605076789855957,m,Q00,,copernicus_dem_glo30,storage\silver\geo\copernicus_dem_glo30_taihu.tif,2026-08-24 01:15:32
basin,HYBAS_4080725210,elevation_max_m,329.31201171875,m,Q00,,copernicus_dem_glo30,storage\silver\geo\copernicus_dem_glo30_taihu.tif,2026-08-24 01:15:32
basin,HYBAS_4080725210,elevation_valid_frac,0.5303513674066577,fraction,Q00,,copernicus_dem_glo30,,2026-08-24 01:15:32
basin,HYBAS_4080725210,landcover_tree_pct,0.09126130614779886,%,Q00,,esa_worldcover_2021,,2026-08-24 01:15:33
basin,HYBAS_4080725210,landcover_shrubland_pct,2.136008796656763e-06,%,Q00,,esa_worldcover_2021,,2026-08-24 01:15:33
basin,HYBAS_4080725210,landcover_grassland_pct,0.01930339776460734,%,Q00,,esa_worldcover_2021,,2026-08-24 01:15:33
basin,HYBAS_4080725210,landcover_cropland_pct,0.09064043225066755,%,Q00,,esa_worldcover_2021,,2026-08-24 01:15:33
basin,HYBAS_4080725210,landcover_built_up_pct,0.09417845556346392,%,Q00,,esa_worldcover_2021,,2026-08-24 01:15:33
basin,HYBAS_4080725210,landcover_bare_sparse_pct,0.008709190505956184,%,Q00,,esa_worldcover_2021,,2026-08-24 01:15:33
basin,HYBAS_4080725210,landcover_snow_ice_pct,,%,Q00,,esa_worldcover_2021,,2026-08-24 01:15:33
basin,HYBAS_4080725210,landcover_permanent_water_pct,0.2364946880103712,%,Q00,,esa_worldcover_2021,,2026-08-24 01:15:33
basin,HYBAS_4080725210,landcover_herbaceous_wetland_pct,0.000500883052461389,%,Q00,,esa_worldcover_2021,,2026-08-24 01:15:33
basin,HYBAS_4080725210,landcover_mangroves_pct,,%,Q00,,esa_worldcover_2021,,2026-08-24 01:15:33
basin,HYBAS_4080725210,landcover_moss_lichen_pct,,%,Q00,,esa_worldcover_2021,,2026-08-24 01:15:33
basin,HYBAS_4080725200,area_km2,109.5,km²,Q00,HydroBASINS 汇水区域面积(SUB_AREA 单位 km²),hydrobasins_lev08,,2026-08-24 01:15:33
basin,HYBAS_4080725200,distance_to_taihu_boundary_km,6.4805900617640715,km,Q00,流域质心到太湖边界距离(球面近似),hydrobasins_lev08,,2026-08-24 01:15:33
basin,HYBAS_4080725200,elevation_mean_m,29.5779972076416,m,Q00,,copernicus_dem_glo30,storage\silver\geo\copernicus_dem_glo30_taihu.tif,2026-08-24 01:15:33
basin,HYBAS_4080725200,elevation_median_m,5.192239761352539,m,Q00,,copernicus_dem_glo30,storage\silver\geo\copernicus_dem_glo30_taihu.tif,2026-08-24 01:15:33
basin,HYBAS_4080725200,elevation_std_m,59.79178237915039,m,Q00,,copernicus_dem_glo30,storage\silver\geo\copernicus_dem_glo30_taihu.tif,2026-08-24 01:15:33
basin,HYBAS_4080725200,elevation_min_m,-4.68194580078125,m,Q00,,copernicus_dem_glo30,storage\silver\geo\copernicus_dem_glo30_taihu.tif,2026-08-24 01:15:33
basin,HYBAS_4080725200,elevation_max_m,516.7764282226562,m,Q00,,copernicus_dem_glo30,storage\silver\geo\copernicus_dem_glo30_taihu.tif,2026-08-24 01:15:33
basin,HYBAS_4080725200,elevation_valid_frac,0.5389509322550624,fraction,Q00,,copernicus_dem_glo30,,2026-08-24 01:15:33
basin,HYBAS_4080725200,landcover_tree_pct,0.20163117353874038,%,Q00,,esa_worldcover_2021,,2026-08-24 01:15:33
basin,HYBAS_4080725200,landcover_shrubland_pct,1.0857118868080215e-06,%,Q00,,esa_worldcover_2021,,2026-08-24 01:15:33
basin,HYBAS_4080725200,landcover_grassland_pct,0.02749203449379045,%,Q00,,esa_worldcover_2021,,2026-08-24 01:15:33
basin,HYBAS_4080725200,landcover_cropland_pct,0.14658340945380005,%,Q00,,esa_worldcover_2021,,2026-08-24 01:15:33
basin,HYBAS_4080725200,landcover_built_up_pct,0.11813811992339217,%,Q00,,esa_worldcover_2021,,2026-08-24 01:15:33
basin,HYBAS_4080725200,landcover_bare_sparse_pct,0.01224863960300583,%,Q00,,esa_worldcover_2021,,2026-08-24 01:15:33
basin,HYBAS_4080725200,landcover_snow_ice_pct,,%,Q00,,esa_worldcover_2021,,2026-08-24 01:15:33
basin,HYBAS_4080725200,landcover_permanent_water_pct,0.033549583014254675,%,Q00,,esa_worldcover_2021,,2026-08-24 01:15:33
basin,HYBAS_4080725200,landcover_herbaceous_wetland_pct,0.0005985891535934892,%,Q00,,esa_worldcover_2021,,2026-08-24 01:15:33
basin,HYBAS_4080725200,landcover_mangroves_pct,,%,Q00,,esa_worldcover_2021,,2026-08-24 01:15:33
basin,HYBAS_4080725200,landcover_moss_lichen_pct,,%,Q00,,esa_worldcover_2021,,2026-08-24 01:15:33
basin,HYBAS_4080741090,area_km2,301.4,km²,Q00,HydroBASINS 汇水区域面积(SUB_AREA 单位 km²),hydrobasins_lev08,,2026-08-24 01:15:33
basin,HYBAS_4080741090,distance_to_taihu_boundary_km,48.193180220852554,km,Q00,流域质心到太湖边界距离(球面近似),hydrobasins_lev08,,2026-08-24 01:15:33
basin,HYBAS_4080741090,elevation_mean_m,88.17953491210938,m,Q00,,copernicus_dem_glo30,storage\silver\geo\copernicus_dem_glo30_taihu.tif,2026-08-24 01:15:33
basin,HYBAS_4080741090,elevation_median_m,44.93635559082031,m,Q00,,copernicus_dem_glo30,storage\silver\geo\copernicus_dem_glo30_taihu.tif,2026-08-24 01:15:33
basin,HYBAS_4080741090,elevation_std_m,106.11146545410156,m,Q00,,copernicus_dem_glo30,storage\silver\geo\copernicus_dem_glo30_taihu.tif,2026-08-24 01:15:33
basin,HYBAS_4080741090,elevation_min_m,-43.0,m,Q00,,copernicus_dem_glo30,storage\silver\geo\copernicus_dem_glo30_taihu.tif,2026-08-24 01:15:33
basin,HYBAS_4080741090,elevation_max_m,656.7642822265625,m,Q00,,copernicus_dem_glo30,storage\silver\geo\copernicus_dem_glo30_taihu.tif,2026-08-24 01:15:33
basin,HYBAS_4080741090,elevation_valid_frac,0.5725405061950651,fraction,Q00,,copernicus_dem_glo30,,2026-08-24 01:15:33
basin,HYBAS_4080741090,landcover_tree_pct,0.38223655102558746,%,Q00,,esa_worldcover_2021,,2026-08-24 01:15:34
basin,HYBAS_4080741090,landcover_shrubland_pct,,%,Q00,,esa_worldcover_2021,,2026-08-24 01:15:34
basin,HYBAS_4080741090,landcover_grassland_pct,0.02318506502985916,%,Q00,,esa_worldcover_2021,,2026-08-24 01:15:34
basin,HYBAS_4080741090,landcover_cropland_pct,0.12285152170544203,%,Q00,,esa_worldcover_2021,,2026-08-24 01:15:34
basin,HYBAS_4080741090,landcover_built_up_pct,0.026834783057874442,%,Q00,,esa_worldcover_2021,,2026-08-24 01:15:34
basin,HYBAS_4080741090,landcover_bare_sparse_pct,0.007985697024415112,%,Q00,,esa_worldcover_2021,,2026-08-24 01:15:34
basin,HYBAS_4080741090,landcover_snow_ice_pct,,%,Q00,,esa_worldcover_2021,,2026-08-24 01:15:34
basin,HYBAS_4080741090,landcover_permanent_water_pct,0.009643868597237102,%,Q00,,esa_worldcover_2021,,2026-08-24 01:15:34
basin,HYBAS_4080741090,landcover_herbaceous_wetland_pct,0.0007461982630256234,%,Q00,,esa_worldcover_2021,,2026-08-24 01:15:34
basin,HYBAS_4080741090,landcover_mangroves_pct,,%,Q00,,esa_worldcover_2021,,2026-08-24 01:15:34
basin,HYBAS_4080741090,landcover_moss_lichen_pct,,%,Q00,,esa_worldcover_2021,,2026-08-24 01:15:34
basin,HYBAS_4080741300,area_km2,85.0,km²,Q00,HydroBASINS 汇水区域面积(SUB_AREA 单位 km²),hydrobasins_lev08,,2026-08-24 01:15:34
basin,HYBAS_4080741300,distance_to_taihu_boundary_km,42.759569337474204,km,Q00,流域质心到太湖边界距离(球面近似),hydrobasins_lev08,,2026-08-24 01:15:34
basin,HYBAS_4080741300,elevation_mean_m,49.13947677612305,m,Q00,,copernicus_dem_glo30,storage\silver\geo\copernicus_dem_glo30_taihu.tif,2026-08-24 01:15:34
basin,HYBAS_4080741300,elevation_median_m,22.337507247924805,m,Q00,,copernicus_dem_glo30,storage\silver\geo\copernicus_dem_glo30_taihu.tif,2026-08-24 01:15:34
basin,HYBAS_4080741300,elevation_std_m,57.06373596191406,m,Q00,,copernicus_dem_glo30,storage\silver\geo\copernicus_dem_glo30_taihu.tif,2026-08-24 01:15:34
basin,HYBAS_4080741300,elevation_min_m,-31.455978393554688,m,Q00,,copernicus_dem_glo30,storage\silver\geo\copernicus_dem_glo30_taihu.tif,2026-08-24 01:15:34
basin,HYBAS_4080741300,elevation_max_m,364.843017578125,m,Q00,,copernicus_dem_glo30,storage\silver\geo\copernicus_dem_glo30_taihu.tif,2026-08-24 01:15:34
basin,HYBAS_4080741300,elevation_valid_frac,0.49307754481053584,fraction,Q00,,copernicus_dem_glo30,,2026-08-24 01:15:34
basin,HYBAS_4080741300,landcover_tree_pct,0.2942347965166719,%,Q00,,esa_worldcover_2021,,2026-08-24 01:15:34
basin,HYBAS_4080741300,landcover_shrubland_pct,2.147445313157655e-06,%,Q00,,esa_worldcover_2021,,2026-08-24 01:15:34
basin,HYBAS_4080741300,landcover_grassland_pct,0.017390871124075953,%,Q00,,esa_worldcover_2021,,2026-08-24 01:15:34
basin,HYBAS_4080741300,landcover_cropland_pct,0.11835945485812259,%,Q00,,esa_worldcover_2021,,2026-08-24 01:15:34
basin,HYBAS_4080741300,landcover_built_up_pct,0.03272277168189635,%,Q00,,esa_worldcover_2021,,2026-08-24 01:15:34
basin,HYBAS_4080741300,landcover_bare_sparse_pct,0.005938545269006179,%,Q00,,esa_worldcover_2021,,2026-08-24 01:15:34
basin,HYBAS_4080741300,landcover_snow_ice_pct,,%,Q00,,esa_worldcover_2021,,2026-08-24 01:15:34
basin,HYBAS_4080741300,landcover_permanent_water_pct,0.02583892098603817,%,Q00,,esa_worldcover_2021,,2026-08-24 01:15:34
basin,HYBAS_4080741300,landcover_herbaceous_wetland_pct,0.00045568789545205444,%,Q00,,esa_worldcover_2021,,2026-08-24 01:15:34
basin,HYBAS_4080741300,landcover_mangroves_pct,,%,Q00,,esa_worldcover_2021,,2026-08-24 01:15:34
basin,HYBAS_4080741300,landcover_moss_lichen_pct,,%,Q00,,esa_worldcover_2021,,2026-08-24 01:15:34
basin,HYBAS_4080723730,area_km2,512.9,km²,Q00,HydroBASINS 汇水区域面积(SUB_AREA 单位 km²),hydrobasins_lev08,,2026-08-24 01:15:34
basin,HYBAS_4080723730,distance_to_taihu_boundary_km,24.09800866888223,km,Q00,流域质心到太湖边界距离(球面近似),hydrobasins_lev08,,2026-08-24 01:15:34
basin,HYBAS_4080723730,elevation_mean_m,47.9119873046875,m,Q00,,copernicus_dem_glo30,storage\silver\geo\copernicus_dem_glo30_taihu.tif,2026-08-24 01:15:34
basin,HYBAS_4080723730,elevation_median_m,9.620475769042969,m,Q00,,copernicus_dem_glo30,storage\silver\geo\copernicus_dem_glo30_taihu.tif,2026-08-24 01:15:34
basin,HYBAS_4080723730,elevation_std_m,79.0719985961914,m,Q00,,copernicus_dem_glo30,storage\silver\geo\copernicus_dem_glo30_taihu.tif,2026-08-24 01:15:34
basin,HYBAS_4080723730,elevation_min_m,-70.13090515136719,m,Q00,,copernicus_dem_glo30,storage\silver\geo\copernicus_dem_glo30_taihu.tif,2026-08-24 01:15:34
basin,HYBAS_4080723730,elevation_max_m,574.590576171875,m,Q00,,copernicus_dem_glo30,storage\silver\geo\copernicus_dem_glo30_taihu.tif,2026-08-24 01:15:34
basin,HYBAS_4080723730,elevation_valid_frac,0.5575091360704744,fraction,Q00,,copernicus_dem_glo30,,2026-08-24 01:15:34
basin,HYBAS_4080723730,landcover_tree_pct,0.24695939363695207,%,Q00,,esa_worldcover_2021,,2026-08-24 01:15:34
basin,HYBAS_4080723730,landcover_shrubland_pct,7.668767403009464e-06,%,Q00,,esa_worldcover_2021,,2026-08-24 01:15:34
basin,HYBAS_4080723730,landcover_grassland_pct,0.026510449614241028,%,Q00,,esa_worldcover_2021,,2026-08-24 01:15:34
basin,HYBAS_4080723730,landcover_cropland_pct,0.1453211452121848,%,Q00,,esa_worldcover_2021,,2026-08-24 01:15:34
basin,HYBAS_4080723730,landcover_built_up_pct,0.09186823875333322,%,Q00,,esa_worldcover_2021,,2026-08-24 01:15:34
basin,HYBAS_4080723730,landcover_bare_sparse_pct,0.012577497487879553,%,Q00,,esa_worldcover_2021,,2026-08-24 01:15:34
basin,HYBAS_4080723730,landcover_snow_ice_pct,,%,Q00,,esa_worldcover_2021,,2026-08-24 01:15:34
basin,HYBAS_4080723730,landcover_permanent_water_pct,0.03500832260970711,%,Q00,,esa_worldcover_2021,,2026-08-24 01:15:34
basin,HYBAS_4080723730,landcover_herbaceous_wetland_pct,0.00040604525739059485,%,Q00,,esa_worldcover_2021,,2026-08-24 01:15:34
basin,HYBAS_4080723730,landcover_mangroves_pct,,%,Q00,,esa_worldcover_2021,,2026-08-24 01:15:34
basin,HYBAS_4080723730,landcover_moss_lichen_pct,,%,Q00,,esa_worldcover_2021,,2026-08-24 01:15:34
basin,HYBAS_4080723630,area_km2,1561.8,km²,Q00,HydroBASINS 汇水区域面积(SUB_AREA 单位 km²),hydrobasins_lev08,,2026-08-24 01:15:34
basin,HYBAS_4080723630,distance_to_taihu_boundary_km,23.42298668877232,km,Q00,流域质心到太湖边界距离(球面近似),hydrobasins_lev08,,2026-08-24 01:15:34
basin,HYBAS_4080723630,elevation_mean_m,4.65053129196167,m,Q00,,copernicus_dem_glo30,storage\silver\geo\copernicus_dem_glo30_taihu.tif,2026-08-24 01:15:35
basin,HYBAS_4080723630,elevation_median_m,4.442786693572998,m,Q00,,copernicus_dem_glo30,storage\silver\geo\copernicus_dem_glo30_taihu.tif,2026-08-24 01:15:35
basin,HYBAS_4080723630,elevation_std_m,4.4295196533203125,m,Q00,,copernicus_dem_glo30,storage\silver\geo\copernicus_dem_glo30_taihu.tif,2026-08-24 01:15:35
basin,HYBAS_4080723630,elevation_min_m,-55.96897506713867,m,Q00,,copernicus_dem_glo30,storage\silver\geo\copernicus_dem_glo30_taihu.tif,2026-08-24 01:15:35
basin,HYBAS_4080723630,elevation_max_m,152.97731018066406,m,Q00,,copernicus_dem_glo30,storage\silver\geo\copernicus_dem_glo30_taihu.tif,2026-08-24 01:15:35
basin,HYBAS_4080723630,elevation_valid_frac,0.48883889613256265,fraction,Q00,,copernicus_dem_glo30,,2026-08-24 01:15:35
basin,HYBAS_4080723630,landcover_tree_pct,0.07355811217985514,%,Q00,,esa_worldcover_2021,,2026-08-24 01:15:36
basin,HYBAS_4080723630,landcover_shrubland_pct,1.5650568712076558e-05,%,Q00,,esa_worldcover_2021,,2026-08-24 01:15:36
basin,HYBAS_4080723630,landcover_grassland_pct,0.03745916230296292,%,Q00,,esa_worldcover_2021,,2026-08-24 01:15:36
basin,HYBAS_4080723630,landcover_cropland_pct,0.157422597766005,%,Q00,,esa_worldcover_2021,,2026-08-24 01:15:36
basin,HYBAS_4080723630,landcover_built_up_pct,0.13349766353422576,%,Q00,,esa_worldcover_2021,,2026-08-24 01:15:36
basin,HYBAS_4080723630,landcover_bare_sparse_pct,0.010289382020765368,%,Q00,,esa_worldcover_2021,,2026-08-24 01:15:36
basin,HYBAS_4080723630,landcover_snow_ice_pct,,%,Q00,,esa_worldcover_2021,,2026-08-24 01:15:36
basin,HYBAS_4080723630,landcover_permanent_water_pct,0.08017763233665487,%,Q00,,esa_worldcover_2021,,2026-08-24 01:15:36
basin,HYBAS_4080723630,landcover_herbaceous_wetland_pct,0.0013539475750796155,%,Q00,,esa_worldcover_2021,,2026-08-24 01:15:36
basin,HYBAS_4080723630,landcover_mangroves_pct,,%,Q00,,esa_worldcover_2021,,2026-08-24 01:15:36
basin,HYBAS_4080723630,landcover_moss_lichen_pct,,%,Q00,,esa_worldcover_2021,,2026-08-24 01:15:36
basin,HYBAS_4080743680,area_km2,183.8,km²,Q00,HydroBASINS 汇水区域面积(SUB_AREA 单位 km²),hydrobasins_lev08,,2026-08-24 01:15:36
basin,HYBAS_4080743680,distance_to_taihu_boundary_km,62.268840180059726,km,Q00,流域质心到太湖边界距离(球面近似),hydrobasins_lev08,,2026-08-24 01:15:36
basin,HYBAS_4080743680,elevation_mean_m,175.006591796875,m,Q00,,copernicus_dem_glo30,storage\silver\geo\copernicus_dem_glo30_taihu.tif,2026-08-24 01:15:36
basin,HYBAS_4080743680,elevation_median_m,66.79519653320312,m,Q00,,copernicus_dem_glo30,storage\silver\geo\copernicus_dem_glo30_taihu.tif,2026-08-24 01:15:36
basin,HYBAS_4080743680,elevation_std_m,252.56439208984375,m,Q00,,copernicus_dem_glo30,storage\silver\geo\copernicus_dem_glo30_taihu.tif,2026-08-24 01:15:36
basin,HYBAS_4080743680,elevation_min_m,1.5,m,Q00,,copernicus_dem_glo30,storage\silver\geo\copernicus_dem_glo30_taihu.tif,2026-08-24 01:15:36
basin,HYBAS_4080743680,elevation_max_m,1196.9573974609375,m,Q00,,copernicus_dem_glo30,storage\silver\geo\copernicus_dem_glo30_taihu.tif,2026-08-24 01:15:36
basin,HYBAS_4080743680,elevation_valid_frac,0.36210482394571203,fraction,Q00,,copernicus_dem_glo30,,2026-08-24 01:15:36
basin,HYBAS_4080743680,landcover_tree_pct,0.25517366780184936,%,Q00,,esa_worldcover_2021,,2026-08-24 01:15:36
basin,HYBAS_4080743680,landcover_shrubland_pct,,%,Q00,,esa_worldcover_2021,,2026-08-24 01:15:36
basin,HYBAS_4080743680,landcover_grassland_pct,0.010835424344351124,%,Q00,,esa_worldcover_2021,,2026-08-24 01:15:36
basin,HYBAS_4080743680,landcover_cropland_pct,0.044306364706317734,%,Q00,,esa_worldcover_2021,,2026-08-24 01:15:36
basin,HYBAS_4080743680,landcover_built_up_pct,0.04554844127767937,%,Q00,,esa_worldcover_2021,,2026-08-24 01:15:36
basin,HYBAS_4080743680,landcover_bare_sparse_pct,0.004022725411764775,%,Q00,,esa_worldcover_2021,,2026-08-24 01:15:36
basin,HYBAS_4080743680,landcover_snow_ice_pct,,%,Q00,,esa_worldcover_2021,,2026-08-24 01:15:36
basin,HYBAS_4080743680,landcover_permanent_water_pct,0.002537915753260797,%,Q00,,esa_worldcover_2021,,2026-08-24 01:15:36
basin,HYBAS_4080743680,landcover_herbaceous_wetland_pct,2.972241883375639e-05,%,Q00,,esa_worldcover_2021,,2026-08-24 01:15:36
basin,HYBAS_4080743680,landcover_mangroves_pct,,%,Q00,,esa_worldcover_2021,,2026-08-24 01:15:36
basin,HYBAS_4080743680,landcover_moss_lichen_pct,,%,Q00,,esa_worldcover_2021,,2026-08-24 01:15:36
basin,HYBAS_4080743800,area_km2,347.7,km²,Q00,HydroBASINS 汇水区域面积(SUB_AREA 单位 km²),hydrobasins_lev08,,2026-08-24 01:15:36
basin,HYBAS_4080743800,distance_to_taihu_boundary_km,59.038362221597815,km,Q00,流域质心到太湖边界距离(球面近似),hydrobasins_lev08,,2026-08-24 01:15:36
basin,HYBAS_4080743800,elevation_mean_m,218.5587615966797,m,Q00,,copernicus_dem_glo30,storage\silver\geo\copernicus_dem_glo30_taihu.tif,2026-08-24 01:15:37
basin,HYBAS_4080743800,elevation_median_m,151.98721313476562,m,Q00,,copernicus_dem_glo30,storage\silver\geo\copernicus_dem_glo30_taihu.tif,2026-08-24 01:15:37
basin,HYBAS_4080743800,elevation_std_m,215.64205932617188,m,Q00,,copernicus_dem_glo30,storage\silver\geo\copernicus_dem_glo30_taihu.tif,2026-08-24 01:15:37
basin,HYBAS_4080743800,elevation_min_m,1.5,m,Q00,,copernicus_dem_glo30,storage\silver\geo\copernicus_dem_glo30_taihu.tif,2026-08-24 01:15:37
basin,HYBAS_4080743800,elevation_max_m,1169.372802734375,m,Q00,,copernicus_dem_glo30,storage\silver\geo\copernicus_dem_glo30_taihu.tif,2026-08-24 01:15:37
basin,HYBAS_4080743800,elevation_valid_frac,0.4644784123251393,fraction,Q00,,copernicus_dem_glo30,,2026-08-24 01:15:37
basin,HYBAS_4080743800,landcover_tree_pct,0.3704643978531305,%,Q00,,esa_worldcover_2021,,2026-08-24 01:15:37
basin,HYBAS_4080743800,landcover_shrubland_pct,,%,Q00,,esa_worldcover_2021,,2026-08-24 01:15:37
basin,HYBAS_4080743800,landcover_grassland_pct,0.009959170379469709,%,Q00,,esa_worldcover_2021,,2026-08-24 01:15:37
basin,HYBAS_4080743800,landcover_cropland_pct,0.019873620907045236,%,Q00,,esa_worldcover_2021,,2026-08-24 01:15:37
basin,HYBAS_4080743800,landcover_built_up_pct,0.05215601133747183,%,Q00,,esa_worldcover_2021,,2026-08-24 01:15:37
basin,HYBAS_4080743800,landcover_bare_sparse_pct,0.006631795735546583,%,Q00,,esa_worldcover_2021,,2026-08-24 01:15:37
basin,HYBAS_4080743800,landcover_snow_ice_pct,,%,Q00,,esa_worldcover_2021,,2026-08-24 01:15:37
basin,HYBAS_4080743800,landcover_permanent_water_pct,0.005613231852248776,%,Q00,,esa_worldcover_2021,,2026-08-24 01:15:37
basin,HYBAS_4080743800,landcover_herbaceous_wetland_pct,2.127161096736559e-05,%,Q00,,esa_worldcover_2021,,2026-08-24 01:15:37
basin,HYBAS_4080743800,landcover_mangroves_pct,,%,Q00,,esa_worldcover_2021,,2026-08-24 01:15:37
basin,HYBAS_4080743800,landcover_moss_lichen_pct,,%,Q00,,esa_worldcover_2021,,2026-08-24 01:15:37
basin,HYBAS_4080749890,area_km2,726.7,km²,Q00,HydroBASINS 汇水区域面积(SUB_AREA 单位 km²),hydrobasins_lev08,,2026-08-24 01:15:37
basin,HYBAS_4080749890,distance_to_taihu_boundary_km,63.92693867603403,km,Q00,流域质心到太湖边界距离(球面近似),hydrobasins_lev08,,2026-08-24 01:15:37
basin,HYBAS_4080749890,elevation_mean_m,5.093256950378418,m,Q00,,copernicus_dem_glo30,storage\silver\geo\copernicus_dem_glo30_taihu.tif,2026-08-24 01:15:37
basin,HYBAS_4080749890,elevation_median_m,3.3424041271209717,m,Q00,,copernicus_dem_glo30,storage\silver\geo\copernicus_dem_glo30_taihu.tif,2026-08-24 01:15:37
basin,HYBAS_4080749890,elevation_std_m,11.527608871459961,m,Q00,,copernicus_dem_glo30,storage\silver\geo\copernicus_dem_glo30_taihu.tif,2026-08-24 01:15:37
basin,HYBAS_4080749890,elevation_min_m,-0.7764996290206909,m,Q00,,copernicus_dem_glo30,storage\silver\geo\copernicus_dem_glo30_taihu.tif,2026-08-24 01:15:37
basin,HYBAS_4080749890,elevation_max_m,258.51873779296875,m,Q00,,copernicus_dem_glo30,storage\silver\geo\copernicus_dem_glo30_taihu.tif,2026-08-24 01:15:37
basin,HYBAS_4080749890,elevation_valid_frac,0.43652323747907085,fraction,Q00,,copernicus_dem_glo30,,2026-08-24 01:15:37
basin,HYBAS_4080749890,landcover_tree_pct,0.09288225579209186,%,Q00,,esa_worldcover_2021,,2026-08-24 01:15:37
basin,HYBAS_4080749890,landcover_shrubland_pct,2.051231559428281e-06,%,Q00,,esa_worldcover_2021,,2026-08-24 01:15:37
basin,HYBAS_4080749890,landcover_grassland_pct,0.027549065458901525,%,Q00,,esa_worldcover_2021,,2026-08-24 01:15:37
basin,HYBAS_4080749890,landcover_cropland_pct,0.1186118788577805,%,Q00,,esa_worldcover_2021,,2026-08-24 01:15:37
basin,HYBAS_4080749890,landcover_built_up_pct,0.13596632346632348,%,Q00,,esa_worldcover_2021,,2026-08-24 01:15:37
basin,HYBAS_4080749890,landcover_bare_sparse_pct,0.02079157611944497,%,Q00,,esa_worldcover_2021,,2026-08-24 01:15:37
basin,HYBAS_4080749890,landcover_snow_ice_pct,,%,Q00,,esa_worldcover_2021,,2026-08-24 01:15:37
basin,HYBAS_4080749890,landcover_permanent_water_pct,0.04178724977905306,%,Q00,,esa_worldcover_2021,,2026-08-24 01:15:37
basin,HYBAS_4080749890,landcover_herbaceous_wetland_pct,6.900929032076574e-05,%,Q00,,esa_worldcover_2021,,2026-08-24 01:15:37
basin,HYBAS_4080749890,landcover_mangroves_pct,,%,Q00,,esa_worldcover_2021,,2026-08-24 01:15:37
basin,HYBAS_4080749890,landcover_moss_lichen_pct,,%,Q00,,esa_worldcover_2021,,2026-08-24 01:15:37
basin,HYBAS_4080749960,area_km2,145.6,km²,Q00,HydroBASINS 汇水区域面积(SUB_AREA 单位 km²),hydrobasins_lev08,,2026-08-24 01:15:37
basin,HYBAS_4080749960,distance_to_taihu_boundary_km,57.36607450780195,km,Q00,流域质心到太湖边界距离(球面近似),hydrobasins_lev08,,2026-08-24 01:15:37
basin,HYBAS_4080749960,elevation_mean_m,66.28750610351562,m,Q00,,copernicus_dem_glo30,storage\silver\geo\copernicus_dem_glo30_taihu.tif,2026-08-24 01:15:37
basin,HYBAS_4080749960,elevation_median_m,15.74299430847168,m,Q00,,copernicus_dem_glo30,storage\silver\geo\copernicus_dem_glo30_taihu.tif,2026-08-24 01:15:37
basin,HYBAS_4080749960,elevation_std_m,86.61669158935547,m,Q00,,copernicus_dem_glo30,storage\silver\geo\copernicus_dem_glo30_taihu.tif,2026-08-24 01:15:37
basin,HYBAS_4080749960,elevation_min_m,-0.5119747519493103,m,Q00,,copernicus_dem_glo30,storage\silver\geo\copernicus_dem_glo30_taihu.tif,2026-08-24 01:15:37
basin,HYBAS_4080749960,elevation_max_m,458.2473449707031,m,Q00,,copernicus_dem_glo30,storage\silver\geo\copernicus_dem_glo30_taihu.tif,2026-08-24 01:15:37
basin,HYBAS_4080749960,elevation_valid_frac,0.414454641191515,fraction,Q00,,copernicus_dem_glo30,,2026-08-24 01:15:37
basin,HYBAS_4080749960,landcover_tree_pct,0.224239644344083,%,Q00,,esa_worldcover_2021,,2026-08-24 01:15:37
basin,HYBAS_4080749960,landcover_shrubland_pct,,%,Q00,,esa_worldcover_2021,,2026-08-24 01:15:37
basin,HYBAS_4080749960,landcover_grassland_pct,0.024083312072868207,%,Q00,,esa_worldcover_2021,,2026-08-24 01:15:37
basin,HYBAS_4080749960,landcover_cropland_pct,0.08664661850040441,%,Q00,,esa_worldcover_2021,,2026-08-24 01:15:37
basin,HYBAS_4080749960,landcover_built_up_pct,0.048697502483403265,%,Q00,,esa_worldcover_2021,,2026-08-24 01:15:37
basin,HYBAS_4080749960,landcover_bare_sparse_pct,0.018478691585741194,%,Q00,,esa_worldcover_2021,,2026-08-24 01:15:37
basin,HYBAS_4080749960,landcover_snow_ice_pct,,%,Q00,,esa_worldcover_2021,,2026-08-24 01:15:37
basin,HYBAS_4080749960,landcover_permanent_water_pct,0.014501446616329123,%,Q00,,esa_worldcover_2021,,2026-08-24 01:15:37
basin,HYBAS_4080749960,landcover_herbaceous_wetland_pct,8.196587831052584e-05,%,Q00,,esa_worldcover_2021,,2026-08-24 01:15:37
basin,HYBAS_4080749960,landcover_mangroves_pct,,%,Q00,,esa_worldcover_2021,,2026-08-24 01:15:37
basin,HYBAS_4080749960,landcover_moss_lichen_pct,,%,Q00,,esa_worldcover_2021,,2026-08-24 01:15:37
basin,HYBAS_4080745690,area_km2,426.0,km²,Q00,HydroBASINS 汇水区域面积(SUB_AREA 单位 km²),hydrobasins_lev08,,2026-08-24 01:15:37
basin,HYBAS_4080745690,distance_to_taihu_boundary_km,75.74888946391175,km,Q00,流域质心到太湖边界距离(球面近似),hydrobasins_lev08,,2026-08-24 01:15:37
basin,HYBAS_4080745690,elevation_mean_m,180.0248565673828,m,Q00,,copernicus_dem_glo30,storage\silver\geo\copernicus_dem_glo30_taihu.tif,2026-08-24 01:15:37
basin,HYBAS_4080745690,elevation_median_m,150.19540405273438,m,Q00,,copernicus_dem_glo30,storage\silver\geo\copernicus_dem_glo30_taihu.tif,2026-08-24 01:15:37
basin,HYBAS_4080745690,elevation_std_m,112.07928466796875,m,Q00,,copernicus_dem_glo30,storage\silver\geo\copernicus_dem_glo30_taihu.tif,2026-08-24 01:15:37
basin,HYBAS_4080745690,elevation_min_m,19.5,m,Q00,,copernicus_dem_glo30,storage\silver\geo\copernicus_dem_glo30_taihu.tif,2026-08-24 01:15:37
basin,HYBAS_4080745690,elevation_max_m,664.5032348632812,m,Q00,,copernicus_dem_glo30,storage\silver\geo\copernicus_dem_glo30_taihu.tif,2026-08-24 01:15:37
basin,HYBAS_4080745690,elevation_valid_frac,0.48005818465275385,fraction,Q00,,copernicus_dem_glo30,,2026-08-24 01:15:37
basin,HYBAS_4080745690,landcover_tree_pct,0.4249997805356435,%,Q00,,esa_worldcover_2021,,2026-08-24 01:15:38
basin,HYBAS_4080745690,landcover_shrubland_pct,,%,Q00,,esa_worldcover_2021,,2026-08-24 01:15:38
basin,HYBAS_4080745690,landcover_grassland_pct,0.007786908888431846,%,Q00,,esa_worldcover_2021,,2026-08-24 01:15:38
basin,HYBAS_4080745690,landcover_cropland_pct,0.02326886515608305,%,Q00,,esa_worldcover_2021,,2026-08-24 01:15:38
basin,HYBAS_4080745690,landcover_built_up_pct,0.009243525174442812,%,Q00,,esa_worldcover_2021,,2026-08-24 01:15:38
basin,HYBAS_4080745690,landcover_bare_sparse_pct,0.003240234463177643,%,Q00,,esa_worldcover_2021,,2026-08-24 01:15:38
basin,HYBAS_4080745690,landcover_snow_ice_pct,,%,Q00,,esa_worldcover_2021,,2026-08-24 01:15:38
basin,HYBAS_4080745690,landcover_permanent_water_pct,0.011934314945146452,%,Q00,,esa_worldcover_2021,,2026-08-24 01:15:38
basin,HYBAS_4080745690,landcover_herbaceous_wetland_pct,1.8184189536942748e-05,%,Q00,,esa_worldcover_2021,,2026-08-24 01:15:38
basin,HYBAS_4080745690,landcover_mangroves_pct,,%,Q00,,esa_worldcover_2021,,2026-08-24 01:15:38
basin,HYBAS_4080745690,landcover_moss_lichen_pct,,%,Q00,,esa_worldcover_2021,,2026-08-24 01:15:38
basin,HYBAS_4080746110,area_km2,382.7,km²,Q00,HydroBASINS 汇水区域面积(SUB_AREA 单位 km²),hydrobasins_lev08,,2026-08-24 01:15:38
basin,HYBAS_4080746110,distance_to_taihu_boundary_km,76.14832570158225,km,Q00,流域质心到太湖边界距离(球面近似),hydrobasins_lev08,,2026-08-24 01:15:38
basin,HYBAS_4080746110,elevation_mean_m,326.1575927734375,m,Q00,,copernicus_dem_glo30,storage\silver\geo\copernicus_dem_glo30_taihu.tif,2026-08-24 01:15:38
basin,HYBAS_4080746110,elevation_median_m,180.90516662597656,m,Q00,,copernicus_dem_glo30,storage\silver\geo\copernicus_dem_glo30_taihu.tif,2026-08-24 01:15:38
basin,HYBAS_4080746110,elevation_std_m,292.85638427734375,m,Q00,,copernicus_dem_glo30,storage\silver\geo\copernicus_dem_glo30_taihu.tif,2026-08-24 01:15:38
basin,HYBAS_4080746110,elevation_min_m,19.5,m,Q00,,copernicus_dem_glo30,storage\silver\geo\copernicus_dem_glo30_taihu.tif,2026-08-24 01:15:38
basin,HYBAS_4080746110,elevation_max_m,1257.923828125,m,Q00,,copernicus_dem_glo30,storage\silver\geo\copernicus_dem_glo30_taihu.tif,2026-08-24 01:15:38
basin,HYBAS_4080746110,elevation_valid_frac,0.5432927523040164,fraction,Q00,,copernicus_dem_glo30,,2026-08-24 01:15:38
basin,HYBAS_4080746110,landcover_tree_pct,0.46460050575872397,%,Q00,,esa_worldcover_2021,,2026-08-24 01:15:38
basin,HYBAS_4080746110,landcover_shrubland_pct,,%,Q00,,esa_worldcover_2021,,2026-08-24 01:15:38
basin,HYBAS_4080746110,landcover_grassland_pct,0.008498024370566662,%,Q00,,esa_worldcover_2021,,2026-08-24 01:15:38
basin,HYBAS_4080746110,landcover_cropland_pct,0.033724029084592384,%,Q00,,esa_worldcover_2021,,2026-08-24 01:15:38
basin,HYBAS_4080746110,landcover_built_up_pct,0.025656360725131798,%,Q00,,esa_worldcover_2021,,2026-08-24 01:15:38
basin,HYBAS_4080746110,landcover_bare_sparse_pct,0.004014245145611318,%,Q00,,esa_worldcover_2021,,2026-08-24 01:15:38
basin,HYBAS_4080746110,landcover_snow_ice_pct,,%,Q00,,esa_worldcover_2021,,2026-08-24 01:15:38
basin,HYBAS_4080746110,landcover_permanent_water_pct,0.007453326112513987,%,Q00,,esa_worldcover_2021,,2026-08-24 01:15:38
basin,HYBAS_4080746110,landcover_herbaceous_wetland_pct,1.627396680653237e-05,%,Q00,,esa_worldcover_2021,,2026-08-24 01:15:38
basin,HYBAS_4080746110,landcover_mangroves_pct,,%,Q00,,esa_worldcover_2021,,2026-08-24 01:15:38
basin,HYBAS_4080746110,landcover_moss_lichen_pct,,%,Q00,,esa_worldcover_2021,,2026-08-24 01:15:38
basin,HYBAS_4080721850,area_km2,1349.0,km²,Q00,HydroBASINS 汇水区域面积(SUB_AREA 单位 km²),hydrobasins_lev08,,2026-08-24 01:15:38
basin,HYBAS_4080721850,distance_to_taihu_boundary_km,59.278234650836346,km,Q00,流域质心到太湖边界距离(球面近似),hydrobasins_lev08,,2026-08-24 01:15:38
basin,HYBAS_4080721850,elevation_mean_m,12.835209846496582,m,Q00,,copernicus_dem_glo30,storage\silver\geo\copernicus_dem_glo30_taihu.tif,2026-08-24 01:15:38
basin,HYBAS_4080721850,elevation_median_m,5.912463188171387,m,Q00,,copernicus_dem_glo30,storage\silver\geo\copernicus_dem_glo30_taihu.tif,2026-08-24 01:15:38
basin,HYBAS_4080721850,elevation_std_m,19.828641891479492,m,Q00,,copernicus_dem_glo30,storage\silver\geo\copernicus_dem_glo30_taihu.tif,2026-08-24 01:15:38
basin,HYBAS_4080721850,elevation_min_m,-15.466326713562012,m,Q00,,copernicus_dem_glo30,storage\silver\geo\copernicus_dem_glo30_taihu.tif,2026-08-24 01:15:38
basin,HYBAS_4080721850,elevation_max_m,209.82992553710938,m,Q00,,copernicus_dem_glo30,storage\silver\geo\copernicus_dem_glo30_taihu.tif,2026-08-24 01:15:38
basin,HYBAS_4080721850,elevation_valid_frac,0.33139692167499607,fraction,Q00,,copernicus_dem_glo30,,2026-08-24 01:15:38
basin,HYBAS_4080721850,landcover_tree_pct,0.07886139692686345,%,Q00,,esa_worldcover_2021,,2026-08-24 01:15:38
basin,HYBAS_4080721850,landcover_shrubland_pct,3.2047447313996614e-07,%,Q00,,esa_worldcover_2021,,2026-08-24 01:15:38
basin,HYBAS_4080721850,landcover_grassland_pct,0.0195304621669202,%,Q00,,esa_worldcover_2021,,2026-08-24 01:15:38
basin,HYBAS_4080721850,landcover_cropland_pct,0.13225233732715744,%,Q00,,esa_worldcover_2021,,2026-08-24 01:15:38
basin,HYBAS_4080721850,landcover_built_up_pct,0.08088252260413284,%,Q00,,esa_worldcover_2021,,2026-08-24 01:15:38
basin,HYBAS_4080721850,landcover_bare_sparse_pct,0.008721178662382279,%,Q00,,esa_worldcover_2021,,2026-08-24 01:15:38
basin,HYBAS_4080721850,landcover_snow_ice_pct,,%,Q00,,esa_worldcover_2021,,2026-08-24 01:15:38
basin,HYBAS_4080721850,landcover_permanent_water_pct,0.011342125728545302,%,Q00,,esa_worldcover_2021,,2026-08-24 01:15:38
basin,HYBAS_4080721850,landcover_herbaceous_wetland_pct,7.67002239048319e-05,%,Q00,,esa_worldcover_2021,,2026-08-24 01:15:38
basin,HYBAS_4080721850,landcover_mangroves_pct,,%,Q00,,esa_worldcover_2021,,2026-08-24 01:15:38
basin,HYBAS_4080721850,landcover_moss_lichen_pct,,%,Q00,,esa_worldcover_2021,,2026-08-24 01:15:38
basin,HYBAS_4080721760,area_km2,395.2,km²,Q00,HydroBASINS 汇水区域面积(SUB_AREA 单位 km²),hydrobasins_lev08,,2026-08-24 01:15:38
basin,HYBAS_4080721760,distance_to_taihu_boundary_km,44.76597430789009,km,Q00,流域质心到太湖边界距离(球面近似),hydrobasins_lev08,,2026-08-24 01:15:38
basin,HYBAS_4080721760,elevation_mean_m,4.25895357131958,m,Q00,,copernicus_dem_glo30,storage\silver\geo\copernicus_dem_glo30_taihu.tif,2026-08-24 01:15:38
basin,HYBAS_4080721760,elevation_median_m,3.701005220413208,m,Q00,,copernicus_dem_glo30,storage\silver\geo\copernicus_dem_glo30_taihu.tif,2026-08-24 01:15:38
basin,HYBAS_4080721760,elevation_std_m,6.1087517738342285,m,Q00,,copernicus_dem_glo30,storage\silver\geo\copernicus_dem_glo30_taihu.tif,2026-08-24 01:15:38
basin,HYBAS_4080721760,elevation_min_m,-103.71340942382812,m,Q00,,copernicus_dem_glo30,storage\silver\geo\copernicus_dem_glo30_taihu.tif,2026-08-24 01:15:38
basin,HYBAS_4080721760,elevation_max_m,154.1220703125,m,Q00,,copernicus_dem_glo30,storage\silver\geo\copernicus_dem_glo30_taihu.tif,2026-08-24 01:15:38
basin,HYBAS_4080721760,elevation_valid_frac,0.48483950765056755,fraction,Q00,,copernicus_dem_glo30,,2026-08-24 01:15:38
basin,HYBAS_4080721760,landcover_tree_pct,0.04188781586578293,%,Q00,,esa_worldcover_2021,,2026-08-24 01:15:39
basin,HYBAS_4080721760,landcover_shrubland_pct,5.483780953696032e-06,%,Q00,,esa_worldcover_2021,,2026-08-24 01:15:39
basin,HYBAS_4080721760,landcover_grassland_pct,0.04975650214604621,%,Q00,,esa_worldcover_2021,,2026-08-24 01:15:39
basin,HYBAS_4080721760,landcover_cropland_pct,0.20445342346152076,%,Q00,,esa_worldcover_2021,,2026-08-24 01:15:39
basin,HYBAS_4080721760,landcover_built_up_pct,0.06517464673662893,%,Q00,,esa_worldcover_2021,,2026-08-24 01:15:39
basin,HYBAS_4080721760,landcover_bare_sparse_pct,0.010701463684065176,%,Q00,,esa_worldcover_2021,,2026-08-24 01:15:39
basin,HYBAS_4080721760,landcover_snow_ice_pct,,%,Q00,,esa_worldcover_2021,,2026-08-24 01:15:39
basin,HYBAS_4080721760,landcover_permanent_water_pct,0.11306558458183744,%,Q00,,esa_worldcover_2021,,2026-08-24 01:15:39
basin,HYBAS_4080721760,landcover_herbaceous_wetland_pct,0.0005290500149590353,%,Q00,,esa_worldcover_2021,,2026-08-24 01:15:39
basin,HYBAS_4080721760,landcover_mangroves_pct,,%,Q00,,esa_worldcover_2021,,2026-08-24 01:15:39
basin,HYBAS_4080721760,landcover_moss_lichen_pct,,%,Q00,,esa_worldcover_2021,,2026-08-24 01:15:39
basin,HYBAS_4080722000,area_km2,501.7,km²,Q00,HydroBASINS 汇水区域面积(SUB_AREA 单位 km²),hydrobasins_lev08,,2026-08-24 01:15:39
basin,HYBAS_4080722000,distance_to_taihu_boundary_km,39.331883208620155,km,Q00,流域质心到太湖边界距离(球面近似),hydrobasins_lev08,,2026-08-24 01:15:39
basin,HYBAS_4080722000,elevation_mean_m,87.23788452148438,m,Q00,,copernicus_dem_glo30,storage\silver\geo\copernicus_dem_glo30_taihu.tif,2026-08-24 01:15:39
basin,HYBAS_4080722000,elevation_median_m,52.45528793334961,m,Q00,,copernicus_dem_glo30,storage\silver\geo\copernicus_dem_glo30_taihu.tif,2026-08-24 01:15:39
basin,HYBAS_4080722000,elevation_std_m,95.40119934082031,m,Q00,,copernicus_dem_glo30,storage\silver\geo\copernicus_dem_glo30_taihu.tif,2026-08-24 01:15:39
basin,HYBAS_4080722000,elevation_min_m,-51.72825241088867,m,Q00,,copernicus_dem_glo30,storage\silver\geo\copernicus_dem_glo30_taihu.tif,2026-08-24 01:15:39
basin,HYBAS_4080722000,elevation_max_m,537.9788208007812,m,Q00,,copernicus_dem_glo30,storage\silver\geo\copernicus_dem_glo30_taihu.tif,2026-08-24 01:15:39
basin,HYBAS_4080722000,elevation_valid_frac,0.576335064790837,fraction,Q00,,copernicus_dem_glo30,,2026-08-24 01:15:39
basin,HYBAS_4080722000,landcover_tree_pct,0.38829633606471603,%,Q00,,esa_worldcover_2021,,2026-08-24 01:15:39
basin,HYBAS_4080722000,landcover_shrubland_pct,1.2739375133649694e-06,%,Q00,,esa_worldcover_2021,,2026-08-24 01:15:39
basin,HYBAS_4080722000,landcover_grassland_pct,0.01641650477044101,%,Q00,,esa_worldcover_2021,,2026-08-24 01:15:39
basin,HYBAS_4080722000,landcover_cropland_pct,0.10923577398528603,%,Q00,,esa_worldcover_2021,,2026-08-24 01:15:39
basin,HYBAS_4080722000,landcover_built_up_pct,0.03700833974093571,%,Q00,,esa_worldcover_2021,,2026-08-24 01:15:39
basin,HYBAS_4080722000,landcover_bare_sparse_pct,0.0037893271335041018,%,Q00,,esa_worldcover_2021,,2026-08-24 01:15:39
basin,HYBAS_4080722000,landcover_snow_ice_pct,,%,Q00,,esa_worldcover_2021,,2026-08-24 01:15:39
basin,HYBAS_4080722000,landcover_permanent_water_pct,0.02217570328175403,%,Q00,,esa_worldcover_2021,,2026-08-24 01:15:39
basin,HYBAS_4080722000,landcover_herbaceous_wetland_pct,0.0002051039396517601,%,Q00,,esa_worldcover_2021,,2026-08-24 01:15:39
basin,HYBAS_4080722000,landcover_mangroves_pct,,%,Q00,,esa_worldcover_2021,,2026-08-24 01:15:39
basin,HYBAS_4080722000,landcover_moss_lichen_pct,,%,Q00,,esa_worldcover_2021,,2026-08-24 01:15:39
basin,HYBAS_4080754410,area_km2,901.5,km²,Q00,HydroBASINS 汇水区域面积(SUB_AREA 单位 km²),hydrobasins_lev08,,2026-08-24 01:15:39
basin,HYBAS_4080754410,distance_to_taihu_boundary_km,88.55774387811287,km,Q00,流域质心到太湖边界距离(球面近似),hydrobasins_lev08,,2026-08-24 01:15:39
basin,HYBAS_4080754410,elevation_mean_m,938.4004516601562,m,Q00,,copernicus_dem_glo30,storage\silver\geo\copernicus_dem_glo30_taihu.tif,2026-08-24 01:15:39
basin,HYBAS_4080754410,elevation_median_m,933.8671875,m,Q00,,copernicus_dem_glo30,storage\silver\geo\copernicus_dem_glo30_taihu.tif,2026-08-24 01:15:39
basin,HYBAS_4080754410,elevation_std_m,136.44985961914062,m,Q00,,copernicus_dem_glo30,storage\silver\geo\copernicus_dem_glo30_taihu.tif,2026-08-24 01:15:39
basin,HYBAS_4080754410,elevation_min_m,590.3322143554688,m,Q00,,copernicus_dem_glo30,storage\silver\geo\copernicus_dem_glo30_taihu.tif,2026-08-24 01:15:39
basin,HYBAS_4080754410,elevation_max_m,1270.44189453125,m,Q00,,copernicus_dem_glo30,storage\silver\geo\copernicus_dem_glo30_taihu.tif,2026-08-24 01:15:39
basin,HYBAS_4080754410,elevation_valid_frac,0.045392449080973674,fraction,Q00,,copernicus_dem_glo30,,2026-08-24 01:15:39
basin,HYBAS_4080754410,landcover_tree_pct,0.04478916044067367,%,Q00,,esa_worldcover_2021,,2026-08-24 01:15:39
basin,HYBAS_4080754410,landcover_shrubland_pct,,%,Q00,,esa_worldcover_2021,,2026-08-24 01:15:39
basin,HYBAS_4080754410,landcover_grassland_pct,0.0010425900130851377,%,Q00,,esa_worldcover_2021,,2026-08-24 01:15:39
basin,HYBAS_4080754410,landcover_cropland_pct,0.00024833621769166915,%,Q00,,esa_worldcover_2021,,2026-08-24 01:15:39
basin,HYBAS_4080754410,landcover_built_up_pct,0.00020401558960505395,%,Q00,,esa_worldcover_2021,,2026-08-24 01:15:39
basin,HYBAS_4080754410,landcover_bare_sparse_pct,,%,Q00,,esa_worldcover_2021,,2026-08-24 01:15:39
basin,HYBAS_4080754410,landcover_snow_ice_pct,,%,Q00,,esa_worldcover_2021,,2026-08-24 01:15:39
basin,HYBAS_4080754410,landcover_permanent_water_pct,,%,Q00,,esa_worldcover_2021,,2026-08-24 01:15:39
basin,HYBAS_4080754410,landcover_herbaceous_wetland_pct,,%,Q00,,esa_worldcover_2021,,2026-08-24 01:15:39
basin,HYBAS_4080754410,landcover_mangroves_pct,,%,Q00,,esa_worldcover_2021,,2026-08-24 01:15:39
basin,HYBAS_4080754410,landcover_moss_lichen_pct,,%,Q00,,esa_worldcover_2021,,2026-08-24 01:15:39
basin,HYBAS_4080754400,area_km2,617.5,km²,Q00,HydroBASINS 汇水区域面积(SUB_AREA 单位 km²),hydrobasins_lev08,,2026-08-24 01:15:39
basin,HYBAS_4080754400,distance_to_taihu_boundary_km,68.4339971328072,km,Q00,流域质心到太湖边界距离(球面近似),hydrobasins_lev08,,2026-08-24 01:15:39
basin,HYBAS_4080754400,elevation_mean_m,245.41941833496094,m,Q00,,copernicus_dem_glo30,storage\silver\geo\copernicus_dem_glo30_taihu.tif,2026-08-24 01:15:40
basin,HYBAS_4080754400,elevation_median_m,189.58843994140625,m,Q00,,copernicus_dem_glo30,storage\silver\geo\copernicus_dem_glo30_taihu.tif,2026-08-24 01:15:40
basin,HYBAS_4080754400,elevation_std_m,207.7064971923828,m,Q00,,copernicus_dem_glo30,storage\silver\geo\copernicus_dem_glo30_taihu.tif,2026-08-24 01:15:40
basin,HYBAS_4080754400,elevation_min_m,16.0,m,Q00,,copernicus_dem_glo30,storage\silver\geo\copernicus_dem_glo30_taihu.tif,2026-08-24 01:15:40
basin,HYBAS_4080754400,elevation_max_m,1172.28466796875,m,Q00,,copernicus_dem_glo30,storage\silver\geo\copernicus_dem_glo30_taihu.tif,2026-08-24 01:15:40
basin,HYBAS_4080754400,elevation_valid_frac,0.44323877489091423,fraction,Q00,,copernicus_dem_glo30,,2026-08-24 01:15:40
basin,HYBAS_4080754400,landcover_tree_pct,0.39277272195622565,%,Q00,,esa_worldcover_2021,,2026-08-24 01:15:40
basin,HYBAS_4080754400,landcover_shrubland_pct,1.5720838159630648e-07,%,Q00,,esa_worldcover_2021,,2026-08-24 01:15:40
basin,HYBAS_4080754400,landcover_grassland_pct,0.005595832342920529,%,Q00,,esa_worldcover_2021,,2026-08-24 01:15:40
basin,HYBAS_4080754400,landcover_cropland_pct,0.021137452947531388,%,Q00,,esa_worldcover_2021,,2026-08-24 01:15:40
basin,HYBAS_4080754400,landcover_built_up_pct,0.023222036087498413,%,Q00,,esa_worldcover_2021,,2026-08-24 01:15:40
basin,HYBAS_4080754400,landcover_bare_sparse_pct,0.0014554351968186054,%,Q00,,esa_worldcover_2021,,2026-08-24 01:15:40
basin,HYBAS_4080754400,landcover_snow_ice_pct,,%,Q00,,esa_worldcover_2021,,2026-08-24 01:15:40
basin,HYBAS_4080754400,landcover_permanent_water_pct,0.0006115406044096322,%,Q00,,esa_worldcover_2021,,2026-08-24 01:15:40
basin,HYBAS_4080754400,landcover_herbaceous_wetland_pct,2.9869592503298233e-06,%,Q00,,esa_worldcover_2021,,2026-08-24 01:15:40
basin,HYBAS_4080754400,landcover_mangroves_pct,,%,Q00,,esa_worldcover_2021,,2026-08-24 01:15:40
basin,HYBAS_4080754400,landcover_moss_lichen_pct,,%,Q00,,esa_worldcover_2021,,2026-08-24 01:15:40
basin,HYBAS_4081418620,area_km2,218.6,km²,Q00,HydroBASINS 汇水区域面积(SUB_AREA 单位 km²),hydrobasins_lev08,,2026-08-24 01:15:40
basin,HYBAS_4081418620,distance_to_taihu_boundary_km,56.54254371050863,km,Q00,流域质心到太湖边界距离(球面近似),hydrobasins_lev08,,2026-08-24 01:15:40
basin,HYBAS_4081418620,elevation_mean_m,4.05603551864624,m,Q00,,copernicus_dem_glo30,storage\silver\geo\copernicus_dem_glo30_taihu.tif,2026-08-24 01:15:40
basin,HYBAS_4081418620,elevation_median_m,3.272327423095703,m,Q00,,copernicus_dem_glo30,storage\silver\geo\copernicus_dem_glo30_taihu.tif,2026-08-24 01:15:40
basin,HYBAS_4081418620,elevation_std_m,3.372054100036621,m,Q00,,copernicus_dem_glo30,storage\silver\geo\copernicus_dem_glo30_taihu.tif,2026-08-24 01:15:40
basin,HYBAS_4081418620,elevation_min_m,-7.291497230529785,m,Q00,,copernicus_dem_glo30,storage\silver\geo\copernicus_dem_glo30_taihu.tif,2026-08-24 01:15:40
basin,HYBAS_4081418620,elevation_max_m,28.854089736938477,m,Q00,,copernicus_dem_glo30,storage\silver\geo\copernicus_dem_glo30_taihu.tif,2026-08-24 01:15:40
basin,HYBAS_4081418620,elevation_valid_frac,0.7252078799040125,fraction,Q00,,copernicus_dem_glo30,,2026-08-24 01:15:40
basin,HYBAS_4081418620,landcover_tree_pct,0.07783085277554304,%,Q00,,esa_worldcover_2021,,2026-08-24 01:15:40
basin,HYBAS_4081418620,landcover_shrubland_pct,1.1644154634373544e-05,%,Q00,,esa_worldcover_2021,,2026-08-24 01:15:40
basin,HYBAS_4081418620,landcover_grassland_pct,0.0633923656687979,%,Q00,,esa_worldcover_2021,,2026-08-24 01:15:40
basin,HYBAS_4081418620,landcover_cropland_pct,0.3409228521827497,%,Q00,,esa_worldcover_2021,,2026-08-24 01:15:40
basin,HYBAS_4081418620,landcover_built_up_pct,0.057888385485031967,%,Q00,,esa_worldcover_2021,,2026-08-24 01:15:40
basin,HYBAS_4081418620,landcover_bare_sparse_pct,0.01055013337849854,%,Q00,,esa_worldcover_2021,,2026-08-24 01:15:40
basin,HYBAS_4081418620,landcover_snow_ice_pct,,%,Q00,,esa_worldcover_2021,,2026-08-24 01:15:40
basin,HYBAS_4081418620,landcover_permanent_water_pct,0.174798873692679,%,Q00,,esa_worldcover_2021,,2026-08-24 01:15:40
basin,HYBAS_4081418620,landcover_herbaceous_wetland_pct,0.0007550175720879027,%,Q00,,esa_worldcover_2021,,2026-08-24 01:15:40
basin,HYBAS_4081418620,landcover_mangroves_pct,,%,Q00,,esa_worldcover_2021,,2026-08-24 01:15:40
basin,HYBAS_4081418620,landcover_moss_lichen_pct,,%,Q00,,esa_worldcover_2021,,2026-08-24 01:15:40
basin,HYBAS_4080712910,area_km2,1301.7,km²,Q00,HydroBASINS 汇水区域面积(SUB_AREA 单位 km²),hydrobasins_lev08,,2026-08-24 01:15:40
basin,HYBAS_4080712910,distance_to_taihu_boundary_km,75.02528659292359,km,Q00,流域质心到太湖边界距离(球面近似),hydrobasins_lev08,,2026-08-24 01:15:40
basin,HYBAS_4080712910,elevation_mean_m,6.406652450561523,m,Q00,,copernicus_dem_glo30,storage\silver\geo\copernicus_dem_glo30_taihu.tif,2026-08-24 01:15:40
basin,HYBAS_4080712910,elevation_median_m,5.062554359436035,m,Q00,,copernicus_dem_glo30,storage\silver\geo\copernicus_dem_glo30_taihu.tif,2026-08-24 01:15:40
basin,HYBAS_4080712910,elevation_std_m,4.340765953063965,m,Q00,,copernicus_dem_glo30,storage\silver\geo\copernicus_dem_glo30_taihu.tif,2026-08-24 01:15:40
basin,HYBAS_4080712910,elevation_min_m,-12.091263771057129,m,Q00,,copernicus_dem_glo30,storage\silver\geo\copernicus_dem_glo30_taihu.tif,2026-08-24 01:15:40
basin,HYBAS_4080712910,elevation_max_m,50.77347946166992,m,Q00,,copernicus_dem_glo30,storage\silver\geo\copernicus_dem_glo30_taihu.tif,2026-08-24 01:15:40
basin,HYBAS_4080712910,elevation_valid_frac,0.5115189126325776,fraction,Q00,,copernicus_dem_glo30,,2026-08-24 01:15:40
basin,HYBAS_4080712910,landcover_tree_pct,0.09196943426192437,%,Q00,,esa_worldcover_2021,,2026-08-24 01:15:40
basin,HYBAS_4080712910,landcover_shrubland_pct,4.183403392889559e-06,%,Q00,,esa_worldcover_2021,,2026-08-24 01:15:40
basin,HYBAS_4080712910,landcover_grassland_pct,0.04683932668122391,%,Q00,,esa_worldcover_2021,,2026-08-24 01:15:40
basin,HYBAS_4080712910,landcover_cropland_pct,0.35757042871667377,%,Q00,,esa_worldcover_2021,,2026-08-24 01:15:40
basin,HYBAS_4080712910,landcover_built_up_pct,0.0867197859292721,%,Q00,,esa_worldcover_2021,,2026-08-24 01:15:40
basin,HYBAS_4080712910,landcover_bare_sparse_pct,0.009161055801372006,%,Q00,,esa_worldcover_2021,,2026-08-24 01:15:40
basin,HYBAS_4080712910,landcover_snow_ice_pct,,%,Q00,,esa_worldcover_2021,,2026-08-24 01:15:40
basin,HYBAS_4080712910,landcover_permanent_water_pct,0.01690894299589952,%,Q00,,esa_worldcover_2021,,2026-08-24 01:15:40
basin,HYBAS_4080712910,landcover_herbaceous_wetland_pct,0.00031861099054774944,%,Q00,,esa_worldcover_2021,,2026-08-24 01:15:40
basin,HYBAS_4080712910,landcover_mangroves_pct,,%,Q00,,esa_worldcover_2021,,2026-08-24 01:15:40
basin,HYBAS_4080712910,landcover_moss_lichen_pct,,%,Q00,,esa_worldcover_2021,,2026-08-24 01:15:40
basin,HYBAS_4080712920,area_km2,711.6,km²,Q00,HydroBASINS 汇水区域面积(SUB_AREA 单位 km²),hydrobasins_lev08,,2026-08-24 01:15:40
basin,HYBAS_4080712920,distance_to_taihu_boundary_km,58.41117424088194,km,Q00,流域质心到太湖边界距离(球面近似),hydrobasins_lev08,,2026-08-24 01:15:40
basin,HYBAS_4080712920,elevation_mean_m,6.251505374908447,m,Q00,,copernicus_dem_glo30,storage\silver\geo\copernicus_dem_glo30_taihu.tif,2026-08-24 01:15:41
basin,HYBAS_4080712920,elevation_median_m,5.972100734710693,m,Q00,,copernicus_dem_glo30,storage\silver\geo\copernicus_dem_glo30_taihu.tif,2026-08-24 01:15:41
basin,HYBAS_4080712920,elevation_std_m,2.127171277999878,m,Q00,,copernicus_dem_glo30,storage\silver\geo\copernicus_dem_glo30_taihu.tif,2026-08-24 01:15:41
basin,HYBAS_4080712920,elevation_min_m,-9.965484619140625,m,Q00,,copernicus_dem_glo30,storage\silver\geo\copernicus_dem_glo30_taihu.tif,2026-08-24 01:15:41
basin,HYBAS_4080712920,elevation_max_m,29.481966018676758,m,Q00,,copernicus_dem_glo30,storage\silver\geo\copernicus_dem_glo30_taihu.tif,2026-08-24 01:15:41
basin,HYBAS_4080712920,elevation_valid_frac,0.6263497166202041,fraction,Q00,,copernicus_dem_glo30,,2026-08-24 01:15:41
basin,HYBAS_4080712920,landcover_tree_pct,0.10930524361688762,%,Q00,,esa_worldcover_2021,,2026-08-24 01:15:41
basin,HYBAS_4080712920,landcover_shrubland_pct,1.605278819973859e-05,%,Q00,,esa_worldcover_2021,,2026-08-24 01:15:41
basin,HYBAS_4080712920,landcover_grassland_pct,0.05572631217035731,%,Q00,,esa_worldcover_2021,,2026-08-24 01:15:41
basin,HYBAS_4080712920,landcover_cropland_pct,0.3420910964830602,%,Q00,,esa_worldcover_2021,,2026-08-24 01:15:41
basin,HYBAS_4080712920,landcover_built_up_pct,0.16491421216646093,%,Q00,,esa_worldcover_2021,,2026-08-24 01:15:41
basin,HYBAS_4080712920,landcover_bare_sparse_pct,0.012541071209339437,%,Q00,,esa_worldcover_2021,,2026-08-24 01:15:41
basin,HYBAS_4080712920,landcover_snow_ice_pct,,%,Q00,,esa_worldcover_2021,,2026-08-24 01:15:41
basin,HYBAS_4080712920,landcover_permanent_water_pct,0.016866129468525344,%,Q00,,esa_worldcover_2021,,2026-08-24 01:15:41
basin,HYBAS_4080712920,landcover_herbaceous_wetland_pct,0.0006085740127365686,%,Q00,,esa_worldcover_2021,,2026-08-24 01:15:41
basin,HYBAS_4080712920,landcover_mangroves_pct,,%,Q00,,esa_worldcover_2021,,2026-08-24 01:15:41
basin,HYBAS_4080712920,landcover_moss_lichen_pct,,%,Q00,,esa_worldcover_2021,,2026-08-24 01:15:41
basin,HYBAS_4080010250,area_km2,1138.8,km²,Q00,HydroBASINS 汇水区域面积(SUB_AREA 单位 km²),hydrobasins_lev08,,2026-08-24 01:15:41
basin,HYBAS_4080010250,distance_to_taihu_boundary_km,68.00873303517635,km,Q00,流域质心到太湖边界距离(球面近似),hydrobasins_lev08,,2026-08-24 01:15:41
basin,HYBAS_4080010250,elevation_mean_m,3.846029758453369,m,Q00,,copernicus_dem_glo30,storage\silver\geo\copernicus_dem_glo30_taihu.tif,2026-08-24 01:15:41
basin,HYBAS_4080010250,elevation_median_m,2.934225559234619,m,Q00,,copernicus_dem_glo30,storage\silver\geo\copernicus_dem_glo30_taihu.tif,2026-08-24 01:15:41
basin,HYBAS_4080010250,elevation_std_m,5.544661998748779,m,Q00,,copernicus_dem_glo30,storage\silver\geo\copernicus_dem_glo30_taihu.tif,2026-08-24 01:15:41
basin,HYBAS_4080010250,elevation_min_m,-18.492494583129883,m,Q00,,copernicus_dem_glo30,storage\silver\geo\copernicus_dem_glo30_taihu.tif,2026-08-24 01:15:41
basin,HYBAS_4080010250,elevation_max_m,178.21678161621094,m,Q00,,copernicus_dem_glo30,storage\silver\geo\copernicus_dem_glo30_taihu.tif,2026-08-24 01:15:41
basin,HYBAS_4080010250,elevation_valid_frac,0.30090344464264257,fraction,Q00,,copernicus_dem_glo30,,2026-08-24 01:15:41
basin,HYBAS_4080010250,landcover_tree_pct,0.05767923475623614,%,Q00,,esa_worldcover_2021,,2026-08-24 01:15:42
basin,HYBAS_4080010250,landcover_shrubland_pct,2.4141547386610898e-06,%,Q00,,esa_worldcover_2021,,2026-08-24 01:15:42
basin,HYBAS_4080010250,landcover_grassland_pct,0.042653202675949006,%,Q00,,esa_worldcover_2021,,2026-08-24 01:15:42
basin,HYBAS_4080010250,landcover_cropland_pct,0.16787540897029973,%,Q00,,esa_worldcover_2021,,2026-08-24 01:15:42
basin,HYBAS_4080010250,landcover_built_up_pct,0.1270202520943625,%,Q00,,esa_worldcover_2021,,2026-08-24 01:15:42
basin,HYBAS_4080010250,landcover_bare_sparse_pct,0.01670657514189819,%,Q00,,esa_worldcover_2021,,2026-08-24 01:15:42
basin,HYBAS_4080010250,landcover_snow_ice_pct,,%,Q00,,esa_worldcover_2021,,2026-08-24 01:15:42
basin,HYBAS_4080010250,landcover_permanent_water_pct,0.016850924945927097,%,Q00,,esa_worldcover_2021,,2026-08-24 01:15:42
basin,HYBAS_4080010250,landcover_herbaceous_wetland_pct,7.450581003798881e-05,%,Q00,,esa_worldcover_2021,,2026-08-24 01:15:42
basin,HYBAS_4080010250,landcover_mangroves_pct,,%,Q00,,esa_worldcover_2021,,2026-08-24 01:15:42
basin,HYBAS_4080010250,landcover_moss_lichen_pct,,%,Q00,,esa_worldcover_2021,,2026-08-24 01:15:42
basin,HYBAS_4080010320,area_km2,650.4,km²,Q00,HydroBASINS 汇水区域面积(SUB_AREA 单位 km²),hydrobasins_lev08,,2026-08-24 01:15:42
basin,HYBAS_4080010320,distance_to_taihu_boundary_km,62.82665389075695,km,Q00,流域质心到太湖边界距离(球面近似),hydrobasins_lev08,,2026-08-24 01:15:42
basin,HYBAS_4080010320,elevation_mean_m,3.3951287269592285,m,Q00,,copernicus_dem_glo30,storage\silver\geo\copernicus_dem_glo30_taihu.tif,2026-08-24 01:15:42
basin,HYBAS_4080010320,elevation_median_m,3.055751085281372,m,Q00,,copernicus_dem_glo30,storage\silver\geo\copernicus_dem_glo30_taihu.tif,2026-08-24 01:15:42
basin,HYBAS_4080010320,elevation_std_m,2.373563528060913,m,Q00,,copernicus_dem_glo30,storage\silver\geo\copernicus_dem_glo30_taihu.tif,2026-08-24 01:15:42
basin,HYBAS_4080010320,elevation_min_m,-81.94249725341797,m,Q00,,copernicus_dem_glo30,storage\silver\geo\copernicus_dem_glo30_taihu.tif,2026-08-24 01:15:42
basin,HYBAS_4080010320,elevation_max_m,89.27912139892578,m,Q00,,copernicus_dem_glo30,storage\silver\geo\copernicus_dem_glo30_taihu.tif,2026-08-24 01:15:42
basin,HYBAS_4080010320,elevation_valid_frac,0.6650583543205375,fraction,Q00,,copernicus_dem_glo30,,2026-08-24 01:15:42
basin,HYBAS_4080010320,landcover_tree_pct,0.08329563497117434,%,Q00,,esa_worldcover_2021,,2026-08-24 01:15:43
basin,HYBAS_4080010320,landcover_shrubland_pct,8.490622107881845e-07,%,Q00,,esa_worldcover_2021,,2026-08-24 01:15:43
basin,HYBAS_4080010320,landcover_grassland_pct,0.05888305866170814,%,Q00,,esa_worldcover_2021,,2026-08-24 01:15:43
basin,HYBAS_4080010320,landcover_cropland_pct,0.3551126281022611,%,Q00,,esa_worldcover_2021,,2026-08-24 01:15:43
basin,HYBAS_4080010320,landcover_built_up_pct,0.13537923363644855,%,Q00,,esa_worldcover_2021,,2026-08-24 01:15:43
basin,HYBAS_4080010320,landcover_bare_sparse_pct,0.015544885673773318,%,Q00,,esa_worldcover_2021,,2026-08-24 01:15:43
basin,HYBAS_4080010320,landcover_snow_ice_pct,,%,Q00,,esa_worldcover_2021,,2026-08-24 01:15:43
basin,HYBAS_4080010320,landcover_permanent_water_pct,0.020317039829508308,%,Q00,,esa_worldcover_2021,,2026-08-24 01:15:43
basin,HYBAS_4080010320,landcover_herbaceous_wetland_pct,8.184959711998098e-05,%,Q00,,esa_worldcover_2021,,2026-08-24 01:15:43
basin,HYBAS_4080010320,landcover_mangroves_pct,,%,Q00,,esa_worldcover_2021,,2026-08-24 01:15:43
basin,HYBAS_4080010320,landcover_moss_lichen_pct,,%,Q00,,esa_worldcover_2021,,2026-08-24 01:15:43
basin,HYBAS_4080010330,area_km2,108.3,km²,Q00,HydroBASINS 汇水区域面积(SUB_AREA 单位 km²),hydrobasins_lev08,,2026-08-24 01:15:43
basin,HYBAS_4080010330,distance_to_taihu_boundary_km,71.21764403791512,km,Q00,流域质心到太湖边界距离(球面近似),hydrobasins_lev08,,2026-08-24 01:15:43
basin,HYBAS_4080010330,elevation_mean_m,4.5838494300842285,m,Q00,,copernicus_dem_glo30,storage\silver\geo\copernicus_dem_glo30_taihu.tif,2026-08-24 01:15:43
basin,HYBAS_4080010330,elevation_median_m,4.270074844360352,m,Q00,,copernicus_dem_glo30,storage\silver\geo\copernicus_dem_glo30_taihu.tif,2026-08-24 01:15:43
basin,HYBAS_4080010330,elevation_std_m,1.4548170566558838,m,Q00,,copernicus_dem_glo30,storage\silver\geo\copernicus_dem_glo30_taihu.tif,2026-08-24 01:15:43
basin,HYBAS_4080010330,elevation_min_m,0.5,m,Q00,,copernicus_dem_glo30,storage\silver\geo\copernicus_dem_glo30_taihu.tif,2026-08-24 01:15:43
basin,HYBAS_4080010330,elevation_max_m,14.503602027893066,m,Q00,,copernicus_dem_glo30,storage\silver\geo\copernicus_dem_glo30_taihu.tif,2026-08-24 01:15:43
basin,HYBAS_4080010330,elevation_valid_frac,0.08460089256759887,fraction,Q00,,copernicus_dem_glo30,,2026-08-24 01:15:43
basin,HYBAS_4080010330,landcover_tree_pct,0.011330539844792273,%,Q00,,esa_worldcover_2021,,2026-08-24 01:15:43
basin,HYBAS_4080010330,landcover_shrubland_pct,1.391872716023865e-06,%,Q00,,esa_worldcover_2021,,2026-08-24 01:15:43
basin,HYBAS_4080010330,landcover_grassland_pct,0.002681442787419976,%,Q00,,esa_worldcover_2021,,2026-08-24 01:15:43
basin,HYBAS_4080010330,landcover_cropland_pct,0.04658458793260274,%,Q00,,esa_worldcover_2021,,2026-08-24 01:15:43
basin,HYBAS_4080010330,landcover_built_up_pct,0.022066750039842358,%,Q00,,esa_worldcover_2021,,2026-08-24 01:15:43
basin,HYBAS_4080010330,landcover_bare_sparse_pct,0.0011782202541142017,%,Q00,,esa_worldcover_2021,,2026-08-24 01:15:43
basin,HYBAS_4080010330,landcover_snow_ice_pct,,%,Q00,,esa_worldcover_2021,,2026-08-24 01:15:43
basin,HYBAS_4080010330,landcover_permanent_water_pct,0.0014635541608990941,%,Q00,,esa_worldcover_2021,,2026-08-24 01:15:43
basin,HYBAS_4080010330,landcover_herbaceous_wetland_pct,,%,Q00,,esa_worldcover_2021,,2026-08-24 01:15:43
basin,HYBAS_4080010330,landcover_mangroves_pct,,%,Q00,,esa_worldcover_2021,,2026-08-24 01:15:43
basin,HYBAS_4080010330,landcover_moss_lichen_pct,,%,Q00,,esa_worldcover_2021,,2026-08-24 01:15:43
basin,HYBAS_4080010350,area_km2,658.0,km²,Q00,HydroBASINS 汇水区域面积(SUB_AREA 单位 km²),hydrobasins_lev08,,2026-08-24 01:15:43
basin,HYBAS_4080010350,distance_to_taihu_boundary_km,49.89706893175272,km,Q00,流域质心到太湖边界距离(球面近似),hydrobasins_lev08,,2026-08-24 01:15:43
basin,HYBAS_4080010350,elevation_mean_m,4.059885025024414,m,Q00,,copernicus_dem_glo30,storage\silver\geo\copernicus_dem_glo30_taihu.tif,2026-08-24 01:15:43
basin,HYBAS_4080010350,elevation_median_m,3.4654383659362793,m,Q00,,copernicus_dem_glo30,storage\silver\geo\copernicus_dem_glo30_taihu.tif,2026-08-24 01:15:43
basin,HYBAS_4080010350,elevation_std_m,2.167072296142578,m,Q00,,copernicus_dem_glo30,storage\silver\geo\copernicus_dem_glo30_taihu.tif,2026-08-24 01:15:43
basin,HYBAS_4080010350,elevation_min_m,-2.0,m,Q00,,copernicus_dem_glo30,storage\silver\geo\copernicus_dem_glo30_taihu.tif,2026-08-24 01:15:43
basin,HYBAS_4080010350,elevation_max_m,83.82460021972656,m,Q00,,copernicus_dem_glo30,storage\silver\geo\copernicus_dem_glo30_taihu.tif,2026-08-24 01:15:43
basin,HYBAS_4080010350,elevation_valid_frac,0.7188825820685675,fraction,Q00,,copernicus_dem_glo30,,2026-08-24 01:15:43
basin,HYBAS_4080010350,landcover_tree_pct,0.12569943490996122,%,Q00,,esa_worldcover_2021,,2026-08-24 01:15:43
basin,HYBAS_4080010350,landcover_shrubland_pct,3.93421446053025e-06,%,Q00,,esa_worldcover_2021,,2026-08-24 01:15:43
basin,HYBAS_4080010350,landcover_grassland_pct,0.043167483956957645,%,Q00,,esa_worldcover_2021,,2026-08-24 01:15:43
basin,HYBAS_4080010350,landcover_cropland_pct,0.3122579175210754,%,Q00,,esa_worldcover_2021,,2026-08-24 01:15:43
basin,HYBAS_4080010350,landcover_built_up_pct,0.20199890594627437,%,Q00,,esa_worldcover_2021,,2026-08-24 01:15:43
basin,HYBAS_4080010350,landcover_bare_sparse_pct,0.02370731975995134,%,Q00,,esa_worldcover_2021,,2026-08-24 01:15:43
basin,HYBAS_4080010350,landcover_snow_ice_pct,,%,Q00,,esa_worldcover_2021,,2026-08-24 01:15:43
basin,HYBAS_4080010350,landcover_permanent_water_pct,0.012961012961012961,%,Q00,,esa_worldcover_2021,,2026-08-24 01:15:43
basin,HYBAS_4080010350,landcover_herbaceous_wetland_pct,6.936191146717462e-05,%,Q00,,esa_worldcover_2021,,2026-08-24 01:15:43
basin,HYBAS_4080010350,landcover_mangroves_pct,,%,Q00,,esa_worldcover_2021,,2026-08-24 01:15:43
basin,HYBAS_4080010350,landcover_moss_lichen_pct,,%,Q00,,esa_worldcover_2021,,2026-08-24 01:15:43
basin,HYBAS_4080010370,area_km2,1681.3,km²,Q00,HydroBASINS 汇水区域面积(SUB_AREA 单位 km²),hydrobasins_lev08,,2026-08-24 01:15:43
basin,HYBAS_4080010370,distance_to_taihu_boundary_km,68.84415676835847,km,Q00,流域质心到太湖边界距离(球面近似),hydrobasins_lev08,,2026-08-24 01:15:43
basin,HYBAS_4080010370,elevation_mean_m,4.07216739654541,m,Q00,,copernicus_dem_glo30,storage\silver\geo\copernicus_dem_glo30_taihu.tif,2026-08-24 01:15:43
basin,HYBAS_4080010370,elevation_median_m,3.5133609771728516,m,Q00,,copernicus_dem_glo30,storage\silver\geo\copernicus_dem_glo30_taihu.tif,2026-08-24 01:15:43
basin,HYBAS_4080010370,elevation_std_m,2.1304142475128174,m,Q00,,copernicus_dem_glo30,storage\silver\geo\copernicus_dem_glo30_taihu.tif,2026-08-24 01:15:43
basin,HYBAS_4080010370,elevation_min_m,-0.8681879639625549,m,Q00,,copernicus_dem_glo30,storage\silver\geo\copernicus_dem_glo30_taihu.tif,2026-08-24 01:15:43
basin,HYBAS_4080010370,elevation_max_m,30.75836753845215,m,Q00,,copernicus_dem_glo30,storage\silver\geo\copernicus_dem_glo30_taihu.tif,2026-08-24 01:15:43
basin,HYBAS_4080010370,elevation_valid_frac,0.2591509488547155,fraction,Q00,,copernicus_dem_glo30,,2026-08-24 01:15:43
basin,HYBAS_4080010370,landcover_tree_pct,0.04538105736012241,%,Q00,,esa_worldcover_2021,,2026-08-24 01:15:44
basin,HYBAS_4080010370,landcover_shrubland_pct,3.7522590806876966e-06,%,Q00,,esa_worldcover_2021,,2026-08-24 01:15:44
basin,HYBAS_4080010370,landcover_grassland_pct,0.010407707228440182,%,Q00,,esa_worldcover_2021,,2026-08-24 01:15:44
basin,HYBAS_4080010370,landcover_cropland_pct,0.11869075293272155,%,Q00,,esa_worldcover_2021,,2026-08-24 01:15:44
basin,HYBAS_4080010370,landcover_built_up_pct,0.07277568288908057,%,Q00,,esa_worldcover_2021,,2026-08-24 01:15:44
basin,HYBAS_4080010370,landcover_bare_sparse_pct,0.0059926667614296015,%,Q00,,esa_worldcover_2021,,2026-08-24 01:15:44
basin,HYBAS_4080010370,landcover_snow_ice_pct,,%,Q00,,esa_worldcover_2021,,2026-08-24 01:15:44
basin,HYBAS_4080010370,landcover_permanent_water_pct,0.0060983038906070805,%,Q00,,esa_worldcover_2021,,2026-08-24 01:15:44
basin,HYBAS_4080010370,landcover_herbaceous_wetland_pct,1.050632542592555e-05,%,Q00,,esa_worldcover_2021,,2026-08-24 01:15:44
basin,HYBAS_4080010370,landcover_mangroves_pct,,%,Q00,,esa_worldcover_2021,,2026-08-24 01:15:44
basin,HYBAS_4080010370,landcover_moss_lichen_pct,,%,Q00,,esa_worldcover_2021,,2026-08-24 01:15:44
station,NASA_POWER_120.300_31.200,longitude,120.3,°E,Q00,,station_coordinates,,2026-08-24 01:15:44
station,NASA_POWER_120.300_31.200,latitude,31.2,°N,Q00,,station_coordinates,,2026-08-24 01:15:44
station,NASA_POWER_120.300_31.200,inside_lake,1.0,flag,Q00,,taihu_boundary_gpkg,,2026-08-24 01:15:44
station,NASA_POWER_120.300_31.200,elevation_m,,m,Q00,无覆盖,copernicus_dem_glo30,,2026-08-24 01:15:44
station,IN_SITU_120.1991_31.247,longitude,120.1990832,°E,Q00,,station_coordinates,,2026-08-24 01:15:44
station,IN_SITU_120.1991_31.247,latitude,31.2470365,°N,Q00,,station_coordinates,,2026-08-24 01:15:44
station,IN_SITU_120.1991_31.247,inside_lake,1.0,flag,Q00,,taihu_boundary_gpkg,,2026-08-24 01:15:44
station,IN_SITU_120.1991_31.247,elevation_m,,m,Q00,无覆盖,copernicus_dem_glo30,,2026-08-24 01:15:44
station,IN_SITU_120.1894_31.2114,longitude,120.1894288,°E,Q00,,station_coordinates,,2026-08-24 01:15:44
station,IN_SITU_120.1894_31.2114,latitude,31.21141317,°N,Q00,,station_coordinates,,2026-08-24 01:15:44
station,IN_SITU_120.1894_31.2114,inside_lake,1.0,flag,Q00,,taihu_boundary_gpkg,,2026-08-24 01:15:44
station,IN_SITU_120.1894_31.2114,elevation_m,,m,Q00,无覆盖,copernicus_dem_glo30,,2026-08-24 01:15:44
station,IN_SITU_120.1951_31.1725,longitude,120.1951193,°E,Q00,,station_coordinates,,2026-08-24 01:15:44
station,IN_SITU_120.1951_31.1725,latitude,31.1724955,°N,Q00,,station_coordinates,,2026-08-24 01:15:44
station,IN_SITU_120.1951_31.1725,inside_lake,1.0,flag,Q00,,taihu_boundary_gpkg,,2026-08-24 01:15:44
station,IN_SITU_120.1951_31.1725,elevation_m,,m,Q00,无覆盖,copernicus_dem_glo30,,2026-08-24 01:15:44
station,IN_SITU_120.2281_31.1733,longitude,120.228107,°E,Q00,,station_coordinates,,2026-08-24 01:15:44
station,IN_SITU_120.2281_31.1733,latitude,31.173293,°N,Q00,,station_coordinates,,2026-08-24 01:15:44
station,IN_SITU_120.2281_31.1733,inside_lake,1.0,flag,Q00,,taihu_boundary_gpkg,,2026-08-24 01:15:44
station,IN_SITU_120.2281_31.1733,elevation_m,,m,Q00,无覆盖,copernicus_dem_glo30,,2026-08-24 01:15:44
station,IN_SITU_120.231_31.2466,longitude,120.2310283,°E,Q00,,station_coordinates,,2026-08-24 01:15:44
station,IN_SITU_120.231_31.2466,latitude,31.246582,°N,Q00,,station_coordinates,,2026-08-24 01:15:44
station,IN_SITU_120.231_31.2466,inside_lake,1.0,flag,Q00,,taihu_boundary_gpkg,,2026-08-24 01:15:44
station,IN_SITU_120.231_31.2466,elevation_m,,m,Q00,无覆盖,copernicus_dem_glo30,,2026-08-24 01:15:44
station,IN_SITU_120.263_31.2457,longitude,120.2629922,°E,Q00,,station_coordinates,,2026-08-24 01:15:44
station,IN_SITU_120.263_31.2457,latitude,31.24568283,°N,Q00,,station_coordinates,,2026-08-24 01:15:44
station,IN_SITU_120.263_31.2457,inside_lake,1.0,flag,Q00,,taihu_boundary_gpkg,,2026-08-24 01:15:44
station,IN_SITU_120.263_31.2457,elevation_m,,m,Q00,无覆盖,copernicus_dem_glo30,,2026-08-24 01:15:44
station,IN_SITU_120.259_31.211,longitude,120.258994,°E,Q00,,station_coordinates,,2026-08-24 01:15:44
station,IN_SITU_120.259_31.211,latitude,31.21098317,°N,Q00,,station_coordinates,,2026-08-24 01:15:44
station,IN_SITU_120.259_31.211,inside_lake,1.0,flag,Q00,,taihu_boundary_gpkg,,2026-08-24 01:15:44
station,IN_SITU_120.259_31.211,elevation_m,,m,Q00,无覆盖,copernicus_dem_glo30,,2026-08-24 01:15:44
station,IN_SITU_120.2588_31.1862,longitude,120.2588338,°E,Q00,,station_coordinates,,2026-08-24 01:15:44
station,IN_SITU_120.2588_31.1862,latitude,31.1861585,°N,Q00,,station_coordinates,,2026-08-24 01:15:44
station,IN_SITU_120.2588_31.1862,inside_lake,1.0,flag,Q00,,taihu_boundary_gpkg,,2026-08-24 01:15:44
station,IN_SITU_120.2588_31.1862,elevation_m,,m,Q00,无覆盖,copernicus_dem_glo30,,2026-08-24 01:15:44
station,IN_SITU_120.2946_31.2287,longitude,120.2945968,°E,Q00,,station_coordinates,,2026-08-24 01:15:44
station,IN_SITU_120.2946_31.2287,latitude,31.228659,°N,Q00,,station_coordinates,,2026-08-24 01:15:44
station,IN_SITU_120.2946_31.2287,inside_lake,1.0,flag,Q00,,taihu_boundary_gpkg,,2026-08-24 01:15:44
station,IN_SITU_120.2946_31.2287,elevation_m,,m,Q00,无覆盖,copernicus_dem_glo30,,2026-08-24 01:15:44
station,IN_SITU_120.3179_31.2088,longitude,120.3178983,°E,Q00,,station_coordinates,,2026-08-24 01:15:44
station,IN_SITU_120.3179_31.2088,latitude,31.20877583,°N,Q00,,station_coordinates,,2026-08-24 01:15:44
station,IN_SITU_120.3179_31.2088,inside_lake,1.0,flag,Q00,,taihu_boundary_gpkg,,2026-08-24 01:15:44
station,IN_SITU_120.3179_31.2088,elevation_m,,m,Q00,无覆盖,copernicus_dem_glo30,,2026-08-24 01:15:44
station,IN_SITU_119.9624_31.2873,longitude,119.9624,°E,Q00,,station_coordinates,,2026-08-24 01:15:44
station,IN_SITU_119.9624_31.2873,latitude,31.28734,°N,Q00,,station_coordinates,,2026-08-24 01:15:44
station,IN_SITU_119.9624_31.2873,inside_lake,1.0,flag,Q00,,taihu_boundary_gpkg,,2026-08-24 01:15:44
station,IN_SITU_119.9624_31.2873,elevation_m,,m,Q00,无覆盖,copernicus_dem_glo30,,2026-08-24 01:15:44
station,IN_SITU_119.9464_31.2639,longitude,119.9464,°E,Q00,,station_coordinates,,2026-08-24 01:15:44
station,IN_SITU_119.9464_31.2639,latitude,31.26392,°N,Q00,,station_coordinates,,2026-08-24 01:15:44
station,IN_SITU_119.9464_31.2639,inside_lake,1.0,flag,Q00,,taihu_boundary_gpkg,,2026-08-24 01:15:44
station,IN_SITU_119.9464_31.2639,elevation_m,,m,Q00,无覆盖,copernicus_dem_glo30,,2026-08-24 01:15:44
station,IN_SITU_119.9642_31.236,longitude,119.9642,°E,Q00,,station_coordinates,,2026-08-24 01:15:44
station,IN_SITU_119.9642_31.236,latitude,31.23598,°N,Q00,,station_coordinates,,2026-08-24 01:15:44
station,IN_SITU_119.9642_31.236,inside_lake,1.0,flag,Q00,,taihu_boundary_gpkg,,2026-08-24 01:15:44
station,IN_SITU_119.9642_31.236,elevation_m,,m,Q00,无覆盖,copernicus_dem_glo30,,2026-08-24 01:15:44
station,IN_SITU_119.9928_31.2453,longitude,119.9928,°E,Q00,,station_coordinates,,2026-08-24 01:15:44
station,IN_SITU_119.9928_31.2453,latitude,31.24533,°N,Q00,,station_coordinates,,2026-08-24 01:15:44
station,IN_SITU_119.9928_31.2453,inside_lake,1.0,flag,Q00,,taihu_boundary_gpkg,,2026-08-24 01:15:44
station,IN_SITU_119.9928_31.2453,elevation_m,,m,Q00,无覆盖,copernicus_dem_glo30,,2026-08-24 01:15:44
station,IN_SITU_120.0112_31.1992,longitude,120.0112,°E,Q00,,station_coordinates,,2026-08-24 01:15:44
station,IN_SITU_120.0112_31.1992,latitude,31.19916,°N,Q00,,station_coordinates,,2026-08-24 01:15:44
station,IN_SITU_120.0112_31.1992,inside_lake,1.0,flag,Q00,,taihu_boundary_gpkg,,2026-08-24 01:15:44
station,IN_SITU_120.0112_31.1992,elevation_m,,m,Q00,无覆盖,copernicus_dem_glo30,,2026-08-24 01:15:44
station,IN_SITU_120.0248_31.227,longitude,120.0248,°E,Q00,,station_coordinates,,2026-08-24 01:15:44
station,IN_SITU_120.0248_31.227,latitude,31.22704,°N,Q00,,station_coordinates,,2026-08-24 01:15:44
station,IN_SITU_120.0248_31.227,inside_lake,1.0,flag,Q00,,taihu_boundary_gpkg,,2026-08-24 01:15:44
station,IN_SITU_120.0248_31.227,elevation_m,,m,Q00,无覆盖,copernicus_dem_glo30,,2026-08-24 01:15:44
station,IN_SITU_120.0464_31.2672,longitude,120.0464,°E,Q00,,station_coordinates,,2026-08-24 01:15:44
station,IN_SITU_120.0464_31.2672,latitude,31.26719,°N,Q00,,station_coordinates,,2026-08-24 01:15:44
station,IN_SITU_120.0464_31.2672,inside_lake,1.0,flag,Q00,,taihu_boundary_gpkg,,2026-08-24 01:15:44
station,IN_SITU_120.0464_31.2672,elevation_m,,m,Q00,无覆盖,copernicus_dem_glo30,,2026-08-24 01:15:45
station,IN_SITU_120.0124_31.2798,longitude,120.0124,°E,Q00,,station_coordinates,,2026-08-24 01:15:45
station,IN_SITU_120.0124_31.2798,latitude,31.27985,°N,Q00,,station_coordinates,,2026-08-24 01:15:45
station,IN_SITU_120.0124_31.2798,inside_lake,1.0,flag,Q00,,taihu_boundary_gpkg,,2026-08-24 01:15:45
station,IN_SITU_120.0124_31.2798,elevation_m,,m,Q00,无覆盖,copernicus_dem_glo30,,2026-08-24 01:15:45
station,IN_SITU_119.9966_31.3135,longitude,119.9966,°E,Q00,,station_coordinates,,2026-08-24 01:15:45
station,IN_SITU_119.9966_31.3135,latitude,31.31349,°N,Q00,,station_coordinates,,2026-08-24 01:15:45
station,IN_SITU_119.9966_31.3135,inside_lake,1.0,flag,Q00,,taihu_boundary_gpkg,,2026-08-24 01:15:45
station,IN_SITU_119.9966_31.3135,elevation_m,,m,Q00,无覆盖,copernicus_dem_glo30,,2026-08-24 01:15:45
station,IN_SITU_120.0137_31.3376,longitude,120.0137,°E,Q00,,station_coordinates,,2026-08-24 01:15:45
station,IN_SITU_120.0137_31.3376,latitude,31.33761,°N,Q00,,station_coordinates,,2026-08-24 01:15:45
station,IN_SITU_120.0137_31.3376,inside_lake,1.0,flag,Q00,,taihu_boundary_gpkg,,2026-08-24 01:15:45
station,IN_SITU_120.0137_31.3376,elevation_m,,m,Q00,无覆盖,copernicus_dem_glo30,,2026-08-24 01:15:45
station,IN_SITU_120.0051_31.3513,longitude,120.0051,°E,Q00,,station_coordinates,,2026-08-24 01:15:45
station,IN_SITU_120.0051_31.3513,latitude,31.35129,°N,Q00,,station_coordinates,,2026-08-24 01:15:45
station,IN_SITU_120.0051_31.3513,inside_lake,1.0,flag,Q00,,taihu_boundary_gpkg,,2026-08-24 01:15:45
station,IN_SITU_120.0051_31.3513,elevation_m,,m,Q00,无覆盖,copernicus_dem_glo30,,2026-08-24 01:15:45
station,IN_SITU_120.006_31.369,longitude,120.006,°E,Q00,,station_coordinates,,2026-08-24 01:15:45
station,IN_SITU_120.006_31.369,latitude,31.36902,°N,Q00,,station_coordinates,,2026-08-24 01:15:45
station,IN_SITU_120.006_31.369,inside_lake,1.0,flag,Q00,,taihu_boundary_gpkg,,2026-08-24 01:15:45
station,IN_SITU_120.006_31.369,elevation_m,,m,Q00,无覆盖,copernicus_dem_glo30,,2026-08-24 01:15:45
station,IN_SITU_119.9909_31.3588,longitude,119.9909,°E,Q00,,station_coordinates,,2026-08-24 01:15:45
station,IN_SITU_119.9909_31.3588,latitude,31.35878,°N,Q00,,station_coordinates,,2026-08-24 01:15:45
station,IN_SITU_119.9909_31.3588,inside_lake,1.0,flag,Q00,,taihu_boundary_gpkg,,2026-08-24 01:15:45
station,IN_SITU_119.9909_31.3588,elevation_m,,m,Q00,无覆盖,copernicus_dem_glo30,,2026-08-24 01:15:45
station,IN_SITU_119.9901_31.3085,longitude,119.9901,°E,Q00,,station_coordinates,,2026-08-24 01:15:45
station,IN_SITU_119.9901_31.3085,latitude,31.30853,°N,Q00,,station_coordinates,,2026-08-24 01:15:45
station,IN_SITU_119.9901_31.3085,inside_lake,1.0,flag,Q00,,taihu_boundary_gpkg,,2026-08-24 01:15:45
station,IN_SITU_119.9901_31.3085,elevation_m,,m,Q00,无覆盖,copernicus_dem_glo30,,2026-08-24 01:15:45
station,IN_SITU_120.0052_31.3213,longitude,120.0052,°E,Q00,,station_coordinates,,2026-08-24 01:15:45
station,IN_SITU_120.0052_31.3213,latitude,31.32134,°N,Q00,,station_coordinates,,2026-08-24 01:15:45
station,IN_SITU_120.0052_31.3213,inside_lake,1.0,flag,Q00,,taihu_boundary_gpkg,,2026-08-24 01:15:45
station,IN_SITU_120.0052_31.3213,elevation_m,,m,Q00,无覆盖,copernicus_dem_glo30,,2026-08-24 01:15:45
station,IN_SITU_119.9922_31.3207,longitude,119.9922,°E,Q00,,station_coordinates,,2026-08-24 01:15:45
station,IN_SITU_119.9922_31.3207,latitude,31.32065,°N,Q00,,station_coordinates,,2026-08-24 01:15:45
station,IN_SITU_119.9922_31.3207,inside_lake,1.0,flag,Q00,,taihu_boundary_gpkg,,2026-08-24 01:15:45
station,IN_SITU_119.9922_31.3207,elevation_m,,m,Q00,无覆盖,copernicus_dem_glo30,,2026-08-24 01:15:45
station,IN_SITU_119.9823_31.3276,longitude,119.9823,°E,Q00,,station_coordinates,,2026-08-24 01:15:45
station,IN_SITU_119.9823_31.3276,latitude,31.32756,°N,Q00,,station_coordinates,,2026-08-24 01:15:45
station,IN_SITU_119.9823_31.3276,inside_lake,1.0,flag,Q00,,taihu_boundary_gpkg,,2026-08-24 01:15:45
station,IN_SITU_119.9823_31.3276,elevation_m,,m,Q00,无覆盖,copernicus_dem_glo30,,2026-08-24 01:15:45
station,IN_SITU_120.03_31.3647,longitude,120.03,°E,Q00,,station_coordinates,,2026-08-24 01:15:45
station,IN_SITU_120.03_31.3647,latitude,31.36473,°N,Q00,,station_coordinates,,2026-08-24 01:15:45
station,IN_SITU_120.03_31.3647,inside_lake,1.0,flag,Q00,,taihu_boundary_gpkg,,2026-08-24 01:15:45
station,IN_SITU_120.03_31.3647,elevation_m,,m,Q00,无覆盖,copernicus_dem_glo30,,2026-08-24 01:15:45
station,IN_SITU_120.0323_31.3412,longitude,120.0323,°E,Q00,,station_coordinates,,2026-08-24 01:15:45
station,IN_SITU_120.0323_31.3412,latitude,31.3412,°N,Q00,,station_coordinates,,2026-08-24 01:15:45
station,IN_SITU_120.0323_31.3412,inside_lake,1.0,flag,Q00,,taihu_boundary_gpkg,,2026-08-24 01:15:45
station,IN_SITU_120.0323_31.3412,elevation_m,,m,Q00,无覆盖,copernicus_dem_glo30,,2026-08-24 01:15:45
station,IN_SITU_120.0274_31.3009,longitude,120.0274,°E,Q00,,station_coordinates,,2026-08-24 01:15:45
station,IN_SITU_120.0274_31.3009,latitude,31.3009,°N,Q00,,station_coordinates,,2026-08-24 01:15:45
station,IN_SITU_120.0274_31.3009,inside_lake,1.0,flag,Q00,,taihu_boundary_gpkg,,2026-08-24 01:15:45
station,IN_SITU_120.0274_31.3009,elevation_m,,m,Q00,无覆盖,copernicus_dem_glo30,,2026-08-24 01:15:45
station,IN_SITU_120.0338_31.2892,longitude,120.0338,°E,Q00,,station_coordinates,,2026-08-24 01:15:45
station,IN_SITU_120.0338_31.2892,latitude,31.28923,°N,Q00,,station_coordinates,,2026-08-24 01:15:45
station,IN_SITU_120.0338_31.2892,inside_lake,1.0,flag,Q00,,taihu_boundary_gpkg,,2026-08-24 01:15:45
station,IN_SITU_120.0338_31.2892,elevation_m,,m,Q00,无覆盖,copernicus_dem_glo30,,2026-08-24 01:15:45
station,IN_SITU_120.0375_31.2486,longitude,120.0375,°E,Q00,,station_coordinates,,2026-08-24 01:15:45
station,IN_SITU_120.0375_31.2486,latitude,31.24859,°N,Q00,,station_coordinates,,2026-08-24 01:15:45
station,IN_SITU_120.0375_31.2486,inside_lake,1.0,flag,Q00,,taihu_boundary_gpkg,,2026-08-24 01:15:45
station,IN_SITU_120.0375_31.2486,elevation_m,,m,Q00,无覆盖,copernicus_dem_glo30,,2026-08-24 01:15:45
station,IN_SITU_120.0123_31.2457,longitude,120.0123,°E,Q00,,station_coordinates,,2026-08-24 01:15:45
station,IN_SITU_120.0123_31.2457,latitude,31.24572,°N,Q00,,station_coordinates,,2026-08-24 01:15:45
station,IN_SITU_120.0123_31.2457,inside_lake,1.0,flag,Q00,,taihu_boundary_gpkg,,2026-08-24 01:15:45
station,IN_SITU_120.0123_31.2457,elevation_m,,m,Q00,无覆盖,copernicus_dem_glo30,,2026-08-24 01:15:45
station,IN_SITU_119.9878_31.2466,longitude,119.9878,°E,Q00,,station_coordinates,,2026-08-24 01:15:45
station,IN_SITU_119.9878_31.2466,latitude,31.24665,°N,Q00,,station_coordinates,,2026-08-24 01:15:45
station,IN_SITU_119.9878_31.2466,inside_lake,1.0,flag,Q00,,taihu_boundary_gpkg,,2026-08-24 01:15:45
station,IN_SITU_119.9878_31.2466,elevation_m,,m,Q00,无覆盖,copernicus_dem_glo30,,2026-08-24 01:15:45
station,IN_SITU_119.9987_31.2617,longitude,119.9987,°E,Q00,,station_coordinates,,2026-08-24 01:15:45
station,IN_SITU_119.9987_31.2617,latitude,31.2617,°N,Q00,,station_coordinates,,2026-08-24 01:15:45
station,IN_SITU_119.9987_31.2617,inside_lake,1.0,flag,Q00,,taihu_boundary_gpkg,,2026-08-24 01:15:45
station,IN_SITU_119.9987_31.2617,elevation_m,,m,Q00,无覆盖,copernicus_dem_glo30,,2026-08-24 01:15:45
station,IN_SITU_119.9893_31.2683,longitude,119.9893,°E,Q00,,station_coordinates,,2026-08-24 01:15:45
station,IN_SITU_119.9893_31.2683,latitude,31.2683,°N,Q00,,station_coordinates,,2026-08-24 01:15:45
station,IN_SITU_119.9893_31.2683,inside_lake,1.0,flag,Q00,,taihu_boundary_gpkg,,2026-08-24 01:15:45
station,IN_SITU_119.9893_31.2683,elevation_m,,m,Q00,无覆盖,copernicus_dem_glo30,,2026-08-24 01:15:45
station,IN_SITU_119.9667_31.2412,longitude,119.9667,°E,Q00,,station_coordinates,,2026-08-24 01:15:45
station,IN_SITU_119.9667_31.2412,latitude,31.24118,°N,Q00,,station_coordinates,,2026-08-24 01:15:45
station,IN_SITU_119.9667_31.2412,inside_lake,1.0,flag,Q00,,taihu_boundary_gpkg,,2026-08-24 01:15:45
station,IN_SITU_119.9667_31.2412,elevation_m,,m,Q00,无覆盖,copernicus_dem_glo30,,2026-08-24 01:15:45
station,IN_SITU_119.9635_31.23,longitude,119.9635,°E,Q00,,station_coordinates,,2026-08-24 01:15:45
station,IN_SITU_119.9635_31.23,latitude,31.23002,°N,Q00,,station_coordinates,,2026-08-24 01:15:45
station,IN_SITU_119.9635_31.23,inside_lake,1.0,flag,Q00,,taihu_boundary_gpkg,,2026-08-24 01:15:45
station,IN_SITU_119.9635_31.23,elevation_m,,m,Q00,无覆盖,copernicus_dem_glo30,,2026-08-24 01:15:45
station,IN_SITU_119.9738_31.2155,longitude,119.9738,°E,Q00,,station_coordinates,,2026-08-24 01:15:45
station,IN_SITU_119.9738_31.2155,latitude,31.2155,°N,Q00,,station_coordinates,,2026-08-24 01:15:45
station,IN_SITU_119.9738_31.2155,inside_lake,1.0,flag,Q00,,taihu_boundary_gpkg,,2026-08-24 01:15:45
station,IN_SITU_119.9738_31.2155,elevation_m,,m,Q00,无覆盖,copernicus_dem_glo30,,2026-08-24 01:15:45
station,IN_SITU_119.928_31.2363,longitude,119.928,°E,Q00,,station_coordinates,,2026-08-24 01:15:45
station,IN_SITU_119.928_31.2363,latitude,31.2363,°N,Q00,,station_coordinates,,2026-08-24 01:15:45
station,IN_SITU_119.928_31.2363,inside_lake,1.0,flag,Q00,,taihu_boundary_gpkg,,2026-08-24 01:15:45
station,IN_SITU_119.928_31.2363,elevation_m,,m,Q00,无覆盖,copernicus_dem_glo30,,2026-08-24 01:15:45
station,IN_SITU_119.9255_31.2551,longitude,119.9255,°E,Q00,,station_coordinates,,2026-08-24 01:15:45
station,IN_SITU_119.9255_31.2551,latitude,31.25514,°N,Q00,,station_coordinates,,2026-08-24 01:15:45
station,IN_SITU_119.9255_31.2551,inside_lake,1.0,flag,Q00,,taihu_boundary_gpkg,,2026-08-24 01:15:45
station,IN_SITU_119.9255_31.2551,elevation_m,,m,Q00,无覆盖,copernicus_dem_glo30,,2026-08-24 01:15:45
