grid_id,experimental_zone_id,centroid_x_m,centroid_y_m,water_area_m2
TH_G_204_3424,EXP_ZONE_01,204499.99999999968,3424499.9999999995,999999.9999995925
TH_G_204_3425,EXP_ZONE_01,204500.00000000006,3425500.0,1000000.0000000582
TH_G_204_3426,EXP_ZONE_01,204500.0000000004,3426499.9999999995,1000000.0000006694
TH_G_204_3427,EXP_ZONE_01,204500.00000000035,3427499.9999999995,999999.9999989232
TH_G_204_3428,EXP_ZONE_01,204500.00000000064,3428499.9999999995,999999.9999992142
TH_G_204_3429,EXP_ZONE_01,204500.00000000055,3429499.9999999995,999999.9999998254
TH_G_204_3430,EXP_ZONE_01,204499.99999999994,3430500.0,1000000.0000001746
TH_G_204_3431,EXP_ZONE_01,204500.0,3431499.9999999995,999999.9999998545
TH_G_204_3432,EXP_ZONE_01,204500.0,3432499.9999999995,999999.9999991269
TH_G_204_3433,EXP_ZONE_01,204500.0000000005,3433499.999999999,1000000.0000006112
TH_G_204_3434,EXP_ZONE_01,204500.00000000058,3434499.9999999995,1000000.000000844
TH_G_204_3435,EXP_ZONE_01,204499.99999999977,3435499.9999999995,999999.9999990105
TH_G_204_3436,EXP_ZONE_01,204499.99999999968,3436499.9999999995,999999.9999992142
TH_G_204_3437,EXP_ZONE_01,204499.99999999988,3437499.9999999995,999999.9999999127
TH_G_204_3438,EXP_ZONE_01,204499.99999999936,3438500.0,999999.9999995925
TH_G_204_3439,EXP_ZONE_01,204500.0000000002,3439500.0,1000000.0000001164
TH_G_204_3440,EXP_ZONE_01,204500.00000000044,3440500.0000000005,1000000.0000001746
TH_G_204_3441,EXP_ZONE_01,204500.00000000076,3441500.0,1000000.0000015716
TH_G_204_3442,EXP_ZONE_01,204500.0000000006,3442499.9999999995,999999.9999981956
TH_G_204_3443,EXP_ZONE_01,204499.99999999994,3443500.0,999999.9999999709
TH_G_204_3444,EXP_ZONE_02,204499.99999999994,3444499.9999999995,999999.999998865
TH_G_204_3445,EXP_ZONE_02,204499.99999999985,3445500.0,1000000.0
TH_G_204_3446,EXP_ZONE_02,204500.0000000003,3446500.0,1000000.0000007276
TH_G_204_3447,EXP_ZONE_02,204499.9999999997,3447499.9999999995,1000000.0000011933
TH_G_204_3448,EXP_ZONE_02,204500.0000000001,3448499.9999999995,999999.9999993888
TH_G_204_3449,EXP_ZONE_02,204500.0000000001,3449500.0,1000000.0000006403
TH_G_204_3450,EXP_ZONE_02,204499.9999999997,3450500.0000000005,1000000.0000001164
TH_G_204_3451,EXP_ZONE_02,204500.00000000035,3451500.0,1000000.0000011933
TH_G_204_3452,EXP_ZONE_02,204499.99999999962,3452500.0,1000000.0000003201
TH_G_204_3453,EXP_ZONE_02,204499.99999999988,3453500.0000000005,1000000.0000001164
TH_G_204_3454,EXP_ZONE_02,204500.0000000007,3454500.0,999999.9999992142
TH_G_204_3455,EXP_ZONE_02,204500.00000000006,3455500.0000000005,999999.9999995925
TH_G_204_3456,EXP_ZONE_02,204500.0000000003,3456500.0,999999.9999998836
TH_G_204_3457,EXP_ZONE_02,204499.99999999997,3457500.0,999999.9999992142
TH_G_204_3458,EXP_ZONE_02,204499.99999999988,3458500.0,1000000.0000002619
TH_G_204_3459,EXP_ZONE_02,204500.0000000002,3459499.9999999995,1000000.0000012806
TH_G_204_3460,EXP_ZONE_02,204499.99999999997,3460500.0,1000000.0000003201
TH_G_204_3461,EXP_ZONE_02,204499.99999999985,3461500.0000000005,999999.9999991269
TH_G_204_3462,EXP_ZONE_02,204500.00000000015,3462500.0000000005,999999.999999447
TH_G_204_3463,EXP_ZONE_02,204500.00000000015,3463500.0,999999.9999993015
TH_G_205_3424,EXP_ZONE_01,205499.99999999953,3424500.0,999999.9999993597
TH_G_205_3425,EXP_ZONE_01,205500.0000000001,3425500.0,999999.9999995343
TH_G_205_3426,EXP_ZONE_01,205500.0000000001,3426500.0,999999.9999996508
TH_G_205_3427,EXP_ZONE_01,205499.99999999977,3427500.0,999999.9999995634
TH_G_205_3428,EXP_ZONE_01,205500.00000000003,3428499.9999999995,999999.9999995052
TH_G_205_3429,EXP_ZONE_01,205500.00000000023,3429499.9999999995,1000000.0000003201
TH_G_205_3430,EXP_ZONE_01,205499.99999999985,3430500.0,999999.9999989814
TH_G_205_3431,EXP_ZONE_01,205499.99999999997,3431499.9999999995,999999.9999999127
TH_G_205_3432,EXP_ZONE_01,205500.00000000012,3432499.9999999995,1000000.0000007858
TH_G_205_3433,EXP_ZONE_01,205500.00000000006,3433499.9999999995,999999.9999986321
TH_G_205_3434,EXP_ZONE_01,205500.00000000067,3434500.0,1000000.000001106
TH_G_205_3435,EXP_ZONE_01,205500.00000000032,3435500.0,1000000.0000018335
TH_G_205_3436,EXP_ZONE_01,205500.0,3436500.0000000005,1000000.0000002037
TH_G_205_3437,EXP_ZONE_01,205500.0,3437499.999999999,1000000.0000006112
TH_G_205_3438,EXP_ZONE_01,205499.99999999942,3438500.0000000005,999999.9999998836
TH_G_205_3439,EXP_ZONE_01,205499.99999999968,3439500.0000000005,1000000.0000007567
TH_G_205_3440,EXP_ZONE_01,205500.0000000007,3440500.0000000005,999999.9999985448
TH_G_205_3441,EXP_ZONE_01,205500.00000000096,3441500.0,1000000.0000003783
TH_G_205_3442,EXP_ZONE_01,205500.00000000038,3442499.9999999995,1000000.0000004366
TH_G_205_3443,EXP_ZONE_01,205499.99999999974,3443500.0,1000000.0000010186
TH_G_205_3444,EXP_ZONE_02,205500.0,3444500.0,1000000.0000001746
TH_G_205_3445,EXP_ZONE_02,205500.00000000035,3445499.9999999995,1000000.0000006403
TH_G_205_3446,EXP_ZONE_02,205500.00000000076,3446500.0,1000000.0000005821
TH_G_205_3447,EXP_ZONE_02,205500.00000000052,3447499.9999999995,1000000.0000006403
TH_G_205_3448,EXP_ZONE_02,205500.00000000052,3448499.9999999995,1000000.0000000291
TH_G_205_3449,EXP_ZONE_02,205500.00000000012,3449500.0000000005,1000000.0000016007
TH_G_205_3450,EXP_ZONE_02,205499.9999999995,3450500.0,999999.9999988067
TH_G_205_3451,EXP_ZONE_02,205500.0000000002,3451500.0,999999.9999989232
TH_G_205_3452,EXP_ZONE_02,205500.0,3452500.0000000005,1000000.0000001164
TH_G_205_3453,EXP_ZONE_02,205500.00000000012,3453500.0,1000000.0000006985
TH_G_205_3454,EXP_ZONE_02,205500.00000000023,3454500.0000000005,999999.9999998545
TH_G_205_3455,EXP_ZONE_02,205500.00000000035,3455500.0000000005,1000000.0000006403
TH_G_205_3456,EXP_ZONE_02,205500.00000000058,3456499.9999999995,1000000.0000006985
TH_G_205_3457,EXP_ZONE_02,205500.00000000052,3457500.0,1000000.0000010477
TH_G_205_3458,EXP_ZONE_02,205500.00000000032,3458499.9999999995,1000000.0000014843
TH_G_205_3459,EXP_ZONE_02,205500.00000000023,3459499.9999999995,999999.9999991269
TH_G_205_3460,EXP_ZONE_02,205500.0000000002,3460499.9999999995,999999.9999995052
TH_G_205_3461,EXP_ZONE_02,205500.00000000003,3461499.9999999995,1000000.0000019791
TH_G_205_3462,EXP_ZONE_02,205500.00000000015,3462499.9999999995,1000000.0000001746
TH_G_205_3463,EXP_ZONE_02,205499.99999999983,3463500.0,999999.9999994761
TH_G_206_3424,EXP_ZONE_01,206499.99999999945,3424499.9999999995,999999.9999992724
TH_G_206_3425,EXP_ZONE_01,206499.99999999953,3425499.999999999,1000000.0000007567
TH_G_206_3426,EXP_ZONE_01,206499.99999999965,3426500.0000000005,999999.9999993306
TH_G_206_3427,EXP_ZONE_01,206499.99999999936,3427500.0,999999.9999992433
TH_G_206_3428,EXP_ZONE_01,206499.99999999962,3428500.0,999999.999998312
TH_G_206_3429,EXP_ZONE_01,206499.99999999953,3429499.9999999995,999999.9999998254
TH_G_206_3430,EXP_ZONE_01,206499.99999999965,3430500.0,999999.999999709
TH_G_206_3431,EXP_ZONE_01,206500.00000000023,3431500.0,999999.9999999709
TH_G_206_3432,EXP_ZONE_01,206500.00000000003,3432499.9999999995,1000000.0000008149
TH_G_206_3433,EXP_ZONE_01,206500.0000000001,3433499.9999999995,999999.9999989523
TH_G_206_3434,EXP_ZONE_01,206500.00000000015,3434499.999999999,999999.9999994761
TH_G_206_3435,EXP_ZONE_01,206500.0,3435500.0,999999.9999990396
TH_G_206_3436,EXP_ZONE_01,206500.0000000005,3436499.999999999,999999.9999985157
TH_G_206_3437,EXP_ZONE_01,206500.0000000002,3437500.0,1000000.0000015425
TH_G_206_3438,EXP_ZONE_01,206499.99999999988,3438500.0,1000000.0000007276
TH_G_206_3439,EXP_ZONE_01,206499.99999999956,3439500.0,999999.9999995634
TH_G_206_3440,EXP_ZONE_01,206499.99999999983,3440500.0,999999.9999984575
TH_G_206_3441,EXP_ZONE_01,206500.0000000005,3441500.0,999999.9999992433
TH_G_206_3442,EXP_ZONE_01,206500.0000000003,3442499.9999999995,999999.9999997381
TH_G_206_3443,EXP_ZONE_01,206499.9999999998,3443499.9999999995,999999.9999996799
TH_G_206_3444,EXP_ZONE_02,206500.00000000026,3444499.9999999995,999999.999998865
TH_G_206_3445,EXP_ZONE_02,206500.00000000044,3445500.0,999999.9999995925
TH_G_206_3446,EXP_ZONE_02,206499.99999999997,3446500.0000000005,999999.9999990105
TH_G_206_3447,EXP_ZONE_02,206500.00000000015,3447500.0,999999.9999979627
TH_G_206_3448,EXP_ZONE_02,206499.99999999994,3448499.9999999995,999999.9999975262
TH_G_206_3449,EXP_ZONE_02,206499.99999999974,3449500.0000000005,1000000.0000007858
TH_G_206_3450,EXP_ZONE_02,206500.0000000003,3450500.0000000005,1000000.0000001164
TH_G_206_3451,EXP_ZONE_02,206500.0000000002,3451499.9999999995,1000000.0000010477
TH_G_206_3452,EXP_ZONE_02,206500.0000000003,3452499.9999999995,1000000.000001106
TH_G_206_3453,EXP_ZONE_02,206500.00000000038,3453500.0,1000000.0000001455
TH_G_206_3454,EXP_ZONE_02,206500.00000000017,3454500.0,999999.9999990687
TH_G_206_3455,EXP_ZONE_02,206500.00000000038,3455499.9999999995,999999.9999997672
TH_G_206_3456,EXP_ZONE_02,206500.0000000004,3456499.9999999995,999999.9999985739
TH_G_206_3457,EXP_ZONE_02,206500.0000000004,3457500.0000000005,999999.999998312
TH_G_206_3458,EXP_ZONE_02,206500.00000000055,3458499.9999999995,999999.9999995925
TH_G_206_3459,EXP_ZONE_02,206500.00000000047,3459500.0000000005,1000000.0000018917
TH_G_206_3460,EXP_ZONE_02,206500.00000000026,3460499.9999999995,999999.999999447
TH_G_206_3461,EXP_ZONE_02,206500.00000000058,3461500.0,1000000.0
TH_G_206_3462,EXP_ZONE_02,206500.00000000044,3462499.9999999995,1000000.0000001746
TH_G_206_3463,EXP_ZONE_02,206499.9999999999,3463499.9999999995,1000000.0000002328
TH_G_207_3424,EXP_ZONE_01,207499.99999999968,3424499.999999999,999999.9999986903
TH_G_207_3425,EXP_ZONE_01,207499.99999999953,3425499.999999999,1000000.0000009604
TH_G_207_3426,EXP_ZONE_01,207499.9999999997,3426500.0,1000000.0000014843
TH_G_207_3427,EXP_ZONE_01,207499.99999999977,3427500.0,1000000.000000844
TH_G_207_3428,EXP_ZONE_01,207499.99999999962,3428499.999999999,1000000.0000013679
TH_G_207_3429,EXP_ZONE_01,207499.9999999993,3429499.999999999,1000000.0000004657
TH_G_207_3430,EXP_ZONE_01,207499.99999999953,3430500.0,999999.999999447
TH_G_207_3431,EXP_ZONE_01,207499.99999999977,3431499.999999999,999999.999998865
TH_G_207_3432,EXP_ZONE_01,207500.00000000012,3432500.0,1000000.000000844
TH_G_207_3433,EXP_ZONE_01,207500.0000000005,3433499.9999999995,1000000.0000004075
TH_G_207_3434,EXP_ZONE_01,207500.0000000001,3434499.9999999995,1000000.0000004948
TH_G_207_3435,EXP_ZONE_01,207499.99999999983,3435499.9999999995,1000000.0000007858
TH_G_207_3436,EXP_ZONE_01,207500.00000000023,3436499.999999999,999999.9999990396
TH_G_207_3437,EXP_ZONE_01,207500.00000000038,3437499.999999999,1000000.0000009895
TH_G_207_3438,EXP_ZONE_01,207499.99999999994,3438499.9999999995,1000000.0000013388
TH_G_207_3439,EXP_ZONE_01,207499.99999999956,3439500.0000000005,999999.9999985739
TH_G_207_3440,EXP_ZONE_01,207499.99999999977,3440499.9999999995,1000000.0000008149
TH_G_207_3441,EXP_ZONE_01,207500.00000000055,3441500.0,1000000.0000014261
TH_G_207_3442,EXP_ZONE_01,207500.0000000003,3442499.999999999,999999.9999994761
TH_G_207_3443,EXP_ZONE_01,207499.99999999962,3443499.999999999,1000000.0000012224
TH_G_207_3444,EXP_ZONE_02,207499.9999999998,3444499.9999999995,1000000.0000000873
TH_G_207_3445,EXP_ZONE_02,207499.99999999977,3445499.9999999995,999999.9999995052
TH_G_207_3446,EXP_ZONE_02,207499.99999999953,3446500.0,999999.9999999418
TH_G_207_3447,EXP_ZONE_02,207499.99999999927,3447500.0000000005,1000000.0000004366
TH_G_207_3448,EXP_ZONE_02,207499.99999999948,3448499.9999999995,1000000.0000000291
TH_G_207_3449,EXP_ZONE_02,207499.9999999998,3449500.0,1000000.0000012806
TH_G_207_3450,EXP_ZONE_02,207500.00000000017,3450500.0,999999.9999993015
TH_G_207_3451,EXP_ZONE_02,207499.99999999997,3451500.0,999999.9999975262
TH_G_207_3452,EXP_ZONE_02,207500.0,3452499.9999999995,999999.999998894
TH_G_207_3453,EXP_ZONE_02,207499.99999999985,3453500.0,1000000.0000003783
TH_G_207_3454,EXP_ZONE_02,207499.99999999997,3454500.0,999999.9999983702
TH_G_207_3455,EXP_ZONE_02,207499.9999999999,3455499.9999999995,999999.9999989523
TH_G_207_3456,EXP_ZONE_02,207499.99999999953,3456500.0,1000000.0000010477
TH_G_207_3457,EXP_ZONE_02,207499.99999999948,3457499.9999999995,999999.9999987776
TH_G_207_3458,EXP_ZONE_02,207500.0000000003,3458500.0000000005,999999.9999996508
TH_G_207_3459,EXP_ZONE_02,207500.00000000038,3459499.9999999995,1000000.0000002619
TH_G_207_3460,EXP_ZONE_02,207500.00000000032,3460500.0000000005,999999.9999984866
TH_G_207_3461,EXP_ZONE_02,207500.0000000001,3461500.0,1000000.0
TH_G_207_3462,EXP_ZONE_02,207500.00000000006,3462500.0000000005,999999.999998865
TH_G_207_3463,EXP_ZONE_02,207499.9999999997,3463500.0,999999.9999997963
TH_G_208_3424,EXP_ZONE_01,208499.99999999997,3424499.9999999995,999999.9999992433
TH_G_208_3425,EXP_ZONE_01,208499.99999999997,3425499.999999999,1000000.000001106
TH_G_208_3426,EXP_ZONE_01,208499.9999999999,3426499.9999999995,1000000.0000002037
TH_G_208_3427,EXP_ZONE_01,208499.99999999977,3427500.0,999999.9999982829
TH_G_208_3428,EXP_ZONE_01,208499.99999999965,3428500.0,999999.9999987194
TH_G_208_3429,EXP_ZONE_01,208499.9999999994,3429500.0,999999.9999995052
TH_G_208_3430,EXP_ZONE_01,208499.99999999945,3430499.9999999995,1000000.0000008731
TH_G_208_3431,EXP_ZONE_01,208499.99999999956,3431499.9999999995,999999.9999999127
TH_G_208_3432,EXP_ZONE_01,208499.99999999985,3432499.9999999995,1000000.0000001746
TH_G_208_3433,EXP_ZONE_01,208500.0000000003,3433500.0,999999.9999982247
TH_G_208_3434,EXP_ZONE_01,208499.99999999994,3434499.999999999,999999.9999986612
TH_G_208_3435,EXP_ZONE_01,208499.99999999965,3435500.0,1000000.0000001164
TH_G_208_3436,EXP_ZONE_01,208499.99999999994,3436500.0,999999.9999994761
TH_G_208_3437,EXP_ZONE_01,208500.00000000032,3437500.0,999999.9999991269
TH_G_208_3438,EXP_ZONE_01,208500.00000000047,3438500.0000000005,1000000.0000011933
TH_G_208_3439,EXP_ZONE_01,208500.00000000015,3439500.0000000005,1000000.0000009895
TH_G_208_3440,EXP_ZONE_01,208500.00000000015,3440499.9999999995,1000000.0000006403
TH_G_208_3441,EXP_ZONE_01,208500.00000000055,3441500.0000000005,999999.999998312
TH_G_208_3442,EXP_ZONE_01,208500.0000000006,3442499.999999999,999999.9999995925
TH_G_208_3443,EXP_ZONE_01,208500.00000000023,3443499.999999999,1000000.0000005821
TH_G_208_3444,EXP_ZONE_02,208499.99999999965,3444500.0,999999.999999709
TH_G_208_3445,EXP_ZONE_02,208499.99999999968,3445499.9999999986,1000000.0000001455
TH_G_208_3446,EXP_ZONE_02,208499.99999999962,3446499.9999999995,1000000.0000004075
TH_G_208_3447,EXP_ZONE_02,208499.9999999994,3447500.0000000005,1000000.0000009022
TH_G_208_3448,EXP_ZONE_02,208500.0,3448500.0,999999.9999998254
TH_G_208_3449,EXP_ZONE_02,208499.99999999983,3449500.0,999999.9999999418
TH_G_208_3450,EXP_ZONE_02,208499.9999999994,3450500.0,1000000.0000004948
TH_G_208_3451,EXP_ZONE_02,208500.00000000003,3451500.0,1000000.0000007567
TH_G_208_3452,EXP_ZONE_02,208499.99999999994,3452499.9999999995,1000000.0000000582
TH_G_208_3453,EXP_ZONE_02,208499.99999999965,3453499.9999999995,1000000.000001397
TH_G_208_3454,EXP_ZONE_02,208499.99999999945,3454500.0000000005,999999.999998865
TH_G_208_3455,EXP_ZONE_02,208499.99999999945,3455499.999999999,1000000.0000009313
TH_G_208_3456,EXP_ZONE_02,208499.99999999962,3456500.0000000005,1000000.0000009604
TH_G_208_3457,EXP_ZONE_02,208499.99999999985,3457500.0000000005,999999.9999993597
TH_G_208_3458,EXP_ZONE_02,208499.9999999998,3458499.9999999995,1000000.0000008149
TH_G_208_3459,EXP_ZONE_02,208500.0000000003,3459500.0,999999.9999995052
TH_G_208_3460,EXP_ZONE_02,208500.0000000004,3460500.0,1000000.0000003201
TH_G_208_3461,EXP_ZONE_02,208500.0000000001,3461499.9999999995,1000000.0000012806
TH_G_208_3462,EXP_ZONE_02,208499.99999999988,3462500.0,999999.9999999127
TH_G_208_3463,EXP_ZONE_02,208500.00000000012,3463499.999999999,1000000.0000011642
TH_G_209_3424,EXP_ZONE_01,209500.0000000001,3424499.9999999995,999999.9999992142
TH_G_209_3425,EXP_ZONE_01,209499.99999999985,3425500.0,999999.9999997672
TH_G_209_3426,EXP_ZONE_01,209500.00000000015,3426500.0000000005,1000000.0000002328
TH_G_209_3427,EXP_ZONE_01,209499.99999999919,3427499.9999999995,999999.9999996799
TH_G_209_3428,EXP_ZONE_01,209499.99999999913,3428500.0000000005,1000000.0000000291
TH_G_209_3429,EXP_ZONE_01,209499.9999999993,3429499.9999999995,1000000.0000006403
TH_G_209_3430,EXP_ZONE_01,209500.0000000001,3430499.999999999,1000000.0000004075
TH_G_209_3431,EXP_ZONE_01,209500.00000000035,3431499.999999999,1000000.0000011933
TH_G_209_3432,EXP_ZONE_01,209500.00000000023,3432500.0,1000000.0000018335
TH_G_209_3433,EXP_ZONE_01,209499.9999999999,3433500.0,1000000.0
TH_G_209_3434,EXP_ZONE_01,209499.99999999956,3434499.999999999,1000000.0000003492
TH_G_209_3435,EXP_ZONE_01,209499.99999999974,3435500.0000000005,1000000.000000844
TH_G_209_3436,EXP_ZONE_01,209500.00000000003,3436500.0000000005,1000000.0000006403
TH_G_209_3437,EXP_ZONE_01,209499.9999999999,3437500.0,999999.9999994761
TH_G_209_3438,EXP_ZONE_01,209500.00000000017,3438500.0,1000000.0000004075
TH_G_209_3439,EXP_ZONE_01,209500.00000000081,3439500.0000000005,999999.9999981665
TH_G_209_3440,EXP_ZONE_01,209500.00000000038,3440500.0000000005,1000000.0000013679
TH_G_209_3441,EXP_ZONE_01,209500.00000000052,3441500.0,1000000.000000291
TH_G_209_3442,EXP_ZONE_01,209500.0000000005,3442500.0,999999.9999995925
TH_G_209_3443,EXP_ZONE_02,209499.99999999962,3443500.0000000005,999999.9999993888
TH_G_209_3444,EXP_ZONE_02,209499.99999999977,3444499.9999999995,999999.9999989814
TH_G_209_3445,EXP_ZONE_02,209499.99999999945,3445500.0,1000000.0000003492
TH_G_209_3446,EXP_ZONE_02,209499.99999999948,3446500.0000000005,1000000.0000006112
TH_G_209_3447,EXP_ZONE_02,209499.99999999983,3447499.9999999995,999999.9999996508
TH_G_209_3448,EXP_ZONE_02,209500.00000000035,3448499.9999999995,1000000.0000000291
TH_G_209_3449,EXP_ZONE_02,209500.00000000012,3449500.0,1000000.0000017171
TH_G_209_3450,EXP_ZONE_02,209499.99999999983,3450500.0,1000000.0000004948
TH_G_209_3451,EXP_ZONE_02,209500.00000000052,3451500.0,1000000.0000002037
TH_G_209_3452,EXP_ZONE_02,209500.00000000076,3452500.0,999999.9999996508
TH_G_209_3453,EXP_ZONE_02,209499.9999999998,3453500.0,1000000.0000017462
TH_G_209_3454,EXP_ZONE_02,209499.99999999994,3454500.0000000005,999999.9999993015
TH_G_209_3455,EXP_ZONE_02,209499.99999999924,3455500.0,999999.9999998836
TH_G_209_3456,EXP_ZONE_02,209499.99999999953,3456500.0,1000000.0000007858
TH_G_209_3457,EXP_ZONE_02,209500.00000000017,3457500.0,999999.99999805
TH_G_209_3458,EXP_ZONE_02,209499.99999999942,3458500.0,1000000.0000001455
TH_G_209_3459,EXP_ZONE_02,209499.99999999988,3459500.0,999999.9999995052
TH_G_209_3460,EXP_ZONE_02,209500.00000000073,3460499.9999999995,999999.999998894
TH_G_209_3461,EXP_ZONE_02,209500.00000000012,3461499.9999999995,1000000.0000009604
TH_G_209_3462,EXP_ZONE_02,209500.00000000017,3462500.0,999999.9999991851
TH_G_209_3463,EXP_ZONE_02,209499.9999999999,3463499.999999999,999999.9999980791
TH_G_210_3424,EXP_ZONE_01,210500.00000000012,3424500.0000000005,1000000.0000004657
TH_G_210_3425,EXP_ZONE_01,210500.0,3425500.0,999999.9999994761
TH_G_210_3426,EXP_ZONE_01,210500.0000000001,3426500.0,1000000.0000009313
TH_G_210_3427,EXP_ZONE_01,210499.9999999993,3427499.999999999,1000000.0000002619
TH_G_210_3428,EXP_ZONE_01,210499.9999999996,3428500.0,1000000.0000003201
TH_G_210_3429,EXP_ZONE_01,210500.00000000035,3429500.0,1000000.000001106
TH_G_210_3430,EXP_ZONE_01,210500.00000000067,3430499.9999999986,999999.9999999709
TH_G_210_3431,EXP_ZONE_01,210500.00000000032,3431499.9999999995,999999.9999997963
TH_G_210_3432,EXP_ZONE_01,210499.99999999988,3432500.0000000005,999999.9999987485
TH_G_210_3433,EXP_ZONE_01,210499.9999999998,3433499.9999999995,999999.999998603
TH_G_210_3434,EXP_ZONE_01,210499.99999999953,3434499.9999999995,999999.9999995052
TH_G_210_3435,EXP_ZONE_01,210500.00000000012,3435499.9999999995,999999.9999996799
TH_G_210_3436,EXP_ZONE_01,210500.0,3436499.9999999995,999999.9999995634
TH_G_210_3437,EXP_ZONE_01,210500.00000000015,3437499.9999999995,1000000.0000010477
TH_G_210_3438,EXP_ZONE_01,210500.00000000006,3438499.9999999995,1000000.0000007567
TH_G_210_3439,EXP_ZONE_01,210500.0000000002,3439499.9999999995,999999.999999709
TH_G_210_3440,EXP_ZONE_01,210500.00000000015,3440499.9999999995,999999.9999990687
TH_G_210_3441,EXP_ZONE_01,210500.0000000004,3441500.0,999999.9999986612
TH_G_210_3442,EXP_ZONE_01,210499.99999999983,3442500.0,999999.9999999127
TH_G_210_3443,EXP_ZONE_01,210499.99999999953,3443499.9999999995,1000000.0000004075
TH_G_210_3444,EXP_ZONE_02,210499.99999999968,3444500.0,1000000.000000291
TH_G_210_3445,EXP_ZONE_02,210500.00000000006,3445499.9999999995,1000000.0000004366
TH_G_210_3446,EXP_ZONE_02,210500.00000000003,3446499.999999999,1000000.000001397
TH_G_210_3447,EXP_ZONE_02,210500.00000000035,3447500.0,1000000.000001397
TH_G_210_3448,EXP_ZONE_02,210500.0000000004,3448500.0,999999.9999992724
TH_G_210_3449,EXP_ZONE_02,210500.0000000002,3449500.0,999999.9999996217
TH_G_210_3450,EXP_ZONE_02,210500.00000000044,3450500.0,1000000.0000002328
TH_G_210_3451,EXP_ZONE_02,210500.0000000002,3451499.9999999995,999999.9999986903
TH_G_210_3452,EXP_ZONE_02,210499.9999999998,3452500.0,999999.9999988067
TH_G_210_3453,EXP_ZONE_02,210499.99999999994,3453500.0000000005,999999.9999990396
TH_G_210_3454,EXP_ZONE_02,210500.00000000017,3454499.9999999995,999999.9999996508
TH_G_210_3455,EXP_ZONE_02,210500.0,3455499.9999999995,1000000.0000016589
TH_G_210_3456,EXP_ZONE_02,210499.9999999996,3456499.9999999995,1000000.0000006403
TH_G_210_3457,EXP_ZONE_02,210499.99999999983,3457499.9999999995,1000000.0000000291
TH_G_210_3458,EXP_ZONE_02,210499.99999999988,3458500.0,1000000.0000018626
TH_G_210_3459,EXP_ZONE_02,210500.00000000012,3459500.0000000005,1000000.0000003492
TH_G_210_3460,EXP_ZONE_02,210499.99999999994,3460499.999999999,999999.9999989523
TH_G_210_3461,EXP_ZONE_02,210500.0000000001,3461499.9999999995,1000000.0000003492
TH_G_210_3462,EXP_ZONE_02,210500.00000000003,3462500.0,999999.9999997672
TH_G_210_3463,EXP_ZONE_02,210499.99999999983,3463499.9999999995,1000000.0000007276
TH_G_211_3424,EXP_ZONE_01,211500.00000000032,3424499.9999999995,999999.9999994179
TH_G_211_3425,EXP_ZONE_01,211500.0000000001,3425499.999999999,999999.9999997672
TH_G_211_3426,EXP_ZONE_01,211500.00000000052,3426500.000000001,1000000.0000011642
TH_G_211_3427,EXP_ZONE_01,211499.99999999974,3427499.9999999995,999999.9999998254
TH_G_211_3428,EXP_ZONE_01,211499.9999999994,3428499.9999999995,999999.9999993306
TH_G_211_3429,EXP_ZONE_01,211500.0000000001,3429500.0,999999.9999983993
TH_G_211_3430,EXP_ZONE_01,211500.00000000052,3430499.9999999995,999999.999999156
TH_G_211_3431,EXP_ZONE_01,211499.99999999994,3431500.0000000005,1000000.0000001164
TH_G_211_3432,EXP_ZONE_01,211499.99999999983,3432500.0,1000000.0000007858
TH_G_211_3433,EXP_ZONE_01,211499.99999999962,3433500.0,1000000.0000006694
TH_G_211_3434,EXP_ZONE_01,211499.9999999997,3434499.999999999,1000000.0000003783
TH_G_211_3435,EXP_ZONE_01,211499.99999999977,3435500.0000000005,1000000.0000012806
TH_G_211_3436,EXP_ZONE_01,211499.99999999988,3436499.9999999995,999999.9999979336
TH_G_211_3437,EXP_ZONE_01,211500.00000000047,3437499.9999999995,1000000.0000003783
TH_G_211_3438,EXP_ZONE_01,211500.00000000003,3438500.0,1000000.0000003492
TH_G_211_3439,EXP_ZONE_01,211499.99999999994,3439500.0,1000000.0000001164
TH_G_211_3440,EXP_ZONE_01,211500.00000000012,3440500.0,1000000.0000004657
TH_G_211_3441,EXP_ZONE_01,211500.00000000006,3441500.0,1000000.000000291
TH_G_211_3442,EXP_ZONE_01,211500.0000000005,3442499.9999999995,1000000.0000004948
TH_G_211_3443,EXP_ZONE_01,211500.0,3443500.0,1000000.0000017753
TH_G_211_3444,EXP_ZONE_02,211499.9999999999,3444500.0,1000000.0000000582
TH_G_211_3445,EXP_ZONE_02,211500.00000000023,3445499.999999999,999999.9999991269
TH_G_211_3446,EXP_ZONE_02,211500.00000000032,3446499.9999999995,999999.9999987194
TH_G_211_3447,EXP_ZONE_02,211500.00000000032,3447500.0,999999.9999991269
TH_G_211_3448,EXP_ZONE_02,211500.00000000038,3448500.0,1000000.0000003492
TH_G_211_3449,EXP_ZONE_02,211500.00000000032,3449499.999999999,1000000.0000001746
TH_G_211_3450,EXP_ZONE_02,211500.00000000032,3450499.9999999995,1000000.0000003201
TH_G_211_3451,EXP_ZONE_02,211499.9999999999,3451500.0,1000000.0000003201
TH_G_211_3452,EXP_ZONE_02,211499.9999999997,3452500.0,1000000.0000018917
TH_G_211_3453,EXP_ZONE_02,211499.99999999962,3453499.9999999995,1000000.0000003492
TH_G_211_3454,EXP_ZONE_02,211499.99999999994,3454500.0000000005,999999.9999983411
TH_G_211_3455,EXP_ZONE_02,211500.00000000026,3455499.9999999995,1000000.0000002619
TH_G_211_3456,EXP_ZONE_02,211499.99999999988,3456500.0,999999.9999991851
TH_G_211_3457,EXP_ZONE_02,211500.0,3457499.9999999995,1000000.000000553
TH_G_211_3458,EXP_ZONE_02,211500.00000000017,3458499.9999999995,999999.9999996508
TH_G_211_3459,EXP_ZONE_02,211499.9999999999,3459500.0000000005,999999.999998865
TH_G_211_3460,EXP_ZONE_02,211500.0000000001,3460500.0,1000000.0000004075
TH_G_211_3461,EXP_ZONE_02,211500.00000000026,3461499.9999999995,1000000.0000012224
TH_G_211_3462,EXP_ZONE_02,211500.00000000052,3462499.9999999995,999999.9999992142
TH_G_211_3463,EXP_ZONE_02,211499.99999999997,3463499.9999999986,999999.9999996508
TH_G_212_3424,EXP_ZONE_01,212499.99999999956,3424499.9999999986,999999.9999993597
TH_G_212_3425,EXP_ZONE_01,212500.00000000012,3425499.9999999995,1000000.0000002619
TH_G_212_3426,EXP_ZONE_01,212500.00000000058,3426499.999999999,1000000.0000003201
TH_G_212_3427,EXP_ZONE_01,212499.99999999983,3427500.0000000005,999999.9999999418
TH_G_212_3428,EXP_ZONE_01,212499.99999999898,3428499.9999999995,1000000.000000291
TH_G_212_3429,EXP_ZONE_01,212499.99999999983,3429500.0,999999.999999447
TH_G_212_3430,EXP_ZONE_01,212499.99999999968,3430500.0,999999.9999993306
TH_G_212_3431,EXP_ZONE_01,212499.99999999924,3431500.0,999999.9999997963
TH_G_212_3432,EXP_ZONE_01,212500.0000000001,3432499.9999999995,999999.9999998836
TH_G_212_3433,EXP_ZONE_01,212500.00000000006,3433500.0,999999.9999972642
TH_G_212_3434,EXP_ZONE_01,212500.00000000003,3434499.9999999995,1000000.0000009895
TH_G_212_3435,EXP_ZONE_01,212500.00000000017,3435500.0,1000000.000002532
TH_G_212_3436,EXP_ZONE_01,212499.9999999999,3436500.0,999999.9999996799
TH_G_212_3437,EXP_ZONE_01,212500.00000000006,3437499.9999999995,1000000.0000005821
TH_G_212_3438,EXP_ZONE_01,212499.99999999988,3438499.9999999995,999999.9999989523
TH_G_212_3439,EXP_ZONE_01,212499.99999999974,3439499.9999999995,999999.999998865
TH_G_212_3440,EXP_ZONE_01,212500.00000000026,3440500.0000000005,1000000.0000003783
TH_G_212_3441,EXP_ZONE_01,212500.0000000002,3441499.9999999995,999999.999999709
TH_G_212_3442,EXP_ZONE_01,212500.0000000002,3442500.0,999999.9999983993
TH_G_212_3443,EXP_ZONE_02,212500.00000000015,3443500.0000000005,999999.9999992142
TH_G_212_3444,EXP_ZONE_02,212499.9999999999,3444499.9999999995,999999.9999992142
TH_G_212_3445,EXP_ZONE_02,212499.99999999977,3445500.0,999999.9999995925
TH_G_212_3446,EXP_ZONE_02,212500.0,3446499.9999999995,1000000.0000010186
TH_G_212_3447,EXP_ZONE_02,212500.00000000044,3447500.0,1000000.0000016298
TH_G_212_3448,EXP_ZONE_02,212500.00000000047,3448499.9999999995,999999.9999991269
TH_G_212_3449,EXP_ZONE_02,212500.00000000038,3449500.0,999999.9999993015
TH_G_212_3450,EXP_ZONE_02,212499.99999999974,3450500.0000000005,999999.9999999709
TH_G_212_3451,EXP_ZONE_02,212500.0,3451500.0,999999.9999991269
TH_G_212_3452,EXP_ZONE_02,212500.0000000005,3452500.0,1000000.0000006694
TH_G_212_3453,EXP_ZONE_02,212500.00000000017,3453499.9999999995,1000000.000001106
TH_G_212_3454,EXP_ZONE_02,212499.99999999997,3454499.9999999995,1000000.0000001455
TH_G_212_3455,EXP_ZONE_02,212500.00000000052,3455499.9999999995,1000000.0000017753
TH_G_212_3456,EXP_ZONE_02,212500.00000000058,3456499.9999999995,1000000.0000000873
TH_G_212_3457,EXP_ZONE_02,212499.9999999995,3457500.0,999999.9999995925
TH_G_212_3458,EXP_ZONE_02,212499.99999999942,3458500.0,999999.9999995052
TH_G_212_3459,EXP_ZONE_02,212499.99999999948,3459500.0000000005,999999.999999447
TH_G_212_3460,EXP_ZONE_02,212499.99999999994,3460500.0000000005,1000000.0000001455
TH_G_212_3461,EXP_ZONE_02,212500.0000000005,3461499.9999999995,999999.9999987194
TH_G_212_3462,EXP_ZONE_02,212500.00000000064,3462499.9999999995,1000000.000000291
TH_G_212_3463,EXP_ZONE_02,212500.0,3463499.9999999995,999999.9999997381
TH_G_213_3424,EXP_ZONE_01,213499.99999999968,3424499.9999999995,1000000.0000003492
TH_G_213_3425,EXP_ZONE_03,213499.99999999988,3425499.9999999986,999999.9999999418
TH_G_213_3426,EXP_ZONE_03,213500.00000000038,3426499.9999999995,999999.9999999418
TH_G_213_3427,EXP_ZONE_01,213499.99999999927,3427500.0,999999.999999709
TH_G_213_3428,EXP_ZONE_01,213499.9999999992,3428499.999999999,999999.9999994761
TH_G_213_3429,EXP_ZONE_01,213499.99999999956,3429499.999999999,1000000.0000004657
TH_G_213_3430,EXP_ZONE_01,213499.9999999994,3430500.0000000005,999999.9999996799
TH_G_213_3431,EXP_ZONE_01,213499.99999999953,3431500.0,1000000.0000009022
TH_G_213_3432,EXP_ZONE_03,213499.99999999988,3432499.9999999995,1000000.000000844
TH_G_213_3433,EXP_ZONE_03,213499.9999999999,3433499.9999999995,999999.9999995052
TH_G_213_3434,EXP_ZONE_01,213499.99999999974,3434499.999999999,999999.9999998545
TH_G_213_3435,EXP_ZONE_03,213500.00000000044,3435500.0000000005,999999.9999993306
TH_G_213_3436,EXP_ZONE_03,213500.00000000038,3436500.0,1000000.0000000291
TH_G_213_3437,EXP_ZONE_03,213499.9999999999,3437499.9999999995,1000000.0000004366
TH_G_213_3438,EXP_ZONE_01,213499.99999999965,3438500.0,1000000.0000001164
TH_G_213_3439,EXP_ZONE_01,213499.9999999995,3439499.9999999995,999999.9999996799
TH_G_213_3440,EXP_ZONE_01,213499.99999999977,3440500.0,999999.9999996799
TH_G_213_3441,EXP_ZONE_01,213499.99999999983,3441500.000000001,1000000.000000553
TH_G_213_3442,EXP_ZONE_03,213500.00000000012,3442500.0,1000000.000000553
TH_G_213_3443,EXP_ZONE_03,213499.99999999997,3443499.9999999995,999999.9999998545
TH_G_213_3444,EXP_ZONE_04,213499.99999999997,3444500.0,1000000.0000010768
TH_G_213_3445,EXP_ZONE_04,213500.00000000012,3445499.9999999995,1000000.000000553
TH_G_213_3446,EXP_ZONE_04,213500.0000000004,3446499.9999999986,999999.9999992142
TH_G_213_3447,EXP_ZONE_04,213500.00000000058,3447500.0,1000000.0000001455
TH_G_213_3448,EXP_ZONE_04,213500.00000000017,3448500.0,999999.9999993306
TH_G_213_3449,EXP_ZONE_02,213499.9999999998,3449500.0,1000000.0000001455
TH_G_213_3450,EXP_ZONE_02,213499.9999999993,3450500.0000000005,999999.9999992724
TH_G_213_3451,EXP_ZONE_02,213499.99999999977,3451500.0,999999.9999999418
TH_G_213_3452,EXP_ZONE_04,213500.00000000023,3452500.0,999999.9999990687
TH_G_213_3453,EXP_ZONE_04,213500.00000000017,3453499.9999999995,1000000.0000004075
TH_G_213_3454,EXP_ZONE_04,213500.00000000032,3454500.0,999999.999997759
TH_G_213_3455,EXP_ZONE_04,213500.0000000005,3455499.999999999,999999.999998603
TH_G_213_3456,EXP_ZONE_02,213499.99999999985,3456500.0,1000000.0000001746
TH_G_213_3457,EXP_ZONE_02,213499.99999999945,3457499.9999999995,999999.9999998254
TH_G_213_3458,EXP_ZONE_02,213499.99999999942,3458500.0000000005,1000000.0000004657
TH_G_213_3459,EXP_ZONE_02,213499.99999999953,3459500.0000000005,999999.9999997672
TH_G_213_3460,EXP_ZONE_02,213499.99999999985,3460500.0000000005,999999.9999999709
TH_G_213_3461,EXP_ZONE_04,213500.00000000035,3461500.0,1000000.0000004657
TH_G_213_3462,EXP_ZONE_04,213500.00000000052,3462500.0,1000000.0000006403
TH_G_213_3463,EXP_ZONE_04,213500.00000000052,3463500.0000000005,1000000.0000004657
TH_G_214_3424,EXP_ZONE_03,214499.9999999999,3424500.0,999999.9999991851
TH_G_214_3425,EXP_ZONE_03,214499.99999999956,3425499.9999999995,999999.9999995634
TH_G_214_3426,EXP_ZONE_03,214499.99999999988,3426500.0,1000000.0000004657
TH_G_214_3427,EXP_ZONE_03,214499.99999999968,3427499.9999999995,999999.9999996799
TH_G_214_3428,EXP_ZONE_03,214499.99999999988,3428499.999999999,1000000.0000012515
TH_G_214_3429,EXP_ZONE_03,214499.99999999977,3429499.999999999,1000000.0000018044
TH_G_214_3430,EXP_ZONE_03,214499.99999999965,3430500.0000000005,1000000.0000003783
TH_G_214_3431,EXP_ZONE_03,214500.00000000035,3431499.9999999995,1000000.0
TH_G_214_3432,EXP_ZONE_03,214500.0000000001,3432500.0,999999.9999994179
TH_G_214_3433,EXP_ZONE_03,214499.99999999994,3433500.0000000005,1000000.0000003783
TH_G_214_3434,EXP_ZONE_03,214499.99999999965,3434499.9999999995,1000000.0000001746
TH_G_214_3435,EXP_ZONE_03,214499.99999999988,3435499.9999999995,1000000.0000007567
TH_G_214_3436,EXP_ZONE_03,214500.00000000067,3436500.0000000005,999999.9999997381
TH_G_214_3437,EXP_ZONE_03,214500.0000000005,3437500.0,1000000.0000003783
TH_G_214_3438,EXP_ZONE_03,214499.9999999998,3438499.9999999995,1000000.000001106
TH_G_214_3439,EXP_ZONE_03,214499.99999999942,3439499.999999999,999999.9999995925
TH_G_214_3440,EXP_ZONE_03,214499.99999999933,3440500.0,1000000.0000000873
TH_G_214_3441,EXP_ZONE_03,214500.0000000003,3441500.0,1000000.0000010186
TH_G_214_3442,EXP_ZONE_03,214500.00000000076,3442500.0,999999.9999998836
TH_G_214_3443,EXP_ZONE_03,214500.00000000023,3443499.9999999995,1000000.0000000291
TH_G_214_3444,EXP_ZONE_04,214499.99999999997,3444500.0,999999.9999993597
TH_G_214_3445,EXP_ZONE_04,214500.00000000023,3445500.0,999999.9999996508
TH_G_214_3446,EXP_ZONE_04,214500.00000000032,3446500.000000001,999999.9999996217
TH_G_214_3447,EXP_ZONE_04,214500.0000000005,3447500.0000000005,1000000.0000016298
TH_G_214_3448,EXP_ZONE_04,214500.00000000032,3448499.9999999995,999999.999999709
TH_G_214_3449,EXP_ZONE_04,214499.9999999997,3449500.0,1000000.0000003492
TH_G_214_3450,EXP_ZONE_04,214499.99999999936,3450499.9999999995,1000000.0000003201
TH_G_214_3451,EXP_ZONE_04,214499.99999999936,3451499.999999999,1000000.0000001164
TH_G_214_3452,EXP_ZONE_04,214500.0000000002,3452499.9999999995,999999.999999447
TH_G_214_3453,EXP_ZONE_04,214499.99999999988,3453499.9999999995,1000000.0000003492
TH_G_214_3454,EXP_ZONE_04,214499.99999999988,3454500.0,1000000.0000001746
TH_G_214_3455,EXP_ZONE_04,214499.99999999953,3455500.0,1000000.0
TH_G_214_3456,EXP_ZONE_04,214499.99999999953,3456499.9999999995,999999.9999994761
TH_G_214_3457,EXP_ZONE_04,214499.99999999948,3457500.0,999999.9999992724
TH_G_214_3458,EXP_ZONE_04,214499.99999999965,3458500.0,1000000.0000018335
TH_G_214_3459,EXP_ZONE_04,214500.00000000006,3459500.0,1000000.0000004657
TH_G_214_3460,EXP_ZONE_04,214499.99999999977,3460500.0,999999.9999990105
TH_G_214_3461,EXP_ZONE_04,214499.99999999997,3461500.0,999999.9999993597
TH_G_214_3462,EXP_ZONE_04,214500.00000000044,3462500.0,999999.9999994179
TH_G_214_3463,EXP_ZONE_04,214500.00000000044,3463499.9999999995,999999.9999982829
TH_G_215_3424,EXP_ZONE_03,215500.00000000006,3424500.0,1000000.0000000582
TH_G_215_3425,EXP_ZONE_03,215499.9999999997,3425499.9999999995,1000000.0000006985
TH_G_215_3426,EXP_ZONE_03,215499.99999999997,3426500.0,1000000.0000009895
TH_G_215_3427,EXP_ZONE_03,215500.00000000032,3427500.0,999999.9999991269
TH_G_215_3428,EXP_ZONE_03,215500.00000000035,3428499.999999999,1000000.0000000873
TH_G_215_3429,EXP_ZONE_03,215500.00000000023,3429500.0000000005,1000000.0000017171
TH_G_215_3430,EXP_ZONE_03,215500.00000000017,3430499.9999999995,999999.9999993015
TH_G_215_3431,EXP_ZONE_03,215499.99999999994,3431500.0,999999.9999990978
TH_G_215_3432,EXP_ZONE_03,215499.9999999997,3432500.0,1000000.0000004075
TH_G_215_3433,EXP_ZONE_03,215499.99999999997,3433500.0,999999.9999992433
TH_G_215_3434,EXP_ZONE_03,215499.99999999965,3434499.999999999,999999.999998894
TH_G_215_3435,EXP_ZONE_03,215499.99999999974,3435499.9999999986,1000000.000000291
TH_G_215_3436,EXP_ZONE_03,215500.00000000055,3436500.0,1000000.0000001746
TH_G_215_3437,EXP_ZONE_03,215500.00000000084,3437500.0,999999.9999993888
TH_G_215_3438,EXP_ZONE_03,215500.0000000003,3438500.0,999999.9999997381
TH_G_215_3439,EXP_ZONE_03,215499.99999999962,3439500.0000000005,1000000.0000007567
TH_G_215_3440,EXP_ZONE_03,215500.00000000026,3440499.9999999986,1000000.0000017462
TH_G_215_3441,EXP_ZONE_03,215500.00000000006,3441500.0,999999.9999995634
TH_G_215_3442,EXP_ZONE_03,215500.00000000006,3442500.0000000005,999999.9999979045
TH_G_215_3443,EXP_ZONE_03,215499.9999999998,3443500.0,999999.9999998836
TH_G_215_3444,EXP_ZONE_04,215499.99999999945,3444500.0,999999.9999998836
TH_G_215_3445,EXP_ZONE_04,215499.9999999998,3445500.0,1000000.0000002328
TH_G_215_3446,EXP_ZONE_04,215500.0,3446499.9999999995,999999.9999986321
TH_G_215_3447,EXP_ZONE_04,215500.00000000064,3447500.0,1000000.0000005239
TH_G_215_3448,EXP_ZONE_04,215500.00000000044,3448500.0,999999.9999981374
TH_G_215_3449,EXP_ZONE_04,215499.99999999983,3449499.9999999995,999999.9999998545
TH_G_215_3450,EXP_ZONE_04,215499.9999999995,3450499.9999999995,1000000.000000291
TH_G_215_3451,EXP_ZONE_04,215499.99999999942,3451499.9999999995,999999.9999995925
TH_G_215_3452,EXP_ZONE_04,215499.99999999945,3452500.0,999999.9999999418
TH_G_215_3453,EXP_ZONE_04,215499.99999999988,3453500.0000000005,999999.9999993597
TH_G_215_3454,EXP_ZONE_04,215500.00000000003,3454499.9999999995,999999.9999993888
TH_G_215_3455,EXP_ZONE_04,215500.00000000006,3455499.999999999,1000000.0000009022
TH_G_215_3456,EXP_ZONE_04,215499.99999999962,3456499.9999999995,1000000.0000021537
TH_G_215_3457,EXP_ZONE_04,215499.9999999999,3457500.0000000005,1000000.0000007567
TH_G_215_3458,EXP_ZONE_04,215499.99999999997,3458499.999999999,999999.999999709
TH_G_215_3459,EXP_ZONE_04,215500.0000000003,3459500.0,1000000.0000001746
TH_G_215_3460,EXP_ZONE_04,215499.99999999983,3460500.0,1000000.000000553
TH_G_215_3461,EXP_ZONE_04,215499.99999999936,3461500.0,1000000.0
TH_G_215_3462,EXP_ZONE_04,215500.0,3462500.0,999999.999999709
TH_G_215_3463,EXP_ZONE_04,215500.0000000001,3463500.0,999999.9999994761
TH_G_216_3424,EXP_ZONE_03,216500.0000000002,3424499.9999999995,999999.999998894
TH_G_216_3425,EXP_ZONE_03,216499.99999999988,3425499.9999999995,1000000.0000000291
TH_G_216_3426,EXP_ZONE_03,216499.9999999997,3426499.9999999995,1000000.0000001164
TH_G_216_3427,EXP_ZONE_03,216500.00000000023,3427500.0,999999.9999983411
TH_G_216_3428,EXP_ZONE_03,216500.00000000035,3428499.999999999,999999.9999997672
TH_G_216_3429,EXP_ZONE_03,216500.00000000012,3429500.0000000005,999999.9999998545
TH_G_216_3430,EXP_ZONE_03,216499.9999999999,3430500.0,999999.9999990978
TH_G_216_3431,EXP_ZONE_03,216499.9999999996,3431499.9999999995,1000000.0000002037
TH_G_216_3432,EXP_ZONE_03,216499.99999999985,3432499.9999999995,1000000.0000004948
TH_G_216_3433,EXP_ZONE_03,216499.99999999968,3433499.9999999995,999999.9999998545
TH_G_216_3434,EXP_ZONE_03,216500.00000000012,3434499.999999999,1000000.0000009313
TH_G_216_3435,EXP_ZONE_03,216500.00000000023,3435499.999999998,1000000.0000009313
TH_G_216_3436,EXP_ZONE_03,216500.0000000004,3436499.9999999986,1000000.0000009313
TH_G_216_3437,EXP_ZONE_03,216500.0000000004,3437500.0,999999.9999991851
TH_G_216_3438,EXP_ZONE_03,216499.99999999956,3438499.9999999995,999999.9999991269
TH_G_216_3439,EXP_ZONE_03,216500.00000000003,3439499.9999999995,999999.9999985157
TH_G_216_3440,EXP_ZONE_03,216500.00000000023,3440500.0,999999.9999996799
TH_G_216_3441,EXP_ZONE_03,216500.00000000003,3441500.0,1000000.0000001746
TH_G_216_3442,EXP_ZONE_03,216499.99999999968,3442499.9999999995,1000000.0000003201
TH_G_216_3443,EXP_ZONE_03,216499.99999999977,3443499.9999999995,1000000.0000016298
TH_G_216_3444,EXP_ZONE_04,216499.9999999995,3444500.0,1000000.0000001746
TH_G_216_3445,EXP_ZONE_04,216499.99999999985,3445500.0,1000000.000000844
TH_G_216_3446,EXP_ZONE_04,216500.00000000044,3446500.0,999999.9999999127
TH_G_216_3447,EXP_ZONE_04,216500.0000000003,3447500.0,1000000.0000002328
TH_G_216_3448,EXP_ZONE_04,216500.00000000017,3448500.0000000005,999999.9999995052
TH_G_216_3449,EXP_ZONE_04,216500.0,3449500.0000000005,1000000.0000025029
TH_G_216_3450,EXP_ZONE_04,216500.00000000035,3450500.0000000005,1000000.0000006694
TH_G_216_3451,EXP_ZONE_04,216499.99999999988,3451499.999999999,1000000.0000003201
TH_G_216_3452,EXP_ZONE_04,216499.99999999913,3452499.9999999995,1000000.0000007276
TH_G_216_3453,EXP_ZONE_04,216499.9999999995,3453500.0,999999.9999997672
TH_G_216_3454,EXP_ZONE_04,216500.0000000001,3454499.9999999986,999999.9999978463
TH_G_216_3455,EXP_ZONE_04,216500.00000000032,3455499.999999999,1000000.0000011642
TH_G_216_3456,EXP_ZONE_04,216500.0000000002,3456500.0,1000000.0000003492
TH_G_216_3457,EXP_ZONE_04,216500.0,3457500.0,999999.9999982247
TH_G_216_3458,EXP_ZONE_04,216499.99999999968,3458499.9999999995,999999.9999995925
TH_G_216_3459,EXP_ZONE_04,216499.99999999968,3459500.0,1000000.0000002619
TH_G_216_3460,EXP_ZONE_04,216500.00000000006,3460500.0000000005,999999.9999998836
TH_G_216_3461,EXP_ZONE_04,216499.99999999985,3461500.0,1000000.0000006694
TH_G_216_3462,EXP_ZONE_04,216499.99999999948,3462500.0000000005,999999.9999993015
TH_G_216_3463,EXP_ZONE_04,216499.9999999996,3463500.0,999999.9999985157
TH_G_217_3424,EXP_ZONE_03,217499.99999999997,3424499.9999999995,999999.9999978754
TH_G_217_3425,EXP_ZONE_03,217500.0000000002,3425499.999999999,1000000.0000023574
TH_G_217_3426,EXP_ZONE_03,217499.99999999968,3426500.0000000005,1000000.0000012806
TH_G_217_3427,EXP_ZONE_03,217500.00000000032,3427499.999999999,999999.999998894
TH_G_217_3428,EXP_ZONE_03,217500.00000000006,3428499.9999999995,1000000.0000009604
TH_G_217_3429,EXP_ZONE_03,217499.99999999936,3429499.9999999995,999999.9999995634
TH_G_217_3430,EXP_ZONE_03,217499.99999999965,3430500.0,999999.9999992724
TH_G_217_3431,EXP_ZONE_03,217499.9999999997,3431499.999999999,1000000.0000000873
TH_G_217_3432,EXP_ZONE_03,217499.99999999994,3432500.0000000005,999999.9999993306
TH_G_217_3433,EXP_ZONE_03,217499.9999999995,3433499.9999999986,999999.9999987485
TH_G_217_3434,EXP_ZONE_03,217500.00000000006,3434499.9999999986,1000000.0000001455
TH_G_217_3435,EXP_ZONE_03,217500.00000000032,3435499.9999999995,999999.9999987194
TH_G_217_3436,EXP_ZONE_03,217499.99999999997,3436500.0,999999.9999989232
TH_G_217_3437,EXP_ZONE_03,217499.9999999999,3437500.0000000005,1000000.0000009313
TH_G_217_3438,EXP_ZONE_03,217500.00000000006,3438500.0,1000000.0000015716
TH_G_217_3439,EXP_ZONE_03,217500.00000000026,3439500.0,1000000.0000021828
TH_G_217_3440,EXP_ZONE_03,217500.0000000001,3440500.0000000005,999999.9999997381
TH_G_217_3441,EXP_ZONE_03,217499.9999999997,3441500.0000000005,999999.9999989523
TH_G_217_3442,EXP_ZONE_03,217500.0000000001,3442500.0,999999.9999998836
TH_G_217_3443,EXP_ZONE_03,217500.00000000015,3443500.0,1000000.0000000873
TH_G_217_3444,EXP_ZONE_04,217499.99999999988,3444500.0,1000000.0000004657
TH_G_217_3445,EXP_ZONE_04,217500.0000000003,3445500.0,1000000.0000010477
TH_G_217_3446,EXP_ZONE_04,217500.00000000026,3446499.9999999995,999999.9999986612
TH_G_217_3447,EXP_ZONE_04,217500.00000000015,3447499.9999999995,999999.9999996217
TH_G_217_3448,EXP_ZONE_04,217500.00000000032,3448499.9999999995,999999.9999995925
TH_G_217_3449,EXP_ZONE_04,217500.00000000044,3449499.9999999995,1000000.0000004657
TH_G_217_3450,EXP_ZONE_04,217500.00000000081,3450500.0,999999.999998865
TH_G_217_3451,EXP_ZONE_04,217500.0000000004,3451500.0,999999.9999998545
TH_G_217_3452,EXP_ZONE_04,217499.9999999999,3452499.9999999995,1000000.0000024447
TH_G_217_3453,EXP_ZONE_04,217500.00000000017,3453499.9999999995,1000000.0000015425
TH_G_217_3454,EXP_ZONE_04,217499.99999999985,3454500.0,999999.9999995925
TH_G_217_3455,EXP_ZONE_04,217499.99999999953,3455499.9999999995,999999.9999994761
TH_G_217_3456,EXP_ZONE_04,217499.99999999994,3456500.0,999999.9999986903
TH_G_217_3457,EXP_ZONE_04,217499.99999999965,3457499.9999999995,999999.9999996799
TH_G_217_3458,EXP_ZONE_04,217499.99999999953,3458500.0000000005,1000000.000001397
TH_G_217_3459,EXP_ZONE_04,217500.0,3459500.0000000005,1000000.0000021537
TH_G_217_3460,EXP_ZONE_04,217500.00000000035,3460500.0000000005,999999.9999984866
TH_G_217_3461,EXP_ZONE_04,217500.0000000004,3461500.000000001,1000000.0000012224
TH_G_217_3462,EXP_ZONE_04,217499.99999999974,3462500.0,1000000.0000009604
TH_G_217_3463,EXP_ZONE_04,217499.99999999985,3463500.0000000005,1000000.0000012224
TH_G_218_3424,EXP_ZONE_03,218499.99999999985,3424499.9999999986,1000000.0000007567
TH_G_218_3425,EXP_ZONE_03,218500.00000000012,3425499.9999999995,1000000.0000005821
TH_G_218_3426,EXP_ZONE_03,218499.99999999977,3426500.0,999999.9999984284
TH_G_218_3427,EXP_ZONE_03,218499.9999999999,3427500.0,999999.999998894
TH_G_218_3428,EXP_ZONE_03,218500.0000000001,3428499.9999999995,1000000.0000006985
TH_G_218_3429,EXP_ZONE_03,218499.99999999948,3429499.9999999995,1000000.0000006985
TH_G_218_3430,EXP_ZONE_03,218499.99999999953,3430499.999999999,999999.9999989523
TH_G_218_3431,EXP_ZONE_03,218499.99999999977,3431499.9999999995,1000000.0000003201
TH_G_218_3432,EXP_ZONE_03,218500.00000000006,3432499.9999999995,1000000.0000016589
TH_G_218_3433,EXP_ZONE_03,218500.00000000003,3433500.0,999999.9999999709
TH_G_218_3434,EXP_ZONE_03,218500.00000000012,3434499.999999999,1000000.0000016007
TH_G_218_3435,EXP_ZONE_03,218499.99999999985,3435500.0,1000000.0000009604
TH_G_218_3436,EXP_ZONE_03,218499.99999999936,3436499.9999999995,999999.9999993597
TH_G_218_3437,EXP_ZONE_03,218500.0000000001,3437499.999999999,999999.9999998254
TH_G_218_3438,EXP_ZONE_03,218500.00000000073,3438500.0,1000000.0
TH_G_218_3439,EXP_ZONE_03,218500.0000000009,3439499.999999999,1000000.0000000873
TH_G_218_3440,EXP_ZONE_03,218500.0000000006,3440500.0000000005,1000000.0000006985
TH_G_218_3441,EXP_ZONE_03,218499.99999999985,3441500.0000000005,1000000.0000012224
TH_G_218_3442,EXP_ZONE_03,218499.99999999988,3442500.0,1000000.0000000873
TH_G_218_3443,EXP_ZONE_03,218500.0000000003,3443500.000000001,1000000.0000005239
TH_G_218_3444,EXP_ZONE_04,218500.00000000026,3444500.0,999999.9999995634
TH_G_218_3445,EXP_ZONE_04,218499.9999999999,3445500.0000000005,999999.999998603
TH_G_218_3446,EXP_ZONE_04,218499.99999999985,3446500.0,1000000.0000004366
TH_G_218_3447,EXP_ZONE_04,218500.00000000038,3447500.0,1000000.0000005239
TH_G_218_3448,EXP_ZONE_04,218500.00000000064,3448500.0000000005,999999.9999995052
TH_G_218_3449,EXP_ZONE_04,218500.0000000005,3449499.9999999995,1000000.0000009604
TH_G_218_3450,EXP_ZONE_04,218500.00000000044,3450500.0000000005,1000000.0000003783
TH_G_218_3451,EXP_ZONE_04,218500.00000000032,3451500.0,999999.9999988358
TH_G_218_3452,EXP_ZONE_04,218500.00000000084,3452499.9999999986,1000000.0000003201
TH_G_218_3453,EXP_ZONE_04,218500.00000000073,3453499.9999999995,999999.9999997672
TH_G_218_3454,EXP_ZONE_04,218499.99999999983,3454500.0,999999.999999447
TH_G_218_3455,EXP_ZONE_04,218499.9999999994,3455500.0000000005,1000000.0000015716
TH_G_218_3456,EXP_ZONE_04,218499.9999999998,3456500.0,1000000.0000002328
TH_G_218_3457,EXP_ZONE_04,218499.99999999994,3457500.0000000005,1000000.0000003783
TH_G_218_3458,EXP_ZONE_04,218500.00000000038,3458500.0,1000000.0000013097
TH_G_218_3459,EXP_ZONE_04,218500.0000000002,3459500.0000000005,1000000.0000001455
TH_G_218_3460,EXP_ZONE_04,218500.00000000023,3460500.000000001,999999.9999987776
TH_G_218_3461,EXP_ZONE_04,218500.00000000064,3461500.0,1000000.0000001455
TH_G_218_3462,EXP_ZONE_04,218500.0000000007,3462500.0000000005,1000000.000001106
TH_G_218_3463,EXP_ZONE_04,218500.00000000017,3463500.0,999999.9999993306
TH_G_219_3424,EXP_ZONE_03,219499.99999999983,3424500.0,999999.9999993597
TH_G_219_3425,EXP_ZONE_03,219499.99999999962,3425499.9999999995,1000000.0000002037
TH_G_219_3426,EXP_ZONE_03,219499.99999999919,3426500.0,1000000.0
TH_G_219_3427,EXP_ZONE_03,219499.99999999936,3427499.9999999995,999999.9999987776
TH_G_219_3428,EXP_ZONE_03,219500.00000000006,3428499.999999999,1000000.0000002037
TH_G_219_3429,EXP_ZONE_03,219499.99999999968,3429500.0000000005,999999.9999988358
TH_G_219_3430,EXP_ZONE_03,219499.9999999996,3430499.9999999986,1000000.0000000873
TH_G_219_3431,EXP_ZONE_03,219500.00000000026,3431499.9999999995,1000000.0000021828
TH_G_219_3432,EXP_ZONE_03,219500.0000000002,3432500.0000000005,999999.9999999127
TH_G_219_3433,EXP_ZONE_03,219500.0000000002,3433500.0,999999.9999983993
TH_G_219_3434,EXP_ZONE_03,219500.00000000026,3434499.999999999,999999.9999989232
TH_G_219_3435,EXP_ZONE_03,219500.00000000003,3435500.0000000005,1000000.0000003201
TH_G_219_3436,EXP_ZONE_03,219499.9999999999,3436500.0,1000000.0000004366
TH_G_219_3437,EXP_ZONE_03,219500.0000000003,3437499.9999999995,1000000.000000844
TH_G_219_3438,EXP_ZONE_03,219500.00000000023,3438499.999999999,999999.9999984284
TH_G_219_3439,EXP_ZONE_03,219500.00000000003,3439499.9999999995,999999.9999992142
TH_G_219_3440,EXP_ZONE_03,219500.00000000052,3440500.0000000005,999999.9999997381
TH_G_219_3441,EXP_ZONE_03,219500.00000000073,3441500.0,1000000.0000002037
TH_G_219_3442,EXP_ZONE_03,219499.99999999983,3442500.0,999999.9999995925
TH_G_219_3443,EXP_ZONE_03,219500.00000000003,3443499.999999999,999999.9999994761
TH_G_219_3444,EXP_ZONE_04,219499.9999999998,3444500.0,999999.9999995634
TH_G_219_3445,EXP_ZONE_04,219499.99999999924,3445499.9999999986,999999.9999986903
TH_G_219_3446,EXP_ZONE_04,219499.99999999965,3446499.999999999,999999.9999996508
TH_G_219_3447,EXP_ZONE_04,219500.00000000012,3447500.0,999999.9999999127
TH_G_219_3448,EXP_ZONE_04,219500.00000000058,3448499.9999999995,999999.9999990396
TH_G_219_3449,EXP_ZONE_04,219500.00000000032,3449499.9999999995,999999.9999987194
TH_G_219_3450,EXP_ZONE_04,219499.99999999968,3450500.0,999999.9999993597
TH_G_219_3451,EXP_ZONE_04,219500.00000000035,3451500.0,1000000.0
TH_G_219_3452,EXP_ZONE_04,219500.0000000005,3452499.9999999995,999999.9999986903
TH_G_219_3453,EXP_ZONE_04,219500.00000000015,3453499.9999999995,1000000.0
TH_G_219_3454,EXP_ZONE_04,219499.9999999998,3454499.9999999995,1000000.0000001455
TH_G_219_3455,EXP_ZONE_04,219499.9999999997,3455499.9999999995,1000000.0000001455
TH_G_219_3456,EXP_ZONE_04,219499.99999999968,3456500.0,999999.9999992433
TH_G_219_3457,EXP_ZONE_04,219500.0000000002,3457500.0,999999.999999709
TH_G_219_3458,EXP_ZONE_04,219500.00000000035,3458500.0,999999.9999993306
TH_G_219_3459,EXP_ZONE_04,219499.99999999977,3459500.0,1000000.0000004075
TH_G_219_3460,EXP_ZONE_04,219499.99999999985,3460500.0,999999.9999994761
TH_G_219_3461,EXP_ZONE_04,219500.00000000032,3461500.0,999999.9999975553
TH_G_219_3462,EXP_ZONE_04,219499.99999999985,3462499.9999999995,999999.9999995052
TH_G_219_3463,EXP_ZONE_04,219499.9999999999,3463500.0,999999.9999976717
TH_G_220_3424,EXP_ZONE_03,220500.00000000015,3424500.0,999999.9999997963
TH_G_220_3425,EXP_ZONE_03,220499.9999999999,3425499.9999999995,1000000.0000003783
TH_G_220_3426,EXP_ZONE_03,220499.99999999916,3426499.9999999995,1000000.000001106
TH_G_220_3427,EXP_ZONE_03,220499.99999999948,3427500.0,999999.9999992433
TH_G_220_3428,EXP_ZONE_03,220499.99999999945,3428499.999999999,1000000.0000009022
TH_G_220_3429,EXP_ZONE_03,220499.99999999945,3429500.0000000005,1000000.000000291
TH_G_220_3430,EXP_ZONE_03,220499.99999999953,3430499.9999999995,999999.999998865
TH_G_220_3431,EXP_ZONE_03,220500.00000000026,3431500.0,999999.9999996217
TH_G_220_3432,EXP_ZONE_03,220500.00000000012,3432500.0000000005,999999.9999995052
TH_G_220_3433,EXP_ZONE_03,220499.9999999998,3433500.0,999999.9999997963
TH_G_220_3434,EXP_ZONE_03,220499.9999999999,3434499.9999999995,1000000.0000004075
TH_G_220_3435,EXP_ZONE_03,220500.0000000004,3435499.999999999,1000000.0000010186
TH_G_220_3436,EXP_ZONE_03,220500.000000001,3436499.9999999995,1000000.0000000582
TH_G_220_3437,EXP_ZONE_03,220500.00000000032,3437499.9999999995,1000000.0000001746
TH_G_220_3438,EXP_ZONE_03,220499.99999999988,3438499.999999999,1000000.000000291
TH_G_220_3439,EXP_ZONE_03,220499.99999999965,3439500.0,1000000.0000006112
TH_G_220_3440,EXP_ZONE_03,220500.00000000023,3440499.9999999995,1000000.0000007858
TH_G_220_3441,EXP_ZONE_03,220499.9999999999,3441500.0000000005,999999.9999989523
TH_G_220_3442,EXP_ZONE_03,220499.99999999977,3442500.0,999999.9999982247
TH_G_220_3443,EXP_ZONE_03,220500.00000000006,3443500.0,1000000.0000005821
TH_G_220_3444,EXP_ZONE_04,220499.9999999999,3444500.0000000005,1000000.0000011642
TH_G_220_3445,EXP_ZONE_04,220499.99999999968,3445499.999999999,1000000.0000011642
TH_G_220_3446,EXP_ZONE_04,220499.99999999942,3446500.0,1000000.0000017753
TH_G_220_3447,EXP_ZONE_04,220499.99999999988,3447500.0,999999.9999992724
TH_G_220_3448,EXP_ZONE_04,220500.00000000023,3448500.0,999999.9999990396
TH_G_220_3449,EXP_ZONE_04,220499.99999999965,3449500.0,1000000.0000008731
TH_G_220_3450,EXP_ZONE_04,220500.00000000006,3450499.9999999995,1000000.0000017753
TH_G_220_3451,EXP_ZONE_04,220500.00000000055,3451499.9999999995,1000000.0000004948
TH_G_220_3452,EXP_ZONE_04,220500.00000000073,3452500.0,1000000.0000003492
TH_G_220_3453,EXP_ZONE_04,220499.99999999968,3453500.0,1000000.0000003201
TH_G_220_3454,EXP_ZONE_04,220499.99999999962,3454500.0,999999.999999156
TH_G_220_3455,EXP_ZONE_04,220499.99999999942,3455500.0,1000000.0000006112
TH_G_220_3456,EXP_ZONE_04,220499.99999999985,3456500.0,1000000.0000004657
TH_G_220_3457,EXP_ZONE_04,220500.00000000012,3457500.0,1000000.0000004657
TH_G_220_3458,EXP_ZONE_04,220500.0000000003,3458499.9999999995,1000000.0000003201
TH_G_220_3459,EXP_ZONE_04,220499.9999999998,3459500.000000001,1000000.000000291
TH_G_220_3460,EXP_ZONE_04,220499.99999999977,3460499.9999999995,1000000.0000004366
TH_G_220_3461,EXP_ZONE_04,220499.99999999983,3461500.0,1000000.0000006694
TH_G_220_3462,EXP_ZONE_04,220499.99999999933,3462500.0,999999.9999997672
TH_G_220_3463,EXP_ZONE_04,220499.9999999996,3463499.9999999995,1000000.0000005239
TH_G_221_3424,EXP_ZONE_03,221500.00000000058,3424499.999999999,999999.9999986321
TH_G_221_3425,EXP_ZONE_03,221500.00000000003,3425499.999999999,1000000.0000012224
TH_G_221_3426,EXP_ZONE_03,221499.9999999995,3426499.999999999,1000000.0000003201
TH_G_221_3427,EXP_ZONE_03,221499.99999999974,3427499.9999999995,1000000.0000004075
TH_G_221_3428,EXP_ZONE_03,221499.9999999999,3428499.9999999995,1000000.0
TH_G_221_3429,EXP_ZONE_03,221499.99999999956,3429499.9999999995,1000000.0000011642
TH_G_221_3430,EXP_ZONE_03,221499.99999999948,3430500.0,1000000.0000000582
TH_G_221_3431,EXP_ZONE_03,221499.99999999953,3431499.9999999995,1000000.0000005239
TH_G_221_3432,EXP_ZONE_03,221500.00000000015,3432500.0000000005,999999.9999999127
TH_G_221_3433,EXP_ZONE_03,221500.00000000026,3433500.0,1000000.0000001746
TH_G_221_3434,EXP_ZONE_03,221500.00000000026,3434499.999999999,1000000.000000291
TH_G_221_3435,EXP_ZONE_03,221500.000000001,3435500.0,999999.9999998836
TH_G_221_3436,EXP_ZONE_03,221500.00000000087,3436500.0,1000000.000000291
TH_G_221_3437,EXP_ZONE_03,221500.00000000064,3437499.9999999995,999999.9999995925
TH_G_221_3438,EXP_ZONE_03,221499.9999999999,3438499.9999999995,1000000.000000844
TH_G_221_3439,EXP_ZONE_03,221500.00000000015,3439499.999999999,1000000.0000000291
TH_G_221_3440,EXP_ZONE_03,221500.0000000003,3440500.0,1000000.000000844
TH_G_221_3441,EXP_ZONE_03,221499.99999999983,3441499.9999999995,999999.9999998836
TH_G_221_3442,EXP_ZONE_03,221499.99999999927,3442500.0,999999.9999995052
TH_G_221_3443,EXP_ZONE_03,221499.99999999974,3443499.9999999995,1000000.000000553
TH_G_221_3444,EXP_ZONE_03,221500.0000000006,3444499.9999999995,999999.9999996799
TH_G_221_3445,EXP_ZONE_04,221500.00000000067,3445499.9999999995,1000000.0000002037
TH_G_221_3446,EXP_ZONE_04,221499.9999999997,3446500.0,999999.9999999127
TH_G_221_3447,EXP_ZONE_04,221499.9999999999,3447500.0,1000000.0000006985
TH_G_221_3448,EXP_ZONE_04,221499.99999999997,3448500.0,1000000.0000006985
TH_G_221_3449,EXP_ZONE_04,221499.99999999983,3449500.0000000005,999999.9999993306
TH_G_221_3450,EXP_ZONE_04,221500.00000000017,3450499.9999999995,999999.9999986903
TH_G_221_3451,EXP_ZONE_04,221500.00000000058,3451500.0,999999.9999979918
TH_G_221_3452,EXP_ZONE_04,221500.00000000073,3452500.0,1000000.0000013679
TH_G_221_3453,EXP_ZONE_04,221500.00000000015,3453499.9999999995,1000000.0000000582
TH_G_221_3454,EXP_ZONE_04,221499.99999999945,3454500.0,1000000.0000007858
TH_G_221_3455,EXP_ZONE_04,221500.0,3455500.0000000005,1000000.0000004075
TH_G_221_3456,EXP_ZONE_04,221500.0000000002,3456500.0,999999.9999997672
TH_G_221_3457,EXP_ZONE_04,221500.00000000064,3457499.9999999995,1000000.0000000291
TH_G_221_3458,EXP_ZONE_04,221499.99999999997,3458500.0,1000000.000000291
TH_G_221_3459,EXP_ZONE_04,221499.99999999968,3459500.000000001,999999.9999998545
TH_G_221_3460,EXP_ZONE_04,221500.00000000052,3460499.9999999995,999999.9999993888
TH_G_221_3461,EXP_ZONE_04,221500.00000000026,3461500.0,1000000.0000014552
TH_G_221_3462,EXP_ZONE_04,221500.00000000017,3462500.0,1000000.0000006403
TH_G_221_3463,EXP_ZONE_04,221500.00000000017,3463500.0,1000000.0000005239
TH_G_222_3424,EXP_ZONE_03,222500.00000000012,3424499.999999999,999999.9999992142
TH_G_222_3425,EXP_ZONE_03,222499.99999999997,3425499.999999999,1000000.0000000873
TH_G_222_3426,EXP_ZONE_03,222499.99999999983,3426499.999999999,1000000.0000002328
TH_G_222_3427,EXP_ZONE_03,222499.99999999965,3427500.0,999999.999999709
TH_G_222_3428,EXP_ZONE_03,222499.99999999983,3428499.999999999,999999.999999709
TH_G_222_3429,EXP_ZONE_03,222499.99999999968,3429500.0,1000000.0000002619
TH_G_222_3430,EXP_ZONE_03,222499.99999999965,3430500.0000000005,999999.9999992142
TH_G_222_3431,EXP_ZONE_03,222499.99999999977,3431499.999999999,1000000.0000000873
TH_G_222_3432,EXP_ZONE_03,222500.00000000017,3432500.0,1000000.0000009313
TH_G_222_3433,EXP_ZONE_03,222500.00000000003,3433499.9999999995,999999.9999981956
TH_G_222_3434,EXP_ZONE_03,222500.00000000006,3434499.9999999995,999999.9999995634
TH_G_222_3435,EXP_ZONE_03,222500.00000000055,3435500.0,999999.9999998545
TH_G_222_3436,EXP_ZONE_05,222500.0000000008,3436500.0000000005,999999.9999990978
TH_G_222_3437,EXP_ZONE_03,222500.0000000003,3437499.9999999995,999999.9999992142
TH_G_222_3438,EXP_ZONE_03,222499.99999999974,3438499.9999999995,999999.9999982829
TH_G_222_3439,EXP_ZONE_03,222499.99999999948,3439499.999999999,999999.999998865
TH_G_222_3440,EXP_ZONE_03,222499.99999999985,3440499.9999999995,999999.9999994761
TH_G_222_3441,EXP_ZONE_03,222499.99999999988,3441500.0,1000000.0000000291
TH_G_222_3442,EXP_ZONE_03,222499.9999999997,3442500.0,1000000.0000009022
TH_G_222_3443,EXP_ZONE_03,222499.99999999988,3443500.0,1000000.0000003783
TH_G_222_3444,EXP_ZONE_04,222500.00000000058,3444500.0,1000000.0000008149
TH_G_222_3445,EXP_ZONE_04,222500.00000000032,3445500.0000000005,999999.9999991269
TH_G_222_3446,EXP_ZONE_04,222499.9999999999,3446499.9999999995,999999.9999997963
TH_G_222_3447,EXP_ZONE_04,222499.9999999998,3447500.0000000005,999999.9999994179
TH_G_222_3448,EXP_ZONE_04,222499.9999999998,3448499.9999999995,999999.9999980791
TH_G_222_3449,EXP_ZONE_04,222499.9999999996,3449500.0,1000000.0000008731
TH_G_222_3450,EXP_ZONE_04,222499.99999999916,3450500.0,1000000.0000004366
TH_G_222_3451,EXP_ZONE_04,222499.99999999962,3451500.0,999999.9999977299
TH_G_222_3452,EXP_ZONE_04,222499.9999999999,3452500.0,999999.9999987776
TH_G_222_3453,EXP_ZONE_04,222499.99999999985,3453500.0,999999.9999989232
TH_G_222_3454,EXP_ZONE_04,222499.99999999962,3454500.0,999999.9999986612
TH_G_222_3455,EXP_ZONE_04,222499.99999999983,3455499.9999999995,1000000.0000003492
TH_G_222_3456,EXP_ZONE_04,222500.00000000035,3456499.9999999995,999999.9999993597
TH_G_222_3457,EXP_ZONE_04,222500.00000000055,3457499.9999999995,999999.9999996799
TH_G_222_3458,EXP_ZONE_04,222500.00000000003,3458499.999999999,1000000.0000006403
TH_G_222_3459,EXP_ZONE_04,222500.0000000001,3459499.9999999986,1000000.0000007858
TH_G_222_3460,EXP_ZONE_04,222500.00000000032,3460499.9999999995,999999.999999447
TH_G_222_3461,EXP_ZONE_04,222500.0000000002,3461499.9999999995,999999.999999709
TH_G_222_3462,EXP_ZONE_04,222499.99999999983,3462500.0,999999.9999983411
TH_G_222_3463,EXP_ZONE_04,222499.99999999988,3463500.0000000005,999999.9999994179
TH_G_223_3424,EXP_ZONE_05,223499.99999999962,3424500.0,999999.9999989232
TH_G_223_3425,EXP_ZONE_05,223499.99999999997,3425500.0,999999.9999998254
TH_G_223_3426,EXP_ZONE_05,223499.9999999998,3426499.9999999995,1000000.0000006112
TH_G_223_3427,EXP_ZONE_05,223499.9999999996,3427499.9999999995,999999.9999991851
TH_G_223_3428,EXP_ZONE_05,223499.99999999956,3428499.9999999995,1000000.0000000582
TH_G_223_3429,EXP_ZONE_05,223499.99999999962,3429499.9999999995,1000000.0000009022
TH_G_223_3430,EXP_ZONE_05,223499.99999999997,3430499.9999999995,1000000.0000002328
TH_G_223_3431,EXP_ZONE_05,223499.99999999988,3431500.0000000005,999999.9999999127
TH_G_223_3432,EXP_ZONE_05,223500.00000000032,3432500.0,1000000.0000005239
TH_G_223_3433,EXP_ZONE_05,223500.0,3433499.999999999,999999.999999156
TH_G_223_3434,EXP_ZONE_05,223499.99999999953,3434499.999999999,1000000.0000009313
TH_G_223_3435,EXP_ZONE_05,223499.99999999997,3435500.0,1000000.0000002037
TH_G_223_3436,EXP_ZONE_05,223499.99999999997,3436500.0000000005,999999.9999980209
TH_G_223_3437,EXP_ZONE_05,223499.9999999997,3437499.9999999995,999999.9999997381
TH_G_223_3438,EXP_ZONE_05,223499.99999999974,3438499.9999999995,1000000.000001135
TH_G_223_3439,EXP_ZONE_05,223499.9999999995,3439499.9999999986,1000000.0000003201
TH_G_223_3440,EXP_ZONE_05,223499.99999999985,3440499.9999999986,1000000.0000017171
TH_G_223_3441,EXP_ZONE_05,223499.99999999997,3441500.0,1000000.000001135
TH_G_223_3442,EXP_ZONE_05,223499.99999999942,3442500.0,999999.9999991851
TH_G_223_3443,EXP_ZONE_06,223500.00000000047,3443500.0,999999.9999992433
TH_G_223_3444,EXP_ZONE_06,223500.00000000044,3444500.0,1000000.0000014552
TH_G_223_3445,EXP_ZONE_06,223500.00000000032,3445500.0000000005,999999.9999990396
TH_G_223_3446,EXP_ZONE_06,223500.00000000017,3446500.0,1000000.0000000873
TH_G_223_3447,EXP_ZONE_06,223499.99999999988,3447500.0,1000000.0000022119
TH_G_223_3448,EXP_ZONE_06,223499.99999999994,3448499.9999999995,1000000.0000001455
TH_G_223_3449,EXP_ZONE_06,223500.0000000003,3449499.9999999995,1000000.0000024156
TH_G_223_3450,EXP_ZONE_06,223500.0,3450499.9999999995,1000000.0000017171
TH_G_223_3451,EXP_ZONE_06,223499.99999999962,3451500.0,1000000.0000009604
TH_G_223_3452,EXP_ZONE_06,223499.9999999994,3452500.0,1000000.0000010477
TH_G_223_3453,EXP_ZONE_06,223499.99999999965,3453500.0,1000000.0000018917
TH_G_223_3454,EXP_ZONE_06,223500.00000000017,3454499.999999999,1000000.0000004657
TH_G_223_3455,EXP_ZONE_06,223500.00000000017,3455499.9999999995,1000000.0000001746
TH_G_223_3456,EXP_ZONE_06,223499.99999999985,3456499.9999999995,1000000.0000000291
TH_G_223_3457,EXP_ZONE_06,223500.00000000006,3457500.0000000005,999999.9999994761
TH_G_223_3458,EXP_ZONE_06,223499.99999999994,3458500.0,999999.9999985448
TH_G_223_3459,EXP_ZONE_06,223499.99999999994,3459499.9999999995,1000000.0000000291
TH_G_223_3460,EXP_ZONE_06,223500.00000000044,3460500.0000000005,999999.9999993597
TH_G_223_3461,EXP_ZONE_06,223500.00000000012,3461499.9999999995,1000000.0000018335
TH_G_223_3462,EXP_ZONE_06,223499.99999999956,3462500.0,1000000.0000007858
TH_G_223_3463,EXP_ZONE_06,223499.99999999985,3463499.999999999,1000000.0000000291
TH_G_224_3424,EXP_ZONE_05,224500.00000000006,3424500.0,1000000.0000008149
TH_G_224_3425,EXP_ZONE_05,224500.00000000006,3425499.9999999995,1000000.0000013097
TH_G_224_3426,EXP_ZONE_05,224500.0000000005,3426500.0,1000000.0000008149
TH_G_224_3427,EXP_ZONE_05,224500.00000000012,3427499.9999999995,999999.999999447
TH_G_224_3428,EXP_ZONE_05,224499.99999999997,3428499.999999999,1000000.0000020664
TH_G_224_3429,EXP_ZONE_05,224500.00000000055,3429499.9999999995,1000000.0000014552
TH_G_224_3430,EXP_ZONE_05,224500.00000000012,3430500.0000000005,999999.9999996508
TH_G_224_3431,EXP_ZONE_05,224500.00000000023,3431499.9999999995,1000000.0000018335
TH_G_224_3432,EXP_ZONE_05,224500.00000000047,3432499.999999999,999999.9999997381
TH_G_224_3433,EXP_ZONE_05,224499.99999999988,3433499.9999999995,999999.9999980209
TH_G_224_3434,EXP_ZONE_05,224499.99999999997,3434499.9999999995,1000000.0000015134
TH_G_224_3435,EXP_ZONE_05,224499.99999999994,3435500.0000000005,1000000.000002241
TH_G_224_3436,EXP_ZONE_05,224499.9999999997,3436500.0,999999.9999986321
TH_G_224_3437,EXP_ZONE_05,224500.00000000006,3437500.0,1000000.0000010186
TH_G_224_3438,EXP_ZONE_05,224500.0000000002,3438499.9999999995,1000000.0000005239
TH_G_224_3439,EXP_ZONE_05,224499.99999999997,3439499.9999999995,999999.9999985157
TH_G_224_3440,EXP_ZONE_05,224499.99999999962,3440499.9999999995,1000000.0
TH_G_224_3441,EXP_ZONE_05,224499.99999999965,3441500.0,999999.999999709
TH_G_224_3442,EXP_ZONE_05,224499.99999999977,3442500.0000000005,999999.9999997672
TH_G_224_3443,EXP_ZONE_05,224500.00000000023,3443499.9999999995,1000000.0000003201
TH_G_224_3444,EXP_ZONE_06,224500.0000000009,3444500.0,1000000.0000001455
TH_G_224_3445,EXP_ZONE_06,224500.0000000003,3445500.0,999999.9999998254
TH_G_224_3446,EXP_ZONE_06,224500.00000000012,3446500.0,1000000.0000000582
TH_G_224_3447,EXP_ZONE_06,224500.00000000012,3447500.0,1000000.0000000582
TH_G_224_3448,EXP_ZONE_06,224500.0000000002,3448500.0,999999.9999979627
TH_G_224_3449,EXP_ZONE_06,224500.00000000044,3449500.0,999999.999999156
TH_G_224_3450,EXP_ZONE_06,224500.00000000035,3450500.0,999999.9999989523
TH_G_224_3451,EXP_ZONE_06,224499.99999999985,3451500.0,999999.9999986612
TH_G_224_3452,EXP_ZONE_06,224499.99999999997,3452499.999999999,999999.999999447
TH_G_224_3453,EXP_ZONE_06,224499.99999999994,3453499.9999999995,999999.9999997672
TH_G_224_3454,EXP_ZONE_06,224500.00000000012,3454500.0,999999.9999989523
TH_G_224_3455,EXP_ZONE_06,224499.99999999997,3455500.0,1000000.0000000582
TH_G_224_3456,EXP_ZONE_06,224499.99999999965,3456500.0,999999.9999994179
TH_G_224_3457,EXP_ZONE_06,224500.00000000003,3457499.9999999995,1000000.0000010768
TH_G_224_3458,EXP_ZONE_06,224499.99999999968,3458500.0,1000000.0000002619
TH_G_224_3459,EXP_ZONE_06,224499.99999999968,3459500.0,999999.9999997963
TH_G_224_3460,EXP_ZONE_06,224500.00000000035,3460499.9999999995,999999.9999993597
TH_G_224_3461,EXP_ZONE_06,224500.0000000003,3461500.0,1000000.0000002037
TH_G_224_3462,EXP_ZONE_06,224499.99999999988,3462500.0,999999.9999984866
TH_G_224_3463,EXP_ZONE_06,224499.9999999996,3463499.999999999,999999.9999990687
TH_G_225_3424,EXP_ZONE_05,225500.00000000023,3424500.0,999999.9999981665
TH_G_225_3425,EXP_ZONE_05,225500.00000000015,3425499.999999999,999999.9999984284
TH_G_225_3426,EXP_ZONE_05,225500.0000000005,3426499.9999999995,1000000.0000001746
TH_G_225_3427,EXP_ZONE_05,225500.00000000073,3427499.9999999995,999999.9999997381
TH_G_225_3428,EXP_ZONE_05,225500.00000000038,3428500.0,999999.9999996217
TH_G_225_3429,EXP_ZONE_05,225500.00000000032,3429500.0,1000000.0000011933
TH_G_225_3430,EXP_ZONE_05,225500.00000000047,3430500.0,999999.9999981083
TH_G_225_3431,EXP_ZONE_05,225500.00000000108,3431500.0,1000000.000000844
TH_G_225_3432,EXP_ZONE_05,225500.00000000035,3432500.0,1000000.0000010477
TH_G_225_3433,EXP_ZONE_05,225500.00000000032,3433500.0000000005,1000000.0000011642
TH_G_225_3434,EXP_ZONE_05,225500.0000000006,3434500.0,999999.9999998545
TH_G_225_3435,EXP_ZONE_05,225500.00000000038,3435500.0000000005,1000000.0000012806
TH_G_225_3436,EXP_ZONE_05,225500.00000000044,3436500.0000000005,999999.9999990978
TH_G_225_3437,EXP_ZONE_05,225500.0000000001,3437499.999999999,999999.9999996799
TH_G_225_3438,EXP_ZONE_05,225499.99999999956,3438500.0,999999.9999997672
TH_G_225_3439,EXP_ZONE_05,225499.99999999953,3439499.9999999995,999999.9999990105
TH_G_225_3440,EXP_ZONE_05,225499.9999999995,3440499.9999999995,1000000.0000013679
TH_G_225_3441,EXP_ZONE_05,225499.9999999997,3441500.0000000005,1000000.0000007276
TH_G_225_3442,EXP_ZONE_05,225500.00000000003,3442499.999999999,999999.9999991851
TH_G_225_3443,EXP_ZONE_05,225500.00000000047,3443499.9999999995,999999.9999998254
TH_G_225_3444,EXP_ZONE_06,225500.00000000087,3444500.0,1000000.0000003783
TH_G_225_3445,EXP_ZONE_06,225500.0000000004,3445500.0,999999.9999998254
TH_G_225_3446,EXP_ZONE_06,225500.00000000017,3446500.0,1000000.0000001455
TH_G_225_3447,EXP_ZONE_06,225499.9999999998,3447500.0000000005,1000000.0000001455
TH_G_225_3448,EXP_ZONE_06,225499.9999999995,3448499.9999999995,1000000.0000009895
TH_G_225_3449,EXP_ZONE_06,225500.00000000032,3449500.0,1000000.0000007276
TH_G_225_3450,EXP_ZONE_06,225500.00000000035,3450500.0,1000000.0000011933
TH_G_225_3451,EXP_ZONE_06,225499.99999999994,3451500.0000000005,1000000.0000001746
TH_G_225_3452,EXP_ZONE_06,225500.00000000006,3452499.9999999995,1000000.0000002037
TH_G_225_3453,EXP_ZONE_06,225499.99999999968,3453500.0,1000000.0000002619
TH_G_225_3454,EXP_ZONE_06,225500.00000000003,3454499.999999999,1000000.0000007567
TH_G_225_3455,EXP_ZONE_06,225499.99999999953,3455500.0,1000000.0000006694
TH_G_225_3456,EXP_ZONE_06,225499.9999999996,3456500.0,999999.9999992142
TH_G_225_3457,EXP_ZONE_06,225500.00000000012,3457500.0000000005,999999.9999994761
TH_G_225_3458,EXP_ZONE_06,225499.99999999983,3458499.9999999995,1000000.0000003201
TH_G_225_3459,EXP_ZONE_06,225499.99999999994,3459500.0000000005,1000000.0000007858
TH_G_225_3460,EXP_ZONE_06,225500.0000000002,3460500.0000000005,999999.9999993888
TH_G_225_3461,EXP_ZONE_06,225500.0000000002,3461500.0,1000000.0000004657
TH_G_225_3462,EXP_ZONE_06,225500.00000000032,3462499.999999999,1000000.000001688
TH_G_225_3463,EXP_ZONE_06,225500.00000000003,3463499.9999999995,1000000.0000012515
TH_G_226_3424,EXP_ZONE_05,226499.99999999965,3424500.0000000005,1000000.0000004075
TH_G_226_3425,EXP_ZONE_05,226500.00000000015,3425500.0,1000000.0000009022
TH_G_226_3426,EXP_ZONE_05,226500.00000000073,3426500.0000000005,999999.9999997963
TH_G_226_3427,EXP_ZONE_05,226500.00000000064,3427500.0,1000000.0000006985
TH_G_226_3428,EXP_ZONE_05,226500.00000000023,3428499.9999999995,999999.9999996508
TH_G_226_3429,EXP_ZONE_05,226499.99999999985,3429499.999999999,999999.9999990978
TH_G_226_3430,EXP_ZONE_05,226500.00000000017,3430499.9999999986,999999.9999985157
TH_G_226_3431,EXP_ZONE_05,226500.0,3431499.9999999995,1000000.0000000582
TH_G_226_3432,EXP_ZONE_05,226500.0000000004,3432500.0,999999.9999988358
TH_G_226_3433,EXP_ZONE_05,226500.00000000047,3433499.9999999995,999999.999998603
TH_G_226_3434,EXP_ZONE_05,226500.00000000084,3434499.9999999995,999999.9999991851
TH_G_226_3435,EXP_ZONE_05,226500.00000000058,3435500.0,1000000.0000011642
TH_G_226_3436,EXP_ZONE_05,226500.00000000003,3436499.9999999995,999999.999998312
TH_G_226_3437,EXP_ZONE_05,226500.0,3437500.0,1000000.0000009604
TH_G_226_3438,EXP_ZONE_05,226499.9999999994,3438500.0,1000000.0000003492
TH_G_226_3439,EXP_ZONE_05,226499.99999999974,3439499.9999999995,999999.999999447
TH_G_226_3440,EXP_ZONE_05,226499.99999999942,3440499.9999999995,1000000.0000013388
TH_G_226_3441,EXP_ZONE_05,226499.99999999977,3441500.0000000005,1000000.0000000582
TH_G_226_3442,EXP_ZONE_05,226500.0,3442500.0,999999.9999986321
TH_G_226_3443,EXP_ZONE_05,226500.00000000023,3443499.9999999995,1000000.0000003201
TH_G_226_3444,EXP_ZONE_06,226500.00000000052,3444500.0,999999.9999994761
TH_G_226_3445,EXP_ZONE_06,226499.9999999999,3445500.0,999999.9999975553
TH_G_226_3446,EXP_ZONE_06,226499.99999999953,3446500.0,1000000.0000004075
TH_G_226_3447,EXP_ZONE_06,226499.99999999985,3447500.0,999999.9999996799
TH_G_226_3448,EXP_ZONE_06,226500.00000000026,3448500.0,999999.9999989232
TH_G_226_3449,EXP_ZONE_06,226500.00000000038,3449500.0,1000000.0000014552
TH_G_226_3450,EXP_ZONE_06,226500.00000000015,3450500.000000001,999999.9999993306
TH_G_226_3451,EXP_ZONE_06,226500.00000000026,3451500.0000000005,999999.99999805
TH_G_226_3452,EXP_ZONE_06,226500.00000000026,3452500.0,1000000.0000015425
TH_G_226_3453,EXP_ZONE_06,226499.9999999999,3453499.999999999,999999.999999156
TH_G_226_3454,EXP_ZONE_06,226499.99999999968,3454499.9999999995,999999.9999984284
TH_G_226_3455,EXP_ZONE_06,226499.99999999936,3455500.0000000005,999999.9999997381
TH_G_226_3456,EXP_ZONE_06,226499.99999999985,3456500.0,1000000.000001688
TH_G_226_3457,EXP_ZONE_06,226500.00000000003,3457499.9999999995,1000000.0000005239
TH_G_226_3458,EXP_ZONE_06,226500.00000000058,3458500.0,1000000.0000008731
TH_G_226_3459,EXP_ZONE_06,226500.00000000073,3459500.0,1000000.0000006694
TH_G_226_3460,EXP_ZONE_06,226500.00000000058,3460500.0,1000000.0000004657
TH_G_226_3461,EXP_ZONE_06,226500.00000000035,3461499.999999999,999999.9999991269
TH_G_226_3462,EXP_ZONE_06,226500.0000000004,3462500.0,999999.9999994179
TH_G_226_3463,EXP_ZONE_06,226500.00000000047,3463500.0,999999.9999990105
TH_G_227_3424,EXP_ZONE_05,227500.0000000002,3424500.0000000005,1000000.0000005239
TH_G_227_3425,EXP_ZONE_05,227500.00000000015,3425499.9999999995,999999.9999995925
TH_G_227_3426,EXP_ZONE_05,227500.0000000002,3426500.0,999999.999998603
TH_G_227_3427,EXP_ZONE_05,227500.00000000073,3427500.0,999999.9999991851
TH_G_227_3428,EXP_ZONE_05,227500.00000000015,3428500.0,999999.9999996217
TH_G_227_3429,EXP_ZONE_05,227499.99999999968,3429499.999999999,1000000.0000004657
TH_G_227_3430,EXP_ZONE_05,227499.99999999953,3430500.0,1000000.0000006694
TH_G_227_3431,EXP_ZONE_05,227499.99999999997,3431499.9999999995,999999.9999998836
TH_G_227_3432,EXP_ZONE_05,227499.99999999977,3432500.0,1000000.0000006112
TH_G_227_3433,EXP_ZONE_05,227499.99999999988,3433499.9999999995,999999.9999995052
TH_G_227_3434,EXP_ZONE_05,227500.00000000032,3434499.9999999995,999999.9999992142
TH_G_227_3435,EXP_ZONE_05,227500.0,3435500.0,999999.9999987776
TH_G_227_3436,EXP_ZONE_05,227499.99999999985,3436500.0,999999.9999995343
TH_G_227_3437,EXP_ZONE_05,227499.99999999945,3437499.999999999,1000000.0000005821
TH_G_227_3438,EXP_ZONE_05,227499.99999999983,3438500.0000000005,999999.9999986321
TH_G_227_3439,EXP_ZONE_05,227499.99999999933,3439499.9999999995,999999.999999709
TH_G_227_3440,EXP_ZONE_05,227499.99999999936,3440500.0000000005,1000000.0000000582
TH_G_227_3441,EXP_ZONE_05,227499.99999999983,3441500.0000000005,1000000.0000000582
TH_G_227_3442,EXP_ZONE_05,227500.0000000001,3442500.0,1000000.0000003201
TH_G_227_3443,EXP_ZONE_05,227500.00000000015,3443499.9999999995,1000000.0000001164
TH_G_227_3444,EXP_ZONE_06,227499.99999999988,3444500.0000000005,1000000.0000007567
TH_G_227_3445,EXP_ZONE_06,227499.99999999977,3445500.0,999999.9999995925
TH_G_227_3446,EXP_ZONE_06,227499.99999999997,3446499.9999999995,1000000.0000018044
TH_G_227_3447,EXP_ZONE_06,227499.99999999936,3447500.0,1000000.000000291
TH_G_227_3448,EXP_ZONE_06,227500.0000000004,3448500.0,999999.9999984866
TH_G_227_3449,EXP_ZONE_06,227500.00000000032,3449499.9999999995,1000000.0000003201
TH_G_227_3450,EXP_ZONE_06,227499.99999999945,3450500.0000000005,1000000.0000008731
TH_G_227_3451,EXP_ZONE_06,227499.99999999985,3451500.0000000005,999999.9999983702
TH_G_227_3452,EXP_ZONE_06,227500.00000000044,3452499.9999999995,999999.9999995634
TH_G_227_3453,EXP_ZONE_06,227500.0000000003,3453500.0000000005,1000000.0000014843
TH_G_227_3454,EXP_ZONE_06,227499.9999999995,3454499.9999999995,1000000.0000002619
TH_G_227_3455,EXP_ZONE_06,227499.99999999924,3455499.9999999995,999999.9999999418
TH_G_227_3456,EXP_ZONE_06,227499.99999999956,3456500.0,1000000.0000004657
TH_G_227_3457,EXP_ZONE_06,227500.00000000038,3457500.0000000005,999999.9999980791
TH_G_227_3458,EXP_ZONE_06,227500.00000000093,3458500.0,1000000.0000004948
TH_G_227_3459,EXP_ZONE_06,227500.0000000005,3459499.9999999995,999999.999998865
TH_G_227_3460,EXP_ZONE_06,227500.0000000005,3460500.0,999999.9999987776
TH_G_227_3461,EXP_ZONE_06,227500.0000000002,3461500.0,999999.9999995634
TH_G_227_3462,EXP_ZONE_06,227499.9999999995,3462499.9999999995,1000000.0000015425
TH_G_227_3463,EXP_ZONE_06,227500.00000000047,3463500.0,999999.999998894
TH_G_228_3424,EXP_ZONE_05,228500.00000000044,3424499.9999999995,999999.999999156
TH_G_228_3425,EXP_ZONE_05,228500.00000000003,3425499.9999999995,1000000.0000001746
TH_G_228_3426,EXP_ZONE_05,228499.9999999996,3426499.999999999,1000000.000000553
TH_G_228_3427,EXP_ZONE_05,228500.0000000004,3427500.0,1000000.0000001455
TH_G_228_3428,EXP_ZONE_05,228500.00000000035,3428500.0,999999.9999999418
TH_G_228_3429,EXP_ZONE_05,228499.99999999965,3429500.0,1000000.0000004948
TH_G_228_3430,EXP_ZONE_05,228499.9999999996,3430500.0,999999.9999985448
TH_G_228_3431,EXP_ZONE_05,228499.99999999983,3431499.9999999995,1000000.0000000873
TH_G_228_3432,EXP_ZONE_05,228500.0000000001,3432500.0,1000000.0000009313
TH_G_228_3433,EXP_ZONE_05,228500.00000000023,3433500.0,1000000.0000003201
TH_G_228_3434,EXP_ZONE_05,228499.99999999988,3434500.0,1000000.0000007858
TH_G_228_3435,EXP_ZONE_05,228499.99999999977,3435499.999999999,999999.9999990687
TH_G_228_3436,EXP_ZONE_05,228499.9999999998,3436499.9999999995,1000000.0000014552
TH_G_228_3437,EXP_ZONE_05,228500.0,3437500.0,1000000.0000016589
TH_G_228_3438,EXP_ZONE_05,228499.99999999985,3438499.9999999995,1000000.000000553
TH_G_228_3439,EXP_ZONE_05,228499.9999999992,3439499.9999999995,999999.9999992142
TH_G_228_3440,EXP_ZONE_05,228499.9999999996,3440500.0,1000000.0000022701
TH_G_228_3441,EXP_ZONE_05,228500.00000000015,3441499.9999999995,999999.9999998545
TH_G_228_3442,EXP_ZONE_05,228500.00000000035,3442499.9999999995,999999.9999993306
TH_G_228_3443,EXP_ZONE_05,228500.0,3443499.9999999986,999999.9999990396
TH_G_228_3444,EXP_ZONE_06,228499.99999999956,3444500.0,1000000.0000004657
TH_G_228_3445,EXP_ZONE_06,228499.99999999962,3445500.0,999999.9999982829
TH_G_228_3446,EXP_ZONE_06,228500.00000000017,3446500.0000000005,1000000.0000002037
TH_G_228_3447,EXP_ZONE_06,228499.99999999977,3447500.0,1000000.0000002328
TH_G_228_3448,EXP_ZONE_06,228499.99999999983,3448500.0,999999.9999996799
TH_G_228_3449,EXP_ZONE_06,228499.99999999997,3449500.0,999999.9999997672
TH_G_228_3450,EXP_ZONE_06,228499.9999999997,3450500.0,1000000.0000014843
TH_G_228_3451,EXP_ZONE_06,228499.99999999988,3451500.0,999999.9999991269
TH_G_228_3452,EXP_ZONE_06,228499.99999999977,3452500.0,999999.9999984866
TH_G_228_3453,EXP_ZONE_06,228500.00000000012,3453499.999999999,999999.9999996508
TH_G_228_3454,EXP_ZONE_06,228500.00000000026,3454499.9999999995,999999.9999999127
TH_G_228_3455,EXP_ZONE_06,228499.99999999968,3455500.0,1000000.0000020664
TH_G_228_3456,EXP_ZONE_06,228499.99999999962,3456500.0,1000000.0000016007
TH_G_228_3457,EXP_ZONE_06,228500.00000000035,3457499.9999999995,999999.9999996217
TH_G_228_3458,EXP_ZONE_06,228500.00000000015,3458499.9999999995,999999.9999982829
TH_G_228_3459,EXP_ZONE_06,228499.9999999999,3459500.0000000005,1000000.000000291
TH_G_228_3460,EXP_ZONE_06,228499.9999999998,3460499.9999999995,1000000.0000000291
TH_G_228_3461,EXP_ZONE_06,228500.0000000002,3461500.0000000005,999999.9999998254
TH_G_228_3462,EXP_ZONE_06,228499.99999999974,3462500.0,999999.9999995925
TH_G_228_3463,EXP_ZONE_06,228500.00000000012,3463500.0000000005,999999.9999996217
TH_G_229_3424,EXP_ZONE_05,229500.00000000044,3424500.0,999999.9999998836
TH_G_229_3425,EXP_ZONE_05,229500.0000000003,3425499.9999999995,999999.999999447
TH_G_229_3426,EXP_ZONE_05,229499.99999999962,3426499.999999999,999999.9999996508
TH_G_229_3427,EXP_ZONE_05,229500.00000000015,3427499.9999999995,1000000.0000001164
TH_G_229_3428,EXP_ZONE_05,229499.99999999997,3428499.9999999995,1000000.0000001455
TH_G_229_3429,EXP_ZONE_05,229500.0,3429500.0,1000000.0000008149
TH_G_229_3430,EXP_ZONE_05,229500.0000000002,3430500.0,999999.9999997381
TH_G_229_3431,EXP_ZONE_05,229499.9999999998,3431499.999999999,1000000.000001397
TH_G_229_3432,EXP_ZONE_05,229499.9999999998,3432499.9999999995,999999.9999990978
TH_G_229_3433,EXP_ZONE_05,229499.9999999998,3433499.9999999995,999999.999998603
TH_G_229_3434,EXP_ZONE_05,229499.9999999999,3434499.9999999995,999999.9999989232
TH_G_229_3435,EXP_ZONE_05,229499.99999999956,3435500.0,999999.999999447
TH_G_229_3436,EXP_ZONE_05,229499.99999999956,3436500.0,999999.9999994179
TH_G_229_3437,EXP_ZONE_05,229500.0000000005,3437499.9999999995,999999.9999986321
TH_G_229_3438,EXP_ZONE_05,229499.9999999999,3438499.9999999995,999999.9999999418
TH_G_229_3439,EXP_ZONE_05,229499.99999999965,3439499.9999999995,999999.9999995343
TH_G_229_3440,EXP_ZONE_05,229500.0000000004,3440499.9999999986,1000000.0000017171
TH_G_229_3441,EXP_ZONE_05,229500.00000000047,3441499.9999999995,1000000.0000003201
TH_G_229_3442,EXP_ZONE_05,229500.00000000017,3442500.0000000005,1000000.0000003492
TH_G_229_3443,EXP_ZONE_05,229499.9999999999,3443499.9999999995,999999.999999709
TH_G_229_3444,EXP_ZONE_06,229499.99999999913,3444500.0,1000000.0000002619
TH_G_229_3445,EXP_ZONE_06,229499.9999999994,3445500.0,1000000.0
TH_G_229_3446,EXP_ZONE_06,229500.00000000044,3446499.999999999,1000000.0000016007
TH_G_229_3447,EXP_ZONE_06,229500.00000000047,3447500.0,1000000.0000009313
TH_G_229_3448,EXP_ZONE_06,229499.99999999997,3448500.0,999999.9999998545
TH_G_229_3449,EXP_ZONE_06,229499.99999999965,3449499.9999999995,999999.9999989523
TH_G_229_3450,EXP_ZONE_06,229499.99999999988,3450499.9999999995,1000000.0000012224
TH_G_229_3451,EXP_ZONE_06,229499.99999999965,3451500.0,999999.9999989814
TH_G_229_3452,EXP_ZONE_06,229499.99999999919,3452499.999999999,999999.9999995052
TH_G_229_3453,EXP_ZONE_06,229499.99999999985,3453499.999999999,1000000.0000010186
TH_G_229_3454,EXP_ZONE_06,229500.00000000003,3454499.9999999995,999999.9999994761
TH_G_229_3455,EXP_ZONE_06,229500.0000000001,3455500.0000000005,999999.9999995925
TH_G_229_3456,EXP_ZONE_06,229500.0000000006,3456500.0,1000000.0000005821
TH_G_229_3457,EXP_ZONE_06,229500.00000000026,3457500.0000000005,1000000.0000001455
TH_G_229_3458,EXP_ZONE_06,229499.99999999974,3458499.9999999995,999999.9999993597
TH_G_229_3459,EXP_ZONE_06,229499.9999999998,3459500.0,1000000.0000006403
TH_G_229_3460,EXP_ZONE_06,229499.99999999994,3460499.999999999,999999.9999996217
TH_G_229_3461,EXP_ZONE_06,229499.9999999998,3461500.0,1000000.0000002328
TH_G_229_3462,EXP_ZONE_06,229499.99999999983,3462500.0,1000000.0000003492
TH_G_229_3463,EXP_ZONE_06,229499.99999999983,3463499.9999999995,1000000.0000000582
TH_G_230_3424,EXP_ZONE_05,230500.00000000047,3424500.0,999999.9999993015
TH_G_230_3425,EXP_ZONE_05,230499.99999999997,3425499.999999999,999999.9999984866
TH_G_230_3426,EXP_ZONE_05,230499.99999999933,3426499.999999998,999999.9999996217
TH_G_230_3427,EXP_ZONE_05,230499.99999999977,3427499.9999999986,1000000.0000002037
TH_G_230_3428,EXP_ZONE_05,230499.99999999977,3428500.0000000005,999999.9999995343
TH_G_230_3429,EXP_ZONE_05,230500.00000000017,3429500.0,1000000.0000009313
TH_G_230_3430,EXP_ZONE_05,230500.00000000038,3430500.0,999999.999998603
TH_G_230_3431,EXP_ZONE_05,230500.00000000003,3431500.0,1000000.0000009022
TH_G_230_3432,EXP_ZONE_05,230499.9999999997,3432500.0,1000000.0000006403
TH_G_230_3433,EXP_ZONE_05,230499.9999999993,3433500.0,999999.9999990978
TH_G_230_3434,EXP_ZONE_05,230499.99999999953,3434499.9999999995,1000000.0000001746
TH_G_230_3435,EXP_ZONE_05,230499.99999999956,3435500.0000000005,1000000.0000016298
TH_G_230_3436,EXP_ZONE_05,230499.99999999988,3436499.9999999995,1000000.0000007567
TH_G_230_3437,EXP_ZONE_05,230500.00000000035,3437499.9999999995,1000000.0000001164
TH_G_230_3438,EXP_ZONE_05,230499.99999999983,3438499.9999999995,1000000.0000006112
TH_G_230_3439,EXP_ZONE_05,230499.99999999974,3439499.999999999,999999.9999991269
TH_G_230_3440,EXP_ZONE_05,230500.00000000044,3440499.999999999,999999.9999996217
TH_G_230_3441,EXP_ZONE_05,230500.0,3441500.0000000005,1000000.0000000873
TH_G_230_3442,EXP_ZONE_05,230499.99999999968,3442499.9999999995,999999.999998865
TH_G_230_3443,EXP_ZONE_06,230500.00000000017,3443500.0000000005,1000000.0000002619
TH_G_230_3444,EXP_ZONE_06,230499.99999999974,3444500.0,1000000.0000010477
TH_G_230_3445,EXP_ZONE_06,230500.00000000006,3445499.9999999986,999999.9999998836
TH_G_230_3446,EXP_ZONE_06,230500.00000000084,3446499.9999999995,1000000.000001135
TH_G_230_3447,EXP_ZONE_06,230500.00000000076,3447500.0000000005,999999.9999994179
TH_G_230_3448,EXP_ZONE_06,230500.00000000064,3448499.9999999995,1000000.0000006112
TH_G_230_3449,EXP_ZONE_06,230499.99999999997,3449499.9999999995,1000000.0000009604
TH_G_230_3450,EXP_ZONE_06,230499.99999999936,3450499.9999999995,1000000.000000291
TH_G_230_3451,EXP_ZONE_06,230499.99999999956,3451499.9999999995,999999.999998865
TH_G_230_3452,EXP_ZONE_06,230499.99999999936,3452500.0,1000000.0000003492
TH_G_230_3453,EXP_ZONE_06,230499.99999999956,3453500.0,999999.9999996799
TH_G_230_3454,EXP_ZONE_06,230499.9999999997,3454500.0,1000000.0000003783
TH_G_230_3455,EXP_ZONE_06,230500.0000000005,3455500.0000000005,1000000.0000008149
TH_G_230_3456,EXP_ZONE_06,230500.00000000081,3456499.9999999995,999999.9999997381
TH_G_230_3457,EXP_ZONE_06,230500.00000000023,3457499.9999999995,999999.9999993306
TH_G_230_3458,EXP_ZONE_06,230499.99999999956,3458500.0000000005,1000000.0000008149
TH_G_230_3459,EXP_ZONE_06,230499.99999999965,3459499.9999999995,999999.9999993306
TH_G_230_3460,EXP_ZONE_06,230499.9999999999,3460500.0,999999.9999987776
TH_G_230_3461,EXP_ZONE_06,230499.99999999956,3461499.9999999995,1000000.0000008149
TH_G_230_3462,EXP_ZONE_06,230500.0,3462500.0,999999.9999992724
TH_G_230_3463,EXP_ZONE_06,230500.00000000032,3463499.9999999995,1000000.0000005239
TH_G_231_3424,EXP_ZONE_05,231500.00000000012,3424500.0,999999.9999990105
TH_G_231_3425,EXP_ZONE_05,231499.9999999993,3425499.9999999995,999999.9999999418
TH_G_231_3426,EXP_ZONE_05,231499.99999999942,3426500.0,1000000.0000001455
TH_G_231_3427,EXP_ZONE_05,231499.9999999992,3427499.9999999995,999999.9999995925
TH_G_231_3428,EXP_ZONE_05,231499.9999999997,3428499.9999999995,1000000.0000000582
TH_G_231_3429,EXP_ZONE_05,231500.0000000001,3429499.9999999995,1000000.0000001455
TH_G_231_3430,EXP_ZONE_05,231499.9999999996,3430499.9999999995,999999.9999982538
TH_G_231_3431,EXP_ZONE_05,231499.99999999977,3431499.9999999995,1000000.0000007276
TH_G_231_3432,EXP_ZONE_05,231499.99999999965,3432500.000000001,1000000.0000000873
TH_G_231_3433,EXP_ZONE_05,231499.99999999977,3433500.0,999999.9999987485
TH_G_231_3434,EXP_ZONE_05,231499.99999999985,3434499.9999999995,1000000.0000006403
TH_G_231_3435,EXP_ZONE_05,231500.0000000002,3435500.0,1000000.0000018626
TH_G_231_3436,EXP_ZONE_05,231500.00000000044,3436499.9999999995,999999.9999986612
TH_G_231_3437,EXP_ZONE_05,231500.00000000032,3437500.0000000005,999999.999999156
TH_G_231_3438,EXP_ZONE_05,231499.9999999997,3438500.0,1000000.0000008149
TH_G_231_3439,EXP_ZONE_05,231499.99999999974,3439500.0,999999.9999992724
TH_G_231_3440,EXP_ZONE_05,231499.99999999942,3440500.0000000005,999999.9999986321
TH_G_231_3441,EXP_ZONE_05,231499.9999999997,3441500.0000000005,1000000.0000012806
TH_G_231_3442,EXP_ZONE_05,231500.0000000002,3442500.0000000005,1000000.0000003492
TH_G_231_3443,EXP_ZONE_05,231500.00000000026,3443499.999999999,1000000.0000005239
TH_G_231_3444,EXP_ZONE_06,231500.00000000032,3444500.0000000005,999999.9999994179
TH_G_231_3445,EXP_ZONE_06,231499.99999999997,3445499.999999999,999999.999998865
TH_G_231_3446,EXP_ZONE_06,231499.99999999997,3446500.0,999999.9999994179
TH_G_231_3447,EXP_ZONE_06,231500.00000000032,3447500.0,999999.9999984575
TH_G_231_3448,EXP_ZONE_06,231500.0000000003,3448499.9999999995,999999.9999984284
TH_G_231_3449,EXP_ZONE_06,231500.0,3449500.0000000005,999999.9999998836
TH_G_231_3450,EXP_ZONE_06,231499.99999999956,3450500.0000000005,999999.9999999709
TH_G_231_3451,EXP_ZONE_06,231499.99999999974,3451500.0,1000000.0000008149
TH_G_231_3452,EXP_ZONE_06,231500.00000000023,3452499.9999999995,1000000.0000027649
TH_G_231_3453,EXP_ZONE_06,231499.99999999983,3453499.9999999995,1000000.0000005239
TH_G_231_3454,EXP_ZONE_06,231499.99999999968,3454499.9999999995,999999.9999989232
TH_G_231_3455,EXP_ZONE_06,231500.00000000052,3455499.9999999995,999999.9999999127
TH_G_231_3456,EXP_ZONE_06,231500.0000000005,3456500.0,999999.9999992142
TH_G_231_3457,EXP_ZONE_06,231499.99999999965,3457500.0,999999.9999989523
TH_G_231_3458,EXP_ZONE_06,231499.9999999998,3458499.999999999,1000000.000000844
TH_G_231_3459,EXP_ZONE_06,231500.0000000001,3459500.0000000005,1000000.0000012224
TH_G_231_3460,EXP_ZONE_06,231500.00000000032,3460499.9999999995,1000000.0000007858
TH_G_231_3461,EXP_ZONE_06,231499.99999999983,3461499.999999999,1000000.0000005239
TH_G_231_3462,EXP_ZONE_06,231499.9999999999,3462499.9999999995,1000000.0000006112
TH_G_231_3463,EXP_ZONE_06,231500.0000000004,3463500.0,1000000.000000291
TH_G_232_3424,EXP_ZONE_05,232499.99999999985,3424500.0,999999.9999993306
TH_G_232_3425,EXP_ZONE_05,232499.9999999998,3425500.0,1000000.0000012806
TH_G_232_3426,EXP_ZONE_07,232499.99999999988,3426500.0,1000000.0000010768
TH_G_232_3427,EXP_ZONE_05,232499.9999999995,3427500.0,999999.9999992433
TH_G_232_3428,EXP_ZONE_05,232499.99999999945,3428499.999999999,1000000.0000005821
TH_G_232_3429,EXP_ZONE_07,232500.00000000003,3429500.0000000005,1000000.0000012806
TH_G_232_3430,EXP_ZONE_07,232499.99999999988,3430499.9999999986,999999.9999992724
TH_G_232_3431,EXP_ZONE_05,232499.99999999948,3431499.999999999,1000000.000001688
TH_G_232_3432,EXP_ZONE_07,232499.99999999994,3432500.0,1000000.0000005821
TH_G_232_3433,EXP_ZONE_07,232499.99999999988,3433499.999999999,999999.9999988358
TH_G_232_3434,EXP_ZONE_05,232499.99999999965,3434499.9999999995,999999.9999995634
TH_G_232_3435,EXP_ZONE_07,232500.00000000035,3435500.0,1000000.0
TH_G_232_3436,EXP_ZONE_07,232500.0000000004,3436500.0,1000000.0000004366
TH_G_232_3437,EXP_ZONE_05,232499.99999999985,3437499.999999999,999999.9999995634
TH_G_232_3438,EXP_ZONE_07,232499.99999999994,3438500.0,999999.9999997672
TH_G_232_3439,EXP_ZONE_05,232499.99999999916,3439500.0,1000000.0000010768
TH_G_232_3440,EXP_ZONE_05,232499.99999999913,3440500.0,999999.9999985739
TH_G_232_3441,EXP_ZONE_05,232499.99999999968,3441499.9999999995,1000000.0000005239
TH_G_232_3442,EXP_ZONE_07,232500.0000000005,3442500.0,999999.9999988067
TH_G_232_3443,EXP_ZONE_07,232500.00000000058,3443499.999999999,1000000.0000013388
TH_G_232_3444,EXP_ZONE_08,232500.00000000026,3444500.0,1000000.0000001455
TH_G_232_3445,EXP_ZONE_08,232500.0000000002,3445500.0000000005,1000000.0000006403
TH_G_232_3446,EXP_ZONE_06,232499.99999999977,3446500.0,1000000.0000014843
TH_G_232_3447,EXP_ZONE_06,232499.99999999956,3447500.0,999999.9999994761
TH_G_232_3448,EXP_ZONE_06,232499.9999999998,3448500.0,1000000.0000000582
TH_G_232_3449,EXP_ZONE_06,232499.99999999968,3449499.9999999995,1000000.0000003783
TH_G_232_3450,EXP_ZONE_08,232500.00000000003,3450499.9999999995,1000000.0000000291
TH_G_232_3451,EXP_ZONE_08,232500.00000000044,3451499.999999999,999999.9999999127
TH_G_232_3452,EXP_ZONE_08,232500.0000000008,3452500.0,1000000.0000000873
TH_G_232_3453,EXP_ZONE_08,232500.00000000015,3453500.0000000005,1000000.0000002328
TH_G_232_3454,EXP_ZONE_06,232499.99999999956,3454500.0,999999.9999993888
TH_G_232_3455,EXP_ZONE_08,232500.00000000023,3455499.999999999,1000000.0000008149
TH_G_232_3456,EXP_ZONE_06,232499.99999999945,3456500.0000000005,999999.9999996217
TH_G_232_3457,EXP_ZONE_08,232499.99999999997,3457499.9999999995,999999.9999994179
TH_G_232_3458,EXP_ZONE_08,232500.00000000052,3458500.0,1000000.0000004948
TH_G_232_3459,EXP_ZONE_08,232500.00000000044,3459500.0,1000000.0000005821
TH_G_232_3460,EXP_ZONE_08,232500.00000000047,3460499.9999999995,999999.9999986903
TH_G_232_3461,EXP_ZONE_06,232499.9999999998,3461500.0000000005,999999.9999991269
TH_G_232_3462,EXP_ZONE_06,232499.9999999997,3462500.0,999999.9999999418
TH_G_232_3463,EXP_ZONE_06,232499.99999999956,3463500.0,999999.9999975262
TH_G_233_3424,EXP_ZONE_07,233500.00000000023,3424500.0000000005,999999.9999998254
TH_G_233_3425,EXP_ZONE_07,233500.00000000003,3425499.999999999,1000000.0000004366
TH_G_233_3426,EXP_ZONE_07,233500.00000000023,3426500.0000000005,999999.9999992724
TH_G_233_3427,EXP_ZONE_07,233499.99999999983,3427500.0000000005,1000000.0000002328
TH_G_233_3428,EXP_ZONE_07,233499.99999999962,3428499.999999999,1000000.0000000873
TH_G_233_3429,EXP_ZONE_07,233499.99999999997,3429500.0000000005,999999.9999993306
TH_G_233_3430,EXP_ZONE_07,233500.0000000001,3430499.999999999,999999.9999988358
TH_G_233_3431,EXP_ZONE_07,233499.9999999995,3431499.999999999,999999.9999996508
TH_G_233_3432,EXP_ZONE_07,233499.9999999995,3432500.0,999999.9999997381
TH_G_233_3433,EXP_ZONE_07,233499.9999999997,3433500.0000000005,999999.9999996217
TH_G_233_3434,EXP_ZONE_07,233499.99999999977,3434499.999999999,1000000.0000009022
TH_G_233_3435,EXP_ZONE_07,233500.00000000023,3435500.0,999999.999999709
TH_G_233_3436,EXP_ZONE_07,233500.0000000003,3436500.0,999999.9999998836
TH_G_233_3437,EXP_ZONE_07,233499.99999999974,3437499.9999999995,999999.9999992142
TH_G_233_3438,EXP_ZONE_07,233499.9999999996,3438500.0,1000000.0000009604
TH_G_233_3439,EXP_ZONE_07,233499.9999999996,3439500.0,1000000.0000006985
TH_G_233_3440,EXP_ZONE_07,233499.99999999983,3440499.9999999995,1000000.0000006985
TH_G_233_3441,EXP_ZONE_07,233499.99999999994,3441500.0,1000000.0000018335
TH_G_233_3442,EXP_ZONE_07,233500.00000000055,3442499.9999999995,999999.9999993597
TH_G_233_3443,EXP_ZONE_07,233500.00000000084,3443500.0,1000000.000001397
TH_G_233_3444,EXP_ZONE_08,233500.00000000058,3444500.0,1000000.0000003492
TH_G_233_3445,EXP_ZONE_08,233500.00000000026,3445500.0000000005,999999.9999985157
TH_G_233_3446,EXP_ZONE_08,233499.99999999994,3446499.9999999995,1000000.0000001164
TH_G_233_3447,EXP_ZONE_08,233500.00000000017,3447500.0,1000000.0000004075
TH_G_233_3448,EXP_ZONE_08,233500.0,3448499.9999999995,999999.9999998836
TH_G_233_3449,EXP_ZONE_08,233499.99999999988,3449500.0,1000000.0000009604
TH_G_233_3450,EXP_ZONE_08,233500.00000000044,3450499.9999999995,1000000.0000000291
TH_G_233_3451,EXP_ZONE_08,233500.00000000035,3451500.0000000005,999999.9999999709
TH_G_233_3452,EXP_ZONE_08,233500.00000000006,3452500.0,999999.9999988067
TH_G_233_3453,EXP_ZONE_08,233499.99999999974,3453500.0,1000000.0000005239
TH_G_233_3454,EXP_ZONE_08,233500.0000000001,3454500.0,999999.9999991851
TH_G_233_3455,EXP_ZONE_08,233500.00000000023,3455500.0,1000000.000001135
TH_G_233_3456,EXP_ZONE_08,233500.00000000006,3456500.0,1000000.0000009895
TH_G_233_3457,EXP_ZONE_08,233500.00000000055,3457499.9999999995,1000000.0000001164
TH_G_233_3458,EXP_ZONE_08,233500.0000000004,3458500.0,1000000.0000005821
TH_G_233_3459,EXP_ZONE_08,233500.00000000055,3459500.0,999999.9999998836
TH_G_233_3460,EXP_ZONE_08,233500.0000000001,3460500.0000000005,999999.9999998836
TH_G_233_3461,EXP_ZONE_08,233499.9999999993,3461499.9999999995,1000000.0000002619
TH_G_233_3462,EXP_ZONE_08,233499.99999999933,3462499.9999999995,1000000.0000010477
TH_G_233_3463,EXP_ZONE_08,233499.99999999948,3463500.0,999999.9999991851
TH_G_234_3424,EXP_ZONE_07,234499.99999999985,3424500.0,999999.9999977008
TH_G_234_3425,EXP_ZONE_07,234499.99999999948,3425499.9999999995,999999.9999988358
TH_G_234_3426,EXP_ZONE_07,234499.99999999983,3426499.9999999995,1000000.0000001746
TH_G_234_3427,EXP_ZONE_07,234500.0000000006,3427499.9999999995,1000000.0000007567
TH_G_234_3428,EXP_ZONE_07,234500.00000000032,3428499.999999999,1000000.000001106
TH_G_234_3429,EXP_ZONE_07,234500.00000000047,3429499.999999999,1000000.0000015425
TH_G_234_3430,EXP_ZONE_07,234500.00000000015,3430500.0,1000000.0000012806
TH_G_234_3431,EXP_ZONE_07,234499.9999999997,3431499.9999999995,1000000.0000009313
TH_G_234_3432,EXP_ZONE_07,234499.99999999945,3432500.0,1000000.0000013679
TH_G_234_3433,EXP_ZONE_07,234500.0,3433499.9999999995,999999.9999997381
TH_G_234_3434,EXP_ZONE_07,234500.00000000012,3434499.999999999,999999.9999999418
TH_G_234_3435,EXP_ZONE_07,234500.00000000006,3435500.0,1000000.0000010186
TH_G_234_3436,EXP_ZONE_07,234500.0000000003,3436500.0,999999.9999998254
TH_G_234_3437,EXP_ZONE_07,234500.00000000032,3437499.9999999995,1000000.0000004657
TH_G_234_3438,EXP_ZONE_07,234500.00000000015,3438500.0,1000000.0000020955
TH_G_234_3439,EXP_ZONE_07,234500.00000000006,3439499.9999999995,999999.9999999127
TH_G_234_3440,EXP_ZONE_07,234499.9999999998,3440500.0,999999.9999992433
TH_G_234_3441,EXP_ZONE_07,234500.00000000026,3441500.0,1000000.0000006985
TH_G_234_3442,EXP_ZONE_07,234500.00000000064,3442499.9999999995,999999.9999982538
TH_G_234_3443,EXP_ZONE_07,234500.00000000084,3443499.9999999995,999999.9999998545
TH_G_234_3444,EXP_ZONE_08,234500.00000000035,3444500.0,1000000.0000005239
TH_G_234_3445,EXP_ZONE_08,234500.0000000001,3445500.000000001,999999.9999998545
TH_G_234_3446,EXP_ZONE_08,234500.00000000067,3446500.0000000005,1000000.000001106
TH_G_234_3447,EXP_ZONE_08,234500.00000000052,3447500.0000000005,1000000.0000003492
TH_G_234_3448,EXP_ZONE_08,234500.00000000006,3448500.0000000005,999999.9999995052
TH_G_234_3449,EXP_ZONE_08,234499.99999999988,3449499.9999999995,999999.9999997963
TH_G_234_3450,EXP_ZONE_08,234500.00000000006,3450500.0,999999.9999988358
TH_G_234_3451,EXP_ZONE_08,234500.0000000002,3451500.0,1000000.0000002037
TH_G_234_3452,EXP_ZONE_08,234500.00000000044,3452499.999999999,1000000.0000001164
TH_G_234_3453,EXP_ZONE_08,234499.9999999999,3453499.9999999995,1000000.0000016589
TH_G_234_3454,EXP_ZONE_08,234499.99999999956,3454500.0,999999.9999997381
TH_G_234_3455,EXP_ZONE_08,234500.00000000052,3455500.0000000005,1000000.0000000873
TH_G_234_3456,EXP_ZONE_08,234500.00000000047,3456500.0,999999.9999983702
TH_G_234_3457,EXP_ZONE_08,234500.00000000035,3457500.0000000005,999999.9999993597
TH_G_234_3458,EXP_ZONE_08,234500.00000000015,3458500.0,999999.9999997672
TH_G_234_3459,EXP_ZONE_08,234500.00000000026,3459499.9999999995,999999.9999996508
TH_G_234_3460,EXP_ZONE_08,234500.0,3460500.0,1000000.0000002037
TH_G_234_3461,EXP_ZONE_08,234499.99999999983,3461499.9999999995,1000000.0000001164
TH_G_234_3462,EXP_ZONE_08,234499.99999999994,3462500.0,1000000.0000020082
TH_G_234_3463,EXP_ZONE_08,234500.0000000005,3463499.9999999995,999999.9999995925
TH_G_235_3424,EXP_ZONE_07,235499.99999999942,3424500.0,1000000.0000001164
TH_G_235_3425,EXP_ZONE_07,235499.99999999927,3425499.9999999995,1000000.0000010477
TH_G_235_3426,EXP_ZONE_07,235499.99999999977,3426499.9999999995,999999.9999991269
TH_G_235_3427,EXP_ZONE_07,235500.00000000006,3427499.9999999995,999999.9999980791
TH_G_235_3428,EXP_ZONE_07,235500.00000000017,3428499.9999999995,999999.9999981374
TH_G_235_3429,EXP_ZONE_07,235500.00000000058,3429500.0,1000000.0000002619
TH_G_235_3430,EXP_ZONE_07,235500.00000000073,3430499.999999999,999999.9999986903
TH_G_235_3431,EXP_ZONE_07,235500.00000000015,3431499.999999999,1000000.0000000291
TH_G_235_3432,EXP_ZONE_07,235499.99999999983,3432500.0,1000000.0000004366
TH_G_235_3433,EXP_ZONE_07,235500.00000000038,3433499.9999999995,999999.999998603
TH_G_235_3434,EXP_ZONE_07,235499.99999999988,3434499.999999999,1000000.0000002037
TH_G_235_3435,EXP_ZONE_07,235499.99999999953,3435500.0000000005,1000000.0000006985
TH_G_235_3436,EXP_ZONE_07,235500.0000000003,3436499.9999999995,999999.9999978172
TH_G_235_3437,EXP_ZONE_07,235500.00000000073,3437499.9999999995,999999.9999995925
TH_G_235_3438,EXP_ZONE_07,235500.00000000084,3438499.9999999995,1000000.0000014552
TH_G_235_3439,EXP_ZONE_07,235499.9999999997,3439500.0,999999.9999995343
TH_G_235_3440,EXP_ZONE_07,235499.99999999965,3440500.0,1000000.0000003201
TH_G_235_3441,EXP_ZONE_07,235499.9999999998,3441500.0000000005,999999.9999997672
TH_G_235_3442,EXP_ZONE_07,235500.00000000003,3442500.0,999999.9999981083
TH_G_235_3443,EXP_ZONE_07,235500.00000000017,3443499.9999999995,999999.999999709
TH_G_235_3444,EXP_ZONE_08,235499.99999999977,3444500.0,999999.9999998545
TH_G_235_3445,EXP_ZONE_08,235500.0,3445500.0,999999.9999978754
TH_G_235_3446,EXP_ZONE_08,235500.0000000007,3446500.0000000005,999999.9999996799
TH_G_235_3447,EXP_ZONE_08,235500.00000000026,3447500.0,1000000.0000002328
TH_G_235_3448,EXP_ZONE_08,235500.00000000023,3448500.0,1000000.0
TH_G_235_3449,EXP_ZONE_08,235500.00000000035,3449500.0,1000000.0000015425
TH_G_235_3450,EXP_ZONE_08,235500.00000000015,3450500.0,1000000.0000008149
TH_G_235_3451,EXP_ZONE_08,235500.00000000032,3451500.0,999999.999999709
TH_G_235_3452,EXP_ZONE_08,235500.00000000017,3452500.0000000005,999999.9999978754
TH_G_235_3453,EXP_ZONE_08,235500.00000000023,3453499.9999999995,1000000.0000006694
TH_G_235_3454,EXP_ZONE_08,235500.00000000023,3454500.0,1000000.0000014261
TH_G_235_3455,EXP_ZONE_08,235500.0000000005,3455500.0,1000000.0
TH_G_235_3456,EXP_ZONE_08,235500.00000000058,3456500.0,1000000.000001397
TH_G_235_3457,EXP_ZONE_08,235500.0,3457500.0,1000000.0000007858
TH_G_235_3458,EXP_ZONE_08,235500.00000000058,3458500.0,1000000.0000008731
TH_G_235_3459,EXP_ZONE_08,235500.0000000001,3459499.9999999995,999999.9999997963
TH_G_235_3460,EXP_ZONE_08,235499.99999999994,3460500.0,999999.9999990687
TH_G_235_3461,EXP_ZONE_08,235499.99999999997,3461499.9999999995,999999.9999995052
TH_G_235_3462,EXP_ZONE_08,235500.0,3462500.0,999999.9999999418
TH_G_235_3463,EXP_ZONE_08,235500.00000000006,3463500.0000000005,999999.9999980791
TH_G_236_3424,EXP_ZONE_07,236499.99999999988,3424499.9999999995,999999.9999994179
TH_G_236_3425,EXP_ZONE_07,236499.99999999968,3425499.9999999995,1000000.0000006985
TH_G_236_3426,EXP_ZONE_07,236499.99999999977,3426500.0,1000000.0000004948
TH_G_236_3427,EXP_ZONE_07,236499.99999999983,3427499.9999999995,999999.9999995925
TH_G_236_3428,EXP_ZONE_07,236499.99999999956,3428499.999999999,1000000.0000012224
TH_G_236_3429,EXP_ZONE_07,236500.00000000003,3429499.9999999995,1000000.0000009895
TH_G_236_3430,EXP_ZONE_07,236500.00000000055,3430499.9999999995,999999.9999978754
TH_G_236_3431,EXP_ZONE_07,236500.00000000006,3431499.9999999986,1000000.0000006694
TH_G_236_3432,EXP_ZONE_07,236499.99999999936,3432500.0,1000000.000000844
TH_G_236_3433,EXP_ZONE_07,236500.00000000026,3433500.0000000005,999999.9999994761
TH_G_236_3434,EXP_ZONE_07,236500.00000000023,3434500.0,1000000.0000004366
TH_G_236_3435,EXP_ZONE_07,236499.99999999965,3435500.0,1000000.0000008731
TH_G_236_3436,EXP_ZONE_07,236499.9999999998,3436499.999999999,999999.9999986903
TH_G_236_3437,EXP_ZONE_07,236499.99999999994,3437499.9999999986,999999.9999993015
TH_G_236_3438,EXP_ZONE_07,236500.0000000003,3438500.0000000005,1000000.0000000582
TH_G_236_3439,EXP_ZONE_07,236500.0000000005,3439500.0,1000000.0000000873
TH_G_236_3440,EXP_ZONE_07,236500.00000000015,3440499.999999999,1000000.0000018626
TH_G_236_3441,EXP_ZONE_07,236500.00000000012,3441499.9999999995,1000000.0000010477
TH_G_236_3442,EXP_ZONE_07,236499.9999999996,3442500.000000001,999999.9999997381
TH_G_236_3443,EXP_ZONE_07,236499.99999999983,3443500.0000000005,1000000.0000002328
TH_G_236_3444,EXP_ZONE_08,236500.00000000003,3444500.0000000005,1000000.0000009895
TH_G_236_3445,EXP_ZONE_08,236499.99999999962,3445500.0,1000000.0000000582
TH_G_236_3446,EXP_ZONE_08,236499.9999999999,3446499.9999999995,999999.9999993888
TH_G_236_3447,EXP_ZONE_08,236500.00000000012,3447499.9999999995,999999.9999994761
TH_G_236_3448,EXP_ZONE_08,236500.0000000003,3448499.999999999,999999.9999990687
TH_G_236_3449,EXP_ZONE_08,236500.00000000055,3449499.999999999,1000000.0000004075
TH_G_236_3450,EXP_ZONE_08,236500.00000000047,3450500.0000000005,999999.9999997672
TH_G_236_3451,EXP_ZONE_08,236500.00000000003,3451500.0000000005,999999.9999997672
TH_G_236_3452,EXP_ZONE_08,236499.99999999962,3452499.9999999995,999999.9999990978
TH_G_236_3453,EXP_ZONE_08,236499.99999999985,3453500.0,999999.9999994761
TH_G_236_3454,EXP_ZONE_08,236500.0000000006,3454499.9999999995,1000000.0000004366
TH_G_236_3455,EXP_ZONE_08,236500.00000000044,3455500.0,999999.99999805
TH_G_236_3456,EXP_ZONE_08,236499.9999999998,3456500.0,999999.9999992724
TH_G_236_3457,EXP_ZONE_08,236500.00000000035,3457500.0,999999.9999983411
TH_G_236_3458,EXP_ZONE_08,236500.0000000005,3458500.0,1000000.0000002037
TH_G_236_3459,EXP_ZONE_08,236500.0000000004,3459500.0,1000000.0000001746
TH_G_236_3460,EXP_ZONE_08,236500.00000000015,3460500.0,1000000.0000004657
TH_G_236_3461,EXP_ZONE_08,236500.0000000002,3461499.9999999995,1000000.0000012806
TH_G_236_3462,EXP_ZONE_08,236499.99999999985,3462500.0000000005,1000000.000001688
TH_G_236_3463,EXP_ZONE_08,236499.99999999983,3463500.0000000005,1000000.0000004657
TH_G_237_3424,EXP_ZONE_07,237499.99999999965,3424499.9999999995,999999.9999999854
TH_G_237_3425,EXP_ZONE_07,237500.0000000001,3425499.9999999995,999999.9999991414
TH_G_237_3426,EXP_ZONE_07,237499.9999999999,3426500.0,1000000.0000009022
TH_G_237_3427,EXP_ZONE_07,237499.99999999997,3427499.9999999995,999999.9999996362
TH_G_237_3428,EXP_ZONE_07,237499.99999999977,3428499.9999999995,999999.9999990978
TH_G_237_3429,EXP_ZONE_07,237499.9999999997,3429499.9999999995,999999.9999992142
TH_G_237_3430,EXP_ZONE_07,237499.99999999994,3430499.9999999995,999999.9999988067
TH_G_237_3431,EXP_ZONE_07,237499.99999999968,3431499.9999999995,999999.9999998981
TH_G_237_3432,EXP_ZONE_07,237499.99999999956,3432500.0000000005,1000000.0000008731
TH_G_237_3433,EXP_ZONE_07,237499.9999999998,3433500.0,999999.9999992433
TH_G_237_3434,EXP_ZONE_07,237500.00000000006,3434499.999999999,999999.9999983847
TH_G_237_3435,EXP_ZONE_07,237500.00000000003,3435499.9999999995,1000000.0000010477
TH_G_237_3436,EXP_ZONE_07,237500.0,3436500.0000000005,1000000.000000713
TH_G_237_3437,EXP_ZONE_07,237499.99999999948,3437499.999999999,999999.9999996071
TH_G_237_3438,EXP_ZONE_07,237500.00000000003,3438499.999999999,999999.9999993743
TH_G_237_3439,EXP_ZONE_07,237500.0000000005,3439499.999999998,999999.9999989814
TH_G_237_3440,EXP_ZONE_07,237500.00000000006,3440499.9999999995,999999.9999990832
TH_G_237_3441,EXP_ZONE_07,237499.9999999995,3441500.0000000005,1000000.0000000873
TH_G_237_3442,EXP_ZONE_07,237499.99999999974,3442500.0000000005,999999.9999994034
TH_G_237_3443,EXP_ZONE_07,237500.00000000052,3443500.0000000005,1000000.0000011642
TH_G_237_3444,EXP_ZONE_08,237500.00000000058,3444499.9999999995,999999.9999997817
TH_G_237_3445,EXP_ZONE_08,237500.00000000015,3445500.0,1000000.0000002328
TH_G_237_3446,EXP_ZONE_08,237500.00000000017,3446499.9999999995,1000000.0000007567
TH_G_237_3447,EXP_ZONE_08,237499.99999999988,3447500.0,1000000.0000010623
TH_G_237_3448,EXP_ZONE_08,237500.00000000017,3448500.0,999999.9999998254
TH_G_237_3449,EXP_ZONE_08,237500.00000000032,3449499.9999999995,1000000.0000009022
TH_G_237_3450,EXP_ZONE_08,237500.0000000001,3450500.0,999999.9999998399
TH_G_237_3451,EXP_ZONE_08,237500.0000000003,3451499.9999999995,999999.9999989523
TH_G_237_3452,EXP_ZONE_08,237499.99999999985,3452500.0,1000000.0000016444
TH_G_237_3453,EXP_ZONE_08,237500.0000000001,3453500.0,1000000.0000011205
TH_G_237_3454,EXP_ZONE_08,237500.0000000002,3454500.0,1000000.0000001164
TH_G_237_3455,EXP_ZONE_08,237499.9999999996,3455500.0000000005,999999.9999991705
TH_G_237_3456,EXP_ZONE_08,237499.99999999945,3456500.0,999999.9999999854
TH_G_237_3457,EXP_ZONE_08,237499.99999999997,3457500.0,1000000.0000003492
TH_G_237_3458,EXP_ZONE_08,237500.00000000047,3458499.9999999995,1000000.0000008149
TH_G_237_3459,EXP_ZONE_08,237500.00000000052,3459499.9999999995,999999.9999999418
TH_G_237_3460,EXP_ZONE_08,237500.00000000044,3460499.9999999995,999999.999999025
TH_G_237_3461,EXP_ZONE_08,237500.0000000005,3461499.9999999995,999999.9999988213
TH_G_237_3462,EXP_ZONE_08,237500.00000000003,3462500.0,1000000.0000007858
TH_G_237_3463,EXP_ZONE_08,237500.00000000006,3463500.0,999999.9999986758
TH_G_238_3424,EXP_ZONE_07,238499.99999999994,3424499.9999999995,1000000.0000013097
TH_G_238_3425,EXP_ZONE_07,238499.9999999999,3425499.999999999,1000000.0000001892
TH_G_238_3426,EXP_ZONE_07,238499.99999999997,3426499.9999999995,1000000.0000005093
TH_G_238_3427,EXP_ZONE_07,238499.99999999997,3427500.0,999999.9999995634
TH_G_238_3428,EXP_ZONE_07,238499.99999999983,3428499.9999999995,1000000.0000005093
TH_G_238_3429,EXP_ZONE_07,238499.9999999998,3429500.0,1000000.000000844
TH_G_238_3430,EXP_ZONE_07,238499.9999999994,3430500.0,1000000.0000005675
TH_G_238_3431,EXP_ZONE_07,238499.9999999998,3431499.9999999995,1000000.0000000291
TH_G_238_3432,EXP_ZONE_07,238500.00000000032,3432500.0,1000000.0000015716
TH_G_238_3433,EXP_ZONE_07,238500.00000000017,3433500.0,1000000.0000006257
TH_G_238_3434,EXP_ZONE_07,238499.99999999994,3434499.9999999986,1000000.000000713
TH_G_238_3435,EXP_ZONE_07,238500.00000000012,3435500.0,1000000.0000006839
TH_G_238_3436,EXP_ZONE_07,238499.9999999998,3436500.0,999999.9999982101
TH_G_238_3437,EXP_ZONE_07,238499.9999999995,3437499.999999999,999999.9999995343
TH_G_238_3438,EXP_ZONE_07,238499.9999999998,3438499.9999999986,999999.9999998981
TH_G_238_3439,EXP_ZONE_07,238499.99999999983,3439499.999999999,1000000.0000000873
TH_G_238_3440,EXP_ZONE_07,238499.99999999942,3440499.999999999,1000000.0000008295
TH_G_238_3441,EXP_ZONE_07,238499.9999999993,3441500.0,1000000.0000002037
TH_G_238_3442,EXP_ZONE_07,238499.99999999988,3442499.9999999995,999999.9999989086
TH_G_238_3443,EXP_ZONE_07,238500.00000000058,3443499.9999999995,1000000.0000014552
TH_G_238_3444,EXP_ZONE_08,238500.00000000076,3444500.0000000005,999999.9999991414
TH_G_238_3445,EXP_ZONE_08,238500.00000000052,3445500.0,1000000.0000001892
TH_G_238_3446,EXP_ZONE_08,238500.0000000002,3446499.9999999995,999999.999999869
TH_G_238_3447,EXP_ZONE_08,238500.00000000006,3447500.0000000005,999999.9999994034
TH_G_238_3448,EXP_ZONE_08,238500.00000000052,3448500.0,1000000.0000001892
TH_G_238_3449,EXP_ZONE_08,238500.00000000047,3449499.9999999995,1000000.0000004802
TH_G_238_3450,EXP_ZONE_08,238500.00000000006,3450500.0000000005,999999.999999578
TH_G_238_3451,EXP_ZONE_08,238499.99999999977,3451499.9999999995,999999.9999993888
TH_G_238_3452,EXP_ZONE_08,238500.0000000001,3452500.0,1000000.0
TH_G_238_3453,EXP_ZONE_08,238500.0000000006,3453500.0,999999.9999990978
TH_G_238_3454,EXP_ZONE_08,238500.00000000026,3454500.0,1000000.0000012806
TH_G_238_3455,EXP_ZONE_08,238499.99999999985,3455500.0,1000000.000001528
TH_G_238_3456,EXP_ZONE_08,238499.9999999995,3456500.0,999999.9999990978
TH_G_238_3457,EXP_ZONE_08,238499.99999999988,3457500.0,999999.9999986612
TH_G_238_3458,EXP_ZONE_08,238500.0000000007,3458500.0,1000000.0000007567
TH_G_238_3459,EXP_ZONE_08,238500.0000000006,3459500.0,999999.9999999418
TH_G_238_3460,EXP_ZONE_08,238500.00000000015,3460499.9999999995,999999.9999989086
TH_G_238_3461,EXP_ZONE_08,238499.99999999977,3461499.999999999,999999.9999994179
TH_G_238_3462,EXP_ZONE_08,238499.9999999998,3462500.0000000005,1000000.0000018335
TH_G_238_3463,EXP_ZONE_08,238500.0000000001,3463500.0,999999.9999989377
TH_G_239_3424,EXP_ZONE_07,239500.00000000026,3424499.9999999986,1000000.0000006112
TH_G_239_3425,EXP_ZONE_07,239499.99999999968,3425500.0000000005,999999.9999994179
TH_G_239_3426,EXP_ZONE_07,239499.99999999953,3426499.9999999995,999999.999999869
TH_G_239_3427,EXP_ZONE_07,239500.0000000002,3427500.0,999999.9999982829
TH_G_239_3428,EXP_ZONE_07,239499.99999999968,3428499.9999999986,999999.9999996799
TH_G_239_3429,EXP_ZONE_07,239499.9999999995,3429499.9999999995,999999.9999998254
TH_G_239_3430,EXP_ZONE_07,239499.9999999998,3430500.0000000005,999999.9999998545
TH_G_239_3431,EXP_ZONE_07,239499.99999999988,3431499.9999999995,1000000.0000000582
TH_G_239_3432,EXP_ZONE_07,239500.0000000004,3432500.0,999999.9999995198
TH_G_239_3433,EXP_ZONE_07,239500.00000000023,3433499.999999999,999999.9999983411
TH_G_239_3434,EXP_ZONE_07,239499.9999999999,3434499.999999999,999999.9999993015
TH_G_239_3435,EXP_ZONE_07,239499.99999999988,3435500.0,999999.9999996362
TH_G_239_3436,EXP_ZONE_07,239500.00000000003,3436499.999999999,1000000.0000002328
TH_G_239_3437,EXP_ZONE_07,239499.99999999994,3437499.999999999,1000000.000002532
TH_G_239_3438,EXP_ZONE_07,239500.00000000006,3438499.9999999995,1000000.0000001892
TH_G_239_3439,EXP_ZONE_07,239500.00000000012,3439499.999999999,1000000.0000000582
TH_G_239_3440,EXP_ZONE_07,239499.9999999994,3440499.999999999,1000000.0000006694
TH_G_239_3441,EXP_ZONE_07,239499.99999999956,3441500.0,1000000.000000553
TH_G_239_3442,EXP_ZONE_07,239500.0000000003,3442499.9999999995,999999.9999989086
TH_G_239_3443,EXP_ZONE_07,239500.0000000001,3443499.9999999986,1000000.0000009313
TH_G_239_3444,EXP_ZONE_08,239500.00000000047,3444500.0,999999.9999999709
TH_G_239_3445,EXP_ZONE_08,239500.00000000044,3445500.0,999999.9999986176
TH_G_239_3446,EXP_ZONE_08,239500.00000000003,3446500.000000001,1000000.0000008877
TH_G_239_3447,EXP_ZONE_08,239499.9999999995,3447499.9999999995,999999.9999987776
TH_G_239_3448,EXP_ZONE_08,239499.9999999999,3448500.0,999999.9999981956
TH_G_239_3449,EXP_ZONE_08,239500.00000000023,3449500.000000001,999999.9999999854
TH_G_239_3450,EXP_ZONE_08,239500.0000000004,3450500.0000000005,1000000.0000002474
TH_G_239_3451,EXP_ZONE_08,239499.99999999988,3451499.999999999,999999.9999999709
TH_G_239_3452,EXP_ZONE_08,239499.99999999994,3452499.9999999995,1000000.0000014115
TH_G_239_3453,EXP_ZONE_08,239500.00000000058,3453500.0000000005,1000000.0000001164
TH_G_239_3454,EXP_ZONE_08,239500.0000000004,3454499.9999999995,999999.9999990832
TH_G_239_3455,EXP_ZONE_08,239500.00000000017,3455500.0,1000000.0000006403
TH_G_239_3456,EXP_ZONE_08,239499.99999999994,3456500.0,1000000.0000010477
TH_G_239_3457,EXP_ZONE_08,239499.99999999988,3457499.9999999995,1000000.0000004657
TH_G_239_3458,EXP_ZONE_08,239500.0000000002,3458500.0,999999.9999997963
TH_G_239_3459,EXP_ZONE_08,239500.00000000026,3459500.0,999999.999998181
TH_G_239_3460,EXP_ZONE_08,239499.99999999962,3460499.9999999995,999999.9999996362
TH_G_239_3461,EXP_ZONE_08,239499.99999999948,3461500.0,999999.9999995343
TH_G_239_3462,EXP_ZONE_08,239499.99999999953,3462500.0000000005,999999.999999447
TH_G_239_3463,EXP_ZONE_08,239500.00000000003,3463500.0,1000000.000001106
TH_G_240_3424,EXP_ZONE_07,240500.0000000001,3424499.9999999995,1000000.0000004802
TH_G_240_3425,EXP_ZONE_07,240499.99999999953,3425500.0,1000000.0000010332
TH_G_240_3426,EXP_ZONE_07,240499.9999999995,3426500.0,999999.9999996071
TH_G_240_3427,EXP_ZONE_07,240499.99999999968,3427499.9999999995,999999.9999995634
TH_G_240_3428,EXP_ZONE_07,240499.99999999945,3428499.999999999,999999.9999999854
TH_G_240_3429,EXP_ZONE_07,240499.99999999948,3429499.9999999995,1000000.0000012515
TH_G_240_3430,EXP_ZONE_07,240500.00000000006,3430499.9999999995,999999.9999993888
TH_G_240_3431,EXP_ZONE_07,240500.00000000023,3431499.9999999995,1000000.0000007421
TH_G_240_3432,EXP_ZONE_07,240500.00000000032,3432499.9999999986,1000000.0000009604
TH_G_240_3433,EXP_ZONE_07,240500.0000000003,3433499.999999999,999999.9999993597
TH_G_240_3434,EXP_ZONE_07,240499.99999999948,3434499.999999998,1000000.0000014115
TH_G_240_3435,EXP_ZONE_07,240500.0,3435499.9999999995,1000000.000000713
TH_G_240_3436,EXP_ZONE_07,240500.0000000003,3436499.9999999995,999999.9999983993
TH_G_240_3437,EXP_ZONE_07,240500.00000000032,3437499.9999999995,1000000.0000001164
TH_G_240_3438,EXP_ZONE_07,240500.00000000023,3438500.0000000005,1000000.0000010914
TH_G_240_3439,EXP_ZONE_07,240500.00000000032,3439500.0000000005,1000000.0000006839
TH_G_240_3440,EXP_ZONE_07,240500.00000000012,3440500.0000000005,999999.9999992142
TH_G_240_3441,EXP_ZONE_07,240499.99999999968,3441500.0000000005,1000000.0000009895
TH_G_240_3442,EXP_ZONE_07,240500.00000000017,3442500.0,999999.999999447
TH_G_240_3443,EXP_ZONE_07,240500.00000000035,3443499.9999999995,999999.9999995634
TH_G_240_3444,EXP_ZONE_08,240499.99999999997,3444500.0,1000000.0000019354
TH_G_240_3445,EXP_ZONE_08,240500.0000000002,3445500.0,999999.9999986176
TH_G_240_3446,EXP_ZONE_08,240500.00000000003,3446500.0,1000000.0000003929
TH_G_240_3447,EXP_ZONE_08,240499.99999999968,3447500.0,1000000.0000006403
TH_G_240_3448,EXP_ZONE_08,240500.00000000012,3448499.9999999995,1000000.0000016007
TH_G_240_3449,EXP_ZONE_08,240500.0000000002,3449500.0,1000000.0000010332
TH_G_240_3450,EXP_ZONE_08,240500.0000000003,3450500.0000000005,999999.9999990105
TH_G_240_3451,EXP_ZONE_08,240500.00000000017,3451499.999999999,999999.9999990396
TH_G_240_3452,EXP_ZONE_08,240499.99999999985,3452500.0,1000000.000000422
TH_G_240_3453,EXP_ZONE_08,240500.00000000044,3453499.9999999995,999999.9999990541
TH_G_240_3454,EXP_ZONE_08,240500.00000000026,3454499.9999999995,999999.9999993888
TH_G_240_3455,EXP_ZONE_08,240499.99999999974,3455499.9999999995,1000000.0000001746
TH_G_240_3456,EXP_ZONE_08,240500.00000000052,3456500.0,999999.9999999272
TH_G_240_3457,EXP_ZONE_08,240500.00000000067,3457500.0,1000000.0000001164
TH_G_240_3458,EXP_ZONE_08,240500.00000000006,3458499.9999999995,1000000.0000009459
TH_G_240_3459,EXP_ZONE_08,240499.9999999996,3459500.0,1000000.0000000582
TH_G_240_3460,EXP_ZONE_08,240499.99999999942,3460499.9999999995,999999.9999991851
TH_G_240_3461,EXP_ZONE_08,240499.99999999965,3461500.0,1000000.0000015134
TH_G_240_3462,EXP_ZONE_08,240500.00000000003,3462500.0,1000000.0000010623
TH_G_240_3463,EXP_ZONE_08,240500.00000000044,3463500.0,1000000.0000010477
TH_G_241_3424,EXP_ZONE_07,241499.99999999985,3424500.0,999999.9999997817
TH_G_241_3425,EXP_ZONE_07,241500.00000000023,3425500.0,1000000.0000004657
TH_G_241_3426,EXP_ZONE_07,241499.99999999974,3426499.9999999995,1000000.0000002183
TH_G_241_3427,EXP_ZONE_07,241499.9999999992,3427500.0,999999.9999998108
TH_G_241_3428,EXP_ZONE_07,241499.99999999936,3428499.999999999,999999.999999709
TH_G_241_3429,EXP_ZONE_07,241499.99999999997,3429499.9999999995,1000000.0000008295
TH_G_241_3430,EXP_ZONE_07,241500.0000000003,3430499.9999999995,999999.9999989377
TH_G_241_3431,EXP_ZONE_07,241500.0000000003,3431500.0,999999.9999999709
TH_G_241_3432,EXP_ZONE_07,241500.0000000004,3432499.999999999,999999.9999995343
TH_G_241_3433,EXP_ZONE_07,241500.00000000023,3433500.0,999999.9999991705
TH_G_241_3434,EXP_ZONE_07,241499.9999999995,3434499.999999999,999999.9999995343
TH_G_241_3435,EXP_ZONE_07,241499.99999999977,3435499.999999999,1000000.0000014552
TH_G_241_3436,EXP_ZONE_07,241500.00000000044,3436499.999999999,999999.9999985448
TH_G_241_3437,EXP_ZONE_07,241500.0,3437499.9999999995,1000000.000000713
TH_G_241_3438,EXP_ZONE_07,241500.00000000032,3438500.0,1000000.000001266
TH_G_241_3439,EXP_ZONE_07,241500.0000000006,3439499.9999999995,999999.9999992433
TH_G_241_3440,EXP_ZONE_07,241500.00000000023,3440500.0000000005,1000000.0000001164
TH_G_241_3441,EXP_ZONE_07,241499.99999999983,3441499.9999999995,999999.9999996362
TH_G_241_3442,EXP_ZONE_07,241499.99999999965,3442500.0,999999.9999989232
TH_G_241_3443,EXP_ZONE_07,241500.0000000002,3443500.0,999999.9999992724
TH_G_241_3444,EXP_ZONE_08,241499.9999999999,3444500.0,1000000.0000012078
TH_G_241_3445,EXP_ZONE_08,241499.99999999962,3445500.0,999999.999999156
TH_G_241_3446,EXP_ZONE_08,241500.00000000012,3446500.0000000005,999999.9999995925
TH_G_241_3447,EXP_ZONE_08,241500.0,3447500.0,999999.9999993597
TH_G_241_3448,EXP_ZONE_08,241500.00000000038,3448500.0,999999.9999986176
TH_G_241_3449,EXP_ZONE_08,241500.00000000044,3449500.0000000005,1000000.0000010186
TH_G_241_3450,EXP_ZONE_08,241500.00000000052,3450500.0,1000000.0000003492
TH_G_241_3451,EXP_ZONE_08,241500.0000000005,3451500.0,1000000.0000007567
TH_G_241_3452,EXP_ZONE_08,241499.99999999962,3452500.0,1000000.0000010477
TH_G_241_3453,EXP_ZONE_08,241500.00000000012,3453499.9999999995,999999.9999992287
TH_G_241_3454,EXP_ZONE_08,241500.00000000047,3454500.0000000005,1000000.0000005239
TH_G_241_3455,EXP_ZONE_08,241499.99999999983,3455499.9999999995,1000000.0000010914
TH_G_241_3456,EXP_ZONE_08,241499.9999999998,3456499.9999999995,999999.9999985739
TH_G_241_3457,EXP_ZONE_08,241500.00000000023,3457500.0000000005,999999.9999980646
TH_G_241_3458,EXP_ZONE_08,241500.00000000017,3458500.0000000005,1000000.0000002619
TH_G_241_3459,EXP_ZONE_08,241499.99999999968,3459500.0,999999.9999999563
TH_G_241_3460,EXP_ZONE_08,241499.9999999993,3460499.999999999,999999.9999998836
TH_G_241_3461,EXP_ZONE_08,241499.99999999994,3461500.0,1000000.0000006694
TH_G_241_3462,EXP_ZONE_08,241500.0000000009,3462499.9999999995,999999.9999998254
TH_G_241_3463,EXP_ZONE_08,241500.00000000081,3463500.0,999999.9999996217
