source_id,source_file,source_row,station_id,scene_id,observed_at,longitude,latitude,variable_code,source_parameter,observed_value,clean_value,unit,source_unit,value_origin,conversion_rule,is_imputed,imputation_method,imputation_confidence,quality_flags,unit_valid
open_meteo_forecast,storage\raw\open_meteo_forecast\20260818T112053Z.json,1:temperature_2m,OPEN_METEO_120.249_31.107,,2026-08-17T16:00:00+00:00,120.249405,31.107204,air_temperature,temperature_2m,27.3,27.3,degC,degC,forecast_proxy,Open-Meteo hourly unit °C,False,,,"[""Q08"", ""Q99""]",True
open_meteo_forecast,storage\raw\open_meteo_forecast\20260818T112053Z.json,1:wind_speed_10m,OPEN_METEO_120.249_31.107,,2026-08-17T16:00:00+00:00,120.249405,31.107204,wind_speed,wind_speed_10m,3.75,3.75,m/s,m/s,forecast_proxy,Open-Meteo hourly unit m/s,False,,,"[""Q08"", ""Q99""]",True
open_meteo_forecast,storage\raw\open_meteo_forecast\20260818T112053Z.json,1:wind_direction_10m,OPEN_METEO_120.249_31.107,,2026-08-17T16:00:00+00:00,120.249405,31.107204,wind_direction,wind_direction_10m,89,89.0,degree,degree,forecast_proxy,Open-Meteo hourly unit °,False,,,"[""Q08"", ""Q99""]",True
open_meteo_forecast,storage\raw\open_meteo_forecast\20260818T112053Z.json,1:precipitation,OPEN_METEO_120.249_31.107,,2026-08-17T16:00:00+00:00,120.249405,31.107204,precipitation,precipitation,0.0,0.0,mm,mm,forecast_proxy,Open-Meteo hourly unit mm,False,,,"[""Q08"", ""Q99""]",True
open_meteo_forecast,storage\raw\open_meteo_forecast\20260818T112053Z.json,1:shortwave_radiation,OPEN_METEO_120.249_31.107,,2026-08-17T16:00:00+00:00,120.249405,31.107204,shortwave_radiation,shortwave_radiation,314.0,314.0,W/m2,W/m2,forecast_proxy,Open-Meteo hourly unit W/m²,False,,,"[""Q08"", ""Q99""]",True
open_meteo_forecast,storage\raw\open_meteo_forecast\20260818T112053Z.json,2:temperature_2m,OPEN_METEO_120.249_31.107,,2026-08-17T17:00:00+00:00,120.249405,31.107204,air_temperature,temperature_2m,27.9,27.9,degC,degC,forecast_proxy,Open-Meteo hourly unit °C,False,,,"[""Q08"", ""Q99""]",True
open_meteo_forecast,storage\raw\open_meteo_forecast\20260818T112053Z.json,2:wind_speed_10m,OPEN_METEO_120.249_31.107,,2026-08-17T17:00:00+00:00,120.249405,31.107204,wind_speed,wind_speed_10m,3.91,3.91,m/s,m/s,forecast_proxy,Open-Meteo hourly unit m/s,False,,,"[""Q08"", ""Q99""]",True
open_meteo_forecast,storage\raw\open_meteo_forecast\20260818T112053Z.json,2:wind_direction_10m,OPEN_METEO_120.249_31.107,,2026-08-17T17:00:00+00:00,120.249405,31.107204,wind_direction,wind_direction_10m,94,94.0,degree,degree,forecast_proxy,Open-Meteo hourly unit °,False,,,"[""Q08"", ""Q99""]",True
open_meteo_forecast,storage\raw\open_meteo_forecast\20260818T112053Z.json,2:precipitation,OPEN_METEO_120.249_31.107,,2026-08-17T17:00:00+00:00,120.249405,31.107204,precipitation,precipitation,0.0,0.0,mm,mm,forecast_proxy,Open-Meteo hourly unit mm,False,,,"[""Q08"", ""Q99""]",True
open_meteo_forecast,storage\raw\open_meteo_forecast\20260818T112053Z.json,2:shortwave_radiation,OPEN_METEO_120.249_31.107,,2026-08-17T17:00:00+00:00,120.249405,31.107204,shortwave_radiation,shortwave_radiation,501.0,501.0,W/m2,W/m2,forecast_proxy,Open-Meteo hourly unit W/m²,False,,,"[""Q08"", ""Q99""]",True
open_meteo_forecast,storage\raw\open_meteo_forecast\20260818T112053Z.json,3:temperature_2m,OPEN_METEO_120.249_31.107,,2026-08-17T18:00:00+00:00,120.249405,31.107204,air_temperature,temperature_2m,28.9,28.9,degC,degC,forecast_proxy,Open-Meteo hourly unit °C,False,,,"[""Q08"", ""Q99""]",True
open_meteo_forecast,storage\raw\open_meteo_forecast\20260818T112053Z.json,3:wind_speed_10m,OPEN_METEO_120.249_31.107,,2026-08-17T18:00:00+00:00,120.249405,31.107204,wind_speed,wind_speed_10m,3.62,3.62,m/s,m/s,forecast_proxy,Open-Meteo hourly unit m/s,False,,,"[""Q08"", ""Q99""]",True
open_meteo_forecast,storage\raw\open_meteo_forecast\20260818T112053Z.json,3:wind_direction_10m,OPEN_METEO_120.249_31.107,,2026-08-17T18:00:00+00:00,120.249405,31.107204,wind_direction,wind_direction_10m,96,96.0,degree,degree,forecast_proxy,Open-Meteo hourly unit °,False,,,"[""Q08"", ""Q99""]",True
open_meteo_forecast,storage\raw\open_meteo_forecast\20260818T112053Z.json,3:precipitation,OPEN_METEO_120.249_31.107,,2026-08-17T18:00:00+00:00,120.249405,31.107204,precipitation,precipitation,0.0,0.0,mm,mm,forecast_proxy,Open-Meteo hourly unit mm,False,,,"[""Q08"", ""Q99""]",True
open_meteo_forecast,storage\raw\open_meteo_forecast\20260818T112053Z.json,3:shortwave_radiation,OPEN_METEO_120.249_31.107,,2026-08-17T18:00:00+00:00,120.249405,31.107204,shortwave_radiation,shortwave_radiation,618.0,618.0,W/m2,W/m2,forecast_proxy,Open-Meteo hourly unit W/m²,False,,,"[""Q08"", ""Q99""]",True
open_meteo_forecast,storage\raw\open_meteo_forecast\20260818T112053Z.json,4:temperature_2m,OPEN_METEO_120.249_31.107,,2026-08-17T19:00:00+00:00,120.249405,31.107204,air_temperature,temperature_2m,29.5,29.5,degC,degC,forecast_proxy,Open-Meteo hourly unit °C,False,,,"[""Q08"", ""Q99""]",True
open_meteo_forecast,storage\raw\open_meteo_forecast\20260818T112053Z.json,4:wind_speed_10m,OPEN_METEO_120.249_31.107,,2026-08-17T19:00:00+00:00,120.249405,31.107204,wind_speed,wind_speed_10m,3.11,3.11,m/s,m/s,forecast_proxy,Open-Meteo hourly unit m/s,False,,,"[""Q08"", ""Q99""]",True
open_meteo_forecast,storage\raw\open_meteo_forecast\20260818T112053Z.json,4:wind_direction_10m,OPEN_METEO_120.249_31.107,,2026-08-17T19:00:00+00:00,120.249405,31.107204,wind_direction,wind_direction_10m,85,85.0,degree,degree,forecast_proxy,Open-Meteo hourly unit °,False,,,"[""Q08"", ""Q99""]",True
open_meteo_forecast,storage\raw\open_meteo_forecast\20260818T112053Z.json,4:precipitation,OPEN_METEO_120.249_31.107,,2026-08-17T19:00:00+00:00,120.249405,31.107204,precipitation,precipitation,0.0,0.0,mm,mm,forecast_proxy,Open-Meteo hourly unit mm,False,,,"[""Q08"", ""Q99""]",True
open_meteo_forecast,storage\raw\open_meteo_forecast\20260818T112053Z.json,4:shortwave_radiation,OPEN_METEO_120.249_31.107,,2026-08-17T19:00:00+00:00,120.249405,31.107204,shortwave_radiation,shortwave_radiation,664.0,664.0,W/m2,W/m2,forecast_proxy,Open-Meteo hourly unit W/m²,False,,,"[""Q08"", ""Q99""]",True
open_meteo_forecast,storage\raw\open_meteo_forecast\20260818T112053Z.json,5:temperature_2m,OPEN_METEO_120.249_31.107,,2026-08-17T20:00:00+00:00,120.249405,31.107204,air_temperature,temperature_2m,29.2,29.2,degC,degC,forecast_proxy,Open-Meteo hourly unit °C,False,,,"[""Q08"", ""Q99""]",True
open_meteo_forecast,storage\raw\open_meteo_forecast\20260818T112053Z.json,5:wind_speed_10m,OPEN_METEO_120.249_31.107,,2026-08-17T20:00:00+00:00,120.249405,31.107204,wind_speed,wind_speed_10m,3.51,3.51,m/s,m/s,forecast_proxy,Open-Meteo hourly unit m/s,False,,,"[""Q08"", ""Q99""]",True
open_meteo_forecast,storage\raw\open_meteo_forecast\20260818T112053Z.json,5:wind_direction_10m,OPEN_METEO_120.249_31.107,,2026-08-17T20:00:00+00:00,120.249405,31.107204,wind_direction,wind_direction_10m,93,93.0,degree,degree,forecast_proxy,Open-Meteo hourly unit °,False,,,"[""Q08"", ""Q99""]",True
open_meteo_forecast,storage\raw\open_meteo_forecast\20260818T112053Z.json,5:precipitation,OPEN_METEO_120.249_31.107,,2026-08-17T20:00:00+00:00,120.249405,31.107204,precipitation,precipitation,0.1,0.1,mm,mm,forecast_proxy,Open-Meteo hourly unit mm,False,,,"[""Q08"", ""Q99""]",True
open_meteo_forecast,storage\raw\open_meteo_forecast\20260818T112053Z.json,5:shortwave_radiation,OPEN_METEO_120.249_31.107,,2026-08-17T20:00:00+00:00,120.249405,31.107204,shortwave_radiation,shortwave_radiation,843.0,843.0,W/m2,W/m2,forecast_proxy,Open-Meteo hourly unit W/m²,False,,,"[""Q08"", ""Q99""]",True
open_meteo_forecast,storage\raw\open_meteo_forecast\20260818T112053Z.json,6:temperature_2m,OPEN_METEO_120.249_31.107,,2026-08-17T21:00:00+00:00,120.249405,31.107204,air_temperature,temperature_2m,29.3,29.3,degC,degC,forecast_proxy,Open-Meteo hourly unit °C,False,,,"[""Q08"", ""Q99""]",True
open_meteo_forecast,storage\raw\open_meteo_forecast\20260818T112053Z.json,6:wind_speed_10m,OPEN_METEO_120.249_31.107,,2026-08-17T21:00:00+00:00,120.249405,31.107204,wind_speed,wind_speed_10m,4.13,4.13,m/s,m/s,forecast_proxy,Open-Meteo hourly unit m/s,False,,,"[""Q08"", ""Q99""]",True
open_meteo_forecast,storage\raw\open_meteo_forecast\20260818T112053Z.json,6:wind_direction_10m,OPEN_METEO_120.249_31.107,,2026-08-17T21:00:00+00:00,120.249405,31.107204,wind_direction,wind_direction_10m,97,97.0,degree,degree,forecast_proxy,Open-Meteo hourly unit °,False,,,"[""Q08"", ""Q99""]",True
open_meteo_forecast,storage\raw\open_meteo_forecast\20260818T112053Z.json,6:precipitation,OPEN_METEO_120.249_31.107,,2026-08-17T21:00:00+00:00,120.249405,31.107204,precipitation,precipitation,0.4,0.4,mm,mm,forecast_proxy,Open-Meteo hourly unit mm,False,,,"[""Q08"", ""Q99""]",True
open_meteo_forecast,storage\raw\open_meteo_forecast\20260818T112053Z.json,6:shortwave_radiation,OPEN_METEO_120.249_31.107,,2026-08-17T21:00:00+00:00,120.249405,31.107204,shortwave_radiation,shortwave_radiation,797.0,797.0,W/m2,W/m2,forecast_proxy,Open-Meteo hourly unit W/m²,False,,,"[""Q08"", ""Q99""]",True
open_meteo_forecast,storage\raw\open_meteo_forecast\20260818T112053Z.json,7:temperature_2m,OPEN_METEO_120.249_31.107,,2026-08-17T22:00:00+00:00,120.249405,31.107204,air_temperature,temperature_2m,29.4,29.4,degC,degC,forecast_proxy,Open-Meteo hourly unit °C,False,,,"[""Q08"", ""Q99""]",True
open_meteo_forecast,storage\raw\open_meteo_forecast\20260818T112053Z.json,7:wind_speed_10m,OPEN_METEO_120.249_31.107,,2026-08-17T22:00:00+00:00,120.249405,31.107204,wind_speed,wind_speed_10m,3.36,3.36,m/s,m/s,forecast_proxy,Open-Meteo hourly unit m/s,False,,,"[""Q08"", ""Q99""]",True
open_meteo_forecast,storage\raw\open_meteo_forecast\20260818T112053Z.json,7:wind_direction_10m,OPEN_METEO_120.249_31.107,,2026-08-17T22:00:00+00:00,120.249405,31.107204,wind_direction,wind_direction_10m,105,105.0,degree,degree,forecast_proxy,Open-Meteo hourly unit °,False,,,"[""Q08"", ""Q99""]",True
open_meteo_forecast,storage\raw\open_meteo_forecast\20260818T112053Z.json,7:precipitation,OPEN_METEO_120.249_31.107,,2026-08-17T22:00:00+00:00,120.249405,31.107204,precipitation,precipitation,0.7,0.7,mm,mm,forecast_proxy,Open-Meteo hourly unit mm,False,,,"[""Q08"", ""Q99""]",True
open_meteo_forecast,storage\raw\open_meteo_forecast\20260818T112053Z.json,7:shortwave_radiation,OPEN_METEO_120.249_31.107,,2026-08-17T22:00:00+00:00,120.249405,31.107204,shortwave_radiation,shortwave_radiation,728.0,728.0,W/m2,W/m2,forecast_proxy,Open-Meteo hourly unit W/m²,False,,,"[""Q08"", ""Q99""]",True
open_meteo_forecast,storage\raw\open_meteo_forecast\20260818T112053Z.json,8:temperature_2m,OPEN_METEO_120.249_31.107,,2026-08-17T23:00:00+00:00,120.249405,31.107204,air_temperature,temperature_2m,29.4,29.4,degC,degC,forecast_proxy,Open-Meteo hourly unit °C,False,,,"[""Q08"", ""Q99""]",True
open_meteo_forecast,storage\raw\open_meteo_forecast\20260818T112053Z.json,8:wind_speed_10m,OPEN_METEO_120.249_31.107,,2026-08-17T23:00:00+00:00,120.249405,31.107204,wind_speed,wind_speed_10m,4.6,4.6,m/s,m/s,forecast_proxy,Open-Meteo hourly unit m/s,False,,,"[""Q08"", ""Q99""]",True
open_meteo_forecast,storage\raw\open_meteo_forecast\20260818T112053Z.json,8:wind_direction_10m,OPEN_METEO_120.249_31.107,,2026-08-17T23:00:00+00:00,120.249405,31.107204,wind_direction,wind_direction_10m,102,102.0,degree,degree,forecast_proxy,Open-Meteo hourly unit °,False,,,"[""Q08"", ""Q99""]",True
open_meteo_forecast,storage\raw\open_meteo_forecast\20260818T112053Z.json,8:precipitation,OPEN_METEO_120.249_31.107,,2026-08-17T23:00:00+00:00,120.249405,31.107204,precipitation,precipitation,0.6,0.6,mm,mm,forecast_proxy,Open-Meteo hourly unit mm,False,,,"[""Q08"", ""Q99""]",True
open_meteo_forecast,storage\raw\open_meteo_forecast\20260818T112053Z.json,8:shortwave_radiation,OPEN_METEO_120.249_31.107,,2026-08-17T23:00:00+00:00,120.249405,31.107204,shortwave_radiation,shortwave_radiation,587.0,587.0,W/m2,W/m2,forecast_proxy,Open-Meteo hourly unit W/m²,False,,,"[""Q08"", ""Q99""]",True
open_meteo_forecast,storage\raw\open_meteo_forecast\20260818T112053Z.json,9:temperature_2m,OPEN_METEO_120.249_31.107,,2026-08-18T00:00:00+00:00,120.249405,31.107204,air_temperature,temperature_2m,29.1,29.1,degC,degC,forecast_proxy,Open-Meteo hourly unit °C,False,,,"[""Q08"", ""Q99""]",True
open_meteo_forecast,storage\raw\open_meteo_forecast\20260818T112053Z.json,9:wind_speed_10m,OPEN_METEO_120.249_31.107,,2026-08-18T00:00:00+00:00,120.249405,31.107204,wind_speed,wind_speed_10m,5.0,5.0,m/s,m/s,forecast_proxy,Open-Meteo hourly unit m/s,False,,,"[""Q08"", ""Q99""]",True
open_meteo_forecast,storage\raw\open_meteo_forecast\20260818T112053Z.json,9:wind_direction_10m,OPEN_METEO_120.249_31.107,,2026-08-18T00:00:00+00:00,120.249405,31.107204,wind_direction,wind_direction_10m,90,90.0,degree,degree,forecast_proxy,Open-Meteo hourly unit °,False,,,"[""Q08"", ""Q99""]",True
open_meteo_forecast,storage\raw\open_meteo_forecast\20260818T112053Z.json,9:precipitation,OPEN_METEO_120.249_31.107,,2026-08-18T00:00:00+00:00,120.249405,31.107204,precipitation,precipitation,1.6,1.6,mm,mm,forecast_proxy,Open-Meteo hourly unit mm,False,,,"[""Q08"", ""Q99""]",True
open_meteo_forecast,storage\raw\open_meteo_forecast\20260818T112053Z.json,9:shortwave_radiation,OPEN_METEO_120.249_31.107,,2026-08-18T00:00:00+00:00,120.249405,31.107204,shortwave_radiation,shortwave_radiation,460.0,460.0,W/m2,W/m2,forecast_proxy,Open-Meteo hourly unit W/m²,False,,,"[""Q08"", ""Q99""]",True
open_meteo_forecast,storage\raw\open_meteo_forecast\20260818T112053Z.json,10:temperature_2m,OPEN_METEO_120.249_31.107,,2026-08-18T01:00:00+00:00,120.249405,31.107204,air_temperature,temperature_2m,28.6,28.6,degC,degC,forecast_proxy,Open-Meteo hourly unit °C,False,,,"[""Q08"", ""Q99""]",True
open_meteo_forecast,storage\raw\open_meteo_forecast\20260818T112053Z.json,10:wind_speed_10m,OPEN_METEO_120.249_31.107,,2026-08-18T01:00:00+00:00,120.249405,31.107204,wind_speed,wind_speed_10m,5.84,5.84,m/s,m/s,forecast_proxy,Open-Meteo hourly unit m/s,False,,,"[""Q08"", ""Q99""]",True
open_meteo_forecast,storage\raw\open_meteo_forecast\20260818T112053Z.json,10:wind_direction_10m,OPEN_METEO_120.249_31.107,,2026-08-18T01:00:00+00:00,120.249405,31.107204,wind_direction,wind_direction_10m,110,110.0,degree,degree,forecast_proxy,Open-Meteo hourly unit °,False,,,"[""Q08"", ""Q99""]",True
open_meteo_forecast,storage\raw\open_meteo_forecast\20260818T112053Z.json,10:precipitation,OPEN_METEO_120.249_31.107,,2026-08-18T01:00:00+00:00,120.249405,31.107204,precipitation,precipitation,0.3,0.3,mm,mm,forecast_proxy,Open-Meteo hourly unit mm,False,,,"[""Q08"", ""Q99""]",True
open_meteo_forecast,storage\raw\open_meteo_forecast\20260818T112053Z.json,10:shortwave_radiation,OPEN_METEO_120.249_31.107,,2026-08-18T01:00:00+00:00,120.249405,31.107204,shortwave_radiation,shortwave_radiation,305.0,305.0,W/m2,W/m2,forecast_proxy,Open-Meteo hourly unit W/m²,False,,,"[""Q08"", ""Q99""]",True
open_meteo_forecast,storage\raw\open_meteo_forecast\20260818T112053Z.json,11:temperature_2m,OPEN_METEO_120.249_31.107,,2026-08-18T02:00:00+00:00,120.249405,31.107204,air_temperature,temperature_2m,28.8,28.8,degC,degC,forecast_proxy,Open-Meteo hourly unit °C,False,,,"[""Q08"", ""Q99""]",True
open_meteo_forecast,storage\raw\open_meteo_forecast\20260818T112053Z.json,11:wind_speed_10m,OPEN_METEO_120.249_31.107,,2026-08-18T02:00:00+00:00,120.249405,31.107204,wind_speed,wind_speed_10m,4.82,4.82,m/s,m/s,forecast_proxy,Open-Meteo hourly unit m/s,False,,,"[""Q08"", ""Q99""]",True
open_meteo_forecast,storage\raw\open_meteo_forecast\20260818T112053Z.json,11:wind_direction_10m,OPEN_METEO_120.249_31.107,,2026-08-18T02:00:00+00:00,120.249405,31.107204,wind_direction,wind_direction_10m,95,95.0,degree,degree,forecast_proxy,Open-Meteo hourly unit °,False,,,"[""Q08"", ""Q99""]",True
open_meteo_forecast,storage\raw\open_meteo_forecast\20260818T112053Z.json,11:precipitation,OPEN_METEO_120.249_31.107,,2026-08-18T02:00:00+00:00,120.249405,31.107204,precipitation,precipitation,0.0,0.0,mm,mm,forecast_proxy,Open-Meteo hourly unit mm,False,,,"[""Q08"", ""Q99""]",True
open_meteo_forecast,storage\raw\open_meteo_forecast\20260818T112053Z.json,11:shortwave_radiation,OPEN_METEO_120.249_31.107,,2026-08-18T02:00:00+00:00,120.249405,31.107204,shortwave_radiation,shortwave_radiation,137.0,137.0,W/m2,W/m2,forecast_proxy,Open-Meteo hourly unit W/m²,False,,,"[""Q08"", ""Q99""]",True
open_meteo_forecast,storage\raw\open_meteo_forecast\20260818T112053Z.json,12:temperature_2m,OPEN_METEO_120.249_31.107,,2026-08-18T03:00:00+00:00,120.249405,31.107204,air_temperature,temperature_2m,28.9,28.9,degC,degC,forecast_proxy,Open-Meteo hourly unit °C,False,,,"[""Q08"", ""Q99""]",True
open_meteo_forecast,storage\raw\open_meteo_forecast\20260818T112053Z.json,12:wind_speed_10m,OPEN_METEO_120.249_31.107,,2026-08-18T03:00:00+00:00,120.249405,31.107204,wind_speed,wind_speed_10m,5.61,5.61,m/s,m/s,forecast_proxy,Open-Meteo hourly unit m/s,False,,,"[""Q08"", ""Q99""]",True
open_meteo_forecast,storage\raw\open_meteo_forecast\20260818T112053Z.json,12:wind_direction_10m,OPEN_METEO_120.249_31.107,,2026-08-18T03:00:00+00:00,120.249405,31.107204,wind_direction,wind_direction_10m,94,94.0,degree,degree,forecast_proxy,Open-Meteo hourly unit °,False,,,"[""Q08"", ""Q99""]",True
open_meteo_forecast,storage\raw\open_meteo_forecast\20260818T112053Z.json,12:precipitation,OPEN_METEO_120.249_31.107,,2026-08-18T03:00:00+00:00,120.249405,31.107204,precipitation,precipitation,0.0,0.0,mm,mm,forecast_proxy,Open-Meteo hourly unit mm,False,,,"[""Q08"", ""Q99""]",True
open_meteo_forecast,storage\raw\open_meteo_forecast\20260818T112053Z.json,12:shortwave_radiation,OPEN_METEO_120.249_31.107,,2026-08-18T03:00:00+00:00,120.249405,31.107204,shortwave_radiation,shortwave_radiation,14.0,14.0,W/m2,W/m2,forecast_proxy,Open-Meteo hourly unit W/m²,False,,,"[""Q08"", ""Q99""]",True
open_meteo_forecast,storage\raw\open_meteo_forecast\20260818T112053Z.json,13:temperature_2m,OPEN_METEO_120.249_31.107,,2026-08-18T04:00:00+00:00,120.249405,31.107204,air_temperature,temperature_2m,28.9,28.9,degC,degC,forecast_proxy,Open-Meteo hourly unit °C,False,,,"[""Q08"", ""Q99""]",True
open_meteo_forecast,storage\raw\open_meteo_forecast\20260818T112053Z.json,13:wind_speed_10m,OPEN_METEO_120.249_31.107,,2026-08-18T04:00:00+00:00,120.249405,31.107204,wind_speed,wind_speed_10m,6.38,6.38,m/s,m/s,forecast_proxy,Open-Meteo hourly unit m/s,False,,,"[""Q08"", ""Q99""]",True
open_meteo_forecast,storage\raw\open_meteo_forecast\20260818T112053Z.json,13:wind_direction_10m,OPEN_METEO_120.249_31.107,,2026-08-18T04:00:00+00:00,120.249405,31.107204,wind_direction,wind_direction_10m,104,104.0,degree,degree,forecast_proxy,Open-Meteo hourly unit °,False,,,"[""Q08"", ""Q99""]",True
open_meteo_forecast,storage\raw\open_meteo_forecast\20260818T112053Z.json,13:precipitation,OPEN_METEO_120.249_31.107,,2026-08-18T04:00:00+00:00,120.249405,31.107204,precipitation,precipitation,0.0,0.0,mm,mm,forecast_proxy,Open-Meteo hourly unit mm,False,,,"[""Q08"", ""Q99""]",True
open_meteo_forecast,storage\raw\open_meteo_forecast\20260818T112053Z.json,13:shortwave_radiation,OPEN_METEO_120.249_31.107,,2026-08-18T04:00:00+00:00,120.249405,31.107204,shortwave_radiation,shortwave_radiation,0.0,0.0,W/m2,W/m2,forecast_proxy,Open-Meteo hourly unit W/m²,False,,,"[""Q08"", ""Q99""]",True
open_meteo_forecast,storage\raw\open_meteo_forecast\20260818T112053Z.json,14:temperature_2m,OPEN_METEO_120.249_31.107,,2026-08-18T05:00:00+00:00,120.249405,31.107204,air_temperature,temperature_2m,28.5,28.5,degC,degC,forecast_proxy,Open-Meteo hourly unit °C,False,,,"[""Q08"", ""Q99""]",True
open_meteo_forecast,storage\raw\open_meteo_forecast\20260818T112053Z.json,14:wind_speed_10m,OPEN_METEO_120.249_31.107,,2026-08-18T05:00:00+00:00,120.249405,31.107204,wind_speed,wind_speed_10m,6.42,6.42,m/s,m/s,forecast_proxy,Open-Meteo hourly unit m/s,False,,,"[""Q08"", ""Q99""]",True
open_meteo_forecast,storage\raw\open_meteo_forecast\20260818T112053Z.json,14:wind_direction_10m,OPEN_METEO_120.249_31.107,,2026-08-18T05:00:00+00:00,120.249405,31.107204,wind_direction,wind_direction_10m,108,108.0,degree,degree,forecast_proxy,Open-Meteo hourly unit °,False,,,"[""Q08"", ""Q99""]",True
open_meteo_forecast,storage\raw\open_meteo_forecast\20260818T112053Z.json,14:precipitation,OPEN_METEO_120.249_31.107,,2026-08-18T05:00:00+00:00,120.249405,31.107204,precipitation,precipitation,0.0,0.0,mm,mm,forecast_proxy,Open-Meteo hourly unit mm,False,,,"[""Q08"", ""Q99""]",True
open_meteo_forecast,storage\raw\open_meteo_forecast\20260818T112053Z.json,14:shortwave_radiation,OPEN_METEO_120.249_31.107,,2026-08-18T05:00:00+00:00,120.249405,31.107204,shortwave_radiation,shortwave_radiation,0.0,0.0,W/m2,W/m2,forecast_proxy,Open-Meteo hourly unit W/m²,False,,,"[""Q08"", ""Q99""]",True
open_meteo_forecast,storage\raw\open_meteo_forecast\20260818T112053Z.json,15:temperature_2m,OPEN_METEO_120.249_31.107,,2026-08-18T06:00:00+00:00,120.249405,31.107204,air_temperature,temperature_2m,28.1,28.1,degC,degC,forecast_proxy,Open-Meteo hourly unit °C,False,,,"[""Q08"", ""Q99""]",True
open_meteo_forecast,storage\raw\open_meteo_forecast\20260818T112053Z.json,15:wind_speed_10m,OPEN_METEO_120.249_31.107,,2026-08-18T06:00:00+00:00,120.249405,31.107204,wind_speed,wind_speed_10m,6.09,6.09,m/s,m/s,forecast_proxy,Open-Meteo hourly unit m/s,False,,,"[""Q08"", ""Q99""]",True
open_meteo_forecast,storage\raw\open_meteo_forecast\20260818T112053Z.json,15:wind_direction_10m,OPEN_METEO_120.249_31.107,,2026-08-18T06:00:00+00:00,120.249405,31.107204,wind_direction,wind_direction_10m,106,106.0,degree,degree,forecast_proxy,Open-Meteo hourly unit °,False,,,"[""Q08"", ""Q99""]",True
open_meteo_forecast,storage\raw\open_meteo_forecast\20260818T112053Z.json,15:precipitation,OPEN_METEO_120.249_31.107,,2026-08-18T06:00:00+00:00,120.249405,31.107204,precipitation,precipitation,0.0,0.0,mm,mm,forecast_proxy,Open-Meteo hourly unit mm,False,,,"[""Q08"", ""Q99""]",True
open_meteo_forecast,storage\raw\open_meteo_forecast\20260818T112053Z.json,15:shortwave_radiation,OPEN_METEO_120.249_31.107,,2026-08-18T06:00:00+00:00,120.249405,31.107204,shortwave_radiation,shortwave_radiation,0.0,0.0,W/m2,W/m2,forecast_proxy,Open-Meteo hourly unit W/m²,False,,,"[""Q08"", ""Q99""]",True
open_meteo_forecast,storage\raw\open_meteo_forecast\20260818T112053Z.json,16:temperature_2m,OPEN_METEO_120.249_31.107,,2026-08-18T07:00:00+00:00,120.249405,31.107204,air_temperature,temperature_2m,27.9,27.9,degC,degC,forecast_proxy,Open-Meteo hourly unit °C,False,,,"[""Q08"", ""Q99""]",True
open_meteo_forecast,storage\raw\open_meteo_forecast\20260818T112053Z.json,16:wind_speed_10m,OPEN_METEO_120.249_31.107,,2026-08-18T07:00:00+00:00,120.249405,31.107204,wind_speed,wind_speed_10m,5.38,5.38,m/s,m/s,forecast_proxy,Open-Meteo hourly unit m/s,False,,,"[""Q08"", ""Q99""]",True
open_meteo_forecast,storage\raw\open_meteo_forecast\20260818T112053Z.json,16:wind_direction_10m,OPEN_METEO_120.249_31.107,,2026-08-18T07:00:00+00:00,120.249405,31.107204,wind_direction,wind_direction_10m,108,108.0,degree,degree,forecast_proxy,Open-Meteo hourly unit °,False,,,"[""Q08"", ""Q99""]",True
open_meteo_forecast,storage\raw\open_meteo_forecast\20260818T112053Z.json,16:precipitation,OPEN_METEO_120.249_31.107,,2026-08-18T07:00:00+00:00,120.249405,31.107204,precipitation,precipitation,0.0,0.0,mm,mm,forecast_proxy,Open-Meteo hourly unit mm,False,,,"[""Q08"", ""Q99""]",True
open_meteo_forecast,storage\raw\open_meteo_forecast\20260818T112053Z.json,16:shortwave_radiation,OPEN_METEO_120.249_31.107,,2026-08-18T07:00:00+00:00,120.249405,31.107204,shortwave_radiation,shortwave_radiation,0.0,0.0,W/m2,W/m2,forecast_proxy,Open-Meteo hourly unit W/m²,False,,,"[""Q08"", ""Q99""]",True
open_meteo_forecast,storage\raw\open_meteo_forecast\20260818T112053Z.json,17:temperature_2m,OPEN_METEO_120.249_31.107,,2026-08-18T08:00:00+00:00,120.249405,31.107204,air_temperature,temperature_2m,27.8,27.8,degC,degC,forecast_proxy,Open-Meteo hourly unit °C,False,,,"[""Q08"", ""Q99""]",True
open_meteo_forecast,storage\raw\open_meteo_forecast\20260818T112053Z.json,17:wind_speed_10m,OPEN_METEO_120.249_31.107,,2026-08-18T08:00:00+00:00,120.249405,31.107204,wind_speed,wind_speed_10m,4.76,4.76,m/s,m/s,forecast_proxy,Open-Meteo hourly unit m/s,False,,,"[""Q08"", ""Q99""]",True
open_meteo_forecast,storage\raw\open_meteo_forecast\20260818T112053Z.json,17:wind_direction_10m,OPEN_METEO_120.249_31.107,,2026-08-18T08:00:00+00:00,120.249405,31.107204,wind_direction,wind_direction_10m,107,107.0,degree,degree,forecast_proxy,Open-Meteo hourly unit °,False,,,"[""Q08"", ""Q99""]",True
open_meteo_forecast,storage\raw\open_meteo_forecast\20260818T112053Z.json,17:precipitation,OPEN_METEO_120.249_31.107,,2026-08-18T08:00:00+00:00,120.249405,31.107204,precipitation,precipitation,0.0,0.0,mm,mm,forecast_proxy,Open-Meteo hourly unit mm,False,,,"[""Q08"", ""Q99""]",True
open_meteo_forecast,storage\raw\open_meteo_forecast\20260818T112053Z.json,17:shortwave_radiation,OPEN_METEO_120.249_31.107,,2026-08-18T08:00:00+00:00,120.249405,31.107204,shortwave_radiation,shortwave_radiation,0.0,0.0,W/m2,W/m2,forecast_proxy,Open-Meteo hourly unit W/m²,False,,,"[""Q08"", ""Q99""]",True
open_meteo_forecast,storage\raw\open_meteo_forecast\20260818T112053Z.json,18:temperature_2m,OPEN_METEO_120.249_31.107,,2026-08-18T09:00:00+00:00,120.249405,31.107204,air_temperature,temperature_2m,27.7,27.7,degC,degC,forecast_proxy,Open-Meteo hourly unit °C,False,,,"[""Q08"", ""Q99""]",True
open_meteo_forecast,storage\raw\open_meteo_forecast\20260818T112053Z.json,18:wind_speed_10m,OPEN_METEO_120.249_31.107,,2026-08-18T09:00:00+00:00,120.249405,31.107204,wind_speed,wind_speed_10m,4.38,4.38,m/s,m/s,forecast_proxy,Open-Meteo hourly unit m/s,False,,,"[""Q08"", ""Q99""]",True
open_meteo_forecast,storage\raw\open_meteo_forecast\20260818T112053Z.json,18:wind_direction_10m,OPEN_METEO_120.249_31.107,,2026-08-18T09:00:00+00:00,120.249405,31.107204,wind_direction,wind_direction_10m,104,104.0,degree,degree,forecast_proxy,Open-Meteo hourly unit °,False,,,"[""Q08"", ""Q99""]",True
open_meteo_forecast,storage\raw\open_meteo_forecast\20260818T112053Z.json,18:precipitation,OPEN_METEO_120.249_31.107,,2026-08-18T09:00:00+00:00,120.249405,31.107204,precipitation,precipitation,0.0,0.0,mm,mm,forecast_proxy,Open-Meteo hourly unit mm,False,,,"[""Q08"", ""Q99""]",True
open_meteo_forecast,storage\raw\open_meteo_forecast\20260818T112053Z.json,18:shortwave_radiation,OPEN_METEO_120.249_31.107,,2026-08-18T09:00:00+00:00,120.249405,31.107204,shortwave_radiation,shortwave_radiation,0.0,0.0,W/m2,W/m2,forecast_proxy,Open-Meteo hourly unit W/m²,False,,,"[""Q08"", ""Q99""]",True
open_meteo_forecast,storage\raw\open_meteo_forecast\20260818T112053Z.json,19:temperature_2m,OPEN_METEO_120.249_31.107,,2026-08-18T10:00:00+00:00,120.249405,31.107204,air_temperature,temperature_2m,27.7,27.7,degC,degC,forecast_proxy,Open-Meteo hourly unit °C,False,,,"[""Q08"", ""Q99""]",True
open_meteo_forecast,storage\raw\open_meteo_forecast\20260818T112053Z.json,19:wind_speed_10m,OPEN_METEO_120.249_31.107,,2026-08-18T10:00:00+00:00,120.249405,31.107204,wind_speed,wind_speed_10m,4.75,4.75,m/s,m/s,forecast_proxy,Open-Meteo hourly unit m/s,False,,,"[""Q08"", ""Q99""]",True
open_meteo_forecast,storage\raw\open_meteo_forecast\20260818T112053Z.json,19:wind_direction_10m,OPEN_METEO_120.249_31.107,,2026-08-18T10:00:00+00:00,120.249405,31.107204,wind_direction,wind_direction_10m,114,114.0,degree,degree,forecast_proxy,Open-Meteo hourly unit °,False,,,"[""Q08"", ""Q99""]",True
open_meteo_forecast,storage\raw\open_meteo_forecast\20260818T112053Z.json,19:precipitation,OPEN_METEO_120.249_31.107,,2026-08-18T10:00:00+00:00,120.249405,31.107204,precipitation,precipitation,0.0,0.0,mm,mm,forecast_proxy,Open-Meteo hourly unit mm,False,,,"[""Q08"", ""Q99""]",True
open_meteo_forecast,storage\raw\open_meteo_forecast\20260818T112053Z.json,19:shortwave_radiation,OPEN_METEO_120.249_31.107,,2026-08-18T10:00:00+00:00,120.249405,31.107204,shortwave_radiation,shortwave_radiation,0.0,0.0,W/m2,W/m2,forecast_proxy,Open-Meteo hourly unit W/m²,False,,,"[""Q08"", ""Q99""]",True
open_meteo_forecast,storage\raw\open_meteo_forecast\20260818T112053Z.json,20:temperature_2m,OPEN_METEO_120.249_31.107,,2026-08-18T11:00:00+00:00,120.249405,31.107204,air_temperature,temperature_2m,27.6,27.6,degC,degC,forecast_proxy,Open-Meteo hourly unit °C,False,,,"[""Q08"", ""Q99""]",True
open_meteo_forecast,storage\raw\open_meteo_forecast\20260818T112053Z.json,20:wind_speed_10m,OPEN_METEO_120.249_31.107,,2026-08-18T11:00:00+00:00,120.249405,31.107204,wind_speed,wind_speed_10m,4.94,4.94,m/s,m/s,forecast_proxy,Open-Meteo hourly unit m/s,False,,,"[""Q08"", ""Q99""]",True
open_meteo_forecast,storage\raw\open_meteo_forecast\20260818T112053Z.json,20:wind_direction_10m,OPEN_METEO_120.249_31.107,,2026-08-18T11:00:00+00:00,120.249405,31.107204,wind_direction,wind_direction_10m,116,116.0,degree,degree,forecast_proxy,Open-Meteo hourly unit °,False,,,"[""Q08"", ""Q99""]",True
open_meteo_forecast,storage\raw\open_meteo_forecast\20260818T112053Z.json,20:precipitation,OPEN_METEO_120.249_31.107,,2026-08-18T11:00:00+00:00,120.249405,31.107204,precipitation,precipitation,0.0,0.0,mm,mm,forecast_proxy,Open-Meteo hourly unit mm,False,,,"[""Q08"", ""Q99""]",True
open_meteo_forecast,storage\raw\open_meteo_forecast\20260818T112053Z.json,20:shortwave_radiation,OPEN_METEO_120.249_31.107,,2026-08-18T11:00:00+00:00,120.249405,31.107204,shortwave_radiation,shortwave_radiation,0.0,0.0,W/m2,W/m2,forecast_proxy,Open-Meteo hourly unit W/m²,False,,,"[""Q08"", ""Q99""]",True
open_meteo_forecast,storage\raw\open_meteo_forecast\20260818T112053Z.json,21:temperature_2m,OPEN_METEO_120.249_31.107,,2026-08-18T12:00:00+00:00,120.249405,31.107204,air_temperature,temperature_2m,27.6,27.6,degC,degC,forecast_proxy,Open-Meteo hourly unit °C,False,,,"[""Q08"", ""Q99""]",True
open_meteo_forecast,storage\raw\open_meteo_forecast\20260818T112053Z.json,21:wind_speed_10m,OPEN_METEO_120.249_31.107,,2026-08-18T12:00:00+00:00,120.249405,31.107204,wind_speed,wind_speed_10m,4.88,4.88,m/s,m/s,forecast_proxy,Open-Meteo hourly unit m/s,False,,,"[""Q08"", ""Q99""]",True
open_meteo_forecast,storage\raw\open_meteo_forecast\20260818T112053Z.json,21:wind_direction_10m,OPEN_METEO_120.249_31.107,,2026-08-18T12:00:00+00:00,120.249405,31.107204,wind_direction,wind_direction_10m,114,114.0,degree,degree,forecast_proxy,Open-Meteo hourly unit °,False,,,"[""Q08"", ""Q99""]",True
open_meteo_forecast,storage\raw\open_meteo_forecast\20260818T112053Z.json,21:precipitation,OPEN_METEO_120.249_31.107,,2026-08-18T12:00:00+00:00,120.249405,31.107204,precipitation,precipitation,0.0,0.0,mm,mm,forecast_proxy,Open-Meteo hourly unit mm,False,,,"[""Q08"", ""Q99""]",True
open_meteo_forecast,storage\raw\open_meteo_forecast\20260818T112053Z.json,21:shortwave_radiation,OPEN_METEO_120.249_31.107,,2026-08-18T12:00:00+00:00,120.249405,31.107204,shortwave_radiation,shortwave_radiation,0.0,0.0,W/m2,W/m2,forecast_proxy,Open-Meteo hourly unit W/m²,False,,,"[""Q08"", ""Q99""]",True
open_meteo_forecast,storage\raw\open_meteo_forecast\20260818T112053Z.json,22:temperature_2m,OPEN_METEO_120.249_31.107,,2026-08-18T13:00:00+00:00,120.249405,31.107204,air_temperature,temperature_2m,27.5,27.5,degC,degC,forecast_proxy,Open-Meteo hourly unit °C,False,,,"[""Q08"", ""Q99""]",True
open_meteo_forecast,storage\raw\open_meteo_forecast\20260818T112053Z.json,22:wind_speed_10m,OPEN_METEO_120.249_31.107,,2026-08-18T13:00:00+00:00,120.249405,31.107204,wind_speed,wind_speed_10m,4.81,4.81,m/s,m/s,forecast_proxy,Open-Meteo hourly unit m/s,False,,,"[""Q08"", ""Q99""]",True
open_meteo_forecast,storage\raw\open_meteo_forecast\20260818T112053Z.json,22:wind_direction_10m,OPEN_METEO_120.249_31.107,,2026-08-18T13:00:00+00:00,120.249405,31.107204,wind_direction,wind_direction_10m,117,117.0,degree,degree,forecast_proxy,Open-Meteo hourly unit °,False,,,"[""Q08"", ""Q99""]",True
open_meteo_forecast,storage\raw\open_meteo_forecast\20260818T112053Z.json,22:precipitation,OPEN_METEO_120.249_31.107,,2026-08-18T13:00:00+00:00,120.249405,31.107204,precipitation,precipitation,0.0,0.0,mm,mm,forecast_proxy,Open-Meteo hourly unit mm,False,,,"[""Q08"", ""Q99""]",True
open_meteo_forecast,storage\raw\open_meteo_forecast\20260818T112053Z.json,22:shortwave_radiation,OPEN_METEO_120.249_31.107,,2026-08-18T13:00:00+00:00,120.249405,31.107204,shortwave_radiation,shortwave_radiation,0.0,0.0,W/m2,W/m2,forecast_proxy,Open-Meteo hourly unit W/m²,False,,,"[""Q08"", ""Q99""]",True
open_meteo_forecast,storage\raw\open_meteo_forecast\20260818T112053Z.json,23:temperature_2m,OPEN_METEO_120.249_31.107,,2026-08-18T14:00:00+00:00,120.249405,31.107204,air_temperature,temperature_2m,27.5,27.5,degC,degC,forecast_proxy,Open-Meteo hourly unit °C,False,,,"[""Q08"", ""Q99""]",True
open_meteo_forecast,storage\raw\open_meteo_forecast\20260818T112053Z.json,23:wind_speed_10m,OPEN_METEO_120.249_31.107,,2026-08-18T14:00:00+00:00,120.249405,31.107204,wind_speed,wind_speed_10m,4.87,4.87,m/s,m/s,forecast_proxy,Open-Meteo hourly unit m/s,False,,,"[""Q08"", ""Q99""]",True
open_meteo_forecast,storage\raw\open_meteo_forecast\20260818T112053Z.json,23:wind_direction_10m,OPEN_METEO_120.249_31.107,,2026-08-18T14:00:00+00:00,120.249405,31.107204,wind_direction,wind_direction_10m,117,117.0,degree,degree,forecast_proxy,Open-Meteo hourly unit °,False,,,"[""Q08"", ""Q99""]",True
open_meteo_forecast,storage\raw\open_meteo_forecast\20260818T112053Z.json,23:precipitation,OPEN_METEO_120.249_31.107,,2026-08-18T14:00:00+00:00,120.249405,31.107204,precipitation,precipitation,0.0,0.0,mm,mm,forecast_proxy,Open-Meteo hourly unit mm,False,,,"[""Q08"", ""Q99""]",True
open_meteo_forecast,storage\raw\open_meteo_forecast\20260818T112053Z.json,23:shortwave_radiation,OPEN_METEO_120.249_31.107,,2026-08-18T14:00:00+00:00,120.249405,31.107204,shortwave_radiation,shortwave_radiation,9.0,9.0,W/m2,W/m2,forecast_proxy,Open-Meteo hourly unit W/m²,False,,,"[""Q08"", ""Q99""]",True
open_meteo_forecast,storage\raw\open_meteo_forecast\20260818T112053Z.json,24:temperature_2m,OPEN_METEO_120.249_31.107,,2026-08-18T15:00:00+00:00,120.249405,31.107204,air_temperature,temperature_2m,27.5,27.5,degC,degC,forecast_proxy,Open-Meteo hourly unit °C,False,,,"[""Q08"", ""Q99""]",True
open_meteo_forecast,storage\raw\open_meteo_forecast\20260818T112053Z.json,24:wind_speed_10m,OPEN_METEO_120.249_31.107,,2026-08-18T15:00:00+00:00,120.249405,31.107204,wind_speed,wind_speed_10m,4.68,4.68,m/s,m/s,forecast_proxy,Open-Meteo hourly unit m/s,False,,,"[""Q08"", ""Q99""]",True
open_meteo_forecast,storage\raw\open_meteo_forecast\20260818T112053Z.json,24:wind_direction_10m,OPEN_METEO_120.249_31.107,,2026-08-18T15:00:00+00:00,120.249405,31.107204,wind_direction,wind_direction_10m,115,115.0,degree,degree,forecast_proxy,Open-Meteo hourly unit °,False,,,"[""Q08"", ""Q99""]",True
open_meteo_forecast,storage\raw\open_meteo_forecast\20260818T112053Z.json,24:precipitation,OPEN_METEO_120.249_31.107,,2026-08-18T15:00:00+00:00,120.249405,31.107204,precipitation,precipitation,0.0,0.0,mm,mm,forecast_proxy,Open-Meteo hourly unit mm,False,,,"[""Q08"", ""Q99""]",True
open_meteo_forecast,storage\raw\open_meteo_forecast\20260818T112053Z.json,24:shortwave_radiation,OPEN_METEO_120.249_31.107,,2026-08-18T15:00:00+00:00,120.249405,31.107204,shortwave_radiation,shortwave_radiation,121.0,121.0,W/m2,W/m2,forecast_proxy,Open-Meteo hourly unit W/m²,False,,,"[""Q08"", ""Q99""]",True
open_meteo_forecast,storage\raw\open_meteo_forecast\20260818T112053Z.json,25:temperature_2m,OPEN_METEO_120.249_31.107,,2026-08-18T16:00:00+00:00,120.249405,31.107204,air_temperature,temperature_2m,27.7,27.7,degC,degC,forecast_proxy,Open-Meteo hourly unit °C,False,,,"[""Q08"", ""Q99""]",True
open_meteo_forecast,storage\raw\open_meteo_forecast\20260818T112053Z.json,25:wind_speed_10m,OPEN_METEO_120.249_31.107,,2026-08-18T16:00:00+00:00,120.249405,31.107204,wind_speed,wind_speed_10m,4.79,4.79,m/s,m/s,forecast_proxy,Open-Meteo hourly unit m/s,False,,,"[""Q08"", ""Q99""]",True
open_meteo_forecast,storage\raw\open_meteo_forecast\20260818T112053Z.json,25:wind_direction_10m,OPEN_METEO_120.249_31.107,,2026-08-18T16:00:00+00:00,120.249405,31.107204,wind_direction,wind_direction_10m,120,120.0,degree,degree,forecast_proxy,Open-Meteo hourly unit °,False,,,"[""Q08"", ""Q99""]",True
open_meteo_forecast,storage\raw\open_meteo_forecast\20260818T112053Z.json,25:precipitation,OPEN_METEO_120.249_31.107,,2026-08-18T16:00:00+00:00,120.249405,31.107204,precipitation,precipitation,0.0,0.0,mm,mm,forecast_proxy,Open-Meteo hourly unit mm,False,,,"[""Q08"", ""Q99""]",True
open_meteo_forecast,storage\raw\open_meteo_forecast\20260818T112053Z.json,25:shortwave_radiation,OPEN_METEO_120.249_31.107,,2026-08-18T16:00:00+00:00,120.249405,31.107204,shortwave_radiation,shortwave_radiation,308.0,308.0,W/m2,W/m2,forecast_proxy,Open-Meteo hourly unit W/m²,False,,,"[""Q08"", ""Q99""]",True
open_meteo_forecast,storage\raw\open_meteo_forecast\20260818T112053Z.json,26:temperature_2m,OPEN_METEO_120.249_31.107,,2026-08-18T17:00:00+00:00,120.249405,31.107204,air_temperature,temperature_2m,28.4,28.4,degC,degC,forecast_proxy,Open-Meteo hourly unit °C,False,,,"[""Q08"", ""Q99""]",True
open_meteo_forecast,storage\raw\open_meteo_forecast\20260818T112053Z.json,26:wind_speed_10m,OPEN_METEO_120.249_31.107,,2026-08-18T17:00:00+00:00,120.249405,31.107204,wind_speed,wind_speed_10m,4.5,4.5,m/s,m/s,forecast_proxy,Open-Meteo hourly unit m/s,False,,,"[""Q08"", ""Q99""]",True
open_meteo_forecast,storage\raw\open_meteo_forecast\20260818T112053Z.json,26:wind_direction_10m,OPEN_METEO_120.249_31.107,,2026-08-18T17:00:00+00:00,120.249405,31.107204,wind_direction,wind_direction_10m,127,127.0,degree,degree,forecast_proxy,Open-Meteo hourly unit °,False,,,"[""Q08"", ""Q99""]",True
open_meteo_forecast,storage\raw\open_meteo_forecast\20260818T112053Z.json,26:precipitation,OPEN_METEO_120.249_31.107,,2026-08-18T17:00:00+00:00,120.249405,31.107204,precipitation,precipitation,0.0,0.0,mm,mm,forecast_proxy,Open-Meteo hourly unit mm,False,,,"[""Q08"", ""Q99""]",True
open_meteo_forecast,storage\raw\open_meteo_forecast\20260818T112053Z.json,26:shortwave_radiation,OPEN_METEO_120.249_31.107,,2026-08-18T17:00:00+00:00,120.249405,31.107204,shortwave_radiation,shortwave_radiation,501.0,501.0,W/m2,W/m2,forecast_proxy,Open-Meteo hourly unit W/m²,False,,,"[""Q08"", ""Q99""]",True
open_meteo_forecast,storage\raw\open_meteo_forecast\20260818T112053Z.json,27:temperature_2m,OPEN_METEO_120.249_31.107,,2026-08-18T18:00:00+00:00,120.249405,31.107204,air_temperature,temperature_2m,29.3,29.3,degC,degC,forecast_proxy,Open-Meteo hourly unit °C,False,,,"[""Q08"", ""Q99""]",True
open_meteo_forecast,storage\raw\open_meteo_forecast\20260818T112053Z.json,27:wind_speed_10m,OPEN_METEO_120.249_31.107,,2026-08-18T18:00:00+00:00,120.249405,31.107204,wind_speed,wind_speed_10m,4.14,4.14,m/s,m/s,forecast_proxy,Open-Meteo hourly unit m/s,False,,,"[""Q08"", ""Q99""]",True
open_meteo_forecast,storage\raw\open_meteo_forecast\20260818T112053Z.json,27:wind_direction_10m,OPEN_METEO_120.249_31.107,,2026-08-18T18:00:00+00:00,120.249405,31.107204,wind_direction,wind_direction_10m,133,133.0,degree,degree,forecast_proxy,Open-Meteo hourly unit °,False,,,"[""Q08"", ""Q99""]",True
open_meteo_forecast,storage\raw\open_meteo_forecast\20260818T112053Z.json,27:precipitation,OPEN_METEO_120.249_31.107,,2026-08-18T18:00:00+00:00,120.249405,31.107204,precipitation,precipitation,0.0,0.0,mm,mm,forecast_proxy,Open-Meteo hourly unit mm,False,,,"[""Q08"", ""Q99""]",True
open_meteo_forecast,storage\raw\open_meteo_forecast\20260818T112053Z.json,27:shortwave_radiation,OPEN_METEO_120.249_31.107,,2026-08-18T18:00:00+00:00,120.249405,31.107204,shortwave_radiation,shortwave_radiation,621.0,621.0,W/m2,W/m2,forecast_proxy,Open-Meteo hourly unit W/m²,False,,,"[""Q08"", ""Q99""]",True
open_meteo_forecast,storage\raw\open_meteo_forecast\20260818T112053Z.json,28:temperature_2m,OPEN_METEO_120.249_31.107,,2026-08-18T19:00:00+00:00,120.249405,31.107204,air_temperature,temperature_2m,29.8,29.8,degC,degC,forecast_proxy,Open-Meteo hourly unit °C,False,,,"[""Q08"", ""Q99""]",True
open_meteo_forecast,storage\raw\open_meteo_forecast\20260818T112053Z.json,28:wind_speed_10m,OPEN_METEO_120.249_31.107,,2026-08-18T19:00:00+00:00,120.249405,31.107204,wind_speed,wind_speed_10m,4.27,4.27,m/s,m/s,forecast_proxy,Open-Meteo hourly unit m/s,False,,,"[""Q08"", ""Q99""]",True
open_meteo_forecast,storage\raw\open_meteo_forecast\20260818T112053Z.json,28:wind_direction_10m,OPEN_METEO_120.249_31.107,,2026-08-18T19:00:00+00:00,120.249405,31.107204,wind_direction,wind_direction_10m,125,125.0,degree,degree,forecast_proxy,Open-Meteo hourly unit °,False,,,"[""Q08"", ""Q99""]",True
open_meteo_forecast,storage\raw\open_meteo_forecast\20260818T112053Z.json,28:precipitation,OPEN_METEO_120.249_31.107,,2026-08-18T19:00:00+00:00,120.249405,31.107204,precipitation,precipitation,0.1,0.1,mm,mm,forecast_proxy,Open-Meteo hourly unit mm,False,,,"[""Q08"", ""Q99""]",True
open_meteo_forecast,storage\raw\open_meteo_forecast\20260818T112053Z.json,28:shortwave_radiation,OPEN_METEO_120.249_31.107,,2026-08-18T19:00:00+00:00,120.249405,31.107204,shortwave_radiation,shortwave_radiation,771.0,771.0,W/m2,W/m2,forecast_proxy,Open-Meteo hourly unit W/m²,False,,,"[""Q08"", ""Q99""]",True
open_meteo_forecast,storage\raw\open_meteo_forecast\20260818T112053Z.json,29:temperature_2m,OPEN_METEO_120.249_31.107,,2026-08-18T20:00:00+00:00,120.249405,31.107204,air_temperature,temperature_2m,30.3,30.3,degC,degC,forecast_proxy,Open-Meteo hourly unit °C,False,,,"[""Q08"", ""Q99""]",True
open_meteo_forecast,storage\raw\open_meteo_forecast\20260818T112053Z.json,29:wind_speed_10m,OPEN_METEO_120.249_31.107,,2026-08-18T20:00:00+00:00,120.249405,31.107204,wind_speed,wind_speed_10m,4.46,4.46,m/s,m/s,forecast_proxy,Open-Meteo hourly unit m/s,False,,,"[""Q08"", ""Q99""]",True
open_meteo_forecast,storage\raw\open_meteo_forecast\20260818T112053Z.json,29:wind_direction_10m,OPEN_METEO_120.249_31.107,,2026-08-18T20:00:00+00:00,120.249405,31.107204,wind_direction,wind_direction_10m,113,113.0,degree,degree,forecast_proxy,Open-Meteo hourly unit °,False,,,"[""Q08"", ""Q99""]",True
open_meteo_forecast,storage\raw\open_meteo_forecast\20260818T112053Z.json,29:precipitation,OPEN_METEO_120.249_31.107,,2026-08-18T20:00:00+00:00,120.249405,31.107204,precipitation,precipitation,1.1,1.1,mm,mm,forecast_proxy,Open-Meteo hourly unit mm,False,,,"[""Q08"", ""Q99""]",True
open_meteo_forecast,storage\raw\open_meteo_forecast\20260818T112053Z.json,29:shortwave_radiation,OPEN_METEO_120.249_31.107,,2026-08-18T20:00:00+00:00,120.249405,31.107204,shortwave_radiation,shortwave_radiation,799.0,799.0,W/m2,W/m2,forecast_proxy,Open-Meteo hourly unit W/m²,False,,,"[""Q08"", ""Q99""]",True
open_meteo_forecast,storage\raw\open_meteo_forecast\20260818T112053Z.json,30:temperature_2m,OPEN_METEO_120.249_31.107,,2026-08-18T21:00:00+00:00,120.249405,31.107204,air_temperature,temperature_2m,30.4,30.4,degC,degC,forecast_proxy,Open-Meteo hourly unit °C,False,,,"[""Q08"", ""Q99""]",True
open_meteo_forecast,storage\raw\open_meteo_forecast\20260818T112053Z.json,30:wind_speed_10m,OPEN_METEO_120.249_31.107,,2026-08-18T21:00:00+00:00,120.249405,31.107204,wind_speed,wind_speed_10m,3.64,3.64,m/s,m/s,forecast_proxy,Open-Meteo hourly unit m/s,False,,,"[""Q08"", ""Q99""]",True
open_meteo_forecast,storage\raw\open_meteo_forecast\20260818T112053Z.json,30:wind_direction_10m,OPEN_METEO_120.249_31.107,,2026-08-18T21:00:00+00:00,120.249405,31.107204,wind_direction,wind_direction_10m,108,108.0,degree,degree,forecast_proxy,Open-Meteo hourly unit °,False,,,"[""Q08"", ""Q99""]",True
open_meteo_forecast,storage\raw\open_meteo_forecast\20260818T112053Z.json,30:precipitation,OPEN_METEO_120.249_31.107,,2026-08-18T21:00:00+00:00,120.249405,31.107204,precipitation,precipitation,0.4,0.4,mm,mm,forecast_proxy,Open-Meteo hourly unit mm,False,,,"[""Q08"", ""Q99""]",True
open_meteo_forecast,storage\raw\open_meteo_forecast\20260818T112053Z.json,30:shortwave_radiation,OPEN_METEO_120.249_31.107,,2026-08-18T21:00:00+00:00,120.249405,31.107204,shortwave_radiation,shortwave_radiation,771.0,771.0,W/m2,W/m2,forecast_proxy,Open-Meteo hourly unit W/m²,False,,,"[""Q08"", ""Q99""]",True
open_meteo_forecast,storage\raw\open_meteo_forecast\20260818T112053Z.json,31:temperature_2m,OPEN_METEO_120.249_31.107,,2026-08-18T22:00:00+00:00,120.249405,31.107204,air_temperature,temperature_2m,30.4,30.4,degC,degC,forecast_proxy,Open-Meteo hourly unit °C,False,,,"[""Q08"", ""Q99""]",True
open_meteo_forecast,storage\raw\open_meteo_forecast\20260818T112053Z.json,31:wind_speed_10m,OPEN_METEO_120.249_31.107,,2026-08-18T22:00:00+00:00,120.249405,31.107204,wind_speed,wind_speed_10m,5.64,5.64,m/s,m/s,forecast_proxy,Open-Meteo hourly unit m/s,False,,,"[""Q08"", ""Q99""]",True
open_meteo_forecast,storage\raw\open_meteo_forecast\20260818T112053Z.json,31:wind_direction_10m,OPEN_METEO_120.249_31.107,,2026-08-18T22:00:00+00:00,120.249405,31.107204,wind_direction,wind_direction_10m,103,103.0,degree,degree,forecast_proxy,Open-Meteo hourly unit °,False,,,"[""Q08"", ""Q99""]",True
open_meteo_forecast,storage\raw\open_meteo_forecast\20260818T112053Z.json,31:precipitation,OPEN_METEO_120.249_31.107,,2026-08-18T22:00:00+00:00,120.249405,31.107204,precipitation,precipitation,0.2,0.2,mm,mm,forecast_proxy,Open-Meteo hourly unit mm,False,,,"[""Q08"", ""Q99""]",True
open_meteo_forecast,storage\raw\open_meteo_forecast\20260818T112053Z.json,31:shortwave_radiation,OPEN_METEO_120.249_31.107,,2026-08-18T22:00:00+00:00,120.249405,31.107204,shortwave_radiation,shortwave_radiation,762.0,762.0,W/m2,W/m2,forecast_proxy,Open-Meteo hourly unit W/m²,False,,,"[""Q08"", ""Q99""]",True
open_meteo_forecast,storage\raw\open_meteo_forecast\20260818T112053Z.json,32:temperature_2m,OPEN_METEO_120.249_31.107,,2026-08-18T23:00:00+00:00,120.249405,31.107204,air_temperature,temperature_2m,30.8,30.8,degC,degC,forecast_proxy,Open-Meteo hourly unit °C,False,,,"[""Q08"", ""Q99""]",True
open_meteo_forecast,storage\raw\open_meteo_forecast\20260818T112053Z.json,32:wind_speed_10m,OPEN_METEO_120.249_31.107,,2026-08-18T23:00:00+00:00,120.249405,31.107204,wind_speed,wind_speed_10m,6.0,6.0,m/s,m/s,forecast_proxy,Open-Meteo hourly unit m/s,False,,,"[""Q08"", ""Q99""]",True
open_meteo_forecast,storage\raw\open_meteo_forecast\20260818T112053Z.json,32:wind_direction_10m,OPEN_METEO_120.249_31.107,,2026-08-18T23:00:00+00:00,120.249405,31.107204,wind_direction,wind_direction_10m,103,103.0,degree,degree,forecast_proxy,Open-Meteo hourly unit °,False,,,"[""Q08"", ""Q99""]",True
open_meteo_forecast,storage\raw\open_meteo_forecast\20260818T112053Z.json,32:precipitation,OPEN_METEO_120.249_31.107,,2026-08-18T23:00:00+00:00,120.249405,31.107204,precipitation,precipitation,0.0,0.0,mm,mm,forecast_proxy,Open-Meteo hourly unit mm,False,,,"[""Q08"", ""Q99""]",True
open_meteo_forecast,storage\raw\open_meteo_forecast\20260818T112053Z.json,32:shortwave_radiation,OPEN_METEO_120.249_31.107,,2026-08-18T23:00:00+00:00,120.249405,31.107204,shortwave_radiation,shortwave_radiation,606.0,606.0,W/m2,W/m2,forecast_proxy,Open-Meteo hourly unit W/m²,False,,,"[""Q08"", ""Q99""]",True
open_meteo_forecast,storage\raw\open_meteo_forecast\20260818T112053Z.json,33:temperature_2m,OPEN_METEO_120.249_31.107,,2026-08-19T00:00:00+00:00,120.249405,31.107204,air_temperature,temperature_2m,30.6,30.6,degC,degC,forecast_proxy,Open-Meteo hourly unit °C,False,,,"[""Q08"", ""Q99""]",True
open_meteo_forecast,storage\raw\open_meteo_forecast\20260818T112053Z.json,33:wind_speed_10m,OPEN_METEO_120.249_31.107,,2026-08-19T00:00:00+00:00,120.249405,31.107204,wind_speed,wind_speed_10m,5.71,5.71,m/s,m/s,forecast_proxy,Open-Meteo hourly unit m/s,False,,,"[""Q08"", ""Q99""]",True
open_meteo_forecast,storage\raw\open_meteo_forecast\20260818T112053Z.json,33:wind_direction_10m,OPEN_METEO_120.249_31.107,,2026-08-19T00:00:00+00:00,120.249405,31.107204,wind_direction,wind_direction_10m,104,104.0,degree,degree,forecast_proxy,Open-Meteo hourly unit °,False,,,"[""Q08"", ""Q99""]",True
open_meteo_forecast,storage\raw\open_meteo_forecast\20260818T112053Z.json,33:precipitation,OPEN_METEO_120.249_31.107,,2026-08-19T00:00:00+00:00,120.249405,31.107204,precipitation,precipitation,0.0,0.0,mm,mm,forecast_proxy,Open-Meteo hourly unit mm,False,,,"[""Q08"", ""Q99""]",True
open_meteo_forecast,storage\raw\open_meteo_forecast\20260818T112053Z.json,33:shortwave_radiation,OPEN_METEO_120.249_31.107,,2026-08-19T00:00:00+00:00,120.249405,31.107204,shortwave_radiation,shortwave_radiation,451.0,451.0,W/m2,W/m2,forecast_proxy,Open-Meteo hourly unit W/m²,False,,,"[""Q08"", ""Q99""]",True
open_meteo_forecast,storage\raw\open_meteo_forecast\20260818T112053Z.json,34:temperature_2m,OPEN_METEO_120.249_31.107,,2026-08-19T01:00:00+00:00,120.249405,31.107204,air_temperature,temperature_2m,30.0,30.0,degC,degC,forecast_proxy,Open-Meteo hourly unit °C,False,,,"[""Q08"", ""Q99""]",True
open_meteo_forecast,storage\raw\open_meteo_forecast\20260818T112053Z.json,34:wind_speed_10m,OPEN_METEO_120.249_31.107,,2026-08-19T01:00:00+00:00,120.249405,31.107204,wind_speed,wind_speed_10m,5.62,5.62,m/s,m/s,forecast_proxy,Open-Meteo hourly unit m/s,False,,,"[""Q08"", ""Q99""]",True
open_meteo_forecast,storage\raw\open_meteo_forecast\20260818T112053Z.json,34:wind_direction_10m,OPEN_METEO_120.249_31.107,,2026-08-19T01:00:00+00:00,120.249405,31.107204,wind_direction,wind_direction_10m,102,102.0,degree,degree,forecast_proxy,Open-Meteo hourly unit °,False,,,"[""Q08"", ""Q99""]",True
open_meteo_forecast,storage\raw\open_meteo_forecast\20260818T112053Z.json,34:precipitation,OPEN_METEO_120.249_31.107,,2026-08-19T01:00:00+00:00,120.249405,31.107204,precipitation,precipitation,0.0,0.0,mm,mm,forecast_proxy,Open-Meteo hourly unit mm,False,,,"[""Q08"", ""Q99""]",True
open_meteo_forecast,storage\raw\open_meteo_forecast\20260818T112053Z.json,34:shortwave_radiation,OPEN_METEO_120.249_31.107,,2026-08-19T01:00:00+00:00,120.249405,31.107204,shortwave_radiation,shortwave_radiation,222.0,222.0,W/m2,W/m2,forecast_proxy,Open-Meteo hourly unit W/m²,False,,,"[""Q08"", ""Q99""]",True
open_meteo_forecast,storage\raw\open_meteo_forecast\20260818T112053Z.json,35:temperature_2m,OPEN_METEO_120.249_31.107,,2026-08-19T02:00:00+00:00,120.249405,31.107204,air_temperature,temperature_2m,29.6,29.6,degC,degC,forecast_proxy,Open-Meteo hourly unit °C,False,,,"[""Q08"", ""Q99""]",True
open_meteo_forecast,storage\raw\open_meteo_forecast\20260818T112053Z.json,35:wind_speed_10m,OPEN_METEO_120.249_31.107,,2026-08-19T02:00:00+00:00,120.249405,31.107204,wind_speed,wind_speed_10m,6.44,6.44,m/s,m/s,forecast_proxy,Open-Meteo hourly unit m/s,False,,,"[""Q08"", ""Q99""]",True
open_meteo_forecast,storage\raw\open_meteo_forecast\20260818T112053Z.json,35:wind_direction_10m,OPEN_METEO_120.249_31.107,,2026-08-19T02:00:00+00:00,120.249405,31.107204,wind_direction,wind_direction_10m,107,107.0,degree,degree,forecast_proxy,Open-Meteo hourly unit °,False,,,"[""Q08"", ""Q99""]",True
open_meteo_forecast,storage\raw\open_meteo_forecast\20260818T112053Z.json,35:precipitation,OPEN_METEO_120.249_31.107,,2026-08-19T02:00:00+00:00,120.249405,31.107204,precipitation,precipitation,0.0,0.0,mm,mm,forecast_proxy,Open-Meteo hourly unit mm,False,,,"[""Q08"", ""Q99""]",True
open_meteo_forecast,storage\raw\open_meteo_forecast\20260818T112053Z.json,35:shortwave_radiation,OPEN_METEO_120.249_31.107,,2026-08-19T02:00:00+00:00,120.249405,31.107204,shortwave_radiation,shortwave_radiation,109.0,109.0,W/m2,W/m2,forecast_proxy,Open-Meteo hourly unit W/m²,False,,,"[""Q08"", ""Q99""]",True
open_meteo_forecast,storage\raw\open_meteo_forecast\20260818T112053Z.json,36:temperature_2m,OPEN_METEO_120.249_31.107,,2026-08-19T03:00:00+00:00,120.249405,31.107204,air_temperature,temperature_2m,28.9,28.9,degC,degC,forecast_proxy,Open-Meteo hourly unit °C,False,,,"[""Q08"", ""Q99""]",True
open_meteo_forecast,storage\raw\open_meteo_forecast\20260818T112053Z.json,36:wind_speed_10m,OPEN_METEO_120.249_31.107,,2026-08-19T03:00:00+00:00,120.249405,31.107204,wind_speed,wind_speed_10m,6.67,6.67,m/s,m/s,forecast_proxy,Open-Meteo hourly unit m/s,False,,,"[""Q08"", ""Q99""]",True
open_meteo_forecast,storage\raw\open_meteo_forecast\20260818T112053Z.json,36:wind_direction_10m,OPEN_METEO_120.249_31.107,,2026-08-19T03:00:00+00:00,120.249405,31.107204,wind_direction,wind_direction_10m,114,114.0,degree,degree,forecast_proxy,Open-Meteo hourly unit °,False,,,"[""Q08"", ""Q99""]",True
open_meteo_forecast,storage\raw\open_meteo_forecast\20260818T112053Z.json,36:precipitation,OPEN_METEO_120.249_31.107,,2026-08-19T03:00:00+00:00,120.249405,31.107204,precipitation,precipitation,0.0,0.0,mm,mm,forecast_proxy,Open-Meteo hourly unit mm,False,,,"[""Q08"", ""Q99""]",True
open_meteo_forecast,storage\raw\open_meteo_forecast\20260818T112053Z.json,36:shortwave_radiation,OPEN_METEO_120.249_31.107,,2026-08-19T03:00:00+00:00,120.249405,31.107204,shortwave_radiation,shortwave_radiation,11.0,11.0,W/m2,W/m2,forecast_proxy,Open-Meteo hourly unit W/m²,False,,,"[""Q08"", ""Q99""]",True
open_meteo_forecast,storage\raw\open_meteo_forecast\20260818T112053Z.json,37:temperature_2m,OPEN_METEO_120.249_31.107,,2026-08-19T04:00:00+00:00,120.249405,31.107204,air_temperature,temperature_2m,28.3,28.3,degC,degC,forecast_proxy,Open-Meteo hourly unit °C,False,,,"[""Q08"", ""Q99""]",True
open_meteo_forecast,storage\raw\open_meteo_forecast\20260818T112053Z.json,37:wind_speed_10m,OPEN_METEO_120.249_31.107,,2026-08-19T04:00:00+00:00,120.249405,31.107204,wind_speed,wind_speed_10m,6.96,6.96,m/s,m/s,forecast_proxy,Open-Meteo hourly unit m/s,False,,,"[""Q08"", ""Q99""]",True
open_meteo_forecast,storage\raw\open_meteo_forecast\20260818T112053Z.json,37:wind_direction_10m,OPEN_METEO_120.249_31.107,,2026-08-19T04:00:00+00:00,120.249405,31.107204,wind_direction,wind_direction_10m,110,110.0,degree,degree,forecast_proxy,Open-Meteo hourly unit °,False,,,"[""Q08"", ""Q99""]",True
open_meteo_forecast,storage\raw\open_meteo_forecast\20260818T112053Z.json,37:precipitation,OPEN_METEO_120.249_31.107,,2026-08-19T04:00:00+00:00,120.249405,31.107204,precipitation,precipitation,0.0,0.0,mm,mm,forecast_proxy,Open-Meteo hourly unit mm,False,,,"[""Q08"", ""Q99""]",True
open_meteo_forecast,storage\raw\open_meteo_forecast\20260818T112053Z.json,37:shortwave_radiation,OPEN_METEO_120.249_31.107,,2026-08-19T04:00:00+00:00,120.249405,31.107204,shortwave_radiation,shortwave_radiation,0.0,0.0,W/m2,W/m2,forecast_proxy,Open-Meteo hourly unit W/m²,False,,,"[""Q08"", ""Q99""]",True
open_meteo_forecast,storage\raw\open_meteo_forecast\20260818T112053Z.json,38:temperature_2m,OPEN_METEO_120.249_31.107,,2026-08-19T05:00:00+00:00,120.249405,31.107204,air_temperature,temperature_2m,28.0,28.0,degC,degC,forecast_proxy,Open-Meteo hourly unit °C,False,,,"[""Q08"", ""Q99""]",True
open_meteo_forecast,storage\raw\open_meteo_forecast\20260818T112053Z.json,38:wind_speed_10m,OPEN_METEO_120.249_31.107,,2026-08-19T05:00:00+00:00,120.249405,31.107204,wind_speed,wind_speed_10m,6.43,6.43,m/s,m/s,forecast_proxy,Open-Meteo hourly unit m/s,False,,,"[""Q08"", ""Q99""]",True
open_meteo_forecast,storage\raw\open_meteo_forecast\20260818T112053Z.json,38:wind_direction_10m,OPEN_METEO_120.249_31.107,,2026-08-19T05:00:00+00:00,120.249405,31.107204,wind_direction,wind_direction_10m,105,105.0,degree,degree,forecast_proxy,Open-Meteo hourly unit °,False,,,"[""Q08"", ""Q99""]",True
open_meteo_forecast,storage\raw\open_meteo_forecast\20260818T112053Z.json,38:precipitation,OPEN_METEO_120.249_31.107,,2026-08-19T05:00:00+00:00,120.249405,31.107204,precipitation,precipitation,0.0,0.0,mm,mm,forecast_proxy,Open-Meteo hourly unit mm,False,,,"[""Q08"", ""Q99""]",True
open_meteo_forecast,storage\raw\open_meteo_forecast\20260818T112053Z.json,38:shortwave_radiation,OPEN_METEO_120.249_31.107,,2026-08-19T05:00:00+00:00,120.249405,31.107204,shortwave_radiation,shortwave_radiation,0.0,0.0,W/m2,W/m2,forecast_proxy,Open-Meteo hourly unit W/m²,False,,,"[""Q08"", ""Q99""]",True
open_meteo_forecast,storage\raw\open_meteo_forecast\20260818T112053Z.json,39:temperature_2m,OPEN_METEO_120.249_31.107,,2026-08-19T06:00:00+00:00,120.249405,31.107204,air_temperature,temperature_2m,27.7,27.7,degC,degC,forecast_proxy,Open-Meteo hourly unit °C,False,,,"[""Q08"", ""Q99""]",True
open_meteo_forecast,storage\raw\open_meteo_forecast\20260818T112053Z.json,39:wind_speed_10m,OPEN_METEO_120.249_31.107,,2026-08-19T06:00:00+00:00,120.249405,31.107204,wind_speed,wind_speed_10m,5.84,5.84,m/s,m/s,forecast_proxy,Open-Meteo hourly unit m/s,False,,,"[""Q08"", ""Q99""]",True
open_meteo_forecast,storage\raw\open_meteo_forecast\20260818T112053Z.json,39:wind_direction_10m,OPEN_METEO_120.249_31.107,,2026-08-19T06:00:00+00:00,120.249405,31.107204,wind_direction,wind_direction_10m,102,102.0,degree,degree,forecast_proxy,Open-Meteo hourly unit °,False,,,"[""Q08"", ""Q99""]",True
open_meteo_forecast,storage\raw\open_meteo_forecast\20260818T112053Z.json,39:precipitation,OPEN_METEO_120.249_31.107,,2026-08-19T06:00:00+00:00,120.249405,31.107204,precipitation,precipitation,0.0,0.0,mm,mm,forecast_proxy,Open-Meteo hourly unit mm,False,,,"[""Q08"", ""Q99""]",True
open_meteo_forecast,storage\raw\open_meteo_forecast\20260818T112053Z.json,39:shortwave_radiation,OPEN_METEO_120.249_31.107,,2026-08-19T06:00:00+00:00,120.249405,31.107204,shortwave_radiation,shortwave_radiation,0.0,0.0,W/m2,W/m2,forecast_proxy,Open-Meteo hourly unit W/m²,False,,,"[""Q08"", ""Q99""]",True
open_meteo_forecast,storage\raw\open_meteo_forecast\20260818T112053Z.json,40:temperature_2m,OPEN_METEO_120.249_31.107,,2026-08-19T07:00:00+00:00,120.249405,31.107204,air_temperature,temperature_2m,27.5,27.5,degC,degC,forecast_proxy,Open-Meteo hourly unit °C,False,,,"[""Q08"", ""Q99""]",True
open_meteo_forecast,storage\raw\open_meteo_forecast\20260818T112053Z.json,40:wind_speed_10m,OPEN_METEO_120.249_31.107,,2026-08-19T07:00:00+00:00,120.249405,31.107204,wind_speed,wind_speed_10m,5.07,5.07,m/s,m/s,forecast_proxy,Open-Meteo hourly unit m/s,False,,,"[""Q08"", ""Q99""]",True
open_meteo_forecast,storage\raw\open_meteo_forecast\20260818T112053Z.json,40:wind_direction_10m,OPEN_METEO_120.249_31.107,,2026-08-19T07:00:00+00:00,120.249405,31.107204,wind_direction,wind_direction_10m,96,96.0,degree,degree,forecast_proxy,Open-Meteo hourly unit °,False,,,"[""Q08"", ""Q99""]",True
open_meteo_forecast,storage\raw\open_meteo_forecast\20260818T112053Z.json,40:precipitation,OPEN_METEO_120.249_31.107,,2026-08-19T07:00:00+00:00,120.249405,31.107204,precipitation,precipitation,0.0,0.0,mm,mm,forecast_proxy,Open-Meteo hourly unit mm,False,,,"[""Q08"", ""Q99""]",True
open_meteo_forecast,storage\raw\open_meteo_forecast\20260818T112053Z.json,40:shortwave_radiation,OPEN_METEO_120.249_31.107,,2026-08-19T07:00:00+00:00,120.249405,31.107204,shortwave_radiation,shortwave_radiation,0.0,0.0,W/m2,W/m2,forecast_proxy,Open-Meteo hourly unit W/m²,False,,,"[""Q08"", ""Q99""]",True
open_meteo_forecast,storage\raw\open_meteo_forecast\20260818T112053Z.json,41:temperature_2m,OPEN_METEO_120.249_31.107,,2026-08-19T08:00:00+00:00,120.249405,31.107204,air_temperature,temperature_2m,27.3,27.3,degC,degC,forecast_proxy,Open-Meteo hourly unit °C,False,,,"[""Q08"", ""Q99""]",True
open_meteo_forecast,storage\raw\open_meteo_forecast\20260818T112053Z.json,41:wind_speed_10m,OPEN_METEO_120.249_31.107,,2026-08-19T08:00:00+00:00,120.249405,31.107204,wind_speed,wind_speed_10m,5.1,5.1,m/s,m/s,forecast_proxy,Open-Meteo hourly unit m/s,False,,,"[""Q08"", ""Q99""]",True
open_meteo_forecast,storage\raw\open_meteo_forecast\20260818T112053Z.json,41:wind_direction_10m,OPEN_METEO_120.249_31.107,,2026-08-19T08:00:00+00:00,120.249405,31.107204,wind_direction,wind_direction_10m,98,98.0,degree,degree,forecast_proxy,Open-Meteo hourly unit °,False,,,"[""Q08"", ""Q99""]",True
open_meteo_forecast,storage\raw\open_meteo_forecast\20260818T112053Z.json,41:precipitation,OPEN_METEO_120.249_31.107,,2026-08-19T08:00:00+00:00,120.249405,31.107204,precipitation,precipitation,0.0,0.0,mm,mm,forecast_proxy,Open-Meteo hourly unit mm,False,,,"[""Q08"", ""Q99""]",True
open_meteo_forecast,storage\raw\open_meteo_forecast\20260818T112053Z.json,41:shortwave_radiation,OPEN_METEO_120.249_31.107,,2026-08-19T08:00:00+00:00,120.249405,31.107204,shortwave_radiation,shortwave_radiation,0.0,0.0,W/m2,W/m2,forecast_proxy,Open-Meteo hourly unit W/m²,False,,,"[""Q08"", ""Q99""]",True
open_meteo_forecast,storage\raw\open_meteo_forecast\20260818T112053Z.json,42:temperature_2m,OPEN_METEO_120.249_31.107,,2026-08-19T09:00:00+00:00,120.249405,31.107204,air_temperature,temperature_2m,27.3,27.3,degC,degC,forecast_proxy,Open-Meteo hourly unit °C,False,,,"[""Q08"", ""Q99""]",True
open_meteo_forecast,storage\raw\open_meteo_forecast\20260818T112053Z.json,42:wind_speed_10m,OPEN_METEO_120.249_31.107,,2026-08-19T09:00:00+00:00,120.249405,31.107204,wind_speed,wind_speed_10m,4.95,4.95,m/s,m/s,forecast_proxy,Open-Meteo hourly unit m/s,False,,,"[""Q08"", ""Q99""]",True
open_meteo_forecast,storage\raw\open_meteo_forecast\20260818T112053Z.json,42:wind_direction_10m,OPEN_METEO_120.249_31.107,,2026-08-19T09:00:00+00:00,120.249405,31.107204,wind_direction,wind_direction_10m,102,102.0,degree,degree,forecast_proxy,Open-Meteo hourly unit °,False,,,"[""Q08"", ""Q99""]",True
open_meteo_forecast,storage\raw\open_meteo_forecast\20260818T112053Z.json,42:precipitation,OPEN_METEO_120.249_31.107,,2026-08-19T09:00:00+00:00,120.249405,31.107204,precipitation,precipitation,0.0,0.0,mm,mm,forecast_proxy,Open-Meteo hourly unit mm,False,,,"[""Q08"", ""Q99""]",True
open_meteo_forecast,storage\raw\open_meteo_forecast\20260818T112053Z.json,42:shortwave_radiation,OPEN_METEO_120.249_31.107,,2026-08-19T09:00:00+00:00,120.249405,31.107204,shortwave_radiation,shortwave_radiation,0.0,0.0,W/m2,W/m2,forecast_proxy,Open-Meteo hourly unit W/m²,False,,,"[""Q08"", ""Q99""]",True
open_meteo_forecast,storage\raw\open_meteo_forecast\20260818T112053Z.json,43:temperature_2m,OPEN_METEO_120.249_31.107,,2026-08-19T10:00:00+00:00,120.249405,31.107204,air_temperature,temperature_2m,27.3,27.3,degC,degC,forecast_proxy,Open-Meteo hourly unit °C,False,,,"[""Q08"", ""Q99""]",True
open_meteo_forecast,storage\raw\open_meteo_forecast\20260818T112053Z.json,43:wind_speed_10m,OPEN_METEO_120.249_31.107,,2026-08-19T10:00:00+00:00,120.249405,31.107204,wind_speed,wind_speed_10m,4.53,4.53,m/s,m/s,forecast_proxy,Open-Meteo hourly unit m/s,False,,,"[""Q08"", ""Q99""]",True
open_meteo_forecast,storage\raw\open_meteo_forecast\20260818T112053Z.json,43:wind_direction_10m,OPEN_METEO_120.249_31.107,,2026-08-19T10:00:00+00:00,120.249405,31.107204,wind_direction,wind_direction_10m,96,96.0,degree,degree,forecast_proxy,Open-Meteo hourly unit °,False,,,"[""Q08"", ""Q99""]",True
open_meteo_forecast,storage\raw\open_meteo_forecast\20260818T112053Z.json,43:precipitation,OPEN_METEO_120.249_31.107,,2026-08-19T10:00:00+00:00,120.249405,31.107204,precipitation,precipitation,0.0,0.0,mm,mm,forecast_proxy,Open-Meteo hourly unit mm,False,,,"[""Q08"", ""Q99""]",True
open_meteo_forecast,storage\raw\open_meteo_forecast\20260818T112053Z.json,43:shortwave_radiation,OPEN_METEO_120.249_31.107,,2026-08-19T10:00:00+00:00,120.249405,31.107204,shortwave_radiation,shortwave_radiation,0.0,0.0,W/m2,W/m2,forecast_proxy,Open-Meteo hourly unit W/m²,False,,,"[""Q08"", ""Q99""]",True
open_meteo_forecast,storage\raw\open_meteo_forecast\20260818T112053Z.json,44:temperature_2m,OPEN_METEO_120.249_31.107,,2026-08-19T11:00:00+00:00,120.249405,31.107204,air_temperature,temperature_2m,27.3,27.3,degC,degC,forecast_proxy,Open-Meteo hourly unit °C,False,,,"[""Q08"", ""Q99""]",True
open_meteo_forecast,storage\raw\open_meteo_forecast\20260818T112053Z.json,44:wind_speed_10m,OPEN_METEO_120.249_31.107,,2026-08-19T11:00:00+00:00,120.249405,31.107204,wind_speed,wind_speed_10m,4.35,4.35,m/s,m/s,forecast_proxy,Open-Meteo hourly unit m/s,False,,,"[""Q08"", ""Q99""]",True
open_meteo_forecast,storage\raw\open_meteo_forecast\20260818T112053Z.json,44:wind_direction_10m,OPEN_METEO_120.249_31.107,,2026-08-19T11:00:00+00:00,120.249405,31.107204,wind_direction,wind_direction_10m,77,77.0,degree,degree,forecast_proxy,Open-Meteo hourly unit °,False,,,"[""Q08"", ""Q99""]",True
open_meteo_forecast,storage\raw\open_meteo_forecast\20260818T112053Z.json,44:precipitation,OPEN_METEO_120.249_31.107,,2026-08-19T11:00:00+00:00,120.249405,31.107204,precipitation,precipitation,0.0,0.0,mm,mm,forecast_proxy,Open-Meteo hourly unit mm,False,,,"[""Q08"", ""Q99""]",True
open_meteo_forecast,storage\raw\open_meteo_forecast\20260818T112053Z.json,44:shortwave_radiation,OPEN_METEO_120.249_31.107,,2026-08-19T11:00:00+00:00,120.249405,31.107204,shortwave_radiation,shortwave_radiation,0.0,0.0,W/m2,W/m2,forecast_proxy,Open-Meteo hourly unit W/m²,False,,,"[""Q08"", ""Q99""]",True
open_meteo_forecast,storage\raw\open_meteo_forecast\20260818T112053Z.json,45:temperature_2m,OPEN_METEO_120.249_31.107,,2026-08-19T12:00:00+00:00,120.249405,31.107204,air_temperature,temperature_2m,27.1,27.1,degC,degC,forecast_proxy,Open-Meteo hourly unit °C,False,,,"[""Q08"", ""Q99""]",True
open_meteo_forecast,storage\raw\open_meteo_forecast\20260818T112053Z.json,45:wind_speed_10m,OPEN_METEO_120.249_31.107,,2026-08-19T12:00:00+00:00,120.249405,31.107204,wind_speed,wind_speed_10m,5.6,5.6,m/s,m/s,forecast_proxy,Open-Meteo hourly unit m/s,False,,,"[""Q08"", ""Q99""]",True
open_meteo_forecast,storage\raw\open_meteo_forecast\20260818T112053Z.json,45:wind_direction_10m,OPEN_METEO_120.249_31.107,,2026-08-19T12:00:00+00:00,120.249405,31.107204,wind_direction,wind_direction_10m,71,71.0,degree,degree,forecast_proxy,Open-Meteo hourly unit °,False,,,"[""Q08"", ""Q99""]",True
open_meteo_forecast,storage\raw\open_meteo_forecast\20260818T112053Z.json,45:precipitation,OPEN_METEO_120.249_31.107,,2026-08-19T12:00:00+00:00,120.249405,31.107204,precipitation,precipitation,0.2,0.2,mm,mm,forecast_proxy,Open-Meteo hourly unit mm,False,,,"[""Q08"", ""Q99""]",True
open_meteo_forecast,storage\raw\open_meteo_forecast\20260818T112053Z.json,45:shortwave_radiation,OPEN_METEO_120.249_31.107,,2026-08-19T12:00:00+00:00,120.249405,31.107204,shortwave_radiation,shortwave_radiation,0.0,0.0,W/m2,W/m2,forecast_proxy,Open-Meteo hourly unit W/m²,False,,,"[""Q08"", ""Q99""]",True
open_meteo_forecast,storage\raw\open_meteo_forecast\20260818T112053Z.json,46:temperature_2m,OPEN_METEO_120.249_31.107,,2026-08-19T13:00:00+00:00,120.249405,31.107204,air_temperature,temperature_2m,27.0,27.0,degC,degC,forecast_proxy,Open-Meteo hourly unit °C,False,,,"[""Q08"", ""Q99""]",True
open_meteo_forecast,storage\raw\open_meteo_forecast\20260818T112053Z.json,46:wind_speed_10m,OPEN_METEO_120.249_31.107,,2026-08-19T13:00:00+00:00,120.249405,31.107204,wind_speed,wind_speed_10m,4.33,4.33,m/s,m/s,forecast_proxy,Open-Meteo hourly unit m/s,False,,,"[""Q08"", ""Q99""]",True
open_meteo_forecast,storage\raw\open_meteo_forecast\20260818T112053Z.json,46:wind_direction_10m,OPEN_METEO_120.249_31.107,,2026-08-19T13:00:00+00:00,120.249405,31.107204,wind_direction,wind_direction_10m,76,76.0,degree,degree,forecast_proxy,Open-Meteo hourly unit °,False,,,"[""Q08"", ""Q99""]",True
open_meteo_forecast,storage\raw\open_meteo_forecast\20260818T112053Z.json,46:precipitation,OPEN_METEO_120.249_31.107,,2026-08-19T13:00:00+00:00,120.249405,31.107204,precipitation,precipitation,0.3,0.3,mm,mm,forecast_proxy,Open-Meteo hourly unit mm,False,,,"[""Q08"", ""Q99""]",True
open_meteo_forecast,storage\raw\open_meteo_forecast\20260818T112053Z.json,46:shortwave_radiation,OPEN_METEO_120.249_31.107,,2026-08-19T13:00:00+00:00,120.249405,31.107204,shortwave_radiation,shortwave_radiation,0.0,0.0,W/m2,W/m2,forecast_proxy,Open-Meteo hourly unit W/m²,False,,,"[""Q08"", ""Q99""]",True
open_meteo_forecast,storage\raw\open_meteo_forecast\20260818T112053Z.json,47:temperature_2m,OPEN_METEO_120.249_31.107,,2026-08-19T14:00:00+00:00,120.249405,31.107204,air_temperature,temperature_2m,27.2,27.2,degC,degC,forecast_proxy,Open-Meteo hourly unit °C,False,,,"[""Q08"", ""Q99""]",True
open_meteo_forecast,storage\raw\open_meteo_forecast\20260818T112053Z.json,47:wind_speed_10m,OPEN_METEO_120.249_31.107,,2026-08-19T14:00:00+00:00,120.249405,31.107204,wind_speed,wind_speed_10m,5.56,5.56,m/s,m/s,forecast_proxy,Open-Meteo hourly unit m/s,False,,,"[""Q08"", ""Q99""]",True
open_meteo_forecast,storage\raw\open_meteo_forecast\20260818T112053Z.json,47:wind_direction_10m,OPEN_METEO_120.249_31.107,,2026-08-19T14:00:00+00:00,120.249405,31.107204,wind_direction,wind_direction_10m,86,86.0,degree,degree,forecast_proxy,Open-Meteo hourly unit °,False,,,"[""Q08"", ""Q99""]",True
open_meteo_forecast,storage\raw\open_meteo_forecast\20260818T112053Z.json,47:precipitation,OPEN_METEO_120.249_31.107,,2026-08-19T14:00:00+00:00,120.249405,31.107204,precipitation,precipitation,0.3,0.3,mm,mm,forecast_proxy,Open-Meteo hourly unit mm,False,,,"[""Q08"", ""Q99""]",True
open_meteo_forecast,storage\raw\open_meteo_forecast\20260818T112053Z.json,47:shortwave_radiation,OPEN_METEO_120.249_31.107,,2026-08-19T14:00:00+00:00,120.249405,31.107204,shortwave_radiation,shortwave_radiation,8.0,8.0,W/m2,W/m2,forecast_proxy,Open-Meteo hourly unit W/m²,False,,,"[""Q08"", ""Q99""]",True
open_meteo_forecast,storage\raw\open_meteo_forecast\20260818T112053Z.json,48:temperature_2m,OPEN_METEO_120.249_31.107,,2026-08-19T15:00:00+00:00,120.249405,31.107204,air_temperature,temperature_2m,27.4,27.4,degC,degC,forecast_proxy,Open-Meteo hourly unit °C,False,,,"[""Q08"", ""Q99""]",True
open_meteo_forecast,storage\raw\open_meteo_forecast\20260818T112053Z.json,48:wind_speed_10m,OPEN_METEO_120.249_31.107,,2026-08-19T15:00:00+00:00,120.249405,31.107204,wind_speed,wind_speed_10m,4.37,4.37,m/s,m/s,forecast_proxy,Open-Meteo hourly unit m/s,False,,,"[""Q08"", ""Q99""]",True
open_meteo_forecast,storage\raw\open_meteo_forecast\20260818T112053Z.json,48:wind_direction_10m,OPEN_METEO_120.249_31.107,,2026-08-19T15:00:00+00:00,120.249405,31.107204,wind_direction,wind_direction_10m,85,85.0,degree,degree,forecast_proxy,Open-Meteo hourly unit °,False,,,"[""Q08"", ""Q99""]",True
open_meteo_forecast,storage\raw\open_meteo_forecast\20260818T112053Z.json,48:precipitation,OPEN_METEO_120.249_31.107,,2026-08-19T15:00:00+00:00,120.249405,31.107204,precipitation,precipitation,0.2,0.2,mm,mm,forecast_proxy,Open-Meteo hourly unit mm,False,,,"[""Q08"", ""Q99""]",True
open_meteo_forecast,storage\raw\open_meteo_forecast\20260818T112053Z.json,48:shortwave_radiation,OPEN_METEO_120.249_31.107,,2026-08-19T15:00:00+00:00,120.249405,31.107204,shortwave_radiation,shortwave_radiation,90.0,90.0,W/m2,W/m2,forecast_proxy,Open-Meteo hourly unit W/m²,False,,,"[""Q08"", ""Q99""]",True
open_meteo_forecast,storage\raw\open_meteo_forecast\20260818T112053Z.json,49:temperature_2m,OPEN_METEO_120.249_31.107,,2026-08-19T16:00:00+00:00,120.249405,31.107204,air_temperature,temperature_2m,27.9,27.9,degC,degC,forecast_proxy,Open-Meteo hourly unit °C,False,,,"[""Q08"", ""Q99""]",True
open_meteo_forecast,storage\raw\open_meteo_forecast\20260818T112053Z.json,49:wind_speed_10m,OPEN_METEO_120.249_31.107,,2026-08-19T16:00:00+00:00,120.249405,31.107204,wind_speed,wind_speed_10m,4.83,4.83,m/s,m/s,forecast_proxy,Open-Meteo hourly unit m/s,False,,,"[""Q08"", ""Q99""]",True
open_meteo_forecast,storage\raw\open_meteo_forecast\20260818T112053Z.json,49:wind_direction_10m,OPEN_METEO_120.249_31.107,,2026-08-19T16:00:00+00:00,120.249405,31.107204,wind_direction,wind_direction_10m,83,83.0,degree,degree,forecast_proxy,Open-Meteo hourly unit °,False,,,"[""Q08"", ""Q99""]",True
open_meteo_forecast,storage\raw\open_meteo_forecast\20260818T112053Z.json,49:precipitation,OPEN_METEO_120.249_31.107,,2026-08-19T16:00:00+00:00,120.249405,31.107204,precipitation,precipitation,0.2,0.2,mm,mm,forecast_proxy,Open-Meteo hourly unit mm,False,,,"[""Q08"", ""Q99""]",True
open_meteo_forecast,storage\raw\open_meteo_forecast\20260818T112053Z.json,49:shortwave_radiation,OPEN_METEO_120.249_31.107,,2026-08-19T16:00:00+00:00,120.249405,31.107204,shortwave_radiation,shortwave_radiation,285.0,285.0,W/m2,W/m2,forecast_proxy,Open-Meteo hourly unit W/m²,False,,,"[""Q08"", ""Q99""]",True
open_meteo_forecast,storage\raw\open_meteo_forecast\20260818T112053Z.json,50:temperature_2m,OPEN_METEO_120.249_31.107,,2026-08-19T17:00:00+00:00,120.249405,31.107204,air_temperature,temperature_2m,28.2,28.2,degC,degC,forecast_proxy,Open-Meteo hourly unit °C,False,,,"[""Q08"", ""Q99""]",True
open_meteo_forecast,storage\raw\open_meteo_forecast\20260818T112053Z.json,50:wind_speed_10m,OPEN_METEO_120.249_31.107,,2026-08-19T17:00:00+00:00,120.249405,31.107204,wind_speed,wind_speed_10m,4.61,4.61,m/s,m/s,forecast_proxy,Open-Meteo hourly unit m/s,False,,,"[""Q08"", ""Q99""]",True
open_meteo_forecast,storage\raw\open_meteo_forecast\20260818T112053Z.json,50:wind_direction_10m,OPEN_METEO_120.249_31.107,,2026-08-19T17:00:00+00:00,120.249405,31.107204,wind_direction,wind_direction_10m,86,86.0,degree,degree,forecast_proxy,Open-Meteo hourly unit °,False,,,"[""Q08"", ""Q99""]",True
open_meteo_forecast,storage\raw\open_meteo_forecast\20260818T112053Z.json,50:precipitation,OPEN_METEO_120.249_31.107,,2026-08-19T17:00:00+00:00,120.249405,31.107204,precipitation,precipitation,0.5,0.5,mm,mm,forecast_proxy,Open-Meteo hourly unit mm,False,,,"[""Q08"", ""Q99""]",True
open_meteo_forecast,storage\raw\open_meteo_forecast\20260818T112053Z.json,50:shortwave_radiation,OPEN_METEO_120.249_31.107,,2026-08-19T17:00:00+00:00,120.249405,31.107204,shortwave_radiation,shortwave_radiation,417.0,417.0,W/m2,W/m2,forecast_proxy,Open-Meteo hourly unit W/m²,False,,,"[""Q08"", ""Q99""]",True
open_meteo_forecast,storage\raw\open_meteo_forecast\20260818T112053Z.json,51:temperature_2m,OPEN_METEO_120.249_31.107,,2026-08-19T18:00:00+00:00,120.249405,31.107204,air_temperature,temperature_2m,28.9,28.9,degC,degC,forecast_proxy,Open-Meteo hourly unit °C,False,,,"[""Q08"", ""Q99""]",True
open_meteo_forecast,storage\raw\open_meteo_forecast\20260818T112053Z.json,51:wind_speed_10m,OPEN_METEO_120.249_31.107,,2026-08-19T18:00:00+00:00,120.249405,31.107204,wind_speed,wind_speed_10m,4.26,4.26,m/s,m/s,forecast_proxy,Open-Meteo hourly unit m/s,False,,,"[""Q08"", ""Q99""]",True
open_meteo_forecast,storage\raw\open_meteo_forecast\20260818T112053Z.json,51:wind_direction_10m,OPEN_METEO_120.249_31.107,,2026-08-19T18:00:00+00:00,120.249405,31.107204,wind_direction,wind_direction_10m,77,77.0,degree,degree,forecast_proxy,Open-Meteo hourly unit °,False,,,"[""Q08"", ""Q99""]",True
open_meteo_forecast,storage\raw\open_meteo_forecast\20260818T112053Z.json,51:precipitation,OPEN_METEO_120.249_31.107,,2026-08-19T18:00:00+00:00,120.249405,31.107204,precipitation,precipitation,1.1,1.1,mm,mm,forecast_proxy,Open-Meteo hourly unit mm,False,,,"[""Q08"", ""Q99""]",True
open_meteo_forecast,storage\raw\open_meteo_forecast\20260818T112053Z.json,51:shortwave_radiation,OPEN_METEO_120.249_31.107,,2026-08-19T18:00:00+00:00,120.249405,31.107204,shortwave_radiation,shortwave_radiation,491.0,491.0,W/m2,W/m2,forecast_proxy,Open-Meteo hourly unit W/m²,False,,,"[""Q08"", ""Q99""]",True
open_meteo_forecast,storage\raw\open_meteo_forecast\20260818T112053Z.json,52:temperature_2m,OPEN_METEO_120.249_31.107,,2026-08-19T19:00:00+00:00,120.249405,31.107204,air_temperature,temperature_2m,29.0,29.0,degC,degC,forecast_proxy,Open-Meteo hourly unit °C,False,,,"[""Q08"", ""Q99""]",True
open_meteo_forecast,storage\raw\open_meteo_forecast\20260818T112053Z.json,52:wind_speed_10m,OPEN_METEO_120.249_31.107,,2026-08-19T19:00:00+00:00,120.249405,31.107204,wind_speed,wind_speed_10m,4.27,4.27,m/s,m/s,forecast_proxy,Open-Meteo hourly unit m/s,False,,,"[""Q08"", ""Q99""]",True
open_meteo_forecast,storage\raw\open_meteo_forecast\20260818T112053Z.json,52:wind_direction_10m,OPEN_METEO_120.249_31.107,,2026-08-19T19:00:00+00:00,120.249405,31.107204,wind_direction,wind_direction_10m,80,80.0,degree,degree,forecast_proxy,Open-Meteo hourly unit °,False,,,"[""Q08"", ""Q99""]",True
open_meteo_forecast,storage\raw\open_meteo_forecast\20260818T112053Z.json,52:precipitation,OPEN_METEO_120.249_31.107,,2026-08-19T19:00:00+00:00,120.249405,31.107204,precipitation,precipitation,1.1,1.1,mm,mm,forecast_proxy,Open-Meteo hourly unit mm,False,,,"[""Q08"", ""Q99""]",True
open_meteo_forecast,storage\raw\open_meteo_forecast\20260818T112053Z.json,52:shortwave_radiation,OPEN_METEO_120.249_31.107,,2026-08-19T19:00:00+00:00,120.249405,31.107204,shortwave_radiation,shortwave_radiation,729.0,729.0,W/m2,W/m2,forecast_proxy,Open-Meteo hourly unit W/m²,False,,,"[""Q08"", ""Q99""]",True
open_meteo_forecast,storage\raw\open_meteo_forecast\20260818T112053Z.json,53:temperature_2m,OPEN_METEO_120.249_31.107,,2026-08-19T20:00:00+00:00,120.249405,31.107204,air_temperature,temperature_2m,29.1,29.1,degC,degC,forecast_proxy,Open-Meteo hourly unit °C,False,,,"[""Q08"", ""Q99""]",True
open_meteo_forecast,storage\raw\open_meteo_forecast\20260818T112053Z.json,53:wind_speed_10m,OPEN_METEO_120.249_31.107,,2026-08-19T20:00:00+00:00,120.249405,31.107204,wind_speed,wind_speed_10m,3.35,3.35,m/s,m/s,forecast_proxy,Open-Meteo hourly unit m/s,False,,,"[""Q08"", ""Q99""]",True
open_meteo_forecast,storage\raw\open_meteo_forecast\20260818T112053Z.json,53:wind_direction_10m,OPEN_METEO_120.249_31.107,,2026-08-19T20:00:00+00:00,120.249405,31.107204,wind_direction,wind_direction_10m,76,76.0,degree,degree,forecast_proxy,Open-Meteo hourly unit °,False,,,"[""Q08"", ""Q99""]",True
open_meteo_forecast,storage\raw\open_meteo_forecast\20260818T112053Z.json,53:precipitation,OPEN_METEO_120.249_31.107,,2026-08-19T20:00:00+00:00,120.249405,31.107204,precipitation,precipitation,0.4,0.4,mm,mm,forecast_proxy,Open-Meteo hourly unit mm,False,,,"[""Q08"", ""Q99""]",True
open_meteo_forecast,storage\raw\open_meteo_forecast\20260818T112053Z.json,53:shortwave_radiation,OPEN_METEO_120.249_31.107,,2026-08-19T20:00:00+00:00,120.249405,31.107204,shortwave_radiation,shortwave_radiation,672.0,672.0,W/m2,W/m2,forecast_proxy,Open-Meteo hourly unit W/m²,False,,,"[""Q08"", ""Q99""]",True
open_meteo_forecast,storage\raw\open_meteo_forecast\20260818T112053Z.json,54:temperature_2m,OPEN_METEO_120.249_31.107,,2026-08-19T21:00:00+00:00,120.249405,31.107204,air_temperature,temperature_2m,28.2,28.2,degC,degC,forecast_proxy,Open-Meteo hourly unit °C,False,,,"[""Q08"", ""Q99""]",True
open_meteo_forecast,storage\raw\open_meteo_forecast\20260818T112053Z.json,54:wind_speed_10m,OPEN_METEO_120.249_31.107,,2026-08-19T21:00:00+00:00,120.249405,31.107204,wind_speed,wind_speed_10m,3.88,3.88,m/s,m/s,forecast_proxy,Open-Meteo hourly unit m/s,False,,,"[""Q08"", ""Q99""]",True
open_meteo_forecast,storage\raw\open_meteo_forecast\20260818T112053Z.json,54:wind_direction_10m,OPEN_METEO_120.249_31.107,,2026-08-19T21:00:00+00:00,120.249405,31.107204,wind_direction,wind_direction_10m,97,97.0,degree,degree,forecast_proxy,Open-Meteo hourly unit °,False,,,"[""Q08"", ""Q99""]",True
open_meteo_forecast,storage\raw\open_meteo_forecast\20260818T112053Z.json,54:precipitation,OPEN_METEO_120.249_31.107,,2026-08-19T21:00:00+00:00,120.249405,31.107204,precipitation,precipitation,0.2,0.2,mm,mm,forecast_proxy,Open-Meteo hourly unit mm,False,,,"[""Q08"", ""Q99""]",True
open_meteo_forecast,storage\raw\open_meteo_forecast\20260818T112053Z.json,54:shortwave_radiation,OPEN_METEO_120.249_31.107,,2026-08-19T21:00:00+00:00,120.249405,31.107204,shortwave_radiation,shortwave_radiation,498.0,498.0,W/m2,W/m2,forecast_proxy,Open-Meteo hourly unit W/m²,False,,,"[""Q08"", ""Q99""]",True
open_meteo_forecast,storage\raw\open_meteo_forecast\20260818T112053Z.json,55:temperature_2m,OPEN_METEO_120.249_31.107,,2026-08-19T22:00:00+00:00,120.249405,31.107204,air_temperature,temperature_2m,27.5,27.5,degC,degC,forecast_proxy,Open-Meteo hourly unit °C,False,,,"[""Q08"", ""Q99""]",True
open_meteo_forecast,storage\raw\open_meteo_forecast\20260818T112053Z.json,55:wind_speed_10m,OPEN_METEO_120.249_31.107,,2026-08-19T22:00:00+00:00,120.249405,31.107204,wind_speed,wind_speed_10m,4.84,4.84,m/s,m/s,forecast_proxy,Open-Meteo hourly unit m/s,False,,,"[""Q08"", ""Q99""]",True
open_meteo_forecast,storage\raw\open_meteo_forecast\20260818T112053Z.json,55:wind_direction_10m,OPEN_METEO_120.249_31.107,,2026-08-19T22:00:00+00:00,120.249405,31.107204,wind_direction,wind_direction_10m,98,98.0,degree,degree,forecast_proxy,Open-Meteo hourly unit °,False,,,"[""Q08"", ""Q99""]",True
open_meteo_forecast,storage\raw\open_meteo_forecast\20260818T112053Z.json,55:precipitation,OPEN_METEO_120.249_31.107,,2026-08-19T22:00:00+00:00,120.249405,31.107204,precipitation,precipitation,0.4,0.4,mm,mm,forecast_proxy,Open-Meteo hourly unit mm,False,,,"[""Q08"", ""Q99""]",True
open_meteo_forecast,storage\raw\open_meteo_forecast\20260818T112053Z.json,55:shortwave_radiation,OPEN_METEO_120.249_31.107,,2026-08-19T22:00:00+00:00,120.249405,31.107204,shortwave_radiation,shortwave_radiation,378.0,378.0,W/m2,W/m2,forecast_proxy,Open-Meteo hourly unit W/m²,False,,,"[""Q08"", ""Q99""]",True
open_meteo_forecast,storage\raw\open_meteo_forecast\20260818T112053Z.json,56:temperature_2m,OPEN_METEO_120.249_31.107,,2026-08-19T23:00:00+00:00,120.249405,31.107204,air_temperature,temperature_2m,28.0,28.0,degC,degC,forecast_proxy,Open-Meteo hourly unit °C,False,,,"[""Q08"", ""Q99""]",True
open_meteo_forecast,storage\raw\open_meteo_forecast\20260818T112053Z.json,56:wind_speed_10m,OPEN_METEO_120.249_31.107,,2026-08-19T23:00:00+00:00,120.249405,31.107204,wind_speed,wind_speed_10m,5.32,5.32,m/s,m/s,forecast_proxy,Open-Meteo hourly unit m/s,False,,,"[""Q08"", ""Q99""]",True
open_meteo_forecast,storage\raw\open_meteo_forecast\20260818T112053Z.json,56:wind_direction_10m,OPEN_METEO_120.249_31.107,,2026-08-19T23:00:00+00:00,120.249405,31.107204,wind_direction,wind_direction_10m,86,86.0,degree,degree,forecast_proxy,Open-Meteo hourly unit °,False,,,"[""Q08"", ""Q99""]",True
open_meteo_forecast,storage\raw\open_meteo_forecast\20260818T112053Z.json,56:precipitation,OPEN_METEO_120.249_31.107,,2026-08-19T23:00:00+00:00,120.249405,31.107204,precipitation,precipitation,2.0,2.0,mm,mm,forecast_proxy,Open-Meteo hourly unit mm,False,,,"[""Q08"", ""Q99""]",True
open_meteo_forecast,storage\raw\open_meteo_forecast\20260818T112053Z.json,56:shortwave_radiation,OPEN_METEO_120.249_31.107,,2026-08-19T23:00:00+00:00,120.249405,31.107204,shortwave_radiation,shortwave_radiation,342.0,342.0,W/m2,W/m2,forecast_proxy,Open-Meteo hourly unit W/m²,False,,,"[""Q08"", ""Q99""]",True
open_meteo_forecast,storage\raw\open_meteo_forecast\20260818T112053Z.json,57:temperature_2m,OPEN_METEO_120.249_31.107,,2026-08-20T00:00:00+00:00,120.249405,31.107204,air_temperature,temperature_2m,27.9,27.9,degC,degC,forecast_proxy,Open-Meteo hourly unit °C,False,,,"[""Q08"", ""Q99""]",True
open_meteo_forecast,storage\raw\open_meteo_forecast\20260818T112053Z.json,57:wind_speed_10m,OPEN_METEO_120.249_31.107,,2026-08-20T00:00:00+00:00,120.249405,31.107204,wind_speed,wind_speed_10m,5.8,5.8,m/s,m/s,forecast_proxy,Open-Meteo hourly unit m/s,False,,,"[""Q08"", ""Q99""]",True
open_meteo_forecast,storage\raw\open_meteo_forecast\20260818T112053Z.json,57:wind_direction_10m,OPEN_METEO_120.249_31.107,,2026-08-20T00:00:00+00:00,120.249405,31.107204,wind_direction,wind_direction_10m,92,92.0,degree,degree,forecast_proxy,Open-Meteo hourly unit °,False,,,"[""Q08"", ""Q99""]",True
open_meteo_forecast,storage\raw\open_meteo_forecast\20260818T112053Z.json,57:precipitation,OPEN_METEO_120.249_31.107,,2026-08-20T00:00:00+00:00,120.249405,31.107204,precipitation,precipitation,2.0,2.0,mm,mm,forecast_proxy,Open-Meteo hourly unit mm,False,,,"[""Q08"", ""Q99""]",True
open_meteo_forecast,storage\raw\open_meteo_forecast\20260818T112053Z.json,57:shortwave_radiation,OPEN_METEO_120.249_31.107,,2026-08-20T00:00:00+00:00,120.249405,31.107204,shortwave_radiation,shortwave_radiation,326.0,326.0,W/m2,W/m2,forecast_proxy,Open-Meteo hourly unit W/m²,False,,,"[""Q08"", ""Q99""]",True
open_meteo_forecast,storage\raw\open_meteo_forecast\20260818T112053Z.json,58:temperature_2m,OPEN_METEO_120.249_31.107,,2026-08-20T01:00:00+00:00,120.249405,31.107204,air_temperature,temperature_2m,27.6,27.6,degC,degC,forecast_proxy,Open-Meteo hourly unit °C,False,,,"[""Q08"", ""Q99""]",True
open_meteo_forecast,storage\raw\open_meteo_forecast\20260818T112053Z.json,58:wind_speed_10m,OPEN_METEO_120.249_31.107,,2026-08-20T01:00:00+00:00,120.249405,31.107204,wind_speed,wind_speed_10m,6.62,6.62,m/s,m/s,forecast_proxy,Open-Meteo hourly unit m/s,False,,,"[""Q08"", ""Q99""]",True
open_meteo_forecast,storage\raw\open_meteo_forecast\20260818T112053Z.json,58:wind_direction_10m,OPEN_METEO_120.249_31.107,,2026-08-20T01:00:00+00:00,120.249405,31.107204,wind_direction,wind_direction_10m,82,82.0,degree,degree,forecast_proxy,Open-Meteo hourly unit °,False,,,"[""Q08"", ""Q99""]",True
open_meteo_forecast,storage\raw\open_meteo_forecast\20260818T112053Z.json,58:precipitation,OPEN_METEO_120.249_31.107,,2026-08-20T01:00:00+00:00,120.249405,31.107204,precipitation,precipitation,0.6,0.6,mm,mm,forecast_proxy,Open-Meteo hourly unit mm,False,,,"[""Q08"", ""Q99""]",True
open_meteo_forecast,storage\raw\open_meteo_forecast\20260818T112053Z.json,58:shortwave_radiation,OPEN_METEO_120.249_31.107,,2026-08-20T01:00:00+00:00,120.249405,31.107204,shortwave_radiation,shortwave_radiation,189.0,189.0,W/m2,W/m2,forecast_proxy,Open-Meteo hourly unit W/m²,False,,,"[""Q08"", ""Q99""]",True
open_meteo_forecast,storage\raw\open_meteo_forecast\20260818T112053Z.json,59:temperature_2m,OPEN_METEO_120.249_31.107,,2026-08-20T02:00:00+00:00,120.249405,31.107204,air_temperature,temperature_2m,27.7,27.7,degC,degC,forecast_proxy,Open-Meteo hourly unit °C,False,,,"[""Q08"", ""Q99""]",True
open_meteo_forecast,storage\raw\open_meteo_forecast\20260818T112053Z.json,59:wind_speed_10m,OPEN_METEO_120.249_31.107,,2026-08-20T02:00:00+00:00,120.249405,31.107204,wind_speed,wind_speed_10m,5.75,5.75,m/s,m/s,forecast_proxy,Open-Meteo hourly unit m/s,False,,,"[""Q08"", ""Q99""]",True
open_meteo_forecast,storage\raw\open_meteo_forecast\20260818T112053Z.json,59:wind_direction_10m,OPEN_METEO_120.249_31.107,,2026-08-20T02:00:00+00:00,120.249405,31.107204,wind_direction,wind_direction_10m,89,89.0,degree,degree,forecast_proxy,Open-Meteo hourly unit °,False,,,"[""Q08"", ""Q99""]",True
open_meteo_forecast,storage\raw\open_meteo_forecast\20260818T112053Z.json,59:precipitation,OPEN_METEO_120.249_31.107,,2026-08-20T02:00:00+00:00,120.249405,31.107204,precipitation,precipitation,0.3,0.3,mm,mm,forecast_proxy,Open-Meteo hourly unit mm,False,,,"[""Q08"", ""Q99""]",True
open_meteo_forecast,storage\raw\open_meteo_forecast\20260818T112053Z.json,59:shortwave_radiation,OPEN_METEO_120.249_31.107,,2026-08-20T02:00:00+00:00,120.249405,31.107204,shortwave_radiation,shortwave_radiation,98.0,98.0,W/m2,W/m2,forecast_proxy,Open-Meteo hourly unit W/m²,False,,,"[""Q08"", ""Q99""]",True
open_meteo_forecast,storage\raw\open_meteo_forecast\20260818T112053Z.json,60:temperature_2m,OPEN_METEO_120.249_31.107,,2026-08-20T03:00:00+00:00,120.249405,31.107204,air_temperature,temperature_2m,27.8,27.8,degC,degC,forecast_proxy,Open-Meteo hourly unit °C,False,,,"[""Q08"", ""Q99""]",True
open_meteo_forecast,storage\raw\open_meteo_forecast\20260818T112053Z.json,60:wind_speed_10m,OPEN_METEO_120.249_31.107,,2026-08-20T03:00:00+00:00,120.249405,31.107204,wind_speed,wind_speed_10m,6.05,6.05,m/s,m/s,forecast_proxy,Open-Meteo hourly unit m/s,False,,,"[""Q08"", ""Q99""]",True
open_meteo_forecast,storage\raw\open_meteo_forecast\20260818T112053Z.json,60:wind_direction_10m,OPEN_METEO_120.249_31.107,,2026-08-20T03:00:00+00:00,120.249405,31.107204,wind_direction,wind_direction_10m,90,90.0,degree,degree,forecast_proxy,Open-Meteo hourly unit °,False,,,"[""Q08"", ""Q99""]",True
open_meteo_forecast,storage\raw\open_meteo_forecast\20260818T112053Z.json,60:precipitation,OPEN_METEO_120.249_31.107,,2026-08-20T03:00:00+00:00,120.249405,31.107204,precipitation,precipitation,0.2,0.2,mm,mm,forecast_proxy,Open-Meteo hourly unit mm,False,,,"[""Q08"", ""Q99""]",True
open_meteo_forecast,storage\raw\open_meteo_forecast\20260818T112053Z.json,60:shortwave_radiation,OPEN_METEO_120.249_31.107,,2026-08-20T03:00:00+00:00,120.249405,31.107204,shortwave_radiation,shortwave_radiation,11.0,11.0,W/m2,W/m2,forecast_proxy,Open-Meteo hourly unit W/m²,False,,,"[""Q08"", ""Q99""]",True
open_meteo_forecast,storage\raw\open_meteo_forecast\20260818T112053Z.json,61:temperature_2m,OPEN_METEO_120.249_31.107,,2026-08-20T04:00:00+00:00,120.249405,31.107204,air_temperature,temperature_2m,27.8,27.8,degC,degC,forecast_proxy,Open-Meteo hourly unit °C,False,,,"[""Q08"", ""Q99""]",True
open_meteo_forecast,storage\raw\open_meteo_forecast\20260818T112053Z.json,61:wind_speed_10m,OPEN_METEO_120.249_31.107,,2026-08-20T04:00:00+00:00,120.249405,31.107204,wind_speed,wind_speed_10m,6.1,6.1,m/s,m/s,forecast_proxy,Open-Meteo hourly unit m/s,False,,,"[""Q08"", ""Q99""]",True
open_meteo_forecast,storage\raw\open_meteo_forecast\20260818T112053Z.json,61:wind_direction_10m,OPEN_METEO_120.249_31.107,,2026-08-20T04:00:00+00:00,120.249405,31.107204,wind_direction,wind_direction_10m,91,91.0,degree,degree,forecast_proxy,Open-Meteo hourly unit °,False,,,"[""Q08"", ""Q99""]",True
open_meteo_forecast,storage\raw\open_meteo_forecast\20260818T112053Z.json,61:precipitation,OPEN_METEO_120.249_31.107,,2026-08-20T04:00:00+00:00,120.249405,31.107204,precipitation,precipitation,0.2,0.2,mm,mm,forecast_proxy,Open-Meteo hourly unit mm,False,,,"[""Q08"", ""Q99""]",True
open_meteo_forecast,storage\raw\open_meteo_forecast\20260818T112053Z.json,61:shortwave_radiation,OPEN_METEO_120.249_31.107,,2026-08-20T04:00:00+00:00,120.249405,31.107204,shortwave_radiation,shortwave_radiation,0.0,0.0,W/m2,W/m2,forecast_proxy,Open-Meteo hourly unit W/m²,False,,,"[""Q08"", ""Q99""]",True
open_meteo_forecast,storage\raw\open_meteo_forecast\20260818T112053Z.json,62:temperature_2m,OPEN_METEO_120.249_31.107,,2026-08-20T05:00:00+00:00,120.249405,31.107204,air_temperature,temperature_2m,27.7,27.7,degC,degC,forecast_proxy,Open-Meteo hourly unit °C,False,,,"[""Q08"", ""Q99""]",True
open_meteo_forecast,storage\raw\open_meteo_forecast\20260818T112053Z.json,62:wind_speed_10m,OPEN_METEO_120.249_31.107,,2026-08-20T05:00:00+00:00,120.249405,31.107204,wind_speed,wind_speed_10m,5.8,5.8,m/s,m/s,forecast_proxy,Open-Meteo hourly unit m/s,False,,,"[""Q08"", ""Q99""]",True
open_meteo_forecast,storage\raw\open_meteo_forecast\20260818T112053Z.json,62:wind_direction_10m,OPEN_METEO_120.249_31.107,,2026-08-20T05:00:00+00:00,120.249405,31.107204,wind_direction,wind_direction_10m,91,91.0,degree,degree,forecast_proxy,Open-Meteo hourly unit °,False,,,"[""Q08"", ""Q99""]",True
open_meteo_forecast,storage\raw\open_meteo_forecast\20260818T112053Z.json,62:precipitation,OPEN_METEO_120.249_31.107,,2026-08-20T05:00:00+00:00,120.249405,31.107204,precipitation,precipitation,0.2,0.2,mm,mm,forecast_proxy,Open-Meteo hourly unit mm,False,,,"[""Q08"", ""Q99""]",True
open_meteo_forecast,storage\raw\open_meteo_forecast\20260818T112053Z.json,62:shortwave_radiation,OPEN_METEO_120.249_31.107,,2026-08-20T05:00:00+00:00,120.249405,31.107204,shortwave_radiation,shortwave_radiation,0.0,0.0,W/m2,W/m2,forecast_proxy,Open-Meteo hourly unit W/m²,False,,,"[""Q08"", ""Q99""]",True
open_meteo_forecast,storage\raw\open_meteo_forecast\20260818T112053Z.json,63:temperature_2m,OPEN_METEO_120.249_31.107,,2026-08-20T06:00:00+00:00,120.249405,31.107204,air_temperature,temperature_2m,27.5,27.5,degC,degC,forecast_proxy,Open-Meteo hourly unit °C,False,,,"[""Q08"", ""Q99""]",True
open_meteo_forecast,storage\raw\open_meteo_forecast\20260818T112053Z.json,63:wind_speed_10m,OPEN_METEO_120.249_31.107,,2026-08-20T06:00:00+00:00,120.249405,31.107204,wind_speed,wind_speed_10m,5.75,5.75,m/s,m/s,forecast_proxy,Open-Meteo hourly unit m/s,False,,,"[""Q08"", ""Q99""]",True
open_meteo_forecast,storage\raw\open_meteo_forecast\20260818T112053Z.json,63:wind_direction_10m,OPEN_METEO_120.249_31.107,,2026-08-20T06:00:00+00:00,120.249405,31.107204,wind_direction,wind_direction_10m,92,92.0,degree,degree,forecast_proxy,Open-Meteo hourly unit °,False,,,"[""Q08"", ""Q99""]",True
open_meteo_forecast,storage\raw\open_meteo_forecast\20260818T112053Z.json,63:precipitation,OPEN_METEO_120.249_31.107,,2026-08-20T06:00:00+00:00,120.249405,31.107204,precipitation,precipitation,0.3,0.3,mm,mm,forecast_proxy,Open-Meteo hourly unit mm,False,,,"[""Q08"", ""Q99""]",True
open_meteo_forecast,storage\raw\open_meteo_forecast\20260818T112053Z.json,63:shortwave_radiation,OPEN_METEO_120.249_31.107,,2026-08-20T06:00:00+00:00,120.249405,31.107204,shortwave_radiation,shortwave_radiation,0.0,0.0,W/m2,W/m2,forecast_proxy,Open-Meteo hourly unit W/m²,False,,,"[""Q08"", ""Q99""]",True
open_meteo_forecast,storage\raw\open_meteo_forecast\20260818T112053Z.json,64:temperature_2m,OPEN_METEO_120.249_31.107,,2026-08-20T07:00:00+00:00,120.249405,31.107204,air_temperature,temperature_2m,27.5,27.5,degC,degC,forecast_proxy,Open-Meteo hourly unit °C,False,,,"[""Q08"", ""Q99""]",True
open_meteo_forecast,storage\raw\open_meteo_forecast\20260818T112053Z.json,64:wind_speed_10m,OPEN_METEO_120.249_31.107,,2026-08-20T07:00:00+00:00,120.249405,31.107204,wind_speed,wind_speed_10m,5.55,5.55,m/s,m/s,forecast_proxy,Open-Meteo hourly unit m/s,False,,,"[""Q08"", ""Q99""]",True
open_meteo_forecast,storage\raw\open_meteo_forecast\20260818T112053Z.json,64:wind_direction_10m,OPEN_METEO_120.249_31.107,,2026-08-20T07:00:00+00:00,120.249405,31.107204,wind_direction,wind_direction_10m,92,92.0,degree,degree,forecast_proxy,Open-Meteo hourly unit °,False,,,"[""Q08"", ""Q99""]",True
open_meteo_forecast,storage\raw\open_meteo_forecast\20260818T112053Z.json,64:precipitation,OPEN_METEO_120.249_31.107,,2026-08-20T07:00:00+00:00,120.249405,31.107204,precipitation,precipitation,0.2,0.2,mm,mm,forecast_proxy,Open-Meteo hourly unit mm,False,,,"[""Q08"", ""Q99""]",True
open_meteo_forecast,storage\raw\open_meteo_forecast\20260818T112053Z.json,64:shortwave_radiation,OPEN_METEO_120.249_31.107,,2026-08-20T07:00:00+00:00,120.249405,31.107204,shortwave_radiation,shortwave_radiation,0.0,0.0,W/m2,W/m2,forecast_proxy,Open-Meteo hourly unit W/m²,False,,,"[""Q08"", ""Q99""]",True
open_meteo_forecast,storage\raw\open_meteo_forecast\20260818T112053Z.json,65:temperature_2m,OPEN_METEO_120.249_31.107,,2026-08-20T08:00:00+00:00,120.249405,31.107204,air_temperature,temperature_2m,27.4,27.4,degC,degC,forecast_proxy,Open-Meteo hourly unit °C,False,,,"[""Q08"", ""Q99""]",True
open_meteo_forecast,storage\raw\open_meteo_forecast\20260818T112053Z.json,65:wind_speed_10m,OPEN_METEO_120.249_31.107,,2026-08-20T08:00:00+00:00,120.249405,31.107204,wind_speed,wind_speed_10m,5.01,5.01,m/s,m/s,forecast_proxy,Open-Meteo hourly unit m/s,False,,,"[""Q08"", ""Q99""]",True
open_meteo_forecast,storage\raw\open_meteo_forecast\20260818T112053Z.json,65:wind_direction_10m,OPEN_METEO_120.249_31.107,,2026-08-20T08:00:00+00:00,120.249405,31.107204,wind_direction,wind_direction_10m,87,87.0,degree,degree,forecast_proxy,Open-Meteo hourly unit °,False,,,"[""Q08"", ""Q99""]",True
open_meteo_forecast,storage\raw\open_meteo_forecast\20260818T112053Z.json,65:precipitation,OPEN_METEO_120.249_31.107,,2026-08-20T08:00:00+00:00,120.249405,31.107204,precipitation,precipitation,0.0,0.0,mm,mm,forecast_proxy,Open-Meteo hourly unit mm,False,,,"[""Q08"", ""Q99""]",True
open_meteo_forecast,storage\raw\open_meteo_forecast\20260818T112053Z.json,65:shortwave_radiation,OPEN_METEO_120.249_31.107,,2026-08-20T08:00:00+00:00,120.249405,31.107204,shortwave_radiation,shortwave_radiation,0.0,0.0,W/m2,W/m2,forecast_proxy,Open-Meteo hourly unit W/m²,False,,,"[""Q08"", ""Q99""]",True
open_meteo_forecast,storage\raw\open_meteo_forecast\20260818T112053Z.json,66:temperature_2m,OPEN_METEO_120.249_31.107,,2026-08-20T09:00:00+00:00,120.249405,31.107204,air_temperature,temperature_2m,27.1,27.1,degC,degC,forecast_proxy,Open-Meteo hourly unit °C,False,,,"[""Q08"", ""Q99""]",True
open_meteo_forecast,storage\raw\open_meteo_forecast\20260818T112053Z.json,66:wind_speed_10m,OPEN_METEO_120.249_31.107,,2026-08-20T09:00:00+00:00,120.249405,31.107204,wind_speed,wind_speed_10m,4.75,4.75,m/s,m/s,forecast_proxy,Open-Meteo hourly unit m/s,False,,,"[""Q08"", ""Q99""]",True
open_meteo_forecast,storage\raw\open_meteo_forecast\20260818T112053Z.json,66:wind_direction_10m,OPEN_METEO_120.249_31.107,,2026-08-20T09:00:00+00:00,120.249405,31.107204,wind_direction,wind_direction_10m,88,88.0,degree,degree,forecast_proxy,Open-Meteo hourly unit °,False,,,"[""Q08"", ""Q99""]",True
open_meteo_forecast,storage\raw\open_meteo_forecast\20260818T112053Z.json,66:precipitation,OPEN_METEO_120.249_31.107,,2026-08-20T09:00:00+00:00,120.249405,31.107204,precipitation,precipitation,0.0,0.0,mm,mm,forecast_proxy,Open-Meteo hourly unit mm,False,,,"[""Q08"", ""Q99""]",True
open_meteo_forecast,storage\raw\open_meteo_forecast\20260818T112053Z.json,66:shortwave_radiation,OPEN_METEO_120.249_31.107,,2026-08-20T09:00:00+00:00,120.249405,31.107204,shortwave_radiation,shortwave_radiation,0.0,0.0,W/m2,W/m2,forecast_proxy,Open-Meteo hourly unit W/m²,False,,,"[""Q08"", ""Q99""]",True
open_meteo_forecast,storage\raw\open_meteo_forecast\20260818T112053Z.json,67:temperature_2m,OPEN_METEO_120.249_31.107,,2026-08-20T10:00:00+00:00,120.249405,31.107204,air_temperature,temperature_2m,27.0,27.0,degC,degC,forecast_proxy,Open-Meteo hourly unit °C,False,,,"[""Q08"", ""Q99""]",True
open_meteo_forecast,storage\raw\open_meteo_forecast\20260818T112053Z.json,67:wind_speed_10m,OPEN_METEO_120.249_31.107,,2026-08-20T10:00:00+00:00,120.249405,31.107204,wind_speed,wind_speed_10m,4.61,4.61,m/s,m/s,forecast_proxy,Open-Meteo hourly unit m/s,False,,,"[""Q08"", ""Q99""]",True
open_meteo_forecast,storage\raw\open_meteo_forecast\20260818T112053Z.json,67:wind_direction_10m,OPEN_METEO_120.249_31.107,,2026-08-20T10:00:00+00:00,120.249405,31.107204,wind_direction,wind_direction_10m,94,94.0,degree,degree,forecast_proxy,Open-Meteo hourly unit °,False,,,"[""Q08"", ""Q99""]",True
open_meteo_forecast,storage\raw\open_meteo_forecast\20260818T112053Z.json,67:precipitation,OPEN_METEO_120.249_31.107,,2026-08-20T10:00:00+00:00,120.249405,31.107204,precipitation,precipitation,0.0,0.0,mm,mm,forecast_proxy,Open-Meteo hourly unit mm,False,,,"[""Q08"", ""Q99""]",True
open_meteo_forecast,storage\raw\open_meteo_forecast\20260818T112053Z.json,67:shortwave_radiation,OPEN_METEO_120.249_31.107,,2026-08-20T10:00:00+00:00,120.249405,31.107204,shortwave_radiation,shortwave_radiation,0.0,0.0,W/m2,W/m2,forecast_proxy,Open-Meteo hourly unit W/m²,False,,,"[""Q08"", ""Q99""]",True
open_meteo_forecast,storage\raw\open_meteo_forecast\20260818T112053Z.json,68:temperature_2m,OPEN_METEO_120.249_31.107,,2026-08-20T11:00:00+00:00,120.249405,31.107204,air_temperature,temperature_2m,27.0,27.0,degC,degC,forecast_proxy,Open-Meteo hourly unit °C,False,,,"[""Q08"", ""Q99""]",True
open_meteo_forecast,storage\raw\open_meteo_forecast\20260818T112053Z.json,68:wind_speed_10m,OPEN_METEO_120.249_31.107,,2026-08-20T11:00:00+00:00,120.249405,31.107204,wind_speed,wind_speed_10m,4.65,4.65,m/s,m/s,forecast_proxy,Open-Meteo hourly unit m/s,False,,,"[""Q08"", ""Q99""]",True
open_meteo_forecast,storage\raw\open_meteo_forecast\20260818T112053Z.json,68:wind_direction_10m,OPEN_METEO_120.249_31.107,,2026-08-20T11:00:00+00:00,120.249405,31.107204,wind_direction,wind_direction_10m,90,90.0,degree,degree,forecast_proxy,Open-Meteo hourly unit °,False,,,"[""Q08"", ""Q99""]",True
open_meteo_forecast,storage\raw\open_meteo_forecast\20260818T112053Z.json,68:precipitation,OPEN_METEO_120.249_31.107,,2026-08-20T11:00:00+00:00,120.249405,31.107204,precipitation,precipitation,0.0,0.0,mm,mm,forecast_proxy,Open-Meteo hourly unit mm,False,,,"[""Q08"", ""Q99""]",True
open_meteo_forecast,storage\raw\open_meteo_forecast\20260818T112053Z.json,68:shortwave_radiation,OPEN_METEO_120.249_31.107,,2026-08-20T11:00:00+00:00,120.249405,31.107204,shortwave_radiation,shortwave_radiation,0.0,0.0,W/m2,W/m2,forecast_proxy,Open-Meteo hourly unit W/m²,False,,,"[""Q08"", ""Q99""]",True
open_meteo_forecast,storage\raw\open_meteo_forecast\20260818T112053Z.json,69:temperature_2m,OPEN_METEO_120.249_31.107,,2026-08-20T12:00:00+00:00,120.249405,31.107204,air_temperature,temperature_2m,26.7,26.7,degC,degC,forecast_proxy,Open-Meteo hourly unit °C,False,,,"[""Q08"", ""Q99""]",True
open_meteo_forecast,storage\raw\open_meteo_forecast\20260818T112053Z.json,69:wind_speed_10m,OPEN_METEO_120.249_31.107,,2026-08-20T12:00:00+00:00,120.249405,31.107204,wind_speed,wind_speed_10m,4.8,4.8,m/s,m/s,forecast_proxy,Open-Meteo hourly unit m/s,False,,,"[""Q08"", ""Q99""]",True
open_meteo_forecast,storage\raw\open_meteo_forecast\20260818T112053Z.json,69:wind_direction_10m,OPEN_METEO_120.249_31.107,,2026-08-20T12:00:00+00:00,120.249405,31.107204,wind_direction,wind_direction_10m,88,88.0,degree,degree,forecast_proxy,Open-Meteo hourly unit °,False,,,"[""Q08"", ""Q99""]",True
open_meteo_forecast,storage\raw\open_meteo_forecast\20260818T112053Z.json,69:precipitation,OPEN_METEO_120.249_31.107,,2026-08-20T12:00:00+00:00,120.249405,31.107204,precipitation,precipitation,0.0,0.0,mm,mm,forecast_proxy,Open-Meteo hourly unit mm,False,,,"[""Q08"", ""Q99""]",True
open_meteo_forecast,storage\raw\open_meteo_forecast\20260818T112053Z.json,69:shortwave_radiation,OPEN_METEO_120.249_31.107,,2026-08-20T12:00:00+00:00,120.249405,31.107204,shortwave_radiation,shortwave_radiation,0.0,0.0,W/m2,W/m2,forecast_proxy,Open-Meteo hourly unit W/m²,False,,,"[""Q08"", ""Q99""]",True
open_meteo_forecast,storage\raw\open_meteo_forecast\20260818T112053Z.json,70:temperature_2m,OPEN_METEO_120.249_31.107,,2026-08-20T13:00:00+00:00,120.249405,31.107204,air_temperature,temperature_2m,26.8,26.8,degC,degC,forecast_proxy,Open-Meteo hourly unit °C,False,,,"[""Q08"", ""Q99""]",True
open_meteo_forecast,storage\raw\open_meteo_forecast\20260818T112053Z.json,70:wind_speed_10m,OPEN_METEO_120.249_31.107,,2026-08-20T13:00:00+00:00,120.249405,31.107204,wind_speed,wind_speed_10m,4.81,4.81,m/s,m/s,forecast_proxy,Open-Meteo hourly unit m/s,False,,,"[""Q08"", ""Q99""]",True
open_meteo_forecast,storage\raw\open_meteo_forecast\20260818T112053Z.json,70:wind_direction_10m,OPEN_METEO_120.249_31.107,,2026-08-20T13:00:00+00:00,120.249405,31.107204,wind_direction,wind_direction_10m,94,94.0,degree,degree,forecast_proxy,Open-Meteo hourly unit °,False,,,"[""Q08"", ""Q99""]",True
open_meteo_forecast,storage\raw\open_meteo_forecast\20260818T112053Z.json,70:precipitation,OPEN_METEO_120.249_31.107,,2026-08-20T13:00:00+00:00,120.249405,31.107204,precipitation,precipitation,0.0,0.0,mm,mm,forecast_proxy,Open-Meteo hourly unit mm,False,,,"[""Q08"", ""Q99""]",True
open_meteo_forecast,storage\raw\open_meteo_forecast\20260818T112053Z.json,70:shortwave_radiation,OPEN_METEO_120.249_31.107,,2026-08-20T13:00:00+00:00,120.249405,31.107204,shortwave_radiation,shortwave_radiation,0.0,0.0,W/m2,W/m2,forecast_proxy,Open-Meteo hourly unit W/m²,False,,,"[""Q08"", ""Q99""]",True
open_meteo_forecast,storage\raw\open_meteo_forecast\20260818T112053Z.json,71:temperature_2m,OPEN_METEO_120.249_31.107,,2026-08-20T14:00:00+00:00,120.249405,31.107204,air_temperature,temperature_2m,26.8,26.8,degC,degC,forecast_proxy,Open-Meteo hourly unit °C,False,,,"[""Q08"", ""Q99""]",True
open_meteo_forecast,storage\raw\open_meteo_forecast\20260818T112053Z.json,71:wind_speed_10m,OPEN_METEO_120.249_31.107,,2026-08-20T14:00:00+00:00,120.249405,31.107204,wind_speed,wind_speed_10m,4.46,4.46,m/s,m/s,forecast_proxy,Open-Meteo hourly unit m/s,False,,,"[""Q08"", ""Q99""]",True
open_meteo_forecast,storage\raw\open_meteo_forecast\20260818T112053Z.json,71:wind_direction_10m,OPEN_METEO_120.249_31.107,,2026-08-20T14:00:00+00:00,120.249405,31.107204,wind_direction,wind_direction_10m,99,99.0,degree,degree,forecast_proxy,Open-Meteo hourly unit °,False,,,"[""Q08"", ""Q99""]",True
open_meteo_forecast,storage\raw\open_meteo_forecast\20260818T112053Z.json,71:precipitation,OPEN_METEO_120.249_31.107,,2026-08-20T14:00:00+00:00,120.249405,31.107204,precipitation,precipitation,0.0,0.0,mm,mm,forecast_proxy,Open-Meteo hourly unit mm,False,,,"[""Q08"", ""Q99""]",True
open_meteo_forecast,storage\raw\open_meteo_forecast\20260818T112053Z.json,71:shortwave_radiation,OPEN_METEO_120.249_31.107,,2026-08-20T14:00:00+00:00,120.249405,31.107204,shortwave_radiation,shortwave_radiation,7.0,7.0,W/m2,W/m2,forecast_proxy,Open-Meteo hourly unit W/m²,False,,,"[""Q08"", ""Q99""]",True
open_meteo_forecast,storage\raw\open_meteo_forecast\20260818T112053Z.json,72:temperature_2m,OPEN_METEO_120.249_31.107,,2026-08-20T15:00:00+00:00,120.249405,31.107204,air_temperature,temperature_2m,26.8,26.8,degC,degC,forecast_proxy,Open-Meteo hourly unit °C,False,,,"[""Q08"", ""Q99""]",True
open_meteo_forecast,storage\raw\open_meteo_forecast\20260818T112053Z.json,72:wind_speed_10m,OPEN_METEO_120.249_31.107,,2026-08-20T15:00:00+00:00,120.249405,31.107204,wind_speed,wind_speed_10m,3.83,3.83,m/s,m/s,forecast_proxy,Open-Meteo hourly unit m/s,False,,,"[""Q08"", ""Q99""]",True
open_meteo_forecast,storage\raw\open_meteo_forecast\20260818T112053Z.json,72:wind_direction_10m,OPEN_METEO_120.249_31.107,,2026-08-20T15:00:00+00:00,120.249405,31.107204,wind_direction,wind_direction_10m,97,97.0,degree,degree,forecast_proxy,Open-Meteo hourly unit °,False,,,"[""Q08"", ""Q99""]",True
open_meteo_forecast,storage\raw\open_meteo_forecast\20260818T112053Z.json,72:precipitation,OPEN_METEO_120.249_31.107,,2026-08-20T15:00:00+00:00,120.249405,31.107204,precipitation,precipitation,0.0,0.0,mm,mm,forecast_proxy,Open-Meteo hourly unit mm,False,,,"[""Q08"", ""Q99""]",True
open_meteo_forecast,storage\raw\open_meteo_forecast\20260818T112053Z.json,72:shortwave_radiation,OPEN_METEO_120.249_31.107,,2026-08-20T15:00:00+00:00,120.249405,31.107204,shortwave_radiation,shortwave_radiation,105.0,105.0,W/m2,W/m2,forecast_proxy,Open-Meteo hourly unit W/m²,False,,,"[""Q08"", ""Q99""]",True
open_meteo_forecast,storage\raw\open_meteo_forecast\20260818T112114Z.json,1:temperature_2m,OPEN_METEO_120.249_31.107,,2026-08-17T16:00:00+00:00,120.249405,31.107204,air_temperature,temperature_2m,27.3,27.3,degC,degC,forecast_proxy,Open-Meteo hourly unit °C,False,,,"[""Q08"", ""Q99""]",True
open_meteo_forecast,storage\raw\open_meteo_forecast\20260818T112114Z.json,1:wind_speed_10m,OPEN_METEO_120.249_31.107,,2026-08-17T16:00:00+00:00,120.249405,31.107204,wind_speed,wind_speed_10m,3.75,3.75,m/s,m/s,forecast_proxy,Open-Meteo hourly unit m/s,False,,,"[""Q08"", ""Q99""]",True
open_meteo_forecast,storage\raw\open_meteo_forecast\20260818T112114Z.json,1:wind_direction_10m,OPEN_METEO_120.249_31.107,,2026-08-17T16:00:00+00:00,120.249405,31.107204,wind_direction,wind_direction_10m,89,89.0,degree,degree,forecast_proxy,Open-Meteo hourly unit °,False,,,"[""Q08"", ""Q99""]",True
open_meteo_forecast,storage\raw\open_meteo_forecast\20260818T112114Z.json,1:precipitation,OPEN_METEO_120.249_31.107,,2026-08-17T16:00:00+00:00,120.249405,31.107204,precipitation,precipitation,0.0,0.0,mm,mm,forecast_proxy,Open-Meteo hourly unit mm,False,,,"[""Q08"", ""Q99""]",True
open_meteo_forecast,storage\raw\open_meteo_forecast\20260818T112114Z.json,1:shortwave_radiation,OPEN_METEO_120.249_31.107,,2026-08-17T16:00:00+00:00,120.249405,31.107204,shortwave_radiation,shortwave_radiation,314.0,314.0,W/m2,W/m2,forecast_proxy,Open-Meteo hourly unit W/m²,False,,,"[""Q08"", ""Q99""]",True
open_meteo_forecast,storage\raw\open_meteo_forecast\20260818T112114Z.json,2:temperature_2m,OPEN_METEO_120.249_31.107,,2026-08-17T17:00:00+00:00,120.249405,31.107204,air_temperature,temperature_2m,27.9,27.9,degC,degC,forecast_proxy,Open-Meteo hourly unit °C,False,,,"[""Q08"", ""Q99""]",True
open_meteo_forecast,storage\raw\open_meteo_forecast\20260818T112114Z.json,2:wind_speed_10m,OPEN_METEO_120.249_31.107,,2026-08-17T17:00:00+00:00,120.249405,31.107204,wind_speed,wind_speed_10m,3.91,3.91,m/s,m/s,forecast_proxy,Open-Meteo hourly unit m/s,False,,,"[""Q08"", ""Q99""]",True
open_meteo_forecast,storage\raw\open_meteo_forecast\20260818T112114Z.json,2:wind_direction_10m,OPEN_METEO_120.249_31.107,,2026-08-17T17:00:00+00:00,120.249405,31.107204,wind_direction,wind_direction_10m,94,94.0,degree,degree,forecast_proxy,Open-Meteo hourly unit °,False,,,"[""Q08"", ""Q99""]",True
open_meteo_forecast,storage\raw\open_meteo_forecast\20260818T112114Z.json,2:precipitation,OPEN_METEO_120.249_31.107,,2026-08-17T17:00:00+00:00,120.249405,31.107204,precipitation,precipitation,0.0,0.0,mm,mm,forecast_proxy,Open-Meteo hourly unit mm,False,,,"[""Q08"", ""Q99""]",True
open_meteo_forecast,storage\raw\open_meteo_forecast\20260818T112114Z.json,2:shortwave_radiation,OPEN_METEO_120.249_31.107,,2026-08-17T17:00:00+00:00,120.249405,31.107204,shortwave_radiation,shortwave_radiation,501.0,501.0,W/m2,W/m2,forecast_proxy,Open-Meteo hourly unit W/m²,False,,,"[""Q08"", ""Q99""]",True
open_meteo_forecast,storage\raw\open_meteo_forecast\20260818T112114Z.json,3:temperature_2m,OPEN_METEO_120.249_31.107,,2026-08-17T18:00:00+00:00,120.249405,31.107204,air_temperature,temperature_2m,28.9,28.9,degC,degC,forecast_proxy,Open-Meteo hourly unit °C,False,,,"[""Q08"", ""Q99""]",True
open_meteo_forecast,storage\raw\open_meteo_forecast\20260818T112114Z.json,3:wind_speed_10m,OPEN_METEO_120.249_31.107,,2026-08-17T18:00:00+00:00,120.249405,31.107204,wind_speed,wind_speed_10m,3.62,3.62,m/s,m/s,forecast_proxy,Open-Meteo hourly unit m/s,False,,,"[""Q08"", ""Q99""]",True
open_meteo_forecast,storage\raw\open_meteo_forecast\20260818T112114Z.json,3:wind_direction_10m,OPEN_METEO_120.249_31.107,,2026-08-17T18:00:00+00:00,120.249405,31.107204,wind_direction,wind_direction_10m,96,96.0,degree,degree,forecast_proxy,Open-Meteo hourly unit °,False,,,"[""Q08"", ""Q99""]",True
open_meteo_forecast,storage\raw\open_meteo_forecast\20260818T112114Z.json,3:precipitation,OPEN_METEO_120.249_31.107,,2026-08-17T18:00:00+00:00,120.249405,31.107204,precipitation,precipitation,0.0,0.0,mm,mm,forecast_proxy,Open-Meteo hourly unit mm,False,,,"[""Q08"", ""Q99""]",True
open_meteo_forecast,storage\raw\open_meteo_forecast\20260818T112114Z.json,3:shortwave_radiation,OPEN_METEO_120.249_31.107,,2026-08-17T18:00:00+00:00,120.249405,31.107204,shortwave_radiation,shortwave_radiation,618.0,618.0,W/m2,W/m2,forecast_proxy,Open-Meteo hourly unit W/m²,False,,,"[""Q08"", ""Q99""]",True
open_meteo_forecast,storage\raw\open_meteo_forecast\20260818T112114Z.json,4:temperature_2m,OPEN_METEO_120.249_31.107,,2026-08-17T19:00:00+00:00,120.249405,31.107204,air_temperature,temperature_2m,29.5,29.5,degC,degC,forecast_proxy,Open-Meteo hourly unit °C,False,,,"[""Q08"", ""Q99""]",True
open_meteo_forecast,storage\raw\open_meteo_forecast\20260818T112114Z.json,4:wind_speed_10m,OPEN_METEO_120.249_31.107,,2026-08-17T19:00:00+00:00,120.249405,31.107204,wind_speed,wind_speed_10m,3.11,3.11,m/s,m/s,forecast_proxy,Open-Meteo hourly unit m/s,False,,,"[""Q08"", ""Q99""]",True
open_meteo_forecast,storage\raw\open_meteo_forecast\20260818T112114Z.json,4:wind_direction_10m,OPEN_METEO_120.249_31.107,,2026-08-17T19:00:00+00:00,120.249405,31.107204,wind_direction,wind_direction_10m,85,85.0,degree,degree,forecast_proxy,Open-Meteo hourly unit °,False,,,"[""Q08"", ""Q99""]",True
open_meteo_forecast,storage\raw\open_meteo_forecast\20260818T112114Z.json,4:precipitation,OPEN_METEO_120.249_31.107,,2026-08-17T19:00:00+00:00,120.249405,31.107204,precipitation,precipitation,0.0,0.0,mm,mm,forecast_proxy,Open-Meteo hourly unit mm,False,,,"[""Q08"", ""Q99""]",True
open_meteo_forecast,storage\raw\open_meteo_forecast\20260818T112114Z.json,4:shortwave_radiation,OPEN_METEO_120.249_31.107,,2026-08-17T19:00:00+00:00,120.249405,31.107204,shortwave_radiation,shortwave_radiation,664.0,664.0,W/m2,W/m2,forecast_proxy,Open-Meteo hourly unit W/m²,False,,,"[""Q08"", ""Q99""]",True
open_meteo_forecast,storage\raw\open_meteo_forecast\20260818T112114Z.json,5:temperature_2m,OPEN_METEO_120.249_31.107,,2026-08-17T20:00:00+00:00,120.249405,31.107204,air_temperature,temperature_2m,29.2,29.2,degC,degC,forecast_proxy,Open-Meteo hourly unit °C,False,,,"[""Q08"", ""Q99""]",True
open_meteo_forecast,storage\raw\open_meteo_forecast\20260818T112114Z.json,5:wind_speed_10m,OPEN_METEO_120.249_31.107,,2026-08-17T20:00:00+00:00,120.249405,31.107204,wind_speed,wind_speed_10m,3.51,3.51,m/s,m/s,forecast_proxy,Open-Meteo hourly unit m/s,False,,,"[""Q08"", ""Q99""]",True
open_meteo_forecast,storage\raw\open_meteo_forecast\20260818T112114Z.json,5:wind_direction_10m,OPEN_METEO_120.249_31.107,,2026-08-17T20:00:00+00:00,120.249405,31.107204,wind_direction,wind_direction_10m,93,93.0,degree,degree,forecast_proxy,Open-Meteo hourly unit °,False,,,"[""Q08"", ""Q99""]",True
open_meteo_forecast,storage\raw\open_meteo_forecast\20260818T112114Z.json,5:precipitation,OPEN_METEO_120.249_31.107,,2026-08-17T20:00:00+00:00,120.249405,31.107204,precipitation,precipitation,0.1,0.1,mm,mm,forecast_proxy,Open-Meteo hourly unit mm,False,,,"[""Q08"", ""Q99""]",True
open_meteo_forecast,storage\raw\open_meteo_forecast\20260818T112114Z.json,5:shortwave_radiation,OPEN_METEO_120.249_31.107,,2026-08-17T20:00:00+00:00,120.249405,31.107204,shortwave_radiation,shortwave_radiation,843.0,843.0,W/m2,W/m2,forecast_proxy,Open-Meteo hourly unit W/m²,False,,,"[""Q08"", ""Q99""]",True
open_meteo_forecast,storage\raw\open_meteo_forecast\20260818T112114Z.json,6:temperature_2m,OPEN_METEO_120.249_31.107,,2026-08-17T21:00:00+00:00,120.249405,31.107204,air_temperature,temperature_2m,29.3,29.3,degC,degC,forecast_proxy,Open-Meteo hourly unit °C,False,,,"[""Q08"", ""Q99""]",True
open_meteo_forecast,storage\raw\open_meteo_forecast\20260818T112114Z.json,6:wind_speed_10m,OPEN_METEO_120.249_31.107,,2026-08-17T21:00:00+00:00,120.249405,31.107204,wind_speed,wind_speed_10m,4.13,4.13,m/s,m/s,forecast_proxy,Open-Meteo hourly unit m/s,False,,,"[""Q08"", ""Q99""]",True
open_meteo_forecast,storage\raw\open_meteo_forecast\20260818T112114Z.json,6:wind_direction_10m,OPEN_METEO_120.249_31.107,,2026-08-17T21:00:00+00:00,120.249405,31.107204,wind_direction,wind_direction_10m,97,97.0,degree,degree,forecast_proxy,Open-Meteo hourly unit °,False,,,"[""Q08"", ""Q99""]",True
open_meteo_forecast,storage\raw\open_meteo_forecast\20260818T112114Z.json,6:precipitation,OPEN_METEO_120.249_31.107,,2026-08-17T21:00:00+00:00,120.249405,31.107204,precipitation,precipitation,0.4,0.4,mm,mm,forecast_proxy,Open-Meteo hourly unit mm,False,,,"[""Q08"", ""Q99""]",True
open_meteo_forecast,storage\raw\open_meteo_forecast\20260818T112114Z.json,6:shortwave_radiation,OPEN_METEO_120.249_31.107,,2026-08-17T21:00:00+00:00,120.249405,31.107204,shortwave_radiation,shortwave_radiation,797.0,797.0,W/m2,W/m2,forecast_proxy,Open-Meteo hourly unit W/m²,False,,,"[""Q08"", ""Q99""]",True
open_meteo_forecast,storage\raw\open_meteo_forecast\20260818T112114Z.json,7:temperature_2m,OPEN_METEO_120.249_31.107,,2026-08-17T22:00:00+00:00,120.249405,31.107204,air_temperature,temperature_2m,29.4,29.4,degC,degC,forecast_proxy,Open-Meteo hourly unit °C,False,,,"[""Q08"", ""Q99""]",True
open_meteo_forecast,storage\raw\open_meteo_forecast\20260818T112114Z.json,7:wind_speed_10m,OPEN_METEO_120.249_31.107,,2026-08-17T22:00:00+00:00,120.249405,31.107204,wind_speed,wind_speed_10m,3.36,3.36,m/s,m/s,forecast_proxy,Open-Meteo hourly unit m/s,False,,,"[""Q08"", ""Q99""]",True
open_meteo_forecast,storage\raw\open_meteo_forecast\20260818T112114Z.json,7:wind_direction_10m,OPEN_METEO_120.249_31.107,,2026-08-17T22:00:00+00:00,120.249405,31.107204,wind_direction,wind_direction_10m,105,105.0,degree,degree,forecast_proxy,Open-Meteo hourly unit °,False,,,"[""Q08"", ""Q99""]",True
open_meteo_forecast,storage\raw\open_meteo_forecast\20260818T112114Z.json,7:precipitation,OPEN_METEO_120.249_31.107,,2026-08-17T22:00:00+00:00,120.249405,31.107204,precipitation,precipitation,0.7,0.7,mm,mm,forecast_proxy,Open-Meteo hourly unit mm,False,,,"[""Q08"", ""Q99""]",True
open_meteo_forecast,storage\raw\open_meteo_forecast\20260818T112114Z.json,7:shortwave_radiation,OPEN_METEO_120.249_31.107,,2026-08-17T22:00:00+00:00,120.249405,31.107204,shortwave_radiation,shortwave_radiation,728.0,728.0,W/m2,W/m2,forecast_proxy,Open-Meteo hourly unit W/m²,False,,,"[""Q08"", ""Q99""]",True
open_meteo_forecast,storage\raw\open_meteo_forecast\20260818T112114Z.json,8:temperature_2m,OPEN_METEO_120.249_31.107,,2026-08-17T23:00:00+00:00,120.249405,31.107204,air_temperature,temperature_2m,29.4,29.4,degC,degC,forecast_proxy,Open-Meteo hourly unit °C,False,,,"[""Q08"", ""Q99""]",True
open_meteo_forecast,storage\raw\open_meteo_forecast\20260818T112114Z.json,8:wind_speed_10m,OPEN_METEO_120.249_31.107,,2026-08-17T23:00:00+00:00,120.249405,31.107204,wind_speed,wind_speed_10m,4.6,4.6,m/s,m/s,forecast_proxy,Open-Meteo hourly unit m/s,False,,,"[""Q08"", ""Q99""]",True
open_meteo_forecast,storage\raw\open_meteo_forecast\20260818T112114Z.json,8:wind_direction_10m,OPEN_METEO_120.249_31.107,,2026-08-17T23:00:00+00:00,120.249405,31.107204,wind_direction,wind_direction_10m,102,102.0,degree,degree,forecast_proxy,Open-Meteo hourly unit °,False,,,"[""Q08"", ""Q99""]",True
open_meteo_forecast,storage\raw\open_meteo_forecast\20260818T112114Z.json,8:precipitation,OPEN_METEO_120.249_31.107,,2026-08-17T23:00:00+00:00,120.249405,31.107204,precipitation,precipitation,0.6,0.6,mm,mm,forecast_proxy,Open-Meteo hourly unit mm,False,,,"[""Q08"", ""Q99""]",True
open_meteo_forecast,storage\raw\open_meteo_forecast\20260818T112114Z.json,8:shortwave_radiation,OPEN_METEO_120.249_31.107,,2026-08-17T23:00:00+00:00,120.249405,31.107204,shortwave_radiation,shortwave_radiation,587.0,587.0,W/m2,W/m2,forecast_proxy,Open-Meteo hourly unit W/m²,False,,,"[""Q08"", ""Q99""]",True
open_meteo_forecast,storage\raw\open_meteo_forecast\20260818T112114Z.json,9:temperature_2m,OPEN_METEO_120.249_31.107,,2026-08-18T00:00:00+00:00,120.249405,31.107204,air_temperature,temperature_2m,29.1,29.1,degC,degC,forecast_proxy,Open-Meteo hourly unit °C,False,,,"[""Q08"", ""Q99""]",True
open_meteo_forecast,storage\raw\open_meteo_forecast\20260818T112114Z.json,9:wind_speed_10m,OPEN_METEO_120.249_31.107,,2026-08-18T00:00:00+00:00,120.249405,31.107204,wind_speed,wind_speed_10m,5.0,5.0,m/s,m/s,forecast_proxy,Open-Meteo hourly unit m/s,False,,,"[""Q08"", ""Q99""]",True
open_meteo_forecast,storage\raw\open_meteo_forecast\20260818T112114Z.json,9:wind_direction_10m,OPEN_METEO_120.249_31.107,,2026-08-18T00:00:00+00:00,120.249405,31.107204,wind_direction,wind_direction_10m,90,90.0,degree,degree,forecast_proxy,Open-Meteo hourly unit °,False,,,"[""Q08"", ""Q99""]",True
open_meteo_forecast,storage\raw\open_meteo_forecast\20260818T112114Z.json,9:precipitation,OPEN_METEO_120.249_31.107,,2026-08-18T00:00:00+00:00,120.249405,31.107204,precipitation,precipitation,1.6,1.6,mm,mm,forecast_proxy,Open-Meteo hourly unit mm,False,,,"[""Q08"", ""Q99""]",True
open_meteo_forecast,storage\raw\open_meteo_forecast\20260818T112114Z.json,9:shortwave_radiation,OPEN_METEO_120.249_31.107,,2026-08-18T00:00:00+00:00,120.249405,31.107204,shortwave_radiation,shortwave_radiation,460.0,460.0,W/m2,W/m2,forecast_proxy,Open-Meteo hourly unit W/m²,False,,,"[""Q08"", ""Q99""]",True
open_meteo_forecast,storage\raw\open_meteo_forecast\20260818T112114Z.json,10:temperature_2m,OPEN_METEO_120.249_31.107,,2026-08-18T01:00:00+00:00,120.249405,31.107204,air_temperature,temperature_2m,28.6,28.6,degC,degC,forecast_proxy,Open-Meteo hourly unit °C,False,,,"[""Q08"", ""Q99""]",True
open_meteo_forecast,storage\raw\open_meteo_forecast\20260818T112114Z.json,10:wind_speed_10m,OPEN_METEO_120.249_31.107,,2026-08-18T01:00:00+00:00,120.249405,31.107204,wind_speed,wind_speed_10m,5.84,5.84,m/s,m/s,forecast_proxy,Open-Meteo hourly unit m/s,False,,,"[""Q08"", ""Q99""]",True
open_meteo_forecast,storage\raw\open_meteo_forecast\20260818T112114Z.json,10:wind_direction_10m,OPEN_METEO_120.249_31.107,,2026-08-18T01:00:00+00:00,120.249405,31.107204,wind_direction,wind_direction_10m,110,110.0,degree,degree,forecast_proxy,Open-Meteo hourly unit °,False,,,"[""Q08"", ""Q99""]",True
open_meteo_forecast,storage\raw\open_meteo_forecast\20260818T112114Z.json,10:precipitation,OPEN_METEO_120.249_31.107,,2026-08-18T01:00:00+00:00,120.249405,31.107204,precipitation,precipitation,0.3,0.3,mm,mm,forecast_proxy,Open-Meteo hourly unit mm,False,,,"[""Q08"", ""Q99""]",True
open_meteo_forecast,storage\raw\open_meteo_forecast\20260818T112114Z.json,10:shortwave_radiation,OPEN_METEO_120.249_31.107,,2026-08-18T01:00:00+00:00,120.249405,31.107204,shortwave_radiation,shortwave_radiation,305.0,305.0,W/m2,W/m2,forecast_proxy,Open-Meteo hourly unit W/m²,False,,,"[""Q08"", ""Q99""]",True
open_meteo_forecast,storage\raw\open_meteo_forecast\20260818T112114Z.json,11:temperature_2m,OPEN_METEO_120.249_31.107,,2026-08-18T02:00:00+00:00,120.249405,31.107204,air_temperature,temperature_2m,28.8,28.8,degC,degC,forecast_proxy,Open-Meteo hourly unit °C,False,,,"[""Q08"", ""Q99""]",True
open_meteo_forecast,storage\raw\open_meteo_forecast\20260818T112114Z.json,11:wind_speed_10m,OPEN_METEO_120.249_31.107,,2026-08-18T02:00:00+00:00,120.249405,31.107204,wind_speed,wind_speed_10m,4.82,4.82,m/s,m/s,forecast_proxy,Open-Meteo hourly unit m/s,False,,,"[""Q08"", ""Q99""]",True
open_meteo_forecast,storage\raw\open_meteo_forecast\20260818T112114Z.json,11:wind_direction_10m,OPEN_METEO_120.249_31.107,,2026-08-18T02:00:00+00:00,120.249405,31.107204,wind_direction,wind_direction_10m,95,95.0,degree,degree,forecast_proxy,Open-Meteo hourly unit °,False,,,"[""Q08"", ""Q99""]",True
open_meteo_forecast,storage\raw\open_meteo_forecast\20260818T112114Z.json,11:precipitation,OPEN_METEO_120.249_31.107,,2026-08-18T02:00:00+00:00,120.249405,31.107204,precipitation,precipitation,0.0,0.0,mm,mm,forecast_proxy,Open-Meteo hourly unit mm,False,,,"[""Q08"", ""Q99""]",True
open_meteo_forecast,storage\raw\open_meteo_forecast\20260818T112114Z.json,11:shortwave_radiation,OPEN_METEO_120.249_31.107,,2026-08-18T02:00:00+00:00,120.249405,31.107204,shortwave_radiation,shortwave_radiation,137.0,137.0,W/m2,W/m2,forecast_proxy,Open-Meteo hourly unit W/m²,False,,,"[""Q08"", ""Q99""]",True
open_meteo_forecast,storage\raw\open_meteo_forecast\20260818T112114Z.json,12:temperature_2m,OPEN_METEO_120.249_31.107,,2026-08-18T03:00:00+00:00,120.249405,31.107204,air_temperature,temperature_2m,28.9,28.9,degC,degC,forecast_proxy,Open-Meteo hourly unit °C,False,,,"[""Q08"", ""Q99""]",True
open_meteo_forecast,storage\raw\open_meteo_forecast\20260818T112114Z.json,12:wind_speed_10m,OPEN_METEO_120.249_31.107,,2026-08-18T03:00:00+00:00,120.249405,31.107204,wind_speed,wind_speed_10m,5.61,5.61,m/s,m/s,forecast_proxy,Open-Meteo hourly unit m/s,False,,,"[""Q08"", ""Q99""]",True
open_meteo_forecast,storage\raw\open_meteo_forecast\20260818T112114Z.json,12:wind_direction_10m,OPEN_METEO_120.249_31.107,,2026-08-18T03:00:00+00:00,120.249405,31.107204,wind_direction,wind_direction_10m,94,94.0,degree,degree,forecast_proxy,Open-Meteo hourly unit °,False,,,"[""Q08"", ""Q99""]",True
open_meteo_forecast,storage\raw\open_meteo_forecast\20260818T112114Z.json,12:precipitation,OPEN_METEO_120.249_31.107,,2026-08-18T03:00:00+00:00,120.249405,31.107204,precipitation,precipitation,0.0,0.0,mm,mm,forecast_proxy,Open-Meteo hourly unit mm,False,,,"[""Q08"", ""Q99""]",True
open_meteo_forecast,storage\raw\open_meteo_forecast\20260818T112114Z.json,12:shortwave_radiation,OPEN_METEO_120.249_31.107,,2026-08-18T03:00:00+00:00,120.249405,31.107204,shortwave_radiation,shortwave_radiation,14.0,14.0,W/m2,W/m2,forecast_proxy,Open-Meteo hourly unit W/m²,False,,,"[""Q08"", ""Q99""]",True
open_meteo_forecast,storage\raw\open_meteo_forecast\20260818T112114Z.json,13:temperature_2m,OPEN_METEO_120.249_31.107,,2026-08-18T04:00:00+00:00,120.249405,31.107204,air_temperature,temperature_2m,28.9,28.9,degC,degC,forecast_proxy,Open-Meteo hourly unit °C,False,,,"[""Q08"", ""Q99""]",True
open_meteo_forecast,storage\raw\open_meteo_forecast\20260818T112114Z.json,13:wind_speed_10m,OPEN_METEO_120.249_31.107,,2026-08-18T04:00:00+00:00,120.249405,31.107204,wind_speed,wind_speed_10m,6.38,6.38,m/s,m/s,forecast_proxy,Open-Meteo hourly unit m/s,False,,,"[""Q08"", ""Q99""]",True
open_meteo_forecast,storage\raw\open_meteo_forecast\20260818T112114Z.json,13:wind_direction_10m,OPEN_METEO_120.249_31.107,,2026-08-18T04:00:00+00:00,120.249405,31.107204,wind_direction,wind_direction_10m,104,104.0,degree,degree,forecast_proxy,Open-Meteo hourly unit °,False,,,"[""Q08"", ""Q99""]",True
open_meteo_forecast,storage\raw\open_meteo_forecast\20260818T112114Z.json,13:precipitation,OPEN_METEO_120.249_31.107,,2026-08-18T04:00:00+00:00,120.249405,31.107204,precipitation,precipitation,0.0,0.0,mm,mm,forecast_proxy,Open-Meteo hourly unit mm,False,,,"[""Q08"", ""Q99""]",True
open_meteo_forecast,storage\raw\open_meteo_forecast\20260818T112114Z.json,13:shortwave_radiation,OPEN_METEO_120.249_31.107,,2026-08-18T04:00:00+00:00,120.249405,31.107204,shortwave_radiation,shortwave_radiation,0.0,0.0,W/m2,W/m2,forecast_proxy,Open-Meteo hourly unit W/m²,False,,,"[""Q08"", ""Q99""]",True
open_meteo_forecast,storage\raw\open_meteo_forecast\20260818T112114Z.json,14:temperature_2m,OPEN_METEO_120.249_31.107,,2026-08-18T05:00:00+00:00,120.249405,31.107204,air_temperature,temperature_2m,28.5,28.5,degC,degC,forecast_proxy,Open-Meteo hourly unit °C,False,,,"[""Q08"", ""Q99""]",True
open_meteo_forecast,storage\raw\open_meteo_forecast\20260818T112114Z.json,14:wind_speed_10m,OPEN_METEO_120.249_31.107,,2026-08-18T05:00:00+00:00,120.249405,31.107204,wind_speed,wind_speed_10m,6.42,6.42,m/s,m/s,forecast_proxy,Open-Meteo hourly unit m/s,False,,,"[""Q08"", ""Q99""]",True
open_meteo_forecast,storage\raw\open_meteo_forecast\20260818T112114Z.json,14:wind_direction_10m,OPEN_METEO_120.249_31.107,,2026-08-18T05:00:00+00:00,120.249405,31.107204,wind_direction,wind_direction_10m,108,108.0,degree,degree,forecast_proxy,Open-Meteo hourly unit °,False,,,"[""Q08"", ""Q99""]",True
open_meteo_forecast,storage\raw\open_meteo_forecast\20260818T112114Z.json,14:precipitation,OPEN_METEO_120.249_31.107,,2026-08-18T05:00:00+00:00,120.249405,31.107204,precipitation,precipitation,0.0,0.0,mm,mm,forecast_proxy,Open-Meteo hourly unit mm,False,,,"[""Q08"", ""Q99""]",True
open_meteo_forecast,storage\raw\open_meteo_forecast\20260818T112114Z.json,14:shortwave_radiation,OPEN_METEO_120.249_31.107,,2026-08-18T05:00:00+00:00,120.249405,31.107204,shortwave_radiation,shortwave_radiation,0.0,0.0,W/m2,W/m2,forecast_proxy,Open-Meteo hourly unit W/m²,False,,,"[""Q08"", ""Q99""]",True
open_meteo_forecast,storage\raw\open_meteo_forecast\20260818T112114Z.json,15:temperature_2m,OPEN_METEO_120.249_31.107,,2026-08-18T06:00:00+00:00,120.249405,31.107204,air_temperature,temperature_2m,28.1,28.1,degC,degC,forecast_proxy,Open-Meteo hourly unit °C,False,,,"[""Q08"", ""Q99""]",True
open_meteo_forecast,storage\raw\open_meteo_forecast\20260818T112114Z.json,15:wind_speed_10m,OPEN_METEO_120.249_31.107,,2026-08-18T06:00:00+00:00,120.249405,31.107204,wind_speed,wind_speed_10m,6.09,6.09,m/s,m/s,forecast_proxy,Open-Meteo hourly unit m/s,False,,,"[""Q08"", ""Q99""]",True
open_meteo_forecast,storage\raw\open_meteo_forecast\20260818T112114Z.json,15:wind_direction_10m,OPEN_METEO_120.249_31.107,,2026-08-18T06:00:00+00:00,120.249405,31.107204,wind_direction,wind_direction_10m,106,106.0,degree,degree,forecast_proxy,Open-Meteo hourly unit °,False,,,"[""Q08"", ""Q99""]",True
open_meteo_forecast,storage\raw\open_meteo_forecast\20260818T112114Z.json,15:precipitation,OPEN_METEO_120.249_31.107,,2026-08-18T06:00:00+00:00,120.249405,31.107204,precipitation,precipitation,0.0,0.0,mm,mm,forecast_proxy,Open-Meteo hourly unit mm,False,,,"[""Q08"", ""Q99""]",True
open_meteo_forecast,storage\raw\open_meteo_forecast\20260818T112114Z.json,15:shortwave_radiation,OPEN_METEO_120.249_31.107,,2026-08-18T06:00:00+00:00,120.249405,31.107204,shortwave_radiation,shortwave_radiation,0.0,0.0,W/m2,W/m2,forecast_proxy,Open-Meteo hourly unit W/m²,False,,,"[""Q08"", ""Q99""]",True
open_meteo_forecast,storage\raw\open_meteo_forecast\20260818T112114Z.json,16:temperature_2m,OPEN_METEO_120.249_31.107,,2026-08-18T07:00:00+00:00,120.249405,31.107204,air_temperature,temperature_2m,27.9,27.9,degC,degC,forecast_proxy,Open-Meteo hourly unit °C,False,,,"[""Q08"", ""Q99""]",True
open_meteo_forecast,storage\raw\open_meteo_forecast\20260818T112114Z.json,16:wind_speed_10m,OPEN_METEO_120.249_31.107,,2026-08-18T07:00:00+00:00,120.249405,31.107204,wind_speed,wind_speed_10m,5.38,5.38,m/s,m/s,forecast_proxy,Open-Meteo hourly unit m/s,False,,,"[""Q08"", ""Q99""]",True
open_meteo_forecast,storage\raw\open_meteo_forecast\20260818T112114Z.json,16:wind_direction_10m,OPEN_METEO_120.249_31.107,,2026-08-18T07:00:00+00:00,120.249405,31.107204,wind_direction,wind_direction_10m,108,108.0,degree,degree,forecast_proxy,Open-Meteo hourly unit °,False,,,"[""Q08"", ""Q99""]",True
open_meteo_forecast,storage\raw\open_meteo_forecast\20260818T112114Z.json,16:precipitation,OPEN_METEO_120.249_31.107,,2026-08-18T07:00:00+00:00,120.249405,31.107204,precipitation,precipitation,0.0,0.0,mm,mm,forecast_proxy,Open-Meteo hourly unit mm,False,,,"[""Q08"", ""Q99""]",True
open_meteo_forecast,storage\raw\open_meteo_forecast\20260818T112114Z.json,16:shortwave_radiation,OPEN_METEO_120.249_31.107,,2026-08-18T07:00:00+00:00,120.249405,31.107204,shortwave_radiation,shortwave_radiation,0.0,0.0,W/m2,W/m2,forecast_proxy,Open-Meteo hourly unit W/m²,False,,,"[""Q08"", ""Q99""]",True
open_meteo_forecast,storage\raw\open_meteo_forecast\20260818T112114Z.json,17:temperature_2m,OPEN_METEO_120.249_31.107,,2026-08-18T08:00:00+00:00,120.249405,31.107204,air_temperature,temperature_2m,27.8,27.8,degC,degC,forecast_proxy,Open-Meteo hourly unit °C,False,,,"[""Q08"", ""Q99""]",True
open_meteo_forecast,storage\raw\open_meteo_forecast\20260818T112114Z.json,17:wind_speed_10m,OPEN_METEO_120.249_31.107,,2026-08-18T08:00:00+00:00,120.249405,31.107204,wind_speed,wind_speed_10m,4.76,4.76,m/s,m/s,forecast_proxy,Open-Meteo hourly unit m/s,False,,,"[""Q08"", ""Q99""]",True
open_meteo_forecast,storage\raw\open_meteo_forecast\20260818T112114Z.json,17:wind_direction_10m,OPEN_METEO_120.249_31.107,,2026-08-18T08:00:00+00:00,120.249405,31.107204,wind_direction,wind_direction_10m,107,107.0,degree,degree,forecast_proxy,Open-Meteo hourly unit °,False,,,"[""Q08"", ""Q99""]",True
open_meteo_forecast,storage\raw\open_meteo_forecast\20260818T112114Z.json,17:precipitation,OPEN_METEO_120.249_31.107,,2026-08-18T08:00:00+00:00,120.249405,31.107204,precipitation,precipitation,0.0,0.0,mm,mm,forecast_proxy,Open-Meteo hourly unit mm,False,,,"[""Q08"", ""Q99""]",True
open_meteo_forecast,storage\raw\open_meteo_forecast\20260818T112114Z.json,17:shortwave_radiation,OPEN_METEO_120.249_31.107,,2026-08-18T08:00:00+00:00,120.249405,31.107204,shortwave_radiation,shortwave_radiation,0.0,0.0,W/m2,W/m2,forecast_proxy,Open-Meteo hourly unit W/m²,False,,,"[""Q08"", ""Q99""]",True
open_meteo_forecast,storage\raw\open_meteo_forecast\20260818T112114Z.json,18:temperature_2m,OPEN_METEO_120.249_31.107,,2026-08-18T09:00:00+00:00,120.249405,31.107204,air_temperature,temperature_2m,27.7,27.7,degC,degC,forecast_proxy,Open-Meteo hourly unit °C,False,,,"[""Q08"", ""Q99""]",True
open_meteo_forecast,storage\raw\open_meteo_forecast\20260818T112114Z.json,18:wind_speed_10m,OPEN_METEO_120.249_31.107,,2026-08-18T09:00:00+00:00,120.249405,31.107204,wind_speed,wind_speed_10m,4.38,4.38,m/s,m/s,forecast_proxy,Open-Meteo hourly unit m/s,False,,,"[""Q08"", ""Q99""]",True
open_meteo_forecast,storage\raw\open_meteo_forecast\20260818T112114Z.json,18:wind_direction_10m,OPEN_METEO_120.249_31.107,,2026-08-18T09:00:00+00:00,120.249405,31.107204,wind_direction,wind_direction_10m,104,104.0,degree,degree,forecast_proxy,Open-Meteo hourly unit °,False,,,"[""Q08"", ""Q99""]",True
open_meteo_forecast,storage\raw\open_meteo_forecast\20260818T112114Z.json,18:precipitation,OPEN_METEO_120.249_31.107,,2026-08-18T09:00:00+00:00,120.249405,31.107204,precipitation,precipitation,0.0,0.0,mm,mm,forecast_proxy,Open-Meteo hourly unit mm,False,,,"[""Q08"", ""Q99""]",True
open_meteo_forecast,storage\raw\open_meteo_forecast\20260818T112114Z.json,18:shortwave_radiation,OPEN_METEO_120.249_31.107,,2026-08-18T09:00:00+00:00,120.249405,31.107204,shortwave_radiation,shortwave_radiation,0.0,0.0,W/m2,W/m2,forecast_proxy,Open-Meteo hourly unit W/m²,False,,,"[""Q08"", ""Q99""]",True
open_meteo_forecast,storage\raw\open_meteo_forecast\20260818T112114Z.json,19:temperature_2m,OPEN_METEO_120.249_31.107,,2026-08-18T10:00:00+00:00,120.249405,31.107204,air_temperature,temperature_2m,27.7,27.7,degC,degC,forecast_proxy,Open-Meteo hourly unit °C,False,,,"[""Q08"", ""Q99""]",True
open_meteo_forecast,storage\raw\open_meteo_forecast\20260818T112114Z.json,19:wind_speed_10m,OPEN_METEO_120.249_31.107,,2026-08-18T10:00:00+00:00,120.249405,31.107204,wind_speed,wind_speed_10m,4.75,4.75,m/s,m/s,forecast_proxy,Open-Meteo hourly unit m/s,False,,,"[""Q08"", ""Q99""]",True
open_meteo_forecast,storage\raw\open_meteo_forecast\20260818T112114Z.json,19:wind_direction_10m,OPEN_METEO_120.249_31.107,,2026-08-18T10:00:00+00:00,120.249405,31.107204,wind_direction,wind_direction_10m,114,114.0,degree,degree,forecast_proxy,Open-Meteo hourly unit °,False,,,"[""Q08"", ""Q99""]",True
open_meteo_forecast,storage\raw\open_meteo_forecast\20260818T112114Z.json,19:precipitation,OPEN_METEO_120.249_31.107,,2026-08-18T10:00:00+00:00,120.249405,31.107204,precipitation,precipitation,0.0,0.0,mm,mm,forecast_proxy,Open-Meteo hourly unit mm,False,,,"[""Q08"", ""Q99""]",True
open_meteo_forecast,storage\raw\open_meteo_forecast\20260818T112114Z.json,19:shortwave_radiation,OPEN_METEO_120.249_31.107,,2026-08-18T10:00:00+00:00,120.249405,31.107204,shortwave_radiation,shortwave_radiation,0.0,0.0,W/m2,W/m2,forecast_proxy,Open-Meteo hourly unit W/m²,False,,,"[""Q08"", ""Q99""]",True
open_meteo_forecast,storage\raw\open_meteo_forecast\20260818T112114Z.json,20:temperature_2m,OPEN_METEO_120.249_31.107,,2026-08-18T11:00:00+00:00,120.249405,31.107204,air_temperature,temperature_2m,27.6,27.6,degC,degC,forecast_proxy,Open-Meteo hourly unit °C,False,,,"[""Q08"", ""Q99""]",True
open_meteo_forecast,storage\raw\open_meteo_forecast\20260818T112114Z.json,20:wind_speed_10m,OPEN_METEO_120.249_31.107,,2026-08-18T11:00:00+00:00,120.249405,31.107204,wind_speed,wind_speed_10m,4.94,4.94,m/s,m/s,forecast_proxy,Open-Meteo hourly unit m/s,False,,,"[""Q08"", ""Q99""]",True
open_meteo_forecast,storage\raw\open_meteo_forecast\20260818T112114Z.json,20:wind_direction_10m,OPEN_METEO_120.249_31.107,,2026-08-18T11:00:00+00:00,120.249405,31.107204,wind_direction,wind_direction_10m,116,116.0,degree,degree,forecast_proxy,Open-Meteo hourly unit °,False,,,"[""Q08"", ""Q99""]",True
open_meteo_forecast,storage\raw\open_meteo_forecast\20260818T112114Z.json,20:precipitation,OPEN_METEO_120.249_31.107,,2026-08-18T11:00:00+00:00,120.249405,31.107204,precipitation,precipitation,0.0,0.0,mm,mm,forecast_proxy,Open-Meteo hourly unit mm,False,,,"[""Q08"", ""Q99""]",True
open_meteo_forecast,storage\raw\open_meteo_forecast\20260818T112114Z.json,20:shortwave_radiation,OPEN_METEO_120.249_31.107,,2026-08-18T11:00:00+00:00,120.249405,31.107204,shortwave_radiation,shortwave_radiation,0.0,0.0,W/m2,W/m2,forecast_proxy,Open-Meteo hourly unit W/m²,False,,,"[""Q08"", ""Q99""]",True
open_meteo_forecast,storage\raw\open_meteo_forecast\20260818T112114Z.json,21:temperature_2m,OPEN_METEO_120.249_31.107,,2026-08-18T12:00:00+00:00,120.249405,31.107204,air_temperature,temperature_2m,27.6,27.6,degC,degC,forecast_proxy,Open-Meteo hourly unit °C,False,,,"[""Q08"", ""Q99""]",True
open_meteo_forecast,storage\raw\open_meteo_forecast\20260818T112114Z.json,21:wind_speed_10m,OPEN_METEO_120.249_31.107,,2026-08-18T12:00:00+00:00,120.249405,31.107204,wind_speed,wind_speed_10m,4.88,4.88,m/s,m/s,forecast_proxy,Open-Meteo hourly unit m/s,False,,,"[""Q08"", ""Q99""]",True
open_meteo_forecast,storage\raw\open_meteo_forecast\20260818T112114Z.json,21:wind_direction_10m,OPEN_METEO_120.249_31.107,,2026-08-18T12:00:00+00:00,120.249405,31.107204,wind_direction,wind_direction_10m,114,114.0,degree,degree,forecast_proxy,Open-Meteo hourly unit °,False,,,"[""Q08"", ""Q99""]",True
open_meteo_forecast,storage\raw\open_meteo_forecast\20260818T112114Z.json,21:precipitation,OPEN_METEO_120.249_31.107,,2026-08-18T12:00:00+00:00,120.249405,31.107204,precipitation,precipitation,0.0,0.0,mm,mm,forecast_proxy,Open-Meteo hourly unit mm,False,,,"[""Q08"", ""Q99""]",True
open_meteo_forecast,storage\raw\open_meteo_forecast\20260818T112114Z.json,21:shortwave_radiation,OPEN_METEO_120.249_31.107,,2026-08-18T12:00:00+00:00,120.249405,31.107204,shortwave_radiation,shortwave_radiation,0.0,0.0,W/m2,W/m2,forecast_proxy,Open-Meteo hourly unit W/m²,False,,,"[""Q08"", ""Q99""]",True
open_meteo_forecast,storage\raw\open_meteo_forecast\20260818T112114Z.json,22:temperature_2m,OPEN_METEO_120.249_31.107,,2026-08-18T13:00:00+00:00,120.249405,31.107204,air_temperature,temperature_2m,27.5,27.5,degC,degC,forecast_proxy,Open-Meteo hourly unit °C,False,,,"[""Q08"", ""Q99""]",True
open_meteo_forecast,storage\raw\open_meteo_forecast\20260818T112114Z.json,22:wind_speed_10m,OPEN_METEO_120.249_31.107,,2026-08-18T13:00:00+00:00,120.249405,31.107204,wind_speed,wind_speed_10m,4.81,4.81,m/s,m/s,forecast_proxy,Open-Meteo hourly unit m/s,False,,,"[""Q08"", ""Q99""]",True
open_meteo_forecast,storage\raw\open_meteo_forecast\20260818T112114Z.json,22:wind_direction_10m,OPEN_METEO_120.249_31.107,,2026-08-18T13:00:00+00:00,120.249405,31.107204,wind_direction,wind_direction_10m,117,117.0,degree,degree,forecast_proxy,Open-Meteo hourly unit °,False,,,"[""Q08"", ""Q99""]",True
open_meteo_forecast,storage\raw\open_meteo_forecast\20260818T112114Z.json,22:precipitation,OPEN_METEO_120.249_31.107,,2026-08-18T13:00:00+00:00,120.249405,31.107204,precipitation,precipitation,0.0,0.0,mm,mm,forecast_proxy,Open-Meteo hourly unit mm,False,,,"[""Q08"", ""Q99""]",True
open_meteo_forecast,storage\raw\open_meteo_forecast\20260818T112114Z.json,22:shortwave_radiation,OPEN_METEO_120.249_31.107,,2026-08-18T13:00:00+00:00,120.249405,31.107204,shortwave_radiation,shortwave_radiation,0.0,0.0,W/m2,W/m2,forecast_proxy,Open-Meteo hourly unit W/m²,False,,,"[""Q08"", ""Q99""]",True
open_meteo_forecast,storage\raw\open_meteo_forecast\20260818T112114Z.json,23:temperature_2m,OPEN_METEO_120.249_31.107,,2026-08-18T14:00:00+00:00,120.249405,31.107204,air_temperature,temperature_2m,27.5,27.5,degC,degC,forecast_proxy,Open-Meteo hourly unit °C,False,,,"[""Q08"", ""Q99""]",True
open_meteo_forecast,storage\raw\open_meteo_forecast\20260818T112114Z.json,23:wind_speed_10m,OPEN_METEO_120.249_31.107,,2026-08-18T14:00:00+00:00,120.249405,31.107204,wind_speed,wind_speed_10m,4.87,4.87,m/s,m/s,forecast_proxy,Open-Meteo hourly unit m/s,False,,,"[""Q08"", ""Q99""]",True
open_meteo_forecast,storage\raw\open_meteo_forecast\20260818T112114Z.json,23:wind_direction_10m,OPEN_METEO_120.249_31.107,,2026-08-18T14:00:00+00:00,120.249405,31.107204,wind_direction,wind_direction_10m,117,117.0,degree,degree,forecast_proxy,Open-Meteo hourly unit °,False,,,"[""Q08"", ""Q99""]",True
open_meteo_forecast,storage\raw\open_meteo_forecast\20260818T112114Z.json,23:precipitation,OPEN_METEO_120.249_31.107,,2026-08-18T14:00:00+00:00,120.249405,31.107204,precipitation,precipitation,0.0,0.0,mm,mm,forecast_proxy,Open-Meteo hourly unit mm,False,,,"[""Q08"", ""Q99""]",True
open_meteo_forecast,storage\raw\open_meteo_forecast\20260818T112114Z.json,23:shortwave_radiation,OPEN_METEO_120.249_31.107,,2026-08-18T14:00:00+00:00,120.249405,31.107204,shortwave_radiation,shortwave_radiation,9.0,9.0,W/m2,W/m2,forecast_proxy,Open-Meteo hourly unit W/m²,False,,,"[""Q08"", ""Q99""]",True
open_meteo_forecast,storage\raw\open_meteo_forecast\20260818T112114Z.json,24:temperature_2m,OPEN_METEO_120.249_31.107,,2026-08-18T15:00:00+00:00,120.249405,31.107204,air_temperature,temperature_2m,27.5,27.5,degC,degC,forecast_proxy,Open-Meteo hourly unit °C,False,,,"[""Q08"", ""Q99""]",True
open_meteo_forecast,storage\raw\open_meteo_forecast\20260818T112114Z.json,24:wind_speed_10m,OPEN_METEO_120.249_31.107,,2026-08-18T15:00:00+00:00,120.249405,31.107204,wind_speed,wind_speed_10m,4.68,4.68,m/s,m/s,forecast_proxy,Open-Meteo hourly unit m/s,False,,,"[""Q08"", ""Q99""]",True
open_meteo_forecast,storage\raw\open_meteo_forecast\20260818T112114Z.json,24:wind_direction_10m,OPEN_METEO_120.249_31.107,,2026-08-18T15:00:00+00:00,120.249405,31.107204,wind_direction,wind_direction_10m,115,115.0,degree,degree,forecast_proxy,Open-Meteo hourly unit °,False,,,"[""Q08"", ""Q99""]",True
open_meteo_forecast,storage\raw\open_meteo_forecast\20260818T112114Z.json,24:precipitation,OPEN_METEO_120.249_31.107,,2026-08-18T15:00:00+00:00,120.249405,31.107204,precipitation,precipitation,0.0,0.0,mm,mm,forecast_proxy,Open-Meteo hourly unit mm,False,,,"[""Q08"", ""Q99""]",True
open_meteo_forecast,storage\raw\open_meteo_forecast\20260818T112114Z.json,24:shortwave_radiation,OPEN_METEO_120.249_31.107,,2026-08-18T15:00:00+00:00,120.249405,31.107204,shortwave_radiation,shortwave_radiation,121.0,121.0,W/m2,W/m2,forecast_proxy,Open-Meteo hourly unit W/m²,False,,,"[""Q08"", ""Q99""]",True
open_meteo_forecast,storage\raw\open_meteo_forecast\20260818T112114Z.json,25:temperature_2m,OPEN_METEO_120.249_31.107,,2026-08-18T16:00:00+00:00,120.249405,31.107204,air_temperature,temperature_2m,27.7,27.7,degC,degC,forecast_proxy,Open-Meteo hourly unit °C,False,,,"[""Q08"", ""Q99""]",True
open_meteo_forecast,storage\raw\open_meteo_forecast\20260818T112114Z.json,25:wind_speed_10m,OPEN_METEO_120.249_31.107,,2026-08-18T16:00:00+00:00,120.249405,31.107204,wind_speed,wind_speed_10m,4.79,4.79,m/s,m/s,forecast_proxy,Open-Meteo hourly unit m/s,False,,,"[""Q08"", ""Q99""]",True
open_meteo_forecast,storage\raw\open_meteo_forecast\20260818T112114Z.json,25:wind_direction_10m,OPEN_METEO_120.249_31.107,,2026-08-18T16:00:00+00:00,120.249405,31.107204,wind_direction,wind_direction_10m,120,120.0,degree,degree,forecast_proxy,Open-Meteo hourly unit °,False,,,"[""Q08"", ""Q99""]",True
open_meteo_forecast,storage\raw\open_meteo_forecast\20260818T112114Z.json,25:precipitation,OPEN_METEO_120.249_31.107,,2026-08-18T16:00:00+00:00,120.249405,31.107204,precipitation,precipitation,0.0,0.0,mm,mm,forecast_proxy,Open-Meteo hourly unit mm,False,,,"[""Q08"", ""Q99""]",True
open_meteo_forecast,storage\raw\open_meteo_forecast\20260818T112114Z.json,25:shortwave_radiation,OPEN_METEO_120.249_31.107,,2026-08-18T16:00:00+00:00,120.249405,31.107204,shortwave_radiation,shortwave_radiation,308.0,308.0,W/m2,W/m2,forecast_proxy,Open-Meteo hourly unit W/m²,False,,,"[""Q08"", ""Q99""]",True
open_meteo_forecast,storage\raw\open_meteo_forecast\20260818T112114Z.json,26:temperature_2m,OPEN_METEO_120.249_31.107,,2026-08-18T17:00:00+00:00,120.249405,31.107204,air_temperature,temperature_2m,28.4,28.4,degC,degC,forecast_proxy,Open-Meteo hourly unit °C,False,,,"[""Q08"", ""Q99""]",True
open_meteo_forecast,storage\raw\open_meteo_forecast\20260818T112114Z.json,26:wind_speed_10m,OPEN_METEO_120.249_31.107,,2026-08-18T17:00:00+00:00,120.249405,31.107204,wind_speed,wind_speed_10m,4.5,4.5,m/s,m/s,forecast_proxy,Open-Meteo hourly unit m/s,False,,,"[""Q08"", ""Q99""]",True
open_meteo_forecast,storage\raw\open_meteo_forecast\20260818T112114Z.json,26:wind_direction_10m,OPEN_METEO_120.249_31.107,,2026-08-18T17:00:00+00:00,120.249405,31.107204,wind_direction,wind_direction_10m,127,127.0,degree,degree,forecast_proxy,Open-Meteo hourly unit °,False,,,"[""Q08"", ""Q99""]",True
open_meteo_forecast,storage\raw\open_meteo_forecast\20260818T112114Z.json,26:precipitation,OPEN_METEO_120.249_31.107,,2026-08-18T17:00:00+00:00,120.249405,31.107204,precipitation,precipitation,0.0,0.0,mm,mm,forecast_proxy,Open-Meteo hourly unit mm,False,,,"[""Q08"", ""Q99""]",True
open_meteo_forecast,storage\raw\open_meteo_forecast\20260818T112114Z.json,26:shortwave_radiation,OPEN_METEO_120.249_31.107,,2026-08-18T17:00:00+00:00,120.249405,31.107204,shortwave_radiation,shortwave_radiation,501.0,501.0,W/m2,W/m2,forecast_proxy,Open-Meteo hourly unit W/m²,False,,,"[""Q08"", ""Q99""]",True
open_meteo_forecast,storage\raw\open_meteo_forecast\20260818T112114Z.json,27:temperature_2m,OPEN_METEO_120.249_31.107,,2026-08-18T18:00:00+00:00,120.249405,31.107204,air_temperature,temperature_2m,29.3,29.3,degC,degC,forecast_proxy,Open-Meteo hourly unit °C,False,,,"[""Q08"", ""Q99""]",True
open_meteo_forecast,storage\raw\open_meteo_forecast\20260818T112114Z.json,27:wind_speed_10m,OPEN_METEO_120.249_31.107,,2026-08-18T18:00:00+00:00,120.249405,31.107204,wind_speed,wind_speed_10m,4.14,4.14,m/s,m/s,forecast_proxy,Open-Meteo hourly unit m/s,False,,,"[""Q08"", ""Q99""]",True
open_meteo_forecast,storage\raw\open_meteo_forecast\20260818T112114Z.json,27:wind_direction_10m,OPEN_METEO_120.249_31.107,,2026-08-18T18:00:00+00:00,120.249405,31.107204,wind_direction,wind_direction_10m,133,133.0,degree,degree,forecast_proxy,Open-Meteo hourly unit °,False,,,"[""Q08"", ""Q99""]",True
open_meteo_forecast,storage\raw\open_meteo_forecast\20260818T112114Z.json,27:precipitation,OPEN_METEO_120.249_31.107,,2026-08-18T18:00:00+00:00,120.249405,31.107204,precipitation,precipitation,0.0,0.0,mm,mm,forecast_proxy,Open-Meteo hourly unit mm,False,,,"[""Q08"", ""Q99""]",True
open_meteo_forecast,storage\raw\open_meteo_forecast\20260818T112114Z.json,27:shortwave_radiation,OPEN_METEO_120.249_31.107,,2026-08-18T18:00:00+00:00,120.249405,31.107204,shortwave_radiation,shortwave_radiation,621.0,621.0,W/m2,W/m2,forecast_proxy,Open-Meteo hourly unit W/m²,False,,,"[""Q08"", ""Q99""]",True
open_meteo_forecast,storage\raw\open_meteo_forecast\20260818T112114Z.json,28:temperature_2m,OPEN_METEO_120.249_31.107,,2026-08-18T19:00:00+00:00,120.249405,31.107204,air_temperature,temperature_2m,29.8,29.8,degC,degC,forecast_proxy,Open-Meteo hourly unit °C,False,,,"[""Q08"", ""Q99""]",True
open_meteo_forecast,storage\raw\open_meteo_forecast\20260818T112114Z.json,28:wind_speed_10m,OPEN_METEO_120.249_31.107,,2026-08-18T19:00:00+00:00,120.249405,31.107204,wind_speed,wind_speed_10m,4.27,4.27,m/s,m/s,forecast_proxy,Open-Meteo hourly unit m/s,False,,,"[""Q08"", ""Q99""]",True
open_meteo_forecast,storage\raw\open_meteo_forecast\20260818T112114Z.json,28:wind_direction_10m,OPEN_METEO_120.249_31.107,,2026-08-18T19:00:00+00:00,120.249405,31.107204,wind_direction,wind_direction_10m,125,125.0,degree,degree,forecast_proxy,Open-Meteo hourly unit °,False,,,"[""Q08"", ""Q99""]",True
open_meteo_forecast,storage\raw\open_meteo_forecast\20260818T112114Z.json,28:precipitation,OPEN_METEO_120.249_31.107,,2026-08-18T19:00:00+00:00,120.249405,31.107204,precipitation,precipitation,0.1,0.1,mm,mm,forecast_proxy,Open-Meteo hourly unit mm,False,,,"[""Q08"", ""Q99""]",True
open_meteo_forecast,storage\raw\open_meteo_forecast\20260818T112114Z.json,28:shortwave_radiation,OPEN_METEO_120.249_31.107,,2026-08-18T19:00:00+00:00,120.249405,31.107204,shortwave_radiation,shortwave_radiation,771.0,771.0,W/m2,W/m2,forecast_proxy,Open-Meteo hourly unit W/m²,False,,,"[""Q08"", ""Q99""]",True
open_meteo_forecast,storage\raw\open_meteo_forecast\20260818T112114Z.json,29:temperature_2m,OPEN_METEO_120.249_31.107,,2026-08-18T20:00:00+00:00,120.249405,31.107204,air_temperature,temperature_2m,30.3,30.3,degC,degC,forecast_proxy,Open-Meteo hourly unit °C,False,,,"[""Q08"", ""Q99""]",True
open_meteo_forecast,storage\raw\open_meteo_forecast\20260818T112114Z.json,29:wind_speed_10m,OPEN_METEO_120.249_31.107,,2026-08-18T20:00:00+00:00,120.249405,31.107204,wind_speed,wind_speed_10m,4.46,4.46,m/s,m/s,forecast_proxy,Open-Meteo hourly unit m/s,False,,,"[""Q08"", ""Q99""]",True
open_meteo_forecast,storage\raw\open_meteo_forecast\20260818T112114Z.json,29:wind_direction_10m,OPEN_METEO_120.249_31.107,,2026-08-18T20:00:00+00:00,120.249405,31.107204,wind_direction,wind_direction_10m,113,113.0,degree,degree,forecast_proxy,Open-Meteo hourly unit °,False,,,"[""Q08"", ""Q99""]",True
open_meteo_forecast,storage\raw\open_meteo_forecast\20260818T112114Z.json,29:precipitation,OPEN_METEO_120.249_31.107,,2026-08-18T20:00:00+00:00,120.249405,31.107204,precipitation,precipitation,1.1,1.1,mm,mm,forecast_proxy,Open-Meteo hourly unit mm,False,,,"[""Q08"", ""Q99""]",True
open_meteo_forecast,storage\raw\open_meteo_forecast\20260818T112114Z.json,29:shortwave_radiation,OPEN_METEO_120.249_31.107,,2026-08-18T20:00:00+00:00,120.249405,31.107204,shortwave_radiation,shortwave_radiation,799.0,799.0,W/m2,W/m2,forecast_proxy,Open-Meteo hourly unit W/m²,False,,,"[""Q08"", ""Q99""]",True
open_meteo_forecast,storage\raw\open_meteo_forecast\20260818T112114Z.json,30:temperature_2m,OPEN_METEO_120.249_31.107,,2026-08-18T21:00:00+00:00,120.249405,31.107204,air_temperature,temperature_2m,30.4,30.4,degC,degC,forecast_proxy,Open-Meteo hourly unit °C,False,,,"[""Q08"", ""Q99""]",True
open_meteo_forecast,storage\raw\open_meteo_forecast\20260818T112114Z.json,30:wind_speed_10m,OPEN_METEO_120.249_31.107,,2026-08-18T21:00:00+00:00,120.249405,31.107204,wind_speed,wind_speed_10m,3.64,3.64,m/s,m/s,forecast_proxy,Open-Meteo hourly unit m/s,False,,,"[""Q08"", ""Q99""]",True
open_meteo_forecast,storage\raw\open_meteo_forecast\20260818T112114Z.json,30:wind_direction_10m,OPEN_METEO_120.249_31.107,,2026-08-18T21:00:00+00:00,120.249405,31.107204,wind_direction,wind_direction_10m,108,108.0,degree,degree,forecast_proxy,Open-Meteo hourly unit °,False,,,"[""Q08"", ""Q99""]",True
open_meteo_forecast,storage\raw\open_meteo_forecast\20260818T112114Z.json,30:precipitation,OPEN_METEO_120.249_31.107,,2026-08-18T21:00:00+00:00,120.249405,31.107204,precipitation,precipitation,0.4,0.4,mm,mm,forecast_proxy,Open-Meteo hourly unit mm,False,,,"[""Q08"", ""Q99""]",True
open_meteo_forecast,storage\raw\open_meteo_forecast\20260818T112114Z.json,30:shortwave_radiation,OPEN_METEO_120.249_31.107,,2026-08-18T21:00:00+00:00,120.249405,31.107204,shortwave_radiation,shortwave_radiation,771.0,771.0,W/m2,W/m2,forecast_proxy,Open-Meteo hourly unit W/m²,False,,,"[""Q08"", ""Q99""]",True
open_meteo_forecast,storage\raw\open_meteo_forecast\20260818T112114Z.json,31:temperature_2m,OPEN_METEO_120.249_31.107,,2026-08-18T22:00:00+00:00,120.249405,31.107204,air_temperature,temperature_2m,30.4,30.4,degC,degC,forecast_proxy,Open-Meteo hourly unit °C,False,,,"[""Q08"", ""Q99""]",True
open_meteo_forecast,storage\raw\open_meteo_forecast\20260818T112114Z.json,31:wind_speed_10m,OPEN_METEO_120.249_31.107,,2026-08-18T22:00:00+00:00,120.249405,31.107204,wind_speed,wind_speed_10m,5.64,5.64,m/s,m/s,forecast_proxy,Open-Meteo hourly unit m/s,False,,,"[""Q08"", ""Q99""]",True
open_meteo_forecast,storage\raw\open_meteo_forecast\20260818T112114Z.json,31:wind_direction_10m,OPEN_METEO_120.249_31.107,,2026-08-18T22:00:00+00:00,120.249405,31.107204,wind_direction,wind_direction_10m,103,103.0,degree,degree,forecast_proxy,Open-Meteo hourly unit °,False,,,"[""Q08"", ""Q99""]",True
open_meteo_forecast,storage\raw\open_meteo_forecast\20260818T112114Z.json,31:precipitation,OPEN_METEO_120.249_31.107,,2026-08-18T22:00:00+00:00,120.249405,31.107204,precipitation,precipitation,0.2,0.2,mm,mm,forecast_proxy,Open-Meteo hourly unit mm,False,,,"[""Q08"", ""Q99""]",True
open_meteo_forecast,storage\raw\open_meteo_forecast\20260818T112114Z.json,31:shortwave_radiation,OPEN_METEO_120.249_31.107,,2026-08-18T22:00:00+00:00,120.249405,31.107204,shortwave_radiation,shortwave_radiation,762.0,762.0,W/m2,W/m2,forecast_proxy,Open-Meteo hourly unit W/m²,False,,,"[""Q08"", ""Q99""]",True
open_meteo_forecast,storage\raw\open_meteo_forecast\20260818T112114Z.json,32:temperature_2m,OPEN_METEO_120.249_31.107,,2026-08-18T23:00:00+00:00,120.249405,31.107204,air_temperature,temperature_2m,30.8,30.8,degC,degC,forecast_proxy,Open-Meteo hourly unit °C,False,,,"[""Q08"", ""Q99""]",True
open_meteo_forecast,storage\raw\open_meteo_forecast\20260818T112114Z.json,32:wind_speed_10m,OPEN_METEO_120.249_31.107,,2026-08-18T23:00:00+00:00,120.249405,31.107204,wind_speed,wind_speed_10m,6.0,6.0,m/s,m/s,forecast_proxy,Open-Meteo hourly unit m/s,False,,,"[""Q08"", ""Q99""]",True
open_meteo_forecast,storage\raw\open_meteo_forecast\20260818T112114Z.json,32:wind_direction_10m,OPEN_METEO_120.249_31.107,,2026-08-18T23:00:00+00:00,120.249405,31.107204,wind_direction,wind_direction_10m,103,103.0,degree,degree,forecast_proxy,Open-Meteo hourly unit °,False,,,"[""Q08"", ""Q99""]",True
open_meteo_forecast,storage\raw\open_meteo_forecast\20260818T112114Z.json,32:precipitation,OPEN_METEO_120.249_31.107,,2026-08-18T23:00:00+00:00,120.249405,31.107204,precipitation,precipitation,0.0,0.0,mm,mm,forecast_proxy,Open-Meteo hourly unit mm,False,,,"[""Q08"", ""Q99""]",True
open_meteo_forecast,storage\raw\open_meteo_forecast\20260818T112114Z.json,32:shortwave_radiation,OPEN_METEO_120.249_31.107,,2026-08-18T23:00:00+00:00,120.249405,31.107204,shortwave_radiation,shortwave_radiation,606.0,606.0,W/m2,W/m2,forecast_proxy,Open-Meteo hourly unit W/m²,False,,,"[""Q08"", ""Q99""]",True
open_meteo_forecast,storage\raw\open_meteo_forecast\20260818T112114Z.json,33:temperature_2m,OPEN_METEO_120.249_31.107,,2026-08-19T00:00:00+00:00,120.249405,31.107204,air_temperature,temperature_2m,30.6,30.6,degC,degC,forecast_proxy,Open-Meteo hourly unit °C,False,,,"[""Q08"", ""Q99""]",True
open_meteo_forecast,storage\raw\open_meteo_forecast\20260818T112114Z.json,33:wind_speed_10m,OPEN_METEO_120.249_31.107,,2026-08-19T00:00:00+00:00,120.249405,31.107204,wind_speed,wind_speed_10m,5.71,5.71,m/s,m/s,forecast_proxy,Open-Meteo hourly unit m/s,False,,,"[""Q08"", ""Q99""]",True
open_meteo_forecast,storage\raw\open_meteo_forecast\20260818T112114Z.json,33:wind_direction_10m,OPEN_METEO_120.249_31.107,,2026-08-19T00:00:00+00:00,120.249405,31.107204,wind_direction,wind_direction_10m,104,104.0,degree,degree,forecast_proxy,Open-Meteo hourly unit °,False,,,"[""Q08"", ""Q99""]",True
open_meteo_forecast,storage\raw\open_meteo_forecast\20260818T112114Z.json,33:precipitation,OPEN_METEO_120.249_31.107,,2026-08-19T00:00:00+00:00,120.249405,31.107204,precipitation,precipitation,0.0,0.0,mm,mm,forecast_proxy,Open-Meteo hourly unit mm,False,,,"[""Q08"", ""Q99""]",True
open_meteo_forecast,storage\raw\open_meteo_forecast\20260818T112114Z.json,33:shortwave_radiation,OPEN_METEO_120.249_31.107,,2026-08-19T00:00:00+00:00,120.249405,31.107204,shortwave_radiation,shortwave_radiation,451.0,451.0,W/m2,W/m2,forecast_proxy,Open-Meteo hourly unit W/m²,False,,,"[""Q08"", ""Q99""]",True
open_meteo_forecast,storage\raw\open_meteo_forecast\20260818T112114Z.json,34:temperature_2m,OPEN_METEO_120.249_31.107,,2026-08-19T01:00:00+00:00,120.249405,31.107204,air_temperature,temperature_2m,30.0,30.0,degC,degC,forecast_proxy,Open-Meteo hourly unit °C,False,,,"[""Q08"", ""Q99""]",True
open_meteo_forecast,storage\raw\open_meteo_forecast\20260818T112114Z.json,34:wind_speed_10m,OPEN_METEO_120.249_31.107,,2026-08-19T01:00:00+00:00,120.249405,31.107204,wind_speed,wind_speed_10m,5.62,5.62,m/s,m/s,forecast_proxy,Open-Meteo hourly unit m/s,False,,,"[""Q08"", ""Q99""]",True
open_meteo_forecast,storage\raw\open_meteo_forecast\20260818T112114Z.json,34:wind_direction_10m,OPEN_METEO_120.249_31.107,,2026-08-19T01:00:00+00:00,120.249405,31.107204,wind_direction,wind_direction_10m,102,102.0,degree,degree,forecast_proxy,Open-Meteo hourly unit °,False,,,"[""Q08"", ""Q99""]",True
open_meteo_forecast,storage\raw\open_meteo_forecast\20260818T112114Z.json,34:precipitation,OPEN_METEO_120.249_31.107,,2026-08-19T01:00:00+00:00,120.249405,31.107204,precipitation,precipitation,0.0,0.0,mm,mm,forecast_proxy,Open-Meteo hourly unit mm,False,,,"[""Q08"", ""Q99""]",True
open_meteo_forecast,storage\raw\open_meteo_forecast\20260818T112114Z.json,34:shortwave_radiation,OPEN_METEO_120.249_31.107,,2026-08-19T01:00:00+00:00,120.249405,31.107204,shortwave_radiation,shortwave_radiation,222.0,222.0,W/m2,W/m2,forecast_proxy,Open-Meteo hourly unit W/m²,False,,,"[""Q08"", ""Q99""]",True
open_meteo_forecast,storage\raw\open_meteo_forecast\20260818T112114Z.json,35:temperature_2m,OPEN_METEO_120.249_31.107,,2026-08-19T02:00:00+00:00,120.249405,31.107204,air_temperature,temperature_2m,29.6,29.6,degC,degC,forecast_proxy,Open-Meteo hourly unit °C,False,,,"[""Q08"", ""Q99""]",True
open_meteo_forecast,storage\raw\open_meteo_forecast\20260818T112114Z.json,35:wind_speed_10m,OPEN_METEO_120.249_31.107,,2026-08-19T02:00:00+00:00,120.249405,31.107204,wind_speed,wind_speed_10m,6.44,6.44,m/s,m/s,forecast_proxy,Open-Meteo hourly unit m/s,False,,,"[""Q08"", ""Q99""]",True
open_meteo_forecast,storage\raw\open_meteo_forecast\20260818T112114Z.json,35:wind_direction_10m,OPEN_METEO_120.249_31.107,,2026-08-19T02:00:00+00:00,120.249405,31.107204,wind_direction,wind_direction_10m,107,107.0,degree,degree,forecast_proxy,Open-Meteo hourly unit °,False,,,"[""Q08"", ""Q99""]",True
open_meteo_forecast,storage\raw\open_meteo_forecast\20260818T112114Z.json,35:precipitation,OPEN_METEO_120.249_31.107,,2026-08-19T02:00:00+00:00,120.249405,31.107204,precipitation,precipitation,0.0,0.0,mm,mm,forecast_proxy,Open-Meteo hourly unit mm,False,,,"[""Q08"", ""Q99""]",True
open_meteo_forecast,storage\raw\open_meteo_forecast\20260818T112114Z.json,35:shortwave_radiation,OPEN_METEO_120.249_31.107,,2026-08-19T02:00:00+00:00,120.249405,31.107204,shortwave_radiation,shortwave_radiation,109.0,109.0,W/m2,W/m2,forecast_proxy,Open-Meteo hourly unit W/m²,False,,,"[""Q08"", ""Q99""]",True
open_meteo_forecast,storage\raw\open_meteo_forecast\20260818T112114Z.json,36:temperature_2m,OPEN_METEO_120.249_31.107,,2026-08-19T03:00:00+00:00,120.249405,31.107204,air_temperature,temperature_2m,28.9,28.9,degC,degC,forecast_proxy,Open-Meteo hourly unit °C,False,,,"[""Q08"", ""Q99""]",True
open_meteo_forecast,storage\raw\open_meteo_forecast\20260818T112114Z.json,36:wind_speed_10m,OPEN_METEO_120.249_31.107,,2026-08-19T03:00:00+00:00,120.249405,31.107204,wind_speed,wind_speed_10m,6.67,6.67,m/s,m/s,forecast_proxy,Open-Meteo hourly unit m/s,False,,,"[""Q08"", ""Q99""]",True
open_meteo_forecast,storage\raw\open_meteo_forecast\20260818T112114Z.json,36:wind_direction_10m,OPEN_METEO_120.249_31.107,,2026-08-19T03:00:00+00:00,120.249405,31.107204,wind_direction,wind_direction_10m,114,114.0,degree,degree,forecast_proxy,Open-Meteo hourly unit °,False,,,"[""Q08"", ""Q99""]",True
open_meteo_forecast,storage\raw\open_meteo_forecast\20260818T112114Z.json,36:precipitation,OPEN_METEO_120.249_31.107,,2026-08-19T03:00:00+00:00,120.249405,31.107204,precipitation,precipitation,0.0,0.0,mm,mm,forecast_proxy,Open-Meteo hourly unit mm,False,,,"[""Q08"", ""Q99""]",True
open_meteo_forecast,storage\raw\open_meteo_forecast\20260818T112114Z.json,36:shortwave_radiation,OPEN_METEO_120.249_31.107,,2026-08-19T03:00:00+00:00,120.249405,31.107204,shortwave_radiation,shortwave_radiation,11.0,11.0,W/m2,W/m2,forecast_proxy,Open-Meteo hourly unit W/m²,False,,,"[""Q08"", ""Q99""]",True
open_meteo_forecast,storage\raw\open_meteo_forecast\20260818T112114Z.json,37:temperature_2m,OPEN_METEO_120.249_31.107,,2026-08-19T04:00:00+00:00,120.249405,31.107204,air_temperature,temperature_2m,28.3,28.3,degC,degC,forecast_proxy,Open-Meteo hourly unit °C,False,,,"[""Q08"", ""Q99""]",True
open_meteo_forecast,storage\raw\open_meteo_forecast\20260818T112114Z.json,37:wind_speed_10m,OPEN_METEO_120.249_31.107,,2026-08-19T04:00:00+00:00,120.249405,31.107204,wind_speed,wind_speed_10m,6.96,6.96,m/s,m/s,forecast_proxy,Open-Meteo hourly unit m/s,False,,,"[""Q08"", ""Q99""]",True
open_meteo_forecast,storage\raw\open_meteo_forecast\20260818T112114Z.json,37:wind_direction_10m,OPEN_METEO_120.249_31.107,,2026-08-19T04:00:00+00:00,120.249405,31.107204,wind_direction,wind_direction_10m,110,110.0,degree,degree,forecast_proxy,Open-Meteo hourly unit °,False,,,"[""Q08"", ""Q99""]",True
open_meteo_forecast,storage\raw\open_meteo_forecast\20260818T112114Z.json,37:precipitation,OPEN_METEO_120.249_31.107,,2026-08-19T04:00:00+00:00,120.249405,31.107204,precipitation,precipitation,0.0,0.0,mm,mm,forecast_proxy,Open-Meteo hourly unit mm,False,,,"[""Q08"", ""Q99""]",True
open_meteo_forecast,storage\raw\open_meteo_forecast\20260818T112114Z.json,37:shortwave_radiation,OPEN_METEO_120.249_31.107,,2026-08-19T04:00:00+00:00,120.249405,31.107204,shortwave_radiation,shortwave_radiation,0.0,0.0,W/m2,W/m2,forecast_proxy,Open-Meteo hourly unit W/m²,False,,,"[""Q08"", ""Q99""]",True
open_meteo_forecast,storage\raw\open_meteo_forecast\20260818T112114Z.json,38:temperature_2m,OPEN_METEO_120.249_31.107,,2026-08-19T05:00:00+00:00,120.249405,31.107204,air_temperature,temperature_2m,28.0,28.0,degC,degC,forecast_proxy,Open-Meteo hourly unit °C,False,,,"[""Q08"", ""Q99""]",True
open_meteo_forecast,storage\raw\open_meteo_forecast\20260818T112114Z.json,38:wind_speed_10m,OPEN_METEO_120.249_31.107,,2026-08-19T05:00:00+00:00,120.249405,31.107204,wind_speed,wind_speed_10m,6.43,6.43,m/s,m/s,forecast_proxy,Open-Meteo hourly unit m/s,False,,,"[""Q08"", ""Q99""]",True
open_meteo_forecast,storage\raw\open_meteo_forecast\20260818T112114Z.json,38:wind_direction_10m,OPEN_METEO_120.249_31.107,,2026-08-19T05:00:00+00:00,120.249405,31.107204,wind_direction,wind_direction_10m,105,105.0,degree,degree,forecast_proxy,Open-Meteo hourly unit °,False,,,"[""Q08"", ""Q99""]",True
open_meteo_forecast,storage\raw\open_meteo_forecast\20260818T112114Z.json,38:precipitation,OPEN_METEO_120.249_31.107,,2026-08-19T05:00:00+00:00,120.249405,31.107204,precipitation,precipitation,0.0,0.0,mm,mm,forecast_proxy,Open-Meteo hourly unit mm,False,,,"[""Q08"", ""Q99""]",True
open_meteo_forecast,storage\raw\open_meteo_forecast\20260818T112114Z.json,38:shortwave_radiation,OPEN_METEO_120.249_31.107,,2026-08-19T05:00:00+00:00,120.249405,31.107204,shortwave_radiation,shortwave_radiation,0.0,0.0,W/m2,W/m2,forecast_proxy,Open-Meteo hourly unit W/m²,False,,,"[""Q08"", ""Q99""]",True
open_meteo_forecast,storage\raw\open_meteo_forecast\20260818T112114Z.json,39:temperature_2m,OPEN_METEO_120.249_31.107,,2026-08-19T06:00:00+00:00,120.249405,31.107204,air_temperature,temperature_2m,27.7,27.7,degC,degC,forecast_proxy,Open-Meteo hourly unit °C,False,,,"[""Q08"", ""Q99""]",True
open_meteo_forecast,storage\raw\open_meteo_forecast\20260818T112114Z.json,39:wind_speed_10m,OPEN_METEO_120.249_31.107,,2026-08-19T06:00:00+00:00,120.249405,31.107204,wind_speed,wind_speed_10m,5.84,5.84,m/s,m/s,forecast_proxy,Open-Meteo hourly unit m/s,False,,,"[""Q08"", ""Q99""]",True
open_meteo_forecast,storage\raw\open_meteo_forecast\20260818T112114Z.json,39:wind_direction_10m,OPEN_METEO_120.249_31.107,,2026-08-19T06:00:00+00:00,120.249405,31.107204,wind_direction,wind_direction_10m,102,102.0,degree,degree,forecast_proxy,Open-Meteo hourly unit °,False,,,"[""Q08"", ""Q99""]",True
open_meteo_forecast,storage\raw\open_meteo_forecast\20260818T112114Z.json,39:precipitation,OPEN_METEO_120.249_31.107,,2026-08-19T06:00:00+00:00,120.249405,31.107204,precipitation,precipitation,0.0,0.0,mm,mm,forecast_proxy,Open-Meteo hourly unit mm,False,,,"[""Q08"", ""Q99""]",True
open_meteo_forecast,storage\raw\open_meteo_forecast\20260818T112114Z.json,39:shortwave_radiation,OPEN_METEO_120.249_31.107,,2026-08-19T06:00:00+00:00,120.249405,31.107204,shortwave_radiation,shortwave_radiation,0.0,0.0,W/m2,W/m2,forecast_proxy,Open-Meteo hourly unit W/m²,False,,,"[""Q08"", ""Q99""]",True
open_meteo_forecast,storage\raw\open_meteo_forecast\20260818T112114Z.json,40:temperature_2m,OPEN_METEO_120.249_31.107,,2026-08-19T07:00:00+00:00,120.249405,31.107204,air_temperature,temperature_2m,27.5,27.5,degC,degC,forecast_proxy,Open-Meteo hourly unit °C,False,,,"[""Q08"", ""Q99""]",True
open_meteo_forecast,storage\raw\open_meteo_forecast\20260818T112114Z.json,40:wind_speed_10m,OPEN_METEO_120.249_31.107,,2026-08-19T07:00:00+00:00,120.249405,31.107204,wind_speed,wind_speed_10m,5.07,5.07,m/s,m/s,forecast_proxy,Open-Meteo hourly unit m/s,False,,,"[""Q08"", ""Q99""]",True
open_meteo_forecast,storage\raw\open_meteo_forecast\20260818T112114Z.json,40:wind_direction_10m,OPEN_METEO_120.249_31.107,,2026-08-19T07:00:00+00:00,120.249405,31.107204,wind_direction,wind_direction_10m,96,96.0,degree,degree,forecast_proxy,Open-Meteo hourly unit °,False,,,"[""Q08"", ""Q99""]",True
open_meteo_forecast,storage\raw\open_meteo_forecast\20260818T112114Z.json,40:precipitation,OPEN_METEO_120.249_31.107,,2026-08-19T07:00:00+00:00,120.249405,31.107204,precipitation,precipitation,0.0,0.0,mm,mm,forecast_proxy,Open-Meteo hourly unit mm,False,,,"[""Q08"", ""Q99""]",True
open_meteo_forecast,storage\raw\open_meteo_forecast\20260818T112114Z.json,40:shortwave_radiation,OPEN_METEO_120.249_31.107,,2026-08-19T07:00:00+00:00,120.249405,31.107204,shortwave_radiation,shortwave_radiation,0.0,0.0,W/m2,W/m2,forecast_proxy,Open-Meteo hourly unit W/m²,False,,,"[""Q08"", ""Q99""]",True
open_meteo_forecast,storage\raw\open_meteo_forecast\20260818T112114Z.json,41:temperature_2m,OPEN_METEO_120.249_31.107,,2026-08-19T08:00:00+00:00,120.249405,31.107204,air_temperature,temperature_2m,27.3,27.3,degC,degC,forecast_proxy,Open-Meteo hourly unit °C,False,,,"[""Q08"", ""Q99""]",True
open_meteo_forecast,storage\raw\open_meteo_forecast\20260818T112114Z.json,41:wind_speed_10m,OPEN_METEO_120.249_31.107,,2026-08-19T08:00:00+00:00,120.249405,31.107204,wind_speed,wind_speed_10m,5.1,5.1,m/s,m/s,forecast_proxy,Open-Meteo hourly unit m/s,False,,,"[""Q08"", ""Q99""]",True
open_meteo_forecast,storage\raw\open_meteo_forecast\20260818T112114Z.json,41:wind_direction_10m,OPEN_METEO_120.249_31.107,,2026-08-19T08:00:00+00:00,120.249405,31.107204,wind_direction,wind_direction_10m,98,98.0,degree,degree,forecast_proxy,Open-Meteo hourly unit °,False,,,"[""Q08"", ""Q99""]",True
open_meteo_forecast,storage\raw\open_meteo_forecast\20260818T112114Z.json,41:precipitation,OPEN_METEO_120.249_31.107,,2026-08-19T08:00:00+00:00,120.249405,31.107204,precipitation,precipitation,0.0,0.0,mm,mm,forecast_proxy,Open-Meteo hourly unit mm,False,,,"[""Q08"", ""Q99""]",True
open_meteo_forecast,storage\raw\open_meteo_forecast\20260818T112114Z.json,41:shortwave_radiation,OPEN_METEO_120.249_31.107,,2026-08-19T08:00:00+00:00,120.249405,31.107204,shortwave_radiation,shortwave_radiation,0.0,0.0,W/m2,W/m2,forecast_proxy,Open-Meteo hourly unit W/m²,False,,,"[""Q08"", ""Q99""]",True
open_meteo_forecast,storage\raw\open_meteo_forecast\20260818T112114Z.json,42:temperature_2m,OPEN_METEO_120.249_31.107,,2026-08-19T09:00:00+00:00,120.249405,31.107204,air_temperature,temperature_2m,27.3,27.3,degC,degC,forecast_proxy,Open-Meteo hourly unit °C,False,,,"[""Q08"", ""Q99""]",True
open_meteo_forecast,storage\raw\open_meteo_forecast\20260818T112114Z.json,42:wind_speed_10m,OPEN_METEO_120.249_31.107,,2026-08-19T09:00:00+00:00,120.249405,31.107204,wind_speed,wind_speed_10m,4.95,4.95,m/s,m/s,forecast_proxy,Open-Meteo hourly unit m/s,False,,,"[""Q08"", ""Q99""]",True
open_meteo_forecast,storage\raw\open_meteo_forecast\20260818T112114Z.json,42:wind_direction_10m,OPEN_METEO_120.249_31.107,,2026-08-19T09:00:00+00:00,120.249405,31.107204,wind_direction,wind_direction_10m,102,102.0,degree,degree,forecast_proxy,Open-Meteo hourly unit °,False,,,"[""Q08"", ""Q99""]",True
open_meteo_forecast,storage\raw\open_meteo_forecast\20260818T112114Z.json,42:precipitation,OPEN_METEO_120.249_31.107,,2026-08-19T09:00:00+00:00,120.249405,31.107204,precipitation,precipitation,0.0,0.0,mm,mm,forecast_proxy,Open-Meteo hourly unit mm,False,,,"[""Q08"", ""Q99""]",True
open_meteo_forecast,storage\raw\open_meteo_forecast\20260818T112114Z.json,42:shortwave_radiation,OPEN_METEO_120.249_31.107,,2026-08-19T09:00:00+00:00,120.249405,31.107204,shortwave_radiation,shortwave_radiation,0.0,0.0,W/m2,W/m2,forecast_proxy,Open-Meteo hourly unit W/m²,False,,,"[""Q08"", ""Q99""]",True
open_meteo_forecast,storage\raw\open_meteo_forecast\20260818T112114Z.json,43:temperature_2m,OPEN_METEO_120.249_31.107,,2026-08-19T10:00:00+00:00,120.249405,31.107204,air_temperature,temperature_2m,27.3,27.3,degC,degC,forecast_proxy,Open-Meteo hourly unit °C,False,,,"[""Q08"", ""Q99""]",True
open_meteo_forecast,storage\raw\open_meteo_forecast\20260818T112114Z.json,43:wind_speed_10m,OPEN_METEO_120.249_31.107,,2026-08-19T10:00:00+00:00,120.249405,31.107204,wind_speed,wind_speed_10m,4.53,4.53,m/s,m/s,forecast_proxy,Open-Meteo hourly unit m/s,False,,,"[""Q08"", ""Q99""]",True
open_meteo_forecast,storage\raw\open_meteo_forecast\20260818T112114Z.json,43:wind_direction_10m,OPEN_METEO_120.249_31.107,,2026-08-19T10:00:00+00:00,120.249405,31.107204,wind_direction,wind_direction_10m,96,96.0,degree,degree,forecast_proxy,Open-Meteo hourly unit °,False,,,"[""Q08"", ""Q99""]",True
open_meteo_forecast,storage\raw\open_meteo_forecast\20260818T112114Z.json,43:precipitation,OPEN_METEO_120.249_31.107,,2026-08-19T10:00:00+00:00,120.249405,31.107204,precipitation,precipitation,0.0,0.0,mm,mm,forecast_proxy,Open-Meteo hourly unit mm,False,,,"[""Q08"", ""Q99""]",True
open_meteo_forecast,storage\raw\open_meteo_forecast\20260818T112114Z.json,43:shortwave_radiation,OPEN_METEO_120.249_31.107,,2026-08-19T10:00:00+00:00,120.249405,31.107204,shortwave_radiation,shortwave_radiation,0.0,0.0,W/m2,W/m2,forecast_proxy,Open-Meteo hourly unit W/m²,False,,,"[""Q08"", ""Q99""]",True
open_meteo_forecast,storage\raw\open_meteo_forecast\20260818T112114Z.json,44:temperature_2m,OPEN_METEO_120.249_31.107,,2026-08-19T11:00:00+00:00,120.249405,31.107204,air_temperature,temperature_2m,27.3,27.3,degC,degC,forecast_proxy,Open-Meteo hourly unit °C,False,,,"[""Q08"", ""Q99""]",True
open_meteo_forecast,storage\raw\open_meteo_forecast\20260818T112114Z.json,44:wind_speed_10m,OPEN_METEO_120.249_31.107,,2026-08-19T11:00:00+00:00,120.249405,31.107204,wind_speed,wind_speed_10m,4.35,4.35,m/s,m/s,forecast_proxy,Open-Meteo hourly unit m/s,False,,,"[""Q08"", ""Q99""]",True
open_meteo_forecast,storage\raw\open_meteo_forecast\20260818T112114Z.json,44:wind_direction_10m,OPEN_METEO_120.249_31.107,,2026-08-19T11:00:00+00:00,120.249405,31.107204,wind_direction,wind_direction_10m,77,77.0,degree,degree,forecast_proxy,Open-Meteo hourly unit °,False,,,"[""Q08"", ""Q99""]",True
open_meteo_forecast,storage\raw\open_meteo_forecast\20260818T112114Z.json,44:precipitation,OPEN_METEO_120.249_31.107,,2026-08-19T11:00:00+00:00,120.249405,31.107204,precipitation,precipitation,0.0,0.0,mm,mm,forecast_proxy,Open-Meteo hourly unit mm,False,,,"[""Q08"", ""Q99""]",True
open_meteo_forecast,storage\raw\open_meteo_forecast\20260818T112114Z.json,44:shortwave_radiation,OPEN_METEO_120.249_31.107,,2026-08-19T11:00:00+00:00,120.249405,31.107204,shortwave_radiation,shortwave_radiation,0.0,0.0,W/m2,W/m2,forecast_proxy,Open-Meteo hourly unit W/m²,False,,,"[""Q08"", ""Q99""]",True
open_meteo_forecast,storage\raw\open_meteo_forecast\20260818T112114Z.json,45:temperature_2m,OPEN_METEO_120.249_31.107,,2026-08-19T12:00:00+00:00,120.249405,31.107204,air_temperature,temperature_2m,27.1,27.1,degC,degC,forecast_proxy,Open-Meteo hourly unit °C,False,,,"[""Q08"", ""Q99""]",True
open_meteo_forecast,storage\raw\open_meteo_forecast\20260818T112114Z.json,45:wind_speed_10m,OPEN_METEO_120.249_31.107,,2026-08-19T12:00:00+00:00,120.249405,31.107204,wind_speed,wind_speed_10m,5.6,5.6,m/s,m/s,forecast_proxy,Open-Meteo hourly unit m/s,False,,,"[""Q08"", ""Q99""]",True
open_meteo_forecast,storage\raw\open_meteo_forecast\20260818T112114Z.json,45:wind_direction_10m,OPEN_METEO_120.249_31.107,,2026-08-19T12:00:00+00:00,120.249405,31.107204,wind_direction,wind_direction_10m,71,71.0,degree,degree,forecast_proxy,Open-Meteo hourly unit °,False,,,"[""Q08"", ""Q99""]",True
open_meteo_forecast,storage\raw\open_meteo_forecast\20260818T112114Z.json,45:precipitation,OPEN_METEO_120.249_31.107,,2026-08-19T12:00:00+00:00,120.249405,31.107204,precipitation,precipitation,0.2,0.2,mm,mm,forecast_proxy,Open-Meteo hourly unit mm,False,,,"[""Q08"", ""Q99""]",True
open_meteo_forecast,storage\raw\open_meteo_forecast\20260818T112114Z.json,45:shortwave_radiation,OPEN_METEO_120.249_31.107,,2026-08-19T12:00:00+00:00,120.249405,31.107204,shortwave_radiation,shortwave_radiation,0.0,0.0,W/m2,W/m2,forecast_proxy,Open-Meteo hourly unit W/m²,False,,,"[""Q08"", ""Q99""]",True
open_meteo_forecast,storage\raw\open_meteo_forecast\20260818T112114Z.json,46:temperature_2m,OPEN_METEO_120.249_31.107,,2026-08-19T13:00:00+00:00,120.249405,31.107204,air_temperature,temperature_2m,27.0,27.0,degC,degC,forecast_proxy,Open-Meteo hourly unit °C,False,,,"[""Q08"", ""Q99""]",True
open_meteo_forecast,storage\raw\open_meteo_forecast\20260818T112114Z.json,46:wind_speed_10m,OPEN_METEO_120.249_31.107,,2026-08-19T13:00:00+00:00,120.249405,31.107204,wind_speed,wind_speed_10m,4.33,4.33,m/s,m/s,forecast_proxy,Open-Meteo hourly unit m/s,False,,,"[""Q08"", ""Q99""]",True
open_meteo_forecast,storage\raw\open_meteo_forecast\20260818T112114Z.json,46:wind_direction_10m,OPEN_METEO_120.249_31.107,,2026-08-19T13:00:00+00:00,120.249405,31.107204,wind_direction,wind_direction_10m,76,76.0,degree,degree,forecast_proxy,Open-Meteo hourly unit °,False,,,"[""Q08"", ""Q99""]",True
open_meteo_forecast,storage\raw\open_meteo_forecast\20260818T112114Z.json,46:precipitation,OPEN_METEO_120.249_31.107,,2026-08-19T13:00:00+00:00,120.249405,31.107204,precipitation,precipitation,0.3,0.3,mm,mm,forecast_proxy,Open-Meteo hourly unit mm,False,,,"[""Q08"", ""Q99""]",True
open_meteo_forecast,storage\raw\open_meteo_forecast\20260818T112114Z.json,46:shortwave_radiation,OPEN_METEO_120.249_31.107,,2026-08-19T13:00:00+00:00,120.249405,31.107204,shortwave_radiation,shortwave_radiation,0.0,0.0,W/m2,W/m2,forecast_proxy,Open-Meteo hourly unit W/m²,False,,,"[""Q08"", ""Q99""]",True
open_meteo_forecast,storage\raw\open_meteo_forecast\20260818T112114Z.json,47:temperature_2m,OPEN_METEO_120.249_31.107,,2026-08-19T14:00:00+00:00,120.249405,31.107204,air_temperature,temperature_2m,27.2,27.2,degC,degC,forecast_proxy,Open-Meteo hourly unit °C,False,,,"[""Q08"", ""Q99""]",True
open_meteo_forecast,storage\raw\open_meteo_forecast\20260818T112114Z.json,47:wind_speed_10m,OPEN_METEO_120.249_31.107,,2026-08-19T14:00:00+00:00,120.249405,31.107204,wind_speed,wind_speed_10m,5.56,5.56,m/s,m/s,forecast_proxy,Open-Meteo hourly unit m/s,False,,,"[""Q08"", ""Q99""]",True
open_meteo_forecast,storage\raw\open_meteo_forecast\20260818T112114Z.json,47:wind_direction_10m,OPEN_METEO_120.249_31.107,,2026-08-19T14:00:00+00:00,120.249405,31.107204,wind_direction,wind_direction_10m,86,86.0,degree,degree,forecast_proxy,Open-Meteo hourly unit °,False,,,"[""Q08"", ""Q99""]",True
open_meteo_forecast,storage\raw\open_meteo_forecast\20260818T112114Z.json,47:precipitation,OPEN_METEO_120.249_31.107,,2026-08-19T14:00:00+00:00,120.249405,31.107204,precipitation,precipitation,0.3,0.3,mm,mm,forecast_proxy,Open-Meteo hourly unit mm,False,,,"[""Q08"", ""Q99""]",True
open_meteo_forecast,storage\raw\open_meteo_forecast\20260818T112114Z.json,47:shortwave_radiation,OPEN_METEO_120.249_31.107,,2026-08-19T14:00:00+00:00,120.249405,31.107204,shortwave_radiation,shortwave_radiation,8.0,8.0,W/m2,W/m2,forecast_proxy,Open-Meteo hourly unit W/m²,False,,,"[""Q08"", ""Q99""]",True
open_meteo_forecast,storage\raw\open_meteo_forecast\20260818T112114Z.json,48:temperature_2m,OPEN_METEO_120.249_31.107,,2026-08-19T15:00:00+00:00,120.249405,31.107204,air_temperature,temperature_2m,27.4,27.4,degC,degC,forecast_proxy,Open-Meteo hourly unit °C,False,,,"[""Q08"", ""Q99""]",True
open_meteo_forecast,storage\raw\open_meteo_forecast\20260818T112114Z.json,48:wind_speed_10m,OPEN_METEO_120.249_31.107,,2026-08-19T15:00:00+00:00,120.249405,31.107204,wind_speed,wind_speed_10m,4.37,4.37,m/s,m/s,forecast_proxy,Open-Meteo hourly unit m/s,False,,,"[""Q08"", ""Q99""]",True
open_meteo_forecast,storage\raw\open_meteo_forecast\20260818T112114Z.json,48:wind_direction_10m,OPEN_METEO_120.249_31.107,,2026-08-19T15:00:00+00:00,120.249405,31.107204,wind_direction,wind_direction_10m,85,85.0,degree,degree,forecast_proxy,Open-Meteo hourly unit °,False,,,"[""Q08"", ""Q99""]",True
open_meteo_forecast,storage\raw\open_meteo_forecast\20260818T112114Z.json,48:precipitation,OPEN_METEO_120.249_31.107,,2026-08-19T15:00:00+00:00,120.249405,31.107204,precipitation,precipitation,0.2,0.2,mm,mm,forecast_proxy,Open-Meteo hourly unit mm,False,,,"[""Q08"", ""Q99""]",True
open_meteo_forecast,storage\raw\open_meteo_forecast\20260818T112114Z.json,48:shortwave_radiation,OPEN_METEO_120.249_31.107,,2026-08-19T15:00:00+00:00,120.249405,31.107204,shortwave_radiation,shortwave_radiation,90.0,90.0,W/m2,W/m2,forecast_proxy,Open-Meteo hourly unit W/m²,False,,,"[""Q08"", ""Q99""]",True
open_meteo_forecast,storage\raw\open_meteo_forecast\20260818T112114Z.json,49:temperature_2m,OPEN_METEO_120.249_31.107,,2026-08-19T16:00:00+00:00,120.249405,31.107204,air_temperature,temperature_2m,27.9,27.9,degC,degC,forecast_proxy,Open-Meteo hourly unit °C,False,,,"[""Q08"", ""Q99""]",True
open_meteo_forecast,storage\raw\open_meteo_forecast\20260818T112114Z.json,49:wind_speed_10m,OPEN_METEO_120.249_31.107,,2026-08-19T16:00:00+00:00,120.249405,31.107204,wind_speed,wind_speed_10m,4.83,4.83,m/s,m/s,forecast_proxy,Open-Meteo hourly unit m/s,False,,,"[""Q08"", ""Q99""]",True
open_meteo_forecast,storage\raw\open_meteo_forecast\20260818T112114Z.json,49:wind_direction_10m,OPEN_METEO_120.249_31.107,,2026-08-19T16:00:00+00:00,120.249405,31.107204,wind_direction,wind_direction_10m,83,83.0,degree,degree,forecast_proxy,Open-Meteo hourly unit °,False,,,"[""Q08"", ""Q99""]",True
open_meteo_forecast,storage\raw\open_meteo_forecast\20260818T112114Z.json,49:precipitation,OPEN_METEO_120.249_31.107,,2026-08-19T16:00:00+00:00,120.249405,31.107204,precipitation,precipitation,0.2,0.2,mm,mm,forecast_proxy,Open-Meteo hourly unit mm,False,,,"[""Q08"", ""Q99""]",True
open_meteo_forecast,storage\raw\open_meteo_forecast\20260818T112114Z.json,49:shortwave_radiation,OPEN_METEO_120.249_31.107,,2026-08-19T16:00:00+00:00,120.249405,31.107204,shortwave_radiation,shortwave_radiation,285.0,285.0,W/m2,W/m2,forecast_proxy,Open-Meteo hourly unit W/m²,False,,,"[""Q08"", ""Q99""]",True
open_meteo_forecast,storage\raw\open_meteo_forecast\20260818T112114Z.json,50:temperature_2m,OPEN_METEO_120.249_31.107,,2026-08-19T17:00:00+00:00,120.249405,31.107204,air_temperature,temperature_2m,28.2,28.2,degC,degC,forecast_proxy,Open-Meteo hourly unit °C,False,,,"[""Q08"", ""Q99""]",True
open_meteo_forecast,storage\raw\open_meteo_forecast\20260818T112114Z.json,50:wind_speed_10m,OPEN_METEO_120.249_31.107,,2026-08-19T17:00:00+00:00,120.249405,31.107204,wind_speed,wind_speed_10m,4.61,4.61,m/s,m/s,forecast_proxy,Open-Meteo hourly unit m/s,False,,,"[""Q08"", ""Q99""]",True
open_meteo_forecast,storage\raw\open_meteo_forecast\20260818T112114Z.json,50:wind_direction_10m,OPEN_METEO_120.249_31.107,,2026-08-19T17:00:00+00:00,120.249405,31.107204,wind_direction,wind_direction_10m,86,86.0,degree,degree,forecast_proxy,Open-Meteo hourly unit °,False,,,"[""Q08"", ""Q99""]",True
open_meteo_forecast,storage\raw\open_meteo_forecast\20260818T112114Z.json,50:precipitation,OPEN_METEO_120.249_31.107,,2026-08-19T17:00:00+00:00,120.249405,31.107204,precipitation,precipitation,0.5,0.5,mm,mm,forecast_proxy,Open-Meteo hourly unit mm,False,,,"[""Q08"", ""Q99""]",True
open_meteo_forecast,storage\raw\open_meteo_forecast\20260818T112114Z.json,50:shortwave_radiation,OPEN_METEO_120.249_31.107,,2026-08-19T17:00:00+00:00,120.249405,31.107204,shortwave_radiation,shortwave_radiation,417.0,417.0,W/m2,W/m2,forecast_proxy,Open-Meteo hourly unit W/m²,False,,,"[""Q08"", ""Q99""]",True
open_meteo_forecast,storage\raw\open_meteo_forecast\20260818T112114Z.json,51:temperature_2m,OPEN_METEO_120.249_31.107,,2026-08-19T18:00:00+00:00,120.249405,31.107204,air_temperature,temperature_2m,28.9,28.9,degC,degC,forecast_proxy,Open-Meteo hourly unit °C,False,,,"[""Q08"", ""Q99""]",True
open_meteo_forecast,storage\raw\open_meteo_forecast\20260818T112114Z.json,51:wind_speed_10m,OPEN_METEO_120.249_31.107,,2026-08-19T18:00:00+00:00,120.249405,31.107204,wind_speed,wind_speed_10m,4.26,4.26,m/s,m/s,forecast_proxy,Open-Meteo hourly unit m/s,False,,,"[""Q08"", ""Q99""]",True
open_meteo_forecast,storage\raw\open_meteo_forecast\20260818T112114Z.json,51:wind_direction_10m,OPEN_METEO_120.249_31.107,,2026-08-19T18:00:00+00:00,120.249405,31.107204,wind_direction,wind_direction_10m,77,77.0,degree,degree,forecast_proxy,Open-Meteo hourly unit °,False,,,"[""Q08"", ""Q99""]",True
open_meteo_forecast,storage\raw\open_meteo_forecast\20260818T112114Z.json,51:precipitation,OPEN_METEO_120.249_31.107,,2026-08-19T18:00:00+00:00,120.249405,31.107204,precipitation,precipitation,1.1,1.1,mm,mm,forecast_proxy,Open-Meteo hourly unit mm,False,,,"[""Q08"", ""Q99""]",True
open_meteo_forecast,storage\raw\open_meteo_forecast\20260818T112114Z.json,51:shortwave_radiation,OPEN_METEO_120.249_31.107,,2026-08-19T18:00:00+00:00,120.249405,31.107204,shortwave_radiation,shortwave_radiation,491.0,491.0,W/m2,W/m2,forecast_proxy,Open-Meteo hourly unit W/m²,False,,,"[""Q08"", ""Q99""]",True
open_meteo_forecast,storage\raw\open_meteo_forecast\20260818T112114Z.json,52:temperature_2m,OPEN_METEO_120.249_31.107,,2026-08-19T19:00:00+00:00,120.249405,31.107204,air_temperature,temperature_2m,29.0,29.0,degC,degC,forecast_proxy,Open-Meteo hourly unit °C,False,,,"[""Q08"", ""Q99""]",True
open_meteo_forecast,storage\raw\open_meteo_forecast\20260818T112114Z.json,52:wind_speed_10m,OPEN_METEO_120.249_31.107,,2026-08-19T19:00:00+00:00,120.249405,31.107204,wind_speed,wind_speed_10m,4.27,4.27,m/s,m/s,forecast_proxy,Open-Meteo hourly unit m/s,False,,,"[""Q08"", ""Q99""]",True
open_meteo_forecast,storage\raw\open_meteo_forecast\20260818T112114Z.json,52:wind_direction_10m,OPEN_METEO_120.249_31.107,,2026-08-19T19:00:00+00:00,120.249405,31.107204,wind_direction,wind_direction_10m,80,80.0,degree,degree,forecast_proxy,Open-Meteo hourly unit °,False,,,"[""Q08"", ""Q99""]",True
open_meteo_forecast,storage\raw\open_meteo_forecast\20260818T112114Z.json,52:precipitation,OPEN_METEO_120.249_31.107,,2026-08-19T19:00:00+00:00,120.249405,31.107204,precipitation,precipitation,1.1,1.1,mm,mm,forecast_proxy,Open-Meteo hourly unit mm,False,,,"[""Q08"", ""Q99""]",True
open_meteo_forecast,storage\raw\open_meteo_forecast\20260818T112114Z.json,52:shortwave_radiation,OPEN_METEO_120.249_31.107,,2026-08-19T19:00:00+00:00,120.249405,31.107204,shortwave_radiation,shortwave_radiation,729.0,729.0,W/m2,W/m2,forecast_proxy,Open-Meteo hourly unit W/m²,False,,,"[""Q08"", ""Q99""]",True
open_meteo_forecast,storage\raw\open_meteo_forecast\20260818T112114Z.json,53:temperature_2m,OPEN_METEO_120.249_31.107,,2026-08-19T20:00:00+00:00,120.249405,31.107204,air_temperature,temperature_2m,29.1,29.1,degC,degC,forecast_proxy,Open-Meteo hourly unit °C,False,,,"[""Q08"", ""Q99""]",True
open_meteo_forecast,storage\raw\open_meteo_forecast\20260818T112114Z.json,53:wind_speed_10m,OPEN_METEO_120.249_31.107,,2026-08-19T20:00:00+00:00,120.249405,31.107204,wind_speed,wind_speed_10m,3.35,3.35,m/s,m/s,forecast_proxy,Open-Meteo hourly unit m/s,False,,,"[""Q08"", ""Q99""]",True
open_meteo_forecast,storage\raw\open_meteo_forecast\20260818T112114Z.json,53:wind_direction_10m,OPEN_METEO_120.249_31.107,,2026-08-19T20:00:00+00:00,120.249405,31.107204,wind_direction,wind_direction_10m,76,76.0,degree,degree,forecast_proxy,Open-Meteo hourly unit °,False,,,"[""Q08"", ""Q99""]",True
open_meteo_forecast,storage\raw\open_meteo_forecast\20260818T112114Z.json,53:precipitation,OPEN_METEO_120.249_31.107,,2026-08-19T20:00:00+00:00,120.249405,31.107204,precipitation,precipitation,0.4,0.4,mm,mm,forecast_proxy,Open-Meteo hourly unit mm,False,,,"[""Q08"", ""Q99""]",True
open_meteo_forecast,storage\raw\open_meteo_forecast\20260818T112114Z.json,53:shortwave_radiation,OPEN_METEO_120.249_31.107,,2026-08-19T20:00:00+00:00,120.249405,31.107204,shortwave_radiation,shortwave_radiation,672.0,672.0,W/m2,W/m2,forecast_proxy,Open-Meteo hourly unit W/m²,False,,,"[""Q08"", ""Q99""]",True
open_meteo_forecast,storage\raw\open_meteo_forecast\20260818T112114Z.json,54:temperature_2m,OPEN_METEO_120.249_31.107,,2026-08-19T21:00:00+00:00,120.249405,31.107204,air_temperature,temperature_2m,28.2,28.2,degC,degC,forecast_proxy,Open-Meteo hourly unit °C,False,,,"[""Q08"", ""Q99""]",True
open_meteo_forecast,storage\raw\open_meteo_forecast\20260818T112114Z.json,54:wind_speed_10m,OPEN_METEO_120.249_31.107,,2026-08-19T21:00:00+00:00,120.249405,31.107204,wind_speed,wind_speed_10m,3.88,3.88,m/s,m/s,forecast_proxy,Open-Meteo hourly unit m/s,False,,,"[""Q08"", ""Q99""]",True
open_meteo_forecast,storage\raw\open_meteo_forecast\20260818T112114Z.json,54:wind_direction_10m,OPEN_METEO_120.249_31.107,,2026-08-19T21:00:00+00:00,120.249405,31.107204,wind_direction,wind_direction_10m,97,97.0,degree,degree,forecast_proxy,Open-Meteo hourly unit °,False,,,"[""Q08"", ""Q99""]",True
open_meteo_forecast,storage\raw\open_meteo_forecast\20260818T112114Z.json,54:precipitation,OPEN_METEO_120.249_31.107,,2026-08-19T21:00:00+00:00,120.249405,31.107204,precipitation,precipitation,0.2,0.2,mm,mm,forecast_proxy,Open-Meteo hourly unit mm,False,,,"[""Q08"", ""Q99""]",True
open_meteo_forecast,storage\raw\open_meteo_forecast\20260818T112114Z.json,54:shortwave_radiation,OPEN_METEO_120.249_31.107,,2026-08-19T21:00:00+00:00,120.249405,31.107204,shortwave_radiation,shortwave_radiation,498.0,498.0,W/m2,W/m2,forecast_proxy,Open-Meteo hourly unit W/m²,False,,,"[""Q08"", ""Q99""]",True
open_meteo_forecast,storage\raw\open_meteo_forecast\20260818T112114Z.json,55:temperature_2m,OPEN_METEO_120.249_31.107,,2026-08-19T22:00:00+00:00,120.249405,31.107204,air_temperature,temperature_2m,27.5,27.5,degC,degC,forecast_proxy,Open-Meteo hourly unit °C,False,,,"[""Q08"", ""Q99""]",True
open_meteo_forecast,storage\raw\open_meteo_forecast\20260818T112114Z.json,55:wind_speed_10m,OPEN_METEO_120.249_31.107,,2026-08-19T22:00:00+00:00,120.249405,31.107204,wind_speed,wind_speed_10m,4.84,4.84,m/s,m/s,forecast_proxy,Open-Meteo hourly unit m/s,False,,,"[""Q08"", ""Q99""]",True
open_meteo_forecast,storage\raw\open_meteo_forecast\20260818T112114Z.json,55:wind_direction_10m,OPEN_METEO_120.249_31.107,,2026-08-19T22:00:00+00:00,120.249405,31.107204,wind_direction,wind_direction_10m,98,98.0,degree,degree,forecast_proxy,Open-Meteo hourly unit °,False,,,"[""Q08"", ""Q99""]",True
open_meteo_forecast,storage\raw\open_meteo_forecast\20260818T112114Z.json,55:precipitation,OPEN_METEO_120.249_31.107,,2026-08-19T22:00:00+00:00,120.249405,31.107204,precipitation,precipitation,0.4,0.4,mm,mm,forecast_proxy,Open-Meteo hourly unit mm,False,,,"[""Q08"", ""Q99""]",True
open_meteo_forecast,storage\raw\open_meteo_forecast\20260818T112114Z.json,55:shortwave_radiation,OPEN_METEO_120.249_31.107,,2026-08-19T22:00:00+00:00,120.249405,31.107204,shortwave_radiation,shortwave_radiation,378.0,378.0,W/m2,W/m2,forecast_proxy,Open-Meteo hourly unit W/m²,False,,,"[""Q08"", ""Q99""]",True
open_meteo_forecast,storage\raw\open_meteo_forecast\20260818T112114Z.json,56:temperature_2m,OPEN_METEO_120.249_31.107,,2026-08-19T23:00:00+00:00,120.249405,31.107204,air_temperature,temperature_2m,28.0,28.0,degC,degC,forecast_proxy,Open-Meteo hourly unit °C,False,,,"[""Q08"", ""Q99""]",True
open_meteo_forecast,storage\raw\open_meteo_forecast\20260818T112114Z.json,56:wind_speed_10m,OPEN_METEO_120.249_31.107,,2026-08-19T23:00:00+00:00,120.249405,31.107204,wind_speed,wind_speed_10m,5.32,5.32,m/s,m/s,forecast_proxy,Open-Meteo hourly unit m/s,False,,,"[""Q08"", ""Q99""]",True
open_meteo_forecast,storage\raw\open_meteo_forecast\20260818T112114Z.json,56:wind_direction_10m,OPEN_METEO_120.249_31.107,,2026-08-19T23:00:00+00:00,120.249405,31.107204,wind_direction,wind_direction_10m,86,86.0,degree,degree,forecast_proxy,Open-Meteo hourly unit °,False,,,"[""Q08"", ""Q99""]",True
open_meteo_forecast,storage\raw\open_meteo_forecast\20260818T112114Z.json,56:precipitation,OPEN_METEO_120.249_31.107,,2026-08-19T23:00:00+00:00,120.249405,31.107204,precipitation,precipitation,2.0,2.0,mm,mm,forecast_proxy,Open-Meteo hourly unit mm,False,,,"[""Q08"", ""Q99""]",True
open_meteo_forecast,storage\raw\open_meteo_forecast\20260818T112114Z.json,56:shortwave_radiation,OPEN_METEO_120.249_31.107,,2026-08-19T23:00:00+00:00,120.249405,31.107204,shortwave_radiation,shortwave_radiation,342.0,342.0,W/m2,W/m2,forecast_proxy,Open-Meteo hourly unit W/m²,False,,,"[""Q08"", ""Q99""]",True
open_meteo_forecast,storage\raw\open_meteo_forecast\20260818T112114Z.json,57:temperature_2m,OPEN_METEO_120.249_31.107,,2026-08-20T00:00:00+00:00,120.249405,31.107204,air_temperature,temperature_2m,27.9,27.9,degC,degC,forecast_proxy,Open-Meteo hourly unit °C,False,,,"[""Q08"", ""Q99""]",True
open_meteo_forecast,storage\raw\open_meteo_forecast\20260818T112114Z.json,57:wind_speed_10m,OPEN_METEO_120.249_31.107,,2026-08-20T00:00:00+00:00,120.249405,31.107204,wind_speed,wind_speed_10m,5.8,5.8,m/s,m/s,forecast_proxy,Open-Meteo hourly unit m/s,False,,,"[""Q08"", ""Q99""]",True
open_meteo_forecast,storage\raw\open_meteo_forecast\20260818T112114Z.json,57:wind_direction_10m,OPEN_METEO_120.249_31.107,,2026-08-20T00:00:00+00:00,120.249405,31.107204,wind_direction,wind_direction_10m,92,92.0,degree,degree,forecast_proxy,Open-Meteo hourly unit °,False,,,"[""Q08"", ""Q99""]",True
open_meteo_forecast,storage\raw\open_meteo_forecast\20260818T112114Z.json,57:precipitation,OPEN_METEO_120.249_31.107,,2026-08-20T00:00:00+00:00,120.249405,31.107204,precipitation,precipitation,2.0,2.0,mm,mm,forecast_proxy,Open-Meteo hourly unit mm,False,,,"[""Q08"", ""Q99""]",True
open_meteo_forecast,storage\raw\open_meteo_forecast\20260818T112114Z.json,57:shortwave_radiation,OPEN_METEO_120.249_31.107,,2026-08-20T00:00:00+00:00,120.249405,31.107204,shortwave_radiation,shortwave_radiation,326.0,326.0,W/m2,W/m2,forecast_proxy,Open-Meteo hourly unit W/m²,False,,,"[""Q08"", ""Q99""]",True
open_meteo_forecast,storage\raw\open_meteo_forecast\20260818T112114Z.json,58:temperature_2m,OPEN_METEO_120.249_31.107,,2026-08-20T01:00:00+00:00,120.249405,31.107204,air_temperature,temperature_2m,27.6,27.6,degC,degC,forecast_proxy,Open-Meteo hourly unit °C,False,,,"[""Q08"", ""Q99""]",True
open_meteo_forecast,storage\raw\open_meteo_forecast\20260818T112114Z.json,58:wind_speed_10m,OPEN_METEO_120.249_31.107,,2026-08-20T01:00:00+00:00,120.249405,31.107204,wind_speed,wind_speed_10m,6.62,6.62,m/s,m/s,forecast_proxy,Open-Meteo hourly unit m/s,False,,,"[""Q08"", ""Q99""]",True
open_meteo_forecast,storage\raw\open_meteo_forecast\20260818T112114Z.json,58:wind_direction_10m,OPEN_METEO_120.249_31.107,,2026-08-20T01:00:00+00:00,120.249405,31.107204,wind_direction,wind_direction_10m,82,82.0,degree,degree,forecast_proxy,Open-Meteo hourly unit °,False,,,"[""Q08"", ""Q99""]",True
open_meteo_forecast,storage\raw\open_meteo_forecast\20260818T112114Z.json,58:precipitation,OPEN_METEO_120.249_31.107,,2026-08-20T01:00:00+00:00,120.249405,31.107204,precipitation,precipitation,0.6,0.6,mm,mm,forecast_proxy,Open-Meteo hourly unit mm,False,,,"[""Q08"", ""Q99""]",True
open_meteo_forecast,storage\raw\open_meteo_forecast\20260818T112114Z.json,58:shortwave_radiation,OPEN_METEO_120.249_31.107,,2026-08-20T01:00:00+00:00,120.249405,31.107204,shortwave_radiation,shortwave_radiation,189.0,189.0,W/m2,W/m2,forecast_proxy,Open-Meteo hourly unit W/m²,False,,,"[""Q08"", ""Q99""]",True
open_meteo_forecast,storage\raw\open_meteo_forecast\20260818T112114Z.json,59:temperature_2m,OPEN_METEO_120.249_31.107,,2026-08-20T02:00:00+00:00,120.249405,31.107204,air_temperature,temperature_2m,27.7,27.7,degC,degC,forecast_proxy,Open-Meteo hourly unit °C,False,,,"[""Q08"", ""Q99""]",True
open_meteo_forecast,storage\raw\open_meteo_forecast\20260818T112114Z.json,59:wind_speed_10m,OPEN_METEO_120.249_31.107,,2026-08-20T02:00:00+00:00,120.249405,31.107204,wind_speed,wind_speed_10m,5.75,5.75,m/s,m/s,forecast_proxy,Open-Meteo hourly unit m/s,False,,,"[""Q08"", ""Q99""]",True
open_meteo_forecast,storage\raw\open_meteo_forecast\20260818T112114Z.json,59:wind_direction_10m,OPEN_METEO_120.249_31.107,,2026-08-20T02:00:00+00:00,120.249405,31.107204,wind_direction,wind_direction_10m,89,89.0,degree,degree,forecast_proxy,Open-Meteo hourly unit °,False,,,"[""Q08"", ""Q99""]",True
open_meteo_forecast,storage\raw\open_meteo_forecast\20260818T112114Z.json,59:precipitation,OPEN_METEO_120.249_31.107,,2026-08-20T02:00:00+00:00,120.249405,31.107204,precipitation,precipitation,0.3,0.3,mm,mm,forecast_proxy,Open-Meteo hourly unit mm,False,,,"[""Q08"", ""Q99""]",True
open_meteo_forecast,storage\raw\open_meteo_forecast\20260818T112114Z.json,59:shortwave_radiation,OPEN_METEO_120.249_31.107,,2026-08-20T02:00:00+00:00,120.249405,31.107204,shortwave_radiation,shortwave_radiation,98.0,98.0,W/m2,W/m2,forecast_proxy,Open-Meteo hourly unit W/m²,False,,,"[""Q08"", ""Q99""]",True
open_meteo_forecast,storage\raw\open_meteo_forecast\20260818T112114Z.json,60:temperature_2m,OPEN_METEO_120.249_31.107,,2026-08-20T03:00:00+00:00,120.249405,31.107204,air_temperature,temperature_2m,27.8,27.8,degC,degC,forecast_proxy,Open-Meteo hourly unit °C,False,,,"[""Q08"", ""Q99""]",True
open_meteo_forecast,storage\raw\open_meteo_forecast\20260818T112114Z.json,60:wind_speed_10m,OPEN_METEO_120.249_31.107,,2026-08-20T03:00:00+00:00,120.249405,31.107204,wind_speed,wind_speed_10m,6.05,6.05,m/s,m/s,forecast_proxy,Open-Meteo hourly unit m/s,False,,,"[""Q08"", ""Q99""]",True
open_meteo_forecast,storage\raw\open_meteo_forecast\20260818T112114Z.json,60:wind_direction_10m,OPEN_METEO_120.249_31.107,,2026-08-20T03:00:00+00:00,120.249405,31.107204,wind_direction,wind_direction_10m,90,90.0,degree,degree,forecast_proxy,Open-Meteo hourly unit °,False,,,"[""Q08"", ""Q99""]",True
open_meteo_forecast,storage\raw\open_meteo_forecast\20260818T112114Z.json,60:precipitation,OPEN_METEO_120.249_31.107,,2026-08-20T03:00:00+00:00,120.249405,31.107204,precipitation,precipitation,0.2,0.2,mm,mm,forecast_proxy,Open-Meteo hourly unit mm,False,,,"[""Q08"", ""Q99""]",True
open_meteo_forecast,storage\raw\open_meteo_forecast\20260818T112114Z.json,60:shortwave_radiation,OPEN_METEO_120.249_31.107,,2026-08-20T03:00:00+00:00,120.249405,31.107204,shortwave_radiation,shortwave_radiation,11.0,11.0,W/m2,W/m2,forecast_proxy,Open-Meteo hourly unit W/m²,False,,,"[""Q08"", ""Q99""]",True
open_meteo_forecast,storage\raw\open_meteo_forecast\20260818T112114Z.json,61:temperature_2m,OPEN_METEO_120.249_31.107,,2026-08-20T04:00:00+00:00,120.249405,31.107204,air_temperature,temperature_2m,27.8,27.8,degC,degC,forecast_proxy,Open-Meteo hourly unit °C,False,,,"[""Q08"", ""Q99""]",True
open_meteo_forecast,storage\raw\open_meteo_forecast\20260818T112114Z.json,61:wind_speed_10m,OPEN_METEO_120.249_31.107,,2026-08-20T04:00:00+00:00,120.249405,31.107204,wind_speed,wind_speed_10m,6.1,6.1,m/s,m/s,forecast_proxy,Open-Meteo hourly unit m/s,False,,,"[""Q08"", ""Q99""]",True
open_meteo_forecast,storage\raw\open_meteo_forecast\20260818T112114Z.json,61:wind_direction_10m,OPEN_METEO_120.249_31.107,,2026-08-20T04:00:00+00:00,120.249405,31.107204,wind_direction,wind_direction_10m,91,91.0,degree,degree,forecast_proxy,Open-Meteo hourly unit °,False,,,"[""Q08"", ""Q99""]",True
open_meteo_forecast,storage\raw\open_meteo_forecast\20260818T112114Z.json,61:precipitation,OPEN_METEO_120.249_31.107,,2026-08-20T04:00:00+00:00,120.249405,31.107204,precipitation,precipitation,0.2,0.2,mm,mm,forecast_proxy,Open-Meteo hourly unit mm,False,,,"[""Q08"", ""Q99""]",True
open_meteo_forecast,storage\raw\open_meteo_forecast\20260818T112114Z.json,61:shortwave_radiation,OPEN_METEO_120.249_31.107,,2026-08-20T04:00:00+00:00,120.249405,31.107204,shortwave_radiation,shortwave_radiation,0.0,0.0,W/m2,W/m2,forecast_proxy,Open-Meteo hourly unit W/m²,False,,,"[""Q08"", ""Q99""]",True
open_meteo_forecast,storage\raw\open_meteo_forecast\20260818T112114Z.json,62:temperature_2m,OPEN_METEO_120.249_31.107,,2026-08-20T05:00:00+00:00,120.249405,31.107204,air_temperature,temperature_2m,27.7,27.7,degC,degC,forecast_proxy,Open-Meteo hourly unit °C,False,,,"[""Q08"", ""Q99""]",True
open_meteo_forecast,storage\raw\open_meteo_forecast\20260818T112114Z.json,62:wind_speed_10m,OPEN_METEO_120.249_31.107,,2026-08-20T05:00:00+00:00,120.249405,31.107204,wind_speed,wind_speed_10m,5.8,5.8,m/s,m/s,forecast_proxy,Open-Meteo hourly unit m/s,False,,,"[""Q08"", ""Q99""]",True
open_meteo_forecast,storage\raw\open_meteo_forecast\20260818T112114Z.json,62:wind_direction_10m,OPEN_METEO_120.249_31.107,,2026-08-20T05:00:00+00:00,120.249405,31.107204,wind_direction,wind_direction_10m,91,91.0,degree,degree,forecast_proxy,Open-Meteo hourly unit °,False,,,"[""Q08"", ""Q99""]",True
open_meteo_forecast,storage\raw\open_meteo_forecast\20260818T112114Z.json,62:precipitation,OPEN_METEO_120.249_31.107,,2026-08-20T05:00:00+00:00,120.249405,31.107204,precipitation,precipitation,0.2,0.2,mm,mm,forecast_proxy,Open-Meteo hourly unit mm,False,,,"[""Q08"", ""Q99""]",True
open_meteo_forecast,storage\raw\open_meteo_forecast\20260818T112114Z.json,62:shortwave_radiation,OPEN_METEO_120.249_31.107,,2026-08-20T05:00:00+00:00,120.249405,31.107204,shortwave_radiation,shortwave_radiation,0.0,0.0,W/m2,W/m2,forecast_proxy,Open-Meteo hourly unit W/m²,False,,,"[""Q08"", ""Q99""]",True
open_meteo_forecast,storage\raw\open_meteo_forecast\20260818T112114Z.json,63:temperature_2m,OPEN_METEO_120.249_31.107,,2026-08-20T06:00:00+00:00,120.249405,31.107204,air_temperature,temperature_2m,27.5,27.5,degC,degC,forecast_proxy,Open-Meteo hourly unit °C,False,,,"[""Q08"", ""Q99""]",True
open_meteo_forecast,storage\raw\open_meteo_forecast\20260818T112114Z.json,63:wind_speed_10m,OPEN_METEO_120.249_31.107,,2026-08-20T06:00:00+00:00,120.249405,31.107204,wind_speed,wind_speed_10m,5.75,5.75,m/s,m/s,forecast_proxy,Open-Meteo hourly unit m/s,False,,,"[""Q08"", ""Q99""]",True
open_meteo_forecast,storage\raw\open_meteo_forecast\20260818T112114Z.json,63:wind_direction_10m,OPEN_METEO_120.249_31.107,,2026-08-20T06:00:00+00:00,120.249405,31.107204,wind_direction,wind_direction_10m,92,92.0,degree,degree,forecast_proxy,Open-Meteo hourly unit °,False,,,"[""Q08"", ""Q99""]",True
open_meteo_forecast,storage\raw\open_meteo_forecast\20260818T112114Z.json,63:precipitation,OPEN_METEO_120.249_31.107,,2026-08-20T06:00:00+00:00,120.249405,31.107204,precipitation,precipitation,0.3,0.3,mm,mm,forecast_proxy,Open-Meteo hourly unit mm,False,,,"[""Q08"", ""Q99""]",True
open_meteo_forecast,storage\raw\open_meteo_forecast\20260818T112114Z.json,63:shortwave_radiation,OPEN_METEO_120.249_31.107,,2026-08-20T06:00:00+00:00,120.249405,31.107204,shortwave_radiation,shortwave_radiation,0.0,0.0,W/m2,W/m2,forecast_proxy,Open-Meteo hourly unit W/m²,False,,,"[""Q08"", ""Q99""]",True
open_meteo_forecast,storage\raw\open_meteo_forecast\20260818T112114Z.json,64:temperature_2m,OPEN_METEO_120.249_31.107,,2026-08-20T07:00:00+00:00,120.249405,31.107204,air_temperature,temperature_2m,27.5,27.5,degC,degC,forecast_proxy,Open-Meteo hourly unit °C,False,,,"[""Q08"", ""Q99""]",True
open_meteo_forecast,storage\raw\open_meteo_forecast\20260818T112114Z.json,64:wind_speed_10m,OPEN_METEO_120.249_31.107,,2026-08-20T07:00:00+00:00,120.249405,31.107204,wind_speed,wind_speed_10m,5.55,5.55,m/s,m/s,forecast_proxy,Open-Meteo hourly unit m/s,False,,,"[""Q08"", ""Q99""]",True
open_meteo_forecast,storage\raw\open_meteo_forecast\20260818T112114Z.json,64:wind_direction_10m,OPEN_METEO_120.249_31.107,,2026-08-20T07:00:00+00:00,120.249405,31.107204,wind_direction,wind_direction_10m,92,92.0,degree,degree,forecast_proxy,Open-Meteo hourly unit °,False,,,"[""Q08"", ""Q99""]",True
open_meteo_forecast,storage\raw\open_meteo_forecast\20260818T112114Z.json,64:precipitation,OPEN_METEO_120.249_31.107,,2026-08-20T07:00:00+00:00,120.249405,31.107204,precipitation,precipitation,0.2,0.2,mm,mm,forecast_proxy,Open-Meteo hourly unit mm,False,,,"[""Q08"", ""Q99""]",True
open_meteo_forecast,storage\raw\open_meteo_forecast\20260818T112114Z.json,64:shortwave_radiation,OPEN_METEO_120.249_31.107,,2026-08-20T07:00:00+00:00,120.249405,31.107204,shortwave_radiation,shortwave_radiation,0.0,0.0,W/m2,W/m2,forecast_proxy,Open-Meteo hourly unit W/m²,False,,,"[""Q08"", ""Q99""]",True
open_meteo_forecast,storage\raw\open_meteo_forecast\20260818T112114Z.json,65:temperature_2m,OPEN_METEO_120.249_31.107,,2026-08-20T08:00:00+00:00,120.249405,31.107204,air_temperature,temperature_2m,27.4,27.4,degC,degC,forecast_proxy,Open-Meteo hourly unit °C,False,,,"[""Q08"", ""Q99""]",True
open_meteo_forecast,storage\raw\open_meteo_forecast\20260818T112114Z.json,65:wind_speed_10m,OPEN_METEO_120.249_31.107,,2026-08-20T08:00:00+00:00,120.249405,31.107204,wind_speed,wind_speed_10m,5.01,5.01,m/s,m/s,forecast_proxy,Open-Meteo hourly unit m/s,False,,,"[""Q08"", ""Q99""]",True
open_meteo_forecast,storage\raw\open_meteo_forecast\20260818T112114Z.json,65:wind_direction_10m,OPEN_METEO_120.249_31.107,,2026-08-20T08:00:00+00:00,120.249405,31.107204,wind_direction,wind_direction_10m,87,87.0,degree,degree,forecast_proxy,Open-Meteo hourly unit °,False,,,"[""Q08"", ""Q99""]",True
open_meteo_forecast,storage\raw\open_meteo_forecast\20260818T112114Z.json,65:precipitation,OPEN_METEO_120.249_31.107,,2026-08-20T08:00:00+00:00,120.249405,31.107204,precipitation,precipitation,0.0,0.0,mm,mm,forecast_proxy,Open-Meteo hourly unit mm,False,,,"[""Q08"", ""Q99""]",True
open_meteo_forecast,storage\raw\open_meteo_forecast\20260818T112114Z.json,65:shortwave_radiation,OPEN_METEO_120.249_31.107,,2026-08-20T08:00:00+00:00,120.249405,31.107204,shortwave_radiation,shortwave_radiation,0.0,0.0,W/m2,W/m2,forecast_proxy,Open-Meteo hourly unit W/m²,False,,,"[""Q08"", ""Q99""]",True
open_meteo_forecast,storage\raw\open_meteo_forecast\20260818T112114Z.json,66:temperature_2m,OPEN_METEO_120.249_31.107,,2026-08-20T09:00:00+00:00,120.249405,31.107204,air_temperature,temperature_2m,27.1,27.1,degC,degC,forecast_proxy,Open-Meteo hourly unit °C,False,,,"[""Q08"", ""Q99""]",True
open_meteo_forecast,storage\raw\open_meteo_forecast\20260818T112114Z.json,66:wind_speed_10m,OPEN_METEO_120.249_31.107,,2026-08-20T09:00:00+00:00,120.249405,31.107204,wind_speed,wind_speed_10m,4.75,4.75,m/s,m/s,forecast_proxy,Open-Meteo hourly unit m/s,False,,,"[""Q08"", ""Q99""]",True
open_meteo_forecast,storage\raw\open_meteo_forecast\20260818T112114Z.json,66:wind_direction_10m,OPEN_METEO_120.249_31.107,,2026-08-20T09:00:00+00:00,120.249405,31.107204,wind_direction,wind_direction_10m,88,88.0,degree,degree,forecast_proxy,Open-Meteo hourly unit °,False,,,"[""Q08"", ""Q99""]",True
open_meteo_forecast,storage\raw\open_meteo_forecast\20260818T112114Z.json,66:precipitation,OPEN_METEO_120.249_31.107,,2026-08-20T09:00:00+00:00,120.249405,31.107204,precipitation,precipitation,0.0,0.0,mm,mm,forecast_proxy,Open-Meteo hourly unit mm,False,,,"[""Q08"", ""Q99""]",True
open_meteo_forecast,storage\raw\open_meteo_forecast\20260818T112114Z.json,66:shortwave_radiation,OPEN_METEO_120.249_31.107,,2026-08-20T09:00:00+00:00,120.249405,31.107204,shortwave_radiation,shortwave_radiation,0.0,0.0,W/m2,W/m2,forecast_proxy,Open-Meteo hourly unit W/m²,False,,,"[""Q08"", ""Q99""]",True
open_meteo_forecast,storage\raw\open_meteo_forecast\20260818T112114Z.json,67:temperature_2m,OPEN_METEO_120.249_31.107,,2026-08-20T10:00:00+00:00,120.249405,31.107204,air_temperature,temperature_2m,27.0,27.0,degC,degC,forecast_proxy,Open-Meteo hourly unit °C,False,,,"[""Q08"", ""Q99""]",True
open_meteo_forecast,storage\raw\open_meteo_forecast\20260818T112114Z.json,67:wind_speed_10m,OPEN_METEO_120.249_31.107,,2026-08-20T10:00:00+00:00,120.249405,31.107204,wind_speed,wind_speed_10m,4.61,4.61,m/s,m/s,forecast_proxy,Open-Meteo hourly unit m/s,False,,,"[""Q08"", ""Q99""]",True
open_meteo_forecast,storage\raw\open_meteo_forecast\20260818T112114Z.json,67:wind_direction_10m,OPEN_METEO_120.249_31.107,,2026-08-20T10:00:00+00:00,120.249405,31.107204,wind_direction,wind_direction_10m,94,94.0,degree,degree,forecast_proxy,Open-Meteo hourly unit °,False,,,"[""Q08"", ""Q99""]",True
open_meteo_forecast,storage\raw\open_meteo_forecast\20260818T112114Z.json,67:precipitation,OPEN_METEO_120.249_31.107,,2026-08-20T10:00:00+00:00,120.249405,31.107204,precipitation,precipitation,0.0,0.0,mm,mm,forecast_proxy,Open-Meteo hourly unit mm,False,,,"[""Q08"", ""Q99""]",True
open_meteo_forecast,storage\raw\open_meteo_forecast\20260818T112114Z.json,67:shortwave_radiation,OPEN_METEO_120.249_31.107,,2026-08-20T10:00:00+00:00,120.249405,31.107204,shortwave_radiation,shortwave_radiation,0.0,0.0,W/m2,W/m2,forecast_proxy,Open-Meteo hourly unit W/m²,False,,,"[""Q08"", ""Q99""]",True
open_meteo_forecast,storage\raw\open_meteo_forecast\20260818T112114Z.json,68:temperature_2m,OPEN_METEO_120.249_31.107,,2026-08-20T11:00:00+00:00,120.249405,31.107204,air_temperature,temperature_2m,27.0,27.0,degC,degC,forecast_proxy,Open-Meteo hourly unit °C,False,,,"[""Q08"", ""Q99""]",True
open_meteo_forecast,storage\raw\open_meteo_forecast\20260818T112114Z.json,68:wind_speed_10m,OPEN_METEO_120.249_31.107,,2026-08-20T11:00:00+00:00,120.249405,31.107204,wind_speed,wind_speed_10m,4.65,4.65,m/s,m/s,forecast_proxy,Open-Meteo hourly unit m/s,False,,,"[""Q08"", ""Q99""]",True
open_meteo_forecast,storage\raw\open_meteo_forecast\20260818T112114Z.json,68:wind_direction_10m,OPEN_METEO_120.249_31.107,,2026-08-20T11:00:00+00:00,120.249405,31.107204,wind_direction,wind_direction_10m,90,90.0,degree,degree,forecast_proxy,Open-Meteo hourly unit °,False,,,"[""Q08"", ""Q99""]",True
open_meteo_forecast,storage\raw\open_meteo_forecast\20260818T112114Z.json,68:precipitation,OPEN_METEO_120.249_31.107,,2026-08-20T11:00:00+00:00,120.249405,31.107204,precipitation,precipitation,0.0,0.0,mm,mm,forecast_proxy,Open-Meteo hourly unit mm,False,,,"[""Q08"", ""Q99""]",True
open_meteo_forecast,storage\raw\open_meteo_forecast\20260818T112114Z.json,68:shortwave_radiation,OPEN_METEO_120.249_31.107,,2026-08-20T11:00:00+00:00,120.249405,31.107204,shortwave_radiation,shortwave_radiation,0.0,0.0,W/m2,W/m2,forecast_proxy,Open-Meteo hourly unit W/m²,False,,,"[""Q08"", ""Q99""]",True
open_meteo_forecast,storage\raw\open_meteo_forecast\20260818T112114Z.json,69:temperature_2m,OPEN_METEO_120.249_31.107,,2026-08-20T12:00:00+00:00,120.249405,31.107204,air_temperature,temperature_2m,26.7,26.7,degC,degC,forecast_proxy,Open-Meteo hourly unit °C,False,,,"[""Q08"", ""Q99""]",True
open_meteo_forecast,storage\raw\open_meteo_forecast\20260818T112114Z.json,69:wind_speed_10m,OPEN_METEO_120.249_31.107,,2026-08-20T12:00:00+00:00,120.249405,31.107204,wind_speed,wind_speed_10m,4.8,4.8,m/s,m/s,forecast_proxy,Open-Meteo hourly unit m/s,False,,,"[""Q08"", ""Q99""]",True
open_meteo_forecast,storage\raw\open_meteo_forecast\20260818T112114Z.json,69:wind_direction_10m,OPEN_METEO_120.249_31.107,,2026-08-20T12:00:00+00:00,120.249405,31.107204,wind_direction,wind_direction_10m,88,88.0,degree,degree,forecast_proxy,Open-Meteo hourly unit °,False,,,"[""Q08"", ""Q99""]",True
open_meteo_forecast,storage\raw\open_meteo_forecast\20260818T112114Z.json,69:precipitation,OPEN_METEO_120.249_31.107,,2026-08-20T12:00:00+00:00,120.249405,31.107204,precipitation,precipitation,0.0,0.0,mm,mm,forecast_proxy,Open-Meteo hourly unit mm,False,,,"[""Q08"", ""Q99""]",True
open_meteo_forecast,storage\raw\open_meteo_forecast\20260818T112114Z.json,69:shortwave_radiation,OPEN_METEO_120.249_31.107,,2026-08-20T12:00:00+00:00,120.249405,31.107204,shortwave_radiation,shortwave_radiation,0.0,0.0,W/m2,W/m2,forecast_proxy,Open-Meteo hourly unit W/m²,False,,,"[""Q08"", ""Q99""]",True
open_meteo_forecast,storage\raw\open_meteo_forecast\20260818T112114Z.json,70:temperature_2m,OPEN_METEO_120.249_31.107,,2026-08-20T13:00:00+00:00,120.249405,31.107204,air_temperature,temperature_2m,26.8,26.8,degC,degC,forecast_proxy,Open-Meteo hourly unit °C,False,,,"[""Q08"", ""Q99""]",True
open_meteo_forecast,storage\raw\open_meteo_forecast\20260818T112114Z.json,70:wind_speed_10m,OPEN_METEO_120.249_31.107,,2026-08-20T13:00:00+00:00,120.249405,31.107204,wind_speed,wind_speed_10m,4.81,4.81,m/s,m/s,forecast_proxy,Open-Meteo hourly unit m/s,False,,,"[""Q08"", ""Q99""]",True
open_meteo_forecast,storage\raw\open_meteo_forecast\20260818T112114Z.json,70:wind_direction_10m,OPEN_METEO_120.249_31.107,,2026-08-20T13:00:00+00:00,120.249405,31.107204,wind_direction,wind_direction_10m,94,94.0,degree,degree,forecast_proxy,Open-Meteo hourly unit °,False,,,"[""Q08"", ""Q99""]",True
open_meteo_forecast,storage\raw\open_meteo_forecast\20260818T112114Z.json,70:precipitation,OPEN_METEO_120.249_31.107,,2026-08-20T13:00:00+00:00,120.249405,31.107204,precipitation,precipitation,0.0,0.0,mm,mm,forecast_proxy,Open-Meteo hourly unit mm,False,,,"[""Q08"", ""Q99""]",True
open_meteo_forecast,storage\raw\open_meteo_forecast\20260818T112114Z.json,70:shortwave_radiation,OPEN_METEO_120.249_31.107,,2026-08-20T13:00:00+00:00,120.249405,31.107204,shortwave_radiation,shortwave_radiation,0.0,0.0,W/m2,W/m2,forecast_proxy,Open-Meteo hourly unit W/m²,False,,,"[""Q08"", ""Q99""]",True
open_meteo_forecast,storage\raw\open_meteo_forecast\20260818T112114Z.json,71:temperature_2m,OPEN_METEO_120.249_31.107,,2026-08-20T14:00:00+00:00,120.249405,31.107204,air_temperature,temperature_2m,26.8,26.8,degC,degC,forecast_proxy,Open-Meteo hourly unit °C,False,,,"[""Q08"", ""Q99""]",True
open_meteo_forecast,storage\raw\open_meteo_forecast\20260818T112114Z.json,71:wind_speed_10m,OPEN_METEO_120.249_31.107,,2026-08-20T14:00:00+00:00,120.249405,31.107204,wind_speed,wind_speed_10m,4.46,4.46,m/s,m/s,forecast_proxy,Open-Meteo hourly unit m/s,False,,,"[""Q08"", ""Q99""]",True
open_meteo_forecast,storage\raw\open_meteo_forecast\20260818T112114Z.json,71:wind_direction_10m,OPEN_METEO_120.249_31.107,,2026-08-20T14:00:00+00:00,120.249405,31.107204,wind_direction,wind_direction_10m,99,99.0,degree,degree,forecast_proxy,Open-Meteo hourly unit °,False,,,"[""Q08"", ""Q99""]",True
open_meteo_forecast,storage\raw\open_meteo_forecast\20260818T112114Z.json,71:precipitation,OPEN_METEO_120.249_31.107,,2026-08-20T14:00:00+00:00,120.249405,31.107204,precipitation,precipitation,0.0,0.0,mm,mm,forecast_proxy,Open-Meteo hourly unit mm,False,,,"[""Q08"", ""Q99""]",True
open_meteo_forecast,storage\raw\open_meteo_forecast\20260818T112114Z.json,71:shortwave_radiation,OPEN_METEO_120.249_31.107,,2026-08-20T14:00:00+00:00,120.249405,31.107204,shortwave_radiation,shortwave_radiation,7.0,7.0,W/m2,W/m2,forecast_proxy,Open-Meteo hourly unit W/m²,False,,,"[""Q08"", ""Q99""]",True
open_meteo_forecast,storage\raw\open_meteo_forecast\20260818T112114Z.json,72:temperature_2m,OPEN_METEO_120.249_31.107,,2026-08-20T15:00:00+00:00,120.249405,31.107204,air_temperature,temperature_2m,26.8,26.8,degC,degC,forecast_proxy,Open-Meteo hourly unit °C,False,,,"[""Q08"", ""Q99""]",True
open_meteo_forecast,storage\raw\open_meteo_forecast\20260818T112114Z.json,72:wind_speed_10m,OPEN_METEO_120.249_31.107,,2026-08-20T15:00:00+00:00,120.249405,31.107204,wind_speed,wind_speed_10m,3.83,3.83,m/s,m/s,forecast_proxy,Open-Meteo hourly unit m/s,False,,,"[""Q08"", ""Q99""]",True
open_meteo_forecast,storage\raw\open_meteo_forecast\20260818T112114Z.json,72:wind_direction_10m,OPEN_METEO_120.249_31.107,,2026-08-20T15:00:00+00:00,120.249405,31.107204,wind_direction,wind_direction_10m,97,97.0,degree,degree,forecast_proxy,Open-Meteo hourly unit °,False,,,"[""Q08"", ""Q99""]",True
open_meteo_forecast,storage\raw\open_meteo_forecast\20260818T112114Z.json,72:precipitation,OPEN_METEO_120.249_31.107,,2026-08-20T15:00:00+00:00,120.249405,31.107204,precipitation,precipitation,0.0,0.0,mm,mm,forecast_proxy,Open-Meteo hourly unit mm,False,,,"[""Q08"", ""Q99""]",True
open_meteo_forecast,storage\raw\open_meteo_forecast\20260818T112114Z.json,72:shortwave_radiation,OPEN_METEO_120.249_31.107,,2026-08-20T15:00:00+00:00,120.249405,31.107204,shortwave_radiation,shortwave_radiation,105.0,105.0,W/m2,W/m2,forecast_proxy,Open-Meteo hourly unit W/m²,False,,,"[""Q08"", ""Q99""]",True
taihu_thqbca_history,storage\raw\taihu_thqbca_parsed\thqbca_observations.csv,5937,TAIHU_CLIMATE,,1956-06-07T16:00:00+00:00,,,precipitation,precipitation,696,696.0,mm,mm,observed,,False,,,"[""Q04"", ""Q99""]",True
taihu_thqbca_history,storage\raw\taihu_thqbca_parsed\thqbca_observations.csv,6040,TAIHU_CLIMATE,,1956-09-18T16:00:00+00:00,,,precipitation,precipitation,634,634.0,mm,mm,observed,,False,,,"[""Q04"", ""Q99""]",True
taihu_thqbca_history,storage\raw\taihu_thqbca_parsed\thqbca_observations.csv,6045,TAIHU_CLIMATE,,1956-09-23T16:00:00+00:00,,,precipitation,precipitation,1523,1523.0,mm,mm,observed,,False,,,"[""Q04"", ""Q99""]",True
taihu_thqbca_history,storage\raw\taihu_thqbca_parsed\thqbca_observations.csv,6319,TAIHU_CLIMATE,,1957-06-24T16:00:00+00:00,,,precipitation,precipitation,812,812.0,mm,mm,observed,,False,,,"[""Q04"", ""Q99""]",True
taihu_thqbca_history,storage\raw\taihu_thqbca_parsed\thqbca_observations.csv,6326,TAIHU_CLIMATE,,1957-07-01T16:00:00+00:00,,,precipitation,precipitation,835,835.0,mm,mm,observed,,False,,,"[""Q04"", ""Q99""]",True
taihu_thqbca_history,storage\raw\taihu_thqbca_parsed\thqbca_observations.csv,6361,TAIHU_CLIMATE,,1957-08-05T16:00:00+00:00,,,precipitation,precipitation,617,617.0,mm,mm,observed,,False,,,"[""Q04"", ""Q99""]",True
taihu_thqbca_history,storage\raw\taihu_thqbca_parsed\thqbca_observations.csv,6720,TAIHU_CLIMATE,,1958-07-30T16:00:00+00:00,,,precipitation,precipitation,512,512.0,mm,mm,observed,,False,,,"[""Q04"", ""Q99""]",True
taihu_thqbca_history,storage\raw\taihu_thqbca_parsed\thqbca_observations.csv,6721,TAIHU_CLIMATE,,1958-07-31T16:00:00+00:00,,,precipitation,precipitation,707,707.0,mm,mm,observed,,False,,,"[""Q04"", ""Q99""]",True
taihu_thqbca_history,storage\raw\taihu_thqbca_parsed\thqbca_observations.csv,6740,TAIHU_CLIMATE,,1958-08-19T16:00:00+00:00,,,precipitation,precipitation,639,639.0,mm,mm,observed,,False,,,"[""Q04"", ""Q99""]",True
taihu_thqbca_history,storage\raw\taihu_thqbca_parsed\thqbca_observations.csv,7087,TAIHU_CLIMATE,,1959-08-01T16:00:00+00:00,,,precipitation,precipitation,786,786.0,mm,mm,observed,,False,,,"[""Q04"", ""Q99""]",True
taihu_thqbca_history,storage\raw\taihu_thqbca_parsed\thqbca_observations.csv,7400,TAIHU_CLIMATE,,1960-06-09T16:00:00+00:00,,,precipitation,precipitation,507,507.0,mm,mm,observed,,False,,,"[""Q04"", ""Q99""]",True
taihu_thqbca_history,storage\raw\taihu_thqbca_parsed\thqbca_observations.csv,7449,TAIHU_CLIMATE,,1960-07-28T16:00:00+00:00,,,precipitation,precipitation,566,566.0,mm,mm,observed,,False,,,"[""Q04"", ""Q99""]",True
taihu_thqbca_history,storage\raw\taihu_thqbca_parsed\thqbca_observations.csv,7455,TAIHU_CLIMATE,,1960-08-03T16:00:00+00:00,,,precipitation,precipitation,2918,2918.0,mm,mm,observed,,False,,,"[""Q04"", ""Q99""]",True
taihu_thqbca_history,storage\raw\taihu_thqbca_parsed\thqbca_observations.csv,7492,TAIHU_CLIMATE,,1960-09-09T16:00:00+00:00,,,precipitation,precipitation,528,528.0,mm,mm,observed,,False,,,"[""Q04"", ""Q99""]",True
taihu_thqbca_history,storage\raw\taihu_thqbca_parsed\thqbca_observations.csv,7764,TAIHU_CLIMATE,,1961-06-08T16:00:00+00:00,,,precipitation,precipitation,586,586.0,mm,mm,observed,,False,,,"[""Q04"", ""Q99""]",True
taihu_thqbca_history,storage\raw\taihu_thqbca_parsed\thqbca_observations.csv,7809,TAIHU_CLIMATE,,1961-07-23T16:00:00+00:00,,,precipitation,precipitation,614,614.0,mm,mm,observed,,False,,,"[""Q04"", ""Q99""]",True
taihu_thqbca_history,storage\raw\taihu_thqbca_parsed\thqbca_observations.csv,7861,TAIHU_CLIMATE,,1961-09-13T16:00:00+00:00,,,precipitation,precipitation,1188,1188.0,mm,mm,observed,,False,,,"[""Q04"", ""Q99""]",True
taihu_thqbca_history,storage\raw\taihu_thqbca_parsed\thqbca_observations.csv,8103,TAIHU_CLIMATE,,1962-05-13T16:00:00+00:00,,,precipitation,precipitation,621,621.0,mm,mm,observed,,False,,,"[""Q04"", ""Q99""]",True
taihu_thqbca_history,storage\raw\taihu_thqbca_parsed\thqbca_observations.csv,8190,TAIHU_CLIMATE,,1962-08-08T16:00:00+00:00,,,precipitation,precipitation,910,910.0,mm,mm,observed,,False,,,"[""Q04"", ""Q99""]",True
taihu_thqbca_history,storage\raw\taihu_thqbca_parsed\thqbca_observations.csv,8217,TAIHU_CLIMATE,,1962-09-04T16:00:00+00:00,,,precipitation,precipitation,741,741.0,mm,mm,observed,,False,,,"[""Q04"", ""Q99""]",True
taihu_thqbca_history,storage\raw\taihu_thqbca_parsed\thqbca_observations.csv,8218,TAIHU_CLIMATE,,1962-09-05T16:00:00+00:00,,,precipitation,precipitation,2083,2083.0,mm,mm,observed,,False,,,"[""Q04"", ""Q99""]",True
taihu_thqbca_history,storage\raw\taihu_thqbca_parsed\thqbca_observations.csv,8510,TAIHU_CLIMATE,,1963-06-24T16:00:00+00:00,,,precipitation,precipitation,578,578.0,mm,mm,observed,,False,,,"[""Q04"", ""Q99""]",True
taihu_thqbca_history,storage\raw\taihu_thqbca_parsed\thqbca_observations.csv,8590,TAIHU_CLIMATE,,1963-09-12T16:00:00+00:00,,,precipitation,precipitation,1027,1027.0,mm,mm,observed,,False,,,"[""Q04"", ""Q99""]",True
taihu_thqbca_history,storage\raw\taihu_thqbca_parsed\thqbca_observations.csv,8830,TAIHU_CLIMATE,,1964-05-09T16:00:00+00:00,,,precipitation,precipitation,526,526.0,mm,mm,observed,,False,,,"[""Q04"", ""Q99""]",True
taihu_thqbca_history,storage\raw\taihu_thqbca_parsed\thqbca_observations.csv,8878,TAIHU_CLIMATE,,1964-06-26T16:00:00+00:00,,,precipitation,precipitation,813,813.0,mm,mm,observed,,False,,,"[""Q04"", ""Q99""]",True
taihu_thqbca_history,storage\raw\taihu_thqbca_parsed\thqbca_observations.csv,8962,TAIHU_CLIMATE,,1964-09-18T16:00:00+00:00,,,precipitation,precipitation,575,575.0,mm,mm,observed,,False,,,"[""Q04"", ""Q99""]",True
taihu_thqbca_history,storage\raw\taihu_thqbca_parsed\thqbca_observations.csv,9296,TAIHU_CLIMATE,,1965-08-18T16:00:00+00:00,,,precipitation,precipitation,993,993.0,mm,mm,observed,,False,,,"[""Q04"", ""Q99""]",True
taihu_thqbca_history,storage\raw\taihu_thqbca_parsed\thqbca_observations.csv,9680,TAIHU_CLIMATE,,1966-09-06T16:00:00+00:00,,,precipitation,precipitation,695,695.0,mm,mm,observed,,False,,,"[""Q04"", ""Q99""]",True
taihu_thqbca_history,storage\raw\taihu_thqbca_parsed\thqbca_observations.csv,9915,TAIHU_CLIMATE,,1967-04-29T16:00:00+00:00,,,precipitation,precipitation,751,751.0,mm,mm,observed,,False,,,"[""Q04"", ""Q99""]",True
taihu_thqbca_history,storage\raw\taihu_thqbca_parsed\thqbca_observations.csv,10631,TAIHU_CLIMATE,,1969-04-14T16:00:00+00:00,,,precipitation,precipitation,778,778.0,mm,mm,observed,,False,,,"[""Q04"", ""Q99""]",True
taihu_thqbca_history,storage\raw\taihu_thqbca_parsed\thqbca_observations.csv,11049,TAIHU_CLIMATE,,1970-06-06T16:00:00+00:00,,,precipitation,precipitation,504,504.0,mm,mm,observed,,False,,,"[""Q04"", ""Q99""]",True
taihu_thqbca_history,storage\raw\taihu_thqbca_parsed\thqbca_observations.csv,11136,TAIHU_CLIMATE,,1970-09-01T16:00:00+00:00,,,precipitation,precipitation,530,530.0,mm,mm,observed,,False,,,"[""Q04"", ""Q99""]",True
taihu_thqbca_history,storage\raw\taihu_thqbca_parsed\thqbca_observations.csv,11426,TAIHU_CLIMATE,,1971-06-18T16:00:00+00:00,,,precipitation,precipitation,690,690.0,mm,mm,observed,,False,,,"[""Q04"", ""Q99""]",True
taihu_thqbca_history,storage\raw\taihu_thqbca_parsed\thqbca_observations.csv,11519,TAIHU_CLIMATE,,1971-09-19T16:00:00+00:00,,,precipitation,precipitation,515,515.0,mm,mm,observed,,False,,,"[""Q04"", ""Q99""]",True
taihu_thqbca_history,storage\raw\taihu_thqbca_parsed\thqbca_observations.csv,12159,TAIHU_CLIMATE,,1973-06-20T16:00:00+00:00,,,precipitation,precipitation,695,695.0,mm,mm,observed,,False,,,"[""Q04"", ""Q99""]",True
taihu_thqbca_history,storage\raw\taihu_thqbca_parsed\thqbca_observations.csv,12227,TAIHU_CLIMATE,,1973-08-27T16:00:00+00:00,,,precipitation,precipitation,511,511.0,mm,mm,observed,,False,,,"[""Q04"", ""Q99""]",True
taihu_thqbca_history,storage\raw\taihu_thqbca_parsed\thqbca_observations.csv,12533,TAIHU_CLIMATE,,1974-06-29T16:00:00+00:00,,,precipitation,precipitation,853,853.0,mm,mm,observed,,False,,,"[""Q04"", ""Q99""]",True
taihu_thqbca_history,storage\raw\taihu_thqbca_parsed\thqbca_observations.csv,12895,TAIHU_CLIMATE,,1975-06-26T16:00:00+00:00,,,precipitation,precipitation,528,528.0,mm,mm,observed,,False,,,"[""Q04"", ""Q99""]",True
taihu_thqbca_history,storage\raw\taihu_thqbca_parsed\thqbca_observations.csv,13266,TAIHU_CLIMATE,,1976-07-01T16:00:00+00:00,,,precipitation,precipitation,942,942.0,mm,mm,observed,,False,,,"[""Q04"", ""Q99""]",True
taihu_thqbca_history,storage\raw\taihu_thqbca_parsed\thqbca_observations.csv,13326,TAIHU_CLIMATE,,1976-08-30T16:00:00+00:00,,,precipitation,precipitation,901,901.0,mm,mm,observed,,False,,,"[""Q04"", ""Q99""]",True
taihu_thqbca_history,storage\raw\taihu_thqbca_parsed\thqbca_observations.csv,13565,TAIHU_CLIMATE,,1977-04-26T16:00:00+00:00,,,precipitation,precipitation,975,975.0,mm,mm,observed,,False,,,"[""Q04"", ""Q99""]",True
taihu_thqbca_history,storage\raw\taihu_thqbca_parsed\thqbca_observations.csv,13576,TAIHU_CLIMATE,,1977-05-07T16:00:00+00:00,,,precipitation,precipitation,552,552.0,mm,mm,observed,,False,,,"[""Q04"", ""Q99""]",True
taihu_thqbca_history,storage\raw\taihu_thqbca_parsed\thqbca_observations.csv,13647,TAIHU_CLIMATE,,1977-07-17T16:00:00+00:00,,,precipitation,precipitation,532,532.0,mm,mm,observed,,False,,,"[""Q04"", ""Q99""]",True
taihu_thqbca_history,storage\raw\taihu_thqbca_parsed\thqbca_observations.csv,13682,TAIHU_CLIMATE,,1977-08-21T16:00:00+00:00,,,precipitation,precipitation,524,524.0,mm,mm,observed,,False,,,"[""Q04"", ""Q99""]",True
taihu_thqbca_history,storage\raw\taihu_thqbca_parsed\thqbca_observations.csv,13702,TAIHU_CLIMATE,,1977-09-10T16:00:00+00:00,,,precipitation,precipitation,786,786.0,mm,mm,observed,,False,,,"[""Q04"", ""Q99""]",True
taihu_thqbca_history,storage\raw\taihu_thqbca_parsed\thqbca_observations.csv,13942,TAIHU_CLIMATE,,1978-05-08T16:00:00+00:00,,,precipitation,precipitation,556,556.0,mm,mm,observed,,False,,,"[""Q04"", ""Q99""]",True
taihu_thqbca_history,storage\raw\taihu_thqbca_parsed\thqbca_observations.csv,14044,TAIHU_CLIMATE,,1978-08-18T16:00:00+00:00,,,precipitation,precipitation,612,612.0,mm,mm,observed,,False,,,"[""Q04"", ""Q99""]",True
taihu_thqbca_history,storage\raw\taihu_thqbca_parsed\thqbca_observations.csv,14738,TAIHU_CLIMATE,,1980-07-12T16:00:00+00:00,,,precipitation,precipitation,854,854.0,mm,mm,observed,,False,,,"[""Q04"", ""Q99""]",True
taihu_thqbca_history,storage\raw\taihu_thqbca_parsed\thqbca_observations.csv,14757,TAIHU_CLIMATE,,1980-07-31T16:00:00+00:00,,,precipitation,precipitation,1355,1355.0,mm,mm,observed,,False,,,"[""Q04"", ""Q99""]",True
taihu_thqbca_history,storage\raw\taihu_thqbca_parsed\thqbca_observations.csv,14807,TAIHU_CLIMATE,,1980-09-19T16:00:00+00:00,,,precipitation,precipitation,574,574.0,mm,mm,observed,,False,,,"[""Q04"", ""Q99""]",True
taihu_thqbca_history,storage\raw\taihu_thqbca_parsed\thqbca_observations.csv,15088,TAIHU_CLIMATE,,1981-06-27T16:00:00+00:00,,,precipitation,precipitation,1117,1117.0,mm,mm,observed,,False,,,"[""Q04"", ""Q99""]",True
taihu_thqbca_history,storage\raw\taihu_thqbca_parsed\thqbca_observations.csv,15135,TAIHU_CLIMATE,,1981-08-13T16:00:00+00:00,,,precipitation,precipitation,508,508.0,mm,mm,observed,,False,,,"[""Q04"", ""Q99""]",True
taihu_thqbca_history,storage\raw\taihu_thqbca_parsed\thqbca_observations.csv,15190,TAIHU_CLIMATE,,1981-10-07T16:00:00+00:00,,,precipitation,precipitation,588,588.0,mm,mm,observed,,False,,,"[""Q04"", ""Q99""]",True
taihu_thqbca_history,storage\raw\taihu_thqbca_parsed\thqbca_observations.csv,15447,TAIHU_CLIMATE,,1982-06-21T16:00:00+00:00,,,precipitation,precipitation,839,839.0,mm,mm,observed,,False,,,"[""Q04"", ""Q99""]",True
taihu_thqbca_history,storage\raw\taihu_thqbca_parsed\thqbca_observations.csv,15509,TAIHU_CLIMATE,,1982-08-22T16:00:00+00:00,,,precipitation,precipitation,680,680.0,mm,mm,observed,,False,,,"[""Q04"", ""Q99""]",True
taihu_thqbca_history,storage\raw\taihu_thqbca_parsed\thqbca_observations.csv,15792,TAIHU_CLIMATE,,1983-06-01T16:00:00+00:00,,,precipitation,precipitation,527,527.0,mm,mm,observed,,False,,,"[""Q04"", ""Q99""]",True
taihu_thqbca_history,storage\raw\taihu_thqbca_parsed\thqbca_observations.csv,15810,TAIHU_CLIMATE,,1983-06-19T16:00:00+00:00,,,precipitation,precipitation,670,670.0,mm,mm,observed,,False,,,"[""Q04"", ""Q99""]",True
taihu_thqbca_history,storage\raw\taihu_thqbca_parsed\thqbca_observations.csv,15898,TAIHU_CLIMATE,,1983-09-15T16:00:00+00:00,,,precipitation,precipitation,904,904.0,mm,mm,observed,,False,,,"[""Q04"", ""Q99""]",True
taihu_thqbca_history,storage\raw\taihu_thqbca_parsed\thqbca_observations.csv,15899,TAIHU_CLIMATE,,1983-09-16T16:00:00+00:00,,,precipitation,precipitation,551,551.0,mm,mm,observed,,False,,,"[""Q04"", ""Q99""]",True
taihu_thqbca_history,storage\raw\taihu_thqbca_parsed\thqbca_observations.csv,15917,TAIHU_CLIMATE,,1983-10-04T16:00:00+00:00,,,precipitation,precipitation,914,914.0,mm,mm,observed,,False,,,"[""Q04"", ""Q99""]",True
taihu_thqbca_history,storage\raw\taihu_thqbca_parsed\thqbca_observations.csv,16170,TAIHU_CLIMATE,,1984-06-13T16:00:00+00:00,,,precipitation,precipitation,692,692.0,mm,mm,observed,,False,,,"[""Q04"", ""Q99""]",True
taihu_thqbca_history,storage\raw\taihu_thqbca_parsed\thqbca_observations.csv,16240,TAIHU_CLIMATE,,1984-08-22T16:00:00+00:00,,,precipitation,precipitation,1144,1144.0,mm,mm,observed,,False,,,"[""Q04"", ""Q99""]",True
taihu_thqbca_history,storage\raw\taihu_thqbca_parsed\thqbca_observations.csv,16250,TAIHU_CLIMATE,,1984-09-01T16:00:00+00:00,,,precipitation,precipitation,525,525.0,mm,mm,observed,,False,,,"[""Q04"", ""Q99""]",True
taihu_thqbca_history,storage\raw\taihu_thqbca_parsed\thqbca_observations.csv,16582,TAIHU_CLIMATE,,1985-07-30T16:00:00+00:00,,,precipitation,precipitation,738,738.0,mm,mm,observed,,False,,,"[""Q04"", ""Q99""]",True
taihu_thqbca_history,storage\raw\taihu_thqbca_parsed\thqbca_observations.csv,16583,TAIHU_CLIMATE,,1985-07-31T16:00:00+00:00,,,precipitation,precipitation,927,927.0,mm,mm,observed,,False,,,"[""Q04"", ""Q99""]",True
taihu_thqbca_history,storage\raw\taihu_thqbca_parsed\thqbca_observations.csv,16615,TAIHU_CLIMATE,,1985-09-01T16:00:00+00:00,,,precipitation,precipitation,834,834.0,mm,mm,observed,,False,,,"[""Q04"", ""Q99""]",True
taihu_thqbca_history,storage\raw\taihu_thqbca_parsed\thqbca_observations.csv,16906,TAIHU_CLIMATE,,1986-06-19T16:00:00+00:00,,,precipitation,precipitation,794,794.0,mm,mm,observed,,False,,,"[""Q04"", ""Q99""]",True
taihu_thqbca_history,storage\raw\taihu_thqbca_parsed\thqbca_observations.csv,16908,TAIHU_CLIMATE,,1986-06-21T16:00:00+00:00,,,precipitation,precipitation,538,538.0,mm,mm,observed,,False,,,"[""Q04"", ""Q99""]",True
taihu_thqbca_history,storage\raw\taihu_thqbca_parsed\thqbca_observations.csv,16916,TAIHU_CLIMATE,,1986-06-29T16:00:00+00:00,,,precipitation,precipitation,516,516.0,mm,mm,observed,,False,,,"[""Q04"", ""Q99""]",True
taihu_thqbca_history,storage\raw\taihu_thqbca_parsed\thqbca_observations.csv,17285,TAIHU_CLIMATE,,1987-07-03T16:00:00+00:00,,,precipitation,precipitation,669,669.0,mm,mm,observed,,False,,,"[""Q04"", ""Q99""]",True
taihu_thqbca_history,storage\raw\taihu_thqbca_parsed\thqbca_observations.csv,17307,TAIHU_CLIMATE,,1987-07-25T16:00:00+00:00,,,precipitation,precipitation,524,524.0,mm,mm,observed,,False,,,"[""Q04"", ""Q99""]",True
taihu_thqbca_history,storage\raw\taihu_thqbca_parsed\thqbca_observations.csv,17333,TAIHU_CLIMATE,,1987-08-20T16:00:00+00:00,,,precipitation,precipitation,539,539.0,mm,mm,observed,,False,,,"[""Q04"", ""Q99""]",True
taihu_thqbca_history,storage\raw\taihu_thqbca_parsed\thqbca_observations.csv,17354,TAIHU_CLIMATE,,1987-09-10T16:00:00+00:00,,,precipitation,precipitation,502,502.0,mm,mm,observed,,False,,,"[""Q04"", ""Q99""]",True
taihu_thqbca_history,storage\raw\taihu_thqbca_parsed\thqbca_observations.csv,17590,TAIHU_CLIMATE,,1988-05-03T16:00:00+00:00,,,precipitation,precipitation,542,542.0,mm,mm,observed,,False,,,"[""Q04"", ""Q99""]",True
taihu_thqbca_history,storage\raw\taihu_thqbca_parsed\thqbca_observations.csv,17677,TAIHU_CLIMATE,,1988-07-29T16:00:00+00:00,,,precipitation,precipitation,716,716.0,mm,mm,observed,,False,,,"[""Q04"", ""Q99""]",True
taihu_thqbca_history,storage\raw\taihu_thqbca_parsed\thqbca_observations.csv,17699,TAIHU_CLIMATE,,1988-08-20T16:00:00+00:00,,,precipitation,precipitation,506,506.0,mm,mm,observed,,False,,,"[""Q04"", ""Q99""]",True
taihu_thqbca_history,storage\raw\taihu_thqbca_parsed\thqbca_observations.csv,17949,TAIHU_CLIMATE,,1989-04-27T16:00:00+00:00,,,precipitation,precipitation,756,756.0,mm,mm,observed,,False,,,"[""Q04"", ""Q99""]",True
taihu_thqbca_history,storage\raw\taihu_thqbca_parsed\thqbca_observations.csv,17973,TAIHU_CLIMATE,,1989-05-21T16:00:00+00:00,,,precipitation,precipitation,589,589.0,mm,mm,observed,,False,,,"[""Q04"", ""Q99""]",True
taihu_thqbca_history,storage\raw\taihu_thqbca_parsed\thqbca_observations.csv,18018,TAIHU_CLIMATE,,1989-07-05T16:00:00+00:00,,,precipitation,precipitation,525,525.0,mm,mm,observed,,False,,,"[""Q04"", ""Q99""]",True
taihu_thqbca_history,storage\raw\taihu_thqbca_parsed\thqbca_observations.csv,18064,TAIHU_CLIMATE,,1989-08-20T16:00:00+00:00,,,precipitation,precipitation,713,713.0,mm,mm,observed,,False,,,"[""Q04"", ""Q99""]",True
taihu_thqbca_history,storage\raw\taihu_thqbca_parsed\thqbca_observations.csv,18316,TAIHU_CLIMATE,,1990-04-29T16:00:00+00:00,,,precipitation,precipitation,576,576.0,mm,mm,observed,,False,,,"[""Q04"", ""Q99""]",True
taihu_thqbca_history,storage\raw\taihu_thqbca_parsed\thqbca_observations.csv,18439,TAIHU_CLIMATE,,1990-08-30T16:00:00+00:00,,,precipitation,precipitation,1454,1454.0,mm,mm,observed,,False,,,"[""Q04"", ""Q99""]",True
taihu_thqbca_history,storage\raw\taihu_thqbca_parsed\thqbca_observations.csv,18440,TAIHU_CLIMATE,,1990-08-31T16:00:00+00:00,,,precipitation,precipitation,640,640.0,mm,mm,observed,,False,,,"[""Q04"", ""Q99""]",True
taihu_thqbca_history,storage\raw\taihu_thqbca_parsed\thqbca_observations.csv,18508,TAIHU_CLIMATE,,1990-11-07T16:00:00+00:00,,,precipitation,precipitation,508,508.0,mm,mm,observed,,False,,,"[""Q04"", ""Q99""]",True
taihu_thqbca_history,storage\raw\taihu_thqbca_parsed\thqbca_observations.csv,18725,TAIHU_CLIMATE,,1991-06-12T16:00:00+00:00,,,precipitation,precipitation,584,584.0,mm,mm,observed,,False,,,"[""Q04"", ""Q99""]",True
taihu_thqbca_history,storage\raw\taihu_thqbca_parsed\thqbca_observations.csv,18747,TAIHU_CLIMATE,,1991-07-04T16:00:00+00:00,,,precipitation,precipitation,617,617.0,mm,mm,observed,,False,,,"[""Q04"", ""Q99""]",True
taihu_thqbca_history,storage\raw\taihu_thqbca_parsed\thqbca_observations.csv,19092,TAIHU_CLIMATE,,1992-06-13T16:00:00+00:00,,,precipitation,precipitation,941,941.0,mm,mm,observed,,False,,,"[""Q04"", ""Q99""]",True
taihu_thqbca_history,storage\raw\taihu_thqbca_parsed\thqbca_observations.csv,19193,TAIHU_CLIMATE,,1992-09-22T16:00:00+00:00,,,precipitation,precipitation,639,639.0,mm,mm,observed,,False,,,"[""Q04"", ""Q99""]",True
taihu_thqbca_history,storage\raw\taihu_thqbca_parsed\thqbca_observations.csv,19376,TAIHU_CLIMATE,,1993-03-24T16:00:00+00:00,,,precipitation,precipitation,1005,1005.0,mm,mm,observed,,False,,,"[""Q04"", ""Q99""]",True
taihu_thqbca_history,storage\raw\taihu_thqbca_parsed\thqbca_observations.csv,19465,TAIHU_CLIMATE,,1993-06-21T16:00:00+00:00,,,precipitation,precipitation,568,568.0,mm,mm,observed,,False,,,"[""Q04"", ""Q99""]",True
taihu_thqbca_history,storage\raw\taihu_thqbca_parsed\thqbca_observations.csv,19489,TAIHU_CLIMATE,,1993-07-15T16:00:00+00:00,,,precipitation,precipitation,722,722.0,mm,mm,observed,,False,,,"[""Q04"", ""Q99""]",True
taihu_thqbca_history,storage\raw\taihu_thqbca_parsed\thqbca_observations.csv,19491,TAIHU_CLIMATE,,1993-07-17T16:00:00+00:00,,,precipitation,precipitation,657,657.0,mm,mm,observed,,False,,,"[""Q04"", ""Q99""]",True
taihu_thqbca_history,storage\raw\taihu_thqbca_parsed\thqbca_observations.csv,19521,TAIHU_CLIMATE,,1993-08-16T16:00:00+00:00,,,precipitation,precipitation,621,621.0,mm,mm,observed,,False,,,"[""Q04"", ""Q99""]",True
taihu_thqbca_history,storage\raw\taihu_thqbca_parsed\thqbca_observations.csv,19522,TAIHU_CLIMATE,,1993-08-17T16:00:00+00:00,,,precipitation,precipitation,636,636.0,mm,mm,observed,,False,,,"[""Q04"", ""Q99""]",True
taihu_thqbca_history,storage\raw\taihu_thqbca_parsed\thqbca_observations.csv,19523,TAIHU_CLIMATE,,1993-08-18T16:00:00+00:00,,,precipitation,precipitation,693,693.0,mm,mm,observed,,False,,,"[""Q04"", ""Q99""]",True
taihu_thqbca_history,storage\raw\taihu_thqbca_parsed\thqbca_observations.csv,19525,TAIHU_CLIMATE,,1993-08-20T16:00:00+00:00,,,precipitation,precipitation,551,551.0,mm,mm,observed,,False,,,"[""Q04"", ""Q99""]",True
taihu_thqbca_history,storage\raw\taihu_thqbca_parsed\thqbca_observations.csv,19556,TAIHU_CLIMATE,,1993-09-20T16:00:00+00:00,,,precipitation,precipitation,621,621.0,mm,mm,observed,,False,,,"[""Q04"", ""Q99""]",True
taihu_thqbca_history,storage\raw\taihu_thqbca_parsed\thqbca_observations.csv,19817,TAIHU_CLIMATE,,1994-06-08T16:00:00+00:00,,,precipitation,precipitation,601,601.0,mm,mm,observed,,False,,,"[""Q04"", ""Q99""]",True
taihu_thqbca_history,storage\raw\taihu_thqbca_parsed\thqbca_observations.csv,19835,TAIHU_CLIMATE,,1994-06-26T16:00:00+00:00,,,precipitation,precipitation,539,539.0,mm,mm,observed,,False,,,"[""Q04"", ""Q99""]",True
taihu_thqbca_history,storage\raw\taihu_thqbca_parsed\thqbca_observations.csv,19896,TAIHU_CLIMATE,,1994-08-26T16:00:00+00:00,,,precipitation,precipitation,621,621.0,mm,mm,observed,,False,,,"[""Q04"", ""Q99""]",True
taihu_thqbca_history,storage\raw\taihu_thqbca_parsed\thqbca_observations.csv,20161,TAIHU_CLIMATE,,1995-05-18T16:00:00+00:00,,,precipitation,precipitation,638,638.0,mm,mm,observed,,False,,,"[""Q04"", ""Q99""]",True
taihu_thqbca_history,storage\raw\taihu_thqbca_parsed\thqbca_observations.csv,20205,TAIHU_CLIMATE,,1995-07-01T16:00:00+00:00,,,precipitation,precipitation,747,747.0,mm,mm,observed,,False,,,"[""Q04"", ""Q99""]",True
taihu_thqbca_history,storage\raw\taihu_thqbca_parsed\thqbca_observations.csv,20209,TAIHU_CLIMATE,,1995-07-05T16:00:00+00:00,,,precipitation,precipitation,915,915.0,mm,mm,observed,,False,,,"[""Q04"", ""Q99""]",True
taihu_thqbca_history,storage\raw\taihu_thqbca_parsed\thqbca_observations.csv,20299,TAIHU_CLIMATE,,1995-10-03T16:00:00+00:00,,,precipitation,precipitation,524,524.0,mm,mm,observed,,False,,,"[""Q04"", ""Q99""]",True
taihu_thqbca_history,storage\raw\taihu_thqbca_parsed\thqbca_observations.csv,20564,TAIHU_CLIMATE,,1996-06-24T16:00:00+00:00,,,precipitation,precipitation,692,692.0,mm,mm,observed,,False,,,"[""Q04"", ""Q99""]",True
taihu_thqbca_history,storage\raw\taihu_thqbca_parsed\thqbca_observations.csv,20574,TAIHU_CLIMATE,,1996-07-04T16:00:00+00:00,,,precipitation,precipitation,690,690.0,mm,mm,observed,,False,,,"[""Q04"", ""Q99""]",True
taihu_thqbca_history,storage\raw\taihu_thqbca_parsed\thqbca_observations.csv,20575,TAIHU_CLIMATE,,1996-07-05T16:00:00+00:00,,,precipitation,precipitation,779,779.0,mm,mm,observed,,False,,,"[""Q04"", ""Q99""]",True
taihu_thqbca_history,storage\raw\taihu_thqbca_parsed\thqbca_observations.csv,20579,TAIHU_CLIMATE,,1996-07-09T16:00:00+00:00,,,precipitation,precipitation,535,535.0,mm,mm,observed,,False,,,"[""Q04"", ""Q99""]",True
taihu_thqbca_history,storage\raw\taihu_thqbca_parsed\thqbca_observations.csv,20911,TAIHU_CLIMATE,,1997-06-06T16:00:00+00:00,,,precipitation,precipitation,550,550.0,mm,mm,observed,,False,,,"[""Q04"", ""Q99""]",True
taihu_thqbca_history,storage\raw\taihu_thqbca_parsed\thqbca_observations.csv,20940,TAIHU_CLIMATE,,1997-07-05T16:00:00+00:00,,,precipitation,precipitation,599,599.0,mm,mm,observed,,False,,,"[""Q04"", ""Q99""]",True
taihu_thqbca_history,storage\raw\taihu_thqbca_parsed\thqbca_observations.csv,20984,TAIHU_CLIMATE,,1997-08-18T16:00:00+00:00,,,precipitation,precipitation,580,580.0,mm,mm,observed,,False,,,"[""Q04"", ""Q99""]",True
taihu_thqbca_history,storage\raw\taihu_thqbca_parsed\thqbca_observations.csv,21281,TAIHU_CLIMATE,,1998-06-11T16:00:00+00:00,,,precipitation,precipitation,686,686.0,mm,mm,observed,,False,,,"[""Q04"", ""Q99""]",True
taihu_thqbca_history,storage\raw\taihu_thqbca_parsed\thqbca_observations.csv,21381,TAIHU_CLIMATE,,1998-09-19T16:00:00+00:00,,,precipitation,precipitation,547,547.0,mm,mm,observed,,False,,,"[""Q04"", ""Q99""]",True
taihu_thqbca_history,storage\raw\taihu_thqbca_parsed\thqbca_observations.csv,21626,TAIHU_CLIMATE,,1999-05-22T16:00:00+00:00,,,precipitation,precipitation,505,505.0,mm,mm,observed,,False,,,"[""Q04"", ""Q99""]",True
taihu_thqbca_history,storage\raw\taihu_thqbca_parsed\thqbca_observations.csv,21642,TAIHU_CLIMATE,,1999-06-07T16:00:00+00:00,,,precipitation,precipitation,843,843.0,mm,mm,observed,,False,,,"[""Q04"", ""Q99""]",True
taihu_thqbca_history,storage\raw\taihu_thqbca_parsed\thqbca_observations.csv,21643,TAIHU_CLIMATE,,1999-06-08T16:00:00+00:00,,,precipitation,precipitation,808,808.0,mm,mm,observed,,False,,,"[""Q04"", ""Q99""]",True
taihu_thqbca_history,storage\raw\taihu_thqbca_parsed\thqbca_observations.csv,21644,TAIHU_CLIMATE,,1999-06-09T16:00:00+00:00,,,precipitation,precipitation,732,732.0,mm,mm,observed,,False,,,"[""Q04"", ""Q99""]",True
taihu_thqbca_history,storage\raw\taihu_thqbca_parsed\thqbca_observations.csv,21658,TAIHU_CLIMATE,,1999-06-23T16:00:00+00:00,,,precipitation,precipitation,818,818.0,mm,mm,observed,,False,,,"[""Q04"", ""Q99""]",True
taihu_thqbca_history,storage\raw\taihu_thqbca_parsed\thqbca_observations.csv,21660,TAIHU_CLIMATE,,1999-06-25T16:00:00+00:00,,,precipitation,precipitation,639,639.0,mm,mm,observed,,False,,,"[""Q04"", ""Q99""]",True
taihu_thqbca_history,storage\raw\taihu_thqbca_parsed\thqbca_observations.csv,21661,TAIHU_CLIMATE,,1999-06-26T16:00:00+00:00,,,precipitation,precipitation,624,624.0,mm,mm,observed,,False,,,"[""Q04"", ""Q99""]",True
taihu_thqbca_history,storage\raw\taihu_thqbca_parsed\thqbca_observations.csv,21664,TAIHU_CLIMATE,,1999-06-29T16:00:00+00:00,,,precipitation,precipitation,1185,1185.0,mm,mm,observed,,False,,,"[""Q04"", ""Q99""]",True
taihu_thqbca_history,storage\raw\taihu_thqbca_parsed\thqbca_observations.csv,21716,TAIHU_CLIMATE,,1999-08-20T16:00:00+00:00,,,precipitation,precipitation,801,801.0,mm,mm,observed,,False,,,"[""Q04"", ""Q99""]",True
taihu_thqbca_history,storage\raw\taihu_thqbca_parsed\thqbca_observations.csv,21722,TAIHU_CLIMATE,,1999-08-26T16:00:00+00:00,,,precipitation,precipitation,554,554.0,mm,mm,observed,,False,,,"[""Q04"", ""Q99""]",True
taihu_thqbca_history,storage\raw\taihu_thqbca_parsed\thqbca_observations.csv,21725,TAIHU_CLIMATE,,1999-08-29T16:00:00+00:00,,,precipitation,precipitation,536,536.0,mm,mm,observed,,False,,,"[""Q04"", ""Q99""]",True
taihu_thqbca_history,storage\raw\taihu_thqbca_parsed\thqbca_observations.csv,21732,TAIHU_CLIMATE,,1999-09-05T16:00:00+00:00,,,precipitation,precipitation,527,527.0,mm,mm,observed,,False,,,"[""Q04"", ""Q99""]",True
taihu_thqbca_history,storage\raw\taihu_thqbca_parsed\thqbca_observations.csv,21995,TAIHU_CLIMATE,,2000-05-25T16:00:00+00:00,,,precipitation,precipitation,597,597.0,mm,mm,observed,,False,,,"[""Q04"", ""Q99""]",True
taihu_thqbca_history,storage\raw\taihu_thqbca_parsed\thqbca_observations.csv,22384,TAIHU_CLIMATE,,2001-06-18T16:00:00+00:00,,,precipitation,precipitation,509,509.0,mm,mm,observed,,False,,,"[""Q04"", ""Q99""]",True
taihu_thqbca_history,storage\raw\taihu_thqbca_parsed\thqbca_observations.csv,22389,TAIHU_CLIMATE,,2001-06-23T16:00:00+00:00,,,precipitation,precipitation,774,774.0,mm,mm,observed,,False,,,"[""Q04"", ""Q99""]",True
taihu_thqbca_history,storage\raw\taihu_thqbca_parsed\thqbca_observations.csv,22427,TAIHU_CLIMATE,,2001-07-31T16:00:00+00:00,,,precipitation,precipitation,788,788.0,mm,mm,observed,,False,,,"[""Q04"", ""Q99""]",True
taihu_thqbca_history,storage\raw\taihu_thqbca_parsed\thqbca_observations.csv,22432,TAIHU_CLIMATE,,2001-08-05T16:00:00+00:00,,,precipitation,precipitation,531,531.0,mm,mm,observed,,False,,,"[""Q04"", ""Q99""]",True
taihu_thqbca_history,storage\raw\taihu_thqbca_parsed\thqbca_observations.csv,22751,TAIHU_CLIMATE,,2002-06-20T16:00:00+00:00,,,precipitation,precipitation,503,503.0,mm,mm,observed,,False,,,"[""Q04"", ""Q99""]",True
taihu_thqbca_history,storage\raw\taihu_thqbca_parsed\thqbca_observations.csv,22815,TAIHU_CLIMATE,,2002-08-23T16:00:00+00:00,,,precipitation,precipitation,705,705.0,mm,mm,observed,,False,,,"[""Q04"", ""Q99""]",True
taihu_thqbca_history,storage\raw\taihu_thqbca_parsed\thqbca_observations.csv,23076,TAIHU_CLIMATE,,2003-05-11T16:00:00+00:00,,,precipitation,precipitation,588,588.0,mm,mm,observed,,False,,,"[""Q04"", ""Q99""]",True
taihu_thqbca_history,storage\raw\taihu_thqbca_parsed\thqbca_observations.csv,23545,TAIHU_CLIMATE,,2004-08-22T16:00:00+00:00,,,precipitation,precipitation,595,595.0,mm,mm,observed,,False,,,"[""Q04"", ""Q99""]",True
taihu_thqbca_history,storage\raw\taihu_thqbca_parsed\thqbca_observations.csv,23862,TAIHU_CLIMATE,,2005-07-05T16:00:00+00:00,,,precipitation,precipitation,550,550.0,mm,mm,observed,,False,,,"[""Q04"", ""Q99""]",True
taihu_thqbca_history,storage\raw\taihu_thqbca_parsed\thqbca_observations.csv,23893,TAIHU_CLIMATE,,2005-08-05T16:00:00+00:00,,,precipitation,precipitation,503,503.0,mm,mm,observed,,False,,,"[""Q04"", ""Q99""]",True
taihu_thqbca_history,storage\raw\taihu_thqbca_parsed\thqbca_observations.csv,23904,TAIHU_CLIMATE,,2005-08-16T16:00:00+00:00,,,precipitation,precipitation,740,740.0,mm,mm,observed,,False,,,"[""Q04"", ""Q99""]",True
taihu_thqbca_history,storage\raw\taihu_thqbca_parsed\thqbca_observations.csv,24226,TAIHU_CLIMATE,,2006-07-04T16:00:00+00:00,,,precipitation,precipitation,611,611.0,mm,mm,observed,,False,,,"[""Q04"", ""Q99""]",True
taihu_thqbca_history,storage\raw\taihu_thqbca_parsed\thqbca_observations.csv,24244,TAIHU_CLIMATE,,2006-07-22T16:00:00+00:00,,,precipitation,precipitation,1108,1108.0,mm,mm,observed,,False,,,"[""Q04"", ""Q99""]",True
taihu_thqbca_history,storage\raw\taihu_thqbca_parsed\thqbca_observations.csv,24549,TAIHU_CLIMATE,,2007-05-23T16:00:00+00:00,,,precipitation,precipitation,804,804.0,mm,mm,observed,,False,,,"[""Q04"", ""Q99""]",True
taihu_thqbca_history,storage\raw\taihu_thqbca_parsed\thqbca_observations.csv,24580,TAIHU_CLIMATE,,2007-06-23T16:00:00+00:00,,,precipitation,precipitation,579,579.0,mm,mm,observed,,False,,,"[""Q04"", ""Q99""]",True
taihu_thqbca_history,storage\raw\taihu_thqbca_parsed\thqbca_observations.csv,24686,TAIHU_CLIMATE,,2007-10-07T16:00:00+00:00,,,precipitation,precipitation,960,960.0,mm,mm,observed,,False,,,"[""Q04"", ""Q99""]",True
taihu_thqbca_history,storage\raw\taihu_thqbca_parsed\thqbca_observations.csv,24944,TAIHU_CLIMATE,,2008-06-21T16:00:00+00:00,,,precipitation,precipitation,867,867.0,mm,mm,observed,,False,,,"[""Q04"", ""Q99""]",True
taihu_thqbca_history,storage\raw\taihu_thqbca_parsed\thqbca_observations.csv,24949,TAIHU_CLIMATE,,2008-06-26T16:00:00+00:00,,,precipitation,precipitation,1096,1096.0,mm,mm,observed,,False,,,"[""Q04"", ""Q99""]",True
taihu_thqbca_history,storage\raw\taihu_thqbca_parsed\thqbca_observations.csv,24998,TAIHU_CLIMATE,,2008-08-14T16:00:00+00:00,,,precipitation,precipitation,951,951.0,mm,mm,observed,,False,,,"[""Q04"", ""Q99""]",True
taihu_thqbca_history,storage\raw\taihu_thqbca_parsed\thqbca_observations.csv,25019,TAIHU_CLIMATE,,2008-09-04T16:00:00+00:00,,,precipitation,precipitation,624,624.0,mm,mm,observed,,False,,,"[""Q04"", ""Q99""]",True
taihu_thqbca_history,storage\raw\taihu_thqbca_parsed\thqbca_observations.csv,25029,TAIHU_CLIMATE,,2008-09-14T16:00:00+00:00,,,precipitation,precipitation,599,599.0,mm,mm,observed,,False,,,"[""Q04"", ""Q99""]",True
taihu_thqbca_history,storage\raw\taihu_thqbca_parsed\thqbca_observations.csv,25339,TAIHU_CLIMATE,,2009-07-21T16:00:00+00:00,,,precipitation,precipitation,1306,1306.0,mm,mm,observed,,False,,,"[""Q04"", ""Q99""]",True
taihu_thqbca_history,storage\raw\taihu_thqbca_parsed\thqbca_observations.csv,25349,TAIHU_CLIMATE,,2009-07-31T16:00:00+00:00,,,precipitation,precipitation,558,558.0,mm,mm,observed,,False,,,"[""Q04"", ""Q99""]",True
taihu_thqbca_history,storage\raw\taihu_thqbca_parsed\thqbca_observations.csv,25352,TAIHU_CLIMATE,,2009-08-03T16:00:00+00:00,,,precipitation,precipitation,872,872.0,mm,mm,observed,,False,,,"[""Q04"", ""Q99""]",True
taihu_thqbca_history,storage\raw\taihu_thqbca_parsed\thqbca_observations.csv,25686,TAIHU_CLIMATE,,2010-07-03T16:00:00+00:00,,,precipitation,precipitation,708,708.0,mm,mm,observed,,False,,,"[""Q04"", ""Q99""]",True
taihu_thqbca_history,storage\raw\taihu_thqbca_parsed\thqbca_observations.csv,26035,TAIHU_CLIMATE,,2011-06-17T16:00:00+00:00,,,precipitation,precipitation,694,694.0,mm,mm,observed,,False,,,"[""Q04"", ""Q99""]",True
taihu_thqbca_history,storage\raw\taihu_thqbca_parsed\thqbca_observations.csv,26066,TAIHU_CLIMATE,,2011-07-18T16:00:00+00:00,,,precipitation,precipitation,664,664.0,mm,mm,observed,,False,,,"[""Q04"", ""Q99""]",True
taihu_thqbca_history,storage\raw\taihu_thqbca_parsed\thqbca_observations.csv,26090,TAIHU_CLIMATE,,2011-08-11T16:00:00+00:00,,,precipitation,precipitation,537,537.0,mm,mm,observed,,False,,,"[""Q04"", ""Q99""]",True
taihu_thqbca_history,storage\raw\taihu_thqbca_parsed\thqbca_observations.csv,26382,TAIHU_CLIMATE,,2012-05-29T16:00:00+00:00,,,precipitation,precipitation,678,678.0,mm,mm,observed,,False,,,"[""Q04"", ""Q99""]",True
taihu_thqbca_history,storage\raw\taihu_thqbca_parsed\thqbca_observations.csv,26409,TAIHU_CLIMATE,,2012-06-25T16:00:00+00:00,,,precipitation,precipitation,844,844.0,mm,mm,observed,,False,,,"[""Q04"", ""Q99""]",True
taihu_thqbca_history,storage\raw\taihu_thqbca_parsed\thqbca_observations.csv,26452,TAIHU_CLIMATE,,2012-08-07T16:00:00+00:00,,,precipitation,precipitation,1144,1144.0,mm,mm,observed,,False,,,"[""Q04"", ""Q99""]",True
taihu_thqbca_history,storage\raw\taihu_thqbca_parsed\thqbca_observations.csv,26484,TAIHU_CLIMATE,,2012-09-08T16:00:00+00:00,,,precipitation,precipitation,626,626.0,mm,mm,observed,,False,,,"[""Q04"", ""Q99""]",True
taihu_thqbca_history,storage\raw\taihu_thqbca_parsed\thqbca_observations.csv,26734,TAIHU_CLIMATE,,2013-05-16T16:00:00+00:00,,,precipitation,precipitation,566,566.0,mm,mm,observed,,False,,,"[""Q04"", ""Q99""]",True
taihu_thqbca_history,storage\raw\taihu_thqbca_parsed\thqbca_observations.csv,26755,TAIHU_CLIMATE,,2013-06-06T16:00:00+00:00,,,precipitation,precipitation,588,588.0,mm,mm,observed,,False,,,"[""Q04"", ""Q99""]",True
taihu_thqbca_history,storage\raw\taihu_thqbca_parsed\thqbca_observations.csv,27134,TAIHU_CLIMATE,,2014-06-20T16:00:00+00:00,,,precipitation,precipitation,695,695.0,mm,mm,observed,,False,,,"[""Q04"", ""Q99""]",True
taihu_thqbca_history,storage\raw\taihu_thqbca_parsed\thqbca_observations.csv,27139,TAIHU_CLIMATE,,2014-06-25T16:00:00+00:00,,,precipitation,precipitation,800,800.0,mm,mm,observed,,False,,,"[""Q04"", ""Q99""]",True
taihu_thqbca_history,storage\raw\taihu_thqbca_parsed\thqbca_observations.csv,27155,TAIHU_CLIMATE,,2014-07-11T16:00:00+00:00,,,precipitation,precipitation,593,593.0,mm,mm,observed,,False,,,"[""Q04"", ""Q99""]",True
taihu_thqbca_history,storage\raw\taihu_thqbca_parsed\thqbca_observations.csv,27494,TAIHU_CLIMATE,,2015-06-15T16:00:00+00:00,,,precipitation,precipitation,513,513.0,mm,mm,observed,,False,,,"[""Q04"", ""Q99""]",True
taihu_thqbca_history,storage\raw\taihu_thqbca_parsed\thqbca_observations.csv,27856,TAIHU_CLIMATE,,2016-06-11T16:00:00+00:00,,,precipitation,precipitation,753,753.0,mm,mm,observed,,False,,,"[""Q04"", ""Q99""]",True
taihu_thqbca_history,storage\raw\taihu_thqbca_parsed\thqbca_observations.csv,27864,TAIHU_CLIMATE,,2016-06-19T16:00:00+00:00,,,precipitation,precipitation,820,820.0,mm,mm,observed,,False,,,"[""Q04"", ""Q99""]",True
taihu_thqbca_history,storage\raw\taihu_thqbca_parsed\thqbca_observations.csv,27872,TAIHU_CLIMATE,,2016-06-27T16:00:00+00:00,,,precipitation,precipitation,542,542.0,mm,mm,observed,,False,,,"[""Q04"", ""Q99""]",True
taihu_thqbca_history,storage\raw\taihu_thqbca_parsed\thqbca_observations.csv,27950,TAIHU_CLIMATE,,2016-09-13T16:00:00+00:00,,,precipitation,precipitation,614,614.0,mm,mm,observed,,False,,,"[""Q04"", ""Q99""]",True
taihu_thqbca_history,storage\raw\taihu_thqbca_parsed\thqbca_observations.csv,27951,TAIHU_CLIMATE,,2016-09-14T16:00:00+00:00,,,precipitation,precipitation,516,516.0,mm,mm,observed,,False,,,"[""Q04"", ""Q99""]",True
taihu_thqbca_history,storage\raw\taihu_thqbca_parsed\thqbca_observations.csv,27992,TAIHU_CLIMATE,,2016-10-25T16:00:00+00:00,,,precipitation,precipitation,737,737.0,mm,mm,observed,,False,,,"[""Q04"", ""Q99""]",True
taihu_thqbca_history,storage\raw\taihu_thqbca_parsed\thqbca_observations.csv,28536,TAIHU_CLIMATE,,2018-04-22T16:00:00+00:00,,,precipitation,precipitation,572,572.0,mm,mm,observed,,False,,,"[""Q04"", ""Q99""]",True
taihu_thqbca_history,storage\raw\taihu_thqbca_parsed\thqbca_observations.csv,28652,TAIHU_CLIMATE,,2018-08-16T16:00:00+00:00,,,precipitation,precipitation,689,689.0,mm,mm,observed,,False,,,"[""Q04"", ""Q99""]",True
taihu_thqbca_history,storage\raw\taihu_thqbca_parsed\thqbca_observations.csv,28673,TAIHU_CLIMATE,,2018-09-06T16:00:00+00:00,,,precipitation,precipitation,516,516.0,mm,mm,observed,,False,,,"[""Q04"", ""Q99""]",True
taihu_thqbca_history,storage\raw\taihu_thqbca_parsed\thqbca_observations.csv,28931,TAIHU_CLIMATE,,2019-05-25T16:00:00+00:00,,,precipitation,precipitation,636,636.0,mm,mm,observed,,False,,,"[""Q04"", ""Q99""]",True
taihu_thqbca_history,storage\raw\taihu_thqbca_parsed\thqbca_observations.csv,28954,TAIHU_CLIMATE,,2019-06-17T16:00:00+00:00,,,precipitation,precipitation,997,997.0,mm,mm,observed,,False,,,"[""Q04"", ""Q99""]",True
taihu_thqbca_history,storage\raw\taihu_thqbca_parsed\thqbca_observations.csv,28966,TAIHU_CLIMATE,,2019-06-29T16:00:00+00:00,,,precipitation,precipitation,592,592.0,mm,mm,observed,,False,,,"[""Q04"", ""Q99""]",True
taihu_thqbca_history,storage\raw\taihu_thqbca_parsed\thqbca_observations.csv,29007,TAIHU_CLIMATE,,2019-08-09T16:00:00+00:00,,,precipitation,precipitation,1340,1340.0,mm,mm,observed,,False,,,"[""Q04"", ""Q99""]",True
taihu_thqbca_history,storage\raw\taihu_thqbca_parsed\thqbca_observations.csv,29029,TAIHU_CLIMATE,,2019-08-31T16:00:00+00:00,,,precipitation,precipitation,920,920.0,mm,mm,observed,,False,,,"[""Q04"", ""Q99""]",True
taihu_thqbca_history,storage\raw\taihu_thqbca_parsed\thqbca_observations.csv,29251,TAIHU_CLIMATE,,2020-06-20T16:00:00+00:00,,,precipitation,precipitation,611,611.0,mm,mm,observed,,False,,,"[""Q04"", ""Q99""]",True
taihu_thqbca_history,storage\raw\taihu_thqbca_parsed\thqbca_observations.csv,29258,TAIHU_CLIMATE,,2020-06-27T16:00:00+00:00,,,precipitation,precipitation,564,564.0,mm,mm,observed,,False,,,"[""Q04"", ""Q99""]",True
taihu_thqbca_history,storage\raw\taihu_thqbca_parsed\thqbca_observations.csv,29266,TAIHU_CLIMATE,,2020-07-05T16:00:00+00:00,,,precipitation,precipitation,747,747.0,mm,mm,observed,,False,,,"[""Q04"", ""Q99""]",True
taihu_thqbca_history,storage\raw\taihu_thqbca_parsed\thqbca_observations.csv,29275,TAIHU_CLIMATE,,2020-07-14T16:00:00+00:00,,,precipitation,precipitation,654,654.0,mm,mm,observed,,False,,,"[""Q04"", ""Q99""]",True
taihu_thqbca_history,storage\raw\taihu_thqbca_parsed\thqbca_observations.csv,29276,TAIHU_CLIMATE,,2020-07-15T16:00:00+00:00,,,precipitation,precipitation,733,733.0,mm,mm,observed,,False,,,"[""Q04"", ""Q99""]",True
taihu_thqbca_history,storage\raw\taihu_thqbca_parsed\thqbca_observations.csv,29332,TAIHU_CLIMATE,,2020-09-09T16:00:00+00:00,,,precipitation,precipitation,508,508.0,mm,mm,observed,,False,,,"[""Q04"", ""Q99""]",True
taihu_thqbca_history,storage\raw\taihu_thqbca_parsed\thqbca_observations.csv,29339,TAIHU_CLIMATE,,2020-09-16T16:00:00+00:00,,,precipitation,precipitation,539,539.0,mm,mm,observed,,False,,,"[""Q04"", ""Q99""]",True
taihu_thqbca_history,storage\raw\taihu_thqbca_parsed\thqbca_observations.csv,29343,TAIHU_CLIMATE,,2020-09-19T16:00:00+00:00,,,precipitation,precipitation,0,0.0,mm,mm,observed,,False,,,"[""Q08"", ""Q99""]",True
taihu_thqbca_history,storage\raw\taihu_thqbca_parsed\thqbca_observations.csv,29424,TAIHU_CLIMATE,,2020-12-08T16:00:00+00:00,,,precipitation,precipitation,0,0.0,mm,mm,observed,,False,,,"[""Q08"", ""Q99""]",True
taihu_thqbca_history,storage\raw\taihu_thqbca_parsed\thqbca_observations.csv,53163,TAIHU_CLIMATE,,2020-09-19T16:00:00+00:00,,,air_temperature,air_temperature,22.400000000000002,22.400000000000002,degC,degC,observed,,False,,,"[""Q08"", ""Q99""]",True
taihu_thqbca_history,storage\raw\taihu_thqbca_parsed\thqbca_observations.csv,53244,TAIHU_CLIMATE,,2020-12-08T16:00:00+00:00,,,air_temperature,air_temperature,10.4,10.4,degC,degC,observed,,False,,,"[""Q08"", ""Q99""]",True
taihu_thqbca_history,storage\raw\taihu_thqbca_parsed\thqbca_observations.csv,83193,TAIHU_CLIMATE,,2020-09-19T16:00:00+00:00,,,wind_speed,wind_speed,1.3,1.3,m/s,m/s,observed,,False,,,"[""Q08"", ""Q99""]",True
taihu_thqbca_history,storage\raw\taihu_thqbca_parsed\thqbca_observations.csv,83274,TAIHU_CLIMATE,,2020-12-08T16:00:00+00:00,,,wind_speed,wind_speed,1.8,1.8,m/s,m/s,observed,,False,,,"[""Q08"", ""Q99""]",True
