{"type": "FeatureCollection", "features": [{"type": "Feature", "properties": {"threshold_ug_l": 20.0, "area_km2_approx": 0.003}, "geometry": {"type": "Polygon", "coordinates": [[[120.18339853289837, 31.549525028534063], [120.18339853289837, 31.548963996747514], [120.18387253227816, 31.548963996747514], [120.18387253227816, 31.549525028534063], [120.18339853289837, 31.549525028534063]]]}}, {"type": "Feature", "properties": {"threshold_ug_l": 20.0, "area_km2_approx": 0.003}, "geometry": {"type": "Polygon", "coordinates": [[[120.17107454902379, 31.541109551735808], [120.17107454902379, 31.540548519949258], [120.17154854840358, 31.540548519949258], [120.17154854840358, 31.541109551735808], [120.17107454902379, 31.541109551735808]]]}}, {"type": "Feature", "properties": {"threshold_ug_l": 20.0, "area_km2_approx": 0.003}, "geometry": {"type": "Polygon", "coordinates": [[[120.16870455212482, 31.53942645637616], [120.16870455212482, 31.53886542458961], [120.16917855150461, 31.53886542458961], [120.16917855150461, 31.53942645637616], [120.16870455212482, 31.53942645637616]]]}}, {"type": "Feature", "properties": {"threshold_ug_l": 20.0, "area_km2_approx": 0.025}, "geometry": {"type": "Polygon", "coordinates": [[[120.16680855460565, 31.537182329229957], [120.16680855460565, 31.536621297443407], [120.16633455522586, 31.536621297443407], [120.16633455522586, 31.536060265656857], [120.16586055584607, 31.536060265656857], [120.16586055584607, 31.536621297443407], [120.16538655646627, 31.536621297443407], [120.16538655646627, 31.535499233870308], [120.16728255398544, 31.535499233870308], [120.16728255398544, 31.536060265656857], [120.16775655336524, 31.536060265656857], [120.16775655336524, 31.536621297443407], [120.16728255398544, 31.536621297443407], [120.16728255398544, 31.537182329229957], [120.16680855460565, 31.537182329229957]]]}}, {"type": "Feature", "properties": {"threshold_ug_l": 20.0, "area_km2_approx": 0.008}, "geometry": {"type": "Polygon", "coordinates": [[[120.2094684987869, 31.536621297443407], [120.2094684987869, 31.536060265656857], [120.20899449940711, 31.536060265656857], [120.20899449940711, 31.535499233870308], [120.2094684987869, 31.535499233870308], [120.2094684987869, 31.536060265656857], [120.21041649754649, 31.536060265656857], [120.21041649754649, 31.536621297443407], [120.2094684987869, 31.536621297443407]]]}}, {"type": "Feature", "properties": {"threshold_ug_l": 20.0, "area_km2_approx": 0.006}, "geometry": {"type": "Polygon", "coordinates": [[[120.16064656266836, 31.53437717029721], [120.16064656266836, 31.53381613851066], [120.16159456142795, 31.53381613851066], [120.16159456142795, 31.53437717029721], [120.16064656266836, 31.53437717029721]]]}}, {"type": "Feature", "properties": {"threshold_ug_l": 20.0, "area_km2_approx": 0.123}, "geometry": {"type": "Polygon", "coordinates": [[[120.17344454592273, 31.536060265656857], [120.17344454592273, 31.535499233870308], [120.17154854840358, 31.535499233870308], [120.17154854840358, 31.534938202083758], [120.17107454902379, 31.534938202083758], [120.17107454902379, 31.53381613851066], [120.1701265502642, 31.53381613851066], [120.1701265502642, 31.532694074937556], [120.17060054964399, 31.532694074937556], [120.17060054964399, 31.532133043151006], [120.17154854840358, 31.532133043151006], [120.17154854840358, 31.533255106724106], [120.17249654716315, 31.533255106724106], [120.17249654716315, 31.532694074937556], [120.17391854530253, 31.532694074937556], [120.17391854530253, 31.533255106724106], [120.17439254468232, 31.533255106724106], [120.17439254468232, 31.532694074937556], [120.17486654406211, 31.532694074937556], [120.17486654406211, 31.533255106724106], [120.17439254468232, 31.533255106724106], [120.17439254468232, 31.534938202083758], [120.1753405434419, 31.534938202083758], [120.1753405434419, 31.536060265656857], [120.17344454592273, 31.536060265656857]]]}}, {"type": "Feature", "properties": {"threshold_ug_l": 20.0, "area_km2_approx": 0.006}, "geometry": {"type": "Polygon", "coordinates": [[[120.17628854220149, 31.533255106724106], [120.17628854220149, 31.532133043151006], [120.17676254158128, 31.532133043151006], [120.17676254158128, 31.533255106724106], [120.17628854220149, 31.533255106724106]]]}}, {"type": "Feature", "properties": {"threshold_ug_l": 20.0, "area_km2_approx": 0.008}, "geometry": {"type": "Polygon", "coordinates": [[[120.17723654096108, 31.533255106724106], [120.17723654096108, 31.532133043151006], [120.17771054034087, 31.532133043151006], [120.17771054034087, 31.532694074937556], [120.17818453972066, 31.532694074937556], [120.17818453972066, 31.533255106724106], [120.17723654096108, 31.533255106724106]]]}}, {"type": "Feature", "properties": {"threshold_ug_l": 20.0, "area_km2_approx": 0.003}, "geometry": {"type": "Polygon", "coordinates": [[[120.16917855150461, 31.532694074937556], [120.16917855150461, 31.532133043151006], [120.16965255088441, 31.532133043151006], [120.16965255088441, 31.532694074937556], [120.16917855150461, 31.532694074937556]]]}}, {"type": "Feature", "properties": {"threshold_ug_l": 20.0, "area_km2_approx": 0.008}, "geometry": {"type": "Polygon", "coordinates": [[[120.21373449320502, 31.532133043151006], [120.21373449320502, 31.531572011364457], [120.21420849258482, 31.531572011364457], [120.21420849258482, 31.531010979577907], [120.21468249196461, 31.531010979577907], [120.21468249196461, 31.532133043151006], [120.21373449320502, 31.532133043151006]]]}}, {"type": "Feature", "properties": {"threshold_ug_l": 20.0, "area_km2_approx": 0.003}, "geometry": {"type": "Polygon", "coordinates": [[[120.15875056514919, 31.531572011364457], [120.15875056514919, 31.531010979577907], [120.15922456452898, 31.531010979577907], [120.15922456452898, 31.531572011364457], [120.15875056514919, 31.531572011364457]]]}}, {"type": "Feature", "properties": {"threshold_ug_l": 20.0, "area_km2_approx": 0.006}, "geometry": {"type": "Polygon", "coordinates": [[[120.1990405124315, 31.531572011364457], [120.1990405124315, 31.531010979577907], [120.19998851119107, 31.531010979577907], [120.19998851119107, 31.531572011364457], [120.1990405124315, 31.531572011364457]]]}}, {"type": "Feature", "properties": {"threshold_ug_l": 20.0, "area_km2_approx": 0.02}, "geometry": {"type": "Polygon", "coordinates": [[[120.19809251367191, 31.533255106724106], [120.19809251367191, 31.532694074937556], [120.19761851429212, 31.532694074937556], [120.19761851429212, 31.532133043151006], [120.19667051553253, 31.532133043151006], [120.19667051553253, 31.531572011364457], [120.19714451491232, 31.531572011364457], [120.19714451491232, 31.530449947791357], [120.19761851429212, 31.530449947791357], [120.19761851429212, 31.532133043151006], [120.1985665130517, 31.532133043151006], [120.1985665130517, 31.533255106724106], [120.19809251367191, 31.533255106724106]]]}}, {"type": "Feature", "properties": {"threshold_ug_l": 20.0, "area_km2_approx": 0.684}, "geometry": {"type": "Polygon", "coordinates": [[[120.20283250746982, 31.536621297443407], [120.20283250746982, 31.536060265656857], [120.20235850809003, 31.536060265656857], [120.20235850809003, 31.534938202083758], [120.20141050933044, 31.534938202083758], [120.20141050933044, 31.53437717029721], [120.20046251057086, 31.53437717029721], [120.20046251057086, 31.53381613851066], [120.19998851119107, 31.53381613851066], [120.19998851119107, 31.532694074937556], [120.20046251057086, 31.532694074937556], [120.20046251057086, 31.531572011364457], [120.20141050933044, 31.531572011364457], [120.20141050933044, 31.531010979577907], [120.2037805062294, 31.531010979577907], [120.2037805062294, 31.531572011364457], [120.2042545056092, 31.531572011364457], [120.2042545056092, 31.532133043151006], [120.20472850498899, 31.532133043151006], [120.20472850498899, 31.532694074937556], [120.20520250436878, 31.532694074937556], [120.20520250436878, 31.532133043151006], [120.20567650374858, 31.532133043151006], [120.20567650374858, 31.532694074937556], [120.20757250126773, 31.532694074937556], [120.20757250126773, 31.531572011364457], [120.20662450250815, 31.531572011364457], [120.20662450250815, 31.531010979577907], [120.20520250436878, 31.531010979577907], [120.20520250436878, 31.530449947791357], [120.2037805062294, 31.530449947791357], [120.2037805062294, 31.529888916004804], [120.20283250746982, 31.529888916004804], [120.20283250746982, 31.528766852431705], [120.20235850809003, 31.528766852431705], [120.20235850809003, 31.528205820645155], [120.20188450871024, 31.528205820645155], [120.20188450871024, 31.527644788858606], [120.20283250746982, 31.527644788858606], [120.20283250746982, 31.528205820645155], [120.20330650684961, 31.528205820645155], [120.20330650684961, 31.527644788858606], [120.2042545056092, 31.527644788858606], [120.2042545056092, 31.528205820645155], [120.20330650684961, 31.528205820645155], [120.20330650684961, 31.529327884218254], [120.2042545056092, 31.529327884218254], [120.2042545056092, 31.529888916004804], [120.20472850498899, 31.529888916004804], [120.20472850498899, 31.529327884218254], [120.20520250436878, 31.529327884218254], [120.20520250436878, 31.529888916004804], [120.20615050312836, 31.529888916004804], [120.20615050312836, 31.529327884218254], [120.20709850188794, 31.529327884218254], [120.20709850188794, 31.527083757072056], [120.20852050002732, 31.527083757072056], [120.20852050002732, 31.527644788858606], [120.20899449940711, 31.527644788858606], [120.20899449940711, 31.528205820645155], [120.2094684987869, 31.528205820645155], [120.2094684987869, 31.528766852431705], [120.2099424981667, 31.528766852431705], [120.2099424981667, 31.529327884218254], [120.21089049692628, 31.529327884218254], [120.21089049692628, 31.529888916004804], [120.21136449630608, 31.529888916004804], [120.21136449630608, 31.531572011364457], [120.21183849568587, 31.531572011364457], [120.21183849568587, 31.532694074937556], [120.21278649444544, 31.532694074937556], [120.21278649444544, 31.532133043151006], [120.21326049382523, 31.532133043151006], [120.21326049382523, 31.534938202083758], [120.21278649444544, 31.534938202083758], [120.21278649444544, 31.535499233870308], [120.21231249506566, 31.535499233870308], [120.21231249506566, 31.534938202083758], [120.21183849568587, 31.534938202083758], [120.21183849568587, 31.53437717029721], [120.21041649754649, 31.53437717029721], [120.21041649754649, 31.53381613851066], [120.2094684987869, 31.53381613851066], [120.2094684987869, 31.534938202083758], [120.20520250436878, 31.534938202083758], [120.20520250436878, 31.535499233870308], [120.20472850498899, 31.535499233870308], [120.20472850498899, 31.536060265656857], [120.2037805062294, 31.536060265656857], [120.2037805062294, 31.536621297443407], [120.20283250746982, 31.536621297443407]], [[120.20804650064753, 31.532694074937556], [120.20852050002732, 31.532694074937556], [120.20852050002732, 31.532133043151006], [120.20804650064753, 31.532133043151006], [120.20804650064753, 31.532694074937556]], [[120.2099424981667, 31.532694074937556], [120.21041649754649, 31.532694074937556], [120.21041649754649, 31.532133043151006], [120.21089049692628, 31.532133043151006], [120.21089049692628, 31.531010979577907], [120.21041649754649, 31.531010979577907], [120.21041649754649, 31.530449947791357], [120.2099424981667, 31.530449947791357], [120.2099424981667, 31.531010979577907], [120.20899449940711, 31.531010979577907], [120.20899449940711, 31.531572011364457], [120.2094684987869, 31.531572011364457], [120.2094684987869, 31.532133043151006], [120.2099424981667, 31.532133043151006], [120.2099424981667, 31.532694074937556]]]}}, {"type": "Feature", "properties": {"threshold_ug_l": 20.0, "area_km2_approx": 0.003}, "geometry": {"type": "Polygon", "coordinates": [[[120.21183849568587, 31.527083757072056], [120.21183849568587, 31.526522725285506], [120.21231249506566, 31.526522725285506], [120.21231249506566, 31.527083757072056], [120.21183849568587, 31.527083757072056]]]}}, {"type": "Feature", "properties": {"threshold_ug_l": 20.0, "area_km2_approx": 1.565}, "geometry": {"type": "Polygon", "coordinates": [[[120.17913253848023, 31.54503677424166], [120.17913253848023, 31.54447574245511], [120.17865853910045, 31.54447574245511], [120.17865853910045, 31.54391471066856], [120.17818453972066, 31.54391471066856], [120.17818453972066, 31.54335367888201], [120.17676254158128, 31.54335367888201], [120.17676254158128, 31.54279264709546], [120.1758145428217, 31.54279264709546], [120.1758145428217, 31.54223161530891], [120.17486654406211, 31.54223161530891], [120.17486654406211, 31.54167058352236], [120.17391854530253, 31.54167058352236], [120.17391854530253, 31.541109551735808], [120.17297054654294, 31.541109551735808], [120.17297054654294, 31.540548519949258], [120.17439254468232, 31.540548519949258], [120.17439254468232, 31.53998748816271], [120.17486654406211, 31.53998748816271], [120.17486654406211, 31.53942645637616], [120.17439254468232, 31.53942645637616], [120.17439254468232, 31.53886542458961], [120.17486654406211, 31.53886542458961], [120.17486654406211, 31.53942645637616], [120.1753405434419, 31.53942645637616], [120.1753405434419, 31.540548519949258], [120.17628854220149, 31.540548519949258], [120.17628854220149, 31.541109551735808], [120.17723654096108, 31.541109551735808], [120.17723654096108, 31.540548519949258], [120.17865853910045, 31.540548519949258], [120.17865853910045, 31.541109551735808], [120.17913253848023, 31.541109551735808], [120.17913253848023, 31.53998748816271], [120.17960653786002, 31.53998748816271], [120.17960653786002, 31.53886542458961], [120.18055453661961, 31.53886542458961], [120.18055453661961, 31.53830439280306], [120.17960653786002, 31.53830439280306], [120.17960653786002, 31.537182329229957], [120.17913253848023, 31.537182329229957], [120.17913253848023, 31.536621297443407], [120.17865853910045, 31.536621297443407], [120.17865853910045, 31.536060265656857], [120.17771054034087, 31.536060265656857], [120.17771054034087, 31.535499233870308], [120.17818453972066, 31.535499233870308], [120.17818453972066, 31.53381613851066], [120.17865853910045, 31.53381613851066], [120.17865853910045, 31.533255106724106], [120.17913253848023, 31.533255106724106], [120.17913253848023, 31.532694074937556], [120.17865853910045, 31.532694074937556], [120.17865853910045, 31.532133043151006], [120.17913253848023, 31.532133043151006], [120.17913253848023, 31.532694074937556], [120.17960653786002, 31.532694074937556], [120.17960653786002, 31.533255106724106], [120.18008053723982, 31.533255106724106], [120.18008053723982, 31.532133043151006], [120.17960653786002, 31.532133043151006], [120.17960653786002, 31.531572011364457], [120.18055453661961, 31.531572011364457], [120.18055453661961, 31.530449947791357], [120.18008053723982, 31.530449947791357], [120.18008053723982, 31.528205820645155], [120.1810285359994, 31.528205820645155], [120.1810285359994, 31.527644788858606], [120.1815025353792, 31.527644788858606], [120.1815025353792, 31.527083757072056], [120.18197653475899, 31.527083757072056], [120.18197653475899, 31.526522725285506], [120.18339853289837, 31.526522725285506], [120.18339853289837, 31.525961693498953], [120.18482053103774, 31.525961693498953], [120.18482053103774, 31.524839629925854], [120.18624252917711, 31.524839629925854], [120.18624252917711, 31.524278598139304], [120.18719052793669, 31.524278598139304], [120.18719052793669, 31.523717566352754], [120.18956052483566, 31.523717566352754], [120.18956052483566, 31.524278598139304], [120.19003452421545, 31.524278598139304], [120.19003452421545, 31.523717566352754], [120.19098252297503, 31.523717566352754], [120.19098252297503, 31.523156534566205], [120.19145652235483, 31.523156534566205], [120.19145652235483, 31.523717566352754], [120.19193052173462, 31.523717566352754], [120.19193052173462, 31.524278598139304], [120.1924045211144, 31.524278598139304], [120.1924045211144, 31.524839629925854], [120.19287852049419, 31.524839629925854], [120.19287852049419, 31.525400661712403], [120.1924045211144, 31.525400661712403], [120.1924045211144, 31.526522725285506], [120.19193052173462, 31.526522725285506], [120.19193052173462, 31.528205820645155], [120.19145652235483, 31.528205820645155], [120.19145652235483, 31.528766852431705], [120.19050852359524, 31.528766852431705], [120.19050852359524, 31.529327884218254], [120.19003452421545, 31.529327884218254], [120.19003452421545, 31.529888916004804], [120.18956052483566, 31.529888916004804], [120.18956052483566, 31.530449947791357], [120.18908652545586, 31.530449947791357], [120.18908652545586, 31.529888916004804], [120.18861252607607, 31.529888916004804], [120.18861252607607, 31.530449947791357], [120.18813852669628, 31.530449947791357], [120.18813852669628, 31.529888916004804], [120.18766452731649, 31.529888916004804], [120.18766452731649, 31.531010979577907], [120.18719052793669, 31.531010979577907], [120.18719052793669, 31.531572011364457], [120.18529453041754, 31.531572011364457], [120.18529453041754, 31.532694074937556], [120.18576852979731, 31.532694074937556], [120.18576852979731, 31.533255106724106], [120.18766452731649, 31.533255106724106], [120.18766452731649, 31.53381613851066], [120.18813852669628, 31.53381613851066], [120.18813852669628, 31.53437717029721], [120.18766452731649, 31.53437717029721], [120.18766452731649, 31.534938202083758], [120.18719052793669, 31.534938202083758], [120.18719052793669, 31.535499233870308], [120.1867165285569, 31.535499233870308], [120.1867165285569, 31.536060265656857], [120.18576852979731, 31.536060265656857], [120.18576852979731, 31.536621297443407], [120.18529453041754, 31.536621297443407], [120.18529453041754, 31.537182329229957], [120.18482053103774, 31.537182329229957], [120.18482053103774, 31.53830439280306], [120.18434653165795, 31.53830439280306], [120.18434653165795, 31.53886542458961], [120.18387253227816, 31.53886542458961], [120.18387253227816, 31.53942645637616], [120.18339853289837, 31.53942645637616], [120.18339853289837, 31.54223161530891], [120.18197653475899, 31.54223161530891], [120.18197653475899, 31.54167058352236], [120.1815025353792, 31.54167058352236], [120.1815025353792, 31.541109551735808], [120.17913253848023, 31.541109551735808], [120.17913253848023, 31.54279264709546], [120.17865853910045, 31.54279264709546], [120.17865853910045, 31.54335367888201], [120.18008053723982, 31.54335367888201], [120.18008053723982, 31.54279264709546], [120.18055453661961, 31.54279264709546], [120.18055453661961, 31.54335367888201], [120.18008053723982, 31.54335367888201], [120.18008053723982, 31.54447574245511], [120.17960653786002, 31.54447574245511], [120.17960653786002, 31.54503677424166], [120.17913253848023, 31.54503677424166]], [[120.18055453661961, 31.53381613851066], [120.1810285359994, 31.53381613851066], [120.1810285359994, 31.533255106724106], [120.18055453661961, 31.533255106724106], [120.18055453661961, 31.53381613851066]], [[120.18908652545586, 31.528205820645155], [120.19050852359524, 31.528205820645155], [120.19050852359524, 31.525961693498953], [120.18861252607607, 31.525961693498953], [120.18861252607607, 31.526522725285506], [120.18813852669628, 31.526522725285506], [120.18813852669628, 31.527083757072056], [120.18861252607607, 31.527083757072056], [120.18861252607607, 31.527644788858606], [120.18908652545586, 31.527644788858606], [120.18908652545586, 31.528205820645155]]]}}, {"type": "Feature", "properties": {"threshold_ug_l": 20.0, "area_km2_approx": 0.137}, "geometry": {"type": "Polygon", "coordinates": [[[120.20567650374858, 31.527644788858606], [120.20567650374858, 31.527083757072056], [120.2037805062294, 31.527083757072056], [120.2037805062294, 31.526522725285506], [120.20188450871024, 31.526522725285506], [120.20188450871024, 31.525961693498953], [120.20093650995065, 31.525961693498953], [120.20093650995065, 31.525400661712403], [120.20046251057086, 31.525400661712403], [120.20046251057086, 31.524278598139304], [120.20093650995065, 31.524278598139304], [120.20093650995065, 31.523717566352754], [120.20141050933044, 31.523717566352754], [120.20141050933044, 31.523156534566205], [120.20188450871024, 31.523156534566205], [120.20188450871024, 31.523717566352754], [120.20141050933044, 31.523717566352754], [120.20141050933044, 31.524278598139304], [120.20235850809003, 31.524278598139304], [120.20235850809003, 31.523717566352754], [120.20330650684961, 31.523717566352754], [120.20330650684961, 31.523156534566205], [120.20472850498899, 31.523156534566205], [120.20472850498899, 31.525961693498953], [120.20520250436878, 31.525961693498953], [120.20520250436878, 31.526522725285506], [120.20615050312836, 31.526522725285506], [120.20615050312836, 31.527644788858606], [120.20567650374858, 31.527644788858606]]]}}, {"type": "Feature", "properties": {"threshold_ug_l": 20.0, "area_km2_approx": 0.006}, "geometry": {"type": "Polygon", "coordinates": [[[120.18576852979731, 31.523156534566205], [120.18576852979731, 31.52259550277965], [120.1867165285569, 31.52259550277965], [120.1867165285569, 31.523156534566205], [120.18576852979731, 31.523156534566205]]]}}, {"type": "Feature", "properties": {"threshold_ug_l": 20.0, "area_km2_approx": 0.006}, "geometry": {"type": "Polygon", "coordinates": [[[120.21657848948378, 31.52259550277965], [120.21657848948378, 31.521473439206552], [120.21705248886357, 31.521473439206552], [120.21705248886357, 31.52259550277965], [120.21657848948378, 31.52259550277965]]]}}, {"type": "Feature", "properties": {"threshold_ug_l": 20.0, "area_km2_approx": 0.003}, "geometry": {"type": "Polygon", "coordinates": [[[120.15401057135128, 31.520912407420003], [120.15401057135128, 31.520351375633453], [120.15448457073107, 31.520351375633453], [120.15448457073107, 31.520912407420003], [120.15401057135128, 31.520912407420003]]]}}, {"type": "Feature", "properties": {"threshold_ug_l": 20.0, "area_km2_approx": 0.006}, "geometry": {"type": "Polygon", "coordinates": [[[120.1530625725917, 31.520351375633453], [120.1530625725917, 31.519229312060354], [120.15353657197149, 31.519229312060354], [120.15353657197149, 31.520351375633453], [120.1530625725917, 31.520351375633453]]]}}, {"type": "Feature", "properties": {"threshold_ug_l": 20.0, "area_km2_approx": 0.003}, "geometry": {"type": "Polygon", "coordinates": [[[120.19761851429212, 31.5175462167007], [120.19761851429212, 31.51698518491415], [120.19809251367191, 31.51698518491415], [120.19809251367191, 31.5175462167007], [120.19761851429212, 31.5175462167007]]]}}, {"type": "Feature", "properties": {"threshold_ug_l": 20.0, "area_km2_approx": 0.003}, "geometry": {"type": "Polygon", "coordinates": [[[120.15590656887045, 31.515863121341052], [120.15590656887045, 31.515302089554503], [120.15638056825024, 31.515302089554503], [120.15638056825024, 31.515863121341052], [120.15590656887045, 31.515863121341052]]]}}, {"type": "Feature", "properties": {"threshold_ug_l": 20.0, "area_km2_approx": 0.045}, "geometry": {"type": "Polygon", "coordinates": [[[120.20615050312836, 31.51698518491415], [120.20615050312836, 31.515863121341052], [120.20662450250815, 31.515863121341052], [120.20662450250815, 31.515302089554503], [120.20615050312836, 31.515302089554503], [120.20615050312836, 31.51474105776795], [120.20757250126773, 31.51474105776795], [120.20757250126773, 31.515302089554503], [120.20852050002732, 31.515302089554503], [120.20852050002732, 31.516424153127602], [120.20804650064753, 31.516424153127602], [120.20804650064753, 31.51698518491415], [120.20615050312836, 31.51698518491415]]]}}, {"type": "Feature", "properties": {"threshold_ug_l": 20.0, "area_km2_approx": 0.008}, "geometry": {"type": "Polygon", "coordinates": [[[120.15495857011086, 31.516424153127602], [120.15495857011086, 31.515863121341052], [120.15448457073107, 31.515863121341052], [120.15448457073107, 31.515302089554503], [120.15495857011086, 31.515302089554503], [120.15495857011086, 31.51474105776795], [120.15543256949066, 31.51474105776795], [120.15543256949066, 31.515302089554503], [120.15495857011086, 31.515302089554503], [120.15495857011086, 31.515863121341052], [120.15543256949066, 31.515863121341052], [120.15543256949066, 31.516424153127602], [120.15495857011086, 31.516424153127602]]]}}, {"type": "Feature", "properties": {"threshold_ug_l": 20.0, "area_km2_approx": 0.195}, "geometry": {"type": "Polygon", "coordinates": [[[120.17960653786002, 31.519229312060354], [120.17960653786002, 31.51810724848725], [120.17818453972066, 31.51810724848725], [120.17818453972066, 31.5175462167007], [120.17723654096108, 31.5175462167007], [120.17723654096108, 31.515863121341052], [120.17771054034087, 31.515863121341052], [120.17771054034087, 31.515302089554503], [120.17913253848023, 31.515302089554503], [120.17913253848023, 31.51474105776795], [120.17960653786002, 31.51474105776795], [120.17960653786002, 31.515302089554503], [120.18055453661961, 31.515302089554503], [120.18055453661961, 31.515863121341052], [120.1810285359994, 31.515863121341052], [120.1810285359994, 31.515302089554503], [120.1815025353792, 31.515302089554503], [120.1815025353792, 31.51474105776795], [120.18197653475899, 31.51474105776795], [120.18197653475899, 31.5141800259814], [120.18245053413878, 31.5141800259814], [120.18245053413878, 31.51474105776795], [120.18339853289837, 31.51474105776795], [120.18339853289837, 31.515302089554503], [120.18387253227816, 31.515302089554503], [120.18387253227816, 31.515863121341052], [120.18434653165795, 31.515863121341052], [120.18434653165795, 31.516424153127602], [120.18292453351857, 31.516424153127602], [120.18292453351857, 31.5175462167007], [120.1815025353792, 31.5175462167007], [120.1815025353792, 31.51810724848725], [120.1810285359994, 31.51810724848725], [120.1810285359994, 31.519229312060354], [120.17960653786002, 31.519229312060354]]]}}, {"type": "Feature", "properties": {"threshold_ug_l": 20.0, "area_km2_approx": 0.003}, "geometry": {"type": "Polygon", "coordinates": [[[120.18292453351857, 31.5141800259814], [120.18292453351857, 31.51361899419485], [120.18339853289837, 31.51361899419485], [120.18339853289837, 31.5141800259814], [120.18292453351857, 31.5141800259814]]]}}, {"type": "Feature", "properties": {"threshold_ug_l": 20.0, "area_km2_approx": 0.003}, "geometry": {"type": "Polygon", "coordinates": [[[120.15401057135128, 31.5130579624083], [120.15401057135128, 31.51249693062175], [120.15448457073107, 31.51249693062175], [120.15448457073107, 31.5130579624083], [120.15401057135128, 31.5130579624083]]]}}, {"type": "Feature", "properties": {"threshold_ug_l": 20.0, "area_km2_approx": 1.323}, "geometry": {"type": "Polygon", "coordinates": [[[120.15969856390878, 31.532694074937556], [120.15969856390878, 31.532133043151006], [120.16064656266836, 31.532133043151006], [120.16064656266836, 31.531572011364457], [120.16017256328857, 31.531572011364457], [120.16017256328857, 31.531010979577907], [120.16064656266836, 31.531010979577907], [120.16064656266836, 31.530449947791357], [120.16017256328857, 31.530449947791357], [120.16017256328857, 31.529888916004804], [120.15969856390878, 31.529888916004804], [120.15969856390878, 31.530449947791357], [120.15922456452898, 31.530449947791357], [120.15922456452898, 31.529888916004804], [120.15875056514919, 31.529888916004804], [120.15875056514919, 31.528766852431705], [120.15969856390878, 31.528766852431705], [120.15969856390878, 31.528205820645155], [120.16064656266836, 31.528205820645155], [120.16064656266836, 31.526522725285506], [120.16017256328857, 31.526522725285506], [120.16017256328857, 31.525400661712403], [120.16064656266836, 31.525400661712403], [120.16064656266836, 31.52259550277965], [120.16206856080774, 31.52259550277965], [120.16206856080774, 31.522034470993102], [120.16159456142795, 31.522034470993102], [120.16159456142795, 31.521473439206552], [120.16064656266836, 31.521473439206552], [120.16064656266836, 31.522034470993102], [120.15969856390878, 31.522034470993102], [120.15969856390878, 31.521473439206552], [120.15827656576941, 31.521473439206552], [120.15827656576941, 31.520912407420003], [120.15732856700983, 31.520912407420003], [120.15732856700983, 31.519790343846903], [120.15922456452898, 31.519790343846903], [120.15922456452898, 31.519229312060354], [120.16017256328857, 31.519229312060354], [120.16017256328857, 31.5186682802738], [120.15969856390878, 31.5186682802738], [120.15969856390878, 31.51810724848725], [120.15875056514919, 31.51810724848725], [120.15875056514919, 31.5186682802738], [120.15685456763003, 31.5186682802738], [120.15685456763003, 31.519229312060354], [120.15590656887045, 31.519229312060354], [120.15590656887045, 31.5186682802738], [120.15495857011086, 31.5186682802738], [120.15495857011086, 31.51810724848725], [120.15353657197149, 31.51810724848725], [120.15353657197149, 31.515863121341052], [120.1525885732119, 31.515863121341052], [120.1525885732119, 31.51698518491415], [120.15211457383211, 31.51698518491415], [120.15211457383211, 31.515863121341052], [120.15164057445233, 31.515863121341052], [120.15164057445233, 31.51361899419485], [120.15069257569274, 31.51361899419485], [120.15069257569274, 31.5130579624083], [120.14974457693316, 31.5130579624083], [120.14974457693316, 31.51249693062175], [120.14927057755337, 31.51249693062175], [120.14927057755337, 31.5119358988352], [120.14974457693316, 31.5119358988352], [120.14974457693316, 31.51249693062175], [120.15021857631295, 31.51249693062175], [120.15021857631295, 31.5119358988352], [120.15069257569274, 31.5119358988352], [120.15069257569274, 31.51137486704865], [120.15116657507254, 31.51137486704865], [120.15116657507254, 31.51249693062175], [120.1530625725917, 31.51249693062175], [120.1530625725917, 31.5130579624083], [120.15353657197149, 31.5130579624083], [120.15353657197149, 31.51361899419485], [120.15401057135128, 31.51361899419485], [120.15401057135128, 31.51474105776795], [120.15353657197149, 31.51474105776795], [120.15353657197149, 31.515302089554503], [120.15401057135128, 31.515302089554503], [120.15401057135128, 31.516424153127602], [120.15448457073107, 31.516424153127602], [120.15448457073107, 31.51698518491415], [120.15495857011086, 31.51698518491415], [120.15495857011086, 31.5175462167007], [120.15543256949066, 31.5175462167007], [120.15543256949066, 31.51698518491415], [120.15638056825024, 31.51698518491415], [120.15638056825024, 31.51810724848725], [120.15685456763003, 31.51810724848725], [120.15685456763003, 31.5175462167007], [120.15780256638962, 31.5175462167007], [120.15780256638962, 31.51698518491415], [120.15827656576941, 31.51698518491415], [120.15827656576941, 31.5175462167007], [120.15969856390878, 31.5175462167007], [120.15969856390878, 31.516424153127602], [120.16017256328857, 31.516424153127602], [120.16017256328857, 31.515863121341052], [120.16064656266836, 31.515863121341052], [120.16064656266836, 31.515302089554503], [120.16112056204815, 31.515302089554503], [120.16112056204815, 31.51474105776795], [120.16159456142795, 31.51474105776795], [120.16159456142795, 31.515302089554503], [120.16254256018753, 31.515302089554503], [120.16254256018753, 31.516424153127602], [120.16301655956732, 31.516424153127602], [120.16301655956732, 31.5175462167007], [120.1644385577067, 31.5175462167007], [120.1644385577067, 31.51698518491415], [120.1649125570865, 31.51698518491415], [120.1649125570865, 31.5175462167007], [120.16538655646627, 31.5175462167007], [120.16538655646627, 31.51810724848725], [120.16633455522586, 31.51810724848725], [120.16633455522586, 31.5175462167007], [120.16680855460565, 31.5175462167007], [120.16680855460565, 31.51698518491415], [120.16728255398544, 31.51698518491415], [120.16728255398544, 31.51810724848725], [120.16775655336524, 31.51810724848725], [120.16775655336524, 31.5186682802738], [120.17202254778337, 31.5186682802738], [120.17202254778337, 31.519790343846903], [120.17249654716315, 31.519790343846903], [120.17249654716315, 31.520351375633453], [120.17439254468232, 31.520351375633453], [120.17439254468232, 31.521473439206552], [120.17344454592273, 31.521473439206552], [120.17344454592273, 31.523156534566205], [120.17297054654294, 31.523156534566205], [120.17297054654294, 31.523717566352754], [120.17439254468232, 31.523717566352754], [120.17439254468232, 31.525400661712403], [120.17391854530253, 31.525400661712403], [120.17391854530253, 31.525961693498953], [120.17344454592273, 31.525961693498953], [120.17344454592273, 31.526522725285506], [120.17154854840358, 31.526522725285506], [120.17154854840358, 31.525961693498953], [120.17297054654294, 31.525961693498953], [120.17297054654294, 31.524839629925854], [120.17344454592273, 31.524839629925854], [120.17344454592273, 31.524278598139304], [120.17249654716315, 31.524278598139304], [120.17249654716315, 31.524839629925854], [120.17202254778337, 31.524839629925854], [120.17202254778337, 31.525400661712403], [120.17060054964399, 31.525400661712403], [120.17060054964399, 31.524839629925854], [120.17154854840358, 31.524839629925854], [120.17154854840358, 31.520912407420003], [120.17107454902379, 31.520912407420003], [120.17107454902379, 31.519790343846903], [120.1701265502642, 31.519790343846903], [120.1701265502642, 31.521473439206552], [120.16965255088441, 31.521473439206552], [120.16965255088441, 31.520912407420003], [120.16917855150461, 31.520912407420003], [120.16917855150461, 31.520351375633453], [120.16870455212482, 31.520351375633453], [120.16870455212482, 31.520912407420003], [120.16728255398544, 31.520912407420003], [120.16728255398544, 31.521473439206552], [120.16775655336524, 31.521473439206552], [120.16775655336524, 31.52259550277965], [120.16728255398544, 31.52259550277965], [120.16728255398544, 31.522034470993102], [120.16633455522586, 31.522034470993102], [120.16633455522586, 31.52259550277965], [120.1649125570865, 31.52259550277965], [120.1649125570865, 31.523156534566205], [120.16349055894712, 31.523156534566205], [120.16349055894712, 31.523717566352754], [120.1644385577067, 31.523717566352754], [120.1644385577067, 31.524278598139304], [120.16538655646627, 31.524278598139304], [120.16538655646627, 31.524839629925854], [120.1649125570865, 31.524839629925854], [120.1649125570865, 31.525400661712403], [120.1644385577067, 31.525400661712403], [120.1644385577067, 31.525961693498953], [120.16396455832691, 31.525961693498953], [120.16396455832691, 31.527083757072056], [120.1644385577067, 31.527083757072056], [120.1644385577067, 31.528205820645155], [120.1649125570865, 31.528205820645155], [120.1649125570865, 31.529327884218254], [120.1644385577067, 31.529327884218254], [120.1644385577067, 31.529888916004804], [120.16396455832691, 31.529888916004804], [120.16396455832691, 31.530449947791357], [120.16301655956732, 31.530449947791357], [120.16301655956732, 31.531010979577907], [120.16206856080774, 31.531010979577907], [120.16206856080774, 31.532133043151006], [120.16159456142795, 31.532133043151006], [120.16159456142795, 31.531572011364457], [120.16112056204815, 31.531572011364457], [120.16112056204815, 31.532133043151006], [120.16064656266836, 31.532133043151006], [120.16064656266836, 31.532694074937556], [120.15969856390878, 31.532694074937556]], [[120.16064656266836, 31.531572011364457], [120.16112056204815, 31.531572011364457], [120.16112056204815, 31.531010979577907], [120.16064656266836, 31.531010979577907], [120.16064656266836, 31.531572011364457]], [[120.16301655956732, 31.524839629925854], [120.16349055894712, 31.524839629925854], [120.16349055894712, 31.524278598139304], [120.16301655956732, 31.524278598139304], [120.16301655956732, 31.524839629925854]], [[120.16112056204815, 31.51810724848725], [120.16206856080774, 31.51810724848725], [120.16206856080774, 31.51698518491415], [120.16159456142795, 31.51698518491415], [120.16159456142795, 31.5175462167007], [120.16112056204815, 31.5175462167007], [120.16112056204815, 31.51810724848725]]]}}, {"type": "Feature", "properties": {"threshold_ug_l": 20.0, "area_km2_approx": 0.003}, "geometry": {"type": "Polygon", "coordinates": [[[120.1469005806544, 31.5119358988352], [120.1469005806544, 31.51137486704865], [120.1473745800342, 31.51137486704865], [120.1473745800342, 31.5119358988352], [120.1469005806544, 31.5119358988352]]]}}, {"type": "Feature", "properties": {"threshold_ug_l": 20.0, "area_km2_approx": 0.006}, "geometry": {"type": "Polygon", "coordinates": [[[120.15543256949066, 31.5119358988352], [120.15543256949066, 31.51137486704865], [120.15638056825024, 31.51137486704865], [120.15638056825024, 31.5119358988352], [120.15543256949066, 31.5119358988352]]]}}, {"type": "Feature", "properties": {"threshold_ug_l": 20.0, "area_km2_approx": 0.003}, "geometry": {"type": "Polygon", "coordinates": [[[120.18008053723982, 31.5119358988352], [120.18008053723982, 31.51137486704865], [120.18055453661961, 31.51137486704865], [120.18055453661961, 31.5119358988352], [120.18008053723982, 31.5119358988352]]]}}, {"type": "Feature", "properties": {"threshold_ug_l": 20.0, "area_km2_approx": 0.003}, "geometry": {"type": "Polygon", "coordinates": [[[120.21752648824337, 31.5119358988352], [120.21752648824337, 31.51137486704865], [120.21800048762316, 31.51137486704865], [120.21800048762316, 31.5119358988352], [120.21752648824337, 31.5119358988352]]]}}, {"type": "Feature", "properties": {"threshold_ug_l": 20.0, "area_km2_approx": 0.003}, "geometry": {"type": "Polygon", "coordinates": [[[120.14453058375545, 31.51137486704865], [120.14453058375545, 31.5108138352621], [120.14500458313523, 31.5108138352621], [120.14500458313523, 31.51137486704865], [120.14453058375545, 31.51137486704865]]]}}, {"type": "Feature", "properties": {"threshold_ug_l": 20.0, "area_km2_approx": 0.036}, "geometry": {"type": "Polygon", "coordinates": [[[120.15732856700983, 31.51249693062175], [120.15732856700983, 31.5119358988352], [120.15685456763003, 31.5119358988352], [120.15685456763003, 31.51137486704865], [120.15732856700983, 31.51137486704865], [120.15732856700983, 31.5108138352621], [120.15780256638962, 31.5108138352621], [120.15780256638962, 31.51025280347555], [120.15827656576941, 31.51025280347555], [120.15827656576941, 31.5108138352621], [120.15875056514919, 31.5108138352621], [120.15875056514919, 31.51137486704865], [120.15969856390878, 31.51137486704865], [120.15969856390878, 31.5119358988352], [120.15875056514919, 31.5119358988352], [120.15875056514919, 31.51249693062175], [120.15732856700983, 31.51249693062175]]]}}, {"type": "Feature", "properties": {"threshold_ug_l": 20.0, "area_km2_approx": 0.003}, "geometry": {"type": "Polygon", "coordinates": [[[120.15116657507254, 31.5108138352621], [120.15116657507254, 31.51025280347555], [120.15164057445233, 31.51025280347555], [120.15164057445233, 31.5108138352621], [120.15116657507254, 31.5108138352621]]]}}, {"type": "Feature", "properties": {"threshold_ug_l": 20.0, "area_km2_approx": 0.003}, "geometry": {"type": "Polygon", "coordinates": [[[120.12936260360212, 31.509691771689], [120.12936260360212, 31.50913073990245], [120.12983660298191, 31.50913073990245], [120.12983660298191, 31.509691771689], [120.12936260360212, 31.509691771689]]]}}, {"type": "Feature", "properties": {"threshold_ug_l": 20.0, "area_km2_approx": 0.008}, "geometry": {"type": "Polygon", "coordinates": [[[120.22511047832003, 31.507447644542797], [120.22511047832003, 31.506886612756247], [120.2265324764594, 31.506886612756247], [120.2265324764594, 31.507447644542797], [120.22511047832003, 31.507447644542797]]]}}, {"type": "Feature", "properties": {"threshold_ug_l": 20.0, "area_km2_approx": 0.006}, "geometry": {"type": "Polygon", "coordinates": [[[120.21800048762316, 31.507447644542797], [120.21800048762316, 31.506886612756247], [120.21847448700295, 31.506886612756247], [120.21847448700295, 31.506325580969698], [120.21894848638274, 31.506325580969698], [120.21894848638274, 31.506886612756247], [120.21847448700295, 31.506886612756247], [120.21847448700295, 31.507447644542797], [120.21800048762316, 31.507447644542797]]]}}, {"type": "Feature", "properties": {"threshold_ug_l": 20.0, "area_km2_approx": 0.187}, "geometry": {"type": "Polygon", "coordinates": [[[120.1525885732119, 31.51025280347555], [120.1525885732119, 31.5085697081159], [120.15448457073107, 31.5085697081159], [120.15448457073107, 31.50800867632935], [120.15401057135128, 31.50800867632935], [120.15401057135128, 31.507447644542797], [120.1530625725917, 31.507447644542797], [120.1530625725917, 31.50800867632935], [120.15164057445233, 31.50800867632935], [120.15164057445233, 31.5085697081159], [120.15021857631295, 31.5085697081159], [120.15021857631295, 31.50913073990245], [120.14974457693316, 31.50913073990245], [120.14974457693316, 31.5085697081159], [120.14832257879378, 31.5085697081159], [120.14832257879378, 31.506886612756247], [120.14784857941399, 31.506886612756247], [120.14784857941399, 31.506325580969698], [120.14832257879378, 31.506325580969698], [120.14832257879378, 31.505764549183148], [120.14879657817357, 31.505764549183148], [120.14879657817357, 31.506325580969698], [120.14927057755337, 31.506325580969698], [120.14927057755337, 31.505764549183148], [120.14974457693316, 31.505764549183148], [120.14974457693316, 31.506325580969698], [120.15021857631295, 31.506325580969698], [120.15021857631295, 31.506886612756247], [120.14974457693316, 31.506886612756247], [120.14974457693316, 31.507447644542797], [120.15069257569274, 31.507447644542797], [120.15069257569274, 31.505764549183148], [120.1525885732119, 31.505764549183148], [120.1525885732119, 31.506325580969698], [120.15353657197149, 31.506325580969698], [120.15353657197149, 31.506886612756247], [120.15401057135128, 31.506886612756247], [120.15401057135128, 31.507447644542797], [120.15495857011086, 31.507447644542797], [120.15495857011086, 31.50800867632935], [120.15590656887045, 31.50800867632935], [120.15590656887045, 31.5085697081159], [120.15543256949066, 31.5085697081159], [120.15543256949066, 31.50913073990245], [120.15495857011086, 31.50913073990245], [120.15495857011086, 31.509691771689], [120.15543256949066, 31.509691771689], [120.15543256949066, 31.51025280347555], [120.1525885732119, 31.51025280347555]]]}}, {"type": "Feature", "properties": {"threshold_ug_l": 20.0, "area_km2_approx": 0.287}, "geometry": {"type": "Polygon", "coordinates": [[[120.13789459243837, 31.51249693062175], [120.13789459243837, 31.5119358988352], [120.13552459553941, 31.5119358988352], [120.13552459553941, 31.51137486704865], [120.13362859802024, 31.51137486704865], [120.13362859802024, 31.5108138352621], [120.13457659677982, 31.5108138352621], [120.13457659677982, 31.51025280347555], [120.1359985949192, 31.51025280347555], [120.1359985949192, 31.50913073990245], [120.13552459553941, 31.50913073990245], [120.13552459553941, 31.50800867632935], [120.1359985949192, 31.50800867632935], [120.1359985949192, 31.507447644542797], [120.136472594299, 31.507447644542797], [120.136472594299, 31.506886612756247], [120.1359985949192, 31.506886612756247], [120.1359985949192, 31.5052035173966], [120.13742059305858, 31.5052035173966], [120.13742059305858, 31.505764549183148], [120.13836859181815, 31.505764549183148], [120.13836859181815, 31.506325580969698], [120.13979058995753, 31.506325580969698], [120.13979058995753, 31.506886612756247], [120.14026458933732, 31.506886612756247], [120.14026458933732, 31.507447644542797], [120.13836859181815, 31.507447644542797], [120.13836859181815, 31.5085697081159], [120.13931659057774, 31.5085697081159], [120.13931659057774, 31.50913073990245], [120.14026458933732, 31.50913073990245], [120.14026458933732, 31.509691771689], [120.14073858871711, 31.509691771689], [120.14073858871711, 31.5108138352621], [120.14026458933732, 31.5108138352621], [120.14026458933732, 31.5119358988352], [120.14073858871711, 31.5119358988352], [120.14073858871711, 31.51137486704865], [120.1412125880969, 31.51137486704865], [120.1412125880969, 31.5119358988352], [120.1416865874767, 31.5119358988352], [120.1416865874767, 31.51249693062175], [120.14026458933732, 31.51249693062175], [120.14026458933732, 31.5119358988352], [120.13979058995753, 31.5119358988352], [120.13979058995753, 31.51137486704865], [120.13884259119794, 31.51137486704865], [120.13884259119794, 31.51249693062175], [120.13789459243837, 31.51249693062175]]]}}, {"type": "Feature", "properties": {"threshold_ug_l": 20.0, "area_km2_approx": 0.008}, "geometry": {"type": "Polygon", "coordinates": [[[120.17439254468232, 31.5052035173966], [120.17439254468232, 31.50464248561005], [120.17486654406211, 31.50464248561005], [120.17486654406211, 31.5040814538235], [120.1753405434419, 31.5040814538235], [120.1753405434419, 31.5052035173966], [120.17439254468232, 31.5052035173966]]]}}, {"type": "Feature", "properties": {"threshold_ug_l": 20.0, "area_km2_approx": 0.003}, "geometry": {"type": "Polygon", "coordinates": [[[120.14595258189482, 31.50464248561005], [120.14595258189482, 31.5040814538235], [120.14642658127461, 31.5040814538235], [120.14642658127461, 31.50464248561005], [120.14595258189482, 31.50464248561005]]]}}, {"type": "Feature", "properties": {"threshold_ug_l": 20.0, "area_km2_approx": 0.087}, "geometry": {"type": "Polygon", "coordinates": [[[120.12746660608295, 31.5085697081159], [120.12746660608295, 31.50800867632935], [120.12651860732336, 31.50800867632935], [120.12651860732336, 31.507447644542797], [120.12462260980419, 31.507447644542797], [120.12462260980419, 31.505764549183148], [120.12414861042441, 31.505764549183148], [120.12414861042441, 31.5052035173966], [120.12367461104462, 31.5052035173966], [120.12367461104462, 31.50464248561005], [120.12320061166483, 31.50464248561005], [120.12320061166483, 31.5040814538235], [120.12225261290524, 31.5040814538235], [120.12225261290524, 31.502959390250396], [120.12320061166483, 31.502959390250396], [120.12320061166483, 31.5040814538235], [120.12367461104462, 31.5040814538235], [120.12367461104462, 31.50464248561005], [120.12414861042441, 31.50464248561005], [120.12414861042441, 31.5052035173966], [120.12462260980419, 31.5052035173966], [120.12462260980419, 31.505764549183148], [120.12509660918398, 31.505764549183148], [120.12509660918398, 31.506886612756247], [120.12557060856378, 31.506886612756247], [120.12557060856378, 31.506325580969698], [120.12604460794357, 31.506325580969698], [120.12604460794357, 31.505764549183148], [120.12699260670315, 31.505764549183148], [120.12699260670315, 31.5052035173966], [120.12794060546274, 31.5052035173966], [120.12794060546274, 31.505764549183148], [120.12841460484253, 31.505764549183148], [120.12841460484253, 31.506886612756247], [120.12746660608295, 31.506886612756247], [120.12746660608295, 31.50800867632935], [120.12794060546274, 31.50800867632935], [120.12794060546274, 31.5085697081159], [120.12746660608295, 31.5085697081159]]]}}, {"type": "Feature", "properties": {"threshold_ug_l": 20.0, "area_km2_approx": 0.017}, "geometry": {"type": "Polygon", "coordinates": [[[120.12604460794357, 31.502959390250396], [120.12604460794357, 31.502398358463847], [120.12651860732336, 31.502398358463847], [120.12651860732336, 31.501837326677297], [120.12794060546274, 31.501837326677297], [120.12794060546274, 31.502398358463847], [120.12746660608295, 31.502398358463847], [120.12746660608295, 31.502959390250396], [120.12604460794357, 31.502959390250396]]]}}, {"type": "Feature", "properties": {"threshold_ug_l": 20.0, "area_km2_approx": 0.003}, "geometry": {"type": "Polygon", "coordinates": [[[120.18387253227816, 31.502398358463847], [120.18387253227816, 31.501837326677297], [120.18434653165795, 31.501837326677297], [120.18434653165795, 31.502398358463847], [120.18387253227816, 31.502398358463847]]]}}, {"type": "Feature", "properties": {"threshold_ug_l": 20.0, "area_km2_approx": 0.003}, "geometry": {"type": "Polygon", "coordinates": [[[120.19430051863357, 31.502398358463847], [120.19430051863357, 31.501837326677297], [120.19477451801336, 31.501837326677297], [120.19477451801336, 31.502398358463847], [120.19430051863357, 31.502398358463847]]]}}, {"type": "Feature", "properties": {"threshold_ug_l": 20.0, "area_km2_approx": 0.1}, "geometry": {"type": "Polygon", "coordinates": [[[120.17771054034087, 31.5040814538235], [120.17771054034087, 31.503520422036946], [120.17676254158128, 31.503520422036946], [120.17676254158128, 31.502959390250396], [120.1758145428217, 31.502959390250396], [120.1758145428217, 31.502398358463847], [120.17628854220149, 31.502398358463847], [120.17628854220149, 31.501837326677297], [120.17771054034087, 31.501837326677297], [120.17771054034087, 31.501276294890747], [120.17913253848023, 31.501276294890747], [120.17913253848023, 31.501837326677297], [120.17960653786002, 31.501837326677297], [120.17960653786002, 31.502398358463847], [120.1815025353792, 31.502398358463847], [120.1815025353792, 31.503520422036946], [120.18055453661961, 31.503520422036946], [120.18055453661961, 31.5040814538235], [120.17913253848023, 31.5040814538235], [120.17913253848023, 31.503520422036946], [120.17818453972066, 31.503520422036946], [120.17818453972066, 31.5040814538235], [120.17771054034087, 31.5040814538235]]]}}, {"type": "Feature", "properties": {"threshold_ug_l": 20.0, "area_km2_approx": 0.466}, "geometry": {"type": "Polygon", "coordinates": [[[120.1701265502642, 31.51025280347555], [120.1701265502642, 31.5085697081159], [120.17107454902379, 31.5085697081159], [120.17107454902379, 31.505764549183148], [120.1701265502642, 31.505764549183148], [120.1701265502642, 31.50464248561005], [120.16965255088441, 31.50464248561005], [120.16965255088441, 31.5052035173966], [120.16917855150461, 31.5052035173966], [120.16917855150461, 31.505764549183148], [120.16965255088441, 31.505764549183148], [120.16965255088441, 31.506325580969698], [120.1701265502642, 31.506325580969698], [120.1701265502642, 31.506886612756247], [120.16917855150461, 31.506886612756247], [120.16917855150461, 31.506325580969698], [120.16870455212482, 31.506325580969698], [120.16870455212482, 31.506886612756247], [120.16823055274503, 31.506886612756247], [120.16823055274503, 31.506325580969698], [120.16775655336524, 31.506325580969698], [120.16775655336524, 31.505764549183148], [120.16680855460565, 31.505764549183148], [120.16680855460565, 31.5052035173966], [120.16586055584607, 31.5052035173966], [120.16586055584607, 31.50464248561005], [120.16538655646627, 31.50464248561005], [120.16538655646627, 31.5040814538235], [120.1649125570865, 31.5040814538235], [120.1649125570865, 31.50464248561005], [120.1644385577067, 31.50464248561005], [120.1644385577067, 31.5052035173966], [120.16396455832691, 31.5052035173966], [120.16396455832691, 31.50464248561005], [120.16349055894712, 31.50464248561005], [120.16349055894712, 31.503520422036946], [120.16301655956732, 31.503520422036946], [120.16301655956732, 31.501837326677297], [120.1649125570865, 31.501837326677297], [120.1649125570865, 31.500715263104198], [120.16870455212482, 31.500715263104198], [120.16870455212482, 31.501276294890747], [120.1701265502642, 31.501276294890747], [120.1701265502642, 31.502398358463847], [120.16965255088441, 31.502398358463847], [120.16965255088441, 31.502959390250396], [120.16917855150461, 31.502959390250396], [120.16917855150461, 31.5040814538235], [120.1701265502642, 31.5040814538235], [120.1701265502642, 31.503520422036946], [120.17107454902379, 31.503520422036946], [120.17107454902379, 31.5040814538235], [120.17202254778337, 31.5040814538235], [120.17202254778337, 31.50464248561005], [120.17249654716315, 31.50464248561005], [120.17249654716315, 31.5040814538235], [120.17297054654294, 31.5040814538235], [120.17297054654294, 31.50464248561005], [120.17344454592273, 31.50464248561005], [120.17344454592273, 31.5052035173966], [120.17297054654294, 31.5052035173966], [120.17297054654294, 31.505764549183148], [120.17202254778337, 31.505764549183148], [120.17202254778337, 31.506325580969698], [120.17249654716315, 31.506325580969698], [120.17249654716315, 31.506886612756247], [120.17344454592273, 31.506886612756247], [120.17344454592273, 31.50913073990245], [120.17297054654294, 31.50913073990245], [120.17297054654294, 31.509691771689], [120.17344454592273, 31.509691771689], [120.17344454592273, 31.51025280347555], [120.17154854840358, 31.51025280347555], [120.17154854840358, 31.509691771689], [120.17107454902379, 31.509691771689], [120.17107454902379, 31.51025280347555], [120.1701265502642, 31.51025280347555]], [[120.17249654716315, 31.5052035173966], [120.17297054654294, 31.5052035173966], [120.17297054654294, 31.50464248561005], [120.17249654716315, 31.50464248561005], [120.17249654716315, 31.5052035173966]]]}}, {"type": "Feature", "properties": {"threshold_ug_l": 20.0, "area_km2_approx": 0.011}, "geometry": {"type": "Polygon", "coordinates": [[[120.12841460484253, 31.501837326677297], [120.12841460484253, 31.501276294890747], [120.12794060546274, 31.501276294890747], [120.12794060546274, 31.500715263104198], [120.12936260360212, 31.500715263104198], [120.12936260360212, 31.501276294890747], [120.12888860422233, 31.501276294890747], [120.12888860422233, 31.501837326677297], [120.12841460484253, 31.501837326677297]]]}}, {"type": "Feature", "properties": {"threshold_ug_l": 20.0, "area_km2_approx": 0.24}, "geometry": {"type": "Polygon", "coordinates": [[[120.1924045211144, 31.506325580969698], [120.1924045211144, 31.505764549183148], [120.19287852049419, 31.505764549183148], [120.19287852049419, 31.5052035173966], [120.19098252297503, 31.5052035173966], [120.19098252297503, 31.505764549183148], [120.19050852359524, 31.505764549183148], [120.19050852359524, 31.5052035173966], [120.18956052483566, 31.5052035173966], [120.18956052483566, 31.50464248561005], [120.18861252607607, 31.50464248561005], [120.18861252607607, 31.5040814538235], [120.18813852669628, 31.5040814538235], [120.18813852669628, 31.503520422036946], [120.18766452731649, 31.503520422036946], [120.18766452731649, 31.501837326677297], [120.1867165285569, 31.501837326677297], [120.1867165285569, 31.500715263104198], [120.18766452731649, 31.500715263104198], [120.18766452731649, 31.500154231317644], [120.18813852669628, 31.500154231317644], [120.18813852669628, 31.499593199531095], [120.18861252607607, 31.499593199531095], [120.18861252607607, 31.499032167744545], [120.18908652545586, 31.499032167744545], [120.18908652545586, 31.500154231317644], [120.18956052483566, 31.500154231317644], [120.18956052483566, 31.502959390250396], [120.19098252297503, 31.502959390250396], [120.19098252297503, 31.502398358463847], [120.19145652235483, 31.502398358463847], [120.19145652235483, 31.501837326677297], [120.1924045211144, 31.501837326677297], [120.1924045211144, 31.501276294890747], [120.19287852049419, 31.501276294890747], [120.19287852049419, 31.501837326677297], [120.19335251987398, 31.501837326677297], [120.19335251987398, 31.502959390250396], [120.19382651925378, 31.502959390250396], [120.19382651925378, 31.503520422036946], [120.19430051863357, 31.503520422036946], [120.19430051863357, 31.50464248561005], [120.19335251987398, 31.50464248561005], [120.19335251987398, 31.505764549183148], [120.19287852049419, 31.505764549183148], [120.19287852049419, 31.506325580969698], [120.1924045211144, 31.506325580969698]]]}}, {"type": "Feature", "properties": {"threshold_ug_l": 20.0, "area_km2_approx": 0.416}, "geometry": {"type": "Polygon", "coordinates": [[[120.22179248266148, 31.506325580969698], [120.22179248266148, 31.505764549183148], [120.22131848328169, 31.505764549183148], [120.22131848328169, 31.50464248561005], [120.2203704845221, 31.50464248561005], [120.2203704845221, 31.5040814538235], [120.2208444839019, 31.5040814538235], [120.2208444839019, 31.502959390250396], [120.22179248266148, 31.502959390250396], [120.22179248266148, 31.502398358463847], [120.2203704845221, 31.502398358463847], [120.2203704845221, 31.502959390250396], [120.21942248576254, 31.502959390250396], [120.21942248576254, 31.503520422036946], [120.21847448700295, 31.503520422036946], [120.21847448700295, 31.502398358463847], [120.21800048762316, 31.502398358463847], [120.21800048762316, 31.501837326677297], [120.21705248886357, 31.501837326677297], [120.21705248886357, 31.500154231317644], [120.21610449010399, 31.500154231317644], [120.21610449010399, 31.499593199531095], [120.21468249196461, 31.499593199531095], [120.21468249196461, 31.498471135957995], [120.2156304907242, 31.498471135957995], [120.2156304907242, 31.499032167744545], [120.21657848948378, 31.499032167744545], [120.21657848948378, 31.497910104171446], [120.21752648824337, 31.497910104171446], [120.21752648824337, 31.498471135957995], [120.21942248576254, 31.498471135957995], [120.21942248576254, 31.499032167744545], [120.22131848328169, 31.499032167744545], [120.22131848328169, 31.500154231317644], [120.2208444839019, 31.500154231317644], [120.2208444839019, 31.501276294890747], [120.22416247956045, 31.501276294890747], [120.22416247956045, 31.501837326677297], [120.22463647894024, 31.501837326677297], [120.22463647894024, 31.502398358463847], [120.22511047832003, 31.502398358463847], [120.22511047832003, 31.502959390250396], [120.22605847707962, 31.502959390250396], [120.22605847707962, 31.502398358463847], [120.22748047521898, 31.502398358463847], [120.22748047521898, 31.502959390250396], [120.22700647583919, 31.502959390250396], [120.22700647583919, 31.5040814538235], [120.22605847707962, 31.5040814538235], [120.22605847707962, 31.50464248561005], [120.22511047832003, 31.50464248561005], [120.22511047832003, 31.5052035173966], [120.22368848018066, 31.5052035173966], [120.22368848018066, 31.505764549183148], [120.22226648204128, 31.505764549183148], [120.22226648204128, 31.506325580969698], [120.22179248266148, 31.506325580969698]], [[120.21705248886357, 31.500154231317644], [120.21752648824337, 31.500154231317644], [120.21752648824337, 31.499593199531095], [120.21705248886357, 31.499593199531095], [120.21705248886357, 31.500154231317644]]]}}, {"type": "Feature", "properties": {"threshold_ug_l": 20.0, "area_km2_approx": 0.003}, "geometry": {"type": "Polygon", "coordinates": [[[120.15875056514919, 31.497910104171446], [120.15875056514919, 31.497349072384896], [120.15922456452898, 31.497349072384896], [120.15922456452898, 31.497910104171446], [120.15875056514919, 31.497910104171446]]]}}, {"type": "Feature", "properties": {"threshold_ug_l": 20.0, "area_km2_approx": 0.067}, "geometry": {"type": "Polygon", "coordinates": [[[120.12320061166483, 31.502398358463847], [120.12320061166483, 31.501276294890747], [120.12367461104462, 31.501276294890747], [120.12367461104462, 31.500154231317644], [120.12414861042441, 31.500154231317644], [120.12414861042441, 31.499593199531095], [120.12462260980419, 31.499593199531095], [120.12462260980419, 31.499032167744545], [120.12509660918398, 31.499032167744545], [120.12509660918398, 31.498471135957995], [120.12557060856378, 31.498471135957995], [120.12557060856378, 31.497910104171446], [120.12604460794357, 31.497910104171446], [120.12604460794357, 31.496788040598346], [120.12699260670315, 31.496788040598346], [120.12699260670315, 31.497349072384896], [120.12746660608295, 31.497349072384896], [120.12746660608295, 31.497910104171446], [120.12699260670315, 31.497910104171446], [120.12699260670315, 31.499593199531095], [120.12509660918398, 31.499593199531095], [120.12509660918398, 31.500154231317644], [120.12414861042441, 31.500154231317644], [120.12414861042441, 31.501276294890747], [120.12367461104462, 31.501276294890747], [120.12367461104462, 31.502398358463847], [120.12320061166483, 31.502398358463847]], [[120.12651860732336, 31.497910104171446], [120.12699260670315, 31.497910104171446], [120.12699260670315, 31.497349072384896], [120.12651860732336, 31.497349072384896], [120.12651860732336, 31.497910104171446]]]}}, {"type": "Feature", "properties": {"threshold_ug_l": 20.0, "area_km2_approx": 0.033}, "geometry": {"type": "Polygon", "coordinates": [[[120.12936260360212, 31.498471135957995], [120.12936260360212, 31.497349072384896], [120.12983660298191, 31.497349072384896], [120.12983660298191, 31.496788040598346], [120.1303106023617, 31.496788040598346], [120.1303106023617, 31.497349072384896], [120.1307846017415, 31.497349072384896], [120.1307846017415, 31.496788040598346], [120.13173260050107, 31.496788040598346], [120.13173260050107, 31.497910104171446], [120.13125860112129, 31.497910104171446], [120.13125860112129, 31.498471135957995], [120.12936260360212, 31.498471135957995]]]}}, {"type": "Feature", "properties": {"threshold_ug_l": 20.0, "area_km2_approx": 0.078}, "geometry": {"type": "Polygon", "coordinates": [[[120.13268059926065, 31.498471135957995], [120.13268059926065, 31.497910104171446], [120.13220659988086, 31.497910104171446], [120.13220659988086, 31.497349072384896], [120.13268059926065, 31.497349072384896], [120.13268059926065, 31.496788040598346], [120.13315459864044, 31.496788040598346], [120.13315459864044, 31.496227008811793], [120.13410259740003, 31.496227008811793], [120.13410259740003, 31.495665977025244], [120.13505059615962, 31.495665977025244], [120.13505059615962, 31.496227008811793], [120.1359985949192, 31.496227008811793], [120.1359985949192, 31.496788040598346], [120.13694659367879, 31.496788040598346], [120.13694659367879, 31.497349072384896], [120.1359985949192, 31.497349072384896], [120.1359985949192, 31.497910104171446], [120.13410259740003, 31.497910104171446], [120.13410259740003, 31.498471135957995], [120.13268059926065, 31.498471135957995]]]}}, {"type": "Feature", "properties": {"threshold_ug_l": 20.0, "area_km2_approx": 0.073}, "geometry": {"type": "Polygon", "coordinates": [[[120.20141050933044, 31.496788040598346], [120.20141050933044, 31.496227008811793], [120.19951451181127, 31.496227008811793], [120.19951451181127, 31.495665977025244], [120.19998851119107, 31.495665977025244], [120.19998851119107, 31.494543913452144], [120.20046251057086, 31.494543913452144], [120.20046251057086, 31.495104945238694], [120.20093650995065, 31.495104945238694], [120.20093650995065, 31.494543913452144], [120.20141050933044, 31.494543913452144], [120.20141050933044, 31.493982881665595], [120.2037805062294, 31.493982881665595], [120.2037805062294, 31.495665977025244], [120.20330650684961, 31.495665977025244], [120.20330650684961, 31.495104945238694], [120.20283250746982, 31.495104945238694], [120.20283250746982, 31.495665977025244], [120.20235850809003, 31.495665977025244], [120.20235850809003, 31.496227008811793], [120.20188450871024, 31.496227008811793], [120.20188450871024, 31.496788040598346], [120.20141050933044, 31.496788040598346]]]}}, {"type": "Feature", "properties": {"threshold_ug_l": 20.0, "area_km2_approx": 0.014}, "geometry": {"type": "Polygon", "coordinates": [[[120.136472594299, 31.495104945238694], [120.136472594299, 31.493982881665595], [120.13742059305858, 31.493982881665595], [120.13742059305858, 31.494543913452144], [120.13789459243837, 31.494543913452144], [120.13789459243837, 31.495104945238694], [120.136472594299, 31.495104945238694]]]}}, {"type": "Feature", "properties": {"threshold_ug_l": 20.0, "area_km2_approx": 0.008}, "geometry": {"type": "Polygon", "coordinates": [[[120.16064656266836, 31.493982881665595], [120.16064656266836, 31.493421849879045], [120.16206856080774, 31.493421849879045], [120.16206856080774, 31.493982881665595], [120.16064656266836, 31.493982881665595]]]}}, {"type": "Feature", "properties": {"threshold_ug_l": 20.0, "area_km2_approx": 0.039}, "geometry": {"type": "Polygon", "coordinates": [[[120.17107454902379, 31.494543913452144], [120.17107454902379, 31.493982881665595], [120.17154854840358, 31.493982881665595], [120.17154854840358, 31.492860818092495], [120.17391854530253, 31.492860818092495], [120.17391854530253, 31.493421849879045], [120.17344454592273, 31.493421849879045], [120.17344454592273, 31.494543913452144], [120.17107454902379, 31.494543913452144]]]}}, {"type": "Feature", "properties": {"threshold_ug_l": 20.0, "area_km2_approx": 0.017}, "geometry": {"type": "Polygon", "coordinates": [[[120.1924045211144, 31.493421849879045], [120.1924045211144, 31.492860818092495], [120.19193052173462, 31.492860818092495], [120.19193052173462, 31.492299786305942], [120.1924045211144, 31.492299786305942], [120.1924045211144, 31.491738754519393], [120.19287852049419, 31.491738754519393], [120.19287852049419, 31.492299786305942], [120.19335251987398, 31.492299786305942], [120.19335251987398, 31.493421849879045], [120.1924045211144, 31.493421849879045]]]}}, {"type": "Feature", "properties": {"threshold_ug_l": 20.0, "area_km2_approx": 0.008}, "geometry": {"type": "Polygon", "coordinates": [[[120.13836859181815, 31.492299786305942], [120.13836859181815, 31.491177722732843], [120.13931659057774, 31.491177722732843], [120.13931659057774, 31.491738754519393], [120.13884259119794, 31.491738754519393], [120.13884259119794, 31.492299786305942], [120.13836859181815, 31.492299786305942]]]}}, {"type": "Feature", "properties": {"threshold_ug_l": 20.0, "area_km2_approx": 0.011}, "geometry": {"type": "Polygon", "coordinates": [[[120.19477451801336, 31.491738754519393], [120.19477451801336, 31.490616690946293], [120.19572251677295, 31.490616690946293], [120.19572251677295, 31.491738754519393], [120.19477451801336, 31.491738754519393]]]}}, {"type": "Feature", "properties": {"threshold_ug_l": 20.0, "area_km2_approx": 0.003}, "geometry": {"type": "Polygon", "coordinates": [[[120.15211457383211, 31.490616690946293], [120.15211457383211, 31.490055659159744], [120.1525885732119, 31.490055659159744], [120.1525885732119, 31.490616690946293], [120.15211457383211, 31.490616690946293]]]}}, {"type": "Feature", "properties": {"threshold_ug_l": 20.0, "area_km2_approx": 0.003}, "geometry": {"type": "Polygon", "coordinates": [[[120.22842847397857, 31.490616690946293], [120.22842847397857, 31.490055659159744], [120.22890247335836, 31.490055659159744], [120.22890247335836, 31.490616690946293], [120.22842847397857, 31.490616690946293]]]}}, {"type": "Feature", "properties": {"threshold_ug_l": 20.0, "area_km2_approx": 0.006}, "geometry": {"type": "Polygon", "coordinates": [[[120.19382651925378, 31.489494627373194], [120.19382651925378, 31.488933595586644], [120.19477451801336, 31.488933595586644], [120.19477451801336, 31.489494627373194], [120.19382651925378, 31.489494627373194]]]}}, {"type": "Feature", "properties": {"threshold_ug_l": 20.0, "area_km2_approx": 0.073}, "geometry": {"type": "Polygon", "coordinates": [[[120.18197653475899, 31.492299786305942], [120.18197653475899, 31.491738754519393], [120.18245053413878, 31.491738754519393], [120.18245053413878, 31.491177722732843], [120.18292453351857, 31.491177722732843], [120.18292453351857, 31.490616690946293], [120.18245053413878, 31.490616690946293], [120.18245053413878, 31.490055659159744], [120.18197653475899, 31.490055659159744], [120.18197653475899, 31.489494627373194], [120.18292453351857, 31.489494627373194], [120.18292453351857, 31.488933595586644], [120.18339853289837, 31.488933595586644], [120.18339853289837, 31.48837256380009], [120.18387253227816, 31.48837256380009], [120.18387253227816, 31.488933595586644], [120.18482053103774, 31.488933595586644], [120.18482053103774, 31.490616690946293], [120.18434653165795, 31.490616690946293], [120.18434653165795, 31.491738754519393], [120.18339853289837, 31.491738754519393], [120.18339853289837, 31.492299786305942], [120.18197653475899, 31.492299786305942]]]}}, {"type": "Feature", "properties": {"threshold_ug_l": 20.0, "area_km2_approx": 0.011}, "geometry": {"type": "Polygon", "coordinates": [[[120.1530625725917, 31.490055659159744], [120.1530625725917, 31.489494627373194], [120.1525885732119, 31.489494627373194], [120.1525885732119, 31.48837256380009], [120.1530625725917, 31.48837256380009], [120.1530625725917, 31.489494627373194], [120.15401057135128, 31.489494627373194], [120.15401057135128, 31.490055659159744], [120.1530625725917, 31.490055659159744]]]}}, {"type": "Feature", "properties": {"threshold_ug_l": 20.0, "area_km2_approx": 0.003}, "geometry": {"type": "Polygon", "coordinates": [[[120.22890247335836, 31.488933595586644], [120.22890247335836, 31.48837256380009], [120.22937647273815, 31.48837256380009], [120.22937647273815, 31.488933595586644], [120.22890247335836, 31.488933595586644]]]}}, {"type": "Feature", "properties": {"threshold_ug_l": 20.0, "area_km2_approx": 0.003}, "geometry": {"type": "Polygon", "coordinates": [[[120.19998851119107, 31.487250500226992], [120.19998851119107, 31.486689468440442], [120.20046251057086, 31.486689468440442], [120.20046251057086, 31.487250500226992], [120.19998851119107, 31.487250500226992]]]}}, {"type": "Feature", "properties": {"threshold_ug_l": 20.0, "area_km2_approx": 0.003}, "geometry": {"type": "Polygon", "coordinates": [[[120.14026458933732, 31.485567404867343], [120.14026458933732, 31.48500637308079], [120.14073858871711, 31.48500637308079], [120.14073858871711, 31.485567404867343], [120.14026458933732, 31.485567404867343]]]}}, {"type": "Feature", "properties": {"threshold_ug_l": 20.0, "area_km2_approx": 1.25}, "geometry": {"type": "Polygon", "coordinates": [[[120.14784857941399, 31.502398358463847], [120.14784857941399, 31.501837326677297], [120.14642658127461, 31.501837326677297], [120.14642658127461, 31.500715263104198], [120.14500458313523, 31.500715263104198], [120.14500458313523, 31.500154231317644], [120.14453058375545, 31.500154231317644], [120.14453058375545, 31.499032167744545], [120.14547858251503, 31.499032167744545], [120.14547858251503, 31.497910104171446], [120.14358258499587, 31.497910104171446], [120.14358258499587, 31.498471135957995], [120.14310858561608, 31.498471135957995], [120.14310858561608, 31.497910104171446], [120.14216058685649, 31.497910104171446], [120.14216058685649, 31.497349072384896], [120.14073858871711, 31.497349072384896], [120.14073858871711, 31.497910104171446], [120.13884259119794, 31.497910104171446], [120.13884259119794, 31.497349072384896], [120.13836859181815, 31.497349072384896], [120.13836859181815, 31.496788040598346], [120.13884259119794, 31.496788040598346], [120.13884259119794, 31.496227008811793], [120.13931659057774, 31.496227008811793], [120.13931659057774, 31.495665977025244], [120.14026458933732, 31.495665977025244], [120.14026458933732, 31.495104945238694], [120.14073858871711, 31.495104945238694], [120.14073858871711, 31.494543913452144], [120.14026458933732, 31.494543913452144], [120.14026458933732, 31.493982881665595], [120.14073858871711, 31.493982881665595], [120.14073858871711, 31.494543913452144], [120.14216058685649, 31.494543913452144], [120.14216058685649, 31.495104945238694], [120.14358258499587, 31.495104945238694], [120.14358258499587, 31.493421849879045], [120.14405658437566, 31.493421849879045], [120.14405658437566, 31.492860818092495], [120.14358258499587, 31.492860818092495], [120.14358258499587, 31.492299786305942], [120.14310858561608, 31.492299786305942], [120.14310858561608, 31.492860818092495], [120.1412125880969, 31.492860818092495], [120.1412125880969, 31.490616690946293], [120.14073858871711, 31.490616690946293], [120.14073858871711, 31.491177722732843], [120.14026458933732, 31.491177722732843], [120.14026458933732, 31.490616690946293], [120.14073858871711, 31.490616690946293], [120.14073858871711, 31.490055659159744], [120.1412125880969, 31.490055659159744], [120.1412125880969, 31.488933595586644], [120.1416865874767, 31.488933595586644], [120.1416865874767, 31.48837256380009], [120.1412125880969, 31.48837256380009], [120.1412125880969, 31.48781153201354], [120.14026458933732, 31.48781153201354], [120.14026458933732, 31.487250500226992], [120.13979058995753, 31.487250500226992], [120.13979058995753, 31.486128436653892], [120.14026458933732, 31.486128436653892], [120.14026458933732, 31.486689468440442], [120.1412125880969, 31.486689468440442], [120.1412125880969, 31.486128436653892], [120.1416865874767, 31.486128436653892], [120.1416865874767, 31.48500637308079], [120.14216058685649, 31.48500637308079], [120.14216058685649, 31.48444534129424], [120.14263458623628, 31.48444534129424], [120.14263458623628, 31.48388430950769], [120.14310858561608, 31.48388430950769], [120.14310858561608, 31.485567404867343], [120.14405658437566, 31.485567404867343], [120.14405658437566, 31.48500637308079], [120.14500458313523, 31.48500637308079], [120.14500458313523, 31.485567404867343], [120.1469005806544, 31.485567404867343], [120.1469005806544, 31.48500637308079], [120.14879657817357, 31.48500637308079], [120.14879657817357, 31.486689468440442], [120.14832257879378, 31.486689468440442], [120.14832257879378, 31.486128436653892], [120.14784857941399, 31.486128436653892], [120.14784857941399, 31.486689468440442], [120.1473745800342, 31.486689468440442], [120.1473745800342, 31.487250500226992], [120.14547858251503, 31.487250500226992], [120.14547858251503, 31.486689468440442], [120.14595258189482, 31.486689468440442], [120.14595258189482, 31.486128436653892], [120.14500458313523, 31.486128436653892], [120.14500458313523, 31.48837256380009], [120.14547858251503, 31.48837256380009], [120.14547858251503, 31.489494627373194], [120.14595258189482, 31.489494627373194], [120.14595258189482, 31.488933595586644], [120.14832257879378, 31.488933595586644], [120.14832257879378, 31.48837256380009], [120.14784857941399, 31.48837256380009], [120.14784857941399, 31.48781153201354], [120.14832257879378, 31.48781153201354], [120.14832257879378, 31.487250500226992], [120.14927057755337, 31.487250500226992], [120.14927057755337, 31.48781153201354], [120.15021857631295, 31.48781153201354], [120.15021857631295, 31.489494627373194], [120.14974457693316, 31.489494627373194], [120.14974457693316, 31.488933595586644], [120.14927057755337, 31.488933595586644], [120.14927057755337, 31.48837256380009], [120.14879657817357, 31.48837256380009], [120.14879657817357, 31.488933595586644], [120.14832257879378, 31.488933595586644], [120.14832257879378, 31.490055659159744], [120.14927057755337, 31.490055659159744], [120.14927057755337, 31.490616690946293], [120.14879657817357, 31.490616690946293], [120.14879657817357, 31.491738754519393], [120.14832257879378, 31.491738754519393], [120.14832257879378, 31.492299786305942], [120.14879657817357, 31.492299786305942], [120.14879657817357, 31.492860818092495], [120.14974457693316, 31.492860818092495], [120.14974457693316, 31.492299786305942], [120.15069257569274, 31.492299786305942], [120.15069257569274, 31.491738754519393], [120.15116657507254, 31.491738754519393], [120.15116657507254, 31.492860818092495], [120.15069257569274, 31.492860818092495], [120.15069257569274, 31.493421849879045], [120.15116657507254, 31.493421849879045], [120.15116657507254, 31.493982881665595], [120.15164057445233, 31.493982881665595], [120.15164057445233, 31.495665977025244], [120.15069257569274, 31.495665977025244], [120.15069257569274, 31.496227008811793], [120.15021857631295, 31.496227008811793], [120.15021857631295, 31.496788040598346], [120.14974457693316, 31.496788040598346], [120.14974457693316, 31.498471135957995], [120.14927057755337, 31.498471135957995], [120.14927057755337, 31.499593199531095], [120.14879657817357, 31.499593199531095], [120.14879657817357, 31.500154231317644], [120.14832257879378, 31.500154231317644], [120.14832257879378, 31.500715263104198], [120.14784857941399, 31.500715263104198], [120.14784857941399, 31.501276294890747], [120.14832257879378, 31.501276294890747], [120.14832257879378, 31.502398358463847], [120.14784857941399, 31.502398358463847]], [[120.14453058375545, 31.495104945238694], [120.14500458313523, 31.495104945238694], [120.14500458313523, 31.494543913452144], [120.14453058375545, 31.494543913452144], [120.14453058375545, 31.495104945238694]], [[120.14405658437566, 31.494543913452144], [120.14453058375545, 31.494543913452144], [120.14453058375545, 31.493982881665595], [120.14405658437566, 31.493982881665595], [120.14405658437566, 31.494543913452144]], [[120.14500458313523, 31.494543913452144], [120.14547858251503, 31.494543913452144], [120.14547858251503, 31.493982881665595], [120.14500458313523, 31.493982881665595], [120.14500458313523, 31.494543913452144]], [[120.1412125880969, 31.490616690946293], [120.1416865874767, 31.490616690946293], [120.1416865874767, 31.490055659159744], [120.1412125880969, 31.490055659159744], [120.1412125880969, 31.490616690946293]], [[120.14405658437566, 31.486128436653892], [120.14453058375545, 31.486128436653892], [120.14453058375545, 31.485567404867343], [120.14405658437566, 31.485567404867343], [120.14405658437566, 31.486128436653892]]]}}, {"type": "Feature", "properties": {"threshold_ug_l": 20.0, "area_km2_approx": 0.006}, "geometry": {"type": "Polygon", "coordinates": [[[120.13742059305858, 31.48500637308079], [120.13742059305858, 31.48388430950769], [120.13789459243837, 31.48388430950769], [120.13789459243837, 31.48500637308079], [120.13742059305858, 31.48500637308079]]]}}, {"type": "Feature", "properties": {"threshold_ug_l": 20.0, "area_km2_approx": 0.003}, "geometry": {"type": "Polygon", "coordinates": [[[120.16538655646627, 31.48444534129424], [120.16538655646627, 31.48388430950769], [120.16586055584607, 31.48388430950769], [120.16586055584607, 31.48444534129424], [120.16538655646627, 31.48444534129424]]]}}, {"type": "Feature", "properties": {"threshold_ug_l": 20.0, "area_km2_approx": 0.6}, "geometry": {"type": "Polygon", "coordinates": [[[120.22416247956045, 31.492860818092495], [120.22416247956045, 31.492299786305942], [120.22321448080086, 31.492299786305942], [120.22321448080086, 31.491738754519393], [120.22274048142107, 31.491738754519393], [120.22274048142107, 31.491177722732843], [120.22179248266148, 31.491177722732843], [120.22179248266148, 31.490616690946293], [120.22226648204128, 31.490616690946293], [120.22226648204128, 31.490055659159744], [120.22179248266148, 31.490055659159744], [120.22179248266148, 31.488933595586644], [120.2203704845221, 31.488933595586644], [120.2203704845221, 31.48837256380009], [120.21847448700295, 31.48837256380009], [120.21847448700295, 31.486689468440442], [120.21800048762316, 31.486689468440442], [120.21800048762316, 31.486128436653892], [120.21705248886357, 31.486128436653892], [120.21705248886357, 31.48500637308079], [120.21752648824337, 31.48500637308079], [120.21752648824337, 31.48444534129424], [120.21847448700295, 31.48444534129424], [120.21847448700295, 31.48388430950769], [120.2208444839019, 31.48388430950769], [120.2208444839019, 31.48444534129424], [120.22131848328169, 31.48444534129424], [120.22131848328169, 31.48388430950769], [120.22179248266148, 31.48388430950769], [120.22179248266148, 31.48276224593459], [120.22226648204128, 31.48276224593459], [120.22226648204128, 31.48332327772114], [120.22321448080086, 31.48332327772114], [120.22321448080086, 31.48388430950769], [120.22368848018066, 31.48388430950769], [120.22368848018066, 31.48444534129424], [120.22321448080086, 31.48444534129424], [120.22321448080086, 31.48500637308079], [120.22463647894024, 31.48500637308079], [120.22463647894024, 31.485567404867343], [120.22511047832003, 31.485567404867343], [120.22511047832003, 31.486128436653892], [120.22558447769983, 31.486128436653892], [120.22558447769983, 31.486689468440442], [120.2265324764594, 31.486689468440442], [120.2265324764594, 31.486128436653892], [120.22795447459877, 31.486128436653892], [120.22795447459877, 31.486689468440442], [120.22842847397857, 31.486689468440442], [120.22842847397857, 31.48781153201354], [120.22795447459877, 31.48781153201354], [120.22795447459877, 31.488933595586644], [120.22748047521898, 31.488933595586644], [120.22748047521898, 31.490055659159744], [120.22700647583919, 31.490055659159744], [120.22700647583919, 31.490616690946293], [120.22511047832003, 31.490616690946293], [120.22511047832003, 31.491177722732843], [120.22416247956045, 31.491177722732843], [120.22416247956045, 31.492299786305942], [120.22463647894024, 31.492299786305942], [120.22463647894024, 31.491738754519393], [120.2265324764594, 31.491738754519393], [120.2265324764594, 31.492299786305942], [120.22605847707962, 31.492299786305942], [120.22605847707962, 31.492860818092495], [120.22511047832003, 31.492860818092495], [120.22511047832003, 31.492299786305942], [120.22463647894024, 31.492299786305942], [120.22463647894024, 31.492860818092495], [120.22416247956045, 31.492860818092495]], [[120.2265324764594, 31.490055659159744], [120.22700647583919, 31.490055659159744], [120.22700647583919, 31.489494627373194], [120.2265324764594, 31.489494627373194], [120.2265324764594, 31.490055659159744]], [[120.22226648204128, 31.489494627373194], [120.22274048142107, 31.489494627373194], [120.22274048142107, 31.48837256380009], [120.22226648204128, 31.48837256380009], [120.22226648204128, 31.489494627373194]], [[120.22700647583919, 31.488933595586644], [120.22748047521898, 31.488933595586644], [120.22748047521898, 31.48837256380009], [120.22700647583919, 31.48837256380009], [120.22700647583919, 31.488933595586644]], [[120.22179248266148, 31.48837256380009], [120.22226648204128, 31.48837256380009], [120.22226648204128, 31.48781153201354], [120.22179248266148, 31.48781153201354], [120.22179248266148, 31.48837256380009]], [[120.2203704845221, 31.48500637308079], [120.2208444839019, 31.48500637308079], [120.2208444839019, 31.48444534129424], [120.2203704845221, 31.48444534129424], [120.2203704845221, 31.48500637308079]]]}}, {"type": "Feature", "properties": {"threshold_ug_l": 20.0, "area_km2_approx": 0.064}, "geometry": {"type": "Polygon", "coordinates": [[[120.16349055894712, 31.486689468440442], [120.16349055894712, 31.486128436653892], [120.16301655956732, 31.486128436653892], [120.16301655956732, 31.48500637308079], [120.16206856080774, 31.48500637308079], [120.16206856080774, 31.48388430950769], [120.16301655956732, 31.48388430950769], [120.16301655956732, 31.48332327772114], [120.1644385577067, 31.48332327772114], [120.1644385577067, 31.48276224593459], [120.1649125570865, 31.48276224593459], [120.1649125570865, 31.48388430950769], [120.1644385577067, 31.48388430950769], [120.1644385577067, 31.486128436653892], [120.16396455832691, 31.486128436653892], [120.16396455832691, 31.486689468440442], [120.16349055894712, 31.486689468440442]], [[120.16349055894712, 31.48444534129424], [120.16396455832691, 31.48444534129424], [120.16396455832691, 31.48388430950769], [120.16349055894712, 31.48388430950769], [120.16349055894712, 31.48444534129424]]]}}, {"type": "Feature", "properties": {"threshold_ug_l": 20.0, "area_km2_approx": 0.006}, "geometry": {"type": "Polygon", "coordinates": [[[120.16775655336524, 31.48388430950769], [120.16775655336524, 31.48276224593459], [120.16823055274503, 31.48276224593459], [120.16823055274503, 31.48388430950769], [120.16775655336524, 31.48388430950769]]]}}, {"type": "Feature", "properties": {"threshold_ug_l": 20.0, "area_km2_approx": 0.003}, "geometry": {"type": "Polygon", "coordinates": [[[120.20283250746982, 31.48276224593459], [120.20283250746982, 31.48220121414804], [120.20330650684961, 31.48220121414804], [120.20330650684961, 31.48276224593459], [120.20283250746982, 31.48276224593459]]]}}, {"type": "Feature", "properties": {"threshold_ug_l": 20.0, "area_km2_approx": 0.014}, "geometry": {"type": "Polygon", "coordinates": [[[120.15969856390878, 31.48276224593459], [120.15969856390878, 31.48107915057494], [120.16017256328857, 31.48107915057494], [120.16017256328857, 31.48164018236149], [120.16112056204815, 31.48164018236149], [120.16112056204815, 31.48220121414804], [120.16017256328857, 31.48220121414804], [120.16017256328857, 31.48276224593459], [120.15969856390878, 31.48276224593459]]]}}, {"type": "Feature", "properties": {"threshold_ug_l": 20.0, "area_km2_approx": 0.382}, "geometry": {"type": "Polygon", "coordinates": [[[120.20235850809003, 31.48781153201354], [120.20235850809003, 31.487250500226992], [120.20141050933044, 31.487250500226992], [120.20141050933044, 31.486128436653892], [120.20046251057086, 31.486128436653892], [120.20046251057086, 31.485567404867343], [120.19998851119107, 31.485567404867343], [120.19998851119107, 31.48444534129424], [120.19951451181127, 31.48444534129424], [120.19951451181127, 31.48332327772114], [120.19761851429212, 31.48332327772114], [120.19761851429212, 31.48276224593459], [120.19667051553253, 31.48276224593459], [120.19667051553253, 31.48164018236149], [120.19714451491232, 31.48164018236149], [120.19714451491232, 31.48107915057494], [120.19809251367191, 31.48107915057494], [120.19809251367191, 31.48164018236149], [120.1985665130517, 31.48164018236149], [120.1985665130517, 31.48220121414804], [120.1990405124315, 31.48220121414804], [120.1990405124315, 31.48164018236149], [120.20046251057086, 31.48164018236149], [120.20046251057086, 31.48220121414804], [120.20188450871024, 31.48220121414804], [120.20188450871024, 31.48444534129424], [120.20330650684961, 31.48444534129424], [120.20330650684961, 31.485567404867343], [120.2042545056092, 31.485567404867343], [120.2042545056092, 31.486128436653892], [120.20520250436878, 31.486128436653892], [120.20520250436878, 31.48500637308079], [120.20662450250815, 31.48500637308079], [120.20662450250815, 31.485567404867343], [120.20709850188794, 31.485567404867343], [120.20709850188794, 31.48444534129424], [120.20662450250815, 31.48444534129424], [120.20662450250815, 31.48388430950769], [120.20757250126773, 31.48388430950769], [120.20757250126773, 31.48332327772114], [120.20615050312836, 31.48332327772114], [120.20615050312836, 31.48276224593459], [120.20567650374858, 31.48276224593459], [120.20567650374858, 31.48220121414804], [120.2094684987869, 31.48220121414804], [120.2094684987869, 31.48276224593459], [120.20899449940711, 31.48276224593459], [120.20899449940711, 31.48332327772114], [120.20852050002732, 31.48332327772114], [120.20852050002732, 31.48444534129424], [120.20899449940711, 31.48444534129424], [120.20899449940711, 31.48500637308079], [120.2094684987869, 31.48500637308079], [120.2094684987869, 31.486689468440442], [120.20899449940711, 31.486689468440442], [120.20899449940711, 31.487250500226992], [120.20852050002732, 31.487250500226992], [120.20852050002732, 31.486689468440442], [120.20757250126773, 31.486689468440442], [120.20757250126773, 31.487250500226992], [120.20520250436878, 31.487250500226992], [120.20520250436878, 31.486689468440442], [120.20472850498899, 31.486689468440442], [120.20472850498899, 31.487250500226992], [120.2042545056092, 31.487250500226992], [120.2042545056092, 31.48781153201354], [120.20235850809003, 31.48781153201354]], [[120.20093650995065, 31.48500637308079], [120.20141050933044, 31.48500637308079], [120.20141050933044, 31.48444534129424], [120.20093650995065, 31.48444534129424], [120.20093650995065, 31.48500637308079]]]}}, {"type": "Feature", "properties": {"threshold_ug_l": 20.0, "area_km2_approx": 0.003}, "geometry": {"type": "Polygon", "coordinates": [[[120.20852050002732, 31.48164018236149], [120.20852050002732, 31.48107915057494], [120.20899449940711, 31.48107915057494], [120.20899449940711, 31.48164018236149], [120.20852050002732, 31.48164018236149]]]}}, {"type": "Feature", "properties": {"threshold_ug_l": 20.0, "area_km2_approx": 0.006}, "geometry": {"type": "Polygon", "coordinates": [[[120.15827656576941, 31.48107915057494], [120.15827656576941, 31.48051811878839], [120.15922456452898, 31.48051811878839], [120.15922456452898, 31.48107915057494], [120.15827656576941, 31.48107915057494]]]}}, {"type": "Feature", "properties": {"threshold_ug_l": 20.0, "area_km2_approx": 0.151}, "geometry": {"type": "Polygon", "coordinates": [[[120.18861252607607, 31.48500637308079], [120.18861252607607, 31.48444534129424], [120.18813852669628, 31.48444534129424], [120.18813852669628, 31.48388430950769], [120.1867165285569, 31.48388430950769], [120.1867165285569, 31.48332327772114], [120.18719052793669, 31.48332327772114], [120.18719052793669, 31.48164018236149], [120.18766452731649, 31.48164018236149], [120.18766452731649, 31.48051811878839], [120.18719052793669, 31.48051811878839], [120.18719052793669, 31.47995708700184], [120.18813852669628, 31.47995708700184], [120.18813852669628, 31.48051811878839], [120.18956052483566, 31.48051811878839], [120.18956052483566, 31.48107915057494], [120.19003452421545, 31.48107915057494], [120.19003452421545, 31.47995708700184], [120.19098252297503, 31.47995708700184], [120.19098252297503, 31.47939605521529], [120.19145652235483, 31.47939605521529], [120.19145652235483, 31.48107915057494], [120.19193052173462, 31.48107915057494], [120.19193052173462, 31.48164018236149], [120.19287852049419, 31.48164018236149], [120.19287852049419, 31.48276224593459], [120.19193052173462, 31.48276224593459], [120.19193052173462, 31.48220121414804], [120.19098252297503, 31.48220121414804], [120.19098252297503, 31.48276224593459], [120.19050852359524, 31.48276224593459], [120.19050852359524, 31.48220121414804], [120.19003452421545, 31.48220121414804], [120.19003452421545, 31.48164018236149], [120.18956052483566, 31.48164018236149], [120.18956052483566, 31.48220121414804], [120.18908652545586, 31.48220121414804], [120.18908652545586, 31.48500637308079], [120.18861252607607, 31.48500637308079]], [[120.18861252607607, 31.48164018236149], [120.18956052483566, 31.48164018236149], [120.18956052483566, 31.48107915057494], [120.18861252607607, 31.48107915057494], [120.18861252607607, 31.48164018236149]]]}}, {"type": "Feature", "properties": {"threshold_ug_l": 20.0, "area_km2_approx": 0.003}, "geometry": {"type": "Polygon", "coordinates": [[[120.20472850498899, 31.47995708700184], [120.20472850498899, 31.47939605521529], [120.20520250436878, 31.47939605521529], [120.20520250436878, 31.47995708700184], [120.20472850498899, 31.47995708700184]]]}}, {"type": "Feature", "properties": {"threshold_ug_l": 20.0, "area_km2_approx": 0.003}, "geometry": {"type": "Polygon", "coordinates": [[[120.20852050002732, 31.47995708700184], [120.20852050002732, 31.47939605521529], [120.20899449940711, 31.47939605521529], [120.20899449940711, 31.47995708700184], [120.20852050002732, 31.47995708700184]]]}}, {"type": "Feature", "properties": {"threshold_ug_l": 20.0, "area_km2_approx": 0.011}, "geometry": {"type": "Polygon", "coordinates": [[[120.03551072640337, 31.47995708700184], [120.03551072640337, 31.47939605521529], [120.03598472578317, 31.47939605521529], [120.03598472578317, 31.47883502342874], [120.03645872516296, 31.47883502342874], [120.03645872516296, 31.47939605521529], [120.03693272454274, 31.47939605521529], [120.03693272454274, 31.47995708700184], [120.03551072640337, 31.47995708700184]]]}}, {"type": "Feature", "properties": {"threshold_ug_l": 20.0, "area_km2_approx": 0.006}, "geometry": {"type": "Polygon", "coordinates": [[[120.04309471648004, 31.47995708700184], [120.04309471648004, 31.47883502342874], [120.04356871585982, 31.47883502342874], [120.04356871585982, 31.47995708700184], [120.04309471648004, 31.47995708700184]]]}}, {"type": "Feature", "properties": {"threshold_ug_l": 20.0, "area_km2_approx": 0.014}, "geometry": {"type": "Polygon", "coordinates": [[[120.04925670841733, 31.48051811878839], [120.04925670841733, 31.47995708700184], [120.04830870965775, 31.47995708700184], [120.04830870965775, 31.47939605521529], [120.04878270903754, 31.47939605521529], [120.04878270903754, 31.47883502342874], [120.04925670841733, 31.47883502342874], [120.04925670841733, 31.47939605521529], [120.04973070779712, 31.47939605521529], [120.04973070779712, 31.48051811878839], [120.04925670841733, 31.48051811878839]]]}}, {"type": "Feature", "properties": {"threshold_ug_l": 20.0, "area_km2_approx": 0.003}, "geometry": {"type": "Polygon", "coordinates": [[[120.19335251987398, 31.47939605521529], [120.19335251987398, 31.47883502342874], [120.19382651925378, 31.47883502342874], [120.19382651925378, 31.47939605521529], [120.19335251987398, 31.47939605521529]]]}}, {"type": "Feature", "properties": {"threshold_ug_l": 20.0, "area_km2_approx": 0.017}, "geometry": {"type": "Polygon", "coordinates": [[[120.16728255398544, 31.47995708700184], [120.16728255398544, 31.47827399164219], [120.16823055274503, 31.47827399164219], [120.16823055274503, 31.47995708700184], [120.16728255398544, 31.47995708700184]]]}}, {"type": "Feature", "properties": {"threshold_ug_l": 20.0, "area_km2_approx": 0.064}, "geometry": {"type": "Polygon", "coordinates": [[[120.05352270283545, 31.48051811878839], [120.05352270283545, 31.47995708700184], [120.05399670221524, 31.47995708700184], [120.05399670221524, 31.47939605521529], [120.05304870345566, 31.47939605521529], [120.05304870345566, 31.47883502342874], [120.05257470407587, 31.47883502342874], [120.05257470407587, 31.47995708700184], [120.05210070469607, 31.47995708700184], [120.05210070469607, 31.47939605521529], [120.05162670531628, 31.47939605521529], [120.05162670531628, 31.47995708700184], [120.05115270593649, 31.47995708700184], [120.05115270593649, 31.47939605521529], [120.0502047071769, 31.47939605521529], [120.0502047071769, 31.47883502342874], [120.05210070469607, 31.47883502342874], [120.05210070469607, 31.47827399164219], [120.05541870035462, 31.47827399164219], [120.05541870035462, 31.47939605521529], [120.05494470097483, 31.47939605521529], [120.05494470097483, 31.47995708700184], [120.05447070159504, 31.47995708700184], [120.05447070159504, 31.48051811878839], [120.05352270283545, 31.48051811878839]]]}}, {"type": "Feature", "properties": {"threshold_ug_l": 20.0, "area_km2_approx": 0.003}, "geometry": {"type": "Polygon", "coordinates": [[[120.03456272764379, 31.47883502342874], [120.03456272764379, 31.47827399164219], [120.03503672702358, 31.47827399164219], [120.03503672702358, 31.47883502342874], [120.03456272764379, 31.47883502342874]]]}}, {"type": "Feature", "properties": {"threshold_ug_l": 20.0, "area_km2_approx": 0.003}, "geometry": {"type": "Polygon", "coordinates": [[[120.20852050002732, 31.47883502342874], [120.20852050002732, 31.47827399164219], [120.20899449940711, 31.47827399164219], [120.20899449940711, 31.47883502342874], [120.20852050002732, 31.47883502342874]]]}}, {"type": "Feature", "properties": {"threshold_ug_l": 20.0, "area_km2_approx": 0.022}, "geometry": {"type": "Polygon", "coordinates": [[[120.03882872206191, 31.48051811878839], [120.03882872206191, 31.47995708700184], [120.0393027214417, 31.47995708700184], [120.0393027214417, 31.47883502342874], [120.0397767208215, 31.47883502342874], [120.0397767208215, 31.477712959855637], [120.04072471958108, 31.477712959855637], [120.04072471958108, 31.47883502342874], [120.04025072020129, 31.47883502342874], [120.04025072020129, 31.47939605521529], [120.0397767208215, 31.47939605521529], [120.0397767208215, 31.47995708700184], [120.0393027214417, 31.47995708700184], [120.0393027214417, 31.48051811878839], [120.03882872206191, 31.48051811878839]]]}}, {"type": "Feature", "properties": {"threshold_ug_l": 20.0, "area_km2_approx": 0.003}, "geometry": {"type": "Polygon", "coordinates": [[[120.22368848018066, 31.47827399164219], [120.22368848018066, 31.477712959855637], [120.22416247956045, 31.477712959855637], [120.22416247956045, 31.47827399164219], [120.22368848018066, 31.47827399164219]]]}}, {"type": "Feature", "properties": {"threshold_ug_l": 20.0, "area_km2_approx": 0.003}, "geometry": {"type": "Polygon", "coordinates": [[[120.05447070159504, 31.477712959855637], [120.05447070159504, 31.477151928069087], [120.05494470097483, 31.477151928069087], [120.05494470097483, 31.477712959855637], [120.05447070159504, 31.477712959855637]]]}}, {"type": "Feature", "properties": {"threshold_ug_l": 20.0, "area_km2_approx": 0.003}, "geometry": {"type": "Polygon", "coordinates": [[[120.1810285359994, 31.477151928069087], [120.1810285359994, 31.476590896282538], [120.1815025353792, 31.476590896282538], [120.1815025353792, 31.477151928069087], [120.1810285359994, 31.477151928069087]]]}}, {"type": "Feature", "properties": {"threshold_ug_l": 20.0, "area_km2_approx": 0.008}, "geometry": {"type": "Polygon", "coordinates": [[[120.17344454592273, 31.477151928069087], [120.17344454592273, 31.476590896282538], [120.17391854530253, 31.476590896282538], [120.17391854530253, 31.476029864495988], [120.17439254468232, 31.476029864495988], [120.17439254468232, 31.477151928069087], [120.17344454592273, 31.477151928069087]]]}}, {"type": "Feature", "properties": {"threshold_ug_l": 20.0, "area_km2_approx": 0.011}, "geometry": {"type": "Polygon", "coordinates": [[[120.17202254778337, 31.477151928069087], [120.17202254778337, 31.476590896282538], [120.17107454902379, 31.476590896282538], [120.17107454902379, 31.476029864495988], [120.17249654716315, 31.476029864495988], [120.17249654716315, 31.477151928069087], [120.17202254778337, 31.477151928069087]]]}}, {"type": "Feature", "properties": {"threshold_ug_l": 20.0, "area_km2_approx": 0.003}, "geometry": {"type": "Polygon", "coordinates": [[[120.18197653475899, 31.476590896282538], [120.18197653475899, 31.476029864495988], [120.18245053413878, 31.476029864495988], [120.18245053413878, 31.476590896282538], [120.18197653475899, 31.476590896282538]]]}}, {"type": "Feature", "properties": {"threshold_ug_l": 20.0, "area_km2_approx": 0.148}, "geometry": {"type": "Polygon", "coordinates": [[[120.04546471337899, 31.47939605521529], [120.04546471337899, 31.47827399164219], [120.0445167146194, 31.47827399164219], [120.0445167146194, 31.477712959855637], [120.04356871585982, 31.477712959855637], [120.04356871585982, 31.477151928069087], [120.04404271523961, 31.477151928069087], [120.04404271523961, 31.476590896282538], [120.04593871275878, 31.476590896282538], [120.04593871275878, 31.476029864495988], [120.04546471337899, 31.476029864495988], [120.04546471337899, 31.47546883270944], [120.04830870965775, 31.47546883270944], [120.04830870965775, 31.476029864495988], [120.04783471027795, 31.476029864495988], [120.04783471027795, 31.476590896282538], [120.04830870965775, 31.476590896282538], [120.04830870965775, 31.477151928069087], [120.04925670841733, 31.477151928069087], [120.04925670841733, 31.477712959855637], [120.04973070779712, 31.477712959855637], [120.04973070779712, 31.477151928069087], [120.05162670531628, 31.477151928069087], [120.05162670531628, 31.477712959855637], [120.0502047071769, 31.477712959855637], [120.0502047071769, 31.47827399164219], [120.04925670841733, 31.47827399164219], [120.04925670841733, 31.477712959855637], [120.04878270903754, 31.477712959855637], [120.04878270903754, 31.47827399164219], [120.04783471027795, 31.47827399164219], [120.04783471027795, 31.47883502342874], [120.04641271213858, 31.47883502342874], [120.04641271213858, 31.47939605521529], [120.04546471337899, 31.47939605521529]]]}}, {"type": "Feature", "properties": {"threshold_ug_l": 20.0, "area_km2_approx": 0.003}, "geometry": {"type": "Polygon", "coordinates": [[[120.17344454592273, 31.47546883270944], [120.17344454592273, 31.47490780092289], [120.17391854530253, 31.47490780092289], [120.17391854530253, 31.47546883270944], [120.17344454592273, 31.47546883270944]]]}}, {"type": "Feature", "properties": {"threshold_ug_l": 20.0, "area_km2_approx": 0.025}, "geometry": {"type": "Polygon", "coordinates": [[[120.14784857941399, 31.47546883270944], [120.14784857941399, 31.47490780092289], [120.1473745800342, 31.47490780092289], [120.1473745800342, 31.47434676913634], [120.14784857941399, 31.47434676913634], [120.14784857941399, 31.473785737349786], [120.14879657817357, 31.473785737349786], [120.14879657817357, 31.47434676913634], [120.14927057755337, 31.47434676913634], [120.14927057755337, 31.47546883270944], [120.14784857941399, 31.47546883270944]]]}}, {"type": "Feature", "properties": {"threshold_ug_l": 20.0, "area_km2_approx": 0.003}, "geometry": {"type": "Polygon", "coordinates": [[[120.19382651925378, 31.473224705563236], [120.19382651925378, 31.472663673776687], [120.19430051863357, 31.472663673776687], [120.19430051863357, 31.473224705563236], [120.19382651925378, 31.473224705563236]]]}}, {"type": "Feature", "properties": {"threshold_ug_l": 20.0, "area_km2_approx": 0.366}, "geometry": {"type": "Polygon", "coordinates": [[[120.03077073260545, 31.47995708700184], [120.03077073260545, 31.47939605521529], [120.02934873446608, 31.47939605521529], [120.02934873446608, 31.47883502342874], [120.03077073260545, 31.47883502342874], [120.03077073260545, 31.47827399164219], [120.03029673322565, 31.47827399164219], [120.03029673322565, 31.477712959855637], [120.02982273384586, 31.477712959855637], [120.02982273384586, 31.477151928069087], [120.0284007357065, 31.477151928069087], [120.0284007357065, 31.476590896282538], [120.02745273694691, 31.476590896282538], [120.02745273694691, 31.476029864495988], [120.02650473818733, 31.476029864495988], [120.02650473818733, 31.47546883270944], [120.02603073880753, 31.47546883270944], [120.02603073880753, 31.47490780092289], [120.02555673942774, 31.47490780092289], [120.02555673942774, 31.47434676913634], [120.02508274004795, 31.47434676913634], [120.02508274004795, 31.473785737349786], [120.02555673942774, 31.473785737349786], [120.02555673942774, 31.471541610203587], [120.0279267363267, 31.471541610203587], [120.0279267363267, 31.472102641990137], [120.02745273694691, 31.472102641990137], [120.02745273694691, 31.473785737349786], [120.0279267363267, 31.473785737349786], [120.0279267363267, 31.47434676913634], [120.0284007357065, 31.47434676913634], [120.0284007357065, 31.473785737349786], [120.02982273384586, 31.473785737349786], [120.02982273384586, 31.473224705563236], [120.03029673322565, 31.473224705563236], [120.03029673322565, 31.473785737349786], [120.03124473198524, 31.473785737349786], [120.03124473198524, 31.47490780092289], [120.03219273074482, 31.47490780092289], [120.03219273074482, 31.47434676913634], [120.03266673012462, 31.47434676913634], [120.03266673012462, 31.47490780092289], [120.03314072950441, 31.47490780092289], [120.03314072950441, 31.476029864495988], [120.03266673012462, 31.476029864495988], [120.03266673012462, 31.476590896282538], [120.03314072950441, 31.476590896282538], [120.03314072950441, 31.477151928069087], [120.034088728264, 31.477151928069087], [120.034088728264, 31.47827399164219], [120.0336147288842, 31.47827399164219], [120.0336147288842, 31.47883502342874], [120.03314072950441, 31.47883502342874], [120.03314072950441, 31.47995708700184], [120.03077073260545, 31.47995708700184]], [[120.02603073880753, 31.473785737349786], [120.02650473818733, 31.473785737349786], [120.02650473818733, 31.472663673776687], [120.02603073880753, 31.472663673776687], [120.02603073880753, 31.473785737349786]]]}}, {"type": "Feature", "properties": {"threshold_ug_l": 20.0, "area_km2_approx": 0.003}, "geometry": {"type": "Polygon", "coordinates": [[[120.16870455212482, 31.472102641990137], [120.16870455212482, 31.471541610203587], [120.16917855150461, 31.471541610203587], [120.16917855150461, 31.472102641990137], [120.16870455212482, 31.472102641990137]]]}}, {"type": "Feature", "properties": {"threshold_ug_l": 20.0, "area_km2_approx": 0.003}, "geometry": {"type": "Polygon", "coordinates": [[[120.0620546916717, 31.471541610203587], [120.0620546916717, 31.470980578417038], [120.0625286910515, 31.470980578417038], [120.0625286910515, 31.471541610203587], [120.0620546916717, 31.471541610203587]]]}}, {"type": "Feature", "properties": {"threshold_ug_l": 20.0, "area_km2_approx": 0.114}, "geometry": {"type": "Polygon", "coordinates": [[[120.13268059926065, 31.477712959855637], [120.13268059926065, 31.477151928069087], [120.13220659988086, 31.477151928069087], [120.13220659988086, 31.476590896282538], [120.13268059926065, 31.476590896282538], [120.13268059926065, 31.470980578417038], [120.13220659988086, 31.470980578417038], [120.13220659988086, 31.469858514843935], [120.13268059926065, 31.469858514843935], [120.13268059926065, 31.470419546630488], [120.13362859802024, 31.470419546630488], [120.13362859802024, 31.473785737349786], [120.13410259740003, 31.473785737349786], [120.13410259740003, 31.47434676913634], [120.13457659677982, 31.47434676913634], [120.13457659677982, 31.476590896282538], [120.13505059615962, 31.476590896282538], [120.13505059615962, 31.477151928069087], [120.13457659677982, 31.477151928069087], [120.13457659677982, 31.476590896282538], [120.13410259740003, 31.476590896282538], [120.13410259740003, 31.477712959855637], [120.13268059926065, 31.477712959855637]]]}}, {"type": "Feature", "properties": {"threshold_ug_l": 20.0, "area_km2_approx": 0.003}, "geometry": {"type": "Polygon", "coordinates": [[[120.1469005806544, 31.470419546630488], [120.1469005806544, 31.469858514843935], [120.1473745800342, 31.469858514843935], [120.1473745800342, 31.470419546630488], [120.1469005806544, 31.470419546630488]]]}}, {"type": "Feature", "properties": {"threshold_ug_l": 20.0, "area_km2_approx": 0.511}, "geometry": {"type": "Polygon", "coordinates": [[[120.18387253227816, 31.476029864495988], [120.18387253227816, 31.47546883270944], [120.18245053413878, 31.47546883270944], [120.18245053413878, 31.47434676913634], [120.18292453351857, 31.47434676913634], [120.18292453351857, 31.473785737349786], [120.18197653475899, 31.473785737349786], [120.18197653475899, 31.473224705563236], [120.18292453351857, 31.473224705563236], [120.18292453351857, 31.472102641990137], [120.1815025353792, 31.472102641990137], [120.1815025353792, 31.469858514843935], [120.1810285359994, 31.469858514843935], [120.1810285359994, 31.469297483057385], [120.18339853289837, 31.469297483057385], [120.18339853289837, 31.469858514843935], [120.18387253227816, 31.469858514843935], [120.18387253227816, 31.469297483057385], [120.18482053103774, 31.469297483057385], [120.18482053103774, 31.469858514843935], [120.18576852979731, 31.469858514843935], [120.18576852979731, 31.469297483057385], [120.1867165285569, 31.469297483057385], [120.1867165285569, 31.469858514843935], [120.18719052793669, 31.469858514843935], [120.18719052793669, 31.469297483057385], [120.18766452731649, 31.469297483057385], [120.18766452731649, 31.470419546630488], [120.18861252607607, 31.470419546630488], [120.18861252607607, 31.469858514843935], [120.18908652545586, 31.469858514843935], [120.18908652545586, 31.470419546630488], [120.19003452421545, 31.470419546630488], [120.19003452421545, 31.469297483057385], [120.19098252297503, 31.469297483057385], [120.19098252297503, 31.469858514843935], [120.19145652235483, 31.469858514843935], [120.19145652235483, 31.470419546630488], [120.19098252297503, 31.470419546630488], [120.19098252297503, 31.470980578417038], [120.19003452421545, 31.470980578417038], [120.19003452421545, 31.471541610203587], [120.19050852359524, 31.471541610203587], [120.19050852359524, 31.472102641990137], [120.19098252297503, 31.472102641990137], [120.19098252297503, 31.472663673776687], [120.19145652235483, 31.472663673776687], [120.19145652235483, 31.473785737349786], [120.19050852359524, 31.473785737349786], [120.19050852359524, 31.47434676913634], [120.19003452421545, 31.47434676913634], [120.19003452421545, 31.47490780092289], [120.18956052483566, 31.47490780092289], [120.18956052483566, 31.47434676913634], [120.18766452731649, 31.47434676913634], [120.18766452731649, 31.47490780092289], [120.18719052793669, 31.47490780092289], [120.18719052793669, 31.47546883270944], [120.18529453041754, 31.47546883270944], [120.18529453041754, 31.476029864495988], [120.18482053103774, 31.476029864495988], [120.18482053103774, 31.47546883270944], [120.18434653165795, 31.47546883270944], [120.18434653165795, 31.476029864495988], [120.18387253227816, 31.476029864495988]], [[120.18482053103774, 31.47434676913634], [120.18529453041754, 31.47434676913634], [120.18529453041754, 31.473785737349786], [120.18482053103774, 31.473785737349786], [120.18482053103774, 31.47434676913634]], [[120.18245053413878, 31.470980578417038], [120.18292453351857, 31.470980578417038], [120.18292453351857, 31.470419546630488], [120.18245053413878, 31.470419546630488], [120.18245053413878, 31.470980578417038]]]}}, {"type": "Feature", "properties": {"threshold_ug_l": 20.0, "area_km2_approx": 0.006}, "geometry": {"type": "Polygon", "coordinates": [[[120.1416865874767, 31.469858514843935], [120.1416865874767, 31.469297483057385], [120.14263458623628, 31.469297483057385], [120.14263458623628, 31.469858514843935], [120.1416865874767, 31.469858514843935]]]}}, {"type": "Feature", "properties": {"threshold_ug_l": 20.0, "area_km2_approx": 0.003}, "geometry": {"type": "Polygon", "coordinates": [[[120.1307846017415, 31.468736451270836], [120.1307846017415, 31.468175419484286], [120.13125860112129, 31.468175419484286], [120.13125860112129, 31.468736451270836], [120.1307846017415, 31.468736451270836]]]}}, {"type": "Feature", "properties": {"threshold_ug_l": 20.0, "area_km2_approx": 0.003}, "geometry": {"type": "Polygon", "coordinates": [[[120.13173260050107, 31.468736451270836], [120.13173260050107, 31.468175419484286], [120.13220659988086, 31.468175419484286], [120.13220659988086, 31.468736451270836], [120.13173260050107, 31.468736451270836]]]}}, {"type": "Feature", "properties": {"threshold_ug_l": 20.0, "area_km2_approx": 0.003}, "geometry": {"type": "Polygon", "coordinates": [[[120.17344454592273, 31.468736451270836], [120.17344454592273, 31.468175419484286], [120.17391854530253, 31.468175419484286], [120.17391854530253, 31.468736451270836], [120.17344454592273, 31.468736451270836]]]}}, {"type": "Feature", "properties": {"threshold_ug_l": 20.0, "area_km2_approx": 0.003}, "geometry": {"type": "Polygon", "coordinates": [[[120.17486654406211, 31.468175419484286], [120.17486654406211, 31.467614387697736], [120.1753405434419, 31.467614387697736], [120.1753405434419, 31.468175419484286], [120.17486654406211, 31.468175419484286]]]}}, {"type": "Feature", "properties": {"threshold_ug_l": 20.0, "area_km2_approx": 0.117}, "geometry": {"type": "Polygon", "coordinates": [[[120.2042545056092, 31.473785737349786], [120.2042545056092, 31.473224705563236], [120.20472850498899, 31.473224705563236], [120.20472850498899, 31.472663673776687], [120.20520250436878, 31.472663673776687], [120.20520250436878, 31.472102641990137], [120.2042545056092, 31.472102641990137], [120.2042545056092, 31.472663673776687], [120.2037805062294, 31.472663673776687], [120.2037805062294, 31.472102641990137], [120.20330650684961, 31.472102641990137], [120.20330650684961, 31.471541610203587], [120.2037805062294, 31.471541610203587], [120.2037805062294, 31.470980578417038], [120.2042545056092, 31.470980578417038], [120.2042545056092, 31.471541610203587], [120.20472850498899, 31.471541610203587], [120.20472850498899, 31.470419546630488], [120.2042545056092, 31.470419546630488], [120.2042545056092, 31.469297483057385], [120.20330650684961, 31.469297483057385], [120.20330650684961, 31.468736451270836], [120.2037805062294, 31.468736451270836], [120.2037805062294, 31.468175419484286], [120.20520250436878, 31.468175419484286], [120.20520250436878, 31.467053355911187], [120.20567650374858, 31.467053355911187], [120.20567650374858, 31.468175419484286], [120.20615050312836, 31.468175419484286], [120.20615050312836, 31.469858514843935], [120.20662450250815, 31.469858514843935], [120.20662450250815, 31.470419546630488], [120.20615050312836, 31.470419546630488], [120.20615050312836, 31.470980578417038], [120.20567650374858, 31.470980578417038], [120.20567650374858, 31.472663673776687], [120.20615050312836, 31.472663673776687], [120.20615050312836, 31.473785737349786], [120.2042545056092, 31.473785737349786]]]}}, {"type": "Feature", "properties": {"threshold_ug_l": 20.0, "area_km2_approx": 0.003}, "geometry": {"type": "Polygon", "coordinates": [[[120.13125860112129, 31.467614387697736], [120.13125860112129, 31.467053355911187], [120.13173260050107, 31.467053355911187], [120.13173260050107, 31.467614387697736], [120.13125860112129, 31.467614387697736]]]}}, {"type": "Feature", "properties": {"threshold_ug_l": 20.0, "area_km2_approx": 0.025}, "geometry": {"type": "Polygon", "coordinates": [[[120.1469005806544, 31.468736451270836], [120.1469005806544, 31.467053355911187], [120.14784857941399, 31.467053355911187], [120.14784857941399, 31.466492324124637], [120.14832257879378, 31.466492324124637], [120.14832257879378, 31.467053355911187], [120.14784857941399, 31.467053355911187], [120.14784857941399, 31.467614387697736], [120.14832257879378, 31.467614387697736], [120.14832257879378, 31.468736451270836], [120.1469005806544, 31.468736451270836]]]}}, {"type": "Feature", "properties": {"threshold_ug_l": 20.0, "area_km2_approx": 0.003}, "geometry": {"type": "Polygon", "coordinates": [[[120.14879657817357, 31.467053355911187], [120.14879657817357, 31.466492324124637], [120.14927057755337, 31.466492324124637], [120.14927057755337, 31.467053355911187], [120.14879657817357, 31.467053355911187]]]}}, {"type": "Feature", "properties": {"threshold_ug_l": 20.0, "area_km2_approx": 0.637}, "geometry": {"type": "Polygon", "coordinates": [[[120.21942248576254, 31.47827399164219], [120.21942248576254, 31.477712959855637], [120.21894848638274, 31.477712959855637], [120.21894848638274, 31.477151928069087], [120.21847448700295, 31.477151928069087], [120.21847448700295, 31.476590896282538], [120.21800048762316, 31.476590896282538], [120.21800048762316, 31.476029864495988], [120.21705248886357, 31.476029864495988], [120.21705248886357, 31.476590896282538], [120.21752648824337, 31.476590896282538], [120.21752648824337, 31.477151928069087], [120.21705248886357, 31.477151928069087], [120.21705248886357, 31.477712959855637], [120.2156304907242, 31.477712959855637], [120.2156304907242, 31.476590896282538], [120.21657848948378, 31.476590896282538], [120.21657848948378, 31.476029864495988], [120.21610449010399, 31.476029864495988], [120.21610449010399, 31.47546883270944], [120.21752648824337, 31.47546883270944], [120.21752648824337, 31.47490780092289], [120.21705248886357, 31.47490780092289], [120.21705248886357, 31.47434676913634], [120.21657848948378, 31.47434676913634], [120.21657848948378, 31.473785737349786], [120.21800048762316, 31.473785737349786], [120.21800048762316, 31.472663673776687], [120.21752648824337, 31.472663673776687], [120.21752648824337, 31.473224705563236], [120.21705248886357, 31.473224705563236], [120.21705248886357, 31.472663673776687], [120.21752648824337, 31.472663673776687], [120.21752648824337, 31.472102641990137], [120.21705248886357, 31.472102641990137], [120.21705248886357, 31.470980578417038], [120.21610449010399, 31.470980578417038], [120.21610449010399, 31.469858514843935], [120.2156304907242, 31.469858514843935], [120.2156304907242, 31.468736451270836], [120.21610449010399, 31.468736451270836], [120.21610449010399, 31.468175419484286], [120.21657848948378, 31.468175419484286], [120.21657848948378, 31.467053355911187], [120.21705248886357, 31.467053355911187], [120.21705248886357, 31.466492324124637], [120.21847448700295, 31.466492324124637], [120.21847448700295, 31.465931292338084], [120.21894848638274, 31.465931292338084], [120.21894848638274, 31.466492324124637], [120.21942248576254, 31.466492324124637], [120.21942248576254, 31.467053355911187], [120.21894848638274, 31.467053355911187], [120.21894848638274, 31.468736451270836], [120.21989648514231, 31.468736451270836], [120.21989648514231, 31.469297483057385], [120.2203704845221, 31.469297483057385], [120.2203704845221, 31.469858514843935], [120.2208444839019, 31.469858514843935], [120.2208444839019, 31.470419546630488], [120.22131848328169, 31.470419546630488], [120.22131848328169, 31.470980578417038], [120.22179248266148, 31.470980578417038], [120.22179248266148, 31.471541610203587], [120.22274048142107, 31.471541610203587], [120.22274048142107, 31.472102641990137], [120.22321448080086, 31.472102641990137], [120.22321448080086, 31.472663673776687], [120.22368848018066, 31.472663673776687], [120.22368848018066, 31.47434676913634], [120.22416247956045, 31.47434676913634], [120.22416247956045, 31.476590896282538], [120.22368848018066, 31.476590896282538], [120.22368848018066, 31.477151928069087], [120.22321448080086, 31.477151928069087], [120.22321448080086, 31.477712959855637], [120.2208444839019, 31.477712959855637], [120.2208444839019, 31.47827399164219], [120.21942248576254, 31.47827399164219]], [[120.22131848328169, 31.472102641990137], [120.22179248266148, 31.472102641990137], [120.22179248266148, 31.471541610203587], [120.22131848328169, 31.471541610203587], [120.22131848328169, 31.472102641990137]], [[120.2208444839019, 31.471541610203587], [120.22131848328169, 31.471541610203587], [120.22131848328169, 31.470980578417038], [120.2208444839019, 31.470980578417038], [120.2208444839019, 31.471541610203587]]]}}, {"type": "Feature", "properties": {"threshold_ug_l": 20.0, "area_km2_approx": 0.011}, "geometry": {"type": "Polygon", "coordinates": [[[120.14832257879378, 31.465931292338084], [120.14832257879378, 31.464809228764985], [120.14927057755337, 31.464809228764985], [120.14927057755337, 31.465931292338084], [120.14832257879378, 31.465931292338084]]]}}, {"type": "Feature", "properties": {"threshold_ug_l": 20.0, "area_km2_approx": 0.807}, "geometry": {"type": "Polygon", "coordinates": [[[120.1644385577067, 31.47546883270944], [120.1644385577067, 31.47490780092289], [120.16349055894712, 31.47490780092289], [120.16349055894712, 31.47434676913634], [120.16301655956732, 31.47434676913634], [120.16301655956732, 31.47490780092289], [120.16159456142795, 31.47490780092289], [120.16159456142795, 31.47434676913634], [120.16206856080774, 31.47434676913634], [120.16206856080774, 31.473224705563236], [120.16017256328857, 31.473224705563236], [120.16017256328857, 31.471541610203587], [120.15638056825024, 31.471541610203587], [120.15638056825024, 31.470980578417038], [120.15590656887045, 31.470980578417038], [120.15590656887045, 31.470419546630488], [120.15543256949066, 31.470419546630488], [120.15543256949066, 31.469858514843935], [120.15448457073107, 31.469858514843935], [120.15448457073107, 31.468175419484286], [120.15401057135128, 31.468175419484286], [120.15401057135128, 31.467053355911187], [120.15448457073107, 31.467053355911187], [120.15448457073107, 31.466492324124637], [120.15590656887045, 31.466492324124637], [120.15590656887045, 31.465931292338084], [120.15638056825024, 31.465931292338084], [120.15638056825024, 31.465370260551534], [120.15685456763003, 31.465370260551534], [120.15685456763003, 31.465931292338084], [120.15732856700983, 31.465931292338084], [120.15732856700983, 31.464809228764985], [120.15685456763003, 31.464809228764985], [120.15685456763003, 31.464248196978435], [120.15732856700983, 31.464248196978435], [120.15732856700983, 31.464809228764985], [120.15780256638962, 31.464809228764985], [120.15780256638962, 31.464248196978435], [120.15922456452898, 31.464248196978435], [120.15922456452898, 31.463687165191885], [120.15969856390878, 31.463687165191885], [120.15969856390878, 31.464809228764985], [120.15922456452898, 31.464809228764985], [120.15922456452898, 31.465370260551534], [120.16017256328857, 31.465370260551534], [120.16017256328857, 31.466492324124637], [120.16159456142795, 31.466492324124637], [120.16159456142795, 31.467053355911187], [120.16206856080774, 31.467053355911187], [120.16206856080774, 31.467614387697736], [120.16254256018753, 31.467614387697736], [120.16254256018753, 31.468175419484286], [120.16301655956732, 31.468175419484286], [120.16301655956732, 31.468736451270836], [120.16349055894712, 31.468736451270836], [120.16349055894712, 31.469297483057385], [120.16396455832691, 31.469297483057385], [120.16396455832691, 31.470980578417038], [120.1649125570865, 31.470980578417038], [120.1649125570865, 31.472102641990137], [120.16586055584607, 31.472102641990137], [120.16586055584607, 31.472663673776687], [120.16633455522586, 31.472663673776687], [120.16633455522586, 31.472102641990137], [120.16823055274503, 31.472102641990137], [120.16823055274503, 31.473224705563236], [120.17107454902379, 31.473224705563236], [120.17107454902379, 31.47434676913634], [120.1701265502642, 31.47434676913634], [120.1701265502642, 31.47546883270944], [120.16965255088441, 31.47546883270944], [120.16965255088441, 31.47434676913634], [120.16823055274503, 31.47434676913634], [120.16823055274503, 31.47490780092289], [120.16775655336524, 31.47490780092289], [120.16775655336524, 31.47546883270944], [120.16728255398544, 31.47546883270944], [120.16728255398544, 31.47490780092289], [120.16680855460565, 31.47490780092289], [120.16680855460565, 31.47546883270944], [120.16586055584607, 31.47546883270944], [120.16586055584607, 31.47490780092289], [120.16538655646627, 31.47490780092289], [120.16538655646627, 31.47546883270944], [120.1644385577067, 31.47546883270944]], [[120.16680855460565, 31.473785737349786], [120.16728255398544, 31.473785737349786], [120.16728255398544, 31.473224705563236], [120.16680855460565, 31.473224705563236], [120.16680855460565, 31.473785737349786]], [[120.16728255398544, 31.473224705563236], [120.16775655336524, 31.473224705563236], [120.16775655336524, 31.472663673776687], [120.16728255398544, 31.472663673776687], [120.16728255398544, 31.473224705563236]]]}}, {"type": "Feature", "properties": {"threshold_ug_l": 20.0, "area_km2_approx": 0.114}, "geometry": {"type": "Polygon", "coordinates": [[[120.20330650684961, 31.467614387697736], [120.20330650684961, 31.467053355911187], [120.20283250746982, 31.467053355911187], [120.20283250746982, 31.465931292338084], [120.20235850809003, 31.465931292338084], [120.20235850809003, 31.466492324124637], [120.20141050933044, 31.466492324124637], [120.20141050933044, 31.465931292338084], [120.20093650995065, 31.465931292338084], [120.20093650995065, 31.464248196978435], [120.20141050933044, 31.464248196978435], [120.20141050933044, 31.463687165191885], [120.2037805062294, 31.463687165191885], [120.2037805062294, 31.464248196978435], [120.2042545056092, 31.464248196978435], [120.2042545056092, 31.464809228764985], [120.20472850498899, 31.464809228764985], [120.20472850498899, 31.465370260551534], [120.20520250436878, 31.465370260551534], [120.20520250436878, 31.466492324124637], [120.20472850498899, 31.466492324124637], [120.20472850498899, 31.467053355911187], [120.2037805062294, 31.467053355911187], [120.2037805062294, 31.467614387697736], [120.20330650684961, 31.467614387697736]]]}}, {"type": "Feature", "properties": {"threshold_ug_l": 20.0, "area_km2_approx": 0.025}, "geometry": {"type": "Polygon", "coordinates": [[[120.05162670531628, 31.465931292338084], [120.05162670531628, 31.465370260551534], [120.05210070469607, 31.465370260551534], [120.05210070469607, 31.464809228764985], [120.05257470407587, 31.464809228764985], [120.05257470407587, 31.464248196978435], [120.05162670531628, 31.464248196978435], [120.05162670531628, 31.463687165191885], [120.05304870345566, 31.463687165191885], [120.05304870345566, 31.465931292338084], [120.05162670531628, 31.465931292338084]]]}}, {"type": "Feature", "properties": {"threshold_ug_l": 20.0, "area_km2_approx": 0.003}, "geometry": {"type": "Polygon", "coordinates": [[[120.17486654406211, 31.464248196978435], [120.17486654406211, 31.463687165191885], [120.1753405434419, 31.463687165191885], [120.1753405434419, 31.464248196978435], [120.17486654406211, 31.464248196978435]]]}}, {"type": "Feature", "properties": {"threshold_ug_l": 20.0, "area_km2_approx": 0.006}, "geometry": {"type": "Polygon", "coordinates": [[[120.17960653786002, 31.464248196978435], [120.17960653786002, 31.463126133405336], [120.18008053723982, 31.463126133405336], [120.18008053723982, 31.464248196978435], [120.17960653786002, 31.464248196978435]]]}}, {"type": "Feature", "properties": {"threshold_ug_l": 20.0, "area_km2_approx": 0.008}, "geometry": {"type": "Polygon", "coordinates": [[[120.20188450871024, 31.462565101618782], [120.20188450871024, 31.462004069832233], [120.20141050933044, 31.462004069832233], [120.20141050933044, 31.461443038045683], [120.20235850809003, 31.461443038045683], [120.20235850809003, 31.462565101618782], [120.20188450871024, 31.462565101618782]]]}}, {"type": "Feature", "properties": {"threshold_ug_l": 20.0, "area_km2_approx": 0.006}, "geometry": {"type": "Polygon", "coordinates": [[[120.1753405434419, 31.462004069832233], [120.1753405434419, 31.460882006259133], [120.1758145428217, 31.460882006259133], [120.1758145428217, 31.462004069832233], [120.1753405434419, 31.462004069832233]]]}}, {"type": "Feature", "properties": {"threshold_ug_l": 20.0, "area_km2_approx": 0.039}, "geometry": {"type": "Polygon", "coordinates": [[[120.04783471027795, 31.462004069832233], [120.04783471027795, 31.461443038045683], [120.04736071089816, 31.461443038045683], [120.04736071089816, 31.460320974472584], [120.04688671151837, 31.460320974472584], [120.04688671151837, 31.459759942686034], [120.04925670841733, 31.459759942686034], [120.04925670841733, 31.461443038045683], [120.04830870965775, 31.461443038045683], [120.04830870965775, 31.462004069832233], [120.04783471027795, 31.462004069832233]]]}}, {"type": "Feature", "properties": {"threshold_ug_l": 20.0, "area_km2_approx": 0.025}, "geometry": {"type": "Polygon", "coordinates": [[[120.16396455832691, 31.460320974472584], [120.16396455832691, 31.459759942686034], [120.16349055894712, 31.459759942686034], [120.16349055894712, 31.45863787911293], [120.16396455832691, 31.45863787911293], [120.16396455832691, 31.45807684732638], [120.1644385577067, 31.45807684732638], [120.1644385577067, 31.45863787911293], [120.1649125570865, 31.45863787911293], [120.1649125570865, 31.460320974472584], [120.16396455832691, 31.460320974472584]]]}}, {"type": "Feature", "properties": {"threshold_ug_l": 20.0, "area_km2_approx": 0.034}, "geometry": {"type": "Polygon", "coordinates": [[[120.20852050002732, 31.460320974472584], [120.20852050002732, 31.459759942686034], [120.20804650064753, 31.459759942686034], [120.20804650064753, 31.45807684732638], [120.20852050002732, 31.45807684732638], [120.20852050002732, 31.45863787911293], [120.2099424981667, 31.45863787911293], [120.2099424981667, 31.45807684732638], [120.21089049692628, 31.45807684732638], [120.21089049692628, 31.45863787911293], [120.2099424981667, 31.45863787911293], [120.2099424981667, 31.459759942686034], [120.20899449940711, 31.459759942686034], [120.20899449940711, 31.460320974472584], [120.20852050002732, 31.460320974472584]]]}}, {"type": "Feature", "properties": {"threshold_ug_l": 20.0, "area_km2_approx": 0.008}, "geometry": {"type": "Polygon", "coordinates": [[[120.13220659988086, 31.459198910899485], [120.13220659988086, 31.45863787911293], [120.13268059926065, 31.45863787911293], [120.13268059926065, 31.45807684732638], [120.13315459864044, 31.45807684732638], [120.13315459864044, 31.45863787911293], [120.13362859802024, 31.45863787911293], [120.13362859802024, 31.459198910899485], [120.13315459864044, 31.459198910899485], [120.13315459864044, 31.45863787911293], [120.13268059926065, 31.45863787911293], [120.13268059926065, 31.459198910899485], [120.13220659988086, 31.459198910899485]]]}}, {"type": "Feature", "properties": {"threshold_ug_l": 20.0, "area_km2_approx": 0.006}, "geometry": {"type": "Polygon", "coordinates": [[[120.13125860112129, 31.45807684732638], [120.13125860112129, 31.457515815539832], [120.13220659988086, 31.457515815539832], [120.13220659988086, 31.45807684732638], [120.13125860112129, 31.45807684732638]]]}}, {"type": "Feature", "properties": {"threshold_ug_l": 20.0, "area_km2_approx": 0.003}, "geometry": {"type": "Polygon", "coordinates": [[[120.2094684987869, 31.457515815539832], [120.2094684987869, 31.456954783753282], [120.2099424981667, 31.456954783753282], [120.2099424981667, 31.457515815539832], [120.2094684987869, 31.457515815539832]]]}}, {"type": "Feature", "properties": {"threshold_ug_l": 20.0, "area_km2_approx": 0.003}, "geometry": {"type": "Polygon", "coordinates": [[[120.33981832822961, 31.457515815539832], [120.33981832822961, 31.456954783753282], [120.3402923276094, 31.456954783753282], [120.3402923276094, 31.457515815539832], [120.33981832822961, 31.457515815539832]]]}}, {"type": "Feature", "properties": {"threshold_ug_l": 20.0, "area_km2_approx": 0.003}, "geometry": {"type": "Polygon", "coordinates": [[[120.3407663269892, 31.457515815539832], [120.3407663269892, 31.456954783753282], [120.34124032636899, 31.456954783753282], [120.34124032636899, 31.457515815539832], [120.3407663269892, 31.457515815539832]]]}}, {"type": "Feature", "properties": {"threshold_ug_l": 20.0, "area_km2_approx": 0.324}, "geometry": {"type": "Polygon", "coordinates": [[[120.06110669291212, 31.466492324124637], [120.06110669291212, 31.465370260551534], [120.06158069229191, 31.465370260551534], [120.06158069229191, 31.464809228764985], [120.0620546916717, 31.464809228764985], [120.0620546916717, 31.464248196978435], [120.06300269043129, 31.464248196978435], [120.06300269043129, 31.463687165191885], [120.0625286910515, 31.463687165191885], [120.0625286910515, 31.462565101618782], [120.06442468857065, 31.462565101618782], [120.06442468857065, 31.463126133405336], [120.06489868795045, 31.463126133405336], [120.06489868795045, 31.463687165191885], [120.06584668671003, 31.463687165191885], [120.06584668671003, 31.463126133405336], [120.06632068608982, 31.463126133405336], [120.06632068608982, 31.462565101618782], [120.06584668671003, 31.462565101618782], [120.06584668671003, 31.462004069832233], [120.06632068608982, 31.462004069832233], [120.06632068608982, 31.461443038045683], [120.06679468546962, 31.461443038045683], [120.06679468546962, 31.460882006259133], [120.0677426842292, 31.460882006259133], [120.0677426842292, 31.460320974472584], [120.06869068298879, 31.460320974472584], [120.06869068298879, 31.459759942686034], [120.07058668050794, 31.459759942686034], [120.07058668050794, 31.459198910899485], [120.07106067988774, 31.459198910899485], [120.07106067988774, 31.45863787911293], [120.07058668050794, 31.45863787911293], [120.07058668050794, 31.45807684732638], [120.07106067988774, 31.45807684732638], [120.07106067988774, 31.457515815539832], [120.07200867864732, 31.457515815539832], [120.07200867864732, 31.456954783753282], [120.0729566774069, 31.456954783753282], [120.0729566774069, 31.456393751966733], [120.0734306767867, 31.456393751966733], [120.0734306767867, 31.456954783753282], [120.0729566774069, 31.456954783753282], [120.0729566774069, 31.457515815539832], [120.07248267802711, 31.457515815539832], [120.07248267802711, 31.45807684732638], [120.07200867864732, 31.45807684732638], [120.07200867864732, 31.45863787911293], [120.0729566774069, 31.45863787911293], [120.0729566774069, 31.45807684732638], [120.0734306767867, 31.45807684732638], [120.0734306767867, 31.457515815539832], [120.07390467616649, 31.457515815539832], [120.07390467616649, 31.456954783753282], [120.07437867554628, 31.456954783753282], [120.07437867554628, 31.457515815539832], [120.07485267492608, 31.457515815539832], [120.07485267492608, 31.45807684732638], [120.0734306767867, 31.45807684732638], [120.0734306767867, 31.459198910899485], [120.0729566774069, 31.459198910899485], [120.0729566774069, 31.459759942686034], [120.07153467926753, 31.459759942686034], [120.07153467926753, 31.459198910899485], [120.07106067988774, 31.459198910899485], [120.07106067988774, 31.460320974472584], [120.07058668050794, 31.460320974472584], [120.07058668050794, 31.460882006259133], [120.07011268112817, 31.460882006259133], [120.07011268112817, 31.461443038045683], [120.06963868174837, 31.461443038045683], [120.06963868174837, 31.462004069832233], [120.06916468236858, 31.462004069832233], [120.06916468236858, 31.463126133405336], [120.06869068298879, 31.463126133405336], [120.06869068298879, 31.463687165191885], [120.068216683609, 31.463687165191885], [120.068216683609, 31.464248196978435], [120.06726868484941, 31.464248196978435], [120.06726868484941, 31.464809228764985], [120.06679468546962, 31.464809228764985], [120.06679468546962, 31.465370260551534], [120.0625286910515, 31.465370260551534], [120.0625286910515, 31.466492324124637], [120.06110669291212, 31.466492324124637]], [[120.07153467926753, 31.459198910899485], [120.07200867864732, 31.459198910899485], [120.07200867864732, 31.45863787911293], [120.07153467926753, 31.45863787911293], [120.07153467926753, 31.459198910899485]]]}}, {"type": "Feature", "properties": {"threshold_ug_l": 20.0, "area_km2_approx": 0.089}, "geometry": {"type": "Polygon", "coordinates": [[[120.12888860422233, 31.462004069832233], [120.12888860422233, 31.460320974472584], [120.12841460484253, 31.460320974472584], [120.12841460484253, 31.459198910899485], [120.12794060546274, 31.459198910899485], [120.12794060546274, 31.45807684732638], [120.12746660608295, 31.45807684732638], [120.12746660608295, 31.456393751966733], [120.12794060546274, 31.456393751966733], [120.12794060546274, 31.456954783753282], [120.12888860422233, 31.456954783753282], [120.12888860422233, 31.455832720180183], [120.12936260360212, 31.455832720180183], [120.12936260360212, 31.456393751966733], [120.12983660298191, 31.456393751966733], [120.12983660298191, 31.45807684732638], [120.1303106023617, 31.45807684732638], [120.1303106023617, 31.459198910899485], [120.12983660298191, 31.459198910899485], [120.12983660298191, 31.459759942686034], [120.12936260360212, 31.459759942686034], [120.12936260360212, 31.462004069832233], [120.12888860422233, 31.462004069832233]]]}}, {"type": "Feature", "properties": {"threshold_ug_l": 20.0, "area_km2_approx": 0.003}, "geometry": {"type": "Polygon", "coordinates": [[[120.18197653475899, 31.455832720180183], [120.18197653475899, 31.45527168839363], [120.18245053413878, 31.45527168839363], [120.18245053413878, 31.455832720180183], [120.18197653475899, 31.455832720180183]]]}}, {"type": "Feature", "properties": {"threshold_ug_l": 20.0, "area_km2_approx": 0.073}, "geometry": {"type": "Polygon", "coordinates": [[[120.1644385577067, 31.457515815539832], [120.1644385577067, 31.456954783753282], [120.16349055894712, 31.456954783753282], [120.16349055894712, 31.455832720180183], [120.16112056204815, 31.455832720180183], [120.16112056204815, 31.45527168839363], [120.16064656266836, 31.45527168839363], [120.16064656266836, 31.45414962482053], [120.16301655956732, 31.45414962482053], [120.16301655956732, 31.45471065660708], [120.16349055894712, 31.45471065660708], [120.16349055894712, 31.45527168839363], [120.16396455832691, 31.45527168839363], [120.16396455832691, 31.455832720180183], [120.1649125570865, 31.455832720180183], [120.1649125570865, 31.456393751966733], [120.16538655646627, 31.456393751966733], [120.16538655646627, 31.457515815539832], [120.1644385577067, 31.457515815539832]]]}}, {"type": "Feature", "properties": {"threshold_ug_l": 20.0, "area_km2_approx": 0.056}, "geometry": {"type": "Polygon", "coordinates": [[[120.07390467616649, 31.456393751966733], [120.07390467616649, 31.455832720180183], [120.07485267492608, 31.455832720180183], [120.07485267492608, 31.45527168839363], [120.07532667430587, 31.45527168839363], [120.07532667430587, 31.45414962482053], [120.07485267492608, 31.45414962482053], [120.07485267492608, 31.45358859303398], [120.07627467306546, 31.45358859303398], [120.07627467306546, 31.45471065660708], [120.07674867244525, 31.45471065660708], [120.07674867244525, 31.45414962482053], [120.07722267182503, 31.45414962482053], [120.07722267182503, 31.45527168839363], [120.07674867244525, 31.45527168839363], [120.07674867244525, 31.456393751966733], [120.07390467616649, 31.456393751966733]]]}}, {"type": "Feature", "properties": {"threshold_ug_l": 20.0, "area_km2_approx": 0.003}, "geometry": {"type": "Polygon", "coordinates": [[[120.12651860732336, 31.45414962482053], [120.12651860732336, 31.45358859303398], [120.12699260670315, 31.45358859303398], [120.12699260670315, 31.45414962482053], [120.12651860732336, 31.45414962482053]]]}}, {"type": "Feature", "properties": {"threshold_ug_l": 20.0, "area_km2_approx": 0.008}, "geometry": {"type": "Polygon", "coordinates": [[[120.18055453661961, 31.45414962482053], [120.18055453661961, 31.45302756124743], [120.1810285359994, 31.45302756124743], [120.1810285359994, 31.45358859303398], [120.1815025353792, 31.45358859303398], [120.1815025353792, 31.45414962482053], [120.18055453661961, 31.45414962482053]]]}}, {"type": "Feature", "properties": {"threshold_ug_l": 20.0, "area_km2_approx": 0.078}, "geometry": {"type": "Polygon", "coordinates": [[[120.33744833133065, 31.455832720180183], [120.33744833133065, 31.45471065660708], [120.33697433195086, 31.45471065660708], [120.33697433195086, 31.45414962482053], [120.33744833133065, 31.45414962482053], [120.33744833133065, 31.45471065660708], [120.33792233071044, 31.45471065660708], [120.33792233071044, 31.45414962482053], [120.33839633009023, 31.45414962482053], [120.33839633009023, 31.45358859303398], [120.3402923276094, 31.45358859303398], [120.3402923276094, 31.45302756124743], [120.33981832822961, 31.45302756124743], [120.33981832822961, 31.45246652946088], [120.3407663269892, 31.45246652946088], [120.3407663269892, 31.45358859303398], [120.34124032636899, 31.45358859303398], [120.34124032636899, 31.45414962482053], [120.34171432574877, 31.45414962482053], [120.34171432574877, 31.45471065660708], [120.3407663269892, 31.45471065660708], [120.3407663269892, 31.45527168839363], [120.33981832822961, 31.45527168839363], [120.33981832822961, 31.455832720180183], [120.33934432884982, 31.455832720180183], [120.33934432884982, 31.45527168839363], [120.33839633009023, 31.45527168839363], [120.33839633009023, 31.455832720180183], [120.33744833133065, 31.455832720180183]]]}}, {"type": "Feature", "properties": {"threshold_ug_l": 20.0, "area_km2_approx": 0.02}, "geometry": {"type": "Polygon", "coordinates": [[[120.06537268733024, 31.45358859303398], [120.06537268733024, 31.45302756124743], [120.06442468857065, 31.45302756124743], [120.06442468857065, 31.45246652946088], [120.06679468546962, 31.45246652946088], [120.06679468546962, 31.45302756124743], [120.06632068608982, 31.45302756124743], [120.06632068608982, 31.45358859303398], [120.06537268733024, 31.45358859303398]]]}}, {"type": "Feature", "properties": {"threshold_ug_l": 20.0, "area_km2_approx": 0.008}, "geometry": {"type": "Polygon", "coordinates": [[[120.33413033567211, 31.45358859303398], [120.33413033567211, 31.45246652946088], [120.33365633629232, 31.45246652946088], [120.33365633629232, 31.451905497674332], [120.33413033567211, 31.451905497674332], [120.33413033567211, 31.45246652946088], [120.33460433505189, 31.45246652946088], [120.33460433505189, 31.45358859303398], [120.33413033567211, 31.45358859303398]]]}}, {"type": "Feature", "properties": {"threshold_ug_l": 20.0, "area_km2_approx": 0.008}, "geometry": {"type": "Polygon", "coordinates": [[[120.07627467306546, 31.45246652946088], [120.07627467306546, 31.451905497674332], [120.07674867244525, 31.451905497674332], [120.07674867244525, 31.45134446588778], [120.07722267182503, 31.45134446588778], [120.07722267182503, 31.45246652946088], [120.07627467306546, 31.45246652946088]]]}}, {"type": "Feature", "properties": {"threshold_ug_l": 20.0, "area_km2_approx": 0.006}, "geometry": {"type": "Polygon", "coordinates": [[[120.17676254158128, 31.45246652946088], [120.17676254158128, 31.45134446588778], [120.17723654096108, 31.45134446588778], [120.17723654096108, 31.45246652946088], [120.17676254158128, 31.45246652946088]]]}}, {"type": "Feature", "properties": {"threshold_ug_l": 20.0, "area_km2_approx": 0.003}, "geometry": {"type": "Polygon", "coordinates": [[[120.33223433815294, 31.451905497674332], [120.33223433815294, 31.45134446588778], [120.33270833753274, 31.45134446588778], [120.33270833753274, 31.451905497674332], [120.33223433815294, 31.451905497674332]]]}}, {"type": "Feature", "properties": {"threshold_ug_l": 20.0, "area_km2_approx": 0.067}, "geometry": {"type": "Polygon", "coordinates": [[[120.20046251057086, 31.45302756124743], [120.20046251057086, 31.45246652946088], [120.19998851119107, 31.45246652946088], [120.19998851119107, 31.45134446588778], [120.20093650995065, 31.45134446588778], [120.20093650995065, 31.451905497674332], [120.20046251057086, 31.451905497674332], [120.20046251057086, 31.45246652946088], [120.20141050933044, 31.45246652946088], [120.20141050933044, 31.451905497674332], [120.20235850809003, 31.451905497674332], [120.20235850809003, 31.45134446588778], [120.20330650684961, 31.45134446588778], [120.20330650684961, 31.45078343410123], [120.20472850498899, 31.45078343410123], [120.20472850498899, 31.45134446588778], [120.20567650374858, 31.45134446588778], [120.20567650374858, 31.451905497674332], [120.20472850498899, 31.451905497674332], [120.20472850498899, 31.45246652946088], [120.20235850809003, 31.45246652946088], [120.20235850809003, 31.45302756124743], [120.20046251057086, 31.45302756124743]]]}}, {"type": "Feature", "properties": {"threshold_ug_l": 20.0, "area_km2_approx": 0.003}, "geometry": {"type": "Polygon", "coordinates": [[[120.32370234931669, 31.45078343410123], [120.32370234931669, 31.45022240231468], [120.32417634869648, 31.45022240231468], [120.32417634869648, 31.45078343410123], [120.32370234931669, 31.45078343410123]]]}}, {"type": "Feature", "properties": {"threshold_ug_l": 20.0, "area_km2_approx": 0.042}, "geometry": {"type": "Polygon", "coordinates": [[[120.17391854530253, 31.45246652946088], [120.17391854530253, 31.45134446588778], [120.17249654716315, 31.45134446588778], [120.17249654716315, 31.45022240231468], [120.17297054654294, 31.45022240231468], [120.17297054654294, 31.44966137052813], [120.17391854530253, 31.44966137052813], [120.17391854530253, 31.45022240231468], [120.17486654406211, 31.45022240231468], [120.17486654406211, 31.45134446588778], [120.17439254468232, 31.45134446588778], [120.17439254468232, 31.451905497674332], [120.17486654406211, 31.451905497674332], [120.17486654406211, 31.45246652946088], [120.17391854530253, 31.45246652946088]]]}}, {"type": "Feature", "properties": {"threshold_ug_l": 20.0, "area_km2_approx": 0.003}, "geometry": {"type": "Polygon", "coordinates": [[[120.3227543505571, 31.45022240231468], [120.3227543505571, 31.44966137052813], [120.3232283499369, 31.44966137052813], [120.3232283499369, 31.45022240231468], [120.3227543505571, 31.45022240231468]]]}}, {"type": "Feature", "properties": {"threshold_ug_l": 20.0, "area_km2_approx": 0.003}, "geometry": {"type": "Polygon", "coordinates": [[[120.12604460794357, 31.44966137052813], [120.12604460794357, 31.44910033874158], [120.12651860732336, 31.44910033874158], [120.12651860732336, 31.44966137052813], [120.12604460794357, 31.44966137052813]]]}}, {"type": "Feature", "properties": {"threshold_ug_l": 20.0, "area_km2_approx": 0.02}, "geometry": {"type": "Polygon", "coordinates": [[[120.32939034187419, 31.45022240231468], [120.32939034187419, 31.44966137052813], [120.3284423431146, 31.44966137052813], [120.3284423431146, 31.44910033874158], [120.32796834373481, 31.44910033874158], [120.32796834373481, 31.44853930695503], [120.3284423431146, 31.44853930695503], [120.3284423431146, 31.44910033874158], [120.33033834063377, 31.44910033874158], [120.33033834063377, 31.45022240231468], [120.32939034187419, 31.45022240231468]]]}}, {"type": "Feature", "properties": {"threshold_ug_l": 20.0, "area_km2_approx": 0.201}, "geometry": {"type": "Polygon", "coordinates": [[[120.14263458623628, 31.45246652946088], [120.14263458623628, 31.451905497674332], [120.14216058685649, 31.451905497674332], [120.14216058685649, 31.45078343410123], [120.1416865874767, 31.45078343410123], [120.1416865874767, 31.45134446588778], [120.1412125880969, 31.45134446588778], [120.1412125880969, 31.45022240231468], [120.14073858871711, 31.45022240231468], [120.14073858871711, 31.44966137052813], [120.14216058685649, 31.44966137052813], [120.14216058685649, 31.44910033874158], [120.14263458623628, 31.44910033874158], [120.14263458623628, 31.44853930695503], [120.14358258499587, 31.44853930695503], [120.14358258499587, 31.44797827516848], [120.14595258189482, 31.44797827516848], [120.14595258189482, 31.44853930695503], [120.14642658127461, 31.44853930695503], [120.14642658127461, 31.44910033874158], [120.1469005806544, 31.44910033874158], [120.1469005806544, 31.44853930695503], [120.1473745800342, 31.44853930695503], [120.1473745800342, 31.44910033874158], [120.14784857941399, 31.44910033874158], [120.14784857941399, 31.45022240231468], [120.1473745800342, 31.45022240231468], [120.1473745800342, 31.45078343410123], [120.14547858251503, 31.45078343410123], [120.14547858251503, 31.45134446588778], [120.14500458313523, 31.45134446588778], [120.14500458313523, 31.451905497674332], [120.14453058375545, 31.451905497674332], [120.14453058375545, 31.45246652946088], [120.14263458623628, 31.45246652946088]]]}}, {"type": "Feature", "properties": {"threshold_ug_l": 20.0, "area_km2_approx": 0.028}, "geometry": {"type": "Polygon", "coordinates": [[[120.05115270593649, 31.44910033874158], [120.05115270593649, 31.44853930695503], [120.0506787065567, 31.44853930695503], [120.0506787065567, 31.447417243381928], [120.05304870345566, 31.447417243381928], [120.05304870345566, 31.44797827516848], [120.05257470407587, 31.44797827516848], [120.05257470407587, 31.44853930695503], [120.05162670531628, 31.44853930695503], [120.05162670531628, 31.44910033874158], [120.05115270593649, 31.44910033874158]]]}}, {"type": "Feature", "properties": {"threshold_ug_l": 20.0, "area_km2_approx": 0.02}, "geometry": {"type": "Polygon", "coordinates": [[[120.32180635179752, 31.44853930695503], [120.32180635179752, 31.447417243381928], [120.3232283499369, 31.447417243381928], [120.3232283499369, 31.44797827516848], [120.32370234931669, 31.44797827516848], [120.32370234931669, 31.44853930695503], [120.32180635179752, 31.44853930695503]]]}}, {"type": "Feature", "properties": {"threshold_ug_l": 20.0, "area_km2_approx": 0.006}, "geometry": {"type": "Polygon", "coordinates": [[[120.0445167146194, 31.44797827516848], [120.0445167146194, 31.447417243381928], [120.04546471337899, 31.447417243381928], [120.04546471337899, 31.44797827516848], [120.0445167146194, 31.44797827516848]]]}}, {"type": "Feature", "properties": {"threshold_ug_l": 20.0, "area_km2_approx": 0.036}, "geometry": {"type": "Polygon", "coordinates": [[[120.0729566774069, 31.44966137052813], [120.0729566774069, 31.446856211595378], [120.0734306767867, 31.446856211595378], [120.0734306767867, 31.44629517980883], [120.07390467616649, 31.44629517980883], [120.07390467616649, 31.446856211595378], [120.07437867554628, 31.446856211595378], [120.07437867554628, 31.44797827516848], [120.07390467616649, 31.44797827516848], [120.07390467616649, 31.44853930695503], [120.07437867554628, 31.44853930695503], [120.07437867554628, 31.44910033874158], [120.0734306767867, 31.44910033874158], [120.0734306767867, 31.44966137052813], [120.0729566774069, 31.44966137052813]]]}}, {"type": "Feature", "properties": {"threshold_ug_l": 20.0, "area_km2_approx": 0.014}, "geometry": {"type": "Polygon", "coordinates": [[[120.13742059305858, 31.447417243381928], [120.13742059305858, 31.446856211595378], [120.13694659367879, 31.446856211595378], [120.13694659367879, 31.44573414802228], [120.13742059305858, 31.44573414802228], [120.13742059305858, 31.446856211595378], [120.13884259119794, 31.446856211595378], [120.13884259119794, 31.447417243381928], [120.13742059305858, 31.447417243381928]]]}}, {"type": "Feature", "properties": {"threshold_ug_l": 20.0, "area_km2_approx": 0.022}, "geometry": {"type": "Polygon", "coordinates": [[[120.18576852979731, 31.446856211595378], [120.18576852979731, 31.44573414802228], [120.18719052793669, 31.44573414802228], [120.18719052793669, 31.44517311623573], [120.18766452731649, 31.44517311623573], [120.18766452731649, 31.44629517980883], [120.18719052793669, 31.44629517980883], [120.18719052793669, 31.446856211595378], [120.18576852979731, 31.446856211595378]]]}}, {"type": "Feature", "properties": {"threshold_ug_l": 20.0, "area_km2_approx": 0.003}, "geometry": {"type": "Polygon", "coordinates": [[[120.19667051553253, 31.44573414802228], [120.19667051553253, 31.44517311623573], [120.19714451491232, 31.44517311623573], [120.19714451491232, 31.44573414802228], [120.19667051553253, 31.44573414802228]]]}}, {"type": "Feature", "properties": {"threshold_ug_l": 20.0, "area_km2_approx": 0.089}, "geometry": {"type": "Polygon", "coordinates": [[[120.12794060546274, 31.45022240231468], [120.12794060546274, 31.44966137052813], [120.12699260670315, 31.44966137052813], [120.12699260670315, 31.44853930695503], [120.12936260360212, 31.44853930695503], [120.12936260360212, 31.44797827516848], [120.1303106023617, 31.44797827516848], [120.1303106023617, 31.447417243381928], [120.12983660298191, 31.447417243381928], [120.12983660298191, 31.44573414802228], [120.1303106023617, 31.44573414802228], [120.1303106023617, 31.44517311623573], [120.1307846017415, 31.44517311623573], [120.1307846017415, 31.44461208444918], [120.13125860112129, 31.44461208444918], [120.13125860112129, 31.44517311623573], [120.13220659988086, 31.44517311623573], [120.13220659988086, 31.44573414802228], [120.13125860112129, 31.44573414802228], [120.13125860112129, 31.44629517980883], [120.1307846017415, 31.44629517980883], [120.1307846017415, 31.44853930695503], [120.1303106023617, 31.44853930695503], [120.1303106023617, 31.44910033874158], [120.12983660298191, 31.44910033874158], [120.12983660298191, 31.44966137052813], [120.12936260360212, 31.44966137052813], [120.12936260360212, 31.45022240231468], [120.12794060546274, 31.45022240231468]]]}}, {"type": "Feature", "properties": {"threshold_ug_l": 20.0, "area_km2_approx": 0.047}, "geometry": {"type": "Polygon", "coordinates": [[[120.31801435675919, 31.44853930695503], [120.31801435675919, 31.44797827516848], [120.3175403573794, 31.44797827516848], [120.3175403573794, 31.447417243381928], [120.31706635799961, 31.447417243381928], [120.31706635799961, 31.446856211595378], [120.31801435675919, 31.446856211595378], [120.31801435675919, 31.44629517980883], [120.31848835613899, 31.44629517980883], [120.31848835613899, 31.44573414802228], [120.31896235551878, 31.44573414802228], [120.31896235551878, 31.44629517980883], [120.31943635489857, 31.44629517980883], [120.31943635489857, 31.44517311623573], [120.32085835303795, 31.44517311623573], [120.32085835303795, 31.44461208444918], [120.32133235241773, 31.44461208444918], [120.32133235241773, 31.44573414802228], [120.32180635179752, 31.44573414802228], [120.32180635179752, 31.44629517980883], [120.32133235241773, 31.44629517980883], [120.32133235241773, 31.44573414802228], [120.32085835303795, 31.44573414802228], [120.32085835303795, 31.44629517980883], [120.32038435365816, 31.44629517980883], [120.32038435365816, 31.44573414802228], [120.31991035427836, 31.44573414802228], [120.31991035427836, 31.44629517980883], [120.31943635489857, 31.44629517980883], [120.31943635489857, 31.446856211595378], [120.31848835613899, 31.446856211595378], [120.31848835613899, 31.447417243381928], [120.31801435675919, 31.447417243381928], [120.31801435675919, 31.44797827516848], [120.31848835613899, 31.44797827516848], [120.31848835613899, 31.44853930695503], [120.31801435675919, 31.44853930695503]]]}}, {"type": "Feature", "properties": {"threshold_ug_l": 20.0, "area_km2_approx": 0.003}, "geometry": {"type": "Polygon", "coordinates": [[[120.1303106023617, 31.44405105266263], [120.1303106023617, 31.443490020876077], [120.1307846017415, 31.443490020876077], [120.1307846017415, 31.44405105266263], [120.1303106023617, 31.44405105266263]]]}}, {"type": "Feature", "properties": {"threshold_ug_l": 20.0, "area_km2_approx": 0.05}, "geometry": {"type": "Polygon", "coordinates": [[[120.33934432884982, 31.44629517980883], [120.33934432884982, 31.44573414802228], [120.33981832822961, 31.44573414802228], [120.33981832822961, 31.44517311623573], [120.3402923276094, 31.44517311623573], [120.3402923276094, 31.44573414802228], [120.3407663269892, 31.44573414802228], [120.3407663269892, 31.442928989089527], [120.34124032636899, 31.442928989089527], [120.34124032636899, 31.44405105266263], [120.34218832512856, 31.44405105266263], [120.34218832512856, 31.44461208444918], [120.34266232450835, 31.44461208444918], [120.34266232450835, 31.44517311623573], [120.34218832512856, 31.44517311623573], [120.34218832512856, 31.44573414802228], [120.34171432574877, 31.44573414802228], [120.34171432574877, 31.44629517980883], [120.33934432884982, 31.44629517980883]]]}}, {"type": "Feature", "properties": {"threshold_ug_l": 20.0, "area_km2_approx": 0.017}, "geometry": {"type": "Polygon", "coordinates": [[[120.13979058995753, 31.44405105266263], [120.13979058995753, 31.443490020876077], [120.13931659057774, 31.443490020876077], [120.13931659057774, 31.442928989089527], [120.13979058995753, 31.442928989089527], [120.13979058995753, 31.442367957302977], [120.14073858871711, 31.442367957302977], [120.14073858871711, 31.443490020876077], [120.14026458933732, 31.443490020876077], [120.14026458933732, 31.44405105266263], [120.13979058995753, 31.44405105266263]]]}}, {"type": "Feature", "properties": {"threshold_ug_l": 20.0, "area_km2_approx": 0.031}, "geometry": {"type": "Polygon", "coordinates": [[[120.1412125880969, 31.443490020876077], [120.1412125880969, 31.442928989089527], [120.1416865874767, 31.442928989089527], [120.1416865874767, 31.442367957302977], [120.14263458623628, 31.442367957302977], [120.14263458623628, 31.441806925516428], [120.14358258499587, 31.441806925516428], [120.14358258499587, 31.443490020876077], [120.1412125880969, 31.443490020876077]]]}}, {"type": "Feature", "properties": {"threshold_ug_l": 20.0, "area_km2_approx": 1.698}, "geometry": {"type": "Polygon", "coordinates": [[[120.18719052793669, 31.467614387697736], [120.18719052793669, 31.467053355911187], [120.1867165285569, 31.467053355911187], [120.1867165285569, 31.466492324124637], [120.18576852979731, 31.466492324124637], [120.18576852979731, 31.465931292338084], [120.18434653165795, 31.465931292338084], [120.18434653165795, 31.465370260551534], [120.18292453351857, 31.465370260551534], [120.18292453351857, 31.464809228764985], [120.18245053413878, 31.464809228764985], [120.18245053413878, 31.465370260551534], [120.18197653475899, 31.465370260551534], [120.18197653475899, 31.465931292338084], [120.1810285359994, 31.465931292338084], [120.1810285359994, 31.464809228764985], [120.1815025353792, 31.464809228764985], [120.1815025353792, 31.464248196978435], [120.18197653475899, 31.464248196978435], [120.18197653475899, 31.463687165191885], [120.1810285359994, 31.463687165191885], [120.1810285359994, 31.463126133405336], [120.18292453351857, 31.463126133405336], [120.18292453351857, 31.463687165191885], [120.18434653165795, 31.463687165191885], [120.18434653165795, 31.463126133405336], [120.18482053103774, 31.463126133405336], [120.18482053103774, 31.462565101618782], [120.18576852979731, 31.462565101618782], [120.18576852979731, 31.462004069832233], [120.18624252917711, 31.462004069832233], [120.18624252917711, 31.461443038045683], [120.18719052793669, 31.461443038045683], [120.18719052793669, 31.460320974472584], [120.18813852669628, 31.460320974472584], [120.18813852669628, 31.459759942686034], [120.18908652545586, 31.459759942686034], [120.18908652545586, 31.462004069832233], [120.18956052483566, 31.462004069832233], [120.18956052483566, 31.462565101618782], [120.19050852359524, 31.462565101618782], [120.19050852359524, 31.462004069832233], [120.19003452421545, 31.462004069832233], [120.19003452421545, 31.461443038045683], [120.19050852359524, 31.461443038045683], [120.19050852359524, 31.459759942686034], [120.19003452421545, 31.459759942686034], [120.19003452421545, 31.459198910899485], [120.19050852359524, 31.459198910899485], [120.19050852359524, 31.45863787911293], [120.19098252297503, 31.45863787911293], [120.19098252297503, 31.45807684732638], [120.19145652235483, 31.45807684732638], [120.19145652235483, 31.455832720180183], [120.19193052173462, 31.455832720180183], [120.19193052173462, 31.45414962482053], [120.19619651615274, 31.45414962482053], [120.19619651615274, 31.45358859303398], [120.19572251677295, 31.45358859303398], [120.19572251677295, 31.45302756124743], [120.19287852049419, 31.45302756124743], [120.19287852049419, 31.45246652946088], [120.19335251987398, 31.45246652946088], [120.19335251987398, 31.451905497674332], [120.19382651925378, 31.451905497674332], [120.19382651925378, 31.45134446588778], [120.19524851739315, 31.45134446588778], [120.19524851739315, 31.45078343410123], [120.19477451801336, 31.45078343410123], [120.19477451801336, 31.45022240231468], [120.19430051863357, 31.45022240231468], [120.19430051863357, 31.44966137052813], [120.19382651925378, 31.44966137052813], [120.19382651925378, 31.45078343410123], [120.1924045211144, 31.45078343410123], [120.1924045211144, 31.45022240231468], [120.19193052173462, 31.45022240231468], [120.19193052173462, 31.44966137052813], [120.19145652235483, 31.44966137052813], [120.19145652235483, 31.44910033874158], [120.19050852359524, 31.44910033874158], [120.19050852359524, 31.44853930695503], [120.19003452421545, 31.44853930695503], [120.19003452421545, 31.447417243381928], [120.19098252297503, 31.447417243381928], [120.19098252297503, 31.44629517980883], [120.19050852359524, 31.44629517980883], [120.19050852359524, 31.44405105266263], [120.19003452421545, 31.44405105266263], [120.19003452421545, 31.443490020876077], [120.18956052483566, 31.443490020876077], [120.18956052483566, 31.441245893729878], [120.19003452421545, 31.441245893729878], [120.19003452421545, 31.441806925516428], [120.19050852359524, 31.441806925516428], [120.19050852359524, 31.442367957302977], [120.19098252297503, 31.442367957302977], [120.19098252297503, 31.442928989089527], [120.19145652235483, 31.442928989089527], [120.19145652235483, 31.442367957302977], [120.19193052173462, 31.442367957302977], [120.19193052173462, 31.442928989089527], [120.1924045211144, 31.442928989089527], [120.1924045211144, 31.443490020876077], [120.19382651925378, 31.443490020876077], [120.19382651925378, 31.442928989089527], [120.19430051863357, 31.442928989089527], [120.19430051863357, 31.443490020876077], [120.19524851739315, 31.443490020876077], [120.19524851739315, 31.442928989089527], [120.19572251677295, 31.442928989089527], [120.19572251677295, 31.44405105266263], [120.19619651615274, 31.44405105266263], [120.19619651615274, 31.44573414802228], [120.19572251677295, 31.44573414802228], [120.19572251677295, 31.44797827516848], [120.19667051553253, 31.44797827516848], [120.19667051553253, 31.44853930695503], [120.19619651615274, 31.44853930695503], [120.19619651615274, 31.45022240231468], [120.19667051553253, 31.45022240231468], [120.19667051553253, 31.451905497674332], [120.19619651615274, 31.451905497674332], [120.19619651615274, 31.45246652946088], [120.19667051553253, 31.45246652946088], [120.19667051553253, 31.45302756124743], [120.19998851119107, 31.45302756124743], [120.19998851119107, 31.45358859303398], [120.20046251057086, 31.45358859303398], [120.20046251057086, 31.45414962482053], [120.19998851119107, 31.45414962482053], [120.19998851119107, 31.45527168839363], [120.19951451181127, 31.45527168839363], [120.19951451181127, 31.455832720180183], [120.19998851119107, 31.455832720180183], [120.19998851119107, 31.456393751966733], [120.20093650995065, 31.456393751966733], [120.20093650995065, 31.455832720180183], [120.20188450871024, 31.455832720180183], [120.20188450871024, 31.456393751966733], [120.20235850809003, 31.456393751966733], [120.20235850809003, 31.457515815539832], [120.20046251057086, 31.457515815539832], [120.20046251057086, 31.456954783753282], [120.19998851119107, 31.456954783753282], [120.19998851119107, 31.457515815539832], [120.19951451181127, 31.457515815539832], [120.19951451181127, 31.459198910899485], [120.19998851119107, 31.459198910899485], [120.19998851119107, 31.459759942686034], [120.19951451181127, 31.459759942686034], [120.19951451181127, 31.460320974472584], [120.1990405124315, 31.460320974472584], [120.1990405124315, 31.459198910899485], [120.1985665130517, 31.459198910899485], [120.1985665130517, 31.457515815539832], [120.19809251367191, 31.457515815539832], [120.19809251367191, 31.45807684732638], [120.19714451491232, 31.45807684732638], [120.19714451491232, 31.457515815539832], [120.19619651615274, 31.457515815539832], [120.19619651615274, 31.45807684732638], [120.19667051553253, 31.45807684732638], [120.19667051553253, 31.45863787911293], [120.19761851429212, 31.45863787911293], [120.19761851429212, 31.459198910899485], [120.19809251367191, 31.459198910899485], [120.19809251367191, 31.459759942686034], [120.19761851429212, 31.459759942686034], [120.19761851429212, 31.460320974472584], [120.19714451491232, 31.460320974472584], [120.19714451491232, 31.459759942686034], [120.19667051553253, 31.459759942686034], [120.19667051553253, 31.460320974472584], [120.19619651615274, 31.460320974472584], [120.19619651615274, 31.460882006259133], [120.19667051553253, 31.460882006259133], [120.19667051553253, 31.461443038045683], [120.19714451491232, 31.461443038045683], [120.19714451491232, 31.462004069832233], [120.19619651615274, 31.462004069832233], [120.19619651615274, 31.462565101618782], [120.19572251677295, 31.462565101618782], [120.19572251677295, 31.463687165191885], [120.19524851739315, 31.463687165191885], [120.19524851739315, 31.463126133405336], [120.19382651925378, 31.463126133405336], [120.19382651925378, 31.462565101618782], [120.19335251987398, 31.462565101618782], [120.19335251987398, 31.462004069832233], [120.19287852049419, 31.462004069832233], [120.19287852049419, 31.464248196978435], [120.1924045211144, 31.464248196978435], [120.1924045211144, 31.463687165191885], [120.19193052173462, 31.463687165191885], [120.19193052173462, 31.464248196978435], [120.19145652235483, 31.464248196978435], [120.19145652235483, 31.465370260551534], [120.18956052483566, 31.465370260551534], [120.18956052483566, 31.467053355911187], [120.18908652545586, 31.467053355911187], [120.18908652545586, 31.467614387697736], [120.18719052793669, 31.467614387697736]], [[120.19572251677295, 31.45302756124743], [120.19619651615274, 31.45302756124743], [120.19619651615274, 31.45246652946088], [120.19572251677295, 31.45246652946088], [120.19572251677295, 31.45302756124743]], [[120.19335251987398, 31.44966137052813], [120.19382651925378, 31.44966137052813], [120.19382651925378, 31.44910033874158], [120.19335251987398, 31.44910033874158], [120.19335251987398, 31.44966137052813]]]}}, {"type": "Feature", "properties": {"threshold_ug_l": 20.0, "area_km2_approx": 0.05}, "geometry": {"type": "Polygon", "coordinates": [[[120.16917855150461, 31.442928989089527], [120.16917855150461, 31.442367957302977], [120.16823055274503, 31.442367957302977], [120.16823055274503, 31.441245893729878], [120.16870455212482, 31.441245893729878], [120.16870455212482, 31.440123830156775], [120.16965255088441, 31.440123830156775], [120.16965255088441, 31.44068486194333], [120.1701265502642, 31.44068486194333], [120.1701265502642, 31.441245893729878], [120.17154854840358, 31.441245893729878], [120.17154854840358, 31.441806925516428], [120.17060054964399, 31.441806925516428], [120.17060054964399, 31.442367957302977], [120.16965255088441, 31.442367957302977], [120.16965255088441, 31.442928989089527], [120.16917855150461, 31.442928989089527]]]}}, {"type": "Feature", "properties": {"threshold_ug_l": 20.0, "area_km2_approx": 0.006}, "geometry": {"type": "Polygon", "coordinates": [[[120.13979058995753, 31.44068486194333], [120.13979058995753, 31.440123830156775], [120.14073858871711, 31.440123830156775], [120.14073858871711, 31.44068486194333], [120.13979058995753, 31.44068486194333]]]}}, {"type": "Feature", "properties": {"threshold_ug_l": 20.0, "area_km2_approx": 0.209}, "geometry": {"type": "Polygon", "coordinates": [[[120.07390467616649, 31.44573414802228], [120.07390467616649, 31.44405105266263], [120.07437867554628, 31.44405105266263], [120.07437867554628, 31.442928989089527], [120.07485267492608, 31.442928989089527], [120.07485267492608, 31.442367957302977], [120.07674867244525, 31.442367957302977], [120.07674867244525, 31.441806925516428], [120.07769667120482, 31.441806925516428], [120.07769667120482, 31.441245893729878], [120.07722267182503, 31.441245893729878], [120.07722267182503, 31.44068486194333], [120.07817067058461, 31.44068486194333], [120.07817067058461, 31.440123830156775], [120.0791186693442, 31.440123830156775], [120.0791186693442, 31.439562798370225], [120.08006666810378, 31.439562798370225], [120.08006666810378, 31.440123830156775], [120.07959266872399, 31.440123830156775], [120.07959266872399, 31.441806925516428], [120.08006666810378, 31.441806925516428], [120.08006666810378, 31.442367957302977], [120.07959266872399, 31.442367957302977], [120.07959266872399, 31.442928989089527], [120.0791186693442, 31.442928989089527], [120.0791186693442, 31.443490020876077], [120.0786446699644, 31.443490020876077], [120.0786446699644, 31.44517311623573], [120.07817067058461, 31.44517311623573], [120.07817067058461, 31.44573414802228], [120.07674867244525, 31.44573414802228], [120.07674867244525, 31.44517311623573], [120.07580067368566, 31.44517311623573], [120.07580067368566, 31.44573414802228], [120.07485267492608, 31.44573414802228], [120.07485267492608, 31.44461208444918], [120.07437867554628, 31.44461208444918], [120.07437867554628, 31.44573414802228], [120.07390467616649, 31.44573414802228]]]}}, {"type": "Feature", "properties": {"threshold_ug_l": 20.0, "area_km2_approx": 0.003}, "geometry": {"type": "Polygon", "coordinates": [[[120.13884259119794, 31.439562798370225], [120.13884259119794, 31.439001766583676], [120.13931659057774, 31.439001766583676], [120.13931659057774, 31.439562798370225], [120.13884259119794, 31.439562798370225]]]}}, {"type": "Feature", "properties": {"threshold_ug_l": 20.0, "area_km2_approx": 0.003}, "geometry": {"type": "Polygon", "coordinates": [[[120.0449907139992, 31.439001766583676], [120.0449907139992, 31.438440734797126], [120.04546471337899, 31.438440734797126], [120.04546471337899, 31.439001766583676], [120.0449907139992, 31.439001766583676]]]}}, {"type": "Feature", "properties": {"threshold_ug_l": 20.0, "area_km2_approx": 0.003}, "geometry": {"type": "Polygon", "coordinates": [[[120.04925670841733, 31.439001766583676], [120.04925670841733, 31.438440734797126], [120.04973070779712, 31.438440734797126], [120.04973070779712, 31.439001766583676], [120.04925670841733, 31.439001766583676]]]}}, {"type": "Feature", "properties": {"threshold_ug_l": 20.0, "area_km2_approx": 0.003}, "geometry": {"type": "Polygon", "coordinates": [[[120.05826269663336, 31.439001766583676], [120.05826269663336, 31.438440734797126], [120.05873669601316, 31.438440734797126], [120.05873669601316, 31.439001766583676], [120.05826269663336, 31.439001766583676]]]}}, {"type": "Feature", "properties": {"threshold_ug_l": 20.0, "area_km2_approx": 0.003}, "geometry": {"type": "Polygon", "coordinates": [[[120.16965255088441, 31.439001766583676], [120.16965255088441, 31.438440734797126], [120.1701265502642, 31.438440734797126], [120.1701265502642, 31.439001766583676], [120.16965255088441, 31.439001766583676]]]}}, {"type": "Feature", "properties": {"threshold_ug_l": 20.0, "area_km2_approx": 0.003}, "geometry": {"type": "Polygon", "coordinates": [[[120.30900836854315, 31.439001766583676], [120.30900836854315, 31.438440734797126], [120.30948236792294, 31.438440734797126], [120.30948236792294, 31.439001766583676], [120.30900836854315, 31.439001766583676]]]}}, {"type": "Feature", "properties": {"threshold_ug_l": 20.0, "area_km2_approx": 0.031}, "geometry": {"type": "Polygon", "coordinates": [[[120.03266673012462, 31.439562798370225], [120.03266673012462, 31.438440734797126], [120.034088728264, 31.438440734797126], [120.034088728264, 31.437879703010577], [120.03456272764379, 31.437879703010577], [120.03456272764379, 31.438440734797126], [120.03503672702358, 31.438440734797126], [120.03503672702358, 31.439562798370225], [120.03266673012462, 31.439562798370225]]]}}, {"type": "Feature", "properties": {"threshold_ug_l": 20.0, "area_km2_approx": 0.003}, "geometry": {"type": "Polygon", "coordinates": [[[120.04736071089816, 31.438440734797126], [120.04736071089816, 31.437879703010577], [120.04783471027795, 31.437879703010577], [120.04783471027795, 31.438440734797126], [120.04736071089816, 31.438440734797126]]]}}, {"type": "Feature", "properties": {"threshold_ug_l": 20.0, "area_km2_approx": 0.006}, "geometry": {"type": "Polygon", "coordinates": [[[120.18434653165795, 31.438440734797126], [120.18434653165795, 31.437879703010577], [120.18529453041754, 31.437879703010577], [120.18529453041754, 31.438440734797126], [120.18434653165795, 31.438440734797126]]]}}, {"type": "Feature", "properties": {"threshold_ug_l": 20.0, "area_km2_approx": 0.003}, "geometry": {"type": "Polygon", "coordinates": [[[120.31848835613899, 31.437879703010577], [120.31848835613899, 31.437318671224027], [120.31896235551878, 31.437318671224027], [120.31896235551878, 31.437879703010577], [120.31848835613899, 31.437879703010577]]]}}, {"type": "Feature", "properties": {"threshold_ug_l": 20.0, "area_km2_approx": 0.025}, "geometry": {"type": "Polygon", "coordinates": [[[120.14927057755337, 31.439001766583676], [120.14927057755337, 31.437879703010577], [120.14879657817357, 31.437879703010577], [120.14879657817357, 31.436757639437477], [120.15021857631295, 31.436757639437477], [120.15021857631295, 31.438440734797126], [120.14974457693316, 31.438440734797126], [120.14974457693316, 31.439001766583676], [120.14927057755337, 31.439001766583676]]]}}, {"type": "Feature", "properties": {"threshold_ug_l": 20.0, "area_km2_approx": 0.003}, "geometry": {"type": "Polygon", "coordinates": [[[120.31943635489857, 31.436757639437477], [120.31943635489857, 31.436196607650924], [120.31991035427836, 31.436196607650924], [120.31991035427836, 31.436757639437477], [120.31943635489857, 31.436757639437477]]]}}, {"type": "Feature", "properties": {"threshold_ug_l": 20.0, "area_km2_approx": 0.014}, "geometry": {"type": "Polygon", "coordinates": [[[120.13410259740003, 31.437318671224027], [120.13410259740003, 31.436757639437477], [120.13362859802024, 31.436757639437477], [120.13362859802024, 31.435635575864374], [120.13457659677982, 31.435635575864374], [120.13457659677982, 31.437318671224027], [120.13410259740003, 31.437318671224027]]]}}, {"type": "Feature", "properties": {"threshold_ug_l": 20.0, "area_km2_approx": 0.003}, "geometry": {"type": "Polygon", "coordinates": [[[120.32133235241773, 31.435074544077825], [120.32133235241773, 31.434513512291275], [120.32180635179752, 31.434513512291275], [120.32180635179752, 31.435074544077825], [120.32133235241773, 31.435074544077825]]]}}, {"type": "Feature", "properties": {"threshold_ug_l": 20.0, "area_km2_approx": 0.117}, "geometry": {"type": "Polygon", "coordinates": [[[120.15732856700983, 31.440123830156775], [120.15732856700983, 31.438440734797126], [120.15685456763003, 31.438440734797126], [120.15685456763003, 31.437879703010577], [120.15780256638962, 31.437879703010577], [120.15780256638962, 31.437318671224027], [120.15875056514919, 31.437318671224027], [120.15875056514919, 31.437879703010577], [120.15780256638962, 31.437879703010577], [120.15780256638962, 31.438440734797126], [120.15969856390878, 31.438440734797126], [120.15969856390878, 31.437318671224027], [120.15922456452898, 31.437318671224027], [120.15922456452898, 31.436757639437477], [120.16017256328857, 31.436757639437477], [120.16017256328857, 31.435635575864374], [120.15969856390878, 31.435635575864374], [120.15969856390878, 31.434513512291275], [120.15922456452898, 31.434513512291275], [120.15922456452898, 31.433952480504725], [120.15969856390878, 31.433952480504725], [120.15969856390878, 31.434513512291275], [120.16159456142795, 31.434513512291275], [120.16159456142795, 31.435074544077825], [120.16112056204815, 31.435074544077825], [120.16112056204815, 31.435635575864374], [120.16159456142795, 31.435635575864374], [120.16159456142795, 31.437318671224027], [120.16112056204815, 31.437318671224027], [120.16112056204815, 31.437879703010577], [120.16017256328857, 31.437879703010577], [120.16017256328857, 31.438440734797126], [120.15969856390878, 31.438440734797126], [120.15969856390878, 31.440123830156775], [120.15732856700983, 31.440123830156775]]]}}, {"type": "Feature", "properties": {"threshold_ug_l": 20.0, "area_km2_approx": 0.279}, "geometry": {"type": "Polygon", "coordinates": [[[120.19761851429212, 31.443490020876077], [120.19761851429212, 31.442928989089527], [120.19809251367191, 31.442928989089527], [120.19809251367191, 31.442367957302977], [120.1985665130517, 31.442367957302977], [120.1985665130517, 31.441806925516428], [120.1990405124315, 31.441806925516428], [120.1990405124315, 31.441245893729878], [120.19951451181127, 31.441245893729878], [120.19951451181127, 31.441806925516428], [120.20046251057086, 31.441806925516428], [120.20046251057086, 31.441245893729878], [120.20141050933044, 31.441245893729878], [120.20141050933044, 31.440123830156775], [120.20330650684961, 31.440123830156775], [120.20330650684961, 31.439562798370225], [120.20235850809003, 31.439562798370225], [120.20235850809003, 31.439001766583676], [120.20330650684961, 31.439001766583676], [120.20330650684961, 31.437318671224027], [120.20283250746982, 31.437318671224027], [120.20283250746982, 31.436757639437477], [120.20188450871024, 31.436757639437477], [120.20188450871024, 31.435074544077825], [120.20235850809003, 31.435074544077825], [120.20235850809003, 31.434513512291275], [120.20330650684961, 31.434513512291275], [120.20330650684961, 31.433391448718176], [120.2042545056092, 31.433391448718176], [120.2042545056092, 31.432830416931623], [120.20472850498899, 31.432830416931623], [120.20472850498899, 31.432269385145073], [120.20567650374858, 31.432269385145073], [120.20567650374858, 31.433391448718176], [120.20615050312836, 31.433391448718176], [120.20615050312836, 31.435074544077825], [120.20520250436878, 31.435074544077825], [120.20520250436878, 31.436196607650924], [120.20472850498899, 31.436196607650924], [120.20472850498899, 31.436757639437477], [120.2042545056092, 31.436757639437477], [120.2042545056092, 31.437318671224027], [120.2037805062294, 31.437318671224027], [120.2037805062294, 31.441806925516428], [120.2042545056092, 31.441806925516428], [120.2042545056092, 31.442367957302977], [120.20188450871024, 31.442367957302977], [120.20188450871024, 31.442928989089527], [120.20046251057086, 31.442928989089527], [120.20046251057086, 31.443490020876077], [120.19761851429212, 31.443490020876077]], [[120.20235850809003, 31.441245893729878], [120.20283250746982, 31.441245893729878], [120.20283250746982, 31.44068486194333], [120.20235850809003, 31.44068486194333], [120.20235850809003, 31.441245893729878]]]}}, {"type": "Feature", "properties": {"threshold_ug_l": 20.0, "area_km2_approx": 0.008}, "geometry": {"type": "Polygon", "coordinates": [[[120.02934873446608, 31.432269385145073], [120.02934873446608, 31.431708353358523], [120.02887473508629, 31.431708353358523], [120.02887473508629, 31.431147321571974], [120.02982273384586, 31.431147321571974], [120.02982273384586, 31.432269385145073], [120.02934873446608, 31.432269385145073]]]}}, {"type": "Feature", "properties": {"threshold_ug_l": 20.0, "area_km2_approx": 0.025}, "geometry": {"type": "Polygon", "coordinates": [[[120.13979058995753, 31.432830416931623], [120.13979058995753, 31.432269385145073], [120.13931659057774, 31.432269385145073], [120.13931659057774, 31.431708353358523], [120.13884259119794, 31.431708353358523], [120.13884259119794, 31.430586289785424], [120.13931659057774, 31.430586289785424], [120.13931659057774, 31.431708353358523], [120.14026458933732, 31.431708353358523], [120.14026458933732, 31.432269385145073], [120.1412125880969, 31.432269385145073], [120.1412125880969, 31.431708353358523], [120.1416865874767, 31.431708353358523], [120.1416865874767, 31.432830416931623], [120.13979058995753, 31.432830416931623]]]}}, {"type": "Feature", "properties": {"threshold_ug_l": 20.0, "area_km2_approx": 0.003}, "geometry": {"type": "Polygon", "coordinates": [[[120.12794060546274, 31.431147321571974], [120.12794060546274, 31.430586289785424], [120.12841460484253, 31.430586289785424], [120.12841460484253, 31.431147321571974], [120.12794060546274, 31.431147321571974]]]}}, {"type": "Feature", "properties": {"threshold_ug_l": 20.0, "area_km2_approx": 0.006}, "geometry": {"type": "Polygon", "coordinates": [[[120.1416865874767, 31.431147321571974], [120.1416865874767, 31.430586289785424], [120.14263458623628, 31.430586289785424], [120.14263458623628, 31.431147321571974], [120.1416865874767, 31.431147321571974]]]}}, {"type": "Feature", "properties": {"threshold_ug_l": 20.0, "area_km2_approx": 0.081}, "geometry": {"type": "Polygon", "coordinates": [[[120.29336638901003, 31.433952480504725], [120.29336638901003, 31.433391448718176], [120.29289238963024, 31.433391448718176], [120.29289238963024, 31.432830416931623], [120.29241839025045, 31.432830416931623], [120.29241839025045, 31.431708353358523], [120.29147039149086, 31.431708353358523], [120.29147039149086, 31.431147321571974], [120.29052239273128, 31.431147321571974], [120.29052239273128, 31.430586289785424], [120.28957439397169, 31.430586289785424], [120.28957439397169, 31.429464226212325], [120.29147039149086, 31.429464226212325], [120.29147039149086, 31.430025257998874], [120.29194439087065, 31.430025257998874], [120.29194439087065, 31.430586289785424], [120.29336638901003, 31.430586289785424], [120.29336638901003, 31.431147321571974], [120.29384038838982, 31.431147321571974], [120.29384038838982, 31.433952480504725], [120.29336638901003, 31.433952480504725]]]}}, {"type": "Feature", "properties": {"threshold_ug_l": 20.0, "area_km2_approx": 0.006}, "geometry": {"type": "Polygon", "coordinates": [[[120.12746660608295, 31.430025257998874], [120.12746660608295, 31.429464226212325], [120.12841460484253, 31.429464226212325], [120.12841460484253, 31.430025257998874], [120.12746660608295, 31.430025257998874]]]}}, {"type": "Feature", "properties": {"threshold_ug_l": 20.0, "area_km2_approx": 0.028}, "geometry": {"type": "Polygon", "coordinates": [[[120.06300269043129, 31.431147321571974], [120.06300269043129, 31.429464226212325], [120.06395068919086, 31.429464226212325], [120.06395068919086, 31.42890319442577], [120.06489868795045, 31.42890319442577], [120.06489868795045, 31.429464226212325], [120.06442468857065, 31.429464226212325], [120.06442468857065, 31.430586289785424], [120.06395068919086, 31.430586289785424], [120.06395068919086, 31.431147321571974], [120.06300269043129, 31.431147321571974]]]}}, {"type": "Feature", "properties": {"threshold_ug_l": 20.0, "area_km2_approx": 0.006}, "geometry": {"type": "Polygon", "coordinates": [[[120.02982273384586, 31.430025257998874], [120.02982273384586, 31.42890319442577], [120.03029673322565, 31.42890319442577], [120.03029673322565, 31.430025257998874], [120.02982273384586, 31.430025257998874]]]}}, {"type": "Feature", "properties": {"threshold_ug_l": 20.0, "area_km2_approx": 0.003}, "geometry": {"type": "Polygon", "coordinates": [[[120.12936260360212, 31.42890319442577], [120.12936260360212, 31.428342162639222], [120.12983660298191, 31.428342162639222], [120.12983660298191, 31.42890319442577], [120.12936260360212, 31.42890319442577]]]}}, {"type": "Feature", "properties": {"threshold_ug_l": 20.0, "area_km2_approx": 0.003}, "geometry": {"type": "Polygon", "coordinates": [[[120.2834124020344, 31.42890319442577], [120.2834124020344, 31.428342162639222], [120.2838864014142, 31.428342162639222], [120.2838864014142, 31.42890319442577], [120.2834124020344, 31.42890319442577]]]}}, {"type": "Feature", "properties": {"threshold_ug_l": 20.0, "area_km2_approx": 0.014}, "geometry": {"type": "Polygon", "coordinates": [[[120.32796834373481, 31.42890319442577], [120.32796834373481, 31.428342162639222], [120.32749434435503, 31.428342162639222], [120.32749434435503, 31.427781130852672], [120.3289163424944, 31.427781130852672], [120.3289163424944, 31.42890319442577], [120.32796834373481, 31.42890319442577]]]}}, {"type": "Feature", "properties": {"threshold_ug_l": 20.0, "area_km2_approx": 0.003}, "geometry": {"type": "Polygon", "coordinates": [[[120.28246440327482, 31.428342162639222], [120.28246440327482, 31.427781130852672], [120.28293840265461, 31.427781130852672], [120.28293840265461, 31.428342162639222], [120.28246440327482, 31.428342162639222]]]}}, {"type": "Feature", "properties": {"threshold_ug_l": 20.0, "area_km2_approx": 0.201}, "geometry": {"type": "Polygon", "coordinates": [[[120.17960653786002, 31.432830416931623], [120.17960653786002, 31.432269385145073], [120.17913253848023, 31.432269385145073], [120.17913253848023, 31.431708353358523], [120.17865853910045, 31.431708353358523], [120.17865853910045, 31.431147321571974], [120.17913253848023, 31.431147321571974], [120.17913253848023, 31.430586289785424], [120.17818453972066, 31.430586289785424], [120.17818453972066, 31.429464226212325], [120.17771054034087, 31.429464226212325], [120.17771054034087, 31.428342162639222], [120.17723654096108, 31.428342162639222], [120.17723654096108, 31.427781130852672], [120.17960653786002, 31.427781130852672], [120.17960653786002, 31.427220099066123], [120.18197653475899, 31.427220099066123], [120.18197653475899, 31.428342162639222], [120.18245053413878, 31.428342162639222], [120.18245053413878, 31.42890319442577], [120.18339853289837, 31.42890319442577], [120.18339853289837, 31.429464226212325], [120.18292453351857, 31.429464226212325], [120.18292453351857, 31.430025257998874], [120.18245053413878, 31.430025257998874], [120.18245053413878, 31.430586289785424], [120.1810285359994, 31.430586289785424], [120.1810285359994, 31.432269385145073], [120.18008053723982, 31.432269385145073], [120.18008053723982, 31.432830416931623], [120.17960653786002, 31.432830416931623]], [[120.18197653475899, 31.430025257998874], [120.18245053413878, 31.430025257998874], [120.18245053413878, 31.429464226212325], [120.18197653475899, 31.429464226212325], [120.18197653475899, 31.430025257998874]], [[120.17818453972066, 31.42890319442577], [120.17865853910045, 31.42890319442577], [120.17865853910045, 31.428342162639222], [120.17818453972066, 31.428342162639222], [120.17818453972066, 31.42890319442577]]]}}, {"type": "Feature", "properties": {"threshold_ug_l": 20.0, "area_km2_approx": 0.006}, "geometry": {"type": "Polygon", "coordinates": [[[120.06300269043129, 31.428342162639222], [120.06300269043129, 31.427220099066123], [120.06347668981108, 31.427220099066123], [120.06347668981108, 31.428342162639222], [120.06300269043129, 31.428342162639222]]]}}, {"type": "Feature", "properties": {"threshold_ug_l": 20.0, "area_km2_approx": 0.003}, "geometry": {"type": "Polygon", "coordinates": [[[120.28151640451523, 31.427781130852672], [120.28151640451523, 31.427220099066123], [120.28199040389502, 31.427220099066123], [120.28199040389502, 31.427781130852672], [120.28151640451523, 31.427781130852672]]]}}, {"type": "Feature", "properties": {"threshold_ug_l": 20.0, "area_km2_approx": 0.003}, "geometry": {"type": "Polygon", "coordinates": [[[120.29715838404836, 31.427781130852672], [120.29715838404836, 31.427220099066123], [120.29763238342815, 31.427220099066123], [120.29763238342815, 31.427781130852672], [120.29715838404836, 31.427781130852672]]]}}, {"type": "Feature", "properties": {"threshold_ug_l": 20.0, "area_km2_approx": 0.006}, "geometry": {"type": "Polygon", "coordinates": [[[120.32607234621565, 31.427781130852672], [120.32607234621565, 31.427220099066123], [120.32702034497524, 31.427220099066123], [120.32702034497524, 31.427781130852672], [120.32607234621565, 31.427781130852672]]]}}, {"type": "Feature", "properties": {"threshold_ug_l": 20.0, "area_km2_approx": 0.003}, "geometry": {"type": "Polygon", "coordinates": [[[120.06489868795045, 31.426659067279573], [120.06489868795045, 31.426098035493023], [120.06537268733024, 31.426098035493023], [120.06537268733024, 31.426659067279573], [120.06489868795045, 31.426659067279573]]]}}, {"type": "Feature", "properties": {"threshold_ug_l": 20.0, "area_km2_approx": 0.003}, "geometry": {"type": "Polygon", "coordinates": [[[120.06584668671003, 31.426659067279573], [120.06584668671003, 31.426098035493023], [120.06632068608982, 31.426098035493023], [120.06632068608982, 31.426659067279573], [120.06584668671003, 31.426659067279573]]]}}, {"type": "Feature", "properties": {"threshold_ug_l": 20.0, "area_km2_approx": 0.061}, "geometry": {"type": "Polygon", "coordinates": [[[120.0677426842292, 31.427781130852672], [120.0677426842292, 31.427220099066123], [120.06726868484941, 31.427220099066123], [120.06726868484941, 31.426659067279573], [120.06679468546962, 31.426659067279573], [120.06679468546962, 31.425537003706474], [120.0677426842292, 31.425537003706474], [120.0677426842292, 31.42441494013337], [120.068216683609, 31.42441494013337], [120.068216683609, 31.42497597191992], [120.06869068298879, 31.42497597191992], [120.06869068298879, 31.425537003706474], [120.06916468236858, 31.425537003706474], [120.06916468236858, 31.426659067279573], [120.06963868174837, 31.426659067279573], [120.06963868174837, 31.427781130852672], [120.0677426842292, 31.427781130852672]]]}}, {"type": "Feature", "properties": {"threshold_ug_l": 20.0, "area_km2_approx": 0.011}, "geometry": {"type": "Polygon", "coordinates": [[[120.17202254778337, 31.425537003706474], [120.17202254778337, 31.42497597191992], [120.17249654716315, 31.42497597191992], [120.17249654716315, 31.42385390834682], [120.17297054654294, 31.42385390834682], [120.17297054654294, 31.42441494013337], [120.17344454592273, 31.42441494013337], [120.17344454592273, 31.42497597191992], [120.17249654716315, 31.42497597191992], [120.17249654716315, 31.425537003706474], [120.17202254778337, 31.425537003706474]]]}}, {"type": "Feature", "properties": {"threshold_ug_l": 20.0, "area_km2_approx": 0.006}, "geometry": {"type": "Polygon", "coordinates": [[[120.20283250746982, 31.42497597191992], [120.20283250746982, 31.42385390834682], [120.20330650684961, 31.42385390834682], [120.20330650684961, 31.42497597191992], [120.20283250746982, 31.42497597191992]]]}}, {"type": "Feature", "properties": {"threshold_ug_l": 20.0, "area_km2_approx": 0.042}, "geometry": {"type": "Polygon", "coordinates": [[[120.16396455832691, 31.425537003706474], [120.16396455832691, 31.42385390834682], [120.16538655646627, 31.42385390834682], [120.16538655646627, 31.42329287656027], [120.16586055584607, 31.42329287656027], [120.16586055584607, 31.42385390834682], [120.16633455522586, 31.42385390834682], [120.16633455522586, 31.42497597191992], [120.16586055584607, 31.42497597191992], [120.16586055584607, 31.425537003706474], [120.16396455832691, 31.425537003706474]]]}}, {"type": "Feature", "properties": {"threshold_ug_l": 20.0, "area_km2_approx": 0.017}, "geometry": {"type": "Polygon", "coordinates": [[[120.2042545056092, 31.42497597191992], [120.2042545056092, 31.42385390834682], [120.20472850498899, 31.42385390834682], [120.20472850498899, 31.42329287656027], [120.20567650374858, 31.42329287656027], [120.20567650374858, 31.42441494013337], [120.20472850498899, 31.42441494013337], [120.20472850498899, 31.42497597191992], [120.2042545056092, 31.42497597191992]]]}}, {"type": "Feature", "properties": {"threshold_ug_l": 20.0, "area_km2_approx": 0.003}, "geometry": {"type": "Polygon", "coordinates": [[[120.18861252607607, 31.42385390834682], [120.18861252607607, 31.42329287656027], [120.18908652545586, 31.42329287656027], [120.18908652545586, 31.42385390834682], [120.18861252607607, 31.42385390834682]]]}}, {"type": "Feature", "properties": {"threshold_ug_l": 20.0, "area_km2_approx": 0.025}, "geometry": {"type": "Polygon", "coordinates": [[[120.16917855150461, 31.426098035493023], [120.16917855150461, 31.42441494013337], [120.16965255088441, 31.42441494013337], [120.16965255088441, 31.42385390834682], [120.17060054964399, 31.42385390834682], [120.17060054964399, 31.422731844773722], [120.17107454902379, 31.422731844773722], [120.17107454902379, 31.42385390834682], [120.17060054964399, 31.42385390834682], [120.17060054964399, 31.42441494013337], [120.1701265502642, 31.42441494013337], [120.1701265502642, 31.425537003706474], [120.16965255088441, 31.425537003706474], [120.16965255088441, 31.426098035493023], [120.16917855150461, 31.426098035493023]]]}}, {"type": "Feature", "properties": {"threshold_ug_l": 20.0, "area_km2_approx": 0.003}, "geometry": {"type": "Polygon", "coordinates": [[[120.27535441257794, 31.422731844773722], [120.27535441257794, 31.422170812987172], [120.27582841195773, 31.422170812987172], [120.27582841195773, 31.422731844773722], [120.27535441257794, 31.422731844773722]]]}}, {"type": "Feature", "properties": {"threshold_ug_l": 20.0, "area_km2_approx": 0.841}, "geometry": {"type": "Polygon", "coordinates": [[[120.13884259119794, 31.429464226212325], [120.13884259119794, 31.427781130852672], [120.13931659057774, 31.427781130852672], [120.13931659057774, 31.427220099066123], [120.13884259119794, 31.427220099066123], [120.13884259119794, 31.42497597191992], [120.13931659057774, 31.42497597191992], [120.13931659057774, 31.42441494013337], [120.13979058995753, 31.42441494013337], [120.13979058995753, 31.42329287656027], [120.13931659057774, 31.42329287656027], [120.13931659057774, 31.422731844773722], [120.13979058995753, 31.422731844773722], [120.13979058995753, 31.422170812987172], [120.14358258499587, 31.422170812987172], [120.14358258499587, 31.421609781200623], [120.14642658127461, 31.421609781200623], [120.14642658127461, 31.422170812987172], [120.1469005806544, 31.422170812987172], [120.1469005806544, 31.421609781200623], [120.14832257879378, 31.421609781200623], [120.14832257879378, 31.422731844773722], [120.14974457693316, 31.422731844773722], [120.14974457693316, 31.42329287656027], [120.15069257569274, 31.42329287656027], [120.15069257569274, 31.422731844773722], [120.15116657507254, 31.422731844773722], [120.15116657507254, 31.422170812987172], [120.15164057445233, 31.422170812987172], [120.15164057445233, 31.422731844773722], [120.15211457383211, 31.422731844773722], [120.15211457383211, 31.422170812987172], [120.15448457073107, 31.422170812987172], [120.15448457073107, 31.422731844773722], [120.15401057135128, 31.422731844773722], [120.15401057135128, 31.42441494013337], [120.15353657197149, 31.42441494013337], [120.15353657197149, 31.42497597191992], [120.1525885732119, 31.42497597191992], [120.1525885732119, 31.425537003706474], [120.15164057445233, 31.425537003706474], [120.15164057445233, 31.426098035493023], [120.15116657507254, 31.426098035493023], [120.15116657507254, 31.425537003706474], [120.15069257569274, 31.425537003706474], [120.15069257569274, 31.42497597191992], [120.15021857631295, 31.42497597191992], [120.15021857631295, 31.425537003706474], [120.14879657817357, 31.425537003706474], [120.14879657817357, 31.426098035493023], [120.14927057755337, 31.426098035493023], [120.14927057755337, 31.427220099066123], [120.14879657817357, 31.427220099066123], [120.14879657817357, 31.427781130852672], [120.14595258189482, 31.427781130852672], [120.14595258189482, 31.428342162639222], [120.14547858251503, 31.428342162639222], [120.14547858251503, 31.42890319442577], [120.14310858561608, 31.42890319442577], [120.14310858561608, 31.429464226212325], [120.14216058685649, 31.429464226212325], [120.14216058685649, 31.42890319442577], [120.13979058995753, 31.42890319442577], [120.13979058995753, 31.429464226212325], [120.13884259119794, 31.429464226212325]], [[120.13931659057774, 31.427220099066123], [120.13979058995753, 31.427220099066123], [120.13979058995753, 31.426659067279573], [120.13931659057774, 31.426659067279573], [120.13931659057774, 31.427220099066123]], [[120.1473745800342, 31.422731844773722], [120.14784857941399, 31.422731844773722], [120.14784857941399, 31.422170812987172], [120.1473745800342, 31.422170812987172], [120.1473745800342, 31.422731844773722]]]}}, {"type": "Feature", "properties": {"threshold_ug_l": 20.0, "area_km2_approx": 0.011}, "geometry": {"type": "Polygon", "coordinates": [[[120.18861252607607, 31.422731844773722], [120.18861252607607, 31.421609781200623], [120.18956052483566, 31.421609781200623], [120.18956052483566, 31.422731844773722], [120.18861252607607, 31.422731844773722]]]}}, {"type": "Feature", "properties": {"threshold_ug_l": 20.0, "area_km2_approx": 0.008}, "geometry": {"type": "Polygon", "coordinates": [[[120.20472850498899, 31.422731844773722], [120.20472850498899, 31.422170812987172], [120.20520250436878, 31.422170812987172], [120.20520250436878, 31.421609781200623], [120.20567650374858, 31.421609781200623], [120.20567650374858, 31.422731844773722], [120.20472850498899, 31.422731844773722]]]}}, {"type": "Feature", "properties": {"threshold_ug_l": 20.0, "area_km2_approx": 0.008}, "geometry": {"type": "Polygon", "coordinates": [[[120.14927057755337, 31.422170812987172], [120.14927057755337, 31.421609781200623], [120.15069257569274, 31.421609781200623], [120.15069257569274, 31.422170812987172], [120.14927057755337, 31.422170812987172]]]}}, {"type": "Feature", "properties": {"threshold_ug_l": 20.0, "area_km2_approx": 0.003}, "geometry": {"type": "Polygon", "coordinates": [[[120.16917855150461, 31.422170812987172], [120.16917855150461, 31.421609781200623], [120.16965255088441, 31.421609781200623], [120.16965255088441, 31.422170812987172], [120.16917855150461, 31.422170812987172]]]}}, {"type": "Feature", "properties": {"threshold_ug_l": 20.0, "area_km2_approx": 0.003}, "geometry": {"type": "Polygon", "coordinates": [[[120.27108841815982, 31.422170812987172], [120.27108841815982, 31.421609781200623], [120.27156241753961, 31.421609781200623], [120.27156241753961, 31.422170812987172], [120.27108841815982, 31.422170812987172]]]}}, {"type": "Feature", "properties": {"threshold_ug_l": 20.0, "area_km2_approx": 0.006}, "geometry": {"type": "Polygon", "coordinates": [[[120.27393241443856, 31.422170812987172], [120.27393241443856, 31.421609781200623], [120.27488041319815, 31.421609781200623], [120.27488041319815, 31.422170812987172], [120.27393241443856, 31.422170812987172]]]}}, {"type": "Feature", "properties": {"threshold_ug_l": 20.0, "area_km2_approx": 0.006}, "geometry": {"type": "Polygon", "coordinates": [[[120.21278649444544, 31.421609781200623], [120.21278649444544, 31.42104874941407], [120.21373449320502, 31.42104874941407], [120.21373449320502, 31.421609781200623], [120.21278649444544, 31.421609781200623]]]}}, {"type": "Feature", "properties": {"threshold_ug_l": 20.0, "area_km2_approx": 0.003}, "geometry": {"type": "Polygon", "coordinates": [[[120.1530625725917, 31.42104874941407], [120.1530625725917, 31.42048771762752], [120.15353657197149, 31.42048771762752], [120.15353657197149, 31.42104874941407], [120.1530625725917, 31.42104874941407]]]}}, {"type": "Feature", "properties": {"threshold_ug_l": 20.0, "area_km2_approx": 0.302}, "geometry": {"type": "Polygon", "coordinates": [[[120.03124473198524, 31.427781130852672], [120.03124473198524, 31.426659067279573], [120.03171873136503, 31.426659067279573], [120.03171873136503, 31.425537003706474], [120.03124473198524, 31.425537003706474], [120.03124473198524, 31.42497597191992], [120.03077073260545, 31.42497597191992], [120.03077073260545, 31.42441494013337], [120.03029673322565, 31.42441494013337], [120.03029673322565, 31.42385390834682], [120.02982273384586, 31.42385390834682], [120.02982273384586, 31.42329287656027], [120.03029673322565, 31.42329287656027], [120.03029673322565, 31.422170812987172], [120.03077073260545, 31.422170812987172], [120.03077073260545, 31.421609781200623], [120.03124473198524, 31.421609781200623], [120.03124473198524, 31.42048771762752], [120.03266673012462, 31.42048771762752], [120.03266673012462, 31.41992668584097], [120.03456272764379, 31.41992668584097], [120.03456272764379, 31.42048771762752], [120.03503672702358, 31.42048771762752], [120.03503672702358, 31.422170812987172], [120.03456272764379, 31.422170812987172], [120.03456272764379, 31.42385390834682], [120.03551072640337, 31.42385390834682], [120.03551072640337, 31.426659067279573], [120.03266673012462, 31.426659067279573], [120.03266673012462, 31.427220099066123], [120.03219273074482, 31.427220099066123], [120.03219273074482, 31.427781130852672], [120.03124473198524, 31.427781130852672]]]}}, {"type": "Feature", "properties": {"threshold_ug_l": 20.0, "area_km2_approx": 0.022}, "geometry": {"type": "Polygon", "coordinates": [[[120.17154854840358, 31.421609781200623], [120.17154854840358, 31.42048771762752], [120.17202254778337, 31.42048771762752], [120.17202254778337, 31.41992668584097], [120.17297054654294, 31.41992668584097], [120.17297054654294, 31.42104874941407], [120.17344454592273, 31.42104874941407], [120.17344454592273, 31.421609781200623], [120.17249654716315, 31.421609781200623], [120.17249654716315, 31.42104874941407], [120.17202254778337, 31.42104874941407], [120.17202254778337, 31.421609781200623], [120.17154854840358, 31.421609781200623]]]}}, {"type": "Feature", "properties": {"threshold_ug_l": 20.0, "area_km2_approx": 0.184}, "geometry": {"type": "Polygon", "coordinates": [[[120.05352270283545, 31.42497597191992], [120.05352270283545, 31.42441494013337], [120.05304870345566, 31.42441494013337], [120.05304870345566, 31.422731844773722], [120.05210070469607, 31.422731844773722], [120.05210070469607, 31.42329287656027], [120.05162670531628, 31.42329287656027], [120.05162670531628, 31.422731844773722], [120.05115270593649, 31.422731844773722], [120.05115270593649, 31.421609781200623], [120.05162670531628, 31.421609781200623], [120.05162670531628, 31.42104874941407], [120.05210070469607, 31.42104874941407], [120.05210070469607, 31.42048771762752], [120.05304870345566, 31.42048771762752], [120.05304870345566, 31.41992668584097], [120.05352270283545, 31.41992668584097], [120.05352270283545, 31.41936565405442], [120.05541870035462, 31.41936565405442], [120.05541870035462, 31.42104874941407], [120.05589269973441, 31.42104874941407], [120.05589269973441, 31.421609781200623], [120.05636669911421, 31.421609781200623], [120.05636669911421, 31.422170812987172], [120.05589269973441, 31.422170812987172], [120.05589269973441, 31.422731844773722], [120.05541870035462, 31.422731844773722], [120.05541870035462, 31.42329287656027], [120.05589269973441, 31.42329287656027], [120.05589269973441, 31.42385390834682], [120.05541870035462, 31.42385390834682], [120.05541870035462, 31.42441494013337], [120.05494470097483, 31.42441494013337], [120.05494470097483, 31.42497597191992], [120.05352270283545, 31.42497597191992]]]}}, {"type": "Feature", "properties": {"threshold_ug_l": 20.0, "area_km2_approx": 0.006}, "geometry": {"type": "Polygon", "coordinates": [[[120.21373449320502, 31.42048771762752], [120.21373449320502, 31.41936565405442], [120.21420849258482, 31.41936565405442], [120.21420849258482, 31.42048771762752], [120.21373449320502, 31.42048771762752]]]}}, {"type": "Feature", "properties": {"threshold_ug_l": 20.0, "area_km2_approx": 0.003}, "geometry": {"type": "Polygon", "coordinates": [[[120.06300269043129, 31.41992668584097], [120.06300269043129, 31.41936565405442], [120.06347668981108, 31.41936565405442], [120.06347668981108, 31.41992668584097], [120.06300269043129, 31.41992668584097]]]}}, {"type": "Feature", "properties": {"threshold_ug_l": 20.0, "area_km2_approx": 0.003}, "geometry": {"type": "Polygon", "coordinates": [[[120.21468249196461, 31.41992668584097], [120.21468249196461, 31.41936565405442], [120.2151564913444, 31.41936565405442], [120.2151564913444, 31.41992668584097], [120.21468249196461, 31.41992668584097]]]}}, {"type": "Feature", "properties": {"threshold_ug_l": 20.0, "area_km2_approx": 0.003}, "geometry": {"type": "Polygon", "coordinates": [[[120.26634842436191, 31.41992668584097], [120.26634842436191, 31.41936565405442], [120.2668224237417, 31.41936565405442], [120.2668224237417, 31.41992668584097], [120.26634842436191, 31.41992668584097]]]}}, {"type": "Feature", "properties": {"threshold_ug_l": 20.0, "area_km2_approx": 0.006}, "geometry": {"type": "Polygon", "coordinates": [[[120.15495857011086, 31.41936565405442], [120.15495857011086, 31.41880462226787], [120.15590656887045, 31.41880462226787], [120.15590656887045, 31.41936565405442], [120.15495857011086, 31.41936565405442]]]}}, {"type": "Feature", "properties": {"threshold_ug_l": 20.0, "area_km2_approx": 0.003}, "geometry": {"type": "Polygon", "coordinates": [[[120.3061643722644, 31.41880462226787], [120.3061643722644, 31.41824359048132], [120.3066383716442, 31.41824359048132], [120.3066383716442, 31.41880462226787], [120.3061643722644, 31.41880462226787]]]}}, {"type": "Feature", "properties": {"threshold_ug_l": 20.0, "area_km2_approx": 0.022}, "geometry": {"type": "Polygon", "coordinates": [[[120.18861252607607, 31.41992668584097], [120.18861252607607, 31.41880462226787], [120.18956052483566, 31.41880462226787], [120.18956052483566, 31.417682558694768], [120.19050852359524, 31.417682558694768], [120.19050852359524, 31.41880462226787], [120.19003452421545, 31.41880462226787], [120.19003452421545, 31.41936565405442], [120.18908652545586, 31.41936565405442], [120.18908652545586, 31.41992668584097], [120.18861252607607, 31.41992668584097]]]}}, {"type": "Feature", "properties": {"threshold_ug_l": 20.0, "area_km2_approx": 0.168}, "geometry": {"type": "Polygon", "coordinates": [[[120.18339853289837, 31.422731844773722], [120.18339853289837, 31.422170812987172], [120.18387253227816, 31.422170812987172], [120.18387253227816, 31.41992668584097], [120.18339853289837, 31.41992668584097], [120.18339853289837, 31.41880462226787], [120.18482053103774, 31.41880462226787], [120.18482053103774, 31.41824359048132], [120.18434653165795, 31.41824359048132], [120.18434653165795, 31.417682558694768], [120.18482053103774, 31.417682558694768], [120.18482053103774, 31.41712152690822], [120.18529453041754, 31.41712152690822], [120.18529453041754, 31.41824359048132], [120.18576852979731, 31.41824359048132], [120.18576852979731, 31.417682558694768], [120.1867165285569, 31.417682558694768], [120.1867165285569, 31.41824359048132], [120.18719052793669, 31.41824359048132], [120.18719052793669, 31.41936565405442], [120.18766452731649, 31.41936565405442], [120.18766452731649, 31.41992668584097], [120.18719052793669, 31.41992668584097], [120.18719052793669, 31.42048771762752], [120.18861252607607, 31.42048771762752], [120.18861252607607, 31.42104874941407], [120.1867165285569, 31.42104874941407], [120.1867165285569, 31.421609781200623], [120.18576852979731, 31.421609781200623], [120.18576852979731, 31.422170812987172], [120.18482053103774, 31.422170812987172], [120.18482053103774, 31.422731844773722], [120.18339853289837, 31.422731844773722]], [[120.18434653165795, 31.421609781200623], [120.18529453041754, 31.421609781200623], [120.18529453041754, 31.42104874941407], [120.18434653165795, 31.42104874941407], [120.18434653165795, 31.421609781200623]], [[120.18576852979731, 31.41880462226787], [120.18624252917711, 31.41880462226787], [120.18624252917711, 31.41824359048132], [120.18576852979731, 31.41824359048132], [120.18576852979731, 31.41880462226787]]]}}, {"type": "Feature", "properties": {"threshold_ug_l": 20.0, "area_km2_approx": 0.142}, "geometry": {"type": "Polygon", "coordinates": [[[120.25260244234795, 31.41992668584097], [120.25260244234795, 31.41936565405442], [120.25023244544899, 31.41936565405442], [120.25023244544899, 31.41880462226787], [120.2492844466894, 31.41880462226787], [120.2492844466894, 31.41824359048132], [120.24881044730961, 31.41824359048132], [120.24881044730961, 31.417682558694768], [120.24738844917023, 31.417682558694768], [120.24738844917023, 31.41712152690822], [120.24881044730961, 31.41712152690822], [120.24881044730961, 31.41656049512167], [120.25260244234795, 31.41656049512167], [120.25260244234795, 31.417682558694768], [120.25307644172774, 31.417682558694768], [120.25307644172774, 31.41824359048132], [120.25402444048731, 31.41824359048132], [120.25402444048731, 31.41936565405442], [120.2544984398671, 31.41936565405442], [120.2544984398671, 31.41992668584097], [120.25260244234795, 31.41992668584097]], [[120.25307644172774, 31.41936565405442], [120.25355044110752, 31.41936565405442], [120.25355044110752, 31.41880462226787], [120.25307644172774, 31.41880462226787], [120.25307644172774, 31.41936565405442]]]}}, {"type": "Feature", "properties": {"threshold_ug_l": 20.0, "area_km2_approx": 0.006}, "geometry": {"type": "Polygon", "coordinates": [[[120.2435964541319, 31.41712152690822], [120.2435964541319, 31.41656049512167], [120.24454445289149, 31.41656049512167], [120.24454445289149, 31.41712152690822], [120.2435964541319, 31.41712152690822]]]}}, {"type": "Feature", "properties": {"threshold_ug_l": 20.0, "area_km2_approx": 0.036}, "geometry": {"type": "Polygon", "coordinates": [[[120.04167271834066, 31.417682558694768], [120.04167271834066, 31.41656049512167], [120.04309471648004, 31.41656049512167], [120.04309471648004, 31.41599946333512], [120.04356871585982, 31.41599946333512], [120.04356871585982, 31.41656049512167], [120.0445167146194, 31.41656049512167], [120.0445167146194, 31.417682558694768], [120.04167271834066, 31.417682558694768]]]}}, {"type": "Feature", "properties": {"threshold_ug_l": 20.0, "area_km2_approx": 0.003}, "geometry": {"type": "Polygon", "coordinates": [[[120.17723654096108, 31.41599946333512], [120.17723654096108, 31.41543843154857], [120.17771054034087, 31.41543843154857], [120.17771054034087, 31.41599946333512], [120.17723654096108, 31.41599946333512]]]}}, {"type": "Feature", "properties": {"threshold_ug_l": 20.0, "area_km2_approx": 0.067}, "geometry": {"type": "Polygon", "coordinates": [[[120.17486654406211, 31.41992668584097], [120.17486654406211, 31.41936565405442], [120.1753405434419, 31.41936565405442], [120.1753405434419, 31.41880462226787], [120.17486654406211, 31.41880462226787], [120.17486654406211, 31.417682558694768], [120.17439254468232, 31.417682558694768], [120.17439254468232, 31.41712152690822], [120.17486654406211, 31.41712152690822], [120.17486654406211, 31.41656049512167], [120.17439254468232, 31.41656049512167], [120.17439254468232, 31.41599946333512], [120.17486654406211, 31.41599946333512], [120.17486654406211, 31.41487739976202], [120.17628854220149, 31.41487739976202], [120.17628854220149, 31.41599946333512], [120.17676254158128, 31.41599946333512], [120.17676254158128, 31.417682558694768], [120.1753405434419, 31.417682558694768], [120.1753405434419, 31.41880462226787], [120.1758145428217, 31.41880462226787], [120.1758145428217, 31.41936565405442], [120.1753405434419, 31.41936565405442], [120.1753405434419, 31.41992668584097], [120.17486654406211, 31.41992668584097]]]}}, {"type": "Feature", "properties": {"threshold_ug_l": 20.0, "area_km2_approx": 0.003}, "geometry": {"type": "Polygon", "coordinates": [[[120.32133235241773, 31.41487739976202], [120.32133235241773, 31.41431636797547], [120.32180635179752, 31.41431636797547], [120.32180635179752, 31.41487739976202], [120.32133235241773, 31.41487739976202]]]}}, {"type": "Feature", "properties": {"threshold_ug_l": 20.0, "area_km2_approx": 0.056}, "geometry": {"type": "Polygon", "coordinates": [[[120.31090436606232, 31.41599946333512], [120.31090436606232, 31.41487739976202], [120.30995636730273, 31.41487739976202], [120.30995636730273, 31.41431636797547], [120.31090436606232, 31.41431636797547], [120.31090436606232, 31.413755336188917], [120.3118523648219, 31.413755336188917], [120.3118523648219, 31.413194304402367], [120.31280036358149, 31.413194304402367], [120.31280036358149, 31.413755336188917], [120.31327436296128, 31.413755336188917], [120.31327436296128, 31.41431636797547], [120.31374836234107, 31.41431636797547], [120.31374836234107, 31.41487739976202], [120.3123263642017, 31.41487739976202], [120.3123263642017, 31.41543843154857], [120.31137836544211, 31.41543843154857], [120.31137836544211, 31.41599946333512], [120.31090436606232, 31.41599946333512]], [[120.3123263642017, 31.41431636797547], [120.31280036358149, 31.41431636797547], [120.31280036358149, 31.413755336188917], [120.3123263642017, 31.413755336188917], [120.3123263642017, 31.41431636797547]]]}}, {"type": "Feature", "properties": {"threshold_ug_l": 20.0, "area_km2_approx": 0.003}, "geometry": {"type": "Polygon", "coordinates": [[[120.23980445909356, 31.413755336188917], [120.23980445909356, 31.413194304402367], [120.24027845847336, 31.413194304402367], [120.24027845847336, 31.413755336188917], [120.23980445909356, 31.413755336188917]]]}}, {"type": "Feature", "properties": {"threshold_ug_l": 20.0, "area_km2_approx": 0.022}, "geometry": {"type": "Polygon", "coordinates": [[[120.27014041940024, 31.41543843154857], [120.27014041940024, 31.41487739976202], [120.26966642002044, 31.41487739976202], [120.26966642002044, 31.413194304402367], [120.27014041940024, 31.413194304402367], [120.27014041940024, 31.412633272615818], [120.27061441878003, 31.412633272615818], [120.27061441878003, 31.413194304402367], [120.27014041940024, 31.413194304402367], [120.27014041940024, 31.41431636797547], [120.27061441878003, 31.41431636797547], [120.27061441878003, 31.41487739976202], [120.27108841815982, 31.41487739976202], [120.27108841815982, 31.41431636797547], [120.27156241753961, 31.41431636797547], [120.27156241753961, 31.41487739976202], [120.27108841815982, 31.41487739976202], [120.27108841815982, 31.41543843154857], [120.27014041940024, 31.41543843154857]]]}}, {"type": "Feature", "properties": {"threshold_ug_l": 20.0, "area_km2_approx": 0.006}, "geometry": {"type": "Polygon", "coordinates": [[[120.16112056204815, 31.413194304402367], [120.16112056204815, 31.412633272615818], [120.16159456142795, 31.412633272615818], [120.16159456142795, 31.412072240829268], [120.16206856080774, 31.412072240829268], [120.16206856080774, 31.412633272615818], [120.16159456142795, 31.412633272615818], [120.16159456142795, 31.413194304402367], [120.16112056204815, 31.413194304402367]]]}}, {"type": "Feature", "properties": {"threshold_ug_l": 20.0, "area_km2_approx": 0.008}, "geometry": {"type": "Polygon", "coordinates": [[[120.20567650374858, 31.413194304402367], [120.20567650374858, 31.412633272615818], [120.20615050312836, 31.412633272615818], [120.20615050312836, 31.412072240829268], [120.20662450250815, 31.412072240829268], [120.20662450250815, 31.413194304402367], [120.20567650374858, 31.413194304402367]]]}}, {"type": "Feature", "properties": {"threshold_ug_l": 20.0, "area_km2_approx": 0.003}, "geometry": {"type": "Polygon", "coordinates": [[[120.20852050002732, 31.412633272615818], [120.20852050002732, 31.412072240829268], [120.20899449940711, 31.412072240829268], [120.20899449940711, 31.412633272615818], [120.20852050002732, 31.412633272615818]]]}}, {"type": "Feature", "properties": {"threshold_ug_l": 20.0, "area_km2_approx": 0.441}, "geometry": {"type": "Polygon", "coordinates": [[[120.02129074500962, 31.421609781200623], [120.02129074500962, 31.41936565405442], [120.02081674562983, 31.41936565405442], [120.02081674562983, 31.41880462226787], [120.01986874687024, 31.41880462226787], [120.01986874687024, 31.41824359048132], [120.01797274935107, 31.41824359048132], [120.01797274935107, 31.417682558694768], [120.01749874997128, 31.417682558694768], [120.01749874997128, 31.41712152690822], [120.01702475059149, 31.41712152690822], [120.01702475059149, 31.41656049512167], [120.0165507512117, 31.41656049512167], [120.0165507512117, 31.41599946333512], [120.01560275245212, 31.41599946333512], [120.01560275245212, 31.41543843154857], [120.01465475369254, 31.41543843154857], [120.01465475369254, 31.41487739976202], [120.01418075431275, 31.41487739976202], [120.01418075431275, 31.41431636797547], [120.01370675493295, 31.41431636797547], [120.01370675493295, 31.413194304402367], [120.01275875617337, 31.413194304402367], [120.01275875617337, 31.412633272615818], [120.01181075741378, 31.412633272615818], [120.01181075741378, 31.411511209042718], [120.01228475679358, 31.411511209042718], [120.01228475679358, 31.412072240829268], [120.01275875617337, 31.412072240829268], [120.01275875617337, 31.412633272615818], [120.01370675493295, 31.412633272615818], [120.01370675493295, 31.413194304402367], [120.01418075431275, 31.413194304402367], [120.01418075431275, 31.412633272615818], [120.01465475369254, 31.412633272615818], [120.01465475369254, 31.413194304402367], [120.01560275245212, 31.413194304402367], [120.01560275245212, 31.412633272615818], [120.0165507512117, 31.412633272615818], [120.0165507512117, 31.413194304402367], [120.01749874997128, 31.413194304402367], [120.01749874997128, 31.413755336188917], [120.01892074811066, 31.413755336188917], [120.01892074811066, 31.41431636797547], [120.02034274625004, 31.41431636797547], [120.02034274625004, 31.41487739976202], [120.02176474438942, 31.41487739976202], [120.02176474438942, 31.41543843154857], [120.02366074190857, 31.41543843154857], [120.02366074190857, 31.41599946333512], [120.02460874066816, 31.41599946333512], [120.02460874066816, 31.41656049512167], [120.02508274004795, 31.41656049512167], [120.02508274004795, 31.417682558694768], [120.02413474128836, 31.417682558694768], [120.02413474128836, 31.41824359048132], [120.02318674252878, 31.41824359048132], [120.02318674252878, 31.41936565405442], [120.022712743149, 31.41936565405442], [120.022712743149, 31.42104874941407], [120.02223874376921, 31.42104874941407], [120.02223874376921, 31.421609781200623], [120.02129074500962, 31.421609781200623]]]}}, {"type": "Feature", "properties": {"threshold_ug_l": 20.0, "area_km2_approx": 0.006}, "geometry": {"type": "Polygon", "coordinates": [[[120.21231249506566, 31.412633272615818], [120.21231249506566, 31.412072240829268], [120.21278649444544, 31.412072240829268], [120.21278649444544, 31.411511209042718], [120.21326049382523, 31.411511209042718], [120.21326049382523, 31.412072240829268], [120.21278649444544, 31.412072240829268], [120.21278649444544, 31.412633272615818], [120.21231249506566, 31.412633272615818]]]}}, {"type": "Feature", "properties": {"threshold_ug_l": 20.0, "area_km2_approx": 0.011}, "geometry": {"type": "Polygon", "coordinates": [[[120.23885646033399, 31.413194304402367], [120.23885646033399, 31.412633272615818], [120.2383824609542, 31.412633272615818], [120.2383824609542, 31.412072240829268], [120.23743446219461, 31.412072240829268], [120.23743446219461, 31.411511209042718], [120.2383824609542, 31.411511209042718], [120.2383824609542, 31.412072240829268], [120.23885646033399, 31.412072240829268], [120.23885646033399, 31.412633272615818], [120.23933045971378, 31.412633272615818], [120.23933045971378, 31.413194304402367], [120.23885646033399, 31.413194304402367]]]}}, {"type": "Feature", "properties": {"threshold_ug_l": 20.0, "area_km2_approx": 0.003}, "geometry": {"type": "Polygon", "coordinates": [[[120.31137836544211, 31.412072240829268], [120.31137836544211, 31.411511209042718], [120.3118523648219, 31.411511209042718], [120.3118523648219, 31.412072240829268], [120.31137836544211, 31.412072240829268]]]}}, {"type": "Feature", "properties": {"threshold_ug_l": 20.0, "area_km2_approx": 0.045}, "geometry": {"type": "Polygon", "coordinates": [[[120.18529453041754, 31.413755336188917], [120.18529453041754, 31.413194304402367], [120.18482053103774, 31.413194304402367], [120.18482053103774, 31.410389145469615], [120.18576852979731, 31.410389145469615], [120.18576852979731, 31.41095017725617], [120.18624252917711, 31.41095017725617], [120.18624252917711, 31.413755336188917], [120.18529453041754, 31.413755336188917]]]}}, {"type": "Feature", "properties": {"threshold_ug_l": 20.0, "area_km2_approx": 0.073}, "geometry": {"type": "Polygon", "coordinates": [[[120.01844674873087, 31.413194304402367], [120.01844674873087, 31.412633272615818], [120.01749874997128, 31.412633272615818], [120.01749874997128, 31.411511209042718], [120.01797274935107, 31.411511209042718], [120.01797274935107, 31.41095017725617], [120.01844674873087, 31.41095017725617], [120.01844674873087, 31.410389145469615], [120.02081674562983, 31.410389145469615], [120.02081674562983, 31.41095017725617], [120.02034274625004, 31.41095017725617], [120.02034274625004, 31.411511209042718], [120.02081674562983, 31.411511209042718], [120.02081674562983, 31.412072240829268], [120.02034274625004, 31.412072240829268], [120.02034274625004, 31.412633272615818], [120.01986874687024, 31.412633272615818], [120.01986874687024, 31.413194304402367], [120.01844674873087, 31.413194304402367]]]}}, {"type": "Feature", "properties": {"threshold_ug_l": 20.0, "area_km2_approx": 0.006}, "geometry": {"type": "Polygon", "coordinates": [[[120.2042545056092, 31.411511209042718], [120.2042545056092, 31.410389145469615], [120.20472850498899, 31.410389145469615], [120.20472850498899, 31.411511209042718], [120.2042545056092, 31.411511209042718]]]}}, {"type": "Feature", "properties": {"threshold_ug_l": 20.0, "area_km2_approx": 0.003}, "geometry": {"type": "Polygon", "coordinates": [[[120.09902664329545, 31.41095017725617], [120.09902664329545, 31.410389145469615], [120.09950064267524, 31.410389145469615], [120.09950064267524, 31.41095017725617], [120.09902664329545, 31.41095017725617]]]}}, {"type": "Feature", "properties": {"threshold_ug_l": 20.0, "area_km2_approx": 0.003}, "geometry": {"type": "Polygon", "coordinates": [[[120.13220659988086, 31.410389145469615], [120.13220659988086, 31.409828113683066], [120.13268059926065, 31.409828113683066], [120.13268059926065, 31.410389145469615], [120.13220659988086, 31.410389145469615]]]}}, {"type": "Feature", "properties": {"threshold_ug_l": 20.0, "area_km2_approx": 0.011}, "geometry": {"type": "Polygon", "coordinates": [[[120.13315459864044, 31.41095017725617], [120.13315459864044, 31.410389145469615], [120.13410259740003, 31.410389145469615], [120.13410259740003, 31.409828113683066], [120.13457659677982, 31.409828113683066], [120.13457659677982, 31.409267081896516], [120.13505059615962, 31.409267081896516], [120.13505059615962, 31.409828113683066], [120.13457659677982, 31.409828113683066], [120.13457659677982, 31.410389145469615], [120.13410259740003, 31.410389145469615], [120.13410259740003, 31.41095017725617], [120.13315459864044, 31.41095017725617]]]}}, {"type": "Feature", "properties": {"threshold_ug_l": 20.0, "area_km2_approx": 0.07}, "geometry": {"type": "Polygon", "coordinates": [[[120.2094684987869, 31.413194304402367], [120.2094684987869, 31.41095017725617], [120.20899449940711, 31.41095017725617], [120.20899449940711, 31.410389145469615], [120.20852050002732, 31.410389145469615], [120.20852050002732, 31.411511209042718], [120.20804650064753, 31.411511209042718], [120.20804650064753, 31.410389145469615], [120.20709850188794, 31.410389145469615], [120.20709850188794, 31.409267081896516], [120.20852050002732, 31.409267081896516], [120.20852050002732, 31.409828113683066], [120.20899449940711, 31.409828113683066], [120.20899449940711, 31.410389145469615], [120.2094684987869, 31.410389145469615], [120.2094684987869, 31.409828113683066], [120.2099424981667, 31.409828113683066], [120.2099424981667, 31.41095017725617], [120.21041649754649, 31.41095017725617], [120.21041649754649, 31.411511209042718], [120.21089049692628, 31.411511209042718], [120.21089049692628, 31.412072240829268], [120.21183849568587, 31.412072240829268], [120.21183849568587, 31.412633272615818], [120.21089049692628, 31.412633272615818], [120.21089049692628, 31.413194304402367], [120.2094684987869, 31.413194304402367]]]}}, {"type": "Feature", "properties": {"threshold_ug_l": 20.0, "area_km2_approx": 0.003}, "geometry": {"type": "Polygon", "coordinates": [[[120.05968469477274, 31.409828113683066], [120.05968469477274, 31.409267081896516], [120.06015869415253, 31.409267081896516], [120.06015869415253, 31.409828113683066], [120.05968469477274, 31.409828113683066]]]}}, {"type": "Feature", "properties": {"threshold_ug_l": 20.0, "area_km2_approx": 0.003}, "geometry": {"type": "Polygon", "coordinates": [[[120.09855264391565, 31.409267081896516], [120.09855264391565, 31.408706050109966], [120.09902664329545, 31.408706050109966], [120.09902664329545, 31.409267081896516], [120.09855264391565, 31.409267081896516]]]}}, {"type": "Feature", "properties": {"threshold_ug_l": 20.0, "area_km2_approx": 0.003}, "geometry": {"type": "Polygon", "coordinates": [[[120.13315459864044, 31.408145018323417], [120.13315459864044, 31.407583986536867], [120.13362859802024, 31.407583986536867], [120.13362859802024, 31.408145018323417], [120.13315459864044, 31.408145018323417]]]}}, {"type": "Feature", "properties": {"threshold_ug_l": 20.0, "area_km2_approx": 0.129}, "geometry": {"type": "Polygon", "coordinates": [[[120.02318674252878, 31.410389145469615], [120.02318674252878, 31.409267081896516], [120.02176474438942, 31.409267081896516], [120.02176474438942, 31.409828113683066], [120.02081674562983, 31.409828113683066], [120.02081674562983, 31.409267081896516], [120.02034274625004, 31.409267081896516], [120.02034274625004, 31.408706050109966], [120.02081674562983, 31.408706050109966], [120.02081674562983, 31.408145018323417], [120.02129074500962, 31.408145018323417], [120.02129074500962, 31.407583986536867], [120.02366074190857, 31.407583986536867], [120.02366074190857, 31.407022954750317], [120.02508274004795, 31.407022954750317], [120.02508274004795, 31.408145018323417], [120.02603073880753, 31.408145018323417], [120.02603073880753, 31.409828113683066], [120.02508274004795, 31.409828113683066], [120.02508274004795, 31.410389145469615], [120.02318674252878, 31.410389145469615]]]}}, {"type": "Feature", "properties": {"threshold_ug_l": 20.0, "area_km2_approx": 0.05}, "geometry": {"type": "Polygon", "coordinates": [[[120.0336147288842, 31.409828113683066], [120.0336147288842, 31.409267081896516], [120.03314072950441, 31.409267081896516], [120.03314072950441, 31.408145018323417], [120.0336147288842, 31.408145018323417], [120.0336147288842, 31.407022954750317], [120.03456272764379, 31.407022954750317], [120.03456272764379, 31.407583986536867], [120.03503672702358, 31.407583986536867], [120.03503672702358, 31.408145018323417], [120.03598472578317, 31.408145018323417], [120.03598472578317, 31.408706050109966], [120.03551072640337, 31.408706050109966], [120.03551072640337, 31.409267081896516], [120.03456272764379, 31.409267081896516], [120.03456272764379, 31.409828113683066], [120.0336147288842, 31.409828113683066]]]}}, {"type": "Feature", "properties": {"threshold_ug_l": 20.0, "area_km2_approx": 0.011}, "geometry": {"type": "Polygon", "coordinates": [[[120.19003452421545, 31.408145018323417], [120.19003452421545, 31.407583986536867], [120.19050852359524, 31.407583986536867], [120.19050852359524, 31.407022954750317], [120.19098252297503, 31.407022954750317], [120.19098252297503, 31.407583986536867], [120.19145652235483, 31.407583986536867], [120.19145652235483, 31.408145018323417], [120.19003452421545, 31.408145018323417]]]}}, {"type": "Feature", "properties": {"threshold_ug_l": 20.0, "area_km2_approx": 0.003}, "geometry": {"type": "Polygon", "coordinates": [[[120.20472850498899, 31.407583986536867], [120.20472850498899, 31.407022954750317], [120.20520250436878, 31.407022954750317], [120.20520250436878, 31.407583986536867], [120.20472850498899, 31.407583986536867]]]}}, {"type": "Feature", "properties": {"threshold_ug_l": 20.0, "area_km2_approx": 0.036}, "geometry": {"type": "Polygon", "coordinates": [[[120.1649125570865, 31.408706050109966], [120.1649125570865, 31.408145018323417], [120.1644385577067, 31.408145018323417], [120.1644385577067, 31.407583986536867], [120.16396455832691, 31.407583986536867], [120.16396455832691, 31.407022954750317], [120.1644385577067, 31.407022954750317], [120.1644385577067, 31.406461922963764], [120.16538655646627, 31.406461922963764], [120.16538655646627, 31.407022954750317], [120.16586055584607, 31.407022954750317], [120.16586055584607, 31.408706050109966], [120.1649125570865, 31.408706050109966]], [[120.1649125570865, 31.408145018323417], [120.16538655646627, 31.408145018323417], [120.16538655646627, 31.407022954750317], [120.1649125570865, 31.407022954750317], [120.1649125570865, 31.408145018323417]]]}}, {"type": "Feature", "properties": {"threshold_ug_l": 20.0, "area_km2_approx": 0.02}, "geometry": {"type": "Polygon", "coordinates": [[[120.11514262220837, 31.407583986536867], [120.11514262220837, 31.407022954750317], [120.11561662158816, 31.407022954750317], [120.11561662158816, 31.406461922963764], [120.11609062096795, 31.406461922963764], [120.11609062096795, 31.407022954750317], [120.11798661848711, 31.407022954750317], [120.11798661848711, 31.407583986536867], [120.11514262220837, 31.407583986536867]]]}}, {"type": "Feature", "properties": {"threshold_ug_l": 20.0, "area_km2_approx": 0.003}, "geometry": {"type": "Polygon", "coordinates": [[[120.23316846777648, 31.407022954750317], [120.23316846777648, 31.406461922963764], [120.23364246715627, 31.406461922963764], [120.23364246715627, 31.407022954750317], [120.23316846777648, 31.407022954750317]]]}}, {"type": "Feature", "properties": {"threshold_ug_l": 20.0, "area_km2_approx": 0.006}, "geometry": {"type": "Polygon", "coordinates": [[[120.19050852359524, 31.406461922963764], [120.19050852359524, 31.405900891177215], [120.19145652235483, 31.405900891177215], [120.19145652235483, 31.406461922963764], [120.19050852359524, 31.406461922963764]]]}}, {"type": "Feature", "properties": {"threshold_ug_l": 20.0, "area_km2_approx": 0.003}, "geometry": {"type": "Polygon", "coordinates": [[[120.30142437846648, 31.406461922963764], [120.30142437846648, 31.405900891177215], [120.30189837784627, 31.405900891177215], [120.30189837784627, 31.406461922963764], [120.30142437846648, 31.406461922963764]]]}}, {"type": "Feature", "properties": {"threshold_ug_l": 20.0, "area_km2_approx": 0.212}, "geometry": {"type": "Polygon", "coordinates": [[[120.10281863833379, 31.411511209042718], [120.10281863833379, 31.41095017725617], [120.1018706395742, 31.41095017725617], [120.1018706395742, 31.409828113683066], [120.10281863833379, 31.409828113683066], [120.10281863833379, 31.409267081896516], [120.102344638954, 31.409267081896516], [120.102344638954, 31.408145018323417], [120.10329263771358, 31.408145018323417], [120.10329263771358, 31.407583986536867], [120.10376663709337, 31.407583986536867], [120.10376663709337, 31.406461922963764], [120.10329263771358, 31.406461922963764], [120.10329263771358, 31.405339859390665], [120.10424063647316, 31.405339859390665], [120.10424063647316, 31.405900891177215], [120.10471463585294, 31.405900891177215], [120.10471463585294, 31.406461922963764], [120.10518863523274, 31.406461922963764], [120.10518863523274, 31.407583986536867], [120.10613663399232, 31.407583986536867], [120.10613663399232, 31.408145018323417], [120.10566263461253, 31.408145018323417], [120.10566263461253, 31.408706050109966], [120.10850663089128, 31.408706050109966], [120.10850663089128, 31.409267081896516], [120.10898063027108, 31.409267081896516], [120.10898063027108, 31.410389145469615], [120.10661063337211, 31.410389145469615], [120.10661063337211, 31.409828113683066], [120.10566263461253, 31.409828113683066], [120.10566263461253, 31.41095017725617], [120.10518863523274, 31.41095017725617], [120.10518863523274, 31.411511209042718], [120.10281863833379, 31.411511209042718]]]}}, {"type": "Feature", "properties": {"threshold_ug_l": 20.0, "area_km2_approx": 0.053}, "geometry": {"type": "Polygon", "coordinates": [[[120.25070644482878, 31.408706050109966], [120.25070644482878, 31.408145018323417], [120.2497584460692, 31.408145018323417], [120.2497584460692, 31.407583986536867], [120.2492844466894, 31.407583986536867], [120.2492844466894, 31.407022954750317], [120.24881044730961, 31.407022954750317], [120.24881044730961, 31.405900891177215], [120.2497584460692, 31.405900891177215], [120.2497584460692, 31.405339859390665], [120.25023244544899, 31.405339859390665], [120.25023244544899, 31.406461922963764], [120.25070644482878, 31.406461922963764], [120.25070644482878, 31.407022954750317], [120.25165444358836, 31.407022954750317], [120.25165444358836, 31.407583986536867], [120.25212844296816, 31.407583986536867], [120.25212844296816, 31.408145018323417], [120.25118044420857, 31.408145018323417], [120.25118044420857, 31.408706050109966], [120.25070644482878, 31.408706050109966]]]}}, {"type": "Feature", "properties": {"threshold_ug_l": 20.0, "area_km2_approx": 0.003}, "geometry": {"type": "Polygon", "coordinates": [[[120.17771054034087, 31.405900891177215], [120.17771054034087, 31.405339859390665], [120.17818453972066, 31.405339859390665], [120.17818453972066, 31.405900891177215], [120.17771054034087, 31.405900891177215]]]}}, {"type": "Feature", "properties": {"threshold_ug_l": 20.0, "area_km2_approx": 0.003}, "geometry": {"type": "Polygon", "coordinates": [[[120.25070644482878, 31.405900891177215], [120.25070644482878, 31.405339859390665], [120.25118044420857, 31.405339859390665], [120.25118044420857, 31.405900891177215], [120.25070644482878, 31.405900891177215]]]}}, {"type": "Feature", "properties": {"threshold_ug_l": 20.0, "area_km2_approx": 0.212}, "geometry": {"type": "Polygon", "coordinates": [[[120.00944076051482, 31.41095017725617], [120.00944076051482, 31.410389145469615], [120.00991475989461, 31.410389145469615], [120.00991475989461, 31.409828113683066], [120.00944076051482, 31.409828113683066], [120.00944076051482, 31.409267081896516], [120.00754476299566, 31.409267081896516], [120.00754476299566, 31.408706050109966], [120.00707076361587, 31.408706050109966], [120.00707076361587, 31.408145018323417], [120.00659676423608, 31.408145018323417], [120.00659676423608, 31.407583986536867], [120.0056487654765, 31.407583986536867], [120.0056487654765, 31.407022954750317], [120.0051747660967, 31.407022954750317], [120.0051747660967, 31.406461922963764], [120.00612276485629, 31.406461922963764], [120.00612276485629, 31.405900891177215], [120.00659676423608, 31.405900891177215], [120.00659676423608, 31.406461922963764], [120.00754476299566, 31.406461922963764], [120.00754476299566, 31.405339859390665], [120.00849276175525, 31.405339859390665], [120.00849276175525, 31.404778827604115], [120.00896676113504, 31.404778827604115], [120.00896676113504, 31.405339859390665], [120.00991475989461, 31.405339859390665], [120.00991475989461, 31.405900891177215], [120.0103887592744, 31.405900891177215], [120.0103887592744, 31.406461922963764], [120.01133675803399, 31.406461922963764], [120.01133675803399, 31.405900891177215], [120.01181075741378, 31.405900891177215], [120.01181075741378, 31.407022954750317], [120.01133675803399, 31.407022954750317], [120.01133675803399, 31.408145018323417], [120.0108627586542, 31.408145018323417], [120.0108627586542, 31.408706050109966], [120.0103887592744, 31.408706050109966], [120.0103887592744, 31.409267081896516], [120.0108627586542, 31.409267081896516], [120.0108627586542, 31.409828113683066], [120.01133675803399, 31.409828113683066], [120.01133675803399, 31.410389145469615], [120.01181075741378, 31.410389145469615], [120.01181075741378, 31.41095017725617], [120.00944076051482, 31.41095017725617]], [[120.00754476299566, 31.408706050109966], [120.00801876237546, 31.408706050109966], [120.00801876237546, 31.408145018323417], [120.00754476299566, 31.408145018323417], [120.00754476299566, 31.408706050109966]]]}}, {"type": "Feature", "properties": {"threshold_ug_l": 20.0, "area_km2_approx": 0.003}, "geometry": {"type": "Polygon", "coordinates": [[[120.11561662158816, 31.405339859390665], [120.11561662158816, 31.404778827604115], [120.11609062096795, 31.404778827604115], [120.11609062096795, 31.405339859390665], [120.11561662158816, 31.405339859390665]]]}}, {"type": "Feature", "properties": {"threshold_ug_l": 20.0, "area_km2_approx": 0.008}, "geometry": {"type": "Polygon", "coordinates": [[[120.16538655646627, 31.405339859390665], [120.16538655646627, 31.404778827604115], [120.16680855460565, 31.404778827604115], [120.16680855460565, 31.405339859390665], [120.16538655646627, 31.405339859390665]]]}}, {"type": "Feature", "properties": {"threshold_ug_l": 20.0, "area_km2_approx": 0.003}, "geometry": {"type": "Polygon", "coordinates": [[[120.13173260050107, 31.404778827604115], [120.13173260050107, 31.404217795817566], [120.13220659988086, 31.404217795817566], [120.13220659988086, 31.404778827604115], [120.13173260050107, 31.404778827604115]]]}}, {"type": "Feature", "properties": {"threshold_ug_l": 20.0, "area_km2_approx": 0.084}, "geometry": {"type": "Polygon", "coordinates": [[[120.18008053723982, 31.408145018323417], [120.18008053723982, 31.406461922963764], [120.17913253848023, 31.406461922963764], [120.17913253848023, 31.405339859390665], [120.17865853910045, 31.405339859390665], [120.17865853910045, 31.404778827604115], [120.17913253848023, 31.404778827604115], [120.17913253848023, 31.403656764031016], [120.17960653786002, 31.403656764031016], [120.17960653786002, 31.404778827604115], [120.18197653475899, 31.404778827604115], [120.18197653475899, 31.405339859390665], [120.1815025353792, 31.405339859390665], [120.1815025353792, 31.407583986536867], [120.1810285359994, 31.407583986536867], [120.1810285359994, 31.408145018323417], [120.18008053723982, 31.408145018323417]], [[120.18008053723982, 31.406461922963764], [120.1810285359994, 31.406461922963764], [120.1810285359994, 31.405339859390665], [120.18055453661961, 31.405339859390665], [120.18055453661961, 31.405900891177215], [120.18008053723982, 31.405900891177215], [120.18008053723982, 31.406461922963764]]]}}, {"type": "Feature", "properties": {"threshold_ug_l": 20.0, "area_km2_approx": 0.006}, "geometry": {"type": "Polygon", "coordinates": [[[120.2497584460692, 31.404778827604115], [120.2497584460692, 31.403656764031016], [120.25023244544899, 31.403656764031016], [120.25023244544899, 31.404778827604115], [120.2497584460692, 31.404778827604115]]]}}, {"type": "Feature", "properties": {"threshold_ug_l": 20.0, "area_km2_approx": 0.003}, "geometry": {"type": "Polygon", "coordinates": [[[120.34929831582544, 31.404217795817566], [120.34929831582544, 31.403656764031016], [120.34977231520523, 31.403656764031016], [120.34977231520523, 31.404217795817566], [120.34929831582544, 31.404217795817566]]]}}, {"type": "Feature", "properties": {"threshold_ug_l": 20.0, "area_km2_approx": 0.003}, "geometry": {"type": "Polygon", "coordinates": [[[120.16728255398544, 31.403656764031016], [120.16728255398544, 31.403095732244466], [120.16775655336524, 31.403095732244466], [120.16775655336524, 31.403656764031016], [120.16728255398544, 31.403656764031016]]]}}, {"type": "Feature", "properties": {"threshold_ug_l": 20.0, "area_km2_approx": 0.003}, "geometry": {"type": "Polygon", "coordinates": [[[120.09855264391565, 31.403095732244466], [120.09855264391565, 31.402534700457913], [120.09902664329545, 31.402534700457913], [120.09902664329545, 31.403095732244466], [120.09855264391565, 31.403095732244466]]]}}, {"type": "Feature", "properties": {"threshold_ug_l": 20.0, "area_km2_approx": 0.162}, "geometry": {"type": "Polygon", "coordinates": [[[120.20615050312836, 31.408706050109966], [120.20615050312836, 31.408145018323417], [120.20567650374858, 31.408145018323417], [120.20567650374858, 31.406461922963764], [120.20662450250815, 31.406461922963764], [120.20662450250815, 31.405900891177215], [120.20709850188794, 31.405900891177215], [120.20709850188794, 31.405339859390665], [120.20757250126773, 31.405339859390665], [120.20757250126773, 31.404778827604115], [120.20804650064753, 31.404778827604115], [120.20804650064753, 31.405900891177215], [120.20757250126773, 31.405900891177215], [120.20757250126773, 31.406461922963764], [120.20852050002732, 31.406461922963764], [120.20852050002732, 31.405339859390665], [120.20899449940711, 31.405339859390665], [120.20899449940711, 31.404217795817566], [120.20804650064753, 31.404217795817566], [120.20804650064753, 31.403656764031016], [120.20852050002732, 31.403656764031016], [120.20852050002732, 31.401973668671364], [120.20899449940711, 31.401973668671364], [120.20899449940711, 31.402534700457913], [120.2099424981667, 31.402534700457913], [120.2099424981667, 31.401973668671364], [120.21041649754649, 31.401973668671364], [120.21041649754649, 31.403095732244466], [120.21089049692628, 31.403095732244466], [120.21089049692628, 31.403656764031016], [120.21136449630608, 31.403656764031016], [120.21136449630608, 31.402534700457913], [120.21183849568587, 31.402534700457913], [120.21183849568587, 31.403656764031016], [120.21231249506566, 31.403656764031016], [120.21231249506566, 31.404217795817566], [120.21278649444544, 31.404217795817566], [120.21278649444544, 31.404778827604115], [120.21089049692628, 31.404778827604115], [120.21089049692628, 31.404217795817566], [120.21041649754649, 31.404217795817566], [120.21041649754649, 31.404778827604115], [120.2094684987869, 31.404778827604115], [120.2094684987869, 31.405339859390665], [120.20899449940711, 31.405339859390665], [120.20899449940711, 31.407583986536867], [120.20757250126773, 31.407583986536867], [120.20757250126773, 31.408706050109966], [120.20615050312836, 31.408706050109966]]]}}, {"type": "Feature", "properties": {"threshold_ug_l": 20.0, "area_km2_approx": 0.011}, "geometry": {"type": "Polygon", "coordinates": [[[120.15495857011086, 31.403095732244466], [120.15495857011086, 31.402534700457913], [120.15543256949066, 31.402534700457913], [120.15543256949066, 31.401973668671364], [120.15590656887045, 31.401973668671364], [120.15590656887045, 31.402534700457913], [120.15638056825024, 31.402534700457913], [120.15638056825024, 31.403095732244466], [120.15495857011086, 31.403095732244466]]]}}, {"type": "Feature", "properties": {"threshold_ug_l": 20.0, "area_km2_approx": 0.003}, "geometry": {"type": "Polygon", "coordinates": [[[120.08717665880066, 31.402534700457913], [120.08717665880066, 31.401973668671364], [120.08765065818045, 31.401973668671364], [120.08765065818045, 31.402534700457913], [120.08717665880066, 31.402534700457913]]]}}, {"type": "Feature", "properties": {"threshold_ug_l": 20.0, "area_km2_approx": 0.003}, "geometry": {"type": "Polygon", "coordinates": [[[120.12604460794357, 31.402534700457913], [120.12604460794357, 31.401973668671364], [120.12651860732336, 31.401973668671364], [120.12651860732336, 31.402534700457913], [120.12604460794357, 31.402534700457913]]]}}, {"type": "Feature", "properties": {"threshold_ug_l": 20.0, "area_km2_approx": 0.176}, "geometry": {"type": "Polygon", "coordinates": [[[120.01181075741378, 31.405339859390665], [120.01181075741378, 31.404778827604115], [120.00944076051482, 31.404778827604115], [120.00944076051482, 31.403095732244466], [120.0103887592744, 31.403095732244466], [120.0103887592744, 31.402534700457913], [120.01181075741378, 31.402534700457913], [120.01181075741378, 31.401973668671364], [120.01275875617337, 31.401973668671364], [120.01275875617337, 31.401412636884814], [120.01465475369254, 31.401412636884814], [120.01465475369254, 31.401973668671364], [120.01512875307233, 31.401973668671364], [120.01512875307233, 31.403095732244466], [120.01607675183192, 31.403095732244466], [120.01607675183192, 31.402534700457913], [120.0165507512117, 31.402534700457913], [120.0165507512117, 31.403095732244466], [120.01607675183192, 31.403095732244466], [120.01607675183192, 31.403656764031016], [120.01512875307233, 31.403656764031016], [120.01512875307233, 31.404778827604115], [120.01418075431275, 31.404778827604115], [120.01418075431275, 31.405339859390665], [120.01323275555316, 31.405339859390665], [120.01323275555316, 31.404778827604115], [120.01228475679358, 31.404778827604115], [120.01228475679358, 31.405339859390665], [120.01181075741378, 31.405339859390665]]]}}, {"type": "Feature", "properties": {"threshold_ug_l": 20.0, "area_km2_approx": 0.022}, "geometry": {"type": "Polygon", "coordinates": [[[120.14547858251503, 31.403656764031016], [120.14547858251503, 31.403095732244466], [120.14500458313523, 31.403095732244466], [120.14500458313523, 31.401973668671364], [120.14453058375545, 31.401973668671364], [120.14453058375545, 31.401412636884814], [120.14500458313523, 31.401412636884814], [120.14500458313523, 31.401973668671364], [120.14547858251503, 31.401973668671364], [120.14547858251503, 31.401412636884814], [120.14642658127461, 31.401412636884814], [120.14642658127461, 31.401973668671364], [120.14595258189482, 31.401973668671364], [120.14595258189482, 31.403656764031016], [120.14547858251503, 31.403656764031016]]]}}, {"type": "Feature", "properties": {"threshold_ug_l": 20.0, "area_km2_approx": 0.103}, "geometry": {"type": "Polygon", "coordinates": [[[120.1758145428217, 31.404778827604115], [120.1758145428217, 31.404217795817566], [120.17486654406211, 31.404217795817566], [120.17486654406211, 31.403656764031016], [120.17391854530253, 31.403656764031016], [120.17391854530253, 31.403095732244466], [120.17297054654294, 31.403095732244466], [120.17297054654294, 31.403656764031016], [120.17249654716315, 31.403656764031016], [120.17249654716315, 31.403095732244466], [120.17297054654294, 31.403095732244466], [120.17297054654294, 31.402534700457913], [120.17344454592273, 31.402534700457913], [120.17344454592273, 31.401973668671364], [120.17486654406211, 31.401973668671364], [120.17486654406211, 31.401412636884814], [120.17676254158128, 31.401412636884814], [120.17676254158128, 31.401973668671364], [120.17723654096108, 31.401973668671364], [120.17723654096108, 31.403095732244466], [120.17771054034087, 31.403095732244466], [120.17771054034087, 31.403656764031016], [120.17865853910045, 31.403656764031016], [120.17865853910045, 31.404217795817566], [120.17771054034087, 31.404217795817566], [120.17771054034087, 31.403656764031016], [120.17676254158128, 31.403656764031016], [120.17676254158128, 31.404217795817566], [120.17628854220149, 31.404217795817566], [120.17628854220149, 31.404778827604115], [120.1758145428217, 31.404778827604115]]]}}, {"type": "Feature", "properties": {"threshold_ug_l": 20.0, "area_km2_approx": 0.084}, "geometry": {"type": "Polygon", "coordinates": [[[120.35024631458502, 31.403656764031016], [120.35024631458502, 31.403095732244466], [120.34882431644564, 31.403095732244466], [120.34882431644564, 31.401973668671364], [120.34929831582544, 31.401973668671364], [120.34929831582544, 31.401412636884814], [120.3516683127244, 31.401412636884814], [120.3516683127244, 31.401973668671364], [120.35309031086378, 31.401973668671364], [120.35309031086378, 31.403095732244466], [120.35356431024357, 31.403095732244466], [120.35356431024357, 31.403656764031016], [120.35024631458502, 31.403656764031016]]]}}, {"type": "Feature", "properties": {"threshold_ug_l": 20.0, "area_km2_approx": 0.014}, "geometry": {"type": "Polygon", "coordinates": [[[120.09950064267524, 31.401973668671364], [120.09950064267524, 31.400851605098264], [120.10092264081462, 31.400851605098264], [120.10092264081462, 31.401412636884814], [120.10044864143482, 31.401412636884814], [120.10044864143482, 31.401973668671364], [120.09950064267524, 31.401973668671364]]]}}, {"type": "Feature", "properties": {"threshold_ug_l": 20.0, "area_km2_approx": 0.036}, "geometry": {"type": "Polygon", "coordinates": [[[120.10139664019441, 31.403656764031016], [120.10139664019441, 31.403095732244466], [120.102344638954, 31.403095732244466], [120.102344638954, 31.401973668671364], [120.10139664019441, 31.401973668671364], [120.10139664019441, 31.401412636884814], [120.1018706395742, 31.401412636884814], [120.1018706395742, 31.400851605098264], [120.102344638954, 31.400851605098264], [120.102344638954, 31.401973668671364], [120.10376663709337, 31.401973668671364], [120.10376663709337, 31.403095732244466], [120.10329263771358, 31.403095732244466], [120.10329263771358, 31.403656764031016], [120.10139664019441, 31.403656764031016]]]}}, {"type": "Feature", "properties": {"threshold_ug_l": 20.0, "area_km2_approx": 0.008}, "geometry": {"type": "Polygon", "coordinates": [[[120.2838864014142, 31.401412636884814], [120.2838864014142, 31.400851605098264], [120.28530839955357, 31.400851605098264], [120.28530839955357, 31.401412636884814], [120.2838864014142, 31.401412636884814]]]}}, {"type": "Feature", "properties": {"threshold_ug_l": 20.0, "area_km2_approx": 0.036}, "geometry": {"type": "Polygon", "coordinates": [[[120.3118523648219, 31.402534700457913], [120.3118523648219, 31.401973668671364], [120.31137836544211, 31.401973668671364], [120.31137836544211, 31.400290573311715], [120.3118523648219, 31.400290573311715], [120.3118523648219, 31.400851605098264], [120.31280036358149, 31.400851605098264], [120.31280036358149, 31.401412636884814], [120.31327436296128, 31.401412636884814], [120.31327436296128, 31.400851605098264], [120.31422236172087, 31.400851605098264], [120.31422236172087, 31.401973668671364], [120.3123263642017, 31.401973668671364], [120.3123263642017, 31.402534700457913], [120.3118523648219, 31.402534700457913]]]}}, {"type": "Feature", "properties": {"threshold_ug_l": 20.0, "area_km2_approx": 0.017}, "geometry": {"type": "Polygon", "coordinates": [[[120.28578239893336, 31.401973668671364], [120.28578239893336, 31.400290573311715], [120.28625639831316, 31.400290573311715], [120.28625639831316, 31.400851605098264], [120.28720439707273, 31.400851605098264], [120.28720439707273, 31.401412636884814], [120.28673039769295, 31.401412636884814], [120.28673039769295, 31.401973668671364], [120.28578239893336, 31.401973668671364]]]}}, {"type": "Feature", "properties": {"threshold_ug_l": 20.0, "area_km2_approx": 0.042}, "geometry": {"type": "Polygon", "coordinates": [[[120.28104240513544, 31.401973668671364], [120.28104240513544, 31.401412636884814], [120.28009440637587, 31.401412636884814], [120.28009440637587, 31.400851605098264], [120.27962040699607, 31.400851605098264], [120.27962040699607, 31.400290573311715], [120.2781984088567, 31.400290573311715], [120.2781984088567, 31.399729541525165], [120.27962040699607, 31.399729541525165], [120.27962040699607, 31.400290573311715], [120.28151640451523, 31.400290573311715], [120.28151640451523, 31.400851605098264], [120.28199040389502, 31.400851605098264], [120.28199040389502, 31.401412636884814], [120.28246440327482, 31.401412636884814], [120.28246440327482, 31.400851605098264], [120.28293840265461, 31.400851605098264], [120.28293840265461, 31.401412636884814], [120.28246440327482, 31.401412636884814], [120.28246440327482, 31.401973668671364], [120.28104240513544, 31.401973668671364]]]}}, {"type": "Feature", "properties": {"threshold_ug_l": 20.0, "area_km2_approx": 0.011}, "geometry": {"type": "Polygon", "coordinates": [[[120.21989648514231, 31.400851605098264], [120.21989648514231, 31.400290573311715], [120.2203704845221, 31.400290573311715], [120.2203704845221, 31.399729541525165], [120.2208444839019, 31.399729541525165], [120.2208444839019, 31.399168509738615], [120.22179248266148, 31.399168509738615], [120.22179248266148, 31.399729541525165], [120.2208444839019, 31.399729541525165], [120.2208444839019, 31.400290573311715], [120.2203704845221, 31.400290573311715], [120.2203704845221, 31.400851605098264], [120.21989648514231, 31.400851605098264]]]}}, {"type": "Feature", "properties": {"threshold_ug_l": 20.0, "area_km2_approx": 0.003}, "geometry": {"type": "Polygon", "coordinates": [[[120.02318674252878, 31.399729541525165], [120.02318674252878, 31.399168509738615], [120.02366074190857, 31.399168509738615], [120.02366074190857, 31.399729541525165], [120.02318674252878, 31.399729541525165]]]}}, {"type": "Feature", "properties": {"threshold_ug_l": 20.0, "area_km2_approx": 0.003}, "geometry": {"type": "Polygon", "coordinates": [[[120.28436040079399, 31.399729541525165], [120.28436040079399, 31.399168509738615], [120.28483440017378, 31.399168509738615], [120.28483440017378, 31.399729541525165], [120.28436040079399, 31.399729541525165]]]}}, {"type": "Feature", "properties": {"threshold_ug_l": 20.0, "area_km2_approx": 0.008}, "geometry": {"type": "Polygon", "coordinates": [[[120.18197653475899, 31.399168509738615], [120.18197653475899, 31.398607477952062], [120.18245053413878, 31.398607477952062], [120.18245053413878, 31.398046446165512], [120.18339853289837, 31.398046446165512], [120.18339853289837, 31.398607477952062], [120.18245053413878, 31.398607477952062], [120.18245053413878, 31.399168509738615], [120.18197653475899, 31.399168509738615]]]}}, {"type": "Feature", "properties": {"threshold_ug_l": 20.0, "area_km2_approx": 0.061}, "geometry": {"type": "Polygon", "coordinates": [[[120.18576852979731, 31.400290573311715], [120.18576852979731, 31.399168509738615], [120.18387253227816, 31.399168509738615], [120.18387253227816, 31.398046446165512], [120.1867165285569, 31.398046446165512], [120.1867165285569, 31.398607477952062], [120.18766452731649, 31.398607477952062], [120.18766452731649, 31.400290573311715], [120.18576852979731, 31.400290573311715]]]}}, {"type": "Feature", "properties": {"threshold_ug_l": 20.0, "area_km2_approx": 0.003}, "geometry": {"type": "Polygon", "coordinates": [[[120.18055453661961, 31.398607477952062], [120.18055453661961, 31.398046446165512], [120.1810285359994, 31.398046446165512], [120.1810285359994, 31.398607477952062], [120.18055453661961, 31.398607477952062]]]}}, {"type": "Feature", "properties": {"threshold_ug_l": 20.0, "area_km2_approx": 0.106}, "geometry": {"type": "Polygon", "coordinates": [[[120.12557060856378, 31.401412636884814], [120.12557060856378, 31.400290573311715], [120.12604460794357, 31.400290573311715], [120.12604460794357, 31.399729541525165], [120.12651860732336, 31.399729541525165], [120.12651860732336, 31.399168509738615], [120.12557060856378, 31.399168509738615], [120.12557060856378, 31.399729541525165], [120.12509660918398, 31.399729541525165], [120.12509660918398, 31.399168509738615], [120.12557060856378, 31.399168509738615], [120.12557060856378, 31.398607477952062], [120.12604460794357, 31.398607477952062], [120.12604460794357, 31.397485414378963], [120.12794060546274, 31.397485414378963], [120.12794060546274, 31.398046446165512], [120.12841460484253, 31.398046446165512], [120.12841460484253, 31.398607477952062], [120.12983660298191, 31.398607477952062], [120.12983660298191, 31.399168509738615], [120.1303106023617, 31.399168509738615], [120.1303106023617, 31.399729541525165], [120.12936260360212, 31.399729541525165], [120.12936260360212, 31.400290573311715], [120.12651860732336, 31.400290573311715], [120.12651860732336, 31.400851605098264], [120.12604460794357, 31.400851605098264], [120.12604460794357, 31.401412636884814], [120.12557060856378, 31.401412636884814]], [[120.12794060546274, 31.399168509738615], [120.12841460484253, 31.399168509738615], [120.12841460484253, 31.398607477952062], [120.12794060546274, 31.398607477952062], [120.12794060546274, 31.399168509738615]]]}}, {"type": "Feature", "properties": {"threshold_ug_l": 20.0, "area_km2_approx": 0.006}, "geometry": {"type": "Polygon", "coordinates": [[[120.04925670841733, 31.398046446165512], [120.04925670841733, 31.397485414378963], [120.0502047071769, 31.397485414378963], [120.0502047071769, 31.398046446165512], [120.04925670841733, 31.398046446165512]]]}}, {"type": "Feature", "properties": {"threshold_ug_l": 20.0, "area_km2_approx": 0.154}, "geometry": {"type": "Polygon", "coordinates": [[[120.19572251677295, 31.401973668671364], [120.19572251677295, 31.401412636884814], [120.19524851739315, 31.401412636884814], [120.19524851739315, 31.400851605098264], [120.19572251677295, 31.400851605098264], [120.19572251677295, 31.400290573311715], [120.19524851739315, 31.400290573311715], [120.19524851739315, 31.398607477952062], [120.19477451801336, 31.398607477952062], [120.19477451801336, 31.398046446165512], [120.19572251677295, 31.398046446165512], [120.19572251677295, 31.397485414378963], [120.19619651615274, 31.397485414378963], [120.19619651615274, 31.396924382592413], [120.19714451491232, 31.396924382592413], [120.19714451491232, 31.397485414378963], [120.19761851429212, 31.397485414378963], [120.19761851429212, 31.398607477952062], [120.1985665130517, 31.398607477952062], [120.1985665130517, 31.398046446165512], [120.19809251367191, 31.398046446165512], [120.19809251367191, 31.397485414378963], [120.1990405124315, 31.397485414378963], [120.1990405124315, 31.398046446165512], [120.19951451181127, 31.398046446165512], [120.19951451181127, 31.397485414378963], [120.20141050933044, 31.397485414378963], [120.20141050933044, 31.398046446165512], [120.20093650995065, 31.398046446165512], [120.20093650995065, 31.398607477952062], [120.20046251057086, 31.398607477952062], [120.20046251057086, 31.399168509738615], [120.1990405124315, 31.399168509738615], [120.1990405124315, 31.399729541525165], [120.1985665130517, 31.399729541525165], [120.1985665130517, 31.400290573311715], [120.19667051553253, 31.400290573311715], [120.19667051553253, 31.401412636884814], [120.19619651615274, 31.401412636884814], [120.19619651615274, 31.401973668671364], [120.19572251677295, 31.401973668671364]]]}}, {"type": "Feature", "properties": {"threshold_ug_l": 20.0, "area_km2_approx": 0.006}, "geometry": {"type": "Polygon", "coordinates": [[[120.15021857631295, 31.398046446165512], [120.15021857631295, 31.396924382592413], [120.15069257569274, 31.396924382592413], [120.15069257569274, 31.398046446165512], [120.15021857631295, 31.398046446165512]]]}}, {"type": "Feature", "properties": {"threshold_ug_l": 20.0, "area_km2_approx": 0.003}, "geometry": {"type": "Polygon", "coordinates": [[[120.25165444358836, 31.397485414378963], [120.25165444358836, 31.396924382592413], [120.25212844296816, 31.396924382592413], [120.25212844296816, 31.397485414378963], [120.25165444358836, 31.397485414378963]]]}}, {"type": "Feature", "properties": {"threshold_ug_l": 20.0, "area_km2_approx": 0.003}, "geometry": {"type": "Polygon", "coordinates": [[[120.27677641071732, 31.397485414378963], [120.27677641071732, 31.396924382592413], [120.27725041009711, 31.396924382592413], [120.27725041009711, 31.397485414378963], [120.27677641071732, 31.397485414378963]]]}}, {"type": "Feature", "properties": {"threshold_ug_l": 20.0, "area_km2_approx": 0.003}, "geometry": {"type": "Polygon", "coordinates": [[[120.25639443738628, 31.396363350805863], [120.25639443738628, 31.395802319019314], [120.25686843676607, 31.395802319019314], [120.25686843676607, 31.396363350805863], [120.25639443738628, 31.396363350805863]]]}}, {"type": "Feature", "properties": {"threshold_ug_l": 20.0, "area_km2_approx": 0.022}, "geometry": {"type": "Polygon", "coordinates": [[[120.24644045041066, 31.396924382592413], [120.24644045041066, 31.396363350805863], [120.24596645103087, 31.396363350805863], [120.24596645103087, 31.395802319019314], [120.24644045041066, 31.395802319019314], [120.24644045041066, 31.39524128723276], [120.24738844917023, 31.39524128723276], [120.24738844917023, 31.395802319019314], [120.24786244855002, 31.395802319019314], [120.24786244855002, 31.396363350805863], [120.24738844917023, 31.396363350805863], [120.24738844917023, 31.396924382592413], [120.24644045041066, 31.396924382592413]]]}}, {"type": "Feature", "properties": {"threshold_ug_l": 20.0, "area_km2_approx": 0.02}, "geometry": {"type": "Polygon", "coordinates": [[[120.08765065818045, 31.396363350805863], [120.08765065818045, 31.395802319019314], [120.08859865694004, 31.395802319019314], [120.08859865694004, 31.39524128723276], [120.08954665569962, 31.39524128723276], [120.08954665569962, 31.395802319019314], [120.09002065507941, 31.395802319019314], [120.09002065507941, 31.396363350805863], [120.08765065818045, 31.396363350805863]]]}}, {"type": "Feature", "properties": {"threshold_ug_l": 20.0, "area_km2_approx": 0.003}, "geometry": {"type": "Polygon", "coordinates": [[[120.09381265011774, 31.395802319019314], [120.09381265011774, 31.39524128723276], [120.09428664949753, 31.39524128723276], [120.09428664949753, 31.395802319019314], [120.09381265011774, 31.395802319019314]]]}}, {"type": "Feature", "properties": {"threshold_ug_l": 20.0, "area_km2_approx": 0.003}, "geometry": {"type": "Polygon", "coordinates": [[[120.25829043490545, 31.395802319019314], [120.25829043490545, 31.39524128723276], [120.25876443428524, 31.39524128723276], [120.25876443428524, 31.395802319019314], [120.25829043490545, 31.395802319019314]]]}}, {"type": "Feature", "properties": {"threshold_ug_l": 20.0, "area_km2_approx": 0.003}, "geometry": {"type": "Polygon", "coordinates": [[[120.20046251057086, 31.39524128723276], [120.20046251057086, 31.39468025544621], [120.20093650995065, 31.39468025544621], [120.20093650995065, 31.39524128723276], [120.20046251057086, 31.39524128723276]]]}}, {"type": "Feature", "properties": {"threshold_ug_l": 20.0, "area_km2_approx": 0.014}, "geometry": {"type": "Polygon", "coordinates": [[[120.12936260360212, 31.39524128723276], [120.12936260360212, 31.39411922365966], [120.1307846017415, 31.39411922365966], [120.1307846017415, 31.39524128723276], [120.1303106023617, 31.39524128723276], [120.1303106023617, 31.39468025544621], [120.12983660298191, 31.39468025544621], [120.12983660298191, 31.39524128723276], [120.12936260360212, 31.39524128723276]]]}}, {"type": "Feature", "properties": {"threshold_ug_l": 20.0, "area_km2_approx": 0.003}, "geometry": {"type": "Polygon", "coordinates": [[[119.99285078222212, 31.39411922365966], [119.99285078222212, 31.39355819187311], [119.99332478160191, 31.39355819187311], [119.99332478160191, 31.39411922365966], [119.99285078222212, 31.39411922365966]]]}}, {"type": "Feature", "properties": {"threshold_ug_l": 20.0, "area_km2_approx": 0.003}, "geometry": {"type": "Polygon", "coordinates": [[[120.09239065197836, 31.39411922365966], [120.09239065197836, 31.39355819187311], [120.09286465135816, 31.39355819187311], [120.09286465135816, 31.39411922365966], [120.09239065197836, 31.39411922365966]]]}}, {"type": "Feature", "properties": {"threshold_ug_l": 20.0, "area_km2_approx": 0.458}, "geometry": {"type": "Polygon", "coordinates": [[[120.01702475059149, 31.401412636884814], [120.01702475059149, 31.400851605098264], [120.01749874997128, 31.400851605098264], [120.01749874997128, 31.400290573311715], [120.01702475059149, 31.400290573311715], [120.01702475059149, 31.399729541525165], [120.01749874997128, 31.399729541525165], [120.01749874997128, 31.399168509738615], [120.01797274935107, 31.399168509738615], [120.01797274935107, 31.397485414378963], [120.01844674873087, 31.397485414378963], [120.01844674873087, 31.396924382592413], [120.01939474749045, 31.396924382592413], [120.01939474749045, 31.396363350805863], [120.02034274625004, 31.396363350805863], [120.02034274625004, 31.395802319019314], [120.02081674562983, 31.395802319019314], [120.02081674562983, 31.39411922365966], [120.02129074500962, 31.39411922365966], [120.02129074500962, 31.39355819187311], [120.02176474438942, 31.39355819187311], [120.02176474438942, 31.392997160086562], [120.022712743149, 31.392997160086562], [120.022712743149, 31.39355819187311], [120.02366074190857, 31.39355819187311], [120.02366074190857, 31.39468025544621], [120.02460874066816, 31.39468025544621], [120.02460874066816, 31.395802319019314], [120.02413474128836, 31.395802319019314], [120.02413474128836, 31.396363350805863], [120.02508274004795, 31.396363350805863], [120.02508274004795, 31.39524128723276], [120.02555673942774, 31.39524128723276], [120.02555673942774, 31.39411922365966], [120.02650473818733, 31.39411922365966], [120.02650473818733, 31.39355819187311], [120.02697873756712, 31.39355819187311], [120.02697873756712, 31.39411922365966], [120.02745273694691, 31.39411922365966], [120.02745273694691, 31.39468025544621], [120.03029673322565, 31.39468025544621], [120.03029673322565, 31.39524128723276], [120.03077073260545, 31.39524128723276], [120.03077073260545, 31.395802319019314], [120.03029673322565, 31.395802319019314], [120.03029673322565, 31.396363350805863], [120.02982273384586, 31.396363350805863], [120.02982273384586, 31.396924382592413], [120.02887473508629, 31.396924382592413], [120.02887473508629, 31.396363350805863], [120.0284007357065, 31.396363350805863], [120.0284007357065, 31.396924382592413], [120.02650473818733, 31.396924382592413], [120.02650473818733, 31.396363350805863], [120.02603073880753, 31.396363350805863], [120.02603073880753, 31.396924382592413], [120.02508274004795, 31.396924382592413], [120.02508274004795, 31.397485414378963], [120.02413474128836, 31.397485414378963], [120.02413474128836, 31.398046446165512], [120.02176474438942, 31.398046446165512], [120.02176474438942, 31.398607477952062], [120.02223874376921, 31.398607477952062], [120.02223874376921, 31.399729541525165], [120.02081674562983, 31.399729541525165], [120.02081674562983, 31.400290573311715], [120.02034274625004, 31.400290573311715], [120.02034274625004, 31.400851605098264], [120.01749874997128, 31.400851605098264], [120.01749874997128, 31.401412636884814], [120.01702475059149, 31.401412636884814]]]}}, {"type": "Feature", "properties": {"threshold_ug_l": 20.0, "area_km2_approx": 0.003}, "geometry": {"type": "Polygon", "coordinates": [[[119.99000678594336, 31.39355819187311], [119.99000678594336, 31.392997160086562], [119.99048078532316, 31.392997160086562], [119.99048078532316, 31.39355819187311], [119.99000678594336, 31.39355819187311]]]}}, {"type": "Feature", "properties": {"threshold_ug_l": 20.0, "area_km2_approx": 0.003}, "geometry": {"type": "Polygon", "coordinates": [[[119.99142878408274, 31.39355819187311], [119.99142878408274, 31.392997160086562], [119.99190278346254, 31.392997160086562], [119.99190278346254, 31.39355819187311], [119.99142878408274, 31.39355819187311]]]}}, {"type": "Feature", "properties": {"threshold_ug_l": 20.0, "area_km2_approx": 0.003}, "geometry": {"type": "Polygon", "coordinates": [[[120.20141050933044, 31.39355819187311], [120.20141050933044, 31.392997160086562], [120.20188450871024, 31.392997160086562], [120.20188450871024, 31.39355819187311], [120.20141050933044, 31.39355819187311]]]}}, {"type": "Feature", "properties": {"threshold_ug_l": 20.0, "area_km2_approx": 0.103}, "geometry": {"type": "Polygon", "coordinates": [[[120.09476064887733, 31.395802319019314], [120.09476064887733, 31.39524128723276], [120.09523464825712, 31.39524128723276], [120.09523464825712, 31.39411922365966], [120.09476064887733, 31.39411922365966], [120.09476064887733, 31.39355819187311], [120.09523464825712, 31.39355819187311], [120.09523464825712, 31.392997160086562], [120.09476064887733, 31.392997160086562], [120.09476064887733, 31.392436128300012], [120.09428664949753, 31.392436128300012], [120.09428664949753, 31.391875096513463], [120.09523464825712, 31.391875096513463], [120.09523464825712, 31.39131406472691], [120.0961826470167, 31.39131406472691], [120.0961826470167, 31.391875096513463], [120.0966566463965, 31.391875096513463], [120.0966566463965, 31.39131406472691], [120.09807864453586, 31.39131406472691], [120.09807864453586, 31.391875096513463], [120.09855264391565, 31.391875096513463], [120.09855264391565, 31.392436128300012], [120.09807864453586, 31.392436128300012], [120.09807864453586, 31.39355819187311], [120.09713064577629, 31.39355819187311], [120.09713064577629, 31.39411922365966], [120.0961826470167, 31.39411922365966], [120.0961826470167, 31.39524128723276], [120.09523464825712, 31.39524128723276], [120.09523464825712, 31.395802319019314], [120.09476064887733, 31.395802319019314]]]}}, {"type": "Feature", "properties": {"threshold_ug_l": 20.0, "area_km2_approx": 0.427}, "geometry": {"type": "Polygon", "coordinates": [[[119.9994867735392, 31.400851605098264], [119.9994867735392, 31.400290573311715], [119.99853877477962, 31.400290573311715], [119.99853877477962, 31.399168509738615], [119.99806477539983, 31.399168509738615], [119.99806477539983, 31.398607477952062], [119.99759077602003, 31.398607477952062], [119.99759077602003, 31.398046446165512], [119.99711677664024, 31.398046446165512], [119.99711677664024, 31.397485414378963], [119.99664277726045, 31.397485414378963], [119.99664277726045, 31.398046446165512], [119.99616877788065, 31.398046446165512], [119.99616877788065, 31.397485414378963], [119.99664277726045, 31.397485414378963], [119.99664277726045, 31.396924382592413], [119.99616877788065, 31.396924382592413], [119.99616877788065, 31.396363350805863], [119.99569477850088, 31.396363350805863], [119.99569477850088, 31.39524128723276], [119.99522077912108, 31.39524128723276], [119.99522077912108, 31.395802319019314], [119.99474677974129, 31.395802319019314], [119.99474677974129, 31.39468025544621], [119.99522077912108, 31.39468025544621], [119.99522077912108, 31.39411922365966], [119.99616877788065, 31.39411922365966], [119.99616877788065, 31.392997160086562], [119.99711677664024, 31.392997160086562], [119.99711677664024, 31.392436128300012], [119.99806477539983, 31.392436128300012], [119.99806477539983, 31.39131406472691], [119.99901277415941, 31.39131406472691], [119.99901277415941, 31.39075303294036], [120.00043477229879, 31.39075303294036], [120.00043477229879, 31.391875096513463], [120.00090877167858, 31.391875096513463], [120.00090877167858, 31.392436128300012], [120.00280476919774, 31.392436128300012], [120.00280476919774, 31.392997160086562], [120.00233076981796, 31.392997160086562], [120.00233076981796, 31.39355819187311], [120.00138277105837, 31.39355819187311], [120.00138277105837, 31.39411922365966], [120.00185677043817, 31.39411922365966], [120.00185677043817, 31.39524128723276], [120.00233076981796, 31.39524128723276], [120.00233076981796, 31.395802319019314], [120.00185677043817, 31.395802319019314], [120.00185677043817, 31.396363350805863], [120.00090877167858, 31.396363350805863], [120.00090877167858, 31.398046446165512], [120.00043477229879, 31.398046446165512], [120.00043477229879, 31.398607477952062], [119.999960772919, 31.398607477952062], [119.999960772919, 31.399729541525165], [120.00043477229879, 31.399729541525165], [120.00043477229879, 31.400290573311715], [119.999960772919, 31.400290573311715], [119.999960772919, 31.400851605098264], [119.9994867735392, 31.400851605098264]]]}}, {"type": "Feature", "properties": {"threshold_ug_l": 20.0, "area_km2_approx": 0.045}, "geometry": {"type": "Polygon", "coordinates": [[[120.2725104162992, 31.39355819187311], [120.2725104162992, 31.392997160086562], [120.27061441878003, 31.392997160086562], [120.27061441878003, 31.391875096513463], [120.27108841815982, 31.391875096513463], [120.27108841815982, 31.39131406472691], [120.2720364169194, 31.39131406472691], [120.2720364169194, 31.39075303294036], [120.2725104162992, 31.39075303294036], [120.2725104162992, 31.39131406472691], [120.27298441567899, 31.39131406472691], [120.27298441567899, 31.39355819187311], [120.2725104162992, 31.39355819187311]]]}}, {"type": "Feature", "properties": {"threshold_ug_l": 20.0, "area_km2_approx": 0.036}, "geometry": {"type": "Polygon", "coordinates": [[[120.03456272764379, 31.39131406472691], [120.03456272764379, 31.39019200115381], [120.03835472268212, 31.39019200115381], [120.03835472268212, 31.39075303294036], [120.03693272454274, 31.39075303294036], [120.03693272454274, 31.39131406472691], [120.03456272764379, 31.39131406472691]]]}}, {"type": "Feature", "properties": {"threshold_ug_l": 20.0, "area_km2_approx": 0.011}, "geometry": {"type": "Polygon", "coordinates": [[[120.00422676733712, 31.39019200115381], [120.00422676733712, 31.38906993758071], [120.00470076671691, 31.38906993758071], [120.00470076671691, 31.38963096936726], [120.0056487654765, 31.38963096936726], [120.0056487654765, 31.39019200115381], [120.00422676733712, 31.39019200115381]]]}}, {"type": "Feature", "properties": {"threshold_ug_l": 20.0, "area_km2_approx": 0.017}, "geometry": {"type": "Polygon", "coordinates": [[[120.1810285359994, 31.39075303294036], [120.1810285359994, 31.39019200115381], [120.18008053723982, 31.39019200115381], [120.18008053723982, 31.38963096936726], [120.18055453661961, 31.38963096936726], [120.18055453661961, 31.38906993758071], [120.1815025353792, 31.38906993758071], [120.1815025353792, 31.39075303294036], [120.1810285359994, 31.39075303294036]]]}}, {"type": "Feature", "properties": {"threshold_ug_l": 20.0, "area_km2_approx": 0.003}, "geometry": {"type": "Polygon", "coordinates": [[[120.07674867244525, 31.38906993758071], [120.07674867244525, 31.38850890579416], [120.07722267182503, 31.38850890579416], [120.07722267182503, 31.38906993758071], [120.07674867244525, 31.38906993758071]]]}}, {"type": "Feature", "properties": {"threshold_ug_l": 20.0, "area_km2_approx": 0.087}, "geometry": {"type": "Polygon", "coordinates": [[[119.99048078532316, 31.392436128300012], [119.99048078532316, 31.391875096513463], [119.99000678594336, 31.391875096513463], [119.99000678594336, 31.39131406472691], [119.98953278656357, 31.39131406472691], [119.98953278656357, 31.39075303294036], [119.9890587871838, 31.39075303294036], [119.9890587871838, 31.39019200115381], [119.988584787804, 31.39019200115381], [119.988584787804, 31.38906993758071], [119.98763678904442, 31.38906993758071], [119.98763678904442, 31.38850890579416], [119.9890587871838, 31.38850890579416], [119.9890587871838, 31.387947874007608], [119.99000678594336, 31.387947874007608], [119.99000678594336, 31.38850890579416], [119.99095478470295, 31.38850890579416], [119.99095478470295, 31.38906993758071], [119.99142878408274, 31.38906993758071], [119.99142878408274, 31.39131406472691], [119.99095478470295, 31.39131406472691], [119.99095478470295, 31.39075303294036], [119.99048078532316, 31.39075303294036], [119.99048078532316, 31.391875096513463], [119.99095478470295, 31.391875096513463], [119.99095478470295, 31.392436128300012], [119.99048078532316, 31.392436128300012]]]}}, {"type": "Feature", "properties": {"threshold_ug_l": 20.0, "area_km2_approx": 0.011}, "geometry": {"type": "Polygon", "coordinates": [[[120.26919242064065, 31.38906993758071], [120.26919242064065, 31.38850890579416], [120.26871842126086, 31.38850890579416], [120.26871842126086, 31.387947874007608], [120.26919242064065, 31.387947874007608], [120.26919242064065, 31.38738684222106], [120.26966642002044, 31.38738684222106], [120.26966642002044, 31.38906993758071], [120.26919242064065, 31.38906993758071]]]}}, {"type": "Feature", "properties": {"threshold_ug_l": 20.0, "area_km2_approx": 0.003}, "geometry": {"type": "Polygon", "coordinates": [[[119.98621479090504, 31.387947874007608], [119.98621479090504, 31.38738684222106], [119.98668879028483, 31.38738684222106], [119.98668879028483, 31.387947874007608], [119.98621479090504, 31.387947874007608]]]}}, {"type": "Feature", "properties": {"threshold_ug_l": 20.0, "area_km2_approx": 0.003}, "geometry": {"type": "Polygon", "coordinates": [[[120.0165507512117, 31.387947874007608], [120.0165507512117, 31.38738684222106], [120.01702475059149, 31.38738684222106], [120.01702475059149, 31.387947874007608], [120.0165507512117, 31.387947874007608]]]}}, {"type": "Feature", "properties": {"threshold_ug_l": 20.0, "area_km2_approx": 0.006}, "geometry": {"type": "Polygon", "coordinates": [[[120.19477451801336, 31.387947874007608], [120.19477451801336, 31.38738684222106], [120.19572251677295, 31.38738684222106], [120.19572251677295, 31.387947874007608], [120.19477451801336, 31.387947874007608]]]}}, {"type": "Feature", "properties": {"threshold_ug_l": 20.0, "area_km2_approx": 0.232}, "geometry": {"type": "Polygon", "coordinates": [[[120.0904946544592, 31.39355819187311], [120.0904946544592, 31.392997160086562], [120.08907265631983, 31.392997160086562], [120.08907265631983, 31.391875096513463], [120.08859865694004, 31.391875096513463], [120.08859865694004, 31.392436128300012], [120.08812465756024, 31.392436128300012], [120.08812465756024, 31.392997160086562], [120.08717665880066, 31.392997160086562], [120.08717665880066, 31.392436128300012], [120.08670265942087, 31.392436128300012], [120.08670265942087, 31.392997160086562], [120.08528066128149, 31.392997160086562], [120.08528066128149, 31.392436128300012], [120.0848066619017, 31.392436128300012], [120.0848066619017, 31.39131406472691], [120.0843326625219, 31.39131406472691], [120.0843326625219, 31.39075303294036], [120.08338466376233, 31.39075303294036], [120.08338466376233, 31.38963096936726], [120.0843326625219, 31.38963096936726], [120.0843326625219, 31.38850890579416], [120.08338466376233, 31.38850890579416], [120.08338466376233, 31.387947874007608], [120.08385866314212, 31.387947874007608], [120.08385866314212, 31.38682581043451], [120.0848066619017, 31.38682581043451], [120.0848066619017, 31.38738684222106], [120.08622866004107, 31.38738684222106], [120.08622866004107, 31.38850890579416], [120.08575466066128, 31.38850890579416], [120.08575466066128, 31.38963096936726], [120.08528066128149, 31.38963096936726], [120.08528066128149, 31.39019200115381], [120.08670265942087, 31.39019200115381], [120.08670265942087, 31.39131406472691], [120.08907265631983, 31.39131406472691], [120.08907265631983, 31.391875096513463], [120.08954665569962, 31.391875096513463], [120.08954665569962, 31.39131406472691], [120.09144265321878, 31.39131406472691], [120.09144265321878, 31.39075303294036], [120.09191665259857, 31.39075303294036], [120.09191665259857, 31.391875096513463], [120.09239065197836, 31.391875096513463], [120.09239065197836, 31.39131406472691], [120.09333865073795, 31.39131406472691], [120.09333865073795, 31.392436128300012], [120.09286465135816, 31.392436128300012], [120.09286465135816, 31.392997160086562], [120.09096865383898, 31.392997160086562], [120.09096865383898, 31.39355819187311], [120.0904946544592, 31.39355819187311]]]}}, {"type": "Feature", "properties": {"threshold_ug_l": 20.0, "area_km2_approx": 0.042}, "geometry": {"type": "Polygon", "coordinates": [[[120.26587442498212, 31.38850890579416], [120.26587442498212, 31.387947874007608], [120.26492642622253, 31.387947874007608], [120.26492642622253, 31.38738684222106], [120.26587442498212, 31.38738684222106], [120.26587442498212, 31.38682581043451], [120.26777042250127, 31.38682581043451], [120.26777042250127, 31.38626477864796], [120.26824442188106, 31.38626477864796], [120.26824442188106, 31.38738684222106], [120.26729642312148, 31.38738684222106], [120.26729642312148, 31.387947874007608], [120.26824442188106, 31.387947874007608], [120.26824442188106, 31.38850890579416], [120.26729642312148, 31.38850890579416], [120.26729642312148, 31.387947874007608], [120.2668224237417, 31.387947874007608], [120.2668224237417, 31.38850890579416], [120.26587442498212, 31.38850890579416]]]}}, {"type": "Feature", "properties": {"threshold_ug_l": 20.0, "area_km2_approx": 0.006}, "geometry": {"type": "Polygon", "coordinates": [[[120.02934873446608, 31.38682581043451], [120.02934873446608, 31.38626477864796], [120.03029673322565, 31.38626477864796], [120.03029673322565, 31.38682581043451], [120.02934873446608, 31.38682581043451]]]}}, {"type": "Feature", "properties": {"threshold_ug_l": 20.0, "area_km2_approx": 0.003}, "geometry": {"type": "Polygon", "coordinates": [[[120.26919242064065, 31.38682581043451], [120.26919242064065, 31.38626477864796], [120.26966642002044, 31.38626477864796], [120.26966642002044, 31.38682581043451], [120.26919242064065, 31.38682581043451]]]}}, {"type": "Feature", "properties": {"threshold_ug_l": 20.0, "area_km2_approx": 0.017}, "geometry": {"type": "Polygon", "coordinates": [[[120.0165507512117, 31.38682581043451], [120.0165507512117, 31.38570374686141], [120.01797274935107, 31.38570374686141], [120.01797274935107, 31.38682581043451], [120.0165507512117, 31.38682581043451]]]}}, {"type": "Feature", "properties": {"threshold_ug_l": 20.0, "area_km2_approx": 0.003}, "geometry": {"type": "Polygon", "coordinates": [[[120.08670265942087, 31.38570374686141], [120.08670265942087, 31.38514271507486], [120.08717665880066, 31.38514271507486], [120.08717665880066, 31.38570374686141], [120.08670265942087, 31.38570374686141]]]}}, {"type": "Feature", "properties": {"threshold_ug_l": 20.0, "area_km2_approx": 0.008}, "geometry": {"type": "Polygon", "coordinates": [[[120.09002065507941, 31.38570374686141], [120.09002065507941, 31.38514271507486], [120.09144265321878, 31.38514271507486], [120.09144265321878, 31.38570374686141], [120.09002065507941, 31.38570374686141]]]}}, {"type": "Feature", "properties": {"threshold_ug_l": 20.0, "area_km2_approx": 0.008}, "geometry": {"type": "Polygon", "coordinates": [[[120.10329263771358, 31.38570374686141], [120.10329263771358, 31.38514271507486], [120.10471463585294, 31.38514271507486], [120.10471463585294, 31.38570374686141], [120.10329263771358, 31.38570374686141]]]}}, {"type": "Feature", "properties": {"threshold_ug_l": 20.0, "area_km2_approx": 0.123}, "geometry": {"type": "Polygon", "coordinates": [[[119.99901277415941, 31.38850890579416], [119.99901277415941, 31.387947874007608], [119.99664277726045, 31.387947874007608], [119.99664277726045, 31.38682581043451], [119.99711677664024, 31.38682581043451], [119.99711677664024, 31.38626477864796], [119.99759077602003, 31.38626477864796], [119.99759077602003, 31.38570374686141], [119.99853877477962, 31.38570374686141], [119.99853877477962, 31.38514271507486], [120.00043477229879, 31.38514271507486], [120.00043477229879, 31.38458168328831], [120.00090877167858, 31.38458168328831], [120.00090877167858, 31.38514271507486], [120.00233076981796, 31.38514271507486], [120.00233076981796, 31.38682581043451], [119.999960772919, 31.38682581043451], [119.999960772919, 31.38738684222106], [119.9994867735392, 31.38738684222106], [119.9994867735392, 31.38850890579416], [119.99901277415941, 31.38850890579416]]]}}, {"type": "Feature", "properties": {"threshold_ug_l": 20.0, "area_km2_approx": 0.014}, "geometry": {"type": "Polygon", "coordinates": [[[120.0848066619017, 31.38626477864796], [120.0848066619017, 31.38514271507486], [120.08528066128149, 31.38514271507486], [120.08528066128149, 31.38458168328831], [120.08622866004107, 31.38458168328831], [120.08622866004107, 31.38514271507486], [120.08575466066128, 31.38514271507486], [120.08575466066128, 31.38570374686141], [120.08528066128149, 31.38570374686141], [120.08528066128149, 31.38626477864796], [120.0848066619017, 31.38626477864796]]]}}, {"type": "Feature", "properties": {"threshold_ug_l": 20.0, "area_km2_approx": 0.008}, "geometry": {"type": "Polygon", "coordinates": [[[120.33792233071044, 31.38570374686141], [120.33792233071044, 31.38458168328831], [120.33887032947003, 31.38458168328831], [120.33887032947003, 31.38514271507486], [120.33839633009023, 31.38514271507486], [120.33839633009023, 31.38570374686141], [120.33792233071044, 31.38570374686141]]]}}, {"type": "Feature", "properties": {"threshold_ug_l": 20.0, "area_km2_approx": 0.075}, "geometry": {"type": "Polygon", "coordinates": [[[120.1649125570865, 31.38682581043451], [120.1649125570865, 31.38458168328831], [120.16538655646627, 31.38458168328831], [120.16538655646627, 31.384020651501757], [120.16586055584607, 31.384020651501757], [120.16586055584607, 31.38458168328831], [120.16870455212482, 31.38458168328831], [120.16870455212482, 31.38514271507486], [120.16823055274503, 31.38514271507486], [120.16823055274503, 31.38570374686141], [120.16775655336524, 31.38570374686141], [120.16775655336524, 31.38626477864796], [120.16728255398544, 31.38626477864796], [120.16728255398544, 31.38682581043451], [120.1649125570865, 31.38682581043451]]]}}, {"type": "Feature", "properties": {"threshold_ug_l": 20.0, "area_km2_approx": 0.003}, "geometry": {"type": "Polygon", "coordinates": [[[120.3402923276094, 31.38458168328831], [120.3402923276094, 31.384020651501757], [120.3407663269892, 31.384020651501757], [120.3407663269892, 31.38458168328831], [120.3402923276094, 31.38458168328831]]]}}, {"type": "Feature", "properties": {"threshold_ug_l": 20.0, "area_km2_approx": 0.025}, "geometry": {"type": "Polygon", "coordinates": [[[120.09855264391565, 31.38626477864796], [120.09855264391565, 31.38514271507486], [120.09902664329545, 31.38514271507486], [120.09902664329545, 31.384020651501757], [120.09997464205503, 31.384020651501757], [120.09997464205503, 31.383459619715207], [120.10044864143482, 31.383459619715207], [120.10044864143482, 31.38514271507486], [120.09997464205503, 31.38514271507486], [120.09997464205503, 31.38458168328831], [120.09950064267524, 31.38458168328831], [120.09950064267524, 31.38570374686141], [120.09902664329545, 31.38570374686141], [120.09902664329545, 31.38626477864796], [120.09855264391565, 31.38626477864796]]]}}, {"type": "Feature", "properties": {"threshold_ug_l": 20.0, "area_km2_approx": 0.028}, "geometry": {"type": "Polygon", "coordinates": [[[120.32228035117731, 31.38570374686141], [120.32228035117731, 31.38514271507486], [120.32180635179752, 31.38514271507486], [120.32180635179752, 31.38458168328831], [120.32228035117731, 31.38458168328831], [120.32228035117731, 31.384020651501757], [120.3227543505571, 31.384020651501757], [120.3227543505571, 31.383459619715207], [120.32370234931669, 31.383459619715207], [120.32370234931669, 31.38514271507486], [120.3227543505571, 31.38514271507486], [120.3227543505571, 31.38570374686141], [120.32228035117731, 31.38570374686141]]]}}, {"type": "Feature", "properties": {"threshold_ug_l": 20.0, "area_km2_approx": 0.022}, "geometry": {"type": "Polygon", "coordinates": [[[120.08954665569962, 31.38458168328831], [120.08954665569962, 31.383459619715207], [120.09096865383898, 31.383459619715207], [120.09096865383898, 31.384020651501757], [120.09191665259857, 31.384020651501757], [120.09191665259857, 31.38458168328831], [120.08954665569962, 31.38458168328831]]]}}, {"type": "Feature", "properties": {"threshold_ug_l": 20.0, "area_km2_approx": 0.011}, "geometry": {"type": "Polygon", "coordinates": [[[120.2725104162992, 31.38458168328831], [120.2725104162992, 31.384020651501757], [120.2720364169194, 31.384020651501757], [120.2720364169194, 31.383459619715207], [120.27345841505878, 31.383459619715207], [120.27345841505878, 31.384020651501757], [120.27298441567899, 31.384020651501757], [120.27298441567899, 31.38458168328831], [120.2725104162992, 31.38458168328831]]]}}, {"type": "Feature", "properties": {"threshold_ug_l": 20.0, "area_km2_approx": 0.008}, "geometry": {"type": "Polygon", "coordinates": [[[120.01892074811066, 31.384020651501757], [120.01892074811066, 31.383459619715207], [120.01939474749045, 31.383459619715207], [120.01939474749045, 31.382898587928658], [120.01986874687024, 31.382898587928658], [120.01986874687024, 31.384020651501757], [120.01892074811066, 31.384020651501757]]]}}, {"type": "Feature", "properties": {"threshold_ug_l": 20.0, "area_km2_approx": 0.003}, "geometry": {"type": "Polygon", "coordinates": [[[119.99806477539983, 31.383459619715207], [119.99806477539983, 31.382898587928658], [119.99853877477962, 31.382898587928658], [119.99853877477962, 31.383459619715207], [119.99806477539983, 31.383459619715207]]]}}, {"type": "Feature", "properties": {"threshold_ug_l": 20.0, "area_km2_approx": 0.003}, "geometry": {"type": "Polygon", "coordinates": [[[120.08812465756024, 31.382898587928658], [120.08812465756024, 31.382337556142108], [120.08859865694004, 31.382337556142108], [120.08859865694004, 31.382898587928658], [120.08812465756024, 31.382898587928658]]]}}, {"type": "Feature", "properties": {"threshold_ug_l": 20.0, "area_km2_approx": 0.006}, "geometry": {"type": "Polygon", "coordinates": [[[120.26919242064065, 31.382898587928658], [120.26919242064065, 31.382337556142108], [120.27014041940024, 31.382337556142108], [120.27014041940024, 31.382898587928658], [120.26919242064065, 31.382898587928658]]]}}, {"type": "Feature", "properties": {"threshold_ug_l": 20.0, "area_km2_approx": 0.084}, "geometry": {"type": "Polygon", "coordinates": [[[120.28199040389502, 31.38514271507486], [120.28199040389502, 31.38458168328831], [120.28151640451523, 31.38458168328831], [120.28151640451523, 31.384020651501757], [120.28104240513544, 31.384020651501757], [120.28104240513544, 31.383459619715207], [120.28056840575564, 31.383459619715207], [120.28056840575564, 31.382337556142108], [120.28104240513544, 31.382337556142108], [120.28104240513544, 31.38177652435556], [120.28293840265461, 31.38177652435556], [120.28293840265461, 31.382337556142108], [120.28436040079399, 31.382337556142108], [120.28436040079399, 31.382898587928658], [120.2838864014142, 31.382898587928658], [120.2838864014142, 31.384020651501757], [120.2834124020344, 31.384020651501757], [120.2834124020344, 31.38458168328831], [120.28246440327482, 31.38458168328831], [120.28246440327482, 31.38514271507486], [120.28199040389502, 31.38514271507486]]]}}, {"type": "Feature", "properties": {"threshold_ug_l": 20.0, "area_km2_approx": 0.168}, "geometry": {"type": "Polygon", "coordinates": [[[120.19287852049419, 31.38738684222106], [120.19287852049419, 31.38682581043451], [120.19145652235483, 31.38682581043451], [120.19145652235483, 31.38626477864796], [120.19050852359524, 31.38626477864796], [120.19050852359524, 31.38570374686141], [120.19098252297503, 31.38570374686141], [120.19098252297503, 31.38514271507486], [120.19193052173462, 31.38514271507486], [120.19193052173462, 31.38458168328831], [120.19050852359524, 31.38458168328831], [120.19050852359524, 31.384020651501757], [120.19003452421545, 31.384020651501757], [120.19003452421545, 31.38458168328831], [120.18956052483566, 31.38458168328831], [120.18956052483566, 31.384020651501757], [120.18908652545586, 31.384020651501757], [120.18908652545586, 31.382898587928658], [120.18861252607607, 31.382898587928658], [120.18861252607607, 31.38177652435556], [120.18908652545586, 31.38177652435556], [120.18908652545586, 31.38121549256901], [120.18956052483566, 31.38121549256901], [120.18956052483566, 31.38177652435556], [120.19003452421545, 31.38177652435556], [120.19003452421545, 31.382337556142108], [120.19050852359524, 31.382337556142108], [120.19050852359524, 31.383459619715207], [120.19098252297503, 31.383459619715207], [120.19098252297503, 31.382337556142108], [120.19145652235483, 31.382337556142108], [120.19145652235483, 31.38177652435556], [120.19193052173462, 31.38177652435556], [120.19193052173462, 31.382337556142108], [120.1924045211144, 31.382337556142108], [120.1924045211144, 31.38177652435556], [120.19287852049419, 31.38177652435556], [120.19287852049419, 31.382337556142108], [120.19335251987398, 31.382337556142108], [120.19335251987398, 31.382898587928658], [120.19287852049419, 31.382898587928658], [120.19287852049419, 31.38514271507486], [120.19430051863357, 31.38514271507486], [120.19430051863357, 31.38626477864796], [120.19382651925378, 31.38626477864796], [120.19382651925378, 31.38738684222106], [120.19287852049419, 31.38738684222106]]]}}, {"type": "Feature", "properties": {"threshold_ug_l": 20.0, "area_km2_approx": 0.455}, "geometry": {"type": "Polygon", "coordinates": [[[120.01181075741378, 31.39355819187311], [120.01181075741378, 31.391875096513463], [120.01228475679358, 31.391875096513463], [120.01228475679358, 31.38963096936726], [120.0108627586542, 31.38963096936726], [120.0108627586542, 31.38906993758071], [120.01133675803399, 31.38906993758071], [120.01133675803399, 31.38738684222106], [120.0108627586542, 31.38738684222106], [120.0108627586542, 31.387947874007608], [120.00849276175525, 31.387947874007608], [120.00849276175525, 31.38850890579416], [120.00659676423608, 31.38850890579416], [120.00659676423608, 31.387947874007608], [120.00754476299566, 31.387947874007608], [120.00754476299566, 31.38682581043451], [120.00707076361587, 31.38682581043451], [120.00707076361587, 31.38626477864796], [120.00659676423608, 31.38626477864796], [120.00659676423608, 31.38570374686141], [120.00612276485629, 31.38570374686141], [120.00612276485629, 31.38514271507486], [120.00659676423608, 31.38514271507486], [120.00659676423608, 31.382898587928658], [120.00612276485629, 31.382898587928658], [120.00612276485629, 31.382337556142108], [120.0051747660967, 31.382337556142108], [120.0051747660967, 31.38177652435556], [120.00612276485629, 31.38177652435556], [120.00612276485629, 31.38121549256901], [120.00801876237546, 31.38121549256901], [120.00801876237546, 31.382337556142108], [120.00849276175525, 31.382337556142108], [120.00849276175525, 31.382898587928658], [120.00896676113504, 31.382898587928658], [120.00896676113504, 31.384020651501757], [120.00849276175525, 31.384020651501757], [120.00849276175525, 31.38458168328831], [120.00944076051482, 31.38458168328831], [120.00944076051482, 31.384020651501757], [120.00991475989461, 31.384020651501757], [120.00991475989461, 31.38458168328831], [120.01133675803399, 31.38458168328831], [120.01133675803399, 31.38514271507486], [120.01181075741378, 31.38514271507486], [120.01181075741378, 31.38626477864796], [120.01275875617337, 31.38626477864796], [120.01275875617337, 31.38682581043451], [120.01323275555316, 31.38682581043451], [120.01323275555316, 31.38738684222106], [120.01512875307233, 31.38738684222106], [120.01512875307233, 31.38850890579416], [120.01465475369254, 31.38850890579416], [120.01465475369254, 31.387947874007608], [120.01275875617337, 31.387947874007608], [120.01275875617337, 31.39075303294036], [120.01370675493295, 31.39075303294036], [120.01370675493295, 31.39019200115381], [120.01418075431275, 31.39019200115381], [120.01418075431275, 31.38963096936726], [120.01512875307233, 31.38963096936726], [120.01512875307233, 31.38906993758071], [120.01560275245212, 31.38906993758071], [120.01560275245212, 31.38963096936726], [120.01607675183192, 31.38963096936726], [120.01607675183192, 31.39019200115381], [120.01702475059149, 31.39019200115381], [120.01702475059149, 31.39131406472691], [120.0165507512117, 31.39131406472691], [120.0165507512117, 31.391875096513463], [120.01607675183192, 31.391875096513463], [120.01607675183192, 31.392436128300012], [120.01418075431275, 31.392436128300012], [120.01418075431275, 31.39131406472691], [120.01323275555316, 31.39131406472691], [120.01323275555316, 31.391875096513463], [120.01370675493295, 31.391875096513463], [120.01370675493295, 31.392997160086562], [120.01323275555316, 31.392997160086562], [120.01323275555316, 31.39355819187311], [120.01181075741378, 31.39355819187311]]]}}, {"type": "Feature", "properties": {"threshold_ug_l": 20.0, "area_km2_approx": 0.271}, "geometry": {"type": "Polygon", "coordinates": [[[120.04309471648004, 31.387947874007608], [120.04309471648004, 31.38738684222106], [120.04167271834066, 31.38738684222106], [120.04167271834066, 31.38682581043451], [120.04309471648004, 31.38682581043451], [120.04309471648004, 31.38626477864796], [120.04404271523961, 31.38626477864796], [120.04404271523961, 31.38570374686141], [120.04356871585982, 31.38570374686141], [120.04356871585982, 31.384020651501757], [120.04309471648004, 31.384020651501757], [120.04309471648004, 31.382337556142108], [120.04356871585982, 31.382337556142108], [120.04356871585982, 31.38065446078246], [120.04546471337899, 31.38065446078246], [120.04546471337899, 31.38121549256901], [120.04593871275878, 31.38121549256901], [120.04593871275878, 31.38177652435556], [120.04688671151837, 31.38177652435556], [120.04688671151837, 31.382337556142108], [120.04783471027795, 31.382337556142108], [120.04783471027795, 31.384020651501757], [120.04830870965775, 31.384020651501757], [120.04830870965775, 31.38458168328831], [120.04783471027795, 31.38458168328831], [120.04783471027795, 31.38514271507486], [120.04736071089816, 31.38514271507486], [120.04736071089816, 31.38570374686141], [120.04688671151837, 31.38570374686141], [120.04688671151837, 31.38682581043451], [120.0449907139992, 31.38682581043451], [120.0449907139992, 31.38738684222106], [120.0445167146194, 31.38738684222106], [120.0445167146194, 31.387947874007608], [120.04309471648004, 31.387947874007608]]]}}, {"type": "Feature", "properties": {"threshold_ug_l": 20.0, "area_km2_approx": 0.003}, "geometry": {"type": "Polygon", "coordinates": [[[120.1132466246892, 31.38065446078246], [120.1132466246892, 31.380093428995906], [120.11372062406899, 31.380093428995906], [120.11372062406899, 31.38065446078246], [120.1132466246892, 31.38065446078246]]]}}, {"type": "Feature", "properties": {"threshold_ug_l": 20.0, "area_km2_approx": 0.003}, "geometry": {"type": "Polygon", "coordinates": [[[120.33839633009023, 31.38065446078246], [120.33839633009023, 31.380093428995906], [120.33887032947003, 31.380093428995906], [120.33887032947003, 31.38065446078246], [120.33839633009023, 31.38065446078246]]]}}, {"type": "Feature", "properties": {"threshold_ug_l": 20.0, "area_km2_approx": 0.034}, "geometry": {"type": "Polygon", "coordinates": [[[120.09286465135816, 31.380093428995906], [120.09286465135816, 31.378971365422807], [120.09428664949753, 31.378971365422807], [120.09428664949753, 31.379532397209356], [120.09476064887733, 31.379532397209356], [120.09476064887733, 31.378971365422807], [120.09570864763691, 31.378971365422807], [120.09570864763691, 31.379532397209356], [120.0961826470167, 31.379532397209356], [120.0961826470167, 31.380093428995906], [120.09286465135816, 31.380093428995906]]]}}, {"type": "Feature", "properties": {"threshold_ug_l": 20.0, "area_km2_approx": 0.003}, "geometry": {"type": "Polygon", "coordinates": [[[120.00327876857753, 31.379532397209356], [120.00327876857753, 31.378971365422807], [120.00375276795732, 31.378971365422807], [120.00375276795732, 31.379532397209356], [120.00327876857753, 31.379532397209356]]]}}, {"type": "Feature", "properties": {"threshold_ug_l": 20.0, "area_km2_approx": 0.006}, "geometry": {"type": "Polygon", "coordinates": [[[120.02034274625004, 31.379532397209356], [120.02034274625004, 31.378971365422807], [120.02129074500962, 31.378971365422807], [120.02129074500962, 31.379532397209356], [120.02034274625004, 31.379532397209356]]]}}, {"type": "Feature", "properties": {"threshold_ug_l": 20.0, "area_km2_approx": 0.025}, "geometry": {"type": "Polygon", "coordinates": [[[119.98100079772733, 31.38121549256901], [119.98100079772733, 31.38065446078246], [119.98052679834754, 31.38065446078246], [119.98052679834754, 31.380093428995906], [119.98005279896775, 31.380093428995906], [119.98005279896775, 31.379532397209356], [119.97957879958796, 31.379532397209356], [119.97957879958796, 31.378971365422807], [119.97910480020816, 31.378971365422807], [119.97910480020816, 31.378410333636257], [119.98005279896775, 31.378410333636257], [119.98005279896775, 31.378971365422807], [119.98052679834754, 31.378971365422807], [119.98052679834754, 31.379532397209356], [119.98100079772733, 31.379532397209356], [119.98100079772733, 31.380093428995906], [119.98147479710713, 31.380093428995906], [119.98147479710713, 31.38121549256901], [119.98100079772733, 31.38121549256901]]]}}, {"type": "Feature", "properties": {"threshold_ug_l": 20.0, "area_km2_approx": 0.011}, "geometry": {"type": "Polygon", "coordinates": [[[120.0393027214417, 31.378971365422807], [120.0393027214417, 31.378410333636257], [120.04119871896087, 31.378410333636257], [120.04119871896087, 31.378971365422807], [120.0393027214417, 31.378971365422807]]]}}, {"type": "Feature", "properties": {"threshold_ug_l": 20.0, "area_km2_approx": 0.003}, "geometry": {"type": "Polygon", "coordinates": [[[120.32133235241773, 31.378971365422807], [120.32133235241773, 31.378410333636257], [120.32180635179752, 31.378410333636257], [120.32180635179752, 31.378971365422807], [120.32133235241773, 31.378971365422807]]]}}, {"type": "Feature", "properties": {"threshold_ug_l": 20.0, "area_km2_approx": 0.014}, "geometry": {"type": "Polygon", "coordinates": [[[120.23696046281482, 31.379532397209356], [120.23696046281482, 31.378971365422807], [120.23648646343503, 31.378971365422807], [120.23648646343503, 31.377849301849707], [120.23743446219461, 31.377849301849707], [120.23743446219461, 31.379532397209356], [120.23696046281482, 31.379532397209356]]]}}, {"type": "Feature", "properties": {"threshold_ug_l": 20.0, "area_km2_approx": 0.003}, "geometry": {"type": "Polygon", "coordinates": [[[120.09286465135816, 31.378410333636257], [120.09286465135816, 31.377849301849707], [120.09333865073795, 31.377849301849707], [120.09333865073795, 31.378410333636257], [120.09286465135816, 31.378410333636257]]]}}, {"type": "Feature", "properties": {"threshold_ug_l": 20.0, "area_km2_approx": 0.184}, "geometry": {"type": "Polygon", "coordinates": [[[120.05447070159504, 31.38570374686141], [120.05447070159504, 31.38514271507486], [120.05399670221524, 31.38514271507486], [120.05399670221524, 31.38458168328831], [120.05352270283545, 31.38458168328831], [120.05352270283545, 31.382898587928658], [120.05399670221524, 31.382898587928658], [120.05399670221524, 31.382337556142108], [120.05494470097483, 31.382337556142108], [120.05494470097483, 31.38121549256901], [120.05447070159504, 31.38121549256901], [120.05447070159504, 31.378971365422807], [120.05494470097483, 31.378971365422807], [120.05494470097483, 31.377849301849707], [120.05636669911421, 31.377849301849707], [120.05636669911421, 31.377288270063158], [120.056840698494, 31.377288270063158], [120.056840698494, 31.376727238276608], [120.05731469787378, 31.376727238276608], [120.05731469787378, 31.378410333636257], [120.05636669911421, 31.378410333636257], [120.05636669911421, 31.38177652435556], [120.056840698494, 31.38177652435556], [120.056840698494, 31.382337556142108], [120.05731469787378, 31.382337556142108], [120.05731469787378, 31.383459619715207], [120.05636669911421, 31.383459619715207], [120.05636669911421, 31.384020651501757], [120.05589269973441, 31.384020651501757], [120.05589269973441, 31.38514271507486], [120.05541870035462, 31.38514271507486], [120.05541870035462, 31.38570374686141], [120.05447070159504, 31.38570374686141]]]}}, {"type": "Feature", "properties": {"threshold_ug_l": 20.0, "area_km2_approx": 0.006}, "geometry": {"type": "Polygon", "coordinates": [[[119.98763678904442, 31.377849301849707], [119.98763678904442, 31.376727238276608], [119.98811078842421, 31.376727238276608], [119.98811078842421, 31.377849301849707], [119.98763678904442, 31.377849301849707]]]}}, {"type": "Feature", "properties": {"threshold_ug_l": 20.0, "area_km2_approx": 0.003}, "geometry": {"type": "Polygon", "coordinates": [[[119.98668879028483, 31.377288270063158], [119.98668879028483, 31.376727238276608], [119.98716278966462, 31.376727238276608], [119.98716278966462, 31.377288270063158], [119.98668879028483, 31.377288270063158]]]}}, {"type": "Feature", "properties": {"threshold_ug_l": 20.0, "area_km2_approx": 0.196}, "geometry": {"type": "Polygon", "coordinates": [[[120.19050852359524, 31.380093428995906], [120.19050852359524, 31.379532397209356], [120.19098252297503, 31.379532397209356], [120.19098252297503, 31.378971365422807], [120.19003452421545, 31.378971365422807], [120.19003452421545, 31.377288270063158], [120.19050852359524, 31.377288270063158], [120.19050852359524, 31.378410333636257], [120.19098252297503, 31.378410333636257], [120.19098252297503, 31.377288270063158], [120.19145652235483, 31.377288270063158], [120.19145652235483, 31.376727238276608], [120.1924045211144, 31.376727238276608], [120.1924045211144, 31.376166206490055], [120.19335251987398, 31.376166206490055], [120.19335251987398, 31.375605174703505], [120.19382651925378, 31.375605174703505], [120.19382651925378, 31.376727238276608], [120.19430051863357, 31.376727238276608], [120.19430051863357, 31.376166206490055], [120.19572251677295, 31.376166206490055], [120.19572251677295, 31.375605174703505], [120.19619651615274, 31.375605174703505], [120.19619651615274, 31.376166206490055], [120.19667051553253, 31.376166206490055], [120.19667051553253, 31.376727238276608], [120.19714451491232, 31.376727238276608], [120.19714451491232, 31.377288270063158], [120.19761851429212, 31.377288270063158], [120.19761851429212, 31.377849301849707], [120.19714451491232, 31.377849301849707], [120.19714451491232, 31.378971365422807], [120.19572251677295, 31.378971365422807], [120.19572251677295, 31.378410333636257], [120.19524851739315, 31.378410333636257], [120.19524851739315, 31.378971365422807], [120.19287852049419, 31.378971365422807], [120.19287852049419, 31.379532397209356], [120.19098252297503, 31.379532397209356], [120.19098252297503, 31.380093428995906], [120.19050852359524, 31.380093428995906]]]}}, {"type": "Feature", "properties": {"threshold_ug_l": 20.0, "area_km2_approx": 0.017}, "geometry": {"type": "Polygon", "coordinates": [[[119.98384479400607, 31.377288270063158], [119.98384479400607, 31.376166206490055], [119.98431879338587, 31.376166206490055], [119.98431879338587, 31.375605174703505], [119.98479279276566, 31.375605174703505], [119.98479279276566, 31.376166206490055], [119.98526679214545, 31.376166206490055], [119.98526679214545, 31.376727238276608], [119.98479279276566, 31.376727238276608], [119.98479279276566, 31.377288270063158], [119.98384479400607, 31.377288270063158]]]}}, {"type": "Feature", "properties": {"threshold_ug_l": 20.0, "area_km2_approx": 0.003}, "geometry": {"type": "Polygon", "coordinates": [[[120.23648646343503, 31.376166206490055], [120.23648646343503, 31.375605174703505], [120.23696046281482, 31.375605174703505], [120.23696046281482, 31.376166206490055], [120.23648646343503, 31.376166206490055]]]}}, {"type": "Feature", "properties": {"threshold_ug_l": 20.0, "area_km2_approx": 0.003}, "geometry": {"type": "Polygon", "coordinates": [[[120.32749434435503, 31.376166206490055], [120.32749434435503, 31.375605174703505], [120.32796834373481, 31.375605174703505], [120.32796834373481, 31.376166206490055], [120.32749434435503, 31.376166206490055]]]}}, {"type": "Feature", "properties": {"threshold_ug_l": 20.0, "area_km2_approx": 0.148}, "geometry": {"type": "Polygon", "coordinates": [[[120.16538655646627, 31.378971365422807], [120.16538655646627, 31.377849301849707], [120.1644385577067, 31.377849301849707], [120.1644385577067, 31.376727238276608], [120.16396455832691, 31.376727238276608], [120.16396455832691, 31.376166206490055], [120.1649125570865, 31.376166206490055], [120.1649125570865, 31.376727238276608], [120.16538655646627, 31.376727238276608], [120.16538655646627, 31.376166206490055], [120.16586055584607, 31.376166206490055], [120.16586055584607, 31.375605174703505], [120.16775655336524, 31.375605174703505], [120.16775655336524, 31.375044142916956], [120.16917855150461, 31.375044142916956], [120.16917855150461, 31.375605174703505], [120.16965255088441, 31.375605174703505], [120.16965255088441, 31.376166206490055], [120.17060054964399, 31.376166206490055], [120.17060054964399, 31.377288270063158], [120.16965255088441, 31.377288270063158], [120.16965255088441, 31.378410333636257], [120.16870455212482, 31.378410333636257], [120.16870455212482, 31.377849301849707], [120.16633455522586, 31.377849301849707], [120.16633455522586, 31.378410333636257], [120.16586055584607, 31.378410333636257], [120.16586055584607, 31.378971365422807], [120.16538655646627, 31.378971365422807]]]}}, {"type": "Feature", "properties": {"threshold_ug_l": 20.0, "area_km2_approx": 0.003}, "geometry": {"type": "Polygon", "coordinates": [[[120.25212844296816, 31.375605174703505], [120.25212844296816, 31.375044142916956], [120.25260244234795, 31.375044142916956], [120.25260244234795, 31.375605174703505], [120.25212844296816, 31.375605174703505]]]}}, {"type": "Feature", "properties": {"threshold_ug_l": 20.0, "area_km2_approx": 0.006}, "geometry": {"type": "Polygon", "coordinates": [[[120.28104240513544, 31.375605174703505], [120.28104240513544, 31.375044142916956], [120.28199040389502, 31.375044142916956], [120.28199040389502, 31.375605174703505], [120.28104240513544, 31.375605174703505]]]}}, {"type": "Feature", "properties": {"threshold_ug_l": 20.0, "area_km2_approx": 0.011}, "geometry": {"type": "Polygon", "coordinates": [[[120.07200867864732, 31.375605174703505], [120.07200867864732, 31.375044142916956], [120.0729566774069, 31.375044142916956], [120.0729566774069, 31.374483111130406], [120.0734306767867, 31.374483111130406], [120.0734306767867, 31.375605174703505], [120.07200867864732, 31.375605174703505]]]}}, {"type": "Feature", "properties": {"threshold_ug_l": 20.0, "area_km2_approx": 0.003}, "geometry": {"type": "Polygon", "coordinates": [[[120.23553846467544, 31.375044142916956], [120.23553846467544, 31.374483111130406], [120.23601246405524, 31.374483111130406], [120.23601246405524, 31.375044142916956], [120.23553846467544, 31.375044142916956]]]}}, {"type": "Feature", "properties": {"threshold_ug_l": 20.0, "area_km2_approx": 0.008}, "geometry": {"type": "Polygon", "coordinates": [[[120.19145652235483, 31.375044142916956], [120.19145652235483, 31.373922079343856], [120.19193052173462, 31.373922079343856], [120.19193052173462, 31.374483111130406], [120.1924045211144, 31.374483111130406], [120.1924045211144, 31.375044142916956], [120.19145652235483, 31.375044142916956]]]}}, {"type": "Feature", "properties": {"threshold_ug_l": 20.0, "area_km2_approx": 0.006}, "geometry": {"type": "Polygon", "coordinates": [[[120.06632068608982, 31.374483111130406], [120.06632068608982, 31.373922079343856], [120.06726868484941, 31.373922079343856], [120.06726868484941, 31.374483111130406], [120.06632068608982, 31.374483111130406]]]}}, {"type": "Feature", "properties": {"threshold_ug_l": 20.0, "area_km2_approx": 0.003}, "geometry": {"type": "Polygon", "coordinates": [[[120.07437867554628, 31.374483111130406], [120.07437867554628, 31.373922079343856], [120.07485267492608, 31.373922079343856], [120.07485267492608, 31.374483111130406], [120.07437867554628, 31.374483111130406]]]}}, {"type": "Feature", "properties": {"threshold_ug_l": 20.0, "area_km2_approx": 0.003}, "geometry": {"type": "Polygon", "coordinates": [[[120.23127247025732, 31.374483111130406], [120.23127247025732, 31.373922079343856], [120.23174646963712, 31.373922079343856], [120.23174646963712, 31.374483111130406], [120.23127247025732, 31.374483111130406]]]}}, {"type": "Feature", "properties": {"threshold_ug_l": 20.0, "area_km2_approx": 0.003}, "geometry": {"type": "Polygon", "coordinates": [[[120.23032447149774, 31.373922079343856], [120.23032447149774, 31.373361047557307], [120.23079847087753, 31.373361047557307], [120.23079847087753, 31.373922079343856], [120.23032447149774, 31.373922079343856]]]}}, {"type": "Feature", "properties": {"threshold_ug_l": 20.0, "area_km2_approx": 0.017}, "geometry": {"type": "Polygon", "coordinates": [[[120.06015869415253, 31.373922079343856], [120.06015869415253, 31.373361047557307], [120.06158069229191, 31.373361047557307], [120.06158069229191, 31.372800015770753], [120.0620546916717, 31.372800015770753], [120.0620546916717, 31.373361047557307], [120.0625286910515, 31.373361047557307], [120.0625286910515, 31.373922079343856], [120.06015869415253, 31.373922079343856]]]}}, {"type": "Feature", "properties": {"threshold_ug_l": 20.0, "area_km2_approx": 0.028}, "geometry": {"type": "Polygon", "coordinates": [[[120.2099424981667, 31.373922079343856], [120.2099424981667, 31.373361047557307], [120.21041649754649, 31.373361047557307], [120.21041649754649, 31.372800015770753], [120.21278649444544, 31.372800015770753], [120.21278649444544, 31.373922079343856], [120.21089049692628, 31.373922079343856], [120.21089049692628, 31.373361047557307], [120.21041649754649, 31.373361047557307], [120.21041649754649, 31.373922079343856], [120.2099424981667, 31.373922079343856]]]}}, {"type": "Feature", "properties": {"threshold_ug_l": 20.0, "area_km2_approx": 0.006}, "geometry": {"type": "Polygon", "coordinates": [[[120.23316846777648, 31.373361047557307], [120.23316846777648, 31.372800015770753], [120.23411646653607, 31.372800015770753], [120.23411646653607, 31.373361047557307], [120.23316846777648, 31.373361047557307]]]}}, {"type": "Feature", "properties": {"threshold_ug_l": 20.0, "area_km2_approx": 0.039}, "geometry": {"type": "Polygon", "coordinates": [[[120.04973070779712, 31.374483111130406], [120.04973070779712, 31.373922079343856], [120.04878270903754, 31.373922079343856], [120.04878270903754, 31.372800015770753], [120.04973070779712, 31.372800015770753], [120.04973070779712, 31.372238983984204], [120.0506787065567, 31.372238983984204], [120.0506787065567, 31.373361047557307], [120.05115270593649, 31.373361047557307], [120.05115270593649, 31.374483111130406], [120.04973070779712, 31.374483111130406]]]}}, {"type": "Feature", "properties": {"threshold_ug_l": 20.0, "area_km2_approx": 0.036}, "geometry": {"type": "Polygon", "coordinates": [[[119.97578680454961, 31.373922079343856], [119.97578680454961, 31.373361047557307], [119.97436480641025, 31.373361047557307], [119.97436480641025, 31.372800015770753], [119.97483880579004, 31.372800015770753], [119.97483880579004, 31.372238983984204], [119.9767348033092, 31.372238983984204], [119.9767348033092, 31.372800015770753], [119.97720880268899, 31.372800015770753], [119.97720880268899, 31.373922079343856], [119.97578680454961, 31.373922079343856]]]}}, {"type": "Feature", "properties": {"threshold_ug_l": 20.0, "area_km2_approx": 0.003}, "geometry": {"type": "Polygon", "coordinates": [[[119.97341680765066, 31.372238983984204], [119.97341680765066, 31.371677952197654], [119.97389080703046, 31.371677952197654], [119.97389080703046, 31.372238983984204], [119.97341680765066, 31.372238983984204]]]}}, {"type": "Feature", "properties": {"threshold_ug_l": 20.0, "area_km2_approx": 0.003}, "geometry": {"type": "Polygon", "coordinates": [[[120.32654634559545, 31.372238983984204], [120.32654634559545, 31.371677952197654], [120.32702034497524, 31.371677952197654], [120.32702034497524, 31.372238983984204], [120.32654634559545, 31.372238983984204]]]}}, {"type": "Feature", "properties": {"threshold_ug_l": 20.0, "area_km2_approx": 0.022}, "geometry": {"type": "Polygon", "coordinates": [[[120.12272661228504, 31.372238983984204], [120.12272661228504, 31.371116920411104], [120.12557060856378, 31.371116920411104], [120.12557060856378, 31.371677952197654], [120.12462260980419, 31.371677952197654], [120.12462260980419, 31.372238983984204], [120.12414861042441, 31.372238983984204], [120.12414861042441, 31.371677952197654], [120.12320061166483, 31.371677952197654], [120.12320061166483, 31.372238983984204], [120.12272661228504, 31.372238983984204]]]}}, {"type": "Feature", "properties": {"threshold_ug_l": 20.0, "area_km2_approx": 0.008}, "geometry": {"type": "Polygon", "coordinates": [[[120.3227543505571, 31.372238983984204], [120.3227543505571, 31.371677952197654], [120.3232283499369, 31.371677952197654], [120.3232283499369, 31.371116920411104], [120.32417634869648, 31.371116920411104], [120.32417634869648, 31.371677952197654], [120.3232283499369, 31.371677952197654], [120.3232283499369, 31.372238983984204], [120.3227543505571, 31.372238983984204]]]}}, {"type": "Feature", "properties": {"threshold_ug_l": 20.0, "area_km2_approx": 0.006}, "geometry": {"type": "Polygon", "coordinates": [[[120.12035661538607, 31.371677952197654], [120.12035661538607, 31.371116920411104], [120.12130461414566, 31.371116920411104], [120.12130461414566, 31.371677952197654], [120.12035661538607, 31.371677952197654]]]}}, {"type": "Feature", "properties": {"threshold_ug_l": 20.0, "area_km2_approx": 0.006}, "geometry": {"type": "Polygon", "coordinates": [[[120.32038435365816, 31.371677952197654], [120.32038435365816, 31.371116920411104], [120.32133235241773, 31.371116920411104], [120.32133235241773, 31.371677952197654], [120.32038435365816, 31.371677952197654]]]}}, {"type": "Feature", "properties": {"threshold_ug_l": 20.0, "area_km2_approx": 0.587}, "geometry": {"type": "Polygon", "coordinates": [[[120.02223874376921, 31.376727238276608], [120.02223874376921, 31.376166206490055], [120.01986874687024, 31.376166206490055], [120.01986874687024, 31.375605174703505], [120.01892074811066, 31.375605174703505], [120.01892074811066, 31.375044142916956], [120.01844674873087, 31.375044142916956], [120.01844674873087, 31.375605174703505], [120.01797274935107, 31.375605174703505], [120.01797274935107, 31.376166206490055], [120.01702475059149, 31.376166206490055], [120.01702475059149, 31.375605174703505], [120.01607675183192, 31.375605174703505], [120.01607675183192, 31.375044142916956], [120.01512875307233, 31.375044142916956], [120.01512875307233, 31.375605174703505], [120.01465475369254, 31.375605174703505], [120.01465475369254, 31.375044142916956], [120.01323275555316, 31.375044142916956], [120.01323275555316, 31.374483111130406], [120.01228475679358, 31.374483111130406], [120.01228475679358, 31.372238983984204], [120.01181075741378, 31.372238983984204], [120.01181075741378, 31.371677952197654], [120.01133675803399, 31.371677952197654], [120.01133675803399, 31.371116920411104], [120.01181075741378, 31.371116920411104], [120.01181075741378, 31.371677952197654], [120.01275875617337, 31.371677952197654], [120.01275875617337, 31.372238983984204], [120.01370675493295, 31.372238983984204], [120.01370675493295, 31.371677952197654], [120.01512875307233, 31.371677952197654], [120.01512875307233, 31.372238983984204], [120.0165507512117, 31.372238983984204], [120.0165507512117, 31.371116920411104], [120.01702475059149, 31.371116920411104], [120.01702475059149, 31.370555888624555], [120.01844674873087, 31.370555888624555], [120.01844674873087, 31.371116920411104], [120.02081674562983, 31.371116920411104], [120.02081674562983, 31.371677952197654], [120.022712743149, 31.371677952197654], [120.022712743149, 31.371116920411104], [120.02460874066816, 31.371116920411104], [120.02460874066816, 31.371677952197654], [120.02508274004795, 31.371677952197654], [120.02508274004795, 31.372238983984204], [120.02555673942774, 31.372238983984204], [120.02555673942774, 31.372800015770753], [120.02603073880753, 31.372800015770753], [120.02603073880753, 31.373922079343856], [120.02508274004795, 31.373922079343856], [120.02508274004795, 31.375605174703505], [120.02413474128836, 31.375605174703505], [120.02413474128836, 31.376166206490055], [120.02318674252878, 31.376166206490055], [120.02318674252878, 31.376727238276608], [120.02223874376921, 31.376727238276608]]]}}, {"type": "Feature", "properties": {"threshold_ug_l": 20.0, "area_km2_approx": 0.637}, "geometry": {"type": "Polygon", "coordinates": [[[119.99332478160191, 31.383459619715207], [119.99332478160191, 31.382898587928658], [119.9937987809817, 31.382898587928658], [119.9937987809817, 31.38177652435556], [119.99285078222212, 31.38177652435556], [119.99285078222212, 31.38065446078246], [119.99190278346254, 31.38065446078246], [119.99190278346254, 31.380093428995906], [119.99142878408274, 31.380093428995906], [119.99142878408274, 31.378971365422807], [119.99237678284233, 31.378971365422807], [119.99237678284233, 31.377849301849707], [119.99190278346254, 31.377849301849707], [119.99190278346254, 31.377288270063158], [119.99237678284233, 31.377288270063158], [119.99237678284233, 31.376727238276608], [119.99332478160191, 31.376727238276608], [119.99332478160191, 31.376166206490055], [119.9937987809817, 31.376166206490055], [119.9937987809817, 31.375044142916956], [119.99332478160191, 31.375044142916956], [119.99332478160191, 31.373922079343856], [119.99664277726045, 31.373922079343856], [119.99664277726045, 31.373361047557307], [119.99616877788065, 31.373361047557307], [119.99616877788065, 31.372800015770753], [119.99522077912108, 31.372800015770753], [119.99522077912108, 31.372238983984204], [119.99569477850088, 31.372238983984204], [119.99569477850088, 31.371677952197654], [119.99759077602003, 31.371677952197654], [119.99759077602003, 31.372238983984204], [119.99806477539983, 31.372238983984204], [119.99806477539983, 31.372800015770753], [119.9994867735392, 31.372800015770753], [119.9994867735392, 31.370555888624555], [120.00043477229879, 31.370555888624555], [120.00043477229879, 31.371116920411104], [119.999960772919, 31.371116920411104], [119.999960772919, 31.372238983984204], [120.00090877167858, 31.372238983984204], [120.00090877167858, 31.371677952197654], [120.00138277105837, 31.371677952197654], [120.00138277105837, 31.372238983984204], [120.00185677043817, 31.372238983984204], [120.00185677043817, 31.373361047557307], [120.00090877167858, 31.373361047557307], [120.00090877167858, 31.373922079343856], [119.99806477539983, 31.373922079343856], [119.99806477539983, 31.373361047557307], [119.99759077602003, 31.373361047557307], [119.99759077602003, 31.374483111130406], [119.99664277726045, 31.374483111130406], [119.99664277726045, 31.375044142916956], [119.99711677664024, 31.375044142916956], [119.99711677664024, 31.375605174703505], [119.99901277415941, 31.375605174703505], [119.99901277415941, 31.375044142916956], [120.00043477229879, 31.375044142916956], [120.00043477229879, 31.376166206490055], [119.9994867735392, 31.376166206490055], [119.9994867735392, 31.376727238276608], [120.00043477229879, 31.376727238276608], [120.00043477229879, 31.378410333636257], [119.999960772919, 31.378410333636257], [119.999960772919, 31.377849301849707], [119.9994867735392, 31.377849301849707], [119.9994867735392, 31.378410333636257], [119.99853877477962, 31.378410333636257], [119.99853877477962, 31.379532397209356], [119.99806477539983, 31.379532397209356], [119.99806477539983, 31.380093428995906], [119.99664277726045, 31.380093428995906], [119.99664277726045, 31.38065446078246], [119.99616877788065, 31.38065446078246], [119.99616877788065, 31.38121549256901], [119.99664277726045, 31.38121549256901], [119.99664277726045, 31.382898587928658], [119.99616877788065, 31.382898587928658], [119.99616877788065, 31.383459619715207], [119.9942727803615, 31.383459619715207], [119.9942727803615, 31.382898587928658], [119.9937987809817, 31.382898587928658], [119.9937987809817, 31.383459619715207], [119.99332478160191, 31.383459619715207]]]}}, {"type": "Feature", "properties": {"threshold_ug_l": 20.0, "area_km2_approx": 0.003}, "geometry": {"type": "Polygon", "coordinates": [[[119.9715208101315, 31.371116920411104], [119.9715208101315, 31.370555888624555], [119.97199480951129, 31.370555888624555], [119.97199480951129, 31.371116920411104], [119.9715208101315, 31.371116920411104]]]}}, {"type": "Feature", "properties": {"threshold_ug_l": 20.0, "area_km2_approx": 0.003}, "geometry": {"type": "Polygon", "coordinates": [[[120.01560275245212, 31.371116920411104], [120.01560275245212, 31.370555888624555], [120.01607675183192, 31.370555888624555], [120.01607675183192, 31.371116920411104], [120.01560275245212, 31.371116920411104]]]}}, {"type": "Feature", "properties": {"threshold_ug_l": 20.0, "area_km2_approx": 0.017}, "geometry": {"type": "Polygon", "coordinates": [[[120.29241839025045, 31.371677952197654], [120.29241839025045, 31.370555888624555], [120.29336638901003, 31.370555888624555], [120.29336638901003, 31.369994856838005], [120.29384038838982, 31.369994856838005], [120.29384038838982, 31.370555888624555], [120.2943143877696, 31.370555888624555], [120.2943143877696, 31.371116920411104], [120.29289238963024, 31.371116920411104], [120.29289238963024, 31.371677952197654], [120.29241839025045, 31.371677952197654]]]}}, {"type": "Feature", "properties": {"threshold_ug_l": 20.0, "area_km2_approx": 0.006}, "geometry": {"type": "Polygon", "coordinates": [[[120.0904946544592, 31.371116920411104], [120.0904946544592, 31.369994856838005], [120.09096865383898, 31.369994856838005], [120.09096865383898, 31.371116920411104], [120.0904946544592, 31.371116920411104]]]}}, {"type": "Feature", "properties": {"threshold_ug_l": 20.0, "area_km2_approx": 0.006}, "geometry": {"type": "Polygon", "coordinates": [[[120.16586055584607, 31.369433825051455], [120.16586055584607, 31.368872793264902], [120.16680855460565, 31.368872793264902], [120.16680855460565, 31.369433825051455], [120.16586055584607, 31.369433825051455]]]}}, {"type": "Feature", "properties": {"threshold_ug_l": 20.0, "area_km2_approx": 0.319}, "geometry": {"type": "Polygon", "coordinates": [[[120.27582841195773, 31.376727238276608], [120.27582841195773, 31.376166206490055], [120.27535441257794, 31.376166206490055], [120.27535441257794, 31.375044142916956], [120.27582841195773, 31.375044142916956], [120.27582841195773, 31.374483111130406], [120.27630241133753, 31.374483111130406], [120.27630241133753, 31.373361047557307], [120.27488041319815, 31.373361047557307], [120.27488041319815, 31.372238983984204], [120.27345841505878, 31.372238983984204], [120.27345841505878, 31.371677952197654], [120.27298441567899, 31.371677952197654], [120.27298441567899, 31.372238983984204], [120.27108841815982, 31.372238983984204], [120.27108841815982, 31.371677952197654], [120.27061441878003, 31.371677952197654], [120.27061441878003, 31.371116920411104], [120.27014041940024, 31.371116920411104], [120.27014041940024, 31.370555888624555], [120.26966642002044, 31.370555888624555], [120.26966642002044, 31.369433825051455], [120.27014041940024, 31.369433825051455], [120.27014041940024, 31.368311761478353], [120.27156241753961, 31.368311761478353], [120.27156241753961, 31.367750729691803], [120.2720364169194, 31.367750729691803], [120.2720364169194, 31.368311761478353], [120.27298441567899, 31.368311761478353], [120.27298441567899, 31.368872793264902], [120.27393241443856, 31.368872793264902], [120.27393241443856, 31.369433825051455], [120.27488041319815, 31.369433825051455], [120.27488041319815, 31.371116920411104], [120.27440641381835, 31.371116920411104], [120.27440641381835, 31.371677952197654], [120.27488041319815, 31.371677952197654], [120.27488041319815, 31.372238983984204], [120.27630241133753, 31.372238983984204], [120.27630241133753, 31.372800015770753], [120.27725041009711, 31.372800015770753], [120.27725041009711, 31.373361047557307], [120.2781984088567, 31.373361047557307], [120.2781984088567, 31.373922079343856], [120.27867240823649, 31.373922079343856], [120.27867240823649, 31.373361047557307], [120.28009440637587, 31.373361047557307], [120.28009440637587, 31.375605174703505], [120.2781984088567, 31.375605174703505], [120.2781984088567, 31.376727238276608], [120.27677641071732, 31.376727238276608], [120.27677641071732, 31.376166206490055], [120.27630241133753, 31.376166206490055], [120.27630241133753, 31.376727238276608], [120.27582841195773, 31.376727238276608]]]}}, {"type": "Feature", "properties": {"threshold_ug_l": 20.0, "area_km2_approx": 0.003}, "geometry": {"type": "Polygon", "coordinates": [[[120.22890247335836, 31.367750729691803], [120.22890247335836, 31.367189697905253], [120.22937647273815, 31.367189697905253], [120.22937647273815, 31.367750729691803], [120.22890247335836, 31.367750729691803]]]}}, {"type": "Feature", "properties": {"threshold_ug_l": 20.0, "area_km2_approx": 0.003}, "geometry": {"type": "Polygon", "coordinates": [[[120.01133675803399, 31.367189697905253], [120.01133675803399, 31.366628666118704], [120.01181075741378, 31.366628666118704], [120.01181075741378, 31.367189697905253], [120.01133675803399, 31.367189697905253]]]}}, {"type": "Feature", "properties": {"threshold_ug_l": 20.0, "area_km2_approx": 0.011}, "geometry": {"type": "Polygon", "coordinates": [[[120.06537268733024, 31.366067634332154], [120.06537268733024, 31.3655066025456], [120.06726868484941, 31.3655066025456], [120.06726868484941, 31.366067634332154], [120.06537268733024, 31.366067634332154]]]}}, {"type": "Feature", "properties": {"threshold_ug_l": 20.0, "area_km2_approx": 0.184}, "geometry": {"type": "Polygon", "coordinates": [[[120.23032447149774, 31.371677952197654], [120.23032447149774, 31.370555888624555], [120.23079847087753, 31.370555888624555], [120.23079847087753, 31.368872793264902], [120.23127247025732, 31.368872793264902], [120.23127247025732, 31.368311761478353], [120.23079847087753, 31.368311761478353], [120.23079847087753, 31.367750729691803], [120.22985047211795, 31.367750729691803], [120.22985047211795, 31.366628666118704], [120.23127247025732, 31.366628666118704], [120.23127247025732, 31.36494557075905], [120.23411646653607, 31.36494557075905], [120.23411646653607, 31.366067634332154], [120.23316846777648, 31.366067634332154], [120.23316846777648, 31.366628666118704], [120.23364246715627, 31.366628666118704], [120.23364246715627, 31.368311761478353], [120.23316846777648, 31.368311761478353], [120.23316846777648, 31.368872793264902], [120.2326944683967, 31.368872793264902], [120.2326944683967, 31.369433825051455], [120.23316846777648, 31.369433825051455], [120.23316846777648, 31.371116920411104], [120.23222046901691, 31.371116920411104], [120.23222046901691, 31.371677952197654], [120.23127247025732, 31.371677952197654], [120.23127247025732, 31.371116920411104], [120.23079847087753, 31.371116920411104], [120.23079847087753, 31.371677952197654], [120.23032447149774, 31.371677952197654]], [[120.23127247025732, 31.371116920411104], [120.23174646963712, 31.371116920411104], [120.23174646963712, 31.370555888624555], [120.23127247025732, 31.370555888624555], [120.23127247025732, 31.371116920411104]]]}}, {"type": "Feature", "properties": {"threshold_ug_l": 20.0, "area_km2_approx": 0.006}, "geometry": {"type": "Polygon", "coordinates": [[[120.0502047071769, 31.366067634332154], [120.0502047071769, 31.36494557075905], [120.0506787065567, 31.36494557075905], [120.0506787065567, 31.366067634332154], [120.0502047071769, 31.366067634332154]]]}}, {"type": "Feature", "properties": {"threshold_ug_l": 20.0, "area_km2_approx": 0.006}, "geometry": {"type": "Polygon", "coordinates": [[[120.0506787065567, 31.3643845389725], [120.0506787065567, 31.363262475399402], [120.05115270593649, 31.363262475399402], [120.05115270593649, 31.3643845389725], [120.0506787065567, 31.3643845389725]]]}}, {"type": "Feature", "properties": {"threshold_ug_l": 20.0, "area_km2_approx": 0.006}, "geometry": {"type": "Polygon", "coordinates": [[[120.15685456763003, 31.3643845389725], [120.15685456763003, 31.363262475399402], [120.15732856700983, 31.363262475399402], [120.15732856700983, 31.3643845389725], [120.15685456763003, 31.3643845389725]]]}}, {"type": "Feature", "properties": {"threshold_ug_l": 20.0, "area_km2_approx": 0.008}, "geometry": {"type": "Polygon", "coordinates": [[[120.33365633629232, 31.3643845389725], [120.33365633629232, 31.363823507185952], [120.33413033567211, 31.363823507185952], [120.33413033567211, 31.363262475399402], [120.33460433505189, 31.363262475399402], [120.33460433505189, 31.3643845389725], [120.33365633629232, 31.3643845389725]]]}}, {"type": "Feature", "properties": {"threshold_ug_l": 20.0, "area_km2_approx": 0.003}, "geometry": {"type": "Polygon", "coordinates": [[[120.07580067368566, 31.362140411826303], [120.07580067368566, 31.36157938003975], [120.07627467306546, 31.36157938003975], [120.07627467306546, 31.362140411826303], [120.07580067368566, 31.362140411826303]]]}}, {"type": "Feature", "properties": {"threshold_ug_l": 20.0, "area_km2_approx": 0.003}, "geometry": {"type": "Polygon", "coordinates": [[[120.08859865694004, 31.362140411826303], [120.08859865694004, 31.36157938003975], [120.08907265631983, 31.36157938003975], [120.08907265631983, 31.362140411826303], [120.08859865694004, 31.362140411826303]]]}}, {"type": "Feature", "properties": {"threshold_ug_l": 20.0, "area_km2_approx": 0.039}, "geometry": {"type": "Polygon", "coordinates": [[[120.09002065507941, 31.363262475399402], [120.09002065507941, 31.36157938003975], [120.0904946544592, 31.36157938003975], [120.0904946544592, 31.3610183482532], [120.09144265321878, 31.3610183482532], [120.09144265321878, 31.36157938003975], [120.09239065197836, 31.36157938003975], [120.09239065197836, 31.362701443612853], [120.09096865383898, 31.362701443612853], [120.09096865383898, 31.363262475399402], [120.09002065507941, 31.363262475399402]]]}}, {"type": "Feature", "properties": {"threshold_ug_l": 20.0, "area_km2_approx": 0.006}, "geometry": {"type": "Polygon", "coordinates": [[[119.98716278966462, 31.36157938003975], [119.98716278966462, 31.3610183482532], [119.98811078842421, 31.3610183482532], [119.98811078842421, 31.36157938003975], [119.98716278966462, 31.36157938003975]]]}}, {"type": "Feature", "properties": {"threshold_ug_l": 20.0, "area_km2_approx": 0.006}, "geometry": {"type": "Polygon", "coordinates": [[[120.0506787065567, 31.36157938003975], [120.0506787065567, 31.3610183482532], [120.05162670531628, 31.3610183482532], [120.05162670531628, 31.36157938003975], [120.0506787065567, 31.36157938003975]]]}}, {"type": "Feature", "properties": {"threshold_ug_l": 20.0, "area_km2_approx": 0.003}, "geometry": {"type": "Polygon", "coordinates": [[[120.05873669601316, 31.36157938003975], [120.05873669601316, 31.3610183482532], [120.05921069539295, 31.3610183482532], [120.05921069539295, 31.36157938003975], [120.05873669601316, 31.36157938003975]]]}}, {"type": "Feature", "properties": {"threshold_ug_l": 20.0, "area_km2_approx": 0.059}, "geometry": {"type": "Polygon", "coordinates": [[[120.33555233381148, 31.363823507185952], [120.33555233381148, 31.363262475399402], [120.33507833443169, 31.363262475399402], [120.33507833443169, 31.362701443612853], [120.33697433195086, 31.362701443612853], [120.33697433195086, 31.362140411826303], [120.33887032947003, 31.362140411826303], [120.33887032947003, 31.36157938003975], [120.33981832822961, 31.36157938003975], [120.33981832822961, 31.36045731646665], [120.3402923276094, 31.36045731646665], [120.3402923276094, 31.36157938003975], [120.33981832822961, 31.36157938003975], [120.33981832822961, 31.362140411826303], [120.33934432884982, 31.362140411826303], [120.33934432884982, 31.363262475399402], [120.33981832822961, 31.363262475399402], [120.33981832822961, 31.362701443612853], [120.3402923276094, 31.362701443612853], [120.3402923276094, 31.363262475399402], [120.33981832822961, 31.363262475399402], [120.33981832822961, 31.363823507185952], [120.33887032947003, 31.363823507185952], [120.33887032947003, 31.363262475399402], [120.33792233071044, 31.363262475399402], [120.33792233071044, 31.362701443612853], [120.33697433195086, 31.362701443612853], [120.33697433195086, 31.363262475399402], [120.33744833133065, 31.363262475399402], [120.33744833133065, 31.363823507185952], [120.33697433195086, 31.363823507185952], [120.33697433195086, 31.363262475399402], [120.33602633319127, 31.363262475399402], [120.33602633319127, 31.363823507185952], [120.33555233381148, 31.363823507185952]]]}}, {"type": "Feature", "properties": {"threshold_ug_l": 20.0, "area_km2_approx": 0.011}, "geometry": {"type": "Polygon", "coordinates": [[[120.15732856700983, 31.36157938003975], [120.15732856700983, 31.3610183482532], [120.15780256638962, 31.3610183482532], [120.15780256638962, 31.36045731646665], [120.15827656576941, 31.36045731646665], [120.15827656576941, 31.3610183482532], [120.15875056514919, 31.3610183482532], [120.15875056514919, 31.36157938003975], [120.15732856700983, 31.36157938003975]]]}}, {"type": "Feature", "properties": {"threshold_ug_l": 20.0, "area_km2_approx": 0.014}, "geometry": {"type": "Polygon", "coordinates": [[[120.21231249506566, 31.36157938003975], [120.21231249506566, 31.3610183482532], [120.21278649444544, 31.3610183482532], [120.21278649444544, 31.3598962846801], [120.21420849258482, 31.3598962846801], [120.21420849258482, 31.36045731646665], [120.21326049382523, 31.36045731646665], [120.21326049382523, 31.3610183482532], [120.21278649444544, 31.3610183482532], [120.21278649444544, 31.36157938003975], [120.21231249506566, 31.36157938003975]]]}}, {"type": "Feature", "properties": {"threshold_ug_l": 20.0, "area_km2_approx": 0.017}, "geometry": {"type": "Polygon", "coordinates": [[[120.20852050002732, 31.3610183482532], [120.20852050002732, 31.3598962846801], [120.2094684987869, 31.3598962846801], [120.2094684987869, 31.36045731646665], [120.21041649754649, 31.36045731646665], [120.21041649754649, 31.3610183482532], [120.20852050002732, 31.3610183482532]]]}}, {"type": "Feature", "properties": {"threshold_ug_l": 20.0, "area_km2_approx": 0.003}, "geometry": {"type": "Polygon", "coordinates": [[[120.34361032326794, 31.36045731646665], [120.34361032326794, 31.3598962846801], [120.34408432264773, 31.3598962846801], [120.34408432264773, 31.36045731646665], [120.34361032326794, 31.36045731646665]]]}}, {"type": "Feature", "properties": {"threshold_ug_l": 20.0, "area_km2_approx": 0.003}, "geometry": {"type": "Polygon", "coordinates": [[[120.29052239273128, 31.3598962846801], [120.29052239273128, 31.35933525289355], [120.29099639211107, 31.35933525289355], [120.29099639211107, 31.3598962846801], [120.29052239273128, 31.3598962846801]]]}}, {"type": "Feature", "properties": {"threshold_ug_l": 20.0, "area_km2_approx": 0.003}, "geometry": {"type": "Polygon", "coordinates": [[[120.35024631458502, 31.3598962846801], [120.35024631458502, 31.35933525289355], [120.35072031396481, 31.35933525289355], [120.35072031396481, 31.3598962846801], [120.35024631458502, 31.3598962846801]]]}}, {"type": "Feature", "properties": {"threshold_ug_l": 20.0, "area_km2_approx": 0.031}, "geometry": {"type": "Polygon", "coordinates": [[[120.0103887592744, 31.3610183482532], [120.0103887592744, 31.36045731646665], [120.00991475989461, 31.36045731646665], [120.00991475989461, 31.35933525289355], [120.0103887592744, 31.35933525289355], [120.0103887592744, 31.358774221107], [120.0108627586542, 31.358774221107], [120.0108627586542, 31.35933525289355], [120.01228475679358, 31.35933525289355], [120.01228475679358, 31.3598962846801], [120.01133675803399, 31.3598962846801], [120.01133675803399, 31.3610183482532], [120.0103887592744, 31.3610183482532]]]}}, {"type": "Feature", "properties": {"threshold_ug_l": 20.0, "area_km2_approx": 0.02}, "geometry": {"type": "Polygon", "coordinates": [[[120.29241839025045, 31.36045731646665], [120.29241839025045, 31.3598962846801], [120.29194439087065, 31.3598962846801], [120.29194439087065, 31.35933525289355], [120.29289238963024, 31.35933525289355], [120.29289238963024, 31.358774221107], [120.2943143877696, 31.358774221107], [120.2943143877696, 31.35933525289355], [120.29336638901003, 31.35933525289355], [120.29336638901003, 31.3598962846801], [120.29289238963024, 31.3598962846801], [120.29289238963024, 31.36045731646665], [120.29241839025045, 31.36045731646665]]]}}, {"type": "Feature", "properties": {"threshold_ug_l": 20.0, "area_km2_approx": 0.036}, "geometry": {"type": "Polygon", "coordinates": [[[119.9994867735392, 31.36045731646665], [119.9994867735392, 31.3598962846801], [119.99853877477962, 31.3598962846801], [119.99853877477962, 31.35933525289355], [120.00185677043817, 31.35933525289355], [120.00185677043817, 31.358774221107], [120.00233076981796, 31.358774221107], [120.00233076981796, 31.3598962846801], [120.00138277105837, 31.3598962846801], [120.00138277105837, 31.36045731646665], [119.9994867735392, 31.36045731646665]]]}}, {"type": "Feature", "properties": {"threshold_ug_l": 20.0, "area_km2_approx": 0.008}, "geometry": {"type": "Polygon", "coordinates": [[[120.16206856080774, 31.3598962846801], [120.16206856080774, 31.35933525289355], [120.16159456142795, 31.35933525289355], [120.16159456142795, 31.358774221107], [120.16206856080774, 31.358774221107], [120.16206856080774, 31.35933525289355], [120.16254256018753, 31.35933525289355], [120.16254256018753, 31.358774221107], [120.16301655956732, 31.358774221107], [120.16301655956732, 31.35933525289355], [120.16254256018753, 31.35933525289355], [120.16254256018753, 31.3598962846801], [120.16206856080774, 31.3598962846801]]]}}, {"type": "Feature", "properties": {"threshold_ug_l": 20.0, "area_km2_approx": 0.006}, "geometry": {"type": "Polygon", "coordinates": [[[119.99901277415941, 31.358774221107], [119.99901277415941, 31.358213189320452], [119.999960772919, 31.358213189320452], [119.999960772919, 31.358774221107], [119.99901277415941, 31.358774221107]]]}}, {"type": "Feature", "properties": {"threshold_ug_l": 20.0, "area_km2_approx": 0.103}, "geometry": {"type": "Polygon", "coordinates": [[[119.9824227958667, 31.3610183482532], [119.9824227958667, 31.36045731646665], [119.98005279896775, 31.36045731646665], [119.98005279896775, 31.3598962846801], [119.97957879958796, 31.3598962846801], [119.97957879958796, 31.35933525289355], [119.98005279896775, 31.35933525289355], [119.98005279896775, 31.358774221107], [119.9824227958667, 31.358774221107], [119.9824227958667, 31.358213189320452], [119.98289679524649, 31.358213189320452], [119.98289679524649, 31.3576521575339], [119.98337079462628, 31.3576521575339], [119.98337079462628, 31.358213189320452], [119.98431879338587, 31.358213189320452], [119.98431879338587, 31.35933525289355], [119.98479279276566, 31.35933525289355], [119.98479279276566, 31.3598962846801], [119.98431879338587, 31.3598962846801], [119.98431879338587, 31.36045731646665], [119.98384479400607, 31.36045731646665], [119.98384479400607, 31.3610183482532], [119.9824227958667, 31.3610183482532]]]}}, {"type": "Feature", "properties": {"threshold_ug_l": 20.0, "area_km2_approx": 0.003}, "geometry": {"type": "Polygon", "coordinates": [[[120.29194439087065, 31.358213189320452], [120.29194439087065, 31.3576521575339], [120.29241839025045, 31.3576521575339], [120.29241839025045, 31.358213189320452], [120.29194439087065, 31.358213189320452]]]}}, {"type": "Feature", "properties": {"threshold_ug_l": 20.0, "area_km2_approx": 0.008}, "geometry": {"type": "Polygon", "coordinates": [[[120.16254256018753, 31.358213189320452], [120.16254256018753, 31.3576521575339], [120.16206856080774, 31.3576521575339], [120.16206856080774, 31.35709112574735], [120.16301655956732, 31.35709112574735], [120.16301655956732, 31.358213189320452], [120.16254256018753, 31.358213189320452]]]}}, {"type": "Feature", "properties": {"threshold_ug_l": 20.0, "area_km2_approx": 0.07}, "geometry": {"type": "Polygon", "coordinates": [[[120.2947883871494, 31.35933525289355], [120.2947883871494, 31.358774221107], [120.29526238652919, 31.358774221107], [120.29526238652919, 31.358213189320452], [120.2943143877696, 31.358213189320452], [120.2943143877696, 31.3576521575339], [120.29573638590898, 31.3576521575339], [120.29573638590898, 31.35709112574735], [120.29715838404836, 31.35709112574735], [120.29715838404836, 31.3576521575339], [120.29905438156753, 31.3576521575339], [120.29905438156753, 31.35933525289355], [120.29810638280794, 31.35933525289355], [120.29810638280794, 31.358774221107], [120.29573638590898, 31.358774221107], [120.29573638590898, 31.35933525289355], [120.2947883871494, 31.35933525289355]]]}}, {"type": "Feature", "properties": {"threshold_ug_l": 20.0, "area_km2_approx": 0.003}, "geometry": {"type": "Polygon", "coordinates": [[[120.01560275245212, 31.3576521575339], [120.01560275245212, 31.35709112574735], [120.01607675183192, 31.35709112574735], [120.01607675183192, 31.3576521575339], [120.01560275245212, 31.3576521575339]]]}}, {"type": "Feature", "properties": {"threshold_ug_l": 20.0, "area_km2_approx": 0.014}, "geometry": {"type": "Polygon", "coordinates": [[[120.01465475369254, 31.35709112574735], [120.01465475369254, 31.35596906217425], [120.01512875307233, 31.35596906217425], [120.01512875307233, 31.3554080303877], [120.01560275245212, 31.3554080303877], [120.01560275245212, 31.35596906217425], [120.01607675183192, 31.35596906217425], [120.01607675183192, 31.3565300939608], [120.01512875307233, 31.3565300939608], [120.01512875307233, 31.35709112574735], [120.01465475369254, 31.35709112574735]]]}}, {"type": "Feature", "properties": {"threshold_ug_l": 20.0, "area_km2_approx": 0.095}, "geometry": {"type": "Polygon", "coordinates": [[[120.03077073260545, 31.358213189320452], [120.03077073260545, 31.3576521575339], [120.03029673322565, 31.3576521575339], [120.03029673322565, 31.35709112574735], [120.02982273384586, 31.35709112574735], [120.02982273384586, 31.3565300939608], [120.02934873446608, 31.3565300939608], [120.02934873446608, 31.3554080303877], [120.03029673322565, 31.3554080303877], [120.03029673322565, 31.35484699860115], [120.03219273074482, 31.35484699860115], [120.03219273074482, 31.3554080303877], [120.03314072950441, 31.3554080303877], [120.03314072950441, 31.35709112574735], [120.03266673012462, 31.35709112574735], [120.03266673012462, 31.3576521575339], [120.03171873136503, 31.3576521575339], [120.03171873136503, 31.358213189320452], [120.03077073260545, 31.358213189320452]]]}}, {"type": "Feature", "properties": {"threshold_ug_l": 20.0, "area_km2_approx": 0.006}, "geometry": {"type": "Polygon", "coordinates": [[[120.19193052173462, 31.3554080303877], [120.19193052173462, 31.35484699860115], [120.19287852049419, 31.35484699860115], [120.19287852049419, 31.3554080303877], [120.19193052173462, 31.3554080303877]]]}}, {"type": "Feature", "properties": {"threshold_ug_l": 20.0, "area_km2_approx": 0.003}, "geometry": {"type": "Polygon", "coordinates": [[[120.23174646963712, 31.3554080303877], [120.23174646963712, 31.35484699860115], [120.23222046901691, 31.35484699860115], [120.23222046901691, 31.3554080303877], [120.23174646963712, 31.3554080303877]]]}}, {"type": "Feature", "properties": {"threshold_ug_l": 20.0, "area_km2_approx": 0.003}, "geometry": {"type": "Polygon", "coordinates": [[[120.15164057445233, 31.35484699860115], [120.15164057445233, 31.3542859668146], [120.15211457383211, 31.3542859668146], [120.15211457383211, 31.35484699860115], [120.15164057445233, 31.35484699860115]]]}}, {"type": "Feature", "properties": {"threshold_ug_l": 20.0, "area_km2_approx": 0.006}, "geometry": {"type": "Polygon", "coordinates": [[[120.3175403573794, 31.35484699860115], [120.3175403573794, 31.3542859668146], [120.31848835613899, 31.3542859668146], [120.31848835613899, 31.35484699860115], [120.3175403573794, 31.35484699860115]]]}}, {"type": "Feature", "properties": {"threshold_ug_l": 20.0, "area_km2_approx": 0.008}, "geometry": {"type": "Polygon", "coordinates": [[[120.10566263461253, 31.3542859668146], [120.10566263461253, 31.353163903241498], [120.10661063337211, 31.353163903241498], [120.10661063337211, 31.353724935028048], [120.10613663399232, 31.353724935028048], [120.10613663399232, 31.3542859668146], [120.10566263461253, 31.3542859668146]]]}}, {"type": "Feature", "properties": {"threshold_ug_l": 20.0, "area_km2_approx": 0.006}, "geometry": {"type": "Polygon", "coordinates": [[[120.30853436916335, 31.3542859668146], [120.30853436916335, 31.353163903241498], [120.30900836854315, 31.353163903241498], [120.30900836854315, 31.3542859668146], [120.30853436916335, 31.3542859668146]]]}}, {"type": "Feature", "properties": {"threshold_ug_l": 20.0, "area_km2_approx": 0.011}, "geometry": {"type": "Polygon", "coordinates": [[[120.12225261290524, 31.3520418396684], [120.12225261290524, 31.3509197760953], [120.12320061166483, 31.3509197760953], [120.12320061166483, 31.3520418396684], [120.12225261290524, 31.3520418396684]]]}}, {"type": "Feature", "properties": {"threshold_ug_l": 20.0, "area_km2_approx": 0.017}, "geometry": {"type": "Polygon", "coordinates": [[[120.16017256328857, 31.35148080788185], [120.16017256328857, 31.350358744308746], [120.16206856080774, 31.350358744308746], [120.16206856080774, 31.3509197760953], [120.16112056204815, 31.3509197760953], [120.16112056204815, 31.35148080788185], [120.16017256328857, 31.35148080788185]]]}}, {"type": "Feature", "properties": {"threshold_ug_l": 20.0, "area_km2_approx": 0.028}, "geometry": {"type": "Polygon", "coordinates": [[[119.9942727803615, 31.35148080788185], [119.9942727803615, 31.350358744308746], [119.99522077912108, 31.350358744308746], [119.99522077912108, 31.349797712522196], [119.99616877788065, 31.349797712522196], [119.99616877788065, 31.35148080788185], [119.9942727803615, 31.35148080788185]]]}}, {"type": "Feature", "properties": {"threshold_ug_l": 20.0, "area_km2_approx": 0.006}, "geometry": {"type": "Polygon", "coordinates": [[[120.15922456452898, 31.3509197760953], [120.15922456452898, 31.349797712522196], [120.15969856390878, 31.349797712522196], [120.15969856390878, 31.3509197760953], [120.15922456452898, 31.3509197760953]]]}}, {"type": "Feature", "properties": {"threshold_ug_l": 20.0, "area_km2_approx": 0.003}, "geometry": {"type": "Polygon", "coordinates": [[[120.08101466686337, 31.349797712522196], [120.08101466686337, 31.349236680735647], [120.08148866624316, 31.349236680735647], [120.08148866624316, 31.349797712522196], [120.08101466686337, 31.349797712522196]]]}}, {"type": "Feature", "properties": {"threshold_ug_l": 20.0, "area_km2_approx": 0.003}, "geometry": {"type": "Polygon", "coordinates": [[[120.06300269043129, 31.348675648949097], [120.06300269043129, 31.348114617162548], [120.06347668981108, 31.348114617162548], [120.06347668981108, 31.348675648949097], [120.06300269043129, 31.348675648949097]]]}}, {"type": "Feature", "properties": {"threshold_ug_l": 20.0, "area_km2_approx": 0.006}, "geometry": {"type": "Polygon", "coordinates": [[[120.08101466686337, 31.348675648949097], [120.08101466686337, 31.347553585375998], [120.08148866624316, 31.347553585375998], [120.08148866624316, 31.348675648949097], [120.08101466686337, 31.348675648949097]]]}}, {"type": "Feature", "properties": {"threshold_ug_l": 20.0, "area_km2_approx": 0.137}, "geometry": {"type": "Polygon", "coordinates": [[[120.26208242994377, 31.350358744308746], [120.26208242994377, 31.349797712522196], [120.26160843056398, 31.349797712522196], [120.26160843056398, 31.349236680735647], [120.2601864324246, 31.349236680735647], [120.2601864324246, 31.348114617162548], [120.26113443118419, 31.348114617162548], [120.26113443118419, 31.34699255358945], [120.26208242994377, 31.34699255358945], [120.26208242994377, 31.346431521802895], [120.26350442808315, 31.346431521802895], [120.26350442808315, 31.34699255358945], [120.26397842746294, 31.34699255358945], [120.26397842746294, 31.346431521802895], [120.26492642622253, 31.346431521802895], [120.26492642622253, 31.348675648949097], [120.26445242684274, 31.348675648949097], [120.26445242684274, 31.349236680735647], [120.26397842746294, 31.349236680735647], [120.26397842746294, 31.349797712522196], [120.26350442808315, 31.349797712522196], [120.26350442808315, 31.350358744308746], [120.26208242994377, 31.350358744308746]], [[120.26208242994377, 31.347553585375998], [120.26255642932357, 31.347553585375998], [120.26255642932357, 31.34699255358945], [120.26208242994377, 31.34699255358945], [120.26208242994377, 31.347553585375998]]]}}, {"type": "Feature", "properties": {"threshold_ug_l": 20.0, "area_km2_approx": 0.034}, "geometry": {"type": "Polygon", "coordinates": [[[120.12462260980419, 31.348114617162548], [120.12462260980419, 31.34699255358945], [120.12509660918398, 31.34699255358945], [120.12509660918398, 31.345870490016345], [120.12604460794357, 31.345870490016345], [120.12604460794357, 31.34699255358945], [120.12651860732336, 31.34699255358945], [120.12651860732336, 31.347553585375998], [120.12699260670315, 31.347553585375998], [120.12699260670315, 31.348114617162548], [120.12651860732336, 31.348114617162548], [120.12651860732336, 31.347553585375998], [120.12604460794357, 31.347553585375998], [120.12604460794357, 31.348114617162548], [120.12462260980419, 31.348114617162548]]]}}, {"type": "Feature", "properties": {"threshold_ug_l": 20.0, "area_km2_approx": 0.02}, "geometry": {"type": "Polygon", "coordinates": [[[120.06537268733024, 31.347553585375998], [120.06537268733024, 31.345870490016345], [120.06632068608982, 31.345870490016345], [120.06632068608982, 31.34699255358945], [120.06679468546962, 31.34699255358945], [120.06679468546962, 31.347553585375998], [120.06537268733024, 31.347553585375998]]]}}, {"type": "Feature", "properties": {"threshold_ug_l": 20.0, "area_km2_approx": 0.003}, "geometry": {"type": "Polygon", "coordinates": [[[119.97057281137191, 31.346431521802895], [119.97057281137191, 31.345870490016345], [119.9710468107517, 31.345870490016345], [119.9710468107517, 31.346431521802895], [119.97057281137191, 31.346431521802895]]]}}, {"type": "Feature", "properties": {"threshold_ug_l": 20.0, "area_km2_approx": 0.003}, "geometry": {"type": "Polygon", "coordinates": [[[120.26113443118419, 31.346431521802895], [120.26113443118419, 31.345870490016345], [120.26160843056398, 31.345870490016345], [120.26160843056398, 31.346431521802895], [120.26113443118419, 31.346431521802895]]]}}, {"type": "Feature", "properties": {"threshold_ug_l": 20.0, "area_km2_approx": 0.031}, "geometry": {"type": "Polygon", "coordinates": [[[120.1810285359994, 31.346431521802895], [120.1810285359994, 31.345870490016345], [120.18055453661961, 31.345870490016345], [120.18055453661961, 31.345309458229796], [120.1810285359994, 31.345309458229796], [120.1810285359994, 31.344748426443246], [120.1815025353792, 31.344748426443246], [120.1815025353792, 31.345309458229796], [120.18245053413878, 31.345309458229796], [120.18245053413878, 31.344748426443246], [120.18292453351857, 31.344748426443246], [120.18292453351857, 31.345309458229796], [120.18339853289837, 31.345309458229796], [120.18339853289837, 31.345870490016345], [120.18245053413878, 31.345870490016345], [120.18245053413878, 31.346431521802895], [120.1810285359994, 31.346431521802895]]]}}, {"type": "Feature", "properties": {"threshold_ug_l": 20.0, "area_km2_approx": 0.008}, "geometry": {"type": "Polygon", "coordinates": [[[120.26160843056398, 31.345309458229796], [120.26160843056398, 31.344748426443246], [120.26113443118419, 31.344748426443246], [120.26113443118419, 31.344187394656696], [120.26208242994377, 31.344187394656696], [120.26208242994377, 31.345309458229796], [120.26160843056398, 31.345309458229796]]]}}, {"type": "Feature", "properties": {"threshold_ug_l": 20.0, "area_km2_approx": 0.003}, "geometry": {"type": "Polygon", "coordinates": [[[120.06869068298879, 31.344748426443246], [120.06869068298879, 31.344187394656696], [120.06916468236858, 31.344187394656696], [120.06916468236858, 31.344748426443246], [120.06869068298879, 31.344748426443246]]]}}, {"type": "Feature", "properties": {"threshold_ug_l": 20.0, "area_km2_approx": 0.003}, "geometry": {"type": "Polygon", "coordinates": [[[120.12320061166483, 31.344748426443246], [120.12320061166483, 31.344187394656696], [120.12367461104462, 31.344187394656696], [120.12367461104462, 31.344748426443246], [120.12320061166483, 31.344748426443246]]]}}, {"type": "Feature", "properties": {"threshold_ug_l": 20.0, "area_km2_approx": 0.173}, "geometry": {"type": "Polygon", "coordinates": [[[120.05589269973441, 31.349236680735647], [120.05589269973441, 31.348675648949097], [120.05541870035462, 31.348675648949097], [120.05541870035462, 31.344748426443246], [120.05494470097483, 31.344748426443246], [120.05494470097483, 31.343626362870147], [120.05541870035462, 31.343626362870147], [120.05541870035462, 31.344187394656696], [120.05731469787378, 31.344187394656696], [120.05731469787378, 31.344748426443246], [120.05778869725357, 31.344748426443246], [120.05778869725357, 31.345309458229796], [120.05826269663336, 31.345309458229796], [120.05826269663336, 31.345870490016345], [120.05921069539295, 31.345870490016345], [120.05921069539295, 31.347553585375998], [120.05968469477274, 31.347553585375998], [120.05968469477274, 31.348675648949097], [120.05731469787378, 31.348675648949097], [120.05731469787378, 31.349236680735647], [120.05589269973441, 31.349236680735647]]]}}, {"type": "Feature", "properties": {"threshold_ug_l": 20.0, "area_km2_approx": 0.02}, "geometry": {"type": "Polygon", "coordinates": [[[120.26303042870336, 31.344748426443246], [120.26303042870336, 31.344187394656696], [120.26350442808315, 31.344187394656696], [120.26350442808315, 31.343626362870147], [120.26540042560232, 31.343626362870147], [120.26540042560232, 31.344187394656696], [120.26445242684274, 31.344187394656696], [120.26445242684274, 31.344748426443246], [120.26303042870336, 31.344748426443246]]]}}, {"type": "Feature", "properties": {"threshold_ug_l": 20.0, "area_km2_approx": 0.003}, "geometry": {"type": "Polygon", "coordinates": [[[120.12225261290524, 31.344187394656696], [120.12225261290524, 31.343626362870147], [120.12272661228504, 31.343626362870147], [120.12272661228504, 31.344187394656696], [120.12225261290524, 31.344187394656696]]]}}, {"type": "Feature", "properties": {"threshold_ug_l": 20.0, "area_km2_approx": 0.003}, "geometry": {"type": "Polygon", "coordinates": [[[120.32607234621565, 31.344187394656696], [120.32607234621565, 31.343626362870147], [120.32654634559545, 31.343626362870147], [120.32654634559545, 31.344187394656696], [120.32607234621565, 31.344187394656696]]]}}, {"type": "Feature", "properties": {"threshold_ug_l": 20.0, "area_km2_approx": 0.075}, "geometry": {"type": "Polygon", "coordinates": [[[120.29573638590898, 31.345870490016345], [120.29573638590898, 31.344187394656696], [120.29668438466857, 31.344187394656696], [120.29668438466857, 31.343065331083594], [120.29810638280794, 31.343065331083594], [120.29810638280794, 31.343626362870147], [120.29858038218774, 31.343626362870147], [120.29858038218774, 31.344748426443246], [120.29905438156753, 31.344748426443246], [120.29905438156753, 31.345870490016345], [120.29573638590898, 31.345870490016345]]]}}, {"type": "Feature", "properties": {"threshold_ug_l": 20.0, "area_km2_approx": 0.087}, "geometry": {"type": "Polygon", "coordinates": [[[120.27914640761628, 31.346431521802895], [120.27914640761628, 31.345870490016345], [120.2777244094769, 31.345870490016345], [120.2777244094769, 31.345309458229796], [120.27677641071732, 31.345309458229796], [120.27677641071732, 31.344187394656696], [120.27725041009711, 31.344187394656696], [120.27725041009711, 31.343065331083594], [120.2777244094769, 31.343065331083594], [120.2777244094769, 31.342504299297044], [120.27914640761628, 31.342504299297044], [120.27914640761628, 31.343065331083594], [120.27962040699607, 31.343065331083594], [120.27962040699607, 31.344187394656696], [120.28009440637587, 31.344187394656696], [120.28009440637587, 31.343065331083594], [120.28056840575564, 31.343065331083594], [120.28056840575564, 31.344187394656696], [120.28009440637587, 31.344187394656696], [120.28009440637587, 31.344748426443246], [120.27962040699607, 31.344748426443246], [120.27962040699607, 31.344187394656696], [120.27914640761628, 31.344187394656696], [120.27914640761628, 31.345870490016345], [120.28009440637587, 31.345870490016345], [120.28009440637587, 31.346431521802895], [120.27914640761628, 31.346431521802895]]]}}, {"type": "Feature", "properties": {"threshold_ug_l": 20.0, "area_km2_approx": 0.039}, "geometry": {"type": "Polygon", "coordinates": [[[120.28767839645252, 31.345309458229796], [120.28767839645252, 31.344748426443246], [120.28720439707273, 31.344748426443246], [120.28720439707273, 31.344187394656696], [120.28767839645252, 31.344187394656696], [120.28767839645252, 31.343065331083594], [120.28815239583231, 31.343065331083594], [120.28815239583231, 31.342504299297044], [120.2886263952121, 31.342504299297044], [120.2886263952121, 31.343626362870147], [120.2891003945919, 31.343626362870147], [120.2891003945919, 31.344187394656696], [120.28957439397169, 31.344187394656696], [120.28957439397169, 31.344748426443246], [120.2891003945919, 31.344748426443246], [120.2891003945919, 31.345309458229796], [120.28767839645252, 31.345309458229796]]]}}, {"type": "Feature", "properties": {"threshold_ug_l": 20.0, "area_km2_approx": 0.006}, "geometry": {"type": "Polygon", "coordinates": [[[120.26777042250127, 31.343065331083594], [120.26777042250127, 31.342504299297044], [120.26871842126086, 31.342504299297044], [120.26871842126086, 31.343065331083594], [120.26777042250127, 31.343065331083594]]]}}, {"type": "Feature", "properties": {"threshold_ug_l": 20.0, "area_km2_approx": 0.008}, "geometry": {"type": "Polygon", "coordinates": [[[120.32559834683586, 31.343065331083594], [120.32559834683586, 31.342504299297044], [120.32512434745607, 31.342504299297044], [120.32512434745607, 31.341943267510494], [120.32607234621565, 31.341943267510494], [120.32607234621565, 31.343065331083594], [120.32559834683586, 31.343065331083594]]]}}, {"type": "Feature", "properties": {"threshold_ug_l": 20.0, "area_km2_approx": 0.003}, "geometry": {"type": "Polygon", "coordinates": [[[119.95208683556004, 31.342504299297044], [119.95208683556004, 31.341943267510494], [119.95256083493983, 31.341943267510494], [119.95256083493983, 31.342504299297044], [119.95208683556004, 31.342504299297044]]]}}, {"type": "Feature", "properties": {"threshold_ug_l": 20.0, "area_km2_approx": 0.003}, "geometry": {"type": "Polygon", "coordinates": [[[120.16017256328857, 31.342504299297044], [120.16017256328857, 31.341943267510494], [120.16064656266836, 31.341943267510494], [120.16064656266836, 31.342504299297044], [120.16017256328857, 31.342504299297044]]]}}, {"type": "Feature", "properties": {"threshold_ug_l": 20.0, "area_km2_approx": 0.011}, "geometry": {"type": "Polygon", "coordinates": [[[120.18245053413878, 31.342504299297044], [120.18245053413878, 31.341943267510494], [120.18434653165795, 31.341943267510494], [120.18434653165795, 31.342504299297044], [120.18245053413878, 31.342504299297044]]]}}, {"type": "Feature", "properties": {"threshold_ug_l": 20.0, "area_km2_approx": 0.003}, "geometry": {"type": "Polygon", "coordinates": [[[120.29905438156753, 31.342504299297044], [120.29905438156753, 31.341943267510494], [120.29952838094732, 31.341943267510494], [120.29952838094732, 31.342504299297044], [120.29905438156753, 31.342504299297044]]]}}, {"type": "Feature", "properties": {"threshold_ug_l": 20.0, "area_km2_approx": 0.036}, "geometry": {"type": "Polygon", "coordinates": [[[119.96441081943462, 31.343065331083594], [119.96441081943462, 31.341382235723945], [119.96630681695379, 31.341382235723945], [119.96630681695379, 31.342504299297044], [119.96678081633358, 31.342504299297044], [119.96678081633358, 31.343065331083594], [119.96441081943462, 31.343065331083594]]]}}, {"type": "Feature", "properties": {"threshold_ug_l": 20.0, "area_km2_approx": 0.006}, "geometry": {"type": "Polygon", "coordinates": [[[120.10092264081462, 31.342504299297044], [120.10092264081462, 31.341382235723945], [120.10139664019441, 31.341382235723945], [120.10139664019441, 31.342504299297044], [120.10092264081462, 31.342504299297044]]]}}, {"type": "Feature", "properties": {"threshold_ug_l": 20.0, "area_km2_approx": 0.014}, "geometry": {"type": "Polygon", "coordinates": [[[120.15685456763003, 31.342504299297044], [120.15685456763003, 31.341943267510494], [120.15638056825024, 31.341943267510494], [120.15638056825024, 31.341382235723945], [120.15780256638962, 31.341382235723945], [120.15780256638962, 31.342504299297044], [120.15685456763003, 31.342504299297044]]]}}, {"type": "Feature", "properties": {"threshold_ug_l": 20.0, "area_km2_approx": 0.003}, "geometry": {"type": "Polygon", "coordinates": [[[120.15827656576941, 31.341943267510494], [120.15827656576941, 31.341382235723945], [120.15875056514919, 31.341382235723945], [120.15875056514919, 31.341943267510494], [120.15827656576941, 31.341943267510494]]]}}, {"type": "Feature", "properties": {"threshold_ug_l": 20.0, "area_km2_approx": 0.003}, "geometry": {"type": "Polygon", "coordinates": [[[120.27914640761628, 31.341382235723945], [120.27914640761628, 31.340821203937395], [120.27962040699607, 31.340821203937395], [120.27962040699607, 31.341382235723945], [120.27914640761628, 31.341382235723945]]]}}, {"type": "Feature", "properties": {"threshold_ug_l": 20.0, "area_km2_approx": 0.008}, "geometry": {"type": "Polygon", "coordinates": [[[120.09855264391565, 31.341382235723945], [120.09855264391565, 31.340260172150845], [120.09902664329545, 31.340260172150845], [120.09902664329545, 31.340821203937395], [120.09950064267524, 31.340821203937395], [120.09950064267524, 31.341382235723945], [120.09855264391565, 31.341382235723945]]]}}, {"type": "Feature", "properties": {"threshold_ug_l": 20.0, "area_km2_approx": 0.006}, "geometry": {"type": "Polygon", "coordinates": [[[120.18339853289837, 31.341382235723945], [120.18339853289837, 31.340821203937395], [120.18292453351857, 31.340821203937395], [120.18292453351857, 31.340260172150845], [120.18339853289837, 31.340260172150845], [120.18339853289837, 31.340821203937395], [120.18387253227816, 31.340821203937395], [120.18387253227816, 31.341382235723945], [120.18339853289837, 31.341382235723945]]]}}, {"type": "Feature", "properties": {"threshold_ug_l": 20.0, "area_km2_approx": 0.003}, "geometry": {"type": "Polygon", "coordinates": [[[120.29289238963024, 31.340821203937395], [120.29289238963024, 31.340260172150845], [120.29336638901003, 31.340260172150845], [120.29336638901003, 31.340821203937395], [120.29289238963024, 31.340821203937395]]]}}, {"type": "Feature", "properties": {"threshold_ug_l": 20.0, "area_km2_approx": 0.011}, "geometry": {"type": "Polygon", "coordinates": [[[120.07674867244525, 31.340821203937395], [120.07674867244525, 31.340260172150845], [120.07627467306546, 31.340260172150845], [120.07627467306546, 31.339699140364296], [120.07674867244525, 31.339699140364296], [120.07674867244525, 31.339138108577743], [120.07722267182503, 31.339138108577743], [120.07722267182503, 31.340821203937395], [120.07674867244525, 31.340821203937395]]]}}, {"type": "Feature", "properties": {"threshold_ug_l": 20.0, "area_km2_approx": 0.025}, "geometry": {"type": "Polygon", "coordinates": [[[120.28767839645252, 31.340821203937395], [120.28767839645252, 31.339699140364296], [120.28815239583231, 31.339699140364296], [120.28815239583231, 31.339138108577743], [120.2891003945919, 31.339138108577743], [120.2891003945919, 31.339699140364296], [120.28957439397169, 31.339699140364296], [120.28957439397169, 31.340821203937395], [120.2891003945919, 31.340821203937395], [120.2891003945919, 31.340260172150845], [120.2886263952121, 31.340260172150845], [120.2886263952121, 31.340821203937395], [120.28767839645252, 31.340821203937395]]]}}, {"type": "Feature", "properties": {"threshold_ug_l": 20.0, "area_km2_approx": 0.011}, "geometry": {"type": "Polygon", "coordinates": [[[120.04593871275878, 31.340260172150845], [120.04593871275878, 31.339699140364296], [120.04688671151837, 31.339699140364296], [120.04688671151837, 31.339138108577743], [120.04736071089816, 31.339138108577743], [120.04736071089816, 31.340260172150845], [120.04593871275878, 31.340260172150845]]]}}, {"type": "Feature", "properties": {"threshold_ug_l": 20.0, "area_km2_approx": 0.003}, "geometry": {"type": "Polygon", "coordinates": [[[120.3232283499369, 31.339138108577743], [120.3232283499369, 31.338577076791193], [120.32370234931669, 31.338577076791193], [120.32370234931669, 31.339138108577743], [120.3232283499369, 31.339138108577743]]]}}, {"type": "Feature", "properties": {"threshold_ug_l": 20.0, "area_km2_approx": 0.011}, "geometry": {"type": "Polygon", "coordinates": [[[120.1525885732119, 31.339138108577743], [120.1525885732119, 31.338577076791193], [120.15211457383211, 31.338577076791193], [120.15211457383211, 31.338016045004643], [120.15353657197149, 31.338016045004643], [120.15353657197149, 31.338577076791193], [120.1530625725917, 31.338577076791193], [120.1530625725917, 31.339138108577743], [120.1525885732119, 31.339138108577743]]]}}, {"type": "Feature", "properties": {"threshold_ug_l": 20.0, "area_km2_approx": 0.092}, "geometry": {"type": "Polygon", "coordinates": [[[120.2326944683967, 31.340821203937395], [120.2326944683967, 31.340260172150845], [120.23127247025732, 31.340260172150845], [120.23127247025732, 31.338577076791193], [120.23174646963712, 31.338577076791193], [120.23174646963712, 31.338016045004643], [120.23222046901691, 31.338016045004643], [120.23222046901691, 31.337455013218094], [120.23316846777648, 31.337455013218094], [120.23316846777648, 31.338016045004643], [120.23411646653607, 31.338016045004643], [120.23411646653607, 31.338577076791193], [120.23506446529565, 31.338577076791193], [120.23506446529565, 31.340260172150845], [120.23364246715627, 31.340260172150845], [120.23364246715627, 31.340821203937395], [120.2326944683967, 31.340821203937395]]]}}, {"type": "Feature", "properties": {"threshold_ug_l": 20.0, "area_km2_approx": 0.008}, "geometry": {"type": "Polygon", "coordinates": [[[120.23601246405524, 31.338577076791193], [120.23601246405524, 31.338016045004643], [120.23553846467544, 31.338016045004643], [120.23553846467544, 31.337455013218094], [120.23601246405524, 31.337455013218094], [120.23601246405524, 31.338016045004643], [120.23648646343503, 31.338016045004643], [120.23648646343503, 31.337455013218094], [120.23696046281482, 31.337455013218094], [120.23696046281482, 31.338016045004643], [120.23648646343503, 31.338016045004643], [120.23648646343503, 31.338577076791193], [120.23601246405524, 31.338577076791193]]]}}, {"type": "Feature", "properties": {"threshold_ug_l": 20.0, "area_km2_approx": 0.003}, "geometry": {"type": "Polygon", "coordinates": [[[120.23459046591586, 31.336893981431544], [120.23459046591586, 31.336332949644994], [120.23506446529565, 31.336332949644994], [120.23506446529565, 31.336893981431544], [120.23459046591586, 31.336893981431544]]]}}, {"type": "Feature", "properties": {"threshold_ug_l": 20.0, "area_km2_approx": 0.003}, "geometry": {"type": "Polygon", "coordinates": [[[120.31137836544211, 31.335771917858445], [120.31137836544211, 31.33521088607189], [120.3118523648219, 31.33521088607189], [120.3118523648219, 31.335771917858445], [120.31137836544211, 31.335771917858445]]]}}, {"type": "Feature", "properties": {"threshold_ug_l": 20.0, "area_km2_approx": 0.022}, "geometry": {"type": "Polygon", "coordinates": [[[120.15164057445233, 31.335771917858445], [120.15164057445233, 31.33521088607189], [120.15211457383211, 31.33521088607189], [120.15211457383211, 31.334088822498792], [120.1530625725917, 31.334088822498792], [120.1530625725917, 31.33464985428534], [120.15353657197149, 31.33464985428534], [120.15353657197149, 31.33521088607189], [120.1530625725917, 31.33521088607189], [120.1530625725917, 31.335771917858445], [120.15164057445233, 31.335771917858445]]]}}, {"type": "Feature", "properties": {"threshold_ug_l": 20.0, "area_km2_approx": 0.003}, "geometry": {"type": "Polygon", "coordinates": [[[120.15543256949066, 31.334088822498792], [120.15543256949066, 31.333527790712242], [120.15590656887045, 31.333527790712242], [120.15590656887045, 31.334088822498792], [120.15543256949066, 31.334088822498792]]]}}, {"type": "Feature", "properties": {"threshold_ug_l": 20.0, "area_km2_approx": 0.182}, "geometry": {"type": "Polygon", "coordinates": [[[120.31564435986023, 31.337455013218094], [120.31564435986023, 31.336893981431544], [120.31517036048044, 31.336893981431544], [120.31517036048044, 31.336332949644994], [120.31469636110064, 31.336332949644994], [120.31469636110064, 31.336893981431544], [120.31327436296128, 31.336893981431544], [120.31327436296128, 31.336332949644994], [120.3123263642017, 31.336332949644994], [120.3123263642017, 31.335771917858445], [120.31327436296128, 31.335771917858445], [120.31327436296128, 31.336332949644994], [120.31422236172087, 31.336332949644994], [120.31422236172087, 31.335771917858445], [120.31374836234107, 31.335771917858445], [120.31374836234107, 31.33521088607189], [120.3123263642017, 31.33521088607189], [120.3123263642017, 31.33464985428534], [120.3118523648219, 31.33464985428534], [120.3118523648219, 31.333527790712242], [120.3123263642017, 31.333527790712242], [120.3123263642017, 31.332966758925693], [120.31469636110064, 31.332966758925693], [120.31469636110064, 31.334088822498792], [120.31517036048044, 31.334088822498792], [120.31517036048044, 31.33464985428534], [120.31469636110064, 31.33464985428534], [120.31469636110064, 31.33521088607189], [120.31517036048044, 31.33521088607189], [120.31517036048044, 31.336332949644994], [120.31564435986023, 31.336332949644994], [120.31564435986023, 31.335771917858445], [120.31611835924002, 31.335771917858445], [120.31611835924002, 31.33464985428534], [120.31659235861981, 31.33464985428534], [120.31659235861981, 31.334088822498792], [120.3175403573794, 31.334088822498792], [120.3175403573794, 31.333527790712242], [120.31801435675919, 31.333527790712242], [120.31801435675919, 31.332966758925693], [120.31848835613899, 31.332966758925693], [120.31848835613899, 31.33521088607189], [120.31896235551878, 31.33521088607189], [120.31896235551878, 31.335771917858445], [120.31801435675919, 31.335771917858445], [120.31801435675919, 31.336332949644994], [120.31659235861981, 31.336332949644994], [120.31659235861981, 31.336893981431544], [120.31801435675919, 31.336893981431544], [120.31801435675919, 31.337455013218094], [120.31564435986023, 31.337455013218094]], [[120.31422236172087, 31.33464985428534], [120.31469636110064, 31.33464985428534], [120.31469636110064, 31.334088822498792], [120.31422236172087, 31.334088822498792], [120.31422236172087, 31.33464985428534]]]}}, {"type": "Feature", "properties": {"threshold_ug_l": 20.0, "area_km2_approx": 0.011}, "geometry": {"type": "Polygon", "coordinates": [[[119.9653588181942, 31.333527790712242], [119.9653588181942, 31.332966758925693], [119.965832817574, 31.332966758925693], [119.965832817574, 31.332405727139143], [119.96630681695379, 31.332405727139143], [119.96630681695379, 31.332966758925693], [119.96678081633358, 31.332966758925693], [119.96678081633358, 31.333527790712242], [119.9653588181942, 31.333527790712242]]]}}, {"type": "Feature", "properties": {"threshold_ug_l": 20.0, "area_km2_approx": 0.003}, "geometry": {"type": "Polygon", "coordinates": [[[120.2834124020344, 31.332966758925693], [120.2834124020344, 31.332405727139143], [120.2838864014142, 31.332405727139143], [120.2838864014142, 31.332966758925693], [120.2834124020344, 31.332966758925693]]]}}, {"type": "Feature", "properties": {"threshold_ug_l": 20.0, "area_km2_approx": 0.034}, "geometry": {"type": "Polygon", "coordinates": [[[120.14216058685649, 31.334088822498792], [120.14216058685649, 31.333527790712242], [120.1412125880969, 31.333527790712242], [120.1412125880969, 31.332966758925693], [120.1416865874767, 31.332966758925693], [120.1416865874767, 31.332405727139143], [120.14216058685649, 31.332405727139143], [120.14216058685649, 31.331844695352594], [120.14358258499587, 31.331844695352594], [120.14358258499587, 31.332405727139143], [120.14310858561608, 31.332405727139143], [120.14310858561608, 31.332966758925693], [120.14358258499587, 31.332966758925693], [120.14358258499587, 31.333527790712242], [120.14263458623628, 31.333527790712242], [120.14263458623628, 31.334088822498792], [120.14216058685649, 31.334088822498792]]]}}, {"type": "Feature", "properties": {"threshold_ug_l": 20.0, "area_km2_approx": 0.003}, "geometry": {"type": "Polygon", "coordinates": [[[119.94450284548337, 31.332405727139143], [119.94450284548337, 31.331844695352594], [119.94497684486316, 31.331844695352594], [119.94497684486316, 31.332405727139143], [119.94450284548337, 31.332405727139143]]]}}, {"type": "Feature", "properties": {"threshold_ug_l": 20.0, "area_km2_approx": 0.003}, "geometry": {"type": "Polygon", "coordinates": [[[120.00470076671691, 31.331844695352594], [120.00470076671691, 31.33128366356604], [120.0051747660967, 31.33128366356604], [120.0051747660967, 31.331844695352594], [120.00470076671691, 31.331844695352594]]]}}, {"type": "Feature", "properties": {"threshold_ug_l": 20.0, "area_km2_approx": 0.056}, "geometry": {"type": "Polygon", "coordinates": [[[119.9549308318388, 31.333527790712242], [119.9549308318388, 31.33128366356604], [119.95540483121857, 31.33128366356604], [119.95540483121857, 31.33072263177949], [119.95587883059837, 31.33072263177949], [119.95587883059837, 31.33128366356604], [119.95682682935795, 31.33128366356604], [119.95682682935795, 31.331844695352594], [119.95730082873774, 31.331844695352594], [119.95730082873774, 31.333527790712242], [119.9549308318388, 31.333527790712242]]]}}, {"type": "Feature", "properties": {"threshold_ug_l": 20.0, "area_km2_approx": 0.025}, "geometry": {"type": "Polygon", "coordinates": [[[120.0056487654765, 31.332966758925693], [120.0056487654765, 31.331844695352594], [120.00612276485629, 31.331844695352594], [120.00612276485629, 31.32960056820639], [120.00659676423608, 31.32960056820639], [120.00659676423608, 31.33072263177949], [120.00707076361587, 31.33072263177949], [120.00707076361587, 31.331844695352594], [120.00659676423608, 31.331844695352594], [120.00659676423608, 31.332405727139143], [120.00612276485629, 31.332405727139143], [120.00612276485629, 31.332966758925693], [120.0056487654765, 31.332966758925693]]]}}, {"type": "Feature", "properties": {"threshold_ug_l": 20.0, "area_km2_approx": 0.003}, "geometry": {"type": "Polygon", "coordinates": [[[120.00754476299566, 31.32960056820639], [120.00754476299566, 31.32903953641984], [120.00801876237546, 31.32903953641984], [120.00801876237546, 31.32960056820639], [120.00754476299566, 31.32960056820639]]]}}, {"type": "Feature", "properties": {"threshold_ug_l": 20.0, "area_km2_approx": 0.039}, "geometry": {"type": "Polygon", "coordinates": [[[120.20330650684961, 31.33072263177949], [120.20330650684961, 31.33016159999294], [120.20188450871024, 31.33016159999294], [120.20188450871024, 31.32960056820639], [120.20141050933044, 31.32960056820639], [120.20141050933044, 31.32903953641984], [120.20188450871024, 31.32903953641984], [120.20188450871024, 31.328478504633292], [120.20235850809003, 31.328478504633292], [120.20235850809003, 31.32903953641984], [120.2042545056092, 31.32903953641984], [120.2042545056092, 31.32960056820639], [120.20472850498899, 31.32960056820639], [120.20472850498899, 31.33016159999294], [120.2037805062294, 31.33016159999294], [120.2037805062294, 31.33072263177949], [120.20330650684961, 31.33072263177949]]]}}, {"type": "Feature", "properties": {"threshold_ug_l": 20.0, "area_km2_approx": 0.006}, "geometry": {"type": "Polygon", "coordinates": [[[120.31374836234107, 31.328478504633292], [120.31374836234107, 31.32791747284674], [120.31469636110064, 31.32791747284674], [120.31469636110064, 31.328478504633292], [120.31374836234107, 31.328478504633292]]]}}, {"type": "Feature", "properties": {"threshold_ug_l": 20.0, "area_km2_approx": 0.003}, "geometry": {"type": "Polygon", "coordinates": [[[119.94118484982484, 31.32791747284674], [119.94118484982484, 31.32735644106019], [119.94165884920463, 31.32735644106019], [119.94165884920463, 31.32791747284674], [119.94118484982484, 31.32791747284674]]]}}, {"type": "Feature", "properties": {"threshold_ug_l": 20.0, "area_km2_approx": 0.003}, "geometry": {"type": "Polygon", "coordinates": [[[120.0620546916717, 31.32735644106019], [120.0620546916717, 31.32679540927364], [120.0625286910515, 31.32679540927364], [120.0625286910515, 31.32735644106019], [120.0620546916717, 31.32735644106019]]]}}, {"type": "Feature", "properties": {"threshold_ug_l": 20.0, "area_km2_approx": 0.006}, "geometry": {"type": "Polygon", "coordinates": [[[120.31374836234107, 31.32679540927364], [120.31374836234107, 31.32567334570054], [120.31422236172087, 31.32567334570054], [120.31422236172087, 31.32679540927364], [120.31374836234107, 31.32679540927364]]]}}, {"type": "Feature", "properties": {"threshold_ug_l": 20.0, "area_km2_approx": 0.003}, "geometry": {"type": "Polygon", "coordinates": [[[119.94308084734399, 31.32511231391399], [119.94308084734399, 31.32455128212744], [119.94355484672379, 31.32455128212744], [119.94355484672379, 31.32511231391399], [119.94308084734399, 31.32511231391399]]]}}, {"type": "Feature", "properties": {"threshold_ug_l": 20.0, "area_km2_approx": 0.003}, "geometry": {"type": "Polygon", "coordinates": [[[120.10092264081462, 31.32455128212744], [120.10092264081462, 31.323990250340888], [120.10139664019441, 31.323990250340888], [120.10139664019441, 31.32455128212744], [120.10092264081462, 31.32455128212744]]]}}, {"type": "Feature", "properties": {"threshold_ug_l": 20.0, "area_km2_approx": 0.087}, "geometry": {"type": "Polygon", "coordinates": [[[119.94402884610358, 31.32960056820639], [119.94402884610358, 31.32903953641984], [119.94355484672379, 31.32903953641984], [119.94355484672379, 31.328478504633292], [119.94308084734399, 31.328478504633292], [119.94308084734399, 31.32735644106019], [119.9426068479642, 31.32735644106019], [119.9426068479642, 31.32679540927364], [119.94213284858441, 31.32679540927364], [119.94213284858441, 31.32623437748709], [119.94165884920463, 31.32623437748709], [119.94165884920463, 31.32567334570054], [119.94118484982484, 31.32567334570054], [119.94118484982484, 31.32511231391399], [119.94071085044504, 31.32511231391399], [119.94071085044504, 31.32455128212744], [119.94023685106525, 31.32455128212744], [119.94023685106525, 31.323990250340888], [119.93976285168546, 31.323990250340888], [119.93976285168546, 31.323429218554338], [119.94165884920463, 31.323429218554338], [119.94165884920463, 31.32567334570054], [119.94308084734399, 31.32567334570054], [119.94308084734399, 31.32623437748709], [119.94355484672379, 31.32623437748709], [119.94355484672379, 31.32679540927364], [119.94308084734399, 31.32679540927364], [119.94308084734399, 31.32735644106019], [119.94497684486316, 31.32735644106019], [119.94497684486316, 31.32791747284674], [119.94639884300254, 31.32791747284674], [119.94639884300254, 31.328478504633292], [119.94450284548337, 31.328478504633292], [119.94450284548337, 31.32960056820639], [119.94402884610358, 31.32960056820639]]]}}, {"type": "Feature", "properties": {"threshold_ug_l": 20.0, "area_km2_approx": 0.008}, "geometry": {"type": "Polygon", "coordinates": [[[120.102344638954, 31.323990250340888], [120.102344638954, 31.32286818676779], [120.10329263771358, 31.32286818676779], [120.10329263771358, 31.323429218554338], [120.10281863833379, 31.323429218554338], [120.10281863833379, 31.323990250340888], [120.102344638954, 31.323990250340888]]]}}, {"type": "Feature", "properties": {"threshold_ug_l": 20.0, "area_km2_approx": 0.003}, "geometry": {"type": "Polygon", "coordinates": [[[120.11229862592961, 31.323429218554338], [120.11229862592961, 31.32286818676779], [120.1127726253094, 31.32286818676779], [120.1127726253094, 31.323429218554338], [120.11229862592961, 31.323429218554338]]]}}, {"type": "Feature", "properties": {"threshold_ug_l": 20.0, "area_km2_approx": 0.006}, "geometry": {"type": "Polygon", "coordinates": [[[119.94071085044504, 31.32286818676779], [119.94071085044504, 31.32230715498124], [119.94165884920463, 31.32230715498124], [119.94165884920463, 31.32286818676779], [119.94071085044504, 31.32286818676779]]]}}, {"type": "Feature", "properties": {"threshold_ug_l": 20.0, "area_km2_approx": 0.003}, "geometry": {"type": "Polygon", "coordinates": [[[120.30474237412503, 31.32230715498124], [120.30474237412503, 31.32174612319469], [120.30521637350482, 31.32174612319469], [120.30521637350482, 31.32230715498124], [120.30474237412503, 31.32230715498124]]]}}, {"type": "Feature", "properties": {"threshold_ug_l": 20.0, "area_km2_approx": 0.006}, "geometry": {"type": "Polygon", "coordinates": [[[119.93834085354608, 31.32230715498124], [119.93834085354608, 31.32174612319469], [119.93881485292587, 31.32174612319469], [119.93881485292587, 31.32118509140814], [119.93928885230567, 31.32118509140814], [119.93928885230567, 31.32174612319469], [119.93881485292587, 31.32174612319469], [119.93881485292587, 31.32230715498124], [119.93834085354608, 31.32230715498124]]]}}, {"type": "Feature", "properties": {"threshold_ug_l": 20.0, "area_km2_approx": 0.008}, "geometry": {"type": "Polygon", "coordinates": [[[120.30332037598565, 31.32230715498124], [120.30332037598565, 31.32118509140814], [120.30379437536544, 31.32118509140814], [120.30379437536544, 31.32174612319469], [120.30426837474523, 31.32174612319469], [120.30426837474523, 31.32230715498124], [120.30332037598565, 31.32230715498124]]]}}, {"type": "Feature", "properties": {"threshold_ug_l": 20.0, "area_km2_approx": 0.003}, "geometry": {"type": "Polygon", "coordinates": [[[120.19287852049419, 31.32118509140814], [120.19287852049419, 31.320624059621586], [120.19335251987398, 31.320624059621586], [120.19335251987398, 31.32118509140814], [120.19287852049419, 31.32118509140814]]]}}, {"type": "Feature", "properties": {"threshold_ug_l": 20.0, "area_km2_approx": 0.006}, "geometry": {"type": "Polygon", "coordinates": [[[120.30474237412503, 31.320624059621586], [120.30474237412503, 31.320063027835037], [120.30426837474523, 31.320063027835037], [120.30426837474523, 31.319501996048487], [120.30474237412503, 31.319501996048487], [120.30474237412503, 31.320063027835037], [120.30521637350482, 31.320063027835037], [120.30521637350482, 31.320624059621586], [120.30474237412503, 31.320624059621586]]]}}, {"type": "Feature", "properties": {"threshold_ug_l": 20.0, "area_km2_approx": 0.003}, "geometry": {"type": "Polygon", "coordinates": [[[119.9369188554067, 31.320063027835037], [119.9369188554067, 31.319501996048487], [119.9373928547865, 31.319501996048487], [119.9373928547865, 31.320063027835037], [119.9369188554067, 31.320063027835037]]]}}, {"type": "Feature", "properties": {"threshold_ug_l": 20.0, "area_km2_approx": 0.003}, "geometry": {"type": "Polygon", "coordinates": [[[120.30142437846648, 31.320063027835037], [120.30142437846648, 31.319501996048487], [120.30189837784627, 31.319501996048487], [120.30189837784627, 31.320063027835037], [120.30142437846648, 31.320063027835037]]]}}, {"type": "Feature", "properties": {"threshold_ug_l": 20.0, "area_km2_approx": 0.008}, "geometry": {"type": "Polygon", "coordinates": [[[120.20093650995065, 31.320063027835037], [120.20093650995065, 31.318940964261937], [120.20141050933044, 31.318940964261937], [120.20141050933044, 31.319501996048487], [120.20188450871024, 31.319501996048487], [120.20188450871024, 31.320063027835037], [120.20093650995065, 31.320063027835037]]]}}, {"type": "Feature", "properties": {"threshold_ug_l": 20.0, "area_km2_approx": 0.008}, "geometry": {"type": "Polygon", "coordinates": [[[120.22179248266148, 31.319501996048487], [120.22179248266148, 31.318940964261937], [120.22321448080086, 31.318940964261937], [120.22321448080086, 31.319501996048487], [120.22179248266148, 31.319501996048487]]]}}, {"type": "Feature", "properties": {"threshold_ug_l": 20.0, "area_km2_approx": 0.006}, "geometry": {"type": "Polygon", "coordinates": [[[119.94782084114192, 31.318940964261937], [119.94782084114192, 31.318379932475388], [119.94876883990149, 31.318379932475388], [119.94876883990149, 31.318940964261937], [119.94782084114192, 31.318940964261937]]]}}, {"type": "Feature", "properties": {"threshold_ug_l": 20.0, "area_km2_approx": 0.193}, "geometry": {"type": "Polygon", "coordinates": [[[119.95066483742066, 31.32679540927364], [119.95066483742066, 31.32567334570054], [119.94924283928128, 31.32567334570054], [119.94924283928128, 31.32455128212744], [119.94971683866108, 31.32455128212744], [119.94971683866108, 31.323990250340888], [119.95019083804087, 31.323990250340888], [119.95019083804087, 31.32230715498124], [119.94971683866108, 31.32230715498124], [119.94971683866108, 31.32174612319469], [119.94924283928128, 31.32174612319469], [119.94924283928128, 31.32118509140814], [119.94971683866108, 31.32118509140814], [119.94971683866108, 31.320063027835037], [119.95019083804087, 31.320063027835037], [119.95019083804087, 31.319501996048487], [119.95066483742066, 31.319501996048487], [119.95066483742066, 31.320063027835037], [119.95113883680045, 31.320063027835037], [119.95113883680045, 31.320624059621586], [119.95161283618025, 31.320624059621586], [119.95161283618025, 31.320063027835037], [119.95208683556004, 31.320063027835037], [119.95208683556004, 31.319501996048487], [119.95113883680045, 31.319501996048487], [119.95113883680045, 31.318940964261937], [119.95066483742066, 31.318940964261937], [119.95066483742066, 31.318379932475388], [119.95113883680045, 31.318379932475388], [119.95113883680045, 31.317818900688838], [119.95161283618025, 31.317818900688838], [119.95161283618025, 31.318940964261937], [119.95256083493983, 31.318940964261937], [119.95256083493983, 31.32118509140814], [119.95208683556004, 31.32118509140814], [119.95208683556004, 31.32286818676779], [119.95256083493983, 31.32286818676779], [119.95256083493983, 31.32230715498124], [119.95303483431962, 31.32230715498124], [119.95303483431962, 31.323990250340888], [119.95256083493983, 31.323990250340888], [119.95256083493983, 31.32455128212744], [119.95208683556004, 31.32455128212744], [119.95208683556004, 31.32567334570054], [119.95161283618025, 31.32567334570054], [119.95161283618025, 31.32679540927364], [119.95066483742066, 31.32679540927364]]]}}, {"type": "Feature", "properties": {"threshold_ug_l": 20.0, "area_km2_approx": 0.008}, "geometry": {"type": "Polygon", "coordinates": [[[119.95303483431962, 31.318379932475388], [119.95303483431962, 31.317818900688838], [119.95256083493983, 31.317818900688838], [119.95256083493983, 31.31725786890229], [119.95350883369942, 31.31725786890229], [119.95350883369942, 31.318379932475388], [119.95303483431962, 31.318379932475388]]]}}, {"type": "Feature", "properties": {"threshold_ug_l": 20.0, "area_km2_approx": 0.008}, "geometry": {"type": "Polygon", "coordinates": [[[120.22321448080086, 31.317818900688838], [120.22321448080086, 31.316696837115735], [120.22416247956045, 31.316696837115735], [120.22416247956045, 31.31725786890229], [120.22368848018066, 31.31725786890229], [120.22368848018066, 31.317818900688838], [120.22321448080086, 31.317818900688838]]]}}, {"type": "Feature", "properties": {"threshold_ug_l": 20.0, "area_km2_approx": 0.199}, "geometry": {"type": "Polygon", "coordinates": [[[120.20472850498899, 31.32174612319469], [120.20472850498899, 31.32118509140814], [120.2042545056092, 31.32118509140814], [120.2042545056092, 31.320624059621586], [120.20330650684961, 31.320624059621586], [120.20330650684961, 31.319501996048487], [120.20283250746982, 31.319501996048487], [120.20283250746982, 31.317818900688838], [120.20141050933044, 31.317818900688838], [120.20141050933044, 31.31725786890229], [120.20188450871024, 31.31725786890229], [120.20188450871024, 31.315574773542636], [120.20235850809003, 31.315574773542636], [120.20235850809003, 31.315013741756086], [120.20567650374858, 31.315013741756086], [120.20567650374858, 31.315574773542636], [120.20662450250815, 31.315574773542636], [120.20662450250815, 31.316696837115735], [120.20615050312836, 31.316696837115735], [120.20615050312836, 31.31725786890229], [120.20520250436878, 31.31725786890229], [120.20520250436878, 31.318379932475388], [120.20567650374858, 31.318379932475388], [120.20567650374858, 31.319501996048487], [120.2042545056092, 31.319501996048487], [120.2042545056092, 31.320063027835037], [120.20472850498899, 31.320063027835037], [120.20472850498899, 31.320624059621586], [120.20567650374858, 31.320624059621586], [120.20567650374858, 31.32174612319469], [120.20472850498899, 31.32174612319469]]]}}, {"type": "Feature", "properties": {"threshold_ug_l": 20.0, "area_km2_approx": 0.003}, "geometry": {"type": "Polygon", "coordinates": [[[120.16254256018753, 31.315574773542636], [120.16254256018753, 31.315013741756086], [120.16301655956732, 31.315013741756086], [120.16301655956732, 31.315574773542636], [120.16254256018753, 31.315574773542636]]]}}, {"type": "Feature", "properties": {"threshold_ug_l": 20.0, "area_km2_approx": 0.003}, "geometry": {"type": "Polygon", "coordinates": [[[120.32702034497524, 31.315574773542636], [120.32702034497524, 31.315013741756086], [120.32749434435503, 31.315013741756086], [120.32749434435503, 31.315574773542636], [120.32702034497524, 31.315574773542636]]]}}, {"type": "Feature", "properties": {"threshold_ug_l": 20.0, "area_km2_approx": 0.003}, "geometry": {"type": "Polygon", "coordinates": [[[120.32796834373481, 31.315574773542636], [120.32796834373481, 31.315013741756086], [120.3284423431146, 31.315013741756086], [120.3284423431146, 31.315574773542636], [120.32796834373481, 31.315574773542636]]]}}, {"type": "Feature", "properties": {"threshold_ug_l": 20.0, "area_km2_approx": 0.008}, "geometry": {"type": "Polygon", "coordinates": [[[119.95019083804087, 31.316135805329186], [119.95019083804087, 31.315574773542636], [119.95066483742066, 31.315574773542636], [119.95066483742066, 31.315013741756086], [119.95019083804087, 31.315013741756086], [119.95019083804087, 31.314452709969537], [119.95066483742066, 31.314452709969537], [119.95066483742066, 31.315013741756086], [119.95113883680045, 31.315013741756086], [119.95113883680045, 31.315574773542636], [119.95066483742066, 31.315574773542636], [119.95066483742066, 31.316135805329186], [119.95019083804087, 31.316135805329186]]]}}, {"type": "Feature", "properties": {"threshold_ug_l": 20.0, "area_km2_approx": 0.003}, "geometry": {"type": "Polygon", "coordinates": [[[120.19145652235483, 31.313330646396437], [120.19145652235483, 31.312769614609884], [120.19193052173462, 31.312769614609884], [120.19193052173462, 31.313330646396437], [120.19145652235483, 31.313330646396437]]]}}, {"type": "Feature", "properties": {"threshold_ug_l": 20.0, "area_km2_approx": 0.003}, "geometry": {"type": "Polygon", "coordinates": [[[120.3402923276094, 31.312769614609884], [120.3402923276094, 31.312208582823335], [120.3407663269892, 31.312208582823335], [120.3407663269892, 31.312769614609884], [120.3402923276094, 31.312769614609884]]]}}, {"type": "Feature", "properties": {"threshold_ug_l": 20.0, "area_km2_approx": 0.028}, "geometry": {"type": "Polygon", "coordinates": [[[120.20852050002732, 31.313891678182987], [120.20852050002732, 31.313330646396437], [120.20899449940711, 31.313330646396437], [120.20899449940711, 31.312208582823335], [120.20852050002732, 31.312208582823335], [120.20852050002732, 31.311647551036785], [120.21041649754649, 31.311647551036785], [120.21041649754649, 31.312208582823335], [120.2099424981667, 31.312208582823335], [120.2099424981667, 31.313330646396437], [120.2094684987869, 31.313330646396437], [120.2094684987869, 31.313891678182987], [120.20852050002732, 31.313891678182987]]]}}, {"type": "Feature", "properties": {"threshold_ug_l": 20.0, "area_km2_approx": 0.003}, "geometry": {"type": "Polygon", "coordinates": [[[120.21089049692628, 31.312208582823335], [120.21089049692628, 31.311647551036785], [120.21136449630608, 31.311647551036785], [120.21136449630608, 31.312208582823335], [120.21089049692628, 31.312208582823335]]]}}, {"type": "Feature", "properties": {"threshold_ug_l": 20.0, "area_km2_approx": 0.059}, "geometry": {"type": "Polygon", "coordinates": [[[120.19287852049419, 31.314452709969537], [120.19287852049419, 31.313891678182987], [120.1924045211144, 31.313891678182987], [120.1924045211144, 31.311647551036785], [120.19287852049419, 31.311647551036785], [120.19287852049419, 31.311086519250235], [120.19430051863357, 31.311086519250235], [120.19430051863357, 31.312208582823335], [120.19477451801336, 31.312208582823335], [120.19477451801336, 31.313330646396437], [120.19382651925378, 31.313330646396437], [120.19382651925378, 31.313891678182987], [120.19335251987398, 31.313891678182987], [120.19335251987398, 31.314452709969537], [120.19287852049419, 31.314452709969537]]]}}, {"type": "Feature", "properties": {"threshold_ug_l": 20.0, "area_km2_approx": 0.02}, "geometry": {"type": "Polygon", "coordinates": [[[120.31374836234107, 31.312208582823335], [120.31374836234107, 31.311647551036785], [120.31422236172087, 31.311647551036785], [120.31422236172087, 31.311086519250235], [120.31517036048044, 31.311086519250235], [120.31517036048044, 31.311647551036785], [120.31611835924002, 31.311647551036785], [120.31611835924002, 31.312208582823335], [120.31374836234107, 31.312208582823335]]]}}, {"type": "Feature", "properties": {"threshold_ug_l": 20.0, "area_km2_approx": 0.003}, "geometry": {"type": "Polygon", "coordinates": [[[119.93217886160879, 31.311647551036785], [119.93217886160879, 31.311086519250235], [119.93265286098858, 31.311086519250235], [119.93265286098858, 31.311647551036785], [119.93217886160879, 31.311647551036785]]]}}, {"type": "Feature", "properties": {"threshold_ug_l": 20.0, "area_km2_approx": 0.02}, "geometry": {"type": "Polygon", "coordinates": [[[120.14358258499587, 31.312208582823335], [120.14358258499587, 31.311647551036785], [120.14216058685649, 31.311647551036785], [120.14216058685649, 31.311086519250235], [120.14310858561608, 31.311086519250235], [120.14310858561608, 31.310525487463686], [120.14405658437566, 31.310525487463686], [120.14405658437566, 31.312208582823335], [120.14358258499587, 31.312208582823335]]]}}, {"type": "Feature", "properties": {"threshold_ug_l": 20.0, "area_km2_approx": 0.003}, "geometry": {"type": "Polygon", "coordinates": [[[120.20709850188794, 31.311086519250235], [120.20709850188794, 31.310525487463686], [120.20757250126773, 31.310525487463686], [120.20757250126773, 31.311086519250235], [120.20709850188794, 31.311086519250235]]]}}, {"type": "Feature", "properties": {"threshold_ug_l": 20.0, "area_km2_approx": 0.008}, "geometry": {"type": "Polygon", "coordinates": [[[120.30237237722606, 31.310525487463686], [120.30237237722606, 31.309964455677136], [120.30379437536544, 31.309964455677136], [120.30379437536544, 31.310525487463686], [120.30237237722606, 31.310525487463686]]]}}, {"type": "Feature", "properties": {"threshold_ug_l": 20.0, "area_km2_approx": 0.003}, "geometry": {"type": "Polygon", "coordinates": [[[120.31137836544211, 31.309403423890586], [120.31137836544211, 31.308842392104033], [120.3118523648219, 31.308842392104033], [120.3118523648219, 31.309403423890586], [120.31137836544211, 31.309403423890586]]]}}, {"type": "Feature", "properties": {"threshold_ug_l": 20.0, "area_km2_approx": 0.003}, "geometry": {"type": "Polygon", "coordinates": [[[120.2838864014142, 31.308842392104033], [120.2838864014142, 31.308281360317483], [120.28436040079399, 31.308281360317483], [120.28436040079399, 31.308842392104033], [120.2838864014142, 31.308842392104033]]]}}, {"type": "Feature", "properties": {"threshold_ug_l": 20.0, "area_km2_approx": 0.006}, "geometry": {"type": "Polygon", "coordinates": [[[120.28625639831316, 31.308842392104033], [120.28625639831316, 31.308281360317483], [120.28720439707273, 31.308281360317483], [120.28720439707273, 31.308842392104033], [120.28625639831316, 31.308842392104033]]]}}, {"type": "Feature", "properties": {"threshold_ug_l": 20.0, "area_km2_approx": 0.008}, "geometry": {"type": "Polygon", "coordinates": [[[120.00754476299566, 31.308281360317483], [120.00754476299566, 31.307720328530934], [120.00896676113504, 31.307720328530934], [120.00896676113504, 31.308281360317483], [120.00754476299566, 31.308281360317483]]]}}, {"type": "Feature", "properties": {"threshold_ug_l": 20.0, "area_km2_approx": 0.003}, "geometry": {"type": "Polygon", "coordinates": [[[120.20472850498899, 31.308281360317483], [120.20472850498899, 31.307720328530934], [120.20520250436878, 31.307720328530934], [120.20520250436878, 31.308281360317483], [120.20472850498899, 31.308281360317483]]]}}, {"type": "Feature", "properties": {"threshold_ug_l": 20.0, "area_km2_approx": 0.003}, "geometry": {"type": "Polygon", "coordinates": [[[120.3118523648219, 31.308281360317483], [120.3118523648219, 31.307720328530934], [120.3123263642017, 31.307720328530934], [120.3123263642017, 31.308281360317483], [120.3118523648219, 31.308281360317483]]]}}, {"type": "Feature", "properties": {"threshold_ug_l": 20.0, "area_km2_approx": 0.014}, "geometry": {"type": "Polygon", "coordinates": [[[120.20283250746982, 31.308842392104033], [120.20283250746982, 31.308281360317483], [120.20235850809003, 31.308281360317483], [120.20235850809003, 31.307159296744384], [120.20330650684961, 31.307159296744384], [120.20330650684961, 31.308842392104033], [120.20283250746982, 31.308842392104033]]]}}, {"type": "Feature", "properties": {"threshold_ug_l": 20.0, "area_km2_approx": 0.025}, "geometry": {"type": "Polygon", "coordinates": [[[120.21847448700295, 31.308842392104033], [120.21847448700295, 31.307720328530934], [120.21942248576254, 31.307720328530934], [120.21942248576254, 31.307159296744384], [120.21989648514231, 31.307159296744384], [120.21989648514231, 31.307720328530934], [120.2203704845221, 31.307720328530934], [120.2203704845221, 31.308842392104033], [120.21847448700295, 31.308842392104033]]]}}, {"type": "Feature", "properties": {"threshold_ug_l": 20.0, "area_km2_approx": 0.003}, "geometry": {"type": "Polygon", "coordinates": [[[120.21800048762316, 31.306598264957834], [120.21800048762316, 31.306037233171285], [120.21847448700295, 31.306037233171285], [120.21847448700295, 31.306598264957834], [120.21800048762316, 31.306598264957834]]]}}, {"type": "Feature", "properties": {"threshold_ug_l": 20.0, "area_km2_approx": 0.006}, "geometry": {"type": "Polygon", "coordinates": [[[120.22131848328169, 31.306598264957834], [120.22131848328169, 31.306037233171285], [120.2208444839019, 31.306037233171285], [120.2208444839019, 31.30547620138473], [120.22131848328169, 31.30547620138473], [120.22131848328169, 31.306037233171285], [120.22179248266148, 31.306037233171285], [120.22179248266148, 31.306598264957834], [120.22131848328169, 31.306598264957834]]]}}, {"type": "Feature", "properties": {"threshold_ug_l": 20.0, "area_km2_approx": 0.011}, "geometry": {"type": "Polygon", "coordinates": [[[120.00659676423608, 31.306037233171285], [120.00659676423608, 31.30547620138473], [120.00612276485629, 31.30547620138473], [120.00612276485629, 31.304915169598182], [120.00754476299566, 31.304915169598182], [120.00754476299566, 31.30547620138473], [120.00707076361587, 31.30547620138473], [120.00707076361587, 31.306037233171285], [120.00659676423608, 31.306037233171285]]]}}, {"type": "Feature", "properties": {"threshold_ug_l": 20.0, "area_km2_approx": 0.003}, "geometry": {"type": "Polygon", "coordinates": [[[119.92933486533003, 31.30547620138473], [119.92933486533003, 31.304915169598182], [119.92980886470983, 31.304915169598182], [119.92980886470983, 31.30547620138473], [119.92933486533003, 31.30547620138473]]]}}, {"type": "Feature", "properties": {"threshold_ug_l": 20.0, "area_km2_approx": 0.003}, "geometry": {"type": "Polygon", "coordinates": [[[120.25923843366503, 31.30547620138473], [120.25923843366503, 31.304915169598182], [120.25971243304483, 31.304915169598182], [120.25971243304483, 31.30547620138473], [120.25923843366503, 31.30547620138473]]]}}, {"type": "Feature", "properties": {"threshold_ug_l": 20.0, "area_km2_approx": 0.003}, "geometry": {"type": "Polygon", "coordinates": [[[120.2037805062294, 31.304915169598182], [120.2037805062294, 31.304354137811632], [120.2042545056092, 31.304354137811632], [120.2042545056092, 31.304915169598182], [120.2037805062294, 31.304915169598182]]]}}, {"type": "Feature", "properties": {"threshold_ug_l": 20.0, "area_km2_approx": 0.101}, "geometry": {"type": "Polygon", "coordinates": [[[120.2497584460692, 31.307159296744384], [120.2497584460692, 31.306037233171285], [120.2492844466894, 31.306037233171285], [120.2492844466894, 31.30547620138473], [120.24833644792982, 31.30547620138473], [120.24833644792982, 31.306037233171285], [120.24881044730961, 31.306037233171285], [120.24881044730961, 31.306598264957834], [120.24833644792982, 31.306598264957834], [120.24833644792982, 31.306037233171285], [120.24786244855002, 31.306037233171285], [120.24786244855002, 31.30547620138473], [120.24691444979044, 31.30547620138473], [120.24691444979044, 31.304354137811632], [120.24833644792982, 31.304354137811632], [120.24833644792982, 31.303793106025083], [120.25070644482878, 31.303793106025083], [120.25070644482878, 31.304354137811632], [120.25118044420857, 31.304354137811632], [120.25118044420857, 31.303793106025083], [120.25165444358836, 31.303793106025083], [120.25165444358836, 31.304915169598182], [120.25260244234795, 31.304915169598182], [120.25260244234795, 31.30547620138473], [120.25165444358836, 31.30547620138473], [120.25165444358836, 31.306037233171285], [120.25070644482878, 31.306037233171285], [120.25070644482878, 31.30547620138473], [120.25023244544899, 31.30547620138473], [120.25023244544899, 31.307159296744384], [120.2497584460692, 31.307159296744384]]]}}, {"type": "Feature", "properties": {"threshold_ug_l": 20.0, "area_km2_approx": 0.003}, "geometry": {"type": "Polygon", "coordinates": [[[120.20472850498899, 31.304354137811632], [120.20472850498899, 31.303793106025083], [120.20520250436878, 31.303793106025083], [120.20520250436878, 31.304354137811632], [120.20472850498899, 31.304354137811632]]]}}, {"type": "Feature", "properties": {"threshold_ug_l": 20.0, "area_km2_approx": 0.003}, "geometry": {"type": "Polygon", "coordinates": [[[120.20709850188794, 31.304354137811632], [120.20709850188794, 31.303793106025083], [120.20757250126773, 31.303793106025083], [120.20757250126773, 31.304354137811632], [120.20709850188794, 31.304354137811632]]]}}, {"type": "Feature", "properties": {"threshold_ug_l": 20.0, "area_km2_approx": 0.095}, "geometry": {"type": "Polygon", "coordinates": [[[120.20615050312836, 31.307720328530934], [120.20615050312836, 31.307159296744384], [120.20520250436878, 31.307159296744384], [120.20520250436878, 31.306037233171285], [120.20615050312836, 31.306037233171285], [120.20615050312836, 31.30547620138473], [120.20662450250815, 31.30547620138473], [120.20662450250815, 31.304915169598182], [120.20709850188794, 31.304915169598182], [120.20709850188794, 31.306037233171285], [120.20757250126773, 31.306037233171285], [120.20757250126773, 31.30547620138473], [120.20804650064753, 31.30547620138473], [120.20804650064753, 31.306037233171285], [120.20852050002732, 31.306037233171285], [120.20852050002732, 31.304915169598182], [120.20804650064753, 31.304915169598182], [120.20804650064753, 31.304354137811632], [120.20852050002732, 31.304354137811632], [120.20852050002732, 31.303793106025083], [120.20899449940711, 31.303793106025083], [120.20899449940711, 31.303232074238533], [120.2094684987869, 31.303232074238533], [120.2094684987869, 31.303793106025083], [120.21041649754649, 31.303793106025083], [120.21041649754649, 31.303232074238533], [120.21089049692628, 31.303232074238533], [120.21089049692628, 31.303793106025083], [120.21136449630608, 31.303793106025083], [120.21136449630608, 31.304915169598182], [120.20899449940711, 31.304915169598182], [120.20899449940711, 31.306037233171285], [120.20852050002732, 31.306037233171285], [120.20852050002732, 31.306598264957834], [120.20804650064753, 31.306598264957834], [120.20804650064753, 31.307159296744384], [120.20709850188794, 31.307159296744384], [120.20709850188794, 31.306598264957834], [120.20662450250815, 31.306598264957834], [120.20662450250815, 31.307720328530934], [120.20615050312836, 31.307720328530934]]]}}, {"type": "Feature", "properties": {"threshold_ug_l": 20.0, "area_km2_approx": 0.025}, "geometry": {"type": "Polygon", "coordinates": [[[120.21183849568587, 31.30547620138473], [120.21183849568587, 31.304915169598182], [120.21231249506566, 31.304915169598182], [120.21231249506566, 31.304354137811632], [120.21278649444544, 31.304354137811632], [120.21278649444544, 31.303793106025083], [120.21326049382523, 31.303793106025083], [120.21326049382523, 31.303232074238533], [120.21373449320502, 31.303232074238533], [120.21373449320502, 31.304354137811632], [120.21468249196461, 31.304354137811632], [120.21468249196461, 31.304915169598182], [120.21231249506566, 31.304915169598182], [120.21231249506566, 31.30547620138473], [120.21183849568587, 31.30547620138473]]]}}, {"type": "Feature", "properties": {"threshold_ug_l": 20.0, "area_km2_approx": 0.006}, "geometry": {"type": "Polygon", "coordinates": [[[119.92886086595024, 31.304354137811632], [119.92886086595024, 31.303793106025083], [119.92838686657045, 31.303793106025083], [119.92838686657045, 31.303232074238533], [119.92886086595024, 31.303232074238533], [119.92886086595024, 31.303793106025083], [119.92933486533003, 31.303793106025083], [119.92933486533003, 31.304354137811632], [119.92886086595024, 31.304354137811632]]]}}, {"type": "Feature", "properties": {"threshold_ug_l": 20.0, "area_km2_approx": 0.006}, "geometry": {"type": "Polygon", "coordinates": [[[120.15969856390878, 31.303793106025083], [120.15969856390878, 31.302671042451983], [120.16017256328857, 31.302671042451983], [120.16017256328857, 31.303793106025083], [120.15969856390878, 31.303793106025083]]]}}, {"type": "Feature", "properties": {"threshold_ug_l": 20.0, "area_km2_approx": 0.006}, "geometry": {"type": "Polygon", "coordinates": [[[120.34124032636899, 31.303793106025083], [120.34124032636899, 31.303232074238533], [120.34171432574877, 31.303232074238533], [120.34171432574877, 31.302671042451983], [120.34218832512856, 31.302671042451983], [120.34218832512856, 31.303232074238533], [120.34171432574877, 31.303232074238533], [120.34171432574877, 31.303793106025083], [120.34124032636899, 31.303793106025083]]]}}, {"type": "Feature", "properties": {"threshold_ug_l": 20.0, "area_km2_approx": 0.011}, "geometry": {"type": "Polygon", "coordinates": [[[120.35261631148398, 31.302671042451983], [120.35261631148398, 31.302110010665434], [120.3511943133446, 31.302110010665434], [120.3511943133446, 31.30154897887888], [120.35261631148398, 31.30154897887888], [120.35261631148398, 31.302110010665434], [120.35309031086378, 31.302110010665434], [120.35309031086378, 31.302671042451983], [120.35261631148398, 31.302671042451983]]]}}, {"type": "Feature", "properties": {"threshold_ug_l": 20.0, "area_km2_approx": 0.084}, "geometry": {"type": "Polygon", "coordinates": [[[120.18861252607607, 31.304915169598182], [120.18861252607607, 31.304354137811632], [120.1867165285569, 31.304354137811632], [120.1867165285569, 31.303793106025083], [120.18624252917711, 31.303793106025083], [120.18624252917711, 31.302671042451983], [120.18766452731649, 31.302671042451983], [120.18766452731649, 31.302110010665434], [120.18861252607607, 31.302110010665434], [120.18861252607607, 31.30098794709233], [120.18908652545586, 31.30098794709233], [120.18908652545586, 31.302110010665434], [120.18956052483566, 31.302110010665434], [120.18956052483566, 31.302671042451983], [120.19003452421545, 31.302671042451983], [120.19003452421545, 31.303232074238533], [120.19050852359524, 31.303232074238533], [120.19050852359524, 31.303793106025083], [120.18956052483566, 31.303793106025083], [120.18956052483566, 31.304354137811632], [120.18908652545586, 31.304354137811632], [120.18908652545586, 31.304915169598182], [120.18861252607607, 31.304915169598182]]]}}, {"type": "Feature", "properties": {"threshold_ug_l": 20.0, "area_km2_approx": 0.028}, "geometry": {"type": "Polygon", "coordinates": [[[120.10850663089128, 31.303232074238533], [120.10850663089128, 31.302110010665434], [120.10803263151149, 31.302110010665434], [120.10803263151149, 31.30154897887888], [120.1075586321317, 31.30154897887888], [120.1075586321317, 31.30098794709233], [120.10803263151149, 31.30098794709233], [120.10803263151149, 31.30042691530578], [120.10850663089128, 31.30042691530578], [120.10850663089128, 31.30154897887888], [120.10992862903066, 31.30154897887888], [120.10992862903066, 31.302110010665434], [120.10945462965087, 31.302110010665434], [120.10945462965087, 31.302671042451983], [120.10898063027108, 31.302671042451983], [120.10898063027108, 31.303232074238533], [120.10850663089128, 31.303232074238533]]]}}, {"type": "Feature", "properties": {"threshold_ug_l": 20.0, "area_km2_approx": 0.02}, "geometry": {"type": "Polygon", "coordinates": [[[119.92791286719067, 31.302671042451983], [119.92791286719067, 31.302110010665434], [119.92743886781088, 31.302110010665434], [119.92743886781088, 31.30154897887888], [119.92696486843109, 31.30154897887888], [119.92696486843109, 31.30098794709233], [119.92649086905129, 31.30098794709233], [119.92649086905129, 31.30042691530578], [119.92791286719067, 31.30042691530578], [119.92791286719067, 31.302110010665434], [119.92838686657045, 31.302110010665434], [119.92838686657045, 31.302671042451983], [119.92791286719067, 31.302671042451983]]]}}, {"type": "Feature", "properties": {"threshold_ug_l": 20.0, "area_km2_approx": 0.006}, "geometry": {"type": "Polygon", "coordinates": [[[120.16396455832691, 31.30154897887888], [120.16396455832691, 31.30042691530578], [120.1644385577067, 31.30042691530578], [120.1644385577067, 31.30154897887888], [120.16396455832691, 31.30154897887888]]]}}, {"type": "Feature", "properties": {"threshold_ug_l": 20.0, "area_km2_approx": 0.014}, "geometry": {"type": "Polygon", "coordinates": [[[120.34977231520523, 31.30098794709233], [120.34977231520523, 31.30042691530578], [120.35214231210419, 31.30042691530578], [120.35214231210419, 31.30098794709233], [120.34977231520523, 31.30098794709233]]]}}, {"type": "Feature", "properties": {"threshold_ug_l": 20.0, "area_km2_approx": 0.003}, "geometry": {"type": "Polygon", "coordinates": [[[120.1649125570865, 31.29986588351923], [120.1649125570865, 31.299304851732682], [120.16538655646627, 31.299304851732682], [120.16538655646627, 31.29986588351923], [120.1649125570865, 31.29986588351923]]]}}, {"type": "Feature", "properties": {"threshold_ug_l": 20.0, "area_km2_approx": 0.02}, "geometry": {"type": "Polygon", "coordinates": [[[120.1469005806544, 31.30042691530578], [120.1469005806544, 31.299304851732682], [120.1473745800342, 31.299304851732682], [120.1473745800342, 31.298743819946132], [120.14784857941399, 31.298743819946132], [120.14784857941399, 31.299304851732682], [120.14832257879378, 31.299304851732682], [120.14832257879378, 31.29986588351923], [120.14879657817357, 31.29986588351923], [120.14879657817357, 31.30042691530578], [120.14832257879378, 31.30042691530578], [120.14832257879378, 31.29986588351923], [120.14784857941399, 31.29986588351923], [120.14784857941399, 31.30042691530578], [120.1469005806544, 31.30042691530578]]]}}, {"type": "Feature", "properties": {"threshold_ug_l": 20.0, "area_km2_approx": 0.014}, "geometry": {"type": "Polygon", "coordinates": [[[120.16823055274503, 31.299304851732682], [120.16823055274503, 31.29818278815958], [120.16917855150461, 31.29818278815958], [120.16917855150461, 31.298743819946132], [120.16965255088441, 31.298743819946132], [120.16965255088441, 31.299304851732682], [120.16823055274503, 31.299304851732682]]]}}, {"type": "Feature", "properties": {"threshold_ug_l": 20.0, "area_km2_approx": 0.056}, "geometry": {"type": "Polygon", "coordinates": [[[120.05778869725357, 31.30042691530578], [120.05778869725357, 31.29986588351923], [120.05731469787378, 31.29986588351923], [120.05731469787378, 31.29818278815958], [120.056840698494, 31.29818278815958], [120.056840698494, 31.29649969279993], [120.05731469787378, 31.29649969279993], [120.05731469787378, 31.29593866101338], [120.05826269663336, 31.29593866101338], [120.05826269663336, 31.29706072458648], [120.05731469787378, 31.29706072458648], [120.05731469787378, 31.29818278815958], [120.05826269663336, 31.29818278815958], [120.05826269663336, 31.29762175637303], [120.05873669601316, 31.29762175637303], [120.05873669601316, 31.29706072458648], [120.05921069539295, 31.29706072458648], [120.05921069539295, 31.29762175637303], [120.05873669601316, 31.29762175637303], [120.05873669601316, 31.299304851732682], [120.05921069539295, 31.299304851732682], [120.05921069539295, 31.29986588351923], [120.05826269663336, 31.29986588351923], [120.05826269663336, 31.30042691530578], [120.05778869725357, 31.30042691530578]]]}}, {"type": "Feature", "properties": {"threshold_ug_l": 20.0, "area_km2_approx": 0.003}, "geometry": {"type": "Polygon", "coordinates": [[[120.26113443118419, 31.29649969279993], [120.26113443118419, 31.29593866101338], [120.26160843056398, 31.29593866101338], [120.26160843056398, 31.29649969279993], [120.26113443118419, 31.29649969279993]]]}}, {"type": "Feature", "properties": {"threshold_ug_l": 20.0, "area_km2_approx": 0.025}, "geometry": {"type": "Polygon", "coordinates": [[[119.94876883990149, 31.29649969279993], [119.94876883990149, 31.29593866101338], [119.94924283928128, 31.29593866101338], [119.94924283928128, 31.29537762922683], [119.95019083804087, 31.29537762922683], [119.95019083804087, 31.29481659744028], [119.95161283618025, 31.29481659744028], [119.95161283618025, 31.29537762922683], [119.95113883680045, 31.29537762922683], [119.95113883680045, 31.29593866101338], [119.94971683866108, 31.29593866101338], [119.94971683866108, 31.29649969279993], [119.94876883990149, 31.29649969279993]]]}}, {"type": "Feature", "properties": {"threshold_ug_l": 20.0, "area_km2_approx": 0.003}, "geometry": {"type": "Polygon", "coordinates": [[[119.9312308628492, 31.29537762922683], [119.9312308628492, 31.29481659744028], [119.931704862229, 31.29481659744028], [119.931704862229, 31.29537762922683], [119.9312308628492, 31.29537762922683]]]}}, {"type": "Feature", "properties": {"threshold_ug_l": 20.0, "area_km2_approx": 0.025}, "geometry": {"type": "Polygon", "coordinates": [[[120.20804650064753, 31.29593866101338], [120.20804650064753, 31.29537762922683], [120.20709850188794, 31.29537762922683], [120.20709850188794, 31.29481659744028], [120.20804650064753, 31.29481659744028], [120.20804650064753, 31.294255565653728], [120.20899449940711, 31.294255565653728], [120.20899449940711, 31.29481659744028], [120.2094684987869, 31.29481659744028], [120.2094684987869, 31.29593866101338], [120.20899449940711, 31.29593866101338], [120.20899449940711, 31.29537762922683], [120.20852050002732, 31.29537762922683], [120.20852050002732, 31.29593866101338], [120.20804650064753, 31.29593866101338]]]}}, {"type": "Feature", "properties": {"threshold_ug_l": 20.0, "area_km2_approx": 0.022}, "geometry": {"type": "Polygon", "coordinates": [[[119.95208683556004, 31.294255565653728], [119.95208683556004, 31.29369453386718], [119.95161283618025, 31.29369453386718], [119.95161283618025, 31.29257247029408], [119.95350883369942, 31.29257247029408], [119.95350883369942, 31.29313350208063], [119.95303483431962, 31.29313350208063], [119.95303483431962, 31.29369453386718], [119.95256083493983, 31.29369453386718], [119.95256083493983, 31.294255565653728], [119.95208683556004, 31.294255565653728]]]}}, {"type": "Feature", "properties": {"threshold_ug_l": 20.0, "area_km2_approx": 0.008}, "geometry": {"type": "Polygon", "coordinates": [[[120.33413033567211, 31.29369453386718], [120.33413033567211, 31.29257247029408], [120.33460433505189, 31.29257247029408], [120.33460433505189, 31.29313350208063], [120.33507833443169, 31.29313350208063], [120.33507833443169, 31.29369453386718], [120.33413033567211, 31.29369453386718]]]}}, {"type": "Feature", "properties": {"threshold_ug_l": 20.0, "area_km2_approx": 0.003}, "geometry": {"type": "Polygon", "coordinates": [[[119.92269887401295, 31.29313350208063], [119.92269887401295, 31.29257247029408], [119.92317287339274, 31.29257247029408], [119.92317287339274, 31.29313350208063], [119.92269887401295, 31.29313350208063]]]}}, {"type": "Feature", "properties": {"threshold_ug_l": 20.0, "area_km2_approx": 0.048}, "geometry": {"type": "Polygon", "coordinates": [[[120.05731469787378, 31.29537762922683], [120.05731469787378, 31.294255565653728], [120.056840698494, 31.294255565653728], [120.056840698494, 31.29369453386718], [120.05731469787378, 31.29369453386718], [120.05731469787378, 31.29313350208063], [120.05636669911421, 31.29313350208063], [120.05636669911421, 31.29257247029408], [120.056840698494, 31.29257247029408], [120.056840698494, 31.29201143850753], [120.05873669601316, 31.29201143850753], [120.05873669601316, 31.29313350208063], [120.05826269663336, 31.29313350208063], [120.05826269663336, 31.294255565653728], [120.05778869725357, 31.294255565653728], [120.05778869725357, 31.29481659744028], [120.05826269663336, 31.29481659744028], [120.05826269663336, 31.29537762922683], [120.05731469787378, 31.29537762922683]]]}}, {"type": "Feature", "properties": {"threshold_ug_l": 20.0, "area_km2_approx": 0.003}, "geometry": {"type": "Polygon", "coordinates": [[[119.931704862229, 31.29201143850753], [119.931704862229, 31.29145040672098], [119.93217886160879, 31.29145040672098], [119.93217886160879, 31.29201143850753], [119.931704862229, 31.29201143850753]]]}}, {"type": "Feature", "properties": {"threshold_ug_l": 20.0, "area_km2_approx": 0.017}, "geometry": {"type": "Polygon", "coordinates": [[[119.95019083804087, 31.29201143850753], [119.95019083804087, 31.29145040672098], [119.95113883680045, 31.29145040672098], [119.95113883680045, 31.29088937493443], [119.95208683556004, 31.29088937493443], [119.95208683556004, 31.29201143850753], [119.95019083804087, 31.29201143850753]]]}}, {"type": "Feature", "properties": {"threshold_ug_l": 20.0, "area_km2_approx": 0.017}, "geometry": {"type": "Polygon", "coordinates": [[[120.02176474438942, 31.29201143850753], [120.02176474438942, 31.29145040672098], [120.02129074500962, 31.29145040672098], [120.02129074500962, 31.29088937493443], [120.022712743149, 31.29088937493443], [120.022712743149, 31.29145040672098], [120.02318674252878, 31.29145040672098], [120.02318674252878, 31.29201143850753], [120.02176474438942, 31.29201143850753]]]}}, {"type": "Feature", "properties": {"threshold_ug_l": 20.0, "area_km2_approx": 0.017}, "geometry": {"type": "Polygon", "coordinates": [[[120.18861252607607, 31.29201143850753], [120.18861252607607, 31.29145040672098], [120.18813852669628, 31.29145040672098], [120.18813852669628, 31.290328343147877], [120.18908652545586, 31.290328343147877], [120.18908652545586, 31.29088937493443], [120.18956052483566, 31.29088937493443], [120.18956052483566, 31.29145040672098], [120.18908652545586, 31.29145040672098], [120.18908652545586, 31.29201143850753], [120.18861252607607, 31.29201143850753]]]}}, {"type": "Feature", "properties": {"threshold_ug_l": 20.0, "area_km2_approx": 0.031}, "geometry": {"type": "Polygon", "coordinates": [[[120.21894848638274, 31.29201143850753], [120.21894848638274, 31.29145040672098], [120.21752648824337, 31.29145040672098], [120.21752648824337, 31.29088937493443], [120.21894848638274, 31.29088937493443], [120.21894848638274, 31.290328343147877], [120.21989648514231, 31.290328343147877], [120.21989648514231, 31.29088937493443], [120.2208444839019, 31.29088937493443], [120.2208444839019, 31.29145040672098], [120.21989648514231, 31.29145040672098], [120.21989648514231, 31.29201143850753], [120.21894848638274, 31.29201143850753]]]}}, {"type": "Feature", "properties": {"threshold_ug_l": 20.0, "area_km2_approx": 0.003}, "geometry": {"type": "Polygon", "coordinates": [[[120.02460874066816, 31.29088937493443], [120.02460874066816, 31.290328343147877], [120.02508274004795, 31.290328343147877], [120.02508274004795, 31.29088937493443], [120.02460874066816, 31.29088937493443]]]}}, {"type": "Feature", "properties": {"threshold_ug_l": 20.0, "area_km2_approx": 0.003}, "geometry": {"type": "Polygon", "coordinates": [[[119.93312686036838, 31.290328343147877], [119.93312686036838, 31.289767311361327], [119.93360085974817, 31.289767311361327], [119.93360085974817, 31.290328343147877], [119.93312686036838, 31.290328343147877]]]}}, {"type": "Feature", "properties": {"threshold_ug_l": 20.0, "area_km2_approx": 0.025}, "geometry": {"type": "Polygon", "coordinates": [[[119.97720880268899, 31.29088937493443], [119.97720880268899, 31.290328343147877], [119.9762608039294, 31.290328343147877], [119.9762608039294, 31.289206279574778], [119.97815680144858, 31.289206279574778], [119.97815680144858, 31.290328343147877], [119.97768280206878, 31.290328343147877], [119.97768280206878, 31.29088937493443], [119.97720880268899, 31.29088937493443]]]}}, {"type": "Feature", "properties": {"threshold_ug_l": 20.0, "area_km2_approx": 0.011}, "geometry": {"type": "Polygon", "coordinates": [[[120.02176474438942, 31.290328343147877], [120.02176474438942, 31.289206279574778], [120.022712743149, 31.289206279574778], [120.022712743149, 31.290328343147877], [120.02176474438942, 31.290328343147877]]]}}, {"type": "Feature", "properties": {"threshold_ug_l": 20.0, "area_km2_approx": 0.003}, "geometry": {"type": "Polygon", "coordinates": [[[119.91985487773421, 31.289206279574778], [119.91985487773421, 31.288645247788228], [119.920328877114, 31.288645247788228], [119.920328877114, 31.289206279574778], [119.91985487773421, 31.289206279574778]]]}}, {"type": "Feature", "properties": {"threshold_ug_l": 20.0, "area_km2_approx": 0.003}, "geometry": {"type": "Polygon", "coordinates": [[[119.93312686036838, 31.289206279574778], [119.93312686036838, 31.288645247788228], [119.93360085974817, 31.288645247788228], [119.93360085974817, 31.289206279574778], [119.93312686036838, 31.289206279574778]]]}}, {"type": "Feature", "properties": {"threshold_ug_l": 20.0, "area_km2_approx": 0.126}, "geometry": {"type": "Polygon", "coordinates": [[[120.00422676733712, 31.29201143850753], [120.00422676733712, 31.290328343147877], [120.00375276795732, 31.290328343147877], [120.00375276795732, 31.289767311361327], [120.00422676733712, 31.289767311361327], [120.00422676733712, 31.290328343147877], [120.0051747660967, 31.290328343147877], [120.0051747660967, 31.289767311361327], [120.0056487654765, 31.289767311361327], [120.0056487654765, 31.289206279574778], [120.00612276485629, 31.289206279574778], [120.00612276485629, 31.288645247788228], [120.00707076361587, 31.288645247788228], [120.00707076361587, 31.289206279574778], [120.00801876237546, 31.289206279574778], [120.00801876237546, 31.28808421600168], [120.00849276175525, 31.28808421600168], [120.00849276175525, 31.288645247788228], [120.00896676113504, 31.288645247788228], [120.00896676113504, 31.289767311361327], [120.00849276175525, 31.289767311361327], [120.00849276175525, 31.290328343147877], [120.00896676113504, 31.290328343147877], [120.00896676113504, 31.29088937493443], [120.00849276175525, 31.29088937493443], [120.00849276175525, 31.29145040672098], [120.00801876237546, 31.29145040672098], [120.00801876237546, 31.29201143850753], [120.00612276485629, 31.29201143850753], [120.00612276485629, 31.29145040672098], [120.0051747660967, 31.29145040672098], [120.0051747660967, 31.29201143850753], [120.00422676733712, 31.29201143850753]]]}}, {"type": "Feature", "properties": {"threshold_ug_l": 20.0, "area_km2_approx": 0.006}, "geometry": {"type": "Polygon", "coordinates": [[[119.95066483742066, 31.288645247788228], [119.95066483742066, 31.28808421600168], [119.95161283618025, 31.28808421600168], [119.95161283618025, 31.288645247788228], [119.95066483742066, 31.288645247788228]]]}}, {"type": "Feature", "properties": {"threshold_ug_l": 20.0, "area_km2_approx": 0.003}, "geometry": {"type": "Polygon", "coordinates": [[[120.02176474438942, 31.288645247788228], [120.02176474438942, 31.28808421600168], [120.02223874376921, 31.28808421600168], [120.02223874376921, 31.288645247788228], [120.02176474438942, 31.288645247788228]]]}}, {"type": "Feature", "properties": {"threshold_ug_l": 20.0, "area_km2_approx": 0.006}, "geometry": {"type": "Polygon", "coordinates": [[[120.30000238032711, 31.288645247788228], [120.30000238032711, 31.28808421600168], [120.30095037908669, 31.28808421600168], [120.30095037908669, 31.288645247788228], [120.30000238032711, 31.288645247788228]]]}}, {"type": "Feature", "properties": {"threshold_ug_l": 20.0, "area_km2_approx": 0.006}, "geometry": {"type": "Polygon", "coordinates": [[[119.91938087835442, 31.28808421600168], [119.91938087835442, 31.28696215242858], [119.91985487773421, 31.28696215242858], [119.91985487773421, 31.28808421600168], [119.91938087835442, 31.28808421600168]]]}}, {"type": "Feature", "properties": {"threshold_ug_l": 20.0, "area_km2_approx": 0.003}, "geometry": {"type": "Polygon", "coordinates": [[[120.2094684987869, 31.28696215242858], [120.2094684987869, 31.286401120642026], [120.2099424981667, 31.286401120642026], [120.2099424981667, 31.28696215242858], [120.2094684987869, 31.28696215242858]]]}}, {"type": "Feature", "properties": {"threshold_ug_l": 20.0, "area_km2_approx": 0.003}, "geometry": {"type": "Polygon", "coordinates": [[[120.21420849258482, 31.286401120642026], [120.21420849258482, 31.285840088855476], [120.21468249196461, 31.285840088855476], [120.21468249196461, 31.286401120642026], [120.21420849258482, 31.286401120642026]]]}}, {"type": "Feature", "properties": {"threshold_ug_l": 20.0, "area_km2_approx": 0.028}, "geometry": {"type": "Polygon", "coordinates": [[[119.99664277726045, 31.28696215242858], [119.99664277726045, 31.285840088855476], [119.99711677664024, 31.285840088855476], [119.99711677664024, 31.285279057068927], [119.99853877477962, 31.285279057068927], [119.99853877477962, 31.286401120642026], [119.99759077602003, 31.286401120642026], [119.99759077602003, 31.28696215242858], [119.99664277726045, 31.28696215242858]], [[119.99711677664024, 31.286401120642026], [119.99759077602003, 31.286401120642026], [119.99759077602003, 31.285840088855476], [119.99711677664024, 31.285840088855476], [119.99711677664024, 31.286401120642026]]]}}, {"type": "Feature", "properties": {"threshold_ug_l": 20.0, "area_km2_approx": 0.006}, "geometry": {"type": "Polygon", "coordinates": [[[119.91843287959483, 31.285840088855476], [119.91843287959483, 31.285279057068927], [119.91938087835442, 31.285279057068927], [119.91938087835442, 31.285840088855476], [119.91843287959483, 31.285840088855476]]]}}, {"type": "Feature", "properties": {"threshold_ug_l": 20.0, "area_km2_approx": 0.003}, "geometry": {"type": "Polygon", "coordinates": [[[120.31517036048044, 31.281912866349625], [120.31517036048044, 31.281351834563075], [120.31564435986023, 31.281351834563075], [120.31564435986023, 31.281912866349625], [120.31517036048044, 31.281912866349625]]]}}, {"type": "Feature", "properties": {"threshold_ug_l": 20.0, "area_km2_approx": 0.006}, "geometry": {"type": "Polygon", "coordinates": [[[120.32796834373481, 31.281351834563075], [120.32796834373481, 31.280790802776526], [120.3284423431146, 31.280790802776526], [120.3284423431146, 31.280229770989976], [120.3289163424944, 31.280229770989976], [120.3289163424944, 31.280790802776526], [120.3284423431146, 31.280790802776526], [120.3284423431146, 31.281351834563075], [120.32796834373481, 31.281351834563075]]]}}, {"type": "Feature", "properties": {"threshold_ug_l": 20.0, "area_km2_approx": 0.003}, "geometry": {"type": "Polygon", "coordinates": [[[120.17913253848023, 31.280790802776526], [120.17913253848023, 31.280229770989976], [120.17960653786002, 31.280229770989976], [120.17960653786002, 31.280790802776526], [120.17913253848023, 31.280790802776526]]]}}, {"type": "Feature", "properties": {"threshold_ug_l": 20.0, "area_km2_approx": 0.21}, "geometry": {"type": "Polygon", "coordinates": [[[119.9312308628492, 31.285840088855476], [119.9312308628492, 31.285279057068927], [119.93075686346941, 31.285279057068927], [119.93075686346941, 31.284718025282377], [119.9312308628492, 31.284718025282377], [119.9312308628492, 31.283595961709278], [119.93075686346941, 31.283595961709278], [119.93075686346941, 31.283034929922724], [119.93028286408962, 31.283034929922724], [119.93028286408962, 31.280229770989976], [119.93075686346941, 31.280229770989976], [119.93075686346941, 31.281912866349625], [119.9312308628492, 31.281912866349625], [119.9312308628492, 31.280229770989976], [119.93265286098858, 31.280229770989976], [119.93265286098858, 31.280790802776526], [119.93312686036838, 31.280790802776526], [119.93312686036838, 31.280229770989976], [119.93360085974817, 31.280229770989976], [119.93360085974817, 31.279668739203426], [119.93454885850775, 31.279668739203426], [119.93454885850775, 31.280229770989976], [119.93407485912796, 31.280229770989976], [119.93407485912796, 31.280790802776526], [119.93549685726732, 31.280790802776526], [119.93549685726732, 31.281351834563075], [119.93502285788753, 31.281351834563075], [119.93502285788753, 31.281912866349625], [119.93454885850775, 31.281912866349625], [119.93454885850775, 31.281351834563075], [119.93312686036838, 31.281351834563075], [119.93312686036838, 31.282473898136175], [119.93265286098858, 31.282473898136175], [119.93265286098858, 31.283034929922724], [119.93312686036838, 31.283034929922724], [119.93312686036838, 31.283595961709278], [119.93407485912796, 31.283595961709278], [119.93407485912796, 31.284156993495827], [119.93597085664712, 31.284156993495827], [119.93597085664712, 31.285279057068927], [119.93502285788753, 31.285279057068927], [119.93502285788753, 31.285840088855476], [119.93454885850775, 31.285840088855476], [119.93454885850775, 31.285279057068927], [119.93360085974817, 31.285279057068927], [119.93360085974817, 31.285840088855476], [119.9312308628492, 31.285840088855476]], [[119.931704862229, 31.283595961709278], [119.93265286098858, 31.283595961709278], [119.93265286098858, 31.283034929922724], [119.931704862229, 31.283034929922724], [119.931704862229, 31.283595961709278]]]}}, {"type": "Feature", "properties": {"threshold_ug_l": 20.0, "area_km2_approx": 0.255}, "geometry": {"type": "Polygon", "coordinates": [[[120.21089049692628, 31.286401120642026], [120.21089049692628, 31.285279057068927], [120.21183849568587, 31.285279057068927], [120.21183849568587, 31.284718025282377], [120.21041649754649, 31.284718025282377], [120.21041649754649, 31.284156993495827], [120.2099424981667, 31.284156993495827], [120.2099424981667, 31.283595961709278], [120.2094684987869, 31.283595961709278], [120.2094684987869, 31.284156993495827], [120.20899449940711, 31.284156993495827], [120.20899449940711, 31.284718025282377], [120.20852050002732, 31.284718025282377], [120.20852050002732, 31.284156993495827], [120.20757250126773, 31.284156993495827], [120.20757250126773, 31.283595961709278], [120.20662450250815, 31.283595961709278], [120.20662450250815, 31.281912866349625], [120.20804650064753, 31.281912866349625], [120.20804650064753, 31.281351834563075], [120.20899449940711, 31.281351834563075], [120.20899449940711, 31.280790802776526], [120.2094684987869, 31.280790802776526], [120.2094684987869, 31.280229770989976], [120.21041649754649, 31.280229770989976], [120.21041649754649, 31.279668739203426], [120.21089049692628, 31.279668739203426], [120.21089049692628, 31.280229770989976], [120.21136449630608, 31.280229770989976], [120.21136449630608, 31.280790802776526], [120.21183849568587, 31.280790802776526], [120.21183849568587, 31.281351834563075], [120.21278649444544, 31.281351834563075], [120.21278649444544, 31.280790802776526], [120.21326049382523, 31.280790802776526], [120.21326049382523, 31.281351834563075], [120.21278649444544, 31.281351834563075], [120.21278649444544, 31.281912866349625], [120.21373449320502, 31.281912866349625], [120.21373449320502, 31.282473898136175], [120.21468249196461, 31.282473898136175], [120.21468249196461, 31.283034929922724], [120.21373449320502, 31.283034929922724], [120.21373449320502, 31.283595961709278], [120.21183849568587, 31.283595961709278], [120.21183849568587, 31.284156993495827], [120.21326049382523, 31.284156993495827], [120.21326049382523, 31.285279057068927], [120.21231249506566, 31.285279057068927], [120.21231249506566, 31.285840088855476], [120.21136449630608, 31.285840088855476], [120.21136449630608, 31.286401120642026], [120.21089049692628, 31.286401120642026]]]}}, {"type": "Feature", "properties": {"threshold_ug_l": 20.0, "area_km2_approx": 0.022}, "geometry": {"type": "Polygon", "coordinates": [[[120.0279267363267, 31.281351834563075], [120.0279267363267, 31.280790802776526], [120.02887473508629, 31.280790802776526], [120.02887473508629, 31.280229770989976], [120.02934873446608, 31.280229770989976], [120.02934873446608, 31.279668739203426], [120.03029673322565, 31.279668739203426], [120.03029673322565, 31.280229770989976], [120.03077073260545, 31.280229770989976], [120.03077073260545, 31.280790802776526], [120.03029673322565, 31.280790802776526], [120.03029673322565, 31.280229770989976], [120.02982273384586, 31.280229770989976], [120.02982273384586, 31.280790802776526], [120.02934873446608, 31.280790802776526], [120.02934873446608, 31.281351834563075], [120.0279267363267, 31.281351834563075]]]}}, {"type": "Feature", "properties": {"threshold_ug_l": 20.0, "area_km2_approx": 0.003}, "geometry": {"type": "Polygon", "coordinates": [[[120.29052239273128, 31.280229770989976], [120.29052239273128, 31.279668739203426], [120.29099639211107, 31.279668739203426], [120.29099639211107, 31.280229770989976], [120.29052239273128, 31.280229770989976]]]}}, {"type": "Feature", "properties": {"threshold_ug_l": 20.0, "area_km2_approx": 0.017}, "geometry": {"type": "Polygon", "coordinates": [[[120.13362859802024, 31.281351834563075], [120.13362859802024, 31.280790802776526], [120.13315459864044, 31.280790802776526], [120.13315459864044, 31.280229770989976], [120.13410259740003, 31.280229770989976], [120.13410259740003, 31.279668739203426], [120.13362859802024, 31.279668739203426], [120.13362859802024, 31.279107707416873], [120.13410259740003, 31.279107707416873], [120.13410259740003, 31.279668739203426], [120.13457659677982, 31.279668739203426], [120.13457659677982, 31.280790802776526], [120.13410259740003, 31.280790802776526], [120.13410259740003, 31.281351834563075], [120.13362859802024, 31.281351834563075]]]}}, {"type": "Feature", "properties": {"threshold_ug_l": 20.0, "area_km2_approx": 0.003}, "geometry": {"type": "Polygon", "coordinates": [[[119.91464088455649, 31.279668739203426], [119.91464088455649, 31.279107707416873], [119.91511488393628, 31.279107707416873], [119.91511488393628, 31.279668739203426], [119.91464088455649, 31.279668739203426]]]}}, {"type": "Feature", "properties": {"threshold_ug_l": 20.0, "area_km2_approx": 0.003}, "geometry": {"type": "Polygon", "coordinates": [[[119.92743886781088, 31.279107707416873], [119.92743886781088, 31.278546675630324], [119.92791286719067, 31.278546675630324], [119.92791286719067, 31.279107707416873], [119.92743886781088, 31.279107707416873]]]}}, {"type": "Feature", "properties": {"threshold_ug_l": 20.0, "area_km2_approx": 0.003}, "geometry": {"type": "Polygon", "coordinates": [[[119.93028286408962, 31.279107707416873], [119.93028286408962, 31.278546675630324], [119.93075686346941, 31.278546675630324], [119.93075686346941, 31.279107707416873], [119.93028286408962, 31.279107707416873]]]}}, {"type": "Feature", "properties": {"threshold_ug_l": 20.0, "area_km2_approx": 0.003}, "geometry": {"type": "Polygon", "coordinates": [[[119.9312308628492, 31.279107707416873], [119.9312308628492, 31.278546675630324], [119.931704862229, 31.278546675630324], [119.931704862229, 31.279107707416873], [119.9312308628492, 31.279107707416873]]]}}, {"type": "Feature", "properties": {"threshold_ug_l": 20.0, "area_km2_approx": 0.003}, "geometry": {"type": "Polygon", "coordinates": [[[119.91369288579692, 31.277985643843774], [119.91369288579692, 31.277424612057224], [119.91416688517671, 31.277424612057224], [119.91416688517671, 31.277985643843774], [119.91369288579692, 31.277985643843774]]]}}, {"type": "Feature", "properties": {"threshold_ug_l": 20.0, "area_km2_approx": 0.003}, "geometry": {"type": "Polygon", "coordinates": [[[119.99853877477962, 31.277985643843774], [119.99853877477962, 31.277424612057224], [119.99901277415941, 31.277424612057224], [119.99901277415941, 31.277985643843774], [119.99853877477962, 31.277985643843774]]]}}, {"type": "Feature", "properties": {"threshold_ug_l": 20.0, "area_km2_approx": 0.003}, "geometry": {"type": "Polygon", "coordinates": [[[120.10850663089128, 31.277985643843774], [120.10850663089128, 31.277424612057224], [120.10898063027108, 31.277424612057224], [120.10898063027108, 31.277985643843774], [120.10850663089128, 31.277985643843774]]]}}, {"type": "Feature", "properties": {"threshold_ug_l": 20.0, "area_km2_approx": 0.059}, "geometry": {"type": "Polygon", "coordinates": [[[120.00090877167858, 31.278546675630324], [120.00090877167858, 31.277985643843774], [119.9994867735392, 31.277985643843774], [119.9994867735392, 31.276863580270675], [120.00043477229879, 31.276863580270675], [120.00043477229879, 31.277424612057224], [120.00090877167858, 31.277424612057224], [120.00090877167858, 31.276863580270675], [120.00375276795732, 31.276863580270675], [120.00375276795732, 31.277985643843774], [120.00280476919774, 31.277985643843774], [120.00280476919774, 31.278546675630324], [120.00090877167858, 31.278546675630324]]]}}, {"type": "Feature", "properties": {"threshold_ug_l": 20.0, "area_km2_approx": 0.05}, "geometry": {"type": "Polygon", "coordinates": [[[119.92743886781088, 31.277985643843774], [119.92743886781088, 31.277424612057224], [119.92696486843109, 31.277424612057224], [119.92696486843109, 31.276863580270675], [119.92743886781088, 31.276863580270675], [119.92743886781088, 31.276302548484125], [119.92696486843109, 31.276302548484125], [119.92696486843109, 31.275180484911022], [119.92838686657045, 31.275180484911022], [119.92838686657045, 31.275741516697572], [119.92886086595024, 31.275741516697572], [119.92886086595024, 31.276302548484125], [119.92933486533003, 31.276302548484125], [119.92933486533003, 31.277424612057224], [119.92838686657045, 31.277424612057224], [119.92838686657045, 31.277985643843774], [119.92743886781088, 31.277985643843774]]]}}, {"type": "Feature", "properties": {"threshold_ug_l": 20.0, "area_km2_approx": 0.02}, "geometry": {"type": "Polygon", "coordinates": [[[120.30853436916335, 31.276863580270675], [120.30853436916335, 31.275741516697572], [120.30900836854315, 31.275741516697572], [120.30900836854315, 31.275180484911022], [120.30948236792294, 31.275180484911022], [120.30948236792294, 31.275741516697572], [120.31043036668252, 31.275741516697572], [120.31043036668252, 31.276863580270675], [120.30995636730273, 31.276863580270675], [120.30995636730273, 31.276302548484125], [120.30900836854315, 31.276302548484125], [120.30900836854315, 31.276863580270675], [120.30853436916335, 31.276863580270675]]]}}, {"type": "Feature", "properties": {"threshold_ug_l": 20.0, "area_km2_approx": 0.006}, "geometry": {"type": "Polygon", "coordinates": [[[119.91321888641713, 31.276302548484125], [119.91321888641713, 31.275741516697572], [119.91274488703733, 31.275741516697572], [119.91274488703733, 31.275180484911022], [119.91321888641713, 31.275180484911022], [119.91321888641713, 31.275741516697572], [119.91369288579692, 31.275741516697572], [119.91369288579692, 31.276302548484125], [119.91321888641713, 31.276302548484125]]]}}, {"type": "Feature", "properties": {"threshold_ug_l": 20.0, "area_km2_approx": 0.003}, "geometry": {"type": "Polygon", "coordinates": [[[120.31137836544211, 31.275741516697572], [120.31137836544211, 31.275180484911022], [120.3118523648219, 31.275180484911022], [120.3118523648219, 31.275741516697572], [120.31137836544211, 31.275741516697572]]]}}, {"type": "Feature", "properties": {"threshold_ug_l": 20.0, "area_km2_approx": 0.006}, "geometry": {"type": "Polygon", "coordinates": [[[120.3123263642017, 31.275180484911022], [120.3123263642017, 31.274619453124473], [120.3118523648219, 31.274619453124473], [120.3118523648219, 31.274058421337923], [120.3123263642017, 31.274058421337923], [120.3123263642017, 31.274619453124473], [120.31280036358149, 31.274619453124473], [120.31280036358149, 31.275180484911022], [120.3123263642017, 31.275180484911022]]]}}, {"type": "Feature", "properties": {"threshold_ug_l": 20.0, "area_km2_approx": 0.003}, "geometry": {"type": "Polygon", "coordinates": [[[120.30948236792294, 31.274619453124473], [120.30948236792294, 31.274058421337923], [120.30995636730273, 31.274058421337923], [120.30995636730273, 31.274619453124473], [120.30948236792294, 31.274619453124473]]]}}, {"type": "Feature", "properties": {"threshold_ug_l": 20.0, "area_km2_approx": 0.003}, "geometry": {"type": "Polygon", "coordinates": [[[119.93075686346941, 31.273497389551373], [119.93075686346941, 31.272936357764824], [119.9312308628492, 31.272936357764824], [119.9312308628492, 31.273497389551373], [119.93075686346941, 31.273497389551373]]]}}, {"type": "Feature", "properties": {"threshold_ug_l": 20.0, "area_km2_approx": 0.031}, "geometry": {"type": "Polygon", "coordinates": [[[119.95777482811754, 31.275180484911022], [119.95777482811754, 31.274058421337923], [119.95872282687712, 31.274058421337923], [119.95872282687712, 31.272375325978274], [119.9596708256367, 31.272375325978274], [119.9596708256367, 31.272936357764824], [119.9601448250165, 31.272936357764824], [119.9601448250165, 31.273497389551373], [119.9596708256367, 31.273497389551373], [119.9596708256367, 31.274058421337923], [119.95919682625691, 31.274058421337923], [119.95919682625691, 31.274619453124473], [119.95824882749733, 31.274619453124473], [119.95824882749733, 31.275180484911022], [119.95777482811754, 31.275180484911022]]]}}, {"type": "Feature", "properties": {"threshold_ug_l": 20.0, "area_km2_approx": 0.028}, "geometry": {"type": "Polygon", "coordinates": [[[119.92696486843109, 31.274619453124473], [119.92696486843109, 31.273497389551373], [119.92649086905129, 31.273497389551373], [119.92649086905129, 31.272936357764824], [119.9260168696715, 31.272936357764824], [119.9260168696715, 31.272375325978274], [119.92649086905129, 31.272375325978274], [119.92649086905129, 31.272936357764824], [119.92743886781088, 31.272936357764824], [119.92743886781088, 31.272375325978274], [119.92791286719067, 31.272375325978274], [119.92791286719067, 31.272936357764824], [119.92838686657045, 31.272936357764824], [119.92838686657045, 31.273497389551373], [119.92791286719067, 31.273497389551373], [119.92791286719067, 31.274619453124473], [119.92696486843109, 31.274619453124473]]]}}, {"type": "Feature", "properties": {"threshold_ug_l": 20.0, "area_km2_approx": 0.008}, "geometry": {"type": "Polygon", "coordinates": [[[119.988584787804, 31.273497389551373], [119.988584787804, 31.272936357764824], [119.9890587871838, 31.272936357764824], [119.9890587871838, 31.272375325978274], [119.98953278656357, 31.272375325978274], [119.98953278656357, 31.273497389551373], [119.988584787804, 31.273497389551373]]]}}, {"type": "Feature", "properties": {"threshold_ug_l": 20.0, "area_km2_approx": 0.003}, "geometry": {"type": "Polygon", "coordinates": [[[120.24738844917023, 31.272375325978274], [120.24738844917023, 31.27181429419172], [120.24786244855002, 31.27181429419172], [120.24786244855002, 31.272375325978274], [120.24738844917023, 31.272375325978274]]]}}, {"type": "Feature", "properties": {"threshold_ug_l": 20.0, "area_km2_approx": 0.008}, "geometry": {"type": "Polygon", "coordinates": [[[119.95730082873774, 31.272375325978274], [119.95730082873774, 31.27181429419172], [119.95777482811754, 31.27181429419172], [119.95777482811754, 31.27125326240517], [119.95824882749733, 31.27125326240517], [119.95824882749733, 31.272375325978274], [119.95730082873774, 31.272375325978274]]]}}, {"type": "Feature", "properties": {"threshold_ug_l": 20.0, "area_km2_approx": 0.014}, "geometry": {"type": "Polygon", "coordinates": [[[119.9601448250165, 31.272375325978274], [119.9601448250165, 31.27181429419172], [119.96156682315588, 31.27181429419172], [119.96156682315588, 31.27125326240517], [119.96204082253566, 31.27125326240517], [119.96204082253566, 31.272375325978274], [119.9601448250165, 31.272375325978274]]]}}, {"type": "Feature", "properties": {"threshold_ug_l": 20.0, "area_km2_approx": 0.011}, "geometry": {"type": "Polygon", "coordinates": [[[120.14405658437566, 31.272375325978274], [120.14405658437566, 31.27125326240517], [120.14500458313523, 31.27125326240517], [120.14500458313523, 31.272375325978274], [120.14405658437566, 31.272375325978274]]]}}, {"type": "Feature", "properties": {"threshold_ug_l": 20.0, "area_km2_approx": 0.006}, "geometry": {"type": "Polygon", "coordinates": [[[119.96725481571337, 31.27125326240517], [119.96725481571337, 31.27069223061862], [119.96820281447296, 31.27069223061862], [119.96820281447296, 31.27125326240517], [119.96725481571337, 31.27125326240517]]]}}, {"type": "Feature", "properties": {"threshold_ug_l": 20.0, "area_km2_approx": 0.003}, "geometry": {"type": "Polygon", "coordinates": [[[119.96962481261232, 31.27125326240517], [119.96962481261232, 31.27069223061862], [119.97009881199212, 31.27069223061862], [119.97009881199212, 31.27125326240517], [119.96962481261232, 31.27125326240517]]]}}, {"type": "Feature", "properties": {"threshold_ug_l": 20.0, "area_km2_approx": 0.081}, "geometry": {"type": "Polygon", "coordinates": [[[119.96488481881441, 31.274058421337923], [119.96488481881441, 31.273497389551373], [119.96441081943462, 31.273497389551373], [119.96441081943462, 31.272936357764824], [119.96393682005483, 31.272936357764824], [119.96393682005483, 31.272375325978274], [119.96298882129524, 31.272375325978274], [119.96298882129524, 31.27181429419172], [119.96346282067503, 31.27181429419172], [119.96346282067503, 31.27069223061862], [119.96393682005483, 31.27069223061862], [119.96393682005483, 31.270131198832072], [119.96441081943462, 31.270131198832072], [119.96441081943462, 31.27069223061862], [119.96488481881441, 31.27069223061862], [119.96488481881441, 31.27125326240517], [119.965832817574, 31.27125326240517], [119.965832817574, 31.27069223061862], [119.96630681695379, 31.27069223061862], [119.96630681695379, 31.273497389551373], [119.965832817574, 31.273497389551373], [119.965832817574, 31.274058421337923], [119.96488481881441, 31.274058421337923]]]}}, {"type": "Feature", "properties": {"threshold_ug_l": 20.0, "area_km2_approx": 0.076}, "geometry": {"type": "Polygon", "coordinates": [[[119.92269887401295, 31.272936357764824], [119.92269887401295, 31.27181429419172], [119.91938087835442, 31.27181429419172], [119.91938087835442, 31.27125326240517], [119.91985487773421, 31.27125326240517], [119.91985487773421, 31.27069223061862], [119.92269887401295, 31.27069223061862], [119.92269887401295, 31.27125326240517], [119.92317287339274, 31.27125326240517], [119.92317287339274, 31.270131198832072], [119.92459487153212, 31.270131198832072], [119.92459487153212, 31.272375325978274], [119.92412087215233, 31.272375325978274], [119.92412087215233, 31.27181429419172], [119.92317287339274, 31.27181429419172], [119.92317287339274, 31.272375325978274], [119.92364687277254, 31.272375325978274], [119.92364687277254, 31.272936357764824], [119.92269887401295, 31.272936357764824]]]}}, {"type": "Feature", "properties": {"threshold_ug_l": 20.0, "area_km2_approx": 0.003}, "geometry": {"type": "Polygon", "coordinates": [[[120.32180635179752, 31.27069223061862], [120.32180635179752, 31.270131198832072], [120.32228035117731, 31.270131198832072], [120.32228035117731, 31.27069223061862], [120.32180635179752, 31.27069223061862]]]}}, {"type": "Feature", "properties": {"threshold_ug_l": 20.0, "area_km2_approx": 0.017}, "geometry": {"type": "Polygon", "coordinates": [[[120.32465034807628, 31.27181429419172], [120.32465034807628, 31.27125326240517], [120.32370234931669, 31.27125326240517], [120.32370234931669, 31.27069223061862], [120.3227543505571, 31.27069223061862], [120.3227543505571, 31.270131198832072], [120.32417634869648, 31.270131198832072], [120.32417634869648, 31.27069223061862], [120.32465034807628, 31.27069223061862], [120.32465034807628, 31.27125326240517], [120.32512434745607, 31.27125326240517], [120.32512434745607, 31.27181429419172], [120.32465034807628, 31.27181429419172]]]}}, {"type": "Feature", "properties": {"threshold_ug_l": 20.0, "area_km2_approx": 0.154}, "geometry": {"type": "Polygon", "coordinates": [[[119.93217886160879, 31.273497389551373], [119.93217886160879, 31.272936357764824], [119.931704862229, 31.272936357764824], [119.931704862229, 31.272375325978274], [119.93075686346941, 31.272375325978274], [119.93075686346941, 31.27069223061862], [119.931704862229, 31.27069223061862], [119.931704862229, 31.269570167045522], [119.93407485912796, 31.269570167045522], [119.93407485912796, 31.270131198832072], [119.93597085664712, 31.270131198832072], [119.93597085664712, 31.27181429419172], [119.93502285788753, 31.27181429419172], [119.93502285788753, 31.272936357764824], [119.93454885850775, 31.272936357764824], [119.93454885850775, 31.273497389551373], [119.93360085974817, 31.273497389551373], [119.93360085974817, 31.272936357764824], [119.93265286098858, 31.272936357764824], [119.93265286098858, 31.273497389551373], [119.93217886160879, 31.273497389551373]]]}}, {"type": "Feature", "properties": {"threshold_ug_l": 20.0, "area_km2_approx": 0.003}, "geometry": {"type": "Polygon", "coordinates": [[[120.19951451181127, 31.269570167045522], [120.19951451181127, 31.269009135258973], [120.19998851119107, 31.269009135258973], [120.19998851119107, 31.269570167045522], [120.19951451181127, 31.269570167045522]]]}}, {"type": "Feature", "properties": {"threshold_ug_l": 20.0, "area_km2_approx": 0.006}, "geometry": {"type": "Polygon", "coordinates": [[[120.20472850498899, 31.269009135258973], [120.20472850498899, 31.268448103472423], [120.20567650374858, 31.268448103472423], [120.20567650374858, 31.269009135258973], [120.20472850498899, 31.269009135258973]]]}}, {"type": "Feature", "properties": {"threshold_ug_l": 20.0, "area_km2_approx": 0.098}, "geometry": {"type": "Polygon", "coordinates": [[[119.91084888951816, 31.272936357764824], [119.91084888951816, 31.27181429419172], [119.91037489013837, 31.27181429419172], [119.91037489013837, 31.27125326240517], [119.91084888951816, 31.27125326240517], [119.91084888951816, 31.27069223061862], [119.90990089075858, 31.27069223061862], [119.90990089075858, 31.269570167045522], [119.908952891999, 31.269570167045522], [119.908952891999, 31.26788707168587], [119.9084788926192, 31.26788707168587], [119.9084788926192, 31.26676500811277], [119.90942689137879, 31.26676500811277], [119.90942689137879, 31.26732603989932], [119.90990089075858, 31.26732603989932], [119.90990089075858, 31.269570167045522], [119.91037489013837, 31.269570167045522], [119.91037489013837, 31.269009135258973], [119.91179688827775, 31.269009135258973], [119.91179688827775, 31.269570167045522], [119.91369288579692, 31.269570167045522], [119.91369288579692, 31.270131198832072], [119.91274488703733, 31.270131198832072], [119.91274488703733, 31.27069223061862], [119.91227088765754, 31.27069223061862], [119.91227088765754, 31.27125326240517], [119.91084888951816, 31.27125326240517], [119.91084888951816, 31.27181429419172], [119.91132288889796, 31.27181429419172], [119.91132288889796, 31.272375325978274], [119.91179688827775, 31.272375325978274], [119.91179688827775, 31.272936357764824], [119.91084888951816, 31.272936357764824]]]}}, {"type": "Feature", "properties": {"threshold_ug_l": 20.0, "area_km2_approx": 0.036}, "geometry": {"type": "Polygon", "coordinates": [[[119.96820281447296, 31.269570167045522], [119.96820281447296, 31.269009135258973], [119.96772881509317, 31.269009135258973], [119.96772881509317, 31.26676500811277], [119.96915081323253, 31.26676500811277], [119.96915081323253, 31.269009135258973], [119.96867681385275, 31.269009135258973], [119.96867681385275, 31.269570167045522], [119.96820281447296, 31.269570167045522]]]}}, {"type": "Feature", "properties": {"threshold_ug_l": 20.0, "area_km2_approx": 0.003}, "geometry": {"type": "Polygon", "coordinates": [[[120.3061643722644, 31.26676500811277], [120.3061643722644, 31.26620397632622], [120.3066383716442, 31.26620397632622], [120.3066383716442, 31.26676500811277], [120.3061643722644, 31.26676500811277]]]}}, {"type": "Feature", "properties": {"threshold_ug_l": 20.0, "area_km2_approx": 0.064}, "geometry": {"type": "Polygon", "coordinates": [[[120.26445242684274, 31.26732603989932], [120.26445242684274, 31.26676500811277], [120.26350442808315, 31.26676500811277], [120.26350442808315, 31.26508191275312], [120.26540042560232, 31.26508191275312], [120.26540042560232, 31.26564294453967], [120.26587442498212, 31.26564294453967], [120.26587442498212, 31.26508191275312], [120.26634842436191, 31.26508191275312], [120.26634842436191, 31.26564294453967], [120.26729642312148, 31.26564294453967], [120.26729642312148, 31.26676500811277], [120.26540042560232, 31.26676500811277], [120.26540042560232, 31.26732603989932], [120.26445242684274, 31.26732603989932]]]}}, {"type": "Feature", "properties": {"threshold_ug_l": 20.0, "area_km2_approx": 0.003}, "geometry": {"type": "Polygon", "coordinates": [[[119.94165884920463, 31.26564294453967], [119.94165884920463, 31.26508191275312], [119.94213284858441, 31.26508191275312], [119.94213284858441, 31.26564294453967], [119.94165884920463, 31.26564294453967]]]}}, {"type": "Feature", "properties": {"threshold_ug_l": 20.0, "area_km2_approx": 0.022}, "geometry": {"type": "Polygon", "coordinates": [[[120.02366074190857, 31.26620397632622], [120.02366074190857, 31.26564294453967], [120.02318674252878, 31.26564294453967], [120.02318674252878, 31.264520880966572], [120.02508274004795, 31.264520880966572], [120.02508274004795, 31.26508191275312], [120.02460874066816, 31.26508191275312], [120.02460874066816, 31.26564294453967], [120.02413474128836, 31.26564294453967], [120.02413474128836, 31.26620397632622], [120.02366074190857, 31.26620397632622]]]}}, {"type": "Feature", "properties": {"threshold_ug_l": 20.0, "area_km2_approx": 0.006}, "geometry": {"type": "Polygon", "coordinates": [[[119.91985487773421, 31.26508191275312], [119.91985487773421, 31.264520880966572], [119.9208028764938, 31.264520880966572], [119.9208028764938, 31.26508191275312], [119.91985487773421, 31.26508191275312]]]}}, {"type": "Feature", "properties": {"threshold_ug_l": 20.0, "area_km2_approx": 0.014}, "geometry": {"type": "Polygon", "coordinates": [[[119.92317287339274, 31.26620397632622], [119.92317287339274, 31.26564294453967], [119.92269887401295, 31.26564294453967], [119.92269887401295, 31.26508191275312], [119.92317287339274, 31.26508191275312], [119.92317287339274, 31.26395984918002], [119.92364687277254, 31.26395984918002], [119.92364687277254, 31.26620397632622], [119.92317287339274, 31.26620397632622]]]}}, {"type": "Feature", "properties": {"threshold_ug_l": 20.0, "area_km2_approx": 0.008}, "geometry": {"type": "Polygon", "coordinates": [[[119.91321888641713, 31.26508191275312], [119.91321888641713, 31.26395984918002], [119.91369288579692, 31.26395984918002], [119.91369288579692, 31.264520880966572], [119.91416688517671, 31.264520880966572], [119.91416688517671, 31.26508191275312], [119.91321888641713, 31.26508191275312]]]}}, {"type": "Feature", "properties": {"threshold_ug_l": 20.0, "area_km2_approx": 0.014}, "geometry": {"type": "Polygon", "coordinates": [[[120.18529453041754, 31.26508191275312], [120.18529453041754, 31.264520880966572], [120.18387253227816, 31.264520880966572], [120.18387253227816, 31.26395984918002], [120.18576852979731, 31.26395984918002], [120.18576852979731, 31.26508191275312], [120.18529453041754, 31.26508191275312]]]}}, {"type": "Feature", "properties": {"threshold_ug_l": 20.0, "area_km2_approx": 0.003}, "geometry": {"type": "Polygon", "coordinates": [[[119.93028286408962, 31.26395984918002], [119.93028286408962, 31.26339881739347], [119.93075686346941, 31.26339881739347], [119.93075686346941, 31.26395984918002], [119.93028286408962, 31.26395984918002]]]}}, {"type": "Feature", "properties": {"threshold_ug_l": 20.0, "area_km2_approx": 0.006}, "geometry": {"type": "Polygon", "coordinates": [[[120.2094684987869, 31.26339881739347], [120.2094684987869, 31.26283778560692], [120.21041649754649, 31.26283778560692], [120.21041649754649, 31.26339881739347], [120.2094684987869, 31.26339881739347]]]}}, {"type": "Feature", "properties": {"threshold_ug_l": 20.0, "area_km2_approx": 0.008}, "geometry": {"type": "Polygon", "coordinates": [[[120.20804650064753, 31.26339881739347], [120.20804650064753, 31.26227675382037], [120.20899449940711, 31.26227675382037], [120.20899449940711, 31.26283778560692], [120.20852050002732, 31.26283778560692], [120.20852050002732, 31.26339881739347], [120.20804650064753, 31.26339881739347]]]}}, {"type": "Feature", "properties": {"threshold_ug_l": 20.0, "area_km2_approx": 0.003}, "geometry": {"type": "Polygon", "coordinates": [[[119.93597085664712, 31.26283778560692], [119.93597085664712, 31.26227675382037], [119.93644485602691, 31.26227675382037], [119.93644485602691, 31.26283778560692], [119.93597085664712, 31.26283778560692]]]}}, {"type": "Feature", "properties": {"threshold_ug_l": 20.0, "area_km2_approx": 0.025}, "geometry": {"type": "Polygon", "coordinates": [[[119.91843287959483, 31.26395984918002], [119.91843287959483, 31.26339881739347], [119.91748488083525, 31.26339881739347], [119.91748488083525, 31.26171572203382], [119.91795888021504, 31.26171572203382], [119.91795888021504, 31.26227675382037], [119.91843287959483, 31.26227675382037], [119.91843287959483, 31.26283778560692], [119.91938087835442, 31.26283778560692], [119.91938087835442, 31.26395984918002], [119.91843287959483, 31.26395984918002]]]}}, {"type": "Feature", "properties": {"threshold_ug_l": 20.0, "area_km2_approx": 0.048}, "geometry": {"type": "Polygon", "coordinates": [[[119.93786685416629, 31.26395984918002], [119.93786685416629, 31.26339881739347], [119.9373928547865, 31.26339881739347], [119.9373928547865, 31.26171572203382], [119.93786685416629, 31.26171572203382], [119.93786685416629, 31.26115469024727], [119.93834085354608, 31.26115469024727], [119.93834085354608, 31.26171572203382], [119.93881485292587, 31.26171572203382], [119.93881485292587, 31.26227675382037], [119.93976285168546, 31.26227675382037], [119.93976285168546, 31.26171572203382], [119.94023685106525, 31.26171572203382], [119.94023685106525, 31.26283778560692], [119.93928885230567, 31.26283778560692], [119.93928885230567, 31.26339881739347], [119.93881485292587, 31.26339881739347], [119.93881485292587, 31.26395984918002], [119.93786685416629, 31.26395984918002]]]}}, {"type": "Feature", "properties": {"threshold_ug_l": 20.0, "area_km2_approx": 0.059}, "geometry": {"type": "Polygon", "coordinates": [[[119.91464088455649, 31.26395984918002], [119.91464088455649, 31.26339881739347], [119.91511488393628, 31.26339881739347], [119.91511488393628, 31.26227675382037], [119.91227088765754, 31.26227675382037], [119.91227088765754, 31.26115469024727], [119.91274488703733, 31.26115469024727], [119.91274488703733, 31.26171572203382], [119.91321888641713, 31.26171572203382], [119.91321888641713, 31.26115469024727], [119.91416688517671, 31.26115469024727], [119.91416688517671, 31.26171572203382], [119.91558888331608, 31.26171572203382], [119.91558888331608, 31.26227675382037], [119.91701088145545, 31.26227675382037], [119.91701088145545, 31.26339881739347], [119.91606288269587, 31.26339881739347], [119.91606288269587, 31.26395984918002], [119.91464088455649, 31.26395984918002]]]}}, {"type": "Feature", "properties": {"threshold_ug_l": 20.0, "area_km2_approx": 0.006}, "geometry": {"type": "Polygon", "coordinates": [[[120.06347668981108, 31.26171572203382], [120.06347668981108, 31.26115469024727], [120.06442468857065, 31.26115469024727], [120.06442468857065, 31.26171572203382], [120.06347668981108, 31.26171572203382]]]}}, {"type": "Feature", "properties": {"threshold_ug_l": 20.0, "area_km2_approx": 0.003}, "geometry": {"type": "Polygon", "coordinates": [[[120.20709850188794, 31.260593658460717], [120.20709850188794, 31.260032626674167], [120.20757250126773, 31.260032626674167], [120.20757250126773, 31.260593658460717], [120.20709850188794, 31.260593658460717]]]}}, {"type": "Feature", "properties": {"threshold_ug_l": 20.0, "area_km2_approx": 0.176}, "geometry": {"type": "Polygon", "coordinates": [[[119.94118484982484, 31.26395984918002], [119.94118484982484, 31.26283778560692], [119.94165884920463, 31.26283778560692], [119.94165884920463, 31.26227675382037], [119.94118484982484, 31.26227675382037], [119.94118484982484, 31.26115469024727], [119.94165884920463, 31.26115469024727], [119.94165884920463, 31.260593658460717], [119.94450284548337, 31.260593658460717], [119.94450284548337, 31.260032626674167], [119.94497684486316, 31.260032626674167], [119.94497684486316, 31.260593658460717], [119.94545084424296, 31.260593658460717], [119.94545084424296, 31.260032626674167], [119.94592484362275, 31.260032626674167], [119.94592484362275, 31.259471594887618], [119.94687284238233, 31.259471594887618], [119.94687284238233, 31.260593658460717], [119.94639884300254, 31.260593658460717], [119.94639884300254, 31.260032626674167], [119.94592484362275, 31.260032626674167], [119.94592484362275, 31.260593658460717], [119.94545084424296, 31.260593658460717], [119.94545084424296, 31.26115469024727], [119.94497684486316, 31.26115469024727], [119.94497684486316, 31.26171572203382], [119.94639884300254, 31.26171572203382], [119.94639884300254, 31.26283778560692], [119.94687284238233, 31.26283778560692], [119.94687284238233, 31.26227675382037], [119.94782084114192, 31.26227675382037], [119.94782084114192, 31.26171572203382], [119.94829484052171, 31.26171572203382], [119.94829484052171, 31.26227675382037], [119.94782084114192, 31.26227675382037], [119.94782084114192, 31.26339881739347], [119.94734684176213, 31.26339881739347], [119.94734684176213, 31.26395984918002], [119.94639884300254, 31.26395984918002], [119.94639884300254, 31.26339881739347], [119.94450284548337, 31.26339881739347], [119.94450284548337, 31.26283778560692], [119.94355484672379, 31.26283778560692], [119.94355484672379, 31.26339881739347], [119.94308084734399, 31.26339881739347], [119.94308084734399, 31.26395984918002], [119.94118484982484, 31.26395984918002]]]}}, {"type": "Feature", "properties": {"threshold_ug_l": 20.0, "area_km2_approx": 0.087}, "geometry": {"type": "Polygon", "coordinates": [[[120.21089049692628, 31.26171572203382], [120.21089049692628, 31.26115469024727], [120.2094684987869, 31.26115469024727], [120.2094684987869, 31.259471594887618], [120.21231249506566, 31.259471594887618], [120.21231249506566, 31.260032626674167], [120.21373449320502, 31.260032626674167], [120.21373449320502, 31.260593658460717], [120.21420849258482, 31.260593658460717], [120.21420849258482, 31.260032626674167], [120.21468249196461, 31.260032626674167], [120.21468249196461, 31.260593658460717], [120.2156304907242, 31.260593658460717], [120.2156304907242, 31.26115469024727], [120.2151564913444, 31.26115469024727], [120.2151564913444, 31.26171572203382], [120.21468249196461, 31.26171572203382], [120.21468249196461, 31.26115469024727], [120.21373449320502, 31.26115469024727], [120.21373449320502, 31.260593658460717], [120.21326049382523, 31.260593658460717], [120.21326049382523, 31.26115469024727], [120.21183849568587, 31.26115469024727], [120.21183849568587, 31.26171572203382], [120.21089049692628, 31.26171572203382]]]}}, {"type": "Feature", "properties": {"threshold_ug_l": 20.0, "area_km2_approx": 0.003}, "geometry": {"type": "Polygon", "coordinates": [[[119.92127687587359, 31.260032626674167], [119.92127687587359, 31.259471594887618], [119.92175087525337, 31.259471594887618], [119.92175087525337, 31.260032626674167], [119.92127687587359, 31.260032626674167]]]}}, {"type": "Feature", "properties": {"threshold_ug_l": 20.0, "area_km2_approx": 0.042}, "geometry": {"type": "Polygon", "coordinates": [[[119.95019083804087, 31.260593658460717], [119.95019083804087, 31.260032626674167], [119.94971683866108, 31.260032626674167], [119.94971683866108, 31.259471594887618], [119.95066483742066, 31.259471594887618], [119.95066483742066, 31.258910563101068], [119.95398283307921, 31.258910563101068], [119.95398283307921, 31.259471594887618], [119.95256083493983, 31.259471594887618], [119.95256083493983, 31.260032626674167], [119.95113883680045, 31.260032626674167], [119.95113883680045, 31.260593658460717], [119.95019083804087, 31.260593658460717]]]}}, {"type": "Feature", "properties": {"threshold_ug_l": 20.0, "area_km2_approx": 0.02}, "geometry": {"type": "Polygon", "coordinates": [[[119.92412087215233, 31.260593658460717], [119.92412087215233, 31.260032626674167], [119.92317287339274, 31.260032626674167], [119.92317287339274, 31.259471594887618], [119.92412087215233, 31.259471594887618], [119.92412087215233, 31.258910563101068], [119.92506887091191, 31.258910563101068], [119.92506887091191, 31.260032626674167], [119.92459487153212, 31.260032626674167], [119.92459487153212, 31.260593658460717], [119.92412087215233, 31.260593658460717]]]}}, {"type": "Feature", "properties": {"threshold_ug_l": 20.0, "area_km2_approx": 0.003}, "geometry": {"type": "Polygon", "coordinates": [[[120.27014041940024, 31.25834953131452], [120.27014041940024, 31.25778849952797], [120.27061441878003, 31.25778849952797], [120.27061441878003, 31.25834953131452], [120.27014041940024, 31.25834953131452]]]}}, {"type": "Feature", "properties": {"threshold_ug_l": 20.0, "area_km2_approx": 0.003}, "geometry": {"type": "Polygon", "coordinates": [[[120.29194439087065, 31.25834953131452], [120.29194439087065, 31.25778849952797], [120.29241839025045, 31.25778849952797], [120.29241839025045, 31.25834953131452], [120.29194439087065, 31.25834953131452]]]}}, {"type": "Feature", "properties": {"threshold_ug_l": 20.0, "area_km2_approx": 0.288}, "geometry": {"type": "Polygon", "coordinates": [[[119.92886086595024, 31.264520880966572], [119.92886086595024, 31.26395984918002], [119.92743886781088, 31.26395984918002], [119.92743886781088, 31.26339881739347], [119.92649086905129, 31.26339881739347], [119.92649086905129, 31.26395984918002], [119.92459487153212, 31.26395984918002], [119.92459487153212, 31.26283778560692], [119.9260168696715, 31.26283778560692], [119.9260168696715, 31.26227675382037], [119.92554287029171, 31.26227675382037], [119.92554287029171, 31.26171572203382], [119.92506887091191, 31.26171572203382], [119.92506887091191, 31.26115469024727], [119.92554287029171, 31.26115469024727], [119.92554287029171, 31.259471594887618], [119.9260168696715, 31.259471594887618], [119.9260168696715, 31.258910563101068], [119.92554287029171, 31.258910563101068], [119.92554287029171, 31.25834953131452], [119.9260168696715, 31.25834953131452], [119.9260168696715, 31.25778849952797], [119.92649086905129, 31.25778849952797], [119.92649086905129, 31.25722746774142], [119.92838686657045, 31.25722746774142], [119.92838686657045, 31.256666435954866], [119.92886086595024, 31.256666435954866], [119.92886086595024, 31.256105404168316], [119.92980886470983, 31.256105404168316], [119.92980886470983, 31.25722746774142], [119.92933486533003, 31.25722746774142], [119.92933486533003, 31.259471594887618], [119.92886086595024, 31.259471594887618], [119.92886086595024, 31.260593658460717], [119.92933486533003, 31.260593658460717], [119.92933486533003, 31.26227675382037], [119.93028286408962, 31.26227675382037], [119.93028286408962, 31.26283778560692], [119.92980886470983, 31.26283778560692], [119.92980886470983, 31.264520880966572], [119.92886086595024, 31.264520880966572]]]}}, {"type": "Feature", "properties": {"threshold_ug_l": 20.0, "area_km2_approx": 0.003}, "geometry": {"type": "Polygon", "coordinates": [[[119.97578680454961, 31.255544372381767], [119.97578680454961, 31.254983340595217], [119.9762608039294, 31.254983340595217], [119.9762608039294, 31.255544372381767], [119.97578680454961, 31.255544372381767]]]}}, {"type": "Feature", "properties": {"threshold_ug_l": 20.0, "area_km2_approx": 0.02}, "geometry": {"type": "Polygon", "coordinates": [[[120.14879657817357, 31.256105404168316], [120.14879657817357, 31.254422308808667], [120.14974457693316, 31.254422308808667], [120.14974457693316, 31.255544372381767], [120.15021857631295, 31.255544372381767], [120.15021857631295, 31.256105404168316], [120.14879657817357, 31.256105404168316]]]}}, {"type": "Feature", "properties": {"threshold_ug_l": 20.0, "area_km2_approx": 0.003}, "geometry": {"type": "Polygon", "coordinates": [[[119.89947290440317, 31.254983340595217], [119.89947290440317, 31.254422308808667], [119.89994690378296, 31.254422308808667], [119.89994690378296, 31.254983340595217], [119.89947290440317, 31.254983340595217]]]}}, {"type": "Feature", "properties": {"threshold_ug_l": 20.0, "area_km2_approx": 0.073}, "geometry": {"type": "Polygon", "coordinates": [[[119.92175087525337, 31.256105404168316], [119.92175087525337, 31.254983340595217], [119.92222487463316, 31.254983340595217], [119.92222487463316, 31.254422308808667], [119.92175087525337, 31.254422308808667], [119.92175087525337, 31.253861277022118], [119.92317287339274, 31.253861277022118], [119.92317287339274, 31.253300245235565], [119.92364687277254, 31.253300245235565], [119.92364687277254, 31.253861277022118], [119.92459487153212, 31.253861277022118], [119.92459487153212, 31.254422308808667], [119.9260168696715, 31.254422308808667], [119.9260168696715, 31.254983340595217], [119.92554287029171, 31.254983340595217], [119.92554287029171, 31.256105404168316], [119.92459487153212, 31.256105404168316], [119.92459487153212, 31.255544372381767], [119.92412087215233, 31.255544372381767], [119.92412087215233, 31.254983340595217], [119.92364687277254, 31.254983340595217], [119.92364687277254, 31.255544372381767], [119.92269887401295, 31.255544372381767], [119.92269887401295, 31.256105404168316], [119.92175087525337, 31.256105404168316]]]}}, {"type": "Feature", "properties": {"threshold_ug_l": 20.0, "area_km2_approx": 0.003}, "geometry": {"type": "Polygon", "coordinates": [[[119.89947290440317, 31.253861277022118], [119.89947290440317, 31.253300245235565], [119.89994690378296, 31.253300245235565], [119.89994690378296, 31.253861277022118], [119.89947290440317, 31.253861277022118]]]}}, {"type": "Feature", "properties": {"threshold_ug_l": 20.0, "area_km2_approx": 0.431}, "geometry": {"type": "Polygon", "coordinates": [[[119.93881485292587, 31.259471594887618], [119.93881485292587, 31.25778849952797], [119.93834085354608, 31.25778849952797], [119.93834085354608, 31.256666435954866], [119.93881485292587, 31.256666435954866], [119.93881485292587, 31.256105404168316], [119.93928885230567, 31.256105404168316], [119.93928885230567, 31.255544372381767], [119.93976285168546, 31.255544372381767], [119.93976285168546, 31.254983340595217], [119.94023685106525, 31.254983340595217], [119.94023685106525, 31.254422308808667], [119.94118484982484, 31.254422308808667], [119.94118484982484, 31.253300245235565], [119.94355484672379, 31.253300245235565], [119.94355484672379, 31.252739213449015], [119.94402884610358, 31.252739213449015], [119.94402884610358, 31.253300245235565], [119.94782084114192, 31.253300245235565], [119.94782084114192, 31.253861277022118], [119.94876883990149, 31.253861277022118], [119.94876883990149, 31.254422308808667], [119.94829484052171, 31.254422308808667], [119.94829484052171, 31.256666435954866], [119.94734684176213, 31.256666435954866], [119.94734684176213, 31.25722746774142], [119.94592484362275, 31.25722746774142], [119.94592484362275, 31.25778849952797], [119.94545084424296, 31.25778849952797], [119.94545084424296, 31.25834953131452], [119.94497684486316, 31.25834953131452], [119.94497684486316, 31.25778849952797], [119.94545084424296, 31.25778849952797], [119.94545084424296, 31.25722746774142], [119.94308084734399, 31.25722746774142], [119.94308084734399, 31.25778849952797], [119.9426068479642, 31.25778849952797], [119.9426068479642, 31.258910563101068], [119.94213284858441, 31.258910563101068], [119.94213284858441, 31.25834953131452], [119.94118484982484, 31.25834953131452], [119.94118484982484, 31.25778849952797], [119.94071085044504, 31.25778849952797], [119.94071085044504, 31.25834953131452], [119.93928885230567, 31.25834953131452], [119.93928885230567, 31.259471594887618], [119.93881485292587, 31.259471594887618]], [[119.93881485292587, 31.25722746774142], [119.93976285168546, 31.25722746774142], [119.93976285168546, 31.256666435954866], [119.93881485292587, 31.256666435954866], [119.93881485292587, 31.25722746774142]], [[119.94023685106525, 31.25722746774142], [119.94071085044504, 31.25722746774142], [119.94071085044504, 31.255544372381767], [119.93976285168546, 31.255544372381767], [119.93976285168546, 31.256105404168316], [119.94023685106525, 31.256105404168316], [119.94023685106525, 31.25722746774142]], [[119.94545084424296, 31.256666435954866], [119.94592484362275, 31.256666435954866], [119.94592484362275, 31.256105404168316], [119.94545084424296, 31.256105404168316], [119.94545084424296, 31.256666435954866]], [[119.94497684486316, 31.256105404168316], [119.94545084424296, 31.256105404168316], [119.94545084424296, 31.255544372381767], [119.94497684486316, 31.255544372381767], [119.94497684486316, 31.256105404168316]]]}}, {"type": "Feature", "properties": {"threshold_ug_l": 20.0, "area_km2_approx": 0.017}, "geometry": {"type": "Polygon", "coordinates": [[[119.96204082253566, 31.254422308808667], [119.96204082253566, 31.253300245235565], [119.96346282067503, 31.253300245235565], [119.96346282067503, 31.252739213449015], [119.96393682005483, 31.252739213449015], [119.96393682005483, 31.253300245235565], [119.96346282067503, 31.253300245235565], [119.96346282067503, 31.253861277022118], [119.96298882129524, 31.253861277022118], [119.96298882129524, 31.254422308808667], [119.96204082253566, 31.254422308808667]]]}}, {"type": "Feature", "properties": {"threshold_ug_l": 20.0, "area_km2_approx": 0.006}, "geometry": {"type": "Polygon", "coordinates": [[[119.92459487153212, 31.253300245235565], [119.92459487153212, 31.252739213449015], [119.92554287029171, 31.252739213449015], [119.92554287029171, 31.253300245235565], [119.92459487153212, 31.253300245235565]]]}}, {"type": "Feature", "properties": {"threshold_ug_l": 20.0, "area_km2_approx": 0.003}, "geometry": {"type": "Polygon", "coordinates": [[[120.03882872206191, 31.253300245235565], [120.03882872206191, 31.252739213449015], [120.0393027214417, 31.252739213449015], [120.0393027214417, 31.253300245235565], [120.03882872206191, 31.253300245235565]]]}}, {"type": "Feature", "properties": {"threshold_ug_l": 20.0, "area_km2_approx": 0.076}, "geometry": {"type": "Polygon", "coordinates": [[[119.95777482811754, 31.255544372381767], [119.95777482811754, 31.254983340595217], [119.95730082873774, 31.254983340595217], [119.95730082873774, 31.254422308808667], [119.95777482811754, 31.254422308808667], [119.95777482811754, 31.252739213449015], [119.95824882749733, 31.252739213449015], [119.95824882749733, 31.252178181662465], [119.9601448250165, 31.252178181662465], [119.9601448250165, 31.253300245235565], [119.9596708256367, 31.253300245235565], [119.9596708256367, 31.253861277022118], [119.9601448250165, 31.253861277022118], [119.9601448250165, 31.254422308808667], [119.9596708256367, 31.254422308808667], [119.9596708256367, 31.254983340595217], [119.95919682625691, 31.254983340595217], [119.95919682625691, 31.255544372381767], [119.95777482811754, 31.255544372381767]], [[119.95919682625691, 31.253300245235565], [119.9596708256367, 31.253300245235565], [119.9596708256367, 31.252739213449015], [119.95919682625691, 31.252739213449015], [119.95919682625691, 31.253300245235565]]]}}, {"type": "Feature", "properties": {"threshold_ug_l": 20.0, "area_km2_approx": 0.07}, "geometry": {"type": "Polygon", "coordinates": [[[119.90516089696067, 31.254422308808667], [119.90516089696067, 31.253861277022118], [119.90563489634046, 31.253861277022118], [119.90563489634046, 31.252739213449015], [119.90705689447984, 31.252739213449015], [119.90705689447984, 31.252178181662465], [119.90753089385963, 31.252178181662465], [119.90753089385963, 31.252739213449015], [119.90942689137879, 31.252739213449015], [119.90942689137879, 31.254422308808667], [119.90753089385963, 31.254422308808667], [119.90753089385963, 31.253861277022118], [119.90705689447984, 31.253861277022118], [119.90705689447984, 31.254422308808667], [119.90516089696067, 31.254422308808667]]]}}, {"type": "Feature", "properties": {"threshold_ug_l": 20.0, "area_km2_approx": 0.031}, "geometry": {"type": "Polygon", "coordinates": [[[120.24075245785315, 31.253861277022118], [120.24075245785315, 31.253300245235565], [120.23885646033399, 31.253300245235565], [120.23885646033399, 31.252739213449015], [120.23933045971378, 31.252739213449015], [120.23933045971378, 31.252178181662465], [120.24170045661273, 31.252178181662465], [120.24170045661273, 31.252739213449015], [120.24122645723294, 31.252739213449015], [120.24122645723294, 31.253861277022118], [120.24075245785315, 31.253861277022118]]]}}, {"type": "Feature", "properties": {"threshold_ug_l": 20.0, "area_km2_approx": 0.006}, "geometry": {"type": "Polygon", "coordinates": [[[119.91227088765754, 31.252739213449015], [119.91227088765754, 31.252178181662465], [119.91321888641713, 31.252178181662465], [119.91321888641713, 31.252739213449015], [119.91227088765754, 31.252739213449015]]]}}, {"type": "Feature", "properties": {"threshold_ug_l": 20.0, "area_km2_approx": 0.014}, "geometry": {"type": "Polygon", "coordinates": [[[119.91558888331608, 31.252739213449015], [119.91558888331608, 31.252178181662465], [119.91606288269587, 31.252178181662465], [119.91606288269587, 31.251617149875916], [119.91701088145545, 31.251617149875916], [119.91701088145545, 31.252739213449015], [119.91558888331608, 31.252739213449015]]]}}, {"type": "Feature", "properties": {"threshold_ug_l": 20.0, "area_km2_approx": 0.109}, "geometry": {"type": "Polygon", "coordinates": [[[119.9027909000617, 31.25834953131452], [119.9027909000617, 31.25722746774142], [119.90231690068191, 31.25722746774142], [119.90231690068191, 31.256666435954866], [119.90184290130212, 31.256666435954866], [119.90184290130212, 31.255544372381767], [119.90136890192232, 31.255544372381767], [119.90136890192232, 31.254983340595217], [119.90089490254255, 31.254983340595217], [119.90089490254255, 31.254422308808667], [119.90136890192232, 31.254422308808667], [119.90136890192232, 31.254983340595217], [119.90231690068191, 31.254983340595217], [119.90231690068191, 31.253861277022118], [119.90089490254255, 31.253861277022118], [119.90089490254255, 31.253300245235565], [119.90042090316275, 31.253300245235565], [119.90042090316275, 31.252739213449015], [119.89947290440317, 31.252739213449015], [119.89947290440317, 31.251617149875916], [119.89899890502338, 31.251617149875916], [119.89899890502338, 31.251056118089366], [119.89994690378296, 31.251056118089366], [119.89994690378296, 31.251617149875916], [119.90042090316275, 31.251617149875916], [119.90042090316275, 31.252739213449015], [119.90089490254255, 31.252739213449015], [119.90089490254255, 31.253300245235565], [119.90136890192232, 31.253300245235565], [119.90136890192232, 31.252178181662465], [119.90184290130212, 31.252178181662465], [119.90184290130212, 31.252739213449015], [119.90231690068191, 31.252739213449015], [119.90231690068191, 31.253300245235565], [119.9032648994415, 31.253300245235565], [119.9032648994415, 31.254422308808667], [119.90373889882129, 31.254422308808667], [119.90373889882129, 31.254983340595217], [119.90421289820108, 31.254983340595217], [119.90421289820108, 31.256105404168316], [119.90373889882129, 31.256105404168316], [119.90373889882129, 31.256666435954866], [119.9027909000617, 31.256666435954866], [119.9027909000617, 31.25722746774142], [119.9032648994415, 31.25722746774142], [119.9032648994415, 31.25834953131452], [119.9027909000617, 31.25834953131452]]]}}, {"type": "Feature", "properties": {"threshold_ug_l": 20.0, "area_km2_approx": 0.003}, "geometry": {"type": "Polygon", "coordinates": [[[119.897576906884, 31.251056118089366], [119.897576906884, 31.250495086302816], [119.89805090626379, 31.250495086302816], [119.89805090626379, 31.251056118089366], [119.897576906884, 31.251056118089366]]]}}, {"type": "Feature", "properties": {"threshold_ug_l": 20.0, "area_km2_approx": 0.025}, "geometry": {"type": "Polygon", "coordinates": [[[119.96298882129524, 31.252178181662465], [119.96298882129524, 31.251617149875916], [119.96251482191545, 31.251617149875916], [119.96251482191545, 31.251056118089366], [119.96204082253566, 31.251056118089366], [119.96204082253566, 31.250495086302816], [119.96298882129524, 31.250495086302816], [119.96298882129524, 31.249934054516267], [119.96393682005483, 31.249934054516267], [119.96393682005483, 31.251056118089366], [119.96346282067503, 31.251056118089366], [119.96346282067503, 31.252178181662465], [119.96298882129524, 31.252178181662465]]]}}, {"type": "Feature", "properties": {"threshold_ug_l": 20.0, "area_km2_approx": 0.003}, "geometry": {"type": "Polygon", "coordinates": [[[120.11751261910733, 31.250495086302816], [120.11751261910733, 31.249934054516267], [120.11798661848711, 31.249934054516267], [120.11798661848711, 31.250495086302816], [120.11751261910733, 31.250495086302816]]]}}, {"type": "Feature", "properties": {"threshold_ug_l": 20.0, "area_km2_approx": 0.003}, "geometry": {"type": "Polygon", "coordinates": [[[119.8971029075042, 31.249934054516267], [119.8971029075042, 31.249373022729714], [119.897576906884, 31.249373022729714], [119.897576906884, 31.249934054516267], [119.8971029075042, 31.249934054516267]]]}}, {"type": "Feature", "properties": {"threshold_ug_l": 20.0, "area_km2_approx": 0.003}, "geometry": {"type": "Polygon", "coordinates": [[[120.1990405124315, 31.249934054516267], [120.1990405124315, 31.249373022729714], [120.19951451181127, 31.249373022729714], [120.19951451181127, 31.249934054516267], [120.1990405124315, 31.249934054516267]]]}}, {"type": "Feature", "properties": {"threshold_ug_l": 20.0, "area_km2_approx": 0.011}, "geometry": {"type": "Polygon", "coordinates": [[[119.931704862229, 31.249934054516267], [119.931704862229, 31.248811990943164], [119.93217886160879, 31.248811990943164], [119.93217886160879, 31.249373022729714], [119.93312686036838, 31.249373022729714], [119.93312686036838, 31.249934054516267], [119.931704862229, 31.249934054516267]]]}}, {"type": "Feature", "properties": {"threshold_ug_l": 20.0, "area_km2_approx": 0.008}, "geometry": {"type": "Polygon", "coordinates": [[[119.96156682315588, 31.249934054516267], [119.96156682315588, 31.248811990943164], [119.96251482191545, 31.248811990943164], [119.96251482191545, 31.249373022729714], [119.96204082253566, 31.249373022729714], [119.96204082253566, 31.249934054516267], [119.96156682315588, 31.249934054516267]]]}}, {"type": "Feature", "properties": {"threshold_ug_l": 20.0, "area_km2_approx": 0.011}, "geometry": {"type": "Polygon", "coordinates": [[[119.96393682005483, 31.249373022729714], [119.96393682005483, 31.248250959156614], [119.96488481881441, 31.248250959156614], [119.96488481881441, 31.249373022729714], [119.96393682005483, 31.249373022729714]]]}}, {"type": "Feature", "properties": {"threshold_ug_l": 20.0, "area_km2_approx": 0.003}, "geometry": {"type": "Polygon", "coordinates": [[[119.93312686036838, 31.248811990943164], [119.93312686036838, 31.248250959156614], [119.93360085974817, 31.248250959156614], [119.93360085974817, 31.248811990943164], [119.93312686036838, 31.248811990943164]]]}}, {"type": "Feature", "properties": {"threshold_ug_l": 20.0, "area_km2_approx": 0.003}, "geometry": {"type": "Polygon", "coordinates": [[[120.07437867554628, 31.248811990943164], [120.07437867554628, 31.248250959156614], [120.07485267492608, 31.248250959156614], [120.07485267492608, 31.248811990943164], [120.07437867554628, 31.248811990943164]]]}}, {"type": "Feature", "properties": {"threshold_ug_l": 20.0, "area_km2_approx": 0.003}, "geometry": {"type": "Polygon", "coordinates": [[[120.27630241133753, 31.248811990943164], [120.27630241133753, 31.248250959156614], [120.27677641071732, 31.248250959156614], [120.27677641071732, 31.248811990943164], [120.27630241133753, 31.248811990943164]]]}}, {"type": "Feature", "properties": {"threshold_ug_l": 20.0, "area_km2_approx": 0.059}, "geometry": {"type": "Polygon", "coordinates": [[[120.30095037908669, 31.251056118089366], [120.30095037908669, 31.248811990943164], [120.30142437846648, 31.248811990943164], [120.30142437846648, 31.248250959156614], [120.30095037908669, 31.248250959156614], [120.30095037908669, 31.247689927370065], [120.30237237722606, 31.247689927370065], [120.30237237722606, 31.248250959156614], [120.30284637660586, 31.248250959156614], [120.30284637660586, 31.247689927370065], [120.30332037598565, 31.247689927370065], [120.30332037598565, 31.249373022729714], [120.30284637660586, 31.249373022729714], [120.30284637660586, 31.249934054516267], [120.30237237722606, 31.249934054516267], [120.30237237722606, 31.250495086302816], [120.30142437846648, 31.250495086302816], [120.30142437846648, 31.251056118089366], [120.30095037908669, 31.251056118089366]]]}}, {"type": "Feature", "properties": {"threshold_ug_l": 20.0, "area_km2_approx": 0.014}, "geometry": {"type": "Polygon", "coordinates": [[[119.99711677664024, 31.248250959156614], [119.99711677664024, 31.247689927370065], [119.99759077602003, 31.247689927370065], [119.99759077602003, 31.247128895583515], [119.99853877477962, 31.247128895583515], [119.99853877477962, 31.248250959156614], [119.99711677664024, 31.248250959156614]]]}}, {"type": "Feature", "properties": {"threshold_ug_l": 20.0, "area_km2_approx": 0.003}, "geometry": {"type": "Polygon", "coordinates": [[[120.2777244094769, 31.247128895583515], [120.2777244094769, 31.246567863796965], [120.2781984088567, 31.246567863796965], [120.2781984088567, 31.247128895583515], [120.2777244094769, 31.247128895583515]]]}}, {"type": "Feature", "properties": {"threshold_ug_l": 20.0, "area_km2_approx": 0.045}, "geometry": {"type": "Polygon", "coordinates": [[[120.1758145428217, 31.247689927370065], [120.1758145428217, 31.247128895583515], [120.1753405434419, 31.247128895583515], [120.1753405434419, 31.246567863796965], [120.17771054034087, 31.246567863796965], [120.17771054034087, 31.246006832010416], [120.17913253848023, 31.246006832010416], [120.17913253848023, 31.246567863796965], [120.17960653786002, 31.246567863796965], [120.17960653786002, 31.246006832010416], [120.18008053723982, 31.246006832010416], [120.18008053723982, 31.246567863796965], [120.17960653786002, 31.246567863796965], [120.17960653786002, 31.247128895583515], [120.17723654096108, 31.247128895583515], [120.17723654096108, 31.247689927370065], [120.1758145428217, 31.247689927370065]]]}}, {"type": "Feature", "properties": {"threshold_ug_l": 20.0, "area_km2_approx": 0.476}, "geometry": {"type": "Polygon", "coordinates": [[[119.91890687897462, 31.252739213449015], [119.91890687897462, 31.251617149875916], [119.91795888021504, 31.251617149875916], [119.91795888021504, 31.250495086302816], [119.91843287959483, 31.250495086302816], [119.91843287959483, 31.249934054516267], [119.91701088145545, 31.249934054516267], [119.91701088145545, 31.250495086302816], [119.91606288269587, 31.250495086302816], [119.91606288269587, 31.249934054516267], [119.91511488393628, 31.249934054516267], [119.91511488393628, 31.250495086302816], [119.91321888641713, 31.250495086302816], [119.91321888641713, 31.248811990943164], [119.91369288579692, 31.248811990943164], [119.91369288579692, 31.248250959156614], [119.91274488703733, 31.248250959156614], [119.91274488703733, 31.247689927370065], [119.91416688517671, 31.247689927370065], [119.91416688517671, 31.248250959156614], [119.91511488393628, 31.248250959156614], [119.91511488393628, 31.247689927370065], [119.91653688207566, 31.247689927370065], [119.91653688207566, 31.247128895583515], [119.91606288269587, 31.247128895583515], [119.91606288269587, 31.246006832010416], [119.91558888331608, 31.246006832010416], [119.91558888331608, 31.245445800223862], [119.91606288269587, 31.245445800223862], [119.91606288269587, 31.244884768437313], [119.91701088145545, 31.244884768437313], [119.91701088145545, 31.246006832010416], [119.91653688207566, 31.246006832010416], [119.91653688207566, 31.246567863796965], [119.91795888021504, 31.246567863796965], [119.91795888021504, 31.246006832010416], [119.91843287959483, 31.246006832010416], [119.91843287959483, 31.246567863796965], [119.91985487773421, 31.246567863796965], [119.91985487773421, 31.247128895583515], [119.9208028764938, 31.247128895583515], [119.9208028764938, 31.246567863796965], [119.92127687587359, 31.246567863796965], [119.92127687587359, 31.247128895583515], [119.92175087525337, 31.247128895583515], [119.92175087525337, 31.247689927370065], [119.92222487463316, 31.247689927370065], [119.92222487463316, 31.248250959156614], [119.92269887401295, 31.248250959156614], [119.92269887401295, 31.248811990943164], [119.92412087215233, 31.248811990943164], [119.92412087215233, 31.249934054516267], [119.92459487153212, 31.249934054516267], [119.92459487153212, 31.251056118089366], [119.92364687277254, 31.251056118089366], [119.92364687277254, 31.251617149875916], [119.91985487773421, 31.251617149875916], [119.91985487773421, 31.252178181662465], [119.91938087835442, 31.252178181662465], [119.91938087835442, 31.252739213449015], [119.91890687897462, 31.252739213449015]], [[119.91843287959483, 31.249934054516267], [119.91938087835442, 31.249934054516267], [119.91938087835442, 31.249373022729714], [119.91843287959483, 31.249373022729714], [119.91843287959483, 31.249934054516267]], [[119.91653688207566, 31.249373022729714], [119.91795888021504, 31.249373022729714], [119.91795888021504, 31.248250959156614], [119.91843287959483, 31.248250959156614], [119.91843287959483, 31.247128895583515], [119.91748488083525, 31.247128895583515], [119.91748488083525, 31.247689927370065], [119.91701088145545, 31.247689927370065], [119.91701088145545, 31.248811990943164], [119.91653688207566, 31.248811990943164], [119.91653688207566, 31.249373022729714]]]}}, {"type": "Feature", "properties": {"threshold_ug_l": 20.0, "area_km2_approx": 0.006}, "geometry": {"type": "Polygon", "coordinates": [[[119.91748488083525, 31.245445800223862], [119.91748488083525, 31.244323736650763], [119.91795888021504, 31.244323736650763], [119.91795888021504, 31.245445800223862], [119.91748488083525, 31.245445800223862]]]}}, {"type": "Feature", "properties": {"threshold_ug_l": 20.0, "area_km2_approx": 0.201}, "geometry": {"type": "Polygon", "coordinates": [[[119.93597085664712, 31.250495086302816], [119.93597085664712, 31.249934054516267], [119.93644485602691, 31.249934054516267], [119.93644485602691, 31.249373022729714], [119.93549685726732, 31.249373022729714], [119.93549685726732, 31.247128895583515], [119.93597085664712, 31.247128895583515], [119.93597085664712, 31.246567863796965], [119.93549685726732, 31.246567863796965], [119.93549685726732, 31.246006832010416], [119.93502285788753, 31.246006832010416], [119.93502285788753, 31.245445800223862], [119.93549685726732, 31.245445800223862], [119.93549685726732, 31.244884768437313], [119.93597085664712, 31.244884768437313], [119.93597085664712, 31.244323736650763], [119.9373928547865, 31.244323736650763], [119.9373928547865, 31.243762704864213], [119.93786685416629, 31.243762704864213], [119.93786685416629, 31.244323736650763], [119.93834085354608, 31.244323736650763], [119.93834085354608, 31.243762704864213], [119.93881485292587, 31.243762704864213], [119.93881485292587, 31.244323736650763], [119.93928885230567, 31.244323736650763], [119.93928885230567, 31.244884768437313], [119.93976285168546, 31.244884768437313], [119.93976285168546, 31.246006832010416], [119.93928885230567, 31.246006832010416], [119.93928885230567, 31.246567863796965], [119.93881485292587, 31.246567863796965], [119.93881485292587, 31.247128895583515], [119.93928885230567, 31.247128895583515], [119.93928885230567, 31.247689927370065], [119.93834085354608, 31.247689927370065], [119.93834085354608, 31.248811990943164], [119.9373928547865, 31.248811990943164], [119.9373928547865, 31.249373022729714], [119.9369188554067, 31.249373022729714], [119.9369188554067, 31.250495086302816], [119.93597085664712, 31.250495086302816]], [[119.93597085664712, 31.247689927370065], [119.93644485602691, 31.247689927370065], [119.93644485602691, 31.247128895583515], [119.93597085664712, 31.247128895583515], [119.93597085664712, 31.247689927370065]], [[119.9369188554067, 31.247689927370065], [119.93786685416629, 31.247689927370065], [119.93786685416629, 31.247128895583515], [119.9369188554067, 31.247128895583515], [119.9369188554067, 31.247689927370065]]]}}, {"type": "Feature", "properties": {"threshold_ug_l": 20.0, "area_km2_approx": 0.078}, "geometry": {"type": "Polygon", "coordinates": [[[120.20046251057086, 31.248250959156614], [120.20046251057086, 31.247689927370065], [120.19951451181127, 31.247689927370065], [120.19951451181127, 31.247128895583515], [120.19809251367191, 31.247128895583515], [120.19809251367191, 31.246567863796965], [120.1990405124315, 31.246567863796965], [120.1990405124315, 31.246006832010416], [120.19998851119107, 31.246006832010416], [120.19998851119107, 31.245445800223862], [120.1990405124315, 31.245445800223862], [120.1990405124315, 31.244323736650763], [120.19951451181127, 31.244323736650763], [120.19951451181127, 31.243201673077664], [120.20093650995065, 31.243201673077664], [120.20093650995065, 31.243762704864213], [120.20188450871024, 31.243762704864213], [120.20188450871024, 31.244323736650763], [120.20141050933044, 31.244323736650763], [120.20141050933044, 31.244884768437313], [120.20093650995065, 31.244884768437313], [120.20093650995065, 31.245445800223862], [120.20046251057086, 31.245445800223862], [120.20046251057086, 31.246006832010416], [120.19998851119107, 31.246006832010416], [120.19998851119107, 31.247128895583515], [120.20046251057086, 31.247128895583515], [120.20046251057086, 31.247689927370065], [120.20141050933044, 31.247689927370065], [120.20141050933044, 31.248250959156614], [120.20046251057086, 31.248250959156614]]]}}, {"type": "Feature", "properties": {"threshold_ug_l": 20.0, "area_km2_approx": 0.003}, "geometry": {"type": "Polygon", "coordinates": [[[119.89568090936483, 31.243201673077664], [119.89568090936483, 31.242640641291114], [119.89615490874462, 31.242640641291114], [119.89615490874462, 31.243201673077664], [119.89568090936483, 31.243201673077664]]]}}, {"type": "Feature", "properties": {"threshold_ug_l": 20.0, "area_km2_approx": 0.017}, "geometry": {"type": "Polygon", "coordinates": [[[119.92269887401295, 31.242640641291114], [119.92269887401295, 31.242079609504565], [119.92222487463316, 31.242079609504565], [119.92222487463316, 31.24095754593146], [119.92317287339274, 31.24095754593146], [119.92317287339274, 31.24151857771801], [119.92364687277254, 31.24151857771801], [119.92364687277254, 31.242079609504565], [119.92317287339274, 31.242079609504565], [119.92317287339274, 31.242640641291114], [119.92269887401295, 31.242640641291114]]]}}, {"type": "Feature", "properties": {"threshold_ug_l": 20.0, "area_km2_approx": 0.008}, "geometry": {"type": "Polygon", "coordinates": [[[120.29573638590898, 31.242640641291114], [120.29573638590898, 31.24151857771801], [120.29526238652919, 31.24151857771801], [120.29526238652919, 31.24095754593146], [120.29573638590898, 31.24095754593146], [120.29573638590898, 31.24151857771801], [120.29621038528877, 31.24151857771801], [120.29621038528877, 31.242640641291114], [120.29573638590898, 31.242640641291114]]]}}, {"type": "Feature", "properties": {"threshold_ug_l": 20.0, "area_km2_approx": 0.003}, "geometry": {"type": "Polygon", "coordinates": [[[119.89994690378296, 31.24151857771801], [119.89994690378296, 31.24095754593146], [119.90042090316275, 31.24095754593146], [119.90042090316275, 31.24151857771801], [119.89994690378296, 31.24151857771801]]]}}, {"type": "Feature", "properties": {"threshold_ug_l": 20.0, "area_km2_approx": 0.003}, "geometry": {"type": "Polygon", "coordinates": [[[119.90089490254255, 31.24151857771801], [119.90089490254255, 31.24095754593146], [119.90136890192232, 31.24095754593146], [119.90136890192232, 31.24151857771801], [119.90089490254255, 31.24151857771801]]]}}, {"type": "Feature", "properties": {"threshold_ug_l": 20.0, "area_km2_approx": 0.003}, "geometry": {"type": "Polygon", "coordinates": [[[119.90089490254255, 31.240396514144912], [119.90089490254255, 31.239835482358362], [119.90136890192232, 31.239835482358362], [119.90136890192232, 31.240396514144912], [119.90089490254255, 31.240396514144912]]]}}, {"type": "Feature", "properties": {"threshold_ug_l": 20.0, "area_km2_approx": 0.073}, "geometry": {"type": "Polygon", "coordinates": [[[119.9032648994415, 31.245445800223862], [119.9032648994415, 31.244884768437313], [119.90136890192232, 31.244884768437313], [119.90136890192232, 31.243762704864213], [119.90231690068191, 31.243762704864213], [119.90231690068191, 31.24151857771801], [119.90184290130212, 31.24151857771801], [119.90184290130212, 31.24095754593146], [119.90231690068191, 31.24095754593146], [119.90231690068191, 31.240396514144912], [119.9027909000617, 31.240396514144912], [119.9027909000617, 31.239835482358362], [119.9032648994415, 31.239835482358362], [119.9032648994415, 31.239274450571813], [119.90421289820108, 31.239274450571813], [119.90421289820108, 31.239835482358362], [119.90373889882129, 31.239835482358362], [119.90373889882129, 31.240396514144912], [119.9027909000617, 31.240396514144912], [119.9027909000617, 31.24151857771801], [119.9032648994415, 31.24151857771801], [119.9032648994415, 31.242640641291114], [119.90373889882129, 31.242640641291114], [119.90373889882129, 31.243201673077664], [119.9032648994415, 31.243201673077664], [119.9032648994415, 31.244323736650763], [119.90373889882129, 31.244323736650763], [119.90373889882129, 31.245445800223862], [119.9032648994415, 31.245445800223862]]]}}, {"type": "Feature", "properties": {"threshold_ug_l": 20.0, "area_km2_approx": 0.003}, "geometry": {"type": "Polygon", "coordinates": [[[119.89425891122546, 31.239835482358362], [119.89425891122546, 31.239274450571813], [119.89473291060524, 31.239274450571813], [119.89473291060524, 31.239835482358362], [119.89425891122546, 31.239835482358362]]]}}, {"type": "Feature", "properties": {"threshold_ug_l": 20.0, "area_km2_approx": 0.003}, "geometry": {"type": "Polygon", "coordinates": [[[120.15969856390878, 31.239835482358362], [120.15969856390878, 31.239274450571813], [120.16017256328857, 31.239274450571813], [120.16017256328857, 31.239835482358362], [120.15969856390878, 31.239835482358362]]]}}, {"type": "Feature", "properties": {"threshold_ug_l": 20.0, "area_km2_approx": 0.073}, "geometry": {"type": "Polygon", "coordinates": [[[120.27061441878003, 31.242079609504565], [120.27061441878003, 31.24151857771801], [120.27014041940024, 31.24151857771801], [120.27014041940024, 31.240396514144912], [120.26966642002044, 31.240396514144912], [120.26966642002044, 31.239274450571813], [120.27014041940024, 31.239274450571813], [120.27014041940024, 31.238713418785263], [120.27108841815982, 31.238713418785263], [120.27108841815982, 31.239274450571813], [120.27156241753961, 31.239274450571813], [120.27156241753961, 31.24095754593146], [120.2720364169194, 31.24095754593146], [120.2720364169194, 31.240396514144912], [120.27298441567899, 31.240396514144912], [120.27298441567899, 31.239835482358362], [120.27393241443856, 31.239835482358362], [120.27393241443856, 31.240396514144912], [120.27345841505878, 31.240396514144912], [120.27345841505878, 31.24095754593146], [120.2725104162992, 31.24095754593146], [120.2725104162992, 31.24151857771801], [120.2720364169194, 31.24151857771801], [120.2720364169194, 31.242079609504565], [120.27061441878003, 31.242079609504565]]]}}, {"type": "Feature", "properties": {"threshold_ug_l": 20.0, "area_km2_approx": 0.003}, "geometry": {"type": "Polygon", "coordinates": [[[119.89520690998503, 31.238713418785263], [119.89520690998503, 31.23815238699871], [119.89568090936483, 31.23815238699871], [119.89568090936483, 31.238713418785263], [119.89520690998503, 31.238713418785263]]]}}, {"type": "Feature", "properties": {"threshold_ug_l": 20.0, "area_km2_approx": 0.014}, "geometry": {"type": "Polygon", "coordinates": [[[120.27582841195773, 31.238713418785263], [120.27582841195773, 31.23815238699871], [120.27630241133753, 31.23815238699871], [120.27630241133753, 31.23759135521216], [120.27677641071732, 31.23759135521216], [120.27677641071732, 31.23815238699871], [120.2777244094769, 31.23815238699871], [120.2777244094769, 31.238713418785263], [120.27582841195773, 31.238713418785263]]]}}, {"type": "Feature", "properties": {"threshold_ug_l": 20.0, "area_km2_approx": 0.008}, "geometry": {"type": "Polygon", "coordinates": [[[119.97863080082837, 31.23815238699871], [119.97863080082837, 31.23759135521216], [119.98005279896775, 31.23759135521216], [119.98005279896775, 31.23815238699871], [119.97863080082837, 31.23815238699871]]]}}, {"type": "Feature", "properties": {"threshold_ug_l": 20.0, "area_km2_approx": 0.031}, "geometry": {"type": "Polygon", "coordinates": [[[120.01275875617337, 31.239274450571813], [120.01275875617337, 31.238713418785263], [120.01323275555316, 31.238713418785263], [120.01323275555316, 31.23815238699871], [120.01370675493295, 31.23815238699871], [120.01370675493295, 31.23703032342561], [120.01418075431275, 31.23703032342561], [120.01418075431275, 31.23759135521216], [120.01512875307233, 31.23759135521216], [120.01512875307233, 31.23815238699871], [120.01465475369254, 31.23815238699871], [120.01465475369254, 31.239274450571813], [120.01275875617337, 31.239274450571813]]]}}, {"type": "Feature", "properties": {"threshold_ug_l": 20.0, "area_km2_approx": 0.008}, "geometry": {"type": "Polygon", "coordinates": [[[119.92649086905129, 31.23815238699871], [119.92649086905129, 31.23759135521216], [119.9260168696715, 31.23759135521216], [119.9260168696715, 31.23703032342561], [119.92649086905129, 31.23703032342561], [119.92649086905129, 31.23759135521216], [119.92743886781088, 31.23759135521216], [119.92743886781088, 31.23815238699871], [119.92649086905129, 31.23815238699871]]]}}, {"type": "Feature", "properties": {"threshold_ug_l": 20.0, "area_km2_approx": 0.006}, "geometry": {"type": "Polygon", "coordinates": [[[120.09713064577629, 31.23703032342561], [120.09713064577629, 31.23646929163906], [120.09807864453586, 31.23646929163906], [120.09807864453586, 31.23703032342561], [120.09713064577629, 31.23703032342561]]]}}, {"type": "Feature", "properties": {"threshold_ug_l": 20.0, "area_km2_approx": 0.022}, "geometry": {"type": "Polygon", "coordinates": [[[119.90516089696067, 31.23759135521216], [119.90516089696067, 31.23703032342561], [119.90468689758087, 31.23703032342561], [119.90468689758087, 31.23590825985251], [119.90610889572025, 31.23590825985251], [119.90610889572025, 31.23646929163906], [119.90563489634046, 31.23646929163906], [119.90563489634046, 31.23703032342561], [119.90658289510004, 31.23703032342561], [119.90658289510004, 31.23759135521216], [119.90516089696067, 31.23759135521216]]]}}, {"type": "Feature", "properties": {"threshold_ug_l": 20.0, "area_km2_approx": 0.062}, "geometry": {"type": "Polygon", "coordinates": [[[120.11940861662649, 31.239835482358362], [120.11940861662649, 31.239274450571813], [120.11988261600628, 31.239274450571813], [120.11988261600628, 31.23815238699871], [120.11940861662649, 31.23815238699871], [120.11940861662649, 31.23759135521216], [120.11798661848711, 31.23759135521216], [120.11798661848711, 31.23646929163906], [120.1189346172467, 31.23646929163906], [120.1189346172467, 31.23703032342561], [120.11940861662649, 31.23703032342561], [120.11940861662649, 31.23590825985251], [120.12083061476586, 31.23590825985251], [120.12083061476586, 31.23646929163906], [120.12130461414566, 31.23646929163906], [120.12130461414566, 31.23759135521216], [120.12083061476586, 31.23759135521216], [120.12083061476586, 31.23815238699871], [120.12035661538607, 31.23815238699871], [120.12035661538607, 31.239274450571813], [120.11988261600628, 31.239274450571813], [120.11988261600628, 31.239835482358362], [120.11940861662649, 31.239835482358362]]]}}, {"type": "Feature", "properties": {"threshold_ug_l": 20.0, "area_km2_approx": 0.006}, "geometry": {"type": "Polygon", "coordinates": [[[120.27677641071732, 31.23703032342561], [120.27677641071732, 31.23646929163906], [120.27725041009711, 31.23646929163906], [120.27725041009711, 31.23590825985251], [120.2777244094769, 31.23590825985251], [120.2777244094769, 31.23646929163906], [120.27725041009711, 31.23646929163906], [120.27725041009711, 31.23703032342561], [120.27677641071732, 31.23703032342561]]]}}, {"type": "Feature", "properties": {"threshold_ug_l": 20.0, "area_km2_approx": 0.246}, "geometry": {"type": "Polygon", "coordinates": [[[120.15732856700983, 31.242640641291114], [120.15732856700983, 31.242079609504565], [120.15685456763003, 31.242079609504565], [120.15685456763003, 31.24151857771801], [120.15732856700983, 31.24151857771801], [120.15732856700983, 31.240396514144912], [120.15780256638962, 31.240396514144912], [120.15780256638962, 31.239835482358362], [120.15685456763003, 31.239835482358362], [120.15685456763003, 31.239274450571813], [120.15638056825024, 31.239274450571813], [120.15638056825024, 31.239835482358362], [120.15590656887045, 31.239835482358362], [120.15590656887045, 31.240396514144912], [120.15495857011086, 31.240396514144912], [120.15495857011086, 31.239274450571813], [120.15401057135128, 31.239274450571813], [120.15401057135128, 31.238713418785263], [120.15353657197149, 31.238713418785263], [120.15353657197149, 31.23646929163906], [120.15401057135128, 31.23646929163906], [120.15401057135128, 31.23590825985251], [120.15495857011086, 31.23590825985251], [120.15495857011086, 31.23534722806596], [120.15543256949066, 31.23534722806596], [120.15543256949066, 31.23590825985251], [120.15638056825024, 31.23590825985251], [120.15638056825024, 31.23703032342561], [120.15732856700983, 31.23703032342561], [120.15732856700983, 31.23759135521216], [120.15875056514919, 31.23759135521216], [120.15875056514919, 31.238713418785263], [120.15922456452898, 31.238713418785263], [120.15922456452898, 31.239835482358362], [120.15875056514919, 31.239835482358362], [120.15875056514919, 31.240396514144912], [120.15780256638962, 31.240396514144912], [120.15780256638962, 31.24151857771801], [120.15827656576941, 31.24151857771801], [120.15827656576941, 31.24095754593146], [120.16017256328857, 31.24095754593146], [120.16017256328857, 31.24151857771801], [120.16159456142795, 31.24151857771801], [120.16159456142795, 31.242079609504565], [120.16112056204815, 31.242079609504565], [120.16112056204815, 31.242640641291114], [120.15875056514919, 31.242640641291114], [120.15875056514919, 31.242079609504565], [120.15780256638962, 31.242079609504565], [120.15780256638962, 31.242640641291114], [120.15732856700983, 31.242640641291114]], [[120.15732856700983, 31.238713418785263], [120.15780256638962, 31.238713418785263], [120.15780256638962, 31.23815238699871], [120.15732856700983, 31.23815238699871], [120.15732856700983, 31.238713418785263]]]}}, {"type": "Feature", "properties": {"threshold_ug_l": 20.0, "area_km2_approx": 0.014}, "geometry": {"type": "Polygon", "coordinates": [[[120.02460874066816, 31.23646929163906], [120.02460874066816, 31.23534722806596], [120.02413474128836, 31.23534722806596], [120.02413474128836, 31.23422516449286], [120.02460874066816, 31.23422516449286], [120.02460874066816, 31.234786196279412], [120.02508274004795, 31.234786196279412], [120.02508274004795, 31.23646929163906], [120.02460874066816, 31.23646929163906]]]}}, {"type": "Feature", "properties": {"threshold_ug_l": 20.0, "area_km2_approx": 0.003}, "geometry": {"type": "Polygon", "coordinates": [[[120.10850663089128, 31.234786196279412], [120.10850663089128, 31.23422516449286], [120.10898063027108, 31.23422516449286], [120.10898063027108, 31.234786196279412], [120.10850663089128, 31.234786196279412]]]}}, {"type": "Feature", "properties": {"threshold_ug_l": 20.0, "area_km2_approx": 0.327}, "geometry": {"type": "Polygon", "coordinates": [[[119.98194879648692, 31.239835482358362], [119.98194879648692, 31.238713418785263], [119.9824227958667, 31.238713418785263], [119.9824227958667, 31.23759135521216], [119.98194879648692, 31.23759135521216], [119.98194879648692, 31.23703032342561], [119.98052679834754, 31.23703032342561], [119.98052679834754, 31.23646929163906], [119.98005279896775, 31.23646929163906], [119.98005279896775, 31.23590825985251], [119.98052679834754, 31.23590825985251], [119.98052679834754, 31.23422516449286], [119.98100079772733, 31.23422516449286], [119.98100079772733, 31.23366413270631], [119.98147479710713, 31.23366413270631], [119.98147479710713, 31.23310310091976], [119.9824227958667, 31.23310310091976], [119.9824227958667, 31.23366413270631], [119.98384479400607, 31.23366413270631], [119.98384479400607, 31.23310310091976], [119.98574079152525, 31.23310310091976], [119.98574079152525, 31.23254206913321], [119.98621479090504, 31.23254206913321], [119.98621479090504, 31.23310310091976], [119.98668879028483, 31.23310310091976], [119.98668879028483, 31.23366413270631], [119.98716278966462, 31.23366413270631], [119.98716278966462, 31.23310310091976], [119.98763678904442, 31.23310310091976], [119.98763678904442, 31.23422516449286], [119.98668879028483, 31.23422516449286], [119.98668879028483, 31.23366413270631], [119.98574079152525, 31.23366413270631], [119.98574079152525, 31.23646929163906], [119.98526679214545, 31.23646929163906], [119.98526679214545, 31.23759135521216], [119.98479279276566, 31.23759135521216], [119.98479279276566, 31.239274450571813], [119.98337079462628, 31.239274450571813], [119.98337079462628, 31.239835482358362], [119.98194879648692, 31.239835482358362]], [[119.9824227958667, 31.23646929163906], [119.98289679524649, 31.23646929163906], [119.98289679524649, 31.23534722806596], [119.98431879338587, 31.23534722806596], [119.98431879338587, 31.234786196279412], [119.98337079462628, 31.234786196279412], [119.98337079462628, 31.23422516449286], [119.98147479710713, 31.23422516449286], [119.98147479710713, 31.234786196279412], [119.98100079772733, 31.234786196279412], [119.98100079772733, 31.23534722806596], [119.98194879648692, 31.23534722806596], [119.98194879648692, 31.23590825985251], [119.9824227958667, 31.23590825985251], [119.9824227958667, 31.23646929163906]]]}}, {"type": "Feature", "properties": {"threshold_ug_l": 20.0, "area_km2_approx": 0.045}, "geometry": {"type": "Polygon", "coordinates": [[[120.13552459553941, 31.234786196279412], [120.13552459553941, 31.23422516449286], [120.13505059615962, 31.23422516449286], [120.13505059615962, 31.23366413270631], [120.13457659677982, 31.23366413270631], [120.13457659677982, 31.23310310091976], [120.13505059615962, 31.23310310091976], [120.13505059615962, 31.23254206913321], [120.1359985949192, 31.23254206913321], [120.1359985949192, 31.23310310091976], [120.136472594299, 31.23310310091976], [120.136472594299, 31.23254206913321], [120.13789459243837, 31.23254206913321], [120.13789459243837, 31.23310310091976], [120.13836859181815, 31.23310310091976], [120.13836859181815, 31.23366413270631], [120.1359985949192, 31.23366413270631], [120.1359985949192, 31.234786196279412], [120.13552459553941, 31.234786196279412]]]}}, {"type": "Feature", "properties": {"threshold_ug_l": 20.0, "area_km2_approx": 0.515}, "geometry": {"type": "Polygon", "coordinates": [[[119.91227088765754, 31.243762704864213], [119.91227088765754, 31.243201673077664], [119.91084888951816, 31.243201673077664], [119.91084888951816, 31.242640641291114], [119.91037489013837, 31.242640641291114], [119.91037489013837, 31.242079609504565], [119.91179688827775, 31.242079609504565], [119.91179688827775, 31.24151857771801], [119.91132288889796, 31.24151857771801], [119.91132288889796, 31.24095754593146], [119.91037489013837, 31.24095754593146], [119.91037489013837, 31.240396514144912], [119.91132288889796, 31.240396514144912], [119.91132288889796, 31.239274450571813], [119.91179688827775, 31.239274450571813], [119.91179688827775, 31.238713418785263], [119.91037489013837, 31.238713418785263], [119.91037489013837, 31.23815238699871], [119.90990089075858, 31.23815238699871], [119.90990089075858, 31.23759135521216], [119.90942689137879, 31.23759135521216], [119.90942689137879, 31.23815238699871], [119.9084788926192, 31.23815238699871], [119.9084788926192, 31.23759135521216], [119.90753089385963, 31.23759135521216], [119.90753089385963, 31.23646929163906], [119.90800489323941, 31.23646929163906], [119.90800489323941, 31.23590825985251], [119.9084788926192, 31.23590825985251], [119.9084788926192, 31.23534722806596], [119.90942689137879, 31.23534722806596], [119.90942689137879, 31.234786196279412], [119.91132288889796, 31.234786196279412], [119.91132288889796, 31.23366413270631], [119.91179688827775, 31.23366413270631], [119.91179688827775, 31.23422516449286], [119.91227088765754, 31.23422516449286], [119.91227088765754, 31.23366413270631], [119.91274488703733, 31.23366413270631], [119.91274488703733, 31.23422516449286], [119.91321888641713, 31.23422516449286], [119.91321888641713, 31.23366413270631], [119.91369288579692, 31.23366413270631], [119.91369288579692, 31.23254206913321], [119.91321888641713, 31.23254206913321], [119.91321888641713, 31.23198103734666], [119.91416688517671, 31.23198103734666], [119.91416688517671, 31.23366413270631], [119.91511488393628, 31.23366413270631], [119.91511488393628, 31.23422516449286], [119.91558888331608, 31.23422516449286], [119.91558888331608, 31.234786196279412], [119.91511488393628, 31.234786196279412], [119.91511488393628, 31.23590825985251], [119.91464088455649, 31.23590825985251], [119.91464088455649, 31.23703032342561], [119.91416688517671, 31.23703032342561], [119.91416688517671, 31.23759135521216], [119.91464088455649, 31.23759135521216], [119.91464088455649, 31.23815238699871], [119.91511488393628, 31.23815238699871], [119.91511488393628, 31.23759135521216], [119.91558888331608, 31.23759135521216], [119.91558888331608, 31.23815238699871], [119.91511488393628, 31.23815238699871], [119.91511488393628, 31.239274450571813], [119.91558888331608, 31.239274450571813], [119.91558888331608, 31.240396514144912], [119.91606288269587, 31.240396514144912], [119.91606288269587, 31.24095754593146], [119.91511488393628, 31.24095754593146], [119.91511488393628, 31.242079609504565], [119.91464088455649, 31.242079609504565], [119.91464088455649, 31.242640641291114], [119.91416688517671, 31.242640641291114], [119.91416688517671, 31.243201673077664], [119.91369288579692, 31.243201673077664], [119.91369288579692, 31.243762704864213], [119.91227088765754, 31.243762704864213]], [[119.91179688827775, 31.242640641291114], [119.91227088765754, 31.242640641291114], [119.91227088765754, 31.242079609504565], [119.91179688827775, 31.242079609504565], [119.91179688827775, 31.242640641291114]], [[119.91321888641713, 31.23759135521216], [119.91369288579692, 31.23759135521216], [119.91369288579692, 31.23703032342561], [119.91321888641713, 31.23703032342561], [119.91321888641713, 31.23759135521216]]]}}, {"type": "Feature", "properties": {"threshold_ug_l": 20.0, "area_km2_approx": 0.003}, "geometry": {"type": "Polygon", "coordinates": [[[120.24644045041066, 31.23198103734666], [120.24644045041066, 31.23142000556011], [120.24691444979044, 31.23142000556011], [120.24691444979044, 31.23198103734666], [120.24644045041066, 31.23198103734666]]]}}, {"type": "Feature", "properties": {"threshold_ug_l": 20.0, "area_km2_approx": 0.048}, "geometry": {"type": "Polygon", "coordinates": [[[120.08338466376233, 31.23254206913321], [120.08338466376233, 31.23142000556011], [120.0843326625219, 31.23142000556011], [120.0843326625219, 31.230858973773557], [120.0848066619017, 31.230858973773557], [120.0848066619017, 31.230297941987008], [120.08528066128149, 31.230297941987008], [120.08528066128149, 31.230858973773557], [120.08575466066128, 31.230858973773557], [120.08575466066128, 31.23142000556011], [120.08622866004107, 31.23142000556011], [120.08622866004107, 31.23198103734666], [120.08670265942087, 31.23198103734666], [120.08670265942087, 31.23254206913321], [120.08338466376233, 31.23254206913321]]]}}, {"type": "Feature", "properties": {"threshold_ug_l": 20.0, "area_km2_approx": 0.369}, "geometry": {"type": "Polygon", "coordinates": [[[119.89852490564358, 31.239835482358362], [119.89852490564358, 31.239274450571813], [119.89805090626379, 31.239274450571813], [119.89805090626379, 31.23759135521216], [119.897576906884, 31.23759135521216], [119.897576906884, 31.23703032342561], [119.8971029075042, 31.23703032342561], [119.8971029075042, 31.23646929163906], [119.89662890812441, 31.23646929163906], [119.89662890812441, 31.23254206913321], [119.897576906884, 31.23254206913321], [119.897576906884, 31.23198103734666], [119.89852490564358, 31.23198103734666], [119.89852490564358, 31.23142000556011], [119.897576906884, 31.23142000556011], [119.897576906884, 31.230858973773557], [119.89805090626379, 31.230858973773557], [119.89805090626379, 31.230297941987008], [119.89994690378296, 31.230297941987008], [119.89994690378296, 31.230858973773557], [119.90042090316275, 31.230858973773557], [119.90042090316275, 31.23142000556011], [119.89994690378296, 31.23142000556011], [119.89994690378296, 31.23310310091976], [119.90042090316275, 31.23310310091976], [119.90042090316275, 31.23422516449286], [119.90089490254255, 31.23422516449286], [119.90089490254255, 31.23534722806596], [119.90184290130212, 31.23534722806596], [119.90184290130212, 31.23590825985251], [119.90231690068191, 31.23590825985251], [119.90231690068191, 31.23646929163906], [119.90184290130212, 31.23646929163906], [119.90184290130212, 31.23759135521216], [119.9027909000617, 31.23759135521216], [119.9027909000617, 31.23815238699871], [119.90231690068191, 31.23815238699871], [119.90231690068191, 31.238713418785263], [119.90184290130212, 31.238713418785263], [119.90184290130212, 31.239274450571813], [119.90042090316275, 31.239274450571813], [119.90042090316275, 31.239835482358362], [119.89852490564358, 31.239835482358362]]]}}, {"type": "Feature", "properties": {"threshold_ug_l": 20.0, "area_km2_approx": 0.003}, "geometry": {"type": "Polygon", "coordinates": [[[119.97957879958796, 31.229736910200458], [119.97957879958796, 31.22917587841391], [119.98005279896775, 31.22917587841391], [119.98005279896775, 31.229736910200458], [119.97957879958796, 31.229736910200458]]]}}, {"type": "Feature", "properties": {"threshold_ug_l": 20.0, "area_km2_approx": 0.067}, "geometry": {"type": "Polygon", "coordinates": [[[119.89331091246588, 31.23198103734666], [119.89331091246588, 31.230858973773557], [119.89283691308609, 31.230858973773557], [119.89283691308609, 31.230297941987008], [119.89331091246588, 31.230297941987008], [119.89331091246588, 31.229736910200458], [119.89378491184567, 31.229736910200458], [119.89378491184567, 31.22861484662736], [119.89520690998503, 31.22861484662736], [119.89520690998503, 31.22917587841391], [119.89425891122546, 31.22917587841391], [119.89425891122546, 31.230297941987008], [119.89568090936483, 31.230297941987008], [119.89568090936483, 31.230858973773557], [119.89662890812441, 31.230858973773557], [119.89662890812441, 31.230297941987008], [119.8971029075042, 31.230297941987008], [119.8971029075042, 31.230858973773557], [119.89662890812441, 31.230858973773557], [119.89662890812441, 31.23198103734666], [119.89568090936483, 31.23198103734666], [119.89568090936483, 31.230858973773557], [119.89520690998503, 31.230858973773557], [119.89520690998503, 31.23198103734666], [119.89425891122546, 31.23198103734666], [119.89425891122546, 31.23142000556011], [119.89378491184567, 31.23142000556011], [119.89378491184567, 31.23198103734666], [119.89331091246588, 31.23198103734666]]]}}, {"type": "Feature", "properties": {"threshold_ug_l": 20.0, "area_km2_approx": 0.006}, "geometry": {"type": "Polygon", "coordinates": [[[119.89141491494671, 31.229736910200458], [119.89141491494671, 31.22917587841391], [119.8918889143265, 31.22917587841391], [119.8918889143265, 31.22861484662736], [119.8923629137063, 31.22861484662736], [119.8923629137063, 31.22917587841391], [119.8918889143265, 31.22917587841391], [119.8918889143265, 31.229736910200458], [119.89141491494671, 31.229736910200458]]]}}, {"type": "Feature", "properties": {"threshold_ug_l": 20.0, "area_km2_approx": 0.062}, "geometry": {"type": "Polygon", "coordinates": [[[119.9767348033092, 31.230858973773557], [119.9767348033092, 31.230297941987008], [119.9762608039294, 31.230297941987008], [119.9762608039294, 31.229736910200458], [119.97531280516984, 31.229736910200458], [119.97531280516984, 31.230297941987008], [119.97483880579004, 31.230297941987008], [119.97483880579004, 31.229736910200458], [119.97389080703046, 31.229736910200458], [119.97389080703046, 31.22917587841391], [119.97578680454961, 31.22917587841391], [119.97578680454961, 31.22861484662736], [119.97815680144858, 31.22861484662736], [119.97815680144858, 31.22917587841391], [119.97863080082837, 31.22917587841391], [119.97863080082837, 31.230297941987008], [119.97720880268899, 31.230297941987008], [119.97720880268899, 31.230858973773557], [119.9767348033092, 31.230858973773557]]]}}, {"type": "Feature", "properties": {"threshold_ug_l": 20.0, "area_km2_approx": 0.003}, "geometry": {"type": "Polygon", "coordinates": [[[120.27108841815982, 31.22749278305426], [120.27108841815982, 31.226931751267706], [120.27156241753961, 31.226931751267706], [120.27156241753961, 31.22749278305426], [120.27108841815982, 31.22749278305426]]]}}, {"type": "Feature", "properties": {"threshold_ug_l": 20.0, "area_km2_approx": 0.078}, "geometry": {"type": "Polygon", "coordinates": [[[119.93075686346941, 31.229736910200458], [119.93075686346941, 31.22917587841391], [119.93028286408962, 31.22917587841391], [119.93028286408962, 31.22805381484081], [119.92933486533003, 31.22805381484081], [119.92933486533003, 31.226370719481157], [119.92980886470983, 31.226370719481157], [119.92980886470983, 31.22749278305426], [119.93312686036838, 31.22749278305426], [119.93312686036838, 31.226931751267706], [119.93407485912796, 31.226931751267706], [119.93407485912796, 31.22805381484081], [119.93360085974817, 31.22805381484081], [119.93360085974817, 31.22861484662736], [119.93265286098858, 31.22861484662736], [119.93265286098858, 31.22917587841391], [119.93217886160879, 31.22917587841391], [119.93217886160879, 31.229736910200458], [119.931704862229, 31.229736910200458], [119.931704862229, 31.22917587841391], [119.9312308628492, 31.22917587841391], [119.9312308628492, 31.229736910200458], [119.93075686346941, 31.229736910200458]]]}}, {"type": "Feature", "properties": {"threshold_ug_l": 20.0, "area_km2_approx": 0.02}, "geometry": {"type": "Polygon", "coordinates": [[[119.90800489323941, 31.22805381484081], [119.90800489323941, 31.22749278305426], [119.90705689447984, 31.22749278305426], [119.90705689447984, 31.226370719481157], [119.90800489323941, 31.226370719481157], [119.90800489323941, 31.22749278305426], [119.90942689137879, 31.22749278305426], [119.90942689137879, 31.22805381484081], [119.90800489323941, 31.22805381484081]]]}}, {"type": "Feature", "properties": {"threshold_ug_l": 20.0, "area_km2_approx": 0.022}, "geometry": {"type": "Polygon", "coordinates": [[[120.13552459553941, 31.22356556054841], [120.13552459553941, 31.223004528761855], [120.13505059615962, 31.223004528761855], [120.13505059615962, 31.222443496975306], [120.13552459553941, 31.222443496975306], [120.13552459553941, 31.221882465188756], [120.136472594299, 31.221882465188756], [120.136472594299, 31.222443496975306], [120.13694659367879, 31.222443496975306], [120.13694659367879, 31.223004528761855], [120.136472594299, 31.223004528761855], [120.136472594299, 31.22356556054841], [120.13552459553941, 31.22356556054841]]]}}, {"type": "Feature", "properties": {"threshold_ug_l": 20.0, "area_km2_approx": 0.003}, "geometry": {"type": "Polygon", "coordinates": [[[119.897576906884, 31.222443496975306], [119.897576906884, 31.221882465188756], [119.89805090626379, 31.221882465188756], [119.89805090626379, 31.222443496975306], [119.897576906884, 31.222443496975306]]]}}, {"type": "Feature", "properties": {"threshold_ug_l": 20.0, "area_km2_approx": 0.003}, "geometry": {"type": "Polygon", "coordinates": [[[120.02460874066816, 31.222443496975306], [120.02460874066816, 31.221882465188756], [120.02508274004795, 31.221882465188756], [120.02508274004795, 31.222443496975306], [120.02460874066816, 31.222443496975306]]]}}, {"type": "Feature", "properties": {"threshold_ug_l": 20.0, "area_km2_approx": 0.006}, "geometry": {"type": "Polygon", "coordinates": [[[120.02460874066816, 31.220760401615657], [120.02460874066816, 31.220199369829107], [120.02555673942774, 31.220199369829107], [120.02555673942774, 31.220760401615657], [120.02460874066816, 31.220760401615657]]]}}, {"type": "Feature", "properties": {"threshold_ug_l": 20.0, "area_km2_approx": 0.274}, "geometry": {"type": "Polygon", "coordinates": [[[119.91179688827775, 31.225248655908057], [119.91179688827775, 31.224687624121508], [119.91084888951816, 31.224687624121508], [119.91084888951816, 31.22356556054841], [119.91132288889796, 31.22356556054841], [119.91132288889796, 31.223004528761855], [119.91179688827775, 31.223004528761855], [119.91179688827775, 31.222443496975306], [119.91227088765754, 31.222443496975306], [119.91227088765754, 31.221321433402206], [119.91274488703733, 31.221321433402206], [119.91274488703733, 31.220760401615657], [119.91321888641713, 31.220760401615657], [119.91321888641713, 31.220199369829107], [119.91416688517671, 31.220199369829107], [119.91416688517671, 31.219638338042557], [119.91511488393628, 31.219638338042557], [119.91511488393628, 31.220199369829107], [119.91558888331608, 31.220199369829107], [119.91558888331608, 31.220760401615657], [119.91653688207566, 31.220760401615657], [119.91653688207566, 31.221321433402206], [119.91701088145545, 31.221321433402206], [119.91701088145545, 31.221882465188756], [119.91748488083525, 31.221882465188756], [119.91748488083525, 31.223004528761855], [119.91795888021504, 31.223004528761855], [119.91795888021504, 31.22356556054841], [119.91843287959483, 31.22356556054841], [119.91843287959483, 31.224687624121508], [119.91795888021504, 31.224687624121508], [119.91795888021504, 31.224126592334958], [119.91701088145545, 31.224126592334958], [119.91701088145545, 31.224687624121508], [119.91606288269587, 31.224687624121508], [119.91606288269587, 31.224126592334958], [119.91558888331608, 31.224126592334958], [119.91558888331608, 31.224687624121508], [119.91511488393628, 31.224687624121508], [119.91511488393628, 31.225248655908057], [119.91179688827775, 31.225248655908057]]]}}, {"type": "Feature", "properties": {"threshold_ug_l": 20.0, "area_km2_approx": 0.02}, "geometry": {"type": "Polygon", "coordinates": [[[119.999960772919, 31.217955242682905], [119.999960772919, 31.216833179109805], [119.9994867735392, 31.216833179109805], [119.9994867735392, 31.216272147323256], [120.00090877167858, 31.216272147323256], [120.00090877167858, 31.217955242682905], [119.999960772919, 31.217955242682905]]]}}, {"type": "Feature", "properties": {"threshold_ug_l": 20.0, "area_km2_approx": 0.003}, "geometry": {"type": "Polygon", "coordinates": [[[120.07580067368566, 31.216833179109805], [120.07580067368566, 31.216272147323256], [120.07627467306546, 31.216272147323256], [120.07627467306546, 31.216833179109805], [120.07580067368566, 31.216833179109805]]]}}, {"type": "Feature", "properties": {"threshold_ug_l": 20.0, "area_km2_approx": 0.006}, "geometry": {"type": "Polygon", "coordinates": [[[120.17249654716315, 31.216833179109805], [120.17249654716315, 31.216272147323256], [120.17202254778337, 31.216272147323256], [120.17202254778337, 31.215711115536703], [120.17249654716315, 31.215711115536703], [120.17249654716315, 31.216272147323256], [120.17297054654294, 31.216272147323256], [120.17297054654294, 31.216833179109805], [120.17249654716315, 31.216833179109805]]]}}, {"type": "Feature", "properties": {"threshold_ug_l": 20.0, "area_km2_approx": 0.006}, "geometry": {"type": "Polygon", "coordinates": [[[119.94450284548337, 31.216272147323256], [119.94450284548337, 31.215711115536703], [119.94545084424296, 31.215711115536703], [119.94545084424296, 31.216272147323256], [119.94450284548337, 31.216272147323256]]]}}, {"type": "Feature", "properties": {"threshold_ug_l": 20.0, "area_km2_approx": 0.157}, "geometry": {"type": "Polygon", "coordinates": [[[120.0284007357065, 31.218516274469454], [120.0284007357065, 31.217955242682905], [120.0279267363267, 31.217955242682905], [120.0279267363267, 31.216833179109805], [120.02934873446608, 31.216833179109805], [120.02934873446608, 31.217394210896355], [120.02982273384586, 31.217394210896355], [120.02982273384586, 31.216833179109805], [120.03029673322565, 31.216833179109805], [120.03029673322565, 31.216272147323256], [120.03077073260545, 31.216272147323256], [120.03077073260545, 31.215711115536703], [120.03124473198524, 31.215711115536703], [120.03124473198524, 31.215150083750153], [120.03171873136503, 31.215150083750153], [120.03171873136503, 31.215711115536703], [120.03124473198524, 31.215711115536703], [120.03124473198524, 31.216833179109805], [120.03171873136503, 31.216833179109805], [120.03171873136503, 31.216272147323256], [120.03219273074482, 31.216272147323256], [120.03219273074482, 31.216833179109805], [120.03266673012462, 31.216833179109805], [120.03266673012462, 31.216272147323256], [120.03314072950441, 31.216272147323256], [120.03314072950441, 31.216833179109805], [120.03551072640337, 31.216833179109805], [120.03551072640337, 31.216272147323256], [120.03598472578317, 31.216272147323256], [120.03598472578317, 31.217394210896355], [120.03645872516296, 31.217394210896355], [120.03645872516296, 31.216833179109805], [120.03740672392253, 31.216833179109805], [120.03740672392253, 31.217394210896355], [120.03788072330232, 31.217394210896355], [120.03788072330232, 31.218516274469454], [120.03740672392253, 31.218516274469454], [120.03740672392253, 31.217955242682905], [120.03598472578317, 31.217955242682905], [120.03598472578317, 31.218516274469454], [120.03456272764379, 31.218516274469454], [120.03456272764379, 31.217955242682905], [120.0336147288842, 31.217955242682905], [120.0336147288842, 31.217394210896355], [120.03314072950441, 31.217394210896355], [120.03314072950441, 31.217955242682905], [120.03266673012462, 31.217955242682905], [120.03266673012462, 31.218516274469454], [120.03171873136503, 31.218516274469454], [120.03171873136503, 31.217955242682905], [120.03124473198524, 31.217955242682905], [120.03124473198524, 31.218516274469454], [120.02934873446608, 31.218516274469454], [120.02934873446608, 31.217955242682905], [120.02887473508629, 31.217955242682905], [120.02887473508629, 31.218516274469454], [120.0284007357065, 31.218516274469454]]]}}, {"type": "Feature", "properties": {"threshold_ug_l": 20.0, "area_km2_approx": 0.003}, "geometry": {"type": "Polygon", "coordinates": [[[120.1701265502642, 31.215711115536703], [120.1701265502642, 31.215150083750153], [120.17060054964399, 31.215150083750153], [120.17060054964399, 31.215711115536703], [120.1701265502642, 31.215711115536703]]]}}, {"type": "Feature", "properties": {"threshold_ug_l": 20.0, "area_km2_approx": 0.053}, "geometry": {"type": "Polygon", "coordinates": [[[120.30095037908669, 31.217394210896355], [120.30095037908669, 31.215150083750153], [120.30142437846648, 31.215150083750153], [120.30142437846648, 31.214589051963603], [120.30332037598565, 31.214589051963603], [120.30332037598565, 31.216272147323256], [120.30284637660586, 31.216272147323256], [120.30284637660586, 31.216833179109805], [120.30142437846648, 31.216833179109805], [120.30142437846648, 31.217394210896355], [120.30095037908669, 31.217394210896355]]]}}, {"type": "Feature", "properties": {"threshold_ug_l": 20.0, "area_km2_approx": 0.025}, "geometry": {"type": "Polygon", "coordinates": [[[120.16633455522586, 31.217394210896355], [120.16633455522586, 31.216272147323256], [120.16586055584607, 31.216272147323256], [120.16586055584607, 31.215711115536703], [120.16538655646627, 31.215711115536703], [120.16538655646627, 31.216272147323256], [120.1649125570865, 31.216272147323256], [120.1649125570865, 31.215711115536703], [120.16538655646627, 31.215711115536703], [120.16538655646627, 31.214589051963603], [120.16586055584607, 31.214589051963603], [120.16586055584607, 31.215150083750153], [120.16680855460565, 31.215150083750153], [120.16680855460565, 31.217394210896355], [120.16633455522586, 31.217394210896355]]]}}, {"type": "Feature", "properties": {"threshold_ug_l": 20.0, "area_km2_approx": 0.003}, "geometry": {"type": "Polygon", "coordinates": [[[119.95303483431962, 31.215150083750153], [119.95303483431962, 31.214589051963603], [119.95350883369942, 31.214589051963603], [119.95350883369942, 31.215150083750153], [119.95303483431962, 31.215150083750153]]]}}, {"type": "Feature", "properties": {"threshold_ug_l": 20.0, "area_km2_approx": 0.008}, "geometry": {"type": "Polygon", "coordinates": [[[119.95113883680045, 31.215150083750153], [119.95113883680045, 31.214028020177054], [119.95161283618025, 31.214028020177054], [119.95161283618025, 31.214589051963603], [119.95208683556004, 31.214589051963603], [119.95208683556004, 31.215150083750153], [119.95113883680045, 31.215150083750153]]]}}, {"type": "Feature", "properties": {"threshold_ug_l": 20.0, "area_km2_approx": 0.003}, "geometry": {"type": "Polygon", "coordinates": [[[120.27630241133753, 31.214589051963603], [120.27630241133753, 31.214028020177054], [120.27677641071732, 31.214028020177054], [120.27677641071732, 31.214589051963603], [120.27630241133753, 31.214589051963603]]]}}, {"type": "Feature", "properties": {"threshold_ug_l": 20.0, "area_km2_approx": 0.182}, "geometry": {"type": "Polygon", "coordinates": [[[119.91037489013837, 31.220760401615657], [119.91037489013837, 31.220199369829107], [119.90942689137879, 31.220199369829107], [119.90942689137879, 31.219638338042557], [119.90800489323941, 31.219638338042557], [119.90800489323941, 31.218516274469454], [119.908952891999, 31.218516274469454], [119.908952891999, 31.217955242682905], [119.90942689137879, 31.217955242682905], [119.90942689137879, 31.217394210896355], [119.90990089075858, 31.217394210896355], [119.90990089075858, 31.217955242682905], [119.91037489013837, 31.217955242682905], [119.91037489013837, 31.215711115536703], [119.91132288889796, 31.215711115536703], [119.91132288889796, 31.216272147323256], [119.91321888641713, 31.216272147323256], [119.91321888641713, 31.215711115536703], [119.91369288579692, 31.215711115536703], [119.91369288579692, 31.215150083750153], [119.91274488703733, 31.215150083750153], [119.91274488703733, 31.214028020177054], [119.91416688517671, 31.214028020177054], [119.91416688517671, 31.213466988390504], [119.91464088455649, 31.213466988390504], [119.91464088455649, 31.214028020177054], [119.91511488393628, 31.214028020177054], [119.91511488393628, 31.214589051963603], [119.91558888331608, 31.214589051963603], [119.91558888331608, 31.215150083750153], [119.91464088455649, 31.215150083750153], [119.91464088455649, 31.215711115536703], [119.91416688517671, 31.215711115536703], [119.91416688517671, 31.216272147323256], [119.91369288579692, 31.216272147323256], [119.91369288579692, 31.216833179109805], [119.91321888641713, 31.216833179109805], [119.91321888641713, 31.217394210896355], [119.91274488703733, 31.217394210896355], [119.91274488703733, 31.217955242682905], [119.91227088765754, 31.217955242682905], [119.91227088765754, 31.219077306256004], [119.91179688827775, 31.219077306256004], [119.91179688827775, 31.219638338042557], [119.91084888951816, 31.219638338042557], [119.91084888951816, 31.220760401615657], [119.91037489013837, 31.220760401615657]]]}}, {"type": "Feature", "properties": {"threshold_ug_l": 20.0, "area_km2_approx": 0.02}, "geometry": {"type": "Polygon", "coordinates": [[[120.16917855150461, 31.214589051963603], [120.16917855150461, 31.214028020177054], [120.16823055274503, 31.214028020177054], [120.16823055274503, 31.213466988390504], [120.16917855150461, 31.213466988390504], [120.16917855150461, 31.212905956603954], [120.16965255088441, 31.212905956603954], [120.16965255088441, 31.213466988390504], [120.1701265502642, 31.213466988390504], [120.1701265502642, 31.214589051963603], [120.16917855150461, 31.214589051963603]]]}}, {"type": "Feature", "properties": {"threshold_ug_l": 20.0, "area_km2_approx": 0.025}, "geometry": {"type": "Polygon", "coordinates": [[[120.30142437846648, 31.213466988390504], [120.30142437846648, 31.212905956603954], [120.30189837784627, 31.212905956603954], [120.30189837784627, 31.212344924817405], [120.30379437536544, 31.212344924817405], [120.30379437536544, 31.213466988390504], [120.30142437846648, 31.213466988390504]]]}}, {"type": "Feature", "properties": {"threshold_ug_l": 20.0, "area_km2_approx": 0.129}, "geometry": {"type": "Polygon", "coordinates": [[[120.14500458313523, 31.216833179109805], [120.14500458313523, 31.216272147323256], [120.14453058375545, 31.216272147323256], [120.14453058375545, 31.214028020177054], [120.14547858251503, 31.214028020177054], [120.14547858251503, 31.21178389303085], [120.14595258189482, 31.21178389303085], [120.14595258189482, 31.212344924817405], [120.1469005806544, 31.212344924817405], [120.1469005806544, 31.214028020177054], [120.14784857941399, 31.214028020177054], [120.14784857941399, 31.214589051963603], [120.14879657817357, 31.214589051963603], [120.14879657817357, 31.215711115536703], [120.14784857941399, 31.215711115536703], [120.14784857941399, 31.216272147323256], [120.1469005806544, 31.216272147323256], [120.1469005806544, 31.216833179109805], [120.14500458313523, 31.216833179109805]]]}}, {"type": "Feature", "properties": {"threshold_ug_l": 20.0, "area_km2_approx": 0.006}, "geometry": {"type": "Polygon", "coordinates": [[[119.91179688827775, 31.212905956603954], [119.91179688827775, 31.212344924817405], [119.91227088765754, 31.212344924817405], [119.91227088765754, 31.21178389303085], [119.91274488703733, 31.21178389303085], [119.91274488703733, 31.212344924817405], [119.91227088765754, 31.212344924817405], [119.91227088765754, 31.212905956603954], [119.91179688827775, 31.212905956603954]]]}}, {"type": "Feature", "properties": {"threshold_ug_l": 20.0, "area_km2_approx": 0.003}, "geometry": {"type": "Polygon", "coordinates": [[[119.97957879958796, 31.21178389303085], [119.97957879958796, 31.211222861244302], [119.98005279896775, 31.211222861244302], [119.98005279896775, 31.21178389303085], [119.97957879958796, 31.21178389303085]]]}}, {"type": "Feature", "properties": {"threshold_ug_l": 20.0, "area_km2_approx": 0.154}, "geometry": {"type": "Polygon", "coordinates": [[[119.97009881199212, 31.215150083750153], [119.97009881199212, 31.214589051963603], [119.96962481261232, 31.214589051963603], [119.96962481261232, 31.214028020177054], [119.96867681385275, 31.214028020177054], [119.96867681385275, 31.213466988390504], [119.96820281447296, 31.213466988390504], [119.96820281447296, 31.212905956603954], [119.96678081633358, 31.212905956603954], [119.96678081633358, 31.212344924817405], [119.96630681695379, 31.212344924817405], [119.96630681695379, 31.212905956603954], [119.965832817574, 31.212905956603954], [119.965832817574, 31.212344924817405], [119.9653588181942, 31.212344924817405], [119.9653588181942, 31.210661829457752], [119.965832817574, 31.210661829457752], [119.965832817574, 31.210100797671203], [119.96630681695379, 31.210100797671203], [119.96630681695379, 31.210661829457752], [119.96678081633358, 31.210661829457752], [119.96678081633358, 31.211222861244302], [119.96725481571337, 31.211222861244302], [119.96725481571337, 31.210100797671203], [119.96772881509317, 31.210100797671203], [119.96772881509317, 31.210661829457752], [119.97009881199212, 31.210661829457752], [119.97009881199212, 31.210100797671203], [119.9710468107517, 31.210100797671203], [119.9710468107517, 31.210661829457752], [119.97057281137191, 31.210661829457752], [119.97057281137191, 31.211222861244302], [119.97009881199212, 31.211222861244302], [119.97009881199212, 31.21178389303085], [119.96962481261232, 31.21178389303085], [119.96962481261232, 31.212344924817405], [119.97009881199212, 31.212344924817405], [119.97009881199212, 31.214028020177054], [119.9710468107517, 31.214028020177054], [119.9710468107517, 31.215150083750153], [119.97009881199212, 31.215150083750153]], [[119.96725481571337, 31.212344924817405], [119.96820281447296, 31.212344924817405], [119.96820281447296, 31.21178389303085], [119.96725481571337, 31.21178389303085], [119.96725481571337, 31.212344924817405]]]}}, {"type": "Feature", "properties": {"threshold_ug_l": 20.0, "area_km2_approx": 0.014}, "geometry": {"type": "Polygon", "coordinates": [[[119.92412087215233, 31.21178389303085], [119.92412087215233, 31.211222861244302], [119.92364687277254, 31.211222861244302], [119.92364687277254, 31.210661829457752], [119.92412087215233, 31.210661829457752], [119.92412087215233, 31.210100797671203], [119.92459487153212, 31.210100797671203], [119.92459487153212, 31.210661829457752], [119.92506887091191, 31.210661829457752], [119.92506887091191, 31.211222861244302], [119.92459487153212, 31.211222861244302], [119.92459487153212, 31.21178389303085], [119.92412087215233, 31.21178389303085]]]}}, {"type": "Feature", "properties": {"threshold_ug_l": 20.0, "area_km2_approx": 0.006}, "geometry": {"type": "Polygon", "coordinates": [[[119.92127687587359, 31.210661829457752], [119.92127687587359, 31.210100797671203], [119.92222487463316, 31.210100797671203], [119.92222487463316, 31.210661829457752], [119.92127687587359, 31.210661829457752]]]}}, {"type": "Feature", "properties": {"threshold_ug_l": 20.0, "area_km2_approx": 0.328}, "geometry": {"type": "Polygon", "coordinates": [[[119.94687284238233, 31.215711115536703], [119.94687284238233, 31.214589051963603], [119.94639884300254, 31.214589051963603], [119.94639884300254, 31.214028020177054], [119.94545084424296, 31.214028020177054], [119.94545084424296, 31.213466988390504], [119.94497684486316, 31.213466988390504], [119.94497684486316, 31.214028020177054], [119.94450284548337, 31.214028020177054], [119.94450284548337, 31.213466988390504], [119.94308084734399, 31.213466988390504], [119.94308084734399, 31.21178389303085], [119.9426068479642, 31.21178389303085], [119.9426068479642, 31.210661829457752], [119.94450284548337, 31.210661829457752], [119.94450284548337, 31.210100797671203], [119.94497684486316, 31.210100797671203], [119.94497684486316, 31.209539765884653], [119.94829484052171, 31.209539765884653], [119.94829484052171, 31.210100797671203], [119.94924283928128, 31.210100797671203], [119.94924283928128, 31.210661829457752], [119.94971683866108, 31.210661829457752], [119.94971683866108, 31.211222861244302], [119.95019083804087, 31.211222861244302], [119.95019083804087, 31.210661829457752], [119.95066483742066, 31.210661829457752], [119.95066483742066, 31.212344924817405], [119.94971683866108, 31.212344924817405], [119.94971683866108, 31.214028020177054], [119.94924283928128, 31.214028020177054], [119.94924283928128, 31.213466988390504], [119.94829484052171, 31.213466988390504], [119.94829484052171, 31.212905956603954], [119.94782084114192, 31.212905956603954], [119.94782084114192, 31.214028020177054], [119.94829484052171, 31.214028020177054], [119.94829484052171, 31.214589051963603], [119.94924283928128, 31.214589051963603], [119.94924283928128, 31.215711115536703], [119.94829484052171, 31.215711115536703], [119.94829484052171, 31.214589051963603], [119.94782084114192, 31.214589051963603], [119.94782084114192, 31.215711115536703], [119.94687284238233, 31.215711115536703]], [[119.94782084114192, 31.212344924817405], [119.94829484052171, 31.212344924817405], [119.94829484052171, 31.210661829457752], [119.94782084114192, 31.210661829457752], [119.94782084114192, 31.211222861244302], [119.94687284238233, 31.211222861244302], [119.94687284238233, 31.21178389303085], [119.94782084114192, 31.21178389303085], [119.94782084114192, 31.212344924817405]]]}}, {"type": "Feature", "properties": {"threshold_ug_l": 20.0, "area_km2_approx": 0.003}, "geometry": {"type": "Polygon", "coordinates": [[[119.97199480951129, 31.209539765884653], [119.97199480951129, 31.208978734098103], [119.97246880889108, 31.208978734098103], [119.97246880889108, 31.209539765884653], [119.97199480951129, 31.209539765884653]]]}}, {"type": "Feature", "properties": {"threshold_ug_l": 20.0, "area_km2_approx": 0.006}, "geometry": {"type": "Polygon", "coordinates": [[[120.29194439087065, 31.209539765884653], [120.29194439087065, 31.208978734098103], [120.29289238963024, 31.208978734098103], [120.29289238963024, 31.209539765884653], [120.29194439087065, 31.209539765884653]]]}}, {"type": "Feature", "properties": {"threshold_ug_l": 20.0, "area_km2_approx": 0.034}, "geometry": {"type": "Polygon", "coordinates": [[[120.03029673322565, 31.210661829457752], [120.03029673322565, 31.210100797671203], [120.02982273384586, 31.210100797671203], [120.02982273384586, 31.209539765884653], [120.02887473508629, 31.209539765884653], [120.02887473508629, 31.208978734098103], [120.02982273384586, 31.208978734098103], [120.02982273384586, 31.20729563873845], [120.03029673322565, 31.20729563873845], [120.03029673322565, 31.20841770231155], [120.03077073260545, 31.20841770231155], [120.03077073260545, 31.209539765884653], [120.03124473198524, 31.209539765884653], [120.03124473198524, 31.210100797671203], [120.03077073260545, 31.210100797671203], [120.03077073260545, 31.210661829457752], [120.03029673322565, 31.210661829457752]]]}}, {"type": "Feature", "properties": {"threshold_ug_l": 20.0, "area_km2_approx": 0.003}, "geometry": {"type": "Polygon", "coordinates": [[[120.0279267363267, 31.207856670525], [120.0279267363267, 31.20729563873845], [120.0284007357065, 31.20729563873845], [120.0284007357065, 31.207856670525], [120.0279267363267, 31.207856670525]]]}}, {"type": "Feature", "properties": {"threshold_ug_l": 20.0, "area_km2_approx": 0.003}, "geometry": {"type": "Polygon", "coordinates": [[[120.29289238963024, 31.207856670525], [120.29289238963024, 31.20729563873845], [120.29336638901003, 31.20729563873845], [120.29336638901003, 31.207856670525], [120.29289238963024, 31.207856670525]]]}}, {"type": "Feature", "properties": {"threshold_ug_l": 20.0, "area_km2_approx": 0.008}, "geometry": {"type": "Polygon", "coordinates": [[[119.95919682625691, 31.207856670525], [119.95919682625691, 31.20729563873845], [119.9596708256367, 31.20729563873845], [119.9596708256367, 31.2067346069519], [119.9601448250165, 31.2067346069519], [119.9601448250165, 31.207856670525], [119.95919682625691, 31.207856670525]]]}}, {"type": "Feature", "properties": {"threshold_ug_l": 20.0, "area_km2_approx": 0.733}, "geometry": {"type": "Polygon", "coordinates": [[[119.92269887401295, 31.221882465188756], [119.92269887401295, 31.221321433402206], [119.92317287339274, 31.221321433402206], [119.92317287339274, 31.220760401615657], [119.92222487463316, 31.220760401615657], [119.92222487463316, 31.220199369829107], [119.92127687587359, 31.220199369829107], [119.92127687587359, 31.219638338042557], [119.92269887401295, 31.219638338042557], [119.92269887401295, 31.219077306256004], [119.92317287339274, 31.219077306256004], [119.92317287339274, 31.218516274469454], [119.92506887091191, 31.218516274469454], [119.92506887091191, 31.217955242682905], [119.92554287029171, 31.217955242682905], [119.92554287029171, 31.218516274469454], [119.9260168696715, 31.218516274469454], [119.9260168696715, 31.217955242682905], [119.92649086905129, 31.217955242682905], [119.92649086905129, 31.216833179109805], [119.92696486843109, 31.216833179109805], [119.92696486843109, 31.216272147323256], [119.92933486533003, 31.216272147323256], [119.92933486533003, 31.215711115536703], [119.92886086595024, 31.215711115536703], [119.92886086595024, 31.215150083750153], [119.92933486533003, 31.215150083750153], [119.92933486533003, 31.214589051963603], [119.92886086595024, 31.214589051963603], [119.92886086595024, 31.214028020177054], [119.92980886470983, 31.214028020177054], [119.92980886470983, 31.214589051963603], [119.931704862229, 31.214589051963603], [119.931704862229, 31.215150083750153], [119.93265286098858, 31.215150083750153], [119.93265286098858, 31.214589051963603], [119.93217886160879, 31.214589051963603], [119.93217886160879, 31.214028020177054], [119.93265286098858, 31.214028020177054], [119.93265286098858, 31.213466988390504], [119.93360085974817, 31.213466988390504], [119.93360085974817, 31.212344924817405], [119.93407485912796, 31.212344924817405], [119.93407485912796, 31.21178389303085], [119.93454885850775, 31.21178389303085], [119.93454885850775, 31.210661829457752], [119.93360085974817, 31.210661829457752], [119.93360085974817, 31.210100797671203], [119.93407485912796, 31.210100797671203], [119.93407485912796, 31.208978734098103], [119.93360085974817, 31.208978734098103], [119.93360085974817, 31.207856670525], [119.93312686036838, 31.207856670525], [119.93312686036838, 31.20729563873845], [119.93360085974817, 31.20729563873845], [119.93360085974817, 31.2067346069519], [119.93454885850775, 31.2067346069519], [119.93454885850775, 31.20617357516535], [119.93786685416629, 31.20617357516535], [119.93786685416629, 31.2067346069519], [119.93834085354608, 31.2067346069519], [119.93834085354608, 31.20729563873845], [119.93881485292587, 31.20729563873845], [119.93881485292587, 31.207856670525], [119.93834085354608, 31.207856670525], [119.93834085354608, 31.20841770231155], [119.93881485292587, 31.20841770231155], [119.93881485292587, 31.209539765884653], [119.93928885230567, 31.209539765884653], [119.93928885230567, 31.210100797671203], [119.93834085354608, 31.210100797671203], [119.93834085354608, 31.211222861244302], [119.93786685416629, 31.211222861244302], [119.93786685416629, 31.21178389303085], [119.93644485602691, 31.21178389303085], [119.93644485602691, 31.212344924817405], [119.93597085664712, 31.212344924817405], [119.93597085664712, 31.213466988390504], [119.93549685726732, 31.213466988390504], [119.93549685726732, 31.214028020177054], [119.93502285788753, 31.214028020177054], [119.93502285788753, 31.214589051963603], [119.93454885850775, 31.214589051963603], [119.93454885850775, 31.215711115536703], [119.93502285788753, 31.215711115536703], [119.93502285788753, 31.216272147323256], [119.93549685726732, 31.216272147323256], [119.93549685726732, 31.218516274469454], [119.93502285788753, 31.218516274469454], [119.93502285788753, 31.219638338042557], [119.93407485912796, 31.219638338042557], [119.93407485912796, 31.220199369829107], [119.93360085974817, 31.220199369829107], [119.93360085974817, 31.219638338042557], [119.93312686036838, 31.219638338042557], [119.93312686036838, 31.219077306256004], [119.93360085974817, 31.219077306256004], [119.93360085974817, 31.217394210896355], [119.931704862229, 31.217394210896355], [119.931704862229, 31.218516274469454], [119.93028286408962, 31.218516274469454], [119.93028286408962, 31.217955242682905], [119.92980886470983, 31.217955242682905], [119.92980886470983, 31.217394210896355], [119.92933486533003, 31.217394210896355], [119.92933486533003, 31.216833179109805], [119.92838686657045, 31.216833179109805], [119.92838686657045, 31.217394210896355], [119.92791286719067, 31.217394210896355], [119.92791286719067, 31.218516274469454], [119.92743886781088, 31.218516274469454], [119.92743886781088, 31.217955242682905], [119.92696486843109, 31.217955242682905], [119.92696486843109, 31.219077306256004], [119.92649086905129, 31.219077306256004], [119.92649086905129, 31.219638338042557], [119.9260168696715, 31.219638338042557], [119.9260168696715, 31.220199369829107], [119.92554287029171, 31.220199369829107], [119.92554287029171, 31.220760401615657], [119.92459487153212, 31.220760401615657], [119.92459487153212, 31.221321433402206], [119.92412087215233, 31.221321433402206], [119.92412087215233, 31.221882465188756], [119.92269887401295, 31.221882465188756]]]}}, {"type": "Feature", "properties": {"threshold_ug_l": 20.0, "area_km2_approx": 0.008}, "geometry": {"type": "Polygon", "coordinates": [[[119.91416688517671, 31.20617357516535], [119.91416688517671, 31.205051511592252], [119.91464088455649, 31.205051511592252], [119.91464088455649, 31.205612543378802], [119.91511488393628, 31.205612543378802], [119.91511488393628, 31.20617357516535], [119.91416688517671, 31.20617357516535]]]}}, {"type": "Feature", "properties": {"threshold_ug_l": 20.0, "area_km2_approx": 0.003}, "geometry": {"type": "Polygon", "coordinates": [[[120.01892074811066, 31.205612543378802], [120.01892074811066, 31.205051511592252], [120.01939474749045, 31.205051511592252], [120.01939474749045, 31.205612543378802], [120.01892074811066, 31.205612543378802]]]}}, {"type": "Feature", "properties": {"threshold_ug_l": 20.0, "area_km2_approx": 0.081}, "geometry": {"type": "Polygon", "coordinates": [[[120.18956052483566, 31.2067346069519], [120.18956052483566, 31.20617357516535], [120.19003452421545, 31.20617357516535], [120.19003452421545, 31.205051511592252], [120.19050852359524, 31.205051511592252], [120.19050852359524, 31.2033684162326], [120.1924045211144, 31.2033684162326], [120.1924045211144, 31.20392944801915], [120.19287852049419, 31.20392944801915], [120.19287852049419, 31.2033684162326], [120.19335251987398, 31.2033684162326], [120.19335251987398, 31.20392944801915], [120.19382651925378, 31.20392944801915], [120.19382651925378, 31.2044904798057], [120.19335251987398, 31.2044904798057], [120.19335251987398, 31.205612543378802], [120.19193052173462, 31.205612543378802], [120.19193052173462, 31.20617357516535], [120.19098252297503, 31.20617357516535], [120.19098252297503, 31.205612543378802], [120.19050852359524, 31.205612543378802], [120.19050852359524, 31.20617357516535], [120.19003452421545, 31.20617357516535], [120.19003452421545, 31.2067346069519], [120.18956052483566, 31.2067346069519]]]}}, {"type": "Feature", "properties": {"threshold_ug_l": 20.0, "area_km2_approx": 0.003}, "geometry": {"type": "Polygon", "coordinates": [[[119.91227088765754, 31.20392944801915], [119.91227088765754, 31.2033684162326], [119.91274488703733, 31.2033684162326], [119.91274488703733, 31.20392944801915], [119.91227088765754, 31.20392944801915]]]}}, {"type": "Feature", "properties": {"threshold_ug_l": 20.0, "area_km2_approx": 0.025}, "geometry": {"type": "Polygon", "coordinates": [[[119.931704862229, 31.2044904798057], [119.931704862229, 31.2033684162326], [119.93217886160879, 31.2033684162326], [119.93217886160879, 31.20280738444605], [119.93360085974817, 31.20280738444605], [119.93360085974817, 31.2033684162326], [119.93407485912796, 31.2033684162326], [119.93407485912796, 31.20392944801915], [119.93217886160879, 31.20392944801915], [119.93217886160879, 31.2044904798057], [119.931704862229, 31.2044904798057]]]}}, {"type": "Feature", "properties": {"threshold_ug_l": 20.0, "area_km2_approx": 0.006}, "geometry": {"type": "Polygon", "coordinates": [[[120.03314072950441, 31.2033684162326], [120.03314072950441, 31.20280738444605], [120.034088728264, 31.20280738444605], [120.034088728264, 31.2033684162326], [120.03314072950441, 31.2033684162326]]]}}, {"type": "Feature", "properties": {"threshold_ug_l": 20.0, "area_km2_approx": 0.137}, "geometry": {"type": "Polygon", "coordinates": [[[120.18008053723982, 31.20729563873845], [120.18008053723982, 31.2067346069519], [120.1810285359994, 31.2067346069519], [120.1810285359994, 31.20617357516535], [120.1815025353792, 31.20617357516535], [120.1815025353792, 31.205612543378802], [120.18055453661961, 31.205612543378802], [120.18055453661961, 31.205051511592252], [120.1810285359994, 31.205051511592252], [120.1810285359994, 31.20392944801915], [120.18055453661961, 31.20392944801915], [120.18055453661961, 31.2033684162326], [120.1810285359994, 31.2033684162326], [120.1810285359994, 31.20280738444605], [120.1815025353792, 31.20280738444605], [120.1815025353792, 31.2022463526595], [120.18245053413878, 31.2022463526595], [120.18245053413878, 31.20168532087295], [120.18292453351857, 31.20168532087295], [120.18292453351857, 31.2022463526595], [120.18387253227816, 31.2022463526595], [120.18387253227816, 31.20280738444605], [120.18434653165795, 31.20280738444605], [120.18434653165795, 31.2033684162326], [120.18482053103774, 31.2033684162326], [120.18482053103774, 31.20392944801915], [120.18434653165795, 31.20392944801915], [120.18434653165795, 31.2044904798057], [120.18292453351857, 31.2044904798057], [120.18292453351857, 31.205051511592252], [120.18387253227816, 31.205051511592252], [120.18387253227816, 31.205612543378802], [120.18339853289837, 31.205612543378802], [120.18339853289837, 31.20617357516535], [120.18245053413878, 31.20617357516535], [120.18245053413878, 31.205612543378802], [120.18197653475899, 31.205612543378802], [120.18197653475899, 31.20617357516535], [120.1815025353792, 31.20617357516535], [120.1815025353792, 31.2067346069519], [120.18245053413878, 31.2067346069519], [120.18245053413878, 31.20729563873845], [120.18008053723982, 31.20729563873845]]]}}, {"type": "Feature", "properties": {"threshold_ug_l": 20.0, "area_km2_approx": 0.011}, "geometry": {"type": "Polygon", "coordinates": [[[119.94450284548337, 31.20280738444605], [119.94450284548337, 31.2022463526595], [119.94402884610358, 31.2022463526595], [119.94402884610358, 31.20168532087295], [119.94545084424296, 31.20168532087295], [119.94545084424296, 31.2022463526595], [119.94497684486316, 31.2022463526595], [119.94497684486316, 31.20280738444605], [119.94450284548337, 31.20280738444605]]]}}, {"type": "Feature", "properties": {"threshold_ug_l": 20.0, "area_km2_approx": 0.006}, "geometry": {"type": "Polygon", "coordinates": [[[119.91084888951816, 31.2022463526595], [119.91084888951816, 31.20168532087295], [119.91179688827775, 31.20168532087295], [119.91179688827775, 31.2022463526595], [119.91084888951816, 31.2022463526595]]]}}, {"type": "Feature", "properties": {"threshold_ug_l": 20.0, "area_km2_approx": 0.003}, "geometry": {"type": "Polygon", "coordinates": [[[119.92459487153212, 31.2022463526595], [119.92459487153212, 31.20168532087295], [119.92506887091191, 31.20168532087295], [119.92506887091191, 31.2022463526595], [119.92459487153212, 31.2022463526595]]]}}, {"type": "Feature", "properties": {"threshold_ug_l": 20.0, "area_km2_approx": 0.008}, "geometry": {"type": "Polygon", "coordinates": [[[119.91464088455649, 31.20168532087295], [119.91464088455649, 31.2011242890864], [119.91416688517671, 31.2011242890864], [119.91416688517671, 31.200563257299848], [119.91511488393628, 31.200563257299848], [119.91511488393628, 31.20168532087295], [119.91464088455649, 31.20168532087295]]]}}, {"type": "Feature", "properties": {"threshold_ug_l": 20.0, "area_km2_approx": 0.003}, "geometry": {"type": "Polygon", "coordinates": [[[119.99048078532316, 31.2011242890864], [119.99048078532316, 31.200563257299848], [119.99095478470295, 31.200563257299848], [119.99095478470295, 31.2011242890864], [119.99048078532316, 31.2011242890864]]]}}, {"type": "Feature", "properties": {"threshold_ug_l": 20.0, "area_km2_approx": 0.008}, "geometry": {"type": "Polygon", "coordinates": [[[120.0904946544592, 31.2011242890864], [120.0904946544592, 31.200563257299848], [120.09191665259857, 31.200563257299848], [120.09191665259857, 31.2011242890864], [120.0904946544592, 31.2011242890864]]]}}, {"type": "Feature", "properties": {"threshold_ug_l": 20.0, "area_km2_approx": 0.006}, "geometry": {"type": "Polygon", "coordinates": [[[120.28151640451523, 31.2011242890864], [120.28151640451523, 31.200563257299848], [120.28246440327482, 31.200563257299848], [120.28246440327482, 31.2011242890864], [120.28151640451523, 31.2011242890864]]]}}, {"type": "Feature", "properties": {"threshold_ug_l": 20.0, "area_km2_approx": 0.092}, "geometry": {"type": "Polygon", "coordinates": [[[120.02745273694691, 31.2022463526595], [120.02745273694691, 31.2011242890864], [120.0279267363267, 31.2011242890864], [120.0279267363267, 31.2000022255133], [120.03029673322565, 31.2000022255133], [120.03029673322565, 31.19944119372675], [120.03171873136503, 31.19944119372675], [120.03171873136503, 31.2000022255133], [120.03314072950441, 31.2000022255133], [120.03314072950441, 31.200563257299848], [120.0336147288842, 31.200563257299848], [120.0336147288842, 31.2011242890864], [120.03171873136503, 31.2011242890864], [120.03171873136503, 31.20168532087295], [120.03124473198524, 31.20168532087295], [120.03124473198524, 31.2011242890864], [120.03077073260545, 31.2011242890864], [120.03077073260545, 31.20168532087295], [120.02934873446608, 31.20168532087295], [120.02934873446608, 31.2011242890864], [120.0284007357065, 31.2011242890864], [120.0284007357065, 31.20168532087295], [120.0279267363267, 31.20168532087295], [120.0279267363267, 31.2022463526595], [120.02745273694691, 31.2022463526595]]]}}, {"type": "Feature", "properties": {"threshold_ug_l": 20.0, "area_km2_approx": 0.008}, "geometry": {"type": "Polygon", "coordinates": [[[119.91037489013837, 31.2011242890864], [119.91037489013837, 31.2000022255133], [119.91084888951816, 31.2000022255133], [119.91084888951816, 31.19944119372675], [119.91132288889796, 31.19944119372675], [119.91132288889796, 31.2000022255133], [119.91084888951816, 31.2000022255133], [119.91084888951816, 31.2011242890864], [119.91037489013837, 31.2011242890864]]]}}, {"type": "Feature", "properties": {"threshold_ug_l": 20.0, "area_km2_approx": 0.003}, "geometry": {"type": "Polygon", "coordinates": [[[119.90990089075858, 31.19944119372675], [119.90990089075858, 31.1988801619402], [119.91037489013837, 31.1988801619402], [119.91037489013837, 31.19944119372675], [119.90990089075858, 31.19944119372675]]]}}, {"type": "Feature", "properties": {"threshold_ug_l": 20.0, "area_km2_approx": 0.003}, "geometry": {"type": "Polygon", "coordinates": [[[119.908952891999, 31.1988801619402], [119.908952891999, 31.19831913015365], [119.90942689137879, 31.19831913015365], [119.90942689137879, 31.1988801619402], [119.908952891999, 31.1988801619402]]]}}, {"type": "Feature", "properties": {"threshold_ug_l": 20.0, "area_km2_approx": 0.011}, "geometry": {"type": "Polygon", "coordinates": [[[119.96298882129524, 31.1988801619402], [119.96298882129524, 31.19831913015365], [119.96488481881441, 31.19831913015365], [119.96488481881441, 31.1988801619402], [119.96298882129524, 31.1988801619402]]]}}, {"type": "Feature", "properties": {"threshold_ug_l": 20.0, "area_km2_approx": 0.006}, "geometry": {"type": "Polygon", "coordinates": [[[119.9653588181942, 31.1988801619402], [119.9653588181942, 31.19831913015365], [119.96630681695379, 31.19831913015365], [119.96630681695379, 31.1988801619402], [119.9653588181942, 31.1988801619402]]]}}, {"type": "Feature", "properties": {"threshold_ug_l": 20.0, "area_km2_approx": 0.028}, "geometry": {"type": "Polygon", "coordinates": [[[119.94402884610358, 31.2000022255133], [119.94402884610358, 31.19944119372675], [119.94355484672379, 31.19944119372675], [119.94355484672379, 31.19831913015365], [119.94450284548337, 31.19831913015365], [119.94450284548337, 31.1977580983671], [119.94545084424296, 31.1977580983671], [119.94545084424296, 31.1988801619402], [119.94497684486316, 31.1988801619402], [119.94497684486316, 31.19944119372675], [119.94450284548337, 31.19944119372675], [119.94450284548337, 31.2000022255133], [119.94402884610358, 31.2000022255133]]]}}, {"type": "Feature", "properties": {"threshold_ug_l": 20.0, "area_km2_approx": 0.54}, "geometry": {"type": "Polygon", "coordinates": [[[119.95872282687712, 31.20617357516535], [119.95872282687712, 31.205612543378802], [119.95824882749733, 31.205612543378802], [119.95824882749733, 31.205051511592252], [119.95872282687712, 31.205051511592252], [119.95872282687712, 31.2044904798057], [119.95682682935795, 31.2044904798057], [119.95682682935795, 31.20392944801915], [119.95540483121857, 31.20392944801915], [119.95540483121857, 31.2033684162326], [119.95398283307921, 31.2033684162326], [119.95398283307921, 31.20280738444605], [119.95350883369942, 31.20280738444605], [119.95350883369942, 31.2022463526595], [119.954456832459, 31.2022463526595], [119.954456832459, 31.20168532087295], [119.9549308318388, 31.20168532087295], [119.9549308318388, 31.2011242890864], [119.95398283307921, 31.2011242890864], [119.95398283307921, 31.200563257299848], [119.9549308318388, 31.200563257299848], [119.9549308318388, 31.2000022255133], [119.95682682935795, 31.2000022255133], [119.95682682935795, 31.19944119372675], [119.95777482811754, 31.19944119372675], [119.95777482811754, 31.1977580983671], [119.95919682625691, 31.1977580983671], [119.95919682625691, 31.19719706658055], [119.9601448250165, 31.19719706658055], [119.9601448250165, 31.1977580983671], [119.9596708256367, 31.1977580983671], [119.9596708256367, 31.19831913015365], [119.9601448250165, 31.19831913015365], [119.9601448250165, 31.1988801619402], [119.96061882439629, 31.1988801619402], [119.96061882439629, 31.19831913015365], [119.96109282377608, 31.19831913015365], [119.96109282377608, 31.1988801619402], [119.96251482191545, 31.1988801619402], [119.96251482191545, 31.2000022255133], [119.96346282067503, 31.2000022255133], [119.96346282067503, 31.20168532087295], [119.96393682005483, 31.20168532087295], [119.96393682005483, 31.2022463526595], [119.96346282067503, 31.2022463526595], [119.96346282067503, 31.2033684162326], [119.96251482191545, 31.2033684162326], [119.96251482191545, 31.20392944801915], [119.96204082253566, 31.20392944801915], [119.96204082253566, 31.205051511592252], [119.96109282377608, 31.205051511592252], [119.96109282377608, 31.205612543378802], [119.9601448250165, 31.205612543378802], [119.9601448250165, 31.20617357516535], [119.95872282687712, 31.20617357516535]]]}}, {"type": "Feature", "properties": {"threshold_ug_l": 20.0, "area_km2_approx": 0.042}, "geometry": {"type": "Polygon", "coordinates": [[[120.3175403573794, 31.1988801619402], [120.3175403573794, 31.19831913015365], [120.31706635799961, 31.19831913015365], [120.31706635799961, 31.1977580983671], [120.31659235861981, 31.1977580983671], [120.31659235861981, 31.19719706658055], [120.3175403573794, 31.19719706658055], [120.3175403573794, 31.196636034793997], [120.31896235551878, 31.196636034793997], [120.31896235551878, 31.1977580983671], [120.31943635489857, 31.1977580983671], [120.31943635489857, 31.19831913015365], [120.31848835613899, 31.19831913015365], [120.31848835613899, 31.1988801619402], [120.3175403573794, 31.1988801619402]]]}}, {"type": "Feature", "properties": {"threshold_ug_l": 20.0, "area_km2_approx": 0.006}, "geometry": {"type": "Polygon", "coordinates": [[[119.91558888331608, 31.19719706658055], [119.91558888331608, 31.196636034793997], [119.91653688207566, 31.196636034793997], [119.91653688207566, 31.19719706658055], [119.91558888331608, 31.19719706658055]]]}}, {"type": "Feature", "properties": {"threshold_ug_l": 20.0, "area_km2_approx": 0.011}, "geometry": {"type": "Polygon", "coordinates": [[[119.91227088765754, 31.1977580983671], [119.91227088765754, 31.196075003007447], [119.91321888641713, 31.196075003007447], [119.91321888641713, 31.196636034793997], [119.91274488703733, 31.196636034793997], [119.91274488703733, 31.1977580983671], [119.91227088765754, 31.1977580983671]]]}}, {"type": "Feature", "properties": {"threshold_ug_l": 20.0, "area_km2_approx": 0.014}, "geometry": {"type": "Polygon", "coordinates": [[[119.9596708256367, 31.196636034793997], [119.9596708256367, 31.196075003007447], [119.96109282377608, 31.196075003007447], [119.96109282377608, 31.195513971220898], [119.96156682315588, 31.195513971220898], [119.96156682315588, 31.196636034793997], [119.9596708256367, 31.196636034793997]]]}}, {"type": "Feature", "properties": {"threshold_ug_l": 20.0, "area_km2_approx": 0.003}, "geometry": {"type": "Polygon", "coordinates": [[[119.920328877114, 31.196075003007447], [119.920328877114, 31.195513971220898], [119.9208028764938, 31.195513971220898], [119.9208028764938, 31.196075003007447], [119.920328877114, 31.196075003007447]]]}}, {"type": "Feature", "properties": {"threshold_ug_l": 20.0, "area_km2_approx": 0.003}, "geometry": {"type": "Polygon", "coordinates": [[[119.96251482191545, 31.196075003007447], [119.96251482191545, 31.195513971220898], [119.96298882129524, 31.195513971220898], [119.96298882129524, 31.196075003007447], [119.96251482191545, 31.196075003007447]]]}}, {"type": "Feature", "properties": {"threshold_ug_l": 20.0, "area_km2_approx": 0.008}, "geometry": {"type": "Polygon", "coordinates": [[[119.91748488083525, 31.196075003007447], [119.91748488083525, 31.195513971220898], [119.91795888021504, 31.195513971220898], [119.91795888021504, 31.194952939434348], [119.91843287959483, 31.194952939434348], [119.91843287959483, 31.196075003007447], [119.91748488083525, 31.196075003007447]]]}}, {"type": "Feature", "properties": {"threshold_ug_l": 20.0, "area_km2_approx": 0.003}, "geometry": {"type": "Polygon", "coordinates": [[[119.90800489323941, 31.195513971220898], [119.90800489323941, 31.194952939434348], [119.9084788926192, 31.194952939434348], [119.9084788926192, 31.195513971220898], [119.90800489323941, 31.195513971220898]]]}}, {"type": "Feature", "properties": {"threshold_ug_l": 20.0, "area_km2_approx": 0.014}, "geometry": {"type": "Polygon", "coordinates": [[[119.93028286408962, 31.194952939434348], [119.93028286408962, 31.192708812288146], [119.93075686346941, 31.192708812288146], [119.93075686346941, 31.193269844074695], [119.9312308628492, 31.193269844074695], [119.9312308628492, 31.19383087586125], [119.93075686346941, 31.19383087586125], [119.93075686346941, 31.194952939434348], [119.93028286408962, 31.194952939434348]]]}}, {"type": "Feature", "properties": {"threshold_ug_l": 20.0, "area_km2_approx": 0.07}, "geometry": {"type": "Polygon", "coordinates": [[[119.97578680454961, 31.196636034793997], [119.97578680454961, 31.196075003007447], [119.97531280516984, 31.196075003007447], [119.97531280516984, 31.194952939434348], [119.97483880579004, 31.194952939434348], [119.97483880579004, 31.192708812288146], [119.97531280516984, 31.192708812288146], [119.97531280516984, 31.192147780501596], [119.97578680454961, 31.192147780501596], [119.97578680454961, 31.192708812288146], [119.9762608039294, 31.192708812288146], [119.9762608039294, 31.193269844074695], [119.9767348033092, 31.193269844074695], [119.9767348033092, 31.1943919076478], [119.97720880268899, 31.1943919076478], [119.97720880268899, 31.195513971220898], [119.9767348033092, 31.195513971220898], [119.9767348033092, 31.196075003007447], [119.9762608039294, 31.196075003007447], [119.9762608039294, 31.196636034793997], [119.97578680454961, 31.196636034793997]]]}}, {"type": "Feature", "properties": {"threshold_ug_l": 20.0, "area_km2_approx": 0.003}, "geometry": {"type": "Polygon", "coordinates": [[[119.90753089385963, 31.191586748715046], [119.90753089385963, 31.191025716928497], [119.90800489323941, 31.191025716928497], [119.90800489323941, 31.191586748715046], [119.90753089385963, 31.191586748715046]]]}}, {"type": "Feature", "properties": {"threshold_ug_l": 20.0, "area_km2_approx": 0.003}, "geometry": {"type": "Polygon", "coordinates": [[[119.90658289510004, 31.191025716928497], [119.90658289510004, 31.190464685141947], [119.90705689447984, 31.190464685141947], [119.90705689447984, 31.191025716928497], [119.90658289510004, 31.191025716928497]]]}}, {"type": "Feature", "properties": {"threshold_ug_l": 20.0, "area_km2_approx": 0.02}, "geometry": {"type": "Polygon", "coordinates": [[[119.98052679834754, 31.191025716928497], [119.98052679834754, 31.189903653355397], [119.9824227958667, 31.189903653355397], [119.9824227958667, 31.191025716928497], [119.98194879648692, 31.191025716928497], [119.98194879648692, 31.190464685141947], [119.98147479710713, 31.190464685141947], [119.98147479710713, 31.191025716928497], [119.98052679834754, 31.191025716928497]]]}}, {"type": "Feature", "properties": {"threshold_ug_l": 20.0, "area_km2_approx": 0.28}, "geometry": {"type": "Polygon", "coordinates": [[[119.9084788926192, 31.1977580983671], [119.9084788926192, 31.19719706658055], [119.90942689137879, 31.19719706658055], [119.90942689137879, 31.195513971220898], [119.908952891999, 31.195513971220898], [119.908952891999, 31.1943919076478], [119.9084788926192, 31.1943919076478], [119.9084788926192, 31.193269844074695], [119.908952891999, 31.193269844074695], [119.908952891999, 31.192708812288146], [119.90942689137879, 31.192708812288146], [119.90942689137879, 31.192147780501596], [119.91132288889796, 31.192147780501596], [119.91132288889796, 31.192708812288146], [119.91274488703733, 31.192708812288146], [119.91274488703733, 31.192147780501596], [119.91369288579692, 31.192147780501596], [119.91369288579692, 31.191025716928497], [119.91558888331608, 31.191025716928497], [119.91558888331608, 31.190464685141947], [119.91511488393628, 31.190464685141947], [119.91511488393628, 31.189342621568844], [119.91606288269587, 31.189342621568844], [119.91606288269587, 31.191025716928497], [119.91558888331608, 31.191025716928497], [119.91558888331608, 31.191586748715046], [119.91511488393628, 31.191586748715046], [119.91511488393628, 31.192708812288146], [119.91558888331608, 31.192708812288146], [119.91558888331608, 31.192147780501596], [119.91701088145545, 31.192147780501596], [119.91701088145545, 31.193269844074695], [119.91748488083525, 31.193269844074695], [119.91748488083525, 31.192708812288146], [119.91795888021504, 31.192708812288146], [119.91795888021504, 31.1943919076478], [119.91701088145545, 31.1943919076478], [119.91701088145545, 31.194952939434348], [119.91606288269587, 31.194952939434348], [119.91606288269587, 31.1943919076478], [119.91558888331608, 31.1943919076478], [119.91558888331608, 31.19383087586125], [119.91464088455649, 31.19383087586125], [119.91464088455649, 31.1943919076478], [119.91369288579692, 31.1943919076478], [119.91369288579692, 31.194952939434348], [119.91179688827775, 31.194952939434348], [119.91179688827775, 31.1943919076478], [119.91227088765754, 31.1943919076478], [119.91227088765754, 31.193269844074695], [119.91132288889796, 31.193269844074695], [119.91132288889796, 31.1943919076478], [119.90990089075858, 31.1943919076478], [119.90990089075858, 31.194952939434348], [119.91037489013837, 31.194952939434348], [119.91037489013837, 31.195513971220898], [119.91084888951816, 31.195513971220898], [119.91084888951816, 31.196075003007447], [119.91037489013837, 31.196075003007447], [119.91037489013837, 31.196636034793997], [119.91084888951816, 31.196636034793997], [119.91084888951816, 31.1977580983671], [119.9084788926192, 31.1977580983671]]]}}, {"type": "Feature", "properties": {"threshold_ug_l": 20.0, "area_km2_approx": 0.045}, "geometry": {"type": "Polygon", "coordinates": [[[120.12083061476586, 31.193269844074695], [120.12083061476586, 31.191025716928497], [120.12177861352545, 31.191025716928497], [120.12177861352545, 31.190464685141947], [120.12130461414566, 31.190464685141947], [120.12130461414566, 31.189903653355397], [120.12083061476586, 31.189903653355397], [120.12083061476586, 31.189342621568844], [120.12177861352545, 31.189342621568844], [120.12177861352545, 31.190464685141947], [120.12225261290524, 31.190464685141947], [120.12225261290524, 31.193269844074695], [120.12083061476586, 31.193269844074695]]]}}, {"type": "Feature", "properties": {"threshold_ug_l": 20.0, "area_km2_approx": 0.003}, "geometry": {"type": "Polygon", "coordinates": [[[120.11988261600628, 31.189903653355397], [120.11988261600628, 31.189342621568844], [120.12035661538607, 31.189342621568844], [120.12035661538607, 31.189903653355397], [120.11988261600628, 31.189903653355397]]]}}, {"type": "Feature", "properties": {"threshold_ug_l": 20.0, "area_km2_approx": 0.003}, "geometry": {"type": "Polygon", "coordinates": [[[120.1132466246892, 31.189342621568844], [120.1132466246892, 31.188781589782295], [120.11372062406899, 31.188781589782295], [120.11372062406899, 31.189342621568844], [120.1132466246892, 31.189342621568844]]]}}, {"type": "Feature", "properties": {"threshold_ug_l": 20.0, "area_km2_approx": 0.022}, "geometry": {"type": "Polygon", "coordinates": [[[120.11135062717003, 31.189342621568844], [120.11135062717003, 31.188781589782295], [120.11087662779025, 31.188781589782295], [120.11087662779025, 31.188220557995745], [120.11229862592961, 31.188220557995745], [120.11229862592961, 31.187659526209195], [120.1127726253094, 31.187659526209195], [120.1127726253094, 31.189342621568844], [120.11135062717003, 31.189342621568844]]]}}, {"type": "Feature", "properties": {"threshold_ug_l": 20.0, "area_km2_approx": 0.008}, "geometry": {"type": "Polygon", "coordinates": [[[120.16633455522586, 31.187098494422646], [120.16633455522586, 31.186537462636096], [120.16680855460565, 31.186537462636096], [120.16680855460565, 31.185976430849543], [120.16728255398544, 31.185976430849543], [120.16728255398544, 31.187098494422646], [120.16633455522586, 31.187098494422646]]]}}, {"type": "Feature", "properties": {"threshold_ug_l": 20.0, "area_km2_approx": 0.006}, "geometry": {"type": "Polygon", "coordinates": [[[119.91606288269587, 31.185415399062993], [119.91606288269587, 31.184854367276444], [119.91701088145545, 31.184854367276444], [119.91701088145545, 31.185415399062993], [119.91606288269587, 31.185415399062993]]]}}, {"type": "Feature", "properties": {"threshold_ug_l": 20.0, "area_km2_approx": 0.011}, "geometry": {"type": "Polygon", "coordinates": [[[119.93881485292587, 31.185976430849543], [119.93881485292587, 31.185415399062993], [119.93786685416629, 31.185415399062993], [119.93786685416629, 31.184854367276444], [119.93928885230567, 31.184854367276444], [119.93928885230567, 31.185976430849543], [119.93881485292587, 31.185976430849543]]]}}, {"type": "Feature", "properties": {"threshold_ug_l": 20.0, "area_km2_approx": 0.017}, "geometry": {"type": "Polygon", "coordinates": [[[119.920328877114, 31.185415399062993], [119.920328877114, 31.184293335489894], [119.92175087525337, 31.184293335489894], [119.92175087525337, 31.185415399062993], [119.920328877114, 31.185415399062993]]]}}, {"type": "Feature", "properties": {"threshold_ug_l": 20.0, "area_km2_approx": 0.003}, "geometry": {"type": "Polygon", "coordinates": [[[120.29241839025045, 31.184854367276444], [120.29241839025045, 31.184293335489894], [120.29289238963024, 31.184293335489894], [120.29289238963024, 31.184854367276444], [120.29241839025045, 31.184854367276444]]]}}, {"type": "Feature", "properties": {"threshold_ug_l": 20.0, "area_km2_approx": 0.003}, "geometry": {"type": "Polygon", "coordinates": [[[119.90800489323941, 31.183171271916795], [119.90800489323941, 31.182610240130245], [119.9084788926192, 31.182610240130245], [119.9084788926192, 31.183171271916795], [119.90800489323941, 31.183171271916795]]]}}, {"type": "Feature", "properties": {"threshold_ug_l": 20.0, "area_km2_approx": 0.003}, "geometry": {"type": "Polygon", "coordinates": [[[120.29147039149086, 31.181488176557142], [120.29147039149086, 31.180927144770592], [120.29194439087065, 31.180927144770592], [120.29194439087065, 31.181488176557142], [120.29147039149086, 31.181488176557142]]]}}, {"type": "Feature", "properties": {"threshold_ug_l": 20.0, "area_km2_approx": 0.036}, "geometry": {"type": "Polygon", "coordinates": [[[119.90990089075858, 31.181488176557142], [119.90990089075858, 31.180927144770592], [119.91084888951816, 31.180927144770592], [119.91084888951816, 31.179805081197493], [119.91274488703733, 31.179805081197493], [119.91274488703733, 31.181488176557142], [119.91132288889796, 31.181488176557142], [119.91132288889796, 31.180927144770592], [119.91084888951816, 31.180927144770592], [119.91084888951816, 31.181488176557142], [119.90990089075858, 31.181488176557142]]]}}, {"type": "Feature", "properties": {"threshold_ug_l": 20.0, "area_km2_approx": 0.034}, "geometry": {"type": "Polygon", "coordinates": [[[120.3123263642017, 31.180927144770592], [120.3123263642017, 31.180366112984043], [120.3118523648219, 31.180366112984043], [120.3118523648219, 31.179805081197493], [120.3123263642017, 31.179805081197493], [120.3123263642017, 31.179244049410944], [120.31327436296128, 31.179244049410944], [120.31327436296128, 31.178683017624394], [120.31374836234107, 31.178683017624394], [120.31374836234107, 31.179244049410944], [120.31422236172087, 31.179244049410944], [120.31422236172087, 31.179805081197493], [120.31374836234107, 31.179805081197493], [120.31374836234107, 31.180927144770592], [120.3123263642017, 31.180927144770592]]]}}, {"type": "Feature", "properties": {"threshold_ug_l": 20.0, "area_km2_approx": 0.006}, "geometry": {"type": "Polygon", "coordinates": [[[119.92791286719067, 31.179805081197493], [119.92791286719067, 31.179244049410944], [119.92838686657045, 31.179244049410944], [119.92838686657045, 31.178683017624394], [119.92886086595024, 31.178683017624394], [119.92886086595024, 31.179244049410944], [119.92838686657045, 31.179244049410944], [119.92838686657045, 31.179805081197493], [119.92791286719067, 31.179805081197493]]]}}, {"type": "Feature", "properties": {"threshold_ug_l": 20.0, "area_km2_approx": 0.003}, "geometry": {"type": "Polygon", "coordinates": [[[120.26303042870336, 31.17812198583784], [120.26303042870336, 31.17756095405129], [120.26350442808315, 31.17756095405129], [120.26350442808315, 31.17812198583784], [120.26303042870336, 31.17812198583784]]]}}, {"type": "Feature", "properties": {"threshold_ug_l": 20.0, "area_km2_approx": 0.003}, "geometry": {"type": "Polygon", "coordinates": [[[120.31327436296128, 31.17812198583784], [120.31327436296128, 31.17756095405129], [120.31374836234107, 31.17756095405129], [120.31374836234107, 31.17812198583784], [120.31327436296128, 31.17812198583784]]]}}, {"type": "Feature", "properties": {"threshold_ug_l": 20.0, "area_km2_approx": 0.014}, "geometry": {"type": "Polygon", "coordinates": [[[120.00043477229879, 31.17812198583784], [120.00043477229879, 31.17756095405129], [120.00090877167858, 31.17756095405129], [120.00090877167858, 31.17699992226474], [120.00138277105837, 31.17699992226474], [120.00138277105837, 31.17756095405129], [120.00233076981796, 31.17756095405129], [120.00233076981796, 31.17812198583784], [120.00043477229879, 31.17812198583784]]]}}, {"type": "Feature", "properties": {"threshold_ug_l": 20.0, "area_km2_approx": 0.006}, "geometry": {"type": "Polygon", "coordinates": [[[120.0051747660967, 31.17812198583784], [120.0051747660967, 31.17756095405129], [120.00470076671691, 31.17756095405129], [120.00470076671691, 31.17699992226474], [120.0051747660967, 31.17699992226474], [120.0051747660967, 31.17756095405129], [120.0056487654765, 31.17756095405129], [120.0056487654765, 31.17812198583784], [120.0051747660967, 31.17812198583784]]]}}, {"type": "Feature", "properties": {"threshold_ug_l": 20.0, "area_km2_approx": 0.003}, "geometry": {"type": "Polygon", "coordinates": [[[120.26729642312148, 31.17699992226474], [120.26729642312148, 31.17643889047819], [120.26777042250127, 31.17643889047819], [120.26777042250127, 31.17699992226474], [120.26729642312148, 31.17699992226474]]]}}, {"type": "Feature", "properties": {"threshold_ug_l": 20.0, "area_km2_approx": 0.008}, "geometry": {"type": "Polygon", "coordinates": [[[120.1469005806544, 31.17756095405129], [120.1469005806544, 31.17699992226474], [120.14642658127461, 31.17699992226474], [120.14642658127461, 31.175877858691642], [120.1469005806544, 31.175877858691642], [120.1469005806544, 31.17699992226474], [120.1473745800342, 31.17699992226474], [120.1473745800342, 31.17756095405129], [120.1469005806544, 31.17756095405129]]]}}, {"type": "Feature", "properties": {"threshold_ug_l": 20.0, "area_km2_approx": 0.034}, "geometry": {"type": "Polygon", "coordinates": [[[119.91132288889796, 31.178683017624394], [119.91132288889796, 31.17812198583784], [119.91179688827775, 31.17812198583784], [119.91179688827775, 31.17756095405129], [119.91227088765754, 31.17756095405129], [119.91227088765754, 31.17643889047819], [119.91274488703733, 31.17643889047819], [119.91274488703733, 31.175877858691642], [119.91321888641713, 31.175877858691642], [119.91321888641713, 31.175316826905092], [119.91369288579692, 31.175316826905092], [119.91369288579692, 31.175877858691642], [119.91321888641713, 31.175877858691642], [119.91321888641713, 31.17643889047819], [119.91274488703733, 31.17643889047819], [119.91274488703733, 31.17699992226474], [119.91321888641713, 31.17699992226474], [119.91321888641713, 31.17756095405129], [119.91369288579692, 31.17756095405129], [119.91369288579692, 31.17812198583784], [119.91274488703733, 31.17812198583784], [119.91274488703733, 31.178683017624394], [119.91132288889796, 31.178683017624394]]]}}, {"type": "Feature", "properties": {"threshold_ug_l": 20.0, "area_km2_approx": 0.006}, "geometry": {"type": "Polygon", "coordinates": [[[120.2777244094769, 31.17643889047819], [120.2777244094769, 31.175316826905092], [120.2781984088567, 31.175316826905092], [120.2781984088567, 31.17643889047819], [120.2777244094769, 31.17643889047819]]]}}, {"type": "Feature", "properties": {"threshold_ug_l": 20.0, "area_km2_approx": 0.003}, "geometry": {"type": "Polygon", "coordinates": [[[120.08622866004107, 31.175877858691642], [120.08622866004107, 31.175316826905092], [120.08670265942087, 31.175316826905092], [120.08670265942087, 31.175877858691642], [120.08622866004107, 31.175877858691642]]]}}, {"type": "Feature", "properties": {"threshold_ug_l": 20.0, "area_km2_approx": 0.185}, "geometry": {"type": "Polygon", "coordinates": [[[119.94545084424296, 31.17812198583784], [119.94545084424296, 31.17756095405129], [119.94450284548337, 31.17756095405129], [119.94450284548337, 31.17699992226474], [119.94402884610358, 31.17699992226474], [119.94402884610358, 31.175877858691642], [119.94497684486316, 31.175877858691642], [119.94497684486316, 31.175316826905092], [119.94592484362275, 31.175316826905092], [119.94592484362275, 31.175877858691642], [119.94639884300254, 31.175877858691642], [119.94639884300254, 31.175316826905092], [119.94924283928128, 31.175316826905092], [119.94924283928128, 31.174755795118543], [119.95019083804087, 31.174755795118543], [119.95019083804087, 31.175316826905092], [119.95113883680045, 31.175316826905092], [119.95113883680045, 31.175877858691642], [119.95208683556004, 31.175877858691642], [119.95208683556004, 31.17699992226474], [119.95161283618025, 31.17699992226474], [119.95161283618025, 31.17756095405129], [119.94876883990149, 31.17756095405129], [119.94876883990149, 31.17812198583784], [119.94829484052171, 31.17812198583784], [119.94829484052171, 31.17756095405129], [119.94639884300254, 31.17756095405129], [119.94639884300254, 31.17812198583784], [119.94545084424296, 31.17812198583784]]]}}, {"type": "Feature", "properties": {"threshold_ug_l": 20.0, "area_km2_approx": 0.118}, "geometry": {"type": "Polygon", "coordinates": [[[119.920328877114, 31.17756095405129], [119.920328877114, 31.17699992226474], [119.91890687897462, 31.17699992226474], [119.91890687897462, 31.17643889047819], [119.91843287959483, 31.17643889047819], [119.91843287959483, 31.17699992226474], [119.91795888021504, 31.17699992226474], [119.91795888021504, 31.175877858691642], [119.91748488083525, 31.175877858691642], [119.91748488083525, 31.175316826905092], [119.91795888021504, 31.175316826905092], [119.91795888021504, 31.174755795118543], [119.91985487773421, 31.174755795118543], [119.91985487773421, 31.175316826905092], [119.920328877114, 31.175316826905092], [119.920328877114, 31.174755795118543], [119.92269887401295, 31.174755795118543], [119.92269887401295, 31.17756095405129], [119.92175087525337, 31.17756095405129], [119.92175087525337, 31.17699992226474], [119.9208028764938, 31.17699992226474], [119.9208028764938, 31.17756095405129], [119.920328877114, 31.17756095405129]]]}}, {"type": "Feature", "properties": {"threshold_ug_l": 20.0, "area_km2_approx": 0.008}, "geometry": {"type": "Polygon", "coordinates": [[[120.00233076981796, 31.175877858691642], [120.00233076981796, 31.174755795118543], [120.00280476919774, 31.174755795118543], [120.00280476919774, 31.175316826905092], [120.00327876857753, 31.175316826905092], [120.00327876857753, 31.175877858691642], [120.00233076981796, 31.175877858691642]]]}}, {"type": "Feature", "properties": {"threshold_ug_l": 20.0, "area_km2_approx": 0.006}, "geometry": {"type": "Polygon", "coordinates": [[[120.26824442188106, 31.175877858691642], [120.26824442188106, 31.175316826905092], [120.26871842126086, 31.175316826905092], [120.26871842126086, 31.174755795118543], [120.26919242064065, 31.174755795118543], [120.26919242064065, 31.175316826905092], [120.26871842126086, 31.175316826905092], [120.26871842126086, 31.175877858691642], [120.26824442188106, 31.175877858691642]]]}}, {"type": "Feature", "properties": {"threshold_ug_l": 20.0, "area_km2_approx": 0.006}, "geometry": {"type": "Polygon", "coordinates": [[[119.91369288579692, 31.174755795118543], [119.91369288579692, 31.17419476333199], [119.91464088455649, 31.17419476333199], [119.91464088455649, 31.174755795118543], [119.91369288579692, 31.174755795118543]]]}}, {"type": "Feature", "properties": {"threshold_ug_l": 20.0, "area_km2_approx": 0.003}, "geometry": {"type": "Polygon", "coordinates": [[[120.26208242994377, 31.174755795118543], [120.26208242994377, 31.17419476333199], [120.26255642932357, 31.17419476333199], [120.26255642932357, 31.174755795118543], [120.26208242994377, 31.174755795118543]]]}}, {"type": "Feature", "properties": {"threshold_ug_l": 20.0, "area_km2_approx": 0.006}, "geometry": {"type": "Polygon", "coordinates": [[[120.22890247335836, 31.17419476333199], [120.22890247335836, 31.17363373154544], [120.22985047211795, 31.17363373154544], [120.22985047211795, 31.17419476333199], [120.22890247335836, 31.17419476333199]]]}}, {"type": "Feature", "properties": {"threshold_ug_l": 20.0, "area_km2_approx": 0.003}, "geometry": {"type": "Polygon", "coordinates": [[[120.26871842126086, 31.17419476333199], [120.26871842126086, 31.17363373154544], [120.26919242064065, 31.17363373154544], [120.26919242064065, 31.17419476333199], [120.26871842126086, 31.17419476333199]]]}}, {"type": "Feature", "properties": {"threshold_ug_l": 20.0, "area_km2_approx": 0.003}, "geometry": {"type": "Polygon", "coordinates": [[[120.2947883871494, 31.17419476333199], [120.2947883871494, 31.17363373154544], [120.29526238652919, 31.17363373154544], [120.29526238652919, 31.17419476333199], [120.2947883871494, 31.17419476333199]]]}}, {"type": "Feature", "properties": {"threshold_ug_l": 20.0, "area_km2_approx": 0.003}, "geometry": {"type": "Polygon", "coordinates": [[[119.91511488393628, 31.17363373154544], [119.91511488393628, 31.17307269975889], [119.91558888331608, 31.17307269975889], [119.91558888331608, 31.17363373154544], [119.91511488393628, 31.17363373154544]]]}}, {"type": "Feature", "properties": {"threshold_ug_l": 20.0, "area_km2_approx": 0.006}, "geometry": {"type": "Polygon", "coordinates": [[[120.29573638590898, 31.17363373154544], [120.29573638590898, 31.17307269975889], [120.29668438466857, 31.17307269975889], [120.29668438466857, 31.17363373154544], [120.29573638590898, 31.17363373154544]]]}}, {"type": "Feature", "properties": {"threshold_ug_l": 20.0, "area_km2_approx": 0.003}, "geometry": {"type": "Polygon", "coordinates": [[[120.22842847397857, 31.17307269975889], [120.22842847397857, 31.17251166797234], [120.22890247335836, 31.17251166797234], [120.22890247335836, 31.17307269975889], [120.22842847397857, 31.17307269975889]]]}}, {"type": "Feature", "properties": {"threshold_ug_l": 20.0, "area_km2_approx": 0.003}, "geometry": {"type": "Polygon", "coordinates": [[[119.92791286719067, 31.17251166797234], [119.92791286719067, 31.17195063618579], [119.92838686657045, 31.17195063618579], [119.92838686657045, 31.17251166797234], [119.92791286719067, 31.17251166797234]]]}}, {"type": "Feature", "properties": {"threshold_ug_l": 20.0, "area_km2_approx": 0.073}, "geometry": {"type": "Polygon", "coordinates": [[[119.92886086595024, 31.175316826905092], [119.92886086595024, 31.17419476333199], [119.92743886781088, 31.17419476333199], [119.92743886781088, 31.17363373154544], [119.92696486843109, 31.17363373154544], [119.92696486843109, 31.17307269975889], [119.92933486533003, 31.17307269975889], [119.92933486533003, 31.17251166797234], [119.92886086595024, 31.17251166797234], [119.92886086595024, 31.17195063618579], [119.92933486533003, 31.17195063618579], [119.92933486533003, 31.17138960439924], [119.92980886470983, 31.17138960439924], [119.92980886470983, 31.17251166797234], [119.93028286408962, 31.17251166797234], [119.93028286408962, 31.17307269975889], [119.93075686346941, 31.17307269975889], [119.93075686346941, 31.17363373154544], [119.9312308628492, 31.17363373154544], [119.9312308628492, 31.17419476333199], [119.93075686346941, 31.17419476333199], [119.93075686346941, 31.174755795118543], [119.92933486533003, 31.174755795118543], [119.92933486533003, 31.175316826905092], [119.92886086595024, 31.175316826905092]]]}}, {"type": "Feature", "properties": {"threshold_ug_l": 20.0, "area_km2_approx": 0.003}, "geometry": {"type": "Polygon", "coordinates": [[[119.91653688207566, 31.17195063618579], [119.91653688207566, 31.17138960439924], [119.91701088145545, 31.17138960439924], [119.91701088145545, 31.17195063618579], [119.91653688207566, 31.17195063618579]]]}}, {"type": "Feature", "properties": {"threshold_ug_l": 20.0, "area_km2_approx": 0.008}, "geometry": {"type": "Polygon", "coordinates": [[[120.11656462034775, 31.17195063618579], [120.11656462034775, 31.17138960439924], [120.11798661848711, 31.17138960439924], [120.11798661848711, 31.17195063618579], [120.11656462034775, 31.17195063618579]]]}}, {"type": "Feature", "properties": {"threshold_ug_l": 20.0, "area_km2_approx": 0.003}, "geometry": {"type": "Polygon", "coordinates": [[[120.30047637970691, 31.17138960439924], [120.30047637970691, 31.170828572612688], [120.30095037908669, 31.170828572612688], [120.30095037908669, 31.17138960439924], [120.30047637970691, 31.17138960439924]]]}}, {"type": "Feature", "properties": {"threshold_ug_l": 20.0, "area_km2_approx": 0.003}, "geometry": {"type": "Polygon", "coordinates": [[[120.00138277105837, 31.170828572612688], [120.00138277105837, 31.17026754082614], [120.00185677043817, 31.17026754082614], [120.00185677043817, 31.170828572612688], [120.00138277105837, 31.170828572612688]]]}}, {"type": "Feature", "properties": {"threshold_ug_l": 20.0, "area_km2_approx": 0.003}, "geometry": {"type": "Polygon", "coordinates": [[[120.29952838094732, 31.170828572612688], [120.29952838094732, 31.17026754082614], [120.30000238032711, 31.17026754082614], [120.30000238032711, 31.170828572612688], [120.29952838094732, 31.170828572612688]]]}}, {"type": "Feature", "properties": {"threshold_ug_l": 20.0, "area_km2_approx": 0.022}, "geometry": {"type": "Polygon", "coordinates": [[[120.06110669291212, 31.17195063618579], [120.06110669291212, 31.170828572612688], [120.06063269353233, 31.170828572612688], [120.06063269353233, 31.17026754082614], [120.06110669291212, 31.17026754082614], [120.06110669291212, 31.16970650903959], [120.0620546916717, 31.16970650903959], [120.0620546916717, 31.17138960439924], [120.06158069229191, 31.17138960439924], [120.06158069229191, 31.17195063618579], [120.06110669291212, 31.17195063618579]]]}}, {"type": "Feature", "properties": {"threshold_ug_l": 20.0, "area_km2_approx": 0.008}, "geometry": {"type": "Polygon", "coordinates": [[[120.07153467926753, 31.170828572612688], [120.07153467926753, 31.16970650903959], [120.07200867864732, 31.16970650903959], [120.07200867864732, 31.17026754082614], [120.07248267802711, 31.17026754082614], [120.07248267802711, 31.170828572612688], [120.07153467926753, 31.170828572612688]]]}}, {"type": "Feature", "properties": {"threshold_ug_l": 20.0, "area_km2_approx": 0.434}, "geometry": {"type": "Polygon", "coordinates": [[[120.23885646033399, 31.17699992226474], [120.23885646033399, 31.17643889047819], [120.23933045971378, 31.17643889047819], [120.23933045971378, 31.174755795118543], [120.2383824609542, 31.174755795118543], [120.2383824609542, 31.17363373154544], [120.2379084615744, 31.17363373154544], [120.2379084615744, 31.17419476333199], [120.23743446219461, 31.17419476333199], [120.23743446219461, 31.174755795118543], [120.23696046281482, 31.174755795118543], [120.23696046281482, 31.17419476333199], [120.23648646343503, 31.17419476333199], [120.23648646343503, 31.174755795118543], [120.23601246405524, 31.174755795118543], [120.23601246405524, 31.17363373154544], [120.23553846467544, 31.17363373154544], [120.23553846467544, 31.17419476333199], [120.23506446529565, 31.17419476333199], [120.23506446529565, 31.174755795118543], [120.23411646653607, 31.174755795118543], [120.23411646653607, 31.17307269975889], [120.23459046591586, 31.17307269975889], [120.23459046591586, 31.17251166797234], [120.23411646653607, 31.17251166797234], [120.23411646653607, 31.17195063618579], [120.23459046591586, 31.17195063618579], [120.23459046591586, 31.17138960439924], [120.23316846777648, 31.17138960439924], [120.23316846777648, 31.16970650903959], [120.23411646653607, 31.16970650903959], [120.23411646653607, 31.16914547725304], [120.23648646343503, 31.16914547725304], [120.23648646343503, 31.16970650903959], [120.2379084615744, 31.16970650903959], [120.2379084615744, 31.17026754082614], [120.23885646033399, 31.17026754082614], [120.23885646033399, 31.17195063618579], [120.23933045971378, 31.17195063618579], [120.23933045971378, 31.17251166797234], [120.23885646033399, 31.17251166797234], [120.23885646033399, 31.17307269975889], [120.23980445909356, 31.17307269975889], [120.23980445909356, 31.17363373154544], [120.24027845847336, 31.17363373154544], [120.24027845847336, 31.17307269975889], [120.2440704535117, 31.17307269975889], [120.2440704535117, 31.17419476333199], [120.2435964541319, 31.17419476333199], [120.2435964541319, 31.175316826905092], [120.24312245475211, 31.175316826905092], [120.24312245475211, 31.17643889047819], [120.24217445599253, 31.17643889047819], [120.24217445599253, 31.17699992226474], [120.24170045661273, 31.17699992226474], [120.24170045661273, 31.17643889047819], [120.23980445909356, 31.17643889047819], [120.23980445909356, 31.17699992226474], [120.23885646033399, 31.17699992226474]], [[120.23648646343503, 31.17363373154544], [120.23743446219461, 31.17363373154544], [120.23743446219461, 31.17251166797234], [120.23696046281482, 31.17251166797234], [120.23696046281482, 31.17307269975889], [120.23648646343503, 31.17307269975889], [120.23648646343503, 31.17363373154544]], [[120.23553846467544, 31.17251166797234], [120.23601246405524, 31.17251166797234], [120.23601246405524, 31.17138960439924], [120.23553846467544, 31.17138960439924], [120.23553846467544, 31.17251166797234]]]}}, {"type": "Feature", "properties": {"threshold_ug_l": 20.0, "area_km2_approx": 0.003}, "geometry": {"type": "Polygon", "coordinates": [[[120.29668438466857, 31.16970650903959], [120.29668438466857, 31.16914547725304], [120.29715838404836, 31.16914547725304], [120.29715838404836, 31.16970650903959], [120.29668438466857, 31.16970650903959]]]}}, {"type": "Feature", "properties": {"threshold_ug_l": 20.0, "area_km2_approx": 0.02}, "geometry": {"type": "Polygon", "coordinates": [[[120.28530839955357, 31.16970650903959], [120.28530839955357, 31.16914547725304], [120.28483440017378, 31.16914547725304], [120.28483440017378, 31.166901350106837], [120.28530839955357, 31.166901350106837], [120.28530839955357, 31.16746238189339], [120.28578239893336, 31.16746238189339], [120.28578239893336, 31.16802341367994], [120.28530839955357, 31.16802341367994], [120.28530839955357, 31.16858444546649], [120.28578239893336, 31.16858444546649], [120.28578239893336, 31.16970650903959], [120.28530839955357, 31.16970650903959]]]}}, {"type": "Feature", "properties": {"threshold_ug_l": 20.0, "area_km2_approx": 0.003}, "geometry": {"type": "Polygon", "coordinates": [[[120.26919242064065, 31.166901350106837], [120.26919242064065, 31.166340318320287], [120.26966642002044, 31.166340318320287], [120.26966642002044, 31.166901350106837], [120.26919242064065, 31.166901350106837]]]}}, {"type": "Feature", "properties": {"threshold_ug_l": 20.0, "area_km2_approx": 0.006}, "geometry": {"type": "Polygon", "coordinates": [[[119.91701088145545, 31.166901350106837], [119.91701088145545, 31.165779286533738], [119.91748488083525, 31.165779286533738], [119.91748488083525, 31.166901350106837], [119.91701088145545, 31.166901350106837]]]}}, {"type": "Feature", "properties": {"threshold_ug_l": 20.0, "area_km2_approx": 0.003}, "geometry": {"type": "Polygon", "coordinates": [[[119.94213284858441, 31.166340318320287], [119.94213284858441, 31.165779286533738], [119.9426068479642, 31.165779286533738], [119.9426068479642, 31.166340318320287], [119.94213284858441, 31.166340318320287]]]}}, {"type": "Feature", "properties": {"threshold_ug_l": 20.0, "area_km2_approx": 0.003}, "geometry": {"type": "Polygon", "coordinates": [[[120.28436040079399, 31.166340318320287], [120.28436040079399, 31.165779286533738], [120.28483440017378, 31.165779286533738], [120.28483440017378, 31.166340318320287], [120.28436040079399, 31.166340318320287]]]}}, {"type": "Feature", "properties": {"threshold_ug_l": 20.0, "area_km2_approx": 0.006}, "geometry": {"type": "Polygon", "coordinates": [[[119.91606288269587, 31.166340318320287], [119.91606288269587, 31.165218254747188], [119.91653688207566, 31.165218254747188], [119.91653688207566, 31.166340318320287], [119.91606288269587, 31.166340318320287]]]}}, {"type": "Feature", "properties": {"threshold_ug_l": 20.0, "area_km2_approx": 0.02}, "geometry": {"type": "Polygon", "coordinates": [[[120.28199040389502, 31.165779286533738], [120.28199040389502, 31.165218254747188], [120.28246440327482, 31.165218254747188], [120.28246440327482, 31.16409619117409], [120.28293840265461, 31.16409619117409], [120.28293840265461, 31.163535159387536], [120.2834124020344, 31.163535159387536], [120.2834124020344, 31.165218254747188], [120.28293840265461, 31.165218254747188], [120.28293840265461, 31.165779286533738], [120.28199040389502, 31.165779286533738]]]}}, {"type": "Feature", "properties": {"threshold_ug_l": 20.0, "area_km2_approx": 0.003}, "geometry": {"type": "Polygon", "coordinates": [[[119.98621479090504, 31.163535159387536], [119.98621479090504, 31.162974127600986], [119.98668879028483, 31.162974127600986], [119.98668879028483, 31.163535159387536], [119.98621479090504, 31.163535159387536]]]}}, {"type": "Feature", "properties": {"threshold_ug_l": 20.0, "area_km2_approx": 0.02}, "geometry": {"type": "Polygon", "coordinates": [[[119.93928885230567, 31.16409619117409], [119.93928885230567, 31.163535159387536], [119.93976285168546, 31.163535159387536], [119.93976285168546, 31.162974127600986], [119.94023685106525, 31.162974127600986], [119.94023685106525, 31.162413095814436], [119.94165884920463, 31.162413095814436], [119.94165884920463, 31.162974127600986], [119.94118484982484, 31.162974127600986], [119.94118484982484, 31.163535159387536], [119.93976285168546, 31.163535159387536], [119.93976285168546, 31.16409619117409], [119.93928885230567, 31.16409619117409]]]}}, {"type": "Feature", "properties": {"threshold_ug_l": 20.0, "area_km2_approx": 0.006}, "geometry": {"type": "Polygon", "coordinates": [[[119.91795888021504, 31.162974127600986], [119.91795888021504, 31.162413095814436], [119.91843287959483, 31.162413095814436], [119.91843287959483, 31.161852064027887], [119.91890687897462, 31.161852064027887], [119.91890687897462, 31.162413095814436], [119.91843287959483, 31.162413095814436], [119.91843287959483, 31.162974127600986], [119.91795888021504, 31.162974127600986]]]}}, {"type": "Feature", "properties": {"threshold_ug_l": 20.0, "area_km2_approx": 0.003}, "geometry": {"type": "Polygon", "coordinates": [[[120.00659676423608, 31.161852064027887], [120.00659676423608, 31.161291032241337], [120.00707076361587, 31.161291032241337], [120.00707076361587, 31.161852064027887], [120.00659676423608, 31.161852064027887]]]}}, {"type": "Feature", "properties": {"threshold_ug_l": 20.0, "area_km2_approx": 0.017}, "geometry": {"type": "Polygon", "coordinates": [[[120.04167271834066, 31.161852064027887], [120.04167271834066, 31.160168968668238], [120.04214671772046, 31.160168968668238], [120.04214671772046, 31.160730000454787], [120.04309471648004, 31.160730000454787], [120.04309471648004, 31.161291032241337], [120.04262071710025, 31.161291032241337], [120.04262071710025, 31.161852064027887], [120.04167271834066, 31.161852064027887]]]}}, {"type": "Feature", "properties": {"threshold_ug_l": 20.0, "area_km2_approx": 0.003}, "geometry": {"type": "Polygon", "coordinates": [[[120.28056840575564, 31.160730000454787], [120.28056840575564, 31.160168968668238], [120.28104240513544, 31.160168968668238], [120.28104240513544, 31.160730000454787], [120.28056840575564, 31.160730000454787]]]}}, {"type": "Feature", "properties": {"threshold_ug_l": 20.0, "area_km2_approx": 0.101}, "geometry": {"type": "Polygon", "coordinates": [[[119.93597085664712, 31.162974127600986], [119.93597085664712, 31.161291032241337], [119.93502285788753, 31.161291032241337], [119.93502285788753, 31.160168968668238], [119.93644485602691, 31.160168968668238], [119.93644485602691, 31.159607936881685], [119.93786685416629, 31.159607936881685], [119.93786685416629, 31.159046905095135], [119.94023685106525, 31.159046905095135], [119.94023685106525, 31.159607936881685], [119.94071085044504, 31.159607936881685], [119.94071085044504, 31.160730000454787], [119.93786685416629, 31.160730000454787], [119.93786685416629, 31.161291032241337], [119.9369188554067, 31.161291032241337], [119.9369188554067, 31.161852064027887], [119.93644485602691, 31.161852064027887], [119.93644485602691, 31.162974127600986], [119.93597085664712, 31.162974127600986]]]}}, {"type": "Feature", "properties": {"threshold_ug_l": 20.0, "area_km2_approx": 0.003}, "geometry": {"type": "Polygon", "coordinates": [[[119.94213284858441, 31.159607936881685], [119.94213284858441, 31.159046905095135], [119.9426068479642, 31.159046905095135], [119.9426068479642, 31.159607936881685], [119.94213284858441, 31.159607936881685]]]}}, {"type": "Feature", "properties": {"threshold_ug_l": 20.0, "area_km2_approx": 0.003}, "geometry": {"type": "Polygon", "coordinates": [[[120.28483440017378, 31.159046905095135], [120.28483440017378, 31.158485873308585], [120.28530839955357, 31.158485873308585], [120.28530839955357, 31.159046905095135], [120.28483440017378, 31.159046905095135]]]}}, {"type": "Feature", "properties": {"threshold_ug_l": 20.0, "area_km2_approx": 0.003}, "geometry": {"type": "Polygon", "coordinates": [[[120.28720439707273, 31.158485873308585], [120.28720439707273, 31.157924841522036], [120.28767839645252, 31.157924841522036], [120.28767839645252, 31.158485873308585], [120.28720439707273, 31.158485873308585]]]}}, {"type": "Feature", "properties": {"threshold_ug_l": 20.0, "area_km2_approx": 0.003}, "geometry": {"type": "Polygon", "coordinates": [[[120.2886263952121, 31.158485873308585], [120.2886263952121, 31.157924841522036], [120.2891003945919, 31.157924841522036], [120.2891003945919, 31.158485873308585], [120.2886263952121, 31.158485873308585]]]}}, {"type": "Feature", "properties": {"threshold_ug_l": 20.0, "area_km2_approx": 0.034}, "geometry": {"type": "Polygon", "coordinates": [[[119.95587883059837, 31.160168968668238], [119.95587883059837, 31.158485873308585], [119.95540483121857, 31.158485873308585], [119.95540483121857, 31.157924841522036], [119.95587883059837, 31.157924841522036], [119.95587883059837, 31.158485873308585], [119.95635282997816, 31.158485873308585], [119.95635282997816, 31.157363809735486], [119.95682682935795, 31.157363809735486], [119.95682682935795, 31.158485873308585], [119.95730082873774, 31.158485873308585], [119.95730082873774, 31.160168968668238], [119.95587883059837, 31.160168968668238]]]}}, {"type": "Feature", "properties": {"threshold_ug_l": 20.0, "area_km2_approx": 0.003}, "geometry": {"type": "Polygon", "coordinates": [[[120.0620546916717, 31.157924841522036], [120.0620546916717, 31.157363809735486], [120.0625286910515, 31.157363809735486], [120.0625286910515, 31.157924841522036], [120.0620546916717, 31.157924841522036]]]}}, {"type": "Feature", "properties": {"threshold_ug_l": 20.0, "area_km2_approx": 0.008}, "geometry": {"type": "Polygon", "coordinates": [[[120.06442468857065, 31.157924841522036], [120.06442468857065, 31.157363809735486], [120.06584668671003, 31.157363809735486], [120.06584668671003, 31.157924841522036], [120.06442468857065, 31.157924841522036]]]}}, {"type": "Feature", "properties": {"threshold_ug_l": 20.0, "area_km2_approx": 0.006}, "geometry": {"type": "Polygon", "coordinates": [[[120.27345841505878, 31.157924841522036], [120.27345841505878, 31.157363809735486], [120.27440641381835, 31.157363809735486], [120.27440641381835, 31.157924841522036], [120.27345841505878, 31.157924841522036]]]}}, {"type": "Feature", "properties": {"threshold_ug_l": 20.0, "area_km2_approx": 0.12}, "geometry": {"type": "Polygon", "coordinates": [[[119.98716278966462, 31.161852064027887], [119.98716278966462, 31.161291032241337], [119.98621479090504, 31.161291032241337], [119.98621479090504, 31.160730000454787], [119.98526679214545, 31.160730000454787], [119.98526679214545, 31.160168968668238], [119.98574079152525, 31.160168968668238], [119.98574079152525, 31.159607936881685], [119.98621479090504, 31.159607936881685], [119.98621479090504, 31.157924841522036], [119.98763678904442, 31.157924841522036], [119.98763678904442, 31.158485873308585], [119.988584787804, 31.158485873308585], [119.988584787804, 31.157924841522036], [119.98953278656357, 31.157924841522036], [119.98953278656357, 31.156802777948936], [119.99095478470295, 31.156802777948936], [119.99095478470295, 31.157363809735486], [119.99000678594336, 31.157363809735486], [119.99000678594336, 31.158485873308585], [119.98953278656357, 31.158485873308585], [119.98953278656357, 31.160168968668238], [119.988584787804, 31.160168968668238], [119.988584787804, 31.160730000454787], [119.98763678904442, 31.160730000454787], [119.98763678904442, 31.161852064027887], [119.98716278966462, 31.161852064027887]]]}}, {"type": "Feature", "properties": {"threshold_ug_l": 20.0, "area_km2_approx": 0.042}, "geometry": {"type": "Polygon", "coordinates": [[[120.24738844917023, 31.160168968668238], [120.24738844917023, 31.159607936881685], [120.24786244855002, 31.159607936881685], [120.24786244855002, 31.159046905095135], [120.24738844917023, 31.159046905095135], [120.24738844917023, 31.158485873308585], [120.24691444979044, 31.158485873308585], [120.24691444979044, 31.157363809735486], [120.24786244855002, 31.157363809735486], [120.24786244855002, 31.156802777948936], [120.24881044730961, 31.156802777948936], [120.24881044730961, 31.157363809735486], [120.2492844466894, 31.157363809735486], [120.2492844466894, 31.157924841522036], [120.24833644792982, 31.157924841522036], [120.24833644792982, 31.160168968668238], [120.24738844917023, 31.160168968668238]]]}}, {"type": "Feature", "properties": {"threshold_ug_l": 20.0, "area_km2_approx": 0.003}, "geometry": {"type": "Polygon", "coordinates": [[[119.95398283307921, 31.157363809735486], [119.95398283307921, 31.156802777948936], [119.954456832459, 31.156802777948936], [119.954456832459, 31.157363809735486], [119.95398283307921, 31.157363809735486]]]}}, {"type": "Feature", "properties": {"threshold_ug_l": 20.0, "area_km2_approx": 0.003}, "geometry": {"type": "Polygon", "coordinates": [[[120.29668438466857, 31.156802777948936], [120.29668438466857, 31.156241746162387], [120.29715838404836, 31.156241746162387], [120.29715838404836, 31.156802777948936], [120.29668438466857, 31.156802777948936]]]}}, {"type": "Feature", "properties": {"threshold_ug_l": 20.0, "area_km2_approx": 0.011}, "geometry": {"type": "Polygon", "coordinates": [[[120.18813852669628, 31.157363809735486], [120.18813852669628, 31.156802777948936], [120.18766452731649, 31.156802777948936], [120.18766452731649, 31.155680714375833], [120.18813852669628, 31.155680714375833], [120.18813852669628, 31.156241746162387], [120.18861252607607, 31.156241746162387], [120.18861252607607, 31.157363809735486], [120.18813852669628, 31.157363809735486]]]}}, {"type": "Feature", "properties": {"threshold_ug_l": 20.0, "area_km2_approx": 0.006}, "geometry": {"type": "Polygon", "coordinates": [[[119.99190278346254, 31.156802777948936], [119.99190278346254, 31.156241746162387], [119.99142878408274, 31.156241746162387], [119.99142878408274, 31.155680714375833], [119.99190278346254, 31.155680714375833], [119.99190278346254, 31.156241746162387], [119.99237678284233, 31.156241746162387], [119.99237678284233, 31.156802777948936], [119.99190278346254, 31.156802777948936]]]}}, {"type": "Feature", "properties": {"threshold_ug_l": 20.0, "area_km2_approx": 0.006}, "geometry": {"type": "Polygon", "coordinates": [[[120.14784857941399, 31.155680714375833], [120.14784857941399, 31.155119682589284], [120.1473745800342, 31.155119682589284], [120.1473745800342, 31.154558650802734], [120.14784857941399, 31.154558650802734], [120.14784857941399, 31.155119682589284], [120.14832257879378, 31.155119682589284], [120.14832257879378, 31.155680714375833], [120.14784857941399, 31.155680714375833]]]}}, {"type": "Feature", "properties": {"threshold_ug_l": 20.0, "area_km2_approx": 0.048}, "geometry": {"type": "Polygon", "coordinates": [[[120.15732856700983, 31.156241746162387], [120.15732856700983, 31.155680714375833], [120.15543256949066, 31.155680714375833], [120.15543256949066, 31.155119682589284], [120.15685456763003, 31.155119682589284], [120.15685456763003, 31.154558650802734], [120.15827656576941, 31.154558650802734], [120.15827656576941, 31.155119682589284], [120.15922456452898, 31.155119682589284], [120.15922456452898, 31.154558650802734], [120.15969856390878, 31.154558650802734], [120.15969856390878, 31.155680714375833], [120.15922456452898, 31.155680714375833], [120.15922456452898, 31.156241746162387], [120.15732856700983, 31.156241746162387]]]}}, {"type": "Feature", "properties": {"threshold_ug_l": 20.0, "area_km2_approx": 0.003}, "geometry": {"type": "Polygon", "coordinates": [[[120.13268059926065, 31.155119682589284], [120.13268059926065, 31.154558650802734], [120.13315459864044, 31.154558650802734], [120.13315459864044, 31.155119682589284], [120.13268059926065, 31.155119682589284]]]}}, {"type": "Feature", "properties": {"threshold_ug_l": 20.0, "area_km2_approx": 0.011}, "geometry": {"type": "Polygon", "coordinates": [[[119.95161283618025, 31.155680714375833], [119.95161283618025, 31.155119682589284], [119.95066483742066, 31.155119682589284], [119.95066483742066, 31.154558650802734], [119.95113883680045, 31.154558650802734], [119.95113883680045, 31.153997619016184], [119.95161283618025, 31.153997619016184], [119.95161283618025, 31.155119682589284], [119.95208683556004, 31.155119682589284], [119.95208683556004, 31.155680714375833], [119.95161283618025, 31.155680714375833]]]}}, {"type": "Feature", "properties": {"threshold_ug_l": 20.0, "area_km2_approx": 0.003}, "geometry": {"type": "Polygon", "coordinates": [[[120.30189837784627, 31.153436587229635], [120.30189837784627, 31.152875555443085], [120.30237237722606, 31.152875555443085], [120.30237237722606, 31.153436587229635], [120.30189837784627, 31.153436587229635]]]}}, {"type": "Feature", "properties": {"threshold_ug_l": 20.0, "area_km2_approx": 0.115}, "geometry": {"type": "Polygon", "coordinates": [[[120.26303042870336, 31.155119682589284], [120.26303042870336, 31.153997619016184], [120.26255642932357, 31.153997619016184], [120.26255642932357, 31.153436587229635], [120.26208242994377, 31.153436587229635], [120.26208242994377, 31.152875555443085], [120.26255642932357, 31.152875555443085], [120.26255642932357, 31.151753491869982], [120.26634842436191, 31.151753491869982], [120.26634842436191, 31.152314523656536], [120.2668224237417, 31.152314523656536], [120.2668224237417, 31.152875555443085], [120.26729642312148, 31.152875555443085], [120.26729642312148, 31.153997619016184], [120.26540042560232, 31.153997619016184], [120.26540042560232, 31.154558650802734], [120.26492642622253, 31.154558650802734], [120.26492642622253, 31.153997619016184], [120.26350442808315, 31.153997619016184], [120.26350442808315, 31.155119682589284], [120.26303042870336, 31.155119682589284]]]}}, {"type": "Feature", "properties": {"threshold_ug_l": 20.0, "area_km2_approx": 0.011}, "geometry": {"type": "Polygon", "coordinates": [[[120.22321448080086, 31.152875555443085], [120.22321448080086, 31.152314523656536], [120.22274048142107, 31.152314523656536], [120.22274048142107, 31.151753491869982], [120.22416247956045, 31.151753491869982], [120.22416247956045, 31.152314523656536], [120.22368848018066, 31.152314523656536], [120.22368848018066, 31.152875555443085], [120.22321448080086, 31.152875555443085]]]}}, {"type": "Feature", "properties": {"threshold_ug_l": 20.0, "area_km2_approx": 0.073}, "geometry": {"type": "Polygon", "coordinates": [[[120.23316846777648, 31.154558650802734], [120.23316846777648, 31.152314523656536], [120.23364246715627, 31.152314523656536], [120.23364246715627, 31.151753491869982], [120.23411646653607, 31.151753491869982], [120.23411646653607, 31.151192460083433], [120.23506446529565, 31.151192460083433], [120.23506446529565, 31.151753491869982], [120.23553846467544, 31.151753491869982], [120.23553846467544, 31.152875555443085], [120.23648646343503, 31.152875555443085], [120.23648646343503, 31.153436587229635], [120.23601246405524, 31.153436587229635], [120.23601246405524, 31.153997619016184], [120.23411646653607, 31.153997619016184], [120.23411646653607, 31.154558650802734], [120.23316846777648, 31.154558650802734]]]}}, {"type": "Feature", "properties": {"threshold_ug_l": 20.0, "area_km2_approx": 0.017}, "geometry": {"type": "Polygon", "coordinates": [[[119.95113883680045, 31.152875555443085], [119.95113883680045, 31.152314523656536], [119.95161283618025, 31.152314523656536], [119.95161283618025, 31.151192460083433], [119.95208683556004, 31.151192460083433], [119.95208683556004, 31.152314523656536], [119.95303483431962, 31.152314523656536], [119.95303483431962, 31.152875555443085], [119.95113883680045, 31.152875555443085]]]}}, {"type": "Feature", "properties": {"threshold_ug_l": 20.0, "area_km2_approx": 0.003}, "geometry": {"type": "Polygon", "coordinates": [[[120.23696046281482, 31.151753491869982], [120.23696046281482, 31.151192460083433], [120.23743446219461, 31.151192460083433], [120.23743446219461, 31.151753491869982], [120.23696046281482, 31.151753491869982]]]}}, {"type": "Feature", "properties": {"threshold_ug_l": 20.0, "area_km2_approx": 0.042}, "geometry": {"type": "Polygon", "coordinates": [[[119.98716278966462, 31.153436587229635], [119.98716278966462, 31.152875555443085], [119.98668879028483, 31.152875555443085], [119.98668879028483, 31.152314523656536], [119.98574079152525, 31.152314523656536], [119.98574079152525, 31.151192460083433], [119.98621479090504, 31.151192460083433], [119.98621479090504, 31.150631428296883], [119.98716278966462, 31.150631428296883], [119.98716278966462, 31.151192460083433], [119.988584787804, 31.151192460083433], [119.988584787804, 31.151753491869982], [119.98763678904442, 31.151753491869982], [119.98763678904442, 31.153436587229635], [119.98716278966462, 31.153436587229635]]]}}, {"type": "Feature", "properties": {"threshold_ug_l": 20.0, "area_km2_approx": 0.003}, "geometry": {"type": "Polygon", "coordinates": [[[120.26303042870336, 31.151192460083433], [120.26303042870336, 31.150631428296883], [120.26350442808315, 31.150631428296883], [120.26350442808315, 31.151192460083433], [120.26303042870336, 31.151192460083433]]]}}, {"type": "Feature", "properties": {"threshold_ug_l": 20.0, "area_km2_approx": 0.025}, "geometry": {"type": "Polygon", "coordinates": [[[119.95587883059837, 31.152314523656536], [119.95587883059837, 31.151753491869982], [119.95635282997816, 31.151753491869982], [119.95635282997816, 31.151192460083433], [119.95587883059837, 31.151192460083433], [119.95587883059837, 31.150631428296883], [119.95540483121857, 31.150631428296883], [119.95540483121857, 31.150070396510333], [119.95635282997816, 31.150070396510333], [119.95635282997816, 31.150631428296883], [119.95682682935795, 31.150631428296883], [119.95682682935795, 31.151192460083433], [119.95730082873774, 31.151192460083433], [119.95730082873774, 31.152314523656536], [119.95587883059837, 31.152314523656536]]]}}, {"type": "Feature", "properties": {"threshold_ug_l": 20.0, "area_km2_approx": 0.003}, "geometry": {"type": "Polygon", "coordinates": [[[119.94023685106525, 31.150631428296883], [119.94023685106525, 31.150070396510333], [119.94071085044504, 31.150070396510333], [119.94071085044504, 31.150631428296883], [119.94023685106525, 31.150631428296883]]]}}, {"type": "Feature", "properties": {"threshold_ug_l": 20.0, "area_km2_approx": 0.003}, "geometry": {"type": "Polygon", "coordinates": [[[120.13694659367879, 31.150631428296883], [120.13694659367879, 31.150070396510333], [120.13742059305858, 31.150070396510333], [120.13742059305858, 31.150631428296883], [120.13694659367879, 31.150631428296883]]]}}, {"type": "Feature", "properties": {"threshold_ug_l": 20.0, "area_km2_approx": 0.05}, "geometry": {"type": "Polygon", "coordinates": [[[119.92980886470983, 31.151753491869982], [119.92980886470983, 31.151192460083433], [119.93075686346941, 31.151192460083433], [119.93075686346941, 31.150631428296883], [119.9312308628492, 31.150631428296883], [119.9312308628492, 31.150070396510333], [119.931704862229, 31.150070396510333], [119.931704862229, 31.149509364723784], [119.93217886160879, 31.149509364723784], [119.93217886160879, 31.148948332937234], [119.93265286098858, 31.148948332937234], [119.93265286098858, 31.149509364723784], [119.93312686036838, 31.149509364723784], [119.93312686036838, 31.150631428296883], [119.93265286098858, 31.150631428296883], [119.93265286098858, 31.151753491869982], [119.92980886470983, 31.151753491869982]]]}}, {"type": "Feature", "properties": {"threshold_ug_l": 20.0, "area_km2_approx": 0.034}, "geometry": {"type": "Polygon", "coordinates": [[[119.95350883369942, 31.151192460083433], [119.95350883369942, 31.150631428296883], [119.95256083493983, 31.150631428296883], [119.95256083493983, 31.150070396510333], [119.95303483431962, 31.150070396510333], [119.95303483431962, 31.148948332937234], [119.954456832459, 31.148948332937234], [119.954456832459, 31.150070396510333], [119.9549308318388, 31.150070396510333], [119.9549308318388, 31.150631428296883], [119.95398283307921, 31.150631428296883], [119.95398283307921, 31.151192460083433], [119.95350883369942, 31.151192460083433]]]}}, {"type": "Feature", "properties": {"threshold_ug_l": 20.0, "area_km2_approx": 0.011}, "geometry": {"type": "Polygon", "coordinates": [[[119.93312686036838, 31.148948332937234], [119.93312686036838, 31.14838730115068], [119.93360085974817, 31.14838730115068], [119.93360085974817, 31.14782626936413], [119.93454885850775, 31.14782626936413], [119.93454885850775, 31.14838730115068], [119.93407485912796, 31.14838730115068], [119.93407485912796, 31.148948332937234], [119.93312686036838, 31.148948332937234]]]}}, {"type": "Feature", "properties": {"threshold_ug_l": 20.0, "area_km2_approx": 0.003}, "geometry": {"type": "Polygon", "coordinates": [[[120.17818453972066, 31.14726523757758], [120.17818453972066, 31.146704205791032], [120.17865853910045, 31.146704205791032], [120.17865853910045, 31.14726523757758], [120.17818453972066, 31.14726523757758]]]}}, {"type": "Feature", "properties": {"threshold_ug_l": 20.0, "area_km2_approx": 0.003}, "geometry": {"type": "Polygon", "coordinates": [[[119.93502285788753, 31.146704205791032], [119.93502285788753, 31.146143174004482], [119.93549685726732, 31.146143174004482], [119.93549685726732, 31.146704205791032], [119.93502285788753, 31.146704205791032]]]}}, {"type": "Feature", "properties": {"threshold_ug_l": 20.0, "area_km2_approx": 0.003}, "geometry": {"type": "Polygon", "coordinates": [[[120.2601864324246, 31.146704205791032], [120.2601864324246, 31.146143174004482], [120.2606604318044, 31.146143174004482], [120.2606604318044, 31.146704205791032], [120.2601864324246, 31.146704205791032]]]}}, {"type": "Feature", "properties": {"threshold_ug_l": 20.0, "area_km2_approx": 0.003}, "geometry": {"type": "Polygon", "coordinates": [[[119.93597085664712, 31.145582142217933], [119.93597085664712, 31.145021110431383], [119.93644485602691, 31.145021110431383], [119.93644485602691, 31.145582142217933], [119.93597085664712, 31.145582142217933]]]}}, {"type": "Feature", "properties": {"threshold_ug_l": 20.0, "area_km2_approx": 0.011}, "geometry": {"type": "Polygon", "coordinates": [[[120.25876443428524, 31.146143174004482], [120.25876443428524, 31.145021110431383], [120.25829043490545, 31.145021110431383], [120.25829043490545, 31.14446007864483], [120.25876443428524, 31.14446007864483], [120.25876443428524, 31.145021110431383], [120.25923843366503, 31.145021110431383], [120.25923843366503, 31.145582142217933], [120.25971243304483, 31.145582142217933], [120.25971243304483, 31.146143174004482], [120.25876443428524, 31.146143174004482]]]}}, {"type": "Feature", "properties": {"threshold_ug_l": 20.0, "area_km2_approx": 0.003}, "geometry": {"type": "Polygon", "coordinates": [[[120.24881044730961, 31.14446007864483], [120.24881044730961, 31.14389904685828], [120.2492844466894, 31.14389904685828], [120.2492844466894, 31.14446007864483], [120.24881044730961, 31.14446007864483]]]}}, {"type": "Feature", "properties": {"threshold_ug_l": 20.0, "area_km2_approx": 0.006}, "geometry": {"type": "Polygon", "coordinates": [[[119.93597085664712, 31.14446007864483], [119.93597085664712, 31.14333801507173], [119.93644485602691, 31.14333801507173], [119.93644485602691, 31.14446007864483], [119.93597085664712, 31.14446007864483]]]}}, {"type": "Feature", "properties": {"threshold_ug_l": 20.0, "area_km2_approx": 0.12}, "geometry": {"type": "Polygon", "coordinates": [[[119.98194879648692, 31.14446007864483], [119.98194879648692, 31.14389904685828], [119.98147479710713, 31.14389904685828], [119.98147479710713, 31.14333801507173], [119.98100079772733, 31.14333801507173], [119.98100079772733, 31.14277698328518], [119.98194879648692, 31.14277698328518], [119.98194879648692, 31.14221595149863], [119.98147479710713, 31.14221595149863], [119.98147479710713, 31.14165491971208], [119.98431879338587, 31.14165491971208], [119.98431879338587, 31.14221595149863], [119.98574079152525, 31.14221595149863], [119.98574079152525, 31.14333801507173], [119.98668879028483, 31.14333801507173], [119.98668879028483, 31.14277698328518], [119.98763678904442, 31.14277698328518], [119.98763678904442, 31.14333801507173], [119.98716278966462, 31.14333801507173], [119.98716278966462, 31.14446007864483], [119.98574079152525, 31.14446007864483], [119.98574079152525, 31.14389904685828], [119.98289679524649, 31.14389904685828], [119.98289679524649, 31.14446007864483], [119.98194879648692, 31.14446007864483]]]}}, {"type": "Feature", "properties": {"threshold_ug_l": 20.0, "area_km2_approx": 0.02}, "geometry": {"type": "Polygon", "coordinates": [[[119.94829484052171, 31.14333801507173], [119.94829484052171, 31.14165491971208], [119.94971683866108, 31.14165491971208], [119.94971683866108, 31.14277698328518], [119.94876883990149, 31.14277698328518], [119.94876883990149, 31.14333801507173], [119.94829484052171, 31.14333801507173]]]}}, {"type": "Feature", "properties": {"threshold_ug_l": 20.0, "area_km2_approx": 0.003}, "geometry": {"type": "Polygon", "coordinates": [[[120.11514262220837, 31.14221595149863], [120.11514262220837, 31.14165491971208], [120.11561662158816, 31.14165491971208], [120.11561662158816, 31.14221595149863], [120.11514262220837, 31.14221595149863]]]}}, {"type": "Feature", "properties": {"threshold_ug_l": 20.0, "area_km2_approx": 0.017}, "geometry": {"type": "Polygon", "coordinates": [[[119.96630681695379, 31.14277698328518], [119.96630681695379, 31.14221595149863], [119.9653588181942, 31.14221595149863], [119.9653588181942, 31.14109388792553], [119.965832817574, 31.14109388792553], [119.965832817574, 31.14165491971208], [119.96725481571337, 31.14165491971208], [119.96725481571337, 31.14221595149863], [119.96678081633358, 31.14221595149863], [119.96678081633358, 31.14277698328518], [119.96630681695379, 31.14277698328518]]]}}, {"type": "Feature", "properties": {"threshold_ug_l": 20.0, "area_km2_approx": 0.003}, "geometry": {"type": "Polygon", "coordinates": [[[119.95587883059837, 31.14165491971208], [119.95587883059837, 31.14109388792553], [119.95635282997816, 31.14109388792553], [119.95635282997816, 31.14165491971208], [119.95587883059837, 31.14165491971208]]]}}, {"type": "Feature", "properties": {"threshold_ug_l": 20.0, "area_km2_approx": 0.048}, "geometry": {"type": "Polygon", "coordinates": [[[119.94545084424296, 31.14333801507173], [119.94545084424296, 31.14053285613898], [119.94592484362275, 31.14053285613898], [119.94592484362275, 31.14109388792553], [119.94782084114192, 31.14109388792553], [119.94782084114192, 31.14221595149863], [119.94734684176213, 31.14221595149863], [119.94734684176213, 31.14277698328518], [119.94639884300254, 31.14277698328518], [119.94639884300254, 31.14333801507173], [119.94545084424296, 31.14333801507173]]]}}, {"type": "Feature", "properties": {"threshold_ug_l": 20.0, "area_km2_approx": 0.017}, "geometry": {"type": "Polygon", "coordinates": [[[120.11372062406899, 31.14221595149863], [120.11372062406899, 31.14165491971208], [120.1132466246892, 31.14165491971208], [120.1132466246892, 31.14109388792553], [120.11419462344878, 31.14109388792553], [120.11419462344878, 31.14053285613898], [120.11466862282857, 31.14053285613898], [120.11466862282857, 31.14221595149863], [120.11372062406899, 31.14221595149863]]]}}, {"type": "Feature", "properties": {"threshold_ug_l": 20.0, "area_km2_approx": 0.048}, "geometry": {"type": "Polygon", "coordinates": [[[120.11703861972754, 31.14277698328518], [120.11703861972754, 31.14221595149863], [120.11609062096795, 31.14221595149863], [120.11609062096795, 31.14109388792553], [120.11703861972754, 31.14109388792553], [120.11703861972754, 31.14053285613898], [120.1184606178669, 31.14053285613898], [120.1184606178669, 31.14109388792553], [120.1189346172467, 31.14109388792553], [120.1189346172467, 31.14165491971208], [120.1184606178669, 31.14165491971208], [120.1184606178669, 31.14277698328518], [120.11703861972754, 31.14277698328518]]]}}, {"type": "Feature", "properties": {"threshold_ug_l": 20.0, "area_km2_approx": 0.006}, "geometry": {"type": "Polygon", "coordinates": [[[120.2037805062294, 31.14165491971208], [120.2037805062294, 31.14053285613898], [120.2042545056092, 31.14053285613898], [120.2042545056092, 31.14165491971208], [120.2037805062294, 31.14165491971208]]]}}, {"type": "Feature", "properties": {"threshold_ug_l": 20.0, "area_km2_approx": 0.003}, "geometry": {"type": "Polygon", "coordinates": [[[119.94876883990149, 31.14109388792553], [119.94876883990149, 31.14053285613898], [119.94924283928128, 31.14053285613898], [119.94924283928128, 31.14109388792553], [119.94876883990149, 31.14109388792553]]]}}, {"type": "Feature", "properties": {"threshold_ug_l": 20.0, "area_km2_approx": 0.003}, "geometry": {"type": "Polygon", "coordinates": [[[120.18292453351857, 31.14109388792553], [120.18292453351857, 31.14053285613898], [120.18339853289837, 31.14053285613898], [120.18339853289837, 31.14109388792553], [120.18292453351857, 31.14109388792553]]]}}, {"type": "Feature", "properties": {"threshold_ug_l": 20.0, "area_km2_approx": 0.003}, "geometry": {"type": "Polygon", "coordinates": [[[119.94782084114192, 31.14053285613898], [119.94782084114192, 31.13997182435243], [119.94829484052171, 31.13997182435243], [119.94829484052171, 31.14053285613898], [119.94782084114192, 31.14053285613898]]]}}, {"type": "Feature", "properties": {"threshold_ug_l": 20.0, "area_km2_approx": 0.064}, "geometry": {"type": "Polygon", "coordinates": [[[119.93644485602691, 31.14277698328518], [119.93644485602691, 31.14053285613898], [119.9369188554067, 31.14053285613898], [119.9369188554067, 31.13941079256588], [119.93834085354608, 31.13941079256588], [119.93834085354608, 31.13997182435243], [119.93786685416629, 31.13997182435243], [119.93786685416629, 31.14053285613898], [119.93834085354608, 31.14053285613898], [119.93834085354608, 31.14165491971208], [119.93881485292587, 31.14165491971208], [119.93881485292587, 31.14221595149863], [119.93834085354608, 31.14221595149863], [119.93834085354608, 31.14277698328518], [119.93644485602691, 31.14277698328518]], [[119.9373928547865, 31.14109388792553], [119.93786685416629, 31.14109388792553], [119.93786685416629, 31.14053285613898], [119.9373928547865, 31.14053285613898], [119.9373928547865, 31.14109388792553]]]}}, {"type": "Feature", "properties": {"threshold_ug_l": 20.0, "area_km2_approx": 0.196}, "geometry": {"type": "Polygon", "coordinates": [[[120.06158069229191, 31.145021110431383], [120.06158069229191, 31.14333801507173], [120.06063269353233, 31.14333801507173], [120.06063269353233, 31.14109388792553], [120.06110669291212, 31.14109388792553], [120.06110669291212, 31.14165491971208], [120.06158069229191, 31.14165491971208], [120.06158069229191, 31.14053285613898], [120.06063269353233, 31.14053285613898], [120.06063269353233, 31.13941079256588], [120.06110669291212, 31.13941079256588], [120.06110669291212, 31.13884976077933], [120.06395068919086, 31.13884976077933], [120.06395068919086, 31.13997182435243], [120.06489868795045, 31.13997182435243], [120.06489868795045, 31.14109388792553], [120.06442468857065, 31.14109388792553], [120.06442468857065, 31.14165491971208], [120.06395068919086, 31.14165491971208], [120.06395068919086, 31.14277698328518], [120.06347668981108, 31.14277698328518], [120.06347668981108, 31.14389904685828], [120.06300269043129, 31.14389904685828], [120.06300269043129, 31.14446007864483], [120.0620546916717, 31.14446007864483], [120.0620546916717, 31.145021110431383], [120.06158069229191, 31.145021110431383]], [[120.06158069229191, 31.14277698328518], [120.0625286910515, 31.14277698328518], [120.0625286910515, 31.14221595149863], [120.06300269043129, 31.14221595149863], [120.06300269043129, 31.14165491971208], [120.06347668981108, 31.14165491971208], [120.06347668981108, 31.14109388792553], [120.0625286910515, 31.14109388792553], [120.0625286910515, 31.14165491971208], [120.0620546916717, 31.14165491971208], [120.0620546916717, 31.14221595149863], [120.06158069229191, 31.14221595149863], [120.06158069229191, 31.14277698328518]]]}}, {"type": "Feature", "properties": {"threshold_ug_l": 20.0, "area_km2_approx": 0.064}, "geometry": {"type": "Polygon", "coordinates": [[[120.16775655336524, 31.14333801507173], [120.16775655336524, 31.14277698328518], [120.16728255398544, 31.14277698328518], [120.16728255398544, 31.14221595149863], [120.16680855460565, 31.14221595149863], [120.16680855460565, 31.14165491971208], [120.16775655336524, 31.14165491971208], [120.16775655336524, 31.14109388792553], [120.16728255398544, 31.14109388792553], [120.16728255398544, 31.13997182435243], [120.16633455522586, 31.13997182435243], [120.16633455522586, 31.13941079256588], [120.16775655336524, 31.13941079256588], [120.16775655336524, 31.13884976077933], [120.16823055274503, 31.13884976077933], [120.16823055274503, 31.14053285613898], [120.16870455212482, 31.14053285613898], [120.16870455212482, 31.14165491971208], [120.16917855150461, 31.14165491971208], [120.16917855150461, 31.14277698328518], [120.16870455212482, 31.14277698328518], [120.16870455212482, 31.14333801507173], [120.16775655336524, 31.14333801507173]]]}}, {"type": "Feature", "properties": {"threshold_ug_l": 20.0, "area_km2_approx": 0.011}, "geometry": {"type": "Polygon", "coordinates": [[[120.18292453351857, 31.13884976077933], [120.18292453351857, 31.13828872899278], [120.18339853289837, 31.13828872899278], [120.18339853289837, 31.13772769720623], [120.18434653165795, 31.13772769720623], [120.18434653165795, 31.13828872899278], [120.18387253227816, 31.13828872899278], [120.18387253227816, 31.13884976077933], [120.18292453351857, 31.13884976077933]]]}}, {"type": "Feature", "properties": {"threshold_ug_l": 20.0, "area_km2_approx": 0.003}, "geometry": {"type": "Polygon", "coordinates": [[[119.94165884920463, 31.137166665419677], [119.94165884920463, 31.136605633633128], [119.94213284858441, 31.136605633633128], [119.94213284858441, 31.137166665419677], [119.94165884920463, 31.137166665419677]]]}}, {"type": "Feature", "properties": {"threshold_ug_l": 20.0, "area_km2_approx": 0.006}, "geometry": {"type": "Polygon", "coordinates": [[[120.18766452731649, 31.136044601846578], [120.18766452731649, 31.13548357006003], [120.18813852669628, 31.13548357006003], [120.18813852669628, 31.13492253827348], [120.18861252607607, 31.13492253827348], [120.18861252607607, 31.13548357006003], [120.18813852669628, 31.13548357006003], [120.18813852669628, 31.136044601846578], [120.18766452731649, 31.136044601846578]]]}}, {"type": "Feature", "properties": {"threshold_ug_l": 20.0, "area_km2_approx": 0.003}, "geometry": {"type": "Polygon", "coordinates": [[[119.98384479400607, 31.13548357006003], [119.98384479400607, 31.13492253827348], [119.98431879338587, 31.13492253827348], [119.98431879338587, 31.13548357006003], [119.98384479400607, 31.13548357006003]]]}}, {"type": "Feature", "properties": {"threshold_ug_l": 20.0, "area_km2_approx": 0.017}, "geometry": {"type": "Polygon", "coordinates": [[[120.23696046281482, 31.13492253827348], [120.23696046281482, 31.13436150648693], [120.23980445909356, 31.13436150648693], [120.23980445909356, 31.13492253827348], [120.23696046281482, 31.13492253827348]]]}}, {"type": "Feature", "properties": {"threshold_ug_l": 20.0, "area_km2_approx": 0.008}, "geometry": {"type": "Polygon", "coordinates": [[[120.24122645723294, 31.13548357006003], [120.24122645723294, 31.13492253827348], [120.24027845847336, 31.13492253827348], [120.24027845847336, 31.13436150648693], [120.24122645723294, 31.13436150648693], [120.24122645723294, 31.13492253827348], [120.24170045661273, 31.13492253827348], [120.24170045661273, 31.13548357006003], [120.24122645723294, 31.13548357006003]]]}}, {"type": "Feature", "properties": {"threshold_ug_l": 20.0, "area_km2_approx": 0.003}, "geometry": {"type": "Polygon", "coordinates": [[[120.17297054654294, 31.13436150648693], [120.17297054654294, 31.13380047470038], [120.17344454592273, 31.13380047470038], [120.17344454592273, 31.13436150648693], [120.17297054654294, 31.13436150648693]]]}}, {"type": "Feature", "properties": {"threshold_ug_l": 20.0, "area_km2_approx": 0.003}, "geometry": {"type": "Polygon", "coordinates": [[[119.97009881199212, 31.133239442913826], [119.97009881199212, 31.132678411127277], [119.97057281137191, 31.132678411127277], [119.97057281137191, 31.133239442913826], [119.97009881199212, 31.133239442913826]]]}}, {"type": "Feature", "properties": {"threshold_ug_l": 20.0, "area_km2_approx": 0.062}, "geometry": {"type": "Polygon", "coordinates": [[[119.97389080703046, 31.13436150648693], [119.97389080703046, 31.13380047470038], [119.97294280827087, 31.13380047470038], [119.97294280827087, 31.132678411127277], [119.97389080703046, 31.132678411127277], [119.97389080703046, 31.133239442913826], [119.97483880579004, 31.133239442913826], [119.97483880579004, 31.132678411127277], [119.97531280516984, 31.132678411127277], [119.97531280516984, 31.133239442913826], [119.97578680454961, 31.133239442913826], [119.97578680454961, 31.132117379340727], [119.9767348033092, 31.132117379340727], [119.9767348033092, 31.133239442913826], [119.97720880268899, 31.133239442913826], [119.97720880268899, 31.13436150648693], [119.97578680454961, 31.13436150648693], [119.97578680454961, 31.13380047470038], [119.97531280516984, 31.13380047470038], [119.97531280516984, 31.13436150648693], [119.97389080703046, 31.13436150648693]]]}}, {"type": "Feature", "properties": {"threshold_ug_l": 20.0, "area_km2_approx": 0.174}, "geometry": {"type": "Polygon", "coordinates": [[[119.97768280206878, 31.136044601846578], [119.97768280206878, 31.13548357006003], [119.97720880268899, 31.13548357006003], [119.97720880268899, 31.13492253827348], [119.97768280206878, 31.13492253827348], [119.97768280206878, 31.13436150648693], [119.97815680144858, 31.13436150648693], [119.97815680144858, 31.132117379340727], [119.98005279896775, 31.132117379340727], [119.98005279896775, 31.130995315767628], [119.98194879648692, 31.130995315767628], [119.98194879648692, 31.132678411127277], [119.9824227958667, 31.132678411127277], [119.9824227958667, 31.13380047470038], [119.98194879648692, 31.13380047470038], [119.98194879648692, 31.13436150648693], [119.98147479710713, 31.13436150648693], [119.98147479710713, 31.13492253827348], [119.98052679834754, 31.13492253827348], [119.98052679834754, 31.13548357006003], [119.98005279896775, 31.13548357006003], [119.98005279896775, 31.136044601846578], [119.97768280206878, 31.136044601846578]]]}}, {"type": "Feature", "properties": {"threshold_ug_l": 20.0, "area_km2_approx": 0.048}, "geometry": {"type": "Polygon", "coordinates": [[[120.102344638954, 31.133239442913826], [120.102344638954, 31.132678411127277], [120.1018706395742, 31.132678411127277], [120.1018706395742, 31.132117379340727], [120.102344638954, 31.132117379340727], [120.102344638954, 31.131556347554177], [120.1018706395742, 31.131556347554177], [120.1018706395742, 31.130995315767628], [120.10376663709337, 31.130995315767628], [120.10376663709337, 31.131556347554177], [120.10424063647316, 31.131556347554177], [120.10424063647316, 31.132117379340727], [120.10566263461253, 31.132117379340727], [120.10566263461253, 31.132678411127277], [120.10281863833379, 31.132678411127277], [120.10281863833379, 31.133239442913826], [120.102344638954, 31.133239442913826]]]}}, {"type": "Feature", "properties": {"threshold_ug_l": 20.0, "area_km2_approx": 0.011}, "geometry": {"type": "Polygon", "coordinates": [[[120.12794060546274, 31.129312220407975], [120.12794060546274, 31.128190156834876], [120.12888860422233, 31.128190156834876], [120.12888860422233, 31.129312220407975], [120.12794060546274, 31.129312220407975]]]}}, {"type": "Feature", "properties": {"threshold_ug_l": 20.0, "area_km2_approx": 0.006}, "geometry": {"type": "Polygon", "coordinates": [[[120.13836859181815, 31.128190156834876], [120.13836859181815, 31.127629125048326], [120.13884259119794, 31.127629125048326], [120.13884259119794, 31.127068093261776], [120.13931659057774, 31.127068093261776], [120.13931659057774, 31.127629125048326], [120.13884259119794, 31.127629125048326], [120.13884259119794, 31.128190156834876], [120.13836859181815, 31.128190156834876]]]}}, {"type": "Feature", "properties": {"threshold_ug_l": 20.0, "area_km2_approx": 0.031}, "geometry": {"type": "Polygon", "coordinates": [[[120.20330650684961, 31.127068093261776], [120.20330650684961, 31.126507061475227], [120.2037805062294, 31.126507061475227], [120.2037805062294, 31.125946029688674], [120.2042545056092, 31.125946029688674], [120.2042545056092, 31.125384997902124], [120.20567650374858, 31.125384997902124], [120.20567650374858, 31.124823966115574], [120.20615050312836, 31.124823966115574], [120.20615050312836, 31.125384997902124], [120.20567650374858, 31.125384997902124], [120.20567650374858, 31.125946029688674], [120.20520250436878, 31.125946029688674], [120.20520250436878, 31.127068093261776], [120.20330650684961, 31.127068093261776]]]}}, {"type": "Feature", "properties": {"threshold_ug_l": 20.0, "area_km2_approx": 0.022}, "geometry": {"type": "Polygon", "coordinates": [[[120.1416865874767, 31.125946029688674], [120.1416865874767, 31.124823966115574], [120.14216058685649, 31.124823966115574], [120.14216058685649, 31.124262934329025], [120.14263458623628, 31.124262934329025], [120.14263458623628, 31.125384997902124], [120.14310858561608, 31.125384997902124], [120.14310858561608, 31.124262934329025], [120.14358258499587, 31.124262934329025], [120.14358258499587, 31.125946029688674], [120.14263458623628, 31.125946029688674], [120.14263458623628, 31.125384997902124], [120.14216058685649, 31.125384997902124], [120.14216058685649, 31.125946029688674], [120.1416865874767, 31.125946029688674]]]}}, {"type": "Feature", "properties": {"threshold_ug_l": 20.0, "area_km2_approx": 0.017}, "geometry": {"type": "Polygon", "coordinates": [[[119.94118484982484, 31.125384997902124], [119.94118484982484, 31.124262934329025], [119.9426068479642, 31.124262934329025], [119.9426068479642, 31.125384997902124], [119.94118484982484, 31.125384997902124]]]}}, {"type": "Feature", "properties": {"threshold_ug_l": 20.0, "area_km2_approx": 0.003}, "geometry": {"type": "Polygon", "coordinates": [[[120.20757250126773, 31.124823966115574], [120.20757250126773, 31.124262934329025], [120.20804650064753, 31.124262934329025], [120.20804650064753, 31.124823966115574], [120.20757250126773, 31.124823966115574]]]}}, {"type": "Feature", "properties": {"threshold_ug_l": 20.0, "area_km2_approx": 0.011}, "geometry": {"type": "Polygon", "coordinates": [[[120.21468249196461, 31.125384997902124], [120.21468249196461, 31.124823966115574], [120.21373449320502, 31.124823966115574], [120.21373449320502, 31.124262934329025], [120.21468249196461, 31.124262934329025], [120.21468249196461, 31.124823966115574], [120.2156304907242, 31.124823966115574], [120.2156304907242, 31.125384997902124], [120.21468249196461, 31.125384997902124]]]}}, {"type": "Feature", "properties": {"threshold_ug_l": 20.0, "area_km2_approx": 0.513}, "geometry": {"type": "Polygon", "coordinates": [[[119.95682682935795, 31.132117379340727], [119.95682682935795, 31.131556347554177], [119.95635282997816, 31.131556347554177], [119.95635282997816, 31.130995315767628], [119.95350883369942, 31.130995315767628], [119.95350883369942, 31.130434283981078], [119.95303483431962, 31.130434283981078], [119.95303483431962, 31.12987325219453], [119.95256083493983, 31.12987325219453], [119.95256083493983, 31.128751188621425], [119.9549308318388, 31.128751188621425], [119.9549308318388, 31.128190156834876], [119.95635282997816, 31.128190156834876], [119.95635282997816, 31.127068093261776], [119.95682682935795, 31.127068093261776], [119.95682682935795, 31.126507061475227], [119.95777482811754, 31.126507061475227], [119.95777482811754, 31.125946029688674], [119.95824882749733, 31.125946029688674], [119.95824882749733, 31.126507061475227], [119.95872282687712, 31.126507061475227], [119.95872282687712, 31.125384997902124], [119.95919682625691, 31.125384997902124], [119.95919682625691, 31.124823966115574], [119.9596708256367, 31.124823966115574], [119.9596708256367, 31.123701902542475], [119.9601448250165, 31.123701902542475], [119.9601448250165, 31.123140870755925], [119.96109282377608, 31.123140870755925], [119.96109282377608, 31.122579838969376], [119.96204082253566, 31.122579838969376], [119.96204082253566, 31.122018807182823], [119.96393682005483, 31.122018807182823], [119.96393682005483, 31.123140870755925], [119.96298882129524, 31.123140870755925], [119.96298882129524, 31.123701902542475], [119.96393682005483, 31.123701902542475], [119.96393682005483, 31.124262934329025], [119.965832817574, 31.124262934329025], [119.965832817574, 31.125384997902124], [119.96346282067503, 31.125384997902124], [119.96346282067503, 31.126507061475227], [119.96251482191545, 31.126507061475227], [119.96251482191545, 31.127068093261776], [119.96204082253566, 31.127068093261776], [119.96204082253566, 31.129312220407975], [119.96156682315588, 31.129312220407975], [119.96156682315588, 31.128751188621425], [119.96109282377608, 31.128751188621425], [119.96109282377608, 31.129312220407975], [119.9601448250165, 31.129312220407975], [119.9601448250165, 31.128751188621425], [119.96109282377608, 31.128751188621425], [119.96109282377608, 31.128190156834876], [119.9601448250165, 31.128190156834876], [119.9601448250165, 31.127068093261776], [119.95919682625691, 31.127068093261776], [119.95919682625691, 31.126507061475227], [119.95872282687712, 31.126507061475227], [119.95872282687712, 31.127629125048326], [119.95919682625691, 31.127629125048326], [119.95919682625691, 31.128751188621425], [119.9596708256367, 31.128751188621425], [119.9596708256367, 31.130434283981078], [119.95919682625691, 31.130434283981078], [119.95919682625691, 31.131556347554177], [119.95872282687712, 31.131556347554177], [119.95872282687712, 31.132117379340727], [119.95682682935795, 31.132117379340727]]]}}, {"type": "Feature", "properties": {"threshold_ug_l": 20.0, "area_km2_approx": 0.076}, "geometry": {"type": "Polygon", "coordinates": [[[119.98811078842421, 31.123701902542475], [119.98811078842421, 31.123140870755925], [119.98716278966462, 31.123140870755925], [119.98716278966462, 31.122579838969376], [119.98621479090504, 31.122579838969376], [119.98621479090504, 31.122018807182823], [119.98574079152525, 31.122018807182823], [119.98574079152525, 31.120896743609723], [119.98716278966462, 31.120896743609723], [119.98716278966462, 31.120335711823174], [119.9890587871838, 31.120335711823174], [119.9890587871838, 31.120896743609723], [119.98953278656357, 31.120896743609723], [119.98953278656357, 31.122018807182823], [119.98811078842421, 31.122018807182823], [119.98811078842421, 31.123140870755925], [119.988584787804, 31.123140870755925], [119.988584787804, 31.123701902542475], [119.98811078842421, 31.123701902542475]]]}}, {"type": "Feature", "properties": {"threshold_ug_l": 20.0, "area_km2_approx": 0.006}, "geometry": {"type": "Polygon", "coordinates": [[[119.9653588181942, 31.120335711823174], [119.9653588181942, 31.119774680036624], [119.96630681695379, 31.119774680036624], [119.96630681695379, 31.120335711823174], [119.9653588181942, 31.120335711823174]]]}}, {"type": "Feature", "properties": {"threshold_ug_l": 20.0, "area_km2_approx": 0.006}, "geometry": {"type": "Polygon", "coordinates": [[[120.09239065197836, 31.119774680036624], [120.09239065197836, 31.119213648250074], [120.09333865073795, 31.119213648250074], [120.09333865073795, 31.119774680036624], [120.09239065197836, 31.119774680036624]]]}}, {"type": "Feature", "properties": {"threshold_ug_l": 20.0, "area_km2_approx": 0.003}, "geometry": {"type": "Polygon", "coordinates": [[[120.09381265011774, 31.119774680036624], [120.09381265011774, 31.119213648250074], [120.09428664949753, 31.119213648250074], [120.09428664949753, 31.119774680036624], [120.09381265011774, 31.119774680036624]]]}}, {"type": "Feature", "properties": {"threshold_ug_l": 20.0, "area_km2_approx": 0.003}, "geometry": {"type": "Polygon", "coordinates": [[[120.1132466246892, 31.119774680036624], [120.1132466246892, 31.119213648250074], [120.11372062406899, 31.119213648250074], [120.11372062406899, 31.119774680036624], [120.1132466246892, 31.119774680036624]]]}}, {"type": "Feature", "properties": {"threshold_ug_l": 20.0, "area_km2_approx": 0.028}, "geometry": {"type": "Polygon", "coordinates": [[[120.04167271834066, 31.11865261646352], [120.04167271834066, 31.117530552890422], [120.04309471648004, 31.117530552890422], [120.04309471648004, 31.116969521103872], [120.04356871585982, 31.116969521103872], [120.04356871585982, 31.117530552890422], [120.04404271523961, 31.117530552890422], [120.04404271523961, 31.11809158467697], [120.04356871585982, 31.11809158467697], [120.04356871585982, 31.11865261646352], [120.04167271834066, 31.11865261646352]]]}}, {"type": "Feature", "properties": {"threshold_ug_l": 20.0, "area_km2_approx": 0.008}, "geometry": {"type": "Polygon", "coordinates": [[[120.022712743149, 31.11809158467697], [120.022712743149, 31.117530552890422], [120.02223874376921, 31.117530552890422], [120.02223874376921, 31.116969521103872], [120.02318674252878, 31.116969521103872], [120.02318674252878, 31.11809158467697], [120.022712743149, 31.11809158467697]]]}}, {"type": "Feature", "properties": {"threshold_ug_l": 20.0, "area_km2_approx": 0.008}, "geometry": {"type": "Polygon", "coordinates": [[[120.00185677043817, 31.117530552890422], [120.00185677043817, 31.116969521103872], [120.00233076981796, 31.116969521103872], [120.00233076981796, 31.116408489317323], [120.00280476919774, 31.116408489317323], [120.00280476919774, 31.117530552890422], [120.00185677043817, 31.117530552890422]]]}}, {"type": "Feature", "properties": {"threshold_ug_l": 20.0, "area_km2_approx": 0.003}, "geometry": {"type": "Polygon", "coordinates": [[[119.94165884920463, 31.116969521103872], [119.94165884920463, 31.116408489317323], [119.94213284858441, 31.116408489317323], [119.94213284858441, 31.116969521103872], [119.94165884920463, 31.116969521103872]]]}}, {"type": "Feature", "properties": {"threshold_ug_l": 20.0, "area_km2_approx": 0.003}, "geometry": {"type": "Polygon", "coordinates": [[[119.97815680144858, 31.116969521103872], [119.97815680144858, 31.116408489317323], [119.97863080082837, 31.116408489317323], [119.97863080082837, 31.116969521103872], [119.97815680144858, 31.116969521103872]]]}}, {"type": "Feature", "properties": {"threshold_ug_l": 20.0, "area_km2_approx": 0.003}, "geometry": {"type": "Polygon", "coordinates": [[[120.00375276795732, 31.116969521103872], [120.00375276795732, 31.116408489317323], [120.00422676733712, 31.116408489317323], [120.00422676733712, 31.116969521103872], [120.00375276795732, 31.116969521103872]]]}}, {"type": "Feature", "properties": {"threshold_ug_l": 20.0, "area_km2_approx": 0.006}, "geometry": {"type": "Polygon", "coordinates": [[[120.1985665130517, 31.116969521103872], [120.1985665130517, 31.116408489317323], [120.19951451181127, 31.116408489317323], [120.19951451181127, 31.116969521103872], [120.1985665130517, 31.116969521103872]]]}}, {"type": "Feature", "properties": {"threshold_ug_l": 20.0, "area_km2_approx": 0.252}, "geometry": {"type": "Polygon", "coordinates": [[[119.95398283307921, 31.121457775396273], [119.95398283307921, 31.120896743609723], [119.95256083493983, 31.120896743609723], [119.95256083493983, 31.120335711823174], [119.95303483431962, 31.120335711823174], [119.95303483431962, 31.119213648250074], [119.95256083493983, 31.119213648250074], [119.95256083493983, 31.11865261646352], [119.95208683556004, 31.11865261646352], [119.95208683556004, 31.117530552890422], [119.95113883680045, 31.117530552890422], [119.95113883680045, 31.116969521103872], [119.95161283618025, 31.116969521103872], [119.95161283618025, 31.116408489317323], [119.95066483742066, 31.116408489317323], [119.95066483742066, 31.115286425744223], [119.95113883680045, 31.115286425744223], [119.95113883680045, 31.11472539395767], [119.95208683556004, 31.11472539395767], [119.95208683556004, 31.11416436217112], [119.95161283618025, 31.11416436217112], [119.95161283618025, 31.11360333038457], [119.95208683556004, 31.11360333038457], [119.95208683556004, 31.11416436217112], [119.95350883369942, 31.11416436217112], [119.95350883369942, 31.11472539395767], [119.9549308318388, 31.11472539395767], [119.9549308318388, 31.115286425744223], [119.95635282997816, 31.115286425744223], [119.95635282997816, 31.11472539395767], [119.95682682935795, 31.11472539395767], [119.95682682935795, 31.115286425744223], [119.95730082873774, 31.115286425744223], [119.95730082873774, 31.115847457530773], [119.95682682935795, 31.115847457530773], [119.95682682935795, 31.116408489317323], [119.95540483121857, 31.116408489317323], [119.95540483121857, 31.116969521103872], [119.9549308318388, 31.116969521103872], [119.9549308318388, 31.117530552890422], [119.954456832459, 31.117530552890422], [119.954456832459, 31.11809158467697], [119.95398283307921, 31.11809158467697], [119.95398283307921, 31.11865261646352], [119.95350883369942, 31.11865261646352], [119.95350883369942, 31.119213648250074], [119.954456832459, 31.119213648250074], [119.954456832459, 31.120335711823174], [119.9549308318388, 31.120335711823174], [119.9549308318388, 31.119774680036624], [119.95540483121857, 31.119774680036624], [119.95540483121857, 31.11865261646352], [119.95587883059837, 31.11865261646352], [119.95587883059837, 31.119213648250074], [119.95682682935795, 31.119213648250074], [119.95682682935795, 31.120335711823174], [119.95540483121857, 31.120335711823174], [119.95540483121857, 31.120896743609723], [119.9549308318388, 31.120896743609723], [119.9549308318388, 31.121457775396273], [119.95398283307921, 31.121457775396273]], [[119.95350883369942, 31.120335711823174], [119.95398283307921, 31.120335711823174], [119.95398283307921, 31.119774680036624], [119.95350883369942, 31.119774680036624], [119.95350883369942, 31.120335711823174]]]}}, {"type": "Feature", "properties": {"threshold_ug_l": 20.0, "area_km2_approx": 0.011}, "geometry": {"type": "Polygon", "coordinates": [[[120.00422676733712, 31.115286425744223], [120.00422676733712, 31.11416436217112], [120.00470076671691, 31.11416436217112], [120.00470076671691, 31.11360333038457], [120.0051747660967, 31.11360333038457], [120.0051747660967, 31.11472539395767], [120.00470076671691, 31.11472539395767], [120.00470076671691, 31.115286425744223], [120.00422676733712, 31.115286425744223]]]}}, {"type": "Feature", "properties": {"threshold_ug_l": 20.0, "area_km2_approx": 0.003}, "geometry": {"type": "Polygon", "coordinates": [[[119.96346282067503, 31.11416436217112], [119.96346282067503, 31.11360333038457], [119.96393682005483, 31.11360333038457], [119.96393682005483, 31.11416436217112], [119.96346282067503, 31.11416436217112]]]}}, {"type": "Feature", "properties": {"threshold_ug_l": 20.0, "area_km2_approx": 0.034}, "geometry": {"type": "Polygon", "coordinates": [[[119.98621479090504, 31.11360333038457], [119.98621479090504, 31.11304229859802], [119.98574079152525, 31.11304229859802], [119.98574079152525, 31.11248126681147], [119.98621479090504, 31.11248126681147], [119.98621479090504, 31.11192023502492], [119.98716278966462, 31.11192023502492], [119.98716278966462, 31.11248126681147], [119.98811078842421, 31.11248126681147], [119.98811078842421, 31.11304229859802], [119.988584787804, 31.11304229859802], [119.988584787804, 31.11360333038457], [119.98621479090504, 31.11360333038457]]]}}, {"type": "Feature", "properties": {"threshold_ug_l": 20.0, "area_km2_approx": 0.098}, "geometry": {"type": "Polygon", "coordinates": [[[120.00659676423608, 31.115286425744223], [120.00659676423608, 31.11472539395767], [120.0056487654765, 31.11472539395767], [120.0056487654765, 31.11304229859802], [120.00612276485629, 31.11304229859802], [120.00612276485629, 31.11360333038457], [120.00707076361587, 31.11360333038457], [120.00707076361587, 31.11248126681147], [120.00754476299566, 31.11248126681147], [120.00754476299566, 31.111359203238372], [120.00801876237546, 31.111359203238372], [120.00801876237546, 31.11192023502492], [120.00849276175525, 31.11192023502492], [120.00849276175525, 31.11248126681147], [120.0103887592744, 31.11248126681147], [120.0103887592744, 31.11304229859802], [120.00991475989461, 31.11304229859802], [120.00991475989461, 31.11360333038457], [120.00944076051482, 31.11360333038457], [120.00944076051482, 31.11416436217112], [120.00896676113504, 31.11416436217112], [120.00896676113504, 31.11472539395767], [120.00801876237546, 31.11472539395767], [120.00801876237546, 31.115286425744223], [120.00659676423608, 31.115286425744223]]]}}, {"type": "Feature", "properties": {"threshold_ug_l": 20.0, "area_km2_approx": 0.092}, "geometry": {"type": "Polygon", "coordinates": [[[119.97057281137191, 31.11360333038457], [119.97057281137191, 31.11304229859802], [119.96962481261232, 31.11304229859802], [119.96962481261232, 31.11248126681147], [119.97009881199212, 31.11248126681147], [119.97009881199212, 31.11023713966527], [119.97199480951129, 31.11023713966527], [119.97199480951129, 31.11079817145182], [119.97246880889108, 31.11079817145182], [119.97246880889108, 31.111359203238372], [119.97294280827087, 31.111359203238372], [119.97294280827087, 31.11079817145182], [119.97341680765066, 31.11079817145182], [119.97341680765066, 31.111359203238372], [119.97389080703046, 31.111359203238372], [119.97389080703046, 31.11248126681147], [119.97294280827087, 31.11248126681147], [119.97294280827087, 31.11304229859802], [119.97199480951129, 31.11304229859802], [119.97199480951129, 31.11248126681147], [119.9715208101315, 31.11248126681147], [119.9715208101315, 31.11304229859802], [119.9710468107517, 31.11304229859802], [119.9710468107517, 31.11360333038457], [119.97057281137191, 31.11360333038457]]]}}, {"type": "Feature", "properties": {"threshold_ug_l": 20.0, "area_km2_approx": 0.003}, "geometry": {"type": "Polygon", "coordinates": [[[120.05352270283545, 31.10967610787872], [120.05352270283545, 31.10911507609217], [120.05399670221524, 31.10911507609217], [120.05399670221524, 31.10967610787872], [120.05352270283545, 31.10967610787872]]]}}, {"type": "Feature", "properties": {"threshold_ug_l": 20.0, "area_km2_approx": 0.008}, "geometry": {"type": "Polygon", "coordinates": [[[119.97009881199212, 31.10967610787872], [119.97009881199212, 31.10855404430562], [119.97057281137191, 31.10855404430562], [119.97057281137191, 31.10911507609217], [119.9710468107517, 31.10911507609217], [119.9710468107517, 31.10967610787872], [119.97009881199212, 31.10967610787872]]]}}, {"type": "Feature", "properties": {"threshold_ug_l": 20.0, "area_km2_approx": 0.003}, "geometry": {"type": "Polygon", "coordinates": [[[120.13173260050107, 31.10743198073252], [120.13173260050107, 31.106870948945968], [120.13220659988086, 31.106870948945968], [120.13220659988086, 31.10743198073252], [120.13173260050107, 31.10743198073252]]]}}, {"type": "Feature", "properties": {"threshold_ug_l": 20.0, "area_km2_approx": 0.017}, "geometry": {"type": "Polygon", "coordinates": [[[120.05352270283545, 31.10799301251907], [120.05352270283545, 31.106870948945968], [120.05399670221524, 31.106870948945968], [120.05399670221524, 31.106309917159418], [120.05447070159504, 31.106309917159418], [120.05447070159504, 31.106870948945968], [120.05541870035462, 31.106870948945968], [120.05541870035462, 31.10743198073252], [120.05399670221524, 31.10743198073252], [120.05399670221524, 31.10799301251907], [120.05352270283545, 31.10799301251907]]]}}, {"type": "Feature", "properties": {"threshold_ug_l": 20.0, "area_km2_approx": 0.308}, "geometry": {"type": "Polygon", "coordinates": [[[119.96346282067503, 31.11248126681147], [119.96346282067503, 31.11192023502492], [119.96298882129524, 31.11192023502492], [119.96298882129524, 31.111359203238372], [119.96251482191545, 31.111359203238372], [119.96251482191545, 31.10855404430562], [119.96298882129524, 31.10855404430562], [119.96298882129524, 31.10799301251907], [119.96393682005483, 31.10799301251907], [119.96393682005483, 31.10743198073252], [119.96346282067503, 31.10743198073252], [119.96346282067503, 31.106870948945968], [119.96298882129524, 31.106870948945968], [119.96298882129524, 31.106309917159418], [119.96346282067503, 31.106309917159418], [119.96346282067503, 31.106870948945968], [119.96488481881441, 31.106870948945968], [119.96488481881441, 31.10743198073252], [119.9653588181942, 31.10743198073252], [119.9653588181942, 31.106309917159418], [119.965832817574, 31.106309917159418], [119.965832817574, 31.10574888537287], [119.96630681695379, 31.10574888537287], [119.96630681695379, 31.106309917159418], [119.96678081633358, 31.106309917159418], [119.96678081633358, 31.106870948945968], [119.96962481261232, 31.106870948945968], [119.96962481261232, 31.10743198073252], [119.97009881199212, 31.10743198073252], [119.97009881199212, 31.10799301251907], [119.96962481261232, 31.10799301251907], [119.96962481261232, 31.10855404430562], [119.96915081323253, 31.10855404430562], [119.96915081323253, 31.10911507609217], [119.96962481261232, 31.10911507609217], [119.96962481261232, 31.10967610787872], [119.96915081323253, 31.10967610787872], [119.96915081323253, 31.11023713966527], [119.96820281447296, 31.11023713966527], [119.96820281447296, 31.10967610787872], [119.96772881509317, 31.10967610787872], [119.96772881509317, 31.11023713966527], [119.96725481571337, 31.11023713966527], [119.96725481571337, 31.10967610787872], [119.96630681695379, 31.10967610787872], [119.96630681695379, 31.11023713966527], [119.965832817574, 31.11023713966527], [119.965832817574, 31.11079817145182], [119.96678081633358, 31.11079817145182], [119.96678081633358, 31.111359203238372], [119.96630681695379, 31.111359203238372], [119.96630681695379, 31.11192023502492], [119.96488481881441, 31.11192023502492], [119.96488481881441, 31.11248126681147], [119.96346282067503, 31.11248126681147]]]}}, {"type": "Feature", "properties": {"threshold_ug_l": 20.0, "area_km2_approx": 0.003}, "geometry": {"type": "Polygon", "coordinates": [[[120.12888860422233, 31.102943726440117], [120.12888860422233, 31.102382694653567], [120.12936260360212, 31.102382694653567], [120.12936260360212, 31.102943726440117], [120.12888860422233, 31.102943726440117]]]}}, {"type": "Feature", "properties": {"threshold_ug_l": 20.0, "area_km2_approx": 0.092}, "geometry": {"type": "Polygon", "coordinates": [[[119.9824227958667, 31.106309917159418], [119.9824227958667, 31.10518785358632], [119.98194879648692, 31.10518785358632], [119.98194879648692, 31.10462682179977], [119.98147479710713, 31.10462682179977], [119.98147479710713, 31.103504758226666], [119.9824227958667, 31.103504758226666], [119.9824227958667, 31.102943726440117], [119.98194879648692, 31.102943726440117], [119.98194879648692, 31.102382694653567], [119.9824227958667, 31.102382694653567], [119.9824227958667, 31.101821662867017], [119.98384479400607, 31.101821662867017], [119.98384479400607, 31.102382694653567], [119.98431879338587, 31.102382694653567], [119.98431879338587, 31.102943726440117], [119.98479279276566, 31.102943726440117], [119.98479279276566, 31.103504758226666], [119.98526679214545, 31.103504758226666], [119.98526679214545, 31.10462682179977], [119.98384479400607, 31.10462682179977], [119.98384479400607, 31.10406579001322], [119.98337079462628, 31.10406579001322], [119.98337079462628, 31.10518785358632], [119.98289679524649, 31.10518785358632], [119.98289679524649, 31.106309917159418], [119.9824227958667, 31.106309917159418]]]}}, {"type": "Feature", "properties": {"threshold_ug_l": 20.0, "area_km2_approx": 0.006}, "geometry": {"type": "Polygon", "coordinates": [[[119.98479279276566, 31.101821662867017], [119.98479279276566, 31.101260631080468], [119.98574079152525, 31.101260631080468], [119.98574079152525, 31.101821662867017], [119.98479279276566, 31.101821662867017]]]}}, {"type": "Feature", "properties": {"threshold_ug_l": 20.0, "area_km2_approx": 0.003}, "geometry": {"type": "Polygon", "coordinates": [[[120.18766452731649, 31.100699599293918], [120.18766452731649, 31.10013856750737], [120.18813852669628, 31.10013856750737], [120.18813852669628, 31.100699599293918], [120.18766452731649, 31.100699599293918]]]}}, {"type": "Feature", "properties": {"threshold_ug_l": 20.0, "area_km2_approx": 0.092}, "geometry": {"type": "Polygon", "coordinates": [[[119.97294280827087, 31.10406579001322], [119.97294280827087, 31.101821662867017], [119.97199480951129, 31.101821662867017], [119.97199480951129, 31.101260631080468], [119.97341680765066, 31.101260631080468], [119.97341680765066, 31.100699599293918], [119.97389080703046, 31.100699599293918], [119.97389080703046, 31.099577535720815], [119.97436480641025, 31.099577535720815], [119.97436480641025, 31.100699599293918], [119.97531280516984, 31.100699599293918], [119.97531280516984, 31.102382694653567], [119.97578680454961, 31.102382694653567], [119.97578680454961, 31.101821662867017], [119.9762608039294, 31.101821662867017], [119.9762608039294, 31.102382694653567], [119.97578680454961, 31.102382694653567], [119.97578680454961, 31.102943726440117], [119.97531280516984, 31.102943726440117], [119.97531280516984, 31.103504758226666], [119.97578680454961, 31.103504758226666], [119.97578680454961, 31.10406579001322], [119.97531280516984, 31.10406579001322], [119.97531280516984, 31.103504758226666], [119.97389080703046, 31.103504758226666], [119.97389080703046, 31.10406579001322], [119.97294280827087, 31.10406579001322]]]}}, {"type": "Feature", "properties": {"threshold_ug_l": 20.0, "area_km2_approx": 0.003}, "geometry": {"type": "Polygon", "coordinates": [[[119.98716278966462, 31.096211345001514], [119.98716278966462, 31.095650313214964], [119.98763678904442, 31.095650313214964], [119.98763678904442, 31.096211345001514], [119.98716278966462, 31.096211345001514]]]}}, {"type": "Feature", "properties": {"threshold_ug_l": 20.0, "area_km2_approx": 0.006}, "geometry": {"type": "Polygon", "coordinates": [[[120.00896676113504, 31.096211345001514], [120.00896676113504, 31.095650313214964], [120.00849276175525, 31.095650313214964], [120.00849276175525, 31.095089281428415], [120.00896676113504, 31.095089281428415], [120.00896676113504, 31.095650313214964], [120.00944076051482, 31.095650313214964], [120.00944076051482, 31.096211345001514], [120.00896676113504, 31.096211345001514]]]}}, {"type": "Feature", "properties": {"threshold_ug_l": 20.0, "area_km2_approx": 0.003}, "geometry": {"type": "Polygon", "coordinates": [[[120.11135062717003, 31.094528249641865], [120.11135062717003, 31.093967217855315], [120.11182462654982, 31.093967217855315], [120.11182462654982, 31.094528249641865], [120.11135062717003, 31.094528249641865]]]}}, {"type": "Feature", "properties": {"threshold_ug_l": 20.0, "area_km2_approx": 0.179}, "geometry": {"type": "Polygon", "coordinates": [[[120.01797274935107, 31.097894440361166], [120.01797274935107, 31.096772376788067], [120.01749874997128, 31.096772376788067], [120.01749874997128, 31.096211345001514], [120.01702475059149, 31.096211345001514], [120.01702475059149, 31.095089281428415], [120.0165507512117, 31.095089281428415], [120.0165507512117, 31.095650313214964], [120.01607675183192, 31.095650313214964], [120.01607675183192, 31.095089281428415], [120.0165507512117, 31.095089281428415], [120.0165507512117, 31.094528249641865], [120.01844674873087, 31.094528249641865], [120.01844674873087, 31.093967217855315], [120.01892074811066, 31.093967217855315], [120.01892074811066, 31.093406186068766], [120.02034274625004, 31.093406186068766], [120.02034274625004, 31.093967217855315], [120.02129074500962, 31.093967217855315], [120.02129074500962, 31.095650313214964], [120.02223874376921, 31.095650313214964], [120.02223874376921, 31.096772376788067], [120.02176474438942, 31.096772376788067], [120.02176474438942, 31.097333408574617], [120.02129074500962, 31.097333408574617], [120.02129074500962, 31.097894440361166], [120.01986874687024, 31.097894440361166], [120.01986874687024, 31.097333408574617], [120.01939474749045, 31.097333408574617], [120.01939474749045, 31.097894440361166], [120.01797274935107, 31.097894440361166]]]}}, {"type": "Feature", "properties": {"threshold_ug_l": 20.0, "area_km2_approx": 0.014}, "geometry": {"type": "Polygon", "coordinates": [[[120.11988261600628, 31.094528249641865], [120.11988261600628, 31.093967217855315], [120.12035661538607, 31.093967217855315], [120.12035661538607, 31.093406186068766], [120.12130461414566, 31.093406186068766], [120.12130461414566, 31.094528249641865], [120.11988261600628, 31.094528249641865]]]}}, {"type": "Feature", "properties": {"threshold_ug_l": 20.0, "area_km2_approx": 0.238}, "geometry": {"type": "Polygon", "coordinates": [[[120.1530625725917, 31.097333408574617], [120.1530625725917, 31.096211345001514], [120.1525885732119, 31.096211345001514], [120.1525885732119, 31.095650313214964], [120.15164057445233, 31.095650313214964], [120.15164057445233, 31.096211345001514], [120.15021857631295, 31.096211345001514], [120.15021857631295, 31.095089281428415], [120.14927057755337, 31.095089281428415], [120.14927057755337, 31.093967217855315], [120.15021857631295, 31.093967217855315], [120.15021857631295, 31.093406186068766], [120.15164057445233, 31.093406186068766], [120.15164057445233, 31.092845154282216], [120.15211457383211, 31.092845154282216], [120.15211457383211, 31.093406186068766], [120.1530625725917, 31.093406186068766], [120.1530625725917, 31.092845154282216], [120.15353657197149, 31.092845154282216], [120.15353657197149, 31.092284122495663], [120.15543256949066, 31.092284122495663], [120.15543256949066, 31.092845154282216], [120.15590656887045, 31.092845154282216], [120.15590656887045, 31.093406186068766], [120.15638056825024, 31.093406186068766], [120.15638056825024, 31.095089281428415], [120.15590656887045, 31.095089281428415], [120.15590656887045, 31.096211345001514], [120.15543256949066, 31.096211345001514], [120.15543256949066, 31.096772376788067], [120.15495857011086, 31.096772376788067], [120.15495857011086, 31.097333408574617], [120.1530625725917, 31.097333408574617]]]}}, {"type": "Feature", "properties": {"threshold_ug_l": 20.0, "area_km2_approx": 0.081}, "geometry": {"type": "Polygon", "coordinates": [[[120.1127726253094, 31.096211345001514], [120.1127726253094, 31.095650313214964], [120.1132466246892, 31.095650313214964], [120.1132466246892, 31.095089281428415], [120.11419462344878, 31.095089281428415], [120.11419462344878, 31.094528249641865], [120.1127726253094, 31.094528249641865], [120.1127726253094, 31.093967217855315], [120.11229862592961, 31.093967217855315], [120.11229862592961, 31.093406186068766], [120.1127726253094, 31.093406186068766], [120.1127726253094, 31.093967217855315], [120.1132466246892, 31.093967217855315], [120.1132466246892, 31.092284122495663], [120.11466862282857, 31.092284122495663], [120.11466862282857, 31.092845154282216], [120.11514262220837, 31.092845154282216], [120.11514262220837, 31.093406186068766], [120.11561662158816, 31.093406186068766], [120.11561662158816, 31.093967217855315], [120.11609062096795, 31.093967217855315], [120.11609062096795, 31.093406186068766], [120.11703861972754, 31.093406186068766], [120.11703861972754, 31.093967217855315], [120.11656462034775, 31.093967217855315], [120.11656462034775, 31.094528249641865], [120.11514262220837, 31.094528249641865], [120.11514262220837, 31.095089281428415], [120.11466862282857, 31.095089281428415], [120.11466862282857, 31.095650313214964], [120.1132466246892, 31.095650313214964], [120.1132466246892, 31.096211345001514], [120.1127726253094, 31.096211345001514]]]}}, {"type": "Feature", "properties": {"threshold_ug_l": 20.0, "area_km2_approx": 0.02}, "geometry": {"type": "Polygon", "coordinates": [[[120.0165507512117, 31.093967217855315], [120.0165507512117, 31.092845154282216], [120.01702475059149, 31.092845154282216], [120.01702475059149, 31.092284122495663], [120.01749874997128, 31.092284122495663], [120.01749874997128, 31.092845154282216], [120.01797274935107, 31.092845154282216], [120.01797274935107, 31.093967217855315], [120.0165507512117, 31.093967217855315]]]}}, {"type": "Feature", "properties": {"threshold_ug_l": 20.0, "area_km2_approx": 0.006}, "geometry": {"type": "Polygon", "coordinates": [[[120.0336147288842, 31.093406186068766], [120.0336147288842, 31.092284122495663], [120.034088728264, 31.092284122495663], [120.034088728264, 31.093406186068766], [120.0336147288842, 31.093406186068766]]]}}, {"type": "Feature", "properties": {"threshold_ug_l": 20.0, "area_km2_approx": 0.006}, "geometry": {"type": "Polygon", "coordinates": [[[120.24312245475211, 31.093406186068766], [120.24312245475211, 31.092845154282216], [120.2435964541319, 31.092845154282216], [120.2435964541319, 31.092284122495663], [120.2440704535117, 31.092284122495663], [120.2440704535117, 31.092845154282216], [120.2435964541319, 31.092845154282216], [120.2435964541319, 31.093406186068766], [120.24312245475211, 31.093406186068766]]]}}, {"type": "Feature", "properties": {"threshold_ug_l": 20.0, "area_km2_approx": 0.003}, "geometry": {"type": "Polygon", "coordinates": [[[120.03219273074482, 31.092845154282216], [120.03219273074482, 31.092284122495663], [120.03266673012462, 31.092284122495663], [120.03266673012462, 31.092845154282216], [120.03219273074482, 31.092845154282216]]]}}, {"type": "Feature", "properties": {"threshold_ug_l": 20.0, "area_km2_approx": 0.073}, "geometry": {"type": "Polygon", "coordinates": [[[120.12936260360212, 31.095650313214964], [120.12936260360212, 31.095089281428415], [120.12888860422233, 31.095089281428415], [120.12888860422233, 31.094528249641865], [120.12841460484253, 31.094528249641865], [120.12841460484253, 31.092845154282216], [120.12794060546274, 31.092845154282216], [120.12794060546274, 31.092284122495663], [120.12746660608295, 31.092284122495663], [120.12746660608295, 31.091723090709113], [120.12699260670315, 31.091723090709113], [120.12699260670315, 31.091162058922563], [120.12746660608295, 31.091162058922563], [120.12746660608295, 31.091723090709113], [120.12794060546274, 31.091723090709113], [120.12794060546274, 31.091162058922563], [120.12841460484253, 31.091162058922563], [120.12841460484253, 31.091723090709113], [120.12888860422233, 31.091723090709113], [120.12888860422233, 31.092284122495663], [120.12936260360212, 31.092284122495663], [120.12936260360212, 31.093406186068766], [120.13125860112129, 31.093406186068766], [120.13125860112129, 31.094528249641865], [120.1303106023617, 31.094528249641865], [120.1303106023617, 31.095089281428415], [120.12983660298191, 31.095089281428415], [120.12983660298191, 31.095650313214964], [120.12936260360212, 31.095650313214964]]]}}, {"type": "Feature", "properties": {"threshold_ug_l": 20.0, "area_km2_approx": 0.022}, "geometry": {"type": "Polygon", "coordinates": [[[119.97768280206878, 31.092845154282216], [119.97768280206878, 31.090601027136014], [119.97815680144858, 31.090601027136014], [119.97815680144858, 31.090039995349464], [119.97863080082837, 31.090039995349464], [119.97863080082837, 31.090601027136014], [119.97910480020816, 31.090601027136014], [119.97910480020816, 31.091162058922563], [119.97863080082837, 31.091162058922563], [119.97863080082837, 31.091723090709113], [119.97815680144858, 31.091723090709113], [119.97815680144858, 31.092845154282216], [119.97768280206878, 31.092845154282216]]]}}, {"type": "Feature", "properties": {"threshold_ug_l": 20.0, "area_km2_approx": 0.605}, "geometry": {"type": "Polygon", "coordinates": [[[119.96962481261232, 31.099016503934266], [119.96962481261232, 31.097894440361166], [119.96820281447296, 31.097894440361166], [119.96820281447296, 31.097333408574617], [119.96772881509317, 31.097333408574617], [119.96772881509317, 31.096211345001514], [119.96820281447296, 31.096211345001514], [119.96820281447296, 31.094528249641865], [119.96915081323253, 31.094528249641865], [119.96915081323253, 31.095089281428415], [119.96962481261232, 31.095089281428415], [119.96962481261232, 31.094528249641865], [119.97057281137191, 31.094528249641865], [119.97057281137191, 31.093967217855315], [119.97009881199212, 31.093967217855315], [119.97009881199212, 31.092845154282216], [119.9715208101315, 31.092845154282216], [119.9715208101315, 31.092284122495663], [119.97246880889108, 31.092284122495663], [119.97246880889108, 31.091723090709113], [119.97341680765066, 31.091723090709113], [119.97341680765066, 31.088917931776365], [119.97389080703046, 31.088917931776365], [119.97389080703046, 31.089478963562915], [119.97436480641025, 31.089478963562915], [119.97436480641025, 31.088917931776365], [119.97483880579004, 31.088917931776365], [119.97483880579004, 31.089478963562915], [119.97578680454961, 31.089478963562915], [119.97578680454961, 31.088917931776365], [119.9767348033092, 31.088917931776365], [119.9767348033092, 31.089478963562915], [119.97720880268899, 31.089478963562915], [119.97720880268899, 31.090601027136014], [119.9767348033092, 31.090601027136014], [119.9767348033092, 31.091162058922563], [119.9762608039294, 31.091162058922563], [119.9762608039294, 31.092845154282216], [119.9767348033092, 31.092845154282216], [119.9767348033092, 31.093406186068766], [119.97720880268899, 31.093406186068766], [119.97720880268899, 31.093967217855315], [119.97815680144858, 31.093967217855315], [119.97815680144858, 31.094528249641865], [119.97768280206878, 31.094528249641865], [119.97768280206878, 31.095089281428415], [119.97863080082837, 31.095089281428415], [119.97863080082837, 31.094528249641865], [119.97910480020816, 31.094528249641865], [119.97910480020816, 31.095089281428415], [119.98005279896775, 31.095089281428415], [119.98005279896775, 31.095650313214964], [119.97910480020816, 31.095650313214964], [119.97910480020816, 31.096211345001514], [119.97815680144858, 31.096211345001514], [119.97815680144858, 31.095650313214964], [119.97768280206878, 31.095650313214964], [119.97768280206878, 31.096211345001514], [119.9767348033092, 31.096211345001514], [119.9767348033092, 31.096772376788067], [119.9762608039294, 31.096772376788067], [119.9762608039294, 31.097894440361166], [119.97578680454961, 31.097894440361166], [119.97578680454961, 31.098455472147716], [119.97531280516984, 31.098455472147716], [119.97531280516984, 31.097894440361166], [119.97436480641025, 31.097894440361166], [119.97436480641025, 31.097333408574617], [119.97389080703046, 31.097333408574617], [119.97389080703046, 31.096772376788067], [119.97341680765066, 31.096772376788067], [119.97341680765066, 31.097333408574617], [119.97294280827087, 31.097333408574617], [119.97294280827087, 31.096772376788067], [119.97246880889108, 31.096772376788067], [119.97246880889108, 31.096211345001514], [119.9715208101315, 31.096211345001514], [119.9715208101315, 31.096772376788067], [119.9710468107517, 31.096772376788067], [119.9710468107517, 31.097894440361166], [119.9715208101315, 31.097894440361166], [119.9715208101315, 31.098455472147716], [119.9710468107517, 31.098455472147716], [119.9710468107517, 31.099016503934266], [119.97057281137191, 31.099016503934266], [119.97057281137191, 31.098455472147716], [119.97009881199212, 31.098455472147716], [119.97009881199212, 31.099016503934266], [119.96962481261232, 31.099016503934266]], [[119.97436480641025, 31.097333408574617], [119.97531280516984, 31.097333408574617], [119.97531280516984, 31.096772376788067], [119.97436480641025, 31.096772376788067], [119.97436480641025, 31.097333408574617]], [[119.97057281137191, 31.096211345001514], [119.9715208101315, 31.096211345001514], [119.9715208101315, 31.095650313214964], [119.97057281137191, 31.095650313214964], [119.97057281137191, 31.096211345001514]], [[119.97436480641025, 31.090601027136014], [119.97483880579004, 31.090601027136014], [119.97483880579004, 31.089478963562915], [119.97436480641025, 31.089478963562915], [119.97436480641025, 31.090601027136014]]]}}, {"type": "Feature", "properties": {"threshold_ug_l": 20.0, "area_km2_approx": 0.266}, "geometry": {"type": "Polygon", "coordinates": [[[120.12367461104462, 31.093406186068766], [120.12367461104462, 31.092845154282216], [120.12272661228504, 31.092845154282216], [120.12272661228504, 31.091723090709113], [120.12177861352545, 31.091723090709113], [120.12177861352545, 31.091162058922563], [120.12225261290524, 31.091162058922563], [120.12225261290524, 31.090601027136014], [120.12035661538607, 31.090601027136014], [120.12035661538607, 31.091162058922563], [120.11940861662649, 31.091162058922563], [120.11940861662649, 31.091723090709113], [120.1189346172467, 31.091723090709113], [120.1189346172467, 31.091162058922563], [120.1184606178669, 31.091162058922563], [120.1184606178669, 31.090601027136014], [120.11751261910733, 31.090601027136014], [120.11751261910733, 31.088917931776365], [120.1189346172467, 31.088917931776365], [120.1189346172467, 31.08835689998981], [120.11940861662649, 31.08835689998981], [120.11940861662649, 31.087795868203262], [120.12035661538607, 31.087795868203262], [120.12035661538607, 31.08835689998981], [120.12083061476586, 31.08835689998981], [120.12083061476586, 31.088917931776365], [120.12272661228504, 31.088917931776365], [120.12272661228504, 31.089478963562915], [120.12320061166483, 31.089478963562915], [120.12320061166483, 31.088917931776365], [120.12367461104462, 31.088917931776365], [120.12367461104462, 31.089478963562915], [120.12414861042441, 31.089478963562915], [120.12414861042441, 31.088917931776365], [120.12462260980419, 31.088917931776365], [120.12462260980419, 31.08835689998981], [120.12557060856378, 31.08835689998981], [120.12557060856378, 31.088917931776365], [120.12604460794357, 31.088917931776365], [120.12604460794357, 31.090039995349464], [120.12557060856378, 31.090039995349464], [120.12557060856378, 31.092284122495663], [120.12509660918398, 31.092284122495663], [120.12509660918398, 31.092845154282216], [120.12414861042441, 31.092845154282216], [120.12414861042441, 31.093406186068766], [120.12367461104462, 31.093406186068766]], [[120.12367461104462, 31.091723090709113], [120.12509660918398, 31.091723090709113], [120.12509660918398, 31.091162058922563], [120.12414861042441, 31.091162058922563], [120.12414861042441, 31.090601027136014], [120.12367461104462, 31.090601027136014], [120.12367461104462, 31.091723090709113]]]}}, {"type": "Feature", "properties": {"threshold_ug_l": 20.0, "area_km2_approx": 0.003}, "geometry": {"type": "Polygon", "coordinates": [[[119.97720880268899, 31.087234836416712], [119.97720880268899, 31.086673804630163], [119.97768280206878, 31.086673804630163], [119.97768280206878, 31.087234836416712], [119.97720880268899, 31.087234836416712]]]}}, {"type": "Feature", "properties": {"threshold_ug_l": 20.0, "area_km2_approx": 0.056}, "geometry": {"type": "Polygon", "coordinates": [[[119.96772881509317, 31.087234836416712], [119.96772881509317, 31.086112772843613], [119.96820281447296, 31.086112772843613], [119.96820281447296, 31.085551741057063], [119.96962481261232, 31.085551741057063], [119.96962481261232, 31.086112772843613], [119.9710468107517, 31.086112772843613], [119.9710468107517, 31.085551741057063], [119.97199480951129, 31.085551741057063], [119.97199480951129, 31.086112772843613], [119.97246880889108, 31.086112772843613], [119.97246880889108, 31.086673804630163], [119.97009881199212, 31.086673804630163], [119.97009881199212, 31.087234836416712], [119.96772881509317, 31.087234836416712]]]}}, {"type": "Feature", "properties": {"threshold_ug_l": 20.0, "area_km2_approx": 0.011}, "geometry": {"type": "Polygon", "coordinates": [[[120.03882872206191, 31.085551741057063], [120.03882872206191, 31.08386864569741], [120.0393027214417, 31.08386864569741], [120.0393027214417, 31.08442967748396], [120.0397767208215, 31.08442967748396], [120.0397767208215, 31.084990709270514], [120.0393027214417, 31.084990709270514], [120.0393027214417, 31.085551741057063], [120.03882872206191, 31.085551741057063]]]}}, {"type": "Feature", "properties": {"threshold_ug_l": 20.0, "area_km2_approx": 0.008}, "geometry": {"type": "Polygon", "coordinates": [[[120.07627467306546, 31.085551741057063], [120.07627467306546, 31.084990709270514], [120.07580067368566, 31.084990709270514], [120.07580067368566, 31.08386864569741], [120.07627467306546, 31.08386864569741], [120.07627467306546, 31.084990709270514], [120.07674867244525, 31.084990709270514], [120.07674867244525, 31.085551741057063], [120.07627467306546, 31.085551741057063]]]}}, {"type": "Feature", "properties": {"threshold_ug_l": 20.0, "area_km2_approx": 0.095}, "geometry": {"type": "Polygon", "coordinates": [[[120.01370675493295, 31.088917931776365], [120.01370675493295, 31.08835689998981], [120.01323275555316, 31.08835689998981], [120.01323275555316, 31.087234836416712], [120.01228475679358, 31.087234836416712], [120.01228475679358, 31.086673804630163], [120.01275875617337, 31.086673804630163], [120.01275875617337, 31.086112772843613], [120.01370675493295, 31.086112772843613], [120.01370675493295, 31.085551741057063], [120.01323275555316, 31.085551741057063], [120.01323275555316, 31.084990709270514], [120.01275875617337, 31.084990709270514], [120.01275875617337, 31.08386864569741], [120.01370675493295, 31.08386864569741], [120.01370675493295, 31.08330761391086], [120.01512875307233, 31.08330761391086], [120.01512875307233, 31.08442967748396], [120.01465475369254, 31.08442967748396], [120.01465475369254, 31.085551741057063], [120.01512875307233, 31.085551741057063], [120.01512875307233, 31.086673804630163], [120.01465475369254, 31.086673804630163], [120.01465475369254, 31.087795868203262], [120.01418075431275, 31.087795868203262], [120.01418075431275, 31.088917931776365], [120.01370675493295, 31.088917931776365]]]}}, {"type": "Feature", "properties": {"threshold_ug_l": 20.0, "area_km2_approx": 0.014}, "geometry": {"type": "Polygon", "coordinates": [[[120.04025072020129, 31.084990709270514], [120.04025072020129, 31.08442967748396], [120.04072471958108, 31.08442967748396], [120.04072471958108, 31.08330761391086], [120.04025072020129, 31.08330761391086], [120.04025072020129, 31.08274658212431], [120.04119871896087, 31.08274658212431], [120.04119871896087, 31.08442967748396], [120.04072471958108, 31.08442967748396], [120.04072471958108, 31.084990709270514], [120.04025072020129, 31.084990709270514]]]}}, {"type": "Feature", "properties": {"threshold_ug_l": 20.0, "area_km2_approx": 0.003}, "geometry": {"type": "Polygon", "coordinates": [[[120.0393027214417, 31.08274658212431], [120.0393027214417, 31.082185550337762], [120.0397767208215, 31.082185550337762], [120.0397767208215, 31.08274658212431], [120.0393027214417, 31.08274658212431]]]}}, {"type": "Feature", "properties": {"threshold_ug_l": 20.0, "area_km2_approx": 0.07}, "geometry": {"type": "Polygon", "coordinates": [[[120.00375276795732, 31.08442967748396], [120.00375276795732, 31.08386864569741], [120.00280476919774, 31.08386864569741], [120.00280476919774, 31.08330761391086], [120.00375276795732, 31.08330761391086], [120.00375276795732, 31.08274658212431], [120.00280476919774, 31.08274658212431], [120.00280476919774, 31.082185550337762], [120.00233076981796, 31.082185550337762], [120.00233076981796, 31.081624518551212], [120.00327876857753, 31.081624518551212], [120.00327876857753, 31.08106348676466], [120.00375276795732, 31.08106348676466], [120.00375276795732, 31.08050245497811], [120.00422676733712, 31.08050245497811], [120.00422676733712, 31.08106348676466], [120.00470076671691, 31.08106348676466], [120.00470076671691, 31.081624518551212], [120.0051747660967, 31.081624518551212], [120.0051747660967, 31.082185550337762], [120.0056487654765, 31.082185550337762], [120.0056487654765, 31.08330761391086], [120.00470076671691, 31.08330761391086], [120.00470076671691, 31.08386864569741], [120.00422676733712, 31.08386864569741], [120.00422676733712, 31.08442967748396], [120.00375276795732, 31.08442967748396]]]}}, {"type": "Feature", "properties": {"threshold_ug_l": 20.0, "area_km2_approx": 0.006}, "geometry": {"type": "Polygon", "coordinates": [[[120.03882872206191, 31.081624518551212], [120.03882872206191, 31.08050245497811], [120.0393027214417, 31.08050245497811], [120.0393027214417, 31.081624518551212], [120.03882872206191, 31.081624518551212]]]}}, {"type": "Feature", "properties": {"threshold_ug_l": 20.0, "area_km2_approx": 0.003}, "geometry": {"type": "Polygon", "coordinates": [[[120.13505059615962, 31.08050245497811], [120.13505059615962, 31.07994142319156], [120.13552459553941, 31.07994142319156], [120.13552459553941, 31.08050245497811], [120.13505059615962, 31.08050245497811]]]}}, {"type": "Feature", "properties": {"threshold_ug_l": 20.0, "area_km2_approx": 0.121}, "geometry": {"type": "Polygon", "coordinates": [[[119.95824882749733, 31.087795868203262], [119.95824882749733, 31.087234836416712], [119.95872282687712, 31.087234836416712], [119.95872282687712, 31.086673804630163], [119.95919682625691, 31.086673804630163], [119.95919682625691, 31.085551741057063], [119.9596708256367, 31.085551741057063], [119.9596708256367, 31.08442967748396], [119.9601448250165, 31.08442967748396], [119.9601448250165, 31.08386864569741], [119.96061882439629, 31.08386864569741], [119.96061882439629, 31.08274658212431], [119.96109282377608, 31.08274658212431], [119.96109282377608, 31.082185550337762], [119.96156682315588, 31.082185550337762], [119.96156682315588, 31.08106348676466], [119.96204082253566, 31.08106348676466], [119.96204082253566, 31.08050245497811], [119.96298882129524, 31.08050245497811], [119.96298882129524, 31.07825832783191], [119.96393682005483, 31.07825832783191], [119.96393682005483, 31.077136264258808], [119.96488481881441, 31.077136264258808], [119.96488481881441, 31.07825832783191], [119.96441081943462, 31.07825832783191], [119.96441081943462, 31.08106348676466], [119.96393682005483, 31.08106348676466], [119.96393682005483, 31.081624518551212], [119.96346282067503, 31.081624518551212], [119.96346282067503, 31.08050245497811], [119.96298882129524, 31.08050245497811], [119.96298882129524, 31.081624518551212], [119.96204082253566, 31.081624518551212], [119.96204082253566, 31.082185550337762], [119.96156682315588, 31.082185550337762], [119.96156682315588, 31.08274658212431], [119.96109282377608, 31.08274658212431], [119.96109282377608, 31.085551741057063], [119.96061882439629, 31.085551741057063], [119.96061882439629, 31.086112772843613], [119.9596708256367, 31.086112772843613], [119.9596708256367, 31.086673804630163], [119.95919682625691, 31.086673804630163], [119.95919682625691, 31.087795868203262], [119.95824882749733, 31.087795868203262]]]}}, {"type": "Feature", "properties": {"threshold_ug_l": 20.0, "area_km2_approx": 0.003}, "geometry": {"type": "Polygon", "coordinates": [[[120.12414861042441, 31.07657523247226], [120.12414861042441, 31.07601420068571], [120.12462260980419, 31.07601420068571], [120.12462260980419, 31.07657523247226], [120.12414861042441, 31.07657523247226]]]}}, {"type": "Feature", "properties": {"threshold_ug_l": 20.0, "area_km2_approx": 0.003}, "geometry": {"type": "Polygon", "coordinates": [[[120.10898063027108, 31.07545316889916], [120.10898063027108, 31.07489213711261], [120.10945462965087, 31.07489213711261], [120.10945462965087, 31.07545316889916], [120.10898063027108, 31.07545316889916]]]}}, {"type": "Feature", "properties": {"threshold_ug_l": 20.0, "area_km2_approx": 0.006}, "geometry": {"type": "Polygon", "coordinates": [[[120.06347668981108, 31.07489213711261], [120.06347668981108, 31.07433110532606], [120.06442468857065, 31.07433110532606], [120.06442468857065, 31.07489213711261], [120.06347668981108, 31.07489213711261]]]}}, {"type": "Feature", "properties": {"threshold_ug_l": 20.0, "area_km2_approx": 0.042}, "geometry": {"type": "Polygon", "coordinates": [[[120.05921069539295, 31.07601420068571], [120.05921069539295, 31.07545316889916], [120.05873669601316, 31.07545316889916], [120.05873669601316, 31.073770073539507], [120.06015869415253, 31.073770073539507], [120.06015869415253, 31.07433110532606], [120.06063269353233, 31.07433110532606], [120.06063269353233, 31.07489213711261], [120.06110669291212, 31.07489213711261], [120.06110669291212, 31.07433110532606], [120.0620546916717, 31.07433110532606], [120.0620546916717, 31.07489213711261], [120.06110669291212, 31.07489213711261], [120.06110669291212, 31.07545316889916], [120.05968469477274, 31.07545316889916], [120.05968469477274, 31.07601420068571], [120.05921069539295, 31.07601420068571]]]}}, {"type": "Feature", "properties": {"threshold_ug_l": 20.0, "area_km2_approx": 0.05}, "geometry": {"type": "Polygon", "coordinates": [[[120.00327876857753, 31.07489213711261], [120.00327876857753, 31.07433110532606], [120.00185677043817, 31.07433110532606], [120.00185677043817, 31.073209041752957], [120.00233076981796, 31.073209041752957], [120.00233076981796, 31.073770073539507], [120.00327876857753, 31.073770073539507], [120.00327876857753, 31.073209041752957], [120.0051747660967, 31.073209041752957], [120.0051747660967, 31.073770073539507], [120.00612276485629, 31.073770073539507], [120.00612276485629, 31.07433110532606], [120.0051747660967, 31.07433110532606], [120.0051747660967, 31.07489213711261], [120.00327876857753, 31.07489213711261]]]}}, {"type": "Feature", "properties": {"threshold_ug_l": 20.0, "area_km2_approx": 0.003}, "geometry": {"type": "Polygon", "coordinates": [[[120.10898063027108, 31.073209041752957], [120.10898063027108, 31.072648009966407], [120.10945462965087, 31.072648009966407], [120.10945462965087, 31.073209041752957], [120.10898063027108, 31.073209041752957]]]}}, {"type": "Feature", "properties": {"threshold_ug_l": 20.0, "area_km2_approx": 0.003}, "geometry": {"type": "Polygon", "coordinates": [[[120.15922456452898, 31.073209041752957], [120.15922456452898, 31.072648009966407], [120.15969856390878, 31.072648009966407], [120.15969856390878, 31.073209041752957], [120.15922456452898, 31.073209041752957]]]}}, {"type": "Feature", "properties": {"threshold_ug_l": 20.0, "area_km2_approx": 0.003}, "geometry": {"type": "Polygon", "coordinates": [[[120.16017256328857, 31.073209041752957], [120.16017256328857, 31.072648009966407], [120.16064656266836, 31.072648009966407], [120.16064656266836, 31.073209041752957], [120.16017256328857, 31.073209041752957]]]}}, {"type": "Feature", "properties": {"threshold_ug_l": 20.0, "area_km2_approx": 0.107}, "geometry": {"type": "Polygon", "coordinates": [[[119.97720880268899, 31.07489213711261], [119.97720880268899, 31.07433110532606], [119.97578680454961, 31.07433110532606], [119.97578680454961, 31.073770073539507], [119.9762608039294, 31.073770073539507], [119.9762608039294, 31.073209041752957], [119.9767348033092, 31.073209041752957], [119.9767348033092, 31.072648009966407], [119.97815680144858, 31.072648009966407], [119.97815680144858, 31.072086978179858], [119.98005279896775, 31.072086978179858], [119.98005279896775, 31.072648009966407], [119.98147479710713, 31.072648009966407], [119.98147479710713, 31.073209041752957], [119.98052679834754, 31.073209041752957], [119.98052679834754, 31.07433110532606], [119.98005279896775, 31.07433110532606], [119.98005279896775, 31.07489213711261], [119.97815680144858, 31.07489213711261], [119.97815680144858, 31.07433110532606], [119.97768280206878, 31.07433110532606], [119.97768280206878, 31.07489213711261], [119.97720880268899, 31.07489213711261]]]}}, {"type": "Feature", "properties": {"threshold_ug_l": 20.0, "area_km2_approx": 0.118}, "geometry": {"type": "Polygon", "coordinates": [[[119.988584787804, 31.07881935961846], [119.988584787804, 31.07825832783191], [119.98811078842421, 31.07825832783191], [119.98811078842421, 31.07769729604536], [119.988584787804, 31.07769729604536], [119.988584787804, 31.07657523247226], [119.9890587871838, 31.07657523247226], [119.9890587871838, 31.07545316889916], [119.99000678594336, 31.07545316889916], [119.99000678594336, 31.07489213711261], [119.99048078532316, 31.07489213711261], [119.99048078532316, 31.073770073539507], [119.98953278656357, 31.073770073539507], [119.98953278656357, 31.07433110532606], [119.9890587871838, 31.07433110532606], [119.9890587871838, 31.073770073539507], [119.988584787804, 31.073770073539507], [119.988584787804, 31.073209041752957], [119.9890587871838, 31.073209041752957], [119.9890587871838, 31.072086978179858], [119.99095478470295, 31.072086978179858], [119.99095478470295, 31.073209041752957], [119.99142878408274, 31.073209041752957], [119.99142878408274, 31.07489213711261], [119.99095478470295, 31.07489213711261], [119.99095478470295, 31.07545316889916], [119.99048078532316, 31.07545316889916], [119.99048078532316, 31.07657523247226], [119.99000678594336, 31.07657523247226], [119.99000678594336, 31.077136264258808], [119.99048078532316, 31.077136264258808], [119.99048078532316, 31.07825832783191], [119.99000678594336, 31.07825832783191], [119.99000678594336, 31.07881935961846], [119.988584787804, 31.07881935961846]]]}}, {"type": "Feature", "properties": {"threshold_ug_l": 20.0, "area_km2_approx": 0.006}, "geometry": {"type": "Polygon", "coordinates": [[[120.04404271523961, 31.072086978179858], [120.04404271523961, 31.071525946393308], [120.0449907139992, 31.071525946393308], [120.0449907139992, 31.072086978179858], [120.04404271523961, 31.072086978179858]]]}}, {"type": "Feature", "properties": {"threshold_ug_l": 20.0, "area_km2_approx": 0.003}, "geometry": {"type": "Polygon", "coordinates": [[[120.10992862903066, 31.071525946393308], [120.10992862903066, 31.07096491460676], [120.11040262841045, 31.07096491460676], [120.11040262841045, 31.071525946393308], [120.10992862903066, 31.071525946393308]]]}}, {"type": "Feature", "properties": {"threshold_ug_l": 20.0, "area_km2_approx": 0.011}, "geometry": {"type": "Polygon", "coordinates": [[[120.02887473508629, 31.071525946393308], [120.02887473508629, 31.07096491460676], [120.0284007357065, 31.07096491460676], [120.0284007357065, 31.07040388282021], [120.02887473508629, 31.07040388282021], [120.02887473508629, 31.069842851033656], [120.02934873446608, 31.069842851033656], [120.02934873446608, 31.071525946393308], [120.02887473508629, 31.071525946393308]]]}}, {"type": "Feature", "properties": {"threshold_ug_l": 20.0, "area_km2_approx": 0.062}, "geometry": {"type": "Polygon", "coordinates": [[[120.01939474749045, 31.072648009966407], [120.01939474749045, 31.07096491460676], [120.01892074811066, 31.07096491460676], [120.01892074811066, 31.069281819247106], [120.01939474749045, 31.069281819247106], [120.01939474749045, 31.068720787460556], [120.01986874687024, 31.068720787460556], [120.01986874687024, 31.069281819247106], [120.02129074500962, 31.069281819247106], [120.02129074500962, 31.07040388282021], [120.02081674562983, 31.07040388282021], [120.02081674562983, 31.07096491460676], [120.02034274625004, 31.07096491460676], [120.02034274625004, 31.072086978179858], [120.02081674562983, 31.072086978179858], [120.02081674562983, 31.072648009966407], [120.01939474749045, 31.072648009966407]]]}}, {"type": "Feature", "properties": {"threshold_ug_l": 20.0, "area_km2_approx": 0.003}, "geometry": {"type": "Polygon", "coordinates": [[[120.0284007357065, 31.067598723887457], [120.0284007357065, 31.067037692100907], [120.02887473508629, 31.067037692100907], [120.02887473508629, 31.067598723887457], [120.0284007357065, 31.067598723887457]]]}}, {"type": "Feature", "properties": {"threshold_ug_l": 20.0, "area_km2_approx": 0.003}, "geometry": {"type": "Polygon", "coordinates": [[[120.05399670221524, 31.067037692100907], [120.05399670221524, 31.066476660314358], [120.05447070159504, 31.066476660314358], [120.05447070159504, 31.067037692100907], [120.05399670221524, 31.067037692100907]]]}}, {"type": "Feature", "properties": {"threshold_ug_l": 20.0, "area_km2_approx": 0.006}, "geometry": {"type": "Polygon", "coordinates": [[[120.05304870345566, 31.067037692100907], [120.05304870345566, 31.065915628527804], [120.05352270283545, 31.065915628527804], [120.05352270283545, 31.067037692100907], [120.05304870345566, 31.067037692100907]]]}}, {"type": "Feature", "properties": {"threshold_ug_l": 20.0, "area_km2_approx": 0.017}, "geometry": {"type": "Polygon", "coordinates": [[[120.04973070779712, 31.066476660314358], [120.04973070779712, 31.065354596741255], [120.05115270593649, 31.065354596741255], [120.05115270593649, 31.066476660314358], [120.04973070779712, 31.066476660314358]]]}}, {"type": "Feature", "properties": {"threshold_ug_l": 20.0, "area_km2_approx": 0.003}, "geometry": {"type": "Polygon", "coordinates": [[[120.0284007357065, 31.065354596741255], [120.0284007357065, 31.064793564954705], [120.02887473508629, 31.064793564954705], [120.02887473508629, 31.065354596741255], [120.0284007357065, 31.065354596741255]]]}}, {"type": "Feature", "properties": {"threshold_ug_l": 20.0, "area_km2_approx": 0.003}, "geometry": {"type": "Polygon", "coordinates": [[[120.04973070779712, 31.064232533168155], [120.04973070779712, 31.063671501381606], [120.0502047071769, 31.063671501381606], [120.0502047071769, 31.064232533168155], [120.04973070779712, 31.064232533168155]]]}}, {"type": "Feature", "properties": {"threshold_ug_l": 20.0, "area_km2_approx": 0.006}, "geometry": {"type": "Polygon", "coordinates": [[[120.15780256638962, 31.064232533168155], [120.15780256638962, 31.063110469595056], [120.15827656576941, 31.063110469595056], [120.15827656576941, 31.064232533168155], [120.15780256638962, 31.064232533168155]]]}}, {"type": "Feature", "properties": {"threshold_ug_l": 20.0, "area_km2_approx": 0.006}, "geometry": {"type": "Polygon", "coordinates": [[[120.1412125880969, 31.063671501381606], [120.1412125880969, 31.062549437808507], [120.1416865874767, 31.062549437808507], [120.1416865874767, 31.063671501381606], [120.1412125880969, 31.063671501381606]]]}}, {"type": "Feature", "properties": {"threshold_ug_l": 20.0, "area_km2_approx": 0.006}, "geometry": {"type": "Polygon", "coordinates": [[[120.10044864143482, 31.063110469595056], [120.10044864143482, 31.061988406021953], [120.10092264081462, 31.061988406021953], [120.10092264081462, 31.063110469595056], [120.10044864143482, 31.063110469595056]]]}}, {"type": "Feature", "properties": {"threshold_ug_l": 20.0, "area_km2_approx": 0.028}, "geometry": {"type": "Polygon", "coordinates": [[[120.09476064887733, 31.059183247089205], [120.09476064887733, 31.058622215302652], [120.09428664949753, 31.058622215302652], [120.09428664949753, 31.057500151729553], [120.09570864763691, 31.057500151729553], [120.09570864763691, 31.058061183516102], [120.0961826470167, 31.058061183516102], [120.0961826470167, 31.057500151729553], [120.09713064577629, 31.057500151729553], [120.09713064577629, 31.058061183516102], [120.0961826470167, 31.058061183516102], [120.0961826470167, 31.058622215302652], [120.09523464825712, 31.058622215302652], [120.09523464825712, 31.059183247089205], [120.09476064887733, 31.059183247089205]]]}}, {"type": "Feature", "properties": {"threshold_ug_l": 20.0, "area_km2_approx": 0.003}, "geometry": {"type": "Polygon", "coordinates": [[[120.0449907139992, 31.057500151729553], [120.0449907139992, 31.056939119943003], [120.04546471337899, 31.056939119943003], [120.04546471337899, 31.057500151729553], [120.0449907139992, 31.057500151729553]]]}}, {"type": "Feature", "properties": {"threshold_ug_l": 20.0, "area_km2_approx": 0.067}, "geometry": {"type": "Polygon", "coordinates": [[[120.02887473508629, 31.058622215302652], [120.02887473508629, 31.058061183516102], [120.02934873446608, 31.058061183516102], [120.02934873446608, 31.057500151729553], [120.02887473508629, 31.057500151729553], [120.02887473508629, 31.056939119943003], [120.02934873446608, 31.056939119943003], [120.02934873446608, 31.055256024583354], [120.03077073260545, 31.055256024583354], [120.03077073260545, 31.056378088156453], [120.03219273074482, 31.056378088156453], [120.03219273074482, 31.056939119943003], [120.03171873136503, 31.056939119943003], [120.03171873136503, 31.057500151729553], [120.03124473198524, 31.057500151729553], [120.03124473198524, 31.056939119943003], [120.03029673322565, 31.056939119943003], [120.03029673322565, 31.058061183516102], [120.03171873136503, 31.058061183516102], [120.03171873136503, 31.058622215302652], [120.02887473508629, 31.058622215302652]]]}}, {"type": "Feature", "properties": {"threshold_ug_l": 20.0, "area_km2_approx": 0.017}, "geometry": {"type": "Polygon", "coordinates": [[[120.13457659677982, 31.055817056369904], [120.13457659677982, 31.055256024583354], [120.13505059615962, 31.055256024583354], [120.13505059615962, 31.0546949927968], [120.136472594299, 31.0546949927968], [120.136472594299, 31.055256024583354], [120.1359985949192, 31.055256024583354], [120.1359985949192, 31.055817056369904], [120.13457659677982, 31.055817056369904]]]}}, {"type": "Feature", "properties": {"threshold_ug_l": 20.0, "area_km2_approx": 0.02}, "geometry": {"type": "Polygon", "coordinates": [[[120.09096865383898, 31.055817056369904], [120.09096865383898, 31.055256024583354], [120.0904946544592, 31.055256024583354], [120.0904946544592, 31.05413396101025], [120.09144265321878, 31.05413396101025], [120.09144265321878, 31.0546949927968], [120.09191665259857, 31.0546949927968], [120.09191665259857, 31.055817056369904], [120.09096865383898, 31.055817056369904]]]}}, {"type": "Feature", "properties": {"threshold_ug_l": 20.0, "area_km2_approx": 0.045}, "geometry": {"type": "Polygon", "coordinates": [[[120.10281863833379, 31.056378088156453], [120.10281863833379, 31.055256024583354], [120.1018706395742, 31.055256024583354], [120.1018706395742, 31.05413396101025], [120.10281863833379, 31.05413396101025], [120.10281863833379, 31.053011897437152], [120.10376663709337, 31.053011897437152], [120.10376663709337, 31.0546949927968], [120.10424063647316, 31.0546949927968], [120.10424063647316, 31.055256024583354], [120.10376663709337, 31.055256024583354], [120.10376663709337, 31.055817056369904], [120.10329263771358, 31.055817056369904], [120.10329263771358, 31.056378088156453], [120.10281863833379, 31.056378088156453]]]}}, {"type": "Feature", "properties": {"threshold_ug_l": 20.0, "area_km2_approx": 0.365}, "geometry": {"type": "Polygon", "coordinates": [[[120.01702475059149, 31.059183247089205], [120.01702475059149, 31.058622215302652], [120.0165507512117, 31.058622215302652], [120.0165507512117, 31.058061183516102], [120.01607675183192, 31.058061183516102], [120.01607675183192, 31.057500151729553], [120.01560275245212, 31.057500151729553], [120.01560275245212, 31.056378088156453], [120.01607675183192, 31.056378088156453], [120.01607675183192, 31.055817056369904], [120.0165507512117, 31.055817056369904], [120.0165507512117, 31.055256024583354], [120.01560275245212, 31.055256024583354], [120.01560275245212, 31.0546949927968], [120.01607675183192, 31.0546949927968], [120.01607675183192, 31.05413396101025], [120.0165507512117, 31.05413396101025], [120.0165507512117, 31.0535729292237], [120.01749874997128, 31.0535729292237], [120.01749874997128, 31.053011897437152], [120.01939474749045, 31.053011897437152], [120.01939474749045, 31.052450865650602], [120.02081674562983, 31.052450865650602], [120.02081674562983, 31.051889833864053], [120.02176474438942, 31.051889833864053], [120.02176474438942, 31.053011897437152], [120.02129074500962, 31.053011897437152], [120.02129074500962, 31.0535729292237], [120.02223874376921, 31.0535729292237], [120.02223874376921, 31.0546949927968], [120.02129074500962, 31.0546949927968], [120.02129074500962, 31.055817056369904], [120.02176474438942, 31.055817056369904], [120.02176474438942, 31.055256024583354], [120.02223874376921, 31.055256024583354], [120.02223874376921, 31.055817056369904], [120.02318674252878, 31.055817056369904], [120.02318674252878, 31.056378088156453], [120.022712743149, 31.056378088156453], [120.022712743149, 31.056939119943003], [120.02223874376921, 31.056939119943003], [120.02223874376921, 31.057500151729553], [120.02129074500962, 31.057500151729553], [120.02129074500962, 31.058061183516102], [120.02081674562983, 31.058061183516102], [120.02081674562983, 31.058622215302652], [120.02034274625004, 31.058622215302652], [120.02034274625004, 31.059183247089205], [120.01939474749045, 31.059183247089205], [120.01939474749045, 31.058622215302652], [120.01749874997128, 31.058622215302652], [120.01749874997128, 31.059183247089205], [120.01702475059149, 31.059183247089205]]]}}, {"type": "Feature", "properties": {"threshold_ug_l": 20.0, "area_km2_approx": 0.028}, "geometry": {"type": "Polygon", "coordinates": [[[120.08907265631983, 31.05413396101025], [120.08907265631983, 31.0535729292237], [120.08954665569962, 31.0535729292237], [120.08954665569962, 31.053011897437152], [120.09002065507941, 31.053011897437152], [120.09002065507941, 31.051889833864053], [120.09096865383898, 31.051889833864053], [120.09096865383898, 31.052450865650602], [120.09191665259857, 31.052450865650602], [120.09191665259857, 31.053011897437152], [120.09096865383898, 31.053011897437152], [120.09096865383898, 31.0535729292237], [120.08954665569962, 31.0535729292237], [120.08954665569962, 31.05413396101025], [120.08907265631983, 31.05413396101025]]]}}, {"type": "Feature", "properties": {"threshold_ug_l": 20.0, "area_km2_approx": 0.003}, "geometry": {"type": "Polygon", "coordinates": [[[120.01939474749045, 31.051889833864053], [120.01939474749045, 31.0513288020775], [120.01986874687024, 31.0513288020775], [120.01986874687024, 31.051889833864053], [120.01939474749045, 31.051889833864053]]]}}, {"type": "Feature", "properties": {"threshold_ug_l": 20.0, "area_km2_approx": 0.003}, "geometry": {"type": "Polygon", "coordinates": [[[120.022712743149, 31.0513288020775], [120.022712743149, 31.05076777029095], [120.02318674252878, 31.05076777029095], [120.02318674252878, 31.0513288020775], [120.022712743149, 31.0513288020775]]]}}, {"type": "Feature", "properties": {"threshold_ug_l": 20.0, "area_km2_approx": 0.109}, "geometry": {"type": "Polygon", "coordinates": [[[120.02603073880753, 31.055256024583354], [120.02603073880753, 31.05413396101025], [120.02555673942774, 31.05413396101025], [120.02555673942774, 31.0535729292237], [120.02508274004795, 31.0535729292237], [120.02508274004795, 31.05413396101025], [120.02460874066816, 31.05413396101025], [120.02460874066816, 31.0535729292237], [120.02413474128836, 31.0535729292237], [120.02413474128836, 31.05413396101025], [120.02318674252878, 31.05413396101025], [120.02318674252878, 31.0535729292237], [120.022712743149, 31.0535729292237], [120.022712743149, 31.051889833864053], [120.02413474128836, 31.051889833864053], [120.02413474128836, 31.052450865650602], [120.02460874066816, 31.052450865650602], [120.02460874066816, 31.051889833864053], [120.02508274004795, 31.051889833864053], [120.02508274004795, 31.0513288020775], [120.02460874066816, 31.0513288020775], [120.02460874066816, 31.05076777029095], [120.02508274004795, 31.05076777029095], [120.02508274004795, 31.0502067385044], [120.02603073880753, 31.0502067385044], [120.02603073880753, 31.05076777029095], [120.02650473818733, 31.05076777029095], [120.02650473818733, 31.051889833864053], [120.02603073880753, 31.051889833864053], [120.02603073880753, 31.052450865650602], [120.02650473818733, 31.052450865650602], [120.02650473818733, 31.05413396101025], [120.02697873756712, 31.05413396101025], [120.02697873756712, 31.0546949927968], [120.02650473818733, 31.0546949927968], [120.02650473818733, 31.055256024583354], [120.02603073880753, 31.055256024583354]]]}}, {"type": "Feature", "properties": {"threshold_ug_l": 20.0, "area_km2_approx": 0.003}, "geometry": {"type": "Polygon", "coordinates": [[[120.02366074190857, 31.05076777029095], [120.02366074190857, 31.0502067385044], [120.02413474128836, 31.0502067385044], [120.02413474128836, 31.05076777029095], [120.02366074190857, 31.05076777029095]]]}}, {"type": "Feature", "properties": {"threshold_ug_l": 20.0, "area_km2_approx": 0.003}, "geometry": {"type": "Polygon", "coordinates": [[[120.10376663709337, 31.0502067385044], [120.10376663709337, 31.04964570671785], [120.10424063647316, 31.04964570671785], [120.10424063647316, 31.0502067385044], [120.10376663709337, 31.0502067385044]]]}}, {"type": "Feature", "properties": {"threshold_ug_l": 20.0, "area_km2_approx": 0.003}, "geometry": {"type": "Polygon", "coordinates": [[[120.1075586321317, 31.0502067385044], [120.1075586321317, 31.04964570671785], [120.10803263151149, 31.04964570671785], [120.10803263151149, 31.0502067385044], [120.1075586321317, 31.0502067385044]]]}}, {"type": "Feature", "properties": {"threshold_ug_l": 20.0, "area_km2_approx": 0.16}, "geometry": {"type": "Polygon", "coordinates": [[[120.10518863523274, 31.055817056369904], [120.10518863523274, 31.055256024583354], [120.10471463585294, 31.055256024583354], [120.10471463585294, 31.05413396101025], [120.10518863523274, 31.05413396101025], [120.10518863523274, 31.0502067385044], [120.10471463585294, 31.0502067385044], [120.10471463585294, 31.04964570671785], [120.10566263461253, 31.04964570671785], [120.10566263461253, 31.0490846749313], [120.10613663399232, 31.0490846749313], [120.10613663399232, 31.04964570671785], [120.10661063337211, 31.04964570671785], [120.10661063337211, 31.0513288020775], [120.1070846327519, 31.0513288020775], [120.1070846327519, 31.051889833864053], [120.1075586321317, 31.051889833864053], [120.1075586321317, 31.053011897437152], [120.10803263151149, 31.053011897437152], [120.10803263151149, 31.05413396101025], [120.10850663089128, 31.05413396101025], [120.10850663089128, 31.0535729292237], [120.10898063027108, 31.0535729292237], [120.10898063027108, 31.0546949927968], [120.10850663089128, 31.0546949927968], [120.10850663089128, 31.055256024583354], [120.10803263151149, 31.055256024583354], [120.10803263151149, 31.0546949927968], [120.1075586321317, 31.0546949927968], [120.1075586321317, 31.055256024583354], [120.10566263461253, 31.055256024583354], [120.10566263461253, 31.055817056369904], [120.10518863523274, 31.055817056369904]], [[120.1070846327519, 31.0535729292237], [120.1075586321317, 31.0535729292237], [120.1075586321317, 31.053011897437152], [120.1070846327519, 31.053011897437152], [120.1070846327519, 31.0535729292237]], [[120.10661063337211, 31.052450865650602], [120.1070846327519, 31.052450865650602], [120.1070846327519, 31.051889833864053], [120.10661063337211, 31.051889833864053], [120.10661063337211, 31.052450865650602]]]}}, {"type": "Feature", "properties": {"threshold_ug_l": 20.0, "area_km2_approx": 0.017}, "geometry": {"type": "Polygon", "coordinates": [[[120.09002065507941, 31.0502067385044], [120.09002065507941, 31.04852364314475], [120.09096865383898, 31.04852364314475], [120.09096865383898, 31.0502067385044], [120.09002065507941, 31.0502067385044]]]}}, {"type": "Feature", "properties": {"threshold_ug_l": 20.0, "area_km2_approx": 0.039}, "geometry": {"type": "Polygon", "coordinates": [[[120.23506446529565, 31.04964570671785], [120.23506446529565, 31.0490846749313], [120.23459046591586, 31.0490846749313], [120.23459046591586, 31.04852364314475], [120.23506446529565, 31.04852364314475], [120.23506446529565, 31.0479626113582], [120.23696046281482, 31.0479626113582], [120.23696046281482, 31.04852364314475], [120.23743446219461, 31.04852364314475], [120.23743446219461, 31.0490846749313], [120.23696046281482, 31.0490846749313], [120.23696046281482, 31.04964570671785], [120.23506446529565, 31.04964570671785]]]}}, {"type": "Feature", "properties": {"threshold_ug_l": 20.0, "area_km2_approx": 0.062}, "geometry": {"type": "Polygon", "coordinates": [[[120.03882872206191, 31.04964570671785], [120.03882872206191, 31.0490846749313], [120.03788072330232, 31.0490846749313], [120.03788072330232, 31.04852364314475], [120.03835472268212, 31.04852364314475], [120.03835472268212, 31.04740157957165], [120.04167271834066, 31.04740157957165], [120.04167271834066, 31.04852364314475], [120.04119871896087, 31.04852364314475], [120.04119871896087, 31.0479626113582], [120.04072471958108, 31.0479626113582], [120.04072471958108, 31.0490846749313], [120.04025072020129, 31.0490846749313], [120.04025072020129, 31.04964570671785], [120.03882872206191, 31.04964570671785]]]}}, {"type": "Feature", "properties": {"threshold_ug_l": 20.0, "area_km2_approx": 0.008}, "geometry": {"type": "Polygon", "coordinates": [[[120.0051747660967, 31.04852364314475], [120.0051747660967, 31.0479626113582], [120.00470076671691, 31.0479626113582], [120.00470076671691, 31.04740157957165], [120.0051747660967, 31.04740157957165], [120.0051747660967, 31.0479626113582], [120.00612276485629, 31.0479626113582], [120.00612276485629, 31.04852364314475], [120.0051747660967, 31.04852364314475]]]}}, {"type": "Feature", "properties": {"threshold_ug_l": 20.0, "area_km2_approx": 0.132}, "geometry": {"type": "Polygon", "coordinates": [[[120.07532667430587, 31.04964570671785], [120.07532667430587, 31.0490846749313], [120.07437867554628, 31.0490846749313], [120.07437867554628, 31.04852364314475], [120.07390467616649, 31.04852364314475], [120.07390467616649, 31.0479626113582], [120.07437867554628, 31.0479626113582], [120.07437867554628, 31.0468405477851], [120.07485267492608, 31.0468405477851], [120.07485267492608, 31.04403538885235], [120.07627467306546, 31.04403538885235], [120.07627467306546, 31.0445964206389], [120.07674867244525, 31.0445964206389], [120.07674867244525, 31.04515745242545], [120.07722267182503, 31.04515745242545], [120.07722267182503, 31.0479626113582], [120.07674867244525, 31.0479626113582], [120.07674867244525, 31.0490846749313], [120.07627467306546, 31.0490846749313], [120.07627467306546, 31.04964570671785], [120.07532667430587, 31.04964570671785]]]}}, {"type": "Feature", "properties": {"threshold_ug_l": 20.0, "area_km2_approx": 0.014}, "geometry": {"type": "Polygon", "coordinates": [[[120.26634842436191, 31.045718484212], [120.26634842436191, 31.04403538885235], [120.2668224237417, 31.04403538885235], [120.2668224237417, 31.0445964206389], [120.26777042250127, 31.0445964206389], [120.26777042250127, 31.04515745242545], [120.2668224237417, 31.04515745242545], [120.2668224237417, 31.045718484212], [120.26634842436191, 31.045718484212]]]}}, {"type": "Feature", "properties": {"threshold_ug_l": 20.0, "area_km2_approx": 0.014}, "geometry": {"type": "Polygon", "coordinates": [[[120.24501845227128, 31.0445964206389], [120.24501845227128, 31.04403538885235], [120.24454445289149, 31.04403538885235], [120.24454445289149, 31.043474357065797], [120.24501845227128, 31.043474357065797], [120.24501845227128, 31.04403538885235], [120.24691444979044, 31.04403538885235], [120.24691444979044, 31.0445964206389], [120.24501845227128, 31.0445964206389]]]}}, {"type": "Feature", "properties": {"threshold_ug_l": 20.0, "area_km2_approx": 0.034}, "geometry": {"type": "Polygon", "coordinates": [[[120.01844674873087, 31.0445964206389], [120.01844674873087, 31.043474357065797], [120.01892074811066, 31.043474357065797], [120.01892074811066, 31.04403538885235], [120.01939474749045, 31.04403538885235], [120.01939474749045, 31.042913325279248], [120.02081674562983, 31.042913325279248], [120.02081674562983, 31.043474357065797], [120.02129074500962, 31.043474357065797], [120.02129074500962, 31.04403538885235], [120.02034274625004, 31.04403538885235], [120.02034274625004, 31.0445964206389], [120.01844674873087, 31.0445964206389]]]}}, {"type": "Feature", "properties": {"threshold_ug_l": 20.0, "area_km2_approx": 0.084}, "geometry": {"type": "Polygon", "coordinates": [[[120.19003452421545, 31.04403538885235], [120.19003452421545, 31.043474357065797], [120.18908652545586, 31.043474357065797], [120.18908652545586, 31.042913325279248], [120.19003452421545, 31.042913325279248], [120.19003452421545, 31.0412302299196], [120.19193052173462, 31.0412302299196], [120.19193052173462, 31.041791261706148], [120.1924045211144, 31.041791261706148], [120.1924045211144, 31.042913325279248], [120.19287852049419, 31.042913325279248], [120.19287852049419, 31.042352293492698], [120.19335251987398, 31.042352293492698], [120.19335251987398, 31.043474357065797], [120.19287852049419, 31.043474357065797], [120.19287852049419, 31.04403538885235], [120.19003452421545, 31.04403538885235]]]}}, {"type": "Feature", "properties": {"threshold_ug_l": 20.0, "area_km2_approx": 0.017}, "geometry": {"type": "Polygon", "coordinates": [[[120.11609062096795, 31.042352293492698], [120.11609062096795, 31.041791261706148], [120.11514262220837, 31.041791261706148], [120.11514262220837, 31.0412302299196], [120.11561662158816, 31.0412302299196], [120.11561662158816, 31.04066919813305], [120.11656462034775, 31.04066919813305], [120.11656462034775, 31.042352293492698], [120.11609062096795, 31.042352293492698]]]}}, {"type": "Feature", "properties": {"threshold_ug_l": 20.0, "area_km2_approx": 0.003}, "geometry": {"type": "Polygon", "coordinates": [[[120.11798661848711, 31.038986102773396], [120.11798661848711, 31.038425070986847], [120.1184606178669, 31.038425070986847], [120.1184606178669, 31.038986102773396], [120.11798661848711, 31.038986102773396]]]}}, {"type": "Feature", "properties": {"threshold_ug_l": 20.0, "area_km2_approx": 0.006}, "geometry": {"type": "Polygon", "coordinates": [[[119.9890587871838, 31.037303007413747], [119.9890587871838, 31.036180943840645], [119.98953278656357, 31.036180943840645], [119.98953278656357, 31.037303007413747], [119.9890587871838, 31.037303007413747]]]}}, {"type": "Feature", "properties": {"threshold_ug_l": 20.0, "area_km2_approx": 0.011}, "geometry": {"type": "Polygon", "coordinates": [[[120.07722267182503, 31.037303007413747], [120.07722267182503, 31.036741975627198], [120.07674867244525, 31.036741975627198], [120.07674867244525, 31.036180943840645], [120.07769667120482, 31.036180943840645], [120.07769667120482, 31.036741975627198], [120.07817067058461, 31.036741975627198], [120.07817067058461, 31.037303007413747], [120.07722267182503, 31.037303007413747]]]}}, {"type": "Feature", "properties": {"threshold_ug_l": 20.0, "area_km2_approx": 0.079}, "geometry": {"type": "Polygon", "coordinates": [[[120.1189346172467, 31.038425070986847], [120.1189346172467, 31.037864039200297], [120.1184606178669, 31.037864039200297], [120.1184606178669, 31.037303007413747], [120.1189346172467, 31.037303007413747], [120.1189346172467, 31.036741975627198], [120.11940861662649, 31.036741975627198], [120.11940861662649, 31.036180943840645], [120.12083061476586, 31.036180943840645], [120.12083061476586, 31.035619912054095], [120.12177861352545, 31.035619912054095], [120.12177861352545, 31.036741975627198], [120.12272661228504, 31.036741975627198], [120.12272661228504, 31.037303007413747], [120.12225261290524, 31.037303007413747], [120.12225261290524, 31.037864039200297], [120.12130461414566, 31.037864039200297], [120.12130461414566, 31.038425070986847], [120.1189346172467, 31.038425070986847]]]}}, {"type": "Feature", "properties": {"threshold_ug_l": 20.0, "area_km2_approx": 0.025}, "geometry": {"type": "Polygon", "coordinates": [[[120.24738844917023, 31.036741975627198], [120.24738844917023, 31.036180943840645], [120.24644045041066, 31.036180943840645], [120.24644045041066, 31.035619912054095], [120.24691444979044, 31.035619912054095], [120.24691444979044, 31.035058880267545], [120.24786244855002, 31.035058880267545], [120.24786244855002, 31.035619912054095], [120.24833644792982, 31.035619912054095], [120.24833644792982, 31.036180943840645], [120.24881044730961, 31.036180943840645], [120.24881044730961, 31.036741975627198], [120.24738844917023, 31.036741975627198]]]}}, {"type": "Feature", "properties": {"threshold_ug_l": 20.0, "area_km2_approx": 0.003}, "geometry": {"type": "Polygon", "coordinates": [[[120.11087662779025, 31.035619912054095], [120.11087662779025, 31.035058880267545], [120.11135062717003, 31.035058880267545], [120.11135062717003, 31.035619912054095], [120.11087662779025, 31.035619912054095]]]}}, {"type": "Feature", "properties": {"threshold_ug_l": 20.0, "area_km2_approx": 0.011}, "geometry": {"type": "Polygon", "coordinates": [[[120.2834124020344, 31.035058880267545], [120.2834124020344, 31.034497848480996], [120.28293840265461, 31.034497848480996], [120.28293840265461, 31.033936816694446], [120.28436040079399, 31.033936816694446], [120.28436040079399, 31.034497848480996], [120.2838864014142, 31.034497848480996], [120.2838864014142, 31.035058880267545], [120.2834124020344, 31.035058880267545]]]}}, {"type": "Feature", "properties": {"threshold_ug_l": 20.0, "area_km2_approx": 0.006}, "geometry": {"type": "Polygon", "coordinates": [[[120.03645872516296, 31.034497848480996], [120.03645872516296, 31.033936816694446], [120.03740672392253, 31.033936816694446], [120.03740672392253, 31.034497848480996], [120.03645872516296, 31.034497848480996]]]}}, {"type": "Feature", "properties": {"threshold_ug_l": 20.0, "area_km2_approx": 0.006}, "geometry": {"type": "Polygon", "coordinates": [[[120.28246440327482, 31.033375784907896], [120.28246440327482, 31.032253721334794], [120.28293840265461, 31.032253721334794], [120.28293840265461, 31.033375784907896], [120.28246440327482, 31.033375784907896]]]}}, {"type": "Feature", "properties": {"threshold_ug_l": 20.0, "area_km2_approx": 0.003}, "geometry": {"type": "Polygon", "coordinates": [[[120.2834124020344, 31.032814753121347], [120.2834124020344, 31.032253721334794], [120.2838864014142, 31.032253721334794], [120.2838864014142, 31.032814753121347], [120.2834124020344, 31.032814753121347]]]}}, {"type": "Feature", "properties": {"threshold_ug_l": 20.0, "area_km2_approx": 0.003}, "geometry": {"type": "Polygon", "coordinates": [[[120.07248267802711, 31.032253721334794], [120.07248267802711, 31.031692689548244], [120.0729566774069, 31.031692689548244], [120.0729566774069, 31.032253721334794], [120.07248267802711, 31.032253721334794]]]}}, {"type": "Feature", "properties": {"threshold_ug_l": 20.0, "area_km2_approx": 0.003}, "geometry": {"type": "Polygon", "coordinates": [[[120.25544643862669, 31.031131657761694], [120.25544643862669, 31.030570625975145], [120.25592043800648, 31.030570625975145], [120.25592043800648, 31.031131657761694], [120.25544643862669, 31.031131657761694]]]}}, {"type": "Feature", "properties": {"threshold_ug_l": 20.0, "area_km2_approx": 0.006}, "geometry": {"type": "Polygon", "coordinates": [[[120.20567650374858, 31.030570625975145], [120.20567650374858, 31.030009594188595], [120.20662450250815, 31.030009594188595], [120.20662450250815, 31.030570625975145], [120.20567650374858, 31.030570625975145]]]}}, {"type": "Feature", "properties": {"threshold_ug_l": 20.0, "area_km2_approx": 0.003}, "geometry": {"type": "Polygon", "coordinates": [[[120.28009440637587, 31.029448562402045], [120.28009440637587, 31.028887530615492], [120.28056840575564, 31.028887530615492], [120.28056840575564, 31.029448562402045], [120.28009440637587, 31.029448562402045]]]}}, {"type": "Feature", "properties": {"threshold_ug_l": 20.0, "area_km2_approx": 0.065}, "geometry": {"type": "Polygon", "coordinates": [[[120.10044864143482, 31.030009594188595], [120.10044864143482, 31.028887530615492], [120.09997464205503, 31.028887530615492], [120.09997464205503, 31.027765467042393], [120.10092264081462, 31.027765467042393], [120.10092264081462, 31.027204435255843], [120.102344638954, 31.027204435255843], [120.102344638954, 31.027765467042393], [120.10281863833379, 31.027765467042393], [120.10281863833379, 31.028887530615492], [120.102344638954, 31.028887530615492], [120.102344638954, 31.030009594188595], [120.10044864143482, 31.030009594188595]]]}}, {"type": "Feature", "properties": {"threshold_ug_l": 20.0, "area_km2_approx": 0.014}, "geometry": {"type": "Polygon", "coordinates": [[[120.28151640451523, 31.028887530615492], [120.28151640451523, 31.028326498828942], [120.28104240513544, 31.028326498828942], [120.28104240513544, 31.027765467042393], [120.28151640451523, 31.027765467042393], [120.28151640451523, 31.027204435255843], [120.28104240513544, 31.027204435255843], [120.28104240513544, 31.026643403469294], [120.28056840575564, 31.026643403469294], [120.28056840575564, 31.026082371682744], [120.28104240513544, 31.026082371682744], [120.28104240513544, 31.026643403469294], [120.28151640451523, 31.026643403469294], [120.28151640451523, 31.027204435255843], [120.28199040389502, 31.027204435255843], [120.28199040389502, 31.027765467042393], [120.28151640451523, 31.027765467042393], [120.28151640451523, 31.028326498828942], [120.28199040389502, 31.028326498828942], [120.28199040389502, 31.028887530615492], [120.28151640451523, 31.028887530615492]]]}}, {"type": "Feature", "properties": {"threshold_ug_l": 20.0, "area_km2_approx": 0.006}, "geometry": {"type": "Polygon", "coordinates": [[[120.00233076981796, 31.026643403469294], [120.00233076981796, 31.026082371682744], [120.00327876857753, 31.026082371682744], [120.00327876857753, 31.026643403469294], [120.00233076981796, 31.026643403469294]]]}}, {"type": "Feature", "properties": {"threshold_ug_l": 20.0, "area_km2_approx": 0.022}, "geometry": {"type": "Polygon", "coordinates": [[[120.29858038218774, 31.030009594188595], [120.29858038218774, 31.026643403469294], [120.29810638280794, 31.026643403469294], [120.29810638280794, 31.026082371682744], [120.29763238342815, 31.026082371682744], [120.29763238342815, 31.025521339896194], [120.29810638280794, 31.025521339896194], [120.29810638280794, 31.026082371682744], [120.29858038218774, 31.026082371682744], [120.29858038218774, 31.026643403469294], [120.29905438156753, 31.026643403469294], [120.29905438156753, 31.030009594188595], [120.29858038218774, 31.030009594188595]]]}}, {"type": "Feature", "properties": {"threshold_ug_l": 20.0, "area_km2_approx": 0.006}, "geometry": {"type": "Polygon", "coordinates": [[[120.17107454902379, 31.025521339896194], [120.17107454902379, 31.02496030810964], [120.17202254778337, 31.02496030810964], [120.17202254778337, 31.025521339896194], [120.17107454902379, 31.025521339896194]]]}}, {"type": "Feature", "properties": {"threshold_ug_l": 20.0, "area_km2_approx": 0.003}, "geometry": {"type": "Polygon", "coordinates": [[[120.29621038528877, 31.02496030810964], [120.29621038528877, 31.02439927632309], [120.29668438466857, 31.02439927632309], [120.29668438466857, 31.02496030810964], [120.29621038528877, 31.02496030810964]]]}}, {"type": "Feature", "properties": {"threshold_ug_l": 20.0, "area_km2_approx": 0.039}, "geometry": {"type": "Polygon", "coordinates": [[[120.00375276795732, 31.026082371682744], [120.00375276795732, 31.025521339896194], [120.00470076671691, 31.025521339896194], [120.00470076671691, 31.02496030810964], [120.0056487654765, 31.02496030810964], [120.0056487654765, 31.02439927632309], [120.00612276485629, 31.02439927632309], [120.00612276485629, 31.02383824453654], [120.00801876237546, 31.02383824453654], [120.00801876237546, 31.02439927632309], [120.00612276485629, 31.02439927632309], [120.00612276485629, 31.02496030810964], [120.00659676423608, 31.02496030810964], [120.00659676423608, 31.025521339896194], [120.00612276485629, 31.025521339896194], [120.00612276485629, 31.026082371682744], [120.00375276795732, 31.026082371682744]]]}}, {"type": "Feature", "properties": {"threshold_ug_l": 20.0, "area_km2_approx": 0.003}, "geometry": {"type": "Polygon", "coordinates": [[[120.27156241753961, 31.02439927632309], [120.27156241753961, 31.02383824453654], [120.2720364169194, 31.02383824453654], [120.2720364169194, 31.02439927632309], [120.27156241753961, 31.02439927632309]]]}}, {"type": "Feature", "properties": {"threshold_ug_l": 20.0, "area_km2_approx": 0.003}, "geometry": {"type": "Polygon", "coordinates": [[[120.27298441567899, 31.02383824453654], [120.27298441567899, 31.023277212749992], [120.27345841505878, 31.023277212749992], [120.27345841505878, 31.02383824453654], [120.27298441567899, 31.02383824453654]]]}}, {"type": "Feature", "properties": {"threshold_ug_l": 20.0, "area_km2_approx": 0.003}, "geometry": {"type": "Polygon", "coordinates": [[[120.27535441257794, 31.02383824453654], [120.27535441257794, 31.023277212749992], [120.27582841195773, 31.023277212749992], [120.27582841195773, 31.02383824453654], [120.27535441257794, 31.02383824453654]]]}}, {"type": "Feature", "properties": {"threshold_ug_l": 20.0, "area_km2_approx": 0.008}, "geometry": {"type": "Polygon", "coordinates": [[[120.03171873136503, 31.022716180963442], [120.03171873136503, 31.022155149176893], [120.03314072950441, 31.022155149176893], [120.03314072950441, 31.022716180963442], [120.03171873136503, 31.022716180963442]]]}}, {"type": "Feature", "properties": {"threshold_ug_l": 20.0, "area_km2_approx": 0.003}, "geometry": {"type": "Polygon", "coordinates": [[[120.27962040699607, 31.022716180963442], [120.27962040699607, 31.022155149176893], [120.28009440637587, 31.022155149176893], [120.28009440637587, 31.022716180963442], [120.27962040699607, 31.022716180963442]]]}}, {"type": "Feature", "properties": {"threshold_ug_l": 20.0, "area_km2_approx": 0.006}, "geometry": {"type": "Polygon", "coordinates": [[[120.29194439087065, 31.022716180963442], [120.29194439087065, 31.021594117390343], [120.29241839025045, 31.021594117390343], [120.29241839025045, 31.022716180963442], [120.29194439087065, 31.022716180963442]]]}}, {"type": "Feature", "properties": {"threshold_ug_l": 20.0, "area_km2_approx": 0.003}, "geometry": {"type": "Polygon", "coordinates": [[[120.27630241133753, 31.022155149176893], [120.27630241133753, 31.021594117390343], [120.27677641071732, 31.021594117390343], [120.27677641071732, 31.022155149176893], [120.27630241133753, 31.022155149176893]]]}}, {"type": "Feature", "properties": {"threshold_ug_l": 20.0, "area_km2_approx": 0.003}, "geometry": {"type": "Polygon", "coordinates": [[[120.18197653475899, 31.021594117390343], [120.18197653475899, 31.02103308560379], [120.18245053413878, 31.02103308560379], [120.18245053413878, 31.021594117390343], [120.18197653475899, 31.021594117390343]]]}}, {"type": "Feature", "properties": {"threshold_ug_l": 20.0, "area_km2_approx": 0.306}, "geometry": {"type": "Polygon", "coordinates": [[[120.28957439397169, 31.027204435255843], [120.28957439397169, 31.026643403469294], [120.2891003945919, 31.026643403469294], [120.2891003945919, 31.025521339896194], [120.29004839335148, 31.025521339896194], [120.29004839335148, 31.02496030810964], [120.2886263952121, 31.02496030810964], [120.2886263952121, 31.025521339896194], [120.28767839645252, 31.025521339896194], [120.28767839645252, 31.02439927632309], [120.28673039769295, 31.02439927632309], [120.28673039769295, 31.022716180963442], [120.28625639831316, 31.022716180963442], [120.28625639831316, 31.022155149176893], [120.28578239893336, 31.022155149176893], [120.28578239893336, 31.021594117390343], [120.28625639831316, 31.021594117390343], [120.28625639831316, 31.02103308560379], [120.28673039769295, 31.02103308560379], [120.28673039769295, 31.02047205381724], [120.28720439707273, 31.02047205381724], [120.28720439707273, 31.02103308560379], [120.28673039769295, 31.02103308560379], [120.28673039769295, 31.021594117390343], [120.28720439707273, 31.021594117390343], [120.28720439707273, 31.022155149176893], [120.28767839645252, 31.022155149176893], [120.28767839645252, 31.021594117390343], [120.28815239583231, 31.021594117390343], [120.28815239583231, 31.022155149176893], [120.28767839645252, 31.022155149176893], [120.28767839645252, 31.022716180963442], [120.28720439707273, 31.022716180963442], [120.28720439707273, 31.023277212749992], [120.28957439397169, 31.023277212749992], [120.28957439397169, 31.022716180963442], [120.2886263952121, 31.022716180963442], [120.2886263952121, 31.022155149176893], [120.28957439397169, 31.022155149176893], [120.28957439397169, 31.022716180963442], [120.29004839335148, 31.022716180963442], [120.29004839335148, 31.02103308560379], [120.29099639211107, 31.02103308560379], [120.29099639211107, 31.021594117390343], [120.29052239273128, 31.021594117390343], [120.29052239273128, 31.022155149176893], [120.29099639211107, 31.022155149176893], [120.29099639211107, 31.022716180963442], [120.29147039149086, 31.022716180963442], [120.29147039149086, 31.023277212749992], [120.29194439087065, 31.023277212749992], [120.29194439087065, 31.02496030810964], [120.29241839025045, 31.02496030810964], [120.29241839025045, 31.02439927632309], [120.29289238963024, 31.02439927632309], [120.29289238963024, 31.02496030810964], [120.29384038838982, 31.02496030810964], [120.29384038838982, 31.02439927632309], [120.29336638901003, 31.02439927632309], [120.29336638901003, 31.02383824453654], [120.29289238963024, 31.02383824453654], [120.29289238963024, 31.021594117390343], [120.29336638901003, 31.021594117390343], [120.29336638901003, 31.022716180963442], [120.2943143877696, 31.022716180963442], [120.2943143877696, 31.023277212749992], [120.29526238652919, 31.023277212749992], [120.29526238652919, 31.02496030810964], [120.29384038838982, 31.02496030810964], [120.29384038838982, 31.025521339896194], [120.2943143877696, 31.025521339896194], [120.2943143877696, 31.026082371682744], [120.29241839025045, 31.026082371682744], [120.29241839025045, 31.026643403469294], [120.29099639211107, 31.026643403469294], [120.29099639211107, 31.027204435255843], [120.28957439397169, 31.027204435255843]], [[120.29241839025045, 31.025521339896194], [120.29289238963024, 31.025521339896194], [120.29289238963024, 31.02496030810964], [120.29241839025045, 31.02496030810964], [120.29241839025045, 31.025521339896194]], [[120.28815239583231, 31.02439927632309], [120.2886263952121, 31.02439927632309], [120.2886263952121, 31.02383824453654], [120.28815239583231, 31.02383824453654], [120.28815239583231, 31.02439927632309]], [[120.29384038838982, 31.02439927632309], [120.2947883871494, 31.02439927632309], [120.2947883871494, 31.02383824453654], [120.2943143877696, 31.02383824453654], [120.2943143877696, 31.023277212749992], [120.29384038838982, 31.023277212749992], [120.29384038838982, 31.02439927632309]], [[120.29004839335148, 31.02383824453654], [120.29052239273128, 31.02383824453654], [120.29052239273128, 31.022716180963442], [120.29004839335148, 31.022716180963442], [120.29004839335148, 31.02383824453654]], [[120.28673039769295, 31.022716180963442], [120.28720439707273, 31.022716180963442], [120.28720439707273, 31.022155149176893], [120.28673039769295, 31.022155149176893], [120.28673039769295, 31.022716180963442]]]}}, {"type": "Feature", "properties": {"threshold_ug_l": 20.0, "area_km2_approx": 0.003}, "geometry": {"type": "Polygon", "coordinates": [[[120.27582841195773, 31.02103308560379], [120.27582841195773, 31.02047205381724], [120.27630241133753, 31.02047205381724], [120.27630241133753, 31.02103308560379], [120.27582841195773, 31.02103308560379]]]}}, {"type": "Feature", "properties": {"threshold_ug_l": 20.0, "area_km2_approx": 0.003}, "geometry": {"type": "Polygon", "coordinates": [[[120.27677641071732, 31.02103308560379], [120.27677641071732, 31.02047205381724], [120.27725041009711, 31.02047205381724], [120.27725041009711, 31.02103308560379], [120.27677641071732, 31.02103308560379]]]}}, {"type": "Feature", "properties": {"threshold_ug_l": 20.0, "area_km2_approx": 0.003}, "geometry": {"type": "Polygon", "coordinates": [[[120.27393241443856, 31.02047205381724], [120.27393241443856, 31.01991102203069], [120.27440641381835, 31.01991102203069], [120.27440641381835, 31.02047205381724], [120.27393241443856, 31.02047205381724]]]}}, {"type": "Feature", "properties": {"threshold_ug_l": 20.0, "area_km2_approx": 0.003}, "geometry": {"type": "Polygon", "coordinates": [[[120.28625639831316, 31.01991102203069], [120.28625639831316, 31.01934999024414], [120.28673039769295, 31.01934999024414], [120.28673039769295, 31.01991102203069], [120.28625639831316, 31.01991102203069]]]}}, {"type": "Feature", "properties": {"threshold_ug_l": 20.0, "area_km2_approx": 0.003}, "geometry": {"type": "Polygon", "coordinates": [[[120.0843326625219, 31.01934999024414], [120.0843326625219, 31.01878895845759], [120.0848066619017, 31.01878895845759], [120.0848066619017, 31.01934999024414], [120.0843326625219, 31.01934999024414]]]}}, {"type": "Feature", "properties": {"threshold_ug_l": 20.0, "area_km2_approx": 0.003}, "geometry": {"type": "Polygon", "coordinates": [[[120.08622866004107, 31.01934999024414], [120.08622866004107, 31.01878895845759], [120.08670265942087, 31.01878895845759], [120.08670265942087, 31.01934999024414], [120.08622866004107, 31.01934999024414]]]}}, {"type": "Feature", "properties": {"threshold_ug_l": 20.0, "area_km2_approx": 0.006}, "geometry": {"type": "Polygon", "coordinates": [[[120.27440641381835, 31.01934999024414], [120.27440641381835, 31.01878895845759], [120.27535441257794, 31.01878895845759], [120.27535441257794, 31.01934999024414], [120.27440641381835, 31.01934999024414]]]}}, {"type": "Feature", "properties": {"threshold_ug_l": 20.0, "area_km2_approx": 0.022}, "geometry": {"type": "Polygon", "coordinates": [[[120.2781984088567, 31.021594117390343], [120.2781984088567, 31.02103308560379], [120.27867240823649, 31.02103308560379], [120.27867240823649, 31.02047205381724], [120.2781984088567, 31.02047205381724], [120.2781984088567, 31.01934999024414], [120.2777244094769, 31.01934999024414], [120.2777244094769, 31.01878895845759], [120.27867240823649, 31.01878895845759], [120.27867240823649, 31.01822792667104], [120.27914640761628, 31.01822792667104], [120.27914640761628, 31.01934999024414], [120.27867240823649, 31.01934999024414], [120.27867240823649, 31.02047205381724], [120.27914640761628, 31.02047205381724], [120.27914640761628, 31.02103308560379], [120.27867240823649, 31.02103308560379], [120.27867240823649, 31.021594117390343], [120.2781984088567, 31.021594117390343]]]}}, {"type": "Feature", "properties": {"threshold_ug_l": 20.0, "area_km2_approx": 0.011}, "geometry": {"type": "Polygon", "coordinates": [[[120.27677641071732, 31.01822792667104], [120.27677641071732, 31.01710586309794], [120.27725041009711, 31.01710586309794], [120.27725041009711, 31.017666894884492], [120.2777244094769, 31.017666894884492], [120.2777244094769, 31.01710586309794], [120.2781984088567, 31.01710586309794], [120.2781984088567, 31.017666894884492], [120.2777244094769, 31.017666894884492], [120.2777244094769, 31.01822792667104], [120.27677641071732, 31.01822792667104]]]}}, {"type": "Feature", "properties": {"threshold_ug_l": 20.0, "area_km2_approx": 0.017}, "geometry": {"type": "Polygon", "coordinates": [[[120.08338466376233, 31.01822792667104], [120.08338466376233, 31.017666894884492], [120.0843326625219, 31.017666894884492], [120.0843326625219, 31.01710586309794], [120.08385866314212, 31.01710586309794], [120.08385866314212, 31.01598379952484], [120.0843326625219, 31.01598379952484], [120.0843326625219, 31.01654483131139], [120.0848066619017, 31.01654483131139], [120.0848066619017, 31.017666894884492], [120.0843326625219, 31.017666894884492], [120.0843326625219, 31.01822792667104], [120.08338466376233, 31.01822792667104]]]}}, {"type": "Feature", "properties": {"threshold_ug_l": 20.0, "area_km2_approx": 0.003}, "geometry": {"type": "Polygon", "coordinates": [[[120.27867240823649, 31.01654483131139], [120.27867240823649, 31.01598379952484], [120.27914640761628, 31.01598379952484], [120.27914640761628, 31.01654483131139], [120.27867240823649, 31.01654483131139]]]}}, {"type": "Feature", "properties": {"threshold_ug_l": 20.0, "area_km2_approx": 0.006}, "geometry": {"type": "Polygon", "coordinates": [[[120.08812465756024, 31.01598379952484], [120.08812465756024, 31.01542276773829], [120.08765065818045, 31.01542276773829], [120.08765065818045, 31.01486173595174], [120.08812465756024, 31.01486173595174], [120.08812465756024, 31.01542276773829], [120.08859865694004, 31.01542276773829], [120.08859865694004, 31.01598379952484], [120.08812465756024, 31.01598379952484]]]}}, {"type": "Feature", "properties": {"threshold_ug_l": 20.0, "area_km2_approx": 0.003}, "geometry": {"type": "Polygon", "coordinates": [[[120.10044864143482, 31.01542276773829], [120.10044864143482, 31.01486173595174], [120.10092264081462, 31.01486173595174], [120.10092264081462, 31.01542276773829], [120.10044864143482, 31.01542276773829]]]}}, {"type": "Feature", "properties": {"threshold_ug_l": 20.0, "area_km2_approx": 0.093}, "geometry": {"type": "Polygon", "coordinates": [[[120.08622866004107, 31.021594117390343], [120.08622866004107, 31.02103308560379], [120.08670265942087, 31.02103308560379], [120.08670265942087, 31.02047205381724], [120.0848066619017, 31.02047205381724], [120.0848066619017, 31.01991102203069], [120.08765065818045, 31.01991102203069], [120.08765065818045, 31.01822792667104], [120.08812465756024, 31.01822792667104], [120.08812465756024, 31.017666894884492], [120.08717665880066, 31.017666894884492], [120.08717665880066, 31.01654483131139], [120.08670265942087, 31.01654483131139], [120.08670265942087, 31.01822792667104], [120.08622866004107, 31.01822792667104], [120.08622866004107, 31.017666894884492], [120.08575466066128, 31.017666894884492], [120.08575466066128, 31.01710586309794], [120.08528066128149, 31.01710586309794], [120.08528066128149, 31.01654483131139], [120.08670265942087, 31.01654483131139], [120.08670265942087, 31.01430070416519], [120.08717665880066, 31.01430070416519], [120.08717665880066, 31.01598379952484], [120.08765065818045, 31.01598379952484], [120.08765065818045, 31.01654483131139], [120.08812465756024, 31.01654483131139], [120.08812465756024, 31.017666894884492], [120.08859865694004, 31.017666894884492], [120.08859865694004, 31.01822792667104], [120.08907265631983, 31.01822792667104], [120.08907265631983, 31.01878895845759], [120.08859865694004, 31.01878895845759], [120.08859865694004, 31.01934999024414], [120.08812465756024, 31.01934999024414], [120.08812465756024, 31.01991102203069], [120.08765065818045, 31.01991102203069], [120.08765065818045, 31.02047205381724], [120.08812465756024, 31.02047205381724], [120.08812465756024, 31.02103308560379], [120.08717665880066, 31.02103308560379], [120.08717665880066, 31.021594117390343], [120.08622866004107, 31.021594117390343]]]}}, {"type": "Feature", "properties": {"threshold_ug_l": 20.0, "area_km2_approx": 0.008}, "geometry": {"type": "Polygon", "coordinates": [[[120.21657848948378, 31.01486173595174], [120.21657848948378, 31.013739672378637], [120.21705248886357, 31.013739672378637], [120.21705248886357, 31.01430070416519], [120.21752648824337, 31.01430070416519], [120.21752648824337, 31.01486173595174], [120.21657848948378, 31.01486173595174]]]}}, {"type": "Feature", "properties": {"threshold_ug_l": 20.0, "area_km2_approx": 0.003}, "geometry": {"type": "Polygon", "coordinates": [[[120.20283250746982, 31.01205657701899], [120.20283250746982, 31.01149554523244], [120.20330650684961, 31.01149554523244], [120.20330650684961, 31.01205657701899], [120.20283250746982, 31.01205657701899]]]}}, {"type": "Feature", "properties": {"threshold_ug_l": 20.0, "area_km2_approx": 0.006}, "geometry": {"type": "Polygon", "coordinates": [[[120.24691444979044, 31.007568322726588], [120.24691444979044, 31.007007290940038], [120.24786244855002, 31.007007290940038], [120.24786244855002, 31.007568322726588], [120.24691444979044, 31.007568322726588]]]}}, {"type": "Feature", "properties": {"threshold_ug_l": 20.0, "area_km2_approx": 0.003}, "geometry": {"type": "Polygon", "coordinates": [[[120.05636669911421, 31.000835941287985], [120.05636669911421, 31.000274909501435], [120.056840698494, 31.000274909501435], [120.056840698494, 31.000835941287985], [120.05636669911421, 31.000835941287985]]]}}, {"type": "Feature", "properties": {"threshold_ug_l": 20.0, "area_km2_approx": 0.039}, "geometry": {"type": "Polygon", "coordinates": [[[120.07817067058461, 30.999152845928336], [120.07817067058461, 30.998591814141783], [120.0786446699644, 30.998591814141783], [120.0786446699644, 30.998030782355233], [120.07769667120482, 30.998030782355233], [120.07769667120482, 30.997469750568683], [120.07817067058461, 30.997469750568683], [120.07817067058461, 30.996908718782134], [120.0786446699644, 30.996908718782134], [120.0786446699644, 30.998030782355233], [120.0791186693442, 30.998030782355233], [120.0791186693442, 30.997469750568683], [120.08101466686337, 30.997469750568683], [120.08101466686337, 30.996908718782134], [120.08148866624316, 30.996908718782134], [120.08148866624316, 30.998030782355233], [120.08101466686337, 30.998030782355233], [120.08101466686337, 30.998591814141783], [120.08054066748358, 30.998591814141783], [120.08054066748358, 30.998030782355233], [120.08006666810378, 30.998030782355233], [120.08006666810378, 30.998591814141783], [120.0786446699644, 30.998591814141783], [120.0786446699644, 30.999152845928336], [120.07817067058461, 30.999152845928336]]]}}, {"type": "Feature", "properties": {"threshold_ug_l": 20.0, "area_km2_approx": 0.003}, "geometry": {"type": "Polygon", "coordinates": [[[120.1184606178669, 30.996347686995584], [120.1184606178669, 30.995786655209034], [120.1189346172467, 30.995786655209034], [120.1189346172467, 30.996347686995584], [120.1184606178669, 30.996347686995584]]]}}, {"type": "Feature", "properties": {"threshold_ug_l": 20.0, "area_km2_approx": 0.02}, "geometry": {"type": "Polygon", "coordinates": [[[120.07674867244525, 30.997469750568683], [120.07674867244525, 30.996908718782134], [120.07580067368566, 30.996908718782134], [120.07580067368566, 30.996347686995584], [120.07627467306546, 30.996347686995584], [120.07627467306546, 30.995786655209034], [120.07674867244525, 30.995786655209034], [120.07674867244525, 30.995225623422485], [120.07722267182503, 30.995225623422485], [120.07722267182503, 30.997469750568683], [120.07674867244525, 30.997469750568683]]]}}, {"type": "Feature", "properties": {"threshold_ug_l": 20.0, "area_km2_approx": 0.008}, "geometry": {"type": "Polygon", "coordinates": [[[120.11703861972754, 30.99466459163593], [120.11703861972754, 30.993542528062832], [120.11798661848711, 30.993542528062832], [120.11798661848711, 30.994103559849382], [120.11751261910733, 30.994103559849382], [120.11751261910733, 30.99466459163593], [120.11703861972754, 30.99466459163593]]]}}, {"type": "Feature", "properties": {"threshold_ug_l": 20.0, "area_km2_approx": 0.051}, "geometry": {"type": "Polygon", "coordinates": [[[120.06916468236858, 30.99017633734353], [120.06916468236858, 30.98905427377043], [120.07058668050794, 30.98905427377043], [120.07058668050794, 30.988493241983882], [120.07106067988774, 30.988493241983882], [120.07106067988774, 30.987932210197332], [120.07248267802711, 30.987932210197332], [120.07248267802711, 30.98737117841078], [120.0734306767867, 30.98737117841078], [120.0734306767867, 30.987932210197332], [120.0729566774069, 30.987932210197332], [120.0729566774069, 30.98961530555698], [120.07200867864732, 30.98961530555698], [120.07200867864732, 30.98905427377043], [120.07106067988774, 30.98905427377043], [120.07106067988774, 30.98961530555698], [120.06963868174837, 30.98961530555698], [120.06963868174837, 30.99017633734353], [120.06916468236858, 30.99017633734353]]]}}, {"type": "Feature", "properties": {"threshold_ug_l": 20.0, "area_km2_approx": 0.022}, "geometry": {"type": "Polygon", "coordinates": [[[120.21278649444544, 30.98905427377043], [120.21278649444544, 30.98681014662423], [120.21373449320502, 30.98681014662423], [120.21373449320502, 30.98737117841078], [120.21420849258482, 30.98737117841078], [120.21420849258482, 30.987932210197332], [120.21373449320502, 30.987932210197332], [120.21373449320502, 30.988493241983882], [120.21326049382523, 30.988493241983882], [120.21326049382523, 30.98905427377043], [120.21278649444544, 30.98905427377043]]]}}, {"type": "Feature", "properties": {"threshold_ug_l": 20.0, "area_km2_approx": 0.003}, "geometry": {"type": "Polygon", "coordinates": [[[120.1990405124315, 30.98737117841078], [120.1990405124315, 30.98681014662423], [120.19951451181127, 30.98681014662423], [120.19951451181127, 30.98737117841078], [120.1990405124315, 30.98737117841078]]]}}, {"type": "Feature", "properties": {"threshold_ug_l": 20.0, "area_km2_approx": 0.008}, "geometry": {"type": "Polygon", "coordinates": [[[120.10139664019441, 30.98512705126458], [120.10139664019441, 30.98456601947803], [120.1018706395742, 30.98456601947803], [120.1018706395742, 30.984004987691478], [120.102344638954, 30.984004987691478], [120.102344638954, 30.98512705126458], [120.10139664019441, 30.98512705126458]]]}}, {"type": "Feature", "properties": {"threshold_ug_l": 20.0, "area_km2_approx": 0.003}, "geometry": {"type": "Polygon", "coordinates": [[[120.1525885732119, 30.974467447320126], [120.1525885732119, 30.973906415533577], [120.1530625725917, 30.973906415533577], [120.1530625725917, 30.974467447320126], [120.1525885732119, 30.974467447320126]]]}}, {"type": "Feature", "properties": {"threshold_ug_l": 20.0, "area_km2_approx": 0.006}, "geometry": {"type": "Polygon", "coordinates": [[[120.1525885732119, 30.973345383747027], [120.1525885732119, 30.972784351960478], [120.15353657197149, 30.972784351960478], [120.15353657197149, 30.973345383747027], [120.1525885732119, 30.973345383747027]]]}}, {"type": "Feature", "properties": {"threshold_ug_l": 20.0, "area_km2_approx": 0.171}, "geometry": {"type": "Polygon", "coordinates": [[[120.23364246715627, 30.972784351960478], [120.23364246715627, 30.972223320173924], [120.23174646963712, 30.972223320173924], [120.23174646963712, 30.971662288387375], [120.23127247025732, 30.971662288387375], [120.23127247025732, 30.970540224814275], [120.23174646963712, 30.970540224814275], [120.23174646963712, 30.968857129454623], [120.23222046901691, 30.968857129454623], [120.23222046901691, 30.968296097668073], [120.2326944683967, 30.968296097668073], [120.2326944683967, 30.967735065881524], [120.23364246715627, 30.967735065881524], [120.23364246715627, 30.968296097668073], [120.23459046591586, 30.968296097668073], [120.23459046591586, 30.968857129454623], [120.23506446529565, 30.968857129454623], [120.23506446529565, 30.969418161241176], [120.23601246405524, 30.969418161241176], [120.23601246405524, 30.969979193027726], [120.23648646343503, 30.969979193027726], [120.23648646343503, 30.970540224814275], [120.23696046281482, 30.970540224814275], [120.23696046281482, 30.971101256600825], [120.23648646343503, 30.971101256600825], [120.23648646343503, 30.971662288387375], [120.23601246405524, 30.971662288387375], [120.23601246405524, 30.971101256600825], [120.23553846467544, 30.971101256600825], [120.23553846467544, 30.971662288387375], [120.23411646653607, 30.971662288387375], [120.23411646653607, 30.972784351960478], [120.23364246715627, 30.972784351960478]]]}}, {"type": "Feature", "properties": {"threshold_ug_l": 20.0, "area_km2_approx": 0.003}, "geometry": {"type": "Polygon", "coordinates": [[[120.09855264391565, 30.967174034094974], [120.09855264391565, 30.966613002308424], [120.09902664329545, 30.966613002308424], [120.09902664329545, 30.967174034094974], [120.09855264391565, 30.967174034094974]]]}}, {"type": "Feature", "properties": {"threshold_ug_l": 20.0, "area_km2_approx": 0.039}, "geometry": {"type": "Polygon", "coordinates": [[[120.09997464205503, 30.967735065881524], [120.09997464205503, 30.966051970521875], [120.10044864143482, 30.966051970521875], [120.10044864143482, 30.966613002308424], [120.10092264081462, 30.966613002308424], [120.10092264081462, 30.966051970521875], [120.102344638954, 30.966051970521875], [120.102344638954, 30.965490938735325], [120.10281863833379, 30.965490938735325], [120.10281863833379, 30.966051970521875], [120.102344638954, 30.966051970521875], [120.102344638954, 30.967174034094974], [120.1018706395742, 30.967174034094974], [120.1018706395742, 30.967735065881524], [120.09997464205503, 30.967735065881524]]]}}, {"type": "Feature", "properties": {"threshold_ug_l": 20.0, "area_km2_approx": 0.003}, "geometry": {"type": "Polygon", "coordinates": [[[120.27393241443856, 30.962685779802573], [120.27393241443856, 30.962124748016024], [120.27440641381835, 30.962124748016024], [120.27440641381835, 30.962685779802573], [120.27393241443856, 30.962685779802573]]]}}, {"type": "Feature", "properties": {"threshold_ug_l": 20.0, "area_km2_approx": 0.003}, "geometry": {"type": "Polygon", "coordinates": [[[120.24881044730961, 30.95202617585812], [120.24881044730961, 30.95146514407157], [120.2492844466894, 30.95146514407157], [120.2492844466894, 30.95202617585812], [120.24881044730961, 30.95202617585812]]]}}, {"type": "Feature", "properties": {"threshold_ug_l": 20.0, "area_km2_approx": 0.011}, "geometry": {"type": "Polygon", "coordinates": [[[120.1985665130517, 30.948659985138818], [120.1985665130517, 30.94753792156572], [120.19951451181127, 30.94753792156572], [120.19951451181127, 30.948659985138818], [120.1985665130517, 30.948659985138818]]]}}, {"type": "Feature", "properties": {"threshold_ug_l": 20.0, "area_km2_approx": 0.003}, "geometry": {"type": "Polygon", "coordinates": [[[120.1307846017415, 30.945293794419516], [120.1307846017415, 30.944732762632967], [120.13125860112129, 30.944732762632967], [120.13125860112129, 30.945293794419516], [120.1307846017415, 30.945293794419516]]]}}, {"type": "Feature", "properties": {"threshold_ug_l": 20.0, "area_km2_approx": 0.003}, "geometry": {"type": "Polygon", "coordinates": [[[120.14073858871711, 30.942488635486765], [120.14073858871711, 30.941927603700215], [120.1412125880969, 30.941927603700215], [120.1412125880969, 30.942488635486765], [120.14073858871711, 30.942488635486765]]]}}, {"type": "Feature", "properties": {"threshold_ug_l": 20.0, "area_km2_approx": 0.003}, "geometry": {"type": "Polygon", "coordinates": [[[120.15164057445233, 30.939122444767463], [120.15164057445233, 30.938561412980913], [120.15211457383211, 30.938561412980913], [120.15211457383211, 30.939122444767463], [120.15164057445233, 30.939122444767463]]]}}, {"type": "Feature", "properties": {"threshold_ug_l": 20.0, "area_km2_approx": 0.006}, "geometry": {"type": "Polygon", "coordinates": [[[120.15448457073107, 30.938561412980913], [120.15448457073107, 30.938000381194364], [120.15543256949066, 30.938000381194364], [120.15543256949066, 30.938561412980913], [120.15448457073107, 30.938561412980913]]]}}, {"type": "Feature", "properties": {"threshold_ug_l": 20.0, "area_km2_approx": 0.098}, "geometry": {"type": "Polygon", "coordinates": [[[120.1644385577067, 30.939683476554016], [120.1644385577067, 30.939122444767463], [120.16396455832691, 30.939122444767463], [120.16396455832691, 30.938561412980913], [120.16206856080774, 30.938561412980913], [120.16206856080774, 30.938000381194364], [120.16112056204815, 30.938000381194364], [120.16112056204815, 30.938561412980913], [120.15969856390878, 30.938561412980913], [120.15969856390878, 30.938000381194364], [120.15827656576941, 30.938000381194364], [120.15827656576941, 30.937439349407814], [120.16112056204815, 30.937439349407814], [120.16112056204815, 30.936878317621265], [120.16254256018753, 30.936878317621265], [120.16254256018753, 30.937439349407814], [120.16396455832691, 30.937439349407814], [120.16396455832691, 30.936878317621265], [120.16538655646627, 30.936878317621265], [120.16538655646627, 30.937439349407814], [120.1644385577067, 30.937439349407814], [120.1644385577067, 30.938000381194364], [120.16538655646627, 30.938000381194364], [120.16538655646627, 30.939683476554016], [120.1644385577067, 30.939683476554016]], [[120.16206856080774, 30.938000381194364], [120.16254256018753, 30.938000381194364], [120.16254256018753, 30.937439349407814], [120.16206856080774, 30.937439349407814], [120.16206856080774, 30.938000381194364]]]}}, {"type": "Feature", "properties": {"threshold_ug_l": 20.0, "area_km2_approx": 0.059}, "geometry": {"type": "Polygon", "coordinates": [[[120.24833644792982, 30.937439349407814], [120.24833644792982, 30.936317285834715], [120.24786244855002, 30.936317285834715], [120.24786244855002, 30.934634190475062], [120.24881044730961, 30.934634190475062], [120.24881044730961, 30.935195222261612], [120.25023244544899, 30.935195222261612], [120.25023244544899, 30.935756254048165], [120.25070644482878, 30.935756254048165], [120.25070644482878, 30.936317285834715], [120.25023244544899, 30.936317285834715], [120.25023244544899, 30.937439349407814], [120.24833644792982, 30.937439349407814]]]}}, {"type": "Feature", "properties": {"threshold_ug_l": 20.0, "area_km2_approx": 0.003}, "geometry": {"type": "Polygon", "coordinates": [[[120.18624252917711, 30.934073158688513], [120.18624252917711, 30.933512126901963], [120.1867165285569, 30.933512126901963], [120.1867165285569, 30.934073158688513], [120.18624252917711, 30.934073158688513]]]}}, {"type": "Feature", "properties": {"threshold_ug_l": 20.0, "area_km2_approx": 0.124}, "geometry": {"type": "Polygon", "coordinates": [[[120.18908652545586, 30.936317285834715], [120.18908652545586, 30.935756254048165], [120.18861252607607, 30.935756254048165], [120.18861252607607, 30.935195222261612], [120.18766452731649, 30.935195222261612], [120.18766452731649, 30.934634190475062], [120.18719052793669, 30.934634190475062], [120.18719052793669, 30.933512126901963], [120.18813852669628, 30.933512126901963], [120.18813852669628, 30.932951095115413], [120.18956052483566, 30.932951095115413], [120.18956052483566, 30.932390063328864], [120.19098252297503, 30.932390063328864], [120.19098252297503, 30.931829031542314], [120.19145652235483, 30.931829031542314], [120.19145652235483, 30.932390063328864], [120.19193052173462, 30.932390063328864], [120.19193052173462, 30.931829031542314], [120.1924045211144, 30.931829031542314], [120.1924045211144, 30.932390063328864], [120.19193052173462, 30.932390063328864], [120.19193052173462, 30.934073158688513], [120.19098252297503, 30.934073158688513], [120.19098252297503, 30.934634190475062], [120.19050852359524, 30.934634190475062], [120.19050852359524, 30.935756254048165], [120.18956052483566, 30.935756254048165], [120.18956052483566, 30.936317285834715], [120.18908652545586, 30.936317285834715]]]}}, {"type": "Feature", "properties": {"threshold_ug_l": 20.0, "area_km2_approx": 0.003}, "geometry": {"type": "Polygon", "coordinates": [[[120.20046251057086, 30.932390063328864], [120.20046251057086, 30.931829031542314], [120.20093650995065, 30.931829031542314], [120.20093650995065, 30.932390063328864], [120.20046251057086, 30.932390063328864]]]}}, {"type": "Feature", "properties": {"threshold_ug_l": 20.0, "area_km2_approx": 0.003}, "geometry": {"type": "Polygon", "coordinates": [[[120.26729642312148, 30.93070696796921], [120.26729642312148, 30.93014593618266], [120.26777042250127, 30.93014593618266], [120.26777042250127, 30.93070696796921], [120.26729642312148, 30.93070696796921]]]}}, {"type": "Feature", "properties": {"threshold_ug_l": 20.0, "area_km2_approx": 0.006}, "geometry": {"type": "Polygon", "coordinates": [[[120.21468249196461, 30.93014593618266], [120.21468249196461, 30.929584904396112], [120.2156304907242, 30.929584904396112], [120.2156304907242, 30.93014593618266], [120.21468249196461, 30.93014593618266]]]}}, {"type": "Feature", "properties": {"threshold_ug_l": 20.0, "area_km2_approx": 0.003}, "geometry": {"type": "Polygon", "coordinates": [[[120.21800048762316, 30.929584904396112], [120.21800048762316, 30.929023872609562], [120.21847448700295, 30.929023872609562], [120.21847448700295, 30.929584904396112], [120.21800048762316, 30.929584904396112]]]}}, {"type": "Feature", "properties": {"threshold_ug_l": 20.0, "area_km2_approx": 0.003}, "geometry": {"type": "Polygon", "coordinates": [[[120.24644045041066, 30.929023872609562], [120.24644045041066, 30.928462840823013], [120.24691444979044, 30.928462840823013], [120.24691444979044, 30.929023872609562], [120.24644045041066, 30.929023872609562]]]}}]}