{"type": "FeatureCollection", "features": [{"type": "Feature", "properties": {"threshold_ug_l": 20.0, "area_km2_approx": 0.003}, "geometry": {"type": "Polygon", "coordinates": [[[120.17913253848023, 31.54447574245511], [120.17913253848023, 31.54391471066856], [120.17960653786002, 31.54391471066856], [120.17960653786002, 31.54447574245511], [120.17913253848023, 31.54447574245511]]]}}, {"type": "Feature", "properties": {"threshold_ug_l": 20.0, "area_km2_approx": 0.022}, "geometry": {"type": "Polygon", "coordinates": [[[120.1758145428217, 31.54279264709546], [120.1758145428217, 31.54167058352236], [120.1753405434419, 31.54167058352236], [120.1753405434419, 31.541109551735808], [120.17628854220149, 31.541109551735808], [120.17628854220149, 31.54167058352236], [120.17723654096108, 31.54167058352236], [120.17723654096108, 31.54279264709546], [120.1758145428217, 31.54279264709546]]]}}, {"type": "Feature", "properties": {"threshold_ug_l": 20.0, "area_km2_approx": 0.003}, "geometry": {"type": "Polygon", "coordinates": [[[120.17439254468232, 31.54167058352236], [120.17439254468232, 31.541109551735808], [120.17486654406211, 31.541109551735808], [120.17486654406211, 31.54167058352236], [120.17439254468232, 31.54167058352236]]]}}, {"type": "Feature", "properties": {"threshold_ug_l": 20.0, "area_km2_approx": 0.003}, "geometry": {"type": "Polygon", "coordinates": [[[120.17771054034087, 31.54167058352236], [120.17771054034087, 31.541109551735808], [120.17818453972066, 31.541109551735808], [120.17818453972066, 31.54167058352236], [120.17771054034087, 31.54167058352236]]]}}, {"type": "Feature", "properties": {"threshold_ug_l": 20.0, "area_km2_approx": 0.003}, "geometry": {"type": "Polygon", "coordinates": [[[120.16680855460565, 31.536621297443407], [120.16680855460565, 31.536060265656857], [120.16728255398544, 31.536060265656857], [120.16728255398544, 31.536621297443407], [120.16680855460565, 31.536621297443407]]]}}, {"type": "Feature", "properties": {"threshold_ug_l": 20.0, "area_km2_approx": 0.003}, "geometry": {"type": "Polygon", "coordinates": [[[120.20899449940711, 31.536060265656857], [120.20899449940711, 31.535499233870308], [120.2094684987869, 31.535499233870308], [120.2094684987869, 31.536060265656857], [120.20899449940711, 31.536060265656857]]]}}, {"type": "Feature", "properties": {"threshold_ug_l": 20.0, "area_km2_approx": 0.003}, "geometry": {"type": "Polygon", "coordinates": [[[120.18529453041754, 31.53381613851066], [120.18529453041754, 31.533255106724106], [120.18576852979731, 31.533255106724106], [120.18576852979731, 31.53381613851066], [120.18529453041754, 31.53381613851066]]]}}, {"type": "Feature", "properties": {"threshold_ug_l": 20.0, "area_km2_approx": 0.008}, "geometry": {"type": "Polygon", "coordinates": [[[120.19809251367191, 31.533255106724106], [120.19809251367191, 31.532694074937556], [120.19761851429212, 31.532694074937556], [120.19761851429212, 31.532133043151006], [120.1985665130517, 31.532133043151006], [120.1985665130517, 31.533255106724106], [120.19809251367191, 31.533255106724106]]]}}, {"type": "Feature", "properties": {"threshold_ug_l": 20.0, "area_km2_approx": 0.193}, "geometry": {"type": "Polygon", "coordinates": [[[120.20283250746982, 31.534938202083758], [120.20283250746982, 31.53437717029721], [120.20235850809003, 31.53437717029721], [120.20235850809003, 31.53381613851066], [120.20093650995065, 31.53381613851066], [120.20093650995065, 31.53437717029721], [120.20046251057086, 31.53437717029721], [120.20046251057086, 31.53381613851066], [120.19998851119107, 31.53381613851066], [120.19998851119107, 31.532694074937556], [120.20046251057086, 31.532694074937556], [120.20046251057086, 31.531572011364457], [120.20093650995065, 31.531572011364457], [120.20093650995065, 31.532133043151006], [120.2042545056092, 31.532133043151006], [120.2042545056092, 31.532694074937556], [120.20662450250815, 31.532694074937556], [120.20662450250815, 31.533255106724106], [120.20899449940711, 31.533255106724106], [120.20899449940711, 31.53381613851066], [120.20852050002732, 31.53381613851066], [120.20852050002732, 31.53437717029721], [120.20899449940711, 31.53437717029721], [120.20899449940711, 31.534938202083758], [120.20283250746982, 31.534938202083758]]]}}, {"type": "Feature", "properties": {"threshold_ug_l": 20.0, "area_km2_approx": 0.003}, "geometry": {"type": "Polygon", "coordinates": [[[120.21420849258482, 31.532133043151006], [120.21420849258482, 31.531572011364457], [120.21468249196461, 31.531572011364457], [120.21468249196461, 31.532133043151006], [120.21420849258482, 31.532133043151006]]]}}, {"type": "Feature", "properties": {"threshold_ug_l": 20.0, "area_km2_approx": 0.003}, "geometry": {"type": "Polygon", "coordinates": [[[120.19714451491232, 31.531572011364457], [120.19714451491232, 31.531010979577907], [120.19761851429212, 31.531010979577907], [120.19761851429212, 31.531572011364457], [120.19714451491232, 31.531572011364457]]]}}, {"type": "Feature", "properties": {"threshold_ug_l": 20.0, "area_km2_approx": 0.036}, "geometry": {"type": "Polygon", "coordinates": [[[120.20709850188794, 31.531010979577907], [120.20709850188794, 31.530449947791357], [120.20662450250815, 31.530449947791357], [120.20662450250815, 31.529888916004804], [120.20709850188794, 31.529888916004804], [120.20709850188794, 31.529327884218254], [120.20757250126773, 31.529327884218254], [120.20757250126773, 31.528766852431705], [120.20804650064753, 31.528766852431705], [120.20804650064753, 31.528205820645155], [120.20852050002732, 31.528205820645155], [120.20852050002732, 31.528766852431705], [120.20804650064753, 31.528766852431705], [120.20804650064753, 31.529327884218254], [120.20852050002732, 31.529327884218254], [120.20852050002732, 31.529888916004804], [120.20899449940711, 31.529888916004804], [120.20899449940711, 31.530449947791357], [120.20852050002732, 31.530449947791357], [120.20852050002732, 31.531010979577907], [120.20709850188794, 31.531010979577907]]]}}, {"type": "Feature", "properties": {"threshold_ug_l": 20.0, "area_km2_approx": 0.003}, "geometry": {"type": "Polygon", "coordinates": [[[120.18482053103774, 31.525400661712403], [120.18482053103774, 31.524839629925854], [120.18529453041754, 31.524839629925854], [120.18529453041754, 31.525400661712403], [120.18482053103774, 31.525400661712403]]]}}, {"type": "Feature", "properties": {"threshold_ug_l": 20.0, "area_km2_approx": 0.028}, "geometry": {"type": "Polygon", "coordinates": [[[120.20188450871024, 31.525961693498953], [120.20188450871024, 31.525400661712403], [120.20141050933044, 31.525400661712403], [120.20141050933044, 31.524839629925854], [120.20188450871024, 31.524839629925854], [120.20188450871024, 31.524278598139304], [120.20235850809003, 31.524278598139304], [120.20235850809003, 31.525400661712403], [120.20283250746982, 31.525400661712403], [120.20283250746982, 31.524839629925854], [120.2037805062294, 31.524839629925854], [120.2037805062294, 31.525400661712403], [120.2042545056092, 31.525400661712403], [120.2042545056092, 31.525961693498953], [120.20188450871024, 31.525961693498953]]]}}, {"type": "Feature", "properties": {"threshold_ug_l": 20.0, "area_km2_approx": 0.72}, "geometry": {"type": "Polygon", "coordinates": [[[120.1815025353792, 31.540548519949258], [120.1815025353792, 31.53942645637616], [120.1810285359994, 31.53942645637616], [120.1810285359994, 31.53886542458961], [120.1815025353792, 31.53886542458961], [120.1815025353792, 31.53830439280306], [120.1810285359994, 31.53830439280306], [120.1810285359994, 31.53774336101651], [120.17960653786002, 31.53774336101651], [120.17960653786002, 31.536621297443407], [120.18008053723982, 31.536621297443407], [120.18008053723982, 31.535499233870308], [120.17960653786002, 31.535499233870308], [120.17960653786002, 31.534938202083758], [120.17913253848023, 31.534938202083758], [120.17913253848023, 31.53437717029721], [120.17960653786002, 31.53437717029721], [120.17960653786002, 31.534938202083758], [120.18008053723982, 31.534938202083758], [120.18008053723982, 31.53381613851066], [120.1810285359994, 31.53381613851066], [120.1810285359994, 31.53437717029721], [120.18197653475899, 31.53437717029721], [120.18197653475899, 31.532694074937556], [120.1810285359994, 31.532694074937556], [120.1810285359994, 31.529888916004804], [120.18055453661961, 31.529888916004804], [120.18055453661961, 31.528766852431705], [120.1810285359994, 31.528766852431705], [120.1810285359994, 31.528205820645155], [120.1815025353792, 31.528205820645155], [120.1815025353792, 31.527644788858606], [120.18197653475899, 31.527644788858606], [120.18197653475899, 31.527083757072056], [120.18339853289837, 31.527083757072056], [120.18339853289837, 31.526522725285506], [120.18529453041754, 31.526522725285506], [120.18529453041754, 31.525961693498953], [120.18576852979731, 31.525961693498953], [120.18576852979731, 31.525400661712403], [120.1867165285569, 31.525400661712403], [120.1867165285569, 31.524839629925854], [120.18719052793669, 31.524839629925854], [120.18719052793669, 31.524278598139304], [120.18813852669628, 31.524278598139304], [120.18813852669628, 31.523717566352754], [120.18908652545586, 31.523717566352754], [120.18908652545586, 31.524839629925854], [120.18861252607607, 31.524839629925854], [120.18861252607607, 31.525400661712403], [120.18813852669628, 31.525400661712403], [120.18813852669628, 31.525961693498953], [120.18719052793669, 31.525961693498953], [120.18719052793669, 31.526522725285506], [120.1867165285569, 31.526522725285506], [120.1867165285569, 31.527644788858606], [120.18719052793669, 31.527644788858606], [120.18719052793669, 31.528205820645155], [120.18813852669628, 31.528205820645155], [120.18813852669628, 31.527644788858606], [120.18861252607607, 31.527644788858606], [120.18861252607607, 31.529327884218254], [120.18766452731649, 31.529327884218254], [120.18766452731649, 31.528766852431705], [120.18719052793669, 31.528766852431705], [120.18719052793669, 31.529327884218254], [120.1867165285569, 31.529327884218254], [120.1867165285569, 31.530449947791357], [120.18624252917711, 31.530449947791357], [120.18624252917711, 31.529888916004804], [120.18529453041754, 31.529888916004804], [120.18529453041754, 31.530449947791357], [120.18576852979731, 31.530449947791357], [120.18576852979731, 31.531010979577907], [120.18482053103774, 31.531010979577907], [120.18482053103774, 31.530449947791357], [120.18434653165795, 31.530449947791357], [120.18434653165795, 31.531010979577907], [120.18387253227816, 31.531010979577907], [120.18387253227816, 31.532133043151006], [120.18339853289837, 31.532133043151006], [120.18339853289837, 31.532694074937556], [120.18387253227816, 31.532694074937556], [120.18387253227816, 31.533255106724106], [120.18434653165795, 31.533255106724106], [120.18434653165795, 31.53437717029721], [120.18529453041754, 31.53437717029721], [120.18529453041754, 31.534938202083758], [120.18624252917711, 31.534938202083758], [120.18624252917711, 31.535499233870308], [120.1867165285569, 31.535499233870308], [120.1867165285569, 31.534938202083758], [120.18719052793669, 31.534938202083758], [120.18719052793669, 31.535499233870308], [120.1867165285569, 31.535499233870308], [120.1867165285569, 31.536060265656857], [120.18576852979731, 31.536060265656857], [120.18576852979731, 31.536621297443407], [120.18529453041754, 31.536621297443407], [120.18529453041754, 31.537182329229957], [120.18482053103774, 31.537182329229957], [120.18482053103774, 31.53830439280306], [120.18434653165795, 31.53830439280306], [120.18434653165795, 31.53886542458961], [120.18339853289837, 31.53886542458961], [120.18339853289837, 31.540548519949258], [120.1815025353792, 31.540548519949258]], [[120.18055453661961, 31.537182329229957], [120.1810285359994, 31.537182329229957], [120.1810285359994, 31.536621297443407], [120.18055453661961, 31.536621297443407], [120.18055453661961, 31.537182329229957]], [[120.18245053413878, 31.536621297443407], [120.18292453351857, 31.536621297443407], [120.18292453351857, 31.536060265656857], [120.18245053413878, 31.536060265656857], [120.18245053413878, 31.536621297443407]], [[120.18055453661961, 31.536060265656857], [120.18197653475899, 31.536060265656857], [120.18197653475899, 31.535499233870308], [120.1810285359994, 31.535499233870308], [120.1810285359994, 31.534938202083758], [120.18008053723982, 31.534938202083758], [120.18008053723982, 31.535499233870308], [120.18055453661961, 31.535499233870308], [120.18055453661961, 31.536060265656857]], [[120.18292453351857, 31.536060265656857], [120.18339853289837, 31.536060265656857], [120.18339853289837, 31.534938202083758], [120.18292453351857, 31.534938202083758], [120.18292453351857, 31.536060265656857]]]}}, {"type": "Feature", "properties": {"threshold_ug_l": 20.0, "area_km2_approx": 0.209}, "geometry": {"type": "Polygon", "coordinates": [[[120.15969856390878, 31.532694074937556], [120.15969856390878, 31.532133043151006], [120.16064656266836, 31.532133043151006], [120.16064656266836, 31.531572011364457], [120.16017256328857, 31.531572011364457], [120.16017256328857, 31.531010979577907], [120.16064656266836, 31.531010979577907], [120.16064656266836, 31.530449947791357], [120.16017256328857, 31.530449947791357], [120.16017256328857, 31.529888916004804], [120.15969856390878, 31.529888916004804], [120.15969856390878, 31.528766852431705], [120.16064656266836, 31.528766852431705], [120.16064656266836, 31.528205820645155], [120.16112056204815, 31.528205820645155], [120.16112056204815, 31.523156534566205], [120.16206856080774, 31.523156534566205], [120.16206856080774, 31.52259550277965], [120.16254256018753, 31.52259550277965], [120.16254256018753, 31.523717566352754], [120.16206856080774, 31.523717566352754], [120.16206856080774, 31.524278598139304], [120.16254256018753, 31.524278598139304], [120.16254256018753, 31.525400661712403], [120.16349055894712, 31.525400661712403], [120.16349055894712, 31.526522725285506], [120.16301655956732, 31.526522725285506], [120.16301655956732, 31.527083757072056], [120.16349055894712, 31.527083757072056], [120.16349055894712, 31.527644788858606], [120.16396455832691, 31.527644788858606], [120.16396455832691, 31.528766852431705], [120.1644385577067, 31.528766852431705], [120.1644385577067, 31.529327884218254], [120.16349055894712, 31.529327884218254], [120.16349055894712, 31.529888916004804], [120.16301655956732, 31.529888916004804], [120.16301655956732, 31.529327884218254], [120.16254256018753, 31.529327884218254], [120.16254256018753, 31.529888916004804], [120.16206856080774, 31.529888916004804], [120.16206856080774, 31.530449947791357], [120.16159456142795, 31.530449947791357], [120.16159456142795, 31.531572011364457], [120.16112056204815, 31.531572011364457], [120.16112056204815, 31.532133043151006], [120.16064656266836, 31.532133043151006], [120.16064656266836, 31.532694074937556], [120.15969856390878, 31.532694074937556]], [[120.16064656266836, 31.531572011364457], [120.16112056204815, 31.531572011364457], [120.16112056204815, 31.531010979577907], [120.16064656266836, 31.531010979577907], [120.16064656266836, 31.531572011364457]], [[120.16017256328857, 31.529888916004804], [120.16064656266836, 31.529888916004804], [120.16064656266836, 31.529327884218254], [120.16017256328857, 31.529327884218254], [120.16017256328857, 31.529888916004804]]]}}, {"type": "Feature", "properties": {"threshold_ug_l": 20.0, "area_km2_approx": 0.008}, "geometry": {"type": "Polygon", "coordinates": [[[120.17202254778337, 31.524278598139304], [120.17202254778337, 31.523156534566205], [120.17249654716315, 31.523156534566205], [120.17249654716315, 31.52259550277965], [120.17297054654294, 31.52259550277965], [120.17297054654294, 31.523156534566205], [120.17249654716315, 31.523156534566205], [120.17249654716315, 31.524278598139304], [120.17202254778337, 31.524278598139304]]]}}, {"type": "Feature", "properties": {"threshold_ug_l": 20.0, "area_km2_approx": 0.003}, "geometry": {"type": "Polygon", "coordinates": [[[120.21657848948378, 31.52259550277965], [120.21657848948378, 31.522034470993102], [120.21705248886357, 31.522034470993102], [120.21705248886357, 31.52259550277965], [120.21657848948378, 31.52259550277965]]]}}, {"type": "Feature", "properties": {"threshold_ug_l": 20.0, "area_km2_approx": 0.008}, "geometry": {"type": "Polygon", "coordinates": [[[120.15780256638962, 31.520912407420003], [120.15780256638962, 31.520351375633453], [120.15922456452898, 31.520351375633453], [120.15922456452898, 31.520912407420003], [120.15780256638962, 31.520912407420003]]]}}, {"type": "Feature", "properties": {"threshold_ug_l": 20.0, "area_km2_approx": 0.142}, "geometry": {"type": "Polygon", "coordinates": [[[120.16396455832691, 31.521473439206552], [120.16396455832691, 31.520912407420003], [120.16159456142795, 31.520912407420003], [120.16159456142795, 31.520351375633453], [120.16064656266836, 31.520351375633453], [120.16064656266836, 31.520912407420003], [120.15969856390878, 31.520912407420003], [120.15969856390878, 31.519790343846903], [120.16017256328857, 31.519790343846903], [120.16017256328857, 31.519229312060354], [120.16112056204815, 31.519229312060354], [120.16112056204815, 31.5186682802738], [120.16159456142795, 31.5186682802738], [120.16159456142795, 31.519229312060354], [120.16206856080774, 31.519229312060354], [120.16206856080774, 31.5186682802738], [120.16349055894712, 31.5186682802738], [120.16349055894712, 31.519229312060354], [120.16538655646627, 31.519229312060354], [120.16538655646627, 31.5186682802738], [120.16586055584607, 31.5186682802738], [120.16586055584607, 31.519229312060354], [120.16823055274503, 31.519229312060354], [120.16823055274503, 31.519790343846903], [120.16775655336524, 31.519790343846903], [120.16775655336524, 31.520351375633453], [120.16586055584607, 31.520351375633453], [120.16586055584607, 31.519790343846903], [120.16538655646627, 31.519790343846903], [120.16538655646627, 31.521473439206552], [120.16396455832691, 31.521473439206552]]]}}, {"type": "Feature", "properties": {"threshold_ug_l": 20.0, "area_km2_approx": 0.006}, "geometry": {"type": "Polygon", "coordinates": [[[120.18008053723982, 31.5186682802738], [120.18008053723982, 31.5175462167007], [120.18055453661961, 31.5175462167007], [120.18055453661961, 31.5186682802738], [120.18008053723982, 31.5186682802738]]]}}, {"type": "Feature", "properties": {"threshold_ug_l": 20.0, "area_km2_approx": 0.014}, "geometry": {"type": "Polygon", "coordinates": [[[120.20709850188794, 31.51698518491415], [120.20709850188794, 31.516424153127602], [120.20662450250815, 31.516424153127602], [120.20662450250815, 31.515863121341052], [120.20709850188794, 31.515863121341052], [120.20709850188794, 31.515302089554503], [120.20757250126773, 31.515302089554503], [120.20757250126773, 31.515863121341052], [120.20804650064753, 31.515863121341052], [120.20804650064753, 31.516424153127602], [120.20757250126773, 31.516424153127602], [120.20757250126773, 31.51698518491415], [120.20709850188794, 31.51698518491415]]]}}, {"type": "Feature", "properties": {"threshold_ug_l": 20.0, "area_km2_approx": 0.008}, "geometry": {"type": "Polygon", "coordinates": [[[120.17865853910045, 31.516424153127602], [120.17865853910045, 31.515863121341052], [120.17913253848023, 31.515863121341052], [120.17913253848023, 31.515302089554503], [120.17960653786002, 31.515302089554503], [120.17960653786002, 31.516424153127602], [120.17865853910045, 31.516424153127602]]]}}, {"type": "Feature", "properties": {"threshold_ug_l": 20.0, "area_km2_approx": 0.025}, "geometry": {"type": "Polygon", "coordinates": [[[120.1815025353792, 31.51698518491415], [120.1815025353792, 31.515302089554503], [120.18197653475899, 31.515302089554503], [120.18197653475899, 31.51474105776795], [120.18245053413878, 31.51474105776795], [120.18245053413878, 31.515302089554503], [120.18292453351857, 31.515302089554503], [120.18292453351857, 31.516424153127602], [120.18245053413878, 31.516424153127602], [120.18245053413878, 31.51698518491415], [120.1815025353792, 31.51698518491415]]]}}, {"type": "Feature", "properties": {"threshold_ug_l": 20.0, "area_km2_approx": 0.036}, "geometry": {"type": "Polygon", "coordinates": [[[120.15211457383211, 31.516424153127602], [120.15211457383211, 31.515863121341052], [120.15164057445233, 31.515863121341052], [120.15164057445233, 31.51361899419485], [120.1525885732119, 31.51361899419485], [120.1525885732119, 31.5141800259814], [120.15353657197149, 31.5141800259814], [120.15353657197149, 31.51474105776795], [120.1530625725917, 31.51474105776795], [120.1530625725917, 31.515863121341052], [120.1525885732119, 31.515863121341052], [120.1525885732119, 31.516424153127602], [120.15211457383211, 31.516424153127602]]]}}, {"type": "Feature", "properties": {"threshold_ug_l": 20.0, "area_km2_approx": 0.003}, "geometry": {"type": "Polygon", "coordinates": [[[120.14974457693316, 31.5130579624083], [120.14974457693316, 31.51249693062175], [120.15021857631295, 31.51249693062175], [120.15021857631295, 31.5130579624083], [120.14974457693316, 31.5130579624083]]]}}, {"type": "Feature", "properties": {"threshold_ug_l": 20.0, "area_km2_approx": 0.003}, "geometry": {"type": "Polygon", "coordinates": [[[120.13789459243837, 31.51249693062175], [120.13789459243837, 31.5119358988352], [120.13836859181815, 31.5119358988352], [120.13836859181815, 31.51249693062175], [120.13789459243837, 31.51249693062175]]]}}, {"type": "Feature", "properties": {"threshold_ug_l": 20.0, "area_km2_approx": 0.003}, "geometry": {"type": "Polygon", "coordinates": [[[120.1412125880969, 31.51249693062175], [120.1412125880969, 31.5119358988352], [120.1416865874767, 31.5119358988352], [120.1416865874767, 31.51249693062175], [120.1412125880969, 31.51249693062175]]]}}, {"type": "Feature", "properties": {"threshold_ug_l": 20.0, "area_km2_approx": 0.006}, "geometry": {"type": "Polygon", "coordinates": [[[120.13552459553941, 31.5119358988352], [120.13552459553941, 31.51137486704865], [120.136472594299, 31.51137486704865], [120.136472594299, 31.5119358988352], [120.13552459553941, 31.5119358988352]]]}}, {"type": "Feature", "properties": {"threshold_ug_l": 20.0, "area_km2_approx": 0.003}, "geometry": {"type": "Polygon", "coordinates": [[[120.14453058375545, 31.51137486704865], [120.14453058375545, 31.5108138352621], [120.14500458313523, 31.5108138352621], [120.14500458313523, 31.51137486704865], [120.14453058375545, 31.51137486704865]]]}}, {"type": "Feature", "properties": {"threshold_ug_l": 20.0, "area_km2_approx": 0.047}, "geometry": {"type": "Polygon", "coordinates": [[[120.13694659367879, 31.5119358988352], [120.13694659367879, 31.51137486704865], [120.13742059305858, 31.51137486704865], [120.13742059305858, 31.5108138352621], [120.13694659367879, 31.5108138352621], [120.13694659367879, 31.509691771689], [120.13742059305858, 31.509691771689], [120.13742059305858, 31.50913073990245], [120.13836859181815, 31.50913073990245], [120.13836859181815, 31.509691771689], [120.13884259119794, 31.509691771689], [120.13884259119794, 31.51025280347555], [120.13979058995753, 31.51025280347555], [120.13979058995753, 31.51137486704865], [120.13931659057774, 31.51137486704865], [120.13931659057774, 31.5108138352621], [120.13884259119794, 31.5108138352621], [120.13884259119794, 31.51137486704865], [120.13742059305858, 31.51137486704865], [120.13742059305858, 31.5119358988352], [120.13694659367879, 31.5119358988352]]]}}, {"type": "Feature", "properties": {"threshold_ug_l": 20.0, "area_km2_approx": 0.017}, "geometry": {"type": "Polygon", "coordinates": [[[120.17202254778337, 31.509691771689], [120.17202254778337, 31.50800867632935], [120.17297054654294, 31.50800867632935], [120.17297054654294, 31.509691771689], [120.17202254778337, 31.509691771689]]]}}, {"type": "Feature", "properties": {"threshold_ug_l": 20.0, "area_km2_approx": 0.003}, "geometry": {"type": "Polygon", "coordinates": [[[120.17202254778337, 31.507447644542797], [120.17202254778337, 31.506886612756247], [120.17249654716315, 31.506886612756247], [120.17249654716315, 31.507447644542797], [120.17202254778337, 31.507447644542797]]]}}, {"type": "Feature", "properties": {"threshold_ug_l": 20.0, "area_km2_approx": 0.006}, "geometry": {"type": "Polygon", "coordinates": [[[120.14879657817357, 31.507447644542797], [120.14879657817357, 31.506886612756247], [120.14927057755337, 31.506886612756247], [120.14927057755337, 31.506325580969698], [120.14974457693316, 31.506325580969698], [120.14974457693316, 31.506886612756247], [120.14927057755337, 31.506886612756247], [120.14927057755337, 31.507447644542797], [120.14879657817357, 31.507447644542797]]]}}, {"type": "Feature", "properties": {"threshold_ug_l": 20.0, "area_km2_approx": 0.017}, "geometry": {"type": "Polygon", "coordinates": [[[120.12509660918398, 31.507447644542797], [120.12509660918398, 31.506886612756247], [120.12604460794357, 31.506886612756247], [120.12604460794357, 31.506325580969698], [120.12651860732336, 31.506325580969698], [120.12651860732336, 31.505764549183148], [120.12699260670315, 31.505764549183148], [120.12699260670315, 31.507447644542797], [120.12651860732336, 31.507447644542797], [120.12651860732336, 31.506886612756247], [120.12604460794357, 31.506886612756247], [120.12604460794357, 31.507447644542797], [120.12509660918398, 31.507447644542797]]]}}, {"type": "Feature", "properties": {"threshold_ug_l": 20.0, "area_km2_approx": 0.003}, "geometry": {"type": "Polygon", "coordinates": [[[120.1359985949192, 31.506325580969698], [120.1359985949192, 31.505764549183148], [120.136472594299, 31.505764549183148], [120.136472594299, 31.506325580969698], [120.1359985949192, 31.506325580969698]]]}}, {"type": "Feature", "properties": {"threshold_ug_l": 20.0, "area_km2_approx": 0.006}, "geometry": {"type": "Polygon", "coordinates": [[[120.16775655336524, 31.506325580969698], [120.16775655336524, 31.505764549183148], [120.16870455212482, 31.505764549183148], [120.16870455212482, 31.506325580969698], [120.16775655336524, 31.506325580969698]]]}}, {"type": "Feature", "properties": {"threshold_ug_l": 20.0, "area_km2_approx": 0.011}, "geometry": {"type": "Polygon", "coordinates": [[[120.12367461104462, 31.5052035173966], [120.12367461104462, 31.50464248561005], [120.12320061166483, 31.50464248561005], [120.12320061166483, 31.5040814538235], [120.12225261290524, 31.5040814538235], [120.12225261290524, 31.503520422036946], [120.12320061166483, 31.503520422036946], [120.12320061166483, 31.5040814538235], [120.12367461104462, 31.5040814538235], [120.12367461104462, 31.50464248561005], [120.12414861042441, 31.50464248561005], [120.12414861042441, 31.5052035173966], [120.12367461104462, 31.5052035173966]]]}}, {"type": "Feature", "properties": {"threshold_ug_l": 20.0, "area_km2_approx": 0.008}, "geometry": {"type": "Polygon", "coordinates": [[[120.19287852049419, 31.50464248561005], [120.19287852049419, 31.5040814538235], [120.19193052173462, 31.5040814538235], [120.19193052173462, 31.503520422036946], [120.19287852049419, 31.503520422036946], [120.19287852049419, 31.5040814538235], [120.19335251987398, 31.5040814538235], [120.19335251987398, 31.50464248561005], [120.19287852049419, 31.50464248561005]]]}}, {"type": "Feature", "properties": {"threshold_ug_l": 20.0, "area_km2_approx": 0.003}, "geometry": {"type": "Polygon", "coordinates": [[[120.19145652235483, 31.502959390250396], [120.19145652235483, 31.502398358463847], [120.19193052173462, 31.502398358463847], [120.19193052173462, 31.502959390250396], [120.19145652235483, 31.502959390250396]]]}}, {"type": "Feature", "properties": {"threshold_ug_l": 20.0, "area_km2_approx": 0.061}, "geometry": {"type": "Polygon", "coordinates": [[[120.22131848328169, 31.5052035173966], [120.22131848328169, 31.5040814538235], [120.22179248266148, 31.5040814538235], [120.22179248266148, 31.503520422036946], [120.22226648204128, 31.503520422036946], [120.22226648204128, 31.501837326677297], [120.22274048142107, 31.501837326677297], [120.22274048142107, 31.502398358463847], [120.22321448080086, 31.502398358463847], [120.22321448080086, 31.501837326677297], [120.22416247956045, 31.501837326677297], [120.22416247956045, 31.502398358463847], [120.22321448080086, 31.502398358463847], [120.22321448080086, 31.503520422036946], [120.22368848018066, 31.503520422036946], [120.22368848018066, 31.502959390250396], [120.22416247956045, 31.502959390250396], [120.22416247956045, 31.50464248561005], [120.22321448080086, 31.50464248561005], [120.22321448080086, 31.5052035173966], [120.22274048142107, 31.5052035173966], [120.22274048142107, 31.50464248561005], [120.22226648204128, 31.50464248561005], [120.22226648204128, 31.5052035173966], [120.22131848328169, 31.5052035173966]]]}}, {"type": "Feature", "properties": {"threshold_ug_l": 20.0, "area_km2_approx": 0.033}, "geometry": {"type": "Polygon", "coordinates": [[[120.17723654096108, 31.503520422036946], [120.17723654096108, 31.502398358463847], [120.17865853910045, 31.502398358463847], [120.17865853910045, 31.501837326677297], [120.17913253848023, 31.501837326677297], [120.17913253848023, 31.502398358463847], [120.17960653786002, 31.502398358463847], [120.17960653786002, 31.502959390250396], [120.18055453661961, 31.502959390250396], [120.18055453661961, 31.503520422036946], [120.17865853910045, 31.503520422036946], [120.17865853910045, 31.502959390250396], [120.17818453972066, 31.502959390250396], [120.17818453972066, 31.503520422036946], [120.17723654096108, 31.503520422036946]]]}}, {"type": "Feature", "properties": {"threshold_ug_l": 20.0, "area_km2_approx": 0.003}, "geometry": {"type": "Polygon", "coordinates": [[[120.21847448700295, 31.502398358463847], [120.21847448700295, 31.501837326677297], [120.21894848638274, 31.501837326677297], [120.21894848638274, 31.502398358463847], [120.21847448700295, 31.502398358463847]]]}}, {"type": "Feature", "properties": {"threshold_ug_l": 20.0, "area_km2_approx": 0.098}, "geometry": {"type": "Polygon", "coordinates": [[[120.16728255398544, 31.5052035173966], [120.16728255398544, 31.50464248561005], [120.16680855460565, 31.50464248561005], [120.16680855460565, 31.503520422036946], [120.16728255398544, 31.503520422036946], [120.16728255398544, 31.502959390250396], [120.16586055584607, 31.502959390250396], [120.16586055584607, 31.501837326677297], [120.16633455522586, 31.501837326677297], [120.16633455522586, 31.501276294890747], [120.16917855150461, 31.501276294890747], [120.16917855150461, 31.502959390250396], [120.16870455212482, 31.502959390250396], [120.16870455212482, 31.50464248561005], [120.16917855150461, 31.50464248561005], [120.16917855150461, 31.5052035173966], [120.16728255398544, 31.5052035173966]]]}}, {"type": "Feature", "properties": {"threshold_ug_l": 20.0, "area_km2_approx": 0.003}, "geometry": {"type": "Polygon", "coordinates": [[[120.16538655646627, 31.501276294890747], [120.16538655646627, 31.500715263104198], [120.16586055584607, 31.500715263104198], [120.16586055584607, 31.501276294890747], [120.16538655646627, 31.501276294890747]]]}}, {"type": "Feature", "properties": {"threshold_ug_l": 20.0, "area_km2_approx": 0.025}, "geometry": {"type": "Polygon", "coordinates": [[[120.18861252607607, 31.502398358463847], [120.18861252607607, 31.501837326677297], [120.18766452731649, 31.501837326677297], [120.18766452731649, 31.501276294890747], [120.18813852669628, 31.501276294890747], [120.18813852669628, 31.500154231317644], [120.18908652545586, 31.500154231317644], [120.18908652545586, 31.501276294890747], [120.18956052483566, 31.501276294890747], [120.18956052483566, 31.501837326677297], [120.18908652545586, 31.501837326677297], [120.18908652545586, 31.502398358463847], [120.18861252607607, 31.502398358463847]]]}}, {"type": "Feature", "properties": {"threshold_ug_l": 20.0, "area_km2_approx": 0.031}, "geometry": {"type": "Polygon", "coordinates": [[[120.21989648514231, 31.501837326677297], [120.21989648514231, 31.501276294890747], [120.21942248576254, 31.501276294890747], [120.21942248576254, 31.500715263104198], [120.21847448700295, 31.500715263104198], [120.21847448700295, 31.500154231317644], [120.21800048762316, 31.500154231317644], [120.21800048762316, 31.499593199531095], [120.21752648824337, 31.499593199531095], [120.21752648824337, 31.499032167744545], [120.21847448700295, 31.499032167744545], [120.21847448700295, 31.500154231317644], [120.21942248576254, 31.500154231317644], [120.21942248576254, 31.499593199531095], [120.21989648514231, 31.499593199531095], [120.21989648514231, 31.500715263104198], [120.2203704845221, 31.500715263104198], [120.2203704845221, 31.501276294890747], [120.2208444839019, 31.501276294890747], [120.2208444839019, 31.501837326677297], [120.21989648514231, 31.501837326677297]]]}}, {"type": "Feature", "properties": {"threshold_ug_l": 20.0, "area_km2_approx": 0.003}, "geometry": {"type": "Polygon", "coordinates": [[[120.12509660918398, 31.499032167744545], [120.12509660918398, 31.498471135957995], [120.12557060856378, 31.498471135957995], [120.12557060856378, 31.499032167744545], [120.12509660918398, 31.499032167744545]]]}}, {"type": "Feature", "properties": {"threshold_ug_l": 20.0, "area_km2_approx": 0.022}, "geometry": {"type": "Polygon", "coordinates": [[[120.13315459864044, 31.497910104171446], [120.13315459864044, 31.497349072384896], [120.13362859802024, 31.497349072384896], [120.13362859802024, 31.496788040598346], [120.1359985949192, 31.496788040598346], [120.1359985949192, 31.497349072384896], [120.13457659677982, 31.497349072384896], [120.13457659677982, 31.497910104171446], [120.13315459864044, 31.497910104171446]]]}}, {"type": "Feature", "properties": {"threshold_ug_l": 20.0, "area_km2_approx": 0.031}, "geometry": {"type": "Polygon", "coordinates": [[[120.13884259119794, 31.497349072384896], [120.13884259119794, 31.496788040598346], [120.13931659057774, 31.496788040598346], [120.13931659057774, 31.496227008811793], [120.13979058995753, 31.496227008811793], [120.13979058995753, 31.495665977025244], [120.14026458933732, 31.495665977025244], [120.14026458933732, 31.496227008811793], [120.1416865874767, 31.496227008811793], [120.1416865874767, 31.496788040598346], [120.1412125880969, 31.496788040598346], [120.1412125880969, 31.497349072384896], [120.13884259119794, 31.497349072384896]]]}}, {"type": "Feature", "properties": {"threshold_ug_l": 20.0, "area_km2_approx": 0.003}, "geometry": {"type": "Polygon", "coordinates": [[[120.14216058685649, 31.492299786305942], [120.14216058685649, 31.491738754519393], [120.14263458623628, 31.491738754519393], [120.14263458623628, 31.492299786305942], [120.14216058685649, 31.492299786305942]]]}}, {"type": "Feature", "properties": {"threshold_ug_l": 20.0, "area_km2_approx": 0.006}, "geometry": {"type": "Polygon", "coordinates": [[[120.18292453351857, 31.491738754519393], [120.18292453351857, 31.491177722732843], [120.18387253227816, 31.491177722732843], [120.18387253227816, 31.491738754519393], [120.18292453351857, 31.491738754519393]]]}}, {"type": "Feature", "properties": {"threshold_ug_l": 20.0, "area_km2_approx": 0.011}, "geometry": {"type": "Polygon", "coordinates": [[[120.18339853289837, 31.490616690946293], [120.18339853289837, 31.490055659159744], [120.18292453351857, 31.490055659159744], [120.18292453351857, 31.489494627373194], [120.18434653165795, 31.489494627373194], [120.18434653165795, 31.490055659159744], [120.18387253227816, 31.490055659159744], [120.18387253227816, 31.490616690946293], [120.18339853289837, 31.490616690946293]]]}}, {"type": "Feature", "properties": {"threshold_ug_l": 20.0, "area_km2_approx": 0.62}, "geometry": {"type": "Polygon", "coordinates": [[[120.1469005806544, 31.500715263104198], [120.1469005806544, 31.500154231317644], [120.14642658127461, 31.500154231317644], [120.14642658127461, 31.499593199531095], [120.14595258189482, 31.499593199531095], [120.14595258189482, 31.497349072384896], [120.14405658437566, 31.497349072384896], [120.14405658437566, 31.497910104171446], [120.14358258499587, 31.497910104171446], [120.14358258499587, 31.497349072384896], [120.14310858561608, 31.497349072384896], [120.14310858561608, 31.496788040598346], [120.14263458623628, 31.496788040598346], [120.14263458623628, 31.495665977025244], [120.14500458313523, 31.495665977025244], [120.14500458313523, 31.495104945238694], [120.14595258189482, 31.495104945238694], [120.14595258189482, 31.494543913452144], [120.14547858251503, 31.494543913452144], [120.14547858251503, 31.493421849879045], [120.14500458313523, 31.493421849879045], [120.14500458313523, 31.492860818092495], [120.14405658437566, 31.492860818092495], [120.14405658437566, 31.492299786305942], [120.14310858561608, 31.492299786305942], [120.14310858561608, 31.490616690946293], [120.14263458623628, 31.490616690946293], [120.14263458623628, 31.490055659159744], [120.14216058685649, 31.490055659159744], [120.14216058685649, 31.489494627373194], [120.1416865874767, 31.489494627373194], [120.1416865874767, 31.48837256380009], [120.14405658437566, 31.48837256380009], [120.14405658437566, 31.487250500226992], [120.14263458623628, 31.487250500226992], [120.14263458623628, 31.48781153201354], [120.1412125880969, 31.48781153201354], [120.1412125880969, 31.487250500226992], [120.14263458623628, 31.487250500226992], [120.14263458623628, 31.486689468440442], [120.1416865874767, 31.486689468440442], [120.1416865874767, 31.486128436653892], [120.14405658437566, 31.486128436653892], [120.14405658437566, 31.486689468440442], [120.14500458313523, 31.486689468440442], [120.14500458313523, 31.489494627373194], [120.14784857941399, 31.489494627373194], [120.14784857941399, 31.490055659159744], [120.1469005806544, 31.490055659159744], [120.1469005806544, 31.491177722732843], [120.1473745800342, 31.491177722732843], [120.1473745800342, 31.490616690946293], [120.14879657817357, 31.490616690946293], [120.14879657817357, 31.491177722732843], [120.1473745800342, 31.491177722732843], [120.1473745800342, 31.491738754519393], [120.14784857941399, 31.491738754519393], [120.14784857941399, 31.492299786305942], [120.14832257879378, 31.492299786305942], [120.14832257879378, 31.492860818092495], [120.14974457693316, 31.492860818092495], [120.14974457693316, 31.493421849879045], [120.15069257569274, 31.493421849879045], [120.15069257569274, 31.495104945238694], [120.15116657507254, 31.495104945238694], [120.15116657507254, 31.495665977025244], [120.14927057755337, 31.495665977025244], [120.14927057755337, 31.498471135957995], [120.14832257879378, 31.498471135957995], [120.14832257879378, 31.500154231317644], [120.14784857941399, 31.500154231317644], [120.14784857941399, 31.500715263104198], [120.1469005806544, 31.500715263104198]], [[120.14405658437566, 31.496788040598346], [120.14453058375545, 31.496788040598346], [120.14453058375545, 31.496227008811793], [120.14405658437566, 31.496227008811793], [120.14405658437566, 31.496788040598346]], [[120.14500458313523, 31.496227008811793], [120.14547858251503, 31.496227008811793], [120.14547858251503, 31.495665977025244], [120.14500458313523, 31.495665977025244], [120.14500458313523, 31.496227008811793]], [[120.1469005806544, 31.492860818092495], [120.1473745800342, 31.492860818092495], [120.1473745800342, 31.492299786305942], [120.1469005806544, 31.492299786305942], [120.1469005806544, 31.492860818092495]], [[120.14500458313523, 31.491738754519393], [120.14547858251503, 31.491738754519393], [120.14547858251503, 31.491177722732843], [120.14500458313523, 31.491177722732843], [120.14500458313523, 31.491738754519393]]]}}, {"type": "Feature", "properties": {"threshold_ug_l": 20.0, "area_km2_approx": 0.212}, "geometry": {"type": "Polygon", "coordinates": [[[120.22368848018066, 31.491177722732843], [120.22368848018066, 31.490616690946293], [120.22274048142107, 31.490616690946293], [120.22274048142107, 31.490055659159744], [120.22321448080086, 31.490055659159744], [120.22321448080086, 31.489494627373194], [120.22368848018066, 31.489494627373194], [120.22368848018066, 31.488933595586644], [120.22321448080086, 31.488933595586644], [120.22321448080086, 31.48837256380009], [120.22274048142107, 31.48837256380009], [120.22274048142107, 31.487250500226992], [120.22131848328169, 31.487250500226992], [120.22131848328169, 31.48781153201354], [120.22179248266148, 31.48781153201354], [120.22179248266148, 31.48837256380009], [120.2208444839019, 31.48837256380009], [120.2208444839019, 31.48781153201354], [120.21989648514231, 31.48781153201354], [120.21989648514231, 31.487250500226992], [120.21942248576254, 31.487250500226992], [120.21942248576254, 31.486689468440442], [120.21894848638274, 31.486689468440442], [120.21894848638274, 31.486128436653892], [120.21989648514231, 31.486128436653892], [120.21989648514231, 31.485567404867343], [120.2203704845221, 31.485567404867343], [120.2203704845221, 31.486128436653892], [120.22179248266148, 31.486128436653892], [120.22179248266148, 31.485567404867343], [120.22463647894024, 31.485567404867343], [120.22463647894024, 31.486128436653892], [120.22511047832003, 31.486128436653892], [120.22511047832003, 31.486689468440442], [120.22795447459877, 31.486689468440442], [120.22795447459877, 31.487250500226992], [120.22700647583919, 31.487250500226992], [120.22700647583919, 31.48781153201354], [120.22605847707962, 31.48781153201354], [120.22605847707962, 31.48837256380009], [120.22463647894024, 31.48837256380009], [120.22463647894024, 31.489494627373194], [120.22558447769983, 31.489494627373194], [120.22558447769983, 31.488933595586644], [120.22605847707962, 31.488933595586644], [120.22605847707962, 31.490055659159744], [120.22463647894024, 31.490055659159744], [120.22463647894024, 31.490616690946293], [120.22416247956045, 31.490616690946293], [120.22416247956045, 31.491177722732843], [120.22368848018066, 31.491177722732843]]]}}, {"type": "Feature", "properties": {"threshold_ug_l": 20.0, "area_km2_approx": 0.031}, "geometry": {"type": "Polygon", "coordinates": [[[120.20188450871024, 31.487250500226992], [120.20188450871024, 31.485567404867343], [120.20330650684961, 31.485567404867343], [120.20330650684961, 31.486689468440442], [120.2037805062294, 31.486689468440442], [120.2037805062294, 31.486128436653892], [120.2042545056092, 31.486128436653892], [120.2042545056092, 31.487250500226992], [120.20330650684961, 31.487250500226992], [120.20330650684961, 31.486689468440442], [120.20283250746982, 31.486689468440442], [120.20283250746982, 31.487250500226992], [120.20188450871024, 31.487250500226992]]]}}, {"type": "Feature", "properties": {"threshold_ug_l": 20.0, "area_km2_approx": 0.008}, "geometry": {"type": "Polygon", "coordinates": [[[120.1469005806544, 31.486689468440442], [120.1469005806544, 31.486128436653892], [120.14642658127461, 31.486128436653892], [120.14642658127461, 31.485567404867343], [120.1473745800342, 31.485567404867343], [120.1473745800342, 31.486689468440442], [120.1469005806544, 31.486689468440442]]]}}, {"type": "Feature", "properties": {"threshold_ug_l": 20.0, "area_km2_approx": 0.006}, "geometry": {"type": "Polygon", "coordinates": [[[120.20662450250815, 31.486689468440442], [120.20662450250815, 31.485567404867343], [120.20709850188794, 31.485567404867343], [120.20709850188794, 31.486689468440442], [120.20662450250815, 31.486689468440442]]]}}, {"type": "Feature", "properties": {"threshold_ug_l": 20.0, "area_km2_approx": 0.008}, "geometry": {"type": "Polygon", "coordinates": [[[120.20757250126773, 31.486128436653892], [120.20757250126773, 31.485567404867343], [120.20899449940711, 31.485567404867343], [120.20899449940711, 31.486128436653892], [120.20757250126773, 31.486128436653892]]]}}, {"type": "Feature", "properties": {"threshold_ug_l": 20.0, "area_km2_approx": 0.014}, "geometry": {"type": "Polygon", "coordinates": [[[120.21847448700295, 31.485567404867343], [120.21847448700295, 31.48500637308079], [120.21800048762316, 31.48500637308079], [120.21800048762316, 31.48444534129424], [120.21989648514231, 31.48444534129424], [120.21989648514231, 31.48500637308079], [120.21894848638274, 31.48500637308079], [120.21894848638274, 31.485567404867343], [120.21847448700295, 31.485567404867343]]]}}, {"type": "Feature", "properties": {"threshold_ug_l": 20.0, "area_km2_approx": 0.003}, "geometry": {"type": "Polygon", "coordinates": [[[120.18766452731649, 31.48332327772114], [120.18766452731649, 31.48276224593459], [120.18813852669628, 31.48276224593459], [120.18813852669628, 31.48332327772114], [120.18766452731649, 31.48332327772114]]]}}, {"type": "Feature", "properties": {"threshold_ug_l": 20.0, "area_km2_approx": 0.006}, "geometry": {"type": "Polygon", "coordinates": [[[120.20093650995065, 31.48332327772114], [120.20093650995065, 31.48220121414804], [120.20141050933044, 31.48220121414804], [120.20141050933044, 31.48332327772114], [120.20093650995065, 31.48332327772114]]]}}, {"type": "Feature", "properties": {"threshold_ug_l": 20.0, "area_km2_approx": 0.008}, "geometry": {"type": "Polygon", "coordinates": [[[120.03077073260545, 31.47995708700184], [120.03077073260545, 31.47939605521529], [120.03219273074482, 31.47939605521529], [120.03219273074482, 31.47995708700184], [120.03077073260545, 31.47995708700184]]]}}, {"type": "Feature", "properties": {"threshold_ug_l": 20.0, "area_km2_approx": 0.006}, "geometry": {"type": "Polygon", "coordinates": [[[120.0506787065567, 31.47939605521529], [120.0506787065567, 31.47883502342874], [120.05162670531628, 31.47883502342874], [120.05162670531628, 31.47939605521529], [120.0506787065567, 31.47939605521529]]]}}, {"type": "Feature", "properties": {"threshold_ug_l": 20.0, "area_km2_approx": 0.003}, "geometry": {"type": "Polygon", "coordinates": [[[120.05210070469607, 31.47939605521529], [120.05210070469607, 31.47883502342874], [120.05257470407587, 31.47883502342874], [120.05257470407587, 31.47939605521529], [120.05210070469607, 31.47939605521529]]]}}, {"type": "Feature", "properties": {"threshold_ug_l": 20.0, "area_km2_approx": 0.006}, "geometry": {"type": "Polygon", "coordinates": [[[120.05494470097483, 31.47939605521529], [120.05494470097483, 31.47827399164219], [120.05541870035462, 31.47827399164219], [120.05541870035462, 31.47939605521529], [120.05494470097483, 31.47939605521529]]]}}, {"type": "Feature", "properties": {"threshold_ug_l": 20.0, "area_km2_approx": 0.008}, "geometry": {"type": "Polygon", "coordinates": [[[120.0397767208215, 31.47939605521529], [120.0397767208215, 31.47883502342874], [120.04025072020129, 31.47883502342874], [120.04025072020129, 31.477712959855637], [120.04072471958108, 31.477712959855637], [120.04072471958108, 31.47883502342874], [120.04025072020129, 31.47883502342874], [120.04025072020129, 31.47939605521529], [120.0397767208215, 31.47939605521529]]]}}, {"type": "Feature", "properties": {"threshold_ug_l": 20.0, "area_km2_approx": 0.011}, "geometry": {"type": "Polygon", "coordinates": [[[120.03219273074482, 31.47883502342874], [120.03219273074482, 31.477712959855637], [120.03314072950441, 31.477712959855637], [120.03314072950441, 31.47883502342874], [120.03219273074482, 31.47883502342874]]]}}, {"type": "Feature", "properties": {"threshold_ug_l": 20.0, "area_km2_approx": 0.003}, "geometry": {"type": "Polygon", "coordinates": [[[120.0445167146194, 31.47827399164219], [120.0445167146194, 31.477712959855637], [120.0449907139992, 31.477712959855637], [120.0449907139992, 31.47827399164219], [120.0445167146194, 31.47827399164219]]]}}, {"type": "Feature", "properties": {"threshold_ug_l": 20.0, "area_km2_approx": 0.045}, "geometry": {"type": "Polygon", "coordinates": [[[120.04546471337899, 31.47939605521529], [120.04546471337899, 31.47827399164219], [120.04593871275878, 31.47827399164219], [120.04593871275878, 31.477712959855637], [120.04688671151837, 31.477712959855637], [120.04688671151837, 31.477151928069087], [120.04641271213858, 31.477151928069087], [120.04641271213858, 31.476029864495988], [120.04783471027795, 31.476029864495988], [120.04783471027795, 31.477151928069087], [120.04736071089816, 31.477151928069087], [120.04736071089816, 31.47827399164219], [120.04783471027795, 31.47827399164219], [120.04783471027795, 31.47883502342874], [120.04593871275878, 31.47883502342874], [120.04593871275878, 31.47939605521529], [120.04546471337899, 31.47939605521529]]]}}, {"type": "Feature", "properties": {"threshold_ug_l": 20.0, "area_km2_approx": 0.006}, "geometry": {"type": "Polygon", "coordinates": [[[120.03171873136503, 31.476029864495988], [120.03171873136503, 31.47546883270944], [120.03266673012462, 31.47546883270944], [120.03266673012462, 31.476029864495988], [120.03171873136503, 31.476029864495988]]]}}, {"type": "Feature", "properties": {"threshold_ug_l": 20.0, "area_km2_approx": 0.053}, "geometry": {"type": "Polygon", "coordinates": [[[120.02745273694691, 31.476590896282538], [120.02745273694691, 31.476029864495988], [120.02650473818733, 31.476029864495988], [120.02650473818733, 31.47546883270944], [120.02603073880753, 31.47546883270944], [120.02603073880753, 31.47490780092289], [120.02555673942774, 31.47490780092289], [120.02555673942774, 31.47434676913634], [120.02745273694691, 31.47434676913634], [120.02745273694691, 31.47490780092289], [120.0279267363267, 31.47490780092289], [120.0279267363267, 31.47546883270944], [120.0284007357065, 31.47546883270944], [120.0284007357065, 31.47490780092289], [120.02934873446608, 31.47490780092289], [120.02934873446608, 31.476029864495988], [120.02887473508629, 31.476029864495988], [120.02887473508629, 31.476590896282538], [120.02745273694691, 31.476590896282538]]]}}, {"type": "Feature", "properties": {"threshold_ug_l": 20.0, "area_km2_approx": 0.008}, "geometry": {"type": "Polygon", "coordinates": [[[120.16633455522586, 31.47490780092289], [120.16633455522586, 31.473785737349786], [120.16680855460565, 31.473785737349786], [120.16680855460565, 31.47434676913634], [120.16728255398544, 31.47434676913634], [120.16728255398544, 31.47490780092289], [120.16633455522586, 31.47490780092289]]]}}, {"type": "Feature", "properties": {"threshold_ug_l": 20.0, "area_km2_approx": 0.059}, "geometry": {"type": "Polygon", "coordinates": [[[120.13220659988086, 31.477151928069087], [120.13220659988086, 31.476590896282538], [120.13268059926065, 31.476590896282538], [120.13268059926065, 31.472663673776687], [120.13315459864044, 31.472663673776687], [120.13315459864044, 31.473224705563236], [120.13362859802024, 31.473224705563236], [120.13362859802024, 31.47490780092289], [120.13410259740003, 31.47490780092289], [120.13410259740003, 31.47546883270944], [120.13457659677982, 31.47546883270944], [120.13457659677982, 31.476029864495988], [120.13410259740003, 31.476029864495988], [120.13410259740003, 31.477151928069087], [120.13220659988086, 31.477151928069087]]]}}, {"type": "Feature", "properties": {"threshold_ug_l": 20.0, "area_km2_approx": 0.14}, "geometry": {"type": "Polygon", "coordinates": [[[120.18339853289837, 31.473785737349786], [120.18339853289837, 31.470980578417038], [120.18434653165795, 31.470980578417038], [120.18434653165795, 31.470419546630488], [120.1867165285569, 31.470419546630488], [120.1867165285569, 31.470980578417038], [120.18719052793669, 31.470980578417038], [120.18719052793669, 31.470419546630488], [120.18766452731649, 31.470419546630488], [120.18766452731649, 31.470980578417038], [120.18813852669628, 31.470980578417038], [120.18813852669628, 31.471541610203587], [120.18766452731649, 31.471541610203587], [120.18766452731649, 31.472663673776687], [120.18813852669628, 31.472663673776687], [120.18813852669628, 31.473224705563236], [120.1867165285569, 31.473224705563236], [120.1867165285569, 31.473785737349786], [120.18482053103774, 31.473785737349786], [120.18482053103774, 31.473224705563236], [120.18434653165795, 31.473224705563236], [120.18434653165795, 31.473785737349786], [120.18339853289837, 31.473785737349786]]]}}, {"type": "Feature", "properties": {"threshold_ug_l": 20.0, "area_km2_approx": 0.008}, "geometry": {"type": "Polygon", "coordinates": [[[120.13268059926065, 31.471541610203587], [120.13268059926065, 31.470980578417038], [120.13220659988086, 31.470980578417038], [120.13220659988086, 31.470419546630488], [120.13315459864044, 31.470419546630488], [120.13315459864044, 31.471541610203587], [120.13268059926065, 31.471541610203587]]]}}, {"type": "Feature", "properties": {"threshold_ug_l": 20.0, "area_km2_approx": 0.003}, "geometry": {"type": "Polygon", "coordinates": [[[120.1469005806544, 31.468175419484286], [120.1469005806544, 31.467614387697736], [120.1473745800342, 31.467614387697736], [120.1473745800342, 31.468175419484286], [120.1469005806544, 31.468175419484286]]]}}, {"type": "Feature", "properties": {"threshold_ug_l": 20.0, "area_km2_approx": 0.43}, "geometry": {"type": "Polygon", "coordinates": [[[120.22179248266148, 31.477712959855637], [120.22179248266148, 31.477151928069087], [120.21894848638274, 31.477151928069087], [120.21894848638274, 31.476590896282538], [120.21847448700295, 31.476590896282538], [120.21847448700295, 31.476029864495988], [120.21800048762316, 31.476029864495988], [120.21800048762316, 31.47490780092289], [120.21752648824337, 31.47490780092289], [120.21752648824337, 31.47434676913634], [120.21847448700295, 31.47434676913634], [120.21847448700295, 31.472663673776687], [120.21800048762316, 31.472663673776687], [120.21800048762316, 31.472102641990137], [120.21752648824337, 31.472102641990137], [120.21752648824337, 31.470980578417038], [120.21705248886357, 31.470980578417038], [120.21705248886357, 31.469858514843935], [120.21657848948378, 31.469858514843935], [120.21657848948378, 31.468736451270836], [120.21705248886357, 31.468736451270836], [120.21705248886357, 31.468175419484286], [120.21752648824337, 31.468175419484286], [120.21752648824337, 31.467614387697736], [120.21800048762316, 31.467614387697736], [120.21800048762316, 31.467053355911187], [120.21847448700295, 31.467053355911187], [120.21847448700295, 31.466492324124637], [120.21942248576254, 31.466492324124637], [120.21942248576254, 31.467053355911187], [120.21894848638274, 31.467053355911187], [120.21894848638274, 31.468736451270836], [120.21989648514231, 31.468736451270836], [120.21989648514231, 31.469297483057385], [120.2203704845221, 31.469297483057385], [120.2203704845221, 31.469858514843935], [120.2208444839019, 31.469858514843935], [120.2208444839019, 31.470419546630488], [120.22131848328169, 31.470419546630488], [120.22131848328169, 31.470980578417038], [120.2208444839019, 31.470980578417038], [120.2208444839019, 31.471541610203587], [120.22131848328169, 31.471541610203587], [120.22131848328169, 31.472102641990137], [120.22226648204128, 31.472102641990137], [120.22226648204128, 31.471541610203587], [120.22274048142107, 31.471541610203587], [120.22274048142107, 31.472102641990137], [120.22321448080086, 31.472102641990137], [120.22321448080086, 31.47434676913634], [120.22274048142107, 31.47434676913634], [120.22274048142107, 31.47546883270944], [120.22321448080086, 31.47546883270944], [120.22321448080086, 31.47490780092289], [120.22368848018066, 31.47490780092289], [120.22368848018066, 31.476029864495988], [120.22321448080086, 31.476029864495988], [120.22321448080086, 31.476590896282538], [120.22274048142107, 31.476590896282538], [120.22274048142107, 31.477151928069087], [120.22226648204128, 31.477151928069087], [120.22226648204128, 31.477712959855637], [120.22179248266148, 31.477712959855637]], [[120.21705248886357, 31.469858514843935], [120.21752648824337, 31.469858514843935], [120.21752648824337, 31.469297483057385], [120.21705248886357, 31.469297483057385], [120.21705248886357, 31.469858514843935]]]}}, {"type": "Feature", "properties": {"threshold_ug_l": 20.0, "area_km2_approx": 0.006}, "geometry": {"type": "Polygon", "coordinates": [[[120.2037805062294, 31.467053355911187], [120.2037805062294, 31.466492324124637], [120.2042545056092, 31.466492324124637], [120.2042545056092, 31.465931292338084], [120.20472850498899, 31.465931292338084], [120.20472850498899, 31.466492324124637], [120.2042545056092, 31.466492324124637], [120.2042545056092, 31.467053355911187], [120.2037805062294, 31.467053355911187]]]}}, {"type": "Feature", "properties": {"threshold_ug_l": 20.0, "area_km2_approx": 0.455}, "geometry": {"type": "Polygon", "coordinates": [[[120.1649125570865, 31.47490780092289], [120.1649125570865, 31.47434676913634], [120.1644385577067, 31.47434676913634], [120.1644385577067, 31.473785737349786], [120.16396455832691, 31.473785737349786], [120.16396455832691, 31.473224705563236], [120.16349055894712, 31.473224705563236], [120.16349055894712, 31.473785737349786], [120.16254256018753, 31.473785737349786], [120.16254256018753, 31.473224705563236], [120.16206856080774, 31.473224705563236], [120.16206856080774, 31.472663673776687], [120.16064656266836, 31.472663673776687], [120.16064656266836, 31.471541610203587], [120.15969856390878, 31.471541610203587], [120.15969856390878, 31.470980578417038], [120.15922456452898, 31.470980578417038], [120.15922456452898, 31.470419546630488], [120.15875056514919, 31.470419546630488], [120.15875056514919, 31.470980578417038], [120.15638056825024, 31.470980578417038], [120.15638056825024, 31.470419546630488], [120.15685456763003, 31.470419546630488], [120.15685456763003, 31.469858514843935], [120.15590656887045, 31.469858514843935], [120.15590656887045, 31.469297483057385], [120.15495857011086, 31.469297483057385], [120.15495857011086, 31.468175419484286], [120.15448457073107, 31.468175419484286], [120.15448457073107, 31.467614387697736], [120.15590656887045, 31.467614387697736], [120.15590656887045, 31.467053355911187], [120.15543256949066, 31.467053355911187], [120.15543256949066, 31.466492324124637], [120.15732856700983, 31.466492324124637], [120.15732856700983, 31.465931292338084], [120.15780256638962, 31.465931292338084], [120.15780256638962, 31.465370260551534], [120.15827656576941, 31.465370260551534], [120.15827656576941, 31.464809228764985], [120.15875056514919, 31.464809228764985], [120.15875056514919, 31.465370260551534], [120.15922456452898, 31.465370260551534], [120.15922456452898, 31.465931292338084], [120.15969856390878, 31.465931292338084], [120.15969856390878, 31.466492324124637], [120.16017256328857, 31.466492324124637], [120.16017256328857, 31.467053355911187], [120.16159456142795, 31.467053355911187], [120.16159456142795, 31.467614387697736], [120.16206856080774, 31.467614387697736], [120.16206856080774, 31.468175419484286], [120.16254256018753, 31.468175419484286], [120.16254256018753, 31.468736451270836], [120.16301655956732, 31.468736451270836], [120.16301655956732, 31.469297483057385], [120.16349055894712, 31.469297483057385], [120.16349055894712, 31.470980578417038], [120.1644385577067, 31.470980578417038], [120.1644385577067, 31.471541610203587], [120.16396455832691, 31.471541610203587], [120.16396455832691, 31.472102641990137], [120.1644385577067, 31.472102641990137], [120.1644385577067, 31.473224705563236], [120.1649125570865, 31.473224705563236], [120.1649125570865, 31.473785737349786], [120.16538655646627, 31.473785737349786], [120.16538655646627, 31.47434676913634], [120.16586055584607, 31.47434676913634], [120.16586055584607, 31.47490780092289], [120.1649125570865, 31.47490780092289]], [[120.15685456763003, 31.469858514843935], [120.15732856700983, 31.469858514843935], [120.15732856700983, 31.469297483057385], [120.15685456763003, 31.469297483057385], [120.15685456763003, 31.469858514843935]]]}}, {"type": "Feature", "properties": {"threshold_ug_l": 20.0, "area_km2_approx": 0.148}, "geometry": {"type": "Polygon", "coordinates": [[[120.18719052793669, 31.467053355911187], [120.18719052793669, 31.466492324124637], [120.1867165285569, 31.466492324124637], [120.1867165285569, 31.465370260551534], [120.18624252917711, 31.465370260551534], [120.18624252917711, 31.464809228764985], [120.18434653165795, 31.464809228764985], [120.18434653165795, 31.463687165191885], [120.18529453041754, 31.463687165191885], [120.18529453041754, 31.463126133405336], [120.18624252917711, 31.463126133405336], [120.18624252917711, 31.463687165191885], [120.1867165285569, 31.463687165191885], [120.1867165285569, 31.463126133405336], [120.18766452731649, 31.463126133405336], [120.18766452731649, 31.462565101618782], [120.1867165285569, 31.462565101618782], [120.1867165285569, 31.462004069832233], [120.18766452731649, 31.462004069832233], [120.18766452731649, 31.462565101618782], [120.18908652545586, 31.462565101618782], [120.18908652545586, 31.463126133405336], [120.18956052483566, 31.463126133405336], [120.18956052483566, 31.465370260551534], [120.18908652545586, 31.465370260551534], [120.18908652545586, 31.465931292338084], [120.18861252607607, 31.465931292338084], [120.18861252607607, 31.466492324124637], [120.18813852669628, 31.466492324124637], [120.18813852669628, 31.467053355911187], [120.18719052793669, 31.467053355911187]]]}}, {"type": "Feature", "properties": {"threshold_ug_l": 20.0, "area_km2_approx": 0.003}, "geometry": {"type": "Polygon", "coordinates": [[[120.12888860422233, 31.461443038045683], [120.12888860422233, 31.460882006259133], [120.12936260360212, 31.460882006259133], [120.12936260360212, 31.461443038045683], [120.12888860422233, 31.461443038045683]]]}}, {"type": "Feature", "properties": {"threshold_ug_l": 20.0, "area_km2_approx": 0.184}, "geometry": {"type": "Polygon", "coordinates": [[[120.06158069229191, 31.466492324124637], [120.06158069229191, 31.465370260551534], [120.0620546916717, 31.465370260551534], [120.0620546916717, 31.464809228764985], [120.0625286910515, 31.464809228764985], [120.0625286910515, 31.464248196978435], [120.06347668981108, 31.464248196978435], [120.06347668981108, 31.463687165191885], [120.06395068919086, 31.463687165191885], [120.06395068919086, 31.463126133405336], [120.06442468857065, 31.463126133405336], [120.06442468857065, 31.463687165191885], [120.06679468546962, 31.463687165191885], [120.06679468546962, 31.462004069832233], [120.06632068608982, 31.462004069832233], [120.06632068608982, 31.461443038045683], [120.06679468546962, 31.461443038045683], [120.06679468546962, 31.460882006259133], [120.06916468236858, 31.460882006259133], [120.06916468236858, 31.460320974472584], [120.07058668050794, 31.460320974472584], [120.07058668050794, 31.460882006259133], [120.07011268112817, 31.460882006259133], [120.07011268112817, 31.461443038045683], [120.06963868174837, 31.461443038045683], [120.06963868174837, 31.462004069832233], [120.06916468236858, 31.462004069832233], [120.06916468236858, 31.463126133405336], [120.06869068298879, 31.463126133405336], [120.06869068298879, 31.463687165191885], [120.068216683609, 31.463687165191885], [120.068216683609, 31.464248196978435], [120.06726868484941, 31.464248196978435], [120.06726868484941, 31.464809228764985], [120.06679468546962, 31.464809228764985], [120.06679468546962, 31.465370260551534], [120.0625286910515, 31.465370260551534], [120.0625286910515, 31.466492324124637], [120.06158069229191, 31.466492324124637]]]}}, {"type": "Feature", "properties": {"threshold_ug_l": 20.0, "area_km2_approx": 0.011}, "geometry": {"type": "Polygon", "coordinates": [[[120.04783471027795, 31.461443038045683], [120.04783471027795, 31.460882006259133], [120.04736071089816, 31.460882006259133], [120.04736071089816, 31.460320974472584], [120.04878270903754, 31.460320974472584], [120.04878270903754, 31.460882006259133], [120.04830870965775, 31.460882006259133], [120.04830870965775, 31.461443038045683], [120.04783471027795, 31.461443038045683]]]}}, {"type": "Feature", "properties": {"threshold_ug_l": 20.0, "area_km2_approx": 0.045}, "geometry": {"type": "Polygon", "coordinates": [[[120.12841460484253, 31.460320974472584], [120.12841460484253, 31.459198910899485], [120.12794060546274, 31.459198910899485], [120.12794060546274, 31.45807684732638], [120.12746660608295, 31.45807684732638], [120.12746660608295, 31.456954783753282], [120.12841460484253, 31.456954783753282], [120.12841460484253, 31.457515815539832], [120.12888860422233, 31.457515815539832], [120.12888860422233, 31.45807684732638], [120.12983660298191, 31.45807684732638], [120.12983660298191, 31.459198910899485], [120.12936260360212, 31.459198910899485], [120.12936260360212, 31.459759942686034], [120.12888860422233, 31.459759942686034], [120.12888860422233, 31.460320974472584], [120.12841460484253, 31.460320974472584]]]}}, {"type": "Feature", "properties": {"threshold_ug_l": 20.0, "area_km2_approx": 0.034}, "geometry": {"type": "Polygon", "coordinates": [[[120.07200867864732, 31.459759942686034], [120.07200867864732, 31.45863787911293], [120.07153467926753, 31.45863787911293], [120.07153467926753, 31.45807684732638], [120.07200867864732, 31.45807684732638], [120.07200867864732, 31.457515815539832], [120.07248267802711, 31.457515815539832], [120.07248267802711, 31.45807684732638], [120.07200867864732, 31.45807684732638], [120.07200867864732, 31.45863787911293], [120.0729566774069, 31.45863787911293], [120.0729566774069, 31.45807684732638], [120.0734306767867, 31.45807684732638], [120.0734306767867, 31.457515815539832], [120.07390467616649, 31.457515815539832], [120.07390467616649, 31.456954783753282], [120.07437867554628, 31.456954783753282], [120.07437867554628, 31.457515815539832], [120.07485267492608, 31.457515815539832], [120.07485267492608, 31.45807684732638], [120.0734306767867, 31.45807684732638], [120.0734306767867, 31.459198910899485], [120.0729566774069, 31.459198910899485], [120.0729566774069, 31.459759942686034], [120.07200867864732, 31.459759942686034]]]}}, {"type": "Feature", "properties": {"threshold_ug_l": 20.0, "area_km2_approx": 0.003}, "geometry": {"type": "Polygon", "coordinates": [[[120.12936260360212, 31.457515815539832], [120.12936260360212, 31.456954783753282], [120.12983660298191, 31.456954783753282], [120.12983660298191, 31.457515815539832], [120.12936260360212, 31.457515815539832]]]}}, {"type": "Feature", "properties": {"threshold_ug_l": 20.0, "area_km2_approx": 0.003}, "geometry": {"type": "Polygon", "coordinates": [[[120.20141050933044, 31.456954783753282], [120.20141050933044, 31.456393751966733], [120.20188450871024, 31.456393751966733], [120.20188450871024, 31.456954783753282], [120.20141050933044, 31.456954783753282]]]}}, {"type": "Feature", "properties": {"threshold_ug_l": 20.0, "area_km2_approx": 0.02}, "geometry": {"type": "Polygon", "coordinates": [[[120.07485267492608, 31.456393751966733], [120.07485267492608, 31.455832720180183], [120.07580067368566, 31.455832720180183], [120.07580067368566, 31.45471065660708], [120.07627467306546, 31.45471065660708], [120.07627467306546, 31.45527168839363], [120.07674867244525, 31.45527168839363], [120.07674867244525, 31.456393751966733], [120.07485267492608, 31.456393751966733]]]}}, {"type": "Feature", "properties": {"threshold_ug_l": 20.0, "area_km2_approx": 0.017}, "geometry": {"type": "Polygon", "coordinates": [[[120.33792233071044, 31.455832720180183], [120.33792233071044, 31.45527168839363], [120.33744833133065, 31.45527168839363], [120.33744833133065, 31.45471065660708], [120.33839633009023, 31.45471065660708], [120.33839633009023, 31.45414962482053], [120.33981832822961, 31.45414962482053], [120.33981832822961, 31.45471065660708], [120.33839633009023, 31.45471065660708], [120.33839633009023, 31.455832720180183], [120.33792233071044, 31.455832720180183]]]}}, {"type": "Feature", "properties": {"threshold_ug_l": 20.0, "area_km2_approx": 0.011}, "geometry": {"type": "Polygon", "coordinates": [[[120.16112056204815, 31.45527168839363], [120.16112056204815, 31.45414962482053], [120.16206856080774, 31.45414962482053], [120.16206856080774, 31.45527168839363], [120.16112056204815, 31.45527168839363]]]}}, {"type": "Feature", "properties": {"threshold_ug_l": 20.0, "area_km2_approx": 0.003}, "geometry": {"type": "Polygon", "coordinates": [[[120.3407663269892, 31.45471065660708], [120.3407663269892, 31.45414962482053], [120.34124032636899, 31.45414962482053], [120.34124032636899, 31.45471065660708], [120.3407663269892, 31.45471065660708]]]}}, {"type": "Feature", "properties": {"threshold_ug_l": 20.0, "area_km2_approx": 0.447}, "geometry": {"type": "Polygon", "coordinates": [[[120.19050852359524, 31.464248196978435], [120.19050852359524, 31.463126133405336], [120.19098252297503, 31.463126133405336], [120.19098252297503, 31.461443038045683], [120.19145652235483, 31.461443038045683], [120.19145652235483, 31.460882006259133], [120.19098252297503, 31.460882006259133], [120.19098252297503, 31.45863787911293], [120.19193052173462, 31.45863787911293], [120.19193052173462, 31.45807684732638], [120.19287852049419, 31.45807684732638], [120.19287852049419, 31.457515815539832], [120.1924045211144, 31.457515815539832], [120.1924045211144, 31.456393751966733], [120.19193052173462, 31.456393751966733], [120.19193052173462, 31.455832720180183], [120.1924045211144, 31.455832720180183], [120.1924045211144, 31.45527168839363], [120.19287852049419, 31.45527168839363], [120.19287852049419, 31.45471065660708], [120.19667051553253, 31.45471065660708], [120.19667051553253, 31.45358859303398], [120.19761851429212, 31.45358859303398], [120.19761851429212, 31.45414962482053], [120.1985665130517, 31.45414962482053], [120.1985665130517, 31.45358859303398], [120.19998851119107, 31.45358859303398], [120.19998851119107, 31.45414962482053], [120.19951451181127, 31.45414962482053], [120.19951451181127, 31.455832720180183], [120.1990405124315, 31.455832720180183], [120.1990405124315, 31.456393751966733], [120.19951451181127, 31.456393751966733], [120.19951451181127, 31.457515815539832], [120.1990405124315, 31.457515815539832], [120.1990405124315, 31.456954783753282], [120.1985665130517, 31.456954783753282], [120.1985665130517, 31.457515815539832], [120.19809251367191, 31.457515815539832], [120.19809251367191, 31.456954783753282], [120.19619651615274, 31.456954783753282], [120.19619651615274, 31.457515815539832], [120.19572251677295, 31.457515815539832], [120.19572251677295, 31.45863787911293], [120.19667051553253, 31.45863787911293], [120.19667051553253, 31.459759942686034], [120.19619651615274, 31.459759942686034], [120.19619651615274, 31.460320974472584], [120.19524851739315, 31.460320974472584], [120.19524851739315, 31.460882006259133], [120.19619651615274, 31.460882006259133], [120.19619651615274, 31.461443038045683], [120.19524851739315, 31.461443038045683], [120.19524851739315, 31.462004069832233], [120.19477451801336, 31.462004069832233], [120.19477451801336, 31.462565101618782], [120.19430051863357, 31.462565101618782], [120.19430051863357, 31.462004069832233], [120.19335251987398, 31.462004069832233], [120.19335251987398, 31.461443038045683], [120.1924045211144, 31.461443038045683], [120.1924045211144, 31.460320974472584], [120.19193052173462, 31.460320974472584], [120.19193052173462, 31.463126133405336], [120.19145652235483, 31.463126133405336], [120.19145652235483, 31.463687165191885], [120.19098252297503, 31.463687165191885], [120.19098252297503, 31.464248196978435], [120.19050852359524, 31.464248196978435]]]}}, {"type": "Feature", "properties": {"threshold_ug_l": 20.0, "area_km2_approx": 0.003}, "geometry": {"type": "Polygon", "coordinates": [[[120.12651860732336, 31.45414962482053], [120.12651860732336, 31.45358859303398], [120.12699260670315, 31.45358859303398], [120.12699260670315, 31.45414962482053], [120.12651860732336, 31.45414962482053]]]}}, {"type": "Feature", "properties": {"threshold_ug_l": 20.0, "area_km2_approx": 0.006}, "geometry": {"type": "Polygon", "coordinates": [[[120.33413033567211, 31.45358859303398], [120.33413033567211, 31.45246652946088], [120.33460433505189, 31.45246652946088], [120.33460433505189, 31.45358859303398], [120.33413033567211, 31.45358859303398]]]}}, {"type": "Feature", "properties": {"threshold_ug_l": 20.0, "area_km2_approx": 0.003}, "geometry": {"type": "Polygon", "coordinates": [[[120.19477451801336, 31.45246652946088], [120.19477451801336, 31.451905497674332], [120.19524851739315, 31.451905497674332], [120.19524851739315, 31.45246652946088], [120.19477451801336, 31.45246652946088]]]}}, {"type": "Feature", "properties": {"threshold_ug_l": 20.0, "area_km2_approx": 0.008}, "geometry": {"type": "Polygon", "coordinates": [[[120.2037805062294, 31.451905497674332], [120.2037805062294, 31.45134446588778], [120.2042545056092, 31.45134446588778], [120.2042545056092, 31.45078343410123], [120.20472850498899, 31.45078343410123], [120.20472850498899, 31.451905497674332], [120.2037805062294, 31.451905497674332]]]}}, {"type": "Feature", "properties": {"threshold_ug_l": 20.0, "area_km2_approx": 0.006}, "geometry": {"type": "Polygon", "coordinates": [[[120.17344454592273, 31.45078343410123], [120.17344454592273, 31.45022240231468], [120.17439254468232, 31.45022240231468], [120.17439254468232, 31.45078343410123], [120.17344454592273, 31.45078343410123]]]}}, {"type": "Feature", "properties": {"threshold_ug_l": 20.0, "area_km2_approx": 0.039}, "geometry": {"type": "Polygon", "coordinates": [[[120.14310858561608, 31.451905497674332], [120.14310858561608, 31.44966137052813], [120.14358258499587, 31.44966137052813], [120.14358258499587, 31.44853930695503], [120.14453058375545, 31.44853930695503], [120.14453058375545, 31.44910033874158], [120.14405658437566, 31.44910033874158], [120.14405658437566, 31.44966137052813], [120.14358258499587, 31.44966137052813], [120.14358258499587, 31.45022240231468], [120.14453058375545, 31.45022240231468], [120.14453058375545, 31.44966137052813], [120.14500458313523, 31.44966137052813], [120.14500458313523, 31.45078343410123], [120.14453058375545, 31.45078343410123], [120.14453058375545, 31.451905497674332], [120.14405658437566, 31.451905497674332], [120.14405658437566, 31.45134446588778], [120.14358258499587, 31.45134446588778], [120.14358258499587, 31.451905497674332], [120.14310858561608, 31.451905497674332]]]}}, {"type": "Feature", "properties": {"threshold_ug_l": 20.0, "area_km2_approx": 0.011}, "geometry": {"type": "Polygon", "coordinates": [[[120.3284423431146, 31.44966137052813], [120.3284423431146, 31.44910033874158], [120.32796834373481, 31.44910033874158], [120.32796834373481, 31.44853930695503], [120.3284423431146, 31.44853930695503], [120.3284423431146, 31.44910033874158], [120.32986434125398, 31.44910033874158], [120.32986434125398, 31.44966137052813], [120.3284423431146, 31.44966137052813]]]}}, {"type": "Feature", "properties": {"threshold_ug_l": 20.0, "area_km2_approx": 0.003}, "geometry": {"type": "Polygon", "coordinates": [[[120.0734306767867, 31.44910033874158], [120.0734306767867, 31.44853930695503], [120.07390467616649, 31.44853930695503], [120.07390467616649, 31.44910033874158], [120.0734306767867, 31.44910033874158]]]}}, {"type": "Feature", "properties": {"threshold_ug_l": 20.0, "area_km2_approx": 0.025}, "geometry": {"type": "Polygon", "coordinates": [[[120.12794060546274, 31.44966137052813], [120.12794060546274, 31.44910033874158], [120.12746660608295, 31.44910033874158], [120.12746660608295, 31.44853930695503], [120.12936260360212, 31.44853930695503], [120.12936260360212, 31.44797827516848], [120.12983660298191, 31.44797827516848], [120.12983660298191, 31.44910033874158], [120.12936260360212, 31.44910033874158], [120.12936260360212, 31.44966137052813], [120.12794060546274, 31.44966137052813]]]}}, {"type": "Feature", "properties": {"threshold_ug_l": 20.0, "area_km2_approx": 0.084}, "geometry": {"type": "Polygon", "coordinates": [[[120.19477451801336, 31.44966137052813], [120.19477451801336, 31.44910033874158], [120.19430051863357, 31.44910033874158], [120.19430051863357, 31.44853930695503], [120.19382651925378, 31.44853930695503], [120.19382651925378, 31.44797827516848], [120.1924045211144, 31.44797827516848], [120.1924045211144, 31.446856211595378], [120.19287852049419, 31.446856211595378], [120.19287852049419, 31.44573414802228], [120.19477451801336, 31.44573414802228], [120.19477451801336, 31.44629517980883], [120.19524851739315, 31.44629517980883], [120.19524851739315, 31.44797827516848], [120.19572251677295, 31.44797827516848], [120.19572251677295, 31.44966137052813], [120.19477451801336, 31.44966137052813]]]}}, {"type": "Feature", "properties": {"threshold_ug_l": 20.0, "area_km2_approx": 0.011}, "geometry": {"type": "Polygon", "coordinates": [[[120.12983660298191, 31.446856211595378], [120.12983660298191, 31.44573414802228], [120.1303106023617, 31.44573414802228], [120.1303106023617, 31.44517311623573], [120.1307846017415, 31.44517311623573], [120.1307846017415, 31.44629517980883], [120.1303106023617, 31.44629517980883], [120.1303106023617, 31.446856211595378], [120.12983660298191, 31.446856211595378]]]}}, {"type": "Feature", "properties": {"threshold_ug_l": 20.0, "area_km2_approx": 0.003}, "geometry": {"type": "Polygon", "coordinates": [[[120.13125860112129, 31.44573414802228], [120.13125860112129, 31.44517311623573], [120.13173260050107, 31.44517311623573], [120.13173260050107, 31.44573414802228], [120.13125860112129, 31.44573414802228]]]}}, {"type": "Feature", "properties": {"threshold_ug_l": 20.0, "area_km2_approx": 0.003}, "geometry": {"type": "Polygon", "coordinates": [[[120.34124032636899, 31.44517311623573], [120.34124032636899, 31.44461208444918], [120.34171432574877, 31.44461208444918], [120.34171432574877, 31.44517311623573], [120.34124032636899, 31.44517311623573]]]}}, {"type": "Feature", "properties": {"threshold_ug_l": 20.0, "area_km2_approx": 0.006}, "geometry": {"type": "Polygon", "coordinates": [[[120.19287852049419, 31.44517311623573], [120.19287852049419, 31.44461208444918], [120.19335251987398, 31.44461208444918], [120.19335251987398, 31.44405105266263], [120.19382651925378, 31.44405105266263], [120.19382651925378, 31.44461208444918], [120.19335251987398, 31.44461208444918], [120.19335251987398, 31.44517311623573], [120.19287852049419, 31.44517311623573]]]}}, {"type": "Feature", "properties": {"threshold_ug_l": 20.0, "area_km2_approx": 0.006}, "geometry": {"type": "Polygon", "coordinates": [[[120.19193052173462, 31.44405105266263], [120.19193052173462, 31.443490020876077], [120.19287852049419, 31.443490020876077], [120.19287852049419, 31.44405105266263], [120.19193052173462, 31.44405105266263]]]}}, {"type": "Feature", "properties": {"threshold_ug_l": 20.0, "area_km2_approx": 0.003}, "geometry": {"type": "Polygon", "coordinates": [[[120.07532667430587, 31.443490020876077], [120.07532667430587, 31.442928989089527], [120.07580067368566, 31.442928989089527], [120.07580067368566, 31.443490020876077], [120.07532667430587, 31.443490020876077]]]}}, {"type": "Feature", "properties": {"threshold_ug_l": 20.0, "area_km2_approx": 0.003}, "geometry": {"type": "Polygon", "coordinates": [[[120.19050852359524, 31.443490020876077], [120.19050852359524, 31.442928989089527], [120.19098252297503, 31.442928989089527], [120.19098252297503, 31.443490020876077], [120.19050852359524, 31.443490020876077]]]}}, {"type": "Feature", "properties": {"threshold_ug_l": 20.0, "area_km2_approx": 0.064}, "geometry": {"type": "Polygon", "coordinates": [[[120.07627467306546, 31.44461208444918], [120.07627467306546, 31.44405105266263], [120.07722267182503, 31.44405105266263], [120.07722267182503, 31.443490020876077], [120.07674867244525, 31.443490020876077], [120.07674867244525, 31.442367957302977], [120.07769667120482, 31.442367957302977], [120.07769667120482, 31.441806925516428], [120.07959266872399, 31.441806925516428], [120.07959266872399, 31.442928989089527], [120.0791186693442, 31.442928989089527], [120.0791186693442, 31.443490020876077], [120.0786446699644, 31.443490020876077], [120.0786446699644, 31.44461208444918], [120.07627467306546, 31.44461208444918]]]}}, {"type": "Feature", "properties": {"threshold_ug_l": 20.0, "area_km2_approx": 0.014}, "geometry": {"type": "Polygon", "coordinates": [[[120.1985665130517, 31.442928989089527], [120.1985665130517, 31.442367957302977], [120.19998851119107, 31.442367957302977], [120.19998851119107, 31.441806925516428], [120.20046251057086, 31.441806925516428], [120.20046251057086, 31.442928989089527], [120.1985665130517, 31.442928989089527]]]}}, {"type": "Feature", "properties": {"threshold_ug_l": 20.0, "area_km2_approx": 0.014}, "geometry": {"type": "Polygon", "coordinates": [[[120.20330650684961, 31.442367957302977], [120.20330650684961, 31.440123830156775], [120.2037805062294, 31.440123830156775], [120.2037805062294, 31.441806925516428], [120.2042545056092, 31.441806925516428], [120.2042545056092, 31.442367957302977], [120.20330650684961, 31.442367957302977]]]}}, {"type": "Feature", "properties": {"threshold_ug_l": 20.0, "area_km2_approx": 0.006}, "geometry": {"type": "Polygon", "coordinates": [[[120.15780256638962, 31.440123830156775], [120.15780256638962, 31.439562798370225], [120.15827656576941, 31.439562798370225], [120.15827656576941, 31.439001766583676], [120.15875056514919, 31.439001766583676], [120.15875056514919, 31.439562798370225], [120.15827656576941, 31.439562798370225], [120.15827656576941, 31.440123830156775], [120.15780256638962, 31.440123830156775]]]}}, {"type": "Feature", "properties": {"threshold_ug_l": 20.0, "area_km2_approx": 0.008}, "geometry": {"type": "Polygon", "coordinates": [[[120.0336147288842, 31.439562798370225], [120.0336147288842, 31.439001766583676], [120.03314072950441, 31.439001766583676], [120.03314072950441, 31.438440734797126], [120.0336147288842, 31.438440734797126], [120.0336147288842, 31.439001766583676], [120.03456272764379, 31.439001766583676], [120.03456272764379, 31.439562798370225], [120.0336147288842, 31.439562798370225]]]}}, {"type": "Feature", "properties": {"threshold_ug_l": 20.0, "area_km2_approx": 0.006}, "geometry": {"type": "Polygon", "coordinates": [[[120.16017256328857, 31.437879703010577], [120.16017256328857, 31.437318671224027], [120.16064656266836, 31.437318671224027], [120.16064656266836, 31.436757639437477], [120.16112056204815, 31.436757639437477], [120.16112056204815, 31.437318671224027], [120.16064656266836, 31.437318671224027], [120.16064656266836, 31.437879703010577], [120.16017256328857, 31.437879703010577]]]}}, {"type": "Feature", "properties": {"threshold_ug_l": 20.0, "area_km2_approx": 0.073}, "geometry": {"type": "Polygon", "coordinates": [[[120.20330650684961, 31.437318671224027], [120.20330650684961, 31.436757639437477], [120.20283250746982, 31.436757639437477], [120.20283250746982, 31.436196607650924], [120.20235850809003, 31.436196607650924], [120.20235850809003, 31.435074544077825], [120.20283250746982, 31.435074544077825], [120.20283250746982, 31.434513512291275], [120.2037805062294, 31.434513512291275], [120.2037805062294, 31.433952480504725], [120.20567650374858, 31.433952480504725], [120.20567650374858, 31.434513512291275], [120.20520250436878, 31.434513512291275], [120.20520250436878, 31.436196607650924], [120.20472850498899, 31.436196607650924], [120.20472850498899, 31.436757639437477], [120.2037805062294, 31.436757639437477], [120.2037805062294, 31.437318671224027], [120.20330650684961, 31.437318671224027]]]}}, {"type": "Feature", "properties": {"threshold_ug_l": 20.0, "area_km2_approx": 0.006}, "geometry": {"type": "Polygon", "coordinates": [[[120.17960653786002, 31.432269385145073], [120.17960653786002, 31.431147321571974], [120.18008053723982, 31.431147321571974], [120.18008053723982, 31.432269385145073], [120.17960653786002, 31.432269385145073]]]}}, {"type": "Feature", "properties": {"threshold_ug_l": 20.0, "area_km2_approx": 0.025}, "geometry": {"type": "Polygon", "coordinates": [[[120.29336638901003, 31.433952480504725], [120.29336638901003, 31.433391448718176], [120.29289238963024, 31.433391448718176], [120.29289238963024, 31.432830416931623], [120.29241839025045, 31.432830416931623], [120.29241839025045, 31.431708353358523], [120.29147039149086, 31.431708353358523], [120.29147039149086, 31.431147321571974], [120.29052239273128, 31.431147321571974], [120.29052239273128, 31.430025257998874], [120.29099639211107, 31.430025257998874], [120.29099639211107, 31.430586289785424], [120.29147039149086, 31.430586289785424], [120.29147039149086, 31.431147321571974], [120.29241839025045, 31.431147321571974], [120.29241839025045, 31.431708353358523], [120.29289238963024, 31.431708353358523], [120.29289238963024, 31.432830416931623], [120.29336638901003, 31.432830416931623], [120.29336638901003, 31.433391448718176], [120.29384038838982, 31.433391448718176], [120.29384038838982, 31.433952480504725], [120.29336638901003, 31.433952480504725]]]}}, {"type": "Feature", "properties": {"threshold_ug_l": 20.0, "area_km2_approx": 0.003}, "geometry": {"type": "Polygon", "coordinates": [[[120.2834124020344, 31.42890319442577], [120.2834124020344, 31.428342162639222], [120.2838864014142, 31.428342162639222], [120.2838864014142, 31.42890319442577], [120.2834124020344, 31.42890319442577]]]}}, {"type": "Feature", "properties": {"threshold_ug_l": 20.0, "area_km2_approx": 0.05}, "geometry": {"type": "Polygon", "coordinates": [[[120.17960653786002, 31.430586289785424], [120.17960653786002, 31.430025257998874], [120.17913253848023, 31.430025257998874], [120.17913253848023, 31.428342162639222], [120.17960653786002, 31.428342162639222], [120.17960653786002, 31.427781130852672], [120.1815025353792, 31.427781130852672], [120.1815025353792, 31.42890319442577], [120.1810285359994, 31.42890319442577], [120.1810285359994, 31.429464226212325], [120.18055453661961, 31.429464226212325], [120.18055453661961, 31.430586289785424], [120.17960653786002, 31.430586289785424]]]}}, {"type": "Feature", "properties": {"threshold_ug_l": 20.0, "area_km2_approx": 0.003}, "geometry": {"type": "Polygon", "coordinates": [[[120.28246440327482, 31.428342162639222], [120.28246440327482, 31.427781130852672], [120.28293840265461, 31.427781130852672], [120.28293840265461, 31.428342162639222], [120.28246440327482, 31.428342162639222]]]}}, {"type": "Feature", "properties": {"threshold_ug_l": 20.0, "area_km2_approx": 0.003}, "geometry": {"type": "Polygon", "coordinates": [[[120.28151640451523, 31.427781130852672], [120.28151640451523, 31.427220099066123], [120.28199040389502, 31.427220099066123], [120.28199040389502, 31.427781130852672], [120.28151640451523, 31.427781130852672]]]}}, {"type": "Feature", "properties": {"threshold_ug_l": 20.0, "area_km2_approx": 0.031}, "geometry": {"type": "Polygon", "coordinates": [[[120.068216683609, 31.427220099066123], [120.068216683609, 31.426659067279573], [120.06726868484941, 31.426659067279573], [120.06726868484941, 31.426098035493023], [120.0677426842292, 31.426098035493023], [120.0677426842292, 31.425537003706474], [120.068216683609, 31.425537003706474], [120.068216683609, 31.42497597191992], [120.06869068298879, 31.42497597191992], [120.06869068298879, 31.425537003706474], [120.06916468236858, 31.425537003706474], [120.06916468236858, 31.426659067279573], [120.06963868174837, 31.426659067279573], [120.06963868174837, 31.427220099066123], [120.068216683609, 31.427220099066123]]]}}, {"type": "Feature", "properties": {"threshold_ug_l": 20.0, "area_km2_approx": 0.006}, "geometry": {"type": "Polygon", "coordinates": [[[120.1644385577067, 31.42497597191992], [120.1644385577067, 31.42441494013337], [120.16538655646627, 31.42441494013337], [120.16538655646627, 31.42497597191992], [120.1644385577067, 31.42497597191992]]]}}, {"type": "Feature", "properties": {"threshold_ug_l": 20.0, "area_km2_approx": 0.486}, "geometry": {"type": "Polygon", "coordinates": [[[120.14263458623628, 31.42890319442577], [120.14263458623628, 31.428342162639222], [120.1412125880969, 31.428342162639222], [120.1412125880969, 31.427220099066123], [120.14073858871711, 31.427220099066123], [120.14073858871711, 31.426659067279573], [120.1412125880969, 31.426659067279573], [120.1412125880969, 31.425537003706474], [120.14073858871711, 31.425537003706474], [120.14073858871711, 31.426098035493023], [120.13979058995753, 31.426098035493023], [120.13979058995753, 31.425537003706474], [120.13931659057774, 31.425537003706474], [120.13931659057774, 31.42497597191992], [120.13979058995753, 31.42497597191992], [120.13979058995753, 31.42441494013337], [120.14026458933732, 31.42441494013337], [120.14026458933732, 31.422731844773722], [120.14310858561608, 31.422731844773722], [120.14310858561608, 31.42329287656027], [120.14358258499587, 31.42329287656027], [120.14358258499587, 31.422731844773722], [120.14453058375545, 31.422731844773722], [120.14453058375545, 31.422170812987172], [120.14500458313523, 31.422170812987172], [120.14500458313523, 31.422731844773722], [120.14453058375545, 31.422731844773722], [120.14453058375545, 31.42329287656027], [120.14547858251503, 31.42329287656027], [120.14547858251503, 31.422731844773722], [120.1473745800342, 31.422731844773722], [120.1473745800342, 31.42329287656027], [120.14974457693316, 31.42329287656027], [120.14974457693316, 31.42385390834682], [120.15021857631295, 31.42385390834682], [120.15021857631295, 31.42329287656027], [120.15164057445233, 31.42329287656027], [120.15164057445233, 31.42385390834682], [120.15353657197149, 31.42385390834682], [120.15353657197149, 31.42441494013337], [120.1530625725917, 31.42441494013337], [120.1530625725917, 31.42497597191992], [120.15069257569274, 31.42497597191992], [120.15069257569274, 31.42441494013337], [120.14974457693316, 31.42441494013337], [120.14974457693316, 31.42497597191992], [120.14927057755337, 31.42497597191992], [120.14927057755337, 31.42441494013337], [120.14879657817357, 31.42441494013337], [120.14879657817357, 31.42497597191992], [120.14832257879378, 31.42497597191992], [120.14832257879378, 31.426098035493023], [120.14784857941399, 31.426098035493023], [120.14784857941399, 31.426659067279573], [120.14832257879378, 31.426659067279573], [120.14832257879378, 31.427220099066123], [120.1473745800342, 31.427220099066123], [120.1473745800342, 31.426659067279573], [120.14642658127461, 31.426659067279573], [120.14642658127461, 31.427220099066123], [120.14595258189482, 31.427220099066123], [120.14595258189482, 31.427781130852672], [120.14547858251503, 31.427781130852672], [120.14547858251503, 31.428342162639222], [120.14358258499587, 31.428342162639222], [120.14358258499587, 31.42890319442577], [120.14263458623628, 31.42890319442577]]]}}, {"type": "Feature", "properties": {"threshold_ug_l": 20.0, "area_km2_approx": 0.131}, "geometry": {"type": "Polygon", "coordinates": [[[120.03266673012462, 31.426098035493023], [120.03266673012462, 31.42441494013337], [120.03219273074482, 31.42441494013337], [120.03219273074482, 31.42329287656027], [120.03124473198524, 31.42329287656027], [120.03124473198524, 31.422170812987172], [120.03171873136503, 31.422170812987172], [120.03171873136503, 31.421609781200623], [120.03219273074482, 31.421609781200623], [120.03219273074482, 31.42104874941407], [120.03456272764379, 31.42104874941407], [120.03456272764379, 31.422731844773722], [120.034088728264, 31.422731844773722], [120.034088728264, 31.42329287656027], [120.03456272764379, 31.42329287656027], [120.03456272764379, 31.42441494013337], [120.03503672702358, 31.42441494013337], [120.03503672702358, 31.42497597191992], [120.03456272764379, 31.42497597191992], [120.03456272764379, 31.426098035493023], [120.03266673012462, 31.426098035493023]]]}}, {"type": "Feature", "properties": {"threshold_ug_l": 20.0, "area_km2_approx": 0.003}, "geometry": {"type": "Polygon", "coordinates": [[[120.21326049382523, 31.421609781200623], [120.21326049382523, 31.42104874941407], [120.21373449320502, 31.42104874941407], [120.21373449320502, 31.421609781200623], [120.21326049382523, 31.421609781200623]]]}}, {"type": "Feature", "properties": {"threshold_ug_l": 20.0, "area_km2_approx": 0.109}, "geometry": {"type": "Polygon", "coordinates": [[[120.05352270283545, 31.42441494013337], [120.05352270283545, 31.422731844773722], [120.05162670531628, 31.422731844773722], [120.05162670531628, 31.421609781200623], [120.05210070469607, 31.421609781200623], [120.05210070469607, 31.42104874941407], [120.05304870345566, 31.42104874941407], [120.05304870345566, 31.42048771762752], [120.05352270283545, 31.42048771762752], [120.05352270283545, 31.41992668584097], [120.05494470097483, 31.41992668584097], [120.05494470097483, 31.42104874941407], [120.05541870035462, 31.42104874941407], [120.05541870035462, 31.422731844773722], [120.05494470097483, 31.422731844773722], [120.05494470097483, 31.42329287656027], [120.05541870035462, 31.42329287656027], [120.05541870035462, 31.42385390834682], [120.05447070159504, 31.42385390834682], [120.05447070159504, 31.42441494013337], [120.05352270283545, 31.42441494013337]]]}}, {"type": "Feature", "properties": {"threshold_ug_l": 20.0, "area_km2_approx": 0.003}, "geometry": {"type": "Polygon", "coordinates": [[[120.02129074500962, 31.41992668584097], [120.02129074500962, 31.41936565405442], [120.02176474438942, 31.41936565405442], [120.02176474438942, 31.41992668584097], [120.02129074500962, 31.41992668584097]]]}}, {"type": "Feature", "properties": {"threshold_ug_l": 20.0, "area_km2_approx": 0.003}, "geometry": {"type": "Polygon", "coordinates": [[[120.21468249196461, 31.41992668584097], [120.21468249196461, 31.41936565405442], [120.2151564913444, 31.41936565405442], [120.2151564913444, 31.41992668584097], [120.21468249196461, 31.41992668584097]]]}}, {"type": "Feature", "properties": {"threshold_ug_l": 20.0, "area_km2_approx": 0.045}, "geometry": {"type": "Polygon", "coordinates": [[[120.18387253227816, 31.42104874941407], [120.18387253227816, 31.41992668584097], [120.18434653165795, 31.41992668584097], [120.18434653165795, 31.41936565405442], [120.18482053103774, 31.41936565405442], [120.18482053103774, 31.41880462226787], [120.18624252917711, 31.41880462226787], [120.18624252917711, 31.41992668584097], [120.1867165285569, 31.41992668584097], [120.1867165285569, 31.42048771762752], [120.18624252917711, 31.42048771762752], [120.18624252917711, 31.42104874941407], [120.18529453041754, 31.42104874941407], [120.18529453041754, 31.42048771762752], [120.18434653165795, 31.42048771762752], [120.18434653165795, 31.42104874941407], [120.18387253227816, 31.42104874941407]]]}}, {"type": "Feature", "properties": {"threshold_ug_l": 20.0, "area_km2_approx": 0.003}, "geometry": {"type": "Polygon", "coordinates": [[[120.17486654406211, 31.41824359048132], [120.17486654406211, 31.417682558694768], [120.1753405434419, 31.417682558694768], [120.1753405434419, 31.41824359048132], [120.17486654406211, 31.41824359048132]]]}}, {"type": "Feature", "properties": {"threshold_ug_l": 20.0, "area_km2_approx": 0.084}, "geometry": {"type": "Polygon", "coordinates": [[[120.25023244544899, 31.41936565405442], [120.25023244544899, 31.41880462226787], [120.2492844466894, 31.41880462226787], [120.2492844466894, 31.41824359048132], [120.24881044730961, 31.41824359048132], [120.24881044730961, 31.41712152690822], [120.2497584460692, 31.41712152690822], [120.2497584460692, 31.41656049512167], [120.25212844296816, 31.41656049512167], [120.25212844296816, 31.417682558694768], [120.25260244234795, 31.417682558694768], [120.25260244234795, 31.41824359048132], [120.25307644172774, 31.41824359048132], [120.25307644172774, 31.41880462226787], [120.25165444358836, 31.41880462226787], [120.25165444358836, 31.41936565405442], [120.25118044420857, 31.41936565405442], [120.25118044420857, 31.41880462226787], [120.25070644482878, 31.41880462226787], [120.25070644482878, 31.41936565405442], [120.25023244544899, 31.41936565405442]]]}}, {"type": "Feature", "properties": {"threshold_ug_l": 20.0, "area_km2_approx": 0.008}, "geometry": {"type": "Polygon", "coordinates": [[[120.1753405434419, 31.41712152690822], [120.1753405434419, 31.41543843154857], [120.1758145428217, 31.41543843154857], [120.1758145428217, 31.41712152690822], [120.1753405434419, 31.41712152690822]]]}}, {"type": "Feature", "properties": {"threshold_ug_l": 20.0, "area_km2_approx": 0.229}, "geometry": {"type": "Polygon", "coordinates": [[[120.02034274625004, 31.41880462226787], [120.02034274625004, 31.41824359048132], [120.01797274935107, 31.41824359048132], [120.01797274935107, 31.417682558694768], [120.01749874997128, 31.417682558694768], [120.01749874997128, 31.41712152690822], [120.01702475059149, 31.41712152690822], [120.01702475059149, 31.41656049512167], [120.0165507512117, 31.41656049512167], [120.0165507512117, 31.41599946333512], [120.01560275245212, 31.41599946333512], [120.01560275245212, 31.41543843154857], [120.01465475369254, 31.41543843154857], [120.01465475369254, 31.41487739976202], [120.01418075431275, 31.41487739976202], [120.01418075431275, 31.41431636797547], [120.01607675183192, 31.41431636797547], [120.01607675183192, 31.41487739976202], [120.01702475059149, 31.41487739976202], [120.01702475059149, 31.41431636797547], [120.01892074811066, 31.41431636797547], [120.01892074811066, 31.41487739976202], [120.01986874687024, 31.41487739976202], [120.01986874687024, 31.41543843154857], [120.02034274625004, 31.41543843154857], [120.02034274625004, 31.41599946333512], [120.02413474128836, 31.41599946333512], [120.02413474128836, 31.417682558694768], [120.02129074500962, 31.417682558694768], [120.02129074500962, 31.41824359048132], [120.02081674562983, 31.41824359048132], [120.02081674562983, 31.41880462226787], [120.02034274625004, 31.41880462226787]]]}}, {"type": "Feature", "properties": {"threshold_ug_l": 20.0, "area_km2_approx": 0.003}, "geometry": {"type": "Polygon", "coordinates": [[[120.01275875617337, 31.413194304402367], [120.01275875617337, 31.412633272615818], [120.01323275555316, 31.412633272615818], [120.01323275555316, 31.413194304402367], [120.01275875617337, 31.413194304402367]]]}}, {"type": "Feature", "properties": {"threshold_ug_l": 20.0, "area_km2_approx": 0.003}, "geometry": {"type": "Polygon", "coordinates": [[[120.23885646033399, 31.413194304402367], [120.23885646033399, 31.412633272615818], [120.23933045971378, 31.412633272615818], [120.23933045971378, 31.413194304402367], [120.23885646033399, 31.413194304402367]]]}}, {"type": "Feature", "properties": {"threshold_ug_l": 20.0, "area_km2_approx": 0.003}, "geometry": {"type": "Polygon", "coordinates": [[[120.01181075741378, 31.412633272615818], [120.01181075741378, 31.412072240829268], [120.01228475679358, 31.412072240829268], [120.01228475679358, 31.412633272615818], [120.01181075741378, 31.412633272615818]]]}}, {"type": "Feature", "properties": {"threshold_ug_l": 20.0, "area_km2_approx": 0.003}, "geometry": {"type": "Polygon", "coordinates": [[[120.18529453041754, 31.412633272615818], [120.18529453041754, 31.412072240829268], [120.18576852979731, 31.412072240829268], [120.18576852979731, 31.412633272615818], [120.18529453041754, 31.412633272615818]]]}}, {"type": "Feature", "properties": {"threshold_ug_l": 20.0, "area_km2_approx": 0.022}, "geometry": {"type": "Polygon", "coordinates": [[[120.01892074811066, 31.413194304402367], [120.01892074811066, 31.412633272615818], [120.01844674873087, 31.412633272615818], [120.01844674873087, 31.411511209042718], [120.02034274625004, 31.411511209042718], [120.02034274625004, 31.412072240829268], [120.01986874687024, 31.412072240829268], [120.01986874687024, 31.412633272615818], [120.01939474749045, 31.412633272615818], [120.01939474749045, 31.413194304402367], [120.01892074811066, 31.413194304402367]]]}}, {"type": "Feature", "properties": {"threshold_ug_l": 20.0, "area_km2_approx": 0.003}, "geometry": {"type": "Polygon", "coordinates": [[[120.23743446219461, 31.412072240829268], [120.23743446219461, 31.411511209042718], [120.2379084615744, 31.411511209042718], [120.2379084615744, 31.412072240829268], [120.23743446219461, 31.412072240829268]]]}}, {"type": "Feature", "properties": {"threshold_ug_l": 20.0, "area_km2_approx": 0.003}, "geometry": {"type": "Polygon", "coordinates": [[[120.09902664329545, 31.41095017725617], [120.09902664329545, 31.410389145469615], [120.09950064267524, 31.410389145469615], [120.09950064267524, 31.41095017725617], [120.09902664329545, 31.41095017725617]]]}}, {"type": "Feature", "properties": {"threshold_ug_l": 20.0, "area_km2_approx": 0.089}, "geometry": {"type": "Polygon", "coordinates": [[[120.10281863833379, 31.411511209042718], [120.10281863833379, 31.410389145469615], [120.10329263771358, 31.410389145469615], [120.10329263771358, 31.409828113683066], [120.10376663709337, 31.409828113683066], [120.10376663709337, 31.409267081896516], [120.10471463585294, 31.409267081896516], [120.10471463585294, 31.408706050109966], [120.10518863523274, 31.408706050109966], [120.10518863523274, 31.409267081896516], [120.10566263461253, 31.409267081896516], [120.10566263461253, 31.408706050109966], [120.10613663399232, 31.408706050109966], [120.10613663399232, 31.409267081896516], [120.10850663089128, 31.409267081896516], [120.10850663089128, 31.410389145469615], [120.10661063337211, 31.410389145469615], [120.10661063337211, 31.409828113683066], [120.10566263461253, 31.409828113683066], [120.10566263461253, 31.41095017725617], [120.10518863523274, 31.41095017725617], [120.10518863523274, 31.411511209042718], [120.10281863833379, 31.411511209042718]]]}}, {"type": "Feature", "properties": {"threshold_ug_l": 20.0, "area_km2_approx": 0.014}, "geometry": {"type": "Polygon", "coordinates": [[[120.0336147288842, 31.409267081896516], [120.0336147288842, 31.408706050109966], [120.034088728264, 31.408706050109966], [120.034088728264, 31.408145018323417], [120.03503672702358, 31.408145018323417], [120.03503672702358, 31.409267081896516], [120.0336147288842, 31.409267081896516]]]}}, {"type": "Feature", "properties": {"threshold_ug_l": 20.0, "area_km2_approx": 0.042}, "geometry": {"type": "Polygon", "coordinates": [[[120.02413474128836, 31.409828113683066], [120.02413474128836, 31.409267081896516], [120.02366074190857, 31.409267081896516], [120.02366074190857, 31.408706050109966], [120.02223874376921, 31.408706050109966], [120.02223874376921, 31.408145018323417], [120.022712743149, 31.408145018323417], [120.022712743149, 31.407583986536867], [120.02460874066816, 31.407583986536867], [120.02460874066816, 31.408145018323417], [120.02508274004795, 31.408145018323417], [120.02508274004795, 31.409828113683066], [120.02413474128836, 31.409828113683066]]]}}, {"type": "Feature", "properties": {"threshold_ug_l": 20.0, "area_km2_approx": 0.003}, "geometry": {"type": "Polygon", "coordinates": [[[120.16538655646627, 31.408145018323417], [120.16538655646627, 31.407583986536867], [120.16586055584607, 31.407583986536867], [120.16586055584607, 31.408145018323417], [120.16538655646627, 31.408145018323417]]]}}, {"type": "Feature", "properties": {"threshold_ug_l": 20.0, "area_km2_approx": 0.003}, "geometry": {"type": "Polygon", "coordinates": [[[120.11561662158816, 31.407583986536867], [120.11561662158816, 31.407022954750317], [120.11609062096795, 31.407022954750317], [120.11609062096795, 31.407583986536867], [120.11561662158816, 31.407583986536867]]]}}, {"type": "Feature", "properties": {"threshold_ug_l": 20.0, "area_km2_approx": 0.003}, "geometry": {"type": "Polygon", "coordinates": [[[120.1644385577067, 31.407583986536867], [120.1644385577067, 31.407022954750317], [120.1649125570865, 31.407022954750317], [120.1649125570865, 31.407583986536867], [120.1644385577067, 31.407583986536867]]]}}, {"type": "Feature", "properties": {"threshold_ug_l": 20.0, "area_km2_approx": 0.003}, "geometry": {"type": "Polygon", "coordinates": [[[120.23316846777648, 31.407022954750317], [120.23316846777648, 31.406461922963764], [120.23364246715627, 31.406461922963764], [120.23364246715627, 31.407022954750317], [120.23316846777648, 31.407022954750317]]]}}, {"type": "Feature", "properties": {"threshold_ug_l": 20.0, "area_km2_approx": 0.123}, "geometry": {"type": "Polygon", "coordinates": [[[120.00944076051482, 31.41095017725617], [120.00944076051482, 31.410389145469615], [120.00991475989461, 31.410389145469615], [120.00991475989461, 31.409828113683066], [120.00944076051482, 31.409828113683066], [120.00944076051482, 31.409267081896516], [120.00754476299566, 31.409267081896516], [120.00754476299566, 31.408706050109966], [120.00707076361587, 31.408706050109966], [120.00707076361587, 31.408145018323417], [120.00659676423608, 31.408145018323417], [120.00659676423608, 31.407583986536867], [120.00612276485629, 31.407583986536867], [120.00612276485629, 31.406461922963764], [120.00707076361587, 31.406461922963764], [120.00707076361587, 31.407022954750317], [120.00896676113504, 31.407022954750317], [120.00896676113504, 31.405900891177215], [120.00849276175525, 31.405900891177215], [120.00849276175525, 31.405339859390665], [120.00944076051482, 31.405339859390665], [120.00944076051482, 31.407022954750317], [120.0108627586542, 31.407022954750317], [120.0108627586542, 31.408145018323417], [120.00991475989461, 31.408145018323417], [120.00991475989461, 31.409267081896516], [120.0103887592744, 31.409267081896516], [120.0103887592744, 31.409828113683066], [120.0108627586542, 31.409828113683066], [120.0108627586542, 31.41095017725617], [120.00944076051482, 31.41095017725617]], [[120.00754476299566, 31.408706050109966], [120.00801876237546, 31.408706050109966], [120.00801876237546, 31.408145018323417], [120.00754476299566, 31.408145018323417], [120.00754476299566, 31.408706050109966]]]}}, {"type": "Feature", "properties": {"threshold_ug_l": 20.0, "area_km2_approx": 0.045}, "geometry": {"type": "Polygon", "coordinates": [[[120.00991475989461, 31.404217795817566], [120.00991475989461, 31.403656764031016], [120.0103887592744, 31.403656764031016], [120.0103887592744, 31.403095732244466], [120.01418075431275, 31.403095732244466], [120.01418075431275, 31.403656764031016], [120.01465475369254, 31.403656764031016], [120.01465475369254, 31.404217795817566], [120.01370675493295, 31.404217795817566], [120.01370675493295, 31.403656764031016], [120.01323275555316, 31.403656764031016], [120.01323275555316, 31.404217795817566], [120.01228475679358, 31.404217795817566], [120.01228475679358, 31.403656764031016], [120.01181075741378, 31.403656764031016], [120.01181075741378, 31.404217795817566], [120.00991475989461, 31.404217795817566]]]}}, {"type": "Feature", "properties": {"threshold_ug_l": 20.0, "area_km2_approx": 0.003}, "geometry": {"type": "Polygon", "coordinates": [[[120.2094684987869, 31.403095732244466], [120.2094684987869, 31.402534700457913], [120.2099424981667, 31.402534700457913], [120.2099424981667, 31.403095732244466], [120.2094684987869, 31.403095732244466]]]}}, {"type": "Feature", "properties": {"threshold_ug_l": 20.0, "area_km2_approx": 0.014}, "geometry": {"type": "Polygon", "coordinates": [[[120.1753405434419, 31.403656764031016], [120.1753405434419, 31.402534700457913], [120.1758145428217, 31.402534700457913], [120.1758145428217, 31.401973668671364], [120.17628854220149, 31.401973668671364], [120.17628854220149, 31.403656764031016], [120.1753405434419, 31.403656764031016]]]}}, {"type": "Feature", "properties": {"threshold_ug_l": 20.0, "area_km2_approx": 0.008}, "geometry": {"type": "Polygon", "coordinates": [[[120.17391854530253, 31.403095732244466], [120.17391854530253, 31.402534700457913], [120.17439254468232, 31.402534700457913], [120.17439254468232, 31.401973668671364], [120.17486654406211, 31.401973668671364], [120.17486654406211, 31.403095732244466], [120.17391854530253, 31.403095732244466]]]}}, {"type": "Feature", "properties": {"threshold_ug_l": 20.0, "area_km2_approx": 0.011}, "geometry": {"type": "Polygon", "coordinates": [[[120.3516683127244, 31.403095732244466], [120.3516683127244, 31.402534700457913], [120.3511943133446, 31.402534700457913], [120.3511943133446, 31.401973668671364], [120.3516683127244, 31.401973668671364], [120.3516683127244, 31.402534700457913], [120.35309031086378, 31.402534700457913], [120.35309031086378, 31.403095732244466], [120.3516683127244, 31.403095732244466]]]}}, {"type": "Feature", "properties": {"threshold_ug_l": 20.0, "area_km2_approx": 0.003}, "geometry": {"type": "Polygon", "coordinates": [[[120.08717665880066, 31.402534700457913], [120.08717665880066, 31.401973668671364], [120.08765065818045, 31.401973668671364], [120.08765065818045, 31.402534700457913], [120.08717665880066, 31.402534700457913]]]}}, {"type": "Feature", "properties": {"threshold_ug_l": 20.0, "area_km2_approx": 0.008}, "geometry": {"type": "Polygon", "coordinates": [[[120.34929831582544, 31.402534700457913], [120.34929831582544, 31.401973668671364], [120.35072031396481, 31.401973668671364], [120.35072031396481, 31.402534700457913], [120.34929831582544, 31.402534700457913]]]}}, {"type": "Feature", "properties": {"threshold_ug_l": 20.0, "area_km2_approx": 0.008}, "geometry": {"type": "Polygon", "coordinates": [[[120.12651860732336, 31.400290573311715], [120.12651860732336, 31.399729541525165], [120.12699260670315, 31.399729541525165], [120.12699260670315, 31.399168509738615], [120.12746660608295, 31.399168509738615], [120.12746660608295, 31.400290573311715], [120.12651860732336, 31.400290573311715]]]}}, {"type": "Feature", "properties": {"threshold_ug_l": 20.0, "area_km2_approx": 0.034}, "geometry": {"type": "Polygon", "coordinates": [[[120.19572251677295, 31.400290573311715], [120.19572251677295, 31.398046446165512], [120.19619651615274, 31.398046446165512], [120.19619651615274, 31.398607477952062], [120.19761851429212, 31.398607477952062], [120.19761851429212, 31.399729541525165], [120.19714451491232, 31.399729541525165], [120.19714451491232, 31.400290573311715], [120.19572251677295, 31.400290573311715]]]}}, {"type": "Feature", "properties": {"threshold_ug_l": 20.0, "area_km2_approx": 0.075}, "geometry": {"type": "Polygon", "coordinates": [[[120.01892074811066, 31.400290573311715], [120.01892074811066, 31.399729541525165], [120.01797274935107, 31.399729541525165], [120.01797274935107, 31.399168509738615], [120.01892074811066, 31.399168509738615], [120.01892074811066, 31.398046446165512], [120.01844674873087, 31.398046446165512], [120.01844674873087, 31.397485414378963], [120.01939474749045, 31.397485414378963], [120.01939474749045, 31.396924382592413], [120.01986874687024, 31.396924382592413], [120.01986874687024, 31.396363350805863], [120.02129074500962, 31.396363350805863], [120.02129074500962, 31.397485414378963], [120.02034274625004, 31.397485414378963], [120.02034274625004, 31.398046446165512], [120.02129074500962, 31.398046446165512], [120.02129074500962, 31.398607477952062], [120.02081674562983, 31.398607477952062], [120.02081674562983, 31.399168509738615], [120.02034274625004, 31.399168509738615], [120.02034274625004, 31.399729541525165], [120.01986874687024, 31.399729541525165], [120.01986874687024, 31.400290573311715], [120.01892074811066, 31.400290573311715]]]}}, {"type": "Feature", "properties": {"threshold_ug_l": 20.0, "area_km2_approx": 0.036}, "geometry": {"type": "Polygon", "coordinates": [[[120.02650473818733, 31.396363350805863], [120.02650473818733, 31.39524128723276], [120.02603073880753, 31.39524128723276], [120.02603073880753, 31.39468025544621], [120.02697873756712, 31.39468025544621], [120.02697873756712, 31.39524128723276], [120.02982273384586, 31.39524128723276], [120.02982273384586, 31.395802319019314], [120.0284007357065, 31.395802319019314], [120.0284007357065, 31.396363350805863], [120.02650473818733, 31.396363350805863]]]}}, {"type": "Feature", "properties": {"threshold_ug_l": 20.0, "area_km2_approx": 0.064}, "geometry": {"type": "Polygon", "coordinates": [[[120.02176474438942, 31.397485414378963], [120.02176474438942, 31.396924382592413], [120.02223874376921, 31.396924382592413], [120.02223874376921, 31.395802319019314], [120.02129074500962, 31.395802319019314], [120.02129074500962, 31.39468025544621], [120.02223874376921, 31.39468025544621], [120.02223874376921, 31.39411922365966], [120.022712743149, 31.39411922365966], [120.022712743149, 31.39355819187311], [120.02318674252878, 31.39355819187311], [120.02318674252878, 31.39411922365966], [120.02366074190857, 31.39411922365966], [120.02366074190857, 31.396924382592413], [120.02318674252878, 31.396924382592413], [120.02318674252878, 31.397485414378963], [120.02176474438942, 31.397485414378963]]]}}, {"type": "Feature", "properties": {"threshold_ug_l": 20.0, "area_km2_approx": 0.003}, "geometry": {"type": "Polygon", "coordinates": [[[119.99000678594336, 31.39355819187311], [119.99000678594336, 31.392997160086562], [119.99048078532316, 31.392997160086562], [119.99048078532316, 31.39355819187311], [119.99000678594336, 31.39355819187311]]]}}, {"type": "Feature", "properties": {"threshold_ug_l": 20.0, "area_km2_approx": 0.249}, "geometry": {"type": "Polygon", "coordinates": [[[119.99901277415941, 31.399729541525165], [119.99901277415941, 31.399168509738615], [119.99853877477962, 31.399168509738615], [119.99853877477962, 31.398607477952062], [119.99806477539983, 31.398607477952062], [119.99806477539983, 31.397485414378963], [119.99759077602003, 31.397485414378963], [119.99759077602003, 31.396924382592413], [119.99664277726045, 31.396924382592413], [119.99664277726045, 31.396363350805863], [119.99616877788065, 31.396363350805863], [119.99616877788065, 31.395802319019314], [119.99664277726045, 31.395802319019314], [119.99664277726045, 31.39524128723276], [119.99616877788065, 31.39524128723276], [119.99616877788065, 31.39468025544621], [119.99664277726045, 31.39468025544621], [119.99664277726045, 31.39355819187311], [119.99759077602003, 31.39355819187311], [119.99759077602003, 31.392997160086562], [119.99853877477962, 31.392997160086562], [119.99853877477962, 31.392436128300012], [119.99901277415941, 31.392436128300012], [119.99901277415941, 31.391875096513463], [119.9994867735392, 31.391875096513463], [119.9994867735392, 31.392436128300012], [120.00043477229879, 31.392436128300012], [120.00043477229879, 31.392997160086562], [120.00090877167858, 31.392997160086562], [120.00090877167858, 31.39355819187311], [120.00138277105837, 31.39355819187311], [120.00138277105837, 31.395802319019314], [120.00090877167858, 31.395802319019314], [120.00090877167858, 31.396363350805863], [120.00043477229879, 31.396363350805863], [120.00043477229879, 31.398046446165512], [119.999960772919, 31.398046446165512], [119.999960772919, 31.398607477952062], [119.9994867735392, 31.398607477952062], [119.9994867735392, 31.399729541525165], [119.99901277415941, 31.399729541525165]]]}}, {"type": "Feature", "properties": {"threshold_ug_l": 20.0, "area_km2_approx": 0.008}, "geometry": {"type": "Polygon", "coordinates": [[[120.0961826470167, 31.392997160086562], [120.0961826470167, 31.391875096513463], [120.0966566463965, 31.391875096513463], [120.0966566463965, 31.392436128300012], [120.09713064577629, 31.392436128300012], [120.09713064577629, 31.392997160086562], [120.0961826470167, 31.392997160086562]]]}}, {"type": "Feature", "properties": {"threshold_ug_l": 20.0, "area_km2_approx": 0.006}, "geometry": {"type": "Polygon", "coordinates": [[[120.27108841815982, 31.392436128300012], [120.27108841815982, 31.391875096513463], [120.2720364169194, 31.391875096513463], [120.2720364169194, 31.392436128300012], [120.27108841815982, 31.392436128300012]]]}}, {"type": "Feature", "properties": {"threshold_ug_l": 20.0, "area_km2_approx": 0.006}, "geometry": {"type": "Polygon", "coordinates": [[[120.01512875307233, 31.39075303294036], [120.01512875307233, 31.39019200115381], [120.01607675183192, 31.39019200115381], [120.01607675183192, 31.39075303294036], [120.01512875307233, 31.39075303294036]]]}}, {"type": "Feature", "properties": {"threshold_ug_l": 20.0, "area_km2_approx": 0.036}, "geometry": {"type": "Polygon", "coordinates": [[[119.9890587871838, 31.39075303294036], [119.9890587871838, 31.39019200115381], [119.988584787804, 31.39019200115381], [119.988584787804, 31.38906993758071], [119.9890587871838, 31.38906993758071], [119.9890587871838, 31.38850890579416], [119.99000678594336, 31.38850890579416], [119.99000678594336, 31.38906993758071], [119.99048078532316, 31.38906993758071], [119.99048078532316, 31.38963096936726], [119.99095478470295, 31.38963096936726], [119.99095478470295, 31.39019200115381], [119.99000678594336, 31.39019200115381], [119.99000678594336, 31.39075303294036], [119.9890587871838, 31.39075303294036]]]}}, {"type": "Feature", "properties": {"threshold_ug_l": 20.0, "area_km2_approx": 0.014}, "geometry": {"type": "Polygon", "coordinates": [[[120.0843326625219, 31.38850890579416], [120.0843326625219, 31.387947874007608], [120.0848066619017, 31.387947874007608], [120.0848066619017, 31.38738684222106], [120.08575466066128, 31.38738684222106], [120.08575466066128, 31.38850890579416], [120.0843326625219, 31.38850890579416]]]}}, {"type": "Feature", "properties": {"threshold_ug_l": 20.0, "area_km2_approx": 0.003}, "geometry": {"type": "Polygon", "coordinates": [[[119.98621479090504, 31.387947874007608], [119.98621479090504, 31.38738684222106], [119.98668879028483, 31.38738684222106], [119.98668879028483, 31.387947874007608], [119.98621479090504, 31.387947874007608]]]}}, {"type": "Feature", "properties": {"threshold_ug_l": 20.0, "area_km2_approx": 0.003}, "geometry": {"type": "Polygon", "coordinates": [[[120.19335251987398, 31.38626477864796], [120.19335251987398, 31.38570374686141], [120.19382651925378, 31.38570374686141], [120.19382651925378, 31.38626477864796], [120.19335251987398, 31.38626477864796]]]}}, {"type": "Feature", "properties": {"threshold_ug_l": 20.0, "area_km2_approx": 0.061}, "geometry": {"type": "Polygon", "coordinates": [[[120.00944076051482, 31.38738684222106], [120.00944076051482, 31.38682581043451], [120.00754476299566, 31.38682581043451], [120.00754476299566, 31.38626477864796], [120.00707076361587, 31.38626477864796], [120.00707076361587, 31.38514271507486], [120.00801876237546, 31.38514271507486], [120.00801876237546, 31.38570374686141], [120.00849276175525, 31.38570374686141], [120.00849276175525, 31.38514271507486], [120.00991475989461, 31.38514271507486], [120.00991475989461, 31.38570374686141], [120.0108627586542, 31.38570374686141], [120.0108627586542, 31.38626477864796], [120.01133675803399, 31.38626477864796], [120.01133675803399, 31.38682581043451], [120.00991475989461, 31.38682581043451], [120.00991475989461, 31.38738684222106], [120.00944076051482, 31.38738684222106]]]}}, {"type": "Feature", "properties": {"threshold_ug_l": 20.0, "area_km2_approx": 0.031}, "geometry": {"type": "Polygon", "coordinates": [[[119.99853877477962, 31.38626477864796], [119.99853877477962, 31.38570374686141], [119.99901277415941, 31.38570374686141], [119.99901277415941, 31.38514271507486], [120.00043477229879, 31.38514271507486], [120.00043477229879, 31.38570374686141], [120.00090877167858, 31.38570374686141], [120.00090877167858, 31.38514271507486], [120.00138277105837, 31.38514271507486], [120.00138277105837, 31.38570374686141], [120.00185677043817, 31.38570374686141], [120.00185677043817, 31.38626477864796], [119.99853877477962, 31.38626477864796]]]}}, {"type": "Feature", "properties": {"threshold_ug_l": 20.0, "area_km2_approx": 0.042}, "geometry": {"type": "Polygon", "coordinates": [[[120.16586055584607, 31.38682581043451], [120.16586055584607, 31.38570374686141], [120.1649125570865, 31.38570374686141], [120.1649125570865, 31.38514271507486], [120.16538655646627, 31.38514271507486], [120.16538655646627, 31.38458168328831], [120.16680855460565, 31.38458168328831], [120.16680855460565, 31.38514271507486], [120.16823055274503, 31.38514271507486], [120.16823055274503, 31.38570374686141], [120.16728255398544, 31.38570374686141], [120.16728255398544, 31.38626477864796], [120.16680855460565, 31.38626477864796], [120.16680855460565, 31.38682581043451], [120.16586055584607, 31.38682581043451]]]}}, {"type": "Feature", "properties": {"threshold_ug_l": 20.0, "area_km2_approx": 0.036}, "geometry": {"type": "Polygon", "coordinates": [[[120.05494470097483, 31.38514271507486], [120.05494470097483, 31.38458168328831], [120.05399670221524, 31.38458168328831], [120.05399670221524, 31.384020651501757], [120.05447070159504, 31.384020651501757], [120.05447070159504, 31.382898587928658], [120.05589269973441, 31.382898587928658], [120.05589269973441, 31.382337556142108], [120.05636669911421, 31.382337556142108], [120.05636669911421, 31.382898587928658], [120.056840698494, 31.382898587928658], [120.056840698494, 31.383459619715207], [120.05589269973441, 31.383459619715207], [120.05589269973441, 31.384020651501757], [120.05541870035462, 31.384020651501757], [120.05541870035462, 31.38514271507486], [120.05494470097483, 31.38514271507486]]]}}, {"type": "Feature", "properties": {"threshold_ug_l": 20.0, "area_km2_approx": 0.017}, "geometry": {"type": "Polygon", "coordinates": [[[120.19145652235483, 31.38458168328831], [120.19145652235483, 31.384020651501757], [120.19193052173462, 31.384020651501757], [120.19193052173462, 31.382337556142108], [120.1924045211144, 31.382337556142108], [120.1924045211144, 31.382898587928658], [120.19287852049419, 31.382898587928658], [120.19287852049419, 31.383459619715207], [120.1924045211144, 31.383459619715207], [120.1924045211144, 31.38458168328831], [120.19145652235483, 31.38458168328831]]]}}, {"type": "Feature", "properties": {"threshold_ug_l": 20.0, "area_km2_approx": 0.022}, "geometry": {"type": "Polygon", "coordinates": [[[120.28199040389502, 31.38458168328831], [120.28199040389502, 31.384020651501757], [120.28151640451523, 31.384020651501757], [120.28151640451523, 31.383459619715207], [120.28104240513544, 31.383459619715207], [120.28104240513544, 31.382898587928658], [120.28151640451523, 31.382898587928658], [120.28151640451523, 31.382337556142108], [120.28199040389502, 31.382337556142108], [120.28199040389502, 31.383459619715207], [120.2834124020344, 31.383459619715207], [120.2834124020344, 31.384020651501757], [120.28246440327482, 31.384020651501757], [120.28246440327482, 31.38458168328831], [120.28199040389502, 31.38458168328831]]]}}, {"type": "Feature", "properties": {"threshold_ug_l": 20.0, "area_km2_approx": 0.117}, "geometry": {"type": "Polygon", "coordinates": [[[120.0445167146194, 31.38570374686141], [120.0445167146194, 31.38514271507486], [120.04404271523961, 31.38514271507486], [120.04404271523961, 31.38177652435556], [120.04593871275878, 31.38177652435556], [120.04593871275878, 31.382337556142108], [120.04736071089816, 31.382337556142108], [120.04736071089816, 31.38458168328831], [120.04688671151837, 31.38458168328831], [120.04688671151837, 31.38514271507486], [120.04641271213858, 31.38514271507486], [120.04641271213858, 31.38570374686141], [120.0445167146194, 31.38570374686141]]]}}, {"type": "Feature", "properties": {"threshold_ug_l": 20.0, "area_km2_approx": 0.017}, "geometry": {"type": "Polygon", "coordinates": [[[120.05447070159504, 31.38065446078246], [120.05447070159504, 31.380093428995906], [120.05494470097483, 31.380093428995906], [120.05494470097483, 31.378971365422807], [120.05541870035462, 31.378971365422807], [120.05541870035462, 31.378410333636257], [120.05589269973441, 31.378410333636257], [120.05589269973441, 31.378971365422807], [120.05541870035462, 31.378971365422807], [120.05541870035462, 31.379532397209356], [120.05589269973441, 31.379532397209356], [120.05589269973441, 31.380093428995906], [120.05541870035462, 31.380093428995906], [120.05541870035462, 31.38065446078246], [120.05447070159504, 31.38065446078246]]]}}, {"type": "Feature", "properties": {"threshold_ug_l": 20.0, "area_km2_approx": 0.008}, "geometry": {"type": "Polygon", "coordinates": [[[120.19619651615274, 31.378410333636257], [120.19619651615274, 31.377288270063158], [120.19714451491232, 31.377288270063158], [120.19714451491232, 31.377849301849707], [120.19667051553253, 31.377849301849707], [120.19667051553253, 31.378410333636257], [120.19619651615274, 31.378410333636257]]]}}, {"type": "Feature", "properties": {"threshold_ug_l": 20.0, "area_km2_approx": 0.042}, "geometry": {"type": "Polygon", "coordinates": [[[120.19193052173462, 31.378971365422807], [120.19193052173462, 31.378410333636257], [120.19145652235483, 31.378410333636257], [120.19145652235483, 31.377849301849707], [120.19098252297503, 31.377849301849707], [120.19098252297503, 31.377288270063158], [120.19145652235483, 31.377288270063158], [120.19145652235483, 31.377849301849707], [120.19193052173462, 31.377849301849707], [120.19193052173462, 31.377288270063158], [120.19335251987398, 31.377288270063158], [120.19335251987398, 31.376727238276608], [120.19477451801336, 31.376727238276608], [120.19477451801336, 31.377849301849707], [120.19524851739315, 31.377849301849707], [120.19524851739315, 31.378410333636257], [120.19477451801336, 31.378410333636257], [120.19477451801336, 31.377849301849707], [120.19430051863357, 31.377849301849707], [120.19430051863357, 31.378410333636257], [120.19382651925378, 31.378410333636257], [120.19382651925378, 31.377288270063158], [120.19335251987398, 31.377288270063158], [120.19335251987398, 31.377849301849707], [120.19287852049419, 31.377849301849707], [120.19287852049419, 31.378410333636257], [120.1924045211144, 31.378410333636257], [120.1924045211144, 31.378971365422807], [120.19193052173462, 31.378971365422807]]]}}, {"type": "Feature", "properties": {"threshold_ug_l": 20.0, "area_km2_approx": 0.19}, "geometry": {"type": "Polygon", "coordinates": [[[119.9942727803615, 31.382337556142108], [119.9942727803615, 31.38065446078246], [119.99332478160191, 31.38065446078246], [119.99332478160191, 31.380093428995906], [119.99285078222212, 31.380093428995906], [119.99285078222212, 31.378971365422807], [119.99332478160191, 31.378971365422807], [119.99332478160191, 31.378410333636257], [119.99285078222212, 31.378410333636257], [119.99285078222212, 31.377849301849707], [119.99332478160191, 31.377849301849707], [119.99332478160191, 31.376727238276608], [119.99474677974129, 31.376727238276608], [119.99474677974129, 31.377288270063158], [119.99522077912108, 31.377288270063158], [119.99522077912108, 31.377849301849707], [119.99616877788065, 31.377849301849707], [119.99616877788065, 31.376727238276608], [119.99569477850088, 31.376727238276608], [119.99569477850088, 31.376166206490055], [119.99759077602003, 31.376166206490055], [119.99759077602003, 31.377288270063158], [119.99806477539983, 31.377288270063158], [119.99806477539983, 31.376727238276608], [119.99853877477962, 31.376727238276608], [119.99853877477962, 31.377288270063158], [119.9994867735392, 31.377288270063158], [119.9994867735392, 31.377849301849707], [119.99806477539983, 31.377849301849707], [119.99806477539983, 31.378971365422807], [119.99759077602003, 31.378971365422807], [119.99759077602003, 31.379532397209356], [119.99522077912108, 31.379532397209356], [119.99522077912108, 31.382337556142108], [119.9942727803615, 31.382337556142108]]]}}, {"type": "Feature", "properties": {"threshold_ug_l": 20.0, "area_km2_approx": 0.045}, "geometry": {"type": "Polygon", "coordinates": [[[120.16586055584607, 31.377849301849707], [120.16586055584607, 31.377288270063158], [120.16538655646627, 31.377288270063158], [120.16538655646627, 31.376727238276608], [120.16586055584607, 31.376727238276608], [120.16586055584607, 31.376166206490055], [120.16870455212482, 31.376166206490055], [120.16870455212482, 31.376727238276608], [120.16917855150461, 31.376727238276608], [120.16917855150461, 31.377288270063158], [120.16870455212482, 31.377288270063158], [120.16870455212482, 31.377849301849707], [120.16823055274503, 31.377849301849707], [120.16823055274503, 31.377288270063158], [120.16775655336524, 31.377288270063158], [120.16775655336524, 31.376727238276608], [120.16728255398544, 31.376727238276608], [120.16728255398544, 31.377288270063158], [120.16680855460565, 31.377288270063158], [120.16680855460565, 31.377849301849707], [120.16586055584607, 31.377849301849707]]]}}, {"type": "Feature", "properties": {"threshold_ug_l": 20.0, "area_km2_approx": 0.003}, "geometry": {"type": "Polygon", "coordinates": [[[120.07200867864732, 31.375605174703505], [120.07200867864732, 31.375044142916956], [120.07248267802711, 31.375044142916956], [120.07248267802711, 31.375605174703505], [120.07200867864732, 31.375605174703505]]]}}, {"type": "Feature", "properties": {"threshold_ug_l": 20.0, "area_km2_approx": 0.045}, "geometry": {"type": "Polygon", "coordinates": [[[120.27582841195773, 31.376166206490055], [120.27582841195773, 31.375044142916956], [120.27677641071732, 31.375044142916956], [120.27677641071732, 31.373922079343856], [120.2781984088567, 31.373922079343856], [120.2781984088567, 31.374483111130406], [120.27914640761628, 31.374483111130406], [120.27914640761628, 31.375044142916956], [120.27867240823649, 31.375044142916956], [120.27867240823649, 31.375605174703505], [120.2777244094769, 31.375605174703505], [120.2777244094769, 31.376166206490055], [120.27725041009711, 31.376166206490055], [120.27725041009711, 31.375605174703505], [120.27630241133753, 31.375605174703505], [120.27630241133753, 31.376166206490055], [120.27582841195773, 31.376166206490055]]]}}, {"type": "Feature", "properties": {"threshold_ug_l": 20.0, "area_km2_approx": 0.003}, "geometry": {"type": "Polygon", "coordinates": [[[120.04973070779712, 31.373922079343856], [120.04973070779712, 31.373361047557307], [120.0502047071769, 31.373361047557307], [120.0502047071769, 31.373922079343856], [120.04973070779712, 31.373922079343856]]]}}, {"type": "Feature", "properties": {"threshold_ug_l": 20.0, "area_km2_approx": 0.003}, "geometry": {"type": "Polygon", "coordinates": [[[120.06158069229191, 31.373922079343856], [120.06158069229191, 31.373361047557307], [120.0620546916717, 31.373361047557307], [120.0620546916717, 31.373922079343856], [120.06158069229191, 31.373922079343856]]]}}, {"type": "Feature", "properties": {"threshold_ug_l": 20.0, "area_km2_approx": 0.003}, "geometry": {"type": "Polygon", "coordinates": [[[119.97436480641025, 31.373361047557307], [119.97436480641025, 31.372800015770753], [119.97483880579004, 31.372800015770753], [119.97483880579004, 31.373361047557307], [119.97436480641025, 31.373361047557307]]]}}, {"type": "Feature", "properties": {"threshold_ug_l": 20.0, "area_km2_approx": 0.006}, "geometry": {"type": "Polygon", "coordinates": [[[120.21089049692628, 31.373361047557307], [120.21089049692628, 31.372800015770753], [120.21183849568587, 31.372800015770753], [120.21183849568587, 31.373361047557307], [120.21089049692628, 31.373361047557307]]]}}, {"type": "Feature", "properties": {"threshold_ug_l": 20.0, "area_km2_approx": 0.324}, "geometry": {"type": "Polygon", "coordinates": [[[120.02034274625004, 31.376166206490055], [120.02034274625004, 31.375605174703505], [120.01939474749045, 31.375605174703505], [120.01939474749045, 31.375044142916956], [120.01797274935107, 31.375044142916956], [120.01797274935107, 31.374483111130406], [120.01465475369254, 31.374483111130406], [120.01465475369254, 31.373922079343856], [120.01418075431275, 31.373922079343856], [120.01418075431275, 31.374483111130406], [120.01370675493295, 31.374483111130406], [120.01370675493295, 31.373922079343856], [120.01418075431275, 31.373922079343856], [120.01418075431275, 31.372800015770753], [120.0165507512117, 31.372800015770753], [120.0165507512117, 31.372238983984204], [120.01749874997128, 31.372238983984204], [120.01749874997128, 31.371677952197654], [120.01797274935107, 31.371677952197654], [120.01797274935107, 31.372238983984204], [120.02176474438942, 31.372238983984204], [120.02176474438942, 31.371677952197654], [120.02223874376921, 31.371677952197654], [120.02223874376921, 31.372238983984204], [120.022712743149, 31.372238983984204], [120.022712743149, 31.371677952197654], [120.02413474128836, 31.371677952197654], [120.02413474128836, 31.372238983984204], [120.02460874066816, 31.372238983984204], [120.02460874066816, 31.372800015770753], [120.02508274004795, 31.372800015770753], [120.02508274004795, 31.373922079343856], [120.02366074190857, 31.373922079343856], [120.02366074190857, 31.374483111130406], [120.02413474128836, 31.374483111130406], [120.02413474128836, 31.375605174703505], [120.02318674252878, 31.375605174703505], [120.02318674252878, 31.376166206490055], [120.022712743149, 31.376166206490055], [120.022712743149, 31.375605174703505], [120.02223874376921, 31.375605174703505], [120.02223874376921, 31.376166206490055], [120.02034274625004, 31.376166206490055]]]}}, {"type": "Feature", "properties": {"threshold_ug_l": 20.0, "area_km2_approx": 0.003}, "geometry": {"type": "Polygon", "coordinates": [[[120.3227543505571, 31.372238983984204], [120.3227543505571, 31.371677952197654], [120.3232283499369, 31.371677952197654], [120.3232283499369, 31.372238983984204], [120.3227543505571, 31.372238983984204]]]}}, {"type": "Feature", "properties": {"threshold_ug_l": 20.0, "area_km2_approx": 0.003}, "geometry": {"type": "Polygon", "coordinates": [[[119.9715208101315, 31.371116920411104], [119.9715208101315, 31.370555888624555], [119.97199480951129, 31.370555888624555], [119.97199480951129, 31.371116920411104], [119.9715208101315, 31.371116920411104]]]}}, {"type": "Feature", "properties": {"threshold_ug_l": 20.0, "area_km2_approx": 0.022}, "geometry": {"type": "Polygon", "coordinates": [[[120.23127247025732, 31.370555888624555], [120.23127247025732, 31.369433825051455], [120.23174646963712, 31.369433825051455], [120.23174646963712, 31.368872793264902], [120.2326944683967, 31.368872793264902], [120.2326944683967, 31.370555888624555], [120.23127247025732, 31.370555888624555]]]}}, {"type": "Feature", "properties": {"threshold_ug_l": 20.0, "area_km2_approx": 0.092}, "geometry": {"type": "Polygon", "coordinates": [[[120.27108841815982, 31.371677952197654], [120.27108841815982, 31.371116920411104], [120.27061441878003, 31.371116920411104], [120.27061441878003, 31.370555888624555], [120.27014041940024, 31.370555888624555], [120.27014041940024, 31.369994856838005], [120.27061441878003, 31.369994856838005], [120.27061441878003, 31.368872793264902], [120.27156241753961, 31.368872793264902], [120.27156241753961, 31.368311761478353], [120.2725104162992, 31.368311761478353], [120.2725104162992, 31.368872793264902], [120.27298441567899, 31.368872793264902], [120.27298441567899, 31.369433825051455], [120.27393241443856, 31.369433825051455], [120.27393241443856, 31.369994856838005], [120.27440641381835, 31.369994856838005], [120.27440641381835, 31.370555888624555], [120.27393241443856, 31.370555888624555], [120.27393241443856, 31.371116920411104], [120.27298441567899, 31.371116920411104], [120.27298441567899, 31.371677952197654], [120.2720364169194, 31.371677952197654], [120.2720364169194, 31.371116920411104], [120.27156241753961, 31.371116920411104], [120.27156241753961, 31.371677952197654], [120.27108841815982, 31.371677952197654]]]}}, {"type": "Feature", "properties": {"threshold_ug_l": 20.0, "area_km2_approx": 0.025}, "geometry": {"type": "Polygon", "coordinates": [[[120.23174646963712, 31.367750729691803], [120.23174646963712, 31.366067634332154], [120.23222046901691, 31.366067634332154], [120.23222046901691, 31.3655066025456], [120.23316846777648, 31.3655066025456], [120.23316846777648, 31.366628666118704], [120.2326944683967, 31.366628666118704], [120.2326944683967, 31.367750729691803], [120.23174646963712, 31.367750729691803]]]}}, {"type": "Feature", "properties": {"threshold_ug_l": 20.0, "area_km2_approx": 0.003}, "geometry": {"type": "Polygon", "coordinates": [[[120.33413033567211, 31.363823507185952], [120.33413033567211, 31.363262475399402], [120.33460433505189, 31.363262475399402], [120.33460433505189, 31.363823507185952], [120.33413033567211, 31.363823507185952]]]}}, {"type": "Feature", "properties": {"threshold_ug_l": 20.0, "area_km2_approx": 0.017}, "geometry": {"type": "Polygon", "coordinates": [[[120.33697433195086, 31.362701443612853], [120.33697433195086, 31.362140411826303], [120.33887032947003, 31.362140411826303], [120.33887032947003, 31.36157938003975], [120.33981832822961, 31.36157938003975], [120.33981832822961, 31.362140411826303], [120.33887032947003, 31.362140411826303], [120.33887032947003, 31.362701443612853], [120.33697433195086, 31.362701443612853]]]}}, {"type": "Feature", "properties": {"threshold_ug_l": 20.0, "area_km2_approx": 0.006}, "geometry": {"type": "Polygon", "coordinates": [[[120.0904946544592, 31.362140411826303], [120.0904946544592, 31.36157938003975], [120.09144265321878, 31.36157938003975], [120.09144265321878, 31.362140411826303], [120.0904946544592, 31.362140411826303]]]}}, {"type": "Feature", "properties": {"threshold_ug_l": 20.0, "area_km2_approx": 0.003}, "geometry": {"type": "Polygon", "coordinates": [[[119.98052679834754, 31.3598962846801], [119.98052679834754, 31.35933525289355], [119.98100079772733, 31.35933525289355], [119.98100079772733, 31.3598962846801], [119.98052679834754, 31.3598962846801]]]}}, {"type": "Feature", "properties": {"threshold_ug_l": 20.0, "area_km2_approx": 0.003}, "geometry": {"type": "Polygon", "coordinates": [[[120.29621038528877, 31.358213189320452], [120.29621038528877, 31.3576521575339], [120.29668438466857, 31.3576521575339], [120.29668438466857, 31.358213189320452], [120.29621038528877, 31.358213189320452]]]}}, {"type": "Feature", "properties": {"threshold_ug_l": 20.0, "area_km2_approx": 0.039}, "geometry": {"type": "Polygon", "coordinates": [[[120.03077073260545, 31.35709112574735], [120.03077073260545, 31.3565300939608], [120.02982273384586, 31.3565300939608], [120.02982273384586, 31.35596906217425], [120.03029673322565, 31.35596906217425], [120.03029673322565, 31.3554080303877], [120.03219273074482, 31.3554080303877], [120.03219273074482, 31.35596906217425], [120.03266673012462, 31.35596906217425], [120.03266673012462, 31.35709112574735], [120.03077073260545, 31.35709112574735]]]}}, {"type": "Feature", "properties": {"threshold_ug_l": 20.0, "area_km2_approx": 0.003}, "geometry": {"type": "Polygon", "coordinates": [[[119.9942727803615, 31.35148080788185], [119.9942727803615, 31.3509197760953], [119.99474677974129, 31.3509197760953], [119.99474677974129, 31.35148080788185], [119.9942727803615, 31.35148080788185]]]}}, {"type": "Feature", "properties": {"threshold_ug_l": 20.0, "area_km2_approx": 0.003}, "geometry": {"type": "Polygon", "coordinates": [[[119.99522077912108, 31.35148080788185], [119.99522077912108, 31.3509197760953], [119.99569477850088, 31.3509197760953], [119.99569477850088, 31.35148080788185], [119.99522077912108, 31.35148080788185]]]}}, {"type": "Feature", "properties": {"threshold_ug_l": 20.0, "area_km2_approx": 0.003}, "geometry": {"type": "Polygon", "coordinates": [[[120.16017256328857, 31.3509197760953], [120.16017256328857, 31.350358744308746], [120.16064656266836, 31.350358744308746], [120.16064656266836, 31.3509197760953], [120.16017256328857, 31.3509197760953]]]}}, {"type": "Feature", "properties": {"threshold_ug_l": 20.0, "area_km2_approx": 0.059}, "geometry": {"type": "Polygon", "coordinates": [[[120.26208242994377, 31.349797712522196], [120.26208242994377, 31.349236680735647], [120.26160843056398, 31.349236680735647], [120.26160843056398, 31.348114617162548], [120.26255642932357, 31.348114617162548], [120.26255642932357, 31.347553585375998], [120.26303042870336, 31.347553585375998], [120.26303042870336, 31.34699255358945], [120.26397842746294, 31.34699255358945], [120.26397842746294, 31.346431521802895], [120.26445242684274, 31.346431521802895], [120.26445242684274, 31.348675648949097], [120.26350442808315, 31.348675648949097], [120.26350442808315, 31.349797712522196], [120.26208242994377, 31.349797712522196]]]}}, {"type": "Feature", "properties": {"threshold_ug_l": 20.0, "area_km2_approx": 0.092}, "geometry": {"type": "Polygon", "coordinates": [[[120.05589269973441, 31.348675648949097], [120.05589269973441, 31.347553585375998], [120.05636669911421, 31.347553585375998], [120.05636669911421, 31.34699255358945], [120.05589269973441, 31.34699255358945], [120.05589269973441, 31.344748426443246], [120.056840698494, 31.344748426443246], [120.056840698494, 31.345309458229796], [120.05778869725357, 31.345309458229796], [120.05778869725357, 31.345870490016345], [120.05873669601316, 31.345870490016345], [120.05873669601316, 31.346431521802895], [120.05826269663336, 31.346431521802895], [120.05826269663336, 31.34699255358945], [120.05873669601316, 31.34699255358945], [120.05873669601316, 31.348675648949097], [120.05778869725357, 31.348675648949097], [120.05778869725357, 31.348114617162548], [120.05731469787378, 31.348114617162548], [120.05731469787378, 31.348675648949097], [120.05589269973441, 31.348675648949097]]]}}, {"type": "Feature", "properties": {"threshold_ug_l": 20.0, "area_km2_approx": 0.025}, "geometry": {"type": "Polygon", "coordinates": [[[120.29668438466857, 31.345309458229796], [120.29668438466857, 31.344187394656696], [120.29858038218774, 31.344187394656696], [120.29858038218774, 31.344748426443246], [120.29905438156753, 31.344748426443246], [120.29905438156753, 31.345309458229796], [120.29668438466857, 31.345309458229796]]]}}, {"type": "Feature", "properties": {"threshold_ug_l": 20.0, "area_km2_approx": 0.011}, "geometry": {"type": "Polygon", "coordinates": [[[120.2777244094769, 31.344748426443246], [120.2777244094769, 31.343626362870147], [120.27867240823649, 31.343626362870147], [120.27867240823649, 31.344748426443246], [120.2777244094769, 31.344748426443246]]]}}, {"type": "Feature", "properties": {"threshold_ug_l": 20.0, "area_km2_approx": 0.006}, "geometry": {"type": "Polygon", "coordinates": [[[120.32512434745607, 31.342504299297044], [120.32512434745607, 31.341943267510494], [120.32607234621565, 31.341943267510494], [120.32607234621565, 31.342504299297044], [120.32512434745607, 31.342504299297044]]]}}, {"type": "Feature", "properties": {"threshold_ug_l": 20.0, "area_km2_approx": 0.003}, "geometry": {"type": "Polygon", "coordinates": [[[120.28815239583231, 31.340260172150845], [120.28815239583231, 31.339699140364296], [120.2886263952121, 31.339699140364296], [120.2886263952121, 31.340260172150845], [120.28815239583231, 31.340260172150845]]]}}, {"type": "Feature", "properties": {"threshold_ug_l": 20.0, "area_km2_approx": 0.048}, "geometry": {"type": "Polygon", "coordinates": [[[120.23222046901691, 31.340260172150845], [120.23222046901691, 31.339699140364296], [120.23174646963712, 31.339699140364296], [120.23174646963712, 31.338577076791193], [120.23222046901691, 31.338577076791193], [120.23222046901691, 31.338016045004643], [120.23411646653607, 31.338016045004643], [120.23411646653607, 31.339138108577743], [120.23459046591586, 31.339138108577743], [120.23459046591586, 31.339699140364296], [120.23316846777648, 31.339699140364296], [120.23316846777648, 31.340260172150845], [120.23222046901691, 31.340260172150845]]]}}, {"type": "Feature", "properties": {"threshold_ug_l": 20.0, "area_km2_approx": 0.003}, "geometry": {"type": "Polygon", "coordinates": [[[120.31374836234107, 31.336893981431544], [120.31374836234107, 31.336332949644994], [120.31422236172087, 31.336332949644994], [120.31422236172087, 31.336893981431544], [120.31374836234107, 31.336893981431544]]]}}, {"type": "Feature", "properties": {"threshold_ug_l": 20.0, "area_km2_approx": 0.006}, "geometry": {"type": "Polygon", "coordinates": [[[120.15211457383211, 31.33521088607189], [120.15211457383211, 31.33464985428534], [120.1530625725917, 31.33464985428534], [120.1530625725917, 31.33521088607189], [120.15211457383211, 31.33521088607189]]]}}, {"type": "Feature", "properties": {"threshold_ug_l": 20.0, "area_km2_approx": 0.025}, "geometry": {"type": "Polygon", "coordinates": [[[120.31611835924002, 31.336332949644994], [120.31611835924002, 31.33521088607189], [120.31659235861981, 31.33521088607189], [120.31659235861981, 31.33464985428534], [120.3175403573794, 31.33464985428534], [120.3175403573794, 31.334088822498792], [120.31801435675919, 31.334088822498792], [120.31801435675919, 31.33521088607189], [120.3175403573794, 31.33521088607189], [120.3175403573794, 31.335771917858445], [120.31706635799961, 31.335771917858445], [120.31706635799961, 31.336332949644994], [120.31611835924002, 31.336332949644994]]]}}, {"type": "Feature", "properties": {"threshold_ug_l": 20.0, "area_km2_approx": 0.003}, "geometry": {"type": "Polygon", "coordinates": [[[120.14216058685649, 31.332966758925693], [120.14216058685649, 31.332405727139143], [120.14263458623628, 31.332405727139143], [120.14263458623628, 31.332966758925693], [120.14216058685649, 31.332966758925693]]]}}, {"type": "Feature", "properties": {"threshold_ug_l": 20.0, "area_km2_approx": 0.022}, "geometry": {"type": "Polygon", "coordinates": [[[119.95540483121857, 31.333527790712242], [119.95540483121857, 31.331844695352594], [119.95682682935795, 31.331844695352594], [119.95682682935795, 31.332966758925693], [119.95635282997816, 31.332966758925693], [119.95635282997816, 31.333527790712242], [119.95540483121857, 31.333527790712242]]]}}, {"type": "Feature", "properties": {"threshold_ug_l": 20.0, "area_km2_approx": 0.003}, "geometry": {"type": "Polygon", "coordinates": [[[119.94450284548337, 31.332405727139143], [119.94450284548337, 31.331844695352594], [119.94497684486316, 31.331844695352594], [119.94497684486316, 31.332405727139143], [119.94450284548337, 31.332405727139143]]]}}, {"type": "Feature", "properties": {"threshold_ug_l": 20.0, "area_km2_approx": 0.003}, "geometry": {"type": "Polygon", "coordinates": [[[120.20235850809003, 31.33016159999294], [120.20235850809003, 31.32960056820639], [120.20283250746982, 31.32960056820639], [120.20283250746982, 31.33016159999294], [120.20235850809003, 31.33016159999294]]]}}, {"type": "Feature", "properties": {"threshold_ug_l": 20.0, "area_km2_approx": 0.006}, "geometry": {"type": "Polygon", "coordinates": [[[119.94308084734399, 31.328478504633292], [119.94308084734399, 31.32735644106019], [119.94355484672379, 31.32735644106019], [119.94355484672379, 31.328478504633292], [119.94308084734399, 31.328478504633292]]]}}, {"type": "Feature", "properties": {"threshold_ug_l": 20.0, "area_km2_approx": 0.003}, "geometry": {"type": "Polygon", "coordinates": [[[119.94118484982484, 31.32791747284674], [119.94118484982484, 31.32735644106019], [119.94165884920463, 31.32735644106019], [119.94165884920463, 31.32791747284674], [119.94118484982484, 31.32791747284674]]]}}, {"type": "Feature", "properties": {"threshold_ug_l": 20.0, "area_km2_approx": 0.003}, "geometry": {"type": "Polygon", "coordinates": [[[119.94165884920463, 31.32623437748709], [119.94165884920463, 31.32567334570054], [119.94213284858441, 31.32567334570054], [119.94213284858441, 31.32623437748709], [119.94165884920463, 31.32623437748709]]]}}, {"type": "Feature", "properties": {"threshold_ug_l": 20.0, "area_km2_approx": 0.003}, "geometry": {"type": "Polygon", "coordinates": [[[119.94071085044504, 31.32511231391399], [119.94071085044504, 31.32455128212744], [119.94118484982484, 31.32455128212744], [119.94118484982484, 31.32511231391399], [119.94071085044504, 31.32511231391399]]]}}, {"type": "Feature", "properties": {"threshold_ug_l": 20.0, "area_km2_approx": 0.039}, "geometry": {"type": "Polygon", "coordinates": [[[119.95019083804087, 31.32567334570054], [119.95019083804087, 31.32511231391399], [119.94971683866108, 31.32511231391399], [119.94971683866108, 31.32455128212744], [119.95019083804087, 31.32455128212744], [119.95019083804087, 31.323429218554338], [119.95161283618025, 31.323429218554338], [119.95161283618025, 31.323990250340888], [119.95208683556004, 31.323990250340888], [119.95208683556004, 31.32455128212744], [119.95161283618025, 31.32455128212744], [119.95161283618025, 31.32567334570054], [119.95019083804087, 31.32567334570054]]]}}, {"type": "Feature", "properties": {"threshold_ug_l": 20.0, "area_km2_approx": 0.003}, "geometry": {"type": "Polygon", "coordinates": [[[119.93834085354608, 31.32230715498124], [119.93834085354608, 31.32174612319469], [119.93881485292587, 31.32174612319469], [119.93881485292587, 31.32230715498124], [119.93834085354608, 31.32230715498124]]]}}, {"type": "Feature", "properties": {"threshold_ug_l": 20.0, "area_km2_approx": 0.008}, "geometry": {"type": "Polygon", "coordinates": [[[119.94971683866108, 31.32174612319469], [119.94971683866108, 31.32118509140814], [119.95113883680045, 31.32118509140814], [119.95113883680045, 31.32174612319469], [119.94971683866108, 31.32174612319469]]]}}, {"type": "Feature", "properties": {"threshold_ug_l": 20.0, "area_km2_approx": 0.003}, "geometry": {"type": "Polygon", "coordinates": [[[120.30142437846648, 31.320063027835037], [120.30142437846648, 31.319501996048487], [120.30189837784627, 31.319501996048487], [120.30189837784627, 31.320063027835037], [120.30142437846648, 31.320063027835037]]]}}, {"type": "Feature", "properties": {"threshold_ug_l": 20.0, "area_km2_approx": 0.067}, "geometry": {"type": "Polygon", "coordinates": [[[120.2037805062294, 31.318379932475388], [120.2037805062294, 31.317818900688838], [120.20283250746982, 31.317818900688838], [120.20283250746982, 31.31725786890229], [120.20235850809003, 31.31725786890229], [120.20235850809003, 31.315013741756086], [120.20330650684961, 31.315013741756086], [120.20330650684961, 31.315574773542636], [120.2037805062294, 31.315574773542636], [120.2037805062294, 31.316135805329186], [120.20520250436878, 31.316135805329186], [120.20520250436878, 31.316696837115735], [120.20567650374858, 31.316696837115735], [120.20567650374858, 31.31725786890229], [120.20472850498899, 31.31725786890229], [120.20472850498899, 31.318379932475388], [120.2037805062294, 31.318379932475388]]]}}, {"type": "Feature", "properties": {"threshold_ug_l": 20.0, "area_km2_approx": 0.003}, "geometry": {"type": "Polygon", "coordinates": [[[120.32702034497524, 31.315574773542636], [120.32702034497524, 31.315013741756086], [120.32749434435503, 31.315013741756086], [120.32749434435503, 31.315574773542636], [120.32702034497524, 31.315574773542636]]]}}, {"type": "Feature", "properties": {"threshold_ug_l": 20.0, "area_km2_approx": 0.022}, "geometry": {"type": "Polygon", "coordinates": [[[120.19287852049419, 31.313330646396437], [120.19287852049419, 31.312769614609884], [120.1924045211144, 31.312769614609884], [120.1924045211144, 31.312208582823335], [120.19287852049419, 31.312208582823335], [120.19287852049419, 31.311647551036785], [120.19382651925378, 31.311647551036785], [120.19382651925378, 31.312208582823335], [120.19430051863357, 31.312208582823335], [120.19430051863357, 31.312769614609884], [120.19382651925378, 31.312769614609884], [120.19382651925378, 31.313330646396437], [120.19287852049419, 31.313330646396437]]]}}, {"type": "Feature", "properties": {"threshold_ug_l": 20.0, "area_km2_approx": 0.008}, "geometry": {"type": "Polygon", "coordinates": [[[120.31374836234107, 31.312208582823335], [120.31374836234107, 31.311647551036785], [120.31517036048044, 31.311647551036785], [120.31517036048044, 31.312208582823335], [120.31374836234107, 31.312208582823335]]]}}, {"type": "Feature", "properties": {"threshold_ug_l": 20.0, "area_km2_approx": 0.006}, "geometry": {"type": "Polygon", "coordinates": [[[120.30237237722606, 31.310525487463686], [120.30237237722606, 31.309964455677136], [120.30332037598565, 31.309964455677136], [120.30332037598565, 31.310525487463686], [120.30237237722606, 31.310525487463686]]]}}, {"type": "Feature", "properties": {"threshold_ug_l": 20.0, "area_km2_approx": 0.003}, "geometry": {"type": "Polygon", "coordinates": [[[120.28625639831316, 31.308842392104033], [120.28625639831316, 31.308281360317483], [120.28673039769295, 31.308281360317483], [120.28673039769295, 31.308842392104033], [120.28625639831316, 31.308842392104033]]]}}, {"type": "Feature", "properties": {"threshold_ug_l": 20.0, "area_km2_approx": 0.025}, "geometry": {"type": "Polygon", "coordinates": [[[120.25023244544899, 31.30547620138473], [120.25023244544899, 31.304915169598182], [120.24833644792982, 31.304915169598182], [120.24833644792982, 31.304354137811632], [120.2492844466894, 31.304354137811632], [120.2492844466894, 31.303793106025083], [120.2497584460692, 31.303793106025083], [120.2497584460692, 31.304354137811632], [120.25023244544899, 31.304354137811632], [120.25023244544899, 31.304915169598182], [120.25118044420857, 31.304915169598182], [120.25118044420857, 31.304354137811632], [120.25165444358836, 31.304354137811632], [120.25165444358836, 31.30547620138473], [120.25023244544899, 31.30547620138473]]]}}, {"type": "Feature", "properties": {"threshold_ug_l": 20.0, "area_km2_approx": 0.034}, "geometry": {"type": "Polygon", "coordinates": [[[120.18813852669628, 31.304354137811632], [120.18813852669628, 31.303793106025083], [120.18719052793669, 31.303793106025083], [120.18719052793669, 31.302671042451983], [120.18861252607607, 31.302671042451983], [120.18861252607607, 31.302110010665434], [120.18908652545586, 31.302110010665434], [120.18908652545586, 31.303232074238533], [120.18956052483566, 31.303232074238533], [120.18956052483566, 31.303793106025083], [120.18908652545586, 31.303793106025083], [120.18908652545586, 31.304354137811632], [120.18813852669628, 31.304354137811632]]]}}, {"type": "Feature", "properties": {"threshold_ug_l": 20.0, "area_km2_approx": 0.003}, "geometry": {"type": "Polygon", "coordinates": [[[120.3511943133446, 31.302110010665434], [120.3511943133446, 31.30154897887888], [120.3516683127244, 31.30154897887888], [120.3516683127244, 31.302110010665434], [120.3511943133446, 31.302110010665434]]]}}, {"type": "Feature", "properties": {"threshold_ug_l": 20.0, "area_km2_approx": 0.006}, "geometry": {"type": "Polygon", "coordinates": [[[119.92743886781088, 31.302110010665434], [119.92743886781088, 31.30154897887888], [119.92696486843109, 31.30154897887888], [119.92696486843109, 31.30098794709233], [119.92743886781088, 31.30098794709233], [119.92743886781088, 31.30154897887888], [119.92791286719067, 31.30154897887888], [119.92791286719067, 31.302110010665434], [119.92743886781088, 31.302110010665434]]]}}, {"type": "Feature", "properties": {"threshold_ug_l": 20.0, "area_km2_approx": 0.003}, "geometry": {"type": "Polygon", "coordinates": [[[120.1473745800342, 31.29986588351923], [120.1473745800342, 31.299304851732682], [120.14784857941399, 31.299304851732682], [120.14784857941399, 31.29986588351923], [120.1473745800342, 31.29986588351923]]]}}, {"type": "Feature", "properties": {"threshold_ug_l": 20.0, "area_km2_approx": 0.05}, "geometry": {"type": "Polygon", "coordinates": [[[120.00707076361587, 31.29201143850753], [120.00707076361587, 31.29145040672098], [120.0051747660967, 31.29145040672098], [120.0051747660967, 31.290328343147877], [120.00659676423608, 31.290328343147877], [120.00659676423608, 31.289767311361327], [120.00801876237546, 31.289767311361327], [120.00801876237546, 31.290328343147877], [120.00849276175525, 31.290328343147877], [120.00849276175525, 31.29145040672098], [120.00754476299566, 31.29145040672098], [120.00754476299566, 31.29201143850753], [120.00707076361587, 31.29201143850753]]]}}, {"type": "Feature", "properties": {"threshold_ug_l": 20.0, "area_km2_approx": 0.022}, "geometry": {"type": "Polygon", "coordinates": [[[119.9312308628492, 31.285279057068927], [119.9312308628492, 31.284718025282377], [119.931704862229, 31.284718025282377], [119.931704862229, 31.284156993495827], [119.93265286098858, 31.284156993495827], [119.93265286098858, 31.284718025282377], [119.93407485912796, 31.284718025282377], [119.93407485912796, 31.285279057068927], [119.9312308628492, 31.285279057068927]]]}}, {"type": "Feature", "properties": {"threshold_ug_l": 20.0, "area_km2_approx": 0.101}, "geometry": {"type": "Polygon", "coordinates": [[[120.20852050002732, 31.283595961709278], [120.20852050002732, 31.283034929922724], [120.20757250126773, 31.283034929922724], [120.20757250126773, 31.281912866349625], [120.20852050002732, 31.281912866349625], [120.20852050002732, 31.281351834563075], [120.2094684987869, 31.281351834563075], [120.2094684987869, 31.280790802776526], [120.21089049692628, 31.280790802776526], [120.21089049692628, 31.281351834563075], [120.21136449630608, 31.281351834563075], [120.21136449630608, 31.281912866349625], [120.21231249506566, 31.281912866349625], [120.21231249506566, 31.283595961709278], [120.21183849568587, 31.283595961709278], [120.21183849568587, 31.283034929922724], [120.21136449630608, 31.283034929922724], [120.21136449630608, 31.283595961709278], [120.20852050002732, 31.283595961709278]]]}}, {"type": "Feature", "properties": {"threshold_ug_l": 20.0, "area_km2_approx": 0.003}, "geometry": {"type": "Polygon", "coordinates": [[[120.00233076981796, 31.277985643843774], [120.00233076981796, 31.277424612057224], [120.00280476919774, 31.277424612057224], [120.00280476919774, 31.277985643843774], [120.00233076981796, 31.277985643843774]]]}}, {"type": "Feature", "properties": {"threshold_ug_l": 20.0, "area_km2_approx": 0.003}, "geometry": {"type": "Polygon", "coordinates": [[[120.30900836854315, 31.276302548484125], [120.30900836854315, 31.275741516697572], [120.30948236792294, 31.275741516697572], [120.30948236792294, 31.276302548484125], [120.30900836854315, 31.276302548484125]]]}}, {"type": "Feature", "properties": {"threshold_ug_l": 20.0, "area_km2_approx": 0.003}, "geometry": {"type": "Polygon", "coordinates": [[[120.3123263642017, 31.275180484911022], [120.3123263642017, 31.274619453124473], [120.31280036358149, 31.274619453124473], [120.31280036358149, 31.275180484911022], [120.3123263642017, 31.275180484911022]]]}}, {"type": "Feature", "properties": {"threshold_ug_l": 20.0, "area_km2_approx": 0.003}, "geometry": {"type": "Polygon", "coordinates": [[[119.96156682315588, 31.272375325978274], [119.96156682315588, 31.27181429419172], [119.96204082253566, 31.27181429419172], [119.96204082253566, 31.272375325978274], [119.96156682315588, 31.272375325978274]]]}}, {"type": "Feature", "properties": {"threshold_ug_l": 20.0, "area_km2_approx": 0.017}, "geometry": {"type": "Polygon", "coordinates": [[[119.96488481881441, 31.273497389551373], [119.96488481881441, 31.272936357764824], [119.96441081943462, 31.272936357764824], [119.96441081943462, 31.27125326240517], [119.96488481881441, 31.27125326240517], [119.96488481881441, 31.27181429419172], [119.9653588181942, 31.27181429419172], [119.9653588181942, 31.273497389551373], [119.96488481881441, 31.273497389551373]]]}}, {"type": "Feature", "properties": {"threshold_ug_l": 20.0, "area_km2_approx": 0.003}, "geometry": {"type": "Polygon", "coordinates": [[[119.91037489013837, 31.27181429419172], [119.91037489013837, 31.27125326240517], [119.91084888951816, 31.27125326240517], [119.91084888951816, 31.27181429419172], [119.91037489013837, 31.27181429419172]]]}}, {"type": "Feature", "properties": {"threshold_ug_l": 20.0, "area_km2_approx": 0.064}, "geometry": {"type": "Polygon", "coordinates": [[[119.93265286098858, 31.272936357764824], [119.93265286098858, 31.272375325978274], [119.931704862229, 31.272375325978274], [119.931704862229, 31.27181429419172], [119.9312308628492, 31.27181429419172], [119.9312308628492, 31.27125326240517], [119.931704862229, 31.27125326240517], [119.931704862229, 31.27069223061862], [119.93265286098858, 31.27069223061862], [119.93265286098858, 31.270131198832072], [119.93407485912796, 31.270131198832072], [119.93407485912796, 31.27069223061862], [119.93454885850775, 31.27069223061862], [119.93454885850775, 31.27125326240517], [119.93502285788753, 31.27125326240517], [119.93502285788753, 31.27181429419172], [119.93407485912796, 31.27181429419172], [119.93407485912796, 31.272375325978274], [119.93312686036838, 31.272375325978274], [119.93312686036838, 31.272936357764824], [119.93265286098858, 31.272936357764824]]]}}, {"type": "Feature", "properties": {"threshold_ug_l": 20.0, "area_km2_approx": 0.003}, "geometry": {"type": "Polygon", "coordinates": [[[119.90990089075858, 31.27069223061862], [119.90990089075858, 31.270131198832072], [119.91037489013837, 31.270131198832072], [119.91037489013837, 31.27069223061862], [119.90990089075858, 31.27069223061862]]]}}, {"type": "Feature", "properties": {"threshold_ug_l": 20.0, "area_km2_approx": 0.011}, "geometry": {"type": "Polygon", "coordinates": [[[119.908952891999, 31.269570167045522], [119.908952891999, 31.26788707168587], [119.9084788926192, 31.26788707168587], [119.9084788926192, 31.26732603989932], [119.908952891999, 31.26732603989932], [119.908952891999, 31.26788707168587], [119.90942689137879, 31.26788707168587], [119.90942689137879, 31.269570167045522], [119.908952891999, 31.269570167045522]]]}}, {"type": "Feature", "properties": {"threshold_ug_l": 20.0, "area_km2_approx": 0.003}, "geometry": {"type": "Polygon", "coordinates": [[[120.3061643722644, 31.26676500811277], [120.3061643722644, 31.26620397632622], [120.3066383716442, 31.26620397632622], [120.3066383716442, 31.26676500811277], [120.3061643722644, 31.26676500811277]]]}}, {"type": "Feature", "properties": {"threshold_ug_l": 20.0, "area_km2_approx": 0.011}, "geometry": {"type": "Polygon", "coordinates": [[[120.26492642622253, 31.26676500811277], [120.26492642622253, 31.26564294453967], [120.26587442498212, 31.26564294453967], [120.26587442498212, 31.26676500811277], [120.26492642622253, 31.26676500811277]]]}}, {"type": "Feature", "properties": {"threshold_ug_l": 20.0, "area_km2_approx": 0.006}, "geometry": {"type": "Polygon", "coordinates": [[[120.26634842436191, 31.26676500811277], [120.26634842436191, 31.26564294453967], [120.2668224237417, 31.26564294453967], [120.2668224237417, 31.26676500811277], [120.26634842436191, 31.26676500811277]]]}}, {"type": "Feature", "properties": {"threshold_ug_l": 20.0, "area_km2_approx": 0.003}, "geometry": {"type": "Polygon", "coordinates": [[[120.26397842746294, 31.26620397632622], [120.26397842746294, 31.26564294453967], [120.26445242684274, 31.26564294453967], [120.26445242684274, 31.26620397632622], [120.26397842746294, 31.26620397632622]]]}}, {"type": "Feature", "properties": {"threshold_ug_l": 20.0, "area_km2_approx": 0.003}, "geometry": {"type": "Polygon", "coordinates": [[[119.94687284238233, 31.26339881739347], [119.94687284238233, 31.26283778560692], [119.94734684176213, 31.26283778560692], [119.94734684176213, 31.26339881739347], [119.94687284238233, 31.26339881739347]]]}}, {"type": "Feature", "properties": {"threshold_ug_l": 20.0, "area_km2_approx": 0.008}, "geometry": {"type": "Polygon", "coordinates": [[[119.94213284858441, 31.26339881739347], [119.94213284858441, 31.26227675382037], [119.94308084734399, 31.26227675382037], [119.94308084734399, 31.26283778560692], [119.9426068479642, 31.26283778560692], [119.9426068479642, 31.26339881739347], [119.94213284858441, 31.26339881739347]]]}}, {"type": "Feature", "properties": {"threshold_ug_l": 20.0, "area_km2_approx": 0.008}, "geometry": {"type": "Polygon", "coordinates": [[[119.94355484672379, 31.26171572203382], [119.94355484672379, 31.26115469024727], [119.94402884610358, 31.26115469024727], [119.94402884610358, 31.260593658460717], [119.94450284548337, 31.260593658460717], [119.94450284548337, 31.26171572203382], [119.94355484672379, 31.26171572203382]]]}}, {"type": "Feature", "properties": {"threshold_ug_l": 20.0, "area_km2_approx": 0.006}, "geometry": {"type": "Polygon", "coordinates": [[[120.21136449630608, 31.26115469024727], [120.21136449630608, 31.260032626674167], [120.21183849568587, 31.260032626674167], [120.21183849568587, 31.26115469024727], [120.21136449630608, 31.26115469024727]]]}}, {"type": "Feature", "properties": {"threshold_ug_l": 20.0, "area_km2_approx": 0.154}, "geometry": {"type": "Polygon", "coordinates": [[[119.92743886781088, 31.26395984918002], [119.92743886781088, 31.26339881739347], [119.92696486843109, 31.26339881739347], [119.92696486843109, 31.26283778560692], [119.92649086905129, 31.26283778560692], [119.92649086905129, 31.26171572203382], [119.9260168696715, 31.26171572203382], [119.9260168696715, 31.260593658460717], [119.92649086905129, 31.260593658460717], [119.92649086905129, 31.260032626674167], [119.9260168696715, 31.260032626674167], [119.9260168696715, 31.259471594887618], [119.92649086905129, 31.259471594887618], [119.92649086905129, 31.25834953131452], [119.92743886781088, 31.25834953131452], [119.92743886781088, 31.25778849952797], [119.92886086595024, 31.25778849952797], [119.92886086595024, 31.25834953131452], [119.92933486533003, 31.25834953131452], [119.92933486533003, 31.258910563101068], [119.92886086595024, 31.258910563101068], [119.92886086595024, 31.259471594887618], [119.92838686657045, 31.259471594887618], [119.92838686657045, 31.260593658460717], [119.92886086595024, 31.260593658460717], [119.92886086595024, 31.26115469024727], [119.92838686657045, 31.26115469024727], [119.92838686657045, 31.26171572203382], [119.92886086595024, 31.26171572203382], [119.92886086595024, 31.26227675382037], [119.92933486533003, 31.26227675382037], [119.92933486533003, 31.26339881739347], [119.92886086595024, 31.26339881739347], [119.92886086595024, 31.26395984918002], [119.92743886781088, 31.26395984918002]], [[119.92649086905129, 31.260032626674167], [119.92743886781088, 31.260032626674167], [119.92743886781088, 31.259471594887618], [119.92649086905129, 31.259471594887618], [119.92649086905129, 31.260032626674167]]]}}, {"type": "Feature", "properties": {"threshold_ug_l": 20.0, "area_km2_approx": 0.011}, "geometry": {"type": "Polygon", "coordinates": [[[119.90184290130212, 31.256666435954866], [119.90184290130212, 31.255544372381767], [119.90231690068191, 31.255544372381767], [119.90231690068191, 31.254983340595217], [119.9027909000617, 31.254983340595217], [119.9027909000617, 31.256105404168316], [119.90231690068191, 31.256105404168316], [119.90231690068191, 31.256666435954866], [119.90184290130212, 31.256666435954866]]]}}, {"type": "Feature", "properties": {"threshold_ug_l": 20.0, "area_km2_approx": 0.008}, "geometry": {"type": "Polygon", "coordinates": [[[119.95824882749733, 31.254983340595217], [119.95824882749733, 31.254422308808667], [119.9596708256367, 31.254422308808667], [119.9596708256367, 31.254983340595217], [119.95824882749733, 31.254983340595217]]]}}, {"type": "Feature", "properties": {"threshold_ug_l": 20.0, "area_km2_approx": 0.162}, "geometry": {"type": "Polygon", "coordinates": [[[119.93976285168546, 31.25834953131452], [119.93976285168546, 31.25778849952797], [119.94023685106525, 31.25778849952797], [119.94023685106525, 31.25722746774142], [119.94118484982484, 31.25722746774142], [119.94118484982484, 31.256666435954866], [119.94165884920463, 31.256666435954866], [119.94165884920463, 31.255544372381767], [119.94213284858441, 31.255544372381767], [119.94213284858441, 31.254983340595217], [119.94165884920463, 31.254983340595217], [119.94165884920463, 31.253861277022118], [119.9426068479642, 31.253861277022118], [119.9426068479642, 31.253300245235565], [119.94450284548337, 31.253300245235565], [119.94450284548337, 31.253861277022118], [119.94497684486316, 31.253861277022118], [119.94497684486316, 31.253300245235565], [119.94545084424296, 31.253300245235565], [119.94545084424296, 31.253861277022118], [119.94639884300254, 31.253861277022118], [119.94639884300254, 31.254983340595217], [119.94687284238233, 31.254983340595217], [119.94687284238233, 31.254422308808667], [119.94782084114192, 31.254422308808667], [119.94782084114192, 31.255544372381767], [119.94734684176213, 31.255544372381767], [119.94734684176213, 31.256105404168316], [119.94687284238233, 31.256105404168316], [119.94687284238233, 31.255544372381767], [119.94545084424296, 31.255544372381767], [119.94545084424296, 31.254983340595217], [119.94497684486316, 31.254983340595217], [119.94497684486316, 31.255544372381767], [119.94450284548337, 31.255544372381767], [119.94450284548337, 31.256105404168316], [119.94308084734399, 31.256105404168316], [119.94308084734399, 31.256666435954866], [119.94355484672379, 31.256666435954866], [119.94355484672379, 31.25722746774142], [119.94213284858441, 31.25722746774142], [119.94213284858441, 31.25778849952797], [119.94023685106525, 31.25778849952797], [119.94023685106525, 31.25834953131452], [119.93976285168546, 31.25834953131452]]]}}, {"type": "Feature", "properties": {"threshold_ug_l": 20.0, "area_km2_approx": 0.003}, "geometry": {"type": "Polygon", "coordinates": [[[119.89947290440317, 31.253861277022118], [119.89947290440317, 31.253300245235565], [119.89994690378296, 31.253300245235565], [119.89994690378296, 31.253861277022118], [119.89947290440317, 31.253861277022118]]]}}, {"type": "Feature", "properties": {"threshold_ug_l": 20.0, "area_km2_approx": 0.003}, "geometry": {"type": "Polygon", "coordinates": [[[119.96251482191545, 31.253861277022118], [119.96251482191545, 31.253300245235565], [119.96298882129524, 31.253300245235565], [119.96298882129524, 31.253861277022118], [119.96251482191545, 31.253861277022118]]]}}, {"type": "Feature", "properties": {"threshold_ug_l": 20.0, "area_km2_approx": 0.025}, "geometry": {"type": "Polygon", "coordinates": [[[119.90563489634046, 31.253861277022118], [119.90563489634046, 31.253300245235565], [119.90658289510004, 31.253300245235565], [119.90658289510004, 31.252739213449015], [119.90705689447984, 31.252739213449015], [119.90705689447984, 31.253300245235565], [119.90942689137879, 31.253300245235565], [119.90942689137879, 31.253861277022118], [119.90563489634046, 31.253861277022118]]]}}, {"type": "Feature", "properties": {"threshold_ug_l": 20.0, "area_km2_approx": 0.011}, "geometry": {"type": "Polygon", "coordinates": [[[119.91843287959483, 31.251617149875916], [119.91843287959483, 31.250495086302816], [119.91890687897462, 31.250495086302816], [119.91890687897462, 31.251056118089366], [119.91938087835442, 31.251056118089366], [119.91938087835442, 31.250495086302816], [119.91985487773421, 31.250495086302816], [119.91985487773421, 31.251056118089366], [119.91938087835442, 31.251056118089366], [119.91938087835442, 31.251617149875916], [119.91843287959483, 31.251617149875916]]]}}, {"type": "Feature", "properties": {"threshold_ug_l": 20.0, "area_km2_approx": 0.003}, "geometry": {"type": "Polygon", "coordinates": [[[119.897576906884, 31.251056118089366], [119.897576906884, 31.250495086302816], [119.89805090626379, 31.250495086302816], [119.89805090626379, 31.251056118089366], [119.897576906884, 31.251056118089366]]]}}, {"type": "Feature", "properties": {"threshold_ug_l": 20.0, "area_km2_approx": 0.003}, "geometry": {"type": "Polygon", "coordinates": [[[119.96298882129524, 31.251056118089366], [119.96298882129524, 31.250495086302816], [119.96346282067503, 31.250495086302816], [119.96346282067503, 31.251056118089366], [119.96298882129524, 31.251056118089366]]]}}, {"type": "Feature", "properties": {"threshold_ug_l": 20.0, "area_km2_approx": 0.003}, "geometry": {"type": "Polygon", "coordinates": [[[119.8971029075042, 31.249934054516267], [119.8971029075042, 31.249373022729714], [119.897576906884, 31.249373022729714], [119.897576906884, 31.249934054516267], [119.8971029075042, 31.249934054516267]]]}}, {"type": "Feature", "properties": {"threshold_ug_l": 20.0, "area_km2_approx": 0.003}, "geometry": {"type": "Polygon", "coordinates": [[[120.30142437846648, 31.249934054516267], [120.30142437846648, 31.249373022729714], [120.30189837784627, 31.249373022729714], [120.30189837784627, 31.249934054516267], [120.30142437846648, 31.249934054516267]]]}}, {"type": "Feature", "properties": {"threshold_ug_l": 20.0, "area_km2_approx": 0.07}, "geometry": {"type": "Polygon", "coordinates": [[[119.92127687587359, 31.251056118089366], [119.92127687587359, 31.250495086302816], [119.920328877114, 31.250495086302816], [119.920328877114, 31.249373022729714], [119.91985487773421, 31.249373022729714], [119.91985487773421, 31.248811990943164], [119.920328877114, 31.248811990943164], [119.920328877114, 31.248250959156614], [119.9208028764938, 31.248250959156614], [119.9208028764938, 31.248811990943164], [119.92127687587359, 31.248811990943164], [119.92127687587359, 31.248250959156614], [119.92175087525337, 31.248250959156614], [119.92175087525337, 31.248811990943164], [119.92269887401295, 31.248811990943164], [119.92269887401295, 31.249373022729714], [119.92317287339274, 31.249373022729714], [119.92317287339274, 31.249934054516267], [119.92364687277254, 31.249934054516267], [119.92364687277254, 31.250495086302816], [119.92269887401295, 31.250495086302816], [119.92269887401295, 31.251056118089366], [119.92127687587359, 31.251056118089366]], [[119.920328877114, 31.249373022729714], [119.9208028764938, 31.249373022729714], [119.9208028764938, 31.248811990943164], [119.920328877114, 31.248811990943164], [119.920328877114, 31.249373022729714]]]}}, {"type": "Feature", "properties": {"threshold_ug_l": 20.0, "area_km2_approx": 0.008}, "geometry": {"type": "Polygon", "coordinates": [[[119.93644485602691, 31.249373022729714], [119.93644485602691, 31.248811990943164], [119.93597085664712, 31.248811990943164], [119.93597085664712, 31.248250959156614], [119.9369188554067, 31.248250959156614], [119.9369188554067, 31.249373022729714], [119.93644485602691, 31.249373022729714]]]}}, {"type": "Feature", "properties": {"threshold_ug_l": 20.0, "area_km2_approx": 0.003}, "geometry": {"type": "Polygon", "coordinates": [[[119.91558888331608, 31.248811990943164], [119.91558888331608, 31.248250959156614], [119.91606288269587, 31.248250959156614], [119.91606288269587, 31.248811990943164], [119.91558888331608, 31.248811990943164]]]}}, {"type": "Feature", "properties": {"threshold_ug_l": 20.0, "area_km2_approx": 0.031}, "geometry": {"type": "Polygon", "coordinates": [[[119.9369188554067, 31.246006832010416], [119.9369188554067, 31.245445800223862], [119.93644485602691, 31.245445800223862], [119.93644485602691, 31.244884768437313], [119.93928885230567, 31.244884768437313], [119.93928885230567, 31.246006832010416], [119.9369188554067, 31.246006832010416]]]}}, {"type": "Feature", "properties": {"threshold_ug_l": 20.0, "area_km2_approx": 0.003}, "geometry": {"type": "Polygon", "coordinates": [[[119.9027909000617, 31.244884768437313], [119.9027909000617, 31.244323736650763], [119.9032648994415, 31.244323736650763], [119.9032648994415, 31.244884768437313], [119.9027909000617, 31.244884768437313]]]}}, {"type": "Feature", "properties": {"threshold_ug_l": 20.0, "area_km2_approx": 0.008}, "geometry": {"type": "Polygon", "coordinates": [[[120.19951451181127, 31.244884768437313], [120.19951451181127, 31.243762704864213], [120.19998851119107, 31.243762704864213], [120.19998851119107, 31.244323736650763], [120.20046251057086, 31.244323736650763], [120.20046251057086, 31.244884768437313], [120.19951451181127, 31.244884768437313]]]}}, {"type": "Feature", "properties": {"threshold_ug_l": 20.0, "area_km2_approx": 0.003}, "geometry": {"type": "Polygon", "coordinates": [[[119.9027909000617, 31.243201673077664], [119.9027909000617, 31.242640641291114], [119.9032648994415, 31.242640641291114], [119.9032648994415, 31.243201673077664], [119.9027909000617, 31.243201673077664]]]}}, {"type": "Feature", "properties": {"threshold_ug_l": 20.0, "area_km2_approx": 0.003}, "geometry": {"type": "Polygon", "coordinates": [[[120.15969856390878, 31.242079609504565], [120.15969856390878, 31.24151857771801], [120.16017256328857, 31.24151857771801], [120.16017256328857, 31.242079609504565], [120.15969856390878, 31.242079609504565]]]}}, {"type": "Feature", "properties": {"threshold_ug_l": 20.0, "area_km2_approx": 0.006}, "geometry": {"type": "Polygon", "coordinates": [[[120.27061441878003, 31.240396514144912], [120.27061441878003, 31.239835482358362], [120.27156241753961, 31.239835482358362], [120.27156241753961, 31.240396514144912], [120.27061441878003, 31.240396514144912]]]}}, {"type": "Feature", "properties": {"threshold_ug_l": 20.0, "area_km2_approx": 0.006}, "geometry": {"type": "Polygon", "coordinates": [[[120.01323275555316, 31.239274450571813], [120.01323275555316, 31.238713418785263], [120.01418075431275, 31.238713418785263], [120.01418075431275, 31.239274450571813], [120.01323275555316, 31.239274450571813]]]}}, {"type": "Feature", "properties": {"threshold_ug_l": 20.0, "area_km2_approx": 0.003}, "geometry": {"type": "Polygon", "coordinates": [[[119.97910480020816, 31.23815238699871], [119.97910480020816, 31.23759135521216], [119.97957879958796, 31.23759135521216], [119.97957879958796, 31.23815238699871], [119.97910480020816, 31.23815238699871]]]}}, {"type": "Feature", "properties": {"threshold_ug_l": 20.0, "area_km2_approx": 0.059}, "geometry": {"type": "Polygon", "coordinates": [[[120.15543256949066, 31.239835482358362], [120.15543256949066, 31.239274450571813], [120.15448457073107, 31.239274450571813], [120.15448457073107, 31.23815238699871], [120.15401057135128, 31.23815238699871], [120.15401057135128, 31.23759135521216], [120.15448457073107, 31.23759135521216], [120.15448457073107, 31.23703032342561], [120.15495857011086, 31.23703032342561], [120.15495857011086, 31.23646929163906], [120.15590656887045, 31.23646929163906], [120.15590656887045, 31.23703032342561], [120.15638056825024, 31.23703032342561], [120.15638056825024, 31.23759135521216], [120.15685456763003, 31.23759135521216], [120.15685456763003, 31.23815238699871], [120.15638056825024, 31.23815238699871], [120.15638056825024, 31.239274450571813], [120.15590656887045, 31.239274450571813], [120.15590656887045, 31.239835482358362], [120.15543256949066, 31.239835482358362]]]}}, {"type": "Feature", "properties": {"threshold_ug_l": 20.0, "area_km2_approx": 0.006}, "geometry": {"type": "Polygon", "coordinates": [[[120.12035661538607, 31.23759135521216], [120.12035661538607, 31.23646929163906], [120.12083061476586, 31.23646929163906], [120.12083061476586, 31.23759135521216], [120.12035661538607, 31.23759135521216]]]}}, {"type": "Feature", "properties": {"threshold_ug_l": 20.0, "area_km2_approx": 0.011}, "geometry": {"type": "Polygon", "coordinates": [[[119.98052679834754, 31.23703032342561], [119.98052679834754, 31.23590825985251], [119.98194879648692, 31.23590825985251], [119.98194879648692, 31.23646929163906], [119.98100079772733, 31.23646929163906], [119.98100079772733, 31.23703032342561], [119.98052679834754, 31.23703032342561]]]}}, {"type": "Feature", "properties": {"threshold_ug_l": 20.0, "area_km2_approx": 0.179}, "geometry": {"type": "Polygon", "coordinates": [[[119.91274488703733, 31.242079609504565], [119.91274488703733, 31.24151857771801], [119.91227088765754, 31.24151857771801], [119.91227088765754, 31.24095754593146], [119.91132288889796, 31.24095754593146], [119.91132288889796, 31.240396514144912], [119.91227088765754, 31.240396514144912], [119.91227088765754, 31.239835482358362], [119.91274488703733, 31.239835482358362], [119.91274488703733, 31.239274450571813], [119.91227088765754, 31.239274450571813], [119.91227088765754, 31.23759135521216], [119.91179688827775, 31.23759135521216], [119.91179688827775, 31.23815238699871], [119.91084888951816, 31.23815238699871], [119.91084888951816, 31.23759135521216], [119.91037489013837, 31.23759135521216], [119.91037489013837, 31.23703032342561], [119.908952891999, 31.23703032342561], [119.908952891999, 31.23646929163906], [119.90990089075858, 31.23646929163906], [119.90990089075858, 31.23590825985251], [119.91037489013837, 31.23590825985251], [119.91037489013837, 31.23534722806596], [119.91227088765754, 31.23534722806596], [119.91227088765754, 31.23590825985251], [119.91274488703733, 31.23590825985251], [119.91274488703733, 31.23759135521216], [119.91321888641713, 31.23759135521216], [119.91321888641713, 31.23815238699871], [119.91464088455649, 31.23815238699871], [119.91464088455649, 31.238713418785263], [119.91511488393628, 31.238713418785263], [119.91511488393628, 31.24095754593146], [119.91464088455649, 31.24095754593146], [119.91464088455649, 31.24151857771801], [119.91369288579692, 31.24151857771801], [119.91369288579692, 31.242079609504565], [119.91274488703733, 31.242079609504565]]]}}, {"type": "Feature", "properties": {"threshold_ug_l": 20.0, "area_km2_approx": 0.003}, "geometry": {"type": "Polygon", "coordinates": [[[119.98052679834754, 31.23534722806596], [119.98052679834754, 31.234786196279412], [119.98100079772733, 31.234786196279412], [119.98100079772733, 31.23534722806596], [119.98052679834754, 31.23534722806596]]]}}, {"type": "Feature", "properties": {"threshold_ug_l": 20.0, "area_km2_approx": 0.076}, "geometry": {"type": "Polygon", "coordinates": [[[119.9824227958667, 31.239274450571813], [119.9824227958667, 31.238713418785263], [119.98337079462628, 31.238713418785263], [119.98337079462628, 31.23759135521216], [119.98289679524649, 31.23759135521216], [119.98289679524649, 31.23646929163906], [119.98384479400607, 31.23646929163906], [119.98384479400607, 31.23534722806596], [119.98431879338587, 31.23534722806596], [119.98431879338587, 31.234786196279412], [119.98479279276566, 31.234786196279412], [119.98479279276566, 31.23422516449286], [119.98526679214545, 31.23422516449286], [119.98526679214545, 31.234786196279412], [119.98479279276566, 31.234786196279412], [119.98479279276566, 31.23590825985251], [119.98526679214545, 31.23590825985251], [119.98526679214545, 31.23534722806596], [119.98574079152525, 31.23534722806596], [119.98574079152525, 31.23590825985251], [119.98526679214545, 31.23590825985251], [119.98526679214545, 31.23703032342561], [119.98479279276566, 31.23703032342561], [119.98479279276566, 31.238713418785263], [119.98431879338587, 31.238713418785263], [119.98431879338587, 31.239274450571813], [119.9824227958667, 31.239274450571813]]]}}, {"type": "Feature", "properties": {"threshold_ug_l": 20.0, "area_km2_approx": 0.003}, "geometry": {"type": "Polygon", "coordinates": [[[119.91416688517671, 31.23422516449286], [119.91416688517671, 31.23366413270631], [119.91464088455649, 31.23366413270631], [119.91464088455649, 31.23422516449286], [119.91416688517671, 31.23422516449286]]]}}, {"type": "Feature", "properties": {"threshold_ug_l": 20.0, "area_km2_approx": 0.017}, "geometry": {"type": "Polygon", "coordinates": [[[120.0843326625219, 31.23254206913321], [120.0843326625219, 31.23142000556011], [120.08622866004107, 31.23142000556011], [120.08622866004107, 31.23198103734666], [120.08528066128149, 31.23198103734666], [120.08528066128149, 31.23254206913321], [120.0843326625219, 31.23254206913321]]]}}, {"type": "Feature", "properties": {"threshold_ug_l": 20.0, "area_km2_approx": 0.221}, "geometry": {"type": "Polygon", "coordinates": [[[119.89852490564358, 31.239274450571813], [119.89852490564358, 31.23759135521216], [119.89805090626379, 31.23759135521216], [119.89805090626379, 31.23703032342561], [119.897576906884, 31.23703032342561], [119.897576906884, 31.23646929163906], [119.8971029075042, 31.23646929163906], [119.8971029075042, 31.23422516449286], [119.897576906884, 31.23422516449286], [119.897576906884, 31.23310310091976], [119.89805090626379, 31.23310310091976], [119.89805090626379, 31.23198103734666], [119.89852490564358, 31.23198103734666], [119.89852490564358, 31.230858973773557], [119.89899890502338, 31.230858973773557], [119.89899890502338, 31.230297941987008], [119.89947290440317, 31.230297941987008], [119.89947290440317, 31.230858973773557], [119.89994690378296, 31.230858973773557], [119.89994690378296, 31.23142000556011], [119.89947290440317, 31.23142000556011], [119.89947290440317, 31.23366413270631], [119.89994690378296, 31.23366413270631], [119.89994690378296, 31.234786196279412], [119.90042090316275, 31.234786196279412], [119.90042090316275, 31.23534722806596], [119.90089490254255, 31.23534722806596], [119.90089490254255, 31.23590825985251], [119.90184290130212, 31.23590825985251], [119.90184290130212, 31.23646929163906], [119.90136890192232, 31.23646929163906], [119.90136890192232, 31.23759135521216], [119.90089490254255, 31.23759135521216], [119.90089490254255, 31.23815238699871], [119.89994690378296, 31.23815238699871], [119.89994690378296, 31.239274450571813], [119.89852490564358, 31.239274450571813]], [[119.89899890502338, 31.238713418785263], [119.89947290440317, 31.238713418785263], [119.89947290440317, 31.23815238699871], [119.89899890502338, 31.23815238699871], [119.89899890502338, 31.238713418785263]]]}}, {"type": "Feature", "properties": {"threshold_ug_l": 20.0, "area_km2_approx": 0.003}, "geometry": {"type": "Polygon", "coordinates": [[[119.9767348033092, 31.230297941987008], [119.9767348033092, 31.229736910200458], [119.97720880268899, 31.229736910200458], [119.97720880268899, 31.230297941987008], [119.9767348033092, 31.230297941987008]]]}}, {"type": "Feature", "properties": {"threshold_ug_l": 20.0, "area_km2_approx": 0.003}, "geometry": {"type": "Polygon", "coordinates": [[[119.89141491494671, 31.229736910200458], [119.89141491494671, 31.22917587841391], [119.8918889143265, 31.22917587841391], [119.8918889143265, 31.229736910200458], [119.89141491494671, 31.229736910200458]]]}}, {"type": "Feature", "properties": {"threshold_ug_l": 20.0, "area_km2_approx": 0.143}, "geometry": {"type": "Polygon", "coordinates": [[[119.91179688827775, 31.224687624121508], [119.91179688827775, 31.224126592334958], [119.91132288889796, 31.224126592334958], [119.91132288889796, 31.22356556054841], [119.91179688827775, 31.22356556054841], [119.91179688827775, 31.223004528761855], [119.91321888641713, 31.223004528761855], [119.91321888641713, 31.221321433402206], [119.91369288579692, 31.221321433402206], [119.91369288579692, 31.220760401615657], [119.91558888331608, 31.220760401615657], [119.91558888331608, 31.221321433402206], [119.91511488393628, 31.221321433402206], [119.91511488393628, 31.221882465188756], [119.91558888331608, 31.221882465188756], [119.91558888331608, 31.222443496975306], [119.91701088145545, 31.222443496975306], [119.91701088145545, 31.224126592334958], [119.91511488393628, 31.224126592334958], [119.91511488393628, 31.224687624121508], [119.91179688827775, 31.224687624121508]]]}}, {"type": "Feature", "properties": {"threshold_ug_l": 20.0, "area_km2_approx": 0.036}, "geometry": {"type": "Polygon", "coordinates": [[[119.92412087215233, 31.220760401615657], [119.92412087215233, 31.220199369829107], [119.92364687277254, 31.220199369829107], [119.92364687277254, 31.219077306256004], [119.92412087215233, 31.219077306256004], [119.92412087215233, 31.218516274469454], [119.92554287029171, 31.218516274469454], [119.92554287029171, 31.220199369829107], [119.92506887091191, 31.220199369829107], [119.92506887091191, 31.220760401615657], [119.92412087215233, 31.220760401615657]]]}}, {"type": "Feature", "properties": {"threshold_ug_l": 20.0, "area_km2_approx": 0.008}, "geometry": {"type": "Polygon", "coordinates": [[[119.908952891999, 31.219077306256004], [119.908952891999, 31.218516274469454], [119.91037489013837, 31.218516274469454], [119.91037489013837, 31.219077306256004], [119.908952891999, 31.219077306256004]]]}}, {"type": "Feature", "properties": {"threshold_ug_l": 20.0, "area_km2_approx": 0.006}, "geometry": {"type": "Polygon", "coordinates": [[[119.91084888951816, 31.219077306256004], [119.91084888951816, 31.217955242682905], [119.91132288889796, 31.217955242682905], [119.91132288889796, 31.219077306256004], [119.91084888951816, 31.219077306256004]]]}}, {"type": "Feature", "properties": {"threshold_ug_l": 20.0, "area_km2_approx": 0.003}, "geometry": {"type": "Polygon", "coordinates": [[[120.03503672702358, 31.217955242682905], [120.03503672702358, 31.217394210896355], [120.03551072640337, 31.217394210896355], [120.03551072640337, 31.217955242682905], [120.03503672702358, 31.217955242682905]]]}}, {"type": "Feature", "properties": {"threshold_ug_l": 20.0, "area_km2_approx": 0.014}, "geometry": {"type": "Polygon", "coordinates": [[[120.03029673322565, 31.218516274469454], [120.03029673322565, 31.217955242682905], [120.02982273384586, 31.217955242682905], [120.02982273384586, 31.217394210896355], [120.03029673322565, 31.217394210896355], [120.03029673322565, 31.216833179109805], [120.03077073260545, 31.216833179109805], [120.03077073260545, 31.217394210896355], [120.03124473198524, 31.217394210896355], [120.03124473198524, 31.217955242682905], [120.03077073260545, 31.217955242682905], [120.03077073260545, 31.218516274469454], [120.03029673322565, 31.218516274469454]]]}}, {"type": "Feature", "properties": {"threshold_ug_l": 20.0, "area_km2_approx": 0.011}, "geometry": {"type": "Polygon", "coordinates": [[[120.03171873136503, 31.217955242682905], [120.03171873136503, 31.216833179109805], [120.03266673012462, 31.216833179109805], [120.03266673012462, 31.217955242682905], [120.03171873136503, 31.217955242682905]]]}}, {"type": "Feature", "properties": {"threshold_ug_l": 20.0, "area_km2_approx": 0.003}, "geometry": {"type": "Polygon", "coordinates": [[[120.14642658127461, 31.216272147323256], [120.14642658127461, 31.215711115536703], [120.1469005806544, 31.215711115536703], [120.1469005806544, 31.216272147323256], [120.14642658127461, 31.216272147323256]]]}}, {"type": "Feature", "properties": {"threshold_ug_l": 20.0, "area_km2_approx": 0.078}, "geometry": {"type": "Polygon", "coordinates": [[[119.93407485912796, 31.218516274469454], [119.93407485912796, 31.216833179109805], [119.93028286408962, 31.216833179109805], [119.93028286408962, 31.216272147323256], [119.93075686346941, 31.216272147323256], [119.93075686346941, 31.215711115536703], [119.9312308628492, 31.215711115536703], [119.9312308628492, 31.215150083750153], [119.931704862229, 31.215150083750153], [119.931704862229, 31.215711115536703], [119.93217886160879, 31.215711115536703], [119.93217886160879, 31.215150083750153], [119.93454885850775, 31.215150083750153], [119.93454885850775, 31.216272147323256], [119.93502285788753, 31.216272147323256], [119.93502285788753, 31.216833179109805], [119.93454885850775, 31.216833179109805], [119.93454885850775, 31.217955242682905], [119.93502285788753, 31.217955242682905], [119.93502285788753, 31.218516274469454], [119.93407485912796, 31.218516274469454]]]}}, {"type": "Feature", "properties": {"threshold_ug_l": 20.0, "area_km2_approx": 0.025}, "geometry": {"type": "Polygon", "coordinates": [[[120.30142437846648, 31.216833179109805], [120.30142437846648, 31.215150083750153], [120.30237237722606, 31.215150083750153], [120.30237237722606, 31.214589051963603], [120.30284637660586, 31.214589051963603], [120.30284637660586, 31.215150083750153], [120.30332037598565, 31.215150083750153], [120.30332037598565, 31.215711115536703], [120.30284637660586, 31.215711115536703], [120.30284637660586, 31.216272147323256], [120.30189837784627, 31.216272147323256], [120.30189837784627, 31.216833179109805], [120.30142437846648, 31.216833179109805]]]}}, {"type": "Feature", "properties": {"threshold_ug_l": 20.0, "area_km2_approx": 0.02}, "geometry": {"type": "Polygon", "coordinates": [[[120.14500458313523, 31.216272147323256], [120.14500458313523, 31.214589051963603], [120.14642658127461, 31.214589051963603], [120.14642658127461, 31.215150083750153], [120.14595258189482, 31.215150083750153], [120.14595258189482, 31.216272147323256], [120.14500458313523, 31.216272147323256]]]}}, {"type": "Feature", "properties": {"threshold_ug_l": 20.0, "area_km2_approx": 0.003}, "geometry": {"type": "Polygon", "coordinates": [[[119.91179688827775, 31.212905956603954], [119.91179688827775, 31.212344924817405], [119.91227088765754, 31.212344924817405], [119.91227088765754, 31.212905956603954], [119.91179688827775, 31.212905956603954]]]}}, {"type": "Feature", "properties": {"threshold_ug_l": 20.0, "area_km2_approx": 0.008}, "geometry": {"type": "Polygon", "coordinates": [[[119.96867681385275, 31.212905956603954], [119.96867681385275, 31.21178389303085], [119.96915081323253, 31.21178389303085], [119.96915081323253, 31.212344924817405], [119.96962481261232, 31.212344924817405], [119.96962481261232, 31.212905956603954], [119.96867681385275, 31.212905956603954]]]}}, {"type": "Feature", "properties": {"threshold_ug_l": 20.0, "area_km2_approx": 0.003}, "geometry": {"type": "Polygon", "coordinates": [[[119.93454885850775, 31.212344924817405], [119.93454885850775, 31.21178389303085], [119.93502285788753, 31.21178389303085], [119.93502285788753, 31.212344924817405], [119.93454885850775, 31.212344924817405]]]}}, {"type": "Feature", "properties": {"threshold_ug_l": 20.0, "area_km2_approx": 0.003}, "geometry": {"type": "Polygon", "coordinates": [[[119.965832817574, 31.21178389303085], [119.965832817574, 31.211222861244302], [119.96630681695379, 31.211222861244302], [119.96630681695379, 31.21178389303085], [119.965832817574, 31.21178389303085]]]}}, {"type": "Feature", "properties": {"threshold_ug_l": 20.0, "area_km2_approx": 0.003}, "geometry": {"type": "Polygon", "coordinates": [[[119.92412087215233, 31.211222861244302], [119.92412087215233, 31.210661829457752], [119.92459487153212, 31.210661829457752], [119.92459487153212, 31.211222861244302], [119.92412087215233, 31.211222861244302]]]}}, {"type": "Feature", "properties": {"threshold_ug_l": 20.0, "area_km2_approx": 0.087}, "geometry": {"type": "Polygon", "coordinates": [[[119.94687284238233, 31.214028020177054], [119.94687284238233, 31.213466988390504], [119.94545084424296, 31.213466988390504], [119.94545084424296, 31.212905956603954], [119.94497684486316, 31.212905956603954], [119.94497684486316, 31.213466988390504], [119.94450284548337, 31.213466988390504], [119.94450284548337, 31.212905956603954], [119.94355484672379, 31.212905956603954], [119.94355484672379, 31.212344924817405], [119.94402884610358, 31.212344924817405], [119.94402884610358, 31.211222861244302], [119.94450284548337, 31.211222861244302], [119.94450284548337, 31.210661829457752], [119.94592484362275, 31.210661829457752], [119.94592484362275, 31.210100797671203], [119.94639884300254, 31.210100797671203], [119.94639884300254, 31.21178389303085], [119.94687284238233, 31.21178389303085], [119.94687284238233, 31.212344924817405], [119.94782084114192, 31.212344924817405], [119.94782084114192, 31.212905956603954], [119.94734684176213, 31.212905956603954], [119.94734684176213, 31.214028020177054], [119.94687284238233, 31.214028020177054]]]}}, {"type": "Feature", "properties": {"threshold_ug_l": 20.0, "area_km2_approx": 0.003}, "geometry": {"type": "Polygon", "coordinates": [[[119.93502285788753, 31.210100797671203], [119.93502285788753, 31.209539765884653], [119.93549685726732, 31.209539765884653], [119.93549685726732, 31.210100797671203], [119.93502285788753, 31.210100797671203]]]}}, {"type": "Feature", "properties": {"threshold_ug_l": 20.0, "area_km2_approx": 0.064}, "geometry": {"type": "Polygon", "coordinates": [[[119.93644485602691, 31.210661829457752], [119.93644485602691, 31.208978734098103], [119.93454885850775, 31.208978734098103], [119.93454885850775, 31.20841770231155], [119.93597085664712, 31.20841770231155], [119.93597085664712, 31.207856670525], [119.93786685416629, 31.207856670525], [119.93786685416629, 31.20841770231155], [119.93834085354608, 31.20841770231155], [119.93834085354608, 31.210100797671203], [119.93786685416629, 31.210100797671203], [119.93786685416629, 31.210661829457752], [119.93644485602691, 31.210661829457752]]]}}, {"type": "Feature", "properties": {"threshold_ug_l": 20.0, "area_km2_approx": 0.003}, "geometry": {"type": "Polygon", "coordinates": [[[119.93597085664712, 31.20729563873845], [119.93597085664712, 31.2067346069519], [119.93644485602691, 31.2067346069519], [119.93644485602691, 31.20729563873845], [119.93597085664712, 31.20729563873845]]]}}, {"type": "Feature", "properties": {"threshold_ug_l": 20.0, "area_km2_approx": 0.006}, "geometry": {"type": "Polygon", "coordinates": [[[120.19145652235483, 31.205051511592252], [120.19145652235483, 31.20392944801915], [120.19193052173462, 31.20392944801915], [120.19193052173462, 31.205051511592252], [120.19145652235483, 31.205051511592252]]]}}, {"type": "Feature", "properties": {"threshold_ug_l": 20.0, "area_km2_approx": 0.003}, "geometry": {"type": "Polygon", "coordinates": [[[119.91227088765754, 31.20392944801915], [119.91227088765754, 31.2033684162326], [119.91274488703733, 31.2033684162326], [119.91274488703733, 31.20392944801915], [119.91227088765754, 31.20392944801915]]]}}, {"type": "Feature", "properties": {"threshold_ug_l": 20.0, "area_km2_approx": 0.042}, "geometry": {"type": "Polygon", "coordinates": [[[120.1815025353792, 31.205051511592252], [120.1815025353792, 31.2044904798057], [120.1810285359994, 31.2044904798057], [120.1810285359994, 31.2033684162326], [120.1815025353792, 31.2033684162326], [120.1815025353792, 31.20280738444605], [120.18339853289837, 31.20280738444605], [120.18339853289837, 31.20392944801915], [120.18292453351857, 31.20392944801915], [120.18292453351857, 31.2044904798057], [120.18245053413878, 31.2044904798057], [120.18245053413878, 31.205051511592252], [120.1815025353792, 31.205051511592252]]]}}, {"type": "Feature", "properties": {"threshold_ug_l": 20.0, "area_km2_approx": 0.008}, "geometry": {"type": "Polygon", "coordinates": [[[119.96156682315588, 31.20280738444605], [119.96156682315588, 31.2022463526595], [119.96251482191545, 31.2022463526595], [119.96251482191545, 31.20168532087295], [119.96298882129524, 31.20168532087295], [119.96298882129524, 31.2022463526595], [119.96251482191545, 31.2022463526595], [119.96251482191545, 31.20280738444605], [119.96156682315588, 31.20280738444605]]]}}, {"type": "Feature", "properties": {"threshold_ug_l": 20.0, "area_km2_approx": 0.028}, "geometry": {"type": "Polygon", "coordinates": [[[120.02934873446608, 31.2011242890864], [120.02934873446608, 31.2000022255133], [120.03171873136503, 31.2000022255133], [120.03171873136503, 31.2011242890864], [120.02934873446608, 31.2011242890864]]]}}, {"type": "Feature", "properties": {"threshold_ug_l": 20.0, "area_km2_approx": 0.003}, "geometry": {"type": "Polygon", "coordinates": [[[120.03266673012462, 31.200563257299848], [120.03266673012462, 31.2000022255133], [120.03314072950441, 31.2000022255133], [120.03314072950441, 31.200563257299848], [120.03266673012462, 31.200563257299848]]]}}, {"type": "Feature", "properties": {"threshold_ug_l": 20.0, "area_km2_approx": 0.238}, "geometry": {"type": "Polygon", "coordinates": [[[119.95919682625691, 31.205612543378802], [119.95919682625691, 31.20392944801915], [119.95730082873774, 31.20392944801915], [119.95730082873774, 31.2033684162326], [119.95587883059837, 31.2033684162326], [119.95587883059837, 31.2022463526595], [119.95635282997816, 31.2022463526595], [119.95635282997816, 31.20168532087295], [119.95587883059837, 31.20168532087295], [119.95587883059837, 31.2011242890864], [119.95540483121857, 31.2011242890864], [119.95540483121857, 31.200563257299848], [119.95587883059837, 31.200563257299848], [119.95587883059837, 31.2000022255133], [119.95777482811754, 31.2000022255133], [119.95777482811754, 31.19944119372675], [119.95872282687712, 31.19944119372675], [119.95872282687712, 31.1988801619402], [119.95919682625691, 31.1988801619402], [119.95919682625691, 31.19944119372675], [119.9601448250165, 31.19944119372675], [119.9601448250165, 31.2000022255133], [119.9596708256367, 31.2000022255133], [119.9596708256367, 31.200563257299848], [119.96109282377608, 31.200563257299848], [119.96109282377608, 31.20168532087295], [119.96061882439629, 31.20168532087295], [119.96061882439629, 31.2022463526595], [119.96109282377608, 31.2022463526595], [119.96109282377608, 31.20392944801915], [119.96061882439629, 31.20392944801915], [119.96061882439629, 31.2044904798057], [119.96109282377608, 31.2044904798057], [119.96109282377608, 31.205051511592252], [119.9601448250165, 31.205051511592252], [119.9601448250165, 31.205612543378802], [119.95919682625691, 31.205612543378802]]]}}, {"type": "Feature", "properties": {"threshold_ug_l": 20.0, "area_km2_approx": 0.003}, "geometry": {"type": "Polygon", "coordinates": [[[119.90990089075858, 31.19944119372675], [119.90990089075858, 31.1988801619402], [119.91037489013837, 31.1988801619402], [119.91037489013837, 31.19944119372675], [119.90990089075858, 31.19944119372675]]]}}, {"type": "Feature", "properties": {"threshold_ug_l": 20.0, "area_km2_approx": 0.003}, "geometry": {"type": "Polygon", "coordinates": [[[119.96061882439629, 31.19944119372675], [119.96061882439629, 31.1988801619402], [119.96109282377608, 31.1988801619402], [119.96109282377608, 31.19944119372675], [119.96061882439629, 31.19944119372675]]]}}, {"type": "Feature", "properties": {"threshold_ug_l": 20.0, "area_km2_approx": 0.003}, "geometry": {"type": "Polygon", "coordinates": [[[119.908952891999, 31.1988801619402], [119.908952891999, 31.19831913015365], [119.90942689137879, 31.19831913015365], [119.90942689137879, 31.1988801619402], [119.908952891999, 31.1988801619402]]]}}, {"type": "Feature", "properties": {"threshold_ug_l": 20.0, "area_km2_approx": 0.006}, "geometry": {"type": "Polygon", "coordinates": [[[120.3175403573794, 31.1977580983671], [120.3175403573794, 31.19719706658055], [120.31848835613899, 31.19719706658055], [120.31848835613899, 31.1977580983671], [120.3175403573794, 31.1977580983671]]]}}, {"type": "Feature", "properties": {"threshold_ug_l": 20.0, "area_km2_approx": 0.031}, "geometry": {"type": "Polygon", "coordinates": [[[119.9084788926192, 31.1977580983671], [119.9084788926192, 31.19719706658055], [119.90942689137879, 31.19719706658055], [119.90942689137879, 31.195513971220898], [119.908952891999, 31.195513971220898], [119.908952891999, 31.194952939434348], [119.90990089075858, 31.194952939434348], [119.90990089075858, 31.195513971220898], [119.91037489013837, 31.195513971220898], [119.91037489013837, 31.196636034793997], [119.90990089075858, 31.196636034793997], [119.90990089075858, 31.19719706658055], [119.91037489013837, 31.19719706658055], [119.91037489013837, 31.1977580983671], [119.9084788926192, 31.1977580983671]]]}}, {"type": "Feature", "properties": {"threshold_ug_l": 20.0, "area_km2_approx": 0.003}, "geometry": {"type": "Polygon", "coordinates": [[[119.90800489323941, 31.195513971220898], [119.90800489323941, 31.194952939434348], [119.9084788926192, 31.194952939434348], [119.9084788926192, 31.195513971220898], [119.90800489323941, 31.195513971220898]]]}}, {"type": "Feature", "properties": {"threshold_ug_l": 20.0, "area_km2_approx": 0.011}, "geometry": {"type": "Polygon", "coordinates": [[[119.97531280516984, 31.195513971220898], [119.97531280516984, 31.194952939434348], [119.9762608039294, 31.194952939434348], [119.9762608039294, 31.1943919076478], [119.9767348033092, 31.1943919076478], [119.9767348033092, 31.195513971220898], [119.97531280516984, 31.195513971220898]]]}}, {"type": "Feature", "properties": {"threshold_ug_l": 20.0, "area_km2_approx": 0.014}, "geometry": {"type": "Polygon", "coordinates": [[[119.9084788926192, 31.1943919076478], [119.9084788926192, 31.19383087586125], [119.908952891999, 31.19383087586125], [119.908952891999, 31.193269844074695], [119.90942689137879, 31.193269844074695], [119.90942689137879, 31.192708812288146], [119.90990089075858, 31.192708812288146], [119.90990089075858, 31.193269844074695], [119.91037489013837, 31.193269844074695], [119.91037489013837, 31.19383087586125], [119.908952891999, 31.19383087586125], [119.908952891999, 31.1943919076478], [119.9084788926192, 31.1943919076478]]]}}, {"type": "Feature", "properties": {"threshold_ug_l": 20.0, "area_km2_approx": 0.017}, "geometry": {"type": "Polygon", "coordinates": [[[119.91606288269587, 31.1943919076478], [119.91606288269587, 31.19383087586125], [119.91558888331608, 31.19383087586125], [119.91558888331608, 31.192708812288146], [119.91653688207566, 31.192708812288146], [119.91653688207566, 31.19383087586125], [119.91701088145545, 31.19383087586125], [119.91701088145545, 31.1943919076478], [119.91606288269587, 31.1943919076478]]]}}, {"type": "Feature", "properties": {"threshold_ug_l": 20.0, "area_km2_approx": 0.003}, "geometry": {"type": "Polygon", "coordinates": [[[119.97531280516984, 31.193269844074695], [119.97531280516984, 31.192708812288146], [119.97578680454961, 31.192708812288146], [119.97578680454961, 31.193269844074695], [119.97531280516984, 31.193269844074695]]]}}, {"type": "Feature", "properties": {"threshold_ug_l": 20.0, "area_km2_approx": 0.011}, "geometry": {"type": "Polygon", "coordinates": [[[119.91369288579692, 31.193269844074695], [119.91369288579692, 31.192147780501596], [119.91416688517671, 31.192147780501596], [119.91416688517671, 31.191586748715046], [119.91464088455649, 31.191586748715046], [119.91464088455649, 31.192708812288146], [119.91416688517671, 31.192708812288146], [119.91416688517671, 31.193269844074695], [119.91369288579692, 31.193269844074695]]]}}, {"type": "Feature", "properties": {"threshold_ug_l": 20.0, "area_km2_approx": 0.003}, "geometry": {"type": "Polygon", "coordinates": [[[119.91179688827775, 31.180927144770592], [119.91179688827775, 31.180366112984043], [119.91227088765754, 31.180366112984043], [119.91227088765754, 31.180927144770592], [119.91179688827775, 31.180927144770592]]]}}, {"type": "Feature", "properties": {"threshold_ug_l": 20.0, "area_km2_approx": 0.003}, "geometry": {"type": "Polygon", "coordinates": [[[119.91084888951816, 31.180366112984043], [119.91084888951816, 31.179805081197493], [119.91132288889796, 31.179805081197493], [119.91132288889796, 31.180366112984043], [119.91084888951816, 31.180366112984043]]]}}, {"type": "Feature", "properties": {"threshold_ug_l": 20.0, "area_km2_approx": 0.014}, "geometry": {"type": "Polygon", "coordinates": [[[120.3123263642017, 31.180366112984043], [120.3123263642017, 31.179805081197493], [120.31280036358149, 31.179805081197493], [120.31280036358149, 31.179244049410944], [120.31374836234107, 31.179244049410944], [120.31374836234107, 31.180366112984043], [120.3123263642017, 31.180366112984043]]]}}, {"type": "Feature", "properties": {"threshold_ug_l": 20.0, "area_km2_approx": 0.006}, "geometry": {"type": "Polygon", "coordinates": [[[119.91132288889796, 31.178683017624394], [119.91132288889796, 31.17812198583784], [119.91179688827775, 31.17812198583784], [119.91179688827775, 31.17756095405129], [119.91227088765754, 31.17756095405129], [119.91227088765754, 31.17812198583784], [119.91179688827775, 31.17812198583784], [119.91179688827775, 31.178683017624394], [119.91132288889796, 31.178683017624394]]]}}, {"type": "Feature", "properties": {"threshold_ug_l": 20.0, "area_km2_approx": 0.003}, "geometry": {"type": "Polygon", "coordinates": [[[120.2777244094769, 31.17643889047819], [120.2777244094769, 31.175877858691642], [120.2781984088567, 31.175877858691642], [120.2781984088567, 31.17643889047819], [120.2777244094769, 31.17643889047819]]]}}, {"type": "Feature", "properties": {"threshold_ug_l": 20.0, "area_km2_approx": 0.112}, "geometry": {"type": "Polygon", "coordinates": [[[119.94497684486316, 31.17756095405129], [119.94497684486316, 31.17699992226474], [119.94450284548337, 31.17699992226474], [119.94450284548337, 31.17643889047819], [119.94497684486316, 31.17643889047819], [119.94497684486316, 31.175877858691642], [119.94829484052171, 31.175877858691642], [119.94829484052171, 31.175316826905092], [119.95066483742066, 31.175316826905092], [119.95066483742066, 31.175877858691642], [119.95161283618025, 31.175877858691642], [119.95161283618025, 31.17643889047819], [119.95113883680045, 31.17643889047819], [119.95113883680045, 31.17699992226474], [119.95066483742066, 31.17699992226474], [119.95066483742066, 31.17756095405129], [119.94829484052171, 31.17756095405129], [119.94829484052171, 31.17699992226474], [119.94592484362275, 31.17699992226474], [119.94592484362275, 31.17756095405129], [119.94497684486316, 31.17756095405129]]]}}, {"type": "Feature", "properties": {"threshold_ug_l": 20.0, "area_km2_approx": 0.059}, "geometry": {"type": "Polygon", "coordinates": [[[119.920328877114, 31.17699992226474], [119.920328877114, 31.17643889047819], [119.91795888021504, 31.17643889047819], [119.91795888021504, 31.175877858691642], [119.91843287959483, 31.175877858691642], [119.91843287959483, 31.175316826905092], [119.91938087835442, 31.175316826905092], [119.91938087835442, 31.175877858691642], [119.91985487773421, 31.175877858691642], [119.91985487773421, 31.175316826905092], [119.92269887401295, 31.175316826905092], [119.92269887401295, 31.175877858691642], [119.92222487463316, 31.175877858691642], [119.92222487463316, 31.17699992226474], [119.920328877114, 31.17699992226474]]]}}, {"type": "Feature", "properties": {"threshold_ug_l": 20.0, "area_km2_approx": 0.059}, "geometry": {"type": "Polygon", "coordinates": [[[120.23980445909356, 31.17643889047819], [120.23980445909356, 31.175316826905092], [120.24027845847336, 31.175316826905092], [120.24027845847336, 31.174755795118543], [120.24122645723294, 31.174755795118543], [120.24122645723294, 31.17419476333199], [120.24075245785315, 31.17419476333199], [120.24075245785315, 31.17363373154544], [120.24122645723294, 31.17363373154544], [120.24122645723294, 31.17419476333199], [120.24217445599253, 31.17419476333199], [120.24217445599253, 31.17363373154544], [120.24264845537232, 31.17363373154544], [120.24264845537232, 31.175316826905092], [120.24217445599253, 31.175316826905092], [120.24217445599253, 31.17643889047819], [120.24170045661273, 31.17643889047819], [120.24170045661273, 31.175877858691642], [120.24122645723294, 31.175877858691642], [120.24122645723294, 31.17643889047819], [120.23980445909356, 31.17643889047819]], [[120.24027845847336, 31.175877858691642], [120.24075245785315, 31.175877858691642], [120.24075245785315, 31.175316826905092], [120.24027845847336, 31.175316826905092], [120.24027845847336, 31.175877858691642]], [[120.24122645723294, 31.175316826905092], [120.24170045661273, 31.175316826905092], [120.24170045661273, 31.174755795118543], [120.24122645723294, 31.174755795118543], [120.24122645723294, 31.175316826905092]]]}}, {"type": "Feature", "properties": {"threshold_ug_l": 20.0, "area_km2_approx": 0.006}, "geometry": {"type": "Polygon", "coordinates": [[[120.2383824609542, 31.17419476333199], [120.2383824609542, 31.17363373154544], [120.23933045971378, 31.17363373154544], [120.23933045971378, 31.17419476333199], [120.2383824609542, 31.17419476333199]]]}}, {"type": "Feature", "properties": {"threshold_ug_l": 20.0, "area_km2_approx": 0.003}, "geometry": {"type": "Polygon", "coordinates": [[[120.24312245475211, 31.17363373154544], [120.24312245475211, 31.17307269975889], [120.2435964541319, 31.17307269975889], [120.2435964541319, 31.17363373154544], [120.24312245475211, 31.17363373154544]]]}}, {"type": "Feature", "properties": {"threshold_ug_l": 20.0, "area_km2_approx": 0.006}, "geometry": {"type": "Polygon", "coordinates": [[[120.29573638590898, 31.17363373154544], [120.29573638590898, 31.17307269975889], [120.29668438466857, 31.17307269975889], [120.29668438466857, 31.17363373154544], [120.29573638590898, 31.17363373154544]]]}}, {"type": "Feature", "properties": {"threshold_ug_l": 20.0, "area_km2_approx": 0.011}, "geometry": {"type": "Polygon", "coordinates": [[[120.23459046591586, 31.17419476333199], [120.23459046591586, 31.17251166797234], [120.23553846467544, 31.17251166797234], [120.23553846467544, 31.17307269975889], [120.23506446529565, 31.17307269975889], [120.23506446529565, 31.17419476333199], [120.23459046591586, 31.17419476333199]]]}}, {"type": "Feature", "properties": {"threshold_ug_l": 20.0, "area_km2_approx": 0.003}, "geometry": {"type": "Polygon", "coordinates": [[[120.06158069229191, 31.170828572612688], [120.06158069229191, 31.17026754082614], [120.0620546916717, 31.17026754082614], [120.0620546916717, 31.170828572612688], [120.06158069229191, 31.170828572612688]]]}}, {"type": "Feature", "properties": {"threshold_ug_l": 20.0, "area_km2_approx": 0.048}, "geometry": {"type": "Polygon", "coordinates": [[[120.2383824609542, 31.17307269975889], [120.2383824609542, 31.17195063618579], [120.23743446219461, 31.17195063618579], [120.23743446219461, 31.170828572612688], [120.23648646343503, 31.170828572612688], [120.23648646343503, 31.17026754082614], [120.23506446529565, 31.17026754082614], [120.23506446529565, 31.170828572612688], [120.23459046591586, 31.170828572612688], [120.23459046591586, 31.16970650903959], [120.23696046281482, 31.16970650903959], [120.23696046281482, 31.17026754082614], [120.23743446219461, 31.17026754082614], [120.23743446219461, 31.16970650903959], [120.2379084615744, 31.16970650903959], [120.2379084615744, 31.17026754082614], [120.2383824609542, 31.17026754082614], [120.2383824609542, 31.17195063618579], [120.23885646033399, 31.17195063618579], [120.23885646033399, 31.17307269975889], [120.2383824609542, 31.17307269975889]]]}}, {"type": "Feature", "properties": {"threshold_ug_l": 20.0, "area_km2_approx": 0.008}, "geometry": {"type": "Polygon", "coordinates": [[[120.28483440017378, 31.16914547725304], [120.28483440017378, 31.16746238189339], [120.28530839955357, 31.16746238189339], [120.28530839955357, 31.16914547725304], [120.28483440017378, 31.16914547725304]]]}}, {"type": "Feature", "properties": {"threshold_ug_l": 20.0, "area_km2_approx": 0.003}, "geometry": {"type": "Polygon", "coordinates": [[[119.91606288269587, 31.166340318320287], [119.91606288269587, 31.165779286533738], [119.91653688207566, 31.165779286533738], [119.91653688207566, 31.166340318320287], [119.91606288269587, 31.166340318320287]]]}}, {"type": "Feature", "properties": {"threshold_ug_l": 20.0, "area_km2_approx": 0.008}, "geometry": {"type": "Polygon", "coordinates": [[[120.28199040389502, 31.165779286533738], [120.28199040389502, 31.165218254747188], [120.28293840265461, 31.165218254747188], [120.28293840265461, 31.16465722296064], [120.2834124020344, 31.16465722296064], [120.2834124020344, 31.165218254747188], [120.28293840265461, 31.165218254747188], [120.28293840265461, 31.165779286533738], [120.28199040389502, 31.165779286533738]]]}}, {"type": "Feature", "properties": {"threshold_ug_l": 20.0, "area_km2_approx": 0.003}, "geometry": {"type": "Polygon", "coordinates": [[[120.28056840575564, 31.160730000454787], [120.28056840575564, 31.160168968668238], [120.28104240513544, 31.160168968668238], [120.28104240513544, 31.160730000454787], [120.28056840575564, 31.160730000454787]]]}}, {"type": "Feature", "properties": {"threshold_ug_l": 20.0, "area_km2_approx": 0.008}, "geometry": {"type": "Polygon", "coordinates": [[[119.93834085354608, 31.160168968668238], [119.93834085354608, 31.159607936881685], [119.93976285168546, 31.159607936881685], [119.93976285168546, 31.160168968668238], [119.93834085354608, 31.160168968668238]]]}}, {"type": "Feature", "properties": {"threshold_ug_l": 20.0, "area_km2_approx": 0.014}, "geometry": {"type": "Polygon", "coordinates": [[[119.98668879028483, 31.160168968668238], [119.98668879028483, 31.159607936881685], [119.98811078842421, 31.159607936881685], [119.98811078842421, 31.159046905095135], [119.988584787804, 31.159046905095135], [119.988584787804, 31.160168968668238], [119.98668879028483, 31.160168968668238]]]}}, {"type": "Feature", "properties": {"threshold_ug_l": 20.0, "area_km2_approx": 0.006}, "geometry": {"type": "Polygon", "coordinates": [[[119.95635282997816, 31.159607936881685], [119.95635282997816, 31.158485873308585], [119.95682682935795, 31.158485873308585], [119.95682682935795, 31.159607936881685], [119.95635282997816, 31.159607936881685]]]}}, {"type": "Feature", "properties": {"threshold_ug_l": 20.0, "area_km2_approx": 0.003}, "geometry": {"type": "Polygon", "coordinates": [[[120.15732856700983, 31.155680714375833], [120.15732856700983, 31.155119682589284], [120.15780256638962, 31.155119682589284], [120.15780256638962, 31.155680714375833], [120.15732856700983, 31.155680714375833]]]}}, {"type": "Feature", "properties": {"threshold_ug_l": 20.0, "area_km2_approx": 0.036}, "geometry": {"type": "Polygon", "coordinates": [[[120.26587442498212, 31.153997619016184], [120.26587442498212, 31.153436587229635], [120.26492642622253, 31.153436587229635], [120.26492642622253, 31.152875555443085], [120.26445242684274, 31.152875555443085], [120.26445242684274, 31.153436587229635], [120.26350442808315, 31.153436587229635], [120.26350442808315, 31.152314523656536], [120.26634842436191, 31.152314523656536], [120.26634842436191, 31.153436587229635], [120.2668224237417, 31.153436587229635], [120.2668224237417, 31.153997619016184], [120.26587442498212, 31.153997619016184]]]}}, {"type": "Feature", "properties": {"threshold_ug_l": 20.0, "area_km2_approx": 0.017}, "geometry": {"type": "Polygon", "coordinates": [[[120.23364246715627, 31.153436587229635], [120.23364246715627, 31.152314523656536], [120.23411646653607, 31.152314523656536], [120.23411646653607, 31.151753491869982], [120.23459046591586, 31.151753491869982], [120.23459046591586, 31.152314523656536], [120.23506446529565, 31.152314523656536], [120.23506446529565, 31.152875555443085], [120.23459046591586, 31.152875555443085], [120.23459046591586, 31.153436587229635], [120.23364246715627, 31.153436587229635]]]}}, {"type": "Feature", "properties": {"threshold_ug_l": 20.0, "area_km2_approx": 0.022}, "geometry": {"type": "Polygon", "coordinates": [[[119.9312308628492, 31.151753491869982], [119.9312308628492, 31.151192460083433], [119.93075686346941, 31.151192460083433], [119.93075686346941, 31.150631428296883], [119.9312308628492, 31.150631428296883], [119.9312308628492, 31.150070396510333], [119.931704862229, 31.150070396510333], [119.931704862229, 31.149509364723784], [119.93265286098858, 31.149509364723784], [119.93265286098858, 31.150631428296883], [119.931704862229, 31.150631428296883], [119.931704862229, 31.151753491869982], [119.9312308628492, 31.151753491869982]]]}}, {"type": "Feature", "properties": {"threshold_ug_l": 20.0, "area_km2_approx": 0.02}, "geometry": {"type": "Polygon", "coordinates": [[[119.98194879648692, 31.14389904685828], [119.98194879648692, 31.14277698328518], [119.9824227958667, 31.14277698328518], [119.9824227958667, 31.14221595149863], [119.98337079462628, 31.14221595149863], [119.98337079462628, 31.14333801507173], [119.98289679524649, 31.14333801507173], [119.98289679524649, 31.14389904685828], [119.98194879648692, 31.14389904685828]]]}}, {"type": "Feature", "properties": {"threshold_ug_l": 20.0, "area_km2_approx": 0.02}, "geometry": {"type": "Polygon", "coordinates": [[[120.0620546916717, 31.14446007864483], [120.0620546916717, 31.14333801507173], [120.0625286910515, 31.14333801507173], [120.0625286910515, 31.14277698328518], [120.06300269043129, 31.14277698328518], [120.06300269043129, 31.14221595149863], [120.06347668981108, 31.14221595149863], [120.06347668981108, 31.14165491971208], [120.06395068919086, 31.14165491971208], [120.06395068919086, 31.14221595149863], [120.06347668981108, 31.14221595149863], [120.06347668981108, 31.14333801507173], [120.06300269043129, 31.14333801507173], [120.06300269043129, 31.14389904685828], [120.0625286910515, 31.14389904685828], [120.0625286910515, 31.14446007864483], [120.0620546916717, 31.14446007864483]]]}}, {"type": "Feature", "properties": {"threshold_ug_l": 20.0, "area_km2_approx": 0.017}, "geometry": {"type": "Polygon", "coordinates": [[[119.93644485602691, 31.14221595149863], [119.93644485602691, 31.14109388792553], [119.9373928547865, 31.14109388792553], [119.9373928547865, 31.14165491971208], [119.93834085354608, 31.14165491971208], [119.93834085354608, 31.14221595149863], [119.93644485602691, 31.14221595149863]]]}}, {"type": "Feature", "properties": {"threshold_ug_l": 20.0, "area_km2_approx": 0.011}, "geometry": {"type": "Polygon", "coordinates": [[[120.11703861972754, 31.14221595149863], [120.11703861972754, 31.14165491971208], [120.11656462034775, 31.14165491971208], [120.11656462034775, 31.14109388792553], [120.11703861972754, 31.14109388792553], [120.11703861972754, 31.14165491971208], [120.11751261910733, 31.14165491971208], [120.11751261910733, 31.14109388792553], [120.11798661848711, 31.14109388792553], [120.11798661848711, 31.14221595149863], [120.11703861972754, 31.14221595149863]]]}}, {"type": "Feature", "properties": {"threshold_ug_l": 20.0, "area_km2_approx": 0.008}, "geometry": {"type": "Polygon", "coordinates": [[[120.0625286910515, 31.14053285613898], [120.0625286910515, 31.13997182435243], [120.0620546916717, 31.13997182435243], [120.0620546916717, 31.13941079256588], [120.06300269043129, 31.13941079256588], [120.06300269043129, 31.14053285613898], [120.0625286910515, 31.14053285613898]]]}}, {"type": "Feature", "properties": {"threshold_ug_l": 20.0, "area_km2_approx": 0.003}, "geometry": {"type": "Polygon", "coordinates": [[[120.24075245785315, 31.13492253827348], [120.24075245785315, 31.13436150648693], [120.24122645723294, 31.13436150648693], [120.24122645723294, 31.13492253827348], [120.24075245785315, 31.13492253827348]]]}}, {"type": "Feature", "properties": {"threshold_ug_l": 20.0, "area_km2_approx": 0.006}, "geometry": {"type": "Polygon", "coordinates": [[[119.97910480020816, 31.13436150648693], [119.97910480020816, 31.133239442913826], [119.97957879958796, 31.133239442913826], [119.97957879958796, 31.13436150648693], [119.97910480020816, 31.13436150648693]]]}}, {"type": "Feature", "properties": {"threshold_ug_l": 20.0, "area_km2_approx": 0.003}, "geometry": {"type": "Polygon", "coordinates": [[[120.10518863523274, 31.132678411127277], [120.10518863523274, 31.132117379340727], [120.10566263461253, 31.132117379340727], [120.10566263461253, 31.132678411127277], [120.10518863523274, 31.132678411127277]]]}}, {"type": "Feature", "properties": {"threshold_ug_l": 20.0, "area_km2_approx": 0.106}, "geometry": {"type": "Polygon", "coordinates": [[[119.95730082873774, 31.131556347554177], [119.95730082873774, 31.130995315767628], [119.95635282997816, 31.130995315767628], [119.95635282997816, 31.130434283981078], [119.95587883059837, 31.130434283981078], [119.95587883059837, 31.12987325219453], [119.95635282997816, 31.12987325219453], [119.95635282997816, 31.129312220407975], [119.95587883059837, 31.129312220407975], [119.95587883059837, 31.128751188621425], [119.95635282997816, 31.128751188621425], [119.95635282997816, 31.128190156834876], [119.95682682935795, 31.128190156834876], [119.95682682935795, 31.127629125048326], [119.95730082873774, 31.127629125048326], [119.95730082873774, 31.127068093261776], [119.95777482811754, 31.127068093261776], [119.95777482811754, 31.127629125048326], [119.95872282687712, 31.127629125048326], [119.95872282687712, 31.128190156834876], [119.95919682625691, 31.128190156834876], [119.95919682625691, 31.130434283981078], [119.95872282687712, 31.130434283981078], [119.95872282687712, 31.130995315767628], [119.95824882749733, 31.130995315767628], [119.95824882749733, 31.131556347554177], [119.95730082873774, 31.131556347554177]]]}}, {"type": "Feature", "properties": {"threshold_ug_l": 20.0, "area_km2_approx": 0.02}, "geometry": {"type": "Polygon", "coordinates": [[[120.2042545056092, 31.127068093261776], [120.2042545056092, 31.126507061475227], [120.2037805062294, 31.126507061475227], [120.2037805062294, 31.125946029688674], [120.2042545056092, 31.125946029688674], [120.2042545056092, 31.125384997902124], [120.20567650374858, 31.125384997902124], [120.20567650374858, 31.125946029688674], [120.20520250436878, 31.125946029688674], [120.20520250436878, 31.126507061475227], [120.20472850498899, 31.126507061475227], [120.20472850498899, 31.127068093261776], [120.2042545056092, 31.127068093261776]]]}}, {"type": "Feature", "properties": {"threshold_ug_l": 20.0, "area_km2_approx": 0.031}, "geometry": {"type": "Polygon", "coordinates": [[[119.96061882439629, 31.125384997902124], [119.96061882439629, 31.124262934329025], [119.96109282377608, 31.124262934329025], [119.96109282377608, 31.124823966115574], [119.96156682315588, 31.124823966115574], [119.96156682315588, 31.124262934329025], [119.96346282067503, 31.124262934329025], [119.96346282067503, 31.125384997902124], [119.96061882439629, 31.125384997902124]]]}}, {"type": "Feature", "properties": {"threshold_ug_l": 20.0, "area_km2_approx": 0.008}, "geometry": {"type": "Polygon", "coordinates": [[[119.98716278966462, 31.122018807182823], [119.98716278966462, 31.121457775396273], [119.98811078842421, 31.121457775396273], [119.98811078842421, 31.120896743609723], [119.988584787804, 31.120896743609723], [119.988584787804, 31.121457775396273], [119.98811078842421, 31.121457775396273], [119.98811078842421, 31.122018807182823], [119.98716278966462, 31.122018807182823]]]}}, {"type": "Feature", "properties": {"threshold_ug_l": 20.0, "area_km2_approx": 0.006}, "geometry": {"type": "Polygon", "coordinates": [[[120.04309471648004, 31.11865261646352], [120.04309471648004, 31.117530552890422], [120.04356871585982, 31.117530552890422], [120.04356871585982, 31.11865261646352], [120.04309471648004, 31.11865261646352]]]}}, {"type": "Feature", "properties": {"threshold_ug_l": 20.0, "area_km2_approx": 0.003}, "geometry": {"type": "Polygon", "coordinates": [[[119.95635282997816, 31.115847457530773], [119.95635282997816, 31.115286425744223], [119.95682682935795, 31.115286425744223], [119.95682682935795, 31.115847457530773], [119.95635282997816, 31.115847457530773]]]}}, {"type": "Feature", "properties": {"threshold_ug_l": 20.0, "area_km2_approx": 0.056}, "geometry": {"type": "Polygon", "coordinates": [[[119.95303483431962, 31.11865261646352], [119.95303483431962, 31.11809158467697], [119.95256083493983, 31.11809158467697], [119.95256083493983, 31.117530552890422], [119.95208683556004, 31.117530552890422], [119.95208683556004, 31.115847457530773], [119.95113883680045, 31.115847457530773], [119.95113883680045, 31.115286425744223], [119.95208683556004, 31.115286425744223], [119.95208683556004, 31.11472539395767], [119.95256083493983, 31.11472539395767], [119.95256083493983, 31.115286425744223], [119.95350883369942, 31.115286425744223], [119.95350883369942, 31.116408489317323], [119.95398283307921, 31.116408489317323], [119.95398283307921, 31.117530552890422], [119.95350883369942, 31.117530552890422], [119.95350883369942, 31.11865261646352], [119.95303483431962, 31.11865261646352]]]}}, {"type": "Feature", "properties": {"threshold_ug_l": 20.0, "area_km2_approx": 0.036}, "geometry": {"type": "Polygon", "coordinates": [[[120.00612276485629, 31.11472539395767], [120.00612276485629, 31.11416436217112], [120.00707076361587, 31.11416436217112], [120.00707076361587, 31.11360333038457], [120.00754476299566, 31.11360333038457], [120.00754476299566, 31.11248126681147], [120.00944076051482, 31.11248126681147], [120.00944076051482, 31.11360333038457], [120.00849276175525, 31.11360333038457], [120.00849276175525, 31.11416436217112], [120.00707076361587, 31.11416436217112], [120.00707076361587, 31.11472539395767], [120.00612276485629, 31.11472539395767]]]}}, {"type": "Feature", "properties": {"threshold_ug_l": 20.0, "area_km2_approx": 0.006}, "geometry": {"type": "Polygon", "coordinates": [[[119.96441081943462, 31.11192023502492], [119.96441081943462, 31.11079817145182], [119.96488481881441, 31.11079817145182], [119.96488481881441, 31.11192023502492], [119.96441081943462, 31.11192023502492]]]}}, {"type": "Feature", "properties": {"threshold_ug_l": 20.0, "area_km2_approx": 0.006}, "geometry": {"type": "Polygon", "coordinates": [[[119.96678081633358, 31.10911507609217], [119.96678081633358, 31.10855404430562], [119.96772881509317, 31.10855404430562], [119.96772881509317, 31.10911507609217], [119.96678081633358, 31.10911507609217]]]}}, {"type": "Feature", "properties": {"threshold_ug_l": 20.0, "area_km2_approx": 0.022}, "geometry": {"type": "Polygon", "coordinates": [[[119.96346282067503, 31.11023713966527], [119.96346282067503, 31.10911507609217], [119.96393682005483, 31.10911507609217], [119.96393682005483, 31.10855404430562], [119.96441081943462, 31.10855404430562], [119.96441081943462, 31.10799301251907], [119.965832817574, 31.10799301251907], [119.965832817574, 31.10855404430562], [119.96488481881441, 31.10855404430562], [119.96488481881441, 31.10911507609217], [119.96393682005483, 31.10911507609217], [119.96393682005483, 31.10967610787872], [119.96441081943462, 31.10967610787872], [119.96441081943462, 31.11023713966527], [119.96346282067503, 31.11023713966527]]]}}, {"type": "Feature", "properties": {"threshold_ug_l": 20.0, "area_km2_approx": 0.003}, "geometry": {"type": "Polygon", "coordinates": [[[119.96725481571337, 31.10799301251907], [119.96725481571337, 31.10743198073252], [119.96772881509317, 31.10743198073252], [119.96772881509317, 31.10799301251907], [119.96725481571337, 31.10799301251907]]]}}, {"type": "Feature", "properties": {"threshold_ug_l": 20.0, "area_km2_approx": 0.006}, "geometry": {"type": "Polygon", "coordinates": [[[119.96867681385275, 31.10799301251907], [119.96867681385275, 31.10743198073252], [119.96962481261232, 31.10743198073252], [119.96962481261232, 31.10799301251907], [119.96867681385275, 31.10799301251907]]]}}, {"type": "Feature", "properties": {"threshold_ug_l": 20.0, "area_km2_approx": 0.003}, "geometry": {"type": "Polygon", "coordinates": [[[119.97341680765066, 31.103504758226666], [119.97341680765066, 31.102943726440117], [119.97389080703046, 31.102943726440117], [119.97389080703046, 31.103504758226666], [119.97341680765066, 31.103504758226666]]]}}, {"type": "Feature", "properties": {"threshold_ug_l": 20.0, "area_km2_approx": 0.017}, "geometry": {"type": "Polygon", "coordinates": [[[119.98289679524649, 31.10406579001322], [119.98289679524649, 31.101821662867017], [119.98337079462628, 31.101821662867017], [119.98337079462628, 31.102943726440117], [119.98384479400607, 31.102943726440117], [119.98384479400607, 31.10406579001322], [119.98289679524649, 31.10406579001322]]]}}, {"type": "Feature", "properties": {"threshold_ug_l": 20.0, "area_km2_approx": 0.017}, "geometry": {"type": "Polygon", "coordinates": [[[119.96867681385275, 31.097333408574617], [119.96867681385275, 31.096211345001514], [119.96915081323253, 31.096211345001514], [119.96915081323253, 31.095650313214964], [119.97009881199212, 31.095650313214964], [119.97009881199212, 31.096772376788067], [119.96915081323253, 31.096772376788067], [119.96915081323253, 31.097333408574617], [119.96867681385275, 31.097333408574617]]]}}, {"type": "Feature", "properties": {"threshold_ug_l": 20.0, "area_km2_approx": 0.006}, "geometry": {"type": "Polygon", "coordinates": [[[119.9767348033092, 31.096211345001514], [119.9767348033092, 31.095089281428415], [119.97720880268899, 31.095089281428415], [119.97720880268899, 31.096211345001514], [119.9767348033092, 31.096211345001514]]]}}, {"type": "Feature", "properties": {"threshold_ug_l": 20.0, "area_km2_approx": 0.073}, "geometry": {"type": "Polygon", "coordinates": [[[120.01844674873087, 31.097333408574617], [120.01844674873087, 31.096772376788067], [120.01797274935107, 31.096772376788067], [120.01797274935107, 31.096211345001514], [120.01844674873087, 31.096211345001514], [120.01844674873087, 31.095650313214964], [120.01797274935107, 31.095650313214964], [120.01797274935107, 31.095089281428415], [120.01844674873087, 31.095089281428415], [120.01844674873087, 31.094528249641865], [120.01892074811066, 31.094528249641865], [120.01892074811066, 31.093967217855315], [120.01939474749045, 31.093967217855315], [120.01939474749045, 31.094528249641865], [120.02081674562983, 31.094528249641865], [120.02081674562983, 31.095089281428415], [120.02034274625004, 31.095089281428415], [120.02034274625004, 31.095650313214964], [120.02081674562983, 31.095650313214964], [120.02081674562983, 31.096772376788067], [120.02129074500962, 31.096772376788067], [120.02129074500962, 31.097333408574617], [120.02034274625004, 31.097333408574617], [120.02034274625004, 31.096772376788067], [120.01939474749045, 31.096772376788067], [120.01939474749045, 31.097333408574617], [120.01844674873087, 31.097333408574617]]]}}, {"type": "Feature", "properties": {"threshold_ug_l": 20.0, "area_km2_approx": 0.028}, "geometry": {"type": "Polygon", "coordinates": [[[120.15116657507254, 31.095650313214964], [120.15116657507254, 31.095089281428415], [120.15021857631295, 31.095089281428415], [120.15021857631295, 31.094528249641865], [120.15069257569274, 31.094528249641865], [120.15069257569274, 31.093967217855315], [120.15211457383211, 31.093967217855315], [120.15211457383211, 31.095650313214964], [120.15116657507254, 31.095650313214964]], [[120.15116657507254, 31.095089281428415], [120.15164057445233, 31.095089281428415], [120.15164057445233, 31.094528249641865], [120.15116657507254, 31.094528249641865], [120.15116657507254, 31.095089281428415]]]}}, {"type": "Feature", "properties": {"threshold_ug_l": 20.0, "area_km2_approx": 0.003}, "geometry": {"type": "Polygon", "coordinates": [[[120.12983660298191, 31.094528249641865], [120.12983660298191, 31.093967217855315], [120.1303106023617, 31.093967217855315], [120.1303106023617, 31.094528249641865], [120.12983660298191, 31.094528249641865]]]}}, {"type": "Feature", "properties": {"threshold_ug_l": 20.0, "area_km2_approx": 0.092}, "geometry": {"type": "Polygon", "coordinates": [[[120.15353657197149, 31.096772376788067], [120.15353657197149, 31.095650313214964], [120.1530625725917, 31.095650313214964], [120.1530625725917, 31.092845154282216], [120.15543256949066, 31.092845154282216], [120.15543256949066, 31.093406186068766], [120.15590656887045, 31.093406186068766], [120.15590656887045, 31.095089281428415], [120.15543256949066, 31.095089281428415], [120.15543256949066, 31.096211345001514], [120.15401057135128, 31.096211345001514], [120.15401057135128, 31.096772376788067], [120.15353657197149, 31.096772376788067]]]}}, {"type": "Feature", "properties": {"threshold_ug_l": 20.0, "area_km2_approx": 0.022}, "geometry": {"type": "Polygon", "coordinates": [[[120.11419462344878, 31.095089281428415], [120.11419462344878, 31.094528249641865], [120.11372062406899, 31.094528249641865], [120.11372062406899, 31.092845154282216], [120.11419462344878, 31.092845154282216], [120.11419462344878, 31.093406186068766], [120.11514262220837, 31.093406186068766], [120.11514262220837, 31.094528249641865], [120.11466862282857, 31.094528249641865], [120.11466862282857, 31.095089281428415], [120.11419462344878, 31.095089281428415]]]}}, {"type": "Feature", "properties": {"threshold_ug_l": 20.0, "area_km2_approx": 0.163}, "geometry": {"type": "Polygon", "coordinates": [[[119.97294280827087, 31.096772376788067], [119.97294280827087, 31.095650313214964], [119.97246880889108, 31.095650313214964], [119.97246880889108, 31.095089281428415], [119.9715208101315, 31.095089281428415], [119.9715208101315, 31.094528249641865], [119.9710468107517, 31.094528249641865], [119.9710468107517, 31.093406186068766], [119.97199480951129, 31.093406186068766], [119.97199480951129, 31.092845154282216], [119.97246880889108, 31.092845154282216], [119.97246880889108, 31.092284122495663], [119.97341680765066, 31.092284122495663], [119.97341680765066, 31.092845154282216], [119.97389080703046, 31.092845154282216], [119.97389080703046, 31.092284122495663], [119.97436480641025, 31.092284122495663], [119.97436480641025, 31.092845154282216], [119.97389080703046, 31.092845154282216], [119.97389080703046, 31.093967217855315], [119.97436480641025, 31.093967217855315], [119.97436480641025, 31.093406186068766], [119.97483880579004, 31.093406186068766], [119.97483880579004, 31.094528249641865], [119.97531280516984, 31.094528249641865], [119.97531280516984, 31.093967217855315], [119.97578680454961, 31.093967217855315], [119.97578680454961, 31.093406186068766], [119.97531280516984, 31.093406186068766], [119.97531280516984, 31.092845154282216], [119.97483880579004, 31.092845154282216], [119.97483880579004, 31.092284122495663], [119.9762608039294, 31.092284122495663], [119.9762608039294, 31.092845154282216], [119.97578680454961, 31.092845154282216], [119.97578680454961, 31.093406186068766], [119.9762608039294, 31.093406186068766], [119.9762608039294, 31.095650313214964], [119.97578680454961, 31.095650313214964], [119.97578680454961, 31.096211345001514], [119.97531280516984, 31.096211345001514], [119.97531280516984, 31.096772376788067], [119.97294280827087, 31.096772376788067]]]}}, {"type": "Feature", "properties": {"threshold_ug_l": 20.0, "area_km2_approx": 0.008}, "geometry": {"type": "Polygon", "coordinates": [[[120.12888860422233, 31.093967217855315], [120.12888860422233, 31.092845154282216], [120.12841460484253, 31.092845154282216], [120.12841460484253, 31.092284122495663], [120.12888860422233, 31.092284122495663], [120.12888860422233, 31.092845154282216], [120.12936260360212, 31.092845154282216], [120.12936260360212, 31.093967217855315], [120.12888860422233, 31.093967217855315]]]}}, {"type": "Feature", "properties": {"threshold_ug_l": 20.0, "area_km2_approx": 0.014}, "geometry": {"type": "Polygon", "coordinates": [[[120.12320061166483, 31.092845154282216], [120.12320061166483, 31.092284122495663], [120.12272661228504, 31.092284122495663], [120.12272661228504, 31.091723090709113], [120.12320061166483, 31.091723090709113], [120.12320061166483, 31.091162058922563], [120.12367461104462, 31.091162058922563], [120.12367461104462, 31.092284122495663], [120.12414861042441, 31.092284122495663], [120.12414861042441, 31.092845154282216], [120.12320061166483, 31.092845154282216]]]}}, {"type": "Feature", "properties": {"threshold_ug_l": 20.0, "area_km2_approx": 0.008}, "geometry": {"type": "Polygon", "coordinates": [[[119.9762608039294, 31.090601027136014], [119.9762608039294, 31.090039995349464], [119.97578680454961, 31.090039995349464], [119.97578680454961, 31.089478963562915], [119.9767348033092, 31.089478963562915], [119.9767348033092, 31.090601027136014], [119.9762608039294, 31.090601027136014]]]}}, {"type": "Feature", "properties": {"threshold_ug_l": 20.0, "area_km2_approx": 0.006}, "geometry": {"type": "Polygon", "coordinates": [[[120.12320061166483, 31.090601027136014], [120.12320061166483, 31.090039995349464], [120.12367461104462, 31.090039995349464], [120.12367461104462, 31.089478963562915], [120.12414861042441, 31.089478963562915], [120.12414861042441, 31.090039995349464], [120.12367461104462, 31.090039995349464], [120.12367461104462, 31.090601027136014], [120.12320061166483, 31.090601027136014]]]}}, {"type": "Feature", "properties": {"threshold_ug_l": 20.0, "area_km2_approx": 0.056}, "geometry": {"type": "Polygon", "coordinates": [[[120.11798661848711, 31.090601027136014], [120.11798661848711, 31.089478963562915], [120.1184606178669, 31.089478963562915], [120.1184606178669, 31.088917931776365], [120.11940861662649, 31.088917931776365], [120.11940861662649, 31.08835689998981], [120.12035661538607, 31.08835689998981], [120.12035661538607, 31.089478963562915], [120.12177861352545, 31.089478963562915], [120.12177861352545, 31.090039995349464], [120.12035661538607, 31.090039995349464], [120.12035661538607, 31.090601027136014], [120.11798661848711, 31.090601027136014]], [[120.11988261600628, 31.090039995349464], [120.12035661538607, 31.090039995349464], [120.12035661538607, 31.089478963562915], [120.11988261600628, 31.089478963562915], [120.11988261600628, 31.090039995349464]]]}}, {"type": "Feature", "properties": {"threshold_ug_l": 20.0, "area_km2_approx": 0.003}, "geometry": {"type": "Polygon", "coordinates": [[[120.01418075431275, 31.086673804630163], [120.01418075431275, 31.086112772843613], [120.01465475369254, 31.086112772843613], [120.01465475369254, 31.086673804630163], [120.01418075431275, 31.086673804630163]]]}}, {"type": "Feature", "properties": {"threshold_ug_l": 20.0, "area_km2_approx": 0.025}, "geometry": {"type": "Polygon", "coordinates": [[[119.95872282687712, 31.087234836416712], [119.95872282687712, 31.086673804630163], [119.95919682625691, 31.086673804630163], [119.95919682625691, 31.085551741057063], [119.9596708256367, 31.085551741057063], [119.9596708256367, 31.08442967748396], [119.9601448250165, 31.08442967748396], [119.9601448250165, 31.08386864569741], [119.96061882439629, 31.08386864569741], [119.96061882439629, 31.085551741057063], [119.9601448250165, 31.085551741057063], [119.9601448250165, 31.086112772843613], [119.9596708256367, 31.086112772843613], [119.9596708256367, 31.086673804630163], [119.95919682625691, 31.086673804630163], [119.95919682625691, 31.087234836416712], [119.95872282687712, 31.087234836416712]]]}}, {"type": "Feature", "properties": {"threshold_ug_l": 20.0, "area_km2_approx": 0.02}, "geometry": {"type": "Polygon", "coordinates": [[[120.00375276795732, 31.08330761391086], [120.00375276795732, 31.08274658212431], [120.00327876857753, 31.08274658212431], [120.00327876857753, 31.082185550337762], [120.00375276795732, 31.082185550337762], [120.00375276795732, 31.081624518551212], [120.00422676733712, 31.081624518551212], [120.00422676733712, 31.082185550337762], [120.0051747660967, 31.082185550337762], [120.0051747660967, 31.08274658212431], [120.00470076671691, 31.08274658212431], [120.00470076671691, 31.08330761391086], [120.00375276795732, 31.08330761391086]]]}}, {"type": "Feature", "properties": {"threshold_ug_l": 20.0, "area_km2_approx": 0.003}, "geometry": {"type": "Polygon", "coordinates": [[[119.96298882129524, 31.07881935961846], [119.96298882129524, 31.07825832783191], [119.96346282067503, 31.07825832783191], [119.96346282067503, 31.07881935961846], [119.96298882129524, 31.07881935961846]]]}}, {"type": "Feature", "properties": {"threshold_ug_l": 20.0, "area_km2_approx": 0.003}, "geometry": {"type": "Polygon", "coordinates": [[[119.96393682005483, 31.07825832783191], [119.96393682005483, 31.07769729604536], [119.96441081943462, 31.07769729604536], [119.96441081943462, 31.07825832783191], [119.96393682005483, 31.07825832783191]]]}}, {"type": "Feature", "properties": {"threshold_ug_l": 20.0, "area_km2_approx": 0.006}, "geometry": {"type": "Polygon", "coordinates": [[[119.9890587871838, 31.07825832783191], [119.9890587871838, 31.07769729604536], [119.99000678594336, 31.07769729604536], [119.99000678594336, 31.07825832783191], [119.9890587871838, 31.07825832783191]]]}}, {"type": "Feature", "properties": {"threshold_ug_l": 20.0, "area_km2_approx": 0.008}, "geometry": {"type": "Polygon", "coordinates": [[[120.05921069539295, 31.07545316889916], [120.05921069539295, 31.07489213711261], [120.06063269353233, 31.07489213711261], [120.06063269353233, 31.07545316889916], [120.05921069539295, 31.07545316889916]]]}}, {"type": "Feature", "properties": {"threshold_ug_l": 20.0, "area_km2_approx": 0.003}, "geometry": {"type": "Polygon", "coordinates": [[[120.00470076671691, 31.07433110532606], [120.00470076671691, 31.073770073539507], [120.0051747660967, 31.073770073539507], [120.0051747660967, 31.07433110532606], [120.00470076671691, 31.07433110532606]]]}}, {"type": "Feature", "properties": {"threshold_ug_l": 20.0, "area_km2_approx": 0.039}, "geometry": {"type": "Polygon", "coordinates": [[[119.97720880268899, 31.07433110532606], [119.97720880268899, 31.073209041752957], [119.97768280206878, 31.073209041752957], [119.97768280206878, 31.072648009966407], [119.97815680144858, 31.072648009966407], [119.97815680144858, 31.073209041752957], [119.97863080082837, 31.073209041752957], [119.97863080082837, 31.072648009966407], [119.97910480020816, 31.072648009966407], [119.97910480020816, 31.073209041752957], [119.98005279896775, 31.073209041752957], [119.98005279896775, 31.07433110532606], [119.97720880268899, 31.07433110532606]]]}}, {"type": "Feature", "properties": {"threshold_ug_l": 20.0, "area_km2_approx": 0.003}, "geometry": {"type": "Polygon", "coordinates": [[[120.02887473508629, 31.07096491460676], [120.02887473508629, 31.07040388282021], [120.02934873446608, 31.07040388282021], [120.02934873446608, 31.07096491460676], [120.02887473508629, 31.07096491460676]]]}}, {"type": "Feature", "properties": {"threshold_ug_l": 20.0, "area_km2_approx": 0.213}, "geometry": {"type": "Polygon", "coordinates": [[[120.01749874997128, 31.058061183516102], [120.01749874997128, 31.057500151729553], [120.0165507512117, 31.057500151729553], [120.0165507512117, 31.055817056369904], [120.01749874997128, 31.055817056369904], [120.01749874997128, 31.056378088156453], [120.01797274935107, 31.056378088156453], [120.01797274935107, 31.055256024583354], [120.0165507512117, 31.055256024583354], [120.0165507512117, 31.05413396101025], [120.01797274935107, 31.05413396101025], [120.01797274935107, 31.0535729292237], [120.01892074811066, 31.0535729292237], [120.01892074811066, 31.053011897437152], [120.01939474749045, 31.053011897437152], [120.01939474749045, 31.0535729292237], [120.01986874687024, 31.0535729292237], [120.01986874687024, 31.053011897437152], [120.02129074500962, 31.053011897437152], [120.02129074500962, 31.055256024583354], [120.02081674562983, 31.055256024583354], [120.02081674562983, 31.055817056369904], [120.02129074500962, 31.055817056369904], [120.02129074500962, 31.056939119943003], [120.02176474438942, 31.056939119943003], [120.02176474438942, 31.057500151729553], [120.02081674562983, 31.057500151729553], [120.02081674562983, 31.058061183516102], [120.01749874997128, 31.058061183516102]], [[120.02034274625004, 31.056939119943003], [120.02081674562983, 31.056939119943003], [120.02081674562983, 31.056378088156453], [120.02034274625004, 31.056378088156453], [120.02034274625004, 31.056939119943003]], [[120.01844674873087, 31.0546949927968], [120.01892074811066, 31.0546949927968], [120.01892074811066, 31.05413396101025], [120.01844674873087, 31.05413396101025], [120.01844674873087, 31.0546949927968]]]}}, {"type": "Feature", "properties": {"threshold_ug_l": 20.0, "area_km2_approx": 0.034}, "geometry": {"type": "Polygon", "coordinates": [[[120.10566263461253, 31.0546949927968], [120.10566263461253, 31.052450865650602], [120.10661063337211, 31.052450865650602], [120.10661063337211, 31.0535729292237], [120.1075586321317, 31.0535729292237], [120.1075586321317, 31.0546949927968], [120.10566263461253, 31.0546949927968]]]}}, {"type": "Feature", "properties": {"threshold_ug_l": 20.0, "area_km2_approx": 0.031}, "geometry": {"type": "Polygon", "coordinates": [[[120.02318674252878, 31.05413396101025], [120.02318674252878, 31.0535729292237], [120.02366074190857, 31.0535729292237], [120.02366074190857, 31.053011897437152], [120.02508274004795, 31.053011897437152], [120.02508274004795, 31.051889833864053], [120.02555673942774, 31.051889833864053], [120.02555673942774, 31.052450865650602], [120.02603073880753, 31.052450865650602], [120.02603073880753, 31.053011897437152], [120.02650473818733, 31.053011897437152], [120.02650473818733, 31.0535729292237], [120.02413474128836, 31.0535729292237], [120.02413474128836, 31.05413396101025], [120.02318674252878, 31.05413396101025]]]}}, {"type": "Feature", "properties": {"threshold_ug_l": 20.0, "area_km2_approx": 0.006}, "geometry": {"type": "Polygon", "coordinates": [[[120.02508274004795, 31.0513288020775], [120.02508274004795, 31.05076777029095], [120.02555673942774, 31.05076777029095], [120.02555673942774, 31.0502067385044], [120.02603073880753, 31.0502067385044], [120.02603073880753, 31.05076777029095], [120.02555673942774, 31.05076777029095], [120.02555673942774, 31.0513288020775], [120.02508274004795, 31.0513288020775]]]}}, {"type": "Feature", "properties": {"threshold_ug_l": 20.0, "area_km2_approx": 0.003}, "geometry": {"type": "Polygon", "coordinates": [[[120.23553846467544, 31.0490846749313], [120.23553846467544, 31.04852364314475], [120.23601246405524, 31.04852364314475], [120.23601246405524, 31.0490846749313], [120.23553846467544, 31.0490846749313]]]}}, {"type": "Feature", "properties": {"threshold_ug_l": 20.0, "area_km2_approx": 0.017}, "geometry": {"type": "Polygon", "coordinates": [[[120.03835472268212, 31.0490846749313], [120.03835472268212, 31.0479626113582], [120.04025072020129, 31.0479626113582], [120.04025072020129, 31.04852364314475], [120.0393027214417, 31.04852364314475], [120.0393027214417, 31.0490846749313], [120.03835472268212, 31.0490846749313]]]}}, {"type": "Feature", "properties": {"threshold_ug_l": 20.0, "area_km2_approx": 0.048}, "geometry": {"type": "Polygon", "coordinates": [[[120.07485267492608, 31.0490846749313], [120.07485267492608, 31.04852364314475], [120.07437867554628, 31.04852364314475], [120.07437867554628, 31.04740157957165], [120.07532667430587, 31.04740157957165], [120.07532667430587, 31.04627951599855], [120.07580067368566, 31.04627951599855], [120.07580067368566, 31.045718484212], [120.07627467306546, 31.045718484212], [120.07627467306546, 31.04627951599855], [120.07674867244525, 31.04627951599855], [120.07674867244525, 31.0468405477851], [120.07580067368566, 31.0468405477851], [120.07580067368566, 31.04740157957165], [120.07627467306546, 31.04740157957165], [120.07627467306546, 31.0479626113582], [120.07674867244525, 31.0479626113582], [120.07674867244525, 31.04852364314475], [120.07627467306546, 31.04852364314475], [120.07627467306546, 31.0490846749313], [120.07485267492608, 31.0490846749313]]]}}, {"type": "Feature", "properties": {"threshold_ug_l": 20.0, "area_km2_approx": 0.008}, "geometry": {"type": "Polygon", "coordinates": [[[120.01986874687024, 31.0445964206389], [120.01986874687024, 31.043474357065797], [120.02081674562983, 31.043474357065797], [120.02081674562983, 31.04403538885235], [120.02034274625004, 31.04403538885235], [120.02034274625004, 31.0445964206389], [120.01986874687024, 31.0445964206389]]]}}, {"type": "Feature", "properties": {"threshold_ug_l": 20.0, "area_km2_approx": 0.034}, "geometry": {"type": "Polygon", "coordinates": [[[120.19050852359524, 31.04403538885235], [120.19050852359524, 31.043474357065797], [120.19003452421545, 31.043474357065797], [120.19003452421545, 31.042913325279248], [120.19098252297503, 31.042913325279248], [120.19098252297503, 31.042352293492698], [120.19193052173462, 31.042352293492698], [120.19193052173462, 31.042913325279248], [120.19335251987398, 31.042913325279248], [120.19335251987398, 31.043474357065797], [120.1924045211144, 31.043474357065797], [120.1924045211144, 31.04403538885235], [120.19193052173462, 31.04403538885235], [120.19193052173462, 31.043474357065797], [120.19145652235483, 31.043474357065797], [120.19145652235483, 31.04403538885235], [120.19050852359524, 31.04403538885235]]]}}, {"type": "Feature", "properties": {"threshold_ug_l": 20.0, "area_km2_approx": 0.003}, "geometry": {"type": "Polygon", "coordinates": [[[119.9890587871838, 31.037303007413747], [119.9890587871838, 31.036741975627198], [119.98953278656357, 31.036741975627198], [119.98953278656357, 31.037303007413747], [119.9890587871838, 31.037303007413747]]]}}, {"type": "Feature", "properties": {"threshold_ug_l": 20.0, "area_km2_approx": 0.034}, "geometry": {"type": "Polygon", "coordinates": [[[120.11988261600628, 31.038425070986847], [120.11988261600628, 31.037864039200297], [120.11940861662649, 31.037864039200297], [120.11940861662649, 31.036741975627198], [120.12035661538607, 31.036741975627198], [120.12035661538607, 31.037303007413747], [120.12083061476586, 31.037303007413747], [120.12083061476586, 31.036180943840645], [120.12177861352545, 31.036180943840645], [120.12177861352545, 31.036741975627198], [120.12130461414566, 31.036741975627198], [120.12130461414566, 31.037303007413747], [120.12177861352545, 31.037303007413747], [120.12177861352545, 31.037864039200297], [120.12130461414566, 31.037864039200297], [120.12130461414566, 31.038425070986847], [120.12083061476586, 31.038425070986847], [120.12083061476586, 31.037864039200297], [120.12035661538607, 31.037864039200297], [120.12035661538607, 31.038425070986847], [120.11988261600628, 31.038425070986847]]]}}, {"type": "Feature", "properties": {"threshold_ug_l": 20.0, "area_km2_approx": 0.003}, "geometry": {"type": "Polygon", "coordinates": [[[120.28293840265461, 31.034497848480996], [120.28293840265461, 31.033936816694446], [120.2834124020344, 31.033936816694446], [120.2834124020344, 31.034497848480996], [120.28293840265461, 31.034497848480996]]]}}, {"type": "Feature", "properties": {"threshold_ug_l": 20.0, "area_km2_approx": 0.003}, "geometry": {"type": "Polygon", "coordinates": [[[120.29858038218774, 31.029448562402045], [120.29858038218774, 31.028887530615492], [120.29905438156753, 31.028887530615492], [120.29905438156753, 31.029448562402045], [120.29858038218774, 31.029448562402045]]]}}, {"type": "Feature", "properties": {"threshold_ug_l": 20.0, "area_km2_approx": 0.003}, "geometry": {"type": "Polygon", "coordinates": [[[120.28151640451523, 31.028887530615492], [120.28151640451523, 31.028326498828942], [120.28199040389502, 31.028326498828942], [120.28199040389502, 31.028887530615492], [120.28151640451523, 31.028887530615492]]]}}, {"type": "Feature", "properties": {"threshold_ug_l": 20.0, "area_km2_approx": 0.025}, "geometry": {"type": "Polygon", "coordinates": [[[120.10092264081462, 31.029448562402045], [120.10092264081462, 31.028887530615492], [120.10044864143482, 31.028887530615492], [120.10044864143482, 31.028326498828942], [120.10092264081462, 31.028326498828942], [120.10092264081462, 31.027765467042393], [120.102344638954, 31.027765467042393], [120.102344638954, 31.028887530615492], [120.1018706395742, 31.028887530615492], [120.1018706395742, 31.029448562402045], [120.10092264081462, 31.029448562402045]]]}}, {"type": "Feature", "properties": {"threshold_ug_l": 20.0, "area_km2_approx": 0.003}, "geometry": {"type": "Polygon", "coordinates": [[[120.28957439397169, 31.027204435255843], [120.28957439397169, 31.026643403469294], [120.29004839335148, 31.026643403469294], [120.29004839335148, 31.027204435255843], [120.28957439397169, 31.027204435255843]]]}}, {"type": "Feature", "properties": {"threshold_ug_l": 20.0, "area_km2_approx": 0.006}, "geometry": {"type": "Polygon", "coordinates": [[[120.29810638280794, 31.026643403469294], [120.29810638280794, 31.026082371682744], [120.29763238342815, 31.026082371682744], [120.29763238342815, 31.025521339896194], [120.29810638280794, 31.025521339896194], [120.29810638280794, 31.026082371682744], [120.29858038218774, 31.026082371682744], [120.29858038218774, 31.026643403469294], [120.29810638280794, 31.026643403469294]]]}}, {"type": "Feature", "properties": {"threshold_ug_l": 20.0, "area_km2_approx": 0.003}, "geometry": {"type": "Polygon", "coordinates": [[[120.00470076671691, 31.026082371682744], [120.00470076671691, 31.025521339896194], [120.0051747660967, 31.025521339896194], [120.0051747660967, 31.026082371682744], [120.00470076671691, 31.026082371682744]]]}}, {"type": "Feature", "properties": {"threshold_ug_l": 20.0, "area_km2_approx": 0.003}, "geometry": {"type": "Polygon", "coordinates": [[[120.27156241753961, 31.02439927632309], [120.27156241753961, 31.02383824453654], [120.2720364169194, 31.02383824453654], [120.2720364169194, 31.02439927632309], [120.27156241753961, 31.02439927632309]]]}}, {"type": "Feature", "properties": {"threshold_ug_l": 20.0, "area_km2_approx": 0.003}, "geometry": {"type": "Polygon", "coordinates": [[[120.27298441567899, 31.02383824453654], [120.27298441567899, 31.023277212749992], [120.27345841505878, 31.023277212749992], [120.27345841505878, 31.02383824453654], [120.27298441567899, 31.02383824453654]]]}}, {"type": "Feature", "properties": {"threshold_ug_l": 20.0, "area_km2_approx": 0.003}, "geometry": {"type": "Polygon", "coordinates": [[[120.27535441257794, 31.02383824453654], [120.27535441257794, 31.023277212749992], [120.27582841195773, 31.023277212749992], [120.27582841195773, 31.02383824453654], [120.27535441257794, 31.02383824453654]]]}}, {"type": "Feature", "properties": {"threshold_ug_l": 20.0, "area_km2_approx": 0.003}, "geometry": {"type": "Polygon", "coordinates": [[[120.29099639211107, 31.023277212749992], [120.29099639211107, 31.022716180963442], [120.29147039149086, 31.022716180963442], [120.29147039149086, 31.023277212749992], [120.29099639211107, 31.023277212749992]]]}}, {"type": "Feature", "properties": {"threshold_ug_l": 20.0, "area_km2_approx": 0.146}, "geometry": {"type": "Polygon", "coordinates": [[[120.29052239273128, 31.026643403469294], [120.29052239273128, 31.026082371682744], [120.29004839335148, 31.026082371682744], [120.29004839335148, 31.02496030810964], [120.28957439397169, 31.02496030810964], [120.28957439397169, 31.02439927632309], [120.2891003945919, 31.02439927632309], [120.2891003945919, 31.02383824453654], [120.28815239583231, 31.02383824453654], [120.28815239583231, 31.02439927632309], [120.2886263952121, 31.02439927632309], [120.2886263952121, 31.02496030810964], [120.28767839645252, 31.02496030810964], [120.28767839645252, 31.02439927632309], [120.28673039769295, 31.02439927632309], [120.28673039769295, 31.022716180963442], [120.28720439707273, 31.022716180963442], [120.28720439707273, 31.022155149176893], [120.28767839645252, 31.022155149176893], [120.28767839645252, 31.022716180963442], [120.28720439707273, 31.022716180963442], [120.28720439707273, 31.023277212749992], [120.29004839335148, 31.023277212749992], [120.29004839335148, 31.02383824453654], [120.29099639211107, 31.02383824453654], [120.29099639211107, 31.02439927632309], [120.29194439087065, 31.02439927632309], [120.29194439087065, 31.025521339896194], [120.29289238963024, 31.025521339896194], [120.29289238963024, 31.02496030810964], [120.29241839025045, 31.02496030810964], [120.29241839025045, 31.02439927632309], [120.29289238963024, 31.02439927632309], [120.29289238963024, 31.02496030810964], [120.29384038838982, 31.02496030810964], [120.29384038838982, 31.02439927632309], [120.29336638901003, 31.02439927632309], [120.29336638901003, 31.022716180963442], [120.29289238963024, 31.022716180963442], [120.29289238963024, 31.022155149176893], [120.29336638901003, 31.022155149176893], [120.29336638901003, 31.022716180963442], [120.2943143877696, 31.022716180963442], [120.2943143877696, 31.023277212749992], [120.29384038838982, 31.023277212749992], [120.29384038838982, 31.02439927632309], [120.2947883871494, 31.02439927632309], [120.2947883871494, 31.02383824453654], [120.29526238652919, 31.02383824453654], [120.29526238652919, 31.02439927632309], [120.2947883871494, 31.02439927632309], [120.2947883871494, 31.02496030810964], [120.29384038838982, 31.02496030810964], [120.29384038838982, 31.025521339896194], [120.2943143877696, 31.025521339896194], [120.2943143877696, 31.026082371682744], [120.29241839025045, 31.026082371682744], [120.29241839025045, 31.026643403469294], [120.29052239273128, 31.026643403469294]], [[120.29099639211107, 31.025521339896194], [120.29147039149086, 31.025521339896194], [120.29147039149086, 31.02496030810964], [120.29099639211107, 31.02496030810964], [120.29099639211107, 31.025521339896194]]]}}, {"type": "Feature", "properties": {"threshold_ug_l": 20.0, "area_km2_approx": 0.006}, "geometry": {"type": "Polygon", "coordinates": [[[120.2886263952121, 31.022716180963442], [120.2886263952121, 31.022155149176893], [120.28957439397169, 31.022155149176893], [120.28957439397169, 31.022716180963442], [120.2886263952121, 31.022716180963442]]]}}, {"type": "Feature", "properties": {"threshold_ug_l": 20.0, "area_km2_approx": 0.003}, "geometry": {"type": "Polygon", "coordinates": [[[120.29194439087065, 31.022716180963442], [120.29194439087065, 31.022155149176893], [120.29241839025045, 31.022155149176893], [120.29241839025045, 31.022716180963442], [120.29194439087065, 31.022716180963442]]]}}, {"type": "Feature", "properties": {"threshold_ug_l": 20.0, "area_km2_approx": 0.008}, "geometry": {"type": "Polygon", "coordinates": [[[120.29004839335148, 31.022155149176893], [120.29004839335148, 31.02103308560379], [120.29099639211107, 31.02103308560379], [120.29099639211107, 31.021594117390343], [120.29052239273128, 31.021594117390343], [120.29052239273128, 31.022155149176893], [120.29004839335148, 31.022155149176893]]]}}, {"type": "Feature", "properties": {"threshold_ug_l": 20.0, "area_km2_approx": 0.003}, "geometry": {"type": "Polygon", "coordinates": [[[120.27677641071732, 31.02103308560379], [120.27677641071732, 31.02047205381724], [120.27725041009711, 31.02047205381724], [120.27725041009711, 31.02103308560379], [120.27677641071732, 31.02103308560379]]]}}, {"type": "Feature", "properties": {"threshold_ug_l": 20.0, "area_km2_approx": 0.003}, "geometry": {"type": "Polygon", "coordinates": [[[120.27393241443856, 31.02047205381724], [120.27393241443856, 31.01991102203069], [120.27440641381835, 31.01991102203069], [120.27440641381835, 31.02047205381724], [120.27393241443856, 31.02047205381724]]]}}, {"type": "Feature", "properties": {"threshold_ug_l": 20.0, "area_km2_approx": 0.003}, "geometry": {"type": "Polygon", "coordinates": [[[120.28625639831316, 31.01991102203069], [120.28625639831316, 31.01934999024414], [120.28673039769295, 31.01934999024414], [120.28673039769295, 31.01991102203069], [120.28625639831316, 31.01991102203069]]]}}, {"type": "Feature", "properties": {"threshold_ug_l": 20.0, "area_km2_approx": 0.003}, "geometry": {"type": "Polygon", "coordinates": [[[120.27440641381835, 31.01934999024414], [120.27440641381835, 31.01878895845759], [120.27488041319815, 31.01878895845759], [120.27488041319815, 31.01934999024414], [120.27440641381835, 31.01934999024414]]]}}, {"type": "Feature", "properties": {"threshold_ug_l": 20.0, "area_km2_approx": 0.003}, "geometry": {"type": "Polygon", "coordinates": [[[120.27867240823649, 31.01934999024414], [120.27867240823649, 31.01878895845759], [120.27914640761628, 31.01878895845759], [120.27914640761628, 31.01934999024414], [120.27867240823649, 31.01934999024414]]]}}, {"type": "Feature", "properties": {"threshold_ug_l": 20.0, "area_km2_approx": 0.003}, "geometry": {"type": "Polygon", "coordinates": [[[120.27677641071732, 31.017666894884492], [120.27677641071732, 31.01710586309794], [120.27725041009711, 31.01710586309794], [120.27725041009711, 31.017666894884492], [120.27677641071732, 31.017666894884492]]]}}, {"type": "Feature", "properties": {"threshold_ug_l": 20.0, "area_km2_approx": 0.006}, "geometry": {"type": "Polygon", "coordinates": [[[120.07627467306546, 30.996908718782134], [120.07627467306546, 30.996347686995584], [120.07674867244525, 30.996347686995584], [120.07674867244525, 30.995786655209034], [120.07722267182503, 30.995786655209034], [120.07722267182503, 30.996347686995584], [120.07674867244525, 30.996347686995584], [120.07674867244525, 30.996908718782134], [120.07627467306546, 30.996908718782134]]]}}, {"type": "Feature", "properties": {"threshold_ug_l": 20.0, "area_km2_approx": 0.003}, "geometry": {"type": "Polygon", "coordinates": [[[120.06963868174837, 30.98961530555698], [120.06963868174837, 30.98905427377043], [120.07011268112817, 30.98905427377043], [120.07011268112817, 30.98961530555698], [120.06963868174837, 30.98961530555698]]]}}, {"type": "Feature", "properties": {"threshold_ug_l": 20.0, "area_km2_approx": 0.008}, "geometry": {"type": "Polygon", "coordinates": [[[120.07058668050794, 30.98905427377043], [120.07058668050794, 30.988493241983882], [120.07106067988774, 30.988493241983882], [120.07106067988774, 30.987932210197332], [120.07153467926753, 30.987932210197332], [120.07153467926753, 30.98905427377043], [120.07058668050794, 30.98905427377043]]]}}, {"type": "Feature", "properties": {"threshold_ug_l": 20.0, "area_km2_approx": 0.084}, "geometry": {"type": "Polygon", "coordinates": [[[120.2326944683967, 30.971662288387375], [120.2326944683967, 30.971101256600825], [120.23222046901691, 30.971101256600825], [120.23222046901691, 30.969418161241176], [120.2326944683967, 30.969418161241176], [120.2326944683967, 30.968296097668073], [120.23316846777648, 30.968296097668073], [120.23316846777648, 30.968857129454623], [120.23411646653607, 30.968857129454623], [120.23411646653607, 30.969418161241176], [120.23506446529565, 30.969418161241176], [120.23506446529565, 30.969979193027726], [120.23601246405524, 30.969979193027726], [120.23601246405524, 30.971101256600825], [120.23459046591586, 30.971101256600825], [120.23459046591586, 30.971662288387375], [120.2326944683967, 30.971662288387375]]]}}, {"type": "Feature", "properties": {"threshold_ug_l": 20.0, "area_km2_approx": 0.022}, "geometry": {"type": "Polygon", "coordinates": [[[120.09997464205503, 30.967735065881524], [120.09997464205503, 30.966613002308424], [120.1018706395742, 30.966613002308424], [120.1018706395742, 30.967735065881524], [120.09997464205503, 30.967735065881524]]]}}, {"type": "Feature", "properties": {"threshold_ug_l": 20.0, "area_km2_approx": 0.003}, "geometry": {"type": "Polygon", "coordinates": [[[120.14073858871711, 30.942488635486765], [120.14073858871711, 30.941927603700215], [120.1412125880969, 30.941927603700215], [120.1412125880969, 30.942488635486765], [120.14073858871711, 30.942488635486765]]]}}, {"type": "Feature", "properties": {"threshold_ug_l": 20.0, "area_km2_approx": 0.003}, "geometry": {"type": "Polygon", "coordinates": [[[120.15495857011086, 30.938561412980913], [120.15495857011086, 30.938000381194364], [120.15543256949066, 30.938000381194364], [120.15543256949066, 30.938561412980913], [120.15495857011086, 30.938561412980913]]]}}, {"type": "Feature", "properties": {"threshold_ug_l": 20.0, "area_km2_approx": 0.006}, "geometry": {"type": "Polygon", "coordinates": [[[120.15875056514919, 30.938000381194364], [120.15875056514919, 30.937439349407814], [120.15969856390878, 30.937439349407814], [120.15969856390878, 30.938000381194364], [120.15875056514919, 30.938000381194364]]]}}, {"type": "Feature", "properties": {"threshold_ug_l": 20.0, "area_km2_approx": 0.011}, "geometry": {"type": "Polygon", "coordinates": [[[120.16017256328857, 30.938000381194364], [120.16017256328857, 30.937439349407814], [120.16112056204815, 30.937439349407814], [120.16112056204815, 30.936878317621265], [120.16206856080774, 30.936878317621265], [120.16206856080774, 30.937439349407814], [120.16112056204815, 30.937439349407814], [120.16112056204815, 30.938000381194364], [120.16017256328857, 30.938000381194364]]]}}, {"type": "Feature", "properties": {"threshold_ug_l": 20.0, "area_km2_approx": 0.006}, "geometry": {"type": "Polygon", "coordinates": [[[120.16396455832691, 30.937439349407814], [120.16396455832691, 30.936878317621265], [120.1649125570865, 30.936878317621265], [120.1649125570865, 30.937439349407814], [120.16396455832691, 30.937439349407814]]]}}, {"type": "Feature", "properties": {"threshold_ug_l": 20.0, "area_km2_approx": 0.014}, "geometry": {"type": "Polygon", "coordinates": [[[120.24833644792982, 30.936878317621265], [120.24833644792982, 30.935195222261612], [120.24881044730961, 30.935195222261612], [120.24881044730961, 30.935756254048165], [120.2492844466894, 30.935756254048165], [120.2492844466894, 30.936878317621265], [120.24833644792982, 30.936878317621265]]]}}, {"type": "Feature", "properties": {"threshold_ug_l": 20.0, "area_km2_approx": 0.07}, "geometry": {"type": "Polygon", "coordinates": [[[120.18861252607607, 30.935195222261612], [120.18861252607607, 30.934634190475062], [120.18766452731649, 30.934634190475062], [120.18766452731649, 30.933512126901963], [120.18813852669628, 30.933512126901963], [120.18813852669628, 30.932951095115413], [120.18956052483566, 30.932951095115413], [120.18956052483566, 30.932390063328864], [120.19098252297503, 30.932390063328864], [120.19098252297503, 30.931829031542314], [120.19145652235483, 30.931829031542314], [120.19145652235483, 30.933512126901963], [120.19050852359524, 30.933512126901963], [120.19050852359524, 30.934634190475062], [120.18908652545586, 30.934634190475062], [120.18908652545586, 30.935195222261612], [120.18861252607607, 30.935195222261612]]]}}, {"type": "Feature", "properties": {"threshold_ug_l": 20.0, "area_km2_approx": 0.003}, "geometry": {"type": "Polygon", "coordinates": [[[120.19193052173462, 30.932390063328864], [120.19193052173462, 30.931829031542314], [120.1924045211144, 30.931829031542314], [120.1924045211144, 30.932390063328864], [120.19193052173462, 30.932390063328864]]]}}, {"type": "Feature", "properties": {"threshold_ug_l": 20.0, "area_km2_approx": 0.003}, "geometry": {"type": "Polygon", "coordinates": [[[120.26729642312148, 30.93070696796921], [120.26729642312148, 30.93014593618266], [120.26777042250127, 30.93014593618266], [120.26777042250127, 30.93070696796921], [120.26729642312148, 30.93070696796921]]]}}]}