hybas_id,next_down,selection_reason,sub_area_km2,up_area_km2,pfaf_id,order
4080009810,0,intersects_taihu_buffer,2002.1,2002.1,43309090,0
4080009880,0,intersects_taihu_buffer,204.0,1909198.6,43410001,1
4080009890,0,intersects_taihu_buffer,0.3,0.4,43501001,0
4080009900,0,intersects_taihu_buffer,1105.4,1105.5,43501002,1
4080009910,0,intersects_taihu_buffer,16.7,16.8,43501003,0
4080009920,0,intersects_taihu_buffer,314.4,314.6,43501004,1
4080009930,0,intersects_taihu_buffer,595.3,595.3,43501005,0
4080009980,0,intersects_taihu_buffer,461.4,461.4,43501006,1
4080009990,0,intersects_taihu_buffer,1193.2,1193.2,43501007,0
4080010250,0,intersects_taihu_buffer,1138.8,1138.8,43503005,0
4080010320,0,intersects_taihu_buffer,650.4,650.5,43503006,1
4080010350,0,intersects_taihu_buffer,658.0,658.0,43503008,1
4080010370,0,intersects_taihu_buffer,1681.3,43614.4,43504100,1
4080051560,4080872820,upstream_next_down_chain,479.2,5829.4,43499011,2
4080052920,4080872820,upstream_next_down_chain,2731.3,2731.3,43499020,2
4080057380,4080625430,upstream_next_down_chain,821.8,821.8,43499600,3
4080058230,4080642530,upstream_next_down_chain,681.5,681.5,43499900,2
4080058570,4080872820,upstream_next_down_chain,646.2,646.2,43499030,2
4080058760,4080625570,upstream_next_down_chain,625.8,625.8,43499700,2
4080061530,4080789820,upstream_next_down_chain,389.1,389.1,43492300,3
4080062960,4080872820,upstream_next_down_chain,315.5,315.5,43499100,2
4080064330,4080637910,upstream_next_down_chain,249.9,250.2,43499920,3
4080065240,4080752870,upstream_next_down_chain,218.3,218.4,43491400,3
4080066320,4080806300,upstream_next_down_chain,190.6,190.7,43488090,4
4080068320,4080847390,upstream_next_down_chain,141.9,142.0,43497400,3
4080068770,4080867050,upstream_next_down_chain,134.9,134.9,43492900,3
4080072370,4080806520,upstream_next_down_chain,207.2,207.2,43488080,5
4080072670,4080810520,upstream_next_down_chain,78.5,78.7,43497200,3
4080072820,4080732480,upstream_next_down_chain,77.4,77.4,43491600,3
4080072970,4080830420,upstream_next_down_chain,75.5,75.5,43497220,4
4080073420,4080847390,upstream_next_down_chain,69.7,69.7,43497410,3
4080074420,4080815730,upstream_next_down_chain,185.7,185.7,43488000,4
4080074830,4080867150,upstream_next_down_chain,54.4,54.5,43499190,2
4080076890,4080867040,upstream_next_down_chain,37.5,37.6,43492800,4
4080591740,4080051560,upstream_next_down_chain,584.9,585.1,43499012,3
4080591840,4080051560,upstream_next_down_chain,965.3,4765.2,43499013,2
4080594440,4080591840,upstream_next_down_chain,1182.7,1182.8,43499014,3
4080594580,4080591840,upstream_next_down_chain,11.4,2617.3,43499015,2
4080595520,4080594580,upstream_next_down_chain,379.8,2162.7,43499017,2
4080595530,4080594580,upstream_next_down_chain,443.0,443.1,43499016,3
4080597280,4080595520,upstream_next_down_chain,1102.1,1102.1,43499019,2
4080597450,4080595520,upstream_next_down_chain,680.7,681.3,43499018,3
4080605130,4080607330,upstream_next_down_chain,874.4,874.5,43499656,3
4080605510,4080607330,upstream_next_down_chain,1785.1,10606.0,43499657,2
4080606690,4080605510,upstream_next_down_chain,939.0,939.2,43499658,3
4080606820,4080605510,upstream_next_down_chain,3046.7,7882.1,43499659,2
4080607330,4080607780,upstream_next_down_chain,624.3,12104.8,43499655,2
4080607480,4080607780,upstream_next_down_chain,645.3,645.3,43499654,3
4080607610,4080612690,upstream_next_down_chain,856.2,856.3,43499652,3
4080607780,4080612690,upstream_next_down_chain,135.7,12885.7,43499653,2
4080608340,4080610890,upstream_next_down_chain,936.8,936.8,43499690,2
4080608510,4080610890,upstream_next_down_chain,1098.2,1098.3,43499680,3
4080609470,4080617320,upstream_next_down_chain,630.1,630.3,43499589,2
4080609640,4080617320,upstream_next_down_chain,314.6,314.6,43499588,3
4080610890,4080606820,upstream_next_down_chain,976.0,3011.0,43499670,2
4080610990,4080606820,upstream_next_down_chain,1825.0,1825.0,43499660,3
4080612690,4080614470,upstream_next_down_chain,2321.0,16063.3,43499651,2
4080612700,4080614470,upstream_next_down_chain,1060.9,1060.9,43499640,3
4080614320,4080625430,upstream_next_down_chain,1200.2,1200.2,43499620,3
4080614470,4080625430,upstream_next_down_chain,1133.8,18258.0,43499630,2
4080617320,4080629040,upstream_next_down_chain,1109.8,2054.5,43499587,2
4080617410,4080629040,upstream_next_down_chain,975.3,975.3,43499586,3
4080617660,4080622920,upstream_next_down_chain,1288.4,1288.8,43499748,3
4080617900,4080622920,upstream_next_down_chain,1077.5,1077.7,43499749,2
4080622580,4080626390,upstream_next_down_chain,796.3,796.9,43429409,3
4080622740,4080624340,upstream_next_down_chain,795.9,796.2,43499746,3
4080622810,4080626390,upstream_next_down_chain,193.1,193.1,43429408,4
4080622920,4080624340,upstream_next_down_chain,1926.2,4292.5,43499747,2
4080624340,4080624700,upstream_next_down_chain,673.7,5762.0,43499745,2
4080624350,4080629380,upstream_next_down_chain,600.9,601.2,43499742,3
4080624550,4080624700,upstream_next_down_chain,513.0,513.2,43499744,3
4080624700,4080629380,upstream_next_down_chain,7.6,6282.8,43499743,2
4080625180,4080625570,upstream_next_down_chain,1151.1,76712.4,43499730,1
4080625310,4080625570,upstream_next_down_chain,697.5,3538.5,43499721,2
4080625430,4080631450,upstream_next_down_chain,2024.4,21482.7,43499610,2
4080625570,4080631450,upstream_next_down_chain,2433.7,82684.5,43499710,1
4080626140,4080626330,upstream_next_down_chain,127.2,127.4,43499928,3
4080626230,4080626330,upstream_next_down_chain,549.3,549.3,43499929,2
4080626240,4080628180,upstream_next_down_chain,125.7,125.7,43499926,3
4080626330,4080628180,upstream_next_down_chain,12.3,688.9,43499927,2
4080626390,4080635880,upstream_next_down_chain,895.7,1885.6,43429407,3
4080626750,4080635880,upstream_next_down_chain,270.2,270.3,43429406,4
4080628180,4080634980,upstream_next_down_chain,107.1,921.6,43499925,2
4080628190,4080634980,upstream_next_down_chain,415.1,415.2,43499924,3
4080628440,4080656020,upstream_next_down_chain,780.5,780.7,43421089,3
4080628550,4080656020,upstream_next_down_chain,451.9,452.0,43421088,4
4080628660,4080634070,upstream_next_down_chain,818.7,819.1,43426069,4
4080628930,4080634070,upstream_next_down_chain,346.3,346.3,43426068,5
4080629040,4080629500,upstream_next_down_chain,797.2,3826.8,43499585,2
4080629160,4080629500,upstream_next_down_chain,2006.0,2006.0,43499584,3
4080629380,4080625180,upstream_next_down_chain,1076.0,7960.3,43499741,2
4080629480,4080625180,upstream_next_down_chain,766.1,67601.2,43499750,1
4080629490,4080631460,upstream_next_down_chain,550.1,550.1,43499582,3
4080629500,4080631460,upstream_next_down_chain,231.7,6064.4,43499583,2
4080631450,4080636100,upstream_next_down_chain,1247.3,105414.7,43499590,1
4080631460,4080636100,upstream_next_down_chain,50.5,6665.1,43499581,2
4080631760,4080637540,upstream_next_down_chain,559.8,560.0,43426099,3
4080631900,4080637540,upstream_next_down_chain,569.2,569.2,43426098,4
4080633520,4080629480,upstream_next_down_chain,308.6,3006.3,43499761,2
4080633670,4080625310,upstream_next_down_chain,167.0,167.0,43499722,3
4080633680,4080625310,upstream_next_down_chain,441.7,2674.0,43499723,2
4080633810,4080629480,upstream_next_down_chain,657.7,63828.5,43499770,1
4080633980,4080642830,upstream_next_down_chain,697.0,697.0,43426066,5
4080634070,4080642830,upstream_next_down_chain,223.1,1388.4,43426067,4
4080634750,4080654870,upstream_next_down_chain,160.7,160.7,43424080,4
4080634860,4080654870,upstream_next_down_chain,244.1,244.1,43424090,3
4080634980,4080637910,upstream_next_down_chain,613.5,1950.5,43499923,2
4080635130,4080637910,upstream_next_down_chain,1938.8,1938.8,43499922,3
4080635330,4080637410,upstream_next_down_chain,2438.5,2438.5,43499980,2
4080635480,4080637410,upstream_next_down_chain,368.2,3547.3,43499991,1
4080635800,4080633520,upstream_next_down_chain,1049.8,1050.4,43499762,3
4080635880,4080643110,upstream_next_down_chain,381.6,2537.2,43429405,3
4080635960,4080633520,upstream_next_down_chain,80.3,1647.2,43499763,2
4080636040,4080643110,upstream_next_down_chain,570.0,570.3,43429404,4
4080636100,4080638810,upstream_next_down_chain,554.1,112634.0,43499579,1
4080636260,4080638810,upstream_next_down_chain,705.3,705.3,43499578,2
4080636840,4080633680,upstream_next_down_chain,800.1,800.1,43499724,3
4080637000,4080638500,upstream_next_down_chain,243.3,243.3,43494699,3
4080637010,4080638500,upstream_next_down_chain,657.7,658.1,43494698,4
4080637090,4080638790,upstream_next_down_chain,2083.6,2083.9,43499960,2
4080637100,4080633680,upstream_next_down_chain,80.6,1432.3,43499725,2
4080637260,4080635960,upstream_next_down_chain,240.7,240.7,43499764,3
4080637410,4080638790,upstream_next_down_chain,1446.6,6837.9,43499970,1
4080637420,4080635960,upstream_next_down_chain,82.6,1326.3,43499765,2
4080637540,4080638530,upstream_next_down_chain,476.9,1605.9,43426097,3
4080637550,4080638530,upstream_next_down_chain,264.0,264.1,43426096,4
4080637910,4080642530,upstream_next_down_chain,154.7,4043.2,43499921,2
4080638010,4080642530,upstream_next_down_chain,1169.4,11336.0,43499930,1
4080638030,4080637420,upstream_next_down_chain,473.2,473.2,43499766,3
4080638150,4080638280,upstream_next_down_chain,2430.2,2430.2,43499796,2
4080638160,4080638620,upstream_next_down_chain,676.3,676.3,43499794,2
4080638170,4080637420,upstream_next_down_chain,258.5,770.8,43499767,2
4080638280,4080638620,upstream_next_down_chain,187.0,52552.7,43499795,1
4080638400,4080638280,upstream_next_down_chain,118.8,49935.5,43499797,1
4080638500,4080639560,upstream_next_down_chain,416.4,1317.5,43494697,3
4080638530,4080642280,upstream_next_down_chain,26.6,1896.7,43426095,3
4080638620,4080639020,upstream_next_down_chain,108.2,53336.9,43499793,1
4080638650,4080641980,upstream_next_down_chain,438.6,438.6,43499574,2
4080638790,4080638010,upstream_next_down_chain,236.5,9158.4,43499950,1
4080638800,4080639020,upstream_next_down_chain,490.4,490.5,43499792,2
4080638810,4080641980,upstream_next_down_chain,118.1,113457.1,43499577,1
4080638830,4080639560,upstream_next_down_chain,630.7,630.7,43494696,4
4080638860,4080642280,upstream_next_down_chain,206.0,206.0,43426094,4
4080639020,4080633810,upstream_next_down_chain,699.6,54527.0,43499791,1
4080639030,4080641980,upstream_next_down_chain,393.7,393.9,43499576,3
4080639110,4080638010,upstream_next_down_chain,1008.0,1008.0,43499940,2
4080639250,4080633810,upstream_next_down_chain,172.2,8644.1,43499781,2
4080639390,4080643240,upstream_next_down_chain,227.7,227.8,43429906,3
4080639470,4080643490,upstream_next_down_chain,781.0,781.1,43494694,4
4080639560,4080643490,upstream_next_down_chain,435.5,2383.4,43494695,3
4080639570,4080643240,upstream_next_down_chain,748.7,1928.8,43429907,2
4080639690,4080637100,upstream_next_down_chain,357.5,918.8,43499727,2
4080639700,4080637100,upstream_next_down_chain,432.7,432.9,43499726,3
4080641480,4080647270,upstream_next_down_chain,1220.2,1220.2,43424029,4
4080641670,4080647270,upstream_next_down_chain,454.5,454.5,43424028,5
4080641960,4080638400,upstream_next_down_chain,90.9,48788.1,43499799,1
4080641970,4080638400,upstream_next_down_chain,1028.8,1028.8,43499798,2
4080641980,4080644690,upstream_next_down_chain,194.3,114483.8,43499573,1
4080641990,4080644690,upstream_next_down_chain,230.9,230.9,43499572,2
4080642200,4080638170,upstream_next_down_chain,339.3,339.3,43499769,2
4080642280,4080645220,upstream_next_down_chain,213.6,2316.3,43426093,3
4080642290,4080645220,upstream_next_down_chain,266.5,266.6,43426092,4
4080642390,4080638170,upstream_next_down_chain,173.5,173.5,43499768,3
4080642530,4080641960,upstream_next_down_chain,2301.0,17680.3,43499910,1
4080642630,4080635480,upstream_next_down_chain,381.0,381.0,43499992,2
4080642750,4080635480,upstream_next_down_chain,8.3,2798.3,43499993,1
4080642770,4080641960,upstream_next_down_chain,460.5,31016.9,43499810,2
4080642830,4080647250,upstream_next_down_chain,476.8,2562.1,43426065,4
4080642980,4080639570,upstream_next_down_chain,773.0,773.0,43429909,2
4080643070,4080642750,upstream_next_down_chain,471.7,471.7,43499994,2
4080643090,4080639570,upstream_next_down_chain,407.6,407.7,43429908,3
4080643100,4080648210,upstream_next_down_chain,263.4,263.5,43429904,3
4080643110,4080656150,upstream_next_down_chain,379.3,3486.7,43429403,3
4080643120,4080647250,upstream_next_down_chain,664.8,665.2,43426064,5
4080643190,4080642750,upstream_next_down_chain,868.0,2318.2,43499995,1
4080643240,4080648210,upstream_next_down_chain,966.9,3123.4,43429905,2
4080643340,4080656150,upstream_next_down_chain,2105.8,2105.8,43429402,4
4080643490,4080651110,upstream_next_down_chain,290.9,3455.5,43494693,3
4080643650,4080639250,upstream_next_down_chain,119.8,6877.0,43499783,2
4080643680,4080651110,upstream_next_down_chain,621.9,621.9,43494692,4
4080643750,4080639250,upstream_next_down_chain,1594.7,1594.8,43499782,3
4080644690,4080650700,upstream_next_down_chain,233.0,114947.6,43499571,1
4080644810,4080650700,upstream_next_down_chain,50.7,5724.4,43499561,2
4080645050,4080648950,upstream_next_down_chain,865.9,865.9,43426080,4
4080645220,4080648950,upstream_next_down_chain,335.7,2918.6,43426091,3
4080645410,4080643650,upstream_next_down_chain,1180.6,1180.6,43499784,3
4080645590,4080643650,upstream_next_down_chain,1154.2,5576.7,43499785,2
4080645600,4080639690,upstream_next_down_chain,147.3,147.3,43499728,3
4080645660,4080639690,upstream_next_down_chain,413.9,413.9,43499729,2
4080645800,4080644810,upstream_next_down_chain,316.0,316.0,43499562,3
4080646050,4080644810,upstream_next_down_chain,789.5,5357.7,43499563,2
4080646170,4080647200,upstream_next_down_chain,2542.4,2542.5,43494980,3
4080646330,4080647200,upstream_next_down_chain,2715.9,2715.9,43494990,2
4080646370,4080652460,upstream_next_down_chain,474.1,474.1,43422090,3
4080646380,4080652460,upstream_next_down_chain,711.2,711.2,43422080,4
4080647010,4080642770,upstream_next_down_chain,191.1,13811.0,43499821,3
4080647130,4080642770,upstream_next_down_chain,1604.0,16745.3,43499830,2
4080647200,4080654300,upstream_next_down_chain,551.4,5809.8,43494970,2
4080647250,4080648780,upstream_next_down_chain,225.9,3453.2,43426063,4
4080647260,4080648780,upstream_next_down_chain,563.6,563.6,43426062,5
4080647270,4080652440,upstream_next_down_chain,282.0,1956.6,43424027,4
4080647280,4080652440,upstream_next_down_chain,311.8,311.9,43424026,5
4080647450,4080654300,upstream_next_down_chain,1060.6,1060.6,43494960,3
4080647940,4080649580,upstream_next_down_chain,389.9,389.9,43466098,4
4080647950,4080649580,upstream_next_down_chain,602.8,602.8,43466099,3
4080647960,4080674240,upstream_next_down_chain,490.3,490.5,43426022,5
4080647970,4080674240,upstream_next_down_chain,636.5,636.5,43426023,4
4080648210,4080654030,upstream_next_down_chain,713.9,4100.3,43429903,2
4080648270,4080654030,upstream_next_down_chain,383.8,384.0,43429902,3
4080648670,4080674600,upstream_next_down_chain,1934.1,1934.1,43426040,4
4080648730,4080652600,upstream_next_down_chain,865.4,865.4,43494668,5
4080648740,4080652600,upstream_next_down_chain,1833.1,1833.1,43494669,4
4080648780,4080648790,upstream_next_down_chain,60.8,4077.6,43426061,4
4080648790,4080674600,upstream_next_down_chain,155.5,8526.7,43426050,3
4080648950,4080648790,upstream_next_down_chain,509.3,4293.5,43426070,3
4080649220,4080649370,upstream_next_down_chain,562.9,562.9,43499824,4
4080649370,4080647010,upstream_next_down_chain,520.3,10775.0,43499823,3
4080649440,4080649450,upstream_next_down_chain,4201.2,4201.2,43499826,4
4080649450,4080649370,upstream_next_down_chain,1.3,9691.8,43499825,3
4080649460,4080647010,upstream_next_down_chain,2845.4,2845.4,43499822,4
4080649530,4080649450,upstream_next_down_chain,3492.8,5489.6,43499827,3
4080649580,4080651720,upstream_next_down_chain,40.8,1033.3,43466097,3
4080649780,4080651720,upstream_next_down_chain,582.0,582.1,43466096,4
4080650410,4080643190,upstream_next_down_chain,645.4,645.4,43499996,2
4080650420,4080643190,upstream_next_down_chain,56.2,804.6,43499997,1
4080650540,4080646050,upstream_next_down_chain,2164.7,2164.7,43499564,3
4080650560,4080650910,upstream_next_down_chain,599.1,599.1,43498998,3
4080650570,4080650910,upstream_next_down_chain,1069.1,1069.1,43498999,2
4080650700,4080653040,upstream_next_down_chain,936.8,121608.7,43499559,1
4080650890,4080646050,upstream_next_down_chain,662.1,2403.4,43499565,2
4080650910,4080663320,upstream_next_down_chain,1.2,1668.9,43498997,2
4080651070,4080653040,upstream_next_down_chain,2269.8,2269.8,43499558,2
4080651080,4080663320,upstream_next_down_chain,257.0,257.3,43498996,3
4080651110,4080652740,upstream_next_down_chain,606.5,4683.8,43494691,3
4080651210,4080652740,upstream_next_down_chain,1626.7,1626.8,43494680,4
4080651460,4080656140,upstream_next_down_chain,1042.4,1042.4,43429602,4
4080651570,4080656140,upstream_next_down_chain,81.9,5672.2,43429603,3
4080651720,4080654330,upstream_next_down_chain,336.5,1952.0,43466095,3
4080651730,4080654330,upstream_next_down_chain,224.9,224.9,43466094,4
4080651830,4080651570,upstream_next_down_chain,1737.8,1737.8,43429604,4
4080651930,4080657500,upstream_next_down_chain,292.1,292.1,43498986,4
4080651960,4080651570,upstream_next_down_chain,3.0,3852.7,43429605,3
4080652020,4080657500,upstream_next_down_chain,375.2,1106.9,43498987,3
4080652100,4080659070,upstream_next_down_chain,527.0,527.0,43466029,4
4080652110,4080651960,upstream_next_down_chain,214.6,214.7,43429606,4
4080652230,4080659070,upstream_next_down_chain,287.7,287.7,43466028,5
4080652320,4080651960,upstream_next_down_chain,188.5,3635.0,43429607,3
4080652330,4080660680,upstream_next_down_chain,2111.5,2111.6,43422060,4
4080652440,4080665770,upstream_next_down_chain,530.0,2798.6,43424025,4
4080652450,4080665770,upstream_next_down_chain,1869.6,1869.6,43424024,5
4080652460,4080660680,upstream_next_down_chain,1073.1,2258.7,43422070,3
4080652590,4080653100,upstream_next_down_chain,2151.1,2151.3,43494666,5
4080652600,4080653100,upstream_next_down_chain,1540.8,4238.4,43494667,4
4080652620,4080654360,upstream_next_down_chain,870.9,2282.4,43429805,3
4080652740,4080655680,upstream_next_down_chain,183.8,6494.3,43494679,3
4080652760,4080652620,upstream_next_down_chain,529.9,529.9,43429806,4
4080652870,4080655680,upstream_next_down_chain,433.0,433.1,43494678,4
4080652900,4080652620,upstream_next_down_chain,133.3,881.4,43429807,3
4080652910,4080654360,upstream_next_down_chain,254.5,254.5,43429804,4
4080653040,4080661480,upstream_next_down_chain,921.5,124800.0,43499557,1
4080653100,4080657810,upstream_next_down_chain,6.4,6396.2,43494665,4
4080653220,4080661480,upstream_next_down_chain,4250.5,4250.6,43499556,2
4080653250,4080657810,upstream_next_down_chain,1096.9,1097.0,43494664,5
4080653260,4080654140,upstream_next_down_chain,698.7,698.7,43469909,2
4080653490,4080652900,upstream_next_down_chain,576.7,576.7,43429809,3
4080653640,4080654140,upstream_next_down_chain,618.6,618.7,43469908,3
4080653650,4080652900,upstream_next_down_chain,171.6,171.6,43429808,4
4080653780,4080650420,upstream_next_down_chain,257.3,257.5,43499998,2
4080653890,4080650420,upstream_next_down_chain,490.9,491.1,43499999,1
4080654030,4080656010,upstream_next_down_chain,771.9,5256.3,43429901,2
4080654130,4080658120,upstream_next_down_chain,1150.9,1151.2,43469906,3
4080654140,4080658120,upstream_next_down_chain,16.4,1333.6,43469907,2
4080654210,4080654220,upstream_next_down_chain,184.3,184.3,43429802,4
4080654220,4080656010,upstream_next_down_chain,273.6,3575.1,43429801,3
4080654270,4080652020,upstream_next_down_chain,211.3,211.4,43498988,4
4080654300,4080661510,upstream_next_down_chain,2313.5,9183.7,43494950,2
4080654310,4080661510,upstream_next_down_chain,2281.5,2281.8,43494940,3
4080654330,4080660170,upstream_next_down_chain,296.0,2472.8,43466093,3
4080654340,4080660170,upstream_next_down_chain,258.5,258.5,43466092,4
4080654360,4080654220,upstream_next_down_chain,580.2,3117.1,43429803,3
4080654420,4080645590,upstream_next_down_chain,183.0,1859.4,43499787,2
4080654430,4080645590,upstream_next_down_chain,2562.4,2562.8,43499786,3
4080654450,4080652020,upstream_next_down_chain,520.5,520.5,43498989,3
4080654580,4080652320,upstream_next_down_chain,2451.3,2451.3,43429609,3
4080654760,4080652320,upstream_next_down_chain,995.4,995.4,43429608,4
4080654870,4080668810,upstream_next_down_chain,1388.5,1793.4,43424070,3
4080654970,4080655600,upstream_next_down_chain,219.6,219.6,43427028,4
4080654980,4080668810,upstream_next_down_chain,798.2,798.3,43424060,4
4080655090,4080655600,upstream_next_down_chain,1148.1,1148.1,43427029,3
4080655400,4080656980,upstream_next_down_chain,363.4,363.4,43427026,4
4080655580,4080657280,upstream_next_down_chain,425.5,425.5,43494676,4
4080655600,4080656980,upstream_next_down_chain,105.5,1473.0,43427027,3
4080655680,4080657280,upstream_next_down_chain,537.8,7465.4,43494677,3
4080655900,4080661080,upstream_next_down_chain,547.9,547.9,43421086,4
4080655960,4080654420,upstream_next_down_chain,475.7,475.7,43499788,3
4080656010,4080657410,upstream_next_down_chain,90.7,8922.2,43429707,2
4080656020,4080661080,upstream_next_down_chain,3131.5,4364.1,43421087,3
4080656100,4080654420,upstream_next_down_chain,1200.9,1200.9,43499789,2
4080656140,4080656300,upstream_next_down_chain,227.6,6942.2,43429601,3
4080656150,4080657560,upstream_next_down_chain,486.5,6078.8,43429401,3
4080656280,4080657410,upstream_next_down_chain,321.4,321.4,43429706,3
4080656290,4080656300,upstream_next_down_chain,21.3,12714.6,43429701,2
4080656300,4080657560,upstream_next_down_chain,0.5,19657.3,43429500,2
4080656530,4080658260,upstream_next_down_chain,679.3,679.3,43499569,2
4080656670,4080656290,upstream_next_down_chain,289.5,12495.7,43429703,2
4080656760,4080658260,upstream_next_down_chain,378.7,378.8,43499568,3
4080656870,4080656290,upstream_next_down_chain,197.8,197.8,43429702,3
4080656880,4080676820,upstream_next_down_chain,665.4,665.4,43427024,4
4080656980,4080676820,upstream_next_down_chain,329.4,2165.7,43427025,3
4080657280,4080660890,upstream_next_down_chain,246.2,8137.1,43494675,3
4080657410,4080656670,upstream_next_down_chain,146.5,9389.7,43429705,2
4080657500,4080662320,upstream_next_down_chain,604.3,2003.2,43498985,3
4080657520,4080660890,upstream_next_down_chain,880.0,880.4,43494674,4
4080657550,4080656670,upstream_next_down_chain,2816.2,2816.3,43429704,3
4080657560,4080660580,upstream_next_down_chain,116.3,25852.4,43429309,2
4080657570,4080660580,upstream_next_down_chain,1098.3,1098.6,43429308,3
4080657680,4080662320,upstream_next_down_chain,667.7,667.9,43498984,4
4080657810,4080661050,upstream_next_down_chain,501.5,7994.8,43494663,4
4080658060,4080661050,upstream_next_down_chain,1851.5,1851.9,43494662,5
4080658110,4080658570,upstream_next_down_chain,162.6,162.6,43469904,3
4080658120,4080658570,upstream_next_down_chain,250.5,2735.2,43469905,2
4080658260,4080650890,upstream_next_down_chain,68.1,1126.0,43499567,2
4080658380,4080650890,upstream_next_down_chain,615.3,615.3,43499566,3
4080658570,4080670890,upstream_next_down_chain,4.2,2902.1,43469903,2
4080658680,4080672030,upstream_next_down_chain,474.3,474.3,43429209,3
4080658770,4080670890,upstream_next_down_chain,262.6,262.6,43469902,3
4080658800,4080672030,upstream_next_down_chain,298.0,298.0,43429208,4
4080658990,4080661640,upstream_next_down_chain,262.8,262.8,43466026,5
4080659070,4080661640,upstream_next_down_chain,840.7,1655.4,43466027,4
4080659200,4080660420,upstream_next_down_chain,917.4,917.4,43469409,3
4080659210,4080660420,upstream_next_down_chain,393.2,393.2,43469408,4
4080659350,4080664030,upstream_next_down_chain,833.4,833.4,43469209,3
4080659430,4080664030,upstream_next_down_chain,420.5,420.5,43469208,4
4080659910,4080663710,upstream_next_down_chain,363.5,363.5,43469768,4
4080660020,4080663710,upstream_next_down_chain,451.4,451.4,43469769,3
4080660030,4080661970,upstream_next_down_chain,666.9,667.0,43464099,3
4080660170,4080660970,upstream_next_down_chain,569.2,3300.4,43466091,3
4080660280,4080661970,upstream_next_down_chain,409.9,409.9,43464098,4
4080660420,4080668530,upstream_next_down_chain,162.5,1472.8,43469407,3
4080660440,4080660970,upstream_next_down_chain,1021.7,1021.7,43466080,4
4080660500,4080647130,upstream_next_down_chain,1247.4,3656.7,43499841,3
4080660510,4080647130,upstream_next_down_chain,2339.4,11484.4,43499850,2
4080660580,4080666050,upstream_next_down_chain,198.1,27149.2,43429307,2
4080660670,4080668530,upstream_next_down_chain,431.6,431.6,43469406,4
4080660680,4080667550,upstream_next_down_chain,882.1,5252.5,43422050,3
4080660800,4080666050,upstream_next_down_chain,273.1,273.2,43429306,3
4080660890,4080661330,upstream_next_down_chain,796.4,9813.6,43494673,3
4080660910,4080667550,upstream_next_down_chain,515.3,515.3,43422040,4
4080660970,4080661340,upstream_next_down_chain,343.8,4665.7,43466079,3
4080660980,4080661340,upstream_next_down_chain,905.5,905.5,43466078,4
4080661010,4080670620,upstream_next_down_chain,463.5,463.5,43421084,4
4080661040,4080661330,upstream_next_down_chain,274.8,274.8,43494672,4
4080661050,4080664330,upstream_next_down_chain,140.1,9986.6,43494661,4
4080661080,4080670620,upstream_next_down_chain,585.1,5497.1,43421085,3
4080661210,4080661350,upstream_next_down_chain,364.8,364.8,43466076,4
4080661220,4080665160,upstream_next_down_chain,275.3,275.4,43466074,4
4080661330,4080664330,upstream_next_down_chain,21.0,10109.1,43494671,3
4080661340,4080661350,upstream_next_down_chain,141.6,5712.9,43466077,3
4080661350,4080665160,upstream_next_down_chain,27.5,6105.2,43466075,3
4080661470,4080675050,upstream_next_down_chain,2628.0,2628.0,43499554,2
4080661480,4080675050,upstream_next_down_chain,2780.4,131830.8,43499555,1
4080661510,4080661930,upstream_next_down_chain,842.0,12307.6,43494930,2
4080661590,4080667800,upstream_next_down_chain,1732.1,1732.2,43498992,3
4080661640,4080664750,upstream_next_down_chain,89.2,2007.5,43466025,4
4080661720,4080667800,upstream_next_down_chain,539.7,4552.7,43498993,2
4080661760,4080661930,upstream_next_down_chain,1272.5,1272.5,43494920,3
4080661790,4080664750,upstream_next_down_chain,542.4,542.5,43466024,5
4080661930,4080662500,upstream_next_down_chain,9.9,13589.9,43494919,2
4080661940,4080662500,upstream_next_down_chain,229.1,229.1,43494918,3
4080661970,4080665620,upstream_next_down_chain,142.7,1219.7,43464097,3
4080661980,4080665620,upstream_next_down_chain,676.8,676.9,43464096,4
4080662320,4080667630,upstream_next_down_chain,422.3,3093.1,43498983,3
4080662470,4080667630,upstream_next_down_chain,341.9,342.0,43498982,4
4080662500,4080673240,upstream_next_down_chain,85.0,13904.0,43494917,2
4080662620,4080673240,upstream_next_down_chain,455.7,455.7,43494916,3
4080663020,4080671570,upstream_next_down_chain,363.5,363.5,43428680,5
4080663170,4080661720,upstream_next_down_chain,285.3,285.3,43498994,3
4080663190,4080671570,upstream_next_down_chain,420.5,420.7,43428690,4
4080663320,4080661720,upstream_next_down_chain,1801.7,3727.9,43498995,2
4080663540,4080663700,upstream_next_down_chain,491.0,491.0,43469766,4
4080663670,4080668970,upstream_next_down_chain,2602.6,2602.7,43494809,3
4080663690,4080666450,upstream_next_down_chain,589.7,589.7,43469764,4
4080663700,4080666450,upstream_next_down_chain,0.3,1579.9,43469765,3
4080663710,4080663700,upstream_next_down_chain,273.6,1088.5,43469767,3
4080663860,4080668970,upstream_next_down_chain,1343.4,1343.8,43494808,4
4080664030,4080664470,upstream_next_down_chain,392.3,1645.9,43469207,3
4080664240,4080664470,upstream_next_down_chain,611.7,611.7,43469206,4
4080664250,4080667270,upstream_next_down_chain,1438.3,1438.6,43469204,4
4080664330,4080668110,upstream_next_down_chain,311.9,20407.9,43494659,3
4080664340,4080668110,upstream_next_down_chain,469.1,469.1,43494658,4
4080664470,4080667270,upstream_next_down_chain,40.8,2298.2,43469205,3
4080664540,4080675090,upstream_next_down_chain,330.3,330.4,43464088,5
4080664550,4080675090,upstream_next_down_chain,472.5,472.5,43464089,4
4080664750,4080676490,upstream_next_down_chain,81.8,2631.7,43466023,4
4080664980,4080676490,upstream_next_down_chain,562.3,562.3,43466022,5
4080665160,4080670110,upstream_next_down_chain,286.4,6666.9,43466073,3
4080665300,4080670110,upstream_next_down_chain,216.1,216.1,43466072,4
4080665620,4080684690,upstream_next_down_chain,638.7,2535.5,43464095,3
4080665630,4080684690,upstream_next_down_chain,503.3,503.3,43464094,4
4080665640,4080669990,upstream_next_down_chain,659.4,659.5,43424022,5
4080665770,4080669990,upstream_next_down_chain,1339.3,6007.4,43424023,4
4080665970,4080674060,upstream_next_down_chain,426.3,426.3,43429304,3
4080666050,4080674060,upstream_next_down_chain,688.2,28110.8,43429305,2
4080666440,4080668780,upstream_next_down_chain,736.4,736.6,43469772,3
4080666450,4080668990,upstream_next_down_chain,82.0,2251.3,43469763,3
4080666460,4080668990,upstream_next_down_chain,580.9,580.9,43469762,4
4080666600,4080668780,upstream_next_down_chain,68.1,16277.3,43469773,2
4080667270,4080678440,upstream_next_down_chain,502.3,4239.2,43469203,3
4080667280,4080678440,upstream_next_down_chain,425.8,425.8,43469202,4
4080667390,4080668520,upstream_next_down_chain,303.8,303.9,43469776,3
4080667410,4080667920,upstream_next_down_chain,2369.3,2369.3,43422020,4
4080667540,4080668520,upstream_next_down_chain,50.9,14243.1,43469777,2
4080667550,4080667920,upstream_next_down_chain,778.2,6546.0,43422030,3
4080667630,4080667640,upstream_next_down_chain,106.5,3541.7,43498981,3
4080667640,4080670100,upstream_next_down_chain,49.3,10489.0,43498970,2
4080667650,4080670690,upstream_next_down_chain,527.1,527.1,43469808,4
4080667660,4080670690,upstream_next_down_chain,1041.5,1041.9,43469809,3
4080667800,4080667640,upstream_next_down_chain,613.2,6898.3,43498991,2
4080667890,4080670100,upstream_next_down_chain,2083.8,2083.8,43498960,3
4080667920,4080671580,upstream_next_down_chain,938.9,9853.8,43422010,3
4080668000,4080667540,upstream_next_down_chain,305.2,305.2,43469778,3
4080668010,4080671580,upstream_next_down_chain,65.4,144656.7,43423001,2
4080668110,4080672810,upstream_next_down_chain,356.6,21233.2,43494657,3
4080668220,4080672810,upstream_next_down_chain,389.6,389.8,43494656,4
4080668240,4080667540,upstream_next_down_chain,225.7,13887.0,43469779,2
4080668250,4080666600,upstream_next_down_chain,978.6,978.6,43469774,3
4080668520,4080666600,upstream_next_down_chain,683.7,15230.9,43469775,2
4080668530,4080672110,upstream_next_down_chain,625.2,2529.5,43469405,3
4080668660,4080672110,upstream_next_down_chain,410.0,410.0,43469404,4
4080668780,4080671420,upstream_next_down_chain,126.6,17140.5,43469771,2
4080668810,4080670130,upstream_next_down_chain,1725.1,4316.8,43424050,3
4080668970,4080672460,upstream_next_down_chain,535.3,4481.8,43494807,3
4080668990,4080671420,upstream_next_down_chain,181.7,3013.9,43469761,3
4080669020,4080668010,upstream_next_down_chain,261.1,261.2,43423002,3
4080669140,4080649530,upstream_next_down_chain,1109.9,1109.9,43499829,3
4080669150,4080649530,upstream_next_down_chain,886.8,887.0,43499828,4
4080669190,4080670130,upstream_next_down_chain,1264.2,1264.2,43424040,4
4080669200,4080668010,upstream_next_down_chain,343.7,144330.3,43423003,2
4080669300,4080672460,upstream_next_down_chain,643.2,643.2,43494806,4
4080669600,4080676800,upstream_next_down_chain,259.0,259.2,43428626,6
4080669760,4080676800,upstream_next_down_chain,1205.0,1825.9,43428627,5
4080669770,4080680500,upstream_next_down_chain,698.9,698.9,43421060,3
4080669930,4080670350,upstream_next_down_chain,437.5,437.5,43469804,4
4080669940,4080668240,upstream_next_down_chain,2321.3,2321.4,43469780,3
4080669990,4080670370,upstream_next_down_chain,282.5,6949.3,43424021,4
4080670100,4080670780,upstream_next_down_chain,329.8,12902.6,43498959,2
4080670110,4080673620,upstream_next_down_chain,493.0,7376.0,43466071,3
4080670120,4080673620,upstream_next_down_chain,1473.4,1473.4,43466060,4
4080670130,4080670370,upstream_next_down_chain,610.8,6191.6,43424030,3
4080670140,4080680500,upstream_next_down_chain,976.8,166006.7,43421070,2
4080670240,4080670780,upstream_next_down_chain,662.5,662.5,43498958,3
4080670260,4080670350,upstream_next_down_chain,233.2,3178.0,43469805,3
4080670270,4080668240,upstream_next_down_chain,329.0,11339.8,43469791,2
4080670350,4080671040,upstream_next_down_chain,19.4,3634.7,43469803,3
4080670370,4080675660,upstream_next_down_chain,5.3,13146.1,43424010,3
4080670500,4080675660,upstream_next_down_chain,137.0,125401.2,43425001,2
4080670590,4080671040,upstream_next_down_chain,580.9,581.0,43469802,4
4080670620,4080671440,upstream_next_down_chain,418.0,6378.7,43421083,3
4080670690,4080670260,upstream_next_down_chain,164.1,1733.0,43469807,3
4080670710,4080671440,upstream_next_down_chain,3369.6,3369.6,43421082,4
4080670780,4080679090,upstream_next_down_chain,51.4,13616.5,43498957,2
4080670800,4080670270,upstream_next_down_chain,208.2,208.2,43469794,4
4080670860,4080679090,upstream_next_down_chain,763.7,763.8,43498956,3
4080670880,4080670260,upstream_next_down_chain,1211.9,1211.9,43469806,4
4080670890,4080672830,upstream_next_down_chain,733.8,3898.1,43469901,2
4080670900,4080670270,upstream_next_down_chain,134.3,10383.0,43469793,2
4080671040,4080672830,upstream_next_down_chain,397.2,4613.1,43469801,3
4080671050,4080670270,upstream_next_down_chain,419.8,419.9,43469792,3
4080671420,4080675080,upstream_next_down_chain,100.1,20254.5,43469750,2
4080671440,4080670140,upstream_next_down_chain,9.5,9757.7,43421081,3
4080671530,4080670900,upstream_next_down_chain,202.4,10248.6,43469795,2
4080671540,4080675080,upstream_next_down_chain,303.5,2797.3,43469741,3
4080671570,4080676510,upstream_next_down_chain,1669.1,2453.2,43428670,4
4080671580,4080670140,upstream_next_down_chain,761.0,155271.5,43421090,2
4080671640,4080660510,upstream_next_down_chain,2393.5,2393.5,43499860,3
4080671650,4080660510,upstream_next_down_chain,959.6,6751.8,43499870,2
4080671860,4080676510,upstream_next_down_chain,1040.7,1040.7,43428660,5
4080672000,4080679720,upstream_next_down_chain,2515.0,2515.3,43469402,4
4080672030,4080673640,upstream_next_down_chain,1363.5,2135.9,43429207,3
4080672110,4080679720,upstream_next_down_chain,187.2,3126.7,43469403,3
4080672150,4080673640,upstream_next_down_chain,309.3,309.3,43429206,4
4080672460,4080678080,upstream_next_down_chain,299.1,5424.1,43494805,3
4080672470,4080678080,upstream_next_down_chain,964.8,965.0,43494804,4
4080672550,4080660500,upstream_next_down_chain,49.4,2137.2,43499843,3
4080672560,4080660500,upstream_next_down_chain,271.7,271.7,43499842,4
4080672700,4080672990,upstream_next_down_chain,434.1,1005.6,43499847,3
4080672710,4080672990,upstream_next_down_chain,161.9,161.9,43499846,4
4080672780,4080685310,upstream_next_down_chain,1864.4,1864.5,43496880,4
4080672810,4080676010,upstream_next_down_chain,226.4,21849.5,43494655,3
4080672830,4080673260,upstream_next_down_chain,159.3,8670.4,43469799,2
4080672900,4080670500,upstream_next_down_chain,813.8,813.8,43425002,3
4080672990,4080672550,upstream_next_down_chain,312.0,1479.5,43499845,3
4080673010,4080685310,upstream_next_down_chain,1961.6,1961.6,43496890,3
4080673050,4080670500,upstream_next_down_chain,250.0,124450.3,43425003,2
4080673100,4080672550,upstream_next_down_chain,608.6,608.6,43499844,4
4080673120,4080676010,upstream_next_down_chain,309.0,309.0,43494654,4
4080673130,4080673260,upstream_next_down_chain,695.0,695.0,43469798,3
4080673240,4080678730,upstream_next_down_chain,1262.9,15622.3,43494915,2
4080673260,4080671530,upstream_next_down_chain,24.8,9390.3,43469797,2
4080673370,4080678730,upstream_next_down_chain,543.2,543.5,43494914,3
4080673390,4080671530,upstream_next_down_chain,655.9,655.9,43469796,3
4080673620,4080676680,upstream_next_down_chain,281.9,9131.5,43466050,3
4080673640,4080674450,upstream_next_down_chain,211.7,2656.8,43429205,3
4080673710,4080676680,upstream_next_down_chain,1171.8,1171.8,43466040,4
4080673760,4080674450,upstream_next_down_chain,367.1,367.1,43429204,4
4080673860,4080676710,upstream_next_down_chain,2747.4,2747.4,43429302,3
4080674050,4080671540,upstream_next_down_chain,995.1,995.3,43469742,4
4080674060,4080676710,upstream_next_down_chain,699.4,29236.8,43429303,2
4080674210,4080682810,upstream_next_down_chain,534.5,534.5,43496848,5
4080674230,4080676890,upstream_next_down_chain,432.4,432.4,43429202,4
4080674240,4080675920,upstream_next_down_chain,1634.0,2760.8,43426021,4
4080674400,4080682810,upstream_next_down_chain,905.6,905.6,43496849,4
4080674410,4080671540,upstream_next_down_chain,331.0,1498.7,43469743,3
4080674450,4080676890,upstream_next_down_chain,173.6,3197.4,43429203,3
4080674600,4080675920,upstream_next_down_chain,2015.1,12475.4,43426030,3
4080674730,4080677240,upstream_next_down_chain,703.4,703.5,43425006,3
4080674820,4080693430,upstream_next_down_chain,252.9,1406.4,43496997,2
4080674830,4080693430,upstream_next_down_chain,528.0,528.1,43496996,3
4080674890,4080677240,upstream_next_down_chain,77.5,122675.3,43425007,2
4080675040,4080722760,upstream_next_down_chain,2485.2,2485.2,43499552,2
4080675050,4080722760,upstream_next_down_chain,2873.9,137267.8,43499553,1
4080675080,4080688400,upstream_next_down_chain,1078.6,24130.4,43469730,2
4080675090,4080683920,upstream_next_down_chain,844.1,1646.8,43464087,4
4080675100,4080683920,upstream_next_down_chain,613.5,613.6,43464086,5
4080675340,4080688400,upstream_next_down_chain,1020.7,1020.7,43469720,3
4080675350,4080669760,upstream_next_down_chain,338.3,338.3,43428629,5
4080675650,4080669760,upstream_next_down_chain,282.7,282.8,43428628,6
4080675660,4080669200,upstream_next_down_chain,458.8,139006.4,43423005,2
4080675790,4080674890,upstream_next_down_chain,170.1,122447.0,43425009,2
4080675800,4080669200,upstream_next_down_chain,4979.1,4979.4,43423004,3
4080675900,4080677210,upstream_next_down_chain,258.7,258.8,43494652,4
4080675910,4080674410,upstream_next_down_chain,348.2,348.2,43469744,4
4080675920,4080675790,upstream_next_down_chain,30.6,15266.9,43426010,3
4080675930,4080674890,upstream_next_down_chain,150.7,150.9,43425008,3
4080676010,4080677210,upstream_next_down_chain,333.3,22491.8,43494653,3
4080676020,4080674410,upstream_next_down_chain,59.5,819.6,43469745,3
4080676030,4080675790,upstream_next_down_chain,390.6,107010.1,43427010,2
4080676170,4080671650,upstream_next_down_chain,0.9,4688.5,43499891,2
4080676180,4080676170,upstream_next_down_chain,609.8,609.9,43499892,3
4080676310,4080671650,upstream_next_down_chain,1103.5,1103.9,43499880,3
4080676320,4080676170,upstream_next_down_chain,57.1,4077.6,43499893,2
4080676490,4080687330,upstream_next_down_chain,1005.4,4199.2,43466021,4
4080676510,4080682860,upstream_next_down_chain,658.4,4152.3,43428650,4
4080676520,4080682860,upstream_next_down_chain,642.7,642.7,43428640,5
4080676650,4080682430,upstream_next_down_chain,126.2,126.2,43469566,4
4080676660,4080682430,upstream_next_down_chain,474.1,620.5,43469567,3
4080676680,4080687330,upstream_next_down_chain,475.5,10778.7,43466030,3
4080676710,4080689020,upstream_next_down_chain,83.6,32067.1,43429301,2
4080676800,4080680720,upstream_next_down_chain,828.1,2913.1,43428625,5
4080676820,4080676900,upstream_next_down_chain,1687.0,4518.2,43427023,3
4080676880,4080680720,upstream_next_down_chain,1860.3,1860.3,43428624,6
4080676890,4080689020,upstream_next_down_chain,438.2,4067.4,43429201,3
4080676900,4080676030,upstream_next_down_chain,13.9,7422.0,43427021,3
4080676910,4080676030,upstream_next_down_chain,293.6,99197.4,43427030,2
4080677010,4080676900,upstream_next_down_chain,2889.7,2889.9,43427022,4
4080677200,4080685690,upstream_next_down_chain,1347.2,1347.2,43494640,4
4080677210,4080685690,upstream_next_down_chain,122.0,22872.7,43494651,3
4080677240,4080673050,upstream_next_down_chain,187.7,123566.4,43425005,2
4080677360,4080673050,upstream_next_down_chain,634.3,634.3,43425004,3
4080677910,4080678670,upstream_next_down_chain,1157.8,1157.8,43499899,2
4080677940,4080699420,upstream_next_down_chain,389.2,389.2,43498898,4
4080678040,4080678670,upstream_next_down_chain,1056.1,1056.2,43499898,3
4080678080,4080680470,upstream_next_down_chain,1084.9,7473.9,43494803,3
4080678220,4080672700,upstream_next_down_chain,407.3,407.3,43499849,3
4080678230,4080672700,upstream_next_down_chain,164.3,164.3,43499848,4
4080678250,4080699420,upstream_next_down_chain,1652.1,1652.1,43498899,3
4080678370,4080676320,upstream_next_down_chain,74.4,2972.1,43499895,2
4080678400,4080694530,upstream_next_down_chain,2094.7,2094.7,43498940,3
4080678430,4080680470,upstream_next_down_chain,524.0,524.0,43494802,4
4080678440,4080680240,upstream_next_down_chain,986.1,5650.7,43469201,3
4080678510,4080676320,upstream_next_down_chain,1048.5,1048.5,43499894,3
4080678600,4080680220,upstream_next_down_chain,467.0,467.0,43494912,3
4080678630,4080680240,upstream_next_down_chain,2716.5,51564.6,43469300,2
4080678670,4080678370,upstream_next_down_chain,61.1,2274.9,43499897,2
4080678680,4080694530,upstream_next_down_chain,38.6,17435.1,43498951,2
4080678730,4080680220,upstream_next_down_chain,264.1,16429.9,43494913,2
4080678840,4080678370,upstream_next_down_chain,623.0,623.0,43499896,3
4080678860,4080676020,upstream_next_down_chain,359.8,359.8,43469746,4
4080678870,4080676020,upstream_next_down_chain,400.3,400.3,43469747,3
4080678880,4080679730,upstream_next_down_chain,1703.4,1703.8,43469104,3
4080678960,4080679730,upstream_next_down_chain,262.6,59006.1,43469105,2
4080679090,4080679500,upstream_next_down_chain,1165.1,15545.5,43498955,2
4080679380,4080679500,upstream_next_down_chain,1365.3,1365.4,43498954,3
4080679500,4080678680,upstream_next_down_chain,19.0,16929.8,43498953,2
4080679630,4080680810,upstream_next_down_chain,317.8,317.8,43469102,3
4080679700,4080678680,upstream_next_down_chain,466.8,466.8,43498952,3
4080679720,4080678630,upstream_next_down_chain,694.5,6336.4,43469401,3
4080679730,4080680810,upstream_next_down_chain,343.1,61052.8,43469103,2
4080679920,4080678630,upstream_next_down_chain,40.4,42511.5,43469510,2
4080680220,4080681350,upstream_next_down_chain,46.4,16943.1,43494911,2
4080680240,4080680930,upstream_next_down_chain,136.9,57352.1,43469109,2
4080680450,4080674820,upstream_next_down_chain,792.3,792.3,43496999,2
4080680470,4080681350,upstream_next_down_chain,334.3,8332.3,43494801,3
4080680480,4080680930,upstream_next_down_chain,812.9,812.9,43469108,3
4080680500,4080680840,upstream_next_down_chain,404.0,167109.0,43421050,2
4080680580,4080674820,upstream_next_down_chain,361.4,361.4,43496998,3
4080680610,4080682180,upstream_next_down_chain,320.1,320.1,43467008,3
4080680640,4080680840,upstream_next_down_chain,1034.2,1034.2,43421040,3
4080680700,4080682180,upstream_next_down_chain,989.0,74889.4,43467009,2
4080680720,4080683090,upstream_next_down_chain,513.2,5286.7,43428623,5
4080680810,4080680700,upstream_next_down_chain,52.7,61423.3,43469101,2
4080680830,4080683090,upstream_next_down_chain,280.3,280.3,43428622,6
4080680840,4080694190,upstream_next_down_chain,10.9,168154.1,43421030,2
4080680910,4080683880,upstream_next_down_chain,730.2,730.4,43494706,3
4080680930,4080678960,upstream_next_down_chain,153.7,58318.7,43469107,2
4080681030,4080683880,upstream_next_down_chain,435.6,26571.3,43494707,2
4080681050,4080678960,upstream_next_down_chain,424.7,424.7,43469106,3
4080681060,4080680700,upstream_next_down_chain,2658.6,12477.1,43468010,3
4080681120,4080694190,upstream_next_down_chain,2250.6,2250.7,43421020,3
4080681350,4080681030,upstream_next_down_chain,37.3,25312.6,43494709,2
4080681370,4080676910,upstream_next_down_chain,1570.4,1570.6,43427040,3
4080681500,4080676910,upstream_next_down_chain,1322.5,97333.3,43427050,2
4080681570,4080681030,upstream_next_down_chain,823.2,823.2,43494708,3
4080681580,4080679920,upstream_next_down_chain,418.4,40388.9,43469530,2
4080681590,4080683080,upstream_next_down_chain,1483.2,1483.2,43464046,5
4080681600,4080681700,upstream_next_down_chain,664.0,664.0,43464048,5
4080681690,4080679920,upstream_next_down_chain,2082.5,2082.5,43469520,3
4080681700,4080683080,upstream_next_down_chain,1.2,2364.9,43464047,4
4080681820,4080681700,upstream_next_down_chain,1699.4,1699.6,43464049,4
4080682180,4080684440,upstream_next_down_chain,45.0,75254.2,43467007,2
4080682430,4080683450,upstream_next_down_chain,229.6,976.1,43469565,3
4080682450,4080684440,upstream_next_down_chain,623.0,623.0,43467006,3
4080682590,4080683450,upstream_next_down_chain,1150.6,1150.9,43469564,4
4080682810,4080685260,upstream_next_down_chain,1381.1,2820.7,43496847,4
4080682860,4080691530,upstream_next_down_chain,907.9,5702.8,43428630,4
4080682970,4080685260,upstream_next_down_chain,1115.8,1115.8,43496846,5
4080683070,4080684960,upstream_next_down_chain,802.8,802.8,43464044,5
4080683080,4080684960,upstream_next_down_chain,91.1,3938.9,43464045,4
4080683090,4080691530,upstream_next_down_chain,991.2,6557.9,43428621,5
4080683200,4080681580,upstream_next_down_chain,102.7,39002.7,43469550,2
4080683330,4080684430,upstream_next_down_chain,458.4,458.5,43469562,4
4080683340,4080681580,upstream_next_down_chain,967.4,967.8,43469540,3
4080683450,4080684430,upstream_next_down_chain,215.8,2342.7,43469563,3
4080683630,4080692730,upstream_next_down_chain,567.1,567.4,43494589,3
4080683780,4080692730,upstream_next_down_chain,126.7,126.8,43494588,4
4080683880,4080692350,upstream_next_down_chain,228.8,27530.6,43494705,2
4080683920,4080686010,upstream_next_down_chain,743.7,3004.2,43464085,4
4080683930,4080686010,upstream_next_down_chain,1196.1,1196.1,43464084,5
4080684040,4080692350,upstream_next_down_chain,748.0,748.0,43494704,3
4080684180,4080681500,upstream_next_down_chain,978.8,978.8,43427060,3
4080684190,4080681500,upstream_next_down_chain,27.0,95032.6,43427070,2
4080684240,4080687530,upstream_next_down_chain,437.6,437.6,43496299,3
4080684250,4080687530,upstream_next_down_chain,419.7,419.7,43496298,4
4080684260,4080692090,upstream_next_down_chain,193.8,193.8,43496268,5
4080684270,4080692090,upstream_next_down_chain,476.4,476.5,43496269,4
4080684430,4080683200,upstream_next_down_chain,24.2,2825.5,43469561,3
4080684440,4080686220,upstream_next_down_chain,493.3,76370.6,43467005,2
4080684680,4080686490,upstream_next_down_chain,697.0,697.0,43464092,4
4080684690,4080686490,upstream_next_down_chain,1545.4,4584.4,43464093,3
4080684770,4080683200,upstream_next_down_chain,328.2,36074.6,43469570,2
4080684780,4080686220,upstream_next_down_chain,985.6,985.7,43467004,3
4080684960,4080699110,upstream_next_down_chain,71.9,4813.8,43464043,4
4080685160,4080699110,upstream_next_down_chain,1447.0,1447.0,43464042,5
4080685260,4080687690,upstream_next_down_chain,97.4,4033.6,43496845,4
4080685310,4080689230,upstream_next_down_chain,2641.1,6467.2,43496870,3
4080685320,4080687690,upstream_next_down_chain,442.0,442.2,43496844,5
4080685420,4080689230,upstream_next_down_chain,1636.3,1636.3,43496860,4
4080685690,4080693050,upstream_next_down_chain,1419.7,25639.5,43494630,3
4080685700,4080684190,upstream_next_down_chain,196.4,4012.7,43427081,3
4080685780,4080693050,upstream_next_down_chain,1080.2,1080.2,43494620,4
4080685830,4080684190,upstream_next_down_chain,611.8,90992.9,43427090,2
4080685910,4080687610,upstream_next_down_chain,1819.9,1820.0,43428308,4
4080686010,4080686670,upstream_next_down_chain,200.2,4400.1,43464083,4
4080686140,4080686670,upstream_next_down_chain,538.3,538.5,43464082,5
4080686160,4080687610,upstream_next_down_chain,112.5,38439.9,43428309,3
4080686220,4080687420,upstream_next_down_chain,171.3,77527.3,43467003,2
4080686480,4080687420,upstream_next_down_chain,680.6,680.6,43467002,3
4080686490,4080690960,upstream_next_down_chain,95.2,5376.2,43464091,3
4080686670,4080690960,upstream_next_down_chain,11.5,4950.2,43464081,4
4080686950,4080684770,upstream_next_down_chain,1903.3,33629.1,43469590,2
4080686960,4080684770,upstream_next_down_chain,2117.0,2117.3,43469580,3
4080687330,4080694160,upstream_next_down_chain,1170.7,16148.8,43466010,3
4080687420,4080694160,upstream_next_down_chain,245.2,78452.9,43467001,2
4080687530,4080691180,upstream_next_down_chain,128.4,985.7,43496297,3
4080687610,4080689950,upstream_next_down_chain,221.0,40481.1,43428307,3
4080687620,4080689950,upstream_next_down_chain,893.7,893.7,43428306,4
4080687690,4080689340,upstream_next_down_chain,239.7,4715.6,43496843,4
4080687700,4080691180,upstream_next_down_chain,397.7,397.8,43496296,4
4080687970,4080689340,upstream_next_down_chain,339.1,339.1,43496842,5
4080688110,4080685700,upstream_next_down_chain,282.8,282.9,43427082,4
4080688120,4080685700,upstream_next_down_chain,58.6,3533.3,43427083,3
4080688400,4080686950,upstream_next_down_chain,1672.5,26823.3,43469710,2
4080688510,4080686950,upstream_next_down_chain,62.3,4902.5,43469601,3
4080688580,4080689350,upstream_next_down_chain,894.4,894.5,43494299,3
4080688720,4080689350,upstream_next_down_chain,650.3,650.3,43494298,4
4080688800,4080688510,upstream_next_down_chain,961.3,961.4,43469602,4
4080688870,4080686160,upstream_next_down_chain,40.2,6780.7,43428401,4
4080688880,4080688120,upstream_next_down_chain,1243.6,1243.6,43427084,4
4080688970,4080688510,upstream_next_down_chain,762.1,3878.7,43469603,3
4080689010,4080686160,upstream_next_down_chain,2409.2,31546.7,43428500,3
4080689020,4080685830,upstream_next_down_chain,2005.4,38139.9,43429100,2
4080689030,4080688120,upstream_next_down_chain,123.0,2231.0,43427085,3
4080689150,4080685830,upstream_next_down_chain,68.3,52241.1,43428100,3
4080689230,4080697050,upstream_next_down_chain,2501.5,10605.3,43496850,3
4080689340,4080697050,upstream_next_down_chain,101.9,5156.3,43496841,4
4080689350,4080689920,upstream_next_down_chain,276.6,1821.3,43494297,3
4080689440,4080689920,upstream_next_down_chain,314.7,314.7,43494296,4
4080689920,4080712460,upstream_next_down_chain,662.4,2798.6,43494295,3
4080689930,4080712460,upstream_next_down_chain,1498.7,1498.7,43494294,4
4080689950,4080690720,upstream_next_down_chain,458.5,41833.1,43428305,3
4080690080,4080688870,upstream_next_down_chain,213.7,5975.2,43428403,4
4080690310,4080688870,upstream_next_down_chain,765.5,765.5,43428402,5
4080690320,4080690720,upstream_next_down_chain,1319.7,1319.7,43428304,4
4080690330,4080689150,upstream_next_down_chain,14.8,45452.6,43428301,3
4080690450,4080689150,upstream_next_down_chain,47.3,6720.3,43428201,4
4080690720,4080690330,upstream_next_down_chain,69.3,43222.0,43428303,3
4080690790,4080690330,upstream_next_down_chain,2215.8,2215.8,43428302,4
4080690850,4080695240,upstream_next_down_chain,254.1,254.1,43496989,3
4080690870,4080699100,upstream_next_down_chain,926.7,926.7,43464060,4
4080690880,4080694430,upstream_next_down_chain,318.1,318.1,43428994,4
4080690930,4080695240,upstream_next_down_chain,118.3,118.4,43496988,4
4080690960,4080699100,upstream_next_down_chain,188.6,10514.9,43464070,3
4080690970,4080694430,upstream_next_down_chain,392.1,3239.9,43428995,3
4080691180,4080699890,upstream_next_down_chain,241.8,1625.4,43496295,3
4080691190,4080699890,upstream_next_down_chain,237.3,237.3,43496294,4
4080691530,4080689010,upstream_next_down_chain,871.8,13132.9,43428610,4
4080691810,4080689010,upstream_next_down_chain,566.8,16004.7,43428700,3
4080691920,4080690450,upstream_next_down_chain,179.6,6327.4,43428203,4
4080691930,4080690450,upstream_next_down_chain,345.5,345.7,43428202,5
4080692090,4080693890,upstream_next_down_chain,460.4,1130.5,43496267,4
4080692250,4080693490,upstream_next_down_chain,896.7,896.7,43428920,4
4080692340,4080693890,upstream_next_down_chain,175.8,175.8,43496266,5
4080692350,4080693040,upstream_next_down_chain,1091.4,29370.1,43494703,2
4080692420,4080693490,upstream_next_down_chain,484.1,12091.3,43428930,3
4080692470,4080693040,upstream_next_down_chain,2869.5,2869.5,43494702,3
4080692730,4080697680,upstream_next_down_chain,591.2,1285.3,43494587,3
4080692740,4080697680,upstream_next_down_chain,1221.3,1221.3,43494586,4
4080692830,4080689030,upstream_next_down_chain,721.8,1773.4,43427087,3
4080692950,4080689030,upstream_next_down_chain,334.8,334.8,43427086,4
4080692960,4080696170,upstream_next_down_chain,477.2,477.2,43430202,3
4080693040,4080694540,upstream_next_down_chain,24.0,32263.2,43494701,2
4080693050,4080694540,upstream_next_down_chain,1529.6,28249.3,43494610,3
4080693110,4080696170,upstream_next_down_chain,536.0,6490.7,43430203,2
4080693330,4080695810,upstream_next_down_chain,312.7,312.7,43428999,3
4080693430,4080698330,upstream_next_down_chain,3005.3,4939.6,43496995,2
4080693480,4080695810,upstream_next_down_chain,438.7,438.7,43428998,4
4080693490,4080691810,upstream_next_down_chain,110.4,13098.3,43428910,3
4080693500,4080691810,upstream_next_down_chain,2339.6,2339.6,43428800,4
4080693590,4080698330,upstream_next_down_chain,228.7,228.7,43496994,3
4080693740,4080702250,upstream_next_down_chain,2707.9,2707.9,43496264,5
4080693890,4080702250,upstream_next_down_chain,408.2,1714.6,43496265,4
4080694160,4080695610,upstream_next_down_chain,753.2,95354.9,43465090,2
4080694190,4080695080,upstream_next_down_chain,1674.4,172079.4,43421010,2
4080694300,4080695610,upstream_next_down_chain,1174.8,1174.8,43465080,3
4080694350,4080695080,intersects_taihu_buffer,2102.1,1732696.8,43430100,1
4080694430,4080695140,upstream_next_down_chain,672.7,4230.7,43428993,3
4080694530,4080700750,upstream_next_down_chain,4074.2,23603.6,43498939,2
4080694540,4080702390,upstream_next_down_chain,27.6,60540.2,43494599,2
4080694590,4080695140,upstream_next_down_chain,441.4,441.4,43428992,4
4080694600,4080692420,upstream_next_down_chain,1049.8,10742.4,43428950,3
4080694710,4080700750,upstream_next_down_chain,1812.8,1813.1,43498938,3
4080694730,4080702390,upstream_next_down_chain,148.5,148.6,43494598,3
4080694740,4080688970,upstream_next_down_chain,242.5,242.5,43469604,4
4080694770,4080692420,upstream_next_down_chain,864.4,864.7,43428940,4
4080694900,4080688970,upstream_next_down_chain,584.9,2874.2,43469605,3
4080694990,4080695780,upstream_next_down_chain,1765.7,1766.0,43498889,4
4080695000,4080695780,upstream_next_down_chain,165.0,165.1,43498888,5
4080695080,4080696050,upstream_next_down_chain,38.1,1904814.3,43410009,1
4080695090,4080696050,upstream_next_down_chain,2523.3,2523.3,43410008,2
4080695140,4080695160,upstream_next_down_chain,134.2,4806.2,43428991,3
4080695160,4080694600,upstream_next_down_chain,1120.0,7914.1,43428970,3
4080695170,4080694600,upstream_next_down_chain,1779.0,1779.0,43428960,4
4080695240,4080699280,upstream_next_down_chain,344.8,717.2,43496987,3
4080695250,4080699280,upstream_next_down_chain,139.9,140.1,43496986,4
4080695390,4080695160,upstream_next_down_chain,1987.5,1987.8,43428980,4
4080695520,4080690080,upstream_next_down_chain,1755.8,1756.1,43428404,5
4080695610,4080700360,upstream_next_down_chain,162.3,96691.7,43465070,2
4080695620,4080690080,upstream_next_down_chain,113.4,4005.5,43428405,4
4080695780,4080701530,upstream_next_down_chain,82.0,2013.0,43498887,4
4080695800,4080700360,upstream_next_down_chain,655.8,6466.1,43465061,3
4080695810,4080690970,upstream_next_down_chain,1402.4,2154.1,43428997,3
4080695880,4080690970,upstream_next_down_chain,694.0,694.0,43428996,4
4080695990,4080701530,upstream_next_down_chain,266.6,266.6,43498886,5
4080696050,4080699990,upstream_next_down_chain,21.6,1907359.0,43410007,1
4080696170,4080694350,upstream_next_down_chain,1170.8,8138.4,43430201,2
4080696180,4080699990,upstream_next_down_chain,243.6,243.7,43410006,2
4080696300,4080694350,upstream_next_down_chain,1053.4,1722461.5,43430301,1
4080696860,4080691920,upstream_next_down_chain,535.6,535.6,43428204,5
4080696980,4080691920,upstream_next_down_chain,1355.1,5612.3,43428205,4
4080697050,4080699170,upstream_next_down_chain,484.0,16245.7,43496839,3
4080697120,4080699170,upstream_next_down_chain,697.4,697.7,43496838,4
4080697140,4080701070,upstream_next_down_chain,263.7,263.7,43494468,5
4080697150,4080681060,upstream_next_down_chain,1264.9,9034.0,43468030,3
4080697280,4080701070,upstream_next_down_chain,728.6,728.6,43494469,4
4080697290,4080681060,upstream_next_down_chain,784.4,784.5,43468020,4
4080697670,4080708510,upstream_next_down_chain,255.8,255.8,43494584,4
4080697680,4080708510,upstream_next_down_chain,336.7,2843.4,43494585,3
4080697770,4080693110,upstream_next_down_chain,756.2,756.2,43430204,3
4080697940,4080698030,upstream_next_down_chain,1326.7,1326.7,43430206,3
4080698030,4080693110,upstream_next_down_chain,12.5,5198.4,43430205,2
4080698230,4080698030,upstream_next_down_chain,463.0,3859.3,43430207,2
4080698320,4080704900,upstream_next_down_chain,281.1,281.1,43496992,3
4080698330,4080704900,upstream_next_down_chain,931.9,6100.5,43496993,2
4080698340,4080705670,upstream_next_down_chain,385.7,385.7,43494288,5
4080698350,4080705670,upstream_next_down_chain,533.3,533.3,43494289,4
4080698510,4080698840,upstream_next_down_chain,1522.2,1522.2,43468080,4
4080698710,4080698840,upstream_next_down_chain,2210.5,2210.5,43468090,3
4080698840,4080699180,upstream_next_down_chain,34.8,3767.1,43468070,3
4080699090,4080699180,upstream_next_down_chain,900.2,900.4,43468060,4
4080699100,4080700190,upstream_next_down_chain,974.4,12415.8,43464050,3
4080699110,4080700190,upstream_next_down_chain,2347.6,8608.3,43464041,4
4080699170,4080699290,upstream_next_down_chain,114.8,17058.0,43496837,3
4080699180,4080697150,upstream_next_down_chain,185.7,4853.2,43468050,3
4080699280,4080703700,upstream_next_down_chain,287.8,1144.9,43496985,3
4080699290,4080699720,upstream_next_down_chain,35.6,17412.0,43496835,3
4080699320,4080697150,upstream_next_down_chain,798.8,2916.0,43468041,4
4080699420,4080705190,upstream_next_down_chain,1854.5,3895.6,43498897,3
4080699430,4080705190,upstream_next_down_chain,413.3,413.3,43498896,4
4080699440,4080703700,upstream_next_down_chain,205.3,205.3,43496984,4
4080699460,4080699290,upstream_next_down_chain,318.3,318.4,43496836,4
4080699470,4080699720,upstream_next_down_chain,197.3,197.3,43496834,4
4080699720,4080707060,upstream_next_down_chain,808.3,18417.8,43496833,3
4080699820,4080707060,upstream_next_down_chain,1236.5,1236.5,43496832,4
4080699830,4080695620,upstream_next_down_chain,960.7,960.7,43428406,5
4080699840,4080695620,upstream_next_down_chain,2144.3,2931.6,43428407,4
4080699890,4080701220,upstream_next_down_chain,689.8,2552.2,43496293,3
4080699980,4080701220,upstream_next_down_chain,587.0,587.1,43496292,4
4080699990,4080705250,upstream_next_down_chain,111.9,1907714.5,43410005,1
4080700060,4080705250,upstream_next_down_chain,272.2,272.5,43410004,2
4080700190,4080704560,upstream_next_down_chain,57.3,21081.4,43464030,3
4080700360,4080702900,upstream_next_down_chain,259.8,103417.8,43465050,2
4080700370,4080704560,upstream_next_down_chain,34.8,2793.2,43464021,4
4080700540,4080702900,upstream_next_down_chain,212.3,212.4,43465040,3
4080700550,4080700370,upstream_next_down_chain,136.6,136.8,43464022,5
4080700630,4080709540,upstream_next_down_chain,955.9,955.9,43498936,3
4080700750,4080709540,upstream_next_down_chain,1120.4,26537.4,43498937,2
4080700760,4080700370,upstream_next_down_chain,251.8,2621.6,43464023,4
4080701070,4080711610,upstream_next_down_chain,398.2,1390.5,43494467,4
4080701220,4080708840,upstream_next_down_chain,63.8,3203.1,43496291,3
4080701230,4080711610,upstream_next_down_chain,1168.4,1168.6,43494466,5
4080701380,4080708840,upstream_next_down_chain,2069.7,2069.9,43496280,4
4080701400,4080694900,upstream_next_down_chain,357.3,1894.4,43469607,3
4080701530,4080712560,upstream_next_down_chain,662.2,2941.7,43498885,4
4080701560,4080694900,upstream_next_down_chain,394.8,394.8,43469606,4
4080701870,4080712560,upstream_next_down_chain,200.2,200.3,43498884,5
4080702240,4080708730,upstream_next_down_chain,507.8,507.8,43496262,5
4080702250,4080708730,upstream_next_down_chain,459.3,4881.3,43496263,4
4080702270,4080705070,upstream_next_down_chain,2052.3,2052.6,43494490,3
4080702390,4080706120,upstream_next_down_chain,538.3,61227.2,43494597,2
4080702400,4080705070,upstream_next_down_chain,2103.4,2103.5,43494480,4
4080702430,4080700760,upstream_next_down_chain,761.1,761.1,43464025,4
4080702530,4080706120,upstream_next_down_chain,545.9,545.9,43494596,3
4080702550,4080700760,upstream_next_down_chain,1608.9,1609.2,43464024,5
4080702570,4080698230,upstream_next_down_chain,719.3,719.3,43430208,3
4080702730,4080695800,upstream_next_down_chain,212.7,5504.5,43465063,3
4080702740,4080695800,upstream_next_down_chain,306.1,306.1,43465062,4
4080702750,4080704410,upstream_next_down_chain,1922.4,1922.5,43465020,3
4080702770,4080698230,upstream_next_down_chain,2677.0,2677.0,43430209,2
4080702900,4080704410,upstream_next_down_chain,739.5,104369.6,43465030,2
4080703560,4080704890,upstream_next_down_chain,191.6,191.6,43496982,4
4080703580,4080692830,upstream_next_down_chain,635.2,635.3,43427088,4
4080703700,4080704890,upstream_next_down_chain,557.9,1908.0,43496983,3
4080703750,4080692830,upstream_next_down_chain,416.0,416.1,43427089,3
4080704160,4080704540,upstream_next_down_chain,2292.8,2293.1,43465066,4
4080704400,4080704540,upstream_next_down_chain,935.5,2154.1,43465067,3
4080704410,4080719710,upstream_next_down_chain,30.6,106322.6,43465010,2
4080704540,4080702730,upstream_next_down_chain,242.9,4690.3,43465065,3
4080704550,4080702730,upstream_next_down_chain,601.4,601.8,43465064,4
4080704560,4080719710,upstream_next_down_chain,177.1,24051.7,43464010,3
4080704580,4080696300,upstream_next_down_chain,2662.5,2662.5,43430302,2
4080704740,4080696300,upstream_next_down_chain,165.7,1718750.5,43430303,1
4080704890,4080709840,upstream_next_down_chain,1100.4,3200.1,43496981,3
4080704900,4080709840,upstream_next_down_chain,387.0,6768.4,43496991,2
4080704910,4080701400,upstream_next_down_chain,318.4,318.4,43469608,4
4080705060,4080718440,upstream_next_down_chain,337.3,337.3,43498894,4
4080705070,4080706400,upstream_next_down_chain,136.4,4292.5,43494477,3
4080705080,4080701400,upstream_next_down_chain,1218.8,1218.9,43469609,3
4080705190,4080718440,upstream_next_down_chain,481.5,4790.3,43498895,3
4080705200,4080706400,upstream_next_down_chain,123.3,123.3,43494476,4
4080705250,4080009880,intersects_taihu_buffer,573.2,1908559.4,43410003,1
4080705570,4080009880,intersects_taihu_buffer,436.8,436.9,43410002,2
4080705670,4080707880,upstream_next_down_chain,488.9,1407.6,43494287,4
4080705680,4080707880,upstream_next_down_chain,261.7,261.7,43494286,5
4080706120,4080716250,upstream_next_down_chain,193.6,61966.5,43494595,2
4080706260,4080716250,upstream_next_down_chain,390.0,390.0,43494594,3
4080706400,4080713720,upstream_next_down_chain,24.8,4440.6,43494475,3
4080706490,4080721730,upstream_next_down_chain,260.8,260.8,43494248,5
4080706500,4080721730,upstream_next_down_chain,519.8,519.8,43494249,4
4080706510,4080713720,upstream_next_down_chain,1912.9,1912.9,43494474,4
4080706540,4080704740,upstream_next_down_chain,137.2,1718382.3,43430305,1
4080706550,4080704740,upstream_next_down_chain,203.3,203.4,43430304,2
4080706650,4080707340,upstream_next_down_chain,423.2,2779.7,43496823,4
4080706740,4080707340,upstream_next_down_chain,157.0,157.0,43496822,5
4080707060,4080709860,upstream_next_down_chain,317.2,19971.2,43496831,3
4080707340,4080709860,upstream_next_down_chain,78.2,3014.9,43496821,4
4080707560,4080706540,upstream_next_down_chain,172.9,173.0,43430306,2
4080707570,4080706540,upstream_next_down_chain,244.9,1718072.1,43430307,1
4080707670,4080711370,upstream_next_down_chain,169.4,169.4,43430646,4
4080707780,4080707790,upstream_next_down_chain,199.7,199.7,43430648,4
4080707790,4080711370,upstream_next_down_chain,7.0,443.9,43430647,3
4080707880,4080708070,upstream_next_down_chain,122.3,1791.5,43494285,4
4080707910,4080714370,upstream_next_down_chain,316.3,316.3,43494282,5
4080707930,4080707790,upstream_next_down_chain,237.4,237.4,43430649,3
4080708030,4080706650,upstream_next_down_chain,156.5,156.5,43496824,5
4080708040,4080706650,upstream_next_down_chain,361.6,2200.3,43496825,4
4080708050,4080708040,upstream_next_down_chain,208.9,1673.4,43496827,4
4080708060,4080708070,upstream_next_down_chain,1475.8,1475.9,43494284,5
4080708070,4080714370,upstream_next_down_chain,355.7,3623.0,43494283,4
4080708090,4080699320,upstream_next_down_chain,3.5,1823.1,43468043,4
4080708100,4080699320,upstream_next_down_chain,294.2,294.4,43468042,5
4080708200,4080708040,upstream_next_down_chain,165.3,165.4,43496826,5
4080708220,4080708090,upstream_next_down_chain,332.2,332.2,43468044,5
4080708360,4080708090,upstream_next_down_chain,18.4,1487.2,43468045,4
4080708500,4080715720,upstream_next_down_chain,945.3,945.3,43494582,4
4080708510,4080715720,upstream_next_down_chain,680.8,3780.2,43494583,3
4080708730,4080719700,upstream_next_down_chain,317.3,5706.4,43496261,4
4080708840,4080719700,upstream_next_down_chain,1951.5,7224.5,43496270,3
4080709000,4080710060,upstream_next_down_chain,534.5,15061.1,43496930,2
4080709160,4080710060,upstream_next_down_chain,611.8,611.8,43496920,3
4080709170,4080708050,upstream_next_down_chain,1230.4,1230.6,43496829,4
4080709310,4080708050,upstream_next_down_chain,233.9,233.9,43496828,5
4080709540,4080713410,upstream_next_down_chain,938.6,28431.7,43498935,2
4080709650,4080713410,upstream_next_down_chain,1997.8,1997.8,43498934,3
4080709840,4080710350,upstream_next_down_chain,395.6,10364.0,43496970,2
4080709860,4080716160,upstream_next_down_chain,214.3,23200.5,43496810,3
4080709880,4080708360,upstream_next_down_chain,459.4,459.4,43468046,5
4080709890,4080708360,upstream_next_down_chain,386.7,1009.6,43468047,4
4080710040,4080710350,upstream_next_down_chain,935.8,935.8,43496960,3
4080710060,4080716160,upstream_next_down_chain,352.0,16025.0,43496910,2
4080710350,4080709000,upstream_next_down_chain,1339.3,12638.9,43496950,2
4080710670,4080709000,upstream_next_down_chain,1887.6,1887.7,43496940,3
4080711030,4080714160,upstream_next_down_chain,110.3,110.5,43463088,4
4080711170,4080719270,upstream_next_down_chain,427.3,427.4,43494549,3
4080711310,4080719270,upstream_next_down_chain,250.3,250.3,43494548,4
4080711360,4080714160,upstream_next_down_chain,673.0,673.0,43463089,3
4080711370,4080714650,upstream_next_down_chain,244.1,857.5,43430645,3
4080711490,4080714650,upstream_next_down_chain,574.3,574.3,43430644,4
4080711500,4080707570,upstream_next_down_chain,271.2,271.2,43430308,2
4080711610,4080715280,upstream_next_down_chain,370.2,2929.2,43494465,4
4080711640,4080707570,upstream_next_down_chain,55.4,1717558.1,43430309,1
4080711710,4080715280,upstream_next_down_chain,3046.8,3047.0,43494464,5
4080712020,4080704400,upstream_next_down_chain,406.5,406.5,43465068,4
4080712090,4080704400,upstream_next_down_chain,812.1,812.4,43465069,3
4080712330,4080714510,upstream_next_down_chain,1304.8,1305.1,43494292,4
4080712460,4080714510,upstream_next_down_chain,1672.7,5969.7,43494293,3
4080712560,4080722040,upstream_next_down_chain,676.6,3818.7,43498883,4
4080712720,4080722040,upstream_next_down_chain,187.0,187.0,43498882,5
4080712740,4080713740,upstream_next_down_chain,1293.2,1293.2,43462080,4
4080712900,4080713740,upstream_next_down_chain,2427.2,2427.2,43462090,3
4080712910,4081418620,upstream_next_down_chain,1301.7,1301.7,43502099,1
4080712920,4081418620,intersects_taihu_buffer,711.6,711.7,43502098,2
4080713100,4080711640,upstream_next_down_chain,985.0,1698673.6,43430500,1
4080713110,4080711640,upstream_next_down_chain,178.2,18829.6,43430410,2
4080713410,4080745140,upstream_next_down_chain,779.9,31209.2,43498933,2
4080713450,4080719800,upstream_next_down_chain,85.2,1812.8,43463083,3
4080713460,4080715070,upstream_next_down_chain,1091.3,1091.4,43462060,4
4080713580,4080719800,upstream_next_down_chain,794.9,794.9,43463082,4
4080713700,4080745140,upstream_next_down_chain,1060.2,1060.3,43498932,3
4080713720,4080716810,upstream_next_down_chain,427.3,6780.5,43494473,3
4080713730,4080716810,upstream_next_down_chain,1817.8,1817.8,43494472,4
4080713740,4080715070,upstream_next_down_chain,82.8,3803.1,43462070,3
4080714020,4080716070,upstream_next_down_chain,225.2,225.2,43496248,5
4080714160,4080714280,upstream_next_down_chain,187.0,970.3,43463087,3
4080714170,4080713450,upstream_next_down_chain,592.5,592.5,43463084,4
4080714260,4080716070,upstream_next_down_chain,424.9,424.9,43496249,4
4080714280,4080713450,upstream_next_down_chain,3.5,1135.1,43463085,3
4080714370,4080720020,upstream_next_down_chain,291.9,4231.2,43494281,4
4080714390,4080714280,upstream_next_down_chain,160.9,161.1,43463086,4
4080714510,4080720020,upstream_next_down_chain,75.1,7349.6,43494291,3
4080714520,4080709890,upstream_next_down_chain,329.1,329.1,43468049,4
4080714530,4080709890,upstream_next_down_chain,293.8,293.9,43468048,5
4080714650,4080716560,upstream_next_down_chain,383.0,1814.5,43430643,3
4080714930,4080716560,upstream_next_down_chain,614.4,614.4,43430642,4
4080715070,4080718360,upstream_next_down_chain,89.1,4983.6,43462059,3
4080715280,4080716990,upstream_next_down_chain,645.4,6621.8,43494463,4
4080715290,4080716990,upstream_next_down_chain,833.9,833.9,43494462,5
4080715300,4080718360,upstream_next_down_chain,413.8,413.9,43462058,4
4080715720,4080717550,upstream_next_down_chain,429.9,5154.9,43494581,3
4080715820,4080717550,upstream_next_down_chain,33.6,63892.7,43494591,2
4080716070,4080721820,upstream_next_down_chain,86.7,736.5,43496247,4
4080716100,4080720570,upstream_next_down_chain,885.6,885.7,43430620,3
4080716150,4080719880,upstream_next_down_chain,358.6,358.6,43496708,3
4080716160,4080719880,upstream_next_down_chain,799.2,40024.5,43496709,2
4080716170,4080721820,upstream_next_down_chain,223.3,223.3,43496246,5
4080716200,4080720570,upstream_next_down_chain,55.7,9793.4,43430630,2
4080716250,4080715820,upstream_next_down_chain,704.3,63060.9,43494593,2
4080716400,4080715820,upstream_next_down_chain,798.2,798.2,43494592,3
4080716560,4080716200,upstream_next_down_chain,444.2,2873.6,43430641,3
4080716700,4080716200,upstream_next_down_chain,32.4,6864.0,43430650,2
4080716710,4080713110,upstream_next_down_chain,340.1,7910.5,43430430,2
4080716720,4080713110,upstream_next_down_chain,19.3,10740.7,43430421,3
4080716810,4080720990,upstream_next_down_chain,250.6,8848.6,43494471,3
4080716990,4080720990,upstream_next_down_chain,147.8,7603.4,43494461,4
4080717010,4080696980,upstream_next_down_chain,629.1,1654.4,43428207,4
4080717130,4080719580,upstream_next_down_chain,990.2,990.3,43496242,5
4080717170,4080696980,upstream_next_down_chain,2602.8,2602.8,43428206,5
4080717410,4080719580,upstream_next_down_chain,659.6,2845.0,43496243,4
4080717440,4080716700,upstream_next_down_chain,898.7,4925.9,43430670,2
4080717550,4080729530,upstream_next_down_chain,26.9,69074.6,43494570,2
4080717560,4080729530,upstream_next_down_chain,862.5,862.5,43494560,3
4080717580,4080738110,upstream_next_down_chain,616.3,616.3,43491209,2
4080717620,4080716700,upstream_next_down_chain,1905.9,1905.9,43430660,3
4080717750,4080720170,upstream_next_down_chain,560.2,560.2,43491608,3
4080717810,4080716720,upstream_next_down_chain,427.0,10256.7,43430423,3
4080717910,4080720170,upstream_next_down_chain,776.4,776.4,43491609,2
4080717920,4080738110,upstream_next_down_chain,300.6,300.7,43491208,3
4080717950,4080716720,upstream_next_down_chain,464.7,464.8,43430422,4
4080718340,4080722050,upstream_next_down_chain,433.5,433.8,43498892,4
4080718360,4080721250,upstream_next_down_chain,216.5,5614.1,43462057,3
4080718440,4080722050,upstream_next_down_chain,1200.4,6327.9,43498893,3
4080718470,4080721250,upstream_next_down_chain,764.3,764.5,43462056,4
4080718630,4080717440,upstream_next_down_chain,1975.3,1975.3,43430680,3
4080718770,4080717440,upstream_next_down_chain,2052.6,2052.7,43430690,2
4080719270,4080723990,upstream_next_down_chain,1114.4,1792.1,43494547,3
4080719300,4080717810,upstream_next_down_chain,1252.6,8845.2,43430425,3
4080719310,4080717810,upstream_next_down_chain,984.6,984.8,43430424,4
4080719420,4080725150,upstream_next_down_chain,389.1,389.1,43496609,3
4080719430,4080725150,upstream_next_down_chain,319.0,319.2,43496608,4
4080719580,4080725410,upstream_next_down_chain,780.3,4615.6,43496241,4
4080719590,4080723990,upstream_next_down_chain,246.9,247.0,43494546,4
4080719700,4080725410,upstream_next_down_chain,1296.3,14227.1,43496250,3
4080719710,4080724750,upstream_next_down_chain,2454.8,132829.2,43463090,2
4080719800,4080724750,upstream_next_down_chain,617.2,3224.6,43463081,3
4080719880,4080738210,upstream_next_down_chain,201.5,40584.8,43496707,2
4080719890,4080738210,upstream_next_down_chain,536.6,536.6,43496706,3
4080720020,4080720350,upstream_next_down_chain,408.1,11989.1,43494279,3
4080720030,4080720350,upstream_next_down_chain,575.7,575.8,43494278,4
4080720050,4080720780,upstream_next_down_chain,224.9,225.1,43491548,3
4080720060,4080720780,upstream_next_down_chain,303.0,303.0,43491549,2
4080720170,4080726590,upstream_next_down_chain,80.8,1417.6,43491607,2
4080720180,4080717010,upstream_next_down_chain,519.0,519.0,43428208,5
4080720350,4080722240,upstream_next_down_chain,1.4,12566.4,43494277,3
4080720370,4080726590,upstream_next_down_chain,530.0,530.2,43491606,3
4080720380,4080717010,upstream_next_down_chain,506.4,506.4,43428209,4
4080720520,4080722240,upstream_next_down_chain,954.9,955.0,43494276,4
4080720570,4080713100,upstream_next_down_chain,1797.0,12475.8,43430610,2
4080720580,4080713100,upstream_next_down_chain,92.8,1685215.8,43430711,1
4080720680,4080699840,upstream_next_down_chain,396.0,396.0,43428409,4
4080720780,4080726730,upstream_next_down_chain,11.1,538.9,43491547,2
4080720790,4080726730,upstream_next_down_chain,158.2,158.2,43491546,3
4080720800,4080699840,upstream_next_down_chain,391.1,391.2,43428408,5
4080720990,4080722070,upstream_next_down_chain,68.3,16520.3,43494459,3
4080721090,4080722070,upstream_next_down_chain,920.1,920.1,43494458,4
4080721250,4080735510,upstream_next_down_chain,186.0,6564.4,43462055,3
4080721370,4080735510,upstream_next_down_chain,220.0,220.0,43462054,4
4080721600,4080727800,upstream_next_down_chain,351.7,351.8,43494246,5
4080721730,4080727800,upstream_next_down_chain,1266.4,2047.0,43494247,4
4080721760,4080723730,intersects_taihu_buffer,395.2,2627.0,43502095,1
4080721820,4080717410,upstream_next_down_chain,603.3,1563.3,43496245,4
4080721830,4080726900,upstream_next_down_chain,185.5,185.5,43494429,4
4080721850,4080723730,intersects_taihu_buffer,1349.0,1349.0,43502094,2
4080721940,4080726900,upstream_next_down_chain,178.2,178.3,43494428,5
4080722000,4080723730,intersects_taihu_buffer,501.7,501.7,43502096,3
4080722040,4080730200,upstream_next_down_chain,1160.1,5165.5,43498881,4
4080722050,4080730200,upstream_next_down_chain,122.9,6884.6,43498891,3
4080722060,4080717410,upstream_next_down_chain,622.1,622.2,43496244,5
4080722070,4080728280,upstream_next_down_chain,246.8,17687.2,43494457,3
4080722240,4080725430,upstream_next_down_chain,79.5,13600.9,43494275,3
4080722440,4080725430,upstream_next_down_chain,233.5,233.5,43494274,4
4080722450,4080728280,upstream_next_down_chain,917.3,917.6,43494456,4
4080722760,4080726710,upstream_next_down_chain,11363.2,151116.0,43499551,1
4080722770,4080726710,upstream_next_down_chain,444.0,5474.7,43499541,2
4080722800,4080722770,upstream_next_down_chain,2122.2,4573.5,43499543,2
4080723000,4080722770,upstream_next_down_chain,456.6,456.9,43499542,3
4080723040,4080728850,upstream_next_down_chain,980.1,980.1,43491809,2
4080723200,4080728850,upstream_next_down_chain,184.1,184.3,43491808,3
4080723460,4080727490,upstream_next_down_chain,3627.1,3627.1,43494448,5
4080723590,4080727490,upstream_next_down_chain,2726.2,2726.6,43494449,4
4080723630,4080725200,intersects_taihu_buffer,1561.8,1561.9,43502092,2
4080723730,4080725200,intersects_taihu_buffer,512.9,4990.4,43502093,1
4080723990,4080726840,upstream_next_down_chain,511.4,2550.4,43494545,3
4080724140,4080726840,upstream_next_down_chain,510.0,510.0,43494544,4
4080724660,4080726950,intersects_taihu_buffer,1407.0,1407.0,43502032,2
4080724750,4080728400,upstream_next_down_chain,647.0,136701.0,43463070,2
4080724900,4080728400,upstream_next_down_chain,1112.4,1112.4,43463060,3
4080724940,4080726950,intersects_taihu_buffer,124.9,21067.1,43502033,1
4080725140,4080734110,upstream_next_down_chain,310.7,310.8,43496606,4
4080725150,4080734110,upstream_next_down_chain,438.8,1146.8,43496607,3
4080725170,4080720580,upstream_next_down_chain,508.3,1684592.5,43430713,1
4080725180,4080720580,upstream_next_down_chain,531.9,532.1,43430712,2
4080725200,4080733580,intersects_taihu_buffer,109.5,6661.6,43502091,1
4080725210,4080733580,intersects_taihu_buffer,1800.3,1800.3,43502080,2
4080725410,4080732940,upstream_next_down_chain,342.3,19185.1,43496239,3
4080725430,4080731990,upstream_next_down_chain,248.0,14082.4,43494273,3
4080725570,4080736470,upstream_next_down_chain,408.3,408.3,43499529,2
4080725600,4080731990,upstream_next_down_chain,240.6,240.6,43494272,4
4080725750,4080736470,upstream_next_down_chain,539.6,539.6,43499528,3
4080725790,4080732940,upstream_next_down_chain,532.5,532.5,43496238,4
4080726350,4080728040,upstream_next_down_chain,1509.4,1509.4,43462028,5
4080726360,4080728040,upstream_next_down_chain,1073.0,1073.0,43462029,4
4080726470,4080724940,intersects_taihu_buffer,195.1,195.2,43502034,2
4080726590,4080727820,upstream_next_down_chain,997.7,2816.8,43491605,2
4080726600,4080727820,upstream_next_down_chain,489.7,489.7,43491604,3
4080726610,4080724940,intersects_taihu_buffer,654.9,20747.0,43502035,1
4080726710,4080728670,upstream_next_down_chain,198.0,156788.4,43499535,1
4080726720,4080730690,upstream_next_down_chain,682.0,682.0,43491544,3
4080726730,4080730690,upstream_next_down_chain,489.8,1186.8,43491545,2
4080726830,4080728670,upstream_next_down_chain,2886.8,2886.8,43499534,2
4080726840,4080729840,upstream_next_down_chain,182.1,3242.3,43494543,3
4080726850,4080716710,upstream_next_down_chain,1236.6,1236.6,43430440,3
4080726860,4080716710,upstream_next_down_chain,1791.9,6333.9,43430450,2
4080726900,4080731360,upstream_next_down_chain,271.5,635.2,43494427,4
4080726910,4080731360,upstream_next_down_chain,338.4,338.4,43494426,5
4080726950,4080010150,intersects_taihu_buffer,1121.0,23595.2,43502031,1
4080727060,4080729840,upstream_next_down_chain,192.1,192.1,43494542,4
4080727270,4080010150,intersects_taihu_buffer,2392.5,2392.5,43502020,2
4080727490,4080731380,upstream_next_down_chain,523.8,6877.0,43494447,4
4080727500,4080731380,upstream_next_down_chain,1943.4,1943.7,43494446,5
4080727790,4080728150,upstream_next_down_chain,991.4,991.4,43494244,5
4080727800,4080728150,upstream_next_down_chain,228.6,2627.5,43494245,4
4080727820,4080732480,upstream_next_down_chain,47.2,3353.6,43491603,2
4080727830,4080732480,upstream_next_down_chain,549.4,549.5,43491602,3
4080728000,4080736800,upstream_next_down_chain,567.0,567.0,43494242,5
4080728040,4080739350,upstream_next_down_chain,16.6,2598.7,43462027,4
4080728150,4080736800,upstream_next_down_chain,87.8,3706.7,43494243,4
4080728170,4080739350,upstream_next_down_chain,376.8,376.8,43462026,5
4080728280,4080732140,upstream_next_down_chain,223.3,18828.0,43494455,3
4080728390,4080732140,upstream_next_down_chain,325.7,325.7,43494454,4
4080728400,4080738410,upstream_next_down_chain,307.4,138120.5,43463050,2
4080728410,4080738410,upstream_next_down_chain,1643.2,1643.2,43463040,3
4080728670,4080733720,upstream_next_down_chain,441.0,160115.8,43499533,1
4080728830,4080733720,upstream_next_down_chain,4644.8,4644.9,43499532,2
4080728850,4080730240,upstream_next_down_chain,275.1,1439.6,43491807,2
4080729030,4080730240,upstream_next_down_chain,1712.0,1712.0,43491806,3
4080729530,4080741780,upstream_next_down_chain,1078.9,71015.3,43494550,2
4080729840,4080741780,upstream_next_down_chain,261.5,3696.1,43494541,3
4080730090,4080741720,upstream_next_down_chain,914.7,914.7,43498860,4
4080730200,4080741720,upstream_next_down_chain,879.6,12929.7,43498870,3
4080730240,4080732010,upstream_next_down_chain,83.1,3234.4,43491805,2
4080730310,4080732010,upstream_next_down_chain,1173.3,1173.3,43491804,3
4080730320,4080731410,upstream_next_down_chain,937.7,937.8,43450809,2
4080730420,4080731410,upstream_next_down_chain,736.9,736.9,43450808,3
4080730690,4080736110,upstream_next_down_chain,222.1,2090.6,43491543,2
4080730850,4080736110,upstream_next_down_chain,921.9,921.9,43491542,3
4080731010,4080719300,intersects_taihu_buffer,3639.9,3640.2,43430426,4
4080731100,4080719300,upstream_next_down_chain,1371.9,3952.3,43430427,3
4080731170,4080739530,upstream_next_down_chain,997.1,997.1,43494422,5
4080731360,4080731530,upstream_next_down_chain,287.3,1260.6,43494425,4
4080731380,4080734600,upstream_next_down_chain,285.4,9106.2,43494445,4
4080731410,4080731720,upstream_next_down_chain,21.9,1696.3,43450807,2
4080731420,4080725170,upstream_next_down_chain,466.8,1683371.3,43430715,1
4080731430,4080725170,upstream_next_down_chain,717.7,717.7,43430714,2
4080731530,4080739530,upstream_next_down_chain,0.5,1526.0,43494423,4
4080731540,4080734600,upstream_next_down_chain,952.3,952.3,43494444,5
4080731570,4080742560,upstream_next_down_chain,521.6,521.6,43450804,3
4080731580,4080731720,upstream_next_down_chain,340.4,340.6,43450806,3
4080731630,4080731530,upstream_next_down_chain,264.7,264.9,43494424,5
4080731640,4080731420,upstream_next_down_chain,686.1,686.2,43430716,2
4080731720,4080742560,upstream_next_down_chain,52.8,2089.5,43450805,2
4080731860,4080731420,upstream_next_down_chain,134.0,1682221.4,43430717,1
4080731990,4080736990,upstream_next_down_chain,498.9,14821.8,43494271,3
4080732000,4080733760,upstream_next_down_chain,172.5,172.6,43494452,4
4080732010,4080736830,upstream_next_down_chain,437.7,4845.4,43491803,2
4080732130,4080736990,upstream_next_down_chain,2590.3,2590.6,43494260,4
4080732140,4080733760,upstream_next_down_chain,354.5,19507.6,43494453,3
4080732290,4080736830,upstream_next_down_chain,175.7,175.7,43491802,3
4080732480,4080733490,upstream_next_down_chain,299.2,4202.1,43491601,2
4080732820,4080733490,upstream_next_down_chain,330.0,963625.1,43491710,1
4080732930,4080734990,upstream_next_down_chain,1737.0,1737.2,43496236,4
4080732940,4080734990,upstream_next_down_chain,318.1,20035.5,43496237,3
4080733210,4080735020,upstream_next_down_chain,1057.3,1057.3,43491580,2
4080733490,4080735020,upstream_next_down_chain,1824.2,969652.7,43491590,1
4080733550,4080734610,upstream_next_down_chain,1878.1,1878.1,43491740,2
4080733580,4080734800,intersects_taihu_buffer,1763.7,10225.9,43502070,1
4080733590,4080726610,intersects_taihu_buffer,72.2,19219.7,43502037,1
4080733600,4080726610,intersects_taihu_buffer,872.6,872.6,43502036,2
4080733720,4080767590,upstream_next_down_chain,280.4,165041.0,43499531,1
4080733760,4080739540,upstream_next_down_chain,63.1,19743.5,43494451,3
4080733770,4080739540,upstream_next_down_chain,41.2,11080.9,43494441,4
4080733780,4080734610,upstream_next_down_chain,2180.5,959346.3,43491750,1
4080733870,4080767590,upstream_next_down_chain,887.5,5474.9,43499521,2
4080733930,4080734800,intersects_taihu_buffer,139.4,3156.0,43502061,2
4080734080,4080722800,upstream_next_down_chain,359.8,1926.2,43499545,2
4080734090,4080722800,upstream_next_down_chain,525.0,525.0,43499544,3
4080734110,4080734710,upstream_next_down_chain,469.8,1927.4,43496605,3
4080734230,4080733870,upstream_next_down_chain,165.0,4200.6,43499523,2
4080734260,4080734710,upstream_next_down_chain,1763.1,1763.1,43496604,4
4080734410,4080733870,upstream_next_down_chain,386.6,386.6,43499522,3
4080734600,4080733770,upstream_next_down_chain,179.5,10238.0,43494443,4
4080734610,4080732820,upstream_next_down_chain,441.1,961665.3,43491730,1
4080734710,4080738870,upstream_next_down_chain,155.7,3845.9,43496603,3
4080734750,4080733770,upstream_next_down_chain,801.8,801.8,43494442,5
4080734800,4080734930,intersects_taihu_buffer,61.7,13443.6,43502050,1
4080734830,4080738870,upstream_next_down_chain,395.6,395.6,43496602,4
4080734900,4080732820,upstream_next_down_chain,1629.3,1629.3,43491720,2
4080734920,4080734930,intersects_taihu_buffer,52.4,4560.2,43502041,2
4080734930,4080733590,intersects_taihu_buffer,252.3,18255.9,43502039,1
4080734990,4080751960,upstream_next_down_chain,81.1,21854.0,43496235,3
4080735020,4080736100,upstream_next_down_chain,432.7,971143.5,43491570,1
4080735040,4080733590,intersects_taihu_buffer,891.3,891.4,43502038,2
4080735140,4080736100,upstream_next_down_chain,784.9,784.9,43491560,2
4080735260,4080751960,upstream_next_down_chain,602.1,602.1,43496234,4
4080735510,4080741820,upstream_next_down_chain,1003.6,7788.0,43462053,3
4080735520,4080740780,upstream_next_down_chain,731.7,731.9,43450408,3
4080735530,4080740780,upstream_next_down_chain,465.0,465.0,43450409,2
4080735540,4080731860,upstream_next_down_chain,552.8,552.8,43430718,2
4080735680,4080741820,upstream_next_down_chain,949.2,949.2,43462052,4
4080735690,4080731860,upstream_next_down_chain,113.3,1681535.8,43430719,1
4080736060,4080736790,upstream_next_down_chain,1476.2,1476.2,43495698,3
4080736100,4080743530,upstream_next_down_chain,728.2,972657.4,43491550,1
4080736110,4080743530,upstream_next_down_chain,199.5,3211.9,43491541,2
4080736260,4080736790,upstream_next_down_chain,1359.4,1359.6,43495699,2
4080736300,4080737110,upstream_next_down_chain,1716.5,1716.5,43491780,2
4080736470,4080736630,upstream_next_down_chain,1297.4,2245.4,43499527,2
4080736520,4080737110,upstream_next_down_chain,287.5,952331.5,43491790,1
4080736630,4080734230,upstream_next_down_chain,0.4,2761.8,43499525,2
4080736750,4080736630,upstream_next_down_chain,516.2,516.2,43499526,3
4080736760,4080734230,upstream_next_down_chain,1273.6,1273.8,43499524,3
4080736790,4080739250,upstream_next_down_chain,4.9,2840.6,43495697,2
4080736800,4080741170,upstream_next_down_chain,788.1,5061.6,43494241,4
4080736820,4080736520,upstream_next_down_chain,2141.2,946877.7,43491910,1
4080736830,4080736520,upstream_next_down_chain,144.5,5165.5,43491801,2
4080736980,4080739250,upstream_next_down_chain,1142.4,1142.4,43495696,3
4080736990,4080741170,upstream_next_down_chain,892.9,18305.4,43494250,3
4080737030,4080734920,intersects_taihu_buffer,359.5,359.5,43502042,3
4080737110,4080733780,upstream_next_down_chain,56.9,954104.9,43491770,1
4080737140,4080734920,intersects_taihu_buffer,407.4,4148.5,43502043,2
4080737400,4080733780,upstream_next_down_chain,215.9,3058.7,43491761,2
4080738010,4080743260,upstream_next_down_chain,194.4,194.4,43491206,3
4080738110,4080743260,upstream_next_down_chain,1806.1,2723.5,43491207,2
4080738130,4080733930,intersects_taihu_buffer,843.3,843.3,43502062,3
4080738210,4080738620,upstream_next_down_chain,1925.4,43046.7,43496705,2
4080738230,4080733930,intersects_taihu_buffer,446.7,2173.3,43502063,2
4080738250,4080738620,upstream_next_down_chain,2516.1,2516.1,43496704,3
4080738400,4080752610,upstream_next_down_chain,624.8,624.8,43463038,3
4080738410,4080752610,upstream_next_down_chain,857.9,140621.5,43463037,2
4080738480,4080734080,upstream_next_down_chain,20.3,860.1,43499547,2
4080738490,4080734080,upstream_next_down_chain,706.1,706.2,43499546,3
4080738510,4080752610,upstream_next_down_chain,388.1,388.1,43463036,4
4080738620,4080738860,upstream_next_down_chain,3.9,45566.7,43496703,2
4080738720,4080738860,upstream_next_down_chain,1837.5,1837.5,43496702,3
4080738860,4080743640,upstream_next_down_chain,3.5,47407.4,43496701,2
4080738870,4080743640,upstream_next_down_chain,1016.5,5258.0,43496601,3
4080739250,4080753060,upstream_next_down_chain,999.2,4982.0,43495695,2
4080739350,4080740530,upstream_next_down_chain,520.8,3496.2,43462025,4
4080739420,4080753060,upstream_next_down_chain,1442.6,1442.6,43495694,3
4080739440,4080740530,upstream_next_down_chain,309.8,309.8,43462024,5
4080739530,4080741490,upstream_next_down_chain,624.2,3147.3,43494421,4
4080739540,4080741490,upstream_next_down_chain,654.8,31479.4,43494430,3
4080739660,4080738480,upstream_next_down_chain,420.2,420.2,43499549,2
4080739670,4080738480,upstream_next_down_chain,419.6,419.7,43499548,3
4080739980,4080735690,upstream_next_down_chain,1262.4,1680151.6,43430730,1
4080739990,4080735690,upstream_next_down_chain,1273.1,1273.1,43430720,2
4080740390,4080737140,intersects_taihu_buffer,492.6,2884.0,43502045,2
4080740500,4080737140,intersects_taihu_buffer,857.1,857.2,43502044,3
4080740530,4080741990,upstream_next_down_chain,18.3,3824.5,43462023,4
4080740610,4080737400,upstream_next_down_chain,373.9,2175.6,43491763,2
4080740620,4080741990,upstream_next_down_chain,195.8,195.8,43462022,5
4080740730,4080737400,upstream_next_down_chain,667.0,667.2,43491762,3
4080740780,4080742580,upstream_next_down_chain,219.2,1416.2,43450407,2
4080740850,4080742580,upstream_next_down_chain,763.0,763.0,43450406,3
4080741090,4080738230,intersects_taihu_buffer,301.4,301.5,43502064,3
4080741170,4080746520,upstream_next_down_chain,366.2,23733.1,43494239,3
4080741180,4080746520,upstream_next_down_chain,532.5,532.5,43494238,4
4080741290,4080741840,upstream_next_down_chain,737.9,737.9,43430766,3
4080741300,4080738230,intersects_taihu_buffer,85.0,1424.9,43502065,2
4080741390,4080741980,upstream_next_down_chain,1676.2,1676.2,43462042,5
4080741410,4080741840,upstream_next_down_chain,75.1,1369.2,43430767,2
4080741480,4080744330,upstream_next_down_chain,425.4,425.4,43494418,4
4080741490,4080744330,upstream_next_down_chain,82.0,34708.8,43494419,3
4080741630,4080741980,upstream_next_down_chain,33.0,4359.2,43462043,4
4080741640,4080744210,upstream_next_down_chain,725.9,725.9,43430764,3
4080741710,4080747330,upstream_next_down_chain,957.2,957.2,43498840,4
4080741720,4080747330,upstream_next_down_chain,1539.6,15383.9,43498850,3
4080741770,4080749530,upstream_next_down_chain,832.0,832.0,43494520,3
4080741780,4080749530,upstream_next_down_chain,2602.3,77314.4,43494530,2
4080741820,4080742140,upstream_next_down_chain,238.8,8975.8,43462051,3
4080741830,4080741410,upstream_next_down_chain,933.3,933.4,43430769,2
4080741840,4080744210,upstream_next_down_chain,34.0,2141.0,43430765,2
4080741980,4080742140,upstream_next_down_chain,249.2,6284.6,43462041,4
4080741990,4080744360,upstream_next_down_chain,18.4,4038.6,43462021,4
4080742000,4080741410,upstream_next_down_chain,360.5,360.6,43430768,3
4080742140,4080744360,upstream_next_down_chain,36.1,15296.5,43462030,3
4080742320,4080741630,upstream_next_down_chain,1312.9,1313.1,43462044,5
4080742410,4080741630,upstream_next_down_chain,112.4,3013.1,43462045,4
4080742420,4080745240,upstream_next_down_chain,211.6,211.7,43450404,3
4080742560,4080748330,upstream_next_down_chain,687.0,3298.3,43450803,2
4080742570,4080748330,upstream_next_down_chain,765.1,765.1,43450802,3
4080742580,4080745240,upstream_next_down_chain,109.4,2288.6,43450405,2
4080743150,4080750530,upstream_next_down_chain,2929.2,2929.3,43491204,3
4080743260,4080750530,upstream_next_down_chain,544.1,3461.6,43491205,2
4080743310,4080739980,upstream_next_down_chain,999.6,1676673.3,43430750,1
4080743410,4080739980,upstream_next_down_chain,2218.9,2218.9,43430740,2
4080743520,4080751720,upstream_next_down_chain,624.7,624.8,43496598,3
4080743530,4080752740,upstream_next_down_chain,2174.9,978046.4,43491530,1
4080743640,4080751720,upstream_next_down_chain,442.5,53108.1,43496599,2
4080743670,4080752740,upstream_next_down_chain,1948.7,1948.7,43491520,2
4080743680,4080741300,intersects_taihu_buffer,183.8,992.4,43502067,2
4080743800,4080741300,intersects_taihu_buffer,347.7,347.7,43502066,3
4080744020,4080742410,upstream_next_down_chain,870.0,870.3,43462046,5
4080744190,4080744350,upstream_next_down_chain,403.6,403.6,43462048,5
4080744210,4080745840,upstream_next_down_chain,463.1,3329.6,43430763,2
4080744330,4080750950,upstream_next_down_chain,147.3,35281.4,43494417,3
4080744340,4080744350,upstream_next_down_chain,1118.8,1118.8,43462049,4
4080744350,4080742410,upstream_next_down_chain,508.5,2030.4,43462047,4
4080744360,4080748300,upstream_next_down_chain,126.6,19461.7,43462010,3
4080744580,4080745840,upstream_next_down_chain,266.3,266.6,43430762,3
4080744650,4080750950,upstream_next_down_chain,524.3,524.4,43494416,4
4080744670,4080748300,upstream_next_down_chain,271.8,145336.2,43463010,2
4080744760,4080747050,upstream_next_down_chain,111.4,1461224.5,43450905,1
4080744810,4080747050,upstream_next_down_chain,2768.4,2768.4,43450904,2
4080744990,4080731100,upstream_next_down_chain,1228.9,1228.9,43430429,3
4080745000,4080731100,upstream_next_down_chain,1351.5,1351.7,43430428,4
4080745140,4080749210,upstream_next_down_chain,6298.6,38568.2,43498931,2
4080745200,4080740610,upstream_next_down_chain,195.7,1428.3,43491765,2
4080745210,4080740610,upstream_next_down_chain,373.5,373.5,43491764,3
4080745230,4080744760,upstream_next_down_chain,1591.0,1591.1,43450906,2
4080745240,4080752770,upstream_next_down_chain,134.2,2634.2,43450403,2
4080745470,4080752770,upstream_next_down_chain,181.2,181.2,43450402,3
4080745480,4080726860,upstream_next_down_chain,725.3,3477.7,43430470,2
4080745610,4080749210,upstream_next_down_chain,2194.7,2194.8,43498920,3
4080745660,4080744670,upstream_next_down_chain,873.0,873.0,43463020,3
4080745670,4080744760,upstream_next_down_chain,7.3,1459523.6,43450907,1
4080745680,4080726860,upstream_next_down_chain,1064.0,1064.0,43430460,3
4080745690,4080743680,upstream_next_down_chain,426.0,426.0,43502069,2
4080745840,4080743310,upstream_next_down_chain,57.8,3654.2,43430761,2
4080746080,4080744670,upstream_next_down_chain,46.2,144191.5,43463031,2
4080746090,4080743310,upstream_next_down_chain,128.7,1672022.8,43430770,1
4080746110,4080743680,upstream_next_down_chain,382.7,382.7,43502068,3
4080746270,4080745670,upstream_next_down_chain,190.1,190.1,43450908,2
4080746380,4080745670,upstream_next_down_chain,48.2,1459326.9,43450909,1
4080746520,4080747040,upstream_next_down_chain,223.3,24489.0,43494237,3
4080746680,4080747040,upstream_next_down_chain,2200.3,2200.4,43494236,4
4080747040,4080759840,upstream_next_down_chain,49.0,26738.4,43494235,3
4080747050,4080748320,upstream_next_down_chain,157.3,1464150.3,43450903,1
4080747060,4080748320,upstream_next_down_chain,2188.5,2188.5,43450902,2
4080747130,4080759840,upstream_next_down_chain,731.4,731.6,43494234,4
4080747330,4080758850,upstream_next_down_chain,244.8,16585.6,43498830,3
4080747430,4080758850,upstream_next_down_chain,944.4,944.5,43498820,4
4080747850,4080746080,upstream_next_down_chain,384.9,143955.8,43463033,2
4080748110,4080746080,upstream_next_down_chain,189.5,189.5,43463032,3
4080748300,4080746380,upstream_next_down_chain,508.2,165306.1,43461000,2
4080748310,4080746380,upstream_next_down_chain,530.5,1293973.9,43470010,1
4080748320,4080752200,upstream_next_down_chain,253.9,1466589.4,43450901,1
4080748330,4080752200,upstream_next_down_chain,467.4,4530.4,43450801,2
4080748610,4080751440,upstream_next_down_chain,828.4,828.4,43430809,2
4080748900,4080751440,upstream_next_down_chain,479.5,479.8,43430808,3
4080749210,4080751500,upstream_next_down_chain,266.4,41029.4,43498919,2
4080749360,4080751500,upstream_next_down_chain,515.0,515.0,43498918,3
4080749530,4080751220,upstream_next_down_chain,793.7,78940.0,43494519,2
4080749720,4080751220,upstream_next_down_chain,670.8,670.8,43494518,3
4080749730,4080745200,upstream_next_down_chain,4.5,1043.4,43491767,2
4080749740,4080745200,upstream_next_down_chain,189.0,189.1,43491766,3
4080749820,4080755150,upstream_next_down_chain,193.0,193.0,43493048,3
4080749830,4080755150,upstream_next_down_chain,456.1,456.2,43493049,2
4080749890,4080740390,intersects_taihu_buffer,726.7,726.8,43502046,3
4080749960,4080740390,intersects_taihu_buffer,145.6,1664.7,43502047,2
4080750030,4080749730,upstream_next_down_chain,497.3,497.3,43491768,3
4080750040,4080749730,upstream_next_down_chain,541.9,541.9,43491769,2
4080750050,4080750170,upstream_next_down_chain,719.6,5638.5,43430801,2
4080750110,4080763410,upstream_next_down_chain,204.0,204.0,43493088,3
4080750120,4080763410,upstream_next_down_chain,344.4,344.5,43493089,2
4080750140,4080752730,upstream_next_down_chain,504.7,504.7,43491432,3
4080750160,4080750170,upstream_next_down_chain,199.4,1664618.3,43430910,1
4080750170,4080746090,upstream_next_down_chain,139.4,1670394.3,43430790,1
4080750370,4080746090,upstream_next_down_chain,1502.1,1502.1,43430780,2
4080750520,4080752730,upstream_next_down_chain,1606.9,14499.9,43491433,2
4080750530,4080756820,upstream_next_down_chain,634.1,7025.0,43491203,2
4080750660,4080756820,upstream_next_down_chain,183.1,183.2,43491202,3
4080750950,4080758380,upstream_next_down_chain,680.4,36485.7,43494415,3
4080751220,4080757210,upstream_next_down_chain,215.1,79826.1,43494517,2
4080751230,4080757210,upstream_next_down_chain,296.6,296.8,43494516,3
4080751240,4080758380,upstream_next_down_chain,490.9,490.9,43494414,4
4080751250,4080751610,upstream_next_down_chain,2014.6,2014.6,43430804,3
4080751300,4080751310,upstream_next_down_chain,227.0,227.0,43430806,3
4080751310,4080751610,upstream_next_down_chain,94.1,2506.1,43430805,2
4080751410,4080757570,upstream_next_down_chain,272.4,272.4,43498916,3
4080751430,4080748310,upstream_next_down_chain,2203.9,2204.4,43470020,2
4080751440,4080751310,upstream_next_down_chain,876.8,2185.0,43430807,2
4080751500,4080757570,upstream_next_down_chain,267.4,41812.0,43498917,2
4080751580,4080752160,upstream_next_down_chain,502.4,10827.3,43491437,2
4080751590,4080752160,upstream_next_down_chain,910.6,910.6,43491436,3
4080751600,4080748310,upstream_next_down_chain,724.3,1291240.6,43470030,1
4080751610,4080750050,upstream_next_down_chain,4.3,4525.1,43430803,2
4080751620,4080750050,upstream_next_down_chain,394.0,394.0,43430802,3
4080751630,4080745480,upstream_next_down_chain,2048.8,2048.8,43430490,2
4080751640,4080745480,upstream_next_down_chain,703.5,703.6,43430480,3
4080751720,4080754510,upstream_next_down_chain,763.7,54496.5,43496597,2
4080751790,4080754510,upstream_next_down_chain,498.0,498.2,43496596,3
4080751950,4080752710,upstream_next_down_chain,1150.0,1150.4,43496232,4
4080751960,4080752710,upstream_next_down_chain,1088.1,23543.4,43496233,3
4080752160,4080750520,upstream_next_down_chain,741.2,12449.9,43491435,2
4080752200,4080752890,upstream_next_down_chain,130.3,1471249.3,43450700,1
4080752300,4080750520,upstream_next_down_chain,443.3,443.3,43491434,3
4080752330,4080747850,upstream_next_down_chain,265.6,266.0,43463034,3
4080752520,4080752890,upstream_next_down_chain,68.4,3232.2,43450601,2
4080752580,4080755460,upstream_next_down_chain,938.7,938.9,43496228,5
4080752600,4080753450,upstream_next_down_chain,349.8,349.8,43470046,3
4080752610,4080747850,upstream_next_down_chain,1670.0,143304.9,43463035,2
4080752700,4080755460,upstream_next_down_chain,446.8,446.8,43496229,4
4080752710,4080758150,upstream_next_down_chain,9.4,24703.3,43496231,3
4080752730,4080752870,upstream_next_down_chain,464.5,15468.9,43491431,2
4080752740,4080756940,upstream_next_down_chain,1194.3,981190.5,43491510,1
4080752750,4080752760,upstream_next_down_chain,1152.8,1152.8,43470049,2
4080752760,4080753450,upstream_next_down_chain,33.1,1506.2,43470047,2
4080752770,4080756950,upstream_next_down_chain,503.1,3318.9,43450401,2
4080752830,4080752840,upstream_next_down_chain,144.9,144.9,43496222,5
4080752840,4080758150,upstream_next_down_chain,7.6,3615.2,43496221,4
4080752860,4080752870,upstream_next_down_chain,1204.3,1204.6,43491420,3
4080752870,4080756940,upstream_next_down_chain,23.1,16696.7,43491410,2
4080752880,4080752760,upstream_next_down_chain,319.8,319.8,43470048,3
4080752890,4080756950,upstream_next_down_chain,215.7,1474695.6,43450500,1
4080753060,4080760490,upstream_next_down_chain,1370.5,7794.9,43495693,2
4080753200,4080752840,upstream_next_down_chain,42.2,3462.8,43496223,4
4080753270,4080760670,upstream_next_down_chain,609.2,609.4,43470044,3
4080753410,4080760490,upstream_next_down_chain,881.6,881.6,43495692,3
4080753450,4080760670,upstream_next_down_chain,157.5,2013.1,43470045,2
4080753620,4080736820,upstream_next_down_chain,742.0,742.1,43491920,2
4080753740,4080761410,upstream_next_down_chain,1351.0,1351.4,43496480,4
4080753750,4080761410,upstream_next_down_chain,1400.9,1400.9,43496490,3
4080753790,4080736820,upstream_next_down_chain,224.5,943991.6,43491930,1
4080753800,4080751580,upstream_next_down_chain,184.5,9712.5,43491439,2
4080753910,4080753800,upstream_next_down_chain,1229.4,1229.6,43491440,3
4080753920,4080751580,upstream_next_down_chain,612.6,612.6,43491438,3
4080754030,4080753800,upstream_next_down_chain,1235.0,8298.5,43491450,2
4080754170,4080754980,upstream_next_down_chain,1446.2,1446.2,43491499,2
4080754180,4080752520,upstream_next_down_chain,547.5,547.6,43450602,3
4080754370,4080754980,upstream_next_down_chain,349.6,349.6,43491498,3
4080754380,4080752520,upstream_next_down_chain,35.5,2616.3,43450603,2
4080754400,4080749960,upstream_next_down_chain,617.5,617.8,43502048,3
4080754410,4080749960,upstream_next_down_chain,901.5,901.5,43502049,2
4080754510,4080756180,upstream_next_down_chain,120.0,55114.7,43496595,2
4080754620,4080759730,upstream_next_down_chain,175.5,2271.9,43491495,2
4080754740,4080756180,upstream_next_down_chain,195.6,195.7,43496594,3
4080754750,4080760400,upstream_next_down_chain,666.2,666.4,43494229,4
4080754760,4080759730,upstream_next_down_chain,575.8,576.1,43491494,3
4080754820,4080753200,upstream_next_down_chain,821.3,821.4,43496224,5
4080754960,4080760400,upstream_next_down_chain,532.3,532.5,43494228,5
4080754970,4080761200,upstream_next_down_chain,257.4,257.4,43493046,3
4080754980,4080754620,upstream_next_down_chain,51.0,1846.5,43491497,2
4080755120,4080753200,upstream_next_down_chain,14.1,2599.2,43496225,4
4080755150,4080761200,upstream_next_down_chain,251.4,900.8,43493047,2
4080755290,4080754620,upstream_next_down_chain,250.0,250.0,43491496,3
4080755460,4080755120,upstream_next_down_chain,381.0,1766.5,43496227,4
4080755620,4080754380,upstream_next_down_chain,919.4,919.4,43450604,3
4080755740,4080755120,upstream_next_down_chain,818.7,818.7,43496226,5
4080755770,4080754380,upstream_next_down_chain,7.8,1661.4,43450605,2
4080756000,4080750160,upstream_next_down_chain,800.8,800.8,43430920,2
4080756090,4080753790,upstream_next_down_chain,923.8,923.8,43491940,2
4080756120,4080750160,upstream_next_down_chain,100.7,1663620.6,43430930,1
4080756180,4080762770,upstream_next_down_chain,45.9,55356.4,43496593,2
4080756230,4080753790,upstream_next_down_chain,1222.6,942842.9,43491950,1
4080756380,4080762770,upstream_next_down_chain,1115.1,1115.1,43496592,3
4080756690,4080755770,upstream_next_down_chain,469.0,469.0,43450606,3
4080756820,4080764590,upstream_next_down_chain,116.9,7325.0,43491201,2
4080756830,4080755770,upstream_next_down_chain,378.8,1184.6,43450607,2
4080756940,4080764590,upstream_next_down_chain,2075.6,999965.0,43491300,1
4080756950,4080760430,upstream_next_down_chain,229.4,1478243.3,43450309,1
4080756960,4080760430,upstream_next_down_chain,2604.4,2604.5,43450308,2
4080757060,4080754030,upstream_next_down_chain,1626.3,1626.3,43491460,3
4080757140,4080754030,upstream_next_down_chain,25.2,5436.8,43491470,2
4080757210,4080758160,upstream_next_down_chain,232.4,80355.3,43494515,2
4080757220,4080758160,upstream_next_down_chain,764.3,764.3,43494514,3
4080757570,4080758640,upstream_next_down_chain,688.0,42772.0,43498915,2
4080757700,4080758640,upstream_next_down_chain,582.0,582.4,43498914,3
4080758150,4080765030,upstream_next_down_chain,365.2,28684.1,43496219,3
4080758160,4080764320,upstream_next_down_chain,52.1,81171.5,43494513,2
4080758170,4080764560,upstream_next_down_chain,231.5,231.5,43494412,4
4080758340,4080765030,upstream_next_down_chain,1960.9,1960.9,43496218,4
4080758370,4080764320,upstream_next_down_chain,355.2,355.3,43494512,3
4080758380,4080764560,upstream_next_down_chain,1053.4,38030.4,43494413,3
4080758640,4080758990,upstream_next_down_chain,21.7,43376.1,43498913,2
4080758650,4080757140,upstream_next_down_chain,145.4,3936.2,43491491,2
4080758660,4080757140,upstream_next_down_chain,1475.3,1475.4,43491480,3
4080758700,4080758990,upstream_next_down_chain,466.3,466.3,43498912,3
4080758850,4080759120,upstream_next_down_chain,1686.6,19216.5,43498810,3
4080758980,4080774470,upstream_next_down_chain,437.5,437.5,43498480,4
4080758990,4080759120,upstream_next_down_chain,415.7,44258.0,43498911,2
4080759030,4080751600,upstream_next_down_chain,403.8,5276.2,43470041,2
4080759120,4080764530,upstream_next_down_chain,8.6,63483.2,43498709,2
4080759170,4080751600,upstream_next_down_chain,170.8,1285246.3,43470050,1
4080759290,4080774470,upstream_next_down_chain,355.3,355.4,43498490,3
4080759310,4080764530,upstream_next_down_chain,1858.6,1858.8,43498708,3
4080759340,4080756120,upstream_next_down_chain,736.1,736.1,43430940,2
4080759460,4080756120,upstream_next_down_chain,312.2,1662785.1,43430950,1
4080759710,4080765290,upstream_next_down_chain,276.5,276.5,43494232,4
4080759730,4080758650,upstream_next_down_chain,622.4,3470.4,43491493,2
4080759770,4080759170,upstream_next_down_chain,168.0,1280951.6,43470071,1
4080759840,4080765290,upstream_next_down_chain,1461.6,28931.6,43494233,3
4080759850,4080759170,upstream_next_down_chain,643.8,4124.7,43470061,2
4080759910,4080758650,upstream_next_down_chain,320.5,320.5,43491492,3
4080760390,4080766890,upstream_next_down_chain,1961.3,1961.3,43495680,3
4080760400,4080761550,upstream_next_down_chain,419.0,1617.5,43494227,4
4080760430,4080761690,upstream_next_down_chain,605.5,1481451.4,43450307,1
4080760440,4080762170,upstream_next_down_chain,378.5,378.5,43504409,2
4080760490,4080766890,upstream_next_down_chain,448.8,9125.1,43495691,2
4080760510,4080762170,upstream_next_down_chain,373.8,373.8,43504408,3
4080760640,4080761550,upstream_next_down_chain,737.7,737.7,43494226,5
4080760670,4080759030,upstream_next_down_chain,1697.0,4319.2,43470043,2
4080760680,4080761690,upstream_next_down_chain,1145.9,1146.2,43450306,2
4080760920,4080759030,upstream_next_down_chain,553.1,553.2,43470042,3
4080760990,4080762810,upstream_next_down_chain,751.4,751.7,43430962,3
4080761080,4080762810,upstream_next_down_chain,894.1,4064.5,43430963,2
4080761200,4080767690,upstream_next_down_chain,551.3,1709.3,43493045,2
4080761410,4080764720,upstream_next_down_chain,323.2,3075.5,43496470,3
4080761420,4080767690,upstream_next_down_chain,544.4,544.7,43493044,3
4080761440,4080759770,upstream_next_down_chain,1373.6,1373.6,43470072,2
4080761540,4080764720,upstream_next_down_chain,1389.0,1389.0,43496460,4
4080761550,4080766770,upstream_next_down_chain,32.1,2387.3,43494225,4
4080761560,4080759770,upstream_next_down_chain,22.6,1279415.1,43470073,1
4080761690,4080764010,upstream_next_down_chain,78.8,1482675.8,43450305,1
4080761700,4080764010,upstream_next_down_chain,2148.2,2148.2,43450304,2
4080761850,4080766770,upstream_next_down_chain,701.8,701.8,43494224,5
4080761860,4080767460,upstream_next_down_chain,242.6,242.7,43491968,3
4080761880,4080010370,upstream_next_down_chain,407.6,38390.5,43504301,1
4080761890,4080010370,upstream_next_down_chain,14.0,3543.0,43504201,2
4080761970,4080767460,upstream_next_down_chain,346.2,346.2,43491969,2
4080762160,4080763740,upstream_next_down_chain,304.9,304.9,43504406,3
4080762170,4080763740,upstream_next_down_chain,253.5,1005.4,43504407,2
4080762600,4080761560,upstream_next_down_chain,843.7,843.8,43470074,2
4080762770,4080782650,upstream_next_down_chain,524.2,56995.4,43496591,2
4080762800,4080761560,upstream_next_down_chain,292.9,1278549.1,43470075,1
4080762810,4080759460,upstream_next_down_chain,177.3,4993.7,43430961,2
4080762970,4080782650,upstream_next_down_chain,1568.8,1568.8,43496580,3
4080763000,4080759460,upstream_next_down_chain,57.1,1657482.5,43430970,1
4080763060,4080770040,upstream_next_down_chain,307.8,307.8,43493086,3
4080763410,4080770040,upstream_next_down_chain,949.2,1497.8,43493087,2
4080763420,4080763730,upstream_next_down_chain,981.0,981.5,43470069,2
4080763450,4080761890,upstream_next_down_chain,468.5,3261.2,43504203,2
4080763600,4080761890,upstream_next_down_chain,267.7,267.7,43504202,3
4080763720,4080763730,upstream_next_down_chain,341.9,341.9,43470068,3
4080763730,4080770540,upstream_next_down_chain,29.1,1352.2,43470067,2
4080763740,4080767820,upstream_next_down_chain,120.7,1431.1,43504405,2
4080763750,4080767820,upstream_next_down_chain,760.2,760.2,43504404,3
4080763990,4080770540,upstream_next_down_chain,356.4,356.7,43470066,3
4080764010,4080769140,upstream_next_down_chain,165.7,1484988.9,43450303,1
4080764020,4080763000,upstream_next_down_chain,1151.2,1656765.6,43430990,1
4080764030,4080763000,upstream_next_down_chain,660.2,660.4,43430980,2
4080764190,4080769290,upstream_next_down_chain,843.0,843.0,43486028,5
4080764200,4080756830,upstream_next_down_chain,636.9,636.9,43450609,2
4080764210,4080769140,upstream_next_down_chain,389.7,389.9,43450302,2
4080764320,4080765830,upstream_next_down_chain,347.3,81874.3,43494511,2
4080764350,4080756830,upstream_next_down_chain,169.1,169.2,43450608,3
4080764530,4080774070,upstream_next_down_chain,491.5,65833.3,43498707,2
4080764540,4080774070,upstream_next_down_chain,782.8,783.0,43498706,3
4080764560,4080765830,upstream_next_down_chain,654.3,38916.0,43494411,3
4080764580,4080769290,upstream_next_down_chain,1801.5,1801.5,43486029,4
4080764590,4080773380,upstream_next_down_chain,600.6,1007892.2,43491109,1
4080764600,4080773380,upstream_next_down_chain,779.6,779.6,43491108,2
4080764720,4080766140,upstream_next_down_chain,248.6,4713.1,43496450,3
4080764850,4080761880,upstream_next_down_chain,303.2,303.2,43504302,2
4080764900,4080766140,upstream_next_down_chain,28.6,4017.2,43496441,4
4080764960,4080761880,upstream_next_down_chain,177.8,37679.4,43504303,1
4080765000,4080767210,upstream_next_down_chain,695.7,695.7,43498608,4
4080765020,4080769110,upstream_next_down_chain,369.0,369.2,43496216,4
4080765030,4080769110,upstream_next_down_chain,455.7,31100.7,43496217,3
4080765150,4080767210,upstream_next_down_chain,959.2,959.2,43498609,3
4080765160,4080764900,upstream_next_down_chain,2026.9,2026.9,43496442,5
4080765180,4080767960,upstream_next_down_chain,281.1,281.1,43486068,5
4080765290,4080765990,upstream_next_down_chain,400.5,29608.4,43494231,3
4080765410,4080764900,upstream_next_down_chain,270.2,1962.1,43496443,4
4080765430,4080765990,upstream_next_down_chain,99.3,4391.1,43494221,4
4080765460,4080767960,upstream_next_down_chain,284.1,284.2,43486069,4
4080765830,4080779600,upstream_next_down_chain,28.3,120818.5,43494300,2
4080765990,4080779600,upstream_next_down_chain,2003.5,36003.2,43494210,3
4080766140,4080779790,upstream_next_down_chain,368.3,9098.6,43496430,3
4080766400,4080779790,upstream_next_down_chain,1119.6,1119.7,43496420,4
4080766420,4080770650,upstream_next_down_chain,434.5,434.5,43492329,3
4080766430,4080770650,upstream_next_down_chain,361.2,361.3,43492328,4
4080766450,4080761080,upstream_next_down_chain,728.4,728.4,43430964,3
4080766680,4080761080,upstream_next_down_chain,44.3,2442.6,43430965,2
4080766770,4080765430,upstream_next_down_chain,649.1,3738.2,43494223,4
4080766890,4080770310,upstream_next_down_chain,792.7,11879.0,43495670,2
4080766930,4080767120,upstream_next_down_chain,658.9,658.9,43430968,3
4080767070,4080770310,upstream_next_down_chain,2539.7,2539.9,43495660,3
4080767080,4080765430,upstream_next_down_chain,553.6,553.6,43494222,5
4080767110,4080767120,upstream_next_down_chain,1395.9,1396.1,43430969,2
4080767120,4080766680,upstream_next_down_chain,45.2,2100.0,43430967,2
4080767210,4080775920,upstream_next_down_chain,158.1,1812.6,43498607,3
4080767260,4080766680,upstream_next_down_chain,298.3,298.3,43430966,3
4080767360,4080764960,upstream_next_down_chain,158.8,36749.9,43504305,1
4080767450,4080775920,upstream_next_down_chain,730.4,730.6,43498606,4
4080767460,4080770800,upstream_next_down_chain,613.6,1202.7,43491967,2
4080767470,4080775130,upstream_next_down_chain,258.6,258.9,43486064,5
4080767480,4080764960,upstream_next_down_chain,751.7,751.7,43504304,2
4080767590,4080773090,upstream_next_down_chain,5325.5,175841.9,43499519,1
4080767600,4080773090,upstream_next_down_chain,3262.4,3262.4,43499518,2
4080767620,4080775130,upstream_next_down_chain,107.7,1242.6,43486065,4
4080767690,4080771740,upstream_next_down_chain,435.6,2689.5,43493043,2
4080767700,4080770800,upstream_next_down_chain,167.1,167.1,43491966,3
4080767790,4080771740,upstream_next_down_chain,299.8,299.8,43493042,3
4080767820,4080771880,upstream_next_down_chain,410.6,2602.1,43504403,2
4080767960,4080767620,upstream_next_down_chain,189.9,755.3,43486067,4
4080768000,4080771880,upstream_next_down_chain,335.1,335.1,43504402,3
4080768070,4080767620,upstream_next_down_chain,379.9,379.9,43486066,5
4080768090,4080759850,upstream_next_down_chain,328.8,328.8,43470062,3
4080768100,4080768110,upstream_next_down_chain,2313.7,1274072.9,43470090,1
4080768110,4080762800,upstream_next_down_chain,219.8,1278134.3,43470077,1
4080768240,4080759850,upstream_next_down_chain,95.4,3152.5,43470063,2
4080768250,4080768110,upstream_next_down_chain,1004.3,3843.4,43470081,2
4080768260,4080762800,upstream_next_down_chain,126.6,126.7,43470076,2
4080768750,4080756230,upstream_next_down_chain,500.9,938848.4,43491970,1
4080768760,4080756230,upstream_next_down_chain,257.8,2770.2,43491961,2
4080768780,4080774990,upstream_next_down_chain,496.1,496.2,43486096,4
4080768900,4080768750,upstream_next_down_chain,207.6,937342.4,43491990,1
4080768910,4080768750,upstream_next_down_chain,1004.9,1004.9,43491980,2
4080768930,4080774990,upstream_next_down_chain,230.4,1322.7,43486097,3
4080769110,4080771590,upstream_next_down_chain,139.1,31608.8,43496215,3
4080769120,4080771590,upstream_next_down_chain,504.1,504.1,43496214,4
4080769140,4080773130,upstream_next_down_chain,250.8,1485628.4,43450301,1
4080769150,4080763450,upstream_next_down_chain,492.8,492.9,43504204,3
4080769270,4080768930,upstream_next_down_chain,422.6,422.6,43486098,4
4080769280,4080768930,upstream_next_down_chain,669.7,669.9,43486099,3
4080769290,4080782690,upstream_next_down_chain,149.7,2793.8,43486027,4
4080769300,4080763450,upstream_next_down_chain,236.8,2300.0,43504205,2
4080769530,4080782690,upstream_next_down_chain,376.3,376.3,43486026,5
4080769560,4080773130,upstream_next_down_chain,1156.6,5258.1,43450201,2
4080769580,4080767360,upstream_next_down_chain,741.9,741.9,43504306,2
4080769890,4080779980,upstream_next_down_chain,419.7,419.7,43504904,2
4080769900,4080767360,upstream_next_down_chain,0.5,35849.5,43504307,1
4080769910,4080769900,upstream_next_down_chain,152.9,153.0,43504308,2
4080770040,4080770520,upstream_next_down_chain,124.5,1930.1,43493085,2
4080770060,4080769900,upstream_next_down_chain,84.1,35695.9,43504309,1
4080770170,4080770520,upstream_next_down_chain,201.2,201.2,43493084,3
4080770180,4080779980,upstream_next_down_chain,273.7,4922.7,43504905,1
4080770310,4080774080,upstream_next_down_chain,159.8,14578.7,43495659,2
4080770400,4080774080,upstream_next_down_chain,281.4,281.5,43495658,3
4080770520,4080778370,upstream_next_down_chain,43.9,2175.2,43493083,2
4080770530,4080778370,upstream_next_down_chain,1424.7,1424.7,43493082,3
4080770540,4080768240,upstream_next_down_chain,754.2,2463.7,43470065,2
4080770640,4080780920,upstream_next_down_chain,253.7,253.7,43492326,4
4080770650,4080780920,upstream_next_down_chain,706.9,1502.8,43492327,3
4080770680,4080768240,upstream_next_down_chain,593.9,593.9,43470064,3
4080770800,4080772680,upstream_next_down_chain,403.3,1773.2,43491965,2
4080770850,4080770180,upstream_next_down_chain,1610.1,1610.1,43504906,2
4080770970,4080772680,upstream_next_down_chain,240.0,240.0,43491964,3
4080770990,4080776120,upstream_next_down_chain,643.4,643.4,43492409,3
4080771030,4080770180,upstream_next_down_chain,504.5,3039.0,43504907,1
4080771100,4080772570,upstream_next_down_chain,189.8,189.8,43496448,5
4080771270,4080772570,upstream_next_down_chain,604.9,605.0,43496449,4
4080771300,4080776120,upstream_next_down_chain,417.2,417.3,43492408,4
4080771580,4080780120,upstream_next_down_chain,680.4,680.4,43496212,4
4080771590,4080780120,upstream_next_down_chain,215.8,32328.7,43496213,3
4080771640,4080769560,upstream_next_down_chain,843.8,843.8,43450202,3
4080771730,4080776300,upstream_next_down_chain,872.3,845475.2,43493050,1
4080771740,4080776300,upstream_next_down_chain,287.8,3276.9,43493041,2
4080771860,4080769560,upstream_next_down_chain,188.7,3258.0,43450203,2
4080771880,4080770060,upstream_next_down_chain,492.2,3429.4,43504401,2
4080771970,4080765410,upstream_next_down_chain,33.8,1095.7,43496445,4
4080772130,4080765410,upstream_next_down_chain,596.3,596.3,43496444,5
4080772170,4080770060,upstream_next_down_chain,982.7,32182.5,43504500,1
4080772570,4080771970,upstream_next_down_chain,68.4,863.4,43496447,4
4080772670,4080771970,upstream_next_down_chain,198.4,198.6,43496446,5
4080772680,4080768760,upstream_next_down_chain,231.9,2244.9,43491963,2
4080772860,4080768760,upstream_next_down_chain,267.5,267.5,43491962,3
4080773090,4080789160,upstream_next_down_chain,483.3,179587.5,43499517,1
4080773120,4080775510,upstream_next_down_chain,249.4,249.6,43491106,2
4080773130,4080764020,upstream_next_down_chain,2322.9,1493199.4,43450100,1
4080773220,4080789160,upstream_next_down_chain,2764.1,2764.4,43499516,2
4080773260,4080764020,upstream_next_down_chain,1070.7,162424.3,43441000,2
4080773380,4080775510,upstream_next_down_chain,1069.0,1009742.4,43491107,1
4080773660,4080778580,upstream_next_down_chain,908.5,908.5,43499480,3
4080773670,4080778580,upstream_next_down_chain,706.4,706.5,43499490,2
4080773700,4080784980,upstream_next_down_chain,257.6,257.7,43442229,5
4080773820,4080781840,upstream_next_down_chain,305.0,305.0,43498474,4
4080773860,4080784980,upstream_next_down_chain,298.8,298.8,43442228,6
4080774050,4080781840,upstream_next_down_chain,20.2,3498.6,43498475,3
4080774060,4080778000,upstream_next_down_chain,3289.6,3289.8,43498704,3
4080774070,4080778000,upstream_next_down_chain,652.8,67269.2,43498705,2
4080774080,4080779950,upstream_next_down_chain,385.4,15245.4,43495657,2
4080774090,4080779950,upstream_next_down_chain,1417.2,1417.2,43495656,3
4080774120,4080769300,upstream_next_down_chain,286.2,286.2,43504206,3
4080774240,4080769300,upstream_next_down_chain,5.9,1776.8,43504207,2
4080774470,4080774940,upstream_next_down_chain,1830.2,2623.0,43498479,3
4080774560,4080768900,upstream_next_down_chain,505.3,850335.5,43493010,1
4080774570,4080768900,upstream_next_down_chain,282.2,86798.7,43492101,2
4080774640,4080774940,upstream_next_down_chain,248.3,248.4,43498478,4
4080774680,4080774240,upstream_next_down_chain,662.2,662.2,43504208,3
4080774820,4080771030,upstream_next_down_chain,1056.6,1056.6,43504908,2
4080774830,4080774240,upstream_next_down_chain,1109.0,1109.1,43504209,2
4080774940,4080774050,upstream_next_down_chain,220.4,3091.5,43498477,3
4080774950,4080774050,upstream_next_down_chain,386.6,386.7,43498476,4
4080774990,4080781190,upstream_next_down_chain,686.1,2504.7,43486095,3
4080775000,4080781190,upstream_next_down_chain,370.2,370.3,43486094,4
4080775010,4080778860,upstream_next_down_chain,546.6,546.6,43486062,5
4080775130,4080778860,upstream_next_down_chain,812.8,2314.1,43486063,4
4080775150,4080771030,upstream_next_down_chain,1477.5,1477.8,43504909,1
4080775360,4080771860,upstream_next_down_chain,59.1,2473.1,43450205,2
4080775370,4080777730,upstream_next_down_chain,518.9,518.9,43442248,6
4080775380,4080777730,upstream_next_down_chain,1071.9,1072.0,43442249,5
4080775510,4080776580,upstream_next_down_chain,175.4,1010167.6,43491105,1
4080775520,4080771860,upstream_next_down_chain,596.6,596.6,43450204,3
4080775670,4080776580,upstream_next_down_chain,144.4,144.4,43491104,2
4080775920,4080779780,upstream_next_down_chain,940.2,3483.3,43498605,3
4080776110,4080776390,upstream_next_down_chain,717.5,717.5,43492406,4
4080776120,4080776390,upstream_next_down_chain,204.6,1264.9,43492407,3
4080776140,4080775360,upstream_next_down_chain,309.8,1830.8,43450207,2
4080776290,4080779780,upstream_next_down_chain,311.8,312.0,43498604,4
4080776300,4080774560,upstream_next_down_chain,153.9,848906.3,43493030,1
4080776310,4080775360,upstream_next_down_chain,583.3,583.3,43450206,3
4080776390,4080793020,upstream_next_down_chain,1.4,1983.9,43492405,3
4080776470,4080774560,upstream_next_down_chain,923.8,923.8,43493020,2
4080776550,4080793020,upstream_next_down_chain,375.3,375.3,43492404,4
4080776580,4080783120,upstream_next_down_chain,9.1,1010321.1,43491103,1
4080776590,4080783120,upstream_next_down_chain,274.6,274.9,43491102,2
4080776950,4080776140,upstream_next_down_chain,988.4,988.7,43450209,2
4080776960,4080776140,upstream_next_down_chain,532.1,532.2,43450208,3
4080777420,4080785230,upstream_next_down_chain,892.9,892.9,43442246,6
4080777730,4080785230,upstream_next_down_chain,259.2,1850.1,43442247,5
4080778000,4080784050,upstream_next_down_chain,220.5,70779.3,43498703,2
4080778090,4080784050,upstream_next_down_chain,246.3,246.3,43498702,3
4080778360,4080778980,upstream_next_down_chain,634.4,839831.3,43493090,1
4080778370,4080778980,upstream_next_down_chain,252.0,3851.6,43493081,2
4080778470,4080794810,upstream_next_down_chain,956.1,15941.4,43486050,3
4080778580,4080784030,upstream_next_down_chain,185.4,1800.4,43499470,2
4080778590,4080794810,upstream_next_down_chain,1302.3,1302.3,43486040,4
4080778710,4080784030,upstream_next_down_chain,307.1,307.1,43499460,3
4080778840,4080774570,upstream_next_down_chain,314.1,314.1,43492102,3
4080778850,4080778470,upstream_next_down_chain,547.8,11785.0,43486070,3
4080778860,4080778470,upstream_next_down_chain,339.6,3200.3,43486061,4
4080778980,4080771730,upstream_next_down_chain,47.0,843729.9,43493070,1
4080778990,4080774570,upstream_next_down_chain,193.8,86202.1,43492103,2
4080779320,4080771730,upstream_next_down_chain,872.1,872.1,43493060,2
4080779590,4080783310,upstream_next_down_chain,337.3,337.4,43495628,4
4080779600,4080778360,upstream_next_down_chain,2358.1,159180.3,43494100,2
4080779680,4080783310,upstream_next_down_chain,499.5,499.5,43495629,3
4080779690,4080778360,upstream_next_down_chain,1260.1,680016.5,43495100,1
4080779700,4080783660,upstream_next_down_chain,257.0,257.2,43488098,4
4080779710,4080783660,upstream_next_down_chain,919.3,919.3,43488099,3
4080779780,4080784200,upstream_next_down_chain,278.3,4073.6,43498603,3
4080779790,4080780110,upstream_next_down_chain,2714.7,12933.1,43496410,3
4080779920,4080784200,upstream_next_down_chain,1092.3,1092.3,43498602,4
4080779940,4080780100,upstream_next_down_chain,466.7,466.7,43496512,3
4080779950,4080780330,upstream_next_down_chain,340.5,17003.2,43495655,2
4080779960,4080780330,upstream_next_down_chain,413.3,413.3,43495654,3
4080779980,4080780770,upstream_next_down_chain,1480.2,6822.4,43504903,1
4080779990,4080780770,upstream_next_down_chain,1002.5,1002.5,43504902,2
4080780100,4080780110,upstream_next_down_chain,2.6,77226.6,43496511,2
4080780110,4080785340,upstream_next_down_chain,21.7,90181.6,43496300,2
4080780120,4080785340,upstream_next_down_chain,937.3,33946.5,43496211,3
4080780130,4080783080,upstream_next_down_chain,254.5,254.6,43495649,3
4080780150,4080768250,upstream_next_down_chain,617.3,617.3,43470082,3
4080780300,4080780310,upstream_next_down_chain,339.7,339.9,43496514,3
4080780310,4080780100,upstream_next_down_chain,7.5,76757.3,43496513,2
4080780320,4080783080,upstream_next_down_chain,232.2,232.2,43495648,4
4080780330,4080793560,upstream_next_down_chain,2.5,17418.9,43495653,2
4080780340,4080793560,upstream_next_down_chain,1523.7,1523.8,43495652,3
4080780360,4080768250,upstream_next_down_chain,107.5,2222.1,43470083,2
4080780550,4080780310,upstream_next_down_chain,1035.3,76410.0,43496515,2
4080780770,4080780940,upstream_next_down_chain,75.2,7900.1,43504901,1
4080780920,4080782670,upstream_next_down_chain,307.1,2063.7,43492325,3
4080780930,4080780940,upstream_next_down_chain,1890.6,1890.6,43504800,2
4080780940,4080772170,upstream_next_down_chain,1912.3,11703.1,43504700,1
4080781020,4080782670,upstream_next_down_chain,719.5,719.5,43492324,4
4080781040,4080772170,upstream_next_down_chain,1210.4,19496.7,43504610,2
4080781190,4080784100,upstream_next_down_chain,794.8,3670.0,43486093,3
4080781370,4080784100,upstream_next_down_chain,505.6,505.6,43486092,4
4080781400,4080780360,upstream_next_down_chain,712.1,1640.3,43470085,2
4080781410,4080780360,upstream_next_down_chain,474.5,474.5,43470084,3
4080781510,4080778990,upstream_next_down_chain,1807.3,1807.4,43492104,3
4080781630,4080778990,upstream_next_down_chain,196.7,84200.9,43492105,2
4080781840,4080806580,upstream_next_down_chain,597.4,4400.9,43498473,3
4080782190,4080806580,upstream_next_down_chain,244.8,244.9,43498472,4
4080782510,4080786900,upstream_next_down_chain,697.3,697.5,43486024,5
4080782650,4080788650,upstream_next_down_chain,2176.4,60740.4,43496570,2
4080782660,4080788020,upstream_next_down_chain,869.0,869.0,43492322,4
4080782670,4080788020,upstream_next_down_chain,154.0,2936.9,43492323,3
4080782680,4080784470,upstream_next_down_chain,1109.4,1109.4,43486089,4
4080782690,4080786900,upstream_next_down_chain,594.6,3765.0,43486025,4
4080782790,4080788650,upstream_next_down_chain,1443.9,1444.2,43496560,3
4080782940,4080784470,upstream_next_down_chain,1302.3,1302.3,43486088,5
4080783080,4080785510,upstream_next_down_chain,221.8,708.5,43495647,3
4080783120,4080768100,upstream_next_down_chain,623.1,1011219.9,43491101,1
4080783290,4080785510,upstream_next_down_chain,126.4,126.6,43495646,4
4080783300,4080793370,upstream_next_down_chain,192.1,192.1,43495626,4
4080783310,4080793370,upstream_next_down_chain,229.7,1066.4,43495627,3
4080783330,4080768100,upstream_next_down_chain,56.5,260551.3,43481001,2
4080783660,4080784310,upstream_next_down_chain,231.0,1407.2,43488097,3
4080783700,4080784310,upstream_next_down_chain,359.4,359.4,43488096,4
4080783960,4080773260,upstream_next_down_chain,2030.7,99532.7,43443000,2
4080783970,4080773260,upstream_next_down_chain,1841.6,61820.6,43442100,3
4080784030,4080795210,upstream_next_down_chain,430.5,2537.7,43499450,2
4080784040,4080795210,upstream_next_down_chain,495.5,495.6,43499440,3
4080784050,4080788330,upstream_next_down_chain,313.3,71339.1,43498701,2
4080784100,4080778850,upstream_next_down_chain,798.5,4973.9,43486091,3
4080784190,4080784510,upstream_next_down_chain,984.5,984.5,43499429,3
4080784200,4080788330,upstream_next_down_chain,703.2,5868.7,43498601,3
4080784220,4080778850,upstream_next_down_chain,655.4,6263.2,43486081,4
4080784280,4080784510,upstream_next_down_chain,240.4,240.4,43499428,4
4080784310,4080792080,upstream_next_down_chain,254.4,2020.8,43488095,3
4080784460,4080792080,upstream_next_down_chain,468.3,468.5,43488094,4
4080784470,4080794110,upstream_next_down_chain,240.1,2652.0,43486087,4
4080784510,4080803170,upstream_next_down_chain,20.5,1245.2,43499427,3
4080784520,4080803170,upstream_next_down_chain,100.7,100.7,43499426,4
4080784550,4080781630,upstream_next_down_chain,444.2,444.2,43492106,3
4080784560,4080781630,upstream_next_down_chain,406.0,83560.0,43492107,2
4080784570,4080794110,upstream_next_down_chain,515.0,515.0,43486086,5
4080784980,4080791230,upstream_next_down_chain,885.7,1442.1,43442227,5
4080785100,4080783330,upstream_next_down_chain,33.0,260331.0,43481003,2
4080785120,4080791230,upstream_next_down_chain,442.9,442.9,43442226,6
4080785190,4080793550,upstream_next_down_chain,1284.5,1284.6,43496180,3
4080785210,4080783330,upstream_next_down_chain,163.6,163.7,43481002,3
4080785230,4080788820,upstream_next_down_chain,595.6,3338.7,43442245,5
4080785340,4080793550,upstream_next_down_chain,416.4,124544.5,43496190,2
4080785510,4080786340,upstream_next_down_chain,119.7,954.5,43495645,3
4080785580,4080788820,upstream_next_down_chain,594.2,594.2,43442244,6
4080785680,4080786340,upstream_next_down_chain,1037.7,1038.1,43495644,4
4080785900,4080785100,upstream_next_down_chain,3576.5,3576.5,43481004,3
4080786120,4080793670,upstream_next_down_chain,487.6,487.6,43495642,4
4080786140,4080785100,upstream_next_down_chain,77.7,256722.0,43481005,2
4080786340,4080793670,upstream_next_down_chain,72.1,2064.8,43495643,3
4080786900,4080794660,upstream_next_down_chain,161.4,4624.1,43486023,4
4080787050,4080787660,upstream_next_down_chain,1150.7,1150.7,43496534,3
4080787060,4080784560,upstream_next_down_chain,224.1,224.1,43492108,3
4080787070,4080784560,upstream_next_down_chain,422.2,82929.7,43492109,2
4080787090,4080794660,upstream_next_down_chain,1228.8,1228.8,43486022,5
4080787300,4080787660,upstream_next_down_chain,344.2,66515.7,43496535,2
4080787570,4080791050,upstream_next_down_chain,215.1,215.1,43496532,3
4080787660,4080791050,upstream_next_down_chain,16.3,67682.6,43496533,2
4080787980,4080787300,upstream_next_down_chain,308.9,65864.0,43496537,2
4080787990,4080787300,upstream_next_down_chain,307.6,307.6,43496536,3
4080788020,4080789820,upstream_next_down_chain,422.4,4228.5,43492321,3
4080788050,4080794230,upstream_next_down_chain,639.0,639.0,43442299,4
4080788060,4080794230,upstream_next_down_chain,765.9,765.9,43442298,5
4080788170,4080780550,upstream_next_down_chain,317.1,317.1,43496516,3
4080788180,4080789820,upstream_next_down_chain,99.9,69122.7,43492330,2
4080788190,4080781400,upstream_next_down_chain,253.6,253.6,43470086,3
4080788330,4080799940,upstream_next_down_chain,395.6,77603.3,43498509,2
4080788340,4080780550,upstream_next_down_chain,417.9,75057.6,43496517,2
4080788360,4080781400,upstream_next_down_chain,9.6,674.7,43470087,2
4080788410,4080799940,upstream_next_down_chain,364.3,364.3,43498508,3
4080788450,4080779690,upstream_next_down_chain,288.9,671655.1,43495301,1
4080788460,4080779690,upstream_next_down_chain,31.4,7100.6,43495201,2
4080788480,4080789980,upstream_next_down_chain,306.3,306.4,43504628,4
4080788580,4080796940,upstream_next_down_chain,585.3,585.5,43444040,4
4080788600,4080789980,upstream_next_down_chain,510.1,510.1,43504629,3
4080788650,4080790300,upstream_next_down_chain,490.4,62675.2,43496550,2
4080788770,4080790300,upstream_next_down_chain,1453.2,1453.3,43496540,3
4080788810,4080796940,upstream_next_down_chain,953.5,8084.8,43444051,3
4080788820,4080799120,upstream_next_down_chain,547.1,4480.0,43442243,5
4080788980,4080799120,upstream_next_down_chain,515.3,515.3,43442242,6
4080789040,4080788360,upstream_next_down_chain,387.8,387.8,43470088,3
4080789160,4080798490,upstream_next_down_chain,1543.3,183895.4,43499515,1
4080789180,4080788360,upstream_next_down_chain,277.1,277.2,43470089,2
4080789320,4080798490,upstream_next_down_chain,1537.1,1537.1,43499514,2
4080789350,4080786140,upstream_next_down_chain,2430.9,2430.9,43481006,3
4080789520,4080786140,upstream_next_down_chain,211.3,254213.6,43481007,2
4080789820,4080787070,upstream_next_down_chain,1303.0,74654.4,43492310,2
4080789960,4080787070,upstream_next_down_chain,980.6,7853.1,43492201,3
4080789980,4080794950,upstream_next_down_chain,585.4,1401.3,43504627,3
4080790140,4080788340,upstream_next_down_chain,962.2,73280.7,43496519,2
4080790200,4080794950,upstream_next_down_chain,950.0,950.2,43504626,4
4080790300,4080787980,upstream_next_down_chain,233.9,64362.4,43496539,2
4080790410,4080787980,upstream_next_down_chain,1193.0,1193.0,43496538,3
4080790420,4080788340,upstream_next_down_chain,1359.0,1359.1,43496518,3
4080790440,4080784220,upstream_next_down_chain,661.4,5181.7,43486083,4
4080790450,4080784220,upstream_next_down_chain,426.4,426.4,43486082,5
4080790670,4080788450,upstream_next_down_chain,1050.6,1051.0,43495302,2
4080790680,4080788460,upstream_next_down_chain,1176.2,1176.2,43495202,3
4080790690,4080788460,upstream_next_down_chain,470.5,5892.9,43495203,2
4080790930,4080788450,upstream_next_down_chain,616.7,670315.5,43495303,1
4080791050,4080790140,upstream_next_down_chain,264.5,68162.1,43496531,2
4080791060,4080788180,upstream_next_down_chain,836.5,836.6,43492340,3
4080791070,4080788180,upstream_next_down_chain,316.0,68186.3,43492350,2
4080791090,4080788810,upstream_next_down_chain,589.3,6801.3,43444053,3
4080791100,4080788810,upstream_next_down_chain,329.9,329.9,43444052,4
4080791190,4080790140,upstream_next_down_chain,394.1,4156.3,43496521,3
4080791230,4080792010,upstream_next_down_chain,251.5,2136.3,43442225,5
4080791250,4080781040,upstream_next_down_chain,1186.3,11468.3,43504630,2
4080791260,4080781040,upstream_next_down_chain,373.3,6817.5,43504621,3
4080791460,4080792010,upstream_next_down_chain,1434.3,1434.3,43442224,6
4080791810,4080783960,upstream_next_down_chain,301.8,14793.4,43444010,3
4080791820,4080783960,upstream_next_down_chain,1725.8,82708.3,43445000,2
4080792000,4080794940,upstream_next_down_chain,349.7,349.7,43442222,6
4080792010,4080794940,upstream_next_down_chain,238.5,3809.2,43442223,5
4080792070,4080806300,upstream_next_down_chain,563.9,563.9,43488092,4
4080792080,4080806300,upstream_next_down_chain,618.0,3107.3,43488093,3
4080792150,4080792160,upstream_next_down_chain,439.1,439.1,43444056,4
4080792160,4080791090,upstream_next_down_chain,12.5,5943.2,43444055,3
4080792480,4080792160,upstream_next_down_chain,309.4,5491.5,43444057,3
4080792490,4080791090,upstream_next_down_chain,268.8,268.8,43444054,4
4080793020,4080801680,upstream_next_down_chain,1578.5,3937.5,43492403,3
4080793190,4080801680,upstream_next_down_chain,570.6,570.7,43492402,4
4080793340,4080797690,upstream_next_down_chain,186.4,186.6,43498368,4
4080793350,4080797690,upstream_next_down_chain,286.7,286.7,43498369,3
4080793360,4080794310,upstream_next_down_chain,867.9,867.9,43495624,4
4080793370,4080794310,upstream_next_down_chain,527.8,1786.4,43495625,3
4080793550,4080796020,upstream_next_down_chain,470.4,126299.4,43496170,2
4080793560,4080799950,upstream_next_down_chain,821.7,19764.3,43495651,2
4080793670,4080799950,upstream_next_down_chain,513.2,3065.2,43495641,3
4080793830,4080796020,upstream_next_down_chain,428.1,3619.4,43496161,3
4080793870,4080789520,upstream_next_down_chain,369.5,369.5,43481008,3
4080793970,4080790440,upstream_next_down_chain,465.5,465.5,43486084,5
4080793990,4080789520,upstream_next_down_chain,74.5,253632.8,43481009,2
4080794100,4080791070,upstream_next_down_chain,836.7,836.7,43492360,3
4080794110,4080790440,upstream_next_down_chain,888.2,4055.2,43486085,4
4080794230,4080800500,upstream_next_down_chain,538.3,1942.8,43442297,4
4080794240,4080800500,upstream_next_down_chain,664.1,664.1,43442296,5
4080794310,4080799660,upstream_next_down_chain,52.6,2707.0,43495623,3
4080794320,4080799660,upstream_next_down_chain,292.9,293.1,43495622,4
4080794330,4080791070,upstream_next_down_chain,255.8,67033.7,43492370,2
4080794660,4080801220,upstream_next_down_chain,194.9,6047.4,43486021,4
4080794670,4080783970,upstream_next_down_chain,49.8,21449.7,43442210,4
4080794810,4080801220,upstream_next_down_chain,2501.2,19744.7,43486030,3
4080794820,4080783970,upstream_next_down_chain,533.2,38529.1,43442300,3
4080794940,4080794670,upstream_next_down_chain,220.9,4380.0,43442221,5
4080794950,4080795260,upstream_next_down_chain,1056.7,3408.1,43504625,3
4080795100,4080794670,upstream_next_down_chain,759.3,17020.0,43442230,4
4080795110,4080795260,upstream_next_down_chain,2549.0,2549.5,43504624,4
4080795210,4080797250,upstream_next_down_chain,728.0,3761.4,43499439,2
4080795260,4080791260,upstream_next_down_chain,80.8,6038.6,43504623,3
4080795350,4080797250,upstream_next_down_chain,148.2,148.2,43499438,3
4080795420,4080791260,upstream_next_down_chain,405.9,405.9,43504622,4
4080795650,4080793990,upstream_next_down_chain,1134.3,151410.1,43483000,2
4080795660,4080793990,upstream_next_down_chain,23.1,102148.2,43482110,3
4080795740,4080793830,upstream_next_down_chain,391.3,391.3,43496162,4
4080795900,4080793830,upstream_next_down_chain,485.2,2800.2,43496163,3
4080796020,4080799100,upstream_next_down_chain,845.0,130764.0,43496150,2
4080796030,4080796180,upstream_next_down_chain,739.9,739.9,43495306,2
4080796180,4080790930,upstream_next_down_chain,44.1,668482.3,43495305,1
4080796310,4080810510,upstream_next_down_chain,1366.8,1366.8,43499280,3
4080796340,4080799100,upstream_next_down_chain,645.9,646.1,43496140,3
4080796350,4080796180,upstream_next_down_chain,48.1,667698.4,43495307,1
4080796360,4080790930,upstream_next_down_chain,1216.4,1216.5,43495304,2
4080796380,4080797540,upstream_next_down_chain,959.6,960.0,43444080,4
4080796410,4080791250,upstream_next_down_chain,1414.2,9564.6,43504650,2
4080796480,4080810510,upstream_next_down_chain,2040.0,2040.0,43499290,2
4080796530,4080797540,upstream_next_down_chain,1112.8,1112.8,43444090,3
4080796540,4080792480,upstream_next_down_chain,509.5,509.5,43444058,4
4080796560,4080791250,upstream_next_down_chain,717.5,717.5,43504640,3
4080796660,4080796350,upstream_next_down_chain,417.9,418.1,43495308,2
4080796690,4080792480,upstream_next_down_chain,43.5,4672.6,43444059,3
4080796930,4080796350,upstream_next_down_chain,429.6,667232.4,43495309,1
4080796940,4080791810,upstream_next_down_chain,1459.7,10129.7,43444030,3
4080797040,4080791810,upstream_next_down_chain,200.3,4361.8,43444021,4
4080797250,4080804010,upstream_next_down_chain,130.8,4040.2,43499437,2
4080797300,4080790690,upstream_next_down_chain,485.3,485.3,43495204,3
4080797340,4080797910,upstream_next_down_chain,1002.3,1002.3,43504699,2
4080797490,4080804010,upstream_next_down_chain,167.6,167.8,43499436,3
4080797520,4080790690,upstream_next_down_chain,449.9,4937.2,43495205,2
4080797540,4080796690,upstream_next_down_chain,828.8,2901.1,43444070,3
4080797570,4080797910,upstream_next_down_chain,406.0,406.0,43504698,3
4080797690,4080809210,upstream_next_down_chain,310.2,783.5,43498367,3
4080797730,4080796690,upstream_next_down_chain,1727.4,1728.0,43444060,4
4080797820,4080809210,upstream_next_down_chain,316.1,316.1,43498366,4
4080797850,4080803030,upstream_next_down_chain,926.2,926.4,43487040,3
4080797900,4080798640,upstream_next_down_chain,338.9,339.0,43504696,3
4080797910,4080798640,upstream_next_down_chain,4.4,1412.8,43504697,2
4080798000,4080791190,upstream_next_down_chain,357.3,357.5,43496522,4
4080798020,4080803030,upstream_next_down_chain,1179.3,89607.4,43487050,2
4080798100,4080791190,upstream_next_down_chain,31.5,3405.0,43496523,3
4080798130,4080795660,upstream_next_down_chain,1845.5,96501.6,43482130,3
4080798140,4080795660,upstream_next_down_chain,299.3,5623.6,43482121,4
4080798490,4080818780,upstream_next_down_chain,690.1,186122.7,43499513,1
4080798530,4080797040,upstream_next_down_chain,339.4,339.5,43444022,5
4080798610,4080818780,upstream_next_down_chain,2594.4,2594.5,43499512,2
4080798640,4080800510,upstream_next_down_chain,46.9,1798.6,43504695,2
4080798650,4080800510,upstream_next_down_chain,280.1,280.1,43504694,3
4080798660,4080796410,upstream_next_down_chain,228.1,5549.3,43504670,2
4080798800,4080798100,upstream_next_down_chain,128.1,2470.2,43496525,3
4080798810,4080798100,upstream_next_down_chain,903.2,903.2,43496524,4
4080798850,4080797040,upstream_next_down_chain,305.2,3822.0,43444023,4
4080798870,4080796410,upstream_next_down_chain,2601.0,2601.0,43504660,3
4080798950,4080798020,upstream_next_down_chain,1765.9,1765.9,43487060,3
4080798960,4080798020,upstream_next_down_chain,20.4,86663.1,43487071,2
4080799100,4080805770,upstream_next_down_chain,270.6,131680.7,43496130,2
4080799120,4080795100,upstream_next_down_chain,1239.3,6234.4,43442241,5
4080799210,4080805770,upstream_next_down_chain,2584.0,2584.0,43496120,3
4080799240,4080795100,upstream_next_down_chain,150.2,10026.2,43442250,4
4080799340,4080794330,upstream_next_down_chain,872.3,3688.7,43492381,3
4080799350,4080794330,upstream_next_down_chain,33.6,63089.2,43492390,2
4080799660,4080801370,upstream_next_down_chain,211.2,3211.2,43495621,3
4080799810,4080806500,upstream_next_down_chain,241.8,241.8,43498506,3
4080799820,4080795900,upstream_next_down_chain,183.9,184.2,43496164,4
4080799940,4080806500,upstream_next_down_chain,1028.5,78995.9,43498507,2
4080799950,4080801370,upstream_next_down_chain,1634.6,24464.1,43495630,2
4080799960,4080797520,upstream_next_down_chain,948.2,948.3,43495206,3
4080800100,4080795900,upstream_next_down_chain,622.7,2130.9,43496165,3
4080800140,4080798660,upstream_next_down_chain,231.5,3379.8,43504691,2
4080800150,4080798660,upstream_next_down_chain,1941.5,1941.5,43504680,3
4080800240,4080797520,upstream_next_down_chain,623.3,3539.4,43495207,2
4080800390,4080800140,upstream_next_down_chain,357.1,357.1,43504692,3
4080800480,4080798800,upstream_next_down_chain,468.4,2159.3,43496527,3
4080800500,4080800820,upstream_next_down_chain,1348.6,3955.8,43442295,4
4080800510,4080800140,upstream_next_down_chain,712.5,2791.5,43504693,2
4080800610,4080798800,upstream_next_down_chain,183.0,183.0,43496526,4
4080800640,4080800820,upstream_next_down_chain,559.4,559.4,43442294,5
4080800800,4080798960,upstream_next_down_chain,428.0,428.0,43487072,3
4080800820,4080802230,upstream_next_down_chain,18.0,4532.9,43442293,4
4080800930,4080798960,upstream_next_down_chain,1303.3,86214.5,43487073,2
4080801040,4080799240,upstream_next_down_chain,2561.5,8856.9,43442270,4
4080801050,4080802230,upstream_next_down_chain,512.7,512.7,43442292,5
4080801220,4080802670,upstream_next_down_chain,1113.3,26905.6,43486010,3
4080801230,4080799240,upstream_next_down_chain,1018.8,1019.4,43442260,5
4080801370,4080804380,upstream_next_down_chain,114.5,27789.9,43495610,2
4080801390,4080802670,upstream_next_down_chain,374.7,93287.1,43487010,2
4080801560,4080804380,upstream_next_down_chain,222.4,619071.3,43495701,1
4080801670,4080799350,upstream_next_down_chain,1057.9,57706.1,43492510,2
4080801680,4080799350,upstream_next_down_chain,841.3,5349.5,43492401,3
4080802230,4080801040,upstream_next_down_chain,290.4,5336.1,43442291,4
4080802390,4080801040,upstream_next_down_chain,959.4,959.4,43442280,5
4080802540,4080807760,upstream_next_down_chain,513.3,8169.9,43488070,3
4080802550,4080807760,upstream_next_down_chain,1201.9,1201.9,43488060,4
4080802670,4080795650,upstream_next_down_chain,562.3,120755.1,43485000,2
4080802680,4080795650,upstream_next_down_chain,342.6,29520.8,43484011,3
4080802780,4080810800,upstream_next_down_chain,452.5,452.5,43499424,4
4080803010,4080789960,upstream_next_down_chain,1242.4,1242.4,43492202,4
4080803030,4080801390,upstream_next_down_chain,1465.6,91999.7,43487030,2
4080803170,4080810800,upstream_next_down_chain,925.9,2271.9,43499425,3
4080803240,4080789960,upstream_next_down_chain,593.9,5630.2,43492203,3
4080803270,4080801390,upstream_next_down_chain,912.7,912.8,43487020,3
4080803420,4080803860,upstream_next_down_chain,604.5,604.5,43487076,3
4080803650,4080803860,upstream_next_down_chain,374.6,83323.6,43487077,2
4080803860,4080800930,upstream_next_down_chain,243.7,84171.8,43487075,2
4080803870,4080798850,upstream_next_down_chain,1564.0,1564.0,43444024,5
4080804010,4080804840,upstream_next_down_chain,322.2,4530.3,43499435,2
4080804020,4080804840,upstream_next_down_chain,240.9,240.9,43499434,3
4080804050,4080800930,upstream_next_down_chain,739.8,739.8,43487074,3
4080804070,4080798140,upstream_next_down_chain,597.1,597.1,43482122,5
4080804080,4080798850,upstream_next_down_chain,110.4,1952.6,43444025,4
4080804150,4080806620,upstream_next_down_chain,879.3,879.3,43495708,2
4080804300,4080806620,upstream_next_down_chain,74.8,611640.8,43495709,1
4080804320,4080798140,upstream_next_down_chain,122.0,4727.2,43482123,4
4080804380,4080796930,upstream_next_down_chain,1070.0,647930.2,43495500,1
4080804580,4080796930,upstream_next_down_chain,2.2,18873.2,43495410,2
4080804740,4080804580,upstream_next_down_chain,898.5,17185.9,43495430,2
4080804840,4080816810,upstream_next_down_chain,9.0,4780.0,43499433,2
4080804870,4080804580,upstream_next_down_chain,1685.1,1685.1,43495420,3
4080804900,4080794820,upstream_next_down_chain,262.4,21057.8,43442410,4
4080804910,4080794820,upstream_next_down_chain,1557.1,16938.6,43442500,3
4080804950,4080816810,upstream_next_down_chain,259.6,259.6,43499432,3
4080805040,4080804320,upstream_next_down_chain,592.4,4261.1,43482125,4
4080805240,4080807480,upstream_next_down_chain,476.5,476.6,43496169,3
4080805250,4080807480,upstream_next_down_chain,263.8,263.8,43496168,4
4080805280,4080804320,upstream_next_down_chain,344.1,344.2,43482124,5
4080805430,4080801560,upstream_next_down_chain,3359.1,3359.1,43495702,2
4080805650,4080801560,upstream_next_down_chain,133.5,615583.2,43495703,1
4080805770,4080806110,upstream_next_down_chain,1031.3,135295.6,43496110,2
4080805790,4080806820,upstream_next_down_chain,2109.2,2109.5,43488020,4
4080805930,4080806110,upstream_next_down_chain,234.0,471454.3,43497100,1
4080805970,4080806820,upstream_next_down_chain,1279.6,13849.2,43488030,3
4080806110,4080804300,upstream_next_down_chain,48.4,606798.3,43495900,1
4080806120,4080807780,upstream_next_down_chain,276.0,276.1,43488016,4
4080806130,4080804900,upstream_next_down_chain,112.5,2856.7,43442421,5
4080806140,4080804900,upstream_next_down_chain,2273.6,17938.3,43442430,4
4080806290,4080804300,upstream_next_down_chain,227.3,4767.8,43495801,2
4080806300,4080802540,upstream_next_down_chain,1172.6,4843.6,43488091,3
4080806320,4080807780,upstream_next_down_chain,386.0,16744.4,43488017,3
4080806330,4080803650,upstream_next_down_chain,718.6,718.8,43487078,3
4080806470,4080803650,upstream_next_down_chain,415.9,82230.3,43487079,2
4080806500,4080824690,upstream_next_down_chain,578.1,79815.9,43498505,2
4080806520,4080802540,upstream_next_down_chain,295.5,2812.9,43488081,4
4080806580,4080814600,upstream_next_down_chain,1493.2,6138.8,43498471,3
4080806590,4080824690,upstream_next_down_chain,408.0,408.0,43498504,3
4080806620,4080806990,upstream_next_down_chain,465.1,612984.7,43495707,1
4080806630,4080806320,upstream_next_down_chain,258.5,258.5,43488018,4
4080806660,4080805040,upstream_next_down_chain,680.8,680.8,43482126,5
4080806780,4080814600,upstream_next_down_chain,422.7,422.8,43498460,4
4080806800,4080800240,upstream_next_down_chain,1067.8,1067.8,43495209,2
4080806820,4080806320,upstream_next_down_chain,141.6,16100.3,43488019,3
4080806860,4080804080,upstream_next_down_chain,200.4,1612.4,43444027,4
4080806980,4080806990,upstream_next_down_chain,2025.1,2025.1,43495706,2
4080806990,4080805650,upstream_next_down_chain,334.0,615343.4,43495705,1
4080807000,4080800240,upstream_next_down_chain,1848.0,1848.4,43495208,3
4080807050,4080805040,upstream_next_down_chain,431.4,2987.9,43482127,4
4080807070,4080804080,upstream_next_down_chain,230.1,230.1,43444026,5
4080807270,4080805650,upstream_next_down_chain,106.4,106.6,43495704,2
4080807480,4080800100,upstream_next_down_chain,165.7,905.9,43496167,3
4080807550,4080800100,upstream_next_down_chain,602.6,602.7,43496166,4
4080807640,4080800480,upstream_next_down_chain,879.7,879.7,43496528,4
4080807730,4080800480,upstream_next_down_chain,811.2,811.4,43496529,3
4080807750,4080799340,upstream_next_down_chain,227.9,228.0,43492382,4
4080807760,4080805970,upstream_next_down_chain,342.8,9714.1,43488050,3
4080807780,4080813590,upstream_next_down_chain,316.4,17336.9,43488015,3
4080807790,4080813590,upstream_next_down_chain,253.1,253.1,43488014,4
4080807810,4080806130,upstream_next_down_chain,177.3,177.3,43442422,6
4080807880,4080799340,upstream_next_down_chain,153.7,2588.3,43492383,3
4080807890,4080805970,upstream_next_down_chain,198.7,2855.1,43488041,4
4080808020,4080806130,upstream_next_down_chain,712.2,2567.2,43442423,5
4080808200,4080806860,upstream_next_down_chain,1202.2,1202.2,43444029,4
4080808300,4080806470,upstream_next_down_chain,1715.1,80932.6,43487090,2
4080808410,4080806470,upstream_next_down_chain,882.0,882.0,43487080,3
4080808420,4080806860,upstream_next_down_chain,210.5,210.5,43444028,5
4080808430,4080808960,upstream_next_down_chain,491.1,491.1,43442809,4
4080808780,4080808960,upstream_next_down_chain,211.0,211.2,43442808,5
4080808960,4080809680,upstream_next_down_chain,3.5,705.8,43442807,4
4080809140,4080809680,upstream_next_down_chain,364.3,364.3,43442806,5
4080809210,4080811250,upstream_next_down_chain,875.3,1974.8,43498365,3
4080809220,4080810390,upstream_next_down_chain,1049.3,1049.4,43497320,2
4080809360,4080811250,upstream_next_down_chain,442.2,442.3,43498364,4
4080809480,4080810390,upstream_next_down_chain,853.6,453659.5,43497330,1
4080809620,4080806520,upstream_next_down_chain,1329.1,1329.1,43488082,5
4080809670,4080814780,upstream_next_down_chain,455.7,455.7,43442804,5
4080809680,4080814780,upstream_next_down_chain,37.9,1108.0,43442805,4
4080809840,4080806290,upstream_next_down_chain,806.0,4117.0,43495803,2
4080809850,4080806290,upstream_next_down_chain,423.4,423.4,43495802,3
4080809870,4080802680,upstream_next_down_chain,135.1,28254.4,43484013,3
4080809950,4080806520,upstream_next_down_chain,112.1,1235.2,43488083,4
4080809970,4080802680,upstream_next_down_chain,924.0,924.0,43484012,4
4080810390,4080805930,upstream_next_down_chain,1621.8,456329.8,43497310,1
4080810400,4080803240,upstream_next_down_chain,1063.3,1063.3,43492204,4
4080810510,4080832540,upstream_next_down_chain,1689.5,5096.4,43499270,2
4080810520,4080805930,upstream_next_down_chain,1819.4,14890.6,43497210,2
4080810530,4080807050,upstream_next_down_chain,2201.7,2201.7,43482129,4
4080810670,4080832540,upstream_next_down_chain,1784.8,1784.9,43499260,3
4080810680,4080803240,upstream_next_down_chain,289.7,3973.4,43492205,3
4080810700,4080807050,upstream_next_down_chain,354.7,354.9,43482128,5
4080810800,4080816800,upstream_next_down_chain,310.3,3034.6,43499423,3
4080810810,4080816800,upstream_next_down_chain,2254.1,2254.4,43499422,4
4080810820,4080834620,upstream_next_down_chain,205.0,205.2,43498358,3
4080810830,4080801670,upstream_next_down_chain,83.0,54872.2,43492531,2
4080810840,4080801670,upstream_next_down_chain,1776.8,1776.8,43492520,3
4080810990,4080834620,upstream_next_down_chain,197.2,107380.5,43498359,2
4080811150,4080813150,upstream_next_down_chain,957.0,957.0,43498362,4
4080811250,4080813150,upstream_next_down_chain,117.6,2534.7,43498363,3
4080811410,4080809870,upstream_next_down_chain,257.2,27506.0,43484015,3
4080811630,4080807880,upstream_next_down_chain,217.6,217.7,43492384,4
4080811640,4080807890,upstream_next_down_chain,466.9,2228.9,43488043,4
4080811650,4080807890,upstream_next_down_chain,427.7,427.7,43488042,5
4080811660,4080809870,upstream_next_down_chain,613.2,613.3,43484014,4
4080811900,4080811910,upstream_next_down_chain,581.0,581.0,43492386,4
4080811910,4080807880,upstream_next_down_chain,0.9,2217.1,43492385,3
4080811990,4080811910,upstream_next_down_chain,762.3,1635.2,43492387,3
4080813150,4080810990,upstream_next_down_chain,114.9,3606.6,43498361,3
4080813320,4080810990,upstream_next_down_chain,269.2,103576.9,43498370,2
4080813350,4080810680,upstream_next_down_chain,28.9,3424.7,43492207,3
4080813440,4080804740,upstream_next_down_chain,103.3,15297.4,43495451,2
4080813450,4080810680,upstream_next_down_chain,258.7,258.8,43492206,4
4080813580,4080804740,upstream_next_down_chain,990.3,990.3,43495440,3
4080813590,4080815730,upstream_next_down_chain,221.7,17811.4,43488013,3
4080813600,4080811410,upstream_next_down_chain,1004.1,26838.1,43484017,3
4080813610,4080811410,upstream_next_down_chain,410.8,410.8,43484016,4
4080813800,4080815730,upstream_next_down_chain,893.5,893.5,43488012,4
4080814160,4080809950,upstream_next_down_chain,372.5,372.5,43488084,5
4080814170,4080809950,upstream_next_down_chain,750.9,750.9,43488085,4
4080814370,4080813350,upstream_next_down_chain,1515.5,1515.5,43492208,4
4080814380,4080811640,upstream_next_down_chain,225.4,225.5,43488044,5
4080814510,4080813350,upstream_next_down_chain,1880.6,1880.6,43492209,3
4080814520,4080811640,upstream_next_down_chain,678.1,1536.4,43488045,4
4080814600,4080834610,upstream_next_down_chain,506.9,7068.6,43498450,3
4080814620,4080810830,upstream_next_down_chain,465.3,54106.0,43492533,2
4080814630,4080810830,upstream_next_down_chain,682.9,683.2,43492532,3
4080814720,4080834610,upstream_next_down_chain,437.6,437.7,43498440,4
4080814770,4080816210,upstream_next_down_chain,625.7,625.9,43442802,5
4080814780,4080816210,upstream_next_down_chain,522.4,2086.1,43442803,4
4080815000,4080813440,upstream_next_down_chain,800.5,14862.4,43495453,2
4080815120,4080813440,upstream_next_down_chain,331.7,331.8,43495452,3
4080815210,4080813600,upstream_next_down_chain,375.2,25250.8,43484019,3
4080815220,4080813600,upstream_next_down_chain,583.2,583.4,43484018,4
4080815380,4080798130,upstream_next_down_chain,2395.2,2395.2,43482140,4
4080815390,4080798130,upstream_next_down_chain,920.0,92261.3,43482150,3
4080815730,4080808300,upstream_next_down_chain,57.9,18762.9,43488011,3
4080815740,4080815210,upstream_next_down_chain,1914.2,23736.3,43484031,3
4080815910,4080808300,upstream_next_down_chain,69.2,60454.6,43489101,2
4080815920,4080815210,upstream_next_down_chain,1139.3,1139.3,43484020,4
4080816210,4080820300,upstream_next_down_chain,38.3,2750.3,43442801,4
4080816400,4080820300,upstream_next_down_chain,2256.7,2256.7,43442900,3
4080816800,4080818790,upstream_next_down_chain,207.2,5495.7,43499421,3
4080816810,4080818790,upstream_next_down_chain,1621.8,6661.7,43499431,2
4080816980,4080815910,upstream_next_down_chain,173.6,59815.0,43489103,2
4080816990,4080815910,upstream_next_down_chain,570.4,570.4,43489102,3
4080817150,4080804910,upstream_next_down_chain,1446.0,12579.1,43442701,3
4080817300,4080809840,upstream_next_down_chain,441.7,2709.2,43495805,2
4080817380,4080791820,upstream_next_down_chain,2733.6,7856.2,43446001,3
4080817390,4080791820,upstream_next_down_chain,1549.8,73126.6,43447010,2
4080817400,4080804910,upstream_next_down_chain,262.7,2803.0,43442601,4
4080817510,4080809840,upstream_next_down_chain,602.2,602.2,43495804,3
4080817530,4080821340,upstream_next_down_chain,714.6,714.7,43442704,4
4080817670,4080821340,upstream_next_down_chain,469.9,9140.4,43442705,3
4080817940,4080814620,upstream_next_down_chain,882.7,882.7,43492534,3
4080818170,4080814620,upstream_next_down_chain,495.0,52758.0,43492535,2
4080818780,4080824830,upstream_next_down_chain,1576.4,190293.2,43499511,1
4080818790,4080824830,upstream_next_down_chain,49.3,12206.9,43499410,2
4080818800,4080813320,upstream_next_down_chain,620.2,620.2,43498380,3
4080818900,4080813320,upstream_next_down_chain,625.0,102687.6,43498390,2
4080819090,4080816980,upstream_next_down_chain,343.9,343.9,43489104,3
4080819250,4080822780,upstream_next_down_chain,315.0,315.0,43499248,4
4080819260,4080822780,upstream_next_down_chain,508.3,508.3,43499249,3
4080819280,4080816980,upstream_next_down_chain,95.5,59297.4,43489105,2
4080819690,4080817670,upstream_next_down_chain,644.9,645.0,43442706,4
4080819700,4080817670,upstream_next_down_chain,532.1,8025.3,43442707,3
4080820300,4080819700,upstream_next_down_chain,1220.5,6227.3,43442709,3
4080820420,4080819700,upstream_next_down_chain,1266.1,1266.1,43442708,4
4080820870,4080833570,upstream_next_down_chain,2155.3,2155.4,43498280,4
4080821030,4080833570,upstream_next_down_chain,1587.4,1587.4,43498290,3
4080821040,4080809480,upstream_next_down_chain,951.5,452362.4,43497350,1
4080821050,4080819280,upstream_next_down_chain,100.8,58953.5,43489107,2
4080821060,4080819280,upstream_next_down_chain,248.3,248.5,43489106,3
4080821190,4080809480,upstream_next_down_chain,444.2,444.2,43497340,2
4080821200,4080822050,upstream_next_down_chain,738.0,738.2,43446004,4
4080821300,4080826550,upstream_next_down_chain,406.9,407.1,43497388,3
4080821320,4080822050,upstream_next_down_chain,209.9,2924.8,43446005,3
4080821340,4080817150,upstream_next_down_chain,635.9,10490.7,43442703,3
4080821420,4080826550,upstream_next_down_chain,1123.0,1123.0,43497389,2
4080821430,4080815000,upstream_next_down_chain,220.9,220.9,43495454,3
4080821440,4080821050,upstream_next_down_chain,3675.9,3676.1,43489108,3
4080821450,4080821050,upstream_next_down_chain,612.5,55176.6,43489109,2
4080821460,4080817150,upstream_next_down_chain,642.3,642.3,43442702,4
4080821640,4080815000,upstream_next_down_chain,308.5,13840.7,43495455,2
4080821650,4080817380,upstream_next_down_chain,550.4,550.5,43446002,4
4080822030,4080815390,upstream_next_down_chain,278.8,84549.8,43482170,3
4080822040,4080815390,upstream_next_down_chain,0.7,6791.9,43482161,4
4080822050,4080817380,upstream_next_down_chain,908.6,4571.5,43446003,3
4080822210,4080822040,upstream_next_down_chain,2553.6,2553.6,43482162,5
4080822220,4080821320,upstream_next_down_chain,476.2,476.2,43446006,4
4080822370,4080815740,upstream_next_down_chain,349.8,349.9,43484032,4
4080822390,4080822040,upstream_next_down_chain,197.9,4237.5,43482163,4
4080822570,4080821320,upstream_next_down_chain,125.2,2239.0,43446007,3
4080822680,4080815740,upstream_next_down_chain,577.7,21471.9,43484033,3
4080822690,4080817400,upstream_next_down_chain,291.7,291.7,43442602,5
4080822780,4080824190,upstream_next_down_chain,172.2,995.2,43499247,3
4080822900,4080824190,upstream_next_down_chain,508.1,508.4,43499246,4
4080822920,4080817400,upstream_next_down_chain,20.1,2248.7,43442603,4
4080823540,4080811990,upstream_next_down_chain,312.2,312.3,43492388,4
4080823690,4080811990,upstream_next_down_chain,560.4,560.4,43492389,3
4080823740,4080822570,upstream_next_down_chain,416.0,416.0,43446008,4
4080823930,4080822570,upstream_next_down_chain,1697.9,1697.9,43446009,3
4080824070,4080829470,upstream_next_down_chain,1283.5,1283.5,43482168,5
4080824190,4080831100,upstream_next_down_chain,48.9,1552.6,43499245,3
4080824220,4080829470,upstream_next_down_chain,787.9,787.9,43482169,4
4080824290,4080831100,upstream_next_down_chain,176.4,176.4,43499244,4
4080824300,4080830400,upstream_next_down_chain,240.3,240.4,43497528,3
4080824310,4080830400,upstream_next_down_chain,288.5,288.5,43497529,2
4080824420,4080817300,upstream_next_down_chain,407.0,407.0,43495806,3
4080824430,4080817300,upstream_next_down_chain,8.3,1860.4,43495807,2
4080824470,4080822920,upstream_next_down_chain,491.6,1587.6,43442605,4
4080824580,4080822920,upstream_next_down_chain,641.2,641.2,43442604,5
4080824690,4080828450,upstream_next_down_chain,1702.8,81926.6,43498503,2
4080824730,4080808020,upstream_next_down_chain,346.9,346.9,43442424,6
4080824830,4080836730,upstream_next_down_chain,492.3,202992.1,43499390,1
4080824840,4080836730,upstream_next_down_chain,2506.6,2506.6,43499380,2
4080824850,4080828450,upstream_next_down_chain,551.9,551.9,43498502,3
4080824860,4080824430,upstream_next_down_chain,1435.1,1435.1,43495809,2
4080824900,4080822390,upstream_next_down_chain,209.4,209.5,43482164,5
4080824910,4080808020,upstream_next_down_chain,49.1,1507.7,43442425,5
4080825030,4080822390,upstream_next_down_chain,482.0,3830.3,43482165,4
4080825160,4080824430,upstream_next_down_chain,416.7,417.0,43495808,3
4080825330,4080806140,upstream_next_down_chain,1376.7,1376.9,43442440,5
4080825460,4080806140,upstream_next_down_chain,277.1,14288.0,43442450,4
4080825580,4080825760,upstream_next_down_chain,256.9,12156.1,43495459,2
4080825590,4080825890,upstream_next_down_chain,474.7,474.7,43495462,4
4080825700,4080824910,upstream_next_down_chain,51.1,946.6,43442427,5
4080825750,4080821640,upstream_next_down_chain,970.4,970.4,43495456,3
4080825760,4080821640,upstream_next_down_chain,2.3,12562.1,43495457,2
4080825770,4080825760,upstream_next_down_chain,403.3,403.7,43495458,3
4080825780,4080825890,upstream_next_down_chain,170.3,2351.8,43495463,3
4080825810,4080824910,upstream_next_down_chain,512.2,512.2,43442426,6
4080825890,4080825580,upstream_next_down_chain,518.5,3344.8,43495461,3
4080825920,4080825700,upstream_next_down_chain,335.4,335.5,43442428,6
4080826010,4080825580,upstream_next_down_chain,2458.9,8554.3,43495470,2
4080826020,4080826180,upstream_next_down_chain,303.4,303.6,43488049,4
4080826180,4080814520,upstream_next_down_chain,157.0,614.3,43488047,4
4080826240,4080825700,upstream_next_down_chain,560.0,560.0,43442429,5
4080826360,4080821040,upstream_next_down_chain,701.4,701.4,43497360,2
4080826370,4080826180,upstream_next_down_chain,153.4,153.6,43488048,5
4080826380,4080814520,upstream_next_down_chain,243.9,244.0,43488046,5
4080826450,4080821040,upstream_next_down_chain,59.4,450710.4,43497370,1
4080826550,4080827960,upstream_next_down_chain,179.1,1709.1,43497387,2
4080826670,4080822030,upstream_next_down_chain,773.5,773.6,43482180,4
4080826800,4080827960,upstream_next_down_chain,446.0,446.1,43497386,3
4080826810,4080818170,upstream_next_down_chain,1230.5,1230.5,43492536,3
4080826870,4080818170,upstream_next_down_chain,315.5,51032.9,43492537,2
4080826880,4080822030,upstream_next_down_chain,571.8,83497.4,43482190,3
4080827140,4080822680,upstream_next_down_chain,839.1,839.1,43484034,4
4080827300,4080822680,upstream_next_down_chain,519.4,20055.2,43484035,3
4080827780,4080829150,upstream_next_down_chain,261.2,261.2,43495468,4
4080827790,4080829150,upstream_next_down_chain,598.6,598.6,43495469,3
4080827960,4080829130,upstream_next_down_chain,453.8,2609.0,43497385,2
4080828310,4080829130,upstream_next_down_chain,276.7,276.7,43497384,3
4080828390,4080817390,upstream_next_down_chain,734.8,6512.5,43447021,3
4080828450,4080818900,upstream_next_down_chain,472.1,82950.4,43498501,2
4080828460,4080818900,upstream_next_down_chain,1235.3,19112.2,43498410,3
4080828480,4080826450,upstream_next_down_chain,52.5,3259.1,43497381,2
4080828500,4080817390,upstream_next_down_chain,741.9,65064.9,43447030,2
4080828570,4080826450,upstream_next_down_chain,2227.6,447392.0,43497390,1
4080829130,4080828480,upstream_next_down_chain,165.4,3051.1,43497383,2
4080829140,4080825780,upstream_next_down_chain,161.9,1497.3,43495465,3
4080829150,4080829140,upstream_next_down_chain,67.4,927.3,43495467,3
4080829160,4080827300,upstream_next_down_chain,365.5,365.5,43484036,4
4080829210,4080828480,upstream_next_down_chain,155.6,155.6,43497382,3
4080829230,4080825780,upstream_next_down_chain,684.7,684.7,43495464,4
4080829240,4080825460,upstream_next_down_chain,118.5,5074.8,43442461,5
4080829250,4080825460,upstream_next_down_chain,2267.3,8935.7,43442470,4
4080829370,4080829140,upstream_next_down_chain,408.0,408.1,43495466,4
4080829380,4080827300,upstream_next_down_chain,35.2,19170.2,43484037,3
4080829470,4080825030,upstream_next_down_chain,853.1,2924.5,43482167,4
4080829540,4080825030,upstream_next_down_chain,423.6,423.6,43482166,5
4080830030,4080821450,upstream_next_down_chain,194.1,46977.2,43489301,2
4080830110,4080821450,upstream_next_down_chain,1596.1,7587.0,43489201,3
4080830270,4080810520,upstream_next_down_chain,913.4,9474.6,43497230,2
4080830400,4080831470,upstream_next_down_chain,157.7,686.3,43497527,2
4080830420,4080810520,upstream_next_down_chain,21.1,3596.5,43497221,3
4080830430,4080830420,upstream_next_down_chain,608.1,3245.0,43497223,3
4080830560,4080831470,upstream_next_down_chain,635.9,635.9,43497526,3
4080830570,4080830420,upstream_next_down_chain,330.4,330.4,43497222,4
4080830910,4080829380,upstream_next_down_chain,269.0,18438.8,43484039,3
4080830920,4080829380,upstream_next_down_chain,696.1,696.2,43484038,4
4080830930,4080829240,upstream_next_down_chain,378.3,2332.0,43442463,5
4080831000,4080830030,upstream_next_down_chain,239.3,46514.5,43489303,2
4080831020,4080829240,upstream_next_down_chain,2624.2,2624.4,43442462,6
4080831100,4080832530,upstream_next_down_chain,750.9,2479.9,43499243,3
4080831120,4080830030,upstream_next_down_chain,268.2,268.4,43489302,3
4080831330,4080832530,upstream_next_down_chain,425.7,425.7,43499242,4
4080831470,4080836740,upstream_next_down_chain,44.3,1366.3,43497525,2
4080831640,4080836740,upstream_next_down_chain,447.0,447.1,43497524,3
4080832040,4080824470,upstream_next_down_chain,278.3,278.3,43442606,5
4080832100,4080824470,upstream_next_down_chain,449.8,817.9,43442607,4
4080832530,4080836430,upstream_next_down_chain,68.7,2974.2,43499241,3
4080832540,4080836430,upstream_next_down_chain,2600.3,9481.6,43499250,2
4080832560,4080828390,upstream_next_down_chain,460.6,460.7,43447022,4
4080832760,4080828390,upstream_next_down_chain,530.0,5317.1,43447023,3
4080832850,4080830270,upstream_next_down_chain,739.6,4998.1,43497250,2
4080832970,4080830270,upstream_next_down_chain,66.1,3563.2,43497241,3
4080833150,4080831000,upstream_next_down_chain,3285.2,3285.2,43489304,3
4080833260,4080826870,upstream_next_down_chain,487.0,487.0,43492538,3
4080833390,4080826870,upstream_next_down_chain,60.3,50230.4,43492539,2
4080833410,4080830110,upstream_next_down_chain,721.1,721.3,43489202,4
4080833430,4080831000,upstream_next_down_chain,1530.6,42989.9,43489305,2
4080833460,4080839880,upstream_next_down_chain,726.4,726.4,43482369,4
4080833470,4080839880,upstream_next_down_chain,427.3,427.3,43482368,5
4080833570,4080848600,upstream_next_down_chain,1411.7,5154.8,43498270,3
4080833580,4080830110,upstream_next_down_chain,1126.0,5269.7,43489203,3
4080833590,4080835550,upstream_next_down_chain,543.6,543.7,43447026,4
4080833660,4080848600,upstream_next_down_chain,774.4,774.6,43498260,4
4080833690,4080835550,upstream_next_down_chain,927.2,2523.4,43447027,3
4080834470,4080840040,upstream_next_down_chain,408.9,408.9,43492729,3
4080834610,4080828460,upstream_next_down_chain,1920.6,9426.7,43498430,3
4080834620,4080835040,upstream_next_down_chain,1969.9,109555.6,43498357,2
4080834630,4080834890,upstream_next_down_chain,177.9,177.9,43497244,4
4080834640,4080840040,upstream_next_down_chain,340.3,340.3,43492728,4
4080834860,4080828460,upstream_next_down_chain,498.2,8450.2,43498421,4
4080834870,4080835040,upstream_next_down_chain,336.4,336.4,43498356,3
4080834880,4080834890,upstream_next_down_chain,652.4,2779.3,43497245,3
4080834890,4080832970,upstream_next_down_chain,119.5,3076.5,43497243,3
4080835040,4080838580,upstream_next_down_chain,8.2,109900.1,43498355,2
4080835050,4080832970,upstream_next_down_chain,420.4,420.4,43497242,4
4080835170,4080838580,upstream_next_down_chain,167.8,167.8,43498354,3
4080835330,4080830430,upstream_next_down_chain,511.3,511.3,43497224,4
4080835350,4080826880,upstream_next_down_chain,1309.5,7192.9,43482201,4
4080835360,4080826880,upstream_next_down_chain,4.7,75732.8,43482310,3
4080835370,4080835810,upstream_next_down_chain,636.3,73648.7,43482350,3
4080835380,4080832760,upstream_next_down_chain,491.8,491.9,43447024,4
4080835490,4080830430,upstream_next_down_chain,310.0,2125.9,43497225,3
4080835520,4080835810,upstream_next_down_chain,270.0,270.0,43482340,4
4080835550,4080832760,upstream_next_down_chain,1228.2,4295.4,43447025,3
4080835770,4080830910,upstream_next_down_chain,1300.9,1300.9,43484040,4
4080835780,4080830910,upstream_next_down_chain,2548.9,16869.6,43484050,3
4080835800,4080835360,upstream_next_down_chain,1743.2,1743.2,43482320,4
4080835810,4080835360,upstream_next_down_chain,66.5,73985.1,43482330,3
4080836110,4080833390,upstream_next_down_chain,182.6,48069.4,43492550,2
4080836120,4080833690,upstream_next_down_chain,390.8,390.9,43447028,4
4080836430,4080837180,upstream_next_down_chain,201.4,12657.3,43499230,2
4080836450,4080833390,upstream_next_down_chain,2100.5,2100.8,43492540,3
4080836460,4080838130,upstream_next_down_chain,758.5,758.5,43482209,4
4080836470,4080833690,upstream_next_down_chain,1205.5,1205.5,43447029,3
4080836540,4080837180,upstream_next_down_chain,1190.7,1191.2,43499220,3
4080836550,4080847830,upstream_next_down_chain,195.1,195.1,43497522,3
4080836580,4080836830,upstream_next_down_chain,1206.5,1206.8,43495499,2
4080836590,4080836830,upstream_next_down_chain,522.2,522.2,43495498,3
4080836620,4080838130,upstream_next_down_chain,639.9,639.9,43482208,5
4080836720,4080842730,upstream_next_down_chain,1870.2,1870.2,43499360,2
4080836730,4080842730,upstream_next_down_chain,1095.6,206594.1,43499370,1
4080836740,4080847830,upstream_next_down_chain,266.1,2079.5,43497523,2
4080836830,4080839130,upstream_next_down_chain,1.3,1730.0,43495497,2
4080837170,4080848290,upstream_next_down_chain,1923.9,218926.5,43499310,1
4080837180,4080848290,upstream_next_down_chain,8.2,13856.8,43499210,2
4080837210,4080835490,upstream_next_down_chain,351.4,351.4,43497226,4
4080837220,4080839130,upstream_next_down_chain,485.5,485.7,43495496,3
4080837400,4080835490,upstream_next_down_chain,719.6,1464.4,43497227,3
4080837430,4080836110,upstream_next_down_chain,2089.9,2090.0,43492560,3
4080837560,4080836110,upstream_next_down_chain,1098.8,45796.7,43492570,2
4080838130,4080841950,upstream_next_down_chain,286.1,1684.4,43482207,4
4080838250,4080826010,upstream_next_down_chain,908.4,4744.2,43495491,2
4080838290,4080841950,upstream_next_down_chain,828.3,828.4,43482206,5
4080838490,4080826010,upstream_next_down_chain,1350.9,1351.2,43495480,3
4080838580,4080854770,upstream_next_down_chain,98.2,110165.8,43498353,2
4080838630,4080828500,upstream_next_down_chain,1397.3,63406.8,43447050,2
4080838640,4080828500,upstream_next_down_chain,916.2,916.2,43447040,3
4080838700,4080854770,upstream_next_down_chain,400.0,400.1,43498352,3
4080838770,4080832100,upstream_next_down_chain,188.1,188.1,43442608,5
4080838780,4080832100,upstream_next_down_chain,180.2,180.2,43442609,4
4080838920,4080839450,upstream_next_down_chain,1378.6,1378.6,43489206,4
4080838970,4080835350,upstream_next_down_chain,414.4,5459.3,43482203,4
4080838980,4080835350,upstream_next_down_chain,424.5,424.5,43482202,5
4080839100,4080839830,upstream_next_down_chain,366.4,366.4,43497549,2
4080839110,4080839830,upstream_next_down_chain,165.7,165.8,43497548,3
4080839130,4080840630,upstream_next_down_chain,51.8,2267.6,43495495,2
4080839160,4080839450,upstream_next_down_chain,708.2,1958.6,43489207,3
4080839320,4080840630,upstream_next_down_chain,358.0,358.0,43495494,3
4080839440,4080839160,upstream_next_down_chain,503.9,503.9,43489208,4
4080839450,4080833580,upstream_next_down_chain,454.1,3791.0,43489205,3
4080839520,4080833580,upstream_next_down_chain,352.6,352.6,43489204,4
4080839540,4080835370,upstream_next_down_chain,751.6,67304.2,43482370,3
4080839550,4080835370,upstream_next_down_chain,473.5,5707.9,43482361,4
4080839700,4080839160,upstream_next_down_chain,746.4,746.7,43489209,3
4080839830,4080848300,upstream_next_down_chain,12.9,545.0,43497547,2
4080839860,4080841300,upstream_next_down_chain,281.3,281.3,43492726,4
4080839880,4080841160,upstream_next_down_chain,317.7,1471.1,43482367,4
4080840040,4080841300,upstream_next_down_chain,443.9,1193.0,43492727,3
4080840060,4080841160,upstream_next_down_chain,1405.2,1405.3,43482366,5
4080840150,4080848300,upstream_next_down_chain,214.0,214.0,43497546,3
4080840630,4080838250,upstream_next_down_chain,513.4,3138.9,43495493,2
4080840640,4080839550,upstream_next_down_chain,320.4,320.4,43482362,5
4080840750,4080838250,upstream_next_down_chain,696.9,697.0,43495492,3
4080840890,4080839550,upstream_next_down_chain,7.8,4914.2,43482363,4
4080841000,4080830930,upstream_next_down_chain,301.7,301.8,43442464,6
4080841080,4080830930,upstream_next_down_chain,252.3,1651.8,43442465,5
4080841160,4080840890,upstream_next_down_chain,298.9,3175.2,43482365,4
4080841290,4080842170,upstream_next_down_chain,702.0,702.1,43492724,4
4080841300,4080842170,upstream_next_down_chain,236.2,1710.4,43492725,3
4080841330,4080840890,upstream_next_down_chain,1731.3,1731.3,43482364,5
4080841670,4080832850,upstream_next_down_chain,684.6,684.8,43497260,3
4080841800,4080832850,upstream_next_down_chain,916.6,3573.7,43497270,2
4080841950,4080838970,upstream_next_down_chain,701.2,3213.9,43482205,4
4080842050,4080838970,upstream_next_down_chain,1831.0,1831.0,43482204,5
4080842160,4080849580,upstream_next_down_chain,2130.5,2130.7,43492722,4
4080842170,4080849580,upstream_next_down_chain,13.3,2425.8,43492723,3
4080842720,4080845670,upstream_next_down_chain,851.1,851.3,43499358,2
4080842730,4080845670,upstream_next_down_chain,361.8,208825.8,43499359,1
4080843010,4080837400,upstream_next_down_chain,269.4,269.4,43497228,4
4080843020,4080837400,upstream_next_down_chain,475.7,475.7,43497229,3
4080843370,4080834860,upstream_next_down_chain,3751.4,3751.4,43498422,5
4080843410,4080829250,upstream_next_down_chain,132.4,4184.2,43442491,4
4080843420,4080829250,upstream_next_down_chain,2483.9,2484.0,43442480,5
4080843600,4080834860,upstream_next_down_chain,491.0,4201.0,43498423,4
4080844050,4080841080,upstream_next_down_chain,411.0,411.0,43442466,6
4080844110,4080841080,upstream_next_down_chain,98.4,988.7,43442467,5
4080845270,4080846240,upstream_next_down_chain,312.5,312.5,43498429,4
4080845390,4080846240,upstream_next_down_chain,806.9,806.9,43498428,5
4080845430,4080837560,upstream_next_down_chain,2666.6,43136.5,43492590,2
4080845440,4080837560,upstream_next_down_chain,1561.4,1561.4,43492580,3
4080845670,4080851970,upstream_next_down_chain,218.9,209895.8,43499357,1
4080845820,4080851970,upstream_next_down_chain,166.4,166.6,43499356,2
4080846100,4080850370,upstream_next_down_chain,549.0,549.0,43498426,5
4080846120,4080834880,upstream_next_down_chain,389.0,389.1,43497246,4
4080846240,4080850370,upstream_next_down_chain,120.7,1240.1,43498427,4
4080846410,4080834880,upstream_next_down_chain,50.3,1737.9,43497247,3
4080846450,4080843410,upstream_next_down_chain,243.0,243.0,43442492,5
4080846590,4080843410,upstream_next_down_chain,508.8,3808.7,43442493,4
4080846680,4080844110,upstream_next_down_chain,196.3,196.4,43442468,6
4080846820,4080844110,upstream_next_down_chain,694.2,694.2,43442469,5
4080847280,4080838630,upstream_next_down_chain,938.7,938.7,43447060,3
4080847380,4080828570,upstream_next_down_chain,371.4,432058.9,43497510,1
4080847390,4080828570,upstream_next_down_chain,1298.8,13107.0,43497411,2
4080847410,4080855410,upstream_next_down_chain,695.4,8294.5,43489630,3
4080847420,4080838630,upstream_next_down_chain,731.6,61070.8,43447070,2
4080847550,4080855410,upstream_next_down_chain,447.0,447.0,43489620,4
4080847820,4080847380,upstream_next_down_chain,1490.9,428797.6,43497530,1
4080847830,4080847380,upstream_next_down_chain,615.6,2890.2,43497521,2
4080847840,4080846410,upstream_next_down_chain,846.3,846.3,43497249,3
4080847850,4080846410,upstream_next_down_chain,841.2,841.4,43497248,4
4080848210,4080839540,upstream_next_down_chain,387.5,387.7,43482380,4
4080848220,4080848630,upstream_next_down_chain,354.1,354.1,43448026,5
4080848290,4080854310,upstream_next_down_chain,1056.7,233840.1,43499199,1
4080848300,4080862160,upstream_next_down_chain,656.6,1415.4,43497545,2
4080848330,4080839540,upstream_next_down_chain,1098.4,66165.1,43482390,3
4080848380,4080854310,upstream_next_down_chain,219.4,219.4,43499198,2
4080848390,4080862160,upstream_next_down_chain,653.3,653.3,43497544,3
4080848430,4080848630,upstream_next_down_chain,240.0,946.3,43448027,4
4080848500,4080854070,upstream_next_down_chain,247.7,247.9,43448024,5
4080848600,4080854990,upstream_next_down_chain,1240.1,7169.5,43498250,3
4080848630,4080854070,upstream_next_down_chain,92.8,1393.1,43448025,4
4080848770,4080854990,upstream_next_down_chain,523.6,523.6,43498240,4
4080848790,4080847410,upstream_next_down_chain,341.4,7004.1,43489650,3
4080848920,4080841800,upstream_next_down_chain,796.3,796.3,43497280,3
4080848930,4080847410,upstream_next_down_chain,594.9,594.9,43489640,4
4080849080,4080841800,upstream_next_down_chain,1860.6,1860.6,43497290,2
4080849100,4080848430,upstream_next_down_chain,234.5,234.8,43448028,5
4080849420,4080848430,upstream_next_down_chain,471.8,471.8,43448029,4
4080849580,4080853610,upstream_next_down_chain,324.4,4880.9,43492721,3
4080849690,4080853610,upstream_next_down_chain,1585.1,28947.6,43492730,2
4080849700,4080833430,upstream_next_down_chain,557.7,41191.3,43489307,2
4080849880,4080833430,upstream_next_down_chain,268.1,268.1,43489306,3
4080850370,4080843600,upstream_next_down_chain,1099.7,2888.5,43498425,4
4080850490,4080843600,upstream_next_down_chain,821.5,821.5,43498424,5
4080850530,4080848790,upstream_next_down_chain,1358.3,1358.3,43489660,4
4080850770,4080848790,upstream_next_down_chain,590.4,5304.8,43489670,3
4080851360,4080849690,upstream_next_down_chain,2248.0,2248.0,43492740,3
4080851560,4080849690,upstream_next_down_chain,1142.7,25114.8,43492750,2
4080851590,4080855050,upstream_next_down_chain,306.2,306.6,43447084,4
4080851850,4080855050,upstream_next_down_chain,23.2,1891.9,43447085,3
4080851860,4080852680,upstream_next_down_chain,256.8,256.8,43447088,4
4080851970,4080856390,upstream_next_down_chain,455.3,210517.5,43499355,1
4080852000,4080852680,upstream_next_down_chain,772.0,772.0,43447089,3
4080852080,4080856390,upstream_next_down_chain,408.3,408.3,43499354,2
4080852680,4080851850,upstream_next_down_chain,446.9,1475.2,43447087,3
4080852690,4080846590,upstream_next_down_chain,269.6,269.6,43442494,5
4080852830,4080851850,upstream_next_down_chain,393.4,393.7,43447086,4
4080852840,4080846590,upstream_next_down_chain,224.4,3030.5,43442495,4
4080853610,4080845430,upstream_next_down_chain,86.4,33915.1,43492710,2
4080853730,4080845430,upstream_next_down_chain,647.3,6554.9,43492601,3
4080853830,4080835780,upstream_next_down_chain,581.1,12286.8,43484070,3
4080853950,4080835780,upstream_next_down_chain,2034.0,2034.0,43484060,4
4080854070,4080860010,upstream_next_down_chain,240.7,1881.8,43448023,4
4080854250,4080860010,upstream_next_down_chain,1105.1,1105.2,43448022,5
4080854310,4080856400,upstream_next_down_chain,401.7,234461.2,43499197,1
4080854530,4080856400,upstream_next_down_chain,234.8,234.8,43499196,2
4080854770,4080863190,upstream_next_down_chain,1244.5,111810.8,43498351,2
4080854880,4080863190,upstream_next_down_chain,514.3,514.4,43498340,3
4080854890,4080850770,upstream_next_down_chain,1630.2,1630.2,43489680,4
4080854940,4080847420,upstream_next_down_chain,529.9,3931.3,43447081,3
4080854990,4080869640,upstream_next_down_chain,566.2,8259.1,43498230,3
4080855010,4080859430,upstream_next_down_chain,1796.9,1796.9,43492890,3
4080855020,4080859430,upstream_next_down_chain,1229.4,1229.4,43492880,4
4080855040,4080847420,upstream_next_down_chain,223.7,56408.0,43447090,2
4080855050,4080854940,upstream_next_down_chain,413.6,2612.1,43447083,3
4080855170,4080850770,upstream_next_down_chain,1259.2,3084.3,43489691,3
4080855220,4080854940,upstream_next_down_chain,789.4,789.4,43447082,4
4080855360,4080869640,upstream_next_down_chain,910.3,910.3,43498220,4
4080855410,4080857710,upstream_next_down_chain,1645.2,10386.5,43489610,3
4080855550,4080857710,upstream_next_down_chain,702.9,25229.2,43489700,2
4080855850,4080849700,upstream_next_down_chain,58.3,40126.9,43489309,2
4080855860,4080849700,upstream_next_down_chain,506.8,506.8,43489308,3
4080855880,4080852840,upstream_next_down_chain,307.9,307.9,43442496,5
4080856040,4080852840,upstream_next_down_chain,643.7,2498.2,43442497,4
4080856270,4080837170,upstream_next_down_chain,2556.1,2556.3,43499320,2
4080856390,4080865290,upstream_next_down_chain,336.2,211261.6,43499353,1
4080856400,4080859080,upstream_next_down_chain,153.0,234848.9,43499195,1
4080856560,4080865290,upstream_next_down_chain,938.4,938.4,43499352,2
4080856570,4080837170,upstream_next_down_chain,556.0,214447.3,43499330,1
4080856580,4080859080,upstream_next_down_chain,288.3,288.3,43499194,2
4080856600,4080848330,upstream_next_down_chain,884.0,10333.1,43482410,4
4080856770,4080848330,upstream_next_down_chain,1295.8,54733.6,43482500,3
4080856980,4080857910,upstream_next_down_chain,863.3,863.4,43484084,5
4080857060,4080857910,upstream_next_down_chain,68.8,5019.9,43484085,4
4080857190,4080862040,upstream_next_down_chain,1313.4,1313.4,43482729,4
4080857280,4080855550,upstream_next_down_chain,2588.9,17734.6,43489910,2
4080857310,4080862040,upstream_next_down_chain,379.8,379.8,43482728,5
4080857570,4080855550,upstream_next_down_chain,335.4,6791.6,43489801,3
4080857680,4080851560,upstream_next_down_chain,2226.8,2226.8,43492760,3
4080857710,4080855850,upstream_next_down_chain,235.5,35851.1,43489500,2
4080857770,4080851560,upstream_next_down_chain,475.1,21745.2,43492770,2
4080857900,4080855850,upstream_next_down_chain,238.4,4217.5,43489401,3
4080857910,4080861290,upstream_next_down_chain,18.5,5901.8,43484083,4
4080858070,4080861290,upstream_next_down_chain,400.1,400.1,43484082,5
4080859080,4080867150,upstream_next_down_chain,75.3,235212.2,43499193,1
4080859100,4080857060,upstream_next_down_chain,2258.7,2258.9,43484086,5
4080859210,4080867150,upstream_next_down_chain,160.6,160.6,43499192,2
4080859240,4080855040,upstream_next_down_chain,147.2,9095.2,43448010,3
4080859250,4080855040,upstream_next_down_chain,86.5,47088.9,43449100,2
4080859320,4080857060,upstream_next_down_chain,221.7,2692.2,43484087,4
4080859430,4080863480,upstream_next_down_chain,697.2,3723.5,43492870,3
4080859490,4080863480,upstream_next_down_chain,528.7,528.8,43492860,4
4080859560,4080847390,upstream_next_down_chain,335.0,335.3,43497412,3
4080859570,4080861600,upstream_next_down_chain,387.6,387.6,43497416,3
4080859700,4080847390,upstream_next_down_chain,286.7,11473.2,43497413,2
4080859710,4080861600,upstream_next_down_chain,23.8,10321.8,43497417,2
4080859720,4080855170,upstream_next_down_chain,106.7,106.7,43489692,4
4080859870,4080860000,upstream_next_down_chain,112.5,112.5,43489698,4
4080859880,4080860200,upstream_next_down_chain,280.1,280.2,43489696,4
4080859890,4080855170,upstream_next_down_chain,16.9,1718.3,43489693,3
4080859990,4080860000,upstream_next_down_chain,833.1,833.2,43489699,3
4080860000,4080860200,upstream_next_down_chain,62.7,1008.6,43489697,3
4080860010,4080859240,upstream_next_down_chain,418.9,3405.6,43448021,4
4080860200,4080859890,upstream_next_down_chain,1.5,1290.3,43489695,3
4080860210,4080859240,upstream_next_down_chain,382.5,5542.3,43448030,3
4080860420,4080859890,upstream_next_down_chain,411.2,411.2,43489694,4
4080860550,4080859710,upstream_next_down_chain,241.3,241.3,43497418,3
4080860720,4080853730,upstream_next_down_chain,1037.2,1037.2,43492602,4
4080860730,4080853730,upstream_next_down_chain,521.5,4870.5,43492603,3
4080860830,4080859710,upstream_next_down_chain,26.5,10071.1,43497419,2
4080861100,4080864210,upstream_next_down_chain,1225.4,1225.4,43482440,5
4080861180,4080857900,upstream_next_down_chain,961.1,3707.8,43489403,3
4080861190,4080864210,upstream_next_down_chain,490.0,4738.4,43482450,4
4080861200,4080863670,upstream_next_down_chain,426.7,426.9,43448060,4
4080861280,4080857900,upstream_next_down_chain,271.2,271.3,43489402,4
4080861290,4080853830,upstream_next_down_chain,865.9,7167.7,43484081,4
4080861310,4080859250,upstream_next_down_chain,53.8,3074.4,43449201,3
4080861370,4080853830,upstream_next_down_chain,331.6,4538.1,43484091,3
4080861380,4080863670,upstream_next_down_chain,463.5,2686.3,43448070,3
4080861390,4080859250,upstream_next_down_chain,286.0,43928.0,43449310,2
4080861600,4080859700,upstream_next_down_chain,225.1,10934.3,43497415,2
4080861680,4080859700,upstream_next_down_chain,252.2,252.4,43497414,3
4080861760,4080861310,upstream_next_down_chain,623.0,2235.1,43449203,3
4080861890,4080861380,upstream_next_down_chain,1308.7,1308.8,43448090,3
4080861900,4080861310,upstream_next_down_chain,786.0,786.0,43449202,4
4080862040,4080862570,upstream_next_down_chain,209.9,1903.2,43482727,4
4080862160,4080862360,upstream_next_down_chain,1201.5,3270.1,43497543,2
4080862190,4080862570,upstream_next_down_chain,351.9,352.0,43482726,5
4080862210,4080861380,upstream_next_down_chain,914.1,914.1,43448080,4
4080862350,4080862360,upstream_next_down_chain,284.3,284.4,43497542,3
4080862360,4080847820,upstream_next_down_chain,60.3,3614.8,43497541,2
4080862370,4080860830,upstream_next_down_chain,1369.2,1369.2,43497420,3
4080862540,4080847820,upstream_next_down_chain,494.3,423692.3,43497550,1
4080862550,4080860830,upstream_next_down_chain,63.3,8675.4,43497430,2
4080862570,4080865090,upstream_next_down_chain,2.8,2258.1,43482725,4
4080862710,4080865090,upstream_next_down_chain,328.4,328.4,43482724,5
4080862730,4080856040,upstream_next_down_chain,265.0,265.0,43442498,5
4080862840,4080856040,upstream_next_down_chain,1589.4,1589.4,43442499,4
4080862990,4080859320,upstream_next_down_chain,1140.9,1141.0,43484089,4
4080863190,4080869520,upstream_next_down_chain,1192.4,113517.3,43498330,2
4080863210,4080859320,upstream_next_down_chain,1329.1,1329.5,43484088,5
4080863300,4080869520,upstream_next_down_chain,279.8,2779.8,43498321,3
4080863330,4080867330,upstream_next_down_chain,2219.0,2219.0,43492840,4
4080863480,4080867330,upstream_next_down_chain,1843.1,6095.3,43492850,3
4080863640,4080857770,upstream_next_down_chain,984.6,18436.9,43492790,2
4080863650,4080857770,upstream_next_down_chain,65.5,2833.4,43492781,3
4080863670,4080860210,upstream_next_down_chain,1000.8,4114.0,43448050,3
4080863830,4080856770,upstream_next_down_chain,10.9,41658.7,43482710,3
4080863840,4080856770,upstream_next_down_chain,511.1,11778.8,43482611,4
4080863850,4080860210,upstream_next_down_chain,1045.9,1046.0,43448040,4
4080864010,4080861760,upstream_next_down_chain,536.9,537.2,43449204,4
4080864080,4080861760,upstream_next_down_chain,133.2,1074.9,43449205,3
4080864200,4080863830,upstream_next_down_chain,238.7,3514.0,43482721,4
4080864210,4080856600,upstream_next_down_chain,678.1,6642.1,43482430,4
4080864340,4080863830,upstream_next_down_chain,504.4,38133.8,43482730,3
4080864350,4080856600,upstream_next_down_chain,570.7,2807.0,43482421,5
4080864460,4080863300,upstream_next_down_chain,392.1,392.1,43498322,4
4080864480,4080862550,upstream_next_down_chain,887.8,888.0,43497440,3
4080864660,4080862550,upstream_next_down_chain,464.2,7724.2,43497451,2
4080864790,4080864800,upstream_next_down_chain,800.2,800.6,43498324,4
4080864800,4080863300,upstream_next_down_chain,81.3,2108.0,43498323,3
4080864970,4080864800,upstream_next_down_chain,455.9,1226.3,43498325,3
4080865090,4080864200,upstream_next_down_chain,428.3,3014.5,43482723,4
4080865190,4080864200,upstream_next_down_chain,260.7,260.7,43482722,5
4080865290,4080856570,upstream_next_down_chain,683.7,212883.4,43499351,1
4080865380,4080856570,upstream_next_down_chain,1008.2,1008.2,43499340,2
4080865400,4080863650,upstream_next_down_chain,165.2,165.4,43492782,4
4080865550,4080863650,upstream_next_down_chain,251.2,2602.6,43492783,3
4080866030,4080867160,upstream_next_down_chain,229.6,229.7,43498328,4
4080866040,4080857570,upstream_next_down_chain,1208.6,5653.5,43489803,3
4080866110,4080867160,upstream_next_down_chain,232.1,232.1,43498329,3
4080866130,4080857570,upstream_next_down_chain,802.7,803.0,43489802,4
4080866140,4080861370,upstream_next_down_chain,506.0,3788.2,43484093,3
4080866280,4080861370,upstream_next_down_chain,418.4,418.5,43484092,4
4080866330,4080873180,upstream_next_down_chain,521.3,6056.0,43489970,2
4080866340,4080864080,upstream_next_down_chain,245.8,245.8,43449206,4
4080866480,4080873180,upstream_next_down_chain,1337.3,1337.3,43489960,3
4080866490,4080864080,upstream_next_down_chain,426.9,696.0,43449207,3
4080866540,4080861390,upstream_next_down_chain,113.2,43085.3,43449330,2
4080866550,4080861390,upstream_next_down_chain,556.4,556.5,43449320,3
4080866920,4080865550,upstream_next_down_chain,233.5,233.5,43492784,4
4080866960,4080861190,upstream_next_down_chain,928.1,928.2,43482460,5
4080867040,4080863640,upstream_next_down_chain,452.1,10487.3,43492810,3
4080867050,4080863640,upstream_next_down_chain,1691.7,6965.0,43492901,2
4080867060,4080865550,upstream_next_down_chain,544.7,2118.1,43492785,3
4080867080,4080861190,upstream_next_down_chain,1628.7,3320.6,43482470,4
4080867150,4080876390,upstream_next_down_chain,547.8,235878.1,43499191,1
4080867160,4080864970,upstream_next_down_chain,145.8,607.6,43498327,3
4080867320,4080864970,upstream_next_down_chain,162.9,162.9,43498326,4
4080867330,4080867040,upstream_next_down_chain,1393.8,9606.5,43492830,3
4080867340,4080860730,upstream_next_down_chain,934.6,2169.3,43492605,3
4080867490,4080876390,upstream_next_down_chain,2080.3,2080.4,43499180,2
4080867500,4080860730,upstream_next_down_chain,2180.0,2180.0,43492604,4
4080867670,4080867040,upstream_next_down_chain,428.9,428.9,43492820,4
4080867810,4080862540,upstream_next_down_chain,2600.7,2600.7,43497560,2
4080867890,4080862540,upstream_next_down_chain,565.6,420597.8,43497570,1
4080867950,4080867960,upstream_next_down_chain,1295.1,1295.1,43449360,3
4080867960,4080866540,upstream_next_down_chain,64.0,42272.9,43449350,2
4080867970,4080866540,upstream_next_down_chain,699.5,699.5,43449340,3
4080868120,4080867960,upstream_next_down_chain,1022.2,40913.8,43449370,2
4080868570,4080880880,upstream_next_down_chain,767.9,767.9,43449909,2
4080868580,4080880880,upstream_next_down_chain,819.6,819.6,43449908,3
4080869520,4080872680,upstream_next_down_chain,608.9,116906.4,43498310,2
4080869640,4080872680,upstream_next_down_chain,1894.5,11063.3,43498210,3
4080870090,4080857280,upstream_next_down_chain,1681.1,1681.2,43489920,3
4080870110,4080864350,upstream_next_down_chain,409.4,1967.9,43482423,5
4080870210,4080866330,upstream_next_down_chain,2746.4,2747.1,43489980,3
4080870220,4080857280,upstream_next_down_chain,18.5,13464.3,43489930,2
4080870230,4080864350,upstream_next_down_chain,268.5,268.5,43482422,6
4080870330,4080866330,upstream_next_down_chain,221.2,2787.7,43489991,2
4080870700,4080872160,upstream_next_down_chain,392.8,393.0,43492908,3
4080870780,4080872160,upstream_next_down_chain,929.7,929.9,43492909,2
4080870990,4080870220,upstream_next_down_chain,2022.1,2022.1,43489940,3
4080871000,4080863840,upstream_next_down_chain,647.0,647.2,43482612,5
4080871060,4080870220,upstream_next_down_chain,147.3,11423.9,43489951,2
4080871070,4080863840,upstream_next_down_chain,321.2,10620.6,43482613,4
4080871270,4080866140,upstream_next_down_chain,243.7,244.1,43484094,4
4080871470,4080861180,upstream_next_down_chain,664.5,2243.4,43489405,3
4080871480,4080866140,upstream_next_down_chain,675.2,3038.2,43484095,3
4080871560,4080867340,upstream_next_down_chain,189.1,859.1,43492607,3
4080871690,4080861180,upstream_next_down_chain,503.2,503.3,43489404,4
4080871780,4080867340,upstream_next_down_chain,375.6,375.6,43492606,4
4080872030,4080880330,upstream_next_down_chain,566.5,566.5,43492906,3
4080872060,4080866490,upstream_next_down_chain,149.4,149.4,43449208,4
4080872070,4080866490,upstream_next_down_chain,119.7,119.7,43449209,3
4080872160,4080880330,upstream_next_down_chain,356.2,1679.0,43492907,2
4080872680,4080894110,upstream_next_down_chain,215.6,128185.4,43498100,2
4080872820,4080894110,upstream_next_down_chain,126.3,256952.7,43499111,1
4080872970,4080874200,upstream_next_down_chain,1243.9,1244.2,43489958,3
4080872980,4080864340,upstream_next_down_chain,138.1,30770.1,43482751,3
4080873180,4080874200,upstream_next_down_chain,851.5,8244.5,43489959,2
4080873190,4080871060,upstream_next_down_chain,149.4,11121.1,43489953,2
4080873200,4080871060,upstream_next_down_chain,155.4,155.6,43489952,3
4080873210,4080864340,upstream_next_down_chain,0.5,6859.3,43482741,4
4080873390,4080878380,upstream_next_down_chain,1680.3,1680.6,43482780,4
4080873400,4080873210,upstream_next_down_chain,202.0,202.1,43482742,5
4080873410,4080873210,upstream_next_down_chain,2408.7,6656.6,43482743,4
4080873600,4080872980,upstream_next_down_chain,416.4,416.4,43482752,4
4080873730,4080864660,upstream_next_down_chain,75.5,7029.1,43497453,2
4080873740,4080864660,upstream_next_down_chain,230.9,230.9,43497452,3
4080873780,4080878380,upstream_next_down_chain,2184.7,23543.7,43482790,3
4080873880,4080872980,upstream_next_down_chain,99.8,30215.6,43482753,3
4080873890,4080870110,upstream_next_down_chain,59.8,1390.7,43482425,5
4080873900,4080870110,upstream_next_down_chain,168.0,168.0,43482424,6
4080873970,4080870330,upstream_next_down_chain,296.9,2385.3,43489993,2
4080874190,4080870330,upstream_next_down_chain,181.3,181.4,43489992,3
4080874200,4080874650,upstream_next_down_chain,482.5,9971.1,43489957,2
4080874360,4080874650,upstream_next_down_chain,209.1,209.1,43489956,3
4080874650,4080873190,upstream_next_down_chain,31.8,10212.0,43489955,2
4080874760,4080872820,upstream_next_down_chain,695.6,256127.2,43499113,1
4080874770,4080872820,upstream_next_down_chain,698.9,699.0,43499112,2
4080874780,4080873190,upstream_next_down_chain,759.9,759.9,43489954,3
4080874960,4080867060,upstream_next_down_chain,276.5,276.7,43492786,4
4080874970,4080867060,upstream_next_down_chain,210.0,1296.9,43492787,3
4080875000,4080873880,upstream_next_down_chain,211.7,29048.1,43482755,3
4080875140,4080871560,upstream_next_down_chain,203.5,203.5,43492608,4
4080875150,4080866040,upstream_next_down_chain,414.0,4171.5,43489805,3
4080875160,4080866040,upstream_next_down_chain,273.5,273.5,43489804,4
4080875270,4080871560,upstream_next_down_chain,466.4,466.6,43492609,3
4080875290,4080877190,upstream_next_down_chain,884.2,884.2,43482758,4
4080875300,4080873880,upstream_next_down_chain,1067.6,1067.7,43482754,4
4080875400,4080877190,upstream_next_down_chain,268.1,27526.7,43482759,3
4080875480,4080874760,upstream_next_down_chain,1240.3,1240.4,43499114,2
4080875770,4080874760,upstream_next_down_chain,421.8,254191.1,43499115,1
4080875780,4080867890,upstream_next_down_chain,193.4,2872.5,43497581,2
4080875940,4080867890,upstream_next_down_chain,1507.0,417160.1,43497590,1
4080875950,4080873730,upstream_next_down_chain,240.9,240.9,43497454,3
4080875960,4080873730,upstream_next_down_chain,823.2,6712.9,43497455,2
4080876310,4080871470,upstream_next_down_chain,268.1,1149.6,43489407,3
4080876390,4080886520,upstream_next_down_chain,904.5,238863.0,43499170,1
4080876440,4080871470,upstream_next_down_chain,429.5,429.5,43489406,4
4080876460,4080871070,upstream_next_down_chain,224.6,10062.5,43482615,4
4080876470,4080871070,upstream_next_down_chain,237.2,237.2,43482614,5
4080876480,4080873890,upstream_next_down_chain,5.2,1103.9,43482427,5
4080876490,4080873890,upstream_next_down_chain,227.1,227.1,43482426,6
4080876550,4080886520,upstream_next_down_chain,2046.9,2046.9,43499160,2
4080876880,4080873970,upstream_next_down_chain,185.3,185.3,43489994,3
4080876900,4080876480,upstream_next_down_chain,265.5,265.5,43482428,6
4080876920,4080868120,upstream_next_down_chain,73.5,2897.3,43449381,3
4080876930,4080868120,upstream_next_down_chain,2233.2,36993.9,43449390,2
4080877030,4080873970,upstream_next_down_chain,357.8,1903.1,43489995,2
4080877050,4080876480,upstream_next_down_chain,833.4,833.4,43482429,5
4080877190,4080875000,upstream_next_down_chain,136.0,28546.9,43482757,3
4080877320,4080875000,upstream_next_down_chain,289.7,289.7,43482756,4
4080877330,4080867080,upstream_next_down_chain,911.9,912.2,43482490,4
4080877410,4080867080,upstream_next_down_chain,779.6,779.7,43482480,5
4080878150,4080874970,upstream_next_down_chain,840.6,840.6,43492789,3
4080878160,4080874970,upstream_next_down_chain,246.1,246.1,43492788,4
4080878380,4080875400,upstream_next_down_chain,238.8,25463.0,43482770,3
4080878520,4080875400,upstream_next_down_chain,1795.3,1795.6,43482760,4
4080878650,4080871480,upstream_next_down_chain,679.4,679.4,43484096,4
4080878890,4080871480,upstream_next_down_chain,741.3,1683.7,43484097,3
4080879150,4080876920,upstream_next_down_chain,316.3,2693.3,43449383,3
4080879380,4080876920,upstream_next_down_chain,130.6,130.8,43449382,4
4080879930,4080875770,upstream_next_down_chain,633.9,252694.2,43499117,1
4080880100,4080880730,upstream_next_down_chain,464.7,464.7,43492904,3
4080880320,4080875770,upstream_next_down_chain,1075.1,1075.1,43499116,2
4080880330,4080880730,upstream_next_down_chain,2159.4,4405.1,43492905,2
4080880350,4080876460,upstream_next_down_chain,151.3,9622.3,43482617,4
4080880580,4080876460,upstream_next_down_chain,215.6,215.6,43482616,5
4080880730,4080867050,upstream_next_down_chain,30.4,4900.0,43492903,2
4080880850,4080867050,upstream_next_down_chain,373.3,373.3,43492902,3
4080880880,4080883640,upstream_next_down_chain,913.9,2501.3,43449907,2
4080880890,4080883640,upstream_next_down_chain,393.3,393.3,43449906,3
4080880970,4080877030,upstream_next_down_chain,564.9,1356.1,43489997,2
4080880980,4080877030,upstream_next_down_chain,189.2,189.2,43489996,3
4080881120,4080882890,upstream_next_down_chain,1260.1,401763.0,43497703,1
4080881130,4080882890,upstream_next_down_chain,1376.4,1376.7,43497702,2
4080881520,4080876310,upstream_next_down_chain,618.7,618.7,43489409,3
4080881540,4080882210,upstream_next_down_chain,587.8,587.8,43449389,3
4080881600,4080879930,upstream_next_down_chain,1355.5,1355.5,43499118,2
4080881690,4080879930,upstream_next_down_chain,851.0,250704.6,43499119,1
4080881720,4080876310,upstream_next_down_chain,262.9,263.1,43489408,4
4080881730,4080882210,upstream_next_down_chain,273.5,273.7,43449388,4
4080881930,4080879150,upstream_next_down_chain,14.3,2171.1,43449385,3
4080882110,4080879150,upstream_next_down_chain,206.1,206.1,43449384,4
4080882210,4080881930,upstream_next_down_chain,285.1,1146.5,43449387,3
4080882440,4080883760,upstream_next_down_chain,1008.2,1008.2,43482840,5
4080882470,4080881930,upstream_next_down_chain,1010.4,1010.4,43449386,4
4080882620,4080875780,upstream_next_down_chain,183.5,183.5,43497582,3
4080882660,4080883760,upstream_next_down_chain,222.5,6892.0,43482850,4
4080882740,4080875780,upstream_next_down_chain,277.8,2495.7,43497583,2
4080882780,4080880350,upstream_next_down_chain,233.6,8942.6,43482619,4
4080882790,4080880350,upstream_next_down_chain,528.3,528.3,43482618,5
4080882890,4080875940,upstream_next_down_chain,828.8,403968.3,43497701,1
4080882960,4080875150,upstream_next_down_chain,1578.9,1578.9,43489806,4
4080883040,4080875940,upstream_next_down_chain,847.8,11685.7,43497610,2
4080883070,4080875150,upstream_next_down_chain,1.4,2178.9,43489807,3
4080883180,4080883070,upstream_next_down_chain,609.3,609.3,43489808,4
4080883290,4080883070,upstream_next_down_chain,1568.3,1568.5,43489809,3
4080883640,4080886790,upstream_next_down_chain,98.3,2992.8,43449905,2
4080883760,4080884430,upstream_next_down_chain,34.3,7934.2,43482830,4
4080883900,4080886790,upstream_next_down_chain,2126.4,2126.5,43449904,3
4080884030,4080884430,upstream_next_down_chain,922.6,922.6,43482820,5
4080884430,4080873780,upstream_next_down_chain,369.7,9226.1,43482810,4
4080884440,4080873780,upstream_next_down_chain,2469.9,12133.0,43482910,3
4080886520,4080888080,upstream_next_down_chain,2311.0,242846.3,43499150,1
4080886570,4080893870,upstream_next_down_chain,476.4,476.4,43449902,3
4080886730,4080888080,upstream_next_down_chain,1919.0,1919.1,43499140,2
4080886750,4080880970,upstream_next_down_chain,548.3,548.3,43489999,2
4080886760,4080878890,upstream_next_down_chain,180.1,180.1,43484098,4
4080886790,4080893870,upstream_next_down_chain,563.4,5682.7,43449903,2
4080886930,4080878890,upstream_next_down_chain,762.4,762.4,43484099,3
4080887080,4080880970,upstream_next_down_chain,243.1,243.1,43489998,3
4080887100,4080882660,upstream_next_down_chain,649.7,649.9,43482860,5
4080887260,4080882740,upstream_next_down_chain,333.2,333.2,43497584,3
4080887270,4080882740,upstream_next_down_chain,152.8,1885.0,43497585,2
4080887280,4080882780,upstream_next_down_chain,1599.4,1599.8,43482620,5
4080887290,4080882780,upstream_next_down_chain,1284.5,7109.5,43482630,4
4080887520,4080882660,upstream_next_down_chain,435.9,6019.6,43482870,4
4080887940,4080881690,upstream_next_down_chain,304.7,4033.5,43499121,2
4080888080,4080881690,upstream_next_down_chain,1054.7,245820.3,43499130,1
4080889610,4080881120,upstream_next_down_chain,2351.3,2351.3,43497704,2
4080889930,4080881120,upstream_next_down_chain,36.5,398152.7,43497705,1
4080889940,4080887270,upstream_next_down_chain,140.0,140.0,43497586,3
4080889950,4080887270,upstream_next_down_chain,1.5,1591.9,43497587,2
4080890090,4080875960,upstream_next_down_chain,381.1,381.2,43497456,3
4080890260,4080889950,upstream_next_down_chain,715.0,715.0,43497588,3
4080890270,4080889950,upstream_next_down_chain,875.4,875.4,43497589,2
4080890280,4080875960,upstream_next_down_chain,35.2,5508.5,43497457,2
4080890670,4080889930,upstream_next_down_chain,263.0,263.0,43497706,2
4080890830,4080889930,upstream_next_down_chain,226.8,397853.2,43497707,1
4080892350,4080890280,upstream_next_down_chain,178.2,4685.1,43497459,2
4080892360,4080890280,upstream_next_down_chain,788.2,788.2,43497458,3
4080893460,4080892350,upstream_next_down_chain,967.9,967.9,43497460,3
4080893540,4080890830,upstream_next_down_chain,278.9,395898.7,43497709,1
4080893550,4080892350,upstream_next_down_chain,1103.2,3608.4,43497470,2
4080893680,4080890830,upstream_next_down_chain,1727.9,1727.9,43497708,2
4080893870,4080895500,upstream_next_down_chain,974.3,7133.5,43449901,2
4080893880,4080895500,upstream_next_down_chain,157.2,7778.1,43449801,3
4080894110,4080893540,upstream_next_down_chain,1195.4,386332.8,43497900,1
4080894390,4080893540,upstream_next_down_chain,72.7,9287.1,43497810,2
4080894580,4080887940,upstream_next_down_chain,289.2,289.3,43499122,3
4080894740,4080887940,upstream_next_down_chain,181.4,3439.4,43499123,2
4080894760,4080896610,upstream_next_down_chain,2905.4,2905.6,43449702,3
4080894920,4080896610,upstream_next_down_chain,240.5,16046.0,43449703,2
4080895160,4080893880,upstream_next_down_chain,830.3,830.6,43449802,4
4080895280,4080893880,upstream_next_down_chain,173.6,6790.4,43449803,3
4080895350,4080895360,upstream_next_down_chain,692.5,692.5,43482882,6
4080895360,4080887520,upstream_next_down_chain,3.0,3257.0,43482881,5
4080895370,4080887520,upstream_next_down_chain,2326.7,2326.8,43482890,4
4080895380,4080887290,upstream_next_down_chain,776.0,776.0,43482640,5
4080895390,4080887290,upstream_next_down_chain,553.0,5049.2,43482650,4
4080895500,4080894920,upstream_next_down_chain,228.3,15139.7,43449705,2
4080895690,4080895360,upstream_next_down_chain,60.5,2561.5,43482883,5
4080895710,4080894920,upstream_next_down_chain,665.8,665.8,43449704,3
4080896250,4080883040,upstream_next_down_chain,900.7,9947.3,43497630,2
4080896260,4080883040,upstream_next_down_chain,890.5,890.7,43497620,3
4080896580,4080894390,upstream_next_down_chain,52.8,3590.9,43497821,3
4080896610,4080897210,upstream_next_down_chain,47.7,18999.4,43449701,2
4080896700,4080894390,upstream_next_down_chain,169.8,5623.4,43497830,2
4080896760,4080897210,upstream_next_down_chain,1480.1,7824.8,43449601,3
4080897000,4080899350,upstream_next_down_chain,424.5,424.6,43497826,4
4080897110,4080894740,upstream_next_down_chain,171.5,2842.6,43499125,2
4080897120,4080894740,upstream_next_down_chain,415.2,415.4,43499124,3
4080897130,4080899350,upstream_next_down_chain,105.7,1833.4,43497827,3
4080897180,4080895690,upstream_next_down_chain,500.2,2241.5,43482885,5
4080897200,4080876930,upstream_next_down_chain,275.7,7724.5,43449401,3
4080897210,4080876930,upstream_next_down_chain,212.1,27036.5,43449500,2
4080897230,4080905890,upstream_next_down_chain,709.7,709.8,43449809,3
4080897240,4080905890,upstream_next_down_chain,203.7,203.8,43449808,4
4080897420,4080895690,upstream_next_down_chain,259.4,259.5,43482884,6
4080897560,4080897130,upstream_next_down_chain,515.9,515.9,43497828,4
4080897900,4080897130,upstream_next_down_chain,1211.9,1211.9,43497829,3
4080897910,4080896580,upstream_next_down_chain,620.2,620.2,43497822,4
4080898220,4080896580,upstream_next_down_chain,112.6,2918.3,43497823,3
4080898280,4080899450,upstream_next_down_chain,549.4,549.5,43449406,4
4080898440,4080895390,upstream_next_down_chain,910.1,3764.3,43482670,4
4080898450,4080895390,upstream_next_down_chain,731.8,731.9,43482660,5
4080898580,4080899450,upstream_next_down_chain,14.4,2165.5,43449407,3
4080899220,4080898580,upstream_next_down_chain,1676.6,1676.7,43449409,3
4080899230,4080898580,upstream_next_down_chain,474.2,474.3,43449408,4
4080899240,4080899660,upstream_next_down_chain,1136.1,1136.1,43449404,4
4080899350,4080898220,upstream_next_down_chain,95.4,2353.2,43497825,3
4080899380,4080898220,upstream_next_down_chain,452.1,452.4,43497824,4
4080899450,4080899660,upstream_next_down_chain,523.6,3238.3,43449405,3
4080899660,4080897200,upstream_next_down_chain,255.0,4629.4,43449403,3
4080899780,4080897200,upstream_next_down_chain,2819.7,2819.7,43449402,4
4080900040,4080897110,upstream_next_down_chain,611.2,611.3,43499126,3
4080900050,4080897110,upstream_next_down_chain,627.0,2059.9,43499127,2
4080900090,4080901300,upstream_next_down_chain,1683.7,1683.7,43482746,5
4080900220,4080901300,upstream_next_down_chain,865.7,1863.7,43482747,4
4080900580,4080896700,upstream_next_down_chain,1130.8,1130.8,43497840,3
4080900730,4080896700,upstream_next_down_chain,1472.9,4322.9,43497850,2
4080900760,4080897180,upstream_next_down_chain,403.1,403.2,43482886,6
4080900920,4080897180,upstream_next_down_chain,256.4,1338.3,43482887,5
4080901300,4080873410,upstream_next_down_chain,121.3,3668.8,43482745,4
4080901430,4080873410,upstream_next_down_chain,579.4,579.4,43482744,5
4080902100,4080895280,upstream_next_down_chain,2343.0,2343.0,43449804,4
4080902110,4080895280,upstream_next_down_chain,399.1,4273.8,43449805,3
4080904010,4080900920,upstream_next_down_chain,668.8,668.8,43482889,5
4080904020,4080900920,upstream_next_down_chain,413.3,413.3,43482888,6
4080904030,4080898440,upstream_next_down_chain,803.2,803.2,43482680,5
4080904040,4080898440,upstream_next_down_chain,2051.0,2051.1,43482690,4
4080905590,4080884440,upstream_next_down_chain,30.4,7048.5,43482930,3
4080905600,4080884440,upstream_next_down_chain,2614.6,2614.6,43482920,4
4080905890,4080902110,upstream_next_down_chain,924.5,1837.9,43449807,3
4080905980,4080902110,upstream_next_down_chain,2036.8,2037.0,43449806,4
4080906620,4080905590,upstream_next_down_chain,930.3,930.3,43482940,4
4080906760,4080896250,upstream_next_down_chain,86.4,8079.6,43497650,2
4080906770,4080896250,upstream_next_down_chain,967.0,967.1,43497640,3
4080906880,4080905590,upstream_next_down_chain,508.6,6088.1,43482950,3
4080908310,4080893550,upstream_next_down_chain,1502.1,1502.1,43497490,2
4080908450,4080893550,upstream_next_down_chain,1003.3,1003.5,43497480,3
4080909290,4080906760,upstream_next_down_chain,1926.7,1926.7,43497660,3
4080909380,4080906760,upstream_next_down_chain,528.2,6066.7,43497671,2
4080909820,4080900050,upstream_next_down_chain,604.0,604.0,43499129,2
4080909830,4080900050,upstream_next_down_chain,829.2,829.2,43499128,3
4080910870,4080906880,upstream_next_down_chain,1155.6,1155.6,43482960,4
4080911010,4080906880,upstream_next_down_chain,975.4,4423.8,43482970,3
4080911870,4080896760,upstream_next_down_chain,949.5,5261.1,43449603,3
4080911880,4080896760,upstream_next_down_chain,1083.3,1083.6,43449602,4
4080912040,4080900220,upstream_next_down_chain,522.9,522.9,43482749,4
4080912050,4080900220,upstream_next_down_chain,474.9,474.9,43482748,5
4080915270,4080900730,upstream_next_down_chain,424.5,424.5,43497860,3
4080915280,4080900730,upstream_next_down_chain,1449.6,2425.4,43497870,2
4080917290,4080909380,upstream_next_down_chain,265.9,266.1,43497672,3
4080917490,4080909380,upstream_next_down_chain,643.3,5272.5,43497673,2
4080918570,4080911010,upstream_next_down_chain,890.2,890.2,43482980,4
4080918580,4080911010,upstream_next_down_chain,2558.3,2558.5,43482990,3
4080919440,4080911870,upstream_next_down_chain,229.4,3697.5,43449605,3
4080919540,4080911870,upstream_next_down_chain,614.2,614.3,43449604,4
4080919650,4080915280,upstream_next_down_chain,331.3,331.3,43497890,2
4080919770,4080915280,upstream_next_down_chain,644.4,644.5,43497880,3
4080921120,4080919440,upstream_next_down_chain,715.5,715.5,43449606,4
4080921330,4080919440,upstream_next_down_chain,252.0,2753.0,43449607,3
4080923370,4080917490,upstream_next_down_chain,189.3,189.3,43497674,3
4080923550,4080917490,upstream_next_down_chain,417.5,4440.0,43497675,2
4080926660,4080921330,upstream_next_down_chain,929.0,929.0,43449608,4
4080926850,4080921330,upstream_next_down_chain,1571.6,1571.9,43449609,3
4080927770,4080923550,upstream_next_down_chain,891.5,891.5,43497676,3
4080927910,4080923550,upstream_next_down_chain,340.5,3131.4,43497677,2
4080930360,4080931350,upstream_next_down_chain,1019.4,1019.4,43497690,2
4080930370,4080931350,upstream_next_down_chain,1054.2,1054.3,43497680,3
4080931350,4080927910,upstream_next_down_chain,41.5,2115.2,43497679,2
4080931650,4080927910,upstream_next_down_chain,675.5,675.5,43497678,3
4081399330,4080676660,upstream_next_down_chain,146.4,146.4,43469568,4
4081418620,4080721760,intersects_taihu_buffer,218.6,2232.0,43502097,1
