source_id,source_file,source_row,station_id,scene_id,observed_at,longitude,latitude,variable_code,source_parameter,observed_value,clean_value,unit,source_unit,value_origin,conversion_rule,is_imputed,imputation_method,imputation_confidence,quality_flags,unit_valid
taihu_thqbca_history,storage\raw\taihu_thqbca_parsed\thqbca_observations.csv,5784,TAIHU_CLIMATE,,1956-01-06T16:00:00+00:00,,,precipitation,precipitation,,,mm,mm,observed,,False,,,"[""Q01""]",True
taihu_thqbca_history,storage\raw\taihu_thqbca_parsed\thqbca_observations.csv,5794,TAIHU_CLIMATE,,1956-01-16T16:00:00+00:00,,,precipitation,precipitation,,,mm,mm,observed,,False,,,"[""Q01""]",True
taihu_thqbca_history,storage\raw\taihu_thqbca_parsed\thqbca_observations.csv,5795,TAIHU_CLIMATE,,1956-01-17T16:00:00+00:00,,,precipitation,precipitation,,,mm,mm,observed,,False,,,"[""Q01""]",True
taihu_thqbca_history,storage\raw\taihu_thqbca_parsed\thqbca_observations.csv,5799,TAIHU_CLIMATE,,1956-01-21T16:00:00+00:00,,,precipitation,precipitation,,,mm,mm,observed,,False,,,"[""Q01""]",True
taihu_thqbca_history,storage\raw\taihu_thqbca_parsed\thqbca_observations.csv,5800,TAIHU_CLIMATE,,1956-01-22T16:00:00+00:00,,,precipitation,precipitation,,,mm,mm,observed,,False,,,"[""Q01""]",True
taihu_thqbca_history,storage\raw\taihu_thqbca_parsed\thqbca_observations.csv,5807,TAIHU_CLIMATE,,1956-01-29T16:00:00+00:00,,,precipitation,precipitation,,,mm,mm,observed,,False,,,"[""Q01""]",True
taihu_thqbca_history,storage\raw\taihu_thqbca_parsed\thqbca_observations.csv,5809,TAIHU_CLIMATE,,1956-01-31T16:00:00+00:00,,,precipitation,precipitation,,,mm,mm,observed,,False,,,"[""Q01""]",True
taihu_thqbca_history,storage\raw\taihu_thqbca_parsed\thqbca_observations.csv,5821,TAIHU_CLIMATE,,1956-02-12T16:00:00+00:00,,,precipitation,precipitation,,,mm,mm,observed,,False,,,"[""Q01""]",True
taihu_thqbca_history,storage\raw\taihu_thqbca_parsed\thqbca_observations.csv,5836,TAIHU_CLIMATE,,1956-02-27T16:00:00+00:00,,,precipitation,precipitation,,,mm,mm,observed,,False,,,"[""Q01""]",True
taihu_thqbca_history,storage\raw\taihu_thqbca_parsed\thqbca_observations.csv,5839,TAIHU_CLIMATE,,1956-03-01T16:00:00+00:00,,,precipitation,precipitation,,,mm,mm,observed,,False,,,"[""Q01""]",True
taihu_thqbca_history,storage\raw\taihu_thqbca_parsed\thqbca_observations.csv,5840,TAIHU_CLIMATE,,1956-03-02T16:00:00+00:00,,,precipitation,precipitation,,,mm,mm,observed,,False,,,"[""Q01""]",True
taihu_thqbca_history,storage\raw\taihu_thqbca_parsed\thqbca_observations.csv,5841,TAIHU_CLIMATE,,1956-03-03T16:00:00+00:00,,,precipitation,precipitation,,,mm,mm,observed,,False,,,"[""Q01""]",True
taihu_thqbca_history,storage\raw\taihu_thqbca_parsed\thqbca_observations.csv,5842,TAIHU_CLIMATE,,1956-03-04T16:00:00+00:00,,,precipitation,precipitation,,,mm,mm,observed,,False,,,"[""Q01""]",True
taihu_thqbca_history,storage\raw\taihu_thqbca_parsed\thqbca_observations.csv,5856,TAIHU_CLIMATE,,1956-03-18T16:00:00+00:00,,,precipitation,precipitation,,,mm,mm,observed,,False,,,"[""Q01""]",True
taihu_thqbca_history,storage\raw\taihu_thqbca_parsed\thqbca_observations.csv,5878,TAIHU_CLIMATE,,1956-04-09T16:00:00+00:00,,,precipitation,precipitation,,,mm,mm,observed,,False,,,"[""Q01""]",True
taihu_thqbca_history,storage\raw\taihu_thqbca_parsed\thqbca_observations.csv,5886,TAIHU_CLIMATE,,1956-04-17T16:00:00+00:00,,,precipitation,precipitation,,,mm,mm,observed,,False,,,"[""Q01""]",True
taihu_thqbca_history,storage\raw\taihu_thqbca_parsed\thqbca_observations.csv,5892,TAIHU_CLIMATE,,1956-04-23T16:00:00+00:00,,,precipitation,precipitation,,,mm,mm,observed,,False,,,"[""Q01""]",True
taihu_thqbca_history,storage\raw\taihu_thqbca_parsed\thqbca_observations.csv,5898,TAIHU_CLIMATE,,1956-04-29T16:00:00+00:00,,,precipitation,precipitation,,,mm,mm,observed,,False,,,"[""Q01""]",True
taihu_thqbca_history,storage\raw\taihu_thqbca_parsed\thqbca_observations.csv,5911,TAIHU_CLIMATE,,1956-05-12T16:00:00+00:00,,,precipitation,precipitation,,,mm,mm,observed,,False,,,"[""Q01""]",True
taihu_thqbca_history,storage\raw\taihu_thqbca_parsed\thqbca_observations.csv,5914,TAIHU_CLIMATE,,1956-05-15T16:00:00+00:00,,,precipitation,precipitation,,,mm,mm,observed,,False,,,"[""Q01""]",True
taihu_thqbca_history,storage\raw\taihu_thqbca_parsed\thqbca_observations.csv,5916,TAIHU_CLIMATE,,1956-05-17T16:00:00+00:00,,,precipitation,precipitation,,,mm,mm,observed,,False,,,"[""Q01""]",True
taihu_thqbca_history,storage\raw\taihu_thqbca_parsed\thqbca_observations.csv,5931,TAIHU_CLIMATE,,1956-06-01T16:00:00+00:00,,,precipitation,precipitation,,,mm,mm,observed,,False,,,"[""Q01""]",True
taihu_thqbca_history,storage\raw\taihu_thqbca_parsed\thqbca_observations.csv,5935,TAIHU_CLIMATE,,1956-06-05T16:00:00+00:00,,,precipitation,precipitation,,,mm,mm,observed,,False,,,"[""Q01""]",True
taihu_thqbca_history,storage\raw\taihu_thqbca_parsed\thqbca_observations.csv,5952,TAIHU_CLIMATE,,1956-06-22T16:00:00+00:00,,,precipitation,precipitation,,,mm,mm,observed,,False,,,"[""Q01""]",True
taihu_thqbca_history,storage\raw\taihu_thqbca_parsed\thqbca_observations.csv,5953,TAIHU_CLIMATE,,1956-06-23T16:00:00+00:00,,,precipitation,precipitation,,,mm,mm,observed,,False,,,"[""Q01""]",True
taihu_thqbca_history,storage\raw\taihu_thqbca_parsed\thqbca_observations.csv,5963,TAIHU_CLIMATE,,1956-07-03T16:00:00+00:00,,,precipitation,precipitation,,,mm,mm,observed,,False,,,"[""Q01""]",True
taihu_thqbca_history,storage\raw\taihu_thqbca_parsed\thqbca_observations.csv,5964,TAIHU_CLIMATE,,1956-07-04T16:00:00+00:00,,,precipitation,precipitation,,,mm,mm,observed,,False,,,"[""Q01""]",True
taihu_thqbca_history,storage\raw\taihu_thqbca_parsed\thqbca_observations.csv,5986,TAIHU_CLIMATE,,1956-07-26T16:00:00+00:00,,,precipitation,precipitation,,,mm,mm,observed,,False,,,"[""Q01""]",True
taihu_thqbca_history,storage\raw\taihu_thqbca_parsed\thqbca_observations.csv,5993,TAIHU_CLIMATE,,1956-08-02T16:00:00+00:00,,,precipitation,precipitation,,,mm,mm,observed,,False,,,"[""Q01""]",True
taihu_thqbca_history,storage\raw\taihu_thqbca_parsed\thqbca_observations.csv,6003,TAIHU_CLIMATE,,1956-08-12T16:00:00+00:00,,,precipitation,precipitation,,,mm,mm,observed,,False,,,"[""Q01""]",True
taihu_thqbca_history,storage\raw\taihu_thqbca_parsed\thqbca_observations.csv,6004,TAIHU_CLIMATE,,1956-08-13T16:00:00+00:00,,,precipitation,precipitation,,,mm,mm,observed,,False,,,"[""Q01""]",True
taihu_thqbca_history,storage\raw\taihu_thqbca_parsed\thqbca_observations.csv,6005,TAIHU_CLIMATE,,1956-08-14T16:00:00+00:00,,,precipitation,precipitation,,,mm,mm,observed,,False,,,"[""Q01""]",True
taihu_thqbca_history,storage\raw\taihu_thqbca_parsed\thqbca_observations.csv,6008,TAIHU_CLIMATE,,1956-08-17T16:00:00+00:00,,,precipitation,precipitation,,,mm,mm,observed,,False,,,"[""Q01""]",True
taihu_thqbca_history,storage\raw\taihu_thqbca_parsed\thqbca_observations.csv,6015,TAIHU_CLIMATE,,1956-08-24T16:00:00+00:00,,,precipitation,precipitation,,,mm,mm,observed,,False,,,"[""Q01""]",True
taihu_thqbca_history,storage\raw\taihu_thqbca_parsed\thqbca_observations.csv,6024,TAIHU_CLIMATE,,1956-09-02T16:00:00+00:00,,,precipitation,precipitation,,,mm,mm,observed,,False,,,"[""Q01""]",True
taihu_thqbca_history,storage\raw\taihu_thqbca_parsed\thqbca_observations.csv,6038,TAIHU_CLIMATE,,1956-09-16T16:00:00+00:00,,,precipitation,precipitation,,,mm,mm,observed,,False,,,"[""Q01""]",True
taihu_thqbca_history,storage\raw\taihu_thqbca_parsed\thqbca_observations.csv,6039,TAIHU_CLIMATE,,1956-09-17T16:00:00+00:00,,,precipitation,precipitation,,,mm,mm,observed,,False,,,"[""Q01""]",True
taihu_thqbca_history,storage\raw\taihu_thqbca_parsed\thqbca_observations.csv,6043,TAIHU_CLIMATE,,1956-09-21T16:00:00+00:00,,,precipitation,precipitation,,,mm,mm,observed,,False,,,"[""Q01""]",True
taihu_thqbca_history,storage\raw\taihu_thqbca_parsed\thqbca_observations.csv,6044,TAIHU_CLIMATE,,1956-09-22T16:00:00+00:00,,,precipitation,precipitation,,,mm,mm,observed,,False,,,"[""Q01""]",True
taihu_thqbca_history,storage\raw\taihu_thqbca_parsed\thqbca_observations.csv,6053,TAIHU_CLIMATE,,1956-10-01T16:00:00+00:00,,,precipitation,precipitation,,,mm,mm,observed,,False,,,"[""Q01""]",True
taihu_thqbca_history,storage\raw\taihu_thqbca_parsed\thqbca_observations.csv,6054,TAIHU_CLIMATE,,1956-10-02T16:00:00+00:00,,,precipitation,precipitation,,,mm,mm,observed,,False,,,"[""Q01""]",True
taihu_thqbca_history,storage\raw\taihu_thqbca_parsed\thqbca_observations.csv,6059,TAIHU_CLIMATE,,1956-10-07T16:00:00+00:00,,,precipitation,precipitation,,,mm,mm,observed,,False,,,"[""Q01""]",True
taihu_thqbca_history,storage\raw\taihu_thqbca_parsed\thqbca_observations.csv,6074,TAIHU_CLIMATE,,1956-10-22T16:00:00+00:00,,,precipitation,precipitation,,,mm,mm,observed,,False,,,"[""Q01""]",True
taihu_thqbca_history,storage\raw\taihu_thqbca_parsed\thqbca_observations.csv,6085,TAIHU_CLIMATE,,1956-11-02T16:00:00+00:00,,,precipitation,precipitation,,,mm,mm,observed,,False,,,"[""Q01""]",True
taihu_thqbca_history,storage\raw\taihu_thqbca_parsed\thqbca_observations.csv,6090,TAIHU_CLIMATE,,1956-11-07T16:00:00+00:00,,,precipitation,precipitation,,,mm,mm,observed,,False,,,"[""Q01""]",True
taihu_thqbca_history,storage\raw\taihu_thqbca_parsed\thqbca_observations.csv,6093,TAIHU_CLIMATE,,1956-11-10T16:00:00+00:00,,,precipitation,precipitation,,,mm,mm,observed,,False,,,"[""Q01""]",True
taihu_thqbca_history,storage\raw\taihu_thqbca_parsed\thqbca_observations.csv,6110,TAIHU_CLIMATE,,1956-11-27T16:00:00+00:00,,,precipitation,precipitation,,,mm,mm,observed,,False,,,"[""Q01""]",True
taihu_thqbca_history,storage\raw\taihu_thqbca_parsed\thqbca_observations.csv,6126,TAIHU_CLIMATE,,1956-12-13T16:00:00+00:00,,,precipitation,precipitation,,,mm,mm,observed,,False,,,"[""Q01""]",True
taihu_thqbca_history,storage\raw\taihu_thqbca_parsed\thqbca_observations.csv,6127,TAIHU_CLIMATE,,1956-12-14T16:00:00+00:00,,,precipitation,precipitation,,,mm,mm,observed,,False,,,"[""Q01""]",True
taihu_thqbca_history,storage\raw\taihu_thqbca_parsed\thqbca_observations.csv,6129,TAIHU_CLIMATE,,1956-12-16T16:00:00+00:00,,,precipitation,precipitation,,,mm,mm,observed,,False,,,"[""Q01""]",True
taihu_thqbca_history,storage\raw\taihu_thqbca_parsed\thqbca_observations.csv,6133,TAIHU_CLIMATE,,1956-12-20T16:00:00+00:00,,,precipitation,precipitation,,,mm,mm,observed,,False,,,"[""Q01""]",True
taihu_thqbca_history,storage\raw\taihu_thqbca_parsed\thqbca_observations.csv,6138,TAIHU_CLIMATE,,1956-12-25T16:00:00+00:00,,,precipitation,precipitation,,,mm,mm,observed,,False,,,"[""Q01""]",True
taihu_thqbca_history,storage\raw\taihu_thqbca_parsed\thqbca_observations.csv,6144,TAIHU_CLIMATE,,1956-12-31T16:00:00+00:00,,,precipitation,precipitation,,,mm,mm,observed,,False,,,"[""Q01""]",True
taihu_thqbca_history,storage\raw\taihu_thqbca_parsed\thqbca_observations.csv,6146,TAIHU_CLIMATE,,1957-01-02T16:00:00+00:00,,,precipitation,precipitation,,,mm,mm,observed,,False,,,"[""Q01""]",True
taihu_thqbca_history,storage\raw\taihu_thqbca_parsed\thqbca_observations.csv,6149,TAIHU_CLIMATE,,1957-01-05T16:00:00+00:00,,,precipitation,precipitation,,,mm,mm,observed,,False,,,"[""Q01""]",True
taihu_thqbca_history,storage\raw\taihu_thqbca_parsed\thqbca_observations.csv,6151,TAIHU_CLIMATE,,1957-01-07T16:00:00+00:00,,,precipitation,precipitation,,,mm,mm,observed,,False,,,"[""Q01""]",True
taihu_thqbca_history,storage\raw\taihu_thqbca_parsed\thqbca_observations.csv,6154,TAIHU_CLIMATE,,1957-01-10T16:00:00+00:00,,,precipitation,precipitation,,,mm,mm,observed,,False,,,"[""Q01""]",True
taihu_thqbca_history,storage\raw\taihu_thqbca_parsed\thqbca_observations.csv,6158,TAIHU_CLIMATE,,1957-01-14T16:00:00+00:00,,,precipitation,precipitation,,,mm,mm,observed,,False,,,"[""Q01""]",True
taihu_thqbca_history,storage\raw\taihu_thqbca_parsed\thqbca_observations.csv,6159,TAIHU_CLIMATE,,1957-01-15T16:00:00+00:00,,,precipitation,precipitation,,,mm,mm,observed,,False,,,"[""Q01""]",True
taihu_thqbca_history,storage\raw\taihu_thqbca_parsed\thqbca_observations.csv,6162,TAIHU_CLIMATE,,1957-01-18T16:00:00+00:00,,,precipitation,precipitation,,,mm,mm,observed,,False,,,"[""Q01""]",True
taihu_thqbca_history,storage\raw\taihu_thqbca_parsed\thqbca_observations.csv,6175,TAIHU_CLIMATE,,1957-01-31T16:00:00+00:00,,,precipitation,precipitation,,,mm,mm,observed,,False,,,"[""Q01""]",True
taihu_thqbca_history,storage\raw\taihu_thqbca_parsed\thqbca_observations.csv,6177,TAIHU_CLIMATE,,1957-02-02T16:00:00+00:00,,,precipitation,precipitation,,,mm,mm,observed,,False,,,"[""Q01""]",True
taihu_thqbca_history,storage\raw\taihu_thqbca_parsed\thqbca_observations.csv,6180,TAIHU_CLIMATE,,1957-02-05T16:00:00+00:00,,,precipitation,precipitation,,,mm,mm,observed,,False,,,"[""Q01""]",True
taihu_thqbca_history,storage\raw\taihu_thqbca_parsed\thqbca_observations.csv,6181,TAIHU_CLIMATE,,1957-02-06T16:00:00+00:00,,,precipitation,precipitation,,,mm,mm,observed,,False,,,"[""Q01""]",True
taihu_thqbca_history,storage\raw\taihu_thqbca_parsed\thqbca_observations.csv,6182,TAIHU_CLIMATE,,1957-02-07T16:00:00+00:00,,,precipitation,precipitation,,,mm,mm,observed,,False,,,"[""Q01""]",True
taihu_thqbca_history,storage\raw\taihu_thqbca_parsed\thqbca_observations.csv,6183,TAIHU_CLIMATE,,1957-02-08T16:00:00+00:00,,,precipitation,precipitation,,,mm,mm,observed,,False,,,"[""Q01""]",True
taihu_thqbca_history,storage\raw\taihu_thqbca_parsed\thqbca_observations.csv,6184,TAIHU_CLIMATE,,1957-02-09T16:00:00+00:00,,,precipitation,precipitation,,,mm,mm,observed,,False,,,"[""Q01""]",True
taihu_thqbca_history,storage\raw\taihu_thqbca_parsed\thqbca_observations.csv,6188,TAIHU_CLIMATE,,1957-02-13T16:00:00+00:00,,,precipitation,precipitation,,,mm,mm,observed,,False,,,"[""Q01""]",True
taihu_thqbca_history,storage\raw\taihu_thqbca_parsed\thqbca_observations.csv,6189,TAIHU_CLIMATE,,1957-02-14T16:00:00+00:00,,,precipitation,precipitation,,,mm,mm,observed,,False,,,"[""Q01""]",True
taihu_thqbca_history,storage\raw\taihu_thqbca_parsed\thqbca_observations.csv,6191,TAIHU_CLIMATE,,1957-02-16T16:00:00+00:00,,,precipitation,precipitation,,,mm,mm,observed,,False,,,"[""Q01""]",True
taihu_thqbca_history,storage\raw\taihu_thqbca_parsed\thqbca_observations.csv,6192,TAIHU_CLIMATE,,1957-02-17T16:00:00+00:00,,,precipitation,precipitation,,,mm,mm,observed,,False,,,"[""Q01""]",True
taihu_thqbca_history,storage\raw\taihu_thqbca_parsed\thqbca_observations.csv,6196,TAIHU_CLIMATE,,1957-02-21T16:00:00+00:00,,,precipitation,precipitation,,,mm,mm,observed,,False,,,"[""Q01""]",True
taihu_thqbca_history,storage\raw\taihu_thqbca_parsed\thqbca_observations.csv,6202,TAIHU_CLIMATE,,1957-02-27T16:00:00+00:00,,,precipitation,precipitation,,,mm,mm,observed,,False,,,"[""Q01""]",True
taihu_thqbca_history,storage\raw\taihu_thqbca_parsed\thqbca_observations.csv,6207,TAIHU_CLIMATE,,1957-03-04T16:00:00+00:00,,,precipitation,precipitation,,,mm,mm,observed,,False,,,"[""Q01""]",True
taihu_thqbca_history,storage\raw\taihu_thqbca_parsed\thqbca_observations.csv,6213,TAIHU_CLIMATE,,1957-03-10T16:00:00+00:00,,,precipitation,precipitation,,,mm,mm,observed,,False,,,"[""Q01""]",True
taihu_thqbca_history,storage\raw\taihu_thqbca_parsed\thqbca_observations.csv,6214,TAIHU_CLIMATE,,1957-03-11T16:00:00+00:00,,,precipitation,precipitation,,,mm,mm,observed,,False,,,"[""Q01""]",True
taihu_thqbca_history,storage\raw\taihu_thqbca_parsed\thqbca_observations.csv,6215,TAIHU_CLIMATE,,1957-03-12T16:00:00+00:00,,,precipitation,precipitation,,,mm,mm,observed,,False,,,"[""Q01""]",True
taihu_thqbca_history,storage\raw\taihu_thqbca_parsed\thqbca_observations.csv,6217,TAIHU_CLIMATE,,1957-03-14T16:00:00+00:00,,,precipitation,precipitation,,,mm,mm,observed,,False,,,"[""Q01""]",True
taihu_thqbca_history,storage\raw\taihu_thqbca_parsed\thqbca_observations.csv,6221,TAIHU_CLIMATE,,1957-03-18T16:00:00+00:00,,,precipitation,precipitation,,,mm,mm,observed,,False,,,"[""Q01""]",True
taihu_thqbca_history,storage\raw\taihu_thqbca_parsed\thqbca_observations.csv,6224,TAIHU_CLIMATE,,1957-03-21T16:00:00+00:00,,,precipitation,precipitation,,,mm,mm,observed,,False,,,"[""Q01""]",True
taihu_thqbca_history,storage\raw\taihu_thqbca_parsed\thqbca_observations.csv,6227,TAIHU_CLIMATE,,1957-03-24T16:00:00+00:00,,,precipitation,precipitation,,,mm,mm,observed,,False,,,"[""Q01""]",True
taihu_thqbca_history,storage\raw\taihu_thqbca_parsed\thqbca_observations.csv,6230,TAIHU_CLIMATE,,1957-03-27T16:00:00+00:00,,,precipitation,precipitation,,,mm,mm,observed,,False,,,"[""Q01""]",True
taihu_thqbca_history,storage\raw\taihu_thqbca_parsed\thqbca_observations.csv,6240,TAIHU_CLIMATE,,1957-04-06T16:00:00+00:00,,,precipitation,precipitation,,,mm,mm,observed,,False,,,"[""Q01""]",True
taihu_thqbca_history,storage\raw\taihu_thqbca_parsed\thqbca_observations.csv,6242,TAIHU_CLIMATE,,1957-04-08T16:00:00+00:00,,,precipitation,precipitation,,,mm,mm,observed,,False,,,"[""Q01""]",True
taihu_thqbca_history,storage\raw\taihu_thqbca_parsed\thqbca_observations.csv,6245,TAIHU_CLIMATE,,1957-04-11T16:00:00+00:00,,,precipitation,precipitation,,,mm,mm,observed,,False,,,"[""Q01""]",True
taihu_thqbca_history,storage\raw\taihu_thqbca_parsed\thqbca_observations.csv,6256,TAIHU_CLIMATE,,1957-04-22T16:00:00+00:00,,,precipitation,precipitation,,,mm,mm,observed,,False,,,"[""Q01""]",True
taihu_thqbca_history,storage\raw\taihu_thqbca_parsed\thqbca_observations.csv,6259,TAIHU_CLIMATE,,1957-04-25T16:00:00+00:00,,,precipitation,precipitation,,,mm,mm,observed,,False,,,"[""Q01""]",True
taihu_thqbca_history,storage\raw\taihu_thqbca_parsed\thqbca_observations.csv,6262,TAIHU_CLIMATE,,1957-04-28T16:00:00+00:00,,,precipitation,precipitation,,,mm,mm,observed,,False,,,"[""Q01""]",True
taihu_thqbca_history,storage\raw\taihu_thqbca_parsed\thqbca_observations.csv,6263,TAIHU_CLIMATE,,1957-04-29T16:00:00+00:00,,,precipitation,precipitation,,,mm,mm,observed,,False,,,"[""Q01""]",True
taihu_thqbca_history,storage\raw\taihu_thqbca_parsed\thqbca_observations.csv,6265,TAIHU_CLIMATE,,1957-05-01T16:00:00+00:00,,,precipitation,precipitation,,,mm,mm,observed,,False,,,"[""Q01""]",True
taihu_thqbca_history,storage\raw\taihu_thqbca_parsed\thqbca_observations.csv,6272,TAIHU_CLIMATE,,1957-05-08T16:00:00+00:00,,,precipitation,precipitation,,,mm,mm,observed,,False,,,"[""Q01""]",True
taihu_thqbca_history,storage\raw\taihu_thqbca_parsed\thqbca_observations.csv,6276,TAIHU_CLIMATE,,1957-05-12T16:00:00+00:00,,,precipitation,precipitation,,,mm,mm,observed,,False,,,"[""Q01""]",True
taihu_thqbca_history,storage\raw\taihu_thqbca_parsed\thqbca_observations.csv,6282,TAIHU_CLIMATE,,1957-05-18T16:00:00+00:00,,,precipitation,precipitation,,,mm,mm,observed,,False,,,"[""Q01""]",True
taihu_thqbca_history,storage\raw\taihu_thqbca_parsed\thqbca_observations.csv,6289,TAIHU_CLIMATE,,1957-05-25T16:00:00+00:00,,,precipitation,precipitation,,,mm,mm,observed,,False,,,"[""Q01""]",True
taihu_thqbca_history,storage\raw\taihu_thqbca_parsed\thqbca_observations.csv,6292,TAIHU_CLIMATE,,1957-05-28T16:00:00+00:00,,,precipitation,precipitation,,,mm,mm,observed,,False,,,"[""Q01""]",True
taihu_thqbca_history,storage\raw\taihu_thqbca_parsed\thqbca_observations.csv,6298,TAIHU_CLIMATE,,1957-06-03T16:00:00+00:00,,,precipitation,precipitation,,,mm,mm,observed,,False,,,"[""Q01""]",True
taihu_thqbca_history,storage\raw\taihu_thqbca_parsed\thqbca_observations.csv,6301,TAIHU_CLIMATE,,1957-06-06T16:00:00+00:00,,,precipitation,precipitation,,,mm,mm,observed,,False,,,"[""Q01""]",True
taihu_thqbca_history,storage\raw\taihu_thqbca_parsed\thqbca_observations.csv,6304,TAIHU_CLIMATE,,1957-06-09T16:00:00+00:00,,,precipitation,precipitation,,,mm,mm,observed,,False,,,"[""Q01""]",True
taihu_thqbca_history,storage\raw\taihu_thqbca_parsed\thqbca_observations.csv,6309,TAIHU_CLIMATE,,1957-06-14T16:00:00+00:00,,,precipitation,precipitation,,,mm,mm,observed,,False,,,"[""Q01""]",True
taihu_thqbca_history,storage\raw\taihu_thqbca_parsed\thqbca_observations.csv,6318,TAIHU_CLIMATE,,1957-06-23T16:00:00+00:00,,,precipitation,precipitation,,,mm,mm,observed,,False,,,"[""Q01""]",True
taihu_thqbca_history,storage\raw\taihu_thqbca_parsed\thqbca_observations.csv,6330,TAIHU_CLIMATE,,1957-07-05T16:00:00+00:00,,,precipitation,precipitation,,,mm,mm,observed,,False,,,"[""Q01""]",True
taihu_thqbca_history,storage\raw\taihu_thqbca_parsed\thqbca_observations.csv,6331,TAIHU_CLIMATE,,1957-07-06T16:00:00+00:00,,,precipitation,precipitation,,,mm,mm,observed,,False,,,"[""Q01""]",True
taihu_thqbca_history,storage\raw\taihu_thqbca_parsed\thqbca_observations.csv,6334,TAIHU_CLIMATE,,1957-07-09T16:00:00+00:00,,,precipitation,precipitation,,,mm,mm,observed,,False,,,"[""Q01""]",True
taihu_thqbca_history,storage\raw\taihu_thqbca_parsed\thqbca_observations.csv,6336,TAIHU_CLIMATE,,1957-07-11T16:00:00+00:00,,,precipitation,precipitation,,,mm,mm,observed,,False,,,"[""Q01""]",True
taihu_thqbca_history,storage\raw\taihu_thqbca_parsed\thqbca_observations.csv,6367,TAIHU_CLIMATE,,1957-08-11T16:00:00+00:00,,,precipitation,precipitation,,,mm,mm,observed,,False,,,"[""Q01""]",True
taihu_thqbca_history,storage\raw\taihu_thqbca_parsed\thqbca_observations.csv,6373,TAIHU_CLIMATE,,1957-08-17T16:00:00+00:00,,,precipitation,precipitation,,,mm,mm,observed,,False,,,"[""Q01""]",True
taihu_thqbca_history,storage\raw\taihu_thqbca_parsed\thqbca_observations.csv,6375,TAIHU_CLIMATE,,1957-08-19T16:00:00+00:00,,,precipitation,precipitation,,,mm,mm,observed,,False,,,"[""Q01""]",True
taihu_thqbca_history,storage\raw\taihu_thqbca_parsed\thqbca_observations.csv,6376,TAIHU_CLIMATE,,1957-08-20T16:00:00+00:00,,,precipitation,precipitation,,,mm,mm,observed,,False,,,"[""Q01""]",True
taihu_thqbca_history,storage\raw\taihu_thqbca_parsed\thqbca_observations.csv,6391,TAIHU_CLIMATE,,1957-09-04T16:00:00+00:00,,,precipitation,precipitation,,,mm,mm,observed,,False,,,"[""Q01""]",True
taihu_thqbca_history,storage\raw\taihu_thqbca_parsed\thqbca_observations.csv,6400,TAIHU_CLIMATE,,1957-09-13T16:00:00+00:00,,,precipitation,precipitation,,,mm,mm,observed,,False,,,"[""Q01""]",True
taihu_thqbca_history,storage\raw\taihu_thqbca_parsed\thqbca_observations.csv,6404,TAIHU_CLIMATE,,1957-09-17T16:00:00+00:00,,,precipitation,precipitation,,,mm,mm,observed,,False,,,"[""Q01""]",True
taihu_thqbca_history,storage\raw\taihu_thqbca_parsed\thqbca_observations.csv,6405,TAIHU_CLIMATE,,1957-09-18T16:00:00+00:00,,,precipitation,precipitation,,,mm,mm,observed,,False,,,"[""Q01""]",True
taihu_thqbca_history,storage\raw\taihu_thqbca_parsed\thqbca_observations.csv,6428,TAIHU_CLIMATE,,1957-10-11T16:00:00+00:00,,,precipitation,precipitation,,,mm,mm,observed,,False,,,"[""Q01""]",True
taihu_thqbca_history,storage\raw\taihu_thqbca_parsed\thqbca_observations.csv,6429,TAIHU_CLIMATE,,1957-10-12T16:00:00+00:00,,,precipitation,precipitation,,,mm,mm,observed,,False,,,"[""Q01""]",True
taihu_thqbca_history,storage\raw\taihu_thqbca_parsed\thqbca_observations.csv,6430,TAIHU_CLIMATE,,1957-10-13T16:00:00+00:00,,,precipitation,precipitation,,,mm,mm,observed,,False,,,"[""Q01""]",True
taihu_thqbca_history,storage\raw\taihu_thqbca_parsed\thqbca_observations.csv,6431,TAIHU_CLIMATE,,1957-10-14T16:00:00+00:00,,,precipitation,precipitation,,,mm,mm,observed,,False,,,"[""Q01""]",True
taihu_thqbca_history,storage\raw\taihu_thqbca_parsed\thqbca_observations.csv,6433,TAIHU_CLIMATE,,1957-10-16T16:00:00+00:00,,,precipitation,precipitation,,,mm,mm,observed,,False,,,"[""Q01""]",True
taihu_thqbca_history,storage\raw\taihu_thqbca_parsed\thqbca_observations.csv,6436,TAIHU_CLIMATE,,1957-10-19T16:00:00+00:00,,,precipitation,precipitation,,,mm,mm,observed,,False,,,"[""Q01""]",True
taihu_thqbca_history,storage\raw\taihu_thqbca_parsed\thqbca_observations.csv,6463,TAIHU_CLIMATE,,1957-11-15T16:00:00+00:00,,,precipitation,precipitation,,,mm,mm,observed,,False,,,"[""Q01""]",True
taihu_thqbca_history,storage\raw\taihu_thqbca_parsed\thqbca_observations.csv,6467,TAIHU_CLIMATE,,1957-11-19T16:00:00+00:00,,,precipitation,precipitation,,,mm,mm,observed,,False,,,"[""Q01""]",True
taihu_thqbca_history,storage\raw\taihu_thqbca_parsed\thqbca_observations.csv,6478,TAIHU_CLIMATE,,1957-11-30T16:00:00+00:00,,,precipitation,precipitation,,,mm,mm,observed,,False,,,"[""Q01""]",True
taihu_thqbca_history,storage\raw\taihu_thqbca_parsed\thqbca_observations.csv,6481,TAIHU_CLIMATE,,1957-12-03T16:00:00+00:00,,,precipitation,precipitation,,,mm,mm,observed,,False,,,"[""Q01""]",True
taihu_thqbca_history,storage\raw\taihu_thqbca_parsed\thqbca_observations.csv,6486,TAIHU_CLIMATE,,1957-12-08T16:00:00+00:00,,,precipitation,precipitation,,,mm,mm,observed,,False,,,"[""Q01""]",True
taihu_thqbca_history,storage\raw\taihu_thqbca_parsed\thqbca_observations.csv,6490,TAIHU_CLIMATE,,1957-12-12T16:00:00+00:00,,,precipitation,precipitation,,,mm,mm,observed,,False,,,"[""Q01""]",True
taihu_thqbca_history,storage\raw\taihu_thqbca_parsed\thqbca_observations.csv,6494,TAIHU_CLIMATE,,1957-12-16T16:00:00+00:00,,,precipitation,precipitation,,,mm,mm,observed,,False,,,"[""Q01""]",True
taihu_thqbca_history,storage\raw\taihu_thqbca_parsed\thqbca_observations.csv,6500,TAIHU_CLIMATE,,1957-12-22T16:00:00+00:00,,,precipitation,precipitation,,,mm,mm,observed,,False,,,"[""Q01""]",True
taihu_thqbca_history,storage\raw\taihu_thqbca_parsed\thqbca_observations.csv,6502,TAIHU_CLIMATE,,1957-12-24T16:00:00+00:00,,,precipitation,precipitation,,,mm,mm,observed,,False,,,"[""Q01""]",True
taihu_thqbca_history,storage\raw\taihu_thqbca_parsed\thqbca_observations.csv,6509,TAIHU_CLIMATE,,1957-12-31T16:00:00+00:00,,,precipitation,precipitation,,,mm,mm,observed,,False,,,"[""Q01""]",True
taihu_thqbca_history,storage\raw\taihu_thqbca_parsed\thqbca_observations.csv,6516,TAIHU_CLIMATE,,1958-01-07T16:00:00+00:00,,,precipitation,precipitation,,,mm,mm,observed,,False,,,"[""Q01""]",True
taihu_thqbca_history,storage\raw\taihu_thqbca_parsed\thqbca_observations.csv,6522,TAIHU_CLIMATE,,1958-01-13T16:00:00+00:00,,,precipitation,precipitation,,,mm,mm,observed,,False,,,"[""Q01""]",True
taihu_thqbca_history,storage\raw\taihu_thqbca_parsed\thqbca_observations.csv,6523,TAIHU_CLIMATE,,1958-01-14T16:00:00+00:00,,,precipitation,precipitation,,,mm,mm,observed,,False,,,"[""Q01""]",True
taihu_thqbca_history,storage\raw\taihu_thqbca_parsed\thqbca_observations.csv,6524,TAIHU_CLIMATE,,1958-01-15T16:00:00+00:00,,,precipitation,precipitation,,,mm,mm,observed,,False,,,"[""Q01""]",True
taihu_thqbca_history,storage\raw\taihu_thqbca_parsed\thqbca_observations.csv,6534,TAIHU_CLIMATE,,1958-01-25T16:00:00+00:00,,,precipitation,precipitation,,,mm,mm,observed,,False,,,"[""Q01""]",True
taihu_thqbca_history,storage\raw\taihu_thqbca_parsed\thqbca_observations.csv,6539,TAIHU_CLIMATE,,1958-01-30T16:00:00+00:00,,,precipitation,precipitation,,,mm,mm,observed,,False,,,"[""Q01""]",True
taihu_thqbca_history,storage\raw\taihu_thqbca_parsed\thqbca_observations.csv,6540,TAIHU_CLIMATE,,1958-01-31T16:00:00+00:00,,,precipitation,precipitation,,,mm,mm,observed,,False,,,"[""Q01""]",True
taihu_thqbca_history,storage\raw\taihu_thqbca_parsed\thqbca_observations.csv,6541,TAIHU_CLIMATE,,1958-02-01T16:00:00+00:00,,,precipitation,precipitation,,,mm,mm,observed,,False,,,"[""Q01""]",True
taihu_thqbca_history,storage\raw\taihu_thqbca_parsed\thqbca_observations.csv,6542,TAIHU_CLIMATE,,1958-02-02T16:00:00+00:00,,,precipitation,precipitation,,,mm,mm,observed,,False,,,"[""Q01""]",True
taihu_thqbca_history,storage\raw\taihu_thqbca_parsed\thqbca_observations.csv,6554,TAIHU_CLIMATE,,1958-02-14T16:00:00+00:00,,,precipitation,precipitation,,,mm,mm,observed,,False,,,"[""Q01""]",True
taihu_thqbca_history,storage\raw\taihu_thqbca_parsed\thqbca_observations.csv,6559,TAIHU_CLIMATE,,1958-02-19T16:00:00+00:00,,,precipitation,precipitation,,,mm,mm,observed,,False,,,"[""Q01""]",True
taihu_thqbca_history,storage\raw\taihu_thqbca_parsed\thqbca_observations.csv,6565,TAIHU_CLIMATE,,1958-02-25T16:00:00+00:00,,,precipitation,precipitation,,,mm,mm,observed,,False,,,"[""Q01""]",True
taihu_thqbca_history,storage\raw\taihu_thqbca_parsed\thqbca_observations.csv,6566,TAIHU_CLIMATE,,1958-02-26T16:00:00+00:00,,,precipitation,precipitation,,,mm,mm,observed,,False,,,"[""Q01""]",True
taihu_thqbca_history,storage\raw\taihu_thqbca_parsed\thqbca_observations.csv,6567,TAIHU_CLIMATE,,1958-02-27T16:00:00+00:00,,,precipitation,precipitation,,,mm,mm,observed,,False,,,"[""Q01""]",True
taihu_thqbca_history,storage\raw\taihu_thqbca_parsed\thqbca_observations.csv,6587,TAIHU_CLIMATE,,1958-03-19T16:00:00+00:00,,,precipitation,precipitation,,,mm,mm,observed,,False,,,"[""Q01""]",True
taihu_thqbca_history,storage\raw\taihu_thqbca_parsed\thqbca_observations.csv,6589,TAIHU_CLIMATE,,1958-03-21T16:00:00+00:00,,,precipitation,precipitation,,,mm,mm,observed,,False,,,"[""Q01""]",True
taihu_thqbca_history,storage\raw\taihu_thqbca_parsed\thqbca_observations.csv,6590,TAIHU_CLIMATE,,1958-03-22T16:00:00+00:00,,,precipitation,precipitation,,,mm,mm,observed,,False,,,"[""Q01""]",True
taihu_thqbca_history,storage\raw\taihu_thqbca_parsed\thqbca_observations.csv,6595,TAIHU_CLIMATE,,1958-03-27T16:00:00+00:00,,,precipitation,precipitation,,,mm,mm,observed,,False,,,"[""Q01""]",True
taihu_thqbca_history,storage\raw\taihu_thqbca_parsed\thqbca_observations.csv,6601,TAIHU_CLIMATE,,1958-04-02T16:00:00+00:00,,,precipitation,precipitation,,,mm,mm,observed,,False,,,"[""Q01""]",True
taihu_thqbca_history,storage\raw\taihu_thqbca_parsed\thqbca_observations.csv,6604,TAIHU_CLIMATE,,1958-04-05T16:00:00+00:00,,,precipitation,precipitation,,,mm,mm,observed,,False,,,"[""Q01""]",True
taihu_thqbca_history,storage\raw\taihu_thqbca_parsed\thqbca_observations.csv,6612,TAIHU_CLIMATE,,1958-04-13T16:00:00+00:00,,,precipitation,precipitation,,,mm,mm,observed,,False,,,"[""Q01""]",True
taihu_thqbca_history,storage\raw\taihu_thqbca_parsed\thqbca_observations.csv,6613,TAIHU_CLIMATE,,1958-04-14T16:00:00+00:00,,,precipitation,precipitation,,,mm,mm,observed,,False,,,"[""Q01""]",True
taihu_thqbca_history,storage\raw\taihu_thqbca_parsed\thqbca_observations.csv,6622,TAIHU_CLIMATE,,1958-04-23T16:00:00+00:00,,,precipitation,precipitation,,,mm,mm,observed,,False,,,"[""Q01""]",True
taihu_thqbca_history,storage\raw\taihu_thqbca_parsed\thqbca_observations.csv,6626,TAIHU_CLIMATE,,1958-04-27T16:00:00+00:00,,,precipitation,precipitation,,,mm,mm,observed,,False,,,"[""Q01""]",True
taihu_thqbca_history,storage\raw\taihu_thqbca_parsed\thqbca_observations.csv,6627,TAIHU_CLIMATE,,1958-04-28T16:00:00+00:00,,,precipitation,precipitation,,,mm,mm,observed,,False,,,"[""Q01""]",True
taihu_thqbca_history,storage\raw\taihu_thqbca_parsed\thqbca_observations.csv,6632,TAIHU_CLIMATE,,1958-05-03T16:00:00+00:00,,,precipitation,precipitation,,,mm,mm,observed,,False,,,"[""Q01""]",True
taihu_thqbca_history,storage\raw\taihu_thqbca_parsed\thqbca_observations.csv,6636,TAIHU_CLIMATE,,1958-05-07T16:00:00+00:00,,,precipitation,precipitation,,,mm,mm,observed,,False,,,"[""Q01""]",True
taihu_thqbca_history,storage\raw\taihu_thqbca_parsed\thqbca_observations.csv,6647,TAIHU_CLIMATE,,1958-05-18T16:00:00+00:00,,,precipitation,precipitation,,,mm,mm,observed,,False,,,"[""Q01""]",True
taihu_thqbca_history,storage\raw\taihu_thqbca_parsed\thqbca_observations.csv,6648,TAIHU_CLIMATE,,1958-05-19T16:00:00+00:00,,,precipitation,precipitation,,,mm,mm,observed,,False,,,"[""Q01""]",True
taihu_thqbca_history,storage\raw\taihu_thqbca_parsed\thqbca_observations.csv,6651,TAIHU_CLIMATE,,1958-05-22T16:00:00+00:00,,,precipitation,precipitation,,,mm,mm,observed,,False,,,"[""Q01""]",True
taihu_thqbca_history,storage\raw\taihu_thqbca_parsed\thqbca_observations.csv,6666,TAIHU_CLIMATE,,1958-06-06T16:00:00+00:00,,,precipitation,precipitation,,,mm,mm,observed,,False,,,"[""Q01""]",True
taihu_thqbca_history,storage\raw\taihu_thqbca_parsed\thqbca_observations.csv,6673,TAIHU_CLIMATE,,1958-06-13T16:00:00+00:00,,,precipitation,precipitation,,,mm,mm,observed,,False,,,"[""Q01""]",True
taihu_thqbca_history,storage\raw\taihu_thqbca_parsed\thqbca_observations.csv,6686,TAIHU_CLIMATE,,1958-06-26T16:00:00+00:00,,,precipitation,precipitation,,,mm,mm,observed,,False,,,"[""Q01""]",True
taihu_thqbca_history,storage\raw\taihu_thqbca_parsed\thqbca_observations.csv,6689,TAIHU_CLIMATE,,1958-06-29T16:00:00+00:00,,,precipitation,precipitation,,,mm,mm,observed,,False,,,"[""Q01""]",True
taihu_thqbca_history,storage\raw\taihu_thqbca_parsed\thqbca_observations.csv,6697,TAIHU_CLIMATE,,1958-07-07T16:00:00+00:00,,,precipitation,precipitation,,,mm,mm,observed,,False,,,"[""Q01""]",True
taihu_thqbca_history,storage\raw\taihu_thqbca_parsed\thqbca_observations.csv,6699,TAIHU_CLIMATE,,1958-07-09T16:00:00+00:00,,,precipitation,precipitation,,,mm,mm,observed,,False,,,"[""Q01""]",True
taihu_thqbca_history,storage\raw\taihu_thqbca_parsed\thqbca_observations.csv,6705,TAIHU_CLIMATE,,1958-07-15T16:00:00+00:00,,,precipitation,precipitation,,,mm,mm,observed,,False,,,"[""Q01""]",True
taihu_thqbca_history,storage\raw\taihu_thqbca_parsed\thqbca_observations.csv,6715,TAIHU_CLIMATE,,1958-07-25T16:00:00+00:00,,,precipitation,precipitation,,,mm,mm,observed,,False,,,"[""Q01""]",True
taihu_thqbca_history,storage\raw\taihu_thqbca_parsed\thqbca_observations.csv,6719,TAIHU_CLIMATE,,1958-07-29T16:00:00+00:00,,,precipitation,precipitation,,,mm,mm,observed,,False,,,"[""Q01""]",True
taihu_thqbca_history,storage\raw\taihu_thqbca_parsed\thqbca_observations.csv,6725,TAIHU_CLIMATE,,1958-08-04T16:00:00+00:00,,,precipitation,precipitation,,,mm,mm,observed,,False,,,"[""Q01""]",True
taihu_thqbca_history,storage\raw\taihu_thqbca_parsed\thqbca_observations.csv,6732,TAIHU_CLIMATE,,1958-08-11T16:00:00+00:00,,,precipitation,precipitation,,,mm,mm,observed,,False,,,"[""Q01""]",True
taihu_thqbca_history,storage\raw\taihu_thqbca_parsed\thqbca_observations.csv,6733,TAIHU_CLIMATE,,1958-08-12T16:00:00+00:00,,,precipitation,precipitation,,,mm,mm,observed,,False,,,"[""Q01""]",True
taihu_thqbca_history,storage\raw\taihu_thqbca_parsed\thqbca_observations.csv,6743,TAIHU_CLIMATE,,1958-08-22T16:00:00+00:00,,,precipitation,precipitation,,,mm,mm,observed,,False,,,"[""Q01""]",True
taihu_thqbca_history,storage\raw\taihu_thqbca_parsed\thqbca_observations.csv,6753,TAIHU_CLIMATE,,1958-09-01T16:00:00+00:00,,,precipitation,precipitation,,,mm,mm,observed,,False,,,"[""Q01""]",True
taihu_thqbca_history,storage\raw\taihu_thqbca_parsed\thqbca_observations.csv,6758,TAIHU_CLIMATE,,1958-09-06T16:00:00+00:00,,,precipitation,precipitation,,,mm,mm,observed,,False,,,"[""Q01""]",True
taihu_thqbca_history,storage\raw\taihu_thqbca_parsed\thqbca_observations.csv,6763,TAIHU_CLIMATE,,1958-09-11T16:00:00+00:00,,,precipitation,precipitation,,,mm,mm,observed,,False,,,"[""Q01""]",True
taihu_thqbca_history,storage\raw\taihu_thqbca_parsed\thqbca_observations.csv,6768,TAIHU_CLIMATE,,1958-09-16T16:00:00+00:00,,,precipitation,precipitation,,,mm,mm,observed,,False,,,"[""Q01""]",True
taihu_thqbca_history,storage\raw\taihu_thqbca_parsed\thqbca_observations.csv,6775,TAIHU_CLIMATE,,1958-09-23T16:00:00+00:00,,,precipitation,precipitation,,,mm,mm,observed,,False,,,"[""Q01""]",True
taihu_thqbca_history,storage\raw\taihu_thqbca_parsed\thqbca_observations.csv,6776,TAIHU_CLIMATE,,1958-09-24T16:00:00+00:00,,,precipitation,precipitation,,,mm,mm,observed,,False,,,"[""Q01""]",True
taihu_thqbca_history,storage\raw\taihu_thqbca_parsed\thqbca_observations.csv,6777,TAIHU_CLIMATE,,1958-09-25T16:00:00+00:00,,,precipitation,precipitation,,,mm,mm,observed,,False,,,"[""Q01""]",True
taihu_thqbca_history,storage\raw\taihu_thqbca_parsed\thqbca_observations.csv,6788,TAIHU_CLIMATE,,1958-10-06T16:00:00+00:00,,,precipitation,precipitation,,,mm,mm,observed,,False,,,"[""Q01""]",True
taihu_thqbca_history,storage\raw\taihu_thqbca_parsed\thqbca_observations.csv,6789,TAIHU_CLIMATE,,1958-10-07T16:00:00+00:00,,,precipitation,precipitation,,,mm,mm,observed,,False,,,"[""Q01""]",True
taihu_thqbca_history,storage\raw\taihu_thqbca_parsed\thqbca_observations.csv,6791,TAIHU_CLIMATE,,1958-10-09T16:00:00+00:00,,,precipitation,precipitation,,,mm,mm,observed,,False,,,"[""Q01""]",True
taihu_thqbca_history,storage\raw\taihu_thqbca_parsed\thqbca_observations.csv,6800,TAIHU_CLIMATE,,1958-10-18T16:00:00+00:00,,,precipitation,precipitation,,,mm,mm,observed,,False,,,"[""Q01""]",True
taihu_thqbca_history,storage\raw\taihu_thqbca_parsed\thqbca_observations.csv,6813,TAIHU_CLIMATE,,1958-10-31T16:00:00+00:00,,,precipitation,precipitation,,,mm,mm,observed,,False,,,"[""Q01""]",True
taihu_thqbca_history,storage\raw\taihu_thqbca_parsed\thqbca_observations.csv,6816,TAIHU_CLIMATE,,1958-11-03T16:00:00+00:00,,,precipitation,precipitation,,,mm,mm,observed,,False,,,"[""Q01""]",True
taihu_thqbca_history,storage\raw\taihu_thqbca_parsed\thqbca_observations.csv,6818,TAIHU_CLIMATE,,1958-11-05T16:00:00+00:00,,,precipitation,precipitation,,,mm,mm,observed,,False,,,"[""Q01""]",True
taihu_thqbca_history,storage\raw\taihu_thqbca_parsed\thqbca_observations.csv,6821,TAIHU_CLIMATE,,1958-11-08T16:00:00+00:00,,,precipitation,precipitation,,,mm,mm,observed,,False,,,"[""Q01""]",True
taihu_thqbca_history,storage\raw\taihu_thqbca_parsed\thqbca_observations.csv,6822,TAIHU_CLIMATE,,1958-11-09T16:00:00+00:00,,,precipitation,precipitation,,,mm,mm,observed,,False,,,"[""Q01""]",True
taihu_thqbca_history,storage\raw\taihu_thqbca_parsed\thqbca_observations.csv,6824,TAIHU_CLIMATE,,1958-11-11T16:00:00+00:00,,,precipitation,precipitation,,,mm,mm,observed,,False,,,"[""Q01""]",True
taihu_thqbca_history,storage\raw\taihu_thqbca_parsed\thqbca_observations.csv,6845,TAIHU_CLIMATE,,1958-12-02T16:00:00+00:00,,,precipitation,precipitation,,,mm,mm,observed,,False,,,"[""Q01""]",True
taihu_thqbca_history,storage\raw\taihu_thqbca_parsed\thqbca_observations.csv,6848,TAIHU_CLIMATE,,1958-12-05T16:00:00+00:00,,,precipitation,precipitation,,,mm,mm,observed,,False,,,"[""Q01""]",True
taihu_thqbca_history,storage\raw\taihu_thqbca_parsed\thqbca_observations.csv,6849,TAIHU_CLIMATE,,1958-12-06T16:00:00+00:00,,,precipitation,precipitation,,,mm,mm,observed,,False,,,"[""Q01""]",True
taihu_thqbca_history,storage\raw\taihu_thqbca_parsed\thqbca_observations.csv,6854,TAIHU_CLIMATE,,1958-12-11T16:00:00+00:00,,,precipitation,precipitation,,,mm,mm,observed,,False,,,"[""Q01""]",True
taihu_thqbca_history,storage\raw\taihu_thqbca_parsed\thqbca_observations.csv,6855,TAIHU_CLIMATE,,1958-12-12T16:00:00+00:00,,,precipitation,precipitation,,,mm,mm,observed,,False,,,"[""Q01""]",True
taihu_thqbca_history,storage\raw\taihu_thqbca_parsed\thqbca_observations.csv,6856,TAIHU_CLIMATE,,1958-12-13T16:00:00+00:00,,,precipitation,precipitation,,,mm,mm,observed,,False,,,"[""Q01""]",True
taihu_thqbca_history,storage\raw\taihu_thqbca_parsed\thqbca_observations.csv,6858,TAIHU_CLIMATE,,1958-12-15T16:00:00+00:00,,,precipitation,precipitation,,,mm,mm,observed,,False,,,"[""Q01""]",True
taihu_thqbca_history,storage\raw\taihu_thqbca_parsed\thqbca_observations.csv,6859,TAIHU_CLIMATE,,1958-12-16T16:00:00+00:00,,,precipitation,precipitation,,,mm,mm,observed,,False,,,"[""Q01""]",True
taihu_thqbca_history,storage\raw\taihu_thqbca_parsed\thqbca_observations.csv,6860,TAIHU_CLIMATE,,1958-12-17T16:00:00+00:00,,,precipitation,precipitation,,,mm,mm,observed,,False,,,"[""Q01""]",True
taihu_thqbca_history,storage\raw\taihu_thqbca_parsed\thqbca_observations.csv,6875,TAIHU_CLIMATE,,1959-01-01T16:00:00+00:00,,,precipitation,precipitation,,,mm,mm,observed,,False,,,"[""Q01""]",True
taihu_thqbca_history,storage\raw\taihu_thqbca_parsed\thqbca_observations.csv,6880,TAIHU_CLIMATE,,1959-01-06T16:00:00+00:00,,,precipitation,precipitation,,,mm,mm,observed,,False,,,"[""Q01""]",True
taihu_thqbca_history,storage\raw\taihu_thqbca_parsed\thqbca_observations.csv,6881,TAIHU_CLIMATE,,1959-01-07T16:00:00+00:00,,,precipitation,precipitation,,,mm,mm,observed,,False,,,"[""Q01""]",True
taihu_thqbca_history,storage\raw\taihu_thqbca_parsed\thqbca_observations.csv,6898,TAIHU_CLIMATE,,1959-01-24T16:00:00+00:00,,,precipitation,precipitation,,,mm,mm,observed,,False,,,"[""Q01""]",True
taihu_thqbca_history,storage\raw\taihu_thqbca_parsed\thqbca_observations.csv,6905,TAIHU_CLIMATE,,1959-01-31T16:00:00+00:00,,,precipitation,precipitation,,,mm,mm,observed,,False,,,"[""Q01""]",True
taihu_thqbca_history,storage\raw\taihu_thqbca_parsed\thqbca_observations.csv,6909,TAIHU_CLIMATE,,1959-02-04T16:00:00+00:00,,,precipitation,precipitation,,,mm,mm,observed,,False,,,"[""Q01""]",True
taihu_thqbca_history,storage\raw\taihu_thqbca_parsed\thqbca_observations.csv,6924,TAIHU_CLIMATE,,1959-02-19T16:00:00+00:00,,,precipitation,precipitation,,,mm,mm,observed,,False,,,"[""Q01""]",True
taihu_thqbca_history,storage\raw\taihu_thqbca_parsed\thqbca_observations.csv,6925,TAIHU_CLIMATE,,1959-02-20T16:00:00+00:00,,,precipitation,precipitation,,,mm,mm,observed,,False,,,"[""Q01""]",True
taihu_thqbca_history,storage\raw\taihu_thqbca_parsed\thqbca_observations.csv,6928,TAIHU_CLIMATE,,1959-02-23T16:00:00+00:00,,,precipitation,precipitation,,,mm,mm,observed,,False,,,"[""Q01""]",True
taihu_thqbca_history,storage\raw\taihu_thqbca_parsed\thqbca_observations.csv,6937,TAIHU_CLIMATE,,1959-03-04T16:00:00+00:00,,,precipitation,precipitation,,,mm,mm,observed,,False,,,"[""Q01""]",True
taihu_thqbca_history,storage\raw\taihu_thqbca_parsed\thqbca_observations.csv,6941,TAIHU_CLIMATE,,1959-03-08T16:00:00+00:00,,,precipitation,precipitation,,,mm,mm,observed,,False,,,"[""Q01""]",True
taihu_thqbca_history,storage\raw\taihu_thqbca_parsed\thqbca_observations.csv,6949,TAIHU_CLIMATE,,1959-03-16T16:00:00+00:00,,,precipitation,precipitation,,,mm,mm,observed,,False,,,"[""Q01""]",True
taihu_thqbca_history,storage\raw\taihu_thqbca_parsed\thqbca_observations.csv,6953,TAIHU_CLIMATE,,1959-03-20T16:00:00+00:00,,,precipitation,precipitation,,,mm,mm,observed,,False,,,"[""Q01""]",True
taihu_thqbca_history,storage\raw\taihu_thqbca_parsed\thqbca_observations.csv,6954,TAIHU_CLIMATE,,1959-03-21T16:00:00+00:00,,,precipitation,precipitation,,,mm,mm,observed,,False,,,"[""Q01""]",True
taihu_thqbca_history,storage\raw\taihu_thqbca_parsed\thqbca_observations.csv,6958,TAIHU_CLIMATE,,1959-03-25T16:00:00+00:00,,,precipitation,precipitation,,,mm,mm,observed,,False,,,"[""Q01""]",True
taihu_thqbca_history,storage\raw\taihu_thqbca_parsed\thqbca_observations.csv,6978,TAIHU_CLIMATE,,1959-04-14T16:00:00+00:00,,,precipitation,precipitation,,,mm,mm,observed,,False,,,"[""Q01""]",True
taihu_thqbca_history,storage\raw\taihu_thqbca_parsed\thqbca_observations.csv,6986,TAIHU_CLIMATE,,1959-04-22T16:00:00+00:00,,,precipitation,precipitation,,,mm,mm,observed,,False,,,"[""Q01""]",True
taihu_thqbca_history,storage\raw\taihu_thqbca_parsed\thqbca_observations.csv,6988,TAIHU_CLIMATE,,1959-04-24T16:00:00+00:00,,,precipitation,precipitation,,,mm,mm,observed,,False,,,"[""Q01""]",True
taihu_thqbca_history,storage\raw\taihu_thqbca_parsed\thqbca_observations.csv,6993,TAIHU_CLIMATE,,1959-04-29T16:00:00+00:00,,,precipitation,precipitation,,,mm,mm,observed,,False,,,"[""Q01""]",True
taihu_thqbca_history,storage\raw\taihu_thqbca_parsed\thqbca_observations.csv,6995,TAIHU_CLIMATE,,1959-05-01T16:00:00+00:00,,,precipitation,precipitation,,,mm,mm,observed,,False,,,"[""Q01""]",True
taihu_thqbca_history,storage\raw\taihu_thqbca_parsed\thqbca_observations.csv,7001,TAIHU_CLIMATE,,1959-05-07T16:00:00+00:00,,,precipitation,precipitation,,,mm,mm,observed,,False,,,"[""Q01""]",True
taihu_thqbca_history,storage\raw\taihu_thqbca_parsed\thqbca_observations.csv,7006,TAIHU_CLIMATE,,1959-05-12T16:00:00+00:00,,,precipitation,precipitation,,,mm,mm,observed,,False,,,"[""Q01""]",True
taihu_thqbca_history,storage\raw\taihu_thqbca_parsed\thqbca_observations.csv,7040,TAIHU_CLIMATE,,1959-06-15T16:00:00+00:00,,,precipitation,precipitation,,,mm,mm,observed,,False,,,"[""Q01""]",True
taihu_thqbca_history,storage\raw\taihu_thqbca_parsed\thqbca_observations.csv,7044,TAIHU_CLIMATE,,1959-06-19T16:00:00+00:00,,,precipitation,precipitation,,,mm,mm,observed,,False,,,"[""Q01""]",True
taihu_thqbca_history,storage\raw\taihu_thqbca_parsed\thqbca_observations.csv,7051,TAIHU_CLIMATE,,1959-06-26T16:00:00+00:00,,,precipitation,precipitation,,,mm,mm,observed,,False,,,"[""Q01""]",True
taihu_thqbca_history,storage\raw\taihu_thqbca_parsed\thqbca_observations.csv,7057,TAIHU_CLIMATE,,1959-07-02T16:00:00+00:00,,,precipitation,precipitation,,,mm,mm,observed,,False,,,"[""Q01""]",True
taihu_thqbca_history,storage\raw\taihu_thqbca_parsed\thqbca_observations.csv,7058,TAIHU_CLIMATE,,1959-07-03T16:00:00+00:00,,,precipitation,precipitation,,,mm,mm,observed,,False,,,"[""Q01""]",True
taihu_thqbca_history,storage\raw\taihu_thqbca_parsed\thqbca_observations.csv,7063,TAIHU_CLIMATE,,1959-07-08T16:00:00+00:00,,,precipitation,precipitation,,,mm,mm,observed,,False,,,"[""Q01""]",True
taihu_thqbca_history,storage\raw\taihu_thqbca_parsed\thqbca_observations.csv,7066,TAIHU_CLIMATE,,1959-07-11T16:00:00+00:00,,,precipitation,precipitation,,,mm,mm,observed,,False,,,"[""Q01""]",True
taihu_thqbca_history,storage\raw\taihu_thqbca_parsed\thqbca_observations.csv,7073,TAIHU_CLIMATE,,1959-07-18T16:00:00+00:00,,,precipitation,precipitation,,,mm,mm,observed,,False,,,"[""Q01""]",True
taihu_thqbca_history,storage\raw\taihu_thqbca_parsed\thqbca_observations.csv,7097,TAIHU_CLIMATE,,1959-08-11T16:00:00+00:00,,,precipitation,precipitation,,,mm,mm,observed,,False,,,"[""Q01""]",True
taihu_thqbca_history,storage\raw\taihu_thqbca_parsed\thqbca_observations.csv,7113,TAIHU_CLIMATE,,1959-08-27T16:00:00+00:00,,,precipitation,precipitation,,,mm,mm,observed,,False,,,"[""Q01""]",True
taihu_thqbca_history,storage\raw\taihu_thqbca_parsed\thqbca_observations.csv,7119,TAIHU_CLIMATE,,1959-09-02T16:00:00+00:00,,,precipitation,precipitation,,,mm,mm,observed,,False,,,"[""Q01""]",True
taihu_thqbca_history,storage\raw\taihu_thqbca_parsed\thqbca_observations.csv,7120,TAIHU_CLIMATE,,1959-09-03T16:00:00+00:00,,,precipitation,precipitation,,,mm,mm,observed,,False,,,"[""Q01""]",True
taihu_thqbca_history,storage\raw\taihu_thqbca_parsed\thqbca_observations.csv,7123,TAIHU_CLIMATE,,1959-09-06T16:00:00+00:00,,,precipitation,precipitation,,,mm,mm,observed,,False,,,"[""Q01""]",True
taihu_thqbca_history,storage\raw\taihu_thqbca_parsed\thqbca_observations.csv,7129,TAIHU_CLIMATE,,1959-09-12T16:00:00+00:00,,,precipitation,precipitation,,,mm,mm,observed,,False,,,"[""Q01""]",True
taihu_thqbca_history,storage\raw\taihu_thqbca_parsed\thqbca_observations.csv,7143,TAIHU_CLIMATE,,1959-09-26T16:00:00+00:00,,,precipitation,precipitation,,,mm,mm,observed,,False,,,"[""Q01""]",True
taihu_thqbca_history,storage\raw\taihu_thqbca_parsed\thqbca_observations.csv,7146,TAIHU_CLIMATE,,1959-09-29T16:00:00+00:00,,,precipitation,precipitation,,,mm,mm,observed,,False,,,"[""Q01""]",True
taihu_thqbca_history,storage\raw\taihu_thqbca_parsed\thqbca_observations.csv,7148,TAIHU_CLIMATE,,1959-10-01T16:00:00+00:00,,,precipitation,precipitation,,,mm,mm,observed,,False,,,"[""Q01""]",True
taihu_thqbca_history,storage\raw\taihu_thqbca_parsed\thqbca_observations.csv,7153,TAIHU_CLIMATE,,1959-10-06T16:00:00+00:00,,,precipitation,precipitation,,,mm,mm,observed,,False,,,"[""Q01""]",True
taihu_thqbca_history,storage\raw\taihu_thqbca_parsed\thqbca_observations.csv,7156,TAIHU_CLIMATE,,1959-10-09T16:00:00+00:00,,,precipitation,precipitation,,,mm,mm,observed,,False,,,"[""Q01""]",True
taihu_thqbca_history,storage\raw\taihu_thqbca_parsed\thqbca_observations.csv,7164,TAIHU_CLIMATE,,1959-10-17T16:00:00+00:00,,,precipitation,precipitation,,,mm,mm,observed,,False,,,"[""Q01""]",True
taihu_thqbca_history,storage\raw\taihu_thqbca_parsed\thqbca_observations.csv,7165,TAIHU_CLIMATE,,1959-10-18T16:00:00+00:00,,,precipitation,precipitation,,,mm,mm,observed,,False,,,"[""Q01""]",True
taihu_thqbca_history,storage\raw\taihu_thqbca_parsed\thqbca_observations.csv,7166,TAIHU_CLIMATE,,1959-10-19T16:00:00+00:00,,,precipitation,precipitation,,,mm,mm,observed,,False,,,"[""Q01""]",True
taihu_thqbca_history,storage\raw\taihu_thqbca_parsed\thqbca_observations.csv,7168,TAIHU_CLIMATE,,1959-10-21T16:00:00+00:00,,,precipitation,precipitation,,,mm,mm,observed,,False,,,"[""Q01""]",True
taihu_thqbca_history,storage\raw\taihu_thqbca_parsed\thqbca_observations.csv,7170,TAIHU_CLIMATE,,1959-10-23T16:00:00+00:00,,,precipitation,precipitation,,,mm,mm,observed,,False,,,"[""Q01""]",True
taihu_thqbca_history,storage\raw\taihu_thqbca_parsed\thqbca_observations.csv,7172,TAIHU_CLIMATE,,1959-10-25T16:00:00+00:00,,,precipitation,precipitation,,,mm,mm,observed,,False,,,"[""Q01""]",True
taihu_thqbca_history,storage\raw\taihu_thqbca_parsed\thqbca_observations.csv,7174,TAIHU_CLIMATE,,1959-10-27T16:00:00+00:00,,,precipitation,precipitation,,,mm,mm,observed,,False,,,"[""Q01""]",True
taihu_thqbca_history,storage\raw\taihu_thqbca_parsed\thqbca_observations.csv,7181,TAIHU_CLIMATE,,1959-11-03T16:00:00+00:00,,,precipitation,precipitation,,,mm,mm,observed,,False,,,"[""Q01""]",True
taihu_thqbca_history,storage\raw\taihu_thqbca_parsed\thqbca_observations.csv,7189,TAIHU_CLIMATE,,1959-11-11T16:00:00+00:00,,,precipitation,precipitation,,,mm,mm,observed,,False,,,"[""Q01""]",True
taihu_thqbca_history,storage\raw\taihu_thqbca_parsed\thqbca_observations.csv,7192,TAIHU_CLIMATE,,1959-11-14T16:00:00+00:00,,,precipitation,precipitation,,,mm,mm,observed,,False,,,"[""Q01""]",True
taihu_thqbca_history,storage\raw\taihu_thqbca_parsed\thqbca_observations.csv,7193,TAIHU_CLIMATE,,1959-11-15T16:00:00+00:00,,,precipitation,precipitation,,,mm,mm,observed,,False,,,"[""Q01""]",True
taihu_thqbca_history,storage\raw\taihu_thqbca_parsed\thqbca_observations.csv,7195,TAIHU_CLIMATE,,1959-11-17T16:00:00+00:00,,,precipitation,precipitation,,,mm,mm,observed,,False,,,"[""Q01""]",True
taihu_thqbca_history,storage\raw\taihu_thqbca_parsed\thqbca_observations.csv,7197,TAIHU_CLIMATE,,1959-11-19T16:00:00+00:00,,,precipitation,precipitation,,,mm,mm,observed,,False,,,"[""Q01""]",True
taihu_thqbca_history,storage\raw\taihu_thqbca_parsed\thqbca_observations.csv,7210,TAIHU_CLIMATE,,1959-12-02T16:00:00+00:00,,,precipitation,precipitation,,,mm,mm,observed,,False,,,"[""Q01""]",True
taihu_thqbca_history,storage\raw\taihu_thqbca_parsed\thqbca_observations.csv,7211,TAIHU_CLIMATE,,1959-12-03T16:00:00+00:00,,,precipitation,precipitation,,,mm,mm,observed,,False,,,"[""Q01""]",True
taihu_thqbca_history,storage\raw\taihu_thqbca_parsed\thqbca_observations.csv,7214,TAIHU_CLIMATE,,1959-12-06T16:00:00+00:00,,,precipitation,precipitation,,,mm,mm,observed,,False,,,"[""Q01""]",True
taihu_thqbca_history,storage\raw\taihu_thqbca_parsed\thqbca_observations.csv,7219,TAIHU_CLIMATE,,1959-12-11T16:00:00+00:00,,,precipitation,precipitation,,,mm,mm,observed,,False,,,"[""Q01""]",True
taihu_thqbca_history,storage\raw\taihu_thqbca_parsed\thqbca_observations.csv,7223,TAIHU_CLIMATE,,1959-12-15T16:00:00+00:00,,,precipitation,precipitation,,,mm,mm,observed,,False,,,"[""Q01""]",True
taihu_thqbca_history,storage\raw\taihu_thqbca_parsed\thqbca_observations.csv,7225,TAIHU_CLIMATE,,1959-12-17T16:00:00+00:00,,,precipitation,precipitation,,,mm,mm,observed,,False,,,"[""Q01""]",True
taihu_thqbca_history,storage\raw\taihu_thqbca_parsed\thqbca_observations.csv,7231,TAIHU_CLIMATE,,1959-12-23T16:00:00+00:00,,,precipitation,precipitation,,,mm,mm,observed,,False,,,"[""Q01""]",True
taihu_thqbca_history,storage\raw\taihu_thqbca_parsed\thqbca_observations.csv,7235,TAIHU_CLIMATE,,1959-12-27T16:00:00+00:00,,,precipitation,precipitation,,,mm,mm,observed,,False,,,"[""Q01""]",True
taihu_thqbca_history,storage\raw\taihu_thqbca_parsed\thqbca_observations.csv,7246,TAIHU_CLIMATE,,1960-01-07T16:00:00+00:00,,,precipitation,precipitation,,,mm,mm,observed,,False,,,"[""Q01""]",True
taihu_thqbca_history,storage\raw\taihu_thqbca_parsed\thqbca_observations.csv,7251,TAIHU_CLIMATE,,1960-01-12T16:00:00+00:00,,,precipitation,precipitation,,,mm,mm,observed,,False,,,"[""Q01""]",True
taihu_thqbca_history,storage\raw\taihu_thqbca_parsed\thqbca_observations.csv,7260,TAIHU_CLIMATE,,1960-01-21T16:00:00+00:00,,,precipitation,precipitation,,,mm,mm,observed,,False,,,"[""Q01""]",True
taihu_thqbca_history,storage\raw\taihu_thqbca_parsed\thqbca_observations.csv,7262,TAIHU_CLIMATE,,1960-01-23T16:00:00+00:00,,,precipitation,precipitation,,,mm,mm,observed,,False,,,"[""Q01""]",True
taihu_thqbca_history,storage\raw\taihu_thqbca_parsed\thqbca_observations.csv,7269,TAIHU_CLIMATE,,1960-01-30T16:00:00+00:00,,,precipitation,precipitation,,,mm,mm,observed,,False,,,"[""Q01""]",True
taihu_thqbca_history,storage\raw\taihu_thqbca_parsed\thqbca_observations.csv,7277,TAIHU_CLIMATE,,1960-02-07T16:00:00+00:00,,,precipitation,precipitation,,,mm,mm,observed,,False,,,"[""Q01""]",True
taihu_thqbca_history,storage\raw\taihu_thqbca_parsed\thqbca_observations.csv,7279,TAIHU_CLIMATE,,1960-02-09T16:00:00+00:00,,,precipitation,precipitation,,,mm,mm,observed,,False,,,"[""Q01""]",True
taihu_thqbca_history,storage\raw\taihu_thqbca_parsed\thqbca_observations.csv,7283,TAIHU_CLIMATE,,1960-02-13T16:00:00+00:00,,,precipitation,precipitation,,,mm,mm,observed,,False,,,"[""Q01""]",True
taihu_thqbca_history,storage\raw\taihu_thqbca_parsed\thqbca_observations.csv,7285,TAIHU_CLIMATE,,1960-02-15T16:00:00+00:00,,,precipitation,precipitation,,,mm,mm,observed,,False,,,"[""Q01""]",True
taihu_thqbca_history,storage\raw\taihu_thqbca_parsed\thqbca_observations.csv,7287,TAIHU_CLIMATE,,1960-02-17T16:00:00+00:00,,,precipitation,precipitation,,,mm,mm,observed,,False,,,"[""Q01""]",True
taihu_thqbca_history,storage\raw\taihu_thqbca_parsed\thqbca_observations.csv,7293,TAIHU_CLIMATE,,1960-02-23T16:00:00+00:00,,,precipitation,precipitation,,,mm,mm,observed,,False,,,"[""Q01""]",True
taihu_thqbca_history,storage\raw\taihu_thqbca_parsed\thqbca_observations.csv,7297,TAIHU_CLIMATE,,1960-02-27T16:00:00+00:00,,,precipitation,precipitation,,,mm,mm,observed,,False,,,"[""Q01""]",True
taihu_thqbca_history,storage\raw\taihu_thqbca_parsed\thqbca_observations.csv,7299,TAIHU_CLIMATE,,1960-02-29T16:00:00+00:00,,,precipitation,precipitation,,,mm,mm,observed,,False,,,"[""Q01""]",True
taihu_thqbca_history,storage\raw\taihu_thqbca_parsed\thqbca_observations.csv,7308,TAIHU_CLIMATE,,1960-03-09T16:00:00+00:00,,,precipitation,precipitation,,,mm,mm,observed,,False,,,"[""Q01""]",True
taihu_thqbca_history,storage\raw\taihu_thqbca_parsed\thqbca_observations.csv,7311,TAIHU_CLIMATE,,1960-03-12T16:00:00+00:00,,,precipitation,precipitation,,,mm,mm,observed,,False,,,"[""Q01""]",True
taihu_thqbca_history,storage\raw\taihu_thqbca_parsed\thqbca_observations.csv,7312,TAIHU_CLIMATE,,1960-03-13T16:00:00+00:00,,,precipitation,precipitation,,,mm,mm,observed,,False,,,"[""Q01""]",True
taihu_thqbca_history,storage\raw\taihu_thqbca_parsed\thqbca_observations.csv,7321,TAIHU_CLIMATE,,1960-03-22T16:00:00+00:00,,,precipitation,precipitation,,,mm,mm,observed,,False,,,"[""Q01""]",True
taihu_thqbca_history,storage\raw\taihu_thqbca_parsed\thqbca_observations.csv,7324,TAIHU_CLIMATE,,1960-03-25T16:00:00+00:00,,,precipitation,precipitation,,,mm,mm,observed,,False,,,"[""Q01""]",True
taihu_thqbca_history,storage\raw\taihu_thqbca_parsed\thqbca_observations.csv,7337,TAIHU_CLIMATE,,1960-04-07T16:00:00+00:00,,,precipitation,precipitation,,,mm,mm,observed,,False,,,"[""Q01""]",True
taihu_thqbca_history,storage\raw\taihu_thqbca_parsed\thqbca_observations.csv,7357,TAIHU_CLIMATE,,1960-04-27T16:00:00+00:00,,,precipitation,precipitation,,,mm,mm,observed,,False,,,"[""Q01""]",True
taihu_thqbca_history,storage\raw\taihu_thqbca_parsed\thqbca_observations.csv,7384,TAIHU_CLIMATE,,1960-05-24T16:00:00+00:00,,,precipitation,precipitation,,,mm,mm,observed,,False,,,"[""Q01""]",True
taihu_thqbca_history,storage\raw\taihu_thqbca_parsed\thqbca_observations.csv,7385,TAIHU_CLIMATE,,1960-05-25T16:00:00+00:00,,,precipitation,precipitation,,,mm,mm,observed,,False,,,"[""Q01""]",True
taihu_thqbca_history,storage\raw\taihu_thqbca_parsed\thqbca_observations.csv,7390,TAIHU_CLIMATE,,1960-05-30T16:00:00+00:00,,,precipitation,precipitation,,,mm,mm,observed,,False,,,"[""Q01""]",True
taihu_thqbca_history,storage\raw\taihu_thqbca_parsed\thqbca_observations.csv,7413,TAIHU_CLIMATE,,1960-06-22T16:00:00+00:00,,,precipitation,precipitation,,,mm,mm,observed,,False,,,"[""Q01""]",True
taihu_thqbca_history,storage\raw\taihu_thqbca_parsed\thqbca_observations.csv,7414,TAIHU_CLIMATE,,1960-06-23T16:00:00+00:00,,,precipitation,precipitation,,,mm,mm,observed,,False,,,"[""Q01""]",True
taihu_thqbca_history,storage\raw\taihu_thqbca_parsed\thqbca_observations.csv,7416,TAIHU_CLIMATE,,1960-06-25T16:00:00+00:00,,,precipitation,precipitation,,,mm,mm,observed,,False,,,"[""Q01""]",True
taihu_thqbca_history,storage\raw\taihu_thqbca_parsed\thqbca_observations.csv,7417,TAIHU_CLIMATE,,1960-06-26T16:00:00+00:00,,,precipitation,precipitation,,,mm,mm,observed,,False,,,"[""Q01""]",True
taihu_thqbca_history,storage\raw\taihu_thqbca_parsed\thqbca_observations.csv,7422,TAIHU_CLIMATE,,1960-07-01T16:00:00+00:00,,,precipitation,precipitation,,,mm,mm,observed,,False,,,"[""Q01""]",True
taihu_thqbca_history,storage\raw\taihu_thqbca_parsed\thqbca_observations.csv,7432,TAIHU_CLIMATE,,1960-07-11T16:00:00+00:00,,,precipitation,precipitation,,,mm,mm,observed,,False,,,"[""Q01""]",True
taihu_thqbca_history,storage\raw\taihu_thqbca_parsed\thqbca_observations.csv,7438,TAIHU_CLIMATE,,1960-07-17T16:00:00+00:00,,,precipitation,precipitation,,,mm,mm,observed,,False,,,"[""Q01""]",True
taihu_thqbca_history,storage\raw\taihu_thqbca_parsed\thqbca_observations.csv,7445,TAIHU_CLIMATE,,1960-07-24T16:00:00+00:00,,,precipitation,precipitation,,,mm,mm,observed,,False,,,"[""Q01""]",True
taihu_thqbca_history,storage\raw\taihu_thqbca_parsed\thqbca_observations.csv,7457,TAIHU_CLIMATE,,1960-08-05T16:00:00+00:00,,,precipitation,precipitation,,,mm,mm,observed,,False,,,"[""Q01""]",True
taihu_thqbca_history,storage\raw\taihu_thqbca_parsed\thqbca_observations.csv,7458,TAIHU_CLIMATE,,1960-08-06T16:00:00+00:00,,,precipitation,precipitation,,,mm,mm,observed,,False,,,"[""Q01""]",True
taihu_thqbca_history,storage\raw\taihu_thqbca_parsed\thqbca_observations.csv,7460,TAIHU_CLIMATE,,1960-08-08T16:00:00+00:00,,,precipitation,precipitation,,,mm,mm,observed,,False,,,"[""Q01""]",True
taihu_thqbca_history,storage\raw\taihu_thqbca_parsed\thqbca_observations.csv,7462,TAIHU_CLIMATE,,1960-08-10T16:00:00+00:00,,,precipitation,precipitation,,,mm,mm,observed,,False,,,"[""Q01""]",True
taihu_thqbca_history,storage\raw\taihu_thqbca_parsed\thqbca_observations.csv,7463,TAIHU_CLIMATE,,1960-08-11T16:00:00+00:00,,,precipitation,precipitation,,,mm,mm,observed,,False,,,"[""Q01""]",True
taihu_thqbca_history,storage\raw\taihu_thqbca_parsed\thqbca_observations.csv,7465,TAIHU_CLIMATE,,1960-08-13T16:00:00+00:00,,,precipitation,precipitation,,,mm,mm,observed,,False,,,"[""Q01""]",True
taihu_thqbca_history,storage\raw\taihu_thqbca_parsed\thqbca_observations.csv,7468,TAIHU_CLIMATE,,1960-08-16T16:00:00+00:00,,,precipitation,precipitation,,,mm,mm,observed,,False,,,"[""Q01""]",True
taihu_thqbca_history,storage\raw\taihu_thqbca_parsed\thqbca_observations.csv,7472,TAIHU_CLIMATE,,1960-08-20T16:00:00+00:00,,,precipitation,precipitation,,,mm,mm,observed,,False,,,"[""Q01""]",True
taihu_thqbca_history,storage\raw\taihu_thqbca_parsed\thqbca_observations.csv,7474,TAIHU_CLIMATE,,1960-08-22T16:00:00+00:00,,,precipitation,precipitation,,,mm,mm,observed,,False,,,"[""Q01""]",True
taihu_thqbca_history,storage\raw\taihu_thqbca_parsed\thqbca_observations.csv,7478,TAIHU_CLIMATE,,1960-08-26T16:00:00+00:00,,,precipitation,precipitation,,,mm,mm,observed,,False,,,"[""Q01""]",True
taihu_thqbca_history,storage\raw\taihu_thqbca_parsed\thqbca_observations.csv,7483,TAIHU_CLIMATE,,1960-08-31T16:00:00+00:00,,,precipitation,precipitation,,,mm,mm,observed,,False,,,"[""Q01""]",True
taihu_thqbca_history,storage\raw\taihu_thqbca_parsed\thqbca_observations.csv,7498,TAIHU_CLIMATE,,1960-09-15T16:00:00+00:00,,,precipitation,precipitation,,,mm,mm,observed,,False,,,"[""Q01""]",True
taihu_thqbca_history,storage\raw\taihu_thqbca_parsed\thqbca_observations.csv,7505,TAIHU_CLIMATE,,1960-09-22T16:00:00+00:00,,,precipitation,precipitation,,,mm,mm,observed,,False,,,"[""Q01""]",True
taihu_thqbca_history,storage\raw\taihu_thqbca_parsed\thqbca_observations.csv,7508,TAIHU_CLIMATE,,1960-09-25T16:00:00+00:00,,,precipitation,precipitation,,,mm,mm,observed,,False,,,"[""Q01""]",True
taihu_thqbca_history,storage\raw\taihu_thqbca_parsed\thqbca_observations.csv,7510,TAIHU_CLIMATE,,1960-09-27T16:00:00+00:00,,,precipitation,precipitation,,,mm,mm,observed,,False,,,"[""Q01""]",True
taihu_thqbca_history,storage\raw\taihu_thqbca_parsed\thqbca_observations.csv,7512,TAIHU_CLIMATE,,1960-09-29T16:00:00+00:00,,,precipitation,precipitation,,,mm,mm,observed,,False,,,"[""Q01""]",True
taihu_thqbca_history,storage\raw\taihu_thqbca_parsed\thqbca_observations.csv,7515,TAIHU_CLIMATE,,1960-10-02T16:00:00+00:00,,,precipitation,precipitation,,,mm,mm,observed,,False,,,"[""Q01""]",True
taihu_thqbca_history,storage\raw\taihu_thqbca_parsed\thqbca_observations.csv,7518,TAIHU_CLIMATE,,1960-10-05T16:00:00+00:00,,,precipitation,precipitation,,,mm,mm,observed,,False,,,"[""Q01""]",True
taihu_thqbca_history,storage\raw\taihu_thqbca_parsed\thqbca_observations.csv,7524,TAIHU_CLIMATE,,1960-10-11T16:00:00+00:00,,,precipitation,precipitation,,,mm,mm,observed,,False,,,"[""Q01""]",True
taihu_thqbca_history,storage\raw\taihu_thqbca_parsed\thqbca_observations.csv,7526,TAIHU_CLIMATE,,1960-10-13T16:00:00+00:00,,,precipitation,precipitation,,,mm,mm,observed,,False,,,"[""Q01""]",True
taihu_thqbca_history,storage\raw\taihu_thqbca_parsed\thqbca_observations.csv,7529,TAIHU_CLIMATE,,1960-10-16T16:00:00+00:00,,,precipitation,precipitation,,,mm,mm,observed,,False,,,"[""Q01""]",True
taihu_thqbca_history,storage\raw\taihu_thqbca_parsed\thqbca_observations.csv,7534,TAIHU_CLIMATE,,1960-10-21T16:00:00+00:00,,,precipitation,precipitation,,,mm,mm,observed,,False,,,"[""Q01""]",True
taihu_thqbca_history,storage\raw\taihu_thqbca_parsed\thqbca_observations.csv,7541,TAIHU_CLIMATE,,1960-10-28T16:00:00+00:00,,,precipitation,precipitation,,,mm,mm,observed,,False,,,"[""Q01""]",True
taihu_thqbca_history,storage\raw\taihu_thqbca_parsed\thqbca_observations.csv,7542,TAIHU_CLIMATE,,1960-10-29T16:00:00+00:00,,,precipitation,precipitation,,,mm,mm,observed,,False,,,"[""Q01""]",True
taihu_thqbca_history,storage\raw\taihu_thqbca_parsed\thqbca_observations.csv,7543,TAIHU_CLIMATE,,1960-10-30T16:00:00+00:00,,,precipitation,precipitation,,,mm,mm,observed,,False,,,"[""Q01""]",True
taihu_thqbca_history,storage\raw\taihu_thqbca_parsed\thqbca_observations.csv,7550,TAIHU_CLIMATE,,1960-11-06T16:00:00+00:00,,,precipitation,precipitation,,,mm,mm,observed,,False,,,"[""Q01""]",True
taihu_thqbca_history,storage\raw\taihu_thqbca_parsed\thqbca_observations.csv,7551,TAIHU_CLIMATE,,1960-11-07T16:00:00+00:00,,,precipitation,precipitation,,,mm,mm,observed,,False,,,"[""Q01""]",True
taihu_thqbca_history,storage\raw\taihu_thqbca_parsed\thqbca_observations.csv,7560,TAIHU_CLIMATE,,1960-11-16T16:00:00+00:00,,,precipitation,precipitation,,,mm,mm,observed,,False,,,"[""Q01""]",True
taihu_thqbca_history,storage\raw\taihu_thqbca_parsed\thqbca_observations.csv,7561,TAIHU_CLIMATE,,1960-11-17T16:00:00+00:00,,,precipitation,precipitation,,,mm,mm,observed,,False,,,"[""Q01""]",True
taihu_thqbca_history,storage\raw\taihu_thqbca_parsed\thqbca_observations.csv,7562,TAIHU_CLIMATE,,1960-11-18T16:00:00+00:00,,,precipitation,precipitation,,,mm,mm,observed,,False,,,"[""Q01""]",True
taihu_thqbca_history,storage\raw\taihu_thqbca_parsed\thqbca_observations.csv,7564,TAIHU_CLIMATE,,1960-11-20T16:00:00+00:00,,,precipitation,precipitation,,,mm,mm,observed,,False,,,"[""Q01""]",True
taihu_thqbca_history,storage\raw\taihu_thqbca_parsed\thqbca_observations.csv,7587,TAIHU_CLIMATE,,1960-12-13T16:00:00+00:00,,,precipitation,precipitation,,,mm,mm,observed,,False,,,"[""Q01""]",True
taihu_thqbca_history,storage\raw\taihu_thqbca_parsed\thqbca_observations.csv,7589,TAIHU_CLIMATE,,1960-12-15T16:00:00+00:00,,,precipitation,precipitation,,,mm,mm,observed,,False,,,"[""Q01""]",True
taihu_thqbca_history,storage\raw\taihu_thqbca_parsed\thqbca_observations.csv,7597,TAIHU_CLIMATE,,1960-12-23T16:00:00+00:00,,,precipitation,precipitation,,,mm,mm,observed,,False,,,"[""Q01""]",True
taihu_thqbca_history,storage\raw\taihu_thqbca_parsed\thqbca_observations.csv,7602,TAIHU_CLIMATE,,1960-12-28T16:00:00+00:00,,,precipitation,precipitation,,,mm,mm,observed,,False,,,"[""Q01""]",True
taihu_thqbca_history,storage\raw\taihu_thqbca_parsed\thqbca_observations.csv,7611,TAIHU_CLIMATE,,1961-01-06T16:00:00+00:00,,,precipitation,precipitation,,,mm,mm,observed,,False,,,"[""Q01""]",True
taihu_thqbca_history,storage\raw\taihu_thqbca_parsed\thqbca_observations.csv,7620,TAIHU_CLIMATE,,1961-01-15T16:00:00+00:00,,,precipitation,precipitation,,,mm,mm,observed,,False,,,"[""Q01""]",True
taihu_thqbca_history,storage\raw\taihu_thqbca_parsed\thqbca_observations.csv,7626,TAIHU_CLIMATE,,1961-01-21T16:00:00+00:00,,,precipitation,precipitation,,,mm,mm,observed,,False,,,"[""Q01""]",True
taihu_thqbca_history,storage\raw\taihu_thqbca_parsed\thqbca_observations.csv,7628,TAIHU_CLIMATE,,1961-01-23T16:00:00+00:00,,,precipitation,precipitation,,,mm,mm,observed,,False,,,"[""Q01""]",True
taihu_thqbca_history,storage\raw\taihu_thqbca_parsed\thqbca_observations.csv,7632,TAIHU_CLIMATE,,1961-01-27T16:00:00+00:00,,,precipitation,precipitation,,,mm,mm,observed,,False,,,"[""Q01""]",True
taihu_thqbca_history,storage\raw\taihu_thqbca_parsed\thqbca_observations.csv,7634,TAIHU_CLIMATE,,1961-01-29T16:00:00+00:00,,,precipitation,precipitation,,,mm,mm,observed,,False,,,"[""Q01""]",True
taihu_thqbca_history,storage\raw\taihu_thqbca_parsed\thqbca_observations.csv,7644,TAIHU_CLIMATE,,1961-02-08T16:00:00+00:00,,,precipitation,precipitation,,,mm,mm,observed,,False,,,"[""Q01""]",True
taihu_thqbca_history,storage\raw\taihu_thqbca_parsed\thqbca_observations.csv,7645,TAIHU_CLIMATE,,1961-02-09T16:00:00+00:00,,,precipitation,precipitation,,,mm,mm,observed,,False,,,"[""Q01""]",True
taihu_thqbca_history,storage\raw\taihu_thqbca_parsed\thqbca_observations.csv,7649,TAIHU_CLIMATE,,1961-02-13T16:00:00+00:00,,,precipitation,precipitation,,,mm,mm,observed,,False,,,"[""Q01""]",True
taihu_thqbca_history,storage\raw\taihu_thqbca_parsed\thqbca_observations.csv,7650,TAIHU_CLIMATE,,1961-02-14T16:00:00+00:00,,,precipitation,precipitation,,,mm,mm,observed,,False,,,"[""Q01""]",True
taihu_thqbca_history,storage\raw\taihu_thqbca_parsed\thqbca_observations.csv,7651,TAIHU_CLIMATE,,1961-02-15T16:00:00+00:00,,,precipitation,precipitation,,,mm,mm,observed,,False,,,"[""Q01""]",True
taihu_thqbca_history,storage\raw\taihu_thqbca_parsed\thqbca_observations.csv,7652,TAIHU_CLIMATE,,1961-02-16T16:00:00+00:00,,,precipitation,precipitation,,,mm,mm,observed,,False,,,"[""Q01""]",True
taihu_thqbca_history,storage\raw\taihu_thqbca_parsed\thqbca_observations.csv,7670,TAIHU_CLIMATE,,1961-03-06T16:00:00+00:00,,,precipitation,precipitation,,,mm,mm,observed,,False,,,"[""Q01""]",True
taihu_thqbca_history,storage\raw\taihu_thqbca_parsed\thqbca_observations.csv,7675,TAIHU_CLIMATE,,1961-03-11T16:00:00+00:00,,,precipitation,precipitation,,,mm,mm,observed,,False,,,"[""Q01""]",True
taihu_thqbca_history,storage\raw\taihu_thqbca_parsed\thqbca_observations.csv,7713,TAIHU_CLIMATE,,1961-04-18T16:00:00+00:00,,,precipitation,precipitation,,,mm,mm,observed,,False,,,"[""Q01""]",True
taihu_thqbca_history,storage\raw\taihu_thqbca_parsed\thqbca_observations.csv,7717,TAIHU_CLIMATE,,1961-04-22T16:00:00+00:00,,,precipitation,precipitation,,,mm,mm,observed,,False,,,"[""Q01""]",True
taihu_thqbca_history,storage\raw\taihu_thqbca_parsed\thqbca_observations.csv,7721,TAIHU_CLIMATE,,1961-04-26T16:00:00+00:00,,,precipitation,precipitation,,,mm,mm,observed,,False,,,"[""Q01""]",True
taihu_thqbca_history,storage\raw\taihu_thqbca_parsed\thqbca_observations.csv,7739,TAIHU_CLIMATE,,1961-05-14T16:00:00+00:00,,,precipitation,precipitation,,,mm,mm,observed,,False,,,"[""Q01""]",True
taihu_thqbca_history,storage\raw\taihu_thqbca_parsed\thqbca_observations.csv,7766,TAIHU_CLIMATE,,1961-06-10T16:00:00+00:00,,,precipitation,precipitation,,,mm,mm,observed,,False,,,"[""Q01""]",True
taihu_thqbca_history,storage\raw\taihu_thqbca_parsed\thqbca_observations.csv,7767,TAIHU_CLIMATE,,1961-06-11T16:00:00+00:00,,,precipitation,precipitation,,,mm,mm,observed,,False,,,"[""Q01""]",True
taihu_thqbca_history,storage\raw\taihu_thqbca_parsed\thqbca_observations.csv,7770,TAIHU_CLIMATE,,1961-06-14T16:00:00+00:00,,,precipitation,precipitation,,,mm,mm,observed,,False,,,"[""Q01""]",True
taihu_thqbca_history,storage\raw\taihu_thqbca_parsed\thqbca_observations.csv,7777,TAIHU_CLIMATE,,1961-06-21T16:00:00+00:00,,,precipitation,precipitation,,,mm,mm,observed,,False,,,"[""Q01""]",True
taihu_thqbca_history,storage\raw\taihu_thqbca_parsed\thqbca_observations.csv,7778,TAIHU_CLIMATE,,1961-06-22T16:00:00+00:00,,,precipitation,precipitation,,,mm,mm,observed,,False,,,"[""Q01""]",True
taihu_thqbca_history,storage\raw\taihu_thqbca_parsed\thqbca_observations.csv,7779,TAIHU_CLIMATE,,1961-06-23T16:00:00+00:00,,,precipitation,precipitation,,,mm,mm,observed,,False,,,"[""Q01""]",True
taihu_thqbca_history,storage\raw\taihu_thqbca_parsed\thqbca_observations.csv,7789,TAIHU_CLIMATE,,1961-07-03T16:00:00+00:00,,,precipitation,precipitation,,,mm,mm,observed,,False,,,"[""Q01""]",True
taihu_thqbca_history,storage\raw\taihu_thqbca_parsed\thqbca_observations.csv,7794,TAIHU_CLIMATE,,1961-07-08T16:00:00+00:00,,,precipitation,precipitation,,,mm,mm,observed,,False,,,"[""Q01""]",True
taihu_thqbca_history,storage\raw\taihu_thqbca_parsed\thqbca_observations.csv,7813,TAIHU_CLIMATE,,1961-07-27T16:00:00+00:00,,,precipitation,precipitation,,,mm,mm,observed,,False,,,"[""Q01""]",True
taihu_thqbca_history,storage\raw\taihu_thqbca_parsed\thqbca_observations.csv,7821,TAIHU_CLIMATE,,1961-08-04T16:00:00+00:00,,,precipitation,precipitation,,,mm,mm,observed,,False,,,"[""Q01""]",True
taihu_thqbca_history,storage\raw\taihu_thqbca_parsed\thqbca_observations.csv,7850,TAIHU_CLIMATE,,1961-09-02T16:00:00+00:00,,,precipitation,precipitation,,,mm,mm,observed,,False,,,"[""Q01""]",True
taihu_thqbca_history,storage\raw\taihu_thqbca_parsed\thqbca_observations.csv,7852,TAIHU_CLIMATE,,1961-09-04T16:00:00+00:00,,,precipitation,precipitation,,,mm,mm,observed,,False,,,"[""Q01""]",True
taihu_thqbca_history,storage\raw\taihu_thqbca_parsed\thqbca_observations.csv,7859,TAIHU_CLIMATE,,1961-09-11T16:00:00+00:00,,,precipitation,precipitation,,,mm,mm,observed,,False,,,"[""Q01""]",True
taihu_thqbca_history,storage\raw\taihu_thqbca_parsed\thqbca_observations.csv,7860,TAIHU_CLIMATE,,1961-09-12T16:00:00+00:00,,,precipitation,precipitation,,,mm,mm,observed,,False,,,"[""Q01""]",True
taihu_thqbca_history,storage\raw\taihu_thqbca_parsed\thqbca_observations.csv,7862,TAIHU_CLIMATE,,1961-09-14T16:00:00+00:00,,,precipitation,precipitation,,,mm,mm,observed,,False,,,"[""Q01""]",True
taihu_thqbca_history,storage\raw\taihu_thqbca_parsed\thqbca_observations.csv,7866,TAIHU_CLIMATE,,1961-09-18T16:00:00+00:00,,,precipitation,precipitation,,,mm,mm,observed,,False,,,"[""Q01""]",True
taihu_thqbca_history,storage\raw\taihu_thqbca_parsed\thqbca_observations.csv,7875,TAIHU_CLIMATE,,1961-09-27T16:00:00+00:00,,,precipitation,precipitation,,,mm,mm,observed,,False,,,"[""Q01""]",True
taihu_thqbca_history,storage\raw\taihu_thqbca_parsed\thqbca_observations.csv,7876,TAIHU_CLIMATE,,1961-09-28T16:00:00+00:00,,,precipitation,precipitation,,,mm,mm,observed,,False,,,"[""Q01""]",True
taihu_thqbca_history,storage\raw\taihu_thqbca_parsed\thqbca_observations.csv,7883,TAIHU_CLIMATE,,1961-10-05T16:00:00+00:00,,,precipitation,precipitation,,,mm,mm,observed,,False,,,"[""Q01""]",True
taihu_thqbca_history,storage\raw\taihu_thqbca_parsed\thqbca_observations.csv,7886,TAIHU_CLIMATE,,1961-10-08T16:00:00+00:00,,,precipitation,precipitation,,,mm,mm,observed,,False,,,"[""Q01""]",True
taihu_thqbca_history,storage\raw\taihu_thqbca_parsed\thqbca_observations.csv,7887,TAIHU_CLIMATE,,1961-10-09T16:00:00+00:00,,,precipitation,precipitation,,,mm,mm,observed,,False,,,"[""Q01""]",True
taihu_thqbca_history,storage\raw\taihu_thqbca_parsed\thqbca_observations.csv,7893,TAIHU_CLIMATE,,1961-10-15T16:00:00+00:00,,,precipitation,precipitation,,,mm,mm,observed,,False,,,"[""Q01""]",True
taihu_thqbca_history,storage\raw\taihu_thqbca_parsed\thqbca_observations.csv,7894,TAIHU_CLIMATE,,1961-10-16T16:00:00+00:00,,,precipitation,precipitation,,,mm,mm,observed,,False,,,"[""Q01""]",True
taihu_thqbca_history,storage\raw\taihu_thqbca_parsed\thqbca_observations.csv,7905,TAIHU_CLIMATE,,1961-10-27T16:00:00+00:00,,,precipitation,precipitation,,,mm,mm,observed,,False,,,"[""Q01""]",True
taihu_thqbca_history,storage\raw\taihu_thqbca_parsed\thqbca_observations.csv,7911,TAIHU_CLIMATE,,1961-11-02T16:00:00+00:00,,,precipitation,precipitation,,,mm,mm,observed,,False,,,"[""Q01""]",True
taihu_thqbca_history,storage\raw\taihu_thqbca_parsed\thqbca_observations.csv,7921,TAIHU_CLIMATE,,1961-11-12T16:00:00+00:00,,,precipitation,precipitation,,,mm,mm,observed,,False,,,"[""Q01""]",True
taihu_thqbca_history,storage\raw\taihu_thqbca_parsed\thqbca_observations.csv,7930,TAIHU_CLIMATE,,1961-11-21T16:00:00+00:00,,,precipitation,precipitation,,,mm,mm,observed,,False,,,"[""Q01""]",True
taihu_thqbca_history,storage\raw\taihu_thqbca_parsed\thqbca_observations.csv,7933,TAIHU_CLIMATE,,1961-11-24T16:00:00+00:00,,,precipitation,precipitation,,,mm,mm,observed,,False,,,"[""Q01""]",True
taihu_thqbca_history,storage\raw\taihu_thqbca_parsed\thqbca_observations.csv,7936,TAIHU_CLIMATE,,1961-11-27T16:00:00+00:00,,,precipitation,precipitation,,,mm,mm,observed,,False,,,"[""Q01""]",True
taihu_thqbca_history,storage\raw\taihu_thqbca_parsed\thqbca_observations.csv,7937,TAIHU_CLIMATE,,1961-11-28T16:00:00+00:00,,,precipitation,precipitation,,,mm,mm,observed,,False,,,"[""Q01""]",True
taihu_thqbca_history,storage\raw\taihu_thqbca_parsed\thqbca_observations.csv,7946,TAIHU_CLIMATE,,1961-12-07T16:00:00+00:00,,,precipitation,precipitation,,,mm,mm,observed,,False,,,"[""Q01""]",True
taihu_thqbca_history,storage\raw\taihu_thqbca_parsed\thqbca_observations.csv,7947,TAIHU_CLIMATE,,1961-12-08T16:00:00+00:00,,,precipitation,precipitation,,,mm,mm,observed,,False,,,"[""Q01""]",True
taihu_thqbca_history,storage\raw\taihu_thqbca_parsed\thqbca_observations.csv,7948,TAIHU_CLIMATE,,1961-12-09T16:00:00+00:00,,,precipitation,precipitation,,,mm,mm,observed,,False,,,"[""Q01""]",True
taihu_thqbca_history,storage\raw\taihu_thqbca_parsed\thqbca_observations.csv,7950,TAIHU_CLIMATE,,1961-12-11T16:00:00+00:00,,,precipitation,precipitation,,,mm,mm,observed,,False,,,"[""Q01""]",True
taihu_thqbca_history,storage\raw\taihu_thqbca_parsed\thqbca_observations.csv,7960,TAIHU_CLIMATE,,1961-12-21T16:00:00+00:00,,,precipitation,precipitation,,,mm,mm,observed,,False,,,"[""Q01""]",True
taihu_thqbca_history,storage\raw\taihu_thqbca_parsed\thqbca_observations.csv,7965,TAIHU_CLIMATE,,1961-12-26T16:00:00+00:00,,,precipitation,precipitation,,,mm,mm,observed,,False,,,"[""Q01""]",True
taihu_thqbca_history,storage\raw\taihu_thqbca_parsed\thqbca_observations.csv,7966,TAIHU_CLIMATE,,1961-12-27T16:00:00+00:00,,,precipitation,precipitation,,,mm,mm,observed,,False,,,"[""Q01""]",True
taihu_thqbca_history,storage\raw\taihu_thqbca_parsed\thqbca_observations.csv,7969,TAIHU_CLIMATE,,1961-12-30T16:00:00+00:00,,,precipitation,precipitation,,,mm,mm,observed,,False,,,"[""Q01""]",True
taihu_thqbca_history,storage\raw\taihu_thqbca_parsed\thqbca_observations.csv,7970,TAIHU_CLIMATE,,1961-12-31T16:00:00+00:00,,,precipitation,precipitation,,,mm,mm,observed,,False,,,"[""Q01""]",True
taihu_thqbca_history,storage\raw\taihu_thqbca_parsed\thqbca_observations.csv,7974,TAIHU_CLIMATE,,1962-01-04T16:00:00+00:00,,,precipitation,precipitation,,,mm,mm,observed,,False,,,"[""Q01""]",True
taihu_thqbca_history,storage\raw\taihu_thqbca_parsed\thqbca_observations.csv,7978,TAIHU_CLIMATE,,1962-01-08T16:00:00+00:00,,,precipitation,precipitation,,,mm,mm,observed,,False,,,"[""Q01""]",True
taihu_thqbca_history,storage\raw\taihu_thqbca_parsed\thqbca_observations.csv,7979,TAIHU_CLIMATE,,1962-01-09T16:00:00+00:00,,,precipitation,precipitation,,,mm,mm,observed,,False,,,"[""Q01""]",True
taihu_thqbca_history,storage\raw\taihu_thqbca_parsed\thqbca_observations.csv,7984,TAIHU_CLIMATE,,1962-01-14T16:00:00+00:00,,,precipitation,precipitation,,,mm,mm,observed,,False,,,"[""Q01""]",True
taihu_thqbca_history,storage\raw\taihu_thqbca_parsed\thqbca_observations.csv,8002,TAIHU_CLIMATE,,1962-02-01T16:00:00+00:00,,,precipitation,precipitation,,,mm,mm,observed,,False,,,"[""Q01""]",True
taihu_thqbca_history,storage\raw\taihu_thqbca_parsed\thqbca_observations.csv,8003,TAIHU_CLIMATE,,1962-02-02T16:00:00+00:00,,,precipitation,precipitation,,,mm,mm,observed,,False,,,"[""Q01""]",True
taihu_thqbca_history,storage\raw\taihu_thqbca_parsed\thqbca_observations.csv,8004,TAIHU_CLIMATE,,1962-02-03T16:00:00+00:00,,,precipitation,precipitation,,,mm,mm,observed,,False,,,"[""Q01""]",True
taihu_thqbca_history,storage\raw\taihu_thqbca_parsed\thqbca_observations.csv,8005,TAIHU_CLIMATE,,1962-02-04T16:00:00+00:00,,,precipitation,precipitation,,,mm,mm,observed,,False,,,"[""Q01""]",True
taihu_thqbca_history,storage\raw\taihu_thqbca_parsed\thqbca_observations.csv,8006,TAIHU_CLIMATE,,1962-02-05T16:00:00+00:00,,,precipitation,precipitation,,,mm,mm,observed,,False,,,"[""Q01""]",True
taihu_thqbca_history,storage\raw\taihu_thqbca_parsed\thqbca_observations.csv,8007,TAIHU_CLIMATE,,1962-02-06T16:00:00+00:00,,,precipitation,precipitation,,,mm,mm,observed,,False,,,"[""Q01""]",True
taihu_thqbca_history,storage\raw\taihu_thqbca_parsed\thqbca_observations.csv,8010,TAIHU_CLIMATE,,1962-02-09T16:00:00+00:00,,,precipitation,precipitation,,,mm,mm,observed,,False,,,"[""Q01""]",True
taihu_thqbca_history,storage\raw\taihu_thqbca_parsed\thqbca_observations.csv,8013,TAIHU_CLIMATE,,1962-02-12T16:00:00+00:00,,,precipitation,precipitation,,,mm,mm,observed,,False,,,"[""Q01""]",True
taihu_thqbca_history,storage\raw\taihu_thqbca_parsed\thqbca_observations.csv,8026,TAIHU_CLIMATE,,1962-02-25T16:00:00+00:00,,,precipitation,precipitation,,,mm,mm,observed,,False,,,"[""Q01""]",True
taihu_thqbca_history,storage\raw\taihu_thqbca_parsed\thqbca_observations.csv,8028,TAIHU_CLIMATE,,1962-02-27T16:00:00+00:00,,,precipitation,precipitation,,,mm,mm,observed,,False,,,"[""Q01""]",True
taihu_thqbca_history,storage\raw\taihu_thqbca_parsed\thqbca_observations.csv,8034,TAIHU_CLIMATE,,1962-03-05T16:00:00+00:00,,,precipitation,precipitation,,,mm,mm,observed,,False,,,"[""Q01""]",True
taihu_thqbca_history,storage\raw\taihu_thqbca_parsed\thqbca_observations.csv,8036,TAIHU_CLIMATE,,1962-03-07T16:00:00+00:00,,,precipitation,precipitation,,,mm,mm,observed,,False,,,"[""Q01""]",True
taihu_thqbca_history,storage\raw\taihu_thqbca_parsed\thqbca_observations.csv,8037,TAIHU_CLIMATE,,1962-03-08T16:00:00+00:00,,,precipitation,precipitation,,,mm,mm,observed,,False,,,"[""Q01""]",True
taihu_thqbca_history,storage\raw\taihu_thqbca_parsed\thqbca_observations.csv,8039,TAIHU_CLIMATE,,1962-03-10T16:00:00+00:00,,,precipitation,precipitation,,,mm,mm,observed,,False,,,"[""Q01""]",True
taihu_thqbca_history,storage\raw\taihu_thqbca_parsed\thqbca_observations.csv,8040,TAIHU_CLIMATE,,1962-03-11T16:00:00+00:00,,,precipitation,precipitation,,,mm,mm,observed,,False,,,"[""Q01""]",True
taihu_thqbca_history,storage\raw\taihu_thqbca_parsed\thqbca_observations.csv,8045,TAIHU_CLIMATE,,1962-03-16T16:00:00+00:00,,,precipitation,precipitation,,,mm,mm,observed,,False,,,"[""Q01""]",True
taihu_thqbca_history,storage\raw\taihu_thqbca_parsed\thqbca_observations.csv,8049,TAIHU_CLIMATE,,1962-03-20T16:00:00+00:00,,,precipitation,precipitation,,,mm,mm,observed,,False,,,"[""Q01""]",True
taihu_thqbca_history,storage\raw\taihu_thqbca_parsed\thqbca_observations.csv,8068,TAIHU_CLIMATE,,1962-04-08T16:00:00+00:00,,,precipitation,precipitation,,,mm,mm,observed,,False,,,"[""Q01""]",True
taihu_thqbca_history,storage\raw\taihu_thqbca_parsed\thqbca_observations.csv,8081,TAIHU_CLIMATE,,1962-04-21T16:00:00+00:00,,,precipitation,precipitation,,,mm,mm,observed,,False,,,"[""Q01""]",True
taihu_thqbca_history,storage\raw\taihu_thqbca_parsed\thqbca_observations.csv,8084,TAIHU_CLIMATE,,1962-04-24T16:00:00+00:00,,,precipitation,precipitation,,,mm,mm,observed,,False,,,"[""Q01""]",True
taihu_thqbca_history,storage\raw\taihu_thqbca_parsed\thqbca_observations.csv,8095,TAIHU_CLIMATE,,1962-05-05T16:00:00+00:00,,,precipitation,precipitation,,,mm,mm,observed,,False,,,"[""Q01""]",True
taihu_thqbca_history,storage\raw\taihu_thqbca_parsed\thqbca_observations.csv,8096,TAIHU_CLIMATE,,1962-05-06T16:00:00+00:00,,,precipitation,precipitation,,,mm,mm,observed,,False,,,"[""Q01""]",True
taihu_thqbca_history,storage\raw\taihu_thqbca_parsed\thqbca_observations.csv,8097,TAIHU_CLIMATE,,1962-05-07T16:00:00+00:00,,,precipitation,precipitation,,,mm,mm,observed,,False,,,"[""Q01""]",True
taihu_thqbca_history,storage\raw\taihu_thqbca_parsed\thqbca_observations.csv,8098,TAIHU_CLIMATE,,1962-05-08T16:00:00+00:00,,,precipitation,precipitation,,,mm,mm,observed,,False,,,"[""Q01""]",True
taihu_thqbca_history,storage\raw\taihu_thqbca_parsed\thqbca_observations.csv,8101,TAIHU_CLIMATE,,1962-05-11T16:00:00+00:00,,,precipitation,precipitation,,,mm,mm,observed,,False,,,"[""Q01""]",True
taihu_thqbca_history,storage\raw\taihu_thqbca_parsed\thqbca_observations.csv,8105,TAIHU_CLIMATE,,1962-05-15T16:00:00+00:00,,,precipitation,precipitation,,,mm,mm,observed,,False,,,"[""Q01""]",True
taihu_thqbca_history,storage\raw\taihu_thqbca_parsed\thqbca_observations.csv,8115,TAIHU_CLIMATE,,1962-05-25T16:00:00+00:00,,,precipitation,precipitation,,,mm,mm,observed,,False,,,"[""Q01""]",True
taihu_thqbca_history,storage\raw\taihu_thqbca_parsed\thqbca_observations.csv,8116,TAIHU_CLIMATE,,1962-05-26T16:00:00+00:00,,,precipitation,precipitation,,,mm,mm,observed,,False,,,"[""Q01""]",True
taihu_thqbca_history,storage\raw\taihu_thqbca_parsed\thqbca_observations.csv,8121,TAIHU_CLIMATE,,1962-05-31T16:00:00+00:00,,,precipitation,precipitation,,,mm,mm,observed,,False,,,"[""Q01""]",True
taihu_thqbca_history,storage\raw\taihu_thqbca_parsed\thqbca_observations.csv,8130,TAIHU_CLIMATE,,1962-06-09T16:00:00+00:00,,,precipitation,precipitation,,,mm,mm,observed,,False,,,"[""Q01""]",True
taihu_thqbca_history,storage\raw\taihu_thqbca_parsed\thqbca_observations.csv,8134,TAIHU_CLIMATE,,1962-06-13T16:00:00+00:00,,,precipitation,precipitation,,,mm,mm,observed,,False,,,"[""Q01""]",True
taihu_thqbca_history,storage\raw\taihu_thqbca_parsed\thqbca_observations.csv,8149,TAIHU_CLIMATE,,1962-06-28T16:00:00+00:00,,,precipitation,precipitation,,,mm,mm,observed,,False,,,"[""Q01""]",True
taihu_thqbca_history,storage\raw\taihu_thqbca_parsed\thqbca_observations.csv,8152,TAIHU_CLIMATE,,1962-07-01T16:00:00+00:00,,,precipitation,precipitation,,,mm,mm,observed,,False,,,"[""Q01""]",True
taihu_thqbca_history,storage\raw\taihu_thqbca_parsed\thqbca_observations.csv,8157,TAIHU_CLIMATE,,1962-07-06T16:00:00+00:00,,,precipitation,precipitation,,,mm,mm,observed,,False,,,"[""Q01""]",True
taihu_thqbca_history,storage\raw\taihu_thqbca_parsed\thqbca_observations.csv,8170,TAIHU_CLIMATE,,1962-07-19T16:00:00+00:00,,,precipitation,precipitation,,,mm,mm,observed,,False,,,"[""Q01""]",True
taihu_thqbca_history,storage\raw\taihu_thqbca_parsed\thqbca_observations.csv,8192,TAIHU_CLIMATE,,1962-08-10T16:00:00+00:00,,,precipitation,precipitation,,,mm,mm,observed,,False,,,"[""Q01""]",True
taihu_thqbca_history,storage\raw\taihu_thqbca_parsed\thqbca_observations.csv,8198,TAIHU_CLIMATE,,1962-08-16T16:00:00+00:00,,,precipitation,precipitation,,,mm,mm,observed,,False,,,"[""Q01""]",True
taihu_thqbca_history,storage\raw\taihu_thqbca_parsed\thqbca_observations.csv,8206,TAIHU_CLIMATE,,1962-08-24T16:00:00+00:00,,,precipitation,precipitation,,,mm,mm,observed,,False,,,"[""Q01""]",True
taihu_thqbca_history,storage\raw\taihu_thqbca_parsed\thqbca_observations.csv,8209,TAIHU_CLIMATE,,1962-08-27T16:00:00+00:00,,,precipitation,precipitation,,,mm,mm,observed,,False,,,"[""Q01""]",True
taihu_thqbca_history,storage\raw\taihu_thqbca_parsed\thqbca_observations.csv,8211,TAIHU_CLIMATE,,1962-08-29T16:00:00+00:00,,,precipitation,precipitation,,,mm,mm,observed,,False,,,"[""Q01""]",True
taihu_thqbca_history,storage\raw\taihu_thqbca_parsed\thqbca_observations.csv,8212,TAIHU_CLIMATE,,1962-08-30T16:00:00+00:00,,,precipitation,precipitation,,,mm,mm,observed,,False,,,"[""Q01""]",True
taihu_thqbca_history,storage\raw\taihu_thqbca_parsed\thqbca_observations.csv,8226,TAIHU_CLIMATE,,1962-09-13T16:00:00+00:00,,,precipitation,precipitation,,,mm,mm,observed,,False,,,"[""Q01""]",True
taihu_thqbca_history,storage\raw\taihu_thqbca_parsed\thqbca_observations.csv,8227,TAIHU_CLIMATE,,1962-09-14T16:00:00+00:00,,,precipitation,precipitation,,,mm,mm,observed,,False,,,"[""Q01""]",True
taihu_thqbca_history,storage\raw\taihu_thqbca_parsed\thqbca_observations.csv,8229,TAIHU_CLIMATE,,1962-09-16T16:00:00+00:00,,,precipitation,precipitation,,,mm,mm,observed,,False,,,"[""Q01""]",True
taihu_thqbca_history,storage\raw\taihu_thqbca_parsed\thqbca_observations.csv,8230,TAIHU_CLIMATE,,1962-09-17T16:00:00+00:00,,,precipitation,precipitation,,,mm,mm,observed,,False,,,"[""Q01""]",True
taihu_thqbca_history,storage\raw\taihu_thqbca_parsed\thqbca_observations.csv,8232,TAIHU_CLIMATE,,1962-09-19T16:00:00+00:00,,,precipitation,precipitation,,,mm,mm,observed,,False,,,"[""Q01""]",True
taihu_thqbca_history,storage\raw\taihu_thqbca_parsed\thqbca_observations.csv,8235,TAIHU_CLIMATE,,1962-09-22T16:00:00+00:00,,,precipitation,precipitation,,,mm,mm,observed,,False,,,"[""Q01""]",True
taihu_thqbca_history,storage\raw\taihu_thqbca_parsed\thqbca_observations.csv,8240,TAIHU_CLIMATE,,1962-09-27T16:00:00+00:00,,,precipitation,precipitation,,,mm,mm,observed,,False,,,"[""Q01""]",True
taihu_thqbca_history,storage\raw\taihu_thqbca_parsed\thqbca_observations.csv,8247,TAIHU_CLIMATE,,1962-10-04T16:00:00+00:00,,,precipitation,precipitation,,,mm,mm,observed,,False,,,"[""Q01""]",True
taihu_thqbca_history,storage\raw\taihu_thqbca_parsed\thqbca_observations.csv,8251,TAIHU_CLIMATE,,1962-10-08T16:00:00+00:00,,,precipitation,precipitation,,,mm,mm,observed,,False,,,"[""Q01""]",True
taihu_thqbca_history,storage\raw\taihu_thqbca_parsed\thqbca_observations.csv,8253,TAIHU_CLIMATE,,1962-10-10T16:00:00+00:00,,,precipitation,precipitation,,,mm,mm,observed,,False,,,"[""Q01""]",True
taihu_thqbca_history,storage\raw\taihu_thqbca_parsed\thqbca_observations.csv,8259,TAIHU_CLIMATE,,1962-10-16T16:00:00+00:00,,,precipitation,precipitation,,,mm,mm,observed,,False,,,"[""Q01""]",True
taihu_thqbca_history,storage\raw\taihu_thqbca_parsed\thqbca_observations.csv,8263,TAIHU_CLIMATE,,1962-10-20T16:00:00+00:00,,,precipitation,precipitation,,,mm,mm,observed,,False,,,"[""Q01""]",True
taihu_thqbca_history,storage\raw\taihu_thqbca_parsed\thqbca_observations.csv,8265,TAIHU_CLIMATE,,1962-10-22T16:00:00+00:00,,,precipitation,precipitation,,,mm,mm,observed,,False,,,"[""Q01""]",True
taihu_thqbca_history,storage\raw\taihu_thqbca_parsed\thqbca_observations.csv,8281,TAIHU_CLIMATE,,1962-11-07T16:00:00+00:00,,,precipitation,precipitation,,,mm,mm,observed,,False,,,"[""Q01""]",True
taihu_thqbca_history,storage\raw\taihu_thqbca_parsed\thqbca_observations.csv,8284,TAIHU_CLIMATE,,1962-11-10T16:00:00+00:00,,,precipitation,precipitation,,,mm,mm,observed,,False,,,"[""Q01""]",True
taihu_thqbca_history,storage\raw\taihu_thqbca_parsed\thqbca_observations.csv,8285,TAIHU_CLIMATE,,1962-11-11T16:00:00+00:00,,,precipitation,precipitation,,,mm,mm,observed,,False,,,"[""Q01""]",True
taihu_thqbca_history,storage\raw\taihu_thqbca_parsed\thqbca_observations.csv,8286,TAIHU_CLIMATE,,1962-11-12T16:00:00+00:00,,,precipitation,precipitation,,,mm,mm,observed,,False,,,"[""Q01""]",True
taihu_thqbca_history,storage\raw\taihu_thqbca_parsed\thqbca_observations.csv,8288,TAIHU_CLIMATE,,1962-11-14T16:00:00+00:00,,,precipitation,precipitation,,,mm,mm,observed,,False,,,"[""Q01""]",True
taihu_thqbca_history,storage\raw\taihu_thqbca_parsed\thqbca_observations.csv,8290,TAIHU_CLIMATE,,1962-11-16T16:00:00+00:00,,,precipitation,precipitation,,,mm,mm,observed,,False,,,"[""Q01""]",True
taihu_thqbca_history,storage\raw\taihu_thqbca_parsed\thqbca_observations.csv,8291,TAIHU_CLIMATE,,1962-11-17T16:00:00+00:00,,,precipitation,precipitation,,,mm,mm,observed,,False,,,"[""Q01""]",True
taihu_thqbca_history,storage\raw\taihu_thqbca_parsed\thqbca_observations.csv,8309,TAIHU_CLIMATE,,1962-12-05T16:00:00+00:00,,,precipitation,precipitation,,,mm,mm,observed,,False,,,"[""Q01""]",True
taihu_thqbca_history,storage\raw\taihu_thqbca_parsed\thqbca_observations.csv,8312,TAIHU_CLIMATE,,1962-12-08T16:00:00+00:00,,,precipitation,precipitation,,,mm,mm,observed,,False,,,"[""Q01""]",True
taihu_thqbca_history,storage\raw\taihu_thqbca_parsed\thqbca_observations.csv,8313,TAIHU_CLIMATE,,1962-12-09T16:00:00+00:00,,,precipitation,precipitation,,,mm,mm,observed,,False,,,"[""Q01""]",True
taihu_thqbca_history,storage\raw\taihu_thqbca_parsed\thqbca_observations.csv,8314,TAIHU_CLIMATE,,1962-12-10T16:00:00+00:00,,,precipitation,precipitation,,,mm,mm,observed,,False,,,"[""Q01""]",True
taihu_thqbca_history,storage\raw\taihu_thqbca_parsed\thqbca_observations.csv,8319,TAIHU_CLIMATE,,1962-12-15T16:00:00+00:00,,,precipitation,precipitation,,,mm,mm,observed,,False,,,"[""Q01""]",True
taihu_thqbca_history,storage\raw\taihu_thqbca_parsed\thqbca_observations.csv,8321,TAIHU_CLIMATE,,1962-12-17T16:00:00+00:00,,,precipitation,precipitation,,,mm,mm,observed,,False,,,"[""Q01""]",True
taihu_thqbca_history,storage\raw\taihu_thqbca_parsed\thqbca_observations.csv,8324,TAIHU_CLIMATE,,1962-12-20T16:00:00+00:00,,,precipitation,precipitation,,,mm,mm,observed,,False,,,"[""Q01""]",True
taihu_thqbca_history,storage\raw\taihu_thqbca_parsed\thqbca_observations.csv,8333,TAIHU_CLIMATE,,1962-12-29T16:00:00+00:00,,,precipitation,precipitation,,,mm,mm,observed,,False,,,"[""Q01""]",True
taihu_thqbca_history,storage\raw\taihu_thqbca_parsed\thqbca_observations.csv,8354,TAIHU_CLIMATE,,1963-01-19T16:00:00+00:00,,,precipitation,precipitation,,,mm,mm,observed,,False,,,"[""Q01""]",True
taihu_thqbca_history,storage\raw\taihu_thqbca_parsed\thqbca_observations.csv,8372,TAIHU_CLIMATE,,1963-02-06T16:00:00+00:00,,,precipitation,precipitation,,,mm,mm,observed,,False,,,"[""Q01""]",True
taihu_thqbca_history,storage\raw\taihu_thqbca_parsed\thqbca_observations.csv,8373,TAIHU_CLIMATE,,1963-02-07T16:00:00+00:00,,,precipitation,precipitation,,,mm,mm,observed,,False,,,"[""Q01""]",True
taihu_thqbca_history,storage\raw\taihu_thqbca_parsed\thqbca_observations.csv,8375,TAIHU_CLIMATE,,1963-02-09T16:00:00+00:00,,,precipitation,precipitation,,,mm,mm,observed,,False,,,"[""Q01""]",True
taihu_thqbca_history,storage\raw\taihu_thqbca_parsed\thqbca_observations.csv,8380,TAIHU_CLIMATE,,1963-02-14T16:00:00+00:00,,,precipitation,precipitation,,,mm,mm,observed,,False,,,"[""Q01""]",True
taihu_thqbca_history,storage\raw\taihu_thqbca_parsed\thqbca_observations.csv,8381,TAIHU_CLIMATE,,1963-02-15T16:00:00+00:00,,,precipitation,precipitation,,,mm,mm,observed,,False,,,"[""Q01""]",True
taihu_thqbca_history,storage\raw\taihu_thqbca_parsed\thqbca_observations.csv,8385,TAIHU_CLIMATE,,1963-02-19T16:00:00+00:00,,,precipitation,precipitation,,,mm,mm,observed,,False,,,"[""Q01""]",True
taihu_thqbca_history,storage\raw\taihu_thqbca_parsed\thqbca_observations.csv,8416,TAIHU_CLIMATE,,1963-03-22T16:00:00+00:00,,,precipitation,precipitation,,,mm,mm,observed,,False,,,"[""Q01""]",True
taihu_thqbca_history,storage\raw\taihu_thqbca_parsed\thqbca_observations.csv,8419,TAIHU_CLIMATE,,1963-03-25T16:00:00+00:00,,,precipitation,precipitation,,,mm,mm,observed,,False,,,"[""Q01""]",True
taihu_thqbca_history,storage\raw\taihu_thqbca_parsed\thqbca_observations.csv,8429,TAIHU_CLIMATE,,1963-04-04T16:00:00+00:00,,,precipitation,precipitation,,,mm,mm,observed,,False,,,"[""Q01""]",True
taihu_thqbca_history,storage\raw\taihu_thqbca_parsed\thqbca_observations.csv,8435,TAIHU_CLIMATE,,1963-04-10T16:00:00+00:00,,,precipitation,precipitation,,,mm,mm,observed,,False,,,"[""Q01""]",True
taihu_thqbca_history,storage\raw\taihu_thqbca_parsed\thqbca_observations.csv,8438,TAIHU_CLIMATE,,1963-04-13T16:00:00+00:00,,,precipitation,precipitation,,,mm,mm,observed,,False,,,"[""Q01""]",True
taihu_thqbca_history,storage\raw\taihu_thqbca_parsed\thqbca_observations.csv,8447,TAIHU_CLIMATE,,1963-04-22T16:00:00+00:00,,,precipitation,precipitation,,,mm,mm,observed,,False,,,"[""Q01""]",True
taihu_thqbca_history,storage\raw\taihu_thqbca_parsed\thqbca_observations.csv,8449,TAIHU_CLIMATE,,1963-04-24T16:00:00+00:00,,,precipitation,precipitation,,,mm,mm,observed,,False,,,"[""Q01""]",True
taihu_thqbca_history,storage\raw\taihu_thqbca_parsed\thqbca_observations.csv,8460,TAIHU_CLIMATE,,1963-05-05T16:00:00+00:00,,,precipitation,precipitation,,,mm,mm,observed,,False,,,"[""Q01""]",True
taihu_thqbca_history,storage\raw\taihu_thqbca_parsed\thqbca_observations.csv,8466,TAIHU_CLIMATE,,1963-05-11T16:00:00+00:00,,,precipitation,precipitation,,,mm,mm,observed,,False,,,"[""Q01""]",True
taihu_thqbca_history,storage\raw\taihu_thqbca_parsed\thqbca_observations.csv,8471,TAIHU_CLIMATE,,1963-05-16T16:00:00+00:00,,,precipitation,precipitation,,,mm,mm,observed,,False,,,"[""Q01""]",True
taihu_thqbca_history,storage\raw\taihu_thqbca_parsed\thqbca_observations.csv,8478,TAIHU_CLIMATE,,1963-05-23T16:00:00+00:00,,,precipitation,precipitation,,,mm,mm,observed,,False,,,"[""Q01""]",True
taihu_thqbca_history,storage\raw\taihu_thqbca_parsed\thqbca_observations.csv,8479,TAIHU_CLIMATE,,1963-05-24T16:00:00+00:00,,,precipitation,precipitation,,,mm,mm,observed,,False,,,"[""Q01""]",True
taihu_thqbca_history,storage\raw\taihu_thqbca_parsed\thqbca_observations.csv,8481,TAIHU_CLIMATE,,1963-05-26T16:00:00+00:00,,,precipitation,precipitation,,,mm,mm,observed,,False,,,"[""Q01""]",True
taihu_thqbca_history,storage\raw\taihu_thqbca_parsed\thqbca_observations.csv,8482,TAIHU_CLIMATE,,1963-05-27T16:00:00+00:00,,,precipitation,precipitation,,,mm,mm,observed,,False,,,"[""Q01""]",True
taihu_thqbca_history,storage\raw\taihu_thqbca_parsed\thqbca_observations.csv,8486,TAIHU_CLIMATE,,1963-05-31T16:00:00+00:00,,,precipitation,precipitation,,,mm,mm,observed,,False,,,"[""Q01""]",True
taihu_thqbca_history,storage\raw\taihu_thqbca_parsed\thqbca_observations.csv,8488,TAIHU_CLIMATE,,1963-06-02T16:00:00+00:00,,,precipitation,precipitation,,,mm,mm,observed,,False,,,"[""Q01""]",True
taihu_thqbca_history,storage\raw\taihu_thqbca_parsed\thqbca_observations.csv,8489,TAIHU_CLIMATE,,1963-06-03T16:00:00+00:00,,,precipitation,precipitation,,,mm,mm,observed,,False,,,"[""Q01""]",True
taihu_thqbca_history,storage\raw\taihu_thqbca_parsed\thqbca_observations.csv,8494,TAIHU_CLIMATE,,1963-06-08T16:00:00+00:00,,,precipitation,precipitation,,,mm,mm,observed,,False,,,"[""Q01""]",True
taihu_thqbca_history,storage\raw\taihu_thqbca_parsed\thqbca_observations.csv,8502,TAIHU_CLIMATE,,1963-06-16T16:00:00+00:00,,,precipitation,precipitation,,,mm,mm,observed,,False,,,"[""Q01""]",True
taihu_thqbca_history,storage\raw\taihu_thqbca_parsed\thqbca_observations.csv,8503,TAIHU_CLIMATE,,1963-06-17T16:00:00+00:00,,,precipitation,precipitation,,,mm,mm,observed,,False,,,"[""Q01""]",True
taihu_thqbca_history,storage\raw\taihu_thqbca_parsed\thqbca_observations.csv,8515,TAIHU_CLIMATE,,1963-06-29T16:00:00+00:00,,,precipitation,precipitation,,,mm,mm,observed,,False,,,"[""Q01""]",True
taihu_thqbca_history,storage\raw\taihu_thqbca_parsed\thqbca_observations.csv,8521,TAIHU_CLIMATE,,1963-07-05T16:00:00+00:00,,,precipitation,precipitation,,,mm,mm,observed,,False,,,"[""Q01""]",True
taihu_thqbca_history,storage\raw\taihu_thqbca_parsed\thqbca_observations.csv,8524,TAIHU_CLIMATE,,1963-07-08T16:00:00+00:00,,,precipitation,precipitation,,,mm,mm,observed,,False,,,"[""Q01""]",True
taihu_thqbca_history,storage\raw\taihu_thqbca_parsed\thqbca_observations.csv,8525,TAIHU_CLIMATE,,1963-07-09T16:00:00+00:00,,,precipitation,precipitation,,,mm,mm,observed,,False,,,"[""Q01""]",True
taihu_thqbca_history,storage\raw\taihu_thqbca_parsed\thqbca_observations.csv,8534,TAIHU_CLIMATE,,1963-07-18T16:00:00+00:00,,,precipitation,precipitation,,,mm,mm,observed,,False,,,"[""Q01""]",True
taihu_thqbca_history,storage\raw\taihu_thqbca_parsed\thqbca_observations.csv,8535,TAIHU_CLIMATE,,1963-07-19T16:00:00+00:00,,,precipitation,precipitation,,,mm,mm,observed,,False,,,"[""Q01""]",True
taihu_thqbca_history,storage\raw\taihu_thqbca_parsed\thqbca_observations.csv,8551,TAIHU_CLIMATE,,1963-08-04T16:00:00+00:00,,,precipitation,precipitation,,,mm,mm,observed,,False,,,"[""Q01""]",True
taihu_thqbca_history,storage\raw\taihu_thqbca_parsed\thqbca_observations.csv,8567,TAIHU_CLIMATE,,1963-08-20T16:00:00+00:00,,,precipitation,precipitation,,,mm,mm,observed,,False,,,"[""Q01""]",True
taihu_thqbca_history,storage\raw\taihu_thqbca_parsed\thqbca_observations.csv,8573,TAIHU_CLIMATE,,1963-08-26T16:00:00+00:00,,,precipitation,precipitation,,,mm,mm,observed,,False,,,"[""Q01""]",True
taihu_thqbca_history,storage\raw\taihu_thqbca_parsed\thqbca_observations.csv,8579,TAIHU_CLIMATE,,1963-09-01T16:00:00+00:00,,,precipitation,precipitation,,,mm,mm,observed,,False,,,"[""Q01""]",True
taihu_thqbca_history,storage\raw\taihu_thqbca_parsed\thqbca_observations.csv,8583,TAIHU_CLIMATE,,1963-09-05T16:00:00+00:00,,,precipitation,precipitation,,,mm,mm,observed,,False,,,"[""Q01""]",True
taihu_thqbca_history,storage\raw\taihu_thqbca_parsed\thqbca_observations.csv,8592,TAIHU_CLIMATE,,1963-09-14T16:00:00+00:00,,,precipitation,precipitation,,,mm,mm,observed,,False,,,"[""Q01""]",True
taihu_thqbca_history,storage\raw\taihu_thqbca_parsed\thqbca_observations.csv,8594,TAIHU_CLIMATE,,1963-09-16T16:00:00+00:00,,,precipitation,precipitation,,,mm,mm,observed,,False,,,"[""Q01""]",True
taihu_thqbca_history,storage\raw\taihu_thqbca_parsed\thqbca_observations.csv,8595,TAIHU_CLIMATE,,1963-09-17T16:00:00+00:00,,,precipitation,precipitation,,,mm,mm,observed,,False,,,"[""Q01""]",True
taihu_thqbca_history,storage\raw\taihu_thqbca_parsed\thqbca_observations.csv,8596,TAIHU_CLIMATE,,1963-09-18T16:00:00+00:00,,,precipitation,precipitation,,,mm,mm,observed,,False,,,"[""Q01""]",True
taihu_thqbca_history,storage\raw\taihu_thqbca_parsed\thqbca_observations.csv,8602,TAIHU_CLIMATE,,1963-09-24T16:00:00+00:00,,,precipitation,precipitation,,,mm,mm,observed,,False,,,"[""Q01""]",True
taihu_thqbca_history,storage\raw\taihu_thqbca_parsed\thqbca_observations.csv,8604,TAIHU_CLIMATE,,1963-09-26T16:00:00+00:00,,,precipitation,precipitation,,,mm,mm,observed,,False,,,"[""Q01""]",True
taihu_thqbca_history,storage\raw\taihu_thqbca_parsed\thqbca_observations.csv,8608,TAIHU_CLIMATE,,1963-09-30T16:00:00+00:00,,,precipitation,precipitation,,,mm,mm,observed,,False,,,"[""Q01""]",True
taihu_thqbca_history,storage\raw\taihu_thqbca_parsed\thqbca_observations.csv,8610,TAIHU_CLIMATE,,1963-10-02T16:00:00+00:00,,,precipitation,precipitation,,,mm,mm,observed,,False,,,"[""Q01""]",True
taihu_thqbca_history,storage\raw\taihu_thqbca_parsed\thqbca_observations.csv,8612,TAIHU_CLIMATE,,1963-10-04T16:00:00+00:00,,,precipitation,precipitation,,,mm,mm,observed,,False,,,"[""Q01""]",True
taihu_thqbca_history,storage\raw\taihu_thqbca_parsed\thqbca_observations.csv,8628,TAIHU_CLIMATE,,1963-10-20T16:00:00+00:00,,,precipitation,precipitation,,,mm,mm,observed,,False,,,"[""Q01""]",True
taihu_thqbca_history,storage\raw\taihu_thqbca_parsed\thqbca_observations.csv,8631,TAIHU_CLIMATE,,1963-10-23T16:00:00+00:00,,,precipitation,precipitation,,,mm,mm,observed,,False,,,"[""Q01""]",True
taihu_thqbca_history,storage\raw\taihu_thqbca_parsed\thqbca_observations.csv,8632,TAIHU_CLIMATE,,1963-10-24T16:00:00+00:00,,,precipitation,precipitation,,,mm,mm,observed,,False,,,"[""Q01""]",True
taihu_thqbca_history,storage\raw\taihu_thqbca_parsed\thqbca_observations.csv,8633,TAIHU_CLIMATE,,1963-10-25T16:00:00+00:00,,,precipitation,precipitation,,,mm,mm,observed,,False,,,"[""Q01""]",True
taihu_thqbca_history,storage\raw\taihu_thqbca_parsed\thqbca_observations.csv,8637,TAIHU_CLIMATE,,1963-10-29T16:00:00+00:00,,,precipitation,precipitation,,,mm,mm,observed,,False,,,"[""Q01""]",True
taihu_thqbca_history,storage\raw\taihu_thqbca_parsed\thqbca_observations.csv,8638,TAIHU_CLIMATE,,1963-10-30T16:00:00+00:00,,,precipitation,precipitation,,,mm,mm,observed,,False,,,"[""Q01""]",True
taihu_thqbca_history,storage\raw\taihu_thqbca_parsed\thqbca_observations.csv,8643,TAIHU_CLIMATE,,1963-11-04T16:00:00+00:00,,,precipitation,precipitation,,,mm,mm,observed,,False,,,"[""Q01""]",True
taihu_thqbca_history,storage\raw\taihu_thqbca_parsed\thqbca_observations.csv,8649,TAIHU_CLIMATE,,1963-11-10T16:00:00+00:00,,,precipitation,precipitation,,,mm,mm,observed,,False,,,"[""Q01""]",True
taihu_thqbca_history,storage\raw\taihu_thqbca_parsed\thqbca_observations.csv,8651,TAIHU_CLIMATE,,1963-11-12T16:00:00+00:00,,,precipitation,precipitation,,,mm,mm,observed,,False,,,"[""Q01""]",True
taihu_thqbca_history,storage\raw\taihu_thqbca_parsed\thqbca_observations.csv,8654,TAIHU_CLIMATE,,1963-11-15T16:00:00+00:00,,,precipitation,precipitation,,,mm,mm,observed,,False,,,"[""Q01""]",True
taihu_thqbca_history,storage\raw\taihu_thqbca_parsed\thqbca_observations.csv,8657,TAIHU_CLIMATE,,1963-11-18T16:00:00+00:00,,,precipitation,precipitation,,,mm,mm,observed,,False,,,"[""Q01""]",True
taihu_thqbca_history,storage\raw\taihu_thqbca_parsed\thqbca_observations.csv,8658,TAIHU_CLIMATE,,1963-11-19T16:00:00+00:00,,,precipitation,precipitation,,,mm,mm,observed,,False,,,"[""Q01""]",True
taihu_thqbca_history,storage\raw\taihu_thqbca_parsed\thqbca_observations.csv,8659,TAIHU_CLIMATE,,1963-11-20T16:00:00+00:00,,,precipitation,precipitation,,,mm,mm,observed,,False,,,"[""Q01""]",True
taihu_thqbca_history,storage\raw\taihu_thqbca_parsed\thqbca_observations.csv,8674,TAIHU_CLIMATE,,1963-12-05T16:00:00+00:00,,,precipitation,precipitation,,,mm,mm,observed,,False,,,"[""Q01""]",True
taihu_thqbca_history,storage\raw\taihu_thqbca_parsed\thqbca_observations.csv,8680,TAIHU_CLIMATE,,1963-12-11T16:00:00+00:00,,,precipitation,precipitation,,,mm,mm,observed,,False,,,"[""Q01""]",True
taihu_thqbca_history,storage\raw\taihu_thqbca_parsed\thqbca_observations.csv,8681,TAIHU_CLIMATE,,1963-12-12T16:00:00+00:00,,,precipitation,precipitation,,,mm,mm,observed,,False,,,"[""Q01""]",True
taihu_thqbca_history,storage\raw\taihu_thqbca_parsed\thqbca_observations.csv,8683,TAIHU_CLIMATE,,1963-12-14T16:00:00+00:00,,,precipitation,precipitation,,,mm,mm,observed,,False,,,"[""Q01""]",True
taihu_thqbca_history,storage\raw\taihu_thqbca_parsed\thqbca_observations.csv,8687,TAIHU_CLIMATE,,1963-12-18T16:00:00+00:00,,,precipitation,precipitation,,,mm,mm,observed,,False,,,"[""Q01""]",True
taihu_thqbca_history,storage\raw\taihu_thqbca_parsed\thqbca_observations.csv,8688,TAIHU_CLIMATE,,1963-12-19T16:00:00+00:00,,,precipitation,precipitation,,,mm,mm,observed,,False,,,"[""Q01""]",True
taihu_thqbca_history,storage\raw\taihu_thqbca_parsed\thqbca_observations.csv,8690,TAIHU_CLIMATE,,1963-12-21T16:00:00+00:00,,,precipitation,precipitation,,,mm,mm,observed,,False,,,"[""Q01""]",True
taihu_thqbca_history,storage\raw\taihu_thqbca_parsed\thqbca_observations.csv,8691,TAIHU_CLIMATE,,1963-12-22T16:00:00+00:00,,,precipitation,precipitation,,,mm,mm,observed,,False,,,"[""Q01""]",True
taihu_thqbca_history,storage\raw\taihu_thqbca_parsed\thqbca_observations.csv,8693,TAIHU_CLIMATE,,1963-12-24T16:00:00+00:00,,,precipitation,precipitation,,,mm,mm,observed,,False,,,"[""Q01""]",True
taihu_thqbca_history,storage\raw\taihu_thqbca_parsed\thqbca_observations.csv,8701,TAIHU_CLIMATE,,1964-01-01T16:00:00+00:00,,,precipitation,precipitation,,,mm,mm,observed,,False,,,"[""Q01""]",True
taihu_thqbca_history,storage\raw\taihu_thqbca_parsed\thqbca_observations.csv,8702,TAIHU_CLIMATE,,1964-01-02T16:00:00+00:00,,,precipitation,precipitation,,,mm,mm,observed,,False,,,"[""Q01""]",True
taihu_thqbca_history,storage\raw\taihu_thqbca_parsed\thqbca_observations.csv,8703,TAIHU_CLIMATE,,1964-01-03T16:00:00+00:00,,,precipitation,precipitation,,,mm,mm,observed,,False,,,"[""Q01""]",True
taihu_thqbca_history,storage\raw\taihu_thqbca_parsed\thqbca_observations.csv,8708,TAIHU_CLIMATE,,1964-01-08T16:00:00+00:00,,,precipitation,precipitation,,,mm,mm,observed,,False,,,"[""Q01""]",True
taihu_thqbca_history,storage\raw\taihu_thqbca_parsed\thqbca_observations.csv,8716,TAIHU_CLIMATE,,1964-01-16T16:00:00+00:00,,,precipitation,precipitation,,,mm,mm,observed,,False,,,"[""Q01""]",True
taihu_thqbca_history,storage\raw\taihu_thqbca_parsed\thqbca_observations.csv,8734,TAIHU_CLIMATE,,1964-02-03T16:00:00+00:00,,,precipitation,precipitation,,,mm,mm,observed,,False,,,"[""Q01""]",True
taihu_thqbca_history,storage\raw\taihu_thqbca_parsed\thqbca_observations.csv,8735,TAIHU_CLIMATE,,1964-02-04T16:00:00+00:00,,,precipitation,precipitation,,,mm,mm,observed,,False,,,"[""Q01""]",True
taihu_thqbca_history,storage\raw\taihu_thqbca_parsed\thqbca_observations.csv,8737,TAIHU_CLIMATE,,1964-02-06T16:00:00+00:00,,,precipitation,precipitation,,,mm,mm,observed,,False,,,"[""Q01""]",True
taihu_thqbca_history,storage\raw\taihu_thqbca_parsed\thqbca_observations.csv,8740,TAIHU_CLIMATE,,1964-02-09T16:00:00+00:00,,,precipitation,precipitation,,,mm,mm,observed,,False,,,"[""Q01""]",True
taihu_thqbca_history,storage\raw\taihu_thqbca_parsed\thqbca_observations.csv,8741,TAIHU_CLIMATE,,1964-02-10T16:00:00+00:00,,,precipitation,precipitation,,,mm,mm,observed,,False,,,"[""Q01""]",True
taihu_thqbca_history,storage\raw\taihu_thqbca_parsed\thqbca_observations.csv,8743,TAIHU_CLIMATE,,1964-02-12T16:00:00+00:00,,,precipitation,precipitation,,,mm,mm,observed,,False,,,"[""Q01""]",True
taihu_thqbca_history,storage\raw\taihu_thqbca_parsed\thqbca_observations.csv,8747,TAIHU_CLIMATE,,1964-02-16T16:00:00+00:00,,,precipitation,precipitation,,,mm,mm,observed,,False,,,"[""Q01""]",True
taihu_thqbca_history,storage\raw\taihu_thqbca_parsed\thqbca_observations.csv,8748,TAIHU_CLIMATE,,1964-02-17T16:00:00+00:00,,,precipitation,precipitation,,,mm,mm,observed,,False,,,"[""Q01""]",True
taihu_thqbca_history,storage\raw\taihu_thqbca_parsed\thqbca_observations.csv,8749,TAIHU_CLIMATE,,1964-02-18T16:00:00+00:00,,,precipitation,precipitation,,,mm,mm,observed,,False,,,"[""Q01""]",True
taihu_thqbca_history,storage\raw\taihu_thqbca_parsed\thqbca_observations.csv,8750,TAIHU_CLIMATE,,1964-02-19T16:00:00+00:00,,,precipitation,precipitation,,,mm,mm,observed,,False,,,"[""Q01""]",True
taihu_thqbca_history,storage\raw\taihu_thqbca_parsed\thqbca_observations.csv,8752,TAIHU_CLIMATE,,1964-02-21T16:00:00+00:00,,,precipitation,precipitation,,,mm,mm,observed,,False,,,"[""Q01""]",True
taihu_thqbca_history,storage\raw\taihu_thqbca_parsed\thqbca_observations.csv,8753,TAIHU_CLIMATE,,1964-02-22T16:00:00+00:00,,,precipitation,precipitation,,,mm,mm,observed,,False,,,"[""Q01""]",True
taihu_thqbca_history,storage\raw\taihu_thqbca_parsed\thqbca_observations.csv,8754,TAIHU_CLIMATE,,1964-02-23T16:00:00+00:00,,,precipitation,precipitation,,,mm,mm,observed,,False,,,"[""Q01""]",True
taihu_thqbca_history,storage\raw\taihu_thqbca_parsed\thqbca_observations.csv,8758,TAIHU_CLIMATE,,1964-02-27T16:00:00+00:00,,,precipitation,precipitation,,,mm,mm,observed,,False,,,"[""Q01""]",True
taihu_thqbca_history,storage\raw\taihu_thqbca_parsed\thqbca_observations.csv,8760,TAIHU_CLIMATE,,1964-02-29T16:00:00+00:00,,,precipitation,precipitation,,,mm,mm,observed,,False,,,"[""Q01""]",True
taihu_thqbca_history,storage\raw\taihu_thqbca_parsed\thqbca_observations.csv,8780,TAIHU_CLIMATE,,1964-03-20T16:00:00+00:00,,,precipitation,precipitation,,,mm,mm,observed,,False,,,"[""Q01""]",True
taihu_thqbca_history,storage\raw\taihu_thqbca_parsed\thqbca_observations.csv,8781,TAIHU_CLIMATE,,1964-03-21T16:00:00+00:00,,,precipitation,precipitation,,,mm,mm,observed,,False,,,"[""Q01""]",True
taihu_thqbca_history,storage\raw\taihu_thqbca_parsed\thqbca_observations.csv,8784,TAIHU_CLIMATE,,1964-03-24T16:00:00+00:00,,,precipitation,precipitation,,,mm,mm,observed,,False,,,"[""Q01""]",True
taihu_thqbca_history,storage\raw\taihu_thqbca_parsed\thqbca_observations.csv,8787,TAIHU_CLIMATE,,1964-03-27T16:00:00+00:00,,,precipitation,precipitation,,,mm,mm,observed,,False,,,"[""Q01""]",True
taihu_thqbca_history,storage\raw\taihu_thqbca_parsed\thqbca_observations.csv,8791,TAIHU_CLIMATE,,1964-03-31T16:00:00+00:00,,,precipitation,precipitation,,,mm,mm,observed,,False,,,"[""Q01""]",True
taihu_thqbca_history,storage\raw\taihu_thqbca_parsed\thqbca_observations.csv,8792,TAIHU_CLIMATE,,1964-04-01T16:00:00+00:00,,,precipitation,precipitation,,,mm,mm,observed,,False,,,"[""Q01""]",True
taihu_thqbca_history,storage\raw\taihu_thqbca_parsed\thqbca_observations.csv,8813,TAIHU_CLIMATE,,1964-04-22T16:00:00+00:00,,,precipitation,precipitation,,,mm,mm,observed,,False,,,"[""Q01""]",True
taihu_thqbca_history,storage\raw\taihu_thqbca_parsed\thqbca_observations.csv,8816,TAIHU_CLIMATE,,1964-04-25T16:00:00+00:00,,,precipitation,precipitation,,,mm,mm,observed,,False,,,"[""Q01""]",True
taihu_thqbca_history,storage\raw\taihu_thqbca_parsed\thqbca_observations.csv,8819,TAIHU_CLIMATE,,1964-04-28T16:00:00+00:00,,,precipitation,precipitation,,,mm,mm,observed,,False,,,"[""Q01""]",True
taihu_thqbca_history,storage\raw\taihu_thqbca_parsed\thqbca_observations.csv,8821,TAIHU_CLIMATE,,1964-04-30T16:00:00+00:00,,,precipitation,precipitation,,,mm,mm,observed,,False,,,"[""Q01""]",True
taihu_thqbca_history,storage\raw\taihu_thqbca_parsed\thqbca_observations.csv,8825,TAIHU_CLIMATE,,1964-05-04T16:00:00+00:00,,,precipitation,precipitation,,,mm,mm,observed,,False,,,"[""Q01""]",True
taihu_thqbca_history,storage\raw\taihu_thqbca_parsed\thqbca_observations.csv,8841,TAIHU_CLIMATE,,1964-05-20T16:00:00+00:00,,,precipitation,precipitation,,,mm,mm,observed,,False,,,"[""Q01""]",True
taihu_thqbca_history,storage\raw\taihu_thqbca_parsed\thqbca_observations.csv,8842,TAIHU_CLIMATE,,1964-05-21T16:00:00+00:00,,,precipitation,precipitation,,,mm,mm,observed,,False,,,"[""Q01""]",True
taihu_thqbca_history,storage\raw\taihu_thqbca_parsed\thqbca_observations.csv,8843,TAIHU_CLIMATE,,1964-05-22T16:00:00+00:00,,,precipitation,precipitation,,,mm,mm,observed,,False,,,"[""Q01""]",True
taihu_thqbca_history,storage\raw\taihu_thqbca_parsed\thqbca_observations.csv,8848,TAIHU_CLIMATE,,1964-05-27T16:00:00+00:00,,,precipitation,precipitation,,,mm,mm,observed,,False,,,"[""Q01""]",True
taihu_thqbca_history,storage\raw\taihu_thqbca_parsed\thqbca_observations.csv,8867,TAIHU_CLIMATE,,1964-06-15T16:00:00+00:00,,,precipitation,precipitation,,,mm,mm,observed,,False,,,"[""Q01""]",True
taihu_thqbca_history,storage\raw\taihu_thqbca_parsed\thqbca_observations.csv,8880,TAIHU_CLIMATE,,1964-06-28T16:00:00+00:00,,,precipitation,precipitation,,,mm,mm,observed,,False,,,"[""Q01""]",True
taihu_thqbca_history,storage\raw\taihu_thqbca_parsed\thqbca_observations.csv,8898,TAIHU_CLIMATE,,1964-07-16T16:00:00+00:00,,,precipitation,precipitation,,,mm,mm,observed,,False,,,"[""Q01""]",True
taihu_thqbca_history,storage\raw\taihu_thqbca_parsed\thqbca_observations.csv,8908,TAIHU_CLIMATE,,1964-07-26T16:00:00+00:00,,,precipitation,precipitation,,,mm,mm,observed,,False,,,"[""Q01""]",True
taihu_thqbca_history,storage\raw\taihu_thqbca_parsed\thqbca_observations.csv,8922,TAIHU_CLIMATE,,1964-08-09T16:00:00+00:00,,,precipitation,precipitation,,,mm,mm,observed,,False,,,"[""Q01""]",True
taihu_thqbca_history,storage\raw\taihu_thqbca_parsed\thqbca_observations.csv,8923,TAIHU_CLIMATE,,1964-08-10T16:00:00+00:00,,,precipitation,precipitation,,,mm,mm,observed,,False,,,"[""Q01""]",True
taihu_thqbca_history,storage\raw\taihu_thqbca_parsed\thqbca_observations.csv,8933,TAIHU_CLIMATE,,1964-08-20T16:00:00+00:00,,,precipitation,precipitation,,,mm,mm,observed,,False,,,"[""Q01""]",True
taihu_thqbca_history,storage\raw\taihu_thqbca_parsed\thqbca_observations.csv,8934,TAIHU_CLIMATE,,1964-08-21T16:00:00+00:00,,,precipitation,precipitation,,,mm,mm,observed,,False,,,"[""Q01""]",True
taihu_thqbca_history,storage\raw\taihu_thqbca_parsed\thqbca_observations.csv,8943,TAIHU_CLIMATE,,1964-08-30T16:00:00+00:00,,,precipitation,precipitation,,,mm,mm,observed,,False,,,"[""Q01""]",True
taihu_thqbca_history,storage\raw\taihu_thqbca_parsed\thqbca_observations.csv,8964,TAIHU_CLIMATE,,1964-09-20T16:00:00+00:00,,,precipitation,precipitation,,,mm,mm,observed,,False,,,"[""Q01""]",True
taihu_thqbca_history,storage\raw\taihu_thqbca_parsed\thqbca_observations.csv,8969,TAIHU_CLIMATE,,1964-09-25T16:00:00+00:00,,,precipitation,precipitation,,,mm,mm,observed,,False,,,"[""Q01""]",True
taihu_thqbca_history,storage\raw\taihu_thqbca_parsed\thqbca_observations.csv,8978,TAIHU_CLIMATE,,1964-10-04T16:00:00+00:00,,,precipitation,precipitation,,,mm,mm,observed,,False,,,"[""Q01""]",True
taihu_thqbca_history,storage\raw\taihu_thqbca_parsed\thqbca_observations.csv,8982,TAIHU_CLIMATE,,1964-10-08T16:00:00+00:00,,,precipitation,precipitation,,,mm,mm,observed,,False,,,"[""Q01""]",True
taihu_thqbca_history,storage\raw\taihu_thqbca_parsed\thqbca_observations.csv,9003,TAIHU_CLIMATE,,1964-10-29T16:00:00+00:00,,,precipitation,precipitation,,,mm,mm,observed,,False,,,"[""Q01""]",True
taihu_thqbca_history,storage\raw\taihu_thqbca_parsed\thqbca_observations.csv,9008,TAIHU_CLIMATE,,1964-11-03T16:00:00+00:00,,,precipitation,precipitation,,,mm,mm,observed,,False,,,"[""Q01""]",True
taihu_thqbca_history,storage\raw\taihu_thqbca_parsed\thqbca_observations.csv,9014,TAIHU_CLIMATE,,1964-11-09T16:00:00+00:00,,,precipitation,precipitation,,,mm,mm,observed,,False,,,"[""Q01""]",True
taihu_thqbca_history,storage\raw\taihu_thqbca_parsed\thqbca_observations.csv,9020,TAIHU_CLIMATE,,1964-11-15T16:00:00+00:00,,,precipitation,precipitation,,,mm,mm,observed,,False,,,"[""Q01""]",True
taihu_thqbca_history,storage\raw\taihu_thqbca_parsed\thqbca_observations.csv,9029,TAIHU_CLIMATE,,1964-11-24T16:00:00+00:00,,,precipitation,precipitation,,,mm,mm,observed,,False,,,"[""Q01""]",True
taihu_thqbca_history,storage\raw\taihu_thqbca_parsed\thqbca_observations.csv,9030,TAIHU_CLIMATE,,1964-11-25T16:00:00+00:00,,,precipitation,precipitation,,,mm,mm,observed,,False,,,"[""Q01""]",True
taihu_thqbca_history,storage\raw\taihu_thqbca_parsed\thqbca_observations.csv,9031,TAIHU_CLIMATE,,1964-11-26T16:00:00+00:00,,,precipitation,precipitation,,,mm,mm,observed,,False,,,"[""Q01""]",True
taihu_thqbca_history,storage\raw\taihu_thqbca_parsed\thqbca_observations.csv,9032,TAIHU_CLIMATE,,1964-11-27T16:00:00+00:00,,,precipitation,precipitation,,,mm,mm,observed,,False,,,"[""Q01""]",True
taihu_thqbca_history,storage\raw\taihu_thqbca_parsed\thqbca_observations.csv,9034,TAIHU_CLIMATE,,1964-11-29T16:00:00+00:00,,,precipitation,precipitation,,,mm,mm,observed,,False,,,"[""Q01""]",True
taihu_thqbca_history,storage\raw\taihu_thqbca_parsed\thqbca_observations.csv,9036,TAIHU_CLIMATE,,1964-12-01T16:00:00+00:00,,,precipitation,precipitation,,,mm,mm,observed,,False,,,"[""Q01""]",True
taihu_thqbca_history,storage\raw\taihu_thqbca_parsed\thqbca_observations.csv,9039,TAIHU_CLIMATE,,1964-12-04T16:00:00+00:00,,,precipitation,precipitation,,,mm,mm,observed,,False,,,"[""Q01""]",True
taihu_thqbca_history,storage\raw\taihu_thqbca_parsed\thqbca_observations.csv,9046,TAIHU_CLIMATE,,1964-12-11T16:00:00+00:00,,,precipitation,precipitation,,,mm,mm,observed,,False,,,"[""Q01""]",True
taihu_thqbca_history,storage\raw\taihu_thqbca_parsed\thqbca_observations.csv,9047,TAIHU_CLIMATE,,1964-12-12T16:00:00+00:00,,,precipitation,precipitation,,,mm,mm,observed,,False,,,"[""Q01""]",True
taihu_thqbca_history,storage\raw\taihu_thqbca_parsed\thqbca_observations.csv,9048,TAIHU_CLIMATE,,1964-12-13T16:00:00+00:00,,,precipitation,precipitation,,,mm,mm,observed,,False,,,"[""Q01""]",True
taihu_thqbca_history,storage\raw\taihu_thqbca_parsed\thqbca_observations.csv,9050,TAIHU_CLIMATE,,1964-12-15T16:00:00+00:00,,,precipitation,precipitation,,,mm,mm,observed,,False,,,"[""Q01""]",True
taihu_thqbca_history,storage\raw\taihu_thqbca_parsed\thqbca_observations.csv,9056,TAIHU_CLIMATE,,1964-12-21T16:00:00+00:00,,,precipitation,precipitation,,,mm,mm,observed,,False,,,"[""Q01""]",True
taihu_thqbca_history,storage\raw\taihu_thqbca_parsed\thqbca_observations.csv,9058,TAIHU_CLIMATE,,1964-12-23T16:00:00+00:00,,,precipitation,precipitation,,,mm,mm,observed,,False,,,"[""Q01""]",True
taihu_thqbca_history,storage\raw\taihu_thqbca_parsed\thqbca_observations.csv,9059,TAIHU_CLIMATE,,1964-12-24T16:00:00+00:00,,,precipitation,precipitation,,,mm,mm,observed,,False,,,"[""Q01""]",True
taihu_thqbca_history,storage\raw\taihu_thqbca_parsed\thqbca_observations.csv,9062,TAIHU_CLIMATE,,1964-12-27T16:00:00+00:00,,,precipitation,precipitation,,,mm,mm,observed,,False,,,"[""Q01""]",True
taihu_thqbca_history,storage\raw\taihu_thqbca_parsed\thqbca_observations.csv,9063,TAIHU_CLIMATE,,1964-12-28T16:00:00+00:00,,,precipitation,precipitation,,,mm,mm,observed,,False,,,"[""Q01""]",True
taihu_thqbca_history,storage\raw\taihu_thqbca_parsed\thqbca_observations.csv,9068,TAIHU_CLIMATE,,1965-01-02T16:00:00+00:00,,,precipitation,precipitation,,,mm,mm,observed,,False,,,"[""Q01""]",True
taihu_thqbca_history,storage\raw\taihu_thqbca_parsed\thqbca_observations.csv,9070,TAIHU_CLIMATE,,1965-01-04T16:00:00+00:00,,,precipitation,precipitation,,,mm,mm,observed,,False,,,"[""Q01""]",True
taihu_thqbca_history,storage\raw\taihu_thqbca_parsed\thqbca_observations.csv,9071,TAIHU_CLIMATE,,1965-01-05T16:00:00+00:00,,,precipitation,precipitation,,,mm,mm,observed,,False,,,"[""Q01""]",True
taihu_thqbca_history,storage\raw\taihu_thqbca_parsed\thqbca_observations.csv,9082,TAIHU_CLIMATE,,1965-01-16T16:00:00+00:00,,,precipitation,precipitation,,,mm,mm,observed,,False,,,"[""Q01""]",True
taihu_thqbca_history,storage\raw\taihu_thqbca_parsed\thqbca_observations.csv,9084,TAIHU_CLIMATE,,1965-01-18T16:00:00+00:00,,,precipitation,precipitation,,,mm,mm,observed,,False,,,"[""Q01""]",True
taihu_thqbca_history,storage\raw\taihu_thqbca_parsed\thqbca_observations.csv,9085,TAIHU_CLIMATE,,1965-01-19T16:00:00+00:00,,,precipitation,precipitation,,,mm,mm,observed,,False,,,"[""Q01""]",True
taihu_thqbca_history,storage\raw\taihu_thqbca_parsed\thqbca_observations.csv,9087,TAIHU_CLIMATE,,1965-01-21T16:00:00+00:00,,,precipitation,precipitation,,,mm,mm,observed,,False,,,"[""Q01""]",True
taihu_thqbca_history,storage\raw\taihu_thqbca_parsed\thqbca_observations.csv,9089,TAIHU_CLIMATE,,1965-01-23T16:00:00+00:00,,,precipitation,precipitation,,,mm,mm,observed,,False,,,"[""Q01""]",True
taihu_thqbca_history,storage\raw\taihu_thqbca_parsed\thqbca_observations.csv,9095,TAIHU_CLIMATE,,1965-01-29T16:00:00+00:00,,,precipitation,precipitation,,,mm,mm,observed,,False,,,"[""Q01""]",True
taihu_thqbca_history,storage\raw\taihu_thqbca_parsed\thqbca_observations.csv,9097,TAIHU_CLIMATE,,1965-01-31T16:00:00+00:00,,,precipitation,precipitation,,,mm,mm,observed,,False,,,"[""Q01""]",True
taihu_thqbca_history,storage\raw\taihu_thqbca_parsed\thqbca_observations.csv,9109,TAIHU_CLIMATE,,1965-02-12T16:00:00+00:00,,,precipitation,precipitation,,,mm,mm,observed,,False,,,"[""Q01""]",True
taihu_thqbca_history,storage\raw\taihu_thqbca_parsed\thqbca_observations.csv,9117,TAIHU_CLIMATE,,1965-02-20T16:00:00+00:00,,,precipitation,precipitation,,,mm,mm,observed,,False,,,"[""Q01""]",True
taihu_thqbca_history,storage\raw\taihu_thqbca_parsed\thqbca_observations.csv,9118,TAIHU_CLIMATE,,1965-02-21T16:00:00+00:00,,,precipitation,precipitation,,,mm,mm,observed,,False,,,"[""Q01""]",True
taihu_thqbca_history,storage\raw\taihu_thqbca_parsed\thqbca_observations.csv,9120,TAIHU_CLIMATE,,1965-02-23T16:00:00+00:00,,,precipitation,precipitation,,,mm,mm,observed,,False,,,"[""Q01""]",True
taihu_thqbca_history,storage\raw\taihu_thqbca_parsed\thqbca_observations.csv,9128,TAIHU_CLIMATE,,1965-03-03T16:00:00+00:00,,,precipitation,precipitation,,,mm,mm,observed,,False,,,"[""Q01""]",True
taihu_thqbca_history,storage\raw\taihu_thqbca_parsed\thqbca_observations.csv,9129,TAIHU_CLIMATE,,1965-03-04T16:00:00+00:00,,,precipitation,precipitation,,,mm,mm,observed,,False,,,"[""Q01""]",True
taihu_thqbca_history,storage\raw\taihu_thqbca_parsed\thqbca_observations.csv,9138,TAIHU_CLIMATE,,1965-03-13T16:00:00+00:00,,,precipitation,precipitation,,,mm,mm,observed,,False,,,"[""Q01""]",True
taihu_thqbca_history,storage\raw\taihu_thqbca_parsed\thqbca_observations.csv,9144,TAIHU_CLIMATE,,1965-03-19T16:00:00+00:00,,,precipitation,precipitation,,,mm,mm,observed,,False,,,"[""Q01""]",True
taihu_thqbca_history,storage\raw\taihu_thqbca_parsed\thqbca_observations.csv,9148,TAIHU_CLIMATE,,1965-03-23T16:00:00+00:00,,,precipitation,precipitation,,,mm,mm,observed,,False,,,"[""Q01""]",True
taihu_thqbca_history,storage\raw\taihu_thqbca_parsed\thqbca_observations.csv,9155,TAIHU_CLIMATE,,1965-03-30T16:00:00+00:00,,,precipitation,precipitation,,,mm,mm,observed,,False,,,"[""Q01""]",True
taihu_thqbca_history,storage\raw\taihu_thqbca_parsed\thqbca_observations.csv,9160,TAIHU_CLIMATE,,1965-04-04T16:00:00+00:00,,,precipitation,precipitation,,,mm,mm,observed,,False,,,"[""Q01""]",True
taihu_thqbca_history,storage\raw\taihu_thqbca_parsed\thqbca_observations.csv,9164,TAIHU_CLIMATE,,1965-04-08T16:00:00+00:00,,,precipitation,precipitation,,,mm,mm,observed,,False,,,"[""Q01""]",True
taihu_thqbca_history,storage\raw\taihu_thqbca_parsed\thqbca_observations.csv,9175,TAIHU_CLIMATE,,1965-04-19T16:00:00+00:00,,,precipitation,precipitation,,,mm,mm,observed,,False,,,"[""Q01""]",True
taihu_thqbca_history,storage\raw\taihu_thqbca_parsed\thqbca_observations.csv,9176,TAIHU_CLIMATE,,1965-04-20T16:00:00+00:00,,,precipitation,precipitation,,,mm,mm,observed,,False,,,"[""Q01""]",True
taihu_thqbca_history,storage\raw\taihu_thqbca_parsed\thqbca_observations.csv,9179,TAIHU_CLIMATE,,1965-04-23T16:00:00+00:00,,,precipitation,precipitation,,,mm,mm,observed,,False,,,"[""Q01""]",True
taihu_thqbca_history,storage\raw\taihu_thqbca_parsed\thqbca_observations.csv,9192,TAIHU_CLIMATE,,1965-05-06T16:00:00+00:00,,,precipitation,precipitation,,,mm,mm,observed,,False,,,"[""Q01""]",True
taihu_thqbca_history,storage\raw\taihu_thqbca_parsed\thqbca_observations.csv,9195,TAIHU_CLIMATE,,1965-05-09T16:00:00+00:00,,,precipitation,precipitation,,,mm,mm,observed,,False,,,"[""Q01""]",True
taihu_thqbca_history,storage\raw\taihu_thqbca_parsed\thqbca_observations.csv,9200,TAIHU_CLIMATE,,1965-05-14T16:00:00+00:00,,,precipitation,precipitation,,,mm,mm,observed,,False,,,"[""Q01""]",True
taihu_thqbca_history,storage\raw\taihu_thqbca_parsed\thqbca_observations.csv,9201,TAIHU_CLIMATE,,1965-05-15T16:00:00+00:00,,,precipitation,precipitation,,,mm,mm,observed,,False,,,"[""Q01""]",True
taihu_thqbca_history,storage\raw\taihu_thqbca_parsed\thqbca_observations.csv,9212,TAIHU_CLIMATE,,1965-05-26T16:00:00+00:00,,,precipitation,precipitation,,,mm,mm,observed,,False,,,"[""Q01""]",True
taihu_thqbca_history,storage\raw\taihu_thqbca_parsed\thqbca_observations.csv,9213,TAIHU_CLIMATE,,1965-05-27T16:00:00+00:00,,,precipitation,precipitation,,,mm,mm,observed,,False,,,"[""Q01""]",True
taihu_thqbca_history,storage\raw\taihu_thqbca_parsed\thqbca_observations.csv,9218,TAIHU_CLIMATE,,1965-06-01T16:00:00+00:00,,,precipitation,precipitation,,,mm,mm,observed,,False,,,"[""Q01""]",True
taihu_thqbca_history,storage\raw\taihu_thqbca_parsed\thqbca_observations.csv,9225,TAIHU_CLIMATE,,1965-06-08T16:00:00+00:00,,,precipitation,precipitation,,,mm,mm,observed,,False,,,"[""Q01""]",True
taihu_thqbca_history,storage\raw\taihu_thqbca_parsed\thqbca_observations.csv,9232,TAIHU_CLIMATE,,1965-06-15T16:00:00+00:00,,,precipitation,precipitation,,,mm,mm,observed,,False,,,"[""Q01""]",True
taihu_thqbca_history,storage\raw\taihu_thqbca_parsed\thqbca_observations.csv,9251,TAIHU_CLIMATE,,1965-07-04T16:00:00+00:00,,,precipitation,precipitation,,,mm,mm,observed,,False,,,"[""Q01""]",True
taihu_thqbca_history,storage\raw\taihu_thqbca_parsed\thqbca_observations.csv,9257,TAIHU_CLIMATE,,1965-07-10T16:00:00+00:00,,,precipitation,precipitation,,,mm,mm,observed,,False,,,"[""Q01""]",True
taihu_thqbca_history,storage\raw\taihu_thqbca_parsed\thqbca_observations.csv,9264,TAIHU_CLIMATE,,1965-07-17T16:00:00+00:00,,,precipitation,precipitation,,,mm,mm,observed,,False,,,"[""Q01""]",True
taihu_thqbca_history,storage\raw\taihu_thqbca_parsed\thqbca_observations.csv,9273,TAIHU_CLIMATE,,1965-07-26T16:00:00+00:00,,,precipitation,precipitation,,,mm,mm,observed,,False,,,"[""Q01""]",True
taihu_thqbca_history,storage\raw\taihu_thqbca_parsed\thqbca_observations.csv,9275,TAIHU_CLIMATE,,1965-07-28T16:00:00+00:00,,,precipitation,precipitation,,,mm,mm,observed,,False,,,"[""Q01""]",True
taihu_thqbca_history,storage\raw\taihu_thqbca_parsed\thqbca_observations.csv,9279,TAIHU_CLIMATE,,1965-08-01T16:00:00+00:00,,,precipitation,precipitation,,,mm,mm,observed,,False,,,"[""Q01""]",True
taihu_thqbca_history,storage\raw\taihu_thqbca_parsed\thqbca_observations.csv,9281,TAIHU_CLIMATE,,1965-08-03T16:00:00+00:00,,,precipitation,precipitation,,,mm,mm,observed,,False,,,"[""Q01""]",True
taihu_thqbca_history,storage\raw\taihu_thqbca_parsed\thqbca_observations.csv,9289,TAIHU_CLIMATE,,1965-08-11T16:00:00+00:00,,,precipitation,precipitation,,,mm,mm,observed,,False,,,"[""Q01""]",True
taihu_thqbca_history,storage\raw\taihu_thqbca_parsed\thqbca_observations.csv,9290,TAIHU_CLIMATE,,1965-08-12T16:00:00+00:00,,,precipitation,precipitation,,,mm,mm,observed,,False,,,"[""Q01""]",True
taihu_thqbca_history,storage\raw\taihu_thqbca_parsed\thqbca_observations.csv,9308,TAIHU_CLIMATE,,1965-08-30T16:00:00+00:00,,,precipitation,precipitation,,,mm,mm,observed,,False,,,"[""Q01""]",True
taihu_thqbca_history,storage\raw\taihu_thqbca_parsed\thqbca_observations.csv,9311,TAIHU_CLIMATE,,1965-09-02T16:00:00+00:00,,,precipitation,precipitation,,,mm,mm,observed,,False,,,"[""Q01""]",True
taihu_thqbca_history,storage\raw\taihu_thqbca_parsed\thqbca_observations.csv,9312,TAIHU_CLIMATE,,1965-09-03T16:00:00+00:00,,,precipitation,precipitation,,,mm,mm,observed,,False,,,"[""Q01""]",True
taihu_thqbca_history,storage\raw\taihu_thqbca_parsed\thqbca_observations.csv,9317,TAIHU_CLIMATE,,1965-09-08T16:00:00+00:00,,,precipitation,precipitation,,,mm,mm,observed,,False,,,"[""Q01""]",True
taihu_thqbca_history,storage\raw\taihu_thqbca_parsed\thqbca_observations.csv,9320,TAIHU_CLIMATE,,1965-09-11T16:00:00+00:00,,,precipitation,precipitation,,,mm,mm,observed,,False,,,"[""Q01""]",True
taihu_thqbca_history,storage\raw\taihu_thqbca_parsed\thqbca_observations.csv,9322,TAIHU_CLIMATE,,1965-09-13T16:00:00+00:00,,,precipitation,precipitation,,,mm,mm,observed,,False,,,"[""Q01""]",True
taihu_thqbca_history,storage\raw\taihu_thqbca_parsed\thqbca_observations.csv,9323,TAIHU_CLIMATE,,1965-09-14T16:00:00+00:00,,,precipitation,precipitation,,,mm,mm,observed,,False,,,"[""Q01""]",True
taihu_thqbca_history,storage\raw\taihu_thqbca_parsed\thqbca_observations.csv,9325,TAIHU_CLIMATE,,1965-09-16T16:00:00+00:00,,,precipitation,precipitation,,,mm,mm,observed,,False,,,"[""Q01""]",True
taihu_thqbca_history,storage\raw\taihu_thqbca_parsed\thqbca_observations.csv,9327,TAIHU_CLIMATE,,1965-09-18T16:00:00+00:00,,,precipitation,precipitation,,,mm,mm,observed,,False,,,"[""Q01""]",True
taihu_thqbca_history,storage\raw\taihu_thqbca_parsed\thqbca_observations.csv,9331,TAIHU_CLIMATE,,1965-09-22T16:00:00+00:00,,,precipitation,precipitation,,,mm,mm,observed,,False,,,"[""Q01""]",True
taihu_thqbca_history,storage\raw\taihu_thqbca_parsed\thqbca_observations.csv,9332,TAIHU_CLIMATE,,1965-09-23T16:00:00+00:00,,,precipitation,precipitation,,,mm,mm,observed,,False,,,"[""Q01""]",True
taihu_thqbca_history,storage\raw\taihu_thqbca_parsed\thqbca_observations.csv,9333,TAIHU_CLIMATE,,1965-09-24T16:00:00+00:00,,,precipitation,precipitation,,,mm,mm,observed,,False,,,"[""Q01""]",True
taihu_thqbca_history,storage\raw\taihu_thqbca_parsed\thqbca_observations.csv,9335,TAIHU_CLIMATE,,1965-09-26T16:00:00+00:00,,,precipitation,precipitation,,,mm,mm,observed,,False,,,"[""Q01""]",True
taihu_thqbca_history,storage\raw\taihu_thqbca_parsed\thqbca_observations.csv,9344,TAIHU_CLIMATE,,1965-10-05T16:00:00+00:00,,,precipitation,precipitation,,,mm,mm,observed,,False,,,"[""Q01""]",True
taihu_thqbca_history,storage\raw\taihu_thqbca_parsed\thqbca_observations.csv,9360,TAIHU_CLIMATE,,1965-10-21T16:00:00+00:00,,,precipitation,precipitation,,,mm,mm,observed,,False,,,"[""Q01""]",True
taihu_thqbca_history,storage\raw\taihu_thqbca_parsed\thqbca_observations.csv,9362,TAIHU_CLIMATE,,1965-10-23T16:00:00+00:00,,,precipitation,precipitation,,,mm,mm,observed,,False,,,"[""Q01""]",True
taihu_thqbca_history,storage\raw\taihu_thqbca_parsed\thqbca_observations.csv,9365,TAIHU_CLIMATE,,1965-10-26T16:00:00+00:00,,,precipitation,precipitation,,,mm,mm,observed,,False,,,"[""Q01""]",True
taihu_thqbca_history,storage\raw\taihu_thqbca_parsed\thqbca_observations.csv,9374,TAIHU_CLIMATE,,1965-11-04T16:00:00+00:00,,,precipitation,precipitation,,,mm,mm,observed,,False,,,"[""Q01""]",True
taihu_thqbca_history,storage\raw\taihu_thqbca_parsed\thqbca_observations.csv,9391,TAIHU_CLIMATE,,1965-11-21T16:00:00+00:00,,,precipitation,precipitation,,,mm,mm,observed,,False,,,"[""Q01""]",True
taihu_thqbca_history,storage\raw\taihu_thqbca_parsed\thqbca_observations.csv,9398,TAIHU_CLIMATE,,1965-11-28T16:00:00+00:00,,,precipitation,precipitation,,,mm,mm,observed,,False,,,"[""Q01""]",True
taihu_thqbca_history,storage\raw\taihu_thqbca_parsed\thqbca_observations.csv,9402,TAIHU_CLIMATE,,1965-12-02T16:00:00+00:00,,,precipitation,precipitation,,,mm,mm,observed,,False,,,"[""Q01""]",True
taihu_thqbca_history,storage\raw\taihu_thqbca_parsed\thqbca_observations.csv,9406,TAIHU_CLIMATE,,1965-12-06T16:00:00+00:00,,,precipitation,precipitation,,,mm,mm,observed,,False,,,"[""Q01""]",True
taihu_thqbca_history,storage\raw\taihu_thqbca_parsed\thqbca_observations.csv,9415,TAIHU_CLIMATE,,1965-12-15T16:00:00+00:00,,,precipitation,precipitation,,,mm,mm,observed,,False,,,"[""Q01""]",True
taihu_thqbca_history,storage\raw\taihu_thqbca_parsed\thqbca_observations.csv,9419,TAIHU_CLIMATE,,1965-12-19T16:00:00+00:00,,,precipitation,precipitation,,,mm,mm,observed,,False,,,"[""Q01""]",True
taihu_thqbca_history,storage\raw\taihu_thqbca_parsed\thqbca_observations.csv,9425,TAIHU_CLIMATE,,1965-12-25T16:00:00+00:00,,,precipitation,precipitation,,,mm,mm,observed,,False,,,"[""Q01""]",True
taihu_thqbca_history,storage\raw\taihu_thqbca_parsed\thqbca_observations.csv,9426,TAIHU_CLIMATE,,1965-12-26T16:00:00+00:00,,,precipitation,precipitation,,,mm,mm,observed,,False,,,"[""Q01""]",True
taihu_thqbca_history,storage\raw\taihu_thqbca_parsed\thqbca_observations.csv,9427,TAIHU_CLIMATE,,1965-12-27T16:00:00+00:00,,,precipitation,precipitation,,,mm,mm,observed,,False,,,"[""Q01""]",True
taihu_thqbca_history,storage\raw\taihu_thqbca_parsed\thqbca_observations.csv,9428,TAIHU_CLIMATE,,1965-12-28T16:00:00+00:00,,,precipitation,precipitation,,,mm,mm,observed,,False,,,"[""Q01""]",True
taihu_thqbca_history,storage\raw\taihu_thqbca_parsed\thqbca_observations.csv,9437,TAIHU_CLIMATE,,1966-01-06T16:00:00+00:00,,,precipitation,precipitation,,,mm,mm,observed,,False,,,"[""Q01""]",True
taihu_thqbca_history,storage\raw\taihu_thqbca_parsed\thqbca_observations.csv,9439,TAIHU_CLIMATE,,1966-01-08T16:00:00+00:00,,,precipitation,precipitation,,,mm,mm,observed,,False,,,"[""Q01""]",True
taihu_thqbca_history,storage\raw\taihu_thqbca_parsed\thqbca_observations.csv,9445,TAIHU_CLIMATE,,1966-01-14T16:00:00+00:00,,,precipitation,precipitation,,,mm,mm,observed,,False,,,"[""Q01""]",True
taihu_thqbca_history,storage\raw\taihu_thqbca_parsed\thqbca_observations.csv,9454,TAIHU_CLIMATE,,1966-01-23T16:00:00+00:00,,,precipitation,precipitation,,,mm,mm,observed,,False,,,"[""Q01""]",True
taihu_thqbca_history,storage\raw\taihu_thqbca_parsed\thqbca_observations.csv,9455,TAIHU_CLIMATE,,1966-01-24T16:00:00+00:00,,,precipitation,precipitation,,,mm,mm,observed,,False,,,"[""Q01""]",True
taihu_thqbca_history,storage\raw\taihu_thqbca_parsed\thqbca_observations.csv,9456,TAIHU_CLIMATE,,1966-01-25T16:00:00+00:00,,,precipitation,precipitation,,,mm,mm,observed,,False,,,"[""Q01""]",True
taihu_thqbca_history,storage\raw\taihu_thqbca_parsed\thqbca_observations.csv,9457,TAIHU_CLIMATE,,1966-01-26T16:00:00+00:00,,,precipitation,precipitation,,,mm,mm,observed,,False,,,"[""Q01""]",True
taihu_thqbca_history,storage\raw\taihu_thqbca_parsed\thqbca_observations.csv,9459,TAIHU_CLIMATE,,1966-01-28T16:00:00+00:00,,,precipitation,precipitation,,,mm,mm,observed,,False,,,"[""Q01""]",True
taihu_thqbca_history,storage\raw\taihu_thqbca_parsed\thqbca_observations.csv,9460,TAIHU_CLIMATE,,1966-01-29T16:00:00+00:00,,,precipitation,precipitation,,,mm,mm,observed,,False,,,"[""Q01""]",True
taihu_thqbca_history,storage\raw\taihu_thqbca_parsed\thqbca_observations.csv,9464,TAIHU_CLIMATE,,1966-02-02T16:00:00+00:00,,,precipitation,precipitation,,,mm,mm,observed,,False,,,"[""Q01""]",True
taihu_thqbca_history,storage\raw\taihu_thqbca_parsed\thqbca_observations.csv,9468,TAIHU_CLIMATE,,1966-02-06T16:00:00+00:00,,,precipitation,precipitation,,,mm,mm,observed,,False,,,"[""Q01""]",True
taihu_thqbca_history,storage\raw\taihu_thqbca_parsed\thqbca_observations.csv,9469,TAIHU_CLIMATE,,1966-02-07T16:00:00+00:00,,,precipitation,precipitation,,,mm,mm,observed,,False,,,"[""Q01""]",True
taihu_thqbca_history,storage\raw\taihu_thqbca_parsed\thqbca_observations.csv,9472,TAIHU_CLIMATE,,1966-02-10T16:00:00+00:00,,,precipitation,precipitation,,,mm,mm,observed,,False,,,"[""Q01""]",True
taihu_thqbca_history,storage\raw\taihu_thqbca_parsed\thqbca_observations.csv,9473,TAIHU_CLIMATE,,1966-02-11T16:00:00+00:00,,,precipitation,precipitation,,,mm,mm,observed,,False,,,"[""Q01""]",True
taihu_thqbca_history,storage\raw\taihu_thqbca_parsed\thqbca_observations.csv,9475,TAIHU_CLIMATE,,1966-02-13T16:00:00+00:00,,,precipitation,precipitation,,,mm,mm,observed,,False,,,"[""Q01""]",True
taihu_thqbca_history,storage\raw\taihu_thqbca_parsed\thqbca_observations.csv,9483,TAIHU_CLIMATE,,1966-02-21T16:00:00+00:00,,,precipitation,precipitation,,,mm,mm,observed,,False,,,"[""Q01""]",True
taihu_thqbca_history,storage\raw\taihu_thqbca_parsed\thqbca_observations.csv,9486,TAIHU_CLIMATE,,1966-02-24T16:00:00+00:00,,,precipitation,precipitation,,,mm,mm,observed,,False,,,"[""Q01""]",True
taihu_thqbca_history,storage\raw\taihu_thqbca_parsed\thqbca_observations.csv,9487,TAIHU_CLIMATE,,1966-02-25T16:00:00+00:00,,,precipitation,precipitation,,,mm,mm,observed,,False,,,"[""Q01""]",True
taihu_thqbca_history,storage\raw\taihu_thqbca_parsed\thqbca_observations.csv,9488,TAIHU_CLIMATE,,1966-02-26T16:00:00+00:00,,,precipitation,precipitation,,,mm,mm,observed,,False,,,"[""Q01""]",True
taihu_thqbca_history,storage\raw\taihu_thqbca_parsed\thqbca_observations.csv,9490,TAIHU_CLIMATE,,1966-02-28T16:00:00+00:00,,,precipitation,precipitation,,,mm,mm,observed,,False,,,"[""Q01""]",True
taihu_thqbca_history,storage\raw\taihu_thqbca_parsed\thqbca_observations.csv,9496,TAIHU_CLIMATE,,1966-03-06T16:00:00+00:00,,,precipitation,precipitation,,,mm,mm,observed,,False,,,"[""Q01""]",True
taihu_thqbca_history,storage\raw\taihu_thqbca_parsed\thqbca_observations.csv,9500,TAIHU_CLIMATE,,1966-03-10T16:00:00+00:00,,,precipitation,precipitation,,,mm,mm,observed,,False,,,"[""Q01""]",True
taihu_thqbca_history,storage\raw\taihu_thqbca_parsed\thqbca_observations.csv,9506,TAIHU_CLIMATE,,1966-03-16T16:00:00+00:00,,,precipitation,precipitation,,,mm,mm,observed,,False,,,"[""Q01""]",True
taihu_thqbca_history,storage\raw\taihu_thqbca_parsed\thqbca_observations.csv,9514,TAIHU_CLIMATE,,1966-03-24T16:00:00+00:00,,,precipitation,precipitation,,,mm,mm,observed,,False,,,"[""Q01""]",True
taihu_thqbca_history,storage\raw\taihu_thqbca_parsed\thqbca_observations.csv,9521,TAIHU_CLIMATE,,1966-03-31T16:00:00+00:00,,,precipitation,precipitation,,,mm,mm,observed,,False,,,"[""Q01""]",True
taihu_thqbca_history,storage\raw\taihu_thqbca_parsed\thqbca_observations.csv,9532,TAIHU_CLIMATE,,1966-04-11T16:00:00+00:00,,,precipitation,precipitation,,,mm,mm,observed,,False,,,"[""Q01""]",True
taihu_thqbca_history,storage\raw\taihu_thqbca_parsed\thqbca_observations.csv,9538,TAIHU_CLIMATE,,1966-04-17T16:00:00+00:00,,,precipitation,precipitation,,,mm,mm,observed,,False,,,"[""Q01""]",True
taihu_thqbca_history,storage\raw\taihu_thqbca_parsed\thqbca_observations.csv,9540,TAIHU_CLIMATE,,1966-04-19T16:00:00+00:00,,,precipitation,precipitation,,,mm,mm,observed,,False,,,"[""Q01""]",True
taihu_thqbca_history,storage\raw\taihu_thqbca_parsed\thqbca_observations.csv,9543,TAIHU_CLIMATE,,1966-04-22T16:00:00+00:00,,,precipitation,precipitation,,,mm,mm,observed,,False,,,"[""Q01""]",True
taihu_thqbca_history,storage\raw\taihu_thqbca_parsed\thqbca_observations.csv,9544,TAIHU_CLIMATE,,1966-04-23T16:00:00+00:00,,,precipitation,precipitation,,,mm,mm,observed,,False,,,"[""Q01""]",True
taihu_thqbca_history,storage\raw\taihu_thqbca_parsed\thqbca_observations.csv,9547,TAIHU_CLIMATE,,1966-04-26T16:00:00+00:00,,,precipitation,precipitation,,,mm,mm,observed,,False,,,"[""Q01""]",True
taihu_thqbca_history,storage\raw\taihu_thqbca_parsed\thqbca_observations.csv,9548,TAIHU_CLIMATE,,1966-04-27T16:00:00+00:00,,,precipitation,precipitation,,,mm,mm,observed,,False,,,"[""Q01""]",True
taihu_thqbca_history,storage\raw\taihu_thqbca_parsed\thqbca_observations.csv,9549,TAIHU_CLIMATE,,1966-04-28T16:00:00+00:00,,,precipitation,precipitation,,,mm,mm,observed,,False,,,"[""Q01""]",True
taihu_thqbca_history,storage\raw\taihu_thqbca_parsed\thqbca_observations.csv,9557,TAIHU_CLIMATE,,1966-05-06T16:00:00+00:00,,,precipitation,precipitation,,,mm,mm,observed,,False,,,"[""Q01""]",True
taihu_thqbca_history,storage\raw\taihu_thqbca_parsed\thqbca_observations.csv,9564,TAIHU_CLIMATE,,1966-05-13T16:00:00+00:00,,,precipitation,precipitation,,,mm,mm,observed,,False,,,"[""Q01""]",True
taihu_thqbca_history,storage\raw\taihu_thqbca_parsed\thqbca_observations.csv,9596,TAIHU_CLIMATE,,1966-06-14T16:00:00+00:00,,,precipitation,precipitation,,,mm,mm,observed,,False,,,"[""Q01""]",True
taihu_thqbca_history,storage\raw\taihu_thqbca_parsed\thqbca_observations.csv,9598,TAIHU_CLIMATE,,1966-06-16T16:00:00+00:00,,,precipitation,precipitation,,,mm,mm,observed,,False,,,"[""Q01""]",True
taihu_thqbca_history,storage\raw\taihu_thqbca_parsed\thqbca_observations.csv,9599,TAIHU_CLIMATE,,1966-06-17T16:00:00+00:00,,,precipitation,precipitation,,,mm,mm,observed,,False,,,"[""Q01""]",True
taihu_thqbca_history,storage\raw\taihu_thqbca_parsed\thqbca_observations.csv,9601,TAIHU_CLIMATE,,1966-06-19T16:00:00+00:00,,,precipitation,precipitation,,,mm,mm,observed,,False,,,"[""Q01""]",True
taihu_thqbca_history,storage\raw\taihu_thqbca_parsed\thqbca_observations.csv,9604,TAIHU_CLIMATE,,1966-06-22T16:00:00+00:00,,,precipitation,precipitation,,,mm,mm,observed,,False,,,"[""Q01""]",True
taihu_thqbca_history,storage\raw\taihu_thqbca_parsed\thqbca_observations.csv,9616,TAIHU_CLIMATE,,1966-07-04T16:00:00+00:00,,,precipitation,precipitation,,,mm,mm,observed,,False,,,"[""Q01""]",True
taihu_thqbca_history,storage\raw\taihu_thqbca_parsed\thqbca_observations.csv,9620,TAIHU_CLIMATE,,1966-07-08T16:00:00+00:00,,,precipitation,precipitation,,,mm,mm,observed,,False,,,"[""Q01""]",True
taihu_thqbca_history,storage\raw\taihu_thqbca_parsed\thqbca_observations.csv,9624,TAIHU_CLIMATE,,1966-07-12T16:00:00+00:00,,,precipitation,precipitation,,,mm,mm,observed,,False,,,"[""Q01""]",True
taihu_thqbca_history,storage\raw\taihu_thqbca_parsed\thqbca_observations.csv,9633,TAIHU_CLIMATE,,1966-07-21T16:00:00+00:00,,,precipitation,precipitation,,,mm,mm,observed,,False,,,"[""Q01""]",True
taihu_thqbca_history,storage\raw\taihu_thqbca_parsed\thqbca_observations.csv,9634,TAIHU_CLIMATE,,1966-07-22T16:00:00+00:00,,,precipitation,precipitation,,,mm,mm,observed,,False,,,"[""Q01""]",True
taihu_thqbca_history,storage\raw\taihu_thqbca_parsed\thqbca_observations.csv,9653,TAIHU_CLIMATE,,1966-08-10T16:00:00+00:00,,,precipitation,precipitation,,,mm,mm,observed,,False,,,"[""Q01""]",True
taihu_thqbca_history,storage\raw\taihu_thqbca_parsed\thqbca_observations.csv,9657,TAIHU_CLIMATE,,1966-08-14T16:00:00+00:00,,,precipitation,precipitation,,,mm,mm,observed,,False,,,"[""Q01""]",True
taihu_thqbca_history,storage\raw\taihu_thqbca_parsed\thqbca_observations.csv,9682,TAIHU_CLIMATE,,1966-09-08T16:00:00+00:00,,,precipitation,precipitation,,,mm,mm,observed,,False,,,"[""Q01""]",True
taihu_thqbca_history,storage\raw\taihu_thqbca_parsed\thqbca_observations.csv,9685,TAIHU_CLIMATE,,1966-09-11T16:00:00+00:00,,,precipitation,precipitation,,,mm,mm,observed,,False,,,"[""Q01""]",True
taihu_thqbca_history,storage\raw\taihu_thqbca_parsed\thqbca_observations.csv,9686,TAIHU_CLIMATE,,1966-09-12T16:00:00+00:00,,,precipitation,precipitation,,,mm,mm,observed,,False,,,"[""Q01""]",True
taihu_thqbca_history,storage\raw\taihu_thqbca_parsed\thqbca_observations.csv,9687,TAIHU_CLIMATE,,1966-09-13T16:00:00+00:00,,,precipitation,precipitation,,,mm,mm,observed,,False,,,"[""Q01""]",True
taihu_thqbca_history,storage\raw\taihu_thqbca_parsed\thqbca_observations.csv,9690,TAIHU_CLIMATE,,1966-09-16T16:00:00+00:00,,,precipitation,precipitation,,,mm,mm,observed,,False,,,"[""Q01""]",True
taihu_thqbca_history,storage\raw\taihu_thqbca_parsed\thqbca_observations.csv,9692,TAIHU_CLIMATE,,1966-09-18T16:00:00+00:00,,,precipitation,precipitation,,,mm,mm,observed,,False,,,"[""Q01""]",True
taihu_thqbca_history,storage\raw\taihu_thqbca_parsed\thqbca_observations.csv,9693,TAIHU_CLIMATE,,1966-09-19T16:00:00+00:00,,,precipitation,precipitation,,,mm,mm,observed,,False,,,"[""Q01""]",True
taihu_thqbca_history,storage\raw\taihu_thqbca_parsed\thqbca_observations.csv,9695,TAIHU_CLIMATE,,1966-09-21T16:00:00+00:00,,,precipitation,precipitation,,,mm,mm,observed,,False,,,"[""Q01""]",True
taihu_thqbca_history,storage\raw\taihu_thqbca_parsed\thqbca_observations.csv,9704,TAIHU_CLIMATE,,1966-09-30T16:00:00+00:00,,,precipitation,precipitation,,,mm,mm,observed,,False,,,"[""Q01""]",True
taihu_thqbca_history,storage\raw\taihu_thqbca_parsed\thqbca_observations.csv,9705,TAIHU_CLIMATE,,1966-10-01T16:00:00+00:00,,,precipitation,precipitation,,,mm,mm,observed,,False,,,"[""Q01""]",True
taihu_thqbca_history,storage\raw\taihu_thqbca_parsed\thqbca_observations.csv,9707,TAIHU_CLIMATE,,1966-10-03T16:00:00+00:00,,,precipitation,precipitation,,,mm,mm,observed,,False,,,"[""Q01""]",True
taihu_thqbca_history,storage\raw\taihu_thqbca_parsed\thqbca_observations.csv,9709,TAIHU_CLIMATE,,1966-10-05T16:00:00+00:00,,,precipitation,precipitation,,,mm,mm,observed,,False,,,"[""Q01""]",True
taihu_thqbca_history,storage\raw\taihu_thqbca_parsed\thqbca_observations.csv,9714,TAIHU_CLIMATE,,1966-10-10T16:00:00+00:00,,,precipitation,precipitation,,,mm,mm,observed,,False,,,"[""Q01""]",True
taihu_thqbca_history,storage\raw\taihu_thqbca_parsed\thqbca_observations.csv,9716,TAIHU_CLIMATE,,1966-10-12T16:00:00+00:00,,,precipitation,precipitation,,,mm,mm,observed,,False,,,"[""Q01""]",True
taihu_thqbca_history,storage\raw\taihu_thqbca_parsed\thqbca_observations.csv,9725,TAIHU_CLIMATE,,1966-10-21T16:00:00+00:00,,,precipitation,precipitation,,,mm,mm,observed,,False,,,"[""Q01""]",True
taihu_thqbca_history,storage\raw\taihu_thqbca_parsed\thqbca_observations.csv,9729,TAIHU_CLIMATE,,1966-10-25T16:00:00+00:00,,,precipitation,precipitation,,,mm,mm,observed,,False,,,"[""Q01""]",True
taihu_thqbca_history,storage\raw\taihu_thqbca_parsed\thqbca_observations.csv,9733,TAIHU_CLIMATE,,1966-10-29T16:00:00+00:00,,,precipitation,precipitation,,,mm,mm,observed,,False,,,"[""Q01""]",True
taihu_thqbca_history,storage\raw\taihu_thqbca_parsed\thqbca_observations.csv,9743,TAIHU_CLIMATE,,1966-11-08T16:00:00+00:00,,,precipitation,precipitation,,,mm,mm,observed,,False,,,"[""Q01""]",True
taihu_thqbca_history,storage\raw\taihu_thqbca_parsed\thqbca_observations.csv,9749,TAIHU_CLIMATE,,1966-11-14T16:00:00+00:00,,,precipitation,precipitation,,,mm,mm,observed,,False,,,"[""Q01""]",True
taihu_thqbca_history,storage\raw\taihu_thqbca_parsed\thqbca_observations.csv,9753,TAIHU_CLIMATE,,1966-11-18T16:00:00+00:00,,,precipitation,precipitation,,,mm,mm,observed,,False,,,"[""Q01""]",True
taihu_thqbca_history,storage\raw\taihu_thqbca_parsed\thqbca_observations.csv,9763,TAIHU_CLIMATE,,1966-11-28T16:00:00+00:00,,,precipitation,precipitation,,,mm,mm,observed,,False,,,"[""Q01""]",True
taihu_thqbca_history,storage\raw\taihu_thqbca_parsed\thqbca_observations.csv,9771,TAIHU_CLIMATE,,1966-12-06T16:00:00+00:00,,,precipitation,precipitation,,,mm,mm,observed,,False,,,"[""Q01""]",True
taihu_thqbca_history,storage\raw\taihu_thqbca_parsed\thqbca_observations.csv,9772,TAIHU_CLIMATE,,1966-12-07T16:00:00+00:00,,,precipitation,precipitation,,,mm,mm,observed,,False,,,"[""Q01""]",True
taihu_thqbca_history,storage\raw\taihu_thqbca_parsed\thqbca_observations.csv,9774,TAIHU_CLIMATE,,1966-12-09T16:00:00+00:00,,,precipitation,precipitation,,,mm,mm,observed,,False,,,"[""Q01""]",True
taihu_thqbca_history,storage\raw\taihu_thqbca_parsed\thqbca_observations.csv,9789,TAIHU_CLIMATE,,1966-12-24T16:00:00+00:00,,,precipitation,precipitation,,,mm,mm,observed,,False,,,"[""Q01""]",True
taihu_thqbca_history,storage\raw\taihu_thqbca_parsed\thqbca_observations.csv,9790,TAIHU_CLIMATE,,1966-12-25T16:00:00+00:00,,,precipitation,precipitation,,,mm,mm,observed,,False,,,"[""Q01""]",True
taihu_thqbca_history,storage\raw\taihu_thqbca_parsed\thqbca_observations.csv,9793,TAIHU_CLIMATE,,1966-12-28T16:00:00+00:00,,,precipitation,precipitation,,,mm,mm,observed,,False,,,"[""Q01""]",True
taihu_thqbca_history,storage\raw\taihu_thqbca_parsed\thqbca_observations.csv,9795,TAIHU_CLIMATE,,1966-12-30T16:00:00+00:00,,,precipitation,precipitation,,,mm,mm,observed,,False,,,"[""Q01""]",True
taihu_thqbca_history,storage\raw\taihu_thqbca_parsed\thqbca_observations.csv,9796,TAIHU_CLIMATE,,1966-12-31T16:00:00+00:00,,,precipitation,precipitation,,,mm,mm,observed,,False,,,"[""Q01""]",True
taihu_thqbca_history,storage\raw\taihu_thqbca_parsed\thqbca_observations.csv,9801,TAIHU_CLIMATE,,1967-01-05T16:00:00+00:00,,,precipitation,precipitation,,,mm,mm,observed,,False,,,"[""Q01""]",True
taihu_thqbca_history,storage\raw\taihu_thqbca_parsed\thqbca_observations.csv,9802,TAIHU_CLIMATE,,1967-01-06T16:00:00+00:00,,,precipitation,precipitation,,,mm,mm,observed,,False,,,"[""Q01""]",True
taihu_thqbca_history,storage\raw\taihu_thqbca_parsed\thqbca_observations.csv,9810,TAIHU_CLIMATE,,1967-01-14T16:00:00+00:00,,,precipitation,precipitation,,,mm,mm,observed,,False,,,"[""Q01""]",True
taihu_thqbca_history,storage\raw\taihu_thqbca_parsed\thqbca_observations.csv,9821,TAIHU_CLIMATE,,1967-01-25T16:00:00+00:00,,,precipitation,precipitation,,,mm,mm,observed,,False,,,"[""Q01""]",True
taihu_thqbca_history,storage\raw\taihu_thqbca_parsed\thqbca_observations.csv,9830,TAIHU_CLIMATE,,1967-02-03T16:00:00+00:00,,,precipitation,precipitation,,,mm,mm,observed,,False,,,"[""Q01""]",True
taihu_thqbca_history,storage\raw\taihu_thqbca_parsed\thqbca_observations.csv,9835,TAIHU_CLIMATE,,1967-02-08T16:00:00+00:00,,,precipitation,precipitation,,,mm,mm,observed,,False,,,"[""Q01""]",True
taihu_thqbca_history,storage\raw\taihu_thqbca_parsed\thqbca_observations.csv,9836,TAIHU_CLIMATE,,1967-02-09T16:00:00+00:00,,,precipitation,precipitation,,,mm,mm,observed,,False,,,"[""Q01""]",True
taihu_thqbca_history,storage\raw\taihu_thqbca_parsed\thqbca_observations.csv,9839,TAIHU_CLIMATE,,1967-02-12T16:00:00+00:00,,,precipitation,precipitation,,,mm,mm,observed,,False,,,"[""Q01""]",True
taihu_thqbca_history,storage\raw\taihu_thqbca_parsed\thqbca_observations.csv,9840,TAIHU_CLIMATE,,1967-02-13T16:00:00+00:00,,,precipitation,precipitation,,,mm,mm,observed,,False,,,"[""Q01""]",True
taihu_thqbca_history,storage\raw\taihu_thqbca_parsed\thqbca_observations.csv,9846,TAIHU_CLIMATE,,1967-02-19T16:00:00+00:00,,,precipitation,precipitation,,,mm,mm,observed,,False,,,"[""Q01""]",True
taihu_thqbca_history,storage\raw\taihu_thqbca_parsed\thqbca_observations.csv,9847,TAIHU_CLIMATE,,1967-02-20T16:00:00+00:00,,,precipitation,precipitation,,,mm,mm,observed,,False,,,"[""Q01""]",True
taihu_thqbca_history,storage\raw\taihu_thqbca_parsed\thqbca_observations.csv,9850,TAIHU_CLIMATE,,1967-02-23T16:00:00+00:00,,,precipitation,precipitation,,,mm,mm,observed,,False,,,"[""Q01""]",True
taihu_thqbca_history,storage\raw\taihu_thqbca_parsed\thqbca_observations.csv,9859,TAIHU_CLIMATE,,1967-03-04T16:00:00+00:00,,,precipitation,precipitation,,,mm,mm,observed,,False,,,"[""Q01""]",True
taihu_thqbca_history,storage\raw\taihu_thqbca_parsed\thqbca_observations.csv,9868,TAIHU_CLIMATE,,1967-03-13T16:00:00+00:00,,,precipitation,precipitation,,,mm,mm,observed,,False,,,"[""Q01""]",True
taihu_thqbca_history,storage\raw\taihu_thqbca_parsed\thqbca_observations.csv,9869,TAIHU_CLIMATE,,1967-03-14T16:00:00+00:00,,,precipitation,precipitation,,,mm,mm,observed,,False,,,"[""Q01""]",True
taihu_thqbca_history,storage\raw\taihu_thqbca_parsed\thqbca_observations.csv,9873,TAIHU_CLIMATE,,1967-03-18T16:00:00+00:00,,,precipitation,precipitation,,,mm,mm,observed,,False,,,"[""Q01""]",True
taihu_thqbca_history,storage\raw\taihu_thqbca_parsed\thqbca_observations.csv,9876,TAIHU_CLIMATE,,1967-03-21T16:00:00+00:00,,,precipitation,precipitation,,,mm,mm,observed,,False,,,"[""Q01""]",True
taihu_thqbca_history,storage\raw\taihu_thqbca_parsed\thqbca_observations.csv,9897,TAIHU_CLIMATE,,1967-04-11T16:00:00+00:00,,,precipitation,precipitation,,,mm,mm,observed,,False,,,"[""Q01""]",True
taihu_thqbca_history,storage\raw\taihu_thqbca_parsed\thqbca_observations.csv,9898,TAIHU_CLIMATE,,1967-04-12T16:00:00+00:00,,,precipitation,precipitation,,,mm,mm,observed,,False,,,"[""Q01""]",True
taihu_thqbca_history,storage\raw\taihu_thqbca_parsed\thqbca_observations.csv,9905,TAIHU_CLIMATE,,1967-04-19T16:00:00+00:00,,,precipitation,precipitation,,,mm,mm,observed,,False,,,"[""Q01""]",True
taihu_thqbca_history,storage\raw\taihu_thqbca_parsed\thqbca_observations.csv,9909,TAIHU_CLIMATE,,1967-04-23T16:00:00+00:00,,,precipitation,precipitation,,,mm,mm,observed,,False,,,"[""Q01""]",True
taihu_thqbca_history,storage\raw\taihu_thqbca_parsed\thqbca_observations.csv,9910,TAIHU_CLIMATE,,1967-04-24T16:00:00+00:00,,,precipitation,precipitation,,,mm,mm,observed,,False,,,"[""Q01""]",True
taihu_thqbca_history,storage\raw\taihu_thqbca_parsed\thqbca_observations.csv,9911,TAIHU_CLIMATE,,1967-04-25T16:00:00+00:00,,,precipitation,precipitation,,,mm,mm,observed,,False,,,"[""Q01""]",True
taihu_thqbca_history,storage\raw\taihu_thqbca_parsed\thqbca_observations.csv,9912,TAIHU_CLIMATE,,1967-04-26T16:00:00+00:00,,,precipitation,precipitation,,,mm,mm,observed,,False,,,"[""Q01""]",True
taihu_thqbca_history,storage\raw\taihu_thqbca_parsed\thqbca_observations.csv,9914,TAIHU_CLIMATE,,1967-04-28T16:00:00+00:00,,,precipitation,precipitation,,,mm,mm,observed,,False,,,"[""Q01""]",True
taihu_thqbca_history,storage\raw\taihu_thqbca_parsed\thqbca_observations.csv,9918,TAIHU_CLIMATE,,1967-05-02T16:00:00+00:00,,,precipitation,precipitation,,,mm,mm,observed,,False,,,"[""Q01""]",True
taihu_thqbca_history,storage\raw\taihu_thqbca_parsed\thqbca_observations.csv,9925,TAIHU_CLIMATE,,1967-05-09T16:00:00+00:00,,,precipitation,precipitation,,,mm,mm,observed,,False,,,"[""Q01""]",True
taihu_thqbca_history,storage\raw\taihu_thqbca_parsed\thqbca_observations.csv,9929,TAIHU_CLIMATE,,1967-05-13T16:00:00+00:00,,,precipitation,precipitation,,,mm,mm,observed,,False,,,"[""Q01""]",True
taihu_thqbca_history,storage\raw\taihu_thqbca_parsed\thqbca_observations.csv,9947,TAIHU_CLIMATE,,1967-05-31T16:00:00+00:00,,,precipitation,precipitation,,,mm,mm,observed,,False,,,"[""Q01""]",True
taihu_thqbca_history,storage\raw\taihu_thqbca_parsed\thqbca_observations.csv,9948,TAIHU_CLIMATE,,1967-06-01T16:00:00+00:00,,,precipitation,precipitation,,,mm,mm,observed,,False,,,"[""Q01""]",True
taihu_thqbca_history,storage\raw\taihu_thqbca_parsed\thqbca_observations.csv,9950,TAIHU_CLIMATE,,1967-06-03T16:00:00+00:00,,,precipitation,precipitation,,,mm,mm,observed,,False,,,"[""Q01""]",True
taihu_thqbca_history,storage\raw\taihu_thqbca_parsed\thqbca_observations.csv,9954,TAIHU_CLIMATE,,1967-06-07T16:00:00+00:00,,,precipitation,precipitation,,,mm,mm,observed,,False,,,"[""Q01""]",True
taihu_thqbca_history,storage\raw\taihu_thqbca_parsed\thqbca_observations.csv,9959,TAIHU_CLIMATE,,1967-06-12T16:00:00+00:00,,,precipitation,precipitation,,,mm,mm,observed,,False,,,"[""Q01""]",True
taihu_thqbca_history,storage\raw\taihu_thqbca_parsed\thqbca_observations.csv,9961,TAIHU_CLIMATE,,1967-06-14T16:00:00+00:00,,,precipitation,precipitation,,,mm,mm,observed,,False,,,"[""Q01""]",True
taihu_thqbca_history,storage\raw\taihu_thqbca_parsed\thqbca_observations.csv,9966,TAIHU_CLIMATE,,1967-06-19T16:00:00+00:00,,,precipitation,precipitation,,,mm,mm,observed,,False,,,"[""Q01""]",True
taihu_thqbca_history,storage\raw\taihu_thqbca_parsed\thqbca_observations.csv,9967,TAIHU_CLIMATE,,1967-06-20T16:00:00+00:00,,,precipitation,precipitation,,,mm,mm,observed,,False,,,"[""Q01""]",True
taihu_thqbca_history,storage\raw\taihu_thqbca_parsed\thqbca_observations.csv,9972,TAIHU_CLIMATE,,1967-06-25T16:00:00+00:00,,,precipitation,precipitation,,,mm,mm,observed,,False,,,"[""Q01""]",True
taihu_thqbca_history,storage\raw\taihu_thqbca_parsed\thqbca_observations.csv,9977,TAIHU_CLIMATE,,1967-06-30T16:00:00+00:00,,,precipitation,precipitation,,,mm,mm,observed,,False,,,"[""Q01""]",True
taihu_thqbca_history,storage\raw\taihu_thqbca_parsed\thqbca_observations.csv,9986,TAIHU_CLIMATE,,1967-07-09T16:00:00+00:00,,,precipitation,precipitation,,,mm,mm,observed,,False,,,"[""Q01""]",True
taihu_thqbca_history,storage\raw\taihu_thqbca_parsed\thqbca_observations.csv,9987,TAIHU_CLIMATE,,1967-07-10T16:00:00+00:00,,,precipitation,precipitation,,,mm,mm,observed,,False,,,"[""Q01""]",True
taihu_thqbca_history,storage\raw\taihu_thqbca_parsed\thqbca_observations.csv,9990,TAIHU_CLIMATE,,1967-07-13T16:00:00+00:00,,,precipitation,precipitation,,,mm,mm,observed,,False,,,"[""Q01""]",True
taihu_thqbca_history,storage\raw\taihu_thqbca_parsed\thqbca_observations.csv,9995,TAIHU_CLIMATE,,1967-07-18T16:00:00+00:00,,,precipitation,precipitation,,,mm,mm,observed,,False,,,"[""Q01""]",True
taihu_thqbca_history,storage\raw\taihu_thqbca_parsed\thqbca_observations.csv,9999,TAIHU_CLIMATE,,1967-07-22T16:00:00+00:00,,,precipitation,precipitation,,,mm,mm,observed,,False,,,"[""Q01""]",True
taihu_thqbca_history,storage\raw\taihu_thqbca_parsed\thqbca_observations.csv,10002,TAIHU_CLIMATE,,1967-07-25T16:00:00+00:00,,,precipitation,precipitation,,,mm,mm,observed,,False,,,"[""Q01""]",True
taihu_thqbca_history,storage\raw\taihu_thqbca_parsed\thqbca_observations.csv,10003,TAIHU_CLIMATE,,1967-07-26T16:00:00+00:00,,,precipitation,precipitation,,,mm,mm,observed,,False,,,"[""Q01""]",True
taihu_thqbca_history,storage\raw\taihu_thqbca_parsed\thqbca_observations.csv,10022,TAIHU_CLIMATE,,1967-08-14T16:00:00+00:00,,,precipitation,precipitation,,,mm,mm,observed,,False,,,"[""Q01""]",True
taihu_thqbca_history,storage\raw\taihu_thqbca_parsed\thqbca_observations.csv,10038,TAIHU_CLIMATE,,1967-08-30T16:00:00+00:00,,,precipitation,precipitation,,,mm,mm,observed,,False,,,"[""Q01""]",True
taihu_thqbca_history,storage\raw\taihu_thqbca_parsed\thqbca_observations.csv,10041,TAIHU_CLIMATE,,1967-09-02T16:00:00+00:00,,,precipitation,precipitation,,,mm,mm,observed,,False,,,"[""Q01""]",True
taihu_thqbca_history,storage\raw\taihu_thqbca_parsed\thqbca_observations.csv,10044,TAIHU_CLIMATE,,1967-09-05T16:00:00+00:00,,,precipitation,precipitation,,,mm,mm,observed,,False,,,"[""Q01""]",True
taihu_thqbca_history,storage\raw\taihu_thqbca_parsed\thqbca_observations.csv,10048,TAIHU_CLIMATE,,1967-09-09T16:00:00+00:00,,,precipitation,precipitation,,,mm,mm,observed,,False,,,"[""Q01""]",True
taihu_thqbca_history,storage\raw\taihu_thqbca_parsed\thqbca_observations.csv,10069,TAIHU_CLIMATE,,1967-09-30T16:00:00+00:00,,,precipitation,precipitation,,,mm,mm,observed,,False,,,"[""Q01""]",True
taihu_thqbca_history,storage\raw\taihu_thqbca_parsed\thqbca_observations.csv,10072,TAIHU_CLIMATE,,1967-10-03T16:00:00+00:00,,,precipitation,precipitation,,,mm,mm,observed,,False,,,"[""Q01""]",True
taihu_thqbca_history,storage\raw\taihu_thqbca_parsed\thqbca_observations.csv,10073,TAIHU_CLIMATE,,1967-10-04T16:00:00+00:00,,,precipitation,precipitation,,,mm,mm,observed,,False,,,"[""Q01""]",True
taihu_thqbca_history,storage\raw\taihu_thqbca_parsed\thqbca_observations.csv,10090,TAIHU_CLIMATE,,1967-10-21T16:00:00+00:00,,,precipitation,precipitation,,,mm,mm,observed,,False,,,"[""Q01""]",True
taihu_thqbca_history,storage\raw\taihu_thqbca_parsed\thqbca_observations.csv,10094,TAIHU_CLIMATE,,1967-10-25T16:00:00+00:00,,,precipitation,precipitation,,,mm,mm,observed,,False,,,"[""Q01""]",True
taihu_thqbca_history,storage\raw\taihu_thqbca_parsed\thqbca_observations.csv,10095,TAIHU_CLIMATE,,1967-10-26T16:00:00+00:00,,,precipitation,precipitation,,,mm,mm,observed,,False,,,"[""Q01""]",True
taihu_thqbca_history,storage\raw\taihu_thqbca_parsed\thqbca_observations.csv,10096,TAIHU_CLIMATE,,1967-10-27T16:00:00+00:00,,,precipitation,precipitation,,,mm,mm,observed,,False,,,"[""Q01""]",True
taihu_thqbca_history,storage\raw\taihu_thqbca_parsed\thqbca_observations.csv,10098,TAIHU_CLIMATE,,1967-10-29T16:00:00+00:00,,,precipitation,precipitation,,,mm,mm,observed,,False,,,"[""Q01""]",True
taihu_thqbca_history,storage\raw\taihu_thqbca_parsed\thqbca_observations.csv,10099,TAIHU_CLIMATE,,1967-10-30T16:00:00+00:00,,,precipitation,precipitation,,,mm,mm,observed,,False,,,"[""Q01""]",True
taihu_thqbca_history,storage\raw\taihu_thqbca_parsed\thqbca_observations.csv,10106,TAIHU_CLIMATE,,1967-11-06T16:00:00+00:00,,,precipitation,precipitation,,,mm,mm,observed,,False,,,"[""Q01""]",True
taihu_thqbca_history,storage\raw\taihu_thqbca_parsed\thqbca_observations.csv,10126,TAIHU_CLIMATE,,1967-11-26T16:00:00+00:00,,,precipitation,precipitation,,,mm,mm,observed,,False,,,"[""Q01""]",True
taihu_thqbca_history,storage\raw\taihu_thqbca_parsed\thqbca_observations.csv,10127,TAIHU_CLIMATE,,1967-11-27T16:00:00+00:00,,,precipitation,precipitation,,,mm,mm,observed,,False,,,"[""Q01""]",True
taihu_thqbca_history,storage\raw\taihu_thqbca_parsed\thqbca_observations.csv,10154,TAIHU_CLIMATE,,1967-12-24T16:00:00+00:00,,,precipitation,precipitation,,,mm,mm,observed,,False,,,"[""Q01""]",True
taihu_thqbca_history,storage\raw\taihu_thqbca_parsed\thqbca_observations.csv,10155,TAIHU_CLIMATE,,1967-12-25T16:00:00+00:00,,,precipitation,precipitation,,,mm,mm,observed,,False,,,"[""Q01""]",True
taihu_thqbca_history,storage\raw\taihu_thqbca_parsed\thqbca_observations.csv,10156,TAIHU_CLIMATE,,1967-12-26T16:00:00+00:00,,,precipitation,precipitation,,,mm,mm,observed,,False,,,"[""Q01""]",True
taihu_thqbca_history,storage\raw\taihu_thqbca_parsed\thqbca_observations.csv,10165,TAIHU_CLIMATE,,1968-01-04T16:00:00+00:00,,,precipitation,precipitation,,,mm,mm,observed,,False,,,"[""Q01""]",True
taihu_thqbca_history,storage\raw\taihu_thqbca_parsed\thqbca_observations.csv,10167,TAIHU_CLIMATE,,1968-01-06T16:00:00+00:00,,,precipitation,precipitation,,,mm,mm,observed,,False,,,"[""Q01""]",True
taihu_thqbca_history,storage\raw\taihu_thqbca_parsed\thqbca_observations.csv,10169,TAIHU_CLIMATE,,1968-01-08T16:00:00+00:00,,,precipitation,precipitation,,,mm,mm,observed,,False,,,"[""Q01""]",True
taihu_thqbca_history,storage\raw\taihu_thqbca_parsed\thqbca_observations.csv,10170,TAIHU_CLIMATE,,1968-01-09T16:00:00+00:00,,,precipitation,precipitation,,,mm,mm,observed,,False,,,"[""Q01""]",True
taihu_thqbca_history,storage\raw\taihu_thqbca_parsed\thqbca_observations.csv,10173,TAIHU_CLIMATE,,1968-01-12T16:00:00+00:00,,,precipitation,precipitation,,,mm,mm,observed,,False,,,"[""Q01""]",True
taihu_thqbca_history,storage\raw\taihu_thqbca_parsed\thqbca_observations.csv,10180,TAIHU_CLIMATE,,1968-01-19T16:00:00+00:00,,,precipitation,precipitation,,,mm,mm,observed,,False,,,"[""Q01""]",True
taihu_thqbca_history,storage\raw\taihu_thqbca_parsed\thqbca_observations.csv,10183,TAIHU_CLIMATE,,1968-01-22T16:00:00+00:00,,,precipitation,precipitation,,,mm,mm,observed,,False,,,"[""Q01""]",True
taihu_thqbca_history,storage\raw\taihu_thqbca_parsed\thqbca_observations.csv,10184,TAIHU_CLIMATE,,1968-01-23T16:00:00+00:00,,,precipitation,precipitation,,,mm,mm,observed,,False,,,"[""Q01""]",True
taihu_thqbca_history,storage\raw\taihu_thqbca_parsed\thqbca_observations.csv,10187,TAIHU_CLIMATE,,1968-01-26T16:00:00+00:00,,,precipitation,precipitation,,,mm,mm,observed,,False,,,"[""Q01""]",True
taihu_thqbca_history,storage\raw\taihu_thqbca_parsed\thqbca_observations.csv,10190,TAIHU_CLIMATE,,1968-01-29T16:00:00+00:00,,,precipitation,precipitation,,,mm,mm,observed,,False,,,"[""Q01""]",True
taihu_thqbca_history,storage\raw\taihu_thqbca_parsed\thqbca_observations.csv,10195,TAIHU_CLIMATE,,1968-02-03T16:00:00+00:00,,,precipitation,precipitation,,,mm,mm,observed,,False,,,"[""Q01""]",True
taihu_thqbca_history,storage\raw\taihu_thqbca_parsed\thqbca_observations.csv,10197,TAIHU_CLIMATE,,1968-02-05T16:00:00+00:00,,,precipitation,precipitation,,,mm,mm,observed,,False,,,"[""Q01""]",True
taihu_thqbca_history,storage\raw\taihu_thqbca_parsed\thqbca_observations.csv,10204,TAIHU_CLIMATE,,1968-02-12T16:00:00+00:00,,,precipitation,precipitation,,,mm,mm,observed,,False,,,"[""Q01""]",True
taihu_thqbca_history,storage\raw\taihu_thqbca_parsed\thqbca_observations.csv,10205,TAIHU_CLIMATE,,1968-02-13T16:00:00+00:00,,,precipitation,precipitation,,,mm,mm,observed,,False,,,"[""Q01""]",True
taihu_thqbca_history,storage\raw\taihu_thqbca_parsed\thqbca_observations.csv,10206,TAIHU_CLIMATE,,1968-02-14T16:00:00+00:00,,,precipitation,precipitation,,,mm,mm,observed,,False,,,"[""Q01""]",True
taihu_thqbca_history,storage\raw\taihu_thqbca_parsed\thqbca_observations.csv,10244,TAIHU_CLIMATE,,1968-03-23T16:00:00+00:00,,,precipitation,precipitation,,,mm,mm,observed,,False,,,"[""Q01""]",True
taihu_thqbca_history,storage\raw\taihu_thqbca_parsed\thqbca_observations.csv,10245,TAIHU_CLIMATE,,1968-03-24T16:00:00+00:00,,,precipitation,precipitation,,,mm,mm,observed,,False,,,"[""Q01""]",True
taihu_thqbca_history,storage\raw\taihu_thqbca_parsed\thqbca_observations.csv,10252,TAIHU_CLIMATE,,1968-03-31T16:00:00+00:00,,,precipitation,precipitation,,,mm,mm,observed,,False,,,"[""Q01""]",True
taihu_thqbca_history,storage\raw\taihu_thqbca_parsed\thqbca_observations.csv,10255,TAIHU_CLIMATE,,1968-04-03T16:00:00+00:00,,,precipitation,precipitation,,,mm,mm,observed,,False,,,"[""Q01""]",True
taihu_thqbca_history,storage\raw\taihu_thqbca_parsed\thqbca_observations.csv,10271,TAIHU_CLIMATE,,1968-04-19T16:00:00+00:00,,,precipitation,precipitation,,,mm,mm,observed,,False,,,"[""Q01""]",True
taihu_thqbca_history,storage\raw\taihu_thqbca_parsed\thqbca_observations.csv,10276,TAIHU_CLIMATE,,1968-04-24T16:00:00+00:00,,,precipitation,precipitation,,,mm,mm,observed,,False,,,"[""Q01""]",True
taihu_thqbca_history,storage\raw\taihu_thqbca_parsed\thqbca_observations.csv,10278,TAIHU_CLIMATE,,1968-04-26T16:00:00+00:00,,,precipitation,precipitation,,,mm,mm,observed,,False,,,"[""Q01""]",True
taihu_thqbca_history,storage\raw\taihu_thqbca_parsed\thqbca_observations.csv,10287,TAIHU_CLIMATE,,1968-05-05T16:00:00+00:00,,,precipitation,precipitation,,,mm,mm,observed,,False,,,"[""Q01""]",True
taihu_thqbca_history,storage\raw\taihu_thqbca_parsed\thqbca_observations.csv,10301,TAIHU_CLIMATE,,1968-05-19T16:00:00+00:00,,,precipitation,precipitation,,,mm,mm,observed,,False,,,"[""Q01""]",True
taihu_thqbca_history,storage\raw\taihu_thqbca_parsed\thqbca_observations.csv,10306,TAIHU_CLIMATE,,1968-05-24T16:00:00+00:00,,,precipitation,precipitation,,,mm,mm,observed,,False,,,"[""Q01""]",True
taihu_thqbca_history,storage\raw\taihu_thqbca_parsed\thqbca_observations.csv,10309,TAIHU_CLIMATE,,1968-05-27T16:00:00+00:00,,,precipitation,precipitation,,,mm,mm,observed,,False,,,"[""Q01""]",True
taihu_thqbca_history,storage\raw\taihu_thqbca_parsed\thqbca_observations.csv,10320,TAIHU_CLIMATE,,1968-06-07T16:00:00+00:00,,,precipitation,precipitation,,,mm,mm,observed,,False,,,"[""Q01""]",True
taihu_thqbca_history,storage\raw\taihu_thqbca_parsed\thqbca_observations.csv,10328,TAIHU_CLIMATE,,1968-06-15T16:00:00+00:00,,,precipitation,precipitation,,,mm,mm,observed,,False,,,"[""Q01""]",True
taihu_thqbca_history,storage\raw\taihu_thqbca_parsed\thqbca_observations.csv,10343,TAIHU_CLIMATE,,1968-06-30T16:00:00+00:00,,,precipitation,precipitation,,,mm,mm,observed,,False,,,"[""Q01""]",True
taihu_thqbca_history,storage\raw\taihu_thqbca_parsed\thqbca_observations.csv,10350,TAIHU_CLIMATE,,1968-07-07T16:00:00+00:00,,,precipitation,precipitation,,,mm,mm,observed,,False,,,"[""Q01""]",True
taihu_thqbca_history,storage\raw\taihu_thqbca_parsed\thqbca_observations.csv,10351,TAIHU_CLIMATE,,1968-07-08T16:00:00+00:00,,,precipitation,precipitation,,,mm,mm,observed,,False,,,"[""Q01""]",True
taihu_thqbca_history,storage\raw\taihu_thqbca_parsed\thqbca_observations.csv,10356,TAIHU_CLIMATE,,1968-07-13T16:00:00+00:00,,,precipitation,precipitation,,,mm,mm,observed,,False,,,"[""Q01""]",True
taihu_thqbca_history,storage\raw\taihu_thqbca_parsed\thqbca_observations.csv,10361,TAIHU_CLIMATE,,1968-07-18T16:00:00+00:00,,,precipitation,precipitation,,,mm,mm,observed,,False,,,"[""Q01""]",True
taihu_thqbca_history,storage\raw\taihu_thqbca_parsed\thqbca_observations.csv,10372,TAIHU_CLIMATE,,1968-07-29T16:00:00+00:00,,,precipitation,precipitation,,,mm,mm,observed,,False,,,"[""Q01""]",True
taihu_thqbca_history,storage\raw\taihu_thqbca_parsed\thqbca_observations.csv,10376,TAIHU_CLIMATE,,1968-08-02T16:00:00+00:00,,,precipitation,precipitation,,,mm,mm,observed,,False,,,"[""Q01""]",True
taihu_thqbca_history,storage\raw\taihu_thqbca_parsed\thqbca_observations.csv,10378,TAIHU_CLIMATE,,1968-08-04T16:00:00+00:00,,,precipitation,precipitation,,,mm,mm,observed,,False,,,"[""Q01""]",True
taihu_thqbca_history,storage\raw\taihu_thqbca_parsed\thqbca_observations.csv,10384,TAIHU_CLIMATE,,1968-08-10T16:00:00+00:00,,,precipitation,precipitation,,,mm,mm,observed,,False,,,"[""Q01""]",True
taihu_thqbca_history,storage\raw\taihu_thqbca_parsed\thqbca_observations.csv,10386,TAIHU_CLIMATE,,1968-08-12T16:00:00+00:00,,,precipitation,precipitation,,,mm,mm,observed,,False,,,"[""Q01""]",True
taihu_thqbca_history,storage\raw\taihu_thqbca_parsed\thqbca_observations.csv,10388,TAIHU_CLIMATE,,1968-08-14T16:00:00+00:00,,,precipitation,precipitation,,,mm,mm,observed,,False,,,"[""Q01""]",True
taihu_thqbca_history,storage\raw\taihu_thqbca_parsed\thqbca_observations.csv,10399,TAIHU_CLIMATE,,1968-08-25T16:00:00+00:00,,,precipitation,precipitation,,,mm,mm,observed,,False,,,"[""Q01""]",True
taihu_thqbca_history,storage\raw\taihu_thqbca_parsed\thqbca_observations.csv,10403,TAIHU_CLIMATE,,1968-08-29T16:00:00+00:00,,,precipitation,precipitation,,,mm,mm,observed,,False,,,"[""Q01""]",True
taihu_thqbca_history,storage\raw\taihu_thqbca_parsed\thqbca_observations.csv,10406,TAIHU_CLIMATE,,1968-09-01T16:00:00+00:00,,,precipitation,precipitation,,,mm,mm,observed,,False,,,"[""Q01""]",True
taihu_thqbca_history,storage\raw\taihu_thqbca_parsed\thqbca_observations.csv,10417,TAIHU_CLIMATE,,1968-09-12T16:00:00+00:00,,,precipitation,precipitation,,,mm,mm,observed,,False,,,"[""Q01""]",True
taihu_thqbca_history,storage\raw\taihu_thqbca_parsed\thqbca_observations.csv,10423,TAIHU_CLIMATE,,1968-09-18T16:00:00+00:00,,,precipitation,precipitation,,,mm,mm,observed,,False,,,"[""Q01""]",True
taihu_thqbca_history,storage\raw\taihu_thqbca_parsed\thqbca_observations.csv,10428,TAIHU_CLIMATE,,1968-09-23T16:00:00+00:00,,,precipitation,precipitation,,,mm,mm,observed,,False,,,"[""Q01""]",True
taihu_thqbca_history,storage\raw\taihu_thqbca_parsed\thqbca_observations.csv,10433,TAIHU_CLIMATE,,1968-09-28T16:00:00+00:00,,,precipitation,precipitation,,,mm,mm,observed,,False,,,"[""Q01""]",True
taihu_thqbca_history,storage\raw\taihu_thqbca_parsed\thqbca_observations.csv,10441,TAIHU_CLIMATE,,1968-10-06T16:00:00+00:00,,,precipitation,precipitation,,,mm,mm,observed,,False,,,"[""Q01""]",True
taihu_thqbca_history,storage\raw\taihu_thqbca_parsed\thqbca_observations.csv,10447,TAIHU_CLIMATE,,1968-10-12T16:00:00+00:00,,,precipitation,precipitation,,,mm,mm,observed,,False,,,"[""Q01""]",True
taihu_thqbca_history,storage\raw\taihu_thqbca_parsed\thqbca_observations.csv,10456,TAIHU_CLIMATE,,1968-10-21T16:00:00+00:00,,,precipitation,precipitation,,,mm,mm,observed,,False,,,"[""Q01""]",True
taihu_thqbca_history,storage\raw\taihu_thqbca_parsed\thqbca_observations.csv,10457,TAIHU_CLIMATE,,1968-10-22T16:00:00+00:00,,,precipitation,precipitation,,,mm,mm,observed,,False,,,"[""Q01""]",True
taihu_thqbca_history,storage\raw\taihu_thqbca_parsed\thqbca_observations.csv,10470,TAIHU_CLIMATE,,1968-11-04T16:00:00+00:00,,,precipitation,precipitation,,,mm,mm,observed,,False,,,"[""Q01""]",True
taihu_thqbca_history,storage\raw\taihu_thqbca_parsed\thqbca_observations.csv,10473,TAIHU_CLIMATE,,1968-11-07T16:00:00+00:00,,,precipitation,precipitation,,,mm,mm,observed,,False,,,"[""Q01""]",True
taihu_thqbca_history,storage\raw\taihu_thqbca_parsed\thqbca_observations.csv,10480,TAIHU_CLIMATE,,1968-11-14T16:00:00+00:00,,,precipitation,precipitation,,,mm,mm,observed,,False,,,"[""Q01""]",True
taihu_thqbca_history,storage\raw\taihu_thqbca_parsed\thqbca_observations.csv,10486,TAIHU_CLIMATE,,1968-11-20T16:00:00+00:00,,,precipitation,precipitation,,,mm,mm,observed,,False,,,"[""Q01""]",True
taihu_thqbca_history,storage\raw\taihu_thqbca_parsed\thqbca_observations.csv,10489,TAIHU_CLIMATE,,1968-11-23T16:00:00+00:00,,,precipitation,precipitation,,,mm,mm,observed,,False,,,"[""Q01""]",True
taihu_thqbca_history,storage\raw\taihu_thqbca_parsed\thqbca_observations.csv,10490,TAIHU_CLIMATE,,1968-11-24T16:00:00+00:00,,,precipitation,precipitation,,,mm,mm,observed,,False,,,"[""Q01""]",True
taihu_thqbca_history,storage\raw\taihu_thqbca_parsed\thqbca_observations.csv,10494,TAIHU_CLIMATE,,1968-11-28T16:00:00+00:00,,,precipitation,precipitation,,,mm,mm,observed,,False,,,"[""Q01""]",True
taihu_thqbca_history,storage\raw\taihu_thqbca_parsed\thqbca_observations.csv,10496,TAIHU_CLIMATE,,1968-11-30T16:00:00+00:00,,,precipitation,precipitation,,,mm,mm,observed,,False,,,"[""Q01""]",True
taihu_thqbca_history,storage\raw\taihu_thqbca_parsed\thqbca_observations.csv,10497,TAIHU_CLIMATE,,1968-12-01T16:00:00+00:00,,,precipitation,precipitation,,,mm,mm,observed,,False,,,"[""Q01""]",True
taihu_thqbca_history,storage\raw\taihu_thqbca_parsed\thqbca_observations.csv,10498,TAIHU_CLIMATE,,1968-12-02T16:00:00+00:00,,,precipitation,precipitation,,,mm,mm,observed,,False,,,"[""Q01""]",True
taihu_thqbca_history,storage\raw\taihu_thqbca_parsed\thqbca_observations.csv,10500,TAIHU_CLIMATE,,1968-12-04T16:00:00+00:00,,,precipitation,precipitation,,,mm,mm,observed,,False,,,"[""Q01""]",True
taihu_thqbca_history,storage\raw\taihu_thqbca_parsed\thqbca_observations.csv,10512,TAIHU_CLIMATE,,1968-12-16T16:00:00+00:00,,,precipitation,precipitation,,,mm,mm,observed,,False,,,"[""Q01""]",True
taihu_thqbca_history,storage\raw\taihu_thqbca_parsed\thqbca_observations.csv,10516,TAIHU_CLIMATE,,1968-12-20T16:00:00+00:00,,,precipitation,precipitation,,,mm,mm,observed,,False,,,"[""Q01""]",True
taihu_thqbca_history,storage\raw\taihu_thqbca_parsed\thqbca_observations.csv,10517,TAIHU_CLIMATE,,1968-12-21T16:00:00+00:00,,,precipitation,precipitation,,,mm,mm,observed,,False,,,"[""Q01""]",True
taihu_thqbca_history,storage\raw\taihu_thqbca_parsed\thqbca_observations.csv,10527,TAIHU_CLIMATE,,1968-12-31T16:00:00+00:00,,,precipitation,precipitation,,,mm,mm,observed,,False,,,"[""Q01""]",True
taihu_thqbca_history,storage\raw\taihu_thqbca_parsed\thqbca_observations.csv,10537,TAIHU_CLIMATE,,1969-01-10T16:00:00+00:00,,,precipitation,precipitation,,,mm,mm,observed,,False,,,"[""Q01""]",True
taihu_thqbca_history,storage\raw\taihu_thqbca_parsed\thqbca_observations.csv,10538,TAIHU_CLIMATE,,1969-01-11T16:00:00+00:00,,,precipitation,precipitation,,,mm,mm,observed,,False,,,"[""Q01""]",True
taihu_thqbca_history,storage\raw\taihu_thqbca_parsed\thqbca_observations.csv,10542,TAIHU_CLIMATE,,1969-01-15T16:00:00+00:00,,,precipitation,precipitation,,,mm,mm,observed,,False,,,"[""Q01""]",True
taihu_thqbca_history,storage\raw\taihu_thqbca_parsed\thqbca_observations.csv,10549,TAIHU_CLIMATE,,1969-01-22T16:00:00+00:00,,,precipitation,precipitation,,,mm,mm,observed,,False,,,"[""Q01""]",True
taihu_thqbca_history,storage\raw\taihu_thqbca_parsed\thqbca_observations.csv,10552,TAIHU_CLIMATE,,1969-01-25T16:00:00+00:00,,,precipitation,precipitation,,,mm,mm,observed,,False,,,"[""Q01""]",True
taihu_thqbca_history,storage\raw\taihu_thqbca_parsed\thqbca_observations.csv,10555,TAIHU_CLIMATE,,1969-01-28T16:00:00+00:00,,,precipitation,precipitation,,,mm,mm,observed,,False,,,"[""Q01""]",True
taihu_thqbca_history,storage\raw\taihu_thqbca_parsed\thqbca_observations.csv,10556,TAIHU_CLIMATE,,1969-01-29T16:00:00+00:00,,,precipitation,precipitation,,,mm,mm,observed,,False,,,"[""Q01""]",True
taihu_thqbca_history,storage\raw\taihu_thqbca_parsed\thqbca_observations.csv,10557,TAIHU_CLIMATE,,1969-01-30T16:00:00+00:00,,,precipitation,precipitation,,,mm,mm,observed,,False,,,"[""Q01""]",True
taihu_thqbca_history,storage\raw\taihu_thqbca_parsed\thqbca_observations.csv,10558,TAIHU_CLIMATE,,1969-01-31T16:00:00+00:00,,,precipitation,precipitation,,,mm,mm,observed,,False,,,"[""Q01""]",True
taihu_thqbca_history,storage\raw\taihu_thqbca_parsed\thqbca_observations.csv,10559,TAIHU_CLIMATE,,1969-02-01T16:00:00+00:00,,,precipitation,precipitation,,,mm,mm,observed,,False,,,"[""Q01""]",True
taihu_thqbca_history,storage\raw\taihu_thqbca_parsed\thqbca_observations.csv,10560,TAIHU_CLIMATE,,1969-02-02T16:00:00+00:00,,,precipitation,precipitation,,,mm,mm,observed,,False,,,"[""Q01""]",True
taihu_thqbca_history,storage\raw\taihu_thqbca_parsed\thqbca_observations.csv,10561,TAIHU_CLIMATE,,1969-02-03T16:00:00+00:00,,,precipitation,precipitation,,,mm,mm,observed,,False,,,"[""Q01""]",True
taihu_thqbca_history,storage\raw\taihu_thqbca_parsed\thqbca_observations.csv,10569,TAIHU_CLIMATE,,1969-02-11T16:00:00+00:00,,,precipitation,precipitation,,,mm,mm,observed,,False,,,"[""Q01""]",True
taihu_thqbca_history,storage\raw\taihu_thqbca_parsed\thqbca_observations.csv,10576,TAIHU_CLIMATE,,1969-02-18T16:00:00+00:00,,,precipitation,precipitation,,,mm,mm,observed,,False,,,"[""Q01""]",True
taihu_thqbca_history,storage\raw\taihu_thqbca_parsed\thqbca_observations.csv,10577,TAIHU_CLIMATE,,1969-02-19T16:00:00+00:00,,,precipitation,precipitation,,,mm,mm,observed,,False,,,"[""Q01""]",True
taihu_thqbca_history,storage\raw\taihu_thqbca_parsed\thqbca_observations.csv,10579,TAIHU_CLIMATE,,1969-02-21T16:00:00+00:00,,,precipitation,precipitation,,,mm,mm,observed,,False,,,"[""Q01""]",True
taihu_thqbca_history,storage\raw\taihu_thqbca_parsed\thqbca_observations.csv,10580,TAIHU_CLIMATE,,1969-02-22T16:00:00+00:00,,,precipitation,precipitation,,,mm,mm,observed,,False,,,"[""Q01""]",True
taihu_thqbca_history,storage\raw\taihu_thqbca_parsed\thqbca_observations.csv,10582,TAIHU_CLIMATE,,1969-02-24T16:00:00+00:00,,,precipitation,precipitation,,,mm,mm,observed,,False,,,"[""Q01""]",True
taihu_thqbca_history,storage\raw\taihu_thqbca_parsed\thqbca_observations.csv,10583,TAIHU_CLIMATE,,1969-02-25T16:00:00+00:00,,,precipitation,precipitation,,,mm,mm,observed,,False,,,"[""Q01""]",True
taihu_thqbca_history,storage\raw\taihu_thqbca_parsed\thqbca_observations.csv,10586,TAIHU_CLIMATE,,1969-02-28T16:00:00+00:00,,,precipitation,precipitation,,,mm,mm,observed,,False,,,"[""Q01""]",True
taihu_thqbca_history,storage\raw\taihu_thqbca_parsed\thqbca_observations.csv,10587,TAIHU_CLIMATE,,1969-03-01T16:00:00+00:00,,,precipitation,precipitation,,,mm,mm,observed,,False,,,"[""Q01""]",True
taihu_thqbca_history,storage\raw\taihu_thqbca_parsed\thqbca_observations.csv,10588,TAIHU_CLIMATE,,1969-03-02T16:00:00+00:00,,,precipitation,precipitation,,,mm,mm,observed,,False,,,"[""Q01""]",True
taihu_thqbca_history,storage\raw\taihu_thqbca_parsed\thqbca_observations.csv,10595,TAIHU_CLIMATE,,1969-03-09T16:00:00+00:00,,,precipitation,precipitation,,,mm,mm,observed,,False,,,"[""Q01""]",True
taihu_thqbca_history,storage\raw\taihu_thqbca_parsed\thqbca_observations.csv,10597,TAIHU_CLIMATE,,1969-03-11T16:00:00+00:00,,,precipitation,precipitation,,,mm,mm,observed,,False,,,"[""Q01""]",True
taihu_thqbca_history,storage\raw\taihu_thqbca_parsed\thqbca_observations.csv,10599,TAIHU_CLIMATE,,1969-03-13T16:00:00+00:00,,,precipitation,precipitation,,,mm,mm,observed,,False,,,"[""Q01""]",True
taihu_thqbca_history,storage\raw\taihu_thqbca_parsed\thqbca_observations.csv,10604,TAIHU_CLIMATE,,1969-03-18T16:00:00+00:00,,,precipitation,precipitation,,,mm,mm,observed,,False,,,"[""Q01""]",True
taihu_thqbca_history,storage\raw\taihu_thqbca_parsed\thqbca_observations.csv,10607,TAIHU_CLIMATE,,1969-03-21T16:00:00+00:00,,,precipitation,precipitation,,,mm,mm,observed,,False,,,"[""Q01""]",True
taihu_thqbca_history,storage\raw\taihu_thqbca_parsed\thqbca_observations.csv,10611,TAIHU_CLIMATE,,1969-03-25T16:00:00+00:00,,,precipitation,precipitation,,,mm,mm,observed,,False,,,"[""Q01""]",True
taihu_thqbca_history,storage\raw\taihu_thqbca_parsed\thqbca_observations.csv,10628,TAIHU_CLIMATE,,1969-04-11T16:00:00+00:00,,,precipitation,precipitation,,,mm,mm,observed,,False,,,"[""Q01""]",True
taihu_thqbca_history,storage\raw\taihu_thqbca_parsed\thqbca_observations.csv,10629,TAIHU_CLIMATE,,1969-04-12T16:00:00+00:00,,,precipitation,precipitation,,,mm,mm,observed,,False,,,"[""Q01""]",True
taihu_thqbca_history,storage\raw\taihu_thqbca_parsed\thqbca_observations.csv,10638,TAIHU_CLIMATE,,1969-04-21T16:00:00+00:00,,,precipitation,precipitation,,,mm,mm,observed,,False,,,"[""Q01""]",True
taihu_thqbca_history,storage\raw\taihu_thqbca_parsed\thqbca_observations.csv,10642,TAIHU_CLIMATE,,1969-04-25T16:00:00+00:00,,,precipitation,precipitation,,,mm,mm,observed,,False,,,"[""Q01""]",True
taihu_thqbca_history,storage\raw\taihu_thqbca_parsed\thqbca_observations.csv,10660,TAIHU_CLIMATE,,1969-05-13T16:00:00+00:00,,,precipitation,precipitation,,,mm,mm,observed,,False,,,"[""Q01""]",True
taihu_thqbca_history,storage\raw\taihu_thqbca_parsed\thqbca_observations.csv,10661,TAIHU_CLIMATE,,1969-05-14T16:00:00+00:00,,,precipitation,precipitation,,,mm,mm,observed,,False,,,"[""Q01""]",True
taihu_thqbca_history,storage\raw\taihu_thqbca_parsed\thqbca_observations.csv,10664,TAIHU_CLIMATE,,1969-05-17T16:00:00+00:00,,,precipitation,precipitation,,,mm,mm,observed,,False,,,"[""Q01""]",True
taihu_thqbca_history,storage\raw\taihu_thqbca_parsed\thqbca_observations.csv,10672,TAIHU_CLIMATE,,1969-05-25T16:00:00+00:00,,,precipitation,precipitation,,,mm,mm,observed,,False,,,"[""Q01""]",True
taihu_thqbca_history,storage\raw\taihu_thqbca_parsed\thqbca_observations.csv,10673,TAIHU_CLIMATE,,1969-05-26T16:00:00+00:00,,,precipitation,precipitation,,,mm,mm,observed,,False,,,"[""Q01""]",True
taihu_thqbca_history,storage\raw\taihu_thqbca_parsed\thqbca_observations.csv,10686,TAIHU_CLIMATE,,1969-06-08T16:00:00+00:00,,,precipitation,precipitation,,,mm,mm,observed,,False,,,"[""Q01""]",True
taihu_thqbca_history,storage\raw\taihu_thqbca_parsed\thqbca_observations.csv,10694,TAIHU_CLIMATE,,1969-06-16T16:00:00+00:00,,,precipitation,precipitation,,,mm,mm,observed,,False,,,"[""Q01""]",True
taihu_thqbca_history,storage\raw\taihu_thqbca_parsed\thqbca_observations.csv,10697,TAIHU_CLIMATE,,1969-06-19T16:00:00+00:00,,,precipitation,precipitation,,,mm,mm,observed,,False,,,"[""Q01""]",True
taihu_thqbca_history,storage\raw\taihu_thqbca_parsed\thqbca_observations.csv,10707,TAIHU_CLIMATE,,1969-06-29T16:00:00+00:00,,,precipitation,precipitation,,,mm,mm,observed,,False,,,"[""Q01""]",True
taihu_thqbca_history,storage\raw\taihu_thqbca_parsed\thqbca_observations.csv,10735,TAIHU_CLIMATE,,1969-07-27T16:00:00+00:00,,,precipitation,precipitation,,,mm,mm,observed,,False,,,"[""Q01""]",True
taihu_thqbca_history,storage\raw\taihu_thqbca_parsed\thqbca_observations.csv,10740,TAIHU_CLIMATE,,1969-08-01T16:00:00+00:00,,,precipitation,precipitation,,,mm,mm,observed,,False,,,"[""Q01""]",True
taihu_thqbca_history,storage\raw\taihu_thqbca_parsed\thqbca_observations.csv,10746,TAIHU_CLIMATE,,1969-08-07T16:00:00+00:00,,,precipitation,precipitation,,,mm,mm,observed,,False,,,"[""Q01""]",True
taihu_thqbca_history,storage\raw\taihu_thqbca_parsed\thqbca_observations.csv,10751,TAIHU_CLIMATE,,1969-08-12T16:00:00+00:00,,,precipitation,precipitation,,,mm,mm,observed,,False,,,"[""Q01""]",True
taihu_thqbca_history,storage\raw\taihu_thqbca_parsed\thqbca_observations.csv,10753,TAIHU_CLIMATE,,1969-08-14T16:00:00+00:00,,,precipitation,precipitation,,,mm,mm,observed,,False,,,"[""Q01""]",True
taihu_thqbca_history,storage\raw\taihu_thqbca_parsed\thqbca_observations.csv,10777,TAIHU_CLIMATE,,1969-09-07T16:00:00+00:00,,,precipitation,precipitation,,,mm,mm,observed,,False,,,"[""Q01""]",True
taihu_thqbca_history,storage\raw\taihu_thqbca_parsed\thqbca_observations.csv,10779,TAIHU_CLIMATE,,1969-09-09T16:00:00+00:00,,,precipitation,precipitation,,,mm,mm,observed,,False,,,"[""Q01""]",True
taihu_thqbca_history,storage\raw\taihu_thqbca_parsed\thqbca_observations.csv,10780,TAIHU_CLIMATE,,1969-09-10T16:00:00+00:00,,,precipitation,precipitation,,,mm,mm,observed,,False,,,"[""Q01""]",True
taihu_thqbca_history,storage\raw\taihu_thqbca_parsed\thqbca_observations.csv,10789,TAIHU_CLIMATE,,1969-09-19T16:00:00+00:00,,,precipitation,precipitation,,,mm,mm,observed,,False,,,"[""Q01""]",True
taihu_thqbca_history,storage\raw\taihu_thqbca_parsed\thqbca_observations.csv,10791,TAIHU_CLIMATE,,1969-09-21T16:00:00+00:00,,,precipitation,precipitation,,,mm,mm,observed,,False,,,"[""Q01""]",True
taihu_thqbca_history,storage\raw\taihu_thqbca_parsed\thqbca_observations.csv,10798,TAIHU_CLIMATE,,1969-09-28T16:00:00+00:00,,,precipitation,precipitation,,,mm,mm,observed,,False,,,"[""Q01""]",True
taihu_thqbca_history,storage\raw\taihu_thqbca_parsed\thqbca_observations.csv,10800,TAIHU_CLIMATE,,1969-09-30T16:00:00+00:00,,,precipitation,precipitation,,,mm,mm,observed,,False,,,"[""Q01""]",True
taihu_thqbca_history,storage\raw\taihu_thqbca_parsed\thqbca_observations.csv,10805,TAIHU_CLIMATE,,1969-10-05T16:00:00+00:00,,,precipitation,precipitation,,,mm,mm,observed,,False,,,"[""Q01""]",True
taihu_thqbca_history,storage\raw\taihu_thqbca_parsed\thqbca_observations.csv,10813,TAIHU_CLIMATE,,1969-10-13T16:00:00+00:00,,,precipitation,precipitation,,,mm,mm,observed,,False,,,"[""Q01""]",True
taihu_thqbca_history,storage\raw\taihu_thqbca_parsed\thqbca_observations.csv,10814,TAIHU_CLIMATE,,1969-10-14T16:00:00+00:00,,,precipitation,precipitation,,,mm,mm,observed,,False,,,"[""Q01""]",True
taihu_thqbca_history,storage\raw\taihu_thqbca_parsed\thqbca_observations.csv,10815,TAIHU_CLIMATE,,1969-10-15T16:00:00+00:00,,,precipitation,precipitation,,,mm,mm,observed,,False,,,"[""Q01""]",True
taihu_thqbca_history,storage\raw\taihu_thqbca_parsed\thqbca_observations.csv,10823,TAIHU_CLIMATE,,1969-10-23T16:00:00+00:00,,,precipitation,precipitation,,,mm,mm,observed,,False,,,"[""Q01""]",True
taihu_thqbca_history,storage\raw\taihu_thqbca_parsed\thqbca_observations.csv,10831,TAIHU_CLIMATE,,1969-10-31T16:00:00+00:00,,,precipitation,precipitation,,,mm,mm,observed,,False,,,"[""Q01""]",True
taihu_thqbca_history,storage\raw\taihu_thqbca_parsed\thqbca_observations.csv,10843,TAIHU_CLIMATE,,1969-11-12T16:00:00+00:00,,,precipitation,precipitation,,,mm,mm,observed,,False,,,"[""Q01""]",True
taihu_thqbca_history,storage\raw\taihu_thqbca_parsed\thqbca_observations.csv,10851,TAIHU_CLIMATE,,1969-11-20T16:00:00+00:00,,,precipitation,precipitation,,,mm,mm,observed,,False,,,"[""Q01""]",True
taihu_thqbca_history,storage\raw\taihu_thqbca_parsed\thqbca_observations.csv,10853,TAIHU_CLIMATE,,1969-11-22T16:00:00+00:00,,,precipitation,precipitation,,,mm,mm,observed,,False,,,"[""Q01""]",True
taihu_thqbca_history,storage\raw\taihu_thqbca_parsed\thqbca_observations.csv,10866,TAIHU_CLIMATE,,1969-12-05T16:00:00+00:00,,,precipitation,precipitation,,,mm,mm,observed,,False,,,"[""Q01""]",True
taihu_thqbca_history,storage\raw\taihu_thqbca_parsed\thqbca_observations.csv,10868,TAIHU_CLIMATE,,1969-12-07T16:00:00+00:00,,,precipitation,precipitation,,,mm,mm,observed,,False,,,"[""Q01""]",True
taihu_thqbca_history,storage\raw\taihu_thqbca_parsed\thqbca_observations.csv,10885,TAIHU_CLIMATE,,1969-12-24T16:00:00+00:00,,,precipitation,precipitation,,,mm,mm,observed,,False,,,"[""Q01""]",True
taihu_thqbca_history,storage\raw\taihu_thqbca_parsed\thqbca_observations.csv,10887,TAIHU_CLIMATE,,1969-12-26T16:00:00+00:00,,,precipitation,precipitation,,,mm,mm,observed,,False,,,"[""Q01""]",True
taihu_thqbca_history,storage\raw\taihu_thqbca_parsed\thqbca_observations.csv,10890,TAIHU_CLIMATE,,1969-12-29T16:00:00+00:00,,,precipitation,precipitation,,,mm,mm,observed,,False,,,"[""Q01""]",True
taihu_thqbca_history,storage\raw\taihu_thqbca_parsed\thqbca_observations.csv,10891,TAIHU_CLIMATE,,1969-12-30T16:00:00+00:00,,,precipitation,precipitation,,,mm,mm,observed,,False,,,"[""Q01""]",True
taihu_thqbca_history,storage\raw\taihu_thqbca_parsed\thqbca_observations.csv,10892,TAIHU_CLIMATE,,1969-12-31T16:00:00+00:00,,,precipitation,precipitation,,,mm,mm,observed,,False,,,"[""Q01""]",True
taihu_thqbca_history,storage\raw\taihu_thqbca_parsed\thqbca_observations.csv,10893,TAIHU_CLIMATE,,1970-01-01T16:00:00+00:00,,,precipitation,precipitation,,,mm,mm,observed,,False,,,"[""Q01""]",True
taihu_thqbca_history,storage\raw\taihu_thqbca_parsed\thqbca_observations.csv,10895,TAIHU_CLIMATE,,1970-01-03T16:00:00+00:00,,,precipitation,precipitation,,,mm,mm,observed,,False,,,"[""Q01""]",True
taihu_thqbca_history,storage\raw\taihu_thqbca_parsed\thqbca_observations.csv,10896,TAIHU_CLIMATE,,1970-01-04T16:00:00+00:00,,,precipitation,precipitation,,,mm,mm,observed,,False,,,"[""Q01""]",True
taihu_thqbca_history,storage\raw\taihu_thqbca_parsed\thqbca_observations.csv,10897,TAIHU_CLIMATE,,1970-01-05T16:00:00+00:00,,,precipitation,precipitation,,,mm,mm,observed,,False,,,"[""Q01""]",True
taihu_thqbca_history,storage\raw\taihu_thqbca_parsed\thqbca_observations.csv,10898,TAIHU_CLIMATE,,1970-01-06T16:00:00+00:00,,,precipitation,precipitation,,,mm,mm,observed,,False,,,"[""Q01""]",True
taihu_thqbca_history,storage\raw\taihu_thqbca_parsed\thqbca_observations.csv,10900,TAIHU_CLIMATE,,1970-01-08T16:00:00+00:00,,,precipitation,precipitation,,,mm,mm,observed,,False,,,"[""Q01""]",True
taihu_thqbca_history,storage\raw\taihu_thqbca_parsed\thqbca_observations.csv,10928,TAIHU_CLIMATE,,1970-02-05T16:00:00+00:00,,,precipitation,precipitation,,,mm,mm,observed,,False,,,"[""Q01""]",True
taihu_thqbca_history,storage\raw\taihu_thqbca_parsed\thqbca_observations.csv,10933,TAIHU_CLIMATE,,1970-02-10T16:00:00+00:00,,,precipitation,precipitation,,,mm,mm,observed,,False,,,"[""Q01""]",True
taihu_thqbca_history,storage\raw\taihu_thqbca_parsed\thqbca_observations.csv,10941,TAIHU_CLIMATE,,1970-02-18T16:00:00+00:00,,,precipitation,precipitation,,,mm,mm,observed,,False,,,"[""Q01""]",True
taihu_thqbca_history,storage\raw\taihu_thqbca_parsed\thqbca_observations.csv,10944,TAIHU_CLIMATE,,1970-02-21T16:00:00+00:00,,,precipitation,precipitation,,,mm,mm,observed,,False,,,"[""Q01""]",True
taihu_thqbca_history,storage\raw\taihu_thqbca_parsed\thqbca_observations.csv,10947,TAIHU_CLIMATE,,1970-02-24T16:00:00+00:00,,,precipitation,precipitation,,,mm,mm,observed,,False,,,"[""Q01""]",True
taihu_thqbca_history,storage\raw\taihu_thqbca_parsed\thqbca_observations.csv,10949,TAIHU_CLIMATE,,1970-02-26T16:00:00+00:00,,,precipitation,precipitation,,,mm,mm,observed,,False,,,"[""Q01""]",True
taihu_thqbca_history,storage\raw\taihu_thqbca_parsed\thqbca_observations.csv,10959,TAIHU_CLIMATE,,1970-03-08T16:00:00+00:00,,,precipitation,precipitation,,,mm,mm,observed,,False,,,"[""Q01""]",True
taihu_thqbca_history,storage\raw\taihu_thqbca_parsed\thqbca_observations.csv,10962,TAIHU_CLIMATE,,1970-03-11T16:00:00+00:00,,,precipitation,precipitation,,,mm,mm,observed,,False,,,"[""Q01""]",True
taihu_thqbca_history,storage\raw\taihu_thqbca_parsed\thqbca_observations.csv,10963,TAIHU_CLIMATE,,1970-03-12T16:00:00+00:00,,,precipitation,precipitation,,,mm,mm,observed,,False,,,"[""Q01""]",True
taihu_thqbca_history,storage\raw\taihu_thqbca_parsed\thqbca_observations.csv,10966,TAIHU_CLIMATE,,1970-03-15T16:00:00+00:00,,,precipitation,precipitation,,,mm,mm,observed,,False,,,"[""Q01""]",True
taihu_thqbca_history,storage\raw\taihu_thqbca_parsed\thqbca_observations.csv,10970,TAIHU_CLIMATE,,1970-03-19T16:00:00+00:00,,,precipitation,precipitation,,,mm,mm,observed,,False,,,"[""Q01""]",True
taihu_thqbca_history,storage\raw\taihu_thqbca_parsed\thqbca_observations.csv,10974,TAIHU_CLIMATE,,1970-03-23T16:00:00+00:00,,,precipitation,precipitation,,,mm,mm,observed,,False,,,"[""Q01""]",True
taihu_thqbca_history,storage\raw\taihu_thqbca_parsed\thqbca_observations.csv,10981,TAIHU_CLIMATE,,1970-03-30T16:00:00+00:00,,,precipitation,precipitation,,,mm,mm,observed,,False,,,"[""Q01""]",True
taihu_thqbca_history,storage\raw\taihu_thqbca_parsed\thqbca_observations.csv,10987,TAIHU_CLIMATE,,1970-04-05T16:00:00+00:00,,,precipitation,precipitation,,,mm,mm,observed,,False,,,"[""Q01""]",True
taihu_thqbca_history,storage\raw\taihu_thqbca_parsed\thqbca_observations.csv,10997,TAIHU_CLIMATE,,1970-04-15T16:00:00+00:00,,,precipitation,precipitation,,,mm,mm,observed,,False,,,"[""Q01""]",True
taihu_thqbca_history,storage\raw\taihu_thqbca_parsed\thqbca_observations.csv,11002,TAIHU_CLIMATE,,1970-04-20T16:00:00+00:00,,,precipitation,precipitation,,,mm,mm,observed,,False,,,"[""Q01""]",True
taihu_thqbca_history,storage\raw\taihu_thqbca_parsed\thqbca_observations.csv,11014,TAIHU_CLIMATE,,1970-05-02T16:00:00+00:00,,,precipitation,precipitation,,,mm,mm,observed,,False,,,"[""Q01""]",True
taihu_thqbca_history,storage\raw\taihu_thqbca_parsed\thqbca_observations.csv,11015,TAIHU_CLIMATE,,1970-05-03T16:00:00+00:00,,,precipitation,precipitation,,,mm,mm,observed,,False,,,"[""Q01""]",True
taihu_thqbca_history,storage\raw\taihu_thqbca_parsed\thqbca_observations.csv,11021,TAIHU_CLIMATE,,1970-05-09T16:00:00+00:00,,,precipitation,precipitation,,,mm,mm,observed,,False,,,"[""Q01""]",True
taihu_thqbca_history,storage\raw\taihu_thqbca_parsed\thqbca_observations.csv,11023,TAIHU_CLIMATE,,1970-05-11T16:00:00+00:00,,,precipitation,precipitation,,,mm,mm,observed,,False,,,"[""Q01""]",True
taihu_thqbca_history,storage\raw\taihu_thqbca_parsed\thqbca_observations.csv,11027,TAIHU_CLIMATE,,1970-05-15T16:00:00+00:00,,,precipitation,precipitation,,,mm,mm,observed,,False,,,"[""Q01""]",True
taihu_thqbca_history,storage\raw\taihu_thqbca_parsed\thqbca_observations.csv,11029,TAIHU_CLIMATE,,1970-05-17T16:00:00+00:00,,,precipitation,precipitation,,,mm,mm,observed,,False,,,"[""Q01""]",True
taihu_thqbca_history,storage\raw\taihu_thqbca_parsed\thqbca_observations.csv,11056,TAIHU_CLIMATE,,1970-06-13T16:00:00+00:00,,,precipitation,precipitation,,,mm,mm,observed,,False,,,"[""Q01""]",True
taihu_thqbca_history,storage\raw\taihu_thqbca_parsed\thqbca_observations.csv,11074,TAIHU_CLIMATE,,1970-07-01T16:00:00+00:00,,,precipitation,precipitation,,,mm,mm,observed,,False,,,"[""Q01""]",True
taihu_thqbca_history,storage\raw\taihu_thqbca_parsed\thqbca_observations.csv,11075,TAIHU_CLIMATE,,1970-07-02T16:00:00+00:00,,,precipitation,precipitation,,,mm,mm,observed,,False,,,"[""Q01""]",True
taihu_thqbca_history,storage\raw\taihu_thqbca_parsed\thqbca_observations.csv,11076,TAIHU_CLIMATE,,1970-07-03T16:00:00+00:00,,,precipitation,precipitation,,,mm,mm,observed,,False,,,"[""Q01""]",True
taihu_thqbca_history,storage\raw\taihu_thqbca_parsed\thqbca_observations.csv,11080,TAIHU_CLIMATE,,1970-07-07T16:00:00+00:00,,,precipitation,precipitation,,,mm,mm,observed,,False,,,"[""Q01""]",True
taihu_thqbca_history,storage\raw\taihu_thqbca_parsed\thqbca_observations.csv,11091,TAIHU_CLIMATE,,1970-07-18T16:00:00+00:00,,,precipitation,precipitation,,,mm,mm,observed,,False,,,"[""Q01""]",True
taihu_thqbca_history,storage\raw\taihu_thqbca_parsed\thqbca_observations.csv,11100,TAIHU_CLIMATE,,1970-07-27T16:00:00+00:00,,,precipitation,precipitation,,,mm,mm,observed,,False,,,"[""Q01""]",True
taihu_thqbca_history,storage\raw\taihu_thqbca_parsed\thqbca_observations.csv,11109,TAIHU_CLIMATE,,1970-08-05T16:00:00+00:00,,,precipitation,precipitation,,,mm,mm,observed,,False,,,"[""Q01""]",True
taihu_thqbca_history,storage\raw\taihu_thqbca_parsed\thqbca_observations.csv,11115,TAIHU_CLIMATE,,1970-08-11T16:00:00+00:00,,,precipitation,precipitation,,,mm,mm,observed,,False,,,"[""Q01""]",True
taihu_thqbca_history,storage\raw\taihu_thqbca_parsed\thqbca_observations.csv,11116,TAIHU_CLIMATE,,1970-08-12T16:00:00+00:00,,,precipitation,precipitation,,,mm,mm,observed,,False,,,"[""Q01""]",True
taihu_thqbca_history,storage\raw\taihu_thqbca_parsed\thqbca_observations.csv,11122,TAIHU_CLIMATE,,1970-08-18T16:00:00+00:00,,,precipitation,precipitation,,,mm,mm,observed,,False,,,"[""Q01""]",True
taihu_thqbca_history,storage\raw\taihu_thqbca_parsed\thqbca_observations.csv,11135,TAIHU_CLIMATE,,1970-08-31T16:00:00+00:00,,,precipitation,precipitation,,,mm,mm,observed,,False,,,"[""Q01""]",True
taihu_thqbca_history,storage\raw\taihu_thqbca_parsed\thqbca_observations.csv,11137,TAIHU_CLIMATE,,1970-09-02T16:00:00+00:00,,,precipitation,precipitation,,,mm,mm,observed,,False,,,"[""Q01""]",True
taihu_thqbca_history,storage\raw\taihu_thqbca_parsed\thqbca_observations.csv,11140,TAIHU_CLIMATE,,1970-09-05T16:00:00+00:00,,,precipitation,precipitation,,,mm,mm,observed,,False,,,"[""Q01""]",True
taihu_thqbca_history,storage\raw\taihu_thqbca_parsed\thqbca_observations.csv,11148,TAIHU_CLIMATE,,1970-09-13T16:00:00+00:00,,,precipitation,precipitation,,,mm,mm,observed,,False,,,"[""Q01""]",True
taihu_thqbca_history,storage\raw\taihu_thqbca_parsed\thqbca_observations.csv,11150,TAIHU_CLIMATE,,1970-09-15T16:00:00+00:00,,,precipitation,precipitation,,,mm,mm,observed,,False,,,"[""Q01""]",True
taihu_thqbca_history,storage\raw\taihu_thqbca_parsed\thqbca_observations.csv,11161,TAIHU_CLIMATE,,1970-09-26T16:00:00+00:00,,,precipitation,precipitation,,,mm,mm,observed,,False,,,"[""Q01""]",True
taihu_thqbca_history,storage\raw\taihu_thqbca_parsed\thqbca_observations.csv,11164,TAIHU_CLIMATE,,1970-09-29T16:00:00+00:00,,,precipitation,precipitation,,,mm,mm,observed,,False,,,"[""Q01""]",True
taihu_thqbca_history,storage\raw\taihu_thqbca_parsed\thqbca_observations.csv,11171,TAIHU_CLIMATE,,1970-10-06T16:00:00+00:00,,,precipitation,precipitation,,,mm,mm,observed,,False,,,"[""Q01""]",True
taihu_thqbca_history,storage\raw\taihu_thqbca_parsed\thqbca_observations.csv,11172,TAIHU_CLIMATE,,1970-10-07T16:00:00+00:00,,,precipitation,precipitation,,,mm,mm,observed,,False,,,"[""Q01""]",True
taihu_thqbca_history,storage\raw\taihu_thqbca_parsed\thqbca_observations.csv,11174,TAIHU_CLIMATE,,1970-10-09T16:00:00+00:00,,,precipitation,precipitation,,,mm,mm,observed,,False,,,"[""Q01""]",True
taihu_thqbca_history,storage\raw\taihu_thqbca_parsed\thqbca_observations.csv,11175,TAIHU_CLIMATE,,1970-10-10T16:00:00+00:00,,,precipitation,precipitation,,,mm,mm,observed,,False,,,"[""Q01""]",True
taihu_thqbca_history,storage\raw\taihu_thqbca_parsed\thqbca_observations.csv,11176,TAIHU_CLIMATE,,1970-10-11T16:00:00+00:00,,,precipitation,precipitation,,,mm,mm,observed,,False,,,"[""Q01""]",True
taihu_thqbca_history,storage\raw\taihu_thqbca_parsed\thqbca_observations.csv,11184,TAIHU_CLIMATE,,1970-10-19T16:00:00+00:00,,,precipitation,precipitation,,,mm,mm,observed,,False,,,"[""Q01""]",True
taihu_thqbca_history,storage\raw\taihu_thqbca_parsed\thqbca_observations.csv,11188,TAIHU_CLIMATE,,1970-10-23T16:00:00+00:00,,,precipitation,precipitation,,,mm,mm,observed,,False,,,"[""Q01""]",True
taihu_thqbca_history,storage\raw\taihu_thqbca_parsed\thqbca_observations.csv,11204,TAIHU_CLIMATE,,1970-11-08T16:00:00+00:00,,,precipitation,precipitation,,,mm,mm,observed,,False,,,"[""Q01""]",True
taihu_thqbca_history,storage\raw\taihu_thqbca_parsed\thqbca_observations.csv,11207,TAIHU_CLIMATE,,1970-11-11T16:00:00+00:00,,,precipitation,precipitation,,,mm,mm,observed,,False,,,"[""Q01""]",True
taihu_thqbca_history,storage\raw\taihu_thqbca_parsed\thqbca_observations.csv,11215,TAIHU_CLIMATE,,1970-11-19T16:00:00+00:00,,,precipitation,precipitation,,,mm,mm,observed,,False,,,"[""Q01""]",True
taihu_thqbca_history,storage\raw\taihu_thqbca_parsed\thqbca_observations.csv,11219,TAIHU_CLIMATE,,1970-11-23T16:00:00+00:00,,,precipitation,precipitation,,,mm,mm,observed,,False,,,"[""Q01""]",True
taihu_thqbca_history,storage\raw\taihu_thqbca_parsed\thqbca_observations.csv,11226,TAIHU_CLIMATE,,1970-11-30T16:00:00+00:00,,,precipitation,precipitation,,,mm,mm,observed,,False,,,"[""Q01""]",True
taihu_thqbca_history,storage\raw\taihu_thqbca_parsed\thqbca_observations.csv,11231,TAIHU_CLIMATE,,1970-12-05T16:00:00+00:00,,,precipitation,precipitation,,,mm,mm,observed,,False,,,"[""Q01""]",True
taihu_thqbca_history,storage\raw\taihu_thqbca_parsed\thqbca_observations.csv,11232,TAIHU_CLIMATE,,1970-12-06T16:00:00+00:00,,,precipitation,precipitation,,,mm,mm,observed,,False,,,"[""Q01""]",True
taihu_thqbca_history,storage\raw\taihu_thqbca_parsed\thqbca_observations.csv,11242,TAIHU_CLIMATE,,1970-12-16T16:00:00+00:00,,,precipitation,precipitation,,,mm,mm,observed,,False,,,"[""Q01""]",True
taihu_thqbca_history,storage\raw\taihu_thqbca_parsed\thqbca_observations.csv,11244,TAIHU_CLIMATE,,1970-12-18T16:00:00+00:00,,,precipitation,precipitation,,,mm,mm,observed,,False,,,"[""Q01""]",True
taihu_thqbca_history,storage\raw\taihu_thqbca_parsed\thqbca_observations.csv,11248,TAIHU_CLIMATE,,1970-12-22T16:00:00+00:00,,,precipitation,precipitation,,,mm,mm,observed,,False,,,"[""Q01""]",True
taihu_thqbca_history,storage\raw\taihu_thqbca_parsed\thqbca_observations.csv,11257,TAIHU_CLIMATE,,1970-12-31T16:00:00+00:00,,,precipitation,precipitation,,,mm,mm,observed,,False,,,"[""Q01""]",True
taihu_thqbca_history,storage\raw\taihu_thqbca_parsed\thqbca_observations.csv,11267,TAIHU_CLIMATE,,1971-01-10T16:00:00+00:00,,,precipitation,precipitation,,,mm,mm,observed,,False,,,"[""Q01""]",True
taihu_thqbca_history,storage\raw\taihu_thqbca_parsed\thqbca_observations.csv,11269,TAIHU_CLIMATE,,1971-01-12T16:00:00+00:00,,,precipitation,precipitation,,,mm,mm,observed,,False,,,"[""Q01""]",True
taihu_thqbca_history,storage\raw\taihu_thqbca_parsed\thqbca_observations.csv,11272,TAIHU_CLIMATE,,1971-01-15T16:00:00+00:00,,,precipitation,precipitation,,,mm,mm,observed,,False,,,"[""Q01""]",True
taihu_thqbca_history,storage\raw\taihu_thqbca_parsed\thqbca_observations.csv,11277,TAIHU_CLIMATE,,1971-01-20T16:00:00+00:00,,,precipitation,precipitation,,,mm,mm,observed,,False,,,"[""Q01""]",True
taihu_thqbca_history,storage\raw\taihu_thqbca_parsed\thqbca_observations.csv,11306,TAIHU_CLIMATE,,1971-02-18T16:00:00+00:00,,,precipitation,precipitation,,,mm,mm,observed,,False,,,"[""Q01""]",True
taihu_thqbca_history,storage\raw\taihu_thqbca_parsed\thqbca_observations.csv,11311,TAIHU_CLIMATE,,1971-02-23T16:00:00+00:00,,,precipitation,precipitation,,,mm,mm,observed,,False,,,"[""Q01""]",True
taihu_thqbca_history,storage\raw\taihu_thqbca_parsed\thqbca_observations.csv,11312,TAIHU_CLIMATE,,1971-02-24T16:00:00+00:00,,,precipitation,precipitation,,,mm,mm,observed,,False,,,"[""Q01""]",True
taihu_thqbca_history,storage\raw\taihu_thqbca_parsed\thqbca_observations.csv,11318,TAIHU_CLIMATE,,1971-03-02T16:00:00+00:00,,,precipitation,precipitation,,,mm,mm,observed,,False,,,"[""Q01""]",True
taihu_thqbca_history,storage\raw\taihu_thqbca_parsed\thqbca_observations.csv,11321,TAIHU_CLIMATE,,1971-03-05T16:00:00+00:00,,,precipitation,precipitation,,,mm,mm,observed,,False,,,"[""Q01""]",True
taihu_thqbca_history,storage\raw\taihu_thqbca_parsed\thqbca_observations.csv,11322,TAIHU_CLIMATE,,1971-03-06T16:00:00+00:00,,,precipitation,precipitation,,,mm,mm,observed,,False,,,"[""Q01""]",True
taihu_thqbca_history,storage\raw\taihu_thqbca_parsed\thqbca_observations.csv,11323,TAIHU_CLIMATE,,1971-03-07T16:00:00+00:00,,,precipitation,precipitation,,,mm,mm,observed,,False,,,"[""Q01""]",True
taihu_thqbca_history,storage\raw\taihu_thqbca_parsed\thqbca_observations.csv,11326,TAIHU_CLIMATE,,1971-03-10T16:00:00+00:00,,,precipitation,precipitation,,,mm,mm,observed,,False,,,"[""Q01""]",True
taihu_thqbca_history,storage\raw\taihu_thqbca_parsed\thqbca_observations.csv,11334,TAIHU_CLIMATE,,1971-03-18T16:00:00+00:00,,,precipitation,precipitation,,,mm,mm,observed,,False,,,"[""Q01""]",True
taihu_thqbca_history,storage\raw\taihu_thqbca_parsed\thqbca_observations.csv,11336,TAIHU_CLIMATE,,1971-03-20T16:00:00+00:00,,,precipitation,precipitation,,,mm,mm,observed,,False,,,"[""Q01""]",True
taihu_thqbca_history,storage\raw\taihu_thqbca_parsed\thqbca_observations.csv,11337,TAIHU_CLIMATE,,1971-03-21T16:00:00+00:00,,,precipitation,precipitation,,,mm,mm,observed,,False,,,"[""Q01""]",True
taihu_thqbca_history,storage\raw\taihu_thqbca_parsed\thqbca_observations.csv,11338,TAIHU_CLIMATE,,1971-03-22T16:00:00+00:00,,,precipitation,precipitation,,,mm,mm,observed,,False,,,"[""Q01""]",True
taihu_thqbca_history,storage\raw\taihu_thqbca_parsed\thqbca_observations.csv,11341,TAIHU_CLIMATE,,1971-03-25T16:00:00+00:00,,,precipitation,precipitation,,,mm,mm,observed,,False,,,"[""Q01""]",True
taihu_thqbca_history,storage\raw\taihu_thqbca_parsed\thqbca_observations.csv,11342,TAIHU_CLIMATE,,1971-03-26T16:00:00+00:00,,,precipitation,precipitation,,,mm,mm,observed,,False,,,"[""Q01""]",True
taihu_thqbca_history,storage\raw\taihu_thqbca_parsed\thqbca_observations.csv,11348,TAIHU_CLIMATE,,1971-04-01T16:00:00+00:00,,,precipitation,precipitation,,,mm,mm,observed,,False,,,"[""Q01""]",True
taihu_thqbca_history,storage\raw\taihu_thqbca_parsed\thqbca_observations.csv,11349,TAIHU_CLIMATE,,1971-04-02T16:00:00+00:00,,,precipitation,precipitation,,,mm,mm,observed,,False,,,"[""Q01""]",True
taihu_thqbca_history,storage\raw\taihu_thqbca_parsed\thqbca_observations.csv,11366,TAIHU_CLIMATE,,1971-04-19T16:00:00+00:00,,,precipitation,precipitation,,,mm,mm,observed,,False,,,"[""Q01""]",True
taihu_thqbca_history,storage\raw\taihu_thqbca_parsed\thqbca_observations.csv,11373,TAIHU_CLIMATE,,1971-04-26T16:00:00+00:00,,,precipitation,precipitation,,,mm,mm,observed,,False,,,"[""Q01""]",True
taihu_thqbca_history,storage\raw\taihu_thqbca_parsed\thqbca_observations.csv,11375,TAIHU_CLIMATE,,1971-04-28T16:00:00+00:00,,,precipitation,precipitation,,,mm,mm,observed,,False,,,"[""Q01""]",True
taihu_thqbca_history,storage\raw\taihu_thqbca_parsed\thqbca_observations.csv,11377,TAIHU_CLIMATE,,1971-04-30T16:00:00+00:00,,,precipitation,precipitation,,,mm,mm,observed,,False,,,"[""Q01""]",True
taihu_thqbca_history,storage\raw\taihu_thqbca_parsed\thqbca_observations.csv,11382,TAIHU_CLIMATE,,1971-05-05T16:00:00+00:00,,,precipitation,precipitation,,,mm,mm,observed,,False,,,"[""Q01""]",True
taihu_thqbca_history,storage\raw\taihu_thqbca_parsed\thqbca_observations.csv,11387,TAIHU_CLIMATE,,1971-05-10T16:00:00+00:00,,,precipitation,precipitation,,,mm,mm,observed,,False,,,"[""Q01""]",True
taihu_thqbca_history,storage\raw\taihu_thqbca_parsed\thqbca_observations.csv,11416,TAIHU_CLIMATE,,1971-06-08T16:00:00+00:00,,,precipitation,precipitation,,,mm,mm,observed,,False,,,"[""Q01""]",True
taihu_thqbca_history,storage\raw\taihu_thqbca_parsed\thqbca_observations.csv,11417,TAIHU_CLIMATE,,1971-06-09T16:00:00+00:00,,,precipitation,precipitation,,,mm,mm,observed,,False,,,"[""Q01""]",True
taihu_thqbca_history,storage\raw\taihu_thqbca_parsed\thqbca_observations.csv,11421,TAIHU_CLIMATE,,1971-06-13T16:00:00+00:00,,,precipitation,precipitation,,,mm,mm,observed,,False,,,"[""Q01""]",True
taihu_thqbca_history,storage\raw\taihu_thqbca_parsed\thqbca_observations.csv,11423,TAIHU_CLIMATE,,1971-06-15T16:00:00+00:00,,,precipitation,precipitation,,,mm,mm,observed,,False,,,"[""Q01""]",True
taihu_thqbca_history,storage\raw\taihu_thqbca_parsed\thqbca_observations.csv,11424,TAIHU_CLIMATE,,1971-06-16T16:00:00+00:00,,,precipitation,precipitation,,,mm,mm,observed,,False,,,"[""Q01""]",True
taihu_thqbca_history,storage\raw\taihu_thqbca_parsed\thqbca_observations.csv,11431,TAIHU_CLIMATE,,1971-06-23T16:00:00+00:00,,,precipitation,precipitation,,,mm,mm,observed,,False,,,"[""Q01""]",True
taihu_thqbca_history,storage\raw\taihu_thqbca_parsed\thqbca_observations.csv,11432,TAIHU_CLIMATE,,1971-06-24T16:00:00+00:00,,,precipitation,precipitation,,,mm,mm,observed,,False,,,"[""Q01""]",True
taihu_thqbca_history,storage\raw\taihu_thqbca_parsed\thqbca_observations.csv,11433,TAIHU_CLIMATE,,1971-06-25T16:00:00+00:00,,,precipitation,precipitation,,,mm,mm,observed,,False,,,"[""Q01""]",True
taihu_thqbca_history,storage\raw\taihu_thqbca_parsed\thqbca_observations.csv,11446,TAIHU_CLIMATE,,1971-07-08T16:00:00+00:00,,,precipitation,precipitation,,,mm,mm,observed,,False,,,"[""Q01""]",True
taihu_thqbca_history,storage\raw\taihu_thqbca_parsed\thqbca_observations.csv,11448,TAIHU_CLIMATE,,1971-07-10T16:00:00+00:00,,,precipitation,precipitation,,,mm,mm,observed,,False,,,"[""Q01""]",True
taihu_thqbca_history,storage\raw\taihu_thqbca_parsed\thqbca_observations.csv,11456,TAIHU_CLIMATE,,1971-07-18T16:00:00+00:00,,,precipitation,precipitation,,,mm,mm,observed,,False,,,"[""Q01""]",True
taihu_thqbca_history,storage\raw\taihu_thqbca_parsed\thqbca_observations.csv,11460,TAIHU_CLIMATE,,1971-07-22T16:00:00+00:00,,,precipitation,precipitation,,,mm,mm,observed,,False,,,"[""Q01""]",True
taihu_thqbca_history,storage\raw\taihu_thqbca_parsed\thqbca_observations.csv,11461,TAIHU_CLIMATE,,1971-07-23T16:00:00+00:00,,,precipitation,precipitation,,,mm,mm,observed,,False,,,"[""Q01""]",True
taihu_thqbca_history,storage\raw\taihu_thqbca_parsed\thqbca_observations.csv,11462,TAIHU_CLIMATE,,1971-07-24T16:00:00+00:00,,,precipitation,precipitation,,,mm,mm,observed,,False,,,"[""Q01""]",True
taihu_thqbca_history,storage\raw\taihu_thqbca_parsed\thqbca_observations.csv,11468,TAIHU_CLIMATE,,1971-07-30T16:00:00+00:00,,,precipitation,precipitation,,,mm,mm,observed,,False,,,"[""Q01""]",True
taihu_thqbca_history,storage\raw\taihu_thqbca_parsed\thqbca_observations.csv,11470,TAIHU_CLIMATE,,1971-08-01T16:00:00+00:00,,,precipitation,precipitation,,,mm,mm,observed,,False,,,"[""Q01""]",True
taihu_thqbca_history,storage\raw\taihu_thqbca_parsed\thqbca_observations.csv,11478,TAIHU_CLIMATE,,1971-08-09T16:00:00+00:00,,,precipitation,precipitation,,,mm,mm,observed,,False,,,"[""Q01""]",True
taihu_thqbca_history,storage\raw\taihu_thqbca_parsed\thqbca_observations.csv,11493,TAIHU_CLIMATE,,1971-08-24T16:00:00+00:00,,,precipitation,precipitation,,,mm,mm,observed,,False,,,"[""Q01""]",True
taihu_thqbca_history,storage\raw\taihu_thqbca_parsed\thqbca_observations.csv,11502,TAIHU_CLIMATE,,1971-09-02T16:00:00+00:00,,,precipitation,precipitation,,,mm,mm,observed,,False,,,"[""Q01""]",True
taihu_thqbca_history,storage\raw\taihu_thqbca_parsed\thqbca_observations.csv,11506,TAIHU_CLIMATE,,1971-09-06T16:00:00+00:00,,,precipitation,precipitation,,,mm,mm,observed,,False,,,"[""Q01""]",True
taihu_thqbca_history,storage\raw\taihu_thqbca_parsed\thqbca_observations.csv,11511,TAIHU_CLIMATE,,1971-09-11T16:00:00+00:00,,,precipitation,precipitation,,,mm,mm,observed,,False,,,"[""Q01""]",True
taihu_thqbca_history,storage\raw\taihu_thqbca_parsed\thqbca_observations.csv,11512,TAIHU_CLIMATE,,1971-09-12T16:00:00+00:00,,,precipitation,precipitation,,,mm,mm,observed,,False,,,"[""Q01""]",True
taihu_thqbca_history,storage\raw\taihu_thqbca_parsed\thqbca_observations.csv,11513,TAIHU_CLIMATE,,1971-09-13T16:00:00+00:00,,,precipitation,precipitation,,,mm,mm,observed,,False,,,"[""Q01""]",True
taihu_thqbca_history,storage\raw\taihu_thqbca_parsed\thqbca_observations.csv,11515,TAIHU_CLIMATE,,1971-09-15T16:00:00+00:00,,,precipitation,precipitation,,,mm,mm,observed,,False,,,"[""Q01""]",True
taihu_thqbca_history,storage\raw\taihu_thqbca_parsed\thqbca_observations.csv,11527,TAIHU_CLIMATE,,1971-09-27T16:00:00+00:00,,,precipitation,precipitation,,,mm,mm,observed,,False,,,"[""Q01""]",True
taihu_thqbca_history,storage\raw\taihu_thqbca_parsed\thqbca_observations.csv,11528,TAIHU_CLIMATE,,1971-09-28T16:00:00+00:00,,,precipitation,precipitation,,,mm,mm,observed,,False,,,"[""Q01""]",True
taihu_thqbca_history,storage\raw\taihu_thqbca_parsed\thqbca_observations.csv,11535,TAIHU_CLIMATE,,1971-10-05T16:00:00+00:00,,,precipitation,precipitation,,,mm,mm,observed,,False,,,"[""Q01""]",True
taihu_thqbca_history,storage\raw\taihu_thqbca_parsed\thqbca_observations.csv,11536,TAIHU_CLIMATE,,1971-10-06T16:00:00+00:00,,,precipitation,precipitation,,,mm,mm,observed,,False,,,"[""Q01""]",True
taihu_thqbca_history,storage\raw\taihu_thqbca_parsed\thqbca_observations.csv,11538,TAIHU_CLIMATE,,1971-10-08T16:00:00+00:00,,,precipitation,precipitation,,,mm,mm,observed,,False,,,"[""Q01""]",True
taihu_thqbca_history,storage\raw\taihu_thqbca_parsed\thqbca_observations.csv,11545,TAIHU_CLIMATE,,1971-10-15T16:00:00+00:00,,,precipitation,precipitation,,,mm,mm,observed,,False,,,"[""Q01""]",True
taihu_thqbca_history,storage\raw\taihu_thqbca_parsed\thqbca_observations.csv,11550,TAIHU_CLIMATE,,1971-10-20T16:00:00+00:00,,,precipitation,precipitation,,,mm,mm,observed,,False,,,"[""Q01""]",True
taihu_thqbca_history,storage\raw\taihu_thqbca_parsed\thqbca_observations.csv,11552,TAIHU_CLIMATE,,1971-10-22T16:00:00+00:00,,,precipitation,precipitation,,,mm,mm,observed,,False,,,"[""Q01""]",True
taihu_thqbca_history,storage\raw\taihu_thqbca_parsed\thqbca_observations.csv,11559,TAIHU_CLIMATE,,1971-10-29T16:00:00+00:00,,,precipitation,precipitation,,,mm,mm,observed,,False,,,"[""Q01""]",True
taihu_thqbca_history,storage\raw\taihu_thqbca_parsed\thqbca_observations.csv,11560,TAIHU_CLIMATE,,1971-10-30T16:00:00+00:00,,,precipitation,precipitation,,,mm,mm,observed,,False,,,"[""Q01""]",True
taihu_thqbca_history,storage\raw\taihu_thqbca_parsed\thqbca_observations.csv,11561,TAIHU_CLIMATE,,1971-10-31T16:00:00+00:00,,,precipitation,precipitation,,,mm,mm,observed,,False,,,"[""Q01""]",True
taihu_thqbca_history,storage\raw\taihu_thqbca_parsed\thqbca_observations.csv,11571,TAIHU_CLIMATE,,1971-11-10T16:00:00+00:00,,,precipitation,precipitation,,,mm,mm,observed,,False,,,"[""Q01""]",True
taihu_thqbca_history,storage\raw\taihu_thqbca_parsed\thqbca_observations.csv,11572,TAIHU_CLIMATE,,1971-11-11T16:00:00+00:00,,,precipitation,precipitation,,,mm,mm,observed,,False,,,"[""Q01""]",True
taihu_thqbca_history,storage\raw\taihu_thqbca_parsed\thqbca_observations.csv,11581,TAIHU_CLIMATE,,1971-11-20T16:00:00+00:00,,,precipitation,precipitation,,,mm,mm,observed,,False,,,"[""Q01""]",True
taihu_thqbca_history,storage\raw\taihu_thqbca_parsed\thqbca_observations.csv,11582,TAIHU_CLIMATE,,1971-11-21T16:00:00+00:00,,,precipitation,precipitation,,,mm,mm,observed,,False,,,"[""Q01""]",True
taihu_thqbca_history,storage\raw\taihu_thqbca_parsed\thqbca_observations.csv,11586,TAIHU_CLIMATE,,1971-11-25T16:00:00+00:00,,,precipitation,precipitation,,,mm,mm,observed,,False,,,"[""Q01""]",True
taihu_thqbca_history,storage\raw\taihu_thqbca_parsed\thqbca_observations.csv,11588,TAIHU_CLIMATE,,1971-11-27T16:00:00+00:00,,,precipitation,precipitation,,,mm,mm,observed,,False,,,"[""Q01""]",True
taihu_thqbca_history,storage\raw\taihu_thqbca_parsed\thqbca_observations.csv,11612,TAIHU_CLIMATE,,1971-12-21T16:00:00+00:00,,,precipitation,precipitation,,,mm,mm,observed,,False,,,"[""Q01""]",True
taihu_thqbca_history,storage\raw\taihu_thqbca_parsed\thqbca_observations.csv,11620,TAIHU_CLIMATE,,1971-12-29T16:00:00+00:00,,,precipitation,precipitation,,,mm,mm,observed,,False,,,"[""Q01""]",True
taihu_thqbca_history,storage\raw\taihu_thqbca_parsed\thqbca_observations.csv,11621,TAIHU_CLIMATE,,1971-12-30T16:00:00+00:00,,,precipitation,precipitation,,,mm,mm,observed,,False,,,"[""Q01""]",True
taihu_thqbca_history,storage\raw\taihu_thqbca_parsed\thqbca_observations.csv,11622,TAIHU_CLIMATE,,1971-12-31T16:00:00+00:00,,,precipitation,precipitation,,,mm,mm,observed,,False,,,"[""Q01""]",True
taihu_thqbca_history,storage\raw\taihu_thqbca_parsed\thqbca_observations.csv,11625,TAIHU_CLIMATE,,1972-01-03T16:00:00+00:00,,,precipitation,precipitation,,,mm,mm,observed,,False,,,"[""Q01""]",True
taihu_thqbca_history,storage\raw\taihu_thqbca_parsed\thqbca_observations.csv,11626,TAIHU_CLIMATE,,1972-01-04T16:00:00+00:00,,,precipitation,precipitation,,,mm,mm,observed,,False,,,"[""Q01""]",True
taihu_thqbca_history,storage\raw\taihu_thqbca_parsed\thqbca_observations.csv,11628,TAIHU_CLIMATE,,1972-01-06T16:00:00+00:00,,,precipitation,precipitation,,,mm,mm,observed,,False,,,"[""Q01""]",True
taihu_thqbca_history,storage\raw\taihu_thqbca_parsed\thqbca_observations.csv,11629,TAIHU_CLIMATE,,1972-01-07T16:00:00+00:00,,,precipitation,precipitation,,,mm,mm,observed,,False,,,"[""Q01""]",True
taihu_thqbca_history,storage\raw\taihu_thqbca_parsed\thqbca_observations.csv,11632,TAIHU_CLIMATE,,1972-01-10T16:00:00+00:00,,,precipitation,precipitation,,,mm,mm,observed,,False,,,"[""Q01""]",True
taihu_thqbca_history,storage\raw\taihu_thqbca_parsed\thqbca_observations.csv,11633,TAIHU_CLIMATE,,1972-01-11T16:00:00+00:00,,,precipitation,precipitation,,,mm,mm,observed,,False,,,"[""Q01""]",True
taihu_thqbca_history,storage\raw\taihu_thqbca_parsed\thqbca_observations.csv,11644,TAIHU_CLIMATE,,1972-01-22T16:00:00+00:00,,,precipitation,precipitation,,,mm,mm,observed,,False,,,"[""Q01""]",True
taihu_thqbca_history,storage\raw\taihu_thqbca_parsed\thqbca_observations.csv,11646,TAIHU_CLIMATE,,1972-01-24T16:00:00+00:00,,,precipitation,precipitation,,,mm,mm,observed,,False,,,"[""Q01""]",True
taihu_thqbca_history,storage\raw\taihu_thqbca_parsed\thqbca_observations.csv,11649,TAIHU_CLIMATE,,1972-01-27T16:00:00+00:00,,,precipitation,precipitation,,,mm,mm,observed,,False,,,"[""Q01""]",True
taihu_thqbca_history,storage\raw\taihu_thqbca_parsed\thqbca_observations.csv,11650,TAIHU_CLIMATE,,1972-01-28T16:00:00+00:00,,,precipitation,precipitation,,,mm,mm,observed,,False,,,"[""Q01""]",True
taihu_thqbca_history,storage\raw\taihu_thqbca_parsed\thqbca_observations.csv,11656,TAIHU_CLIMATE,,1972-02-03T16:00:00+00:00,,,precipitation,precipitation,,,mm,mm,observed,,False,,,"[""Q01""]",True
taihu_thqbca_history,storage\raw\taihu_thqbca_parsed\thqbca_observations.csv,11657,TAIHU_CLIMATE,,1972-02-04T16:00:00+00:00,,,precipitation,precipitation,,,mm,mm,observed,,False,,,"[""Q01""]",True
taihu_thqbca_history,storage\raw\taihu_thqbca_parsed\thqbca_observations.csv,11660,TAIHU_CLIMATE,,1972-02-07T16:00:00+00:00,,,precipitation,precipitation,,,mm,mm,observed,,False,,,"[""Q01""]",True
taihu_thqbca_history,storage\raw\taihu_thqbca_parsed\thqbca_observations.csv,11661,TAIHU_CLIMATE,,1972-02-08T16:00:00+00:00,,,precipitation,precipitation,,,mm,mm,observed,,False,,,"[""Q01""]",True
taihu_thqbca_history,storage\raw\taihu_thqbca_parsed\thqbca_observations.csv,11664,TAIHU_CLIMATE,,1972-02-11T16:00:00+00:00,,,precipitation,precipitation,,,mm,mm,observed,,False,,,"[""Q01""]",True
taihu_thqbca_history,storage\raw\taihu_thqbca_parsed\thqbca_observations.csv,11665,TAIHU_CLIMATE,,1972-02-12T16:00:00+00:00,,,precipitation,precipitation,,,mm,mm,observed,,False,,,"[""Q01""]",True
taihu_thqbca_history,storage\raw\taihu_thqbca_parsed\thqbca_observations.csv,11671,TAIHU_CLIMATE,,1972-02-18T16:00:00+00:00,,,precipitation,precipitation,,,mm,mm,observed,,False,,,"[""Q01""]",True
taihu_thqbca_history,storage\raw\taihu_thqbca_parsed\thqbca_observations.csv,11675,TAIHU_CLIMATE,,1972-02-22T16:00:00+00:00,,,precipitation,precipitation,,,mm,mm,observed,,False,,,"[""Q01""]",True
taihu_thqbca_history,storage\raw\taihu_thqbca_parsed\thqbca_observations.csv,11676,TAIHU_CLIMATE,,1972-02-23T16:00:00+00:00,,,precipitation,precipitation,,,mm,mm,observed,,False,,,"[""Q01""]",True
taihu_thqbca_history,storage\raw\taihu_thqbca_parsed\thqbca_observations.csv,11677,TAIHU_CLIMATE,,1972-02-24T16:00:00+00:00,,,precipitation,precipitation,,,mm,mm,observed,,False,,,"[""Q01""]",True
taihu_thqbca_history,storage\raw\taihu_thqbca_parsed\thqbca_observations.csv,11682,TAIHU_CLIMATE,,1972-02-29T16:00:00+00:00,,,precipitation,precipitation,,,mm,mm,observed,,False,,,"[""Q01""]",True
taihu_thqbca_history,storage\raw\taihu_thqbca_parsed\thqbca_observations.csv,11688,TAIHU_CLIMATE,,1972-03-06T16:00:00+00:00,,,precipitation,precipitation,,,mm,mm,observed,,False,,,"[""Q01""]",True
taihu_thqbca_history,storage\raw\taihu_thqbca_parsed\thqbca_observations.csv,11690,TAIHU_CLIMATE,,1972-03-08T16:00:00+00:00,,,precipitation,precipitation,,,mm,mm,observed,,False,,,"[""Q01""]",True
taihu_thqbca_history,storage\raw\taihu_thqbca_parsed\thqbca_observations.csv,11706,TAIHU_CLIMATE,,1972-03-24T16:00:00+00:00,,,precipitation,precipitation,,,mm,mm,observed,,False,,,"[""Q01""]",True
taihu_thqbca_history,storage\raw\taihu_thqbca_parsed\thqbca_observations.csv,11709,TAIHU_CLIMATE,,1972-03-27T16:00:00+00:00,,,precipitation,precipitation,,,mm,mm,observed,,False,,,"[""Q01""]",True
taihu_thqbca_history,storage\raw\taihu_thqbca_parsed\thqbca_observations.csv,11712,TAIHU_CLIMATE,,1972-03-30T16:00:00+00:00,,,precipitation,precipitation,,,mm,mm,observed,,False,,,"[""Q01""]",True
taihu_thqbca_history,storage\raw\taihu_thqbca_parsed\thqbca_observations.csv,11715,TAIHU_CLIMATE,,1972-04-02T16:00:00+00:00,,,precipitation,precipitation,,,mm,mm,observed,,False,,,"[""Q01""]",True
taihu_thqbca_history,storage\raw\taihu_thqbca_parsed\thqbca_observations.csv,11721,TAIHU_CLIMATE,,1972-04-08T16:00:00+00:00,,,precipitation,precipitation,,,mm,mm,observed,,False,,,"[""Q01""]",True
taihu_thqbca_history,storage\raw\taihu_thqbca_parsed\thqbca_observations.csv,11727,TAIHU_CLIMATE,,1972-04-14T16:00:00+00:00,,,precipitation,precipitation,,,mm,mm,observed,,False,,,"[""Q01""]",True
taihu_thqbca_history,storage\raw\taihu_thqbca_parsed\thqbca_observations.csv,11729,TAIHU_CLIMATE,,1972-04-16T16:00:00+00:00,,,precipitation,precipitation,,,mm,mm,observed,,False,,,"[""Q01""]",True
taihu_thqbca_history,storage\raw\taihu_thqbca_parsed\thqbca_observations.csv,11737,TAIHU_CLIMATE,,1972-04-24T16:00:00+00:00,,,precipitation,precipitation,,,mm,mm,observed,,False,,,"[""Q01""]",True
taihu_thqbca_history,storage\raw\taihu_thqbca_parsed\thqbca_observations.csv,11741,TAIHU_CLIMATE,,1972-04-28T16:00:00+00:00,,,precipitation,precipitation,,,mm,mm,observed,,False,,,"[""Q01""]",True
taihu_thqbca_history,storage\raw\taihu_thqbca_parsed\thqbca_observations.csv,11745,TAIHU_CLIMATE,,1972-05-02T16:00:00+00:00,,,precipitation,precipitation,,,mm,mm,observed,,False,,,"[""Q01""]",True
taihu_thqbca_history,storage\raw\taihu_thqbca_parsed\thqbca_observations.csv,11756,TAIHU_CLIMATE,,1972-05-13T16:00:00+00:00,,,precipitation,precipitation,,,mm,mm,observed,,False,,,"[""Q01""]",True
taihu_thqbca_history,storage\raw\taihu_thqbca_parsed\thqbca_observations.csv,11757,TAIHU_CLIMATE,,1972-05-14T16:00:00+00:00,,,precipitation,precipitation,,,mm,mm,observed,,False,,,"[""Q01""]",True
taihu_thqbca_history,storage\raw\taihu_thqbca_parsed\thqbca_observations.csv,11759,TAIHU_CLIMATE,,1972-05-16T16:00:00+00:00,,,precipitation,precipitation,,,mm,mm,observed,,False,,,"[""Q01""]",True
taihu_thqbca_history,storage\raw\taihu_thqbca_parsed\thqbca_observations.csv,11764,TAIHU_CLIMATE,,1972-05-21T16:00:00+00:00,,,precipitation,precipitation,,,mm,mm,observed,,False,,,"[""Q01""]",True
taihu_thqbca_history,storage\raw\taihu_thqbca_parsed\thqbca_observations.csv,11770,TAIHU_CLIMATE,,1972-05-27T16:00:00+00:00,,,precipitation,precipitation,,,mm,mm,observed,,False,,,"[""Q01""]",True
taihu_thqbca_history,storage\raw\taihu_thqbca_parsed\thqbca_observations.csv,11777,TAIHU_CLIMATE,,1972-06-03T16:00:00+00:00,,,precipitation,precipitation,,,mm,mm,observed,,False,,,"[""Q01""]",True
taihu_thqbca_history,storage\raw\taihu_thqbca_parsed\thqbca_observations.csv,11778,TAIHU_CLIMATE,,1972-06-04T16:00:00+00:00,,,precipitation,precipitation,,,mm,mm,observed,,False,,,"[""Q01""]",True
taihu_thqbca_history,storage\raw\taihu_thqbca_parsed\thqbca_observations.csv,11780,TAIHU_CLIMATE,,1972-06-06T16:00:00+00:00,,,precipitation,precipitation,,,mm,mm,observed,,False,,,"[""Q01""]",True
taihu_thqbca_history,storage\raw\taihu_thqbca_parsed\thqbca_observations.csv,11790,TAIHU_CLIMATE,,1972-06-16T16:00:00+00:00,,,precipitation,precipitation,,,mm,mm,observed,,False,,,"[""Q01""]",True
taihu_thqbca_history,storage\raw\taihu_thqbca_parsed\thqbca_observations.csv,11797,TAIHU_CLIMATE,,1972-06-23T16:00:00+00:00,,,precipitation,precipitation,,,mm,mm,observed,,False,,,"[""Q01""]",True
taihu_thqbca_history,storage\raw\taihu_thqbca_parsed\thqbca_observations.csv,11798,TAIHU_CLIMATE,,1972-06-24T16:00:00+00:00,,,precipitation,precipitation,,,mm,mm,observed,,False,,,"[""Q01""]",True
taihu_thqbca_history,storage\raw\taihu_thqbca_parsed\thqbca_observations.csv,11799,TAIHU_CLIMATE,,1972-06-25T16:00:00+00:00,,,precipitation,precipitation,,,mm,mm,observed,,False,,,"[""Q01""]",True
taihu_thqbca_history,storage\raw\taihu_thqbca_parsed\thqbca_observations.csv,11814,TAIHU_CLIMATE,,1972-07-10T16:00:00+00:00,,,precipitation,precipitation,,,mm,mm,observed,,False,,,"[""Q01""]",True
taihu_thqbca_history,storage\raw\taihu_thqbca_parsed\thqbca_observations.csv,11815,TAIHU_CLIMATE,,1972-07-11T16:00:00+00:00,,,precipitation,precipitation,,,mm,mm,observed,,False,,,"[""Q01""]",True
taihu_thqbca_history,storage\raw\taihu_thqbca_parsed\thqbca_observations.csv,11816,TAIHU_CLIMATE,,1972-07-12T16:00:00+00:00,,,precipitation,precipitation,,,mm,mm,observed,,False,,,"[""Q01""]",True
taihu_thqbca_history,storage\raw\taihu_thqbca_parsed\thqbca_observations.csv,11827,TAIHU_CLIMATE,,1972-07-23T16:00:00+00:00,,,precipitation,precipitation,,,mm,mm,observed,,False,,,"[""Q01""]",True
taihu_thqbca_history,storage\raw\taihu_thqbca_parsed\thqbca_observations.csv,11828,TAIHU_CLIMATE,,1972-07-24T16:00:00+00:00,,,precipitation,precipitation,,,mm,mm,observed,,False,,,"[""Q01""]",True
taihu_thqbca_history,storage\raw\taihu_thqbca_parsed\thqbca_observations.csv,11830,TAIHU_CLIMATE,,1972-07-26T16:00:00+00:00,,,precipitation,precipitation,,,mm,mm,observed,,False,,,"[""Q01""]",True
taihu_thqbca_history,storage\raw\taihu_thqbca_parsed\thqbca_observations.csv,11837,TAIHU_CLIMATE,,1972-08-02T16:00:00+00:00,,,precipitation,precipitation,,,mm,mm,observed,,False,,,"[""Q01""]",True
taihu_thqbca_history,storage\raw\taihu_thqbca_parsed\thqbca_observations.csv,11838,TAIHU_CLIMATE,,1972-08-03T16:00:00+00:00,,,precipitation,precipitation,,,mm,mm,observed,,False,,,"[""Q01""]",True
taihu_thqbca_history,storage\raw\taihu_thqbca_parsed\thqbca_observations.csv,11840,TAIHU_CLIMATE,,1972-08-05T16:00:00+00:00,,,precipitation,precipitation,,,mm,mm,observed,,False,,,"[""Q01""]",True
taihu_thqbca_history,storage\raw\taihu_thqbca_parsed\thqbca_observations.csv,11853,TAIHU_CLIMATE,,1972-08-18T16:00:00+00:00,,,precipitation,precipitation,,,mm,mm,observed,,False,,,"[""Q01""]",True
taihu_thqbca_history,storage\raw\taihu_thqbca_parsed\thqbca_observations.csv,11854,TAIHU_CLIMATE,,1972-08-19T16:00:00+00:00,,,precipitation,precipitation,,,mm,mm,observed,,False,,,"[""Q01""]",True
taihu_thqbca_history,storage\raw\taihu_thqbca_parsed\thqbca_observations.csv,11857,TAIHU_CLIMATE,,1972-08-22T16:00:00+00:00,,,precipitation,precipitation,,,mm,mm,observed,,False,,,"[""Q01""]",True
taihu_thqbca_history,storage\raw\taihu_thqbca_parsed\thqbca_observations.csv,11871,TAIHU_CLIMATE,,1972-09-05T16:00:00+00:00,,,precipitation,precipitation,,,mm,mm,observed,,False,,,"[""Q01""]",True
taihu_thqbca_history,storage\raw\taihu_thqbca_parsed\thqbca_observations.csv,11880,TAIHU_CLIMATE,,1972-09-14T16:00:00+00:00,,,precipitation,precipitation,,,mm,mm,observed,,False,,,"[""Q01""]",True
taihu_thqbca_history,storage\raw\taihu_thqbca_parsed\thqbca_observations.csv,11881,TAIHU_CLIMATE,,1972-09-15T16:00:00+00:00,,,precipitation,precipitation,,,mm,mm,observed,,False,,,"[""Q01""]",True
taihu_thqbca_history,storage\raw\taihu_thqbca_parsed\thqbca_observations.csv,11882,TAIHU_CLIMATE,,1972-09-16T16:00:00+00:00,,,precipitation,precipitation,,,mm,mm,observed,,False,,,"[""Q01""]",True
taihu_thqbca_history,storage\raw\taihu_thqbca_parsed\thqbca_observations.csv,11896,TAIHU_CLIMATE,,1972-09-30T16:00:00+00:00,,,precipitation,precipitation,,,mm,mm,observed,,False,,,"[""Q01""]",True
taihu_thqbca_history,storage\raw\taihu_thqbca_parsed\thqbca_observations.csv,11904,TAIHU_CLIMATE,,1972-10-08T16:00:00+00:00,,,precipitation,precipitation,,,mm,mm,observed,,False,,,"[""Q01""]",True
taihu_thqbca_history,storage\raw\taihu_thqbca_parsed\thqbca_observations.csv,11914,TAIHU_CLIMATE,,1972-10-18T16:00:00+00:00,,,precipitation,precipitation,,,mm,mm,observed,,False,,,"[""Q01""]",True
taihu_thqbca_history,storage\raw\taihu_thqbca_parsed\thqbca_observations.csv,11926,TAIHU_CLIMATE,,1972-10-30T16:00:00+00:00,,,precipitation,precipitation,,,mm,mm,observed,,False,,,"[""Q01""]",True
taihu_thqbca_history,storage\raw\taihu_thqbca_parsed\thqbca_observations.csv,11931,TAIHU_CLIMATE,,1972-11-04T16:00:00+00:00,,,precipitation,precipitation,,,mm,mm,observed,,False,,,"[""Q01""]",True
taihu_thqbca_history,storage\raw\taihu_thqbca_parsed\thqbca_observations.csv,11934,TAIHU_CLIMATE,,1972-11-07T16:00:00+00:00,,,precipitation,precipitation,,,mm,mm,observed,,False,,,"[""Q01""]",True
taihu_thqbca_history,storage\raw\taihu_thqbca_parsed\thqbca_observations.csv,11960,TAIHU_CLIMATE,,1972-12-03T16:00:00+00:00,,,precipitation,precipitation,,,mm,mm,observed,,False,,,"[""Q01""]",True
taihu_thqbca_history,storage\raw\taihu_thqbca_parsed\thqbca_observations.csv,11961,TAIHU_CLIMATE,,1972-12-04T16:00:00+00:00,,,precipitation,precipitation,,,mm,mm,observed,,False,,,"[""Q01""]",True
taihu_thqbca_history,storage\raw\taihu_thqbca_parsed\thqbca_observations.csv,11962,TAIHU_CLIMATE,,1972-12-05T16:00:00+00:00,,,precipitation,precipitation,,,mm,mm,observed,,False,,,"[""Q01""]",True
taihu_thqbca_history,storage\raw\taihu_thqbca_parsed\thqbca_observations.csv,11963,TAIHU_CLIMATE,,1972-12-06T16:00:00+00:00,,,precipitation,precipitation,,,mm,mm,observed,,False,,,"[""Q01""]",True
taihu_thqbca_history,storage\raw\taihu_thqbca_parsed\thqbca_observations.csv,11988,TAIHU_CLIMATE,,1972-12-31T16:00:00+00:00,,,precipitation,precipitation,,,mm,mm,observed,,False,,,"[""Q01""]",True
taihu_thqbca_history,storage\raw\taihu_thqbca_parsed\thqbca_observations.csv,11993,TAIHU_CLIMATE,,1973-01-05T16:00:00+00:00,,,precipitation,precipitation,,,mm,mm,observed,,False,,,"[""Q01""]",True
taihu_thqbca_history,storage\raw\taihu_thqbca_parsed\thqbca_observations.csv,11996,TAIHU_CLIMATE,,1973-01-08T16:00:00+00:00,,,precipitation,precipitation,,,mm,mm,observed,,False,,,"[""Q01""]",True
taihu_thqbca_history,storage\raw\taihu_thqbca_parsed\thqbca_observations.csv,12000,TAIHU_CLIMATE,,1973-01-12T16:00:00+00:00,,,precipitation,precipitation,,,mm,mm,observed,,False,,,"[""Q01""]",True
taihu_thqbca_history,storage\raw\taihu_thqbca_parsed\thqbca_observations.csv,12021,TAIHU_CLIMATE,,1973-02-02T16:00:00+00:00,,,precipitation,precipitation,,,mm,mm,observed,,False,,,"[""Q01""]",True
taihu_thqbca_history,storage\raw\taihu_thqbca_parsed\thqbca_observations.csv,12025,TAIHU_CLIMATE,,1973-02-06T16:00:00+00:00,,,precipitation,precipitation,,,mm,mm,observed,,False,,,"[""Q01""]",True
taihu_thqbca_history,storage\raw\taihu_thqbca_parsed\thqbca_observations.csv,12026,TAIHU_CLIMATE,,1973-02-07T16:00:00+00:00,,,precipitation,precipitation,,,mm,mm,observed,,False,,,"[""Q01""]",True
taihu_thqbca_history,storage\raw\taihu_thqbca_parsed\thqbca_observations.csv,12032,TAIHU_CLIMATE,,1973-02-13T16:00:00+00:00,,,precipitation,precipitation,,,mm,mm,observed,,False,,,"[""Q01""]",True
taihu_thqbca_history,storage\raw\taihu_thqbca_parsed\thqbca_observations.csv,12047,TAIHU_CLIMATE,,1973-02-28T16:00:00+00:00,,,precipitation,precipitation,,,mm,mm,observed,,False,,,"[""Q01""]",True
taihu_thqbca_history,storage\raw\taihu_thqbca_parsed\thqbca_observations.csv,12048,TAIHU_CLIMATE,,1973-03-01T16:00:00+00:00,,,precipitation,precipitation,,,mm,mm,observed,,False,,,"[""Q01""]",True
taihu_thqbca_history,storage\raw\taihu_thqbca_parsed\thqbca_observations.csv,12051,TAIHU_CLIMATE,,1973-03-04T16:00:00+00:00,,,precipitation,precipitation,,,mm,mm,observed,,False,,,"[""Q01""]",True
taihu_thqbca_history,storage\raw\taihu_thqbca_parsed\thqbca_observations.csv,12054,TAIHU_CLIMATE,,1973-03-07T16:00:00+00:00,,,precipitation,precipitation,,,mm,mm,observed,,False,,,"[""Q01""]",True
taihu_thqbca_history,storage\raw\taihu_thqbca_parsed\thqbca_observations.csv,12066,TAIHU_CLIMATE,,1973-03-19T16:00:00+00:00,,,precipitation,precipitation,,,mm,mm,observed,,False,,,"[""Q01""]",True
taihu_thqbca_history,storage\raw\taihu_thqbca_parsed\thqbca_observations.csv,12074,TAIHU_CLIMATE,,1973-03-27T16:00:00+00:00,,,precipitation,precipitation,,,mm,mm,observed,,False,,,"[""Q01""]",True
taihu_thqbca_history,storage\raw\taihu_thqbca_parsed\thqbca_observations.csv,12081,TAIHU_CLIMATE,,1973-04-03T16:00:00+00:00,,,precipitation,precipitation,,,mm,mm,observed,,False,,,"[""Q01""]",True
taihu_thqbca_history,storage\raw\taihu_thqbca_parsed\thqbca_observations.csv,12090,TAIHU_CLIMATE,,1973-04-12T16:00:00+00:00,,,precipitation,precipitation,,,mm,mm,observed,,False,,,"[""Q01""]",True
taihu_thqbca_history,storage\raw\taihu_thqbca_parsed\thqbca_observations.csv,12094,TAIHU_CLIMATE,,1973-04-16T16:00:00+00:00,,,precipitation,precipitation,,,mm,mm,observed,,False,,,"[""Q01""]",True
taihu_thqbca_history,storage\raw\taihu_thqbca_parsed\thqbca_observations.csv,12096,TAIHU_CLIMATE,,1973-04-18T16:00:00+00:00,,,precipitation,precipitation,,,mm,mm,observed,,False,,,"[""Q01""]",True
taihu_thqbca_history,storage\raw\taihu_thqbca_parsed\thqbca_observations.csv,12109,TAIHU_CLIMATE,,1973-05-01T16:00:00+00:00,,,precipitation,precipitation,,,mm,mm,observed,,False,,,"[""Q01""]",True
taihu_thqbca_history,storage\raw\taihu_thqbca_parsed\thqbca_observations.csv,12116,TAIHU_CLIMATE,,1973-05-08T16:00:00+00:00,,,precipitation,precipitation,,,mm,mm,observed,,False,,,"[""Q01""]",True
taihu_thqbca_history,storage\raw\taihu_thqbca_parsed\thqbca_observations.csv,12123,TAIHU_CLIMATE,,1973-05-15T16:00:00+00:00,,,precipitation,precipitation,,,mm,mm,observed,,False,,,"[""Q01""]",True
taihu_thqbca_history,storage\raw\taihu_thqbca_parsed\thqbca_observations.csv,12125,TAIHU_CLIMATE,,1973-05-17T16:00:00+00:00,,,precipitation,precipitation,,,mm,mm,observed,,False,,,"[""Q01""]",True
taihu_thqbca_history,storage\raw\taihu_thqbca_parsed\thqbca_observations.csv,12128,TAIHU_CLIMATE,,1973-05-20T16:00:00+00:00,,,precipitation,precipitation,,,mm,mm,observed,,False,,,"[""Q01""]",True
taihu_thqbca_history,storage\raw\taihu_thqbca_parsed\thqbca_observations.csv,12153,TAIHU_CLIMATE,,1973-06-14T16:00:00+00:00,,,precipitation,precipitation,,,mm,mm,observed,,False,,,"[""Q01""]",True
taihu_thqbca_history,storage\raw\taihu_thqbca_parsed\thqbca_observations.csv,12169,TAIHU_CLIMATE,,1973-06-30T16:00:00+00:00,,,precipitation,precipitation,,,mm,mm,observed,,False,,,"[""Q01""]",True
taihu_thqbca_history,storage\raw\taihu_thqbca_parsed\thqbca_observations.csv,12172,TAIHU_CLIMATE,,1973-07-03T16:00:00+00:00,,,precipitation,precipitation,,,mm,mm,observed,,False,,,"[""Q01""]",True
taihu_thqbca_history,storage\raw\taihu_thqbca_parsed\thqbca_observations.csv,12176,TAIHU_CLIMATE,,1973-07-07T16:00:00+00:00,,,precipitation,precipitation,,,mm,mm,observed,,False,,,"[""Q01""]",True
taihu_thqbca_history,storage\raw\taihu_thqbca_parsed\thqbca_observations.csv,12184,TAIHU_CLIMATE,,1973-07-15T16:00:00+00:00,,,precipitation,precipitation,,,mm,mm,observed,,False,,,"[""Q01""]",True
taihu_thqbca_history,storage\raw\taihu_thqbca_parsed\thqbca_observations.csv,12194,TAIHU_CLIMATE,,1973-07-25T16:00:00+00:00,,,precipitation,precipitation,,,mm,mm,observed,,False,,,"[""Q01""]",True
taihu_thqbca_history,storage\raw\taihu_thqbca_parsed\thqbca_observations.csv,12196,TAIHU_CLIMATE,,1973-07-27T16:00:00+00:00,,,precipitation,precipitation,,,mm,mm,observed,,False,,,"[""Q01""]",True
taihu_thqbca_history,storage\raw\taihu_thqbca_parsed\thqbca_observations.csv,12197,TAIHU_CLIMATE,,1973-07-28T16:00:00+00:00,,,precipitation,precipitation,,,mm,mm,observed,,False,,,"[""Q01""]",True
taihu_thqbca_history,storage\raw\taihu_thqbca_parsed\thqbca_observations.csv,12198,TAIHU_CLIMATE,,1973-07-29T16:00:00+00:00,,,precipitation,precipitation,,,mm,mm,observed,,False,,,"[""Q01""]",True
taihu_thqbca_history,storage\raw\taihu_thqbca_parsed\thqbca_observations.csv,12207,TAIHU_CLIMATE,,1973-08-07T16:00:00+00:00,,,precipitation,precipitation,,,mm,mm,observed,,False,,,"[""Q01""]",True
taihu_thqbca_history,storage\raw\taihu_thqbca_parsed\thqbca_observations.csv,12208,TAIHU_CLIMATE,,1973-08-08T16:00:00+00:00,,,precipitation,precipitation,,,mm,mm,observed,,False,,,"[""Q01""]",True
taihu_thqbca_history,storage\raw\taihu_thqbca_parsed\thqbca_observations.csv,12209,TAIHU_CLIMATE,,1973-08-09T16:00:00+00:00,,,precipitation,precipitation,,,mm,mm,observed,,False,,,"[""Q01""]",True
taihu_thqbca_history,storage\raw\taihu_thqbca_parsed\thqbca_observations.csv,12218,TAIHU_CLIMATE,,1973-08-18T16:00:00+00:00,,,precipitation,precipitation,,,mm,mm,observed,,False,,,"[""Q01""]",True
taihu_thqbca_history,storage\raw\taihu_thqbca_parsed\thqbca_observations.csv,12235,TAIHU_CLIMATE,,1973-09-04T16:00:00+00:00,,,precipitation,precipitation,,,mm,mm,observed,,False,,,"[""Q01""]",True
taihu_thqbca_history,storage\raw\taihu_thqbca_parsed\thqbca_observations.csv,12250,TAIHU_CLIMATE,,1973-09-19T16:00:00+00:00,,,precipitation,precipitation,,,mm,mm,observed,,False,,,"[""Q01""]",True
taihu_thqbca_history,storage\raw\taihu_thqbca_parsed\thqbca_observations.csv,12252,TAIHU_CLIMATE,,1973-09-21T16:00:00+00:00,,,precipitation,precipitation,,,mm,mm,observed,,False,,,"[""Q01""]",True
taihu_thqbca_history,storage\raw\taihu_thqbca_parsed\thqbca_observations.csv,12256,TAIHU_CLIMATE,,1973-09-25T16:00:00+00:00,,,precipitation,precipitation,,,mm,mm,observed,,False,,,"[""Q01""]",True
taihu_thqbca_history,storage\raw\taihu_thqbca_parsed\thqbca_observations.csv,12265,TAIHU_CLIMATE,,1973-10-04T16:00:00+00:00,,,precipitation,precipitation,,,mm,mm,observed,,False,,,"[""Q01""]",True
taihu_thqbca_history,storage\raw\taihu_thqbca_parsed\thqbca_observations.csv,12270,TAIHU_CLIMATE,,1973-10-09T16:00:00+00:00,,,precipitation,precipitation,,,mm,mm,observed,,False,,,"[""Q01""]",True
taihu_thqbca_history,storage\raw\taihu_thqbca_parsed\thqbca_observations.csv,12286,TAIHU_CLIMATE,,1973-10-25T16:00:00+00:00,,,precipitation,precipitation,,,mm,mm,observed,,False,,,"[""Q01""]",True
taihu_thqbca_history,storage\raw\taihu_thqbca_parsed\thqbca_observations.csv,12287,TAIHU_CLIMATE,,1973-10-26T16:00:00+00:00,,,precipitation,precipitation,,,mm,mm,observed,,False,,,"[""Q01""]",True
taihu_thqbca_history,storage\raw\taihu_thqbca_parsed\thqbca_observations.csv,12290,TAIHU_CLIMATE,,1973-10-29T16:00:00+00:00,,,precipitation,precipitation,,,mm,mm,observed,,False,,,"[""Q01""]",True
taihu_thqbca_history,storage\raw\taihu_thqbca_parsed\thqbca_observations.csv,12293,TAIHU_CLIMATE,,1973-11-01T16:00:00+00:00,,,precipitation,precipitation,,,mm,mm,observed,,False,,,"[""Q01""]",True
taihu_thqbca_history,storage\raw\taihu_thqbca_parsed\thqbca_observations.csv,12300,TAIHU_CLIMATE,,1973-11-08T16:00:00+00:00,,,precipitation,precipitation,,,mm,mm,observed,,False,,,"[""Q01""]",True
taihu_thqbca_history,storage\raw\taihu_thqbca_parsed\thqbca_observations.csv,12314,TAIHU_CLIMATE,,1973-11-22T16:00:00+00:00,,,precipitation,precipitation,,,mm,mm,observed,,False,,,"[""Q01""]",True
taihu_thqbca_history,storage\raw\taihu_thqbca_parsed\thqbca_observations.csv,12326,TAIHU_CLIMATE,,1973-12-04T16:00:00+00:00,,,precipitation,precipitation,,,mm,mm,observed,,False,,,"[""Q01""]",True
taihu_thqbca_history,storage\raw\taihu_thqbca_parsed\thqbca_observations.csv,12335,TAIHU_CLIMATE,,1973-12-13T16:00:00+00:00,,,precipitation,precipitation,,,mm,mm,observed,,False,,,"[""Q01""]",True
taihu_thqbca_history,storage\raw\taihu_thqbca_parsed\thqbca_observations.csv,12358,TAIHU_CLIMATE,,1974-01-05T16:00:00+00:00,,,precipitation,precipitation,,,mm,mm,observed,,False,,,"[""Q01""]",True
taihu_thqbca_history,storage\raw\taihu_thqbca_parsed\thqbca_observations.csv,12359,TAIHU_CLIMATE,,1974-01-06T16:00:00+00:00,,,precipitation,precipitation,,,mm,mm,observed,,False,,,"[""Q01""]",True
taihu_thqbca_history,storage\raw\taihu_thqbca_parsed\thqbca_observations.csv,12360,TAIHU_CLIMATE,,1974-01-07T16:00:00+00:00,,,precipitation,precipitation,,,mm,mm,observed,,False,,,"[""Q01""]",True
taihu_thqbca_history,storage\raw\taihu_thqbca_parsed\thqbca_observations.csv,12362,TAIHU_CLIMATE,,1974-01-09T16:00:00+00:00,,,precipitation,precipitation,,,mm,mm,observed,,False,,,"[""Q01""]",True
taihu_thqbca_history,storage\raw\taihu_thqbca_parsed\thqbca_observations.csv,12368,TAIHU_CLIMATE,,1974-01-15T16:00:00+00:00,,,precipitation,precipitation,,,mm,mm,observed,,False,,,"[""Q01""]",True
taihu_thqbca_history,storage\raw\taihu_thqbca_parsed\thqbca_observations.csv,12369,TAIHU_CLIMATE,,1974-01-16T16:00:00+00:00,,,precipitation,precipitation,,,mm,mm,observed,,False,,,"[""Q01""]",True
taihu_thqbca_history,storage\raw\taihu_thqbca_parsed\thqbca_observations.csv,12371,TAIHU_CLIMATE,,1974-01-18T16:00:00+00:00,,,precipitation,precipitation,,,mm,mm,observed,,False,,,"[""Q01""]",True
taihu_thqbca_history,storage\raw\taihu_thqbca_parsed\thqbca_observations.csv,12375,TAIHU_CLIMATE,,1974-01-22T16:00:00+00:00,,,precipitation,precipitation,,,mm,mm,observed,,False,,,"[""Q01""]",True
taihu_thqbca_history,storage\raw\taihu_thqbca_parsed\thqbca_observations.csv,12376,TAIHU_CLIMATE,,1974-01-23T16:00:00+00:00,,,precipitation,precipitation,,,mm,mm,observed,,False,,,"[""Q01""]",True
taihu_thqbca_history,storage\raw\taihu_thqbca_parsed\thqbca_observations.csv,12377,TAIHU_CLIMATE,,1974-01-24T16:00:00+00:00,,,precipitation,precipitation,,,mm,mm,observed,,False,,,"[""Q01""]",True
taihu_thqbca_history,storage\raw\taihu_thqbca_parsed\thqbca_observations.csv,12378,TAIHU_CLIMATE,,1974-01-25T16:00:00+00:00,,,precipitation,precipitation,,,mm,mm,observed,,False,,,"[""Q01""]",True
taihu_thqbca_history,storage\raw\taihu_thqbca_parsed\thqbca_observations.csv,12379,TAIHU_CLIMATE,,1974-01-26T16:00:00+00:00,,,precipitation,precipitation,,,mm,mm,observed,,False,,,"[""Q01""]",True
taihu_thqbca_history,storage\raw\taihu_thqbca_parsed\thqbca_observations.csv,12381,TAIHU_CLIMATE,,1974-01-28T16:00:00+00:00,,,precipitation,precipitation,,,mm,mm,observed,,False,,,"[""Q01""]",True
taihu_thqbca_history,storage\raw\taihu_thqbca_parsed\thqbca_observations.csv,12382,TAIHU_CLIMATE,,1974-01-29T16:00:00+00:00,,,precipitation,precipitation,,,mm,mm,observed,,False,,,"[""Q01""]",True
taihu_thqbca_history,storage\raw\taihu_thqbca_parsed\thqbca_observations.csv,12385,TAIHU_CLIMATE,,1974-02-01T16:00:00+00:00,,,precipitation,precipitation,,,mm,mm,observed,,False,,,"[""Q01""]",True
taihu_thqbca_history,storage\raw\taihu_thqbca_parsed\thqbca_observations.csv,12389,TAIHU_CLIMATE,,1974-02-05T16:00:00+00:00,,,precipitation,precipitation,,,mm,mm,observed,,False,,,"[""Q01""]",True
taihu_thqbca_history,storage\raw\taihu_thqbca_parsed\thqbca_observations.csv,12390,TAIHU_CLIMATE,,1974-02-06T16:00:00+00:00,,,precipitation,precipitation,,,mm,mm,observed,,False,,,"[""Q01""]",True
taihu_thqbca_history,storage\raw\taihu_thqbca_parsed\thqbca_observations.csv,12398,TAIHU_CLIMATE,,1974-02-14T16:00:00+00:00,,,precipitation,precipitation,,,mm,mm,observed,,False,,,"[""Q01""]",True
taihu_thqbca_history,storage\raw\taihu_thqbca_parsed\thqbca_observations.csv,12404,TAIHU_CLIMATE,,1974-02-20T16:00:00+00:00,,,precipitation,precipitation,,,mm,mm,observed,,False,,,"[""Q01""]",True
taihu_thqbca_history,storage\raw\taihu_thqbca_parsed\thqbca_observations.csv,12406,TAIHU_CLIMATE,,1974-02-22T16:00:00+00:00,,,precipitation,precipitation,,,mm,mm,observed,,False,,,"[""Q01""]",True
taihu_thqbca_history,storage\raw\taihu_thqbca_parsed\thqbca_observations.csv,12407,TAIHU_CLIMATE,,1974-02-23T16:00:00+00:00,,,precipitation,precipitation,,,mm,mm,observed,,False,,,"[""Q01""]",True
taihu_thqbca_history,storage\raw\taihu_thqbca_parsed\thqbca_observations.csv,12408,TAIHU_CLIMATE,,1974-02-24T16:00:00+00:00,,,precipitation,precipitation,,,mm,mm,observed,,False,,,"[""Q01""]",True
taihu_thqbca_history,storage\raw\taihu_thqbca_parsed\thqbca_observations.csv,12409,TAIHU_CLIMATE,,1974-02-25T16:00:00+00:00,,,precipitation,precipitation,,,mm,mm,observed,,False,,,"[""Q01""]",True
taihu_thqbca_history,storage\raw\taihu_thqbca_parsed\thqbca_observations.csv,12414,TAIHU_CLIMATE,,1974-03-02T16:00:00+00:00,,,precipitation,precipitation,,,mm,mm,observed,,False,,,"[""Q01""]",True
taihu_thqbca_history,storage\raw\taihu_thqbca_parsed\thqbca_observations.csv,12415,TAIHU_CLIMATE,,1974-03-03T16:00:00+00:00,,,precipitation,precipitation,,,mm,mm,observed,,False,,,"[""Q01""]",True
taihu_thqbca_history,storage\raw\taihu_thqbca_parsed\thqbca_observations.csv,12424,TAIHU_CLIMATE,,1974-03-12T16:00:00+00:00,,,precipitation,precipitation,,,mm,mm,observed,,False,,,"[""Q01""]",True
taihu_thqbca_history,storage\raw\taihu_thqbca_parsed\thqbca_observations.csv,12427,TAIHU_CLIMATE,,1974-03-15T16:00:00+00:00,,,precipitation,precipitation,,,mm,mm,observed,,False,,,"[""Q01""]",True
taihu_thqbca_history,storage\raw\taihu_thqbca_parsed\thqbca_observations.csv,12450,TAIHU_CLIMATE,,1974-04-07T16:00:00+00:00,,,precipitation,precipitation,,,mm,mm,observed,,False,,,"[""Q01""]",True
taihu_thqbca_history,storage\raw\taihu_thqbca_parsed\thqbca_observations.csv,12458,TAIHU_CLIMATE,,1974-04-15T16:00:00+00:00,,,precipitation,precipitation,,,mm,mm,observed,,False,,,"[""Q01""]",True
taihu_thqbca_history,storage\raw\taihu_thqbca_parsed\thqbca_observations.csv,12461,TAIHU_CLIMATE,,1974-04-18T16:00:00+00:00,,,precipitation,precipitation,,,mm,mm,observed,,False,,,"[""Q01""]",True
taihu_thqbca_history,storage\raw\taihu_thqbca_parsed\thqbca_observations.csv,12463,TAIHU_CLIMATE,,1974-04-20T16:00:00+00:00,,,precipitation,precipitation,,,mm,mm,observed,,False,,,"[""Q01""]",True
taihu_thqbca_history,storage\raw\taihu_thqbca_parsed\thqbca_observations.csv,12467,TAIHU_CLIMATE,,1974-04-24T16:00:00+00:00,,,precipitation,precipitation,,,mm,mm,observed,,False,,,"[""Q01""]",True
taihu_thqbca_history,storage\raw\taihu_thqbca_parsed\thqbca_observations.csv,12469,TAIHU_CLIMATE,,1974-04-26T16:00:00+00:00,,,precipitation,precipitation,,,mm,mm,observed,,False,,,"[""Q01""]",True
taihu_thqbca_history,storage\raw\taihu_thqbca_parsed\thqbca_observations.csv,12470,TAIHU_CLIMATE,,1974-04-27T16:00:00+00:00,,,precipitation,precipitation,,,mm,mm,observed,,False,,,"[""Q01""]",True
taihu_thqbca_history,storage\raw\taihu_thqbca_parsed\thqbca_observations.csv,12472,TAIHU_CLIMATE,,1974-04-29T16:00:00+00:00,,,precipitation,precipitation,,,mm,mm,observed,,False,,,"[""Q01""]",True
taihu_thqbca_history,storage\raw\taihu_thqbca_parsed\thqbca_observations.csv,12477,TAIHU_CLIMATE,,1974-05-04T16:00:00+00:00,,,precipitation,precipitation,,,mm,mm,observed,,False,,,"[""Q01""]",True
taihu_thqbca_history,storage\raw\taihu_thqbca_parsed\thqbca_observations.csv,12479,TAIHU_CLIMATE,,1974-05-06T16:00:00+00:00,,,precipitation,precipitation,,,mm,mm,observed,,False,,,"[""Q01""]",True
taihu_thqbca_history,storage\raw\taihu_thqbca_parsed\thqbca_observations.csv,12489,TAIHU_CLIMATE,,1974-05-16T16:00:00+00:00,,,precipitation,precipitation,,,mm,mm,observed,,False,,,"[""Q01""]",True
taihu_thqbca_history,storage\raw\taihu_thqbca_parsed\thqbca_observations.csv,12510,TAIHU_CLIMATE,,1974-06-06T16:00:00+00:00,,,precipitation,precipitation,,,mm,mm,observed,,False,,,"[""Q01""]",True
taihu_thqbca_history,storage\raw\taihu_thqbca_parsed\thqbca_observations.csv,12530,TAIHU_CLIMATE,,1974-06-26T16:00:00+00:00,,,precipitation,precipitation,,,mm,mm,observed,,False,,,"[""Q01""]",True
taihu_thqbca_history,storage\raw\taihu_thqbca_parsed\thqbca_observations.csv,12532,TAIHU_CLIMATE,,1974-06-28T16:00:00+00:00,,,precipitation,precipitation,,,mm,mm,observed,,False,,,"[""Q01""]",True
taihu_thqbca_history,storage\raw\taihu_thqbca_parsed\thqbca_observations.csv,12540,TAIHU_CLIMATE,,1974-07-06T16:00:00+00:00,,,precipitation,precipitation,,,mm,mm,observed,,False,,,"[""Q01""]",True
taihu_thqbca_history,storage\raw\taihu_thqbca_parsed\thqbca_observations.csv,12560,TAIHU_CLIMATE,,1974-07-26T16:00:00+00:00,,,precipitation,precipitation,,,mm,mm,observed,,False,,,"[""Q01""]",True
taihu_thqbca_history,storage\raw\taihu_thqbca_parsed\thqbca_observations.csv,12563,TAIHU_CLIMATE,,1974-07-29T16:00:00+00:00,,,precipitation,precipitation,,,mm,mm,observed,,False,,,"[""Q01""]",True
taihu_thqbca_history,storage\raw\taihu_thqbca_parsed\thqbca_observations.csv,12577,TAIHU_CLIMATE,,1974-08-12T16:00:00+00:00,,,precipitation,precipitation,,,mm,mm,observed,,False,,,"[""Q01""]",True
taihu_thqbca_history,storage\raw\taihu_thqbca_parsed\thqbca_observations.csv,12580,TAIHU_CLIMATE,,1974-08-15T16:00:00+00:00,,,precipitation,precipitation,,,mm,mm,observed,,False,,,"[""Q01""]",True
taihu_thqbca_history,storage\raw\taihu_thqbca_parsed\thqbca_observations.csv,12592,TAIHU_CLIMATE,,1974-08-27T16:00:00+00:00,,,precipitation,precipitation,,,mm,mm,observed,,False,,,"[""Q01""]",True
taihu_thqbca_history,storage\raw\taihu_thqbca_parsed\thqbca_observations.csv,12617,TAIHU_CLIMATE,,1974-09-21T16:00:00+00:00,,,precipitation,precipitation,,,mm,mm,observed,,False,,,"[""Q01""]",True
taihu_thqbca_history,storage\raw\taihu_thqbca_parsed\thqbca_observations.csv,12618,TAIHU_CLIMATE,,1974-09-22T16:00:00+00:00,,,precipitation,precipitation,,,mm,mm,observed,,False,,,"[""Q01""]",True
taihu_thqbca_history,storage\raw\taihu_thqbca_parsed\thqbca_observations.csv,12620,TAIHU_CLIMATE,,1974-09-24T16:00:00+00:00,,,precipitation,precipitation,,,mm,mm,observed,,False,,,"[""Q01""]",True
taihu_thqbca_history,storage\raw\taihu_thqbca_parsed\thqbca_observations.csv,12621,TAIHU_CLIMATE,,1974-09-25T16:00:00+00:00,,,precipitation,precipitation,,,mm,mm,observed,,False,,,"[""Q01""]",True
taihu_thqbca_history,storage\raw\taihu_thqbca_parsed\thqbca_observations.csv,12623,TAIHU_CLIMATE,,1974-09-27T16:00:00+00:00,,,precipitation,precipitation,,,mm,mm,observed,,False,,,"[""Q01""]",True
taihu_thqbca_history,storage\raw\taihu_thqbca_parsed\thqbca_observations.csv,12626,TAIHU_CLIMATE,,1974-09-30T16:00:00+00:00,,,precipitation,precipitation,,,mm,mm,observed,,False,,,"[""Q01""]",True
taihu_thqbca_history,storage\raw\taihu_thqbca_parsed\thqbca_observations.csv,12638,TAIHU_CLIMATE,,1974-10-12T16:00:00+00:00,,,precipitation,precipitation,,,mm,mm,observed,,False,,,"[""Q01""]",True
taihu_thqbca_history,storage\raw\taihu_thqbca_parsed\thqbca_observations.csv,12651,TAIHU_CLIMATE,,1974-10-25T16:00:00+00:00,,,precipitation,precipitation,,,mm,mm,observed,,False,,,"[""Q01""]",True
taihu_thqbca_history,storage\raw\taihu_thqbca_parsed\thqbca_observations.csv,12652,TAIHU_CLIMATE,,1974-10-26T16:00:00+00:00,,,precipitation,precipitation,,,mm,mm,observed,,False,,,"[""Q01""]",True
taihu_thqbca_history,storage\raw\taihu_thqbca_parsed\thqbca_observations.csv,12653,TAIHU_CLIMATE,,1974-10-27T16:00:00+00:00,,,precipitation,precipitation,,,mm,mm,observed,,False,,,"[""Q01""]",True
taihu_thqbca_history,storage\raw\taihu_thqbca_parsed\thqbca_observations.csv,12663,TAIHU_CLIMATE,,1974-11-06T16:00:00+00:00,,,precipitation,precipitation,,,mm,mm,observed,,False,,,"[""Q01""]",True
taihu_thqbca_history,storage\raw\taihu_thqbca_parsed\thqbca_observations.csv,12670,TAIHU_CLIMATE,,1974-11-13T16:00:00+00:00,,,precipitation,precipitation,,,mm,mm,observed,,False,,,"[""Q01""]",True
taihu_thqbca_history,storage\raw\taihu_thqbca_parsed\thqbca_observations.csv,12683,TAIHU_CLIMATE,,1974-11-26T16:00:00+00:00,,,precipitation,precipitation,,,mm,mm,observed,,False,,,"[""Q01""]",True
taihu_thqbca_history,storage\raw\taihu_thqbca_parsed\thqbca_observations.csv,12684,TAIHU_CLIMATE,,1974-11-27T16:00:00+00:00,,,precipitation,precipitation,,,mm,mm,observed,,False,,,"[""Q01""]",True
taihu_thqbca_history,storage\raw\taihu_thqbca_parsed\thqbca_observations.csv,12685,TAIHU_CLIMATE,,1974-11-28T16:00:00+00:00,,,precipitation,precipitation,,,mm,mm,observed,,False,,,"[""Q01""]",True
taihu_thqbca_history,storage\raw\taihu_thqbca_parsed\thqbca_observations.csv,12686,TAIHU_CLIMATE,,1974-11-29T16:00:00+00:00,,,precipitation,precipitation,,,mm,mm,observed,,False,,,"[""Q01""]",True
taihu_thqbca_history,storage\raw\taihu_thqbca_parsed\thqbca_observations.csv,12690,TAIHU_CLIMATE,,1974-12-03T16:00:00+00:00,,,precipitation,precipitation,,,mm,mm,observed,,False,,,"[""Q01""]",True
taihu_thqbca_history,storage\raw\taihu_thqbca_parsed\thqbca_observations.csv,12693,TAIHU_CLIMATE,,1974-12-06T16:00:00+00:00,,,precipitation,precipitation,,,mm,mm,observed,,False,,,"[""Q01""]",True
taihu_thqbca_history,storage\raw\taihu_thqbca_parsed\thqbca_observations.csv,12702,TAIHU_CLIMATE,,1974-12-15T16:00:00+00:00,,,precipitation,precipitation,,,mm,mm,observed,,False,,,"[""Q01""]",True
taihu_thqbca_history,storage\raw\taihu_thqbca_parsed\thqbca_observations.csv,12709,TAIHU_CLIMATE,,1974-12-22T16:00:00+00:00,,,precipitation,precipitation,,,mm,mm,observed,,False,,,"[""Q01""]",True
taihu_thqbca_history,storage\raw\taihu_thqbca_parsed\thqbca_observations.csv,12723,TAIHU_CLIMATE,,1975-01-05T16:00:00+00:00,,,precipitation,precipitation,,,mm,mm,observed,,False,,,"[""Q01""]",True
taihu_thqbca_history,storage\raw\taihu_thqbca_parsed\thqbca_observations.csv,12731,TAIHU_CLIMATE,,1975-01-13T16:00:00+00:00,,,precipitation,precipitation,,,mm,mm,observed,,False,,,"[""Q01""]",True
taihu_thqbca_history,storage\raw\taihu_thqbca_parsed\thqbca_observations.csv,12741,TAIHU_CLIMATE,,1975-01-23T16:00:00+00:00,,,precipitation,precipitation,,,mm,mm,observed,,False,,,"[""Q01""]",True
taihu_thqbca_history,storage\raw\taihu_thqbca_parsed\thqbca_observations.csv,12742,TAIHU_CLIMATE,,1975-01-24T16:00:00+00:00,,,precipitation,precipitation,,,mm,mm,observed,,False,,,"[""Q01""]",True
taihu_thqbca_history,storage\raw\taihu_thqbca_parsed\thqbca_observations.csv,12743,TAIHU_CLIMATE,,1975-01-25T16:00:00+00:00,,,precipitation,precipitation,,,mm,mm,observed,,False,,,"[""Q01""]",True
taihu_thqbca_history,storage\raw\taihu_thqbca_parsed\thqbca_observations.csv,12746,TAIHU_CLIMATE,,1975-01-28T16:00:00+00:00,,,precipitation,precipitation,,,mm,mm,observed,,False,,,"[""Q01""]",True
taihu_thqbca_history,storage\raw\taihu_thqbca_parsed\thqbca_observations.csv,12763,TAIHU_CLIMATE,,1975-02-14T16:00:00+00:00,,,precipitation,precipitation,,,mm,mm,observed,,False,,,"[""Q01""]",True
taihu_thqbca_history,storage\raw\taihu_thqbca_parsed\thqbca_observations.csv,12764,TAIHU_CLIMATE,,1975-02-15T16:00:00+00:00,,,precipitation,precipitation,,,mm,mm,observed,,False,,,"[""Q01""]",True
taihu_thqbca_history,storage\raw\taihu_thqbca_parsed\thqbca_observations.csv,12767,TAIHU_CLIMATE,,1975-02-18T16:00:00+00:00,,,precipitation,precipitation,,,mm,mm,observed,,False,,,"[""Q01""]",True
taihu_thqbca_history,storage\raw\taihu_thqbca_parsed\thqbca_observations.csv,12782,TAIHU_CLIMATE,,1975-03-05T16:00:00+00:00,,,precipitation,precipitation,,,mm,mm,observed,,False,,,"[""Q01""]",True
taihu_thqbca_history,storage\raw\taihu_thqbca_parsed\thqbca_observations.csv,12789,TAIHU_CLIMATE,,1975-03-12T16:00:00+00:00,,,precipitation,precipitation,,,mm,mm,observed,,False,,,"[""Q01""]",True
taihu_thqbca_history,storage\raw\taihu_thqbca_parsed\thqbca_observations.csv,12816,TAIHU_CLIMATE,,1975-04-08T16:00:00+00:00,,,precipitation,precipitation,,,mm,mm,observed,,False,,,"[""Q01""]",True
taihu_thqbca_history,storage\raw\taihu_thqbca_parsed\thqbca_observations.csv,12818,TAIHU_CLIMATE,,1975-04-10T16:00:00+00:00,,,precipitation,precipitation,,,mm,mm,observed,,False,,,"[""Q01""]",True
taihu_thqbca_history,storage\raw\taihu_thqbca_parsed\thqbca_observations.csv,12820,TAIHU_CLIMATE,,1975-04-12T16:00:00+00:00,,,precipitation,precipitation,,,mm,mm,observed,,False,,,"[""Q01""]",True
taihu_thqbca_history,storage\raw\taihu_thqbca_parsed\thqbca_observations.csv,12846,TAIHU_CLIMATE,,1975-05-08T16:00:00+00:00,,,precipitation,precipitation,,,mm,mm,observed,,False,,,"[""Q01""]",True
taihu_thqbca_history,storage\raw\taihu_thqbca_parsed\thqbca_observations.csv,12847,TAIHU_CLIMATE,,1975-05-09T16:00:00+00:00,,,precipitation,precipitation,,,mm,mm,observed,,False,,,"[""Q01""]",True
taihu_thqbca_history,storage\raw\taihu_thqbca_parsed\thqbca_observations.csv,12849,TAIHU_CLIMATE,,1975-05-11T16:00:00+00:00,,,precipitation,precipitation,,,mm,mm,observed,,False,,,"[""Q01""]",True
taihu_thqbca_history,storage\raw\taihu_thqbca_parsed\thqbca_observations.csv,12861,TAIHU_CLIMATE,,1975-05-23T16:00:00+00:00,,,precipitation,precipitation,,,mm,mm,observed,,False,,,"[""Q01""]",True
taihu_thqbca_history,storage\raw\taihu_thqbca_parsed\thqbca_observations.csv,12865,TAIHU_CLIMATE,,1975-05-27T16:00:00+00:00,,,precipitation,precipitation,,,mm,mm,observed,,False,,,"[""Q01""]",True
taihu_thqbca_history,storage\raw\taihu_thqbca_parsed\thqbca_observations.csv,12867,TAIHU_CLIMATE,,1975-05-29T16:00:00+00:00,,,precipitation,precipitation,,,mm,mm,observed,,False,,,"[""Q01""]",True
taihu_thqbca_history,storage\raw\taihu_thqbca_parsed\thqbca_observations.csv,12871,TAIHU_CLIMATE,,1975-06-02T16:00:00+00:00,,,precipitation,precipitation,,,mm,mm,observed,,False,,,"[""Q01""]",True
taihu_thqbca_history,storage\raw\taihu_thqbca_parsed\thqbca_observations.csv,12873,TAIHU_CLIMATE,,1975-06-04T16:00:00+00:00,,,precipitation,precipitation,,,mm,mm,observed,,False,,,"[""Q01""]",True
taihu_thqbca_history,storage\raw\taihu_thqbca_parsed\thqbca_observations.csv,12884,TAIHU_CLIMATE,,1975-06-15T16:00:00+00:00,,,precipitation,precipitation,,,mm,mm,observed,,False,,,"[""Q01""]",True
taihu_thqbca_history,storage\raw\taihu_thqbca_parsed\thqbca_observations.csv,12903,TAIHU_CLIMATE,,1975-07-04T16:00:00+00:00,,,precipitation,precipitation,,,mm,mm,observed,,False,,,"[""Q01""]",True
taihu_thqbca_history,storage\raw\taihu_thqbca_parsed\thqbca_observations.csv,12907,TAIHU_CLIMATE,,1975-07-08T16:00:00+00:00,,,precipitation,precipitation,,,mm,mm,observed,,False,,,"[""Q01""]",True
taihu_thqbca_history,storage\raw\taihu_thqbca_parsed\thqbca_observations.csv,12911,TAIHU_CLIMATE,,1975-07-12T16:00:00+00:00,,,precipitation,precipitation,,,mm,mm,observed,,False,,,"[""Q01""]",True
taihu_thqbca_history,storage\raw\taihu_thqbca_parsed\thqbca_observations.csv,12914,TAIHU_CLIMATE,,1975-07-15T16:00:00+00:00,,,precipitation,precipitation,,,mm,mm,observed,,False,,,"[""Q01""]",True
taihu_thqbca_history,storage\raw\taihu_thqbca_parsed\thqbca_observations.csv,12915,TAIHU_CLIMATE,,1975-07-16T16:00:00+00:00,,,precipitation,precipitation,,,mm,mm,observed,,False,,,"[""Q01""]",True
taihu_thqbca_history,storage\raw\taihu_thqbca_parsed\thqbca_observations.csv,12923,TAIHU_CLIMATE,,1975-07-24T16:00:00+00:00,,,precipitation,precipitation,,,mm,mm,observed,,False,,,"[""Q01""]",True
taihu_thqbca_history,storage\raw\taihu_thqbca_parsed\thqbca_observations.csv,12924,TAIHU_CLIMATE,,1975-07-25T16:00:00+00:00,,,precipitation,precipitation,,,mm,mm,observed,,False,,,"[""Q01""]",True
taihu_thqbca_history,storage\raw\taihu_thqbca_parsed\thqbca_observations.csv,12939,TAIHU_CLIMATE,,1975-08-09T16:00:00+00:00,,,precipitation,precipitation,,,mm,mm,observed,,False,,,"[""Q01""]",True
taihu_thqbca_history,storage\raw\taihu_thqbca_parsed\thqbca_observations.csv,12949,TAIHU_CLIMATE,,1975-08-19T16:00:00+00:00,,,precipitation,precipitation,,,mm,mm,observed,,False,,,"[""Q01""]",True
taihu_thqbca_history,storage\raw\taihu_thqbca_parsed\thqbca_observations.csv,12952,TAIHU_CLIMATE,,1975-08-22T16:00:00+00:00,,,precipitation,precipitation,,,mm,mm,observed,,False,,,"[""Q01""]",True
taihu_thqbca_history,storage\raw\taihu_thqbca_parsed\thqbca_observations.csv,12963,TAIHU_CLIMATE,,1975-09-02T16:00:00+00:00,,,precipitation,precipitation,,,mm,mm,observed,,False,,,"[""Q01""]",True
taihu_thqbca_history,storage\raw\taihu_thqbca_parsed\thqbca_observations.csv,12964,TAIHU_CLIMATE,,1975-09-03T16:00:00+00:00,,,precipitation,precipitation,,,mm,mm,observed,,False,,,"[""Q01""]",True
taihu_thqbca_history,storage\raw\taihu_thqbca_parsed\thqbca_observations.csv,12983,TAIHU_CLIMATE,,1975-09-22T16:00:00+00:00,,,precipitation,precipitation,,,mm,mm,observed,,False,,,"[""Q01""]",True
taihu_thqbca_history,storage\raw\taihu_thqbca_parsed\thqbca_observations.csv,12985,TAIHU_CLIMATE,,1975-09-24T16:00:00+00:00,,,precipitation,precipitation,,,mm,mm,observed,,False,,,"[""Q01""]",True
taihu_thqbca_history,storage\raw\taihu_thqbca_parsed\thqbca_observations.csv,12991,TAIHU_CLIMATE,,1975-09-30T16:00:00+00:00,,,precipitation,precipitation,,,mm,mm,observed,,False,,,"[""Q01""]",True
taihu_thqbca_history,storage\raw\taihu_thqbca_parsed\thqbca_observations.csv,12993,TAIHU_CLIMATE,,1975-10-02T16:00:00+00:00,,,precipitation,precipitation,,,mm,mm,observed,,False,,,"[""Q01""]",True
taihu_thqbca_history,storage\raw\taihu_thqbca_parsed\thqbca_observations.csv,13000,TAIHU_CLIMATE,,1975-10-09T16:00:00+00:00,,,precipitation,precipitation,,,mm,mm,observed,,False,,,"[""Q01""]",True
taihu_thqbca_history,storage\raw\taihu_thqbca_parsed\thqbca_observations.csv,13007,TAIHU_CLIMATE,,1975-10-16T16:00:00+00:00,,,precipitation,precipitation,,,mm,mm,observed,,False,,,"[""Q01""]",True
taihu_thqbca_history,storage\raw\taihu_thqbca_parsed\thqbca_observations.csv,13017,TAIHU_CLIMATE,,1975-10-26T16:00:00+00:00,,,precipitation,precipitation,,,mm,mm,observed,,False,,,"[""Q01""]",True
taihu_thqbca_history,storage\raw\taihu_thqbca_parsed\thqbca_observations.csv,13018,TAIHU_CLIMATE,,1975-10-27T16:00:00+00:00,,,precipitation,precipitation,,,mm,mm,observed,,False,,,"[""Q01""]",True
taihu_thqbca_history,storage\raw\taihu_thqbca_parsed\thqbca_observations.csv,13030,TAIHU_CLIMATE,,1975-11-08T16:00:00+00:00,,,precipitation,precipitation,,,mm,mm,observed,,False,,,"[""Q01""]",True
taihu_thqbca_history,storage\raw\taihu_thqbca_parsed\thqbca_observations.csv,13038,TAIHU_CLIMATE,,1975-11-16T16:00:00+00:00,,,precipitation,precipitation,,,mm,mm,observed,,False,,,"[""Q01""]",True
taihu_thqbca_history,storage\raw\taihu_thqbca_parsed\thqbca_observations.csv,13043,TAIHU_CLIMATE,,1975-11-21T16:00:00+00:00,,,precipitation,precipitation,,,mm,mm,observed,,False,,,"[""Q01""]",True
taihu_thqbca_history,storage\raw\taihu_thqbca_parsed\thqbca_observations.csv,13050,TAIHU_CLIMATE,,1975-11-28T16:00:00+00:00,,,precipitation,precipitation,,,mm,mm,observed,,False,,,"[""Q01""]",True
taihu_thqbca_history,storage\raw\taihu_thqbca_parsed\thqbca_observations.csv,13053,TAIHU_CLIMATE,,1975-12-01T16:00:00+00:00,,,precipitation,precipitation,,,mm,mm,observed,,False,,,"[""Q01""]",True
taihu_thqbca_history,storage\raw\taihu_thqbca_parsed\thqbca_observations.csv,13054,TAIHU_CLIMATE,,1975-12-02T16:00:00+00:00,,,precipitation,precipitation,,,mm,mm,observed,,False,,,"[""Q01""]",True
taihu_thqbca_history,storage\raw\taihu_thqbca_parsed\thqbca_observations.csv,13061,TAIHU_CLIMATE,,1975-12-09T16:00:00+00:00,,,precipitation,precipitation,,,mm,mm,observed,,False,,,"[""Q01""]",True
taihu_thqbca_history,storage\raw\taihu_thqbca_parsed\thqbca_observations.csv,13062,TAIHU_CLIMATE,,1975-12-10T16:00:00+00:00,,,precipitation,precipitation,,,mm,mm,observed,,False,,,"[""Q01""]",True
taihu_thqbca_history,storage\raw\taihu_thqbca_parsed\thqbca_observations.csv,13070,TAIHU_CLIMATE,,1975-12-18T16:00:00+00:00,,,precipitation,precipitation,,,mm,mm,observed,,False,,,"[""Q01""]",True
taihu_thqbca_history,storage\raw\taihu_thqbca_parsed\thqbca_observations.csv,13075,TAIHU_CLIMATE,,1975-12-23T16:00:00+00:00,,,precipitation,precipitation,,,mm,mm,observed,,False,,,"[""Q01""]",True
taihu_thqbca_history,storage\raw\taihu_thqbca_parsed\thqbca_observations.csv,13076,TAIHU_CLIMATE,,1975-12-24T16:00:00+00:00,,,precipitation,precipitation,,,mm,mm,observed,,False,,,"[""Q01""]",True
taihu_thqbca_history,storage\raw\taihu_thqbca_parsed\thqbca_observations.csv,13098,TAIHU_CLIMATE,,1976-01-15T16:00:00+00:00,,,precipitation,precipitation,,,mm,mm,observed,,False,,,"[""Q01""]",True
taihu_thqbca_history,storage\raw\taihu_thqbca_parsed\thqbca_observations.csv,13102,TAIHU_CLIMATE,,1976-01-19T16:00:00+00:00,,,precipitation,precipitation,,,mm,mm,observed,,False,,,"[""Q01""]",True
taihu_thqbca_history,storage\raw\taihu_thqbca_parsed\thqbca_observations.csv,13103,TAIHU_CLIMATE,,1976-01-20T16:00:00+00:00,,,precipitation,precipitation,,,mm,mm,observed,,False,,,"[""Q01""]",True
taihu_thqbca_history,storage\raw\taihu_thqbca_parsed\thqbca_observations.csv,13113,TAIHU_CLIMATE,,1976-01-30T16:00:00+00:00,,,precipitation,precipitation,,,mm,mm,observed,,False,,,"[""Q01""]",True
taihu_thqbca_history,storage\raw\taihu_thqbca_parsed\thqbca_observations.csv,13121,TAIHU_CLIMATE,,1976-02-07T16:00:00+00:00,,,precipitation,precipitation,,,mm,mm,observed,,False,,,"[""Q01""]",True
taihu_thqbca_history,storage\raw\taihu_thqbca_parsed\thqbca_observations.csv,13122,TAIHU_CLIMATE,,1976-02-08T16:00:00+00:00,,,precipitation,precipitation,,,mm,mm,observed,,False,,,"[""Q01""]",True
taihu_thqbca_history,storage\raw\taihu_thqbca_parsed\thqbca_observations.csv,13123,TAIHU_CLIMATE,,1976-02-09T16:00:00+00:00,,,precipitation,precipitation,,,mm,mm,observed,,False,,,"[""Q01""]",True
taihu_thqbca_history,storage\raw\taihu_thqbca_parsed\thqbca_observations.csv,13148,TAIHU_CLIMATE,,1976-03-05T16:00:00+00:00,,,precipitation,precipitation,,,mm,mm,observed,,False,,,"[""Q01""]",True
taihu_thqbca_history,storage\raw\taihu_thqbca_parsed\thqbca_observations.csv,13159,TAIHU_CLIMATE,,1976-03-16T16:00:00+00:00,,,precipitation,precipitation,,,mm,mm,observed,,False,,,"[""Q01""]",True
taihu_thqbca_history,storage\raw\taihu_thqbca_parsed\thqbca_observations.csv,13160,TAIHU_CLIMATE,,1976-03-17T16:00:00+00:00,,,precipitation,precipitation,,,mm,mm,observed,,False,,,"[""Q01""]",True
taihu_thqbca_history,storage\raw\taihu_thqbca_parsed\thqbca_observations.csv,13167,TAIHU_CLIMATE,,1976-03-24T16:00:00+00:00,,,precipitation,precipitation,,,mm,mm,observed,,False,,,"[""Q01""]",True
taihu_thqbca_history,storage\raw\taihu_thqbca_parsed\thqbca_observations.csv,13170,TAIHU_CLIMATE,,1976-03-27T16:00:00+00:00,,,precipitation,precipitation,,,mm,mm,observed,,False,,,"[""Q01""]",True
taihu_thqbca_history,storage\raw\taihu_thqbca_parsed\thqbca_observations.csv,13207,TAIHU_CLIMATE,,1976-05-03T16:00:00+00:00,,,precipitation,precipitation,,,mm,mm,observed,,False,,,"[""Q01""]",True
taihu_thqbca_history,storage\raw\taihu_thqbca_parsed\thqbca_observations.csv,13222,TAIHU_CLIMATE,,1976-05-18T16:00:00+00:00,,,precipitation,precipitation,,,mm,mm,observed,,False,,,"[""Q01""]",True
taihu_thqbca_history,storage\raw\taihu_thqbca_parsed\thqbca_observations.csv,13225,TAIHU_CLIMATE,,1976-05-21T16:00:00+00:00,,,precipitation,precipitation,,,mm,mm,observed,,False,,,"[""Q01""]",True
taihu_thqbca_history,storage\raw\taihu_thqbca_parsed\thqbca_observations.csv,13226,TAIHU_CLIMATE,,1976-05-22T16:00:00+00:00,,,precipitation,precipitation,,,mm,mm,observed,,False,,,"[""Q01""]",True
taihu_thqbca_history,storage\raw\taihu_thqbca_parsed\thqbca_observations.csv,13227,TAIHU_CLIMATE,,1976-05-23T16:00:00+00:00,,,precipitation,precipitation,,,mm,mm,observed,,False,,,"[""Q01""]",True
taihu_thqbca_history,storage\raw\taihu_thqbca_parsed\thqbca_observations.csv,13232,TAIHU_CLIMATE,,1976-05-28T16:00:00+00:00,,,precipitation,precipitation,,,mm,mm,observed,,False,,,"[""Q01""]",True
taihu_thqbca_history,storage\raw\taihu_thqbca_parsed\thqbca_observations.csv,13249,TAIHU_CLIMATE,,1976-06-14T16:00:00+00:00,,,precipitation,precipitation,,,mm,mm,observed,,False,,,"[""Q01""]",True
taihu_thqbca_history,storage\raw\taihu_thqbca_parsed\thqbca_observations.csv,13251,TAIHU_CLIMATE,,1976-06-16T16:00:00+00:00,,,precipitation,precipitation,,,mm,mm,observed,,False,,,"[""Q01""]",True
taihu_thqbca_history,storage\raw\taihu_thqbca_parsed\thqbca_observations.csv,13253,TAIHU_CLIMATE,,1976-06-18T16:00:00+00:00,,,precipitation,precipitation,,,mm,mm,observed,,False,,,"[""Q01""]",True
taihu_thqbca_history,storage\raw\taihu_thqbca_parsed\thqbca_observations.csv,13261,TAIHU_CLIMATE,,1976-06-26T16:00:00+00:00,,,precipitation,precipitation,,,mm,mm,observed,,False,,,"[""Q01""]",True
taihu_thqbca_history,storage\raw\taihu_thqbca_parsed\thqbca_observations.csv,13267,TAIHU_CLIMATE,,1976-07-02T16:00:00+00:00,,,precipitation,precipitation,,,mm,mm,observed,,False,,,"[""Q01""]",True
taihu_thqbca_history,storage\raw\taihu_thqbca_parsed\thqbca_observations.csv,13269,TAIHU_CLIMATE,,1976-07-04T16:00:00+00:00,,,precipitation,precipitation,,,mm,mm,observed,,False,,,"[""Q01""]",True
taihu_thqbca_history,storage\raw\taihu_thqbca_parsed\thqbca_observations.csv,13271,TAIHU_CLIMATE,,1976-07-06T16:00:00+00:00,,,precipitation,precipitation,,,mm,mm,observed,,False,,,"[""Q01""]",True
taihu_thqbca_history,storage\raw\taihu_thqbca_parsed\thqbca_observations.csv,13277,TAIHU_CLIMATE,,1976-07-12T16:00:00+00:00,,,precipitation,precipitation,,,mm,mm,observed,,False,,,"[""Q01""]",True
taihu_thqbca_history,storage\raw\taihu_thqbca_parsed\thqbca_observations.csv,13280,TAIHU_CLIMATE,,1976-07-15T16:00:00+00:00,,,precipitation,precipitation,,,mm,mm,observed,,False,,,"[""Q01""]",True
taihu_thqbca_history,storage\raw\taihu_thqbca_parsed\thqbca_observations.csv,13284,TAIHU_CLIMATE,,1976-07-19T16:00:00+00:00,,,precipitation,precipitation,,,mm,mm,observed,,False,,,"[""Q01""]",True
taihu_thqbca_history,storage\raw\taihu_thqbca_parsed\thqbca_observations.csv,13305,TAIHU_CLIMATE,,1976-08-09T16:00:00+00:00,,,precipitation,precipitation,,,mm,mm,observed,,False,,,"[""Q01""]",True
taihu_thqbca_history,storage\raw\taihu_thqbca_parsed\thqbca_observations.csv,13321,TAIHU_CLIMATE,,1976-08-25T16:00:00+00:00,,,precipitation,precipitation,,,mm,mm,observed,,False,,,"[""Q01""]",True
taihu_thqbca_history,storage\raw\taihu_thqbca_parsed\thqbca_observations.csv,13322,TAIHU_CLIMATE,,1976-08-26T16:00:00+00:00,,,precipitation,precipitation,,,mm,mm,observed,,False,,,"[""Q01""]",True
taihu_thqbca_history,storage\raw\taihu_thqbca_parsed\thqbca_observations.csv,13332,TAIHU_CLIMATE,,1976-09-05T16:00:00+00:00,,,precipitation,precipitation,,,mm,mm,observed,,False,,,"[""Q01""]",True
taihu_thqbca_history,storage\raw\taihu_thqbca_parsed\thqbca_observations.csv,13336,TAIHU_CLIMATE,,1976-09-09T16:00:00+00:00,,,precipitation,precipitation,,,mm,mm,observed,,False,,,"[""Q01""]",True
taihu_thqbca_history,storage\raw\taihu_thqbca_parsed\thqbca_observations.csv,13339,TAIHU_CLIMATE,,1976-09-12T16:00:00+00:00,,,precipitation,precipitation,,,mm,mm,observed,,False,,,"[""Q01""]",True
taihu_thqbca_history,storage\raw\taihu_thqbca_parsed\thqbca_observations.csv,13343,TAIHU_CLIMATE,,1976-09-16T16:00:00+00:00,,,precipitation,precipitation,,,mm,mm,observed,,False,,,"[""Q01""]",True
taihu_thqbca_history,storage\raw\taihu_thqbca_parsed\thqbca_observations.csv,13353,TAIHU_CLIMATE,,1976-09-26T16:00:00+00:00,,,precipitation,precipitation,,,mm,mm,observed,,False,,,"[""Q01""]",True
taihu_thqbca_history,storage\raw\taihu_thqbca_parsed\thqbca_observations.csv,13354,TAIHU_CLIMATE,,1976-09-27T16:00:00+00:00,,,precipitation,precipitation,,,mm,mm,observed,,False,,,"[""Q01""]",True
taihu_thqbca_history,storage\raw\taihu_thqbca_parsed\thqbca_observations.csv,13355,TAIHU_CLIMATE,,1976-09-28T16:00:00+00:00,,,precipitation,precipitation,,,mm,mm,observed,,False,,,"[""Q01""]",True
taihu_thqbca_history,storage\raw\taihu_thqbca_parsed\thqbca_observations.csv,13358,TAIHU_CLIMATE,,1976-10-01T16:00:00+00:00,,,precipitation,precipitation,,,mm,mm,observed,,False,,,"[""Q01""]",True
taihu_thqbca_history,storage\raw\taihu_thqbca_parsed\thqbca_observations.csv,13359,TAIHU_CLIMATE,,1976-10-02T16:00:00+00:00,,,precipitation,precipitation,,,mm,mm,observed,,False,,,"[""Q01""]",True
taihu_thqbca_history,storage\raw\taihu_thqbca_parsed\thqbca_observations.csv,13360,TAIHU_CLIMATE,,1976-10-03T16:00:00+00:00,,,precipitation,precipitation,,,mm,mm,observed,,False,,,"[""Q01""]",True
taihu_thqbca_history,storage\raw\taihu_thqbca_parsed\thqbca_observations.csv,13365,TAIHU_CLIMATE,,1976-10-08T16:00:00+00:00,,,precipitation,precipitation,,,mm,mm,observed,,False,,,"[""Q01""]",True
taihu_thqbca_history,storage\raw\taihu_thqbca_parsed\thqbca_observations.csv,13366,TAIHU_CLIMATE,,1976-10-09T16:00:00+00:00,,,precipitation,precipitation,,,mm,mm,observed,,False,,,"[""Q01""]",True
taihu_thqbca_history,storage\raw\taihu_thqbca_parsed\thqbca_observations.csv,13367,TAIHU_CLIMATE,,1976-10-10T16:00:00+00:00,,,precipitation,precipitation,,,mm,mm,observed,,False,,,"[""Q01""]",True
taihu_thqbca_history,storage\raw\taihu_thqbca_parsed\thqbca_observations.csv,13376,TAIHU_CLIMATE,,1976-10-19T16:00:00+00:00,,,precipitation,precipitation,,,mm,mm,observed,,False,,,"[""Q01""]",True
taihu_thqbca_history,storage\raw\taihu_thqbca_parsed\thqbca_observations.csv,13377,TAIHU_CLIMATE,,1976-10-20T16:00:00+00:00,,,precipitation,precipitation,,,mm,mm,observed,,False,,,"[""Q01""]",True
taihu_thqbca_history,storage\raw\taihu_thqbca_parsed\thqbca_observations.csv,13381,TAIHU_CLIMATE,,1976-10-24T16:00:00+00:00,,,precipitation,precipitation,,,mm,mm,observed,,False,,,"[""Q01""]",True
taihu_thqbca_history,storage\raw\taihu_thqbca_parsed\thqbca_observations.csv,13382,TAIHU_CLIMATE,,1976-10-25T16:00:00+00:00,,,precipitation,precipitation,,,mm,mm,observed,,False,,,"[""Q01""]",True
taihu_thqbca_history,storage\raw\taihu_thqbca_parsed\thqbca_observations.csv,13384,TAIHU_CLIMATE,,1976-10-27T16:00:00+00:00,,,precipitation,precipitation,,,mm,mm,observed,,False,,,"[""Q01""]",True
taihu_thqbca_history,storage\raw\taihu_thqbca_parsed\thqbca_observations.csv,13395,TAIHU_CLIMATE,,1976-11-07T16:00:00+00:00,,,precipitation,precipitation,,,mm,mm,observed,,False,,,"[""Q01""]",True
taihu_thqbca_history,storage\raw\taihu_thqbca_parsed\thqbca_observations.csv,13398,TAIHU_CLIMATE,,1976-11-10T16:00:00+00:00,,,precipitation,precipitation,,,mm,mm,observed,,False,,,"[""Q01""]",True
taihu_thqbca_history,storage\raw\taihu_thqbca_parsed\thqbca_observations.csv,13399,TAIHU_CLIMATE,,1976-11-11T16:00:00+00:00,,,precipitation,precipitation,,,mm,mm,observed,,False,,,"[""Q01""]",True
taihu_thqbca_history,storage\raw\taihu_thqbca_parsed\thqbca_observations.csv,13420,TAIHU_CLIMATE,,1976-12-02T16:00:00+00:00,,,precipitation,precipitation,,,mm,mm,observed,,False,,,"[""Q01""]",True
taihu_thqbca_history,storage\raw\taihu_thqbca_parsed\thqbca_observations.csv,13421,TAIHU_CLIMATE,,1976-12-03T16:00:00+00:00,,,precipitation,precipitation,,,mm,mm,observed,,False,,,"[""Q01""]",True
taihu_thqbca_history,storage\raw\taihu_thqbca_parsed\thqbca_observations.csv,13432,TAIHU_CLIMATE,,1976-12-14T16:00:00+00:00,,,precipitation,precipitation,,,mm,mm,observed,,False,,,"[""Q01""]",True
taihu_thqbca_history,storage\raw\taihu_thqbca_parsed\thqbca_observations.csv,13442,TAIHU_CLIMATE,,1976-12-24T16:00:00+00:00,,,precipitation,precipitation,,,mm,mm,observed,,False,,,"[""Q01""]",True
taihu_thqbca_history,storage\raw\taihu_thqbca_parsed\thqbca_observations.csv,13443,TAIHU_CLIMATE,,1976-12-25T16:00:00+00:00,,,precipitation,precipitation,,,mm,mm,observed,,False,,,"[""Q01""]",True
taihu_thqbca_history,storage\raw\taihu_thqbca_parsed\thqbca_observations.csv,13449,TAIHU_CLIMATE,,1976-12-31T16:00:00+00:00,,,precipitation,precipitation,,,mm,mm,observed,,False,,,"[""Q01""]",True
taihu_thqbca_history,storage\raw\taihu_thqbca_parsed\thqbca_observations.csv,13450,TAIHU_CLIMATE,,1977-01-01T16:00:00+00:00,,,precipitation,precipitation,,,mm,mm,observed,,False,,,"[""Q01""]",True
taihu_thqbca_history,storage\raw\taihu_thqbca_parsed\thqbca_observations.csv,13451,TAIHU_CLIMATE,,1977-01-02T16:00:00+00:00,,,precipitation,precipitation,,,mm,mm,observed,,False,,,"[""Q01""]",True
taihu_thqbca_history,storage\raw\taihu_thqbca_parsed\thqbca_observations.csv,13454,TAIHU_CLIMATE,,1977-01-05T16:00:00+00:00,,,precipitation,precipitation,,,mm,mm,observed,,False,,,"[""Q01""]",True
taihu_thqbca_history,storage\raw\taihu_thqbca_parsed\thqbca_observations.csv,13455,TAIHU_CLIMATE,,1977-01-06T16:00:00+00:00,,,precipitation,precipitation,,,mm,mm,observed,,False,,,"[""Q01""]",True
taihu_thqbca_history,storage\raw\taihu_thqbca_parsed\thqbca_observations.csv,13456,TAIHU_CLIMATE,,1977-01-07T16:00:00+00:00,,,precipitation,precipitation,,,mm,mm,observed,,False,,,"[""Q01""]",True
taihu_thqbca_history,storage\raw\taihu_thqbca_parsed\thqbca_observations.csv,13457,TAIHU_CLIMATE,,1977-01-08T16:00:00+00:00,,,precipitation,precipitation,,,mm,mm,observed,,False,,,"[""Q01""]",True
taihu_thqbca_history,storage\raw\taihu_thqbca_parsed\thqbca_observations.csv,13460,TAIHU_CLIMATE,,1977-01-11T16:00:00+00:00,,,precipitation,precipitation,,,mm,mm,observed,,False,,,"[""Q01""]",True
taihu_thqbca_history,storage\raw\taihu_thqbca_parsed\thqbca_observations.csv,13463,TAIHU_CLIMATE,,1977-01-14T16:00:00+00:00,,,precipitation,precipitation,,,mm,mm,observed,,False,,,"[""Q01""]",True
taihu_thqbca_history,storage\raw\taihu_thqbca_parsed\thqbca_observations.csv,13465,TAIHU_CLIMATE,,1977-01-16T16:00:00+00:00,,,precipitation,precipitation,,,mm,mm,observed,,False,,,"[""Q01""]",True
taihu_thqbca_history,storage\raw\taihu_thqbca_parsed\thqbca_observations.csv,13466,TAIHU_CLIMATE,,1977-01-17T16:00:00+00:00,,,precipitation,precipitation,,,mm,mm,observed,,False,,,"[""Q01""]",True
taihu_thqbca_history,storage\raw\taihu_thqbca_parsed\thqbca_observations.csv,13470,TAIHU_CLIMATE,,1977-01-21T16:00:00+00:00,,,precipitation,precipitation,,,mm,mm,observed,,False,,,"[""Q01""]",True
taihu_thqbca_history,storage\raw\taihu_thqbca_parsed\thqbca_observations.csv,13473,TAIHU_CLIMATE,,1977-01-24T16:00:00+00:00,,,precipitation,precipitation,,,mm,mm,observed,,False,,,"[""Q01""]",True
taihu_thqbca_history,storage\raw\taihu_thqbca_parsed\thqbca_observations.csv,13474,TAIHU_CLIMATE,,1977-01-25T16:00:00+00:00,,,precipitation,precipitation,,,mm,mm,observed,,False,,,"[""Q01""]",True
taihu_thqbca_history,storage\raw\taihu_thqbca_parsed\thqbca_observations.csv,13475,TAIHU_CLIMATE,,1977-01-26T16:00:00+00:00,,,precipitation,precipitation,,,mm,mm,observed,,False,,,"[""Q01""]",True
taihu_thqbca_history,storage\raw\taihu_thqbca_parsed\thqbca_observations.csv,13476,TAIHU_CLIMATE,,1977-01-27T16:00:00+00:00,,,precipitation,precipitation,,,mm,mm,observed,,False,,,"[""Q01""]",True
taihu_thqbca_history,storage\raw\taihu_thqbca_parsed\thqbca_observations.csv,13477,TAIHU_CLIMATE,,1977-01-28T16:00:00+00:00,,,precipitation,precipitation,,,mm,mm,observed,,False,,,"[""Q01""]",True
taihu_thqbca_history,storage\raw\taihu_thqbca_parsed\thqbca_observations.csv,13478,TAIHU_CLIMATE,,1977-01-29T16:00:00+00:00,,,precipitation,precipitation,,,mm,mm,observed,,False,,,"[""Q01""]",True
taihu_thqbca_history,storage\raw\taihu_thqbca_parsed\thqbca_observations.csv,13487,TAIHU_CLIMATE,,1977-02-07T16:00:00+00:00,,,precipitation,precipitation,,,mm,mm,observed,,False,,,"[""Q01""]",True
taihu_thqbca_history,storage\raw\taihu_thqbca_parsed\thqbca_observations.csv,13488,TAIHU_CLIMATE,,1977-02-08T16:00:00+00:00,,,precipitation,precipitation,,,mm,mm,observed,,False,,,"[""Q01""]",True
taihu_thqbca_history,storage\raw\taihu_thqbca_parsed\thqbca_observations.csv,13489,TAIHU_CLIMATE,,1977-02-09T16:00:00+00:00,,,precipitation,precipitation,,,mm,mm,observed,,False,,,"[""Q01""]",True
taihu_thqbca_history,storage\raw\taihu_thqbca_parsed\thqbca_observations.csv,13493,TAIHU_CLIMATE,,1977-02-13T16:00:00+00:00,,,precipitation,precipitation,,,mm,mm,observed,,False,,,"[""Q01""]",True
taihu_thqbca_history,storage\raw\taihu_thqbca_parsed\thqbca_observations.csv,13503,TAIHU_CLIMATE,,1977-02-23T16:00:00+00:00,,,precipitation,precipitation,,,mm,mm,observed,,False,,,"[""Q01""]",True
taihu_thqbca_history,storage\raw\taihu_thqbca_parsed\thqbca_observations.csv,13507,TAIHU_CLIMATE,,1977-02-27T16:00:00+00:00,,,precipitation,precipitation,,,mm,mm,observed,,False,,,"[""Q01""]",True
taihu_thqbca_history,storage\raw\taihu_thqbca_parsed\thqbca_observations.csv,13508,TAIHU_CLIMATE,,1977-02-28T16:00:00+00:00,,,precipitation,precipitation,,,mm,mm,observed,,False,,,"[""Q01""]",True
taihu_thqbca_history,storage\raw\taihu_thqbca_parsed\thqbca_observations.csv,13509,TAIHU_CLIMATE,,1977-03-01T16:00:00+00:00,,,precipitation,precipitation,,,mm,mm,observed,,False,,,"[""Q01""]",True
taihu_thqbca_history,storage\raw\taihu_thqbca_parsed\thqbca_observations.csv,13554,TAIHU_CLIMATE,,1977-04-15T16:00:00+00:00,,,precipitation,precipitation,,,mm,mm,observed,,False,,,"[""Q01""]",True
taihu_thqbca_history,storage\raw\taihu_thqbca_parsed\thqbca_observations.csv,13566,TAIHU_CLIMATE,,1977-04-27T16:00:00+00:00,,,precipitation,precipitation,,,mm,mm,observed,,False,,,"[""Q01""]",True
taihu_thqbca_history,storage\raw\taihu_thqbca_parsed\thqbca_observations.csv,13585,TAIHU_CLIMATE,,1977-05-16T16:00:00+00:00,,,precipitation,precipitation,,,mm,mm,observed,,False,,,"[""Q01""]",True
taihu_thqbca_history,storage\raw\taihu_thqbca_parsed\thqbca_observations.csv,13594,TAIHU_CLIMATE,,1977-05-25T16:00:00+00:00,,,precipitation,precipitation,,,mm,mm,observed,,False,,,"[""Q01""]",True
taihu_thqbca_history,storage\raw\taihu_thqbca_parsed\thqbca_observations.csv,13595,TAIHU_CLIMATE,,1977-05-26T16:00:00+00:00,,,precipitation,precipitation,,,mm,mm,observed,,False,,,"[""Q01""]",True
taihu_thqbca_history,storage\raw\taihu_thqbca_parsed\thqbca_observations.csv,13598,TAIHU_CLIMATE,,1977-05-29T16:00:00+00:00,,,precipitation,precipitation,,,mm,mm,observed,,False,,,"[""Q01""]",True
taihu_thqbca_history,storage\raw\taihu_thqbca_parsed\thqbca_observations.csv,13604,TAIHU_CLIMATE,,1977-06-04T16:00:00+00:00,,,precipitation,precipitation,,,mm,mm,observed,,False,,,"[""Q01""]",True
taihu_thqbca_history,storage\raw\taihu_thqbca_parsed\thqbca_observations.csv,13605,TAIHU_CLIMATE,,1977-06-05T16:00:00+00:00,,,precipitation,precipitation,,,mm,mm,observed,,False,,,"[""Q01""]",True
taihu_thqbca_history,storage\raw\taihu_thqbca_parsed\thqbca_observations.csv,13618,TAIHU_CLIMATE,,1977-06-18T16:00:00+00:00,,,precipitation,precipitation,,,mm,mm,observed,,False,,,"[""Q01""]",True
taihu_thqbca_history,storage\raw\taihu_thqbca_parsed\thqbca_observations.csv,13623,TAIHU_CLIMATE,,1977-06-23T16:00:00+00:00,,,precipitation,precipitation,,,mm,mm,observed,,False,,,"[""Q01""]",True
taihu_thqbca_history,storage\raw\taihu_thqbca_parsed\thqbca_observations.csv,13624,TAIHU_CLIMATE,,1977-06-24T16:00:00+00:00,,,precipitation,precipitation,,,mm,mm,observed,,False,,,"[""Q01""]",True
taihu_thqbca_history,storage\raw\taihu_thqbca_parsed\thqbca_observations.csv,13637,TAIHU_CLIMATE,,1977-07-07T16:00:00+00:00,,,precipitation,precipitation,,,mm,mm,observed,,False,,,"[""Q01""]",True
taihu_thqbca_history,storage\raw\taihu_thqbca_parsed\thqbca_observations.csv,13639,TAIHU_CLIMATE,,1977-07-09T16:00:00+00:00,,,precipitation,precipitation,,,mm,mm,observed,,False,,,"[""Q01""]",True
taihu_thqbca_history,storage\raw\taihu_thqbca_parsed\thqbca_observations.csv,13643,TAIHU_CLIMATE,,1977-07-13T16:00:00+00:00,,,precipitation,precipitation,,,mm,mm,observed,,False,,,"[""Q01""]",True
taihu_thqbca_history,storage\raw\taihu_thqbca_parsed\thqbca_observations.csv,13654,TAIHU_CLIMATE,,1977-07-24T16:00:00+00:00,,,precipitation,precipitation,,,mm,mm,observed,,False,,,"[""Q01""]",True
taihu_thqbca_history,storage\raw\taihu_thqbca_parsed\thqbca_observations.csv,13656,TAIHU_CLIMATE,,1977-07-26T16:00:00+00:00,,,precipitation,precipitation,,,mm,mm,observed,,False,,,"[""Q01""]",True
taihu_thqbca_history,storage\raw\taihu_thqbca_parsed\thqbca_observations.csv,13657,TAIHU_CLIMATE,,1977-07-27T16:00:00+00:00,,,precipitation,precipitation,,,mm,mm,observed,,False,,,"[""Q01""]",True
taihu_thqbca_history,storage\raw\taihu_thqbca_parsed\thqbca_observations.csv,13660,TAIHU_CLIMATE,,1977-07-30T16:00:00+00:00,,,precipitation,precipitation,,,mm,mm,observed,,False,,,"[""Q01""]",True
taihu_thqbca_history,storage\raw\taihu_thqbca_parsed\thqbca_observations.csv,13668,TAIHU_CLIMATE,,1977-08-07T16:00:00+00:00,,,precipitation,precipitation,,,mm,mm,observed,,False,,,"[""Q01""]",True
taihu_thqbca_history,storage\raw\taihu_thqbca_parsed\thqbca_observations.csv,13672,TAIHU_CLIMATE,,1977-08-11T16:00:00+00:00,,,precipitation,precipitation,,,mm,mm,observed,,False,,,"[""Q01""]",True
taihu_thqbca_history,storage\raw\taihu_thqbca_parsed\thqbca_observations.csv,13674,TAIHU_CLIMATE,,1977-08-13T16:00:00+00:00,,,precipitation,precipitation,,,mm,mm,observed,,False,,,"[""Q01""]",True
taihu_thqbca_history,storage\raw\taihu_thqbca_parsed\thqbca_observations.csv,13679,TAIHU_CLIMATE,,1977-08-18T16:00:00+00:00,,,precipitation,precipitation,,,mm,mm,observed,,False,,,"[""Q01""]",True
taihu_thqbca_history,storage\raw\taihu_thqbca_parsed\thqbca_observations.csv,13680,TAIHU_CLIMATE,,1977-08-19T16:00:00+00:00,,,precipitation,precipitation,,,mm,mm,observed,,False,,,"[""Q01""]",True
taihu_thqbca_history,storage\raw\taihu_thqbca_parsed\thqbca_observations.csv,13692,TAIHU_CLIMATE,,1977-08-31T16:00:00+00:00,,,precipitation,precipitation,,,mm,mm,observed,,False,,,"[""Q01""]",True
taihu_thqbca_history,storage\raw\taihu_thqbca_parsed\thqbca_observations.csv,13694,TAIHU_CLIMATE,,1977-09-02T16:00:00+00:00,,,precipitation,precipitation,,,mm,mm,observed,,False,,,"[""Q01""]",True
taihu_thqbca_history,storage\raw\taihu_thqbca_parsed\thqbca_observations.csv,13698,TAIHU_CLIMATE,,1977-09-06T16:00:00+00:00,,,precipitation,precipitation,,,mm,mm,observed,,False,,,"[""Q01""]",True
taihu_thqbca_history,storage\raw\taihu_thqbca_parsed\thqbca_observations.csv,13708,TAIHU_CLIMATE,,1977-09-16T16:00:00+00:00,,,precipitation,precipitation,,,mm,mm,observed,,False,,,"[""Q01""]",True
taihu_thqbca_history,storage\raw\taihu_thqbca_parsed\thqbca_observations.csv,13710,TAIHU_CLIMATE,,1977-09-18T16:00:00+00:00,,,precipitation,precipitation,,,mm,mm,observed,,False,,,"[""Q01""]",True
taihu_thqbca_history,storage\raw\taihu_thqbca_parsed\thqbca_observations.csv,13713,TAIHU_CLIMATE,,1977-09-21T16:00:00+00:00,,,precipitation,precipitation,,,mm,mm,observed,,False,,,"[""Q01""]",True
taihu_thqbca_history,storage\raw\taihu_thqbca_parsed\thqbca_observations.csv,13718,TAIHU_CLIMATE,,1977-09-26T16:00:00+00:00,,,precipitation,precipitation,,,mm,mm,observed,,False,,,"[""Q01""]",True
taihu_thqbca_history,storage\raw\taihu_thqbca_parsed\thqbca_observations.csv,13719,TAIHU_CLIMATE,,1977-09-27T16:00:00+00:00,,,precipitation,precipitation,,,mm,mm,observed,,False,,,"[""Q01""]",True
taihu_thqbca_history,storage\raw\taihu_thqbca_parsed\thqbca_observations.csv,13725,TAIHU_CLIMATE,,1977-10-03T16:00:00+00:00,,,precipitation,precipitation,,,mm,mm,observed,,False,,,"[""Q01""]",True
taihu_thqbca_history,storage\raw\taihu_thqbca_parsed\thqbca_observations.csv,13734,TAIHU_CLIMATE,,1977-10-12T16:00:00+00:00,,,precipitation,precipitation,,,mm,mm,observed,,False,,,"[""Q01""]",True
taihu_thqbca_history,storage\raw\taihu_thqbca_parsed\thqbca_observations.csv,13735,TAIHU_CLIMATE,,1977-10-13T16:00:00+00:00,,,precipitation,precipitation,,,mm,mm,observed,,False,,,"[""Q01""]",True
taihu_thqbca_history,storage\raw\taihu_thqbca_parsed\thqbca_observations.csv,13737,TAIHU_CLIMATE,,1977-10-15T16:00:00+00:00,,,precipitation,precipitation,,,mm,mm,observed,,False,,,"[""Q01""]",True
taihu_thqbca_history,storage\raw\taihu_thqbca_parsed\thqbca_observations.csv,13738,TAIHU_CLIMATE,,1977-10-16T16:00:00+00:00,,,precipitation,precipitation,,,mm,mm,observed,,False,,,"[""Q01""]",True
taihu_thqbca_history,storage\raw\taihu_thqbca_parsed\thqbca_observations.csv,13739,TAIHU_CLIMATE,,1977-10-17T16:00:00+00:00,,,precipitation,precipitation,,,mm,mm,observed,,False,,,"[""Q01""]",True
taihu_thqbca_history,storage\raw\taihu_thqbca_parsed\thqbca_observations.csv,13741,TAIHU_CLIMATE,,1977-10-19T16:00:00+00:00,,,precipitation,precipitation,,,mm,mm,observed,,False,,,"[""Q01""]",True
taihu_thqbca_history,storage\raw\taihu_thqbca_parsed\thqbca_observations.csv,13742,TAIHU_CLIMATE,,1977-10-20T16:00:00+00:00,,,precipitation,precipitation,,,mm,mm,observed,,False,,,"[""Q01""]",True
taihu_thqbca_history,storage\raw\taihu_thqbca_parsed\thqbca_observations.csv,13744,TAIHU_CLIMATE,,1977-10-22T16:00:00+00:00,,,precipitation,precipitation,,,mm,mm,observed,,False,,,"[""Q01""]",True
taihu_thqbca_history,storage\raw\taihu_thqbca_parsed\thqbca_observations.csv,13746,TAIHU_CLIMATE,,1977-10-24T16:00:00+00:00,,,precipitation,precipitation,,,mm,mm,observed,,False,,,"[""Q01""]",True
taihu_thqbca_history,storage\raw\taihu_thqbca_parsed\thqbca_observations.csv,13754,TAIHU_CLIMATE,,1977-11-01T16:00:00+00:00,,,precipitation,precipitation,,,mm,mm,observed,,False,,,"[""Q01""]",True
taihu_thqbca_history,storage\raw\taihu_thqbca_parsed\thqbca_observations.csv,13757,TAIHU_CLIMATE,,1977-11-04T16:00:00+00:00,,,precipitation,precipitation,,,mm,mm,observed,,False,,,"[""Q01""]",True
taihu_thqbca_history,storage\raw\taihu_thqbca_parsed\thqbca_observations.csv,13758,TAIHU_CLIMATE,,1977-11-05T16:00:00+00:00,,,precipitation,precipitation,,,mm,mm,observed,,False,,,"[""Q01""]",True
taihu_thqbca_history,storage\raw\taihu_thqbca_parsed\thqbca_observations.csv,13767,TAIHU_CLIMATE,,1977-11-14T16:00:00+00:00,,,precipitation,precipitation,,,mm,mm,observed,,False,,,"[""Q01""]",True
taihu_thqbca_history,storage\raw\taihu_thqbca_parsed\thqbca_observations.csv,13769,TAIHU_CLIMATE,,1977-11-16T16:00:00+00:00,,,precipitation,precipitation,,,mm,mm,observed,,False,,,"[""Q01""]",True
taihu_thqbca_history,storage\raw\taihu_thqbca_parsed\thqbca_observations.csv,13777,TAIHU_CLIMATE,,1977-11-24T16:00:00+00:00,,,precipitation,precipitation,,,mm,mm,observed,,False,,,"[""Q01""]",True
taihu_thqbca_history,storage\raw\taihu_thqbca_parsed\thqbca_observations.csv,13779,TAIHU_CLIMATE,,1977-11-26T16:00:00+00:00,,,precipitation,precipitation,,,mm,mm,observed,,False,,,"[""Q01""]",True
taihu_thqbca_history,storage\raw\taihu_thqbca_parsed\thqbca_observations.csv,13788,TAIHU_CLIMATE,,1977-12-05T16:00:00+00:00,,,precipitation,precipitation,,,mm,mm,observed,,False,,,"[""Q01""]",True
taihu_thqbca_history,storage\raw\taihu_thqbca_parsed\thqbca_observations.csv,13789,TAIHU_CLIMATE,,1977-12-06T16:00:00+00:00,,,precipitation,precipitation,,,mm,mm,observed,,False,,,"[""Q01""]",True
taihu_thqbca_history,storage\raw\taihu_thqbca_parsed\thqbca_observations.csv,13791,TAIHU_CLIMATE,,1977-12-08T16:00:00+00:00,,,precipitation,precipitation,,,mm,mm,observed,,False,,,"[""Q01""]",True
taihu_thqbca_history,storage\raw\taihu_thqbca_parsed\thqbca_observations.csv,13792,TAIHU_CLIMATE,,1977-12-09T16:00:00+00:00,,,precipitation,precipitation,,,mm,mm,observed,,False,,,"[""Q01""]",True
taihu_thqbca_history,storage\raw\taihu_thqbca_parsed\thqbca_observations.csv,13793,TAIHU_CLIMATE,,1977-12-10T16:00:00+00:00,,,precipitation,precipitation,,,mm,mm,observed,,False,,,"[""Q01""]",True
taihu_thqbca_history,storage\raw\taihu_thqbca_parsed\thqbca_observations.csv,13794,TAIHU_CLIMATE,,1977-12-11T16:00:00+00:00,,,precipitation,precipitation,,,mm,mm,observed,,False,,,"[""Q01""]",True
taihu_thqbca_history,storage\raw\taihu_thqbca_parsed\thqbca_observations.csv,13795,TAIHU_CLIMATE,,1977-12-12T16:00:00+00:00,,,precipitation,precipitation,,,mm,mm,observed,,False,,,"[""Q01""]",True
taihu_thqbca_history,storage\raw\taihu_thqbca_parsed\thqbca_observations.csv,13797,TAIHU_CLIMATE,,1977-12-14T16:00:00+00:00,,,precipitation,precipitation,,,mm,mm,observed,,False,,,"[""Q01""]",True
taihu_thqbca_history,storage\raw\taihu_thqbca_parsed\thqbca_observations.csv,13820,TAIHU_CLIMATE,,1978-01-06T16:00:00+00:00,,,precipitation,precipitation,,,mm,mm,observed,,False,,,"[""Q01""]",True
taihu_thqbca_history,storage\raw\taihu_thqbca_parsed\thqbca_observations.csv,13824,TAIHU_CLIMATE,,1978-01-10T16:00:00+00:00,,,precipitation,precipitation,,,mm,mm,observed,,False,,,"[""Q01""]",True
taihu_thqbca_history,storage\raw\taihu_thqbca_parsed\thqbca_observations.csv,13829,TAIHU_CLIMATE,,1978-01-15T16:00:00+00:00,,,precipitation,precipitation,,,mm,mm,observed,,False,,,"[""Q01""]",True
taihu_thqbca_history,storage\raw\taihu_thqbca_parsed\thqbca_observations.csv,13836,TAIHU_CLIMATE,,1978-01-22T16:00:00+00:00,,,precipitation,precipitation,,,mm,mm,observed,,False,,,"[""Q01""]",True
taihu_thqbca_history,storage\raw\taihu_thqbca_parsed\thqbca_observations.csv,13838,TAIHU_CLIMATE,,1978-01-24T16:00:00+00:00,,,precipitation,precipitation,,,mm,mm,observed,,False,,,"[""Q01""]",True
taihu_thqbca_history,storage\raw\taihu_thqbca_parsed\thqbca_observations.csv,13840,TAIHU_CLIMATE,,1978-01-26T16:00:00+00:00,,,precipitation,precipitation,,,mm,mm,observed,,False,,,"[""Q01""]",True
taihu_thqbca_history,storage\raw\taihu_thqbca_parsed\thqbca_observations.csv,13841,TAIHU_CLIMATE,,1978-01-27T16:00:00+00:00,,,precipitation,precipitation,,,mm,mm,observed,,False,,,"[""Q01""]",True
taihu_thqbca_history,storage\raw\taihu_thqbca_parsed\thqbca_observations.csv,13848,TAIHU_CLIMATE,,1978-02-03T16:00:00+00:00,,,precipitation,precipitation,,,mm,mm,observed,,False,,,"[""Q01""]",True
taihu_thqbca_history,storage\raw\taihu_thqbca_parsed\thqbca_observations.csv,13850,TAIHU_CLIMATE,,1978-02-05T16:00:00+00:00,,,precipitation,precipitation,,,mm,mm,observed,,False,,,"[""Q01""]",True
taihu_thqbca_history,storage\raw\taihu_thqbca_parsed\thqbca_observations.csv,13854,TAIHU_CLIMATE,,1978-02-09T16:00:00+00:00,,,precipitation,precipitation,,,mm,mm,observed,,False,,,"[""Q01""]",True
taihu_thqbca_history,storage\raw\taihu_thqbca_parsed\thqbca_observations.csv,13855,TAIHU_CLIMATE,,1978-02-10T16:00:00+00:00,,,precipitation,precipitation,,,mm,mm,observed,,False,,,"[""Q01""]",True
taihu_thqbca_history,storage\raw\taihu_thqbca_parsed\thqbca_observations.csv,13856,TAIHU_CLIMATE,,1978-02-11T16:00:00+00:00,,,precipitation,precipitation,,,mm,mm,observed,,False,,,"[""Q01""]",True
taihu_thqbca_history,storage\raw\taihu_thqbca_parsed\thqbca_observations.csv,13858,TAIHU_CLIMATE,,1978-02-13T16:00:00+00:00,,,precipitation,precipitation,,,mm,mm,observed,,False,,,"[""Q01""]",True
taihu_thqbca_history,storage\raw\taihu_thqbca_parsed\thqbca_observations.csv,13860,TAIHU_CLIMATE,,1978-02-15T16:00:00+00:00,,,precipitation,precipitation,,,mm,mm,observed,,False,,,"[""Q01""]",True
taihu_thqbca_history,storage\raw\taihu_thqbca_parsed\thqbca_observations.csv,13868,TAIHU_CLIMATE,,1978-02-23T16:00:00+00:00,,,precipitation,precipitation,,,mm,mm,observed,,False,,,"[""Q01""]",True
taihu_thqbca_history,storage\raw\taihu_thqbca_parsed\thqbca_observations.csv,13874,TAIHU_CLIMATE,,1978-03-01T16:00:00+00:00,,,precipitation,precipitation,,,mm,mm,observed,,False,,,"[""Q01""]",True
taihu_thqbca_history,storage\raw\taihu_thqbca_parsed\thqbca_observations.csv,13883,TAIHU_CLIMATE,,1978-03-10T16:00:00+00:00,,,precipitation,precipitation,,,mm,mm,observed,,False,,,"[""Q01""]",True
taihu_thqbca_history,storage\raw\taihu_thqbca_parsed\thqbca_observations.csv,13885,TAIHU_CLIMATE,,1978-03-12T16:00:00+00:00,,,precipitation,precipitation,,,mm,mm,observed,,False,,,"[""Q01""]",True
taihu_thqbca_history,storage\raw\taihu_thqbca_parsed\thqbca_observations.csv,13888,TAIHU_CLIMATE,,1978-03-15T16:00:00+00:00,,,precipitation,precipitation,,,mm,mm,observed,,False,,,"[""Q01""]",True
taihu_thqbca_history,storage\raw\taihu_thqbca_parsed\thqbca_observations.csv,13890,TAIHU_CLIMATE,,1978-03-17T16:00:00+00:00,,,precipitation,precipitation,,,mm,mm,observed,,False,,,"[""Q01""]",True
taihu_thqbca_history,storage\raw\taihu_thqbca_parsed\thqbca_observations.csv,13891,TAIHU_CLIMATE,,1978-03-18T16:00:00+00:00,,,precipitation,precipitation,,,mm,mm,observed,,False,,,"[""Q01""]",True
taihu_thqbca_history,storage\raw\taihu_thqbca_parsed\thqbca_observations.csv,13897,TAIHU_CLIMATE,,1978-03-24T16:00:00+00:00,,,precipitation,precipitation,,,mm,mm,observed,,False,,,"[""Q01""]",True
taihu_thqbca_history,storage\raw\taihu_thqbca_parsed\thqbca_observations.csv,13899,TAIHU_CLIMATE,,1978-03-26T16:00:00+00:00,,,precipitation,precipitation,,,mm,mm,observed,,False,,,"[""Q01""]",True
taihu_thqbca_history,storage\raw\taihu_thqbca_parsed\thqbca_observations.csv,13920,TAIHU_CLIMATE,,1978-04-16T16:00:00+00:00,,,precipitation,precipitation,,,mm,mm,observed,,False,,,"[""Q01""]",True
taihu_thqbca_history,storage\raw\taihu_thqbca_parsed\thqbca_observations.csv,13928,TAIHU_CLIMATE,,1978-04-24T16:00:00+00:00,,,precipitation,precipitation,,,mm,mm,observed,,False,,,"[""Q01""]",True
taihu_thqbca_history,storage\raw\taihu_thqbca_parsed\thqbca_observations.csv,13932,TAIHU_CLIMATE,,1978-04-28T16:00:00+00:00,,,precipitation,precipitation,,,mm,mm,observed,,False,,,"[""Q01""]",True
taihu_thqbca_history,storage\raw\taihu_thqbca_parsed\thqbca_observations.csv,13933,TAIHU_CLIMATE,,1978-04-29T16:00:00+00:00,,,precipitation,precipitation,,,mm,mm,observed,,False,,,"[""Q01""]",True
taihu_thqbca_history,storage\raw\taihu_thqbca_parsed\thqbca_observations.csv,13936,TAIHU_CLIMATE,,1978-05-02T16:00:00+00:00,,,precipitation,precipitation,,,mm,mm,observed,,False,,,"[""Q01""]",True
taihu_thqbca_history,storage\raw\taihu_thqbca_parsed\thqbca_observations.csv,13948,TAIHU_CLIMATE,,1978-05-14T16:00:00+00:00,,,precipitation,precipitation,,,mm,mm,observed,,False,,,"[""Q01""]",True
taihu_thqbca_history,storage\raw\taihu_thqbca_parsed\thqbca_observations.csv,13956,TAIHU_CLIMATE,,1978-05-22T16:00:00+00:00,,,precipitation,precipitation,,,mm,mm,observed,,False,,,"[""Q01""]",True
taihu_thqbca_history,storage\raw\taihu_thqbca_parsed\thqbca_observations.csv,13957,TAIHU_CLIMATE,,1978-05-23T16:00:00+00:00,,,precipitation,precipitation,,,mm,mm,observed,,False,,,"[""Q01""]",True
taihu_thqbca_history,storage\raw\taihu_thqbca_parsed\thqbca_observations.csv,13969,TAIHU_CLIMATE,,1978-06-04T16:00:00+00:00,,,precipitation,precipitation,,,mm,mm,observed,,False,,,"[""Q01""]",True
taihu_thqbca_history,storage\raw\taihu_thqbca_parsed\thqbca_observations.csv,13993,TAIHU_CLIMATE,,1978-06-28T16:00:00+00:00,,,precipitation,precipitation,,,mm,mm,observed,,False,,,"[""Q01""]",True
taihu_thqbca_history,storage\raw\taihu_thqbca_parsed\thqbca_observations.csv,14018,TAIHU_CLIMATE,,1978-07-23T16:00:00+00:00,,,precipitation,precipitation,,,mm,mm,observed,,False,,,"[""Q01""]",True
taihu_thqbca_history,storage\raw\taihu_thqbca_parsed\thqbca_observations.csv,14019,TAIHU_CLIMATE,,1978-07-24T16:00:00+00:00,,,precipitation,precipitation,,,mm,mm,observed,,False,,,"[""Q01""]",True
taihu_thqbca_history,storage\raw\taihu_thqbca_parsed\thqbca_observations.csv,14021,TAIHU_CLIMATE,,1978-07-26T16:00:00+00:00,,,precipitation,precipitation,,,mm,mm,observed,,False,,,"[""Q01""]",True
taihu_thqbca_history,storage\raw\taihu_thqbca_parsed\thqbca_observations.csv,14026,TAIHU_CLIMATE,,1978-07-31T16:00:00+00:00,,,precipitation,precipitation,,,mm,mm,observed,,False,,,"[""Q01""]",True
taihu_thqbca_history,storage\raw\taihu_thqbca_parsed\thqbca_observations.csv,14043,TAIHU_CLIMATE,,1978-08-17T16:00:00+00:00,,,precipitation,precipitation,,,mm,mm,observed,,False,,,"[""Q01""]",True
taihu_thqbca_history,storage\raw\taihu_thqbca_parsed\thqbca_observations.csv,14046,TAIHU_CLIMATE,,1978-08-20T16:00:00+00:00,,,precipitation,precipitation,,,mm,mm,observed,,False,,,"[""Q01""]",True
taihu_thqbca_history,storage\raw\taihu_thqbca_parsed\thqbca_observations.csv,14047,TAIHU_CLIMATE,,1978-08-21T16:00:00+00:00,,,precipitation,precipitation,,,mm,mm,observed,,False,,,"[""Q01""]",True
taihu_thqbca_history,storage\raw\taihu_thqbca_parsed\thqbca_observations.csv,14052,TAIHU_CLIMATE,,1978-08-26T16:00:00+00:00,,,precipitation,precipitation,,,mm,mm,observed,,False,,,"[""Q01""]",True
taihu_thqbca_history,storage\raw\taihu_thqbca_parsed\thqbca_observations.csv,14055,TAIHU_CLIMATE,,1978-08-29T16:00:00+00:00,,,precipitation,precipitation,,,mm,mm,observed,,False,,,"[""Q01""]",True
taihu_thqbca_history,storage\raw\taihu_thqbca_parsed\thqbca_observations.csv,14076,TAIHU_CLIMATE,,1978-09-19T16:00:00+00:00,,,precipitation,precipitation,,,mm,mm,observed,,False,,,"[""Q01""]",True
taihu_thqbca_history,storage\raw\taihu_thqbca_parsed\thqbca_observations.csv,14079,TAIHU_CLIMATE,,1978-09-22T16:00:00+00:00,,,precipitation,precipitation,,,mm,mm,observed,,False,,,"[""Q01""]",True
taihu_thqbca_history,storage\raw\taihu_thqbca_parsed\thqbca_observations.csv,14085,TAIHU_CLIMATE,,1978-09-28T16:00:00+00:00,,,precipitation,precipitation,,,mm,mm,observed,,False,,,"[""Q01""]",True
taihu_thqbca_history,storage\raw\taihu_thqbca_parsed\thqbca_observations.csv,14086,TAIHU_CLIMATE,,1978-09-29T16:00:00+00:00,,,precipitation,precipitation,,,mm,mm,observed,,False,,,"[""Q01""]",True
taihu_thqbca_history,storage\raw\taihu_thqbca_parsed\thqbca_observations.csv,14087,TAIHU_CLIMATE,,1978-09-30T16:00:00+00:00,,,precipitation,precipitation,,,mm,mm,observed,,False,,,"[""Q01""]",True
taihu_thqbca_history,storage\raw\taihu_thqbca_parsed\thqbca_observations.csv,14089,TAIHU_CLIMATE,,1978-10-02T16:00:00+00:00,,,precipitation,precipitation,,,mm,mm,observed,,False,,,"[""Q01""]",True
taihu_thqbca_history,storage\raw\taihu_thqbca_parsed\thqbca_observations.csv,14106,TAIHU_CLIMATE,,1978-10-19T16:00:00+00:00,,,precipitation,precipitation,,,mm,mm,observed,,False,,,"[""Q01""]",True
taihu_thqbca_history,storage\raw\taihu_thqbca_parsed\thqbca_observations.csv,14108,TAIHU_CLIMATE,,1978-10-21T16:00:00+00:00,,,precipitation,precipitation,,,mm,mm,observed,,False,,,"[""Q01""]",True
taihu_thqbca_history,storage\raw\taihu_thqbca_parsed\thqbca_observations.csv,14117,TAIHU_CLIMATE,,1978-10-30T16:00:00+00:00,,,precipitation,precipitation,,,mm,mm,observed,,False,,,"[""Q01""]",True
taihu_thqbca_history,storage\raw\taihu_thqbca_parsed\thqbca_observations.csv,14132,TAIHU_CLIMATE,,1978-11-14T16:00:00+00:00,,,precipitation,precipitation,,,mm,mm,observed,,False,,,"[""Q01""]",True
taihu_thqbca_history,storage\raw\taihu_thqbca_parsed\thqbca_observations.csv,14133,TAIHU_CLIMATE,,1978-11-15T16:00:00+00:00,,,precipitation,precipitation,,,mm,mm,observed,,False,,,"[""Q01""]",True
taihu_thqbca_history,storage\raw\taihu_thqbca_parsed\thqbca_observations.csv,14142,TAIHU_CLIMATE,,1978-11-24T16:00:00+00:00,,,precipitation,precipitation,,,mm,mm,observed,,False,,,"[""Q01""]",True
taihu_thqbca_history,storage\raw\taihu_thqbca_parsed\thqbca_observations.csv,14154,TAIHU_CLIMATE,,1978-12-06T16:00:00+00:00,,,precipitation,precipitation,,,mm,mm,observed,,False,,,"[""Q01""]",True
taihu_thqbca_history,storage\raw\taihu_thqbca_parsed\thqbca_observations.csv,14156,TAIHU_CLIMATE,,1978-12-08T16:00:00+00:00,,,precipitation,precipitation,,,mm,mm,observed,,False,,,"[""Q01""]",True
taihu_thqbca_history,storage\raw\taihu_thqbca_parsed\thqbca_observations.csv,14163,TAIHU_CLIMATE,,1978-12-15T16:00:00+00:00,,,precipitation,precipitation,,,mm,mm,observed,,False,,,"[""Q01""]",True
taihu_thqbca_history,storage\raw\taihu_thqbca_parsed\thqbca_observations.csv,14169,TAIHU_CLIMATE,,1978-12-21T16:00:00+00:00,,,precipitation,precipitation,,,mm,mm,observed,,False,,,"[""Q01""]",True
taihu_thqbca_history,storage\raw\taihu_thqbca_parsed\thqbca_observations.csv,14171,TAIHU_CLIMATE,,1978-12-23T16:00:00+00:00,,,precipitation,precipitation,,,mm,mm,observed,,False,,,"[""Q01""]",True
taihu_thqbca_history,storage\raw\taihu_thqbca_parsed\thqbca_observations.csv,14173,TAIHU_CLIMATE,,1978-12-25T16:00:00+00:00,,,precipitation,precipitation,,,mm,mm,observed,,False,,,"[""Q01""]",True
taihu_thqbca_history,storage\raw\taihu_thqbca_parsed\thqbca_observations.csv,14180,TAIHU_CLIMATE,,1979-01-01T16:00:00+00:00,,,precipitation,precipitation,,,mm,mm,observed,,False,,,"[""Q01""]",True
taihu_thqbca_history,storage\raw\taihu_thqbca_parsed\thqbca_observations.csv,14184,TAIHU_CLIMATE,,1979-01-05T16:00:00+00:00,,,precipitation,precipitation,,,mm,mm,observed,,False,,,"[""Q01""]",True
taihu_thqbca_history,storage\raw\taihu_thqbca_parsed\thqbca_observations.csv,14187,TAIHU_CLIMATE,,1979-01-08T16:00:00+00:00,,,precipitation,precipitation,,,mm,mm,observed,,False,,,"[""Q01""]",True
taihu_thqbca_history,storage\raw\taihu_thqbca_parsed\thqbca_observations.csv,14188,TAIHU_CLIMATE,,1979-01-09T16:00:00+00:00,,,precipitation,precipitation,,,mm,mm,observed,,False,,,"[""Q01""]",True
taihu_thqbca_history,storage\raw\taihu_thqbca_parsed\thqbca_observations.csv,14189,TAIHU_CLIMATE,,1979-01-10T16:00:00+00:00,,,precipitation,precipitation,,,mm,mm,observed,,False,,,"[""Q01""]",True
taihu_thqbca_history,storage\raw\taihu_thqbca_parsed\thqbca_observations.csv,14190,TAIHU_CLIMATE,,1979-01-11T16:00:00+00:00,,,precipitation,precipitation,,,mm,mm,observed,,False,,,"[""Q01""]",True
taihu_thqbca_history,storage\raw\taihu_thqbca_parsed\thqbca_observations.csv,14191,TAIHU_CLIMATE,,1979-01-12T16:00:00+00:00,,,precipitation,precipitation,,,mm,mm,observed,,False,,,"[""Q01""]",True
taihu_thqbca_history,storage\raw\taihu_thqbca_parsed\thqbca_observations.csv,14192,TAIHU_CLIMATE,,1979-01-13T16:00:00+00:00,,,precipitation,precipitation,,,mm,mm,observed,,False,,,"[""Q01""]",True
taihu_thqbca_history,storage\raw\taihu_thqbca_parsed\thqbca_observations.csv,14204,TAIHU_CLIMATE,,1979-01-25T16:00:00+00:00,,,precipitation,precipitation,,,mm,mm,observed,,False,,,"[""Q01""]",True
taihu_thqbca_history,storage\raw\taihu_thqbca_parsed\thqbca_observations.csv,14208,TAIHU_CLIMATE,,1979-01-29T16:00:00+00:00,,,precipitation,precipitation,,,mm,mm,observed,,False,,,"[""Q01""]",True
taihu_thqbca_history,storage\raw\taihu_thqbca_parsed\thqbca_observations.csv,14209,TAIHU_CLIMATE,,1979-01-30T16:00:00+00:00,,,precipitation,precipitation,,,mm,mm,observed,,False,,,"[""Q01""]",True
taihu_thqbca_history,storage\raw\taihu_thqbca_parsed\thqbca_observations.csv,14218,TAIHU_CLIMATE,,1979-02-08T16:00:00+00:00,,,precipitation,precipitation,,,mm,mm,observed,,False,,,"[""Q01""]",True
taihu_thqbca_history,storage\raw\taihu_thqbca_parsed\thqbca_observations.csv,14220,TAIHU_CLIMATE,,1979-02-10T16:00:00+00:00,,,precipitation,precipitation,,,mm,mm,observed,,False,,,"[""Q01""]",True
taihu_thqbca_history,storage\raw\taihu_thqbca_parsed\thqbca_observations.csv,14221,TAIHU_CLIMATE,,1979-02-11T16:00:00+00:00,,,precipitation,precipitation,,,mm,mm,observed,,False,,,"[""Q01""]",True
taihu_thqbca_history,storage\raw\taihu_thqbca_parsed\thqbca_observations.csv,14222,TAIHU_CLIMATE,,1979-02-12T16:00:00+00:00,,,precipitation,precipitation,,,mm,mm,observed,,False,,,"[""Q01""]",True
taihu_thqbca_history,storage\raw\taihu_thqbca_parsed\thqbca_observations.csv,14224,TAIHU_CLIMATE,,1979-02-14T16:00:00+00:00,,,precipitation,precipitation,,,mm,mm,observed,,False,,,"[""Q01""]",True
taihu_thqbca_history,storage\raw\taihu_thqbca_parsed\thqbca_observations.csv,14225,TAIHU_CLIMATE,,1979-02-15T16:00:00+00:00,,,precipitation,precipitation,,,mm,mm,observed,,False,,,"[""Q01""]",True
taihu_thqbca_history,storage\raw\taihu_thqbca_parsed\thqbca_observations.csv,14228,TAIHU_CLIMATE,,1979-02-18T16:00:00+00:00,,,precipitation,precipitation,,,mm,mm,observed,,False,,,"[""Q01""]",True
taihu_thqbca_history,storage\raw\taihu_thqbca_parsed\thqbca_observations.csv,14229,TAIHU_CLIMATE,,1979-02-19T16:00:00+00:00,,,precipitation,precipitation,,,mm,mm,observed,,False,,,"[""Q01""]",True
taihu_thqbca_history,storage\raw\taihu_thqbca_parsed\thqbca_observations.csv,14242,TAIHU_CLIMATE,,1979-03-04T16:00:00+00:00,,,precipitation,precipitation,,,mm,mm,observed,,False,,,"[""Q01""]",True
taihu_thqbca_history,storage\raw\taihu_thqbca_parsed\thqbca_observations.csv,14244,TAIHU_CLIMATE,,1979-03-06T16:00:00+00:00,,,precipitation,precipitation,,,mm,mm,observed,,False,,,"[""Q01""]",True
taihu_thqbca_history,storage\raw\taihu_thqbca_parsed\thqbca_observations.csv,14258,TAIHU_CLIMATE,,1979-03-20T16:00:00+00:00,,,precipitation,precipitation,,,mm,mm,observed,,False,,,"[""Q01""]",True
taihu_thqbca_history,storage\raw\taihu_thqbca_parsed\thqbca_observations.csv,14280,TAIHU_CLIMATE,,1979-04-11T16:00:00+00:00,,,precipitation,precipitation,,,mm,mm,observed,,False,,,"[""Q01""]",True
taihu_thqbca_history,storage\raw\taihu_thqbca_parsed\thqbca_observations.csv,14285,TAIHU_CLIMATE,,1979-04-16T16:00:00+00:00,,,precipitation,precipitation,,,mm,mm,observed,,False,,,"[""Q01""]",True
taihu_thqbca_history,storage\raw\taihu_thqbca_parsed\thqbca_observations.csv,14296,TAIHU_CLIMATE,,1979-04-27T16:00:00+00:00,,,precipitation,precipitation,,,mm,mm,observed,,False,,,"[""Q01""]",True
taihu_thqbca_history,storage\raw\taihu_thqbca_parsed\thqbca_observations.csv,14306,TAIHU_CLIMATE,,1979-05-07T16:00:00+00:00,,,precipitation,precipitation,,,mm,mm,observed,,False,,,"[""Q01""]",True
taihu_thqbca_history,storage\raw\taihu_thqbca_parsed\thqbca_observations.csv,14314,TAIHU_CLIMATE,,1979-05-15T16:00:00+00:00,,,precipitation,precipitation,,,mm,mm,observed,,False,,,"[""Q01""]",True
taihu_thqbca_history,storage\raw\taihu_thqbca_parsed\thqbca_observations.csv,14319,TAIHU_CLIMATE,,1979-05-20T16:00:00+00:00,,,precipitation,precipitation,,,mm,mm,observed,,False,,,"[""Q01""]",True
taihu_thqbca_history,storage\raw\taihu_thqbca_parsed\thqbca_observations.csv,14321,TAIHU_CLIMATE,,1979-05-22T16:00:00+00:00,,,precipitation,precipitation,,,mm,mm,observed,,False,,,"[""Q01""]",True
taihu_thqbca_history,storage\raw\taihu_thqbca_parsed\thqbca_observations.csv,14322,TAIHU_CLIMATE,,1979-05-23T16:00:00+00:00,,,precipitation,precipitation,,,mm,mm,observed,,False,,,"[""Q01""]",True
taihu_thqbca_history,storage\raw\taihu_thqbca_parsed\thqbca_observations.csv,14351,TAIHU_CLIMATE,,1979-06-21T16:00:00+00:00,,,precipitation,precipitation,,,mm,mm,observed,,False,,,"[""Q01""]",True
taihu_thqbca_history,storage\raw\taihu_thqbca_parsed\thqbca_observations.csv,14364,TAIHU_CLIMATE,,1979-07-04T16:00:00+00:00,,,precipitation,precipitation,,,mm,mm,observed,,False,,,"[""Q01""]",True
taihu_thqbca_history,storage\raw\taihu_thqbca_parsed\thqbca_observations.csv,14365,TAIHU_CLIMATE,,1979-07-05T16:00:00+00:00,,,precipitation,precipitation,,,mm,mm,observed,,False,,,"[""Q01""]",True
taihu_thqbca_history,storage\raw\taihu_thqbca_parsed\thqbca_observations.csv,14366,TAIHU_CLIMATE,,1979-07-06T16:00:00+00:00,,,precipitation,precipitation,,,mm,mm,observed,,False,,,"[""Q01""]",True
taihu_thqbca_history,storage\raw\taihu_thqbca_parsed\thqbca_observations.csv,14368,TAIHU_CLIMATE,,1979-07-08T16:00:00+00:00,,,precipitation,precipitation,,,mm,mm,observed,,False,,,"[""Q01""]",True
taihu_thqbca_history,storage\raw\taihu_thqbca_parsed\thqbca_observations.csv,14370,TAIHU_CLIMATE,,1979-07-10T16:00:00+00:00,,,precipitation,precipitation,,,mm,mm,observed,,False,,,"[""Q01""]",True
taihu_thqbca_history,storage\raw\taihu_thqbca_parsed\thqbca_observations.csv,14379,TAIHU_CLIMATE,,1979-07-19T16:00:00+00:00,,,precipitation,precipitation,,,mm,mm,observed,,False,,,"[""Q01""]",True
taihu_thqbca_history,storage\raw\taihu_thqbca_parsed\thqbca_observations.csv,14410,TAIHU_CLIMATE,,1979-08-19T16:00:00+00:00,,,precipitation,precipitation,,,mm,mm,observed,,False,,,"[""Q01""]",True
taihu_thqbca_history,storage\raw\taihu_thqbca_parsed\thqbca_observations.csv,14411,TAIHU_CLIMATE,,1979-08-20T16:00:00+00:00,,,precipitation,precipitation,,,mm,mm,observed,,False,,,"[""Q01""]",True
taihu_thqbca_history,storage\raw\taihu_thqbca_parsed\thqbca_observations.csv,14420,TAIHU_CLIMATE,,1979-08-29T16:00:00+00:00,,,precipitation,precipitation,,,mm,mm,observed,,False,,,"[""Q01""]",True
taihu_thqbca_history,storage\raw\taihu_thqbca_parsed\thqbca_observations.csv,14431,TAIHU_CLIMATE,,1979-09-09T16:00:00+00:00,,,precipitation,precipitation,,,mm,mm,observed,,False,,,"[""Q01""]",True
taihu_thqbca_history,storage\raw\taihu_thqbca_parsed\thqbca_observations.csv,14436,TAIHU_CLIMATE,,1979-09-14T16:00:00+00:00,,,precipitation,precipitation,,,mm,mm,observed,,False,,,"[""Q01""]",True
taihu_thqbca_history,storage\raw\taihu_thqbca_parsed\thqbca_observations.csv,14438,TAIHU_CLIMATE,,1979-09-16T16:00:00+00:00,,,precipitation,precipitation,,,mm,mm,observed,,False,,,"[""Q01""]",True
taihu_thqbca_history,storage\raw\taihu_thqbca_parsed\thqbca_observations.csv,14465,TAIHU_CLIMATE,,1979-10-13T16:00:00+00:00,,,precipitation,precipitation,,,mm,mm,observed,,False,,,"[""Q01""]",True
taihu_thqbca_history,storage\raw\taihu_thqbca_parsed\thqbca_observations.csv,14467,TAIHU_CLIMATE,,1979-10-15T16:00:00+00:00,,,precipitation,precipitation,,,mm,mm,observed,,False,,,"[""Q01""]",True
taihu_thqbca_history,storage\raw\taihu_thqbca_parsed\thqbca_observations.csv,14475,TAIHU_CLIMATE,,1979-10-23T16:00:00+00:00,,,precipitation,precipitation,,,mm,mm,observed,,False,,,"[""Q01""]",True
taihu_thqbca_history,storage\raw\taihu_thqbca_parsed\thqbca_observations.csv,14478,TAIHU_CLIMATE,,1979-10-26T16:00:00+00:00,,,precipitation,precipitation,,,mm,mm,observed,,False,,,"[""Q01""]",True
taihu_thqbca_history,storage\raw\taihu_thqbca_parsed\thqbca_observations.csv,14479,TAIHU_CLIMATE,,1979-10-27T16:00:00+00:00,,,precipitation,precipitation,,,mm,mm,observed,,False,,,"[""Q01""]",True
taihu_thqbca_history,storage\raw\taihu_thqbca_parsed\thqbca_observations.csv,14480,TAIHU_CLIMATE,,1979-10-28T16:00:00+00:00,,,precipitation,precipitation,,,mm,mm,observed,,False,,,"[""Q01""]",True
taihu_thqbca_history,storage\raw\taihu_thqbca_parsed\thqbca_observations.csv,14482,TAIHU_CLIMATE,,1979-10-30T16:00:00+00:00,,,precipitation,precipitation,,,mm,mm,observed,,False,,,"[""Q01""]",True
taihu_thqbca_history,storage\raw\taihu_thqbca_parsed\thqbca_observations.csv,14485,TAIHU_CLIMATE,,1979-11-02T16:00:00+00:00,,,precipitation,precipitation,,,mm,mm,observed,,False,,,"[""Q01""]",True
taihu_thqbca_history,storage\raw\taihu_thqbca_parsed\thqbca_observations.csv,14486,TAIHU_CLIMATE,,1979-11-03T16:00:00+00:00,,,precipitation,precipitation,,,mm,mm,observed,,False,,,"[""Q01""]",True
taihu_thqbca_history,storage\raw\taihu_thqbca_parsed\thqbca_observations.csv,14490,TAIHU_CLIMATE,,1979-11-07T16:00:00+00:00,,,precipitation,precipitation,,,mm,mm,observed,,False,,,"[""Q01""]",True
taihu_thqbca_history,storage\raw\taihu_thqbca_parsed\thqbca_observations.csv,14492,TAIHU_CLIMATE,,1979-11-09T16:00:00+00:00,,,precipitation,precipitation,,,mm,mm,observed,,False,,,"[""Q01""]",True
taihu_thqbca_history,storage\raw\taihu_thqbca_parsed\thqbca_observations.csv,14497,TAIHU_CLIMATE,,1979-11-14T16:00:00+00:00,,,precipitation,precipitation,,,mm,mm,observed,,False,,,"[""Q01""]",True
taihu_thqbca_history,storage\raw\taihu_thqbca_parsed\thqbca_observations.csv,14512,TAIHU_CLIMATE,,1979-11-29T16:00:00+00:00,,,precipitation,precipitation,,,mm,mm,observed,,False,,,"[""Q01""]",True
taihu_thqbca_history,storage\raw\taihu_thqbca_parsed\thqbca_observations.csv,14515,TAIHU_CLIMATE,,1979-12-02T16:00:00+00:00,,,precipitation,precipitation,,,mm,mm,observed,,False,,,"[""Q01""]",True
taihu_thqbca_history,storage\raw\taihu_thqbca_parsed\thqbca_observations.csv,14520,TAIHU_CLIMATE,,1979-12-07T16:00:00+00:00,,,precipitation,precipitation,,,mm,mm,observed,,False,,,"[""Q01""]",True
taihu_thqbca_history,storage\raw\taihu_thqbca_parsed\thqbca_observations.csv,14521,TAIHU_CLIMATE,,1979-12-08T16:00:00+00:00,,,precipitation,precipitation,,,mm,mm,observed,,False,,,"[""Q01""]",True
taihu_thqbca_history,storage\raw\taihu_thqbca_parsed\thqbca_observations.csv,14522,TAIHU_CLIMATE,,1979-12-09T16:00:00+00:00,,,precipitation,precipitation,,,mm,mm,observed,,False,,,"[""Q01""]",True
taihu_thqbca_history,storage\raw\taihu_thqbca_parsed\thqbca_observations.csv,14523,TAIHU_CLIMATE,,1979-12-10T16:00:00+00:00,,,precipitation,precipitation,,,mm,mm,observed,,False,,,"[""Q01""]",True
taihu_thqbca_history,storage\raw\taihu_thqbca_parsed\thqbca_observations.csv,14526,TAIHU_CLIMATE,,1979-12-13T16:00:00+00:00,,,precipitation,precipitation,,,mm,mm,observed,,False,,,"[""Q01""]",True
taihu_thqbca_history,storage\raw\taihu_thqbca_parsed\thqbca_observations.csv,14536,TAIHU_CLIMATE,,1979-12-23T16:00:00+00:00,,,precipitation,precipitation,,,mm,mm,observed,,False,,,"[""Q01""]",True
taihu_thqbca_history,storage\raw\taihu_thqbca_parsed\thqbca_observations.csv,14541,TAIHU_CLIMATE,,1979-12-28T16:00:00+00:00,,,precipitation,precipitation,,,mm,mm,observed,,False,,,"[""Q01""]",True
taihu_thqbca_history,storage\raw\taihu_thqbca_parsed\thqbca_observations.csv,14542,TAIHU_CLIMATE,,1979-12-29T16:00:00+00:00,,,precipitation,precipitation,,,mm,mm,observed,,False,,,"[""Q01""]",True
taihu_thqbca_history,storage\raw\taihu_thqbca_parsed\thqbca_observations.csv,14554,TAIHU_CLIMATE,,1980-01-10T16:00:00+00:00,,,precipitation,precipitation,,,mm,mm,observed,,False,,,"[""Q01""]",True
taihu_thqbca_history,storage\raw\taihu_thqbca_parsed\thqbca_observations.csv,14567,TAIHU_CLIMATE,,1980-01-23T16:00:00+00:00,,,precipitation,precipitation,,,mm,mm,observed,,False,,,"[""Q01""]",True
taihu_thqbca_history,storage\raw\taihu_thqbca_parsed\thqbca_observations.csv,14570,TAIHU_CLIMATE,,1980-01-26T16:00:00+00:00,,,precipitation,precipitation,,,mm,mm,observed,,False,,,"[""Q01""]",True
taihu_thqbca_history,storage\raw\taihu_thqbca_parsed\thqbca_observations.csv,14573,TAIHU_CLIMATE,,1980-01-29T16:00:00+00:00,,,precipitation,precipitation,,,mm,mm,observed,,False,,,"[""Q01""]",True
taihu_thqbca_history,storage\raw\taihu_thqbca_parsed\thqbca_observations.csv,14574,TAIHU_CLIMATE,,1980-01-30T16:00:00+00:00,,,precipitation,precipitation,,,mm,mm,observed,,False,,,"[""Q01""]",True
taihu_thqbca_history,storage\raw\taihu_thqbca_parsed\thqbca_observations.csv,14578,TAIHU_CLIMATE,,1980-02-03T16:00:00+00:00,,,precipitation,precipitation,,,mm,mm,observed,,False,,,"[""Q01""]",True
taihu_thqbca_history,storage\raw\taihu_thqbca_parsed\thqbca_observations.csv,14581,TAIHU_CLIMATE,,1980-02-06T16:00:00+00:00,,,precipitation,precipitation,,,mm,mm,observed,,False,,,"[""Q01""]",True
taihu_thqbca_history,storage\raw\taihu_thqbca_parsed\thqbca_observations.csv,14587,TAIHU_CLIMATE,,1980-02-12T16:00:00+00:00,,,precipitation,precipitation,,,mm,mm,observed,,False,,,"[""Q01""]",True
taihu_thqbca_history,storage\raw\taihu_thqbca_parsed\thqbca_observations.csv,14588,TAIHU_CLIMATE,,1980-02-13T16:00:00+00:00,,,precipitation,precipitation,,,mm,mm,observed,,False,,,"[""Q01""]",True
taihu_thqbca_history,storage\raw\taihu_thqbca_parsed\thqbca_observations.csv,14593,TAIHU_CLIMATE,,1980-02-18T16:00:00+00:00,,,precipitation,precipitation,,,mm,mm,observed,,False,,,"[""Q01""]",True
taihu_thqbca_history,storage\raw\taihu_thqbca_parsed\thqbca_observations.csv,14612,TAIHU_CLIMATE,,1980-03-08T16:00:00+00:00,,,precipitation,precipitation,,,mm,mm,observed,,False,,,"[""Q01""]",True
taihu_thqbca_history,storage\raw\taihu_thqbca_parsed\thqbca_observations.csv,14635,TAIHU_CLIMATE,,1980-03-31T16:00:00+00:00,,,precipitation,precipitation,,,mm,mm,observed,,False,,,"[""Q01""]",True
taihu_thqbca_history,storage\raw\taihu_thqbca_parsed\thqbca_observations.csv,14637,TAIHU_CLIMATE,,1980-04-02T16:00:00+00:00,,,precipitation,precipitation,,,mm,mm,observed,,False,,,"[""Q01""]",True
taihu_thqbca_history,storage\raw\taihu_thqbca_parsed\thqbca_observations.csv,14638,TAIHU_CLIMATE,,1980-04-03T16:00:00+00:00,,,precipitation,precipitation,,,mm,mm,observed,,False,,,"[""Q01""]",True
taihu_thqbca_history,storage\raw\taihu_thqbca_parsed\thqbca_observations.csv,14642,TAIHU_CLIMATE,,1980-04-07T16:00:00+00:00,,,precipitation,precipitation,,,mm,mm,observed,,False,,,"[""Q01""]",True
taihu_thqbca_history,storage\raw\taihu_thqbca_parsed\thqbca_observations.csv,14663,TAIHU_CLIMATE,,1980-04-28T16:00:00+00:00,,,precipitation,precipitation,,,mm,mm,observed,,False,,,"[""Q01""]",True
taihu_thqbca_history,storage\raw\taihu_thqbca_parsed\thqbca_observations.csv,14664,TAIHU_CLIMATE,,1980-04-29T16:00:00+00:00,,,precipitation,precipitation,,,mm,mm,observed,,False,,,"[""Q01""]",True
taihu_thqbca_history,storage\raw\taihu_thqbca_parsed\thqbca_observations.csv,14668,TAIHU_CLIMATE,,1980-05-03T16:00:00+00:00,,,precipitation,precipitation,,,mm,mm,observed,,False,,,"[""Q01""]",True
taihu_thqbca_history,storage\raw\taihu_thqbca_parsed\thqbca_observations.csv,14688,TAIHU_CLIMATE,,1980-05-23T16:00:00+00:00,,,precipitation,precipitation,,,mm,mm,observed,,False,,,"[""Q01""]",True
taihu_thqbca_history,storage\raw\taihu_thqbca_parsed\thqbca_observations.csv,14732,TAIHU_CLIMATE,,1980-07-06T16:00:00+00:00,,,precipitation,precipitation,,,mm,mm,observed,,False,,,"[""Q01""]",True
taihu_thqbca_history,storage\raw\taihu_thqbca_parsed\thqbca_observations.csv,14736,TAIHU_CLIMATE,,1980-07-10T16:00:00+00:00,,,precipitation,precipitation,,,mm,mm,observed,,False,,,"[""Q01""]",True
taihu_thqbca_history,storage\raw\taihu_thqbca_parsed\thqbca_observations.csv,14744,TAIHU_CLIMATE,,1980-07-18T16:00:00+00:00,,,precipitation,precipitation,,,mm,mm,observed,,False,,,"[""Q01""]",True
taihu_thqbca_history,storage\raw\taihu_thqbca_parsed\thqbca_observations.csv,14751,TAIHU_CLIMATE,,1980-07-25T16:00:00+00:00,,,precipitation,precipitation,,,mm,mm,observed,,False,,,"[""Q01""]",True
taihu_thqbca_history,storage\raw\taihu_thqbca_parsed\thqbca_observations.csv,14760,TAIHU_CLIMATE,,1980-08-03T16:00:00+00:00,,,precipitation,precipitation,,,mm,mm,observed,,False,,,"[""Q01""]",True
taihu_thqbca_history,storage\raw\taihu_thqbca_parsed\thqbca_observations.csv,14763,TAIHU_CLIMATE,,1980-08-06T16:00:00+00:00,,,precipitation,precipitation,,,mm,mm,observed,,False,,,"[""Q01""]",True
taihu_thqbca_history,storage\raw\taihu_thqbca_parsed\thqbca_observations.csv,14764,TAIHU_CLIMATE,,1980-08-07T16:00:00+00:00,,,precipitation,precipitation,,,mm,mm,observed,,False,,,"[""Q01""]",True
taihu_thqbca_history,storage\raw\taihu_thqbca_parsed\thqbca_observations.csv,14767,TAIHU_CLIMATE,,1980-08-10T16:00:00+00:00,,,precipitation,precipitation,,,mm,mm,observed,,False,,,"[""Q01""]",True
taihu_thqbca_history,storage\raw\taihu_thqbca_parsed\thqbca_observations.csv,14779,TAIHU_CLIMATE,,1980-08-22T16:00:00+00:00,,,precipitation,precipitation,,,mm,mm,observed,,False,,,"[""Q01""]",True
taihu_thqbca_history,storage\raw\taihu_thqbca_parsed\thqbca_observations.csv,14783,TAIHU_CLIMATE,,1980-08-26T16:00:00+00:00,,,precipitation,precipitation,,,mm,mm,observed,,False,,,"[""Q01""]",True
taihu_thqbca_history,storage\raw\taihu_thqbca_parsed\thqbca_observations.csv,14785,TAIHU_CLIMATE,,1980-08-28T16:00:00+00:00,,,precipitation,precipitation,,,mm,mm,observed,,False,,,"[""Q01""]",True
taihu_thqbca_history,storage\raw\taihu_thqbca_parsed\thqbca_observations.csv,14787,TAIHU_CLIMATE,,1980-08-30T16:00:00+00:00,,,precipitation,precipitation,,,mm,mm,observed,,False,,,"[""Q01""]",True
taihu_thqbca_history,storage\raw\taihu_thqbca_parsed\thqbca_observations.csv,14791,TAIHU_CLIMATE,,1980-09-03T16:00:00+00:00,,,precipitation,precipitation,,,mm,mm,observed,,False,,,"[""Q01""]",True
taihu_thqbca_history,storage\raw\taihu_thqbca_parsed\thqbca_observations.csv,14792,TAIHU_CLIMATE,,1980-09-04T16:00:00+00:00,,,precipitation,precipitation,,,mm,mm,observed,,False,,,"[""Q01""]",True
taihu_thqbca_history,storage\raw\taihu_thqbca_parsed\thqbca_observations.csv,14795,TAIHU_CLIMATE,,1980-09-07T16:00:00+00:00,,,precipitation,precipitation,,,mm,mm,observed,,False,,,"[""Q01""]",True
taihu_thqbca_history,storage\raw\taihu_thqbca_parsed\thqbca_observations.csv,14822,TAIHU_CLIMATE,,1980-10-04T16:00:00+00:00,,,precipitation,precipitation,,,mm,mm,observed,,False,,,"[""Q01""]",True
taihu_thqbca_history,storage\raw\taihu_thqbca_parsed\thqbca_observations.csv,14824,TAIHU_CLIMATE,,1980-10-06T16:00:00+00:00,,,precipitation,precipitation,,,mm,mm,observed,,False,,,"[""Q01""]",True
taihu_thqbca_history,storage\raw\taihu_thqbca_parsed\thqbca_observations.csv,14878,TAIHU_CLIMATE,,1980-11-29T16:00:00+00:00,,,precipitation,precipitation,,,mm,mm,observed,,False,,,"[""Q01""]",True
taihu_thqbca_history,storage\raw\taihu_thqbca_parsed\thqbca_observations.csv,14893,TAIHU_CLIMATE,,1980-12-14T16:00:00+00:00,,,precipitation,precipitation,,,mm,mm,observed,,False,,,"[""Q01""]",True
taihu_thqbca_history,storage\raw\taihu_thqbca_parsed\thqbca_observations.csv,14919,TAIHU_CLIMATE,,1981-01-09T16:00:00+00:00,,,precipitation,precipitation,,,mm,mm,observed,,False,,,"[""Q01""]",True
taihu_thqbca_history,storage\raw\taihu_thqbca_parsed\thqbca_observations.csv,14928,TAIHU_CLIMATE,,1981-01-18T16:00:00+00:00,,,precipitation,precipitation,,,mm,mm,observed,,False,,,"[""Q01""]",True
taihu_thqbca_history,storage\raw\taihu_thqbca_parsed\thqbca_observations.csv,14939,TAIHU_CLIMATE,,1981-01-29T16:00:00+00:00,,,precipitation,precipitation,,,mm,mm,observed,,False,,,"[""Q01""]",True
taihu_thqbca_history,storage\raw\taihu_thqbca_parsed\thqbca_observations.csv,14951,TAIHU_CLIMATE,,1981-02-10T16:00:00+00:00,,,precipitation,precipitation,,,mm,mm,observed,,False,,,"[""Q01""]",True
taihu_thqbca_history,storage\raw\taihu_thqbca_parsed\thqbca_observations.csv,14965,TAIHU_CLIMATE,,1981-02-24T16:00:00+00:00,,,precipitation,precipitation,,,mm,mm,observed,,False,,,"[""Q01""]",True
taihu_thqbca_history,storage\raw\taihu_thqbca_parsed\thqbca_observations.csv,14972,TAIHU_CLIMATE,,1981-03-03T16:00:00+00:00,,,precipitation,precipitation,,,mm,mm,observed,,False,,,"[""Q01""]",True
taihu_thqbca_history,storage\raw\taihu_thqbca_parsed\thqbca_observations.csv,14974,TAIHU_CLIMATE,,1981-03-05T16:00:00+00:00,,,precipitation,precipitation,,,mm,mm,observed,,False,,,"[""Q01""]",True
taihu_thqbca_history,storage\raw\taihu_thqbca_parsed\thqbca_observations.csv,14976,TAIHU_CLIMATE,,1981-03-07T16:00:00+00:00,,,precipitation,precipitation,,,mm,mm,observed,,False,,,"[""Q01""]",True
taihu_thqbca_history,storage\raw\taihu_thqbca_parsed\thqbca_observations.csv,14981,TAIHU_CLIMATE,,1981-03-12T16:00:00+00:00,,,precipitation,precipitation,,,mm,mm,observed,,False,,,"[""Q01""]",True
taihu_thqbca_history,storage\raw\taihu_thqbca_parsed\thqbca_observations.csv,14990,TAIHU_CLIMATE,,1981-03-21T16:00:00+00:00,,,precipitation,precipitation,,,mm,mm,observed,,False,,,"[""Q01""]",True
taihu_thqbca_history,storage\raw\taihu_thqbca_parsed\thqbca_observations.csv,15012,TAIHU_CLIMATE,,1981-04-12T16:00:00+00:00,,,precipitation,precipitation,,,mm,mm,observed,,False,,,"[""Q01""]",True
taihu_thqbca_history,storage\raw\taihu_thqbca_parsed\thqbca_observations.csv,15013,TAIHU_CLIMATE,,1981-04-13T16:00:00+00:00,,,precipitation,precipitation,,,mm,mm,observed,,False,,,"[""Q01""]",True
taihu_thqbca_history,storage\raw\taihu_thqbca_parsed\thqbca_observations.csv,15018,TAIHU_CLIMATE,,1981-04-18T16:00:00+00:00,,,precipitation,precipitation,,,mm,mm,observed,,False,,,"[""Q01""]",True
taihu_thqbca_history,storage\raw\taihu_thqbca_parsed\thqbca_observations.csv,15025,TAIHU_CLIMATE,,1981-04-25T16:00:00+00:00,,,precipitation,precipitation,,,mm,mm,observed,,False,,,"[""Q01""]",True
taihu_thqbca_history,storage\raw\taihu_thqbca_parsed\thqbca_observations.csv,15055,TAIHU_CLIMATE,,1981-05-25T16:00:00+00:00,,,precipitation,precipitation,,,mm,mm,observed,,False,,,"[""Q01""]",True
taihu_thqbca_history,storage\raw\taihu_thqbca_parsed\thqbca_observations.csv,15060,TAIHU_CLIMATE,,1981-05-30T16:00:00+00:00,,,precipitation,precipitation,,,mm,mm,observed,,False,,,"[""Q01""]",True
taihu_thqbca_history,storage\raw\taihu_thqbca_parsed\thqbca_observations.csv,15063,TAIHU_CLIMATE,,1981-06-02T16:00:00+00:00,,,precipitation,precipitation,,,mm,mm,observed,,False,,,"[""Q01""]",True
taihu_thqbca_history,storage\raw\taihu_thqbca_parsed\thqbca_observations.csv,15075,TAIHU_CLIMATE,,1981-06-14T16:00:00+00:00,,,precipitation,precipitation,,,mm,mm,observed,,False,,,"[""Q01""]",True
taihu_thqbca_history,storage\raw\taihu_thqbca_parsed\thqbca_observations.csv,15076,TAIHU_CLIMATE,,1981-06-15T16:00:00+00:00,,,precipitation,precipitation,,,mm,mm,observed,,False,,,"[""Q01""]",True
taihu_thqbca_history,storage\raw\taihu_thqbca_parsed\thqbca_observations.csv,15086,TAIHU_CLIMATE,,1981-06-25T16:00:00+00:00,,,precipitation,precipitation,,,mm,mm,observed,,False,,,"[""Q01""]",True
taihu_thqbca_history,storage\raw\taihu_thqbca_parsed\thqbca_observations.csv,15110,TAIHU_CLIMATE,,1981-07-19T16:00:00+00:00,,,precipitation,precipitation,,,mm,mm,observed,,False,,,"[""Q01""]",True
taihu_thqbca_history,storage\raw\taihu_thqbca_parsed\thqbca_observations.csv,15112,TAIHU_CLIMATE,,1981-07-21T16:00:00+00:00,,,precipitation,precipitation,,,mm,mm,observed,,False,,,"[""Q01""]",True
taihu_thqbca_history,storage\raw\taihu_thqbca_parsed\thqbca_observations.csv,15114,TAIHU_CLIMATE,,1981-07-23T16:00:00+00:00,,,precipitation,precipitation,,,mm,mm,observed,,False,,,"[""Q01""]",True
taihu_thqbca_history,storage\raw\taihu_thqbca_parsed\thqbca_observations.csv,15115,TAIHU_CLIMATE,,1981-07-24T16:00:00+00:00,,,precipitation,precipitation,,,mm,mm,observed,,False,,,"[""Q01""]",True
taihu_thqbca_history,storage\raw\taihu_thqbca_parsed\thqbca_observations.csv,15116,TAIHU_CLIMATE,,1981-07-25T16:00:00+00:00,,,precipitation,precipitation,,,mm,mm,observed,,False,,,"[""Q01""]",True
taihu_thqbca_history,storage\raw\taihu_thqbca_parsed\thqbca_observations.csv,15118,TAIHU_CLIMATE,,1981-07-27T16:00:00+00:00,,,precipitation,precipitation,,,mm,mm,observed,,False,,,"[""Q01""]",True
taihu_thqbca_history,storage\raw\taihu_thqbca_parsed\thqbca_observations.csv,15136,TAIHU_CLIMATE,,1981-08-14T16:00:00+00:00,,,precipitation,precipitation,,,mm,mm,observed,,False,,,"[""Q01""]",True
taihu_thqbca_history,storage\raw\taihu_thqbca_parsed\thqbca_observations.csv,15139,TAIHU_CLIMATE,,1981-08-17T16:00:00+00:00,,,precipitation,precipitation,,,mm,mm,observed,,False,,,"[""Q01""]",True
taihu_thqbca_history,storage\raw\taihu_thqbca_parsed\thqbca_observations.csv,15146,TAIHU_CLIMATE,,1981-08-24T16:00:00+00:00,,,precipitation,precipitation,,,mm,mm,observed,,False,,,"[""Q01""]",True
taihu_thqbca_history,storage\raw\taihu_thqbca_parsed\thqbca_observations.csv,15174,TAIHU_CLIMATE,,1981-09-21T16:00:00+00:00,,,precipitation,precipitation,,,mm,mm,observed,,False,,,"[""Q01""]",True
taihu_thqbca_history,storage\raw\taihu_thqbca_parsed\thqbca_observations.csv,15183,TAIHU_CLIMATE,,1981-09-30T16:00:00+00:00,,,precipitation,precipitation,,,mm,mm,observed,,False,,,"[""Q01""]",True
taihu_thqbca_history,storage\raw\taihu_thqbca_parsed\thqbca_observations.csv,15188,TAIHU_CLIMATE,,1981-10-05T16:00:00+00:00,,,precipitation,precipitation,,,mm,mm,observed,,False,,,"[""Q01""]",True
taihu_thqbca_history,storage\raw\taihu_thqbca_parsed\thqbca_observations.csv,15191,TAIHU_CLIMATE,,1981-10-08T16:00:00+00:00,,,precipitation,precipitation,,,mm,mm,observed,,False,,,"[""Q01""]",True
taihu_thqbca_history,storage\raw\taihu_thqbca_parsed\thqbca_observations.csv,15193,TAIHU_CLIMATE,,1981-10-10T16:00:00+00:00,,,precipitation,precipitation,,,mm,mm,observed,,False,,,"[""Q01""]",True
taihu_thqbca_history,storage\raw\taihu_thqbca_parsed\thqbca_observations.csv,15195,TAIHU_CLIMATE,,1981-10-12T16:00:00+00:00,,,precipitation,precipitation,,,mm,mm,observed,,False,,,"[""Q01""]",True
taihu_thqbca_history,storage\raw\taihu_thqbca_parsed\thqbca_observations.csv,15200,TAIHU_CLIMATE,,1981-10-17T16:00:00+00:00,,,precipitation,precipitation,,,mm,mm,observed,,False,,,"[""Q01""]",True
taihu_thqbca_history,storage\raw\taihu_thqbca_parsed\thqbca_observations.csv,15201,TAIHU_CLIMATE,,1981-10-18T16:00:00+00:00,,,precipitation,precipitation,,,mm,mm,observed,,False,,,"[""Q01""]",True
taihu_thqbca_history,storage\raw\taihu_thqbca_parsed\thqbca_observations.csv,15213,TAIHU_CLIMATE,,1981-10-30T16:00:00+00:00,,,precipitation,precipitation,,,mm,mm,observed,,False,,,"[""Q01""]",True
taihu_thqbca_history,storage\raw\taihu_thqbca_parsed\thqbca_observations.csv,15228,TAIHU_CLIMATE,,1981-11-14T16:00:00+00:00,,,precipitation,precipitation,,,mm,mm,observed,,False,,,"[""Q01""]",True
taihu_thqbca_history,storage\raw\taihu_thqbca_parsed\thqbca_observations.csv,15232,TAIHU_CLIMATE,,1981-11-18T16:00:00+00:00,,,precipitation,precipitation,,,mm,mm,observed,,False,,,"[""Q01""]",True
taihu_thqbca_history,storage\raw\taihu_thqbca_parsed\thqbca_observations.csv,15233,TAIHU_CLIMATE,,1981-11-19T16:00:00+00:00,,,precipitation,precipitation,,,mm,mm,observed,,False,,,"[""Q01""]",True
taihu_thqbca_history,storage\raw\taihu_thqbca_parsed\thqbca_observations.csv,15272,TAIHU_CLIMATE,,1981-12-28T16:00:00+00:00,,,precipitation,precipitation,,,mm,mm,observed,,False,,,"[""Q01""]",True
taihu_thqbca_history,storage\raw\taihu_thqbca_parsed\thqbca_observations.csv,15286,TAIHU_CLIMATE,,1982-01-11T16:00:00+00:00,,,precipitation,precipitation,,,mm,mm,observed,,False,,,"[""Q01""]",True
taihu_thqbca_history,storage\raw\taihu_thqbca_parsed\thqbca_observations.csv,15289,TAIHU_CLIMATE,,1982-01-14T16:00:00+00:00,,,precipitation,precipitation,,,mm,mm,observed,,False,,,"[""Q01""]",True
taihu_thqbca_history,storage\raw\taihu_thqbca_parsed\thqbca_observations.csv,15303,TAIHU_CLIMATE,,1982-01-28T16:00:00+00:00,,,precipitation,precipitation,,,mm,mm,observed,,False,,,"[""Q01""]",True
taihu_thqbca_history,storage\raw\taihu_thqbca_parsed\thqbca_observations.csv,15304,TAIHU_CLIMATE,,1982-01-29T16:00:00+00:00,,,precipitation,precipitation,,,mm,mm,observed,,False,,,"[""Q01""]",True
taihu_thqbca_history,storage\raw\taihu_thqbca_parsed\thqbca_observations.csv,15307,TAIHU_CLIMATE,,1982-02-01T16:00:00+00:00,,,precipitation,precipitation,,,mm,mm,observed,,False,,,"[""Q01""]",True
taihu_thqbca_history,storage\raw\taihu_thqbca_parsed\thqbca_observations.csv,15326,TAIHU_CLIMATE,,1982-02-20T16:00:00+00:00,,,precipitation,precipitation,,,mm,mm,observed,,False,,,"[""Q01""]",True
taihu_thqbca_history,storage\raw\taihu_thqbca_parsed\thqbca_observations.csv,15327,TAIHU_CLIMATE,,1982-02-21T16:00:00+00:00,,,precipitation,precipitation,,,mm,mm,observed,,False,,,"[""Q01""]",True
taihu_thqbca_history,storage\raw\taihu_thqbca_parsed\thqbca_observations.csv,15344,TAIHU_CLIMATE,,1982-03-10T16:00:00+00:00,,,precipitation,precipitation,,,mm,mm,observed,,False,,,"[""Q01""]",True
taihu_thqbca_history,storage\raw\taihu_thqbca_parsed\thqbca_observations.csv,15348,TAIHU_CLIMATE,,1982-03-14T16:00:00+00:00,,,precipitation,precipitation,,,mm,mm,observed,,False,,,"[""Q01""]",True
taihu_thqbca_history,storage\raw\taihu_thqbca_parsed\thqbca_observations.csv,15356,TAIHU_CLIMATE,,1982-03-22T16:00:00+00:00,,,precipitation,precipitation,,,mm,mm,observed,,False,,,"[""Q01""]",True
taihu_thqbca_history,storage\raw\taihu_thqbca_parsed\thqbca_observations.csv,15363,TAIHU_CLIMATE,,1982-03-29T16:00:00+00:00,,,precipitation,precipitation,,,mm,mm,observed,,False,,,"[""Q01""]",True
taihu_thqbca_history,storage\raw\taihu_thqbca_parsed\thqbca_observations.csv,15390,TAIHU_CLIMATE,,1982-04-25T16:00:00+00:00,,,precipitation,precipitation,,,mm,mm,observed,,False,,,"[""Q01""]",True
taihu_thqbca_history,storage\raw\taihu_thqbca_parsed\thqbca_observations.csv,15393,TAIHU_CLIMATE,,1982-04-28T16:00:00+00:00,,,precipitation,precipitation,,,mm,mm,observed,,False,,,"[""Q01""]",True
taihu_thqbca_history,storage\raw\taihu_thqbca_parsed\thqbca_observations.csv,15405,TAIHU_CLIMATE,,1982-05-10T16:00:00+00:00,,,precipitation,precipitation,,,mm,mm,observed,,False,,,"[""Q01""]",True
taihu_thqbca_history,storage\raw\taihu_thqbca_parsed\thqbca_observations.csv,15412,TAIHU_CLIMATE,,1982-05-17T16:00:00+00:00,,,precipitation,precipitation,,,mm,mm,observed,,False,,,"[""Q01""]",True
taihu_thqbca_history,storage\raw\taihu_thqbca_parsed\thqbca_observations.csv,15426,TAIHU_CLIMATE,,1982-05-31T16:00:00+00:00,,,precipitation,precipitation,,,mm,mm,observed,,False,,,"[""Q01""]",True
taihu_thqbca_history,storage\raw\taihu_thqbca_parsed\thqbca_observations.csv,15432,TAIHU_CLIMATE,,1982-06-06T16:00:00+00:00,,,precipitation,precipitation,,,mm,mm,observed,,False,,,"[""Q01""]",True
taihu_thqbca_history,storage\raw\taihu_thqbca_parsed\thqbca_observations.csv,15440,TAIHU_CLIMATE,,1982-06-14T16:00:00+00:00,,,precipitation,precipitation,,,mm,mm,observed,,False,,,"[""Q01""]",True
taihu_thqbca_history,storage\raw\taihu_thqbca_parsed\thqbca_observations.csv,15453,TAIHU_CLIMATE,,1982-06-27T16:00:00+00:00,,,precipitation,precipitation,,,mm,mm,observed,,False,,,"[""Q01""]",True
taihu_thqbca_history,storage\raw\taihu_thqbca_parsed\thqbca_observations.csv,15459,TAIHU_CLIMATE,,1982-07-03T16:00:00+00:00,,,precipitation,precipitation,,,mm,mm,observed,,False,,,"[""Q01""]",True
taihu_thqbca_history,storage\raw\taihu_thqbca_parsed\thqbca_observations.csv,15470,TAIHU_CLIMATE,,1982-07-14T16:00:00+00:00,,,precipitation,precipitation,,,mm,mm,observed,,False,,,"[""Q01""]",True
taihu_thqbca_history,storage\raw\taihu_thqbca_parsed\thqbca_observations.csv,15483,TAIHU_CLIMATE,,1982-07-27T16:00:00+00:00,,,precipitation,precipitation,,,mm,mm,observed,,False,,,"[""Q01""]",True
taihu_thqbca_history,storage\raw\taihu_thqbca_parsed\thqbca_observations.csv,15484,TAIHU_CLIMATE,,1982-07-28T16:00:00+00:00,,,precipitation,precipitation,,,mm,mm,observed,,False,,,"[""Q01""]",True
taihu_thqbca_history,storage\raw\taihu_thqbca_parsed\thqbca_observations.csv,15488,TAIHU_CLIMATE,,1982-08-01T16:00:00+00:00,,,precipitation,precipitation,,,mm,mm,observed,,False,,,"[""Q01""]",True
taihu_thqbca_history,storage\raw\taihu_thqbca_parsed\thqbca_observations.csv,15489,TAIHU_CLIMATE,,1982-08-02T16:00:00+00:00,,,precipitation,precipitation,,,mm,mm,observed,,False,,,"[""Q01""]",True
taihu_thqbca_history,storage\raw\taihu_thqbca_parsed\thqbca_observations.csv,15492,TAIHU_CLIMATE,,1982-08-05T16:00:00+00:00,,,precipitation,precipitation,,,mm,mm,observed,,False,,,"[""Q01""]",True
taihu_thqbca_history,storage\raw\taihu_thqbca_parsed\thqbca_observations.csv,15496,TAIHU_CLIMATE,,1982-08-09T16:00:00+00:00,,,precipitation,precipitation,,,mm,mm,observed,,False,,,"[""Q01""]",True
taihu_thqbca_history,storage\raw\taihu_thqbca_parsed\thqbca_observations.csv,15505,TAIHU_CLIMATE,,1982-08-18T16:00:00+00:00,,,precipitation,precipitation,,,mm,mm,observed,,False,,,"[""Q01""]",True
taihu_thqbca_history,storage\raw\taihu_thqbca_parsed\thqbca_observations.csv,15510,TAIHU_CLIMATE,,1982-08-23T16:00:00+00:00,,,precipitation,precipitation,,,mm,mm,observed,,False,,,"[""Q01""]",True
taihu_thqbca_history,storage\raw\taihu_thqbca_parsed\thqbca_observations.csv,15514,TAIHU_CLIMATE,,1982-08-27T16:00:00+00:00,,,precipitation,precipitation,,,mm,mm,observed,,False,,,"[""Q01""]",True
taihu_thqbca_history,storage\raw\taihu_thqbca_parsed\thqbca_observations.csv,15517,TAIHU_CLIMATE,,1982-08-30T16:00:00+00:00,,,precipitation,precipitation,,,mm,mm,observed,,False,,,"[""Q01""]",True
taihu_thqbca_history,storage\raw\taihu_thqbca_parsed\thqbca_observations.csv,15522,TAIHU_CLIMATE,,1982-09-04T16:00:00+00:00,,,precipitation,precipitation,,,mm,mm,observed,,False,,,"[""Q01""]",True
taihu_thqbca_history,storage\raw\taihu_thqbca_parsed\thqbca_observations.csv,15524,TAIHU_CLIMATE,,1982-09-06T16:00:00+00:00,,,precipitation,precipitation,,,mm,mm,observed,,False,,,"[""Q01""]",True
taihu_thqbca_history,storage\raw\taihu_thqbca_parsed\thqbca_observations.csv,15539,TAIHU_CLIMATE,,1982-09-21T16:00:00+00:00,,,precipitation,precipitation,,,mm,mm,observed,,False,,,"[""Q01""]",True
taihu_thqbca_history,storage\raw\taihu_thqbca_parsed\thqbca_observations.csv,15549,TAIHU_CLIMATE,,1982-10-01T16:00:00+00:00,,,precipitation,precipitation,,,mm,mm,observed,,False,,,"[""Q01""]",True
taihu_thqbca_history,storage\raw\taihu_thqbca_parsed\thqbca_observations.csv,15552,TAIHU_CLIMATE,,1982-10-04T16:00:00+00:00,,,precipitation,precipitation,,,mm,mm,observed,,False,,,"[""Q01""]",True
taihu_thqbca_history,storage\raw\taihu_thqbca_parsed\thqbca_observations.csv,15562,TAIHU_CLIMATE,,1982-10-14T16:00:00+00:00,,,precipitation,precipitation,,,mm,mm,observed,,False,,,"[""Q01""]",True
taihu_thqbca_history,storage\raw\taihu_thqbca_parsed\thqbca_observations.csv,15575,TAIHU_CLIMATE,,1982-10-27T16:00:00+00:00,,,precipitation,precipitation,,,mm,mm,observed,,False,,,"[""Q01""]",True
taihu_thqbca_history,storage\raw\taihu_thqbca_parsed\thqbca_observations.csv,15581,TAIHU_CLIMATE,,1982-11-02T16:00:00+00:00,,,precipitation,precipitation,,,mm,mm,observed,,False,,,"[""Q01""]",True
taihu_thqbca_history,storage\raw\taihu_thqbca_parsed\thqbca_observations.csv,15582,TAIHU_CLIMATE,,1982-11-03T16:00:00+00:00,,,precipitation,precipitation,,,mm,mm,observed,,False,,,"[""Q01""]",True
taihu_thqbca_history,storage\raw\taihu_thqbca_parsed\thqbca_observations.csv,15601,TAIHU_CLIMATE,,1982-11-22T16:00:00+00:00,,,precipitation,precipitation,,,mm,mm,observed,,False,,,"[""Q01""]",True
taihu_thqbca_history,storage\raw\taihu_thqbca_parsed\thqbca_observations.csv,15612,TAIHU_CLIMATE,,1982-12-03T16:00:00+00:00,,,precipitation,precipitation,,,mm,mm,observed,,False,,,"[""Q01""]",True
taihu_thqbca_history,storage\raw\taihu_thqbca_parsed\thqbca_observations.csv,15639,TAIHU_CLIMATE,,1982-12-30T16:00:00+00:00,,,precipitation,precipitation,,,mm,mm,observed,,False,,,"[""Q01""]",True
taihu_thqbca_history,storage\raw\taihu_thqbca_parsed\thqbca_observations.csv,15647,TAIHU_CLIMATE,,1983-01-07T16:00:00+00:00,,,precipitation,precipitation,,,mm,mm,observed,,False,,,"[""Q01""]",True
taihu_thqbca_history,storage\raw\taihu_thqbca_parsed\thqbca_observations.csv,15654,TAIHU_CLIMATE,,1983-01-14T16:00:00+00:00,,,precipitation,precipitation,,,mm,mm,observed,,False,,,"[""Q01""]",True
taihu_thqbca_history,storage\raw\taihu_thqbca_parsed\thqbca_observations.csv,15673,TAIHU_CLIMATE,,1983-02-02T16:00:00+00:00,,,precipitation,precipitation,,,mm,mm,observed,,False,,,"[""Q01""]",True
taihu_thqbca_history,storage\raw\taihu_thqbca_parsed\thqbca_observations.csv,15694,TAIHU_CLIMATE,,1983-02-23T16:00:00+00:00,,,precipitation,precipitation,,,mm,mm,observed,,False,,,"[""Q01""]",True
taihu_thqbca_history,storage\raw\taihu_thqbca_parsed\thqbca_observations.csv,15697,TAIHU_CLIMATE,,1983-02-26T16:00:00+00:00,,,precipitation,precipitation,,,mm,mm,observed,,False,,,"[""Q01""]",True
taihu_thqbca_history,storage\raw\taihu_thqbca_parsed\thqbca_observations.csv,15710,TAIHU_CLIMATE,,1983-03-11T16:00:00+00:00,,,precipitation,precipitation,,,mm,mm,observed,,False,,,"[""Q01""]",True
taihu_thqbca_history,storage\raw\taihu_thqbca_parsed\thqbca_observations.csv,15711,TAIHU_CLIMATE,,1983-03-12T16:00:00+00:00,,,precipitation,precipitation,,,mm,mm,observed,,False,,,"[""Q01""]",True
taihu_thqbca_history,storage\raw\taihu_thqbca_parsed\thqbca_observations.csv,15717,TAIHU_CLIMATE,,1983-03-18T16:00:00+00:00,,,precipitation,precipitation,,,mm,mm,observed,,False,,,"[""Q01""]",True
taihu_thqbca_history,storage\raw\taihu_thqbca_parsed\thqbca_observations.csv,15720,TAIHU_CLIMATE,,1983-03-21T16:00:00+00:00,,,precipitation,precipitation,,,mm,mm,observed,,False,,,"[""Q01""]",True
taihu_thqbca_history,storage\raw\taihu_thqbca_parsed\thqbca_observations.csv,15728,TAIHU_CLIMATE,,1983-03-29T16:00:00+00:00,,,precipitation,precipitation,,,mm,mm,observed,,False,,,"[""Q01""]",True
taihu_thqbca_history,storage\raw\taihu_thqbca_parsed\thqbca_observations.csv,15732,TAIHU_CLIMATE,,1983-04-02T16:00:00+00:00,,,precipitation,precipitation,,,mm,mm,observed,,False,,,"[""Q01""]",True
taihu_thqbca_history,storage\raw\taihu_thqbca_parsed\thqbca_observations.csv,15748,TAIHU_CLIMATE,,1983-04-18T16:00:00+00:00,,,precipitation,precipitation,,,mm,mm,observed,,False,,,"[""Q01""]",True
taihu_thqbca_history,storage\raw\taihu_thqbca_parsed\thqbca_observations.csv,15749,TAIHU_CLIMATE,,1983-04-19T16:00:00+00:00,,,precipitation,precipitation,,,mm,mm,observed,,False,,,"[""Q01""]",True
taihu_thqbca_history,storage\raw\taihu_thqbca_parsed\thqbca_observations.csv,15768,TAIHU_CLIMATE,,1983-05-08T16:00:00+00:00,,,precipitation,precipitation,,,mm,mm,observed,,False,,,"[""Q01""]",True
taihu_thqbca_history,storage\raw\taihu_thqbca_parsed\thqbca_observations.csv,15783,TAIHU_CLIMATE,,1983-05-23T16:00:00+00:00,,,precipitation,precipitation,,,mm,mm,observed,,False,,,"[""Q01""]",True
taihu_thqbca_history,storage\raw\taihu_thqbca_parsed\thqbca_observations.csv,15787,TAIHU_CLIMATE,,1983-05-27T16:00:00+00:00,,,precipitation,precipitation,,,mm,mm,observed,,False,,,"[""Q01""]",True
taihu_thqbca_history,storage\raw\taihu_thqbca_parsed\thqbca_observations.csv,15797,TAIHU_CLIMATE,,1983-06-06T16:00:00+00:00,,,precipitation,precipitation,,,mm,mm,observed,,False,,,"[""Q01""]",True
taihu_thqbca_history,storage\raw\taihu_thqbca_parsed\thqbca_observations.csv,15798,TAIHU_CLIMATE,,1983-06-07T16:00:00+00:00,,,precipitation,precipitation,,,mm,mm,observed,,False,,,"[""Q01""]",True
taihu_thqbca_history,storage\raw\taihu_thqbca_parsed\thqbca_observations.csv,15808,TAIHU_CLIMATE,,1983-06-17T16:00:00+00:00,,,precipitation,precipitation,,,mm,mm,observed,,False,,,"[""Q01""]",True
taihu_thqbca_history,storage\raw\taihu_thqbca_parsed\thqbca_observations.csv,15809,TAIHU_CLIMATE,,1983-06-18T16:00:00+00:00,,,precipitation,precipitation,,,mm,mm,observed,,False,,,"[""Q01""]",True
taihu_thqbca_history,storage\raw\taihu_thqbca_parsed\thqbca_observations.csv,15811,TAIHU_CLIMATE,,1983-06-20T16:00:00+00:00,,,precipitation,precipitation,,,mm,mm,observed,,False,,,"[""Q01""]",True
taihu_thqbca_history,storage\raw\taihu_thqbca_parsed\thqbca_observations.csv,15812,TAIHU_CLIMATE,,1983-06-21T16:00:00+00:00,,,precipitation,precipitation,,,mm,mm,observed,,False,,,"[""Q01""]",True
taihu_thqbca_history,storage\raw\taihu_thqbca_parsed\thqbca_observations.csv,15818,TAIHU_CLIMATE,,1983-06-27T16:00:00+00:00,,,precipitation,precipitation,,,mm,mm,observed,,False,,,"[""Q01""]",True
taihu_thqbca_history,storage\raw\taihu_thqbca_parsed\thqbca_observations.csv,15826,TAIHU_CLIMATE,,1983-07-05T16:00:00+00:00,,,precipitation,precipitation,,,mm,mm,observed,,False,,,"[""Q01""]",True
taihu_thqbca_history,storage\raw\taihu_thqbca_parsed\thqbca_observations.csv,15828,TAIHU_CLIMATE,,1983-07-07T16:00:00+00:00,,,precipitation,precipitation,,,mm,mm,observed,,False,,,"[""Q01""]",True
taihu_thqbca_history,storage\raw\taihu_thqbca_parsed\thqbca_observations.csv,15835,TAIHU_CLIMATE,,1983-07-14T16:00:00+00:00,,,precipitation,precipitation,,,mm,mm,observed,,False,,,"[""Q01""]",True
taihu_thqbca_history,storage\raw\taihu_thqbca_parsed\thqbca_observations.csv,15860,TAIHU_CLIMATE,,1983-08-08T16:00:00+00:00,,,precipitation,precipitation,,,mm,mm,observed,,False,,,"[""Q01""]",True
taihu_thqbca_history,storage\raw\taihu_thqbca_parsed\thqbca_observations.csv,15861,TAIHU_CLIMATE,,1983-08-09T16:00:00+00:00,,,precipitation,precipitation,,,mm,mm,observed,,False,,,"[""Q01""]",True
taihu_thqbca_history,storage\raw\taihu_thqbca_parsed\thqbca_observations.csv,15867,TAIHU_CLIMATE,,1983-08-15T16:00:00+00:00,,,precipitation,precipitation,,,mm,mm,observed,,False,,,"[""Q01""]",True
taihu_thqbca_history,storage\raw\taihu_thqbca_parsed\thqbca_observations.csv,15873,TAIHU_CLIMATE,,1983-08-21T16:00:00+00:00,,,precipitation,precipitation,,,mm,mm,observed,,False,,,"[""Q01""]",True
taihu_thqbca_history,storage\raw\taihu_thqbca_parsed\thqbca_observations.csv,15875,TAIHU_CLIMATE,,1983-08-23T16:00:00+00:00,,,precipitation,precipitation,,,mm,mm,observed,,False,,,"[""Q01""]",True
taihu_thqbca_history,storage\raw\taihu_thqbca_parsed\thqbca_observations.csv,15891,TAIHU_CLIMATE,,1983-09-08T16:00:00+00:00,,,precipitation,precipitation,,,mm,mm,observed,,False,,,"[""Q01""]",True
taihu_thqbca_history,storage\raw\taihu_thqbca_parsed\thqbca_observations.csv,15902,TAIHU_CLIMATE,,1983-09-19T16:00:00+00:00,,,precipitation,precipitation,,,mm,mm,observed,,False,,,"[""Q01""]",True
taihu_thqbca_history,storage\raw\taihu_thqbca_parsed\thqbca_observations.csv,15908,TAIHU_CLIMATE,,1983-09-25T16:00:00+00:00,,,precipitation,precipitation,,,mm,mm,observed,,False,,,"[""Q01""]",True
taihu_thqbca_history,storage\raw\taihu_thqbca_parsed\thqbca_observations.csv,15909,TAIHU_CLIMATE,,1983-09-26T16:00:00+00:00,,,precipitation,precipitation,,,mm,mm,observed,,False,,,"[""Q01""]",True
taihu_thqbca_history,storage\raw\taihu_thqbca_parsed\thqbca_observations.csv,15923,TAIHU_CLIMATE,,1983-10-10T16:00:00+00:00,,,precipitation,precipitation,,,mm,mm,observed,,False,,,"[""Q01""]",True
taihu_thqbca_history,storage\raw\taihu_thqbca_parsed\thqbca_observations.csv,15925,TAIHU_CLIMATE,,1983-10-12T16:00:00+00:00,,,precipitation,precipitation,,,mm,mm,observed,,False,,,"[""Q01""]",True
taihu_thqbca_history,storage\raw\taihu_thqbca_parsed\thqbca_observations.csv,15930,TAIHU_CLIMATE,,1983-10-17T16:00:00+00:00,,,precipitation,precipitation,,,mm,mm,observed,,False,,,"[""Q01""]",True
taihu_thqbca_history,storage\raw\taihu_thqbca_parsed\thqbca_observations.csv,15938,TAIHU_CLIMATE,,1983-10-25T16:00:00+00:00,,,precipitation,precipitation,,,mm,mm,observed,,False,,,"[""Q01""]",True
taihu_thqbca_history,storage\raw\taihu_thqbca_parsed\thqbca_observations.csv,15946,TAIHU_CLIMATE,,1983-11-02T16:00:00+00:00,,,precipitation,precipitation,,,mm,mm,observed,,False,,,"[""Q01""]",True
taihu_thqbca_history,storage\raw\taihu_thqbca_parsed\thqbca_observations.csv,15947,TAIHU_CLIMATE,,1983-11-03T16:00:00+00:00,,,precipitation,precipitation,,,mm,mm,observed,,False,,,"[""Q01""]",True
taihu_thqbca_history,storage\raw\taihu_thqbca_parsed\thqbca_observations.csv,15951,TAIHU_CLIMATE,,1983-11-07T16:00:00+00:00,,,precipitation,precipitation,,,mm,mm,observed,,False,,,"[""Q01""]",True
taihu_thqbca_history,storage\raw\taihu_thqbca_parsed\thqbca_observations.csv,15987,TAIHU_CLIMATE,,1983-12-13T16:00:00+00:00,,,precipitation,precipitation,,,mm,mm,observed,,False,,,"[""Q01""]",True
taihu_thqbca_history,storage\raw\taihu_thqbca_parsed\thqbca_observations.csv,15988,TAIHU_CLIMATE,,1983-12-14T16:00:00+00:00,,,precipitation,precipitation,,,mm,mm,observed,,False,,,"[""Q01""]",True
taihu_thqbca_history,storage\raw\taihu_thqbca_parsed\thqbca_observations.csv,15993,TAIHU_CLIMATE,,1983-12-19T16:00:00+00:00,,,precipitation,precipitation,,,mm,mm,observed,,False,,,"[""Q01""]",True
taihu_thqbca_history,storage\raw\taihu_thqbca_parsed\thqbca_observations.csv,15995,TAIHU_CLIMATE,,1983-12-21T16:00:00+00:00,,,precipitation,precipitation,,,mm,mm,observed,,False,,,"[""Q01""]",True
taihu_thqbca_history,storage\raw\taihu_thqbca_parsed\thqbca_observations.csv,16041,TAIHU_CLIMATE,,1984-02-05T16:00:00+00:00,,,precipitation,precipitation,,,mm,mm,observed,,False,,,"[""Q01""]",True
taihu_thqbca_history,storage\raw\taihu_thqbca_parsed\thqbca_observations.csv,16054,TAIHU_CLIMATE,,1984-02-18T16:00:00+00:00,,,precipitation,precipitation,,,mm,mm,observed,,False,,,"[""Q01""]",True
taihu_thqbca_history,storage\raw\taihu_thqbca_parsed\thqbca_observations.csv,16055,TAIHU_CLIMATE,,1984-02-19T16:00:00+00:00,,,precipitation,precipitation,,,mm,mm,observed,,False,,,"[""Q01""]",True
taihu_thqbca_history,storage\raw\taihu_thqbca_parsed\thqbca_observations.csv,16071,TAIHU_CLIMATE,,1984-03-06T16:00:00+00:00,,,precipitation,precipitation,,,mm,mm,observed,,False,,,"[""Q01""]",True
taihu_thqbca_history,storage\raw\taihu_thqbca_parsed\thqbca_observations.csv,16073,TAIHU_CLIMATE,,1984-03-08T16:00:00+00:00,,,precipitation,precipitation,,,mm,mm,observed,,False,,,"[""Q01""]",True
taihu_thqbca_history,storage\raw\taihu_thqbca_parsed\thqbca_observations.csv,16076,TAIHU_CLIMATE,,1984-03-11T16:00:00+00:00,,,precipitation,precipitation,,,mm,mm,observed,,False,,,"[""Q01""]",True
taihu_thqbca_history,storage\raw\taihu_thqbca_parsed\thqbca_observations.csv,16100,TAIHU_CLIMATE,,1984-04-04T16:00:00+00:00,,,precipitation,precipitation,,,mm,mm,observed,,False,,,"[""Q01""]",True
taihu_thqbca_history,storage\raw\taihu_thqbca_parsed\thqbca_observations.csv,16108,TAIHU_CLIMATE,,1984-04-12T16:00:00+00:00,,,precipitation,precipitation,,,mm,mm,observed,,False,,,"[""Q01""]",True
taihu_thqbca_history,storage\raw\taihu_thqbca_parsed\thqbca_observations.csv,16119,TAIHU_CLIMATE,,1984-04-23T16:00:00+00:00,,,precipitation,precipitation,,,mm,mm,observed,,False,,,"[""Q01""]",True
taihu_thqbca_history,storage\raw\taihu_thqbca_parsed\thqbca_observations.csv,16122,TAIHU_CLIMATE,,1984-04-26T16:00:00+00:00,,,precipitation,precipitation,,,mm,mm,observed,,False,,,"[""Q01""]",True
taihu_thqbca_history,storage\raw\taihu_thqbca_parsed\thqbca_observations.csv,16124,TAIHU_CLIMATE,,1984-04-28T16:00:00+00:00,,,precipitation,precipitation,,,mm,mm,observed,,False,,,"[""Q01""]",True
taihu_thqbca_history,storage\raw\taihu_thqbca_parsed\thqbca_observations.csv,16148,TAIHU_CLIMATE,,1984-05-22T16:00:00+00:00,,,precipitation,precipitation,,,mm,mm,observed,,False,,,"[""Q01""]",True
taihu_thqbca_history,storage\raw\taihu_thqbca_parsed\thqbca_observations.csv,16156,TAIHU_CLIMATE,,1984-05-30T16:00:00+00:00,,,precipitation,precipitation,,,mm,mm,observed,,False,,,"[""Q01""]",True
taihu_thqbca_history,storage\raw\taihu_thqbca_parsed\thqbca_observations.csv,16172,TAIHU_CLIMATE,,1984-06-15T16:00:00+00:00,,,precipitation,precipitation,,,mm,mm,observed,,False,,,"[""Q01""]",True
taihu_thqbca_history,storage\raw\taihu_thqbca_parsed\thqbca_observations.csv,16175,TAIHU_CLIMATE,,1984-06-18T16:00:00+00:00,,,precipitation,precipitation,,,mm,mm,observed,,False,,,"[""Q01""]",True
taihu_thqbca_history,storage\raw\taihu_thqbca_parsed\thqbca_observations.csv,16178,TAIHU_CLIMATE,,1984-06-21T16:00:00+00:00,,,precipitation,precipitation,,,mm,mm,observed,,False,,,"[""Q01""]",True
taihu_thqbca_history,storage\raw\taihu_thqbca_parsed\thqbca_observations.csv,16181,TAIHU_CLIMATE,,1984-06-24T16:00:00+00:00,,,precipitation,precipitation,,,mm,mm,observed,,False,,,"[""Q01""]",True
taihu_thqbca_history,storage\raw\taihu_thqbca_parsed\thqbca_observations.csv,16186,TAIHU_CLIMATE,,1984-06-29T16:00:00+00:00,,,precipitation,precipitation,,,mm,mm,observed,,False,,,"[""Q01""]",True
taihu_thqbca_history,storage\raw\taihu_thqbca_parsed\thqbca_observations.csv,16190,TAIHU_CLIMATE,,1984-07-03T16:00:00+00:00,,,precipitation,precipitation,,,mm,mm,observed,,False,,,"[""Q01""]",True
taihu_thqbca_history,storage\raw\taihu_thqbca_parsed\thqbca_observations.csv,16201,TAIHU_CLIMATE,,1984-07-14T16:00:00+00:00,,,precipitation,precipitation,,,mm,mm,observed,,False,,,"[""Q01""]",True
taihu_thqbca_history,storage\raw\taihu_thqbca_parsed\thqbca_observations.csv,16204,TAIHU_CLIMATE,,1984-07-17T16:00:00+00:00,,,precipitation,precipitation,,,mm,mm,observed,,False,,,"[""Q01""]",True
taihu_thqbca_history,storage\raw\taihu_thqbca_parsed\thqbca_observations.csv,16205,TAIHU_CLIMATE,,1984-07-18T16:00:00+00:00,,,precipitation,precipitation,,,mm,mm,observed,,False,,,"[""Q01""]",True
taihu_thqbca_history,storage\raw\taihu_thqbca_parsed\thqbca_observations.csv,16208,TAIHU_CLIMATE,,1984-07-21T16:00:00+00:00,,,precipitation,precipitation,,,mm,mm,observed,,False,,,"[""Q01""]",True
taihu_thqbca_history,storage\raw\taihu_thqbca_parsed\thqbca_observations.csv,16216,TAIHU_CLIMATE,,1984-07-29T16:00:00+00:00,,,precipitation,precipitation,,,mm,mm,observed,,False,,,"[""Q01""]",True
taihu_thqbca_history,storage\raw\taihu_thqbca_parsed\thqbca_observations.csv,16235,TAIHU_CLIMATE,,1984-08-17T16:00:00+00:00,,,precipitation,precipitation,,,mm,mm,observed,,False,,,"[""Q01""]",True
taihu_thqbca_history,storage\raw\taihu_thqbca_parsed\thqbca_observations.csv,16236,TAIHU_CLIMATE,,1984-08-18T16:00:00+00:00,,,precipitation,precipitation,,,mm,mm,observed,,False,,,"[""Q01""]",True
taihu_thqbca_history,storage\raw\taihu_thqbca_parsed\thqbca_observations.csv,16241,TAIHU_CLIMATE,,1984-08-23T16:00:00+00:00,,,precipitation,precipitation,,,mm,mm,observed,,False,,,"[""Q01""]",True
taihu_thqbca_history,storage\raw\taihu_thqbca_parsed\thqbca_observations.csv,16269,TAIHU_CLIMATE,,1984-09-20T16:00:00+00:00,,,precipitation,precipitation,,,mm,mm,observed,,False,,,"[""Q01""]",True
taihu_thqbca_history,storage\raw\taihu_thqbca_parsed\thqbca_observations.csv,16273,TAIHU_CLIMATE,,1984-09-24T16:00:00+00:00,,,precipitation,precipitation,,,mm,mm,observed,,False,,,"[""Q01""]",True
taihu_thqbca_history,storage\raw\taihu_thqbca_parsed\thqbca_observations.csv,16274,TAIHU_CLIMATE,,1984-09-25T16:00:00+00:00,,,precipitation,precipitation,,,mm,mm,observed,,False,,,"[""Q01""]",True
taihu_thqbca_history,storage\raw\taihu_thqbca_parsed\thqbca_observations.csv,16276,TAIHU_CLIMATE,,1984-09-27T16:00:00+00:00,,,precipitation,precipitation,,,mm,mm,observed,,False,,,"[""Q01""]",True
taihu_thqbca_history,storage\raw\taihu_thqbca_parsed\thqbca_observations.csv,16277,TAIHU_CLIMATE,,1984-09-28T16:00:00+00:00,,,precipitation,precipitation,,,mm,mm,observed,,False,,,"[""Q01""]",True
taihu_thqbca_history,storage\raw\taihu_thqbca_parsed\thqbca_observations.csv,16286,TAIHU_CLIMATE,,1984-10-07T16:00:00+00:00,,,precipitation,precipitation,,,mm,mm,observed,,False,,,"[""Q01""]",True
taihu_thqbca_history,storage\raw\taihu_thqbca_parsed\thqbca_observations.csv,16290,TAIHU_CLIMATE,,1984-10-11T16:00:00+00:00,,,precipitation,precipitation,,,mm,mm,observed,,False,,,"[""Q01""]",True
taihu_thqbca_history,storage\raw\taihu_thqbca_parsed\thqbca_observations.csv,16293,TAIHU_CLIMATE,,1984-10-14T16:00:00+00:00,,,precipitation,precipitation,,,mm,mm,observed,,False,,,"[""Q01""]",True
taihu_thqbca_history,storage\raw\taihu_thqbca_parsed\thqbca_observations.csv,16305,TAIHU_CLIMATE,,1984-10-26T16:00:00+00:00,,,precipitation,precipitation,,,mm,mm,observed,,False,,,"[""Q01""]",True
taihu_thqbca_history,storage\raw\taihu_thqbca_parsed\thqbca_observations.csv,16310,TAIHU_CLIMATE,,1984-10-31T16:00:00+00:00,,,precipitation,precipitation,,,mm,mm,observed,,False,,,"[""Q01""]",True
taihu_thqbca_history,storage\raw\taihu_thqbca_parsed\thqbca_observations.csv,16318,TAIHU_CLIMATE,,1984-11-08T16:00:00+00:00,,,precipitation,precipitation,,,mm,mm,observed,,False,,,"[""Q01""]",True
taihu_thqbca_history,storage\raw\taihu_thqbca_parsed\thqbca_observations.csv,16322,TAIHU_CLIMATE,,1984-11-12T16:00:00+00:00,,,precipitation,precipitation,,,mm,mm,observed,,False,,,"[""Q01""]",True
taihu_thqbca_history,storage\raw\taihu_thqbca_parsed\thqbca_observations.csv,16333,TAIHU_CLIMATE,,1984-11-23T16:00:00+00:00,,,precipitation,precipitation,,,mm,mm,observed,,False,,,"[""Q01""]",True
taihu_thqbca_history,storage\raw\taihu_thqbca_parsed\thqbca_observations.csv,16343,TAIHU_CLIMATE,,1984-12-03T16:00:00+00:00,,,precipitation,precipitation,,,mm,mm,observed,,False,,,"[""Q01""]",True
taihu_thqbca_history,storage\raw\taihu_thqbca_parsed\thqbca_observations.csv,16344,TAIHU_CLIMATE,,1984-12-04T16:00:00+00:00,,,precipitation,precipitation,,,mm,mm,observed,,False,,,"[""Q01""]",True
taihu_thqbca_history,storage\raw\taihu_thqbca_parsed\thqbca_observations.csv,16348,TAIHU_CLIMATE,,1984-12-08T16:00:00+00:00,,,precipitation,precipitation,,,mm,mm,observed,,False,,,"[""Q01""]",True
taihu_thqbca_history,storage\raw\taihu_thqbca_parsed\thqbca_observations.csv,16349,TAIHU_CLIMATE,,1984-12-09T16:00:00+00:00,,,precipitation,precipitation,,,mm,mm,observed,,False,,,"[""Q01""]",True
taihu_thqbca_history,storage\raw\taihu_thqbca_parsed\thqbca_observations.csv,16350,TAIHU_CLIMATE,,1984-12-10T16:00:00+00:00,,,precipitation,precipitation,,,mm,mm,observed,,False,,,"[""Q01""]",True
taihu_thqbca_history,storage\raw\taihu_thqbca_parsed\thqbca_observations.csv,16351,TAIHU_CLIMATE,,1984-12-11T16:00:00+00:00,,,precipitation,precipitation,,,mm,mm,observed,,False,,,"[""Q01""]",True
taihu_thqbca_history,storage\raw\taihu_thqbca_parsed\thqbca_observations.csv,16359,TAIHU_CLIMATE,,1984-12-19T16:00:00+00:00,,,precipitation,precipitation,,,mm,mm,observed,,False,,,"[""Q01""]",True
taihu_thqbca_history,storage\raw\taihu_thqbca_parsed\thqbca_observations.csv,16371,TAIHU_CLIMATE,,1984-12-31T16:00:00+00:00,,,precipitation,precipitation,,,mm,mm,observed,,False,,,"[""Q01""]",True
taihu_thqbca_history,storage\raw\taihu_thqbca_parsed\thqbca_observations.csv,16388,TAIHU_CLIMATE,,1985-01-17T16:00:00+00:00,,,precipitation,precipitation,,,mm,mm,observed,,False,,,"[""Q01""]",True
taihu_thqbca_history,storage\raw\taihu_thqbca_parsed\thqbca_observations.csv,16392,TAIHU_CLIMATE,,1985-01-21T16:00:00+00:00,,,precipitation,precipitation,,,mm,mm,observed,,False,,,"[""Q01""]",True
taihu_thqbca_history,storage\raw\taihu_thqbca_parsed\thqbca_observations.csv,16397,TAIHU_CLIMATE,,1985-01-26T16:00:00+00:00,,,precipitation,precipitation,,,mm,mm,observed,,False,,,"[""Q01""]",True
taihu_thqbca_history,storage\raw\taihu_thqbca_parsed\thqbca_observations.csv,16398,TAIHU_CLIMATE,,1985-01-27T16:00:00+00:00,,,precipitation,precipitation,,,mm,mm,observed,,False,,,"[""Q01""]",True
taihu_thqbca_history,storage\raw\taihu_thqbca_parsed\thqbca_observations.csv,16412,TAIHU_CLIMATE,,1985-02-10T16:00:00+00:00,,,precipitation,precipitation,,,mm,mm,observed,,False,,,"[""Q01""]",True
taihu_thqbca_history,storage\raw\taihu_thqbca_parsed\thqbca_observations.csv,16416,TAIHU_CLIMATE,,1985-02-14T16:00:00+00:00,,,precipitation,precipitation,,,mm,mm,observed,,False,,,"[""Q01""]",True
taihu_thqbca_history,storage\raw\taihu_thqbca_parsed\thqbca_observations.csv,16421,TAIHU_CLIMATE,,1985-02-19T16:00:00+00:00,,,precipitation,precipitation,,,mm,mm,observed,,False,,,"[""Q01""]",True
taihu_thqbca_history,storage\raw\taihu_thqbca_parsed\thqbca_observations.csv,16425,TAIHU_CLIMATE,,1985-02-23T16:00:00+00:00,,,precipitation,precipitation,,,mm,mm,observed,,False,,,"[""Q01""]",True
taihu_thqbca_history,storage\raw\taihu_thqbca_parsed\thqbca_observations.csv,16429,TAIHU_CLIMATE,,1985-02-27T16:00:00+00:00,,,precipitation,precipitation,,,mm,mm,observed,,False,,,"[""Q01""]",True
taihu_thqbca_history,storage\raw\taihu_thqbca_parsed\thqbca_observations.csv,16445,TAIHU_CLIMATE,,1985-03-15T16:00:00+00:00,,,precipitation,precipitation,,,mm,mm,observed,,False,,,"[""Q01""]",True
taihu_thqbca_history,storage\raw\taihu_thqbca_parsed\thqbca_observations.csv,16448,TAIHU_CLIMATE,,1985-03-18T16:00:00+00:00,,,precipitation,precipitation,,,mm,mm,observed,,False,,,"[""Q01""]",True
taihu_thqbca_history,storage\raw\taihu_thqbca_parsed\thqbca_observations.csv,16457,TAIHU_CLIMATE,,1985-03-27T16:00:00+00:00,,,precipitation,precipitation,,,mm,mm,observed,,False,,,"[""Q01""]",True
taihu_thqbca_history,storage\raw\taihu_thqbca_parsed\thqbca_observations.csv,16467,TAIHU_CLIMATE,,1985-04-06T16:00:00+00:00,,,precipitation,precipitation,,,mm,mm,observed,,False,,,"[""Q01""]",True
taihu_thqbca_history,storage\raw\taihu_thqbca_parsed\thqbca_observations.csv,16469,TAIHU_CLIMATE,,1985-04-08T16:00:00+00:00,,,precipitation,precipitation,,,mm,mm,observed,,False,,,"[""Q01""]",True
taihu_thqbca_history,storage\raw\taihu_thqbca_parsed\thqbca_observations.csv,16481,TAIHU_CLIMATE,,1985-04-20T16:00:00+00:00,,,precipitation,precipitation,,,mm,mm,observed,,False,,,"[""Q01""]",True
taihu_thqbca_history,storage\raw\taihu_thqbca_parsed\thqbca_observations.csv,16485,TAIHU_CLIMATE,,1985-04-24T16:00:00+00:00,,,precipitation,precipitation,,,mm,mm,observed,,False,,,"[""Q01""]",True
taihu_thqbca_history,storage\raw\taihu_thqbca_parsed\thqbca_observations.csv,16492,TAIHU_CLIMATE,,1985-05-01T16:00:00+00:00,,,precipitation,precipitation,,,mm,mm,observed,,False,,,"[""Q01""]",True
taihu_thqbca_history,storage\raw\taihu_thqbca_parsed\thqbca_observations.csv,16498,TAIHU_CLIMATE,,1985-05-07T16:00:00+00:00,,,precipitation,precipitation,,,mm,mm,observed,,False,,,"[""Q01""]",True
taihu_thqbca_history,storage\raw\taihu_thqbca_parsed\thqbca_observations.csv,16501,TAIHU_CLIMATE,,1985-05-10T16:00:00+00:00,,,precipitation,precipitation,,,mm,mm,observed,,False,,,"[""Q01""]",True
taihu_thqbca_history,storage\raw\taihu_thqbca_parsed\thqbca_observations.csv,16510,TAIHU_CLIMATE,,1985-05-19T16:00:00+00:00,,,precipitation,precipitation,,,mm,mm,observed,,False,,,"[""Q01""]",True
taihu_thqbca_history,storage\raw\taihu_thqbca_parsed\thqbca_observations.csv,16518,TAIHU_CLIMATE,,1985-05-27T16:00:00+00:00,,,precipitation,precipitation,,,mm,mm,observed,,False,,,"[""Q01""]",True
taihu_thqbca_history,storage\raw\taihu_thqbca_parsed\thqbca_observations.csv,16532,TAIHU_CLIMATE,,1985-06-10T16:00:00+00:00,,,precipitation,precipitation,,,mm,mm,observed,,False,,,"[""Q01""]",True
taihu_thqbca_history,storage\raw\taihu_thqbca_parsed\thqbca_observations.csv,16538,TAIHU_CLIMATE,,1985-06-16T16:00:00+00:00,,,precipitation,precipitation,,,mm,mm,observed,,False,,,"[""Q01""]",True
taihu_thqbca_history,storage\raw\taihu_thqbca_parsed\thqbca_observations.csv,16539,TAIHU_CLIMATE,,1985-06-17T16:00:00+00:00,,,precipitation,precipitation,,,mm,mm,observed,,False,,,"[""Q01""]",True
taihu_thqbca_history,storage\raw\taihu_thqbca_parsed\thqbca_observations.csv,16543,TAIHU_CLIMATE,,1985-06-21T16:00:00+00:00,,,precipitation,precipitation,,,mm,mm,observed,,False,,,"[""Q01""]",True
taihu_thqbca_history,storage\raw\taihu_thqbca_parsed\thqbca_observations.csv,16549,TAIHU_CLIMATE,,1985-06-27T16:00:00+00:00,,,precipitation,precipitation,,,mm,mm,observed,,False,,,"[""Q01""]",True
taihu_thqbca_history,storage\raw\taihu_thqbca_parsed\thqbca_observations.csv,16551,TAIHU_CLIMATE,,1985-06-29T16:00:00+00:00,,,precipitation,precipitation,,,mm,mm,observed,,False,,,"[""Q01""]",True
taihu_thqbca_history,storage\raw\taihu_thqbca_parsed\thqbca_observations.csv,16552,TAIHU_CLIMATE,,1985-06-30T16:00:00+00:00,,,precipitation,precipitation,,,mm,mm,observed,,False,,,"[""Q01""]",True
taihu_thqbca_history,storage\raw\taihu_thqbca_parsed\thqbca_observations.csv,16557,TAIHU_CLIMATE,,1985-07-05T16:00:00+00:00,,,precipitation,precipitation,,,mm,mm,observed,,False,,,"[""Q01""]",True
taihu_thqbca_history,storage\raw\taihu_thqbca_parsed\thqbca_observations.csv,16561,TAIHU_CLIMATE,,1985-07-09T16:00:00+00:00,,,precipitation,precipitation,,,mm,mm,observed,,False,,,"[""Q01""]",True
taihu_thqbca_history,storage\raw\taihu_thqbca_parsed\thqbca_observations.csv,16577,TAIHU_CLIMATE,,1985-07-25T16:00:00+00:00,,,precipitation,precipitation,,,mm,mm,observed,,False,,,"[""Q01""]",True
taihu_thqbca_history,storage\raw\taihu_thqbca_parsed\thqbca_observations.csv,16584,TAIHU_CLIMATE,,1985-08-01T16:00:00+00:00,,,precipitation,precipitation,,,mm,mm,observed,,False,,,"[""Q01""]",True
taihu_thqbca_history,storage\raw\taihu_thqbca_parsed\thqbca_observations.csv,16585,TAIHU_CLIMATE,,1985-08-02T16:00:00+00:00,,,precipitation,precipitation,,,mm,mm,observed,,False,,,"[""Q01""]",True
taihu_thqbca_history,storage\raw\taihu_thqbca_parsed\thqbca_observations.csv,16592,TAIHU_CLIMATE,,1985-08-09T16:00:00+00:00,,,precipitation,precipitation,,,mm,mm,observed,,False,,,"[""Q01""]",True
taihu_thqbca_history,storage\raw\taihu_thqbca_parsed\thqbca_observations.csv,16597,TAIHU_CLIMATE,,1985-08-14T16:00:00+00:00,,,precipitation,precipitation,,,mm,mm,observed,,False,,,"[""Q01""]",True
taihu_thqbca_history,storage\raw\taihu_thqbca_parsed\thqbca_observations.csv,16599,TAIHU_CLIMATE,,1985-08-16T16:00:00+00:00,,,precipitation,precipitation,,,mm,mm,observed,,False,,,"[""Q01""]",True
taihu_thqbca_history,storage\raw\taihu_thqbca_parsed\thqbca_observations.csv,16607,TAIHU_CLIMATE,,1985-08-24T16:00:00+00:00,,,precipitation,precipitation,,,mm,mm,observed,,False,,,"[""Q01""]",True
taihu_thqbca_history,storage\raw\taihu_thqbca_parsed\thqbca_observations.csv,16617,TAIHU_CLIMATE,,1985-09-03T16:00:00+00:00,,,precipitation,precipitation,,,mm,mm,observed,,False,,,"[""Q01""]",True
taihu_thqbca_history,storage\raw\taihu_thqbca_parsed\thqbca_observations.csv,16619,TAIHU_CLIMATE,,1985-09-05T16:00:00+00:00,,,precipitation,precipitation,,,mm,mm,observed,,False,,,"[""Q01""]",True
taihu_thqbca_history,storage\raw\taihu_thqbca_parsed\thqbca_observations.csv,16621,TAIHU_CLIMATE,,1985-09-07T16:00:00+00:00,,,precipitation,precipitation,,,mm,mm,observed,,False,,,"[""Q01""]",True
taihu_thqbca_history,storage\raw\taihu_thqbca_parsed\thqbca_observations.csv,16626,TAIHU_CLIMATE,,1985-09-12T16:00:00+00:00,,,precipitation,precipitation,,,mm,mm,observed,,False,,,"[""Q01""]",True
taihu_thqbca_history,storage\raw\taihu_thqbca_parsed\thqbca_observations.csv,16631,TAIHU_CLIMATE,,1985-09-17T16:00:00+00:00,,,precipitation,precipitation,,,mm,mm,observed,,False,,,"[""Q01""]",True
taihu_thqbca_history,storage\raw\taihu_thqbca_parsed\thqbca_observations.csv,16640,TAIHU_CLIMATE,,1985-09-26T16:00:00+00:00,,,precipitation,precipitation,,,mm,mm,observed,,False,,,"[""Q01""]",True
taihu_thqbca_history,storage\raw\taihu_thqbca_parsed\thqbca_observations.csv,16644,TAIHU_CLIMATE,,1985-09-30T16:00:00+00:00,,,precipitation,precipitation,,,mm,mm,observed,,False,,,"[""Q01""]",True
taihu_thqbca_history,storage\raw\taihu_thqbca_parsed\thqbca_observations.csv,16659,TAIHU_CLIMATE,,1985-10-15T16:00:00+00:00,,,precipitation,precipitation,,,mm,mm,observed,,False,,,"[""Q01""]",True
taihu_thqbca_history,storage\raw\taihu_thqbca_parsed\thqbca_observations.csv,16662,TAIHU_CLIMATE,,1985-10-18T16:00:00+00:00,,,precipitation,precipitation,,,mm,mm,observed,,False,,,"[""Q01""]",True
taihu_thqbca_history,storage\raw\taihu_thqbca_parsed\thqbca_observations.csv,16665,TAIHU_CLIMATE,,1985-10-21T16:00:00+00:00,,,precipitation,precipitation,,,mm,mm,observed,,False,,,"[""Q01""]",True
taihu_thqbca_history,storage\raw\taihu_thqbca_parsed\thqbca_observations.csv,16666,TAIHU_CLIMATE,,1985-10-22T16:00:00+00:00,,,precipitation,precipitation,,,mm,mm,observed,,False,,,"[""Q01""]",True
taihu_thqbca_history,storage\raw\taihu_thqbca_parsed\thqbca_observations.csv,16670,TAIHU_CLIMATE,,1985-10-26T16:00:00+00:00,,,precipitation,precipitation,,,mm,mm,observed,,False,,,"[""Q01""]",True
taihu_thqbca_history,storage\raw\taihu_thqbca_parsed\thqbca_observations.csv,16673,TAIHU_CLIMATE,,1985-10-29T16:00:00+00:00,,,precipitation,precipitation,,,mm,mm,observed,,False,,,"[""Q01""]",True
taihu_thqbca_history,storage\raw\taihu_thqbca_parsed\thqbca_observations.csv,16712,TAIHU_CLIMATE,,1985-12-07T16:00:00+00:00,,,precipitation,precipitation,,,mm,mm,observed,,False,,,"[""Q01""]",True
taihu_thqbca_history,storage\raw\taihu_thqbca_parsed\thqbca_observations.csv,16715,TAIHU_CLIMATE,,1985-12-10T16:00:00+00:00,,,precipitation,precipitation,,,mm,mm,observed,,False,,,"[""Q01""]",True
taihu_thqbca_history,storage\raw\taihu_thqbca_parsed\thqbca_observations.csv,16718,TAIHU_CLIMATE,,1985-12-13T16:00:00+00:00,,,precipitation,precipitation,,,mm,mm,observed,,False,,,"[""Q01""]",True
taihu_thqbca_history,storage\raw\taihu_thqbca_parsed\thqbca_observations.csv,16719,TAIHU_CLIMATE,,1985-12-14T16:00:00+00:00,,,precipitation,precipitation,,,mm,mm,observed,,False,,,"[""Q01""]",True
taihu_thqbca_history,storage\raw\taihu_thqbca_parsed\thqbca_observations.csv,16731,TAIHU_CLIMATE,,1985-12-26T16:00:00+00:00,,,precipitation,precipitation,,,mm,mm,observed,,False,,,"[""Q01""]",True
taihu_thqbca_history,storage\raw\taihu_thqbca_parsed\thqbca_observations.csv,16735,TAIHU_CLIMATE,,1985-12-30T16:00:00+00:00,,,precipitation,precipitation,,,mm,mm,observed,,False,,,"[""Q01""]",True
taihu_thqbca_history,storage\raw\taihu_thqbca_parsed\thqbca_observations.csv,16738,TAIHU_CLIMATE,,1986-01-02T16:00:00+00:00,,,precipitation,precipitation,,,mm,mm,observed,,False,,,"[""Q01""]",True
taihu_thqbca_history,storage\raw\taihu_thqbca_parsed\thqbca_observations.csv,16754,TAIHU_CLIMATE,,1986-01-18T16:00:00+00:00,,,precipitation,precipitation,,,mm,mm,observed,,False,,,"[""Q01""]",True
taihu_thqbca_history,storage\raw\taihu_thqbca_parsed\thqbca_observations.csv,16760,TAIHU_CLIMATE,,1986-01-24T16:00:00+00:00,,,precipitation,precipitation,,,mm,mm,observed,,False,,,"[""Q01""]",True
taihu_thqbca_history,storage\raw\taihu_thqbca_parsed\thqbca_observations.csv,16769,TAIHU_CLIMATE,,1986-02-02T16:00:00+00:00,,,precipitation,precipitation,,,mm,mm,observed,,False,,,"[""Q01""]",True
taihu_thqbca_history,storage\raw\taihu_thqbca_parsed\thqbca_observations.csv,16776,TAIHU_CLIMATE,,1986-02-09T16:00:00+00:00,,,precipitation,precipitation,,,mm,mm,observed,,False,,,"[""Q01""]",True
taihu_thqbca_history,storage\raw\taihu_thqbca_parsed\thqbca_observations.csv,16777,TAIHU_CLIMATE,,1986-02-10T16:00:00+00:00,,,precipitation,precipitation,,,mm,mm,observed,,False,,,"[""Q01""]",True
taihu_thqbca_history,storage\raw\taihu_thqbca_parsed\thqbca_observations.csv,16779,TAIHU_CLIMATE,,1986-02-12T16:00:00+00:00,,,precipitation,precipitation,,,mm,mm,observed,,False,,,"[""Q01""]",True
taihu_thqbca_history,storage\raw\taihu_thqbca_parsed\thqbca_observations.csv,16781,TAIHU_CLIMATE,,1986-02-14T16:00:00+00:00,,,precipitation,precipitation,,,mm,mm,observed,,False,,,"[""Q01""]",True
taihu_thqbca_history,storage\raw\taihu_thqbca_parsed\thqbca_observations.csv,16816,TAIHU_CLIMATE,,1986-03-21T16:00:00+00:00,,,precipitation,precipitation,,,mm,mm,observed,,False,,,"[""Q01""]",True
taihu_thqbca_history,storage\raw\taihu_thqbca_parsed\thqbca_observations.csv,16826,TAIHU_CLIMATE,,1986-03-31T16:00:00+00:00,,,precipitation,precipitation,,,mm,mm,observed,,False,,,"[""Q01""]",True
taihu_thqbca_history,storage\raw\taihu_thqbca_parsed\thqbca_observations.csv,16832,TAIHU_CLIMATE,,1986-04-06T16:00:00+00:00,,,precipitation,precipitation,,,mm,mm,observed,,False,,,"[""Q01""]",True
taihu_thqbca_history,storage\raw\taihu_thqbca_parsed\thqbca_observations.csv,16837,TAIHU_CLIMATE,,1986-04-11T16:00:00+00:00,,,precipitation,precipitation,,,mm,mm,observed,,False,,,"[""Q01""]",True
taihu_thqbca_history,storage\raw\taihu_thqbca_parsed\thqbca_observations.csv,16844,TAIHU_CLIMATE,,1986-04-18T16:00:00+00:00,,,precipitation,precipitation,,,mm,mm,observed,,False,,,"[""Q01""]",True
taihu_thqbca_history,storage\raw\taihu_thqbca_parsed\thqbca_observations.csv,16866,TAIHU_CLIMATE,,1986-05-10T16:00:00+00:00,,,precipitation,precipitation,,,mm,mm,observed,,False,,,"[""Q01""]",True
taihu_thqbca_history,storage\raw\taihu_thqbca_parsed\thqbca_observations.csv,16868,TAIHU_CLIMATE,,1986-05-12T16:00:00+00:00,,,precipitation,precipitation,,,mm,mm,observed,,False,,,"[""Q01""]",True
taihu_thqbca_history,storage\raw\taihu_thqbca_parsed\thqbca_observations.csv,16887,TAIHU_CLIMATE,,1986-05-31T16:00:00+00:00,,,precipitation,precipitation,,,mm,mm,observed,,False,,,"[""Q01""]",True
taihu_thqbca_history,storage\raw\taihu_thqbca_parsed\thqbca_observations.csv,16890,TAIHU_CLIMATE,,1986-06-03T16:00:00+00:00,,,precipitation,precipitation,,,mm,mm,observed,,False,,,"[""Q01""]",True
taihu_thqbca_history,storage\raw\taihu_thqbca_parsed\thqbca_observations.csv,16896,TAIHU_CLIMATE,,1986-06-09T16:00:00+00:00,,,precipitation,precipitation,,,mm,mm,observed,,False,,,"[""Q01""]",True
taihu_thqbca_history,storage\raw\taihu_thqbca_parsed\thqbca_observations.csv,16903,TAIHU_CLIMATE,,1986-06-16T16:00:00+00:00,,,precipitation,precipitation,,,mm,mm,observed,,False,,,"[""Q01""]",True
taihu_thqbca_history,storage\raw\taihu_thqbca_parsed\thqbca_observations.csv,16905,TAIHU_CLIMATE,,1986-06-18T16:00:00+00:00,,,precipitation,precipitation,,,mm,mm,observed,,False,,,"[""Q01""]",True
taihu_thqbca_history,storage\raw\taihu_thqbca_parsed\thqbca_observations.csv,16913,TAIHU_CLIMATE,,1986-06-26T16:00:00+00:00,,,precipitation,precipitation,,,mm,mm,observed,,False,,,"[""Q01""]",True
taihu_thqbca_history,storage\raw\taihu_thqbca_parsed\thqbca_observations.csv,16917,TAIHU_CLIMATE,,1986-06-30T16:00:00+00:00,,,precipitation,precipitation,,,mm,mm,observed,,False,,,"[""Q01""]",True
taihu_thqbca_history,storage\raw\taihu_thqbca_parsed\thqbca_observations.csv,16929,TAIHU_CLIMATE,,1986-07-12T16:00:00+00:00,,,precipitation,precipitation,,,mm,mm,observed,,False,,,"[""Q01""]",True
taihu_thqbca_history,storage\raw\taihu_thqbca_parsed\thqbca_observations.csv,16930,TAIHU_CLIMATE,,1986-07-13T16:00:00+00:00,,,precipitation,precipitation,,,mm,mm,observed,,False,,,"[""Q01""]",True
taihu_thqbca_history,storage\raw\taihu_thqbca_parsed\thqbca_observations.csv,16931,TAIHU_CLIMATE,,1986-07-14T16:00:00+00:00,,,precipitation,precipitation,,,mm,mm,observed,,False,,,"[""Q01""]",True
taihu_thqbca_history,storage\raw\taihu_thqbca_parsed\thqbca_observations.csv,16936,TAIHU_CLIMATE,,1986-07-19T16:00:00+00:00,,,precipitation,precipitation,,,mm,mm,observed,,False,,,"[""Q01""]",True
taihu_thqbca_history,storage\raw\taihu_thqbca_parsed\thqbca_observations.csv,16937,TAIHU_CLIMATE,,1986-07-20T16:00:00+00:00,,,precipitation,precipitation,,,mm,mm,observed,,False,,,"[""Q01""]",True
taihu_thqbca_history,storage\raw\taihu_thqbca_parsed\thqbca_observations.csv,16940,TAIHU_CLIMATE,,1986-07-23T16:00:00+00:00,,,precipitation,precipitation,,,mm,mm,observed,,False,,,"[""Q01""]",True
taihu_thqbca_history,storage\raw\taihu_thqbca_parsed\thqbca_observations.csv,16944,TAIHU_CLIMATE,,1986-07-27T16:00:00+00:00,,,precipitation,precipitation,,,mm,mm,observed,,False,,,"[""Q01""]",True
taihu_thqbca_history,storage\raw\taihu_thqbca_parsed\thqbca_observations.csv,16949,TAIHU_CLIMATE,,1986-08-01T16:00:00+00:00,,,precipitation,precipitation,,,mm,mm,observed,,False,,,"[""Q01""]",True
taihu_thqbca_history,storage\raw\taihu_thqbca_parsed\thqbca_observations.csv,16952,TAIHU_CLIMATE,,1986-08-04T16:00:00+00:00,,,precipitation,precipitation,,,mm,mm,observed,,False,,,"[""Q01""]",True
taihu_thqbca_history,storage\raw\taihu_thqbca_parsed\thqbca_observations.csv,16957,TAIHU_CLIMATE,,1986-08-09T16:00:00+00:00,,,precipitation,precipitation,,,mm,mm,observed,,False,,,"[""Q01""]",True
taihu_thqbca_history,storage\raw\taihu_thqbca_parsed\thqbca_observations.csv,16989,TAIHU_CLIMATE,,1986-09-10T16:00:00+00:00,,,precipitation,precipitation,,,mm,mm,observed,,False,,,"[""Q01""]",True
taihu_thqbca_history,storage\raw\taihu_thqbca_parsed\thqbca_observations.csv,17007,TAIHU_CLIMATE,,1986-09-28T16:00:00+00:00,,,precipitation,precipitation,,,mm,mm,observed,,False,,,"[""Q01""]",True
taihu_thqbca_history,storage\raw\taihu_thqbca_parsed\thqbca_observations.csv,17014,TAIHU_CLIMATE,,1986-10-05T16:00:00+00:00,,,precipitation,precipitation,,,mm,mm,observed,,False,,,"[""Q01""]",True
taihu_thqbca_history,storage\raw\taihu_thqbca_parsed\thqbca_observations.csv,17027,TAIHU_CLIMATE,,1986-10-18T16:00:00+00:00,,,precipitation,precipitation,,,mm,mm,observed,,False,,,"[""Q01""]",True
taihu_thqbca_history,storage\raw\taihu_thqbca_parsed\thqbca_observations.csv,17030,TAIHU_CLIMATE,,1986-10-21T16:00:00+00:00,,,precipitation,precipitation,,,mm,mm,observed,,False,,,"[""Q01""]",True
taihu_thqbca_history,storage\raw\taihu_thqbca_parsed\thqbca_observations.csv,17032,TAIHU_CLIMATE,,1986-10-23T16:00:00+00:00,,,precipitation,precipitation,,,mm,mm,observed,,False,,,"[""Q01""]",True
taihu_thqbca_history,storage\raw\taihu_thqbca_parsed\thqbca_observations.csv,17036,TAIHU_CLIMATE,,1986-10-27T16:00:00+00:00,,,precipitation,precipitation,,,mm,mm,observed,,False,,,"[""Q01""]",True
taihu_thqbca_history,storage\raw\taihu_thqbca_parsed\thqbca_observations.csv,17050,TAIHU_CLIMATE,,1986-11-10T16:00:00+00:00,,,precipitation,precipitation,,,mm,mm,observed,,False,,,"[""Q01""]",True
taihu_thqbca_history,storage\raw\taihu_thqbca_parsed\thqbca_observations.csv,17058,TAIHU_CLIMATE,,1986-11-18T16:00:00+00:00,,,precipitation,precipitation,,,mm,mm,observed,,False,,,"[""Q01""]",True
taihu_thqbca_history,storage\raw\taihu_thqbca_parsed\thqbca_observations.csv,17059,TAIHU_CLIMATE,,1986-11-19T16:00:00+00:00,,,precipitation,precipitation,,,mm,mm,observed,,False,,,"[""Q01""]",True
taihu_thqbca_history,storage\raw\taihu_thqbca_parsed\thqbca_observations.csv,17067,TAIHU_CLIMATE,,1986-11-27T16:00:00+00:00,,,precipitation,precipitation,,,mm,mm,observed,,False,,,"[""Q01""]",True
taihu_thqbca_history,storage\raw\taihu_thqbca_parsed\thqbca_observations.csv,17083,TAIHU_CLIMATE,,1986-12-13T16:00:00+00:00,,,precipitation,precipitation,,,mm,mm,observed,,False,,,"[""Q01""]",True
taihu_thqbca_history,storage\raw\taihu_thqbca_parsed\thqbca_observations.csv,17088,TAIHU_CLIMATE,,1986-12-18T16:00:00+00:00,,,precipitation,precipitation,,,mm,mm,observed,,False,,,"[""Q01""]",True
taihu_thqbca_history,storage\raw\taihu_thqbca_parsed\thqbca_observations.csv,17092,TAIHU_CLIMATE,,1986-12-22T16:00:00+00:00,,,precipitation,precipitation,,,mm,mm,observed,,False,,,"[""Q01""]",True
taihu_thqbca_history,storage\raw\taihu_thqbca_parsed\thqbca_observations.csv,17093,TAIHU_CLIMATE,,1986-12-23T16:00:00+00:00,,,precipitation,precipitation,,,mm,mm,observed,,False,,,"[""Q01""]",True
taihu_thqbca_history,storage\raw\taihu_thqbca_parsed\thqbca_observations.csv,17101,TAIHU_CLIMATE,,1986-12-31T16:00:00+00:00,,,precipitation,precipitation,,,mm,mm,observed,,False,,,"[""Q01""]",True
taihu_thqbca_history,storage\raw\taihu_thqbca_parsed\thqbca_observations.csv,17102,TAIHU_CLIMATE,,1987-01-01T16:00:00+00:00,,,precipitation,precipitation,,,mm,mm,observed,,False,,,"[""Q01""]",True
taihu_thqbca_history,storage\raw\taihu_thqbca_parsed\thqbca_observations.csv,17112,TAIHU_CLIMATE,,1987-01-11T16:00:00+00:00,,,precipitation,precipitation,,,mm,mm,observed,,False,,,"[""Q01""]",True
taihu_thqbca_history,storage\raw\taihu_thqbca_parsed\thqbca_observations.csv,17121,TAIHU_CLIMATE,,1987-01-20T16:00:00+00:00,,,precipitation,precipitation,,,mm,mm,observed,,False,,,"[""Q01""]",True
taihu_thqbca_history,storage\raw\taihu_thqbca_parsed\thqbca_observations.csv,17130,TAIHU_CLIMATE,,1987-01-29T16:00:00+00:00,,,precipitation,precipitation,,,mm,mm,observed,,False,,,"[""Q01""]",True
taihu_thqbca_history,storage\raw\taihu_thqbca_parsed\thqbca_observations.csv,17137,TAIHU_CLIMATE,,1987-02-05T16:00:00+00:00,,,precipitation,precipitation,,,mm,mm,observed,,False,,,"[""Q01""]",True
taihu_thqbca_history,storage\raw\taihu_thqbca_parsed\thqbca_observations.csv,17141,TAIHU_CLIMATE,,1987-02-09T16:00:00+00:00,,,precipitation,precipitation,,,mm,mm,observed,,False,,,"[""Q01""]",True
taihu_thqbca_history,storage\raw\taihu_thqbca_parsed\thqbca_observations.csv,17152,TAIHU_CLIMATE,,1987-02-20T16:00:00+00:00,,,precipitation,precipitation,,,mm,mm,observed,,False,,,"[""Q01""]",True
taihu_thqbca_history,storage\raw\taihu_thqbca_parsed\thqbca_observations.csv,17153,TAIHU_CLIMATE,,1987-02-21T16:00:00+00:00,,,precipitation,precipitation,,,mm,mm,observed,,False,,,"[""Q01""]",True
taihu_thqbca_history,storage\raw\taihu_thqbca_parsed\thqbca_observations.csv,17170,TAIHU_CLIMATE,,1987-03-10T16:00:00+00:00,,,precipitation,precipitation,,,mm,mm,observed,,False,,,"[""Q01""]",True
taihu_thqbca_history,storage\raw\taihu_thqbca_parsed\thqbca_observations.csv,17179,TAIHU_CLIMATE,,1987-03-19T16:00:00+00:00,,,precipitation,precipitation,,,mm,mm,observed,,False,,,"[""Q01""]",True
taihu_thqbca_history,storage\raw\taihu_thqbca_parsed\thqbca_observations.csv,17180,TAIHU_CLIMATE,,1987-03-20T16:00:00+00:00,,,precipitation,precipitation,,,mm,mm,observed,,False,,,"[""Q01""]",True
taihu_thqbca_history,storage\raw\taihu_thqbca_parsed\thqbca_observations.csv,17183,TAIHU_CLIMATE,,1987-03-23T16:00:00+00:00,,,precipitation,precipitation,,,mm,mm,observed,,False,,,"[""Q01""]",True
taihu_thqbca_history,storage\raw\taihu_thqbca_parsed\thqbca_observations.csv,17184,TAIHU_CLIMATE,,1987-03-24T16:00:00+00:00,,,precipitation,precipitation,,,mm,mm,observed,,False,,,"[""Q01""]",True
taihu_thqbca_history,storage\raw\taihu_thqbca_parsed\thqbca_observations.csv,17190,TAIHU_CLIMATE,,1987-03-30T16:00:00+00:00,,,precipitation,precipitation,,,mm,mm,observed,,False,,,"[""Q01""]",True
taihu_thqbca_history,storage\raw\taihu_thqbca_parsed\thqbca_observations.csv,17196,TAIHU_CLIMATE,,1987-04-05T16:00:00+00:00,,,precipitation,precipitation,,,mm,mm,observed,,False,,,"[""Q01""]",True
taihu_thqbca_history,storage\raw\taihu_thqbca_parsed\thqbca_observations.csv,17204,TAIHU_CLIMATE,,1987-04-13T16:00:00+00:00,,,precipitation,precipitation,,,mm,mm,observed,,False,,,"[""Q01""]",True
taihu_thqbca_history,storage\raw\taihu_thqbca_parsed\thqbca_observations.csv,17221,TAIHU_CLIMATE,,1987-04-30T16:00:00+00:00,,,precipitation,precipitation,,,mm,mm,observed,,False,,,"[""Q01""]",True
taihu_thqbca_history,storage\raw\taihu_thqbca_parsed\thqbca_observations.csv,17224,TAIHU_CLIMATE,,1987-05-03T16:00:00+00:00,,,precipitation,precipitation,,,mm,mm,observed,,False,,,"[""Q01""]",True
taihu_thqbca_history,storage\raw\taihu_thqbca_parsed\thqbca_observations.csv,17230,TAIHU_CLIMATE,,1987-05-09T16:00:00+00:00,,,precipitation,precipitation,,,mm,mm,observed,,False,,,"[""Q01""]",True
taihu_thqbca_history,storage\raw\taihu_thqbca_parsed\thqbca_observations.csv,17232,TAIHU_CLIMATE,,1987-05-11T16:00:00+00:00,,,precipitation,precipitation,,,mm,mm,observed,,False,,,"[""Q01""]",True
taihu_thqbca_history,storage\raw\taihu_thqbca_parsed\thqbca_observations.csv,17245,TAIHU_CLIMATE,,1987-05-24T16:00:00+00:00,,,precipitation,precipitation,,,mm,mm,observed,,False,,,"[""Q01""]",True
taihu_thqbca_history,storage\raw\taihu_thqbca_parsed\thqbca_observations.csv,17249,TAIHU_CLIMATE,,1987-05-28T16:00:00+00:00,,,precipitation,precipitation,,,mm,mm,observed,,False,,,"[""Q01""]",True
taihu_thqbca_history,storage\raw\taihu_thqbca_parsed\thqbca_observations.csv,17279,TAIHU_CLIMATE,,1987-06-27T16:00:00+00:00,,,precipitation,precipitation,,,mm,mm,observed,,False,,,"[""Q01""]",True
taihu_thqbca_history,storage\raw\taihu_thqbca_parsed\thqbca_observations.csv,17280,TAIHU_CLIMATE,,1987-06-28T16:00:00+00:00,,,precipitation,precipitation,,,mm,mm,observed,,False,,,"[""Q01""]",True
taihu_thqbca_history,storage\raw\taihu_thqbca_parsed\thqbca_observations.csv,17318,TAIHU_CLIMATE,,1987-08-05T16:00:00+00:00,,,precipitation,precipitation,,,mm,mm,observed,,False,,,"[""Q01""]",True
taihu_thqbca_history,storage\raw\taihu_thqbca_parsed\thqbca_observations.csv,17322,TAIHU_CLIMATE,,1987-08-09T16:00:00+00:00,,,precipitation,precipitation,,,mm,mm,observed,,False,,,"[""Q01""]",True
taihu_thqbca_history,storage\raw\taihu_thqbca_parsed\thqbca_observations.csv,17338,TAIHU_CLIMATE,,1987-08-25T16:00:00+00:00,,,precipitation,precipitation,,,mm,mm,observed,,False,,,"[""Q01""]",True
taihu_thqbca_history,storage\raw\taihu_thqbca_parsed\thqbca_observations.csv,17365,TAIHU_CLIMATE,,1987-09-21T16:00:00+00:00,,,precipitation,precipitation,,,mm,mm,observed,,False,,,"[""Q01""]",True
taihu_thqbca_history,storage\raw\taihu_thqbca_parsed\thqbca_observations.csv,17368,TAIHU_CLIMATE,,1987-09-24T16:00:00+00:00,,,precipitation,precipitation,,,mm,mm,observed,,False,,,"[""Q01""]",True
taihu_thqbca_history,storage\raw\taihu_thqbca_parsed\thqbca_observations.csv,17389,TAIHU_CLIMATE,,1987-10-15T16:00:00+00:00,,,precipitation,precipitation,,,mm,mm,observed,,False,,,"[""Q01""]",True
taihu_thqbca_history,storage\raw\taihu_thqbca_parsed\thqbca_observations.csv,17397,TAIHU_CLIMATE,,1987-10-23T16:00:00+00:00,,,precipitation,precipitation,,,mm,mm,observed,,False,,,"[""Q01""]",True
taihu_thqbca_history,storage\raw\taihu_thqbca_parsed\thqbca_observations.csv,17398,TAIHU_CLIMATE,,1987-10-24T16:00:00+00:00,,,precipitation,precipitation,,,mm,mm,observed,,False,,,"[""Q01""]",True
taihu_thqbca_history,storage\raw\taihu_thqbca_parsed\thqbca_observations.csv,17416,TAIHU_CLIMATE,,1987-11-11T16:00:00+00:00,,,precipitation,precipitation,,,mm,mm,observed,,False,,,"[""Q01""]",True
taihu_thqbca_history,storage\raw\taihu_thqbca_parsed\thqbca_observations.csv,17430,TAIHU_CLIMATE,,1987-11-25T16:00:00+00:00,,,precipitation,precipitation,,,mm,mm,observed,,False,,,"[""Q01""]",True
taihu_thqbca_history,storage\raw\taihu_thqbca_parsed\thqbca_observations.csv,17469,TAIHU_CLIMATE,,1988-01-03T16:00:00+00:00,,,precipitation,precipitation,,,mm,mm,observed,,False,,,"[""Q01""]",True
taihu_thqbca_history,storage\raw\taihu_thqbca_parsed\thqbca_observations.csv,17481,TAIHU_CLIMATE,,1988-01-15T16:00:00+00:00,,,precipitation,precipitation,,,mm,mm,observed,,False,,,"[""Q01""]",True
taihu_thqbca_history,storage\raw\taihu_thqbca_parsed\thqbca_observations.csv,17482,TAIHU_CLIMATE,,1988-01-16T16:00:00+00:00,,,precipitation,precipitation,,,mm,mm,observed,,False,,,"[""Q01""]",True
taihu_thqbca_history,storage\raw\taihu_thqbca_parsed\thqbca_observations.csv,17484,TAIHU_CLIMATE,,1988-01-18T16:00:00+00:00,,,precipitation,precipitation,,,mm,mm,observed,,False,,,"[""Q01""]",True
taihu_thqbca_history,storage\raw\taihu_thqbca_parsed\thqbca_observations.csv,17487,TAIHU_CLIMATE,,1988-01-21T16:00:00+00:00,,,precipitation,precipitation,,,mm,mm,observed,,False,,,"[""Q01""]",True
taihu_thqbca_history,storage\raw\taihu_thqbca_parsed\thqbca_observations.csv,17490,TAIHU_CLIMATE,,1988-01-24T16:00:00+00:00,,,precipitation,precipitation,,,mm,mm,observed,,False,,,"[""Q01""]",True
taihu_thqbca_history,storage\raw\taihu_thqbca_parsed\thqbca_observations.csv,17491,TAIHU_CLIMATE,,1988-01-25T16:00:00+00:00,,,precipitation,precipitation,,,mm,mm,observed,,False,,,"[""Q01""]",True
taihu_thqbca_history,storage\raw\taihu_thqbca_parsed\thqbca_observations.csv,17493,TAIHU_CLIMATE,,1988-01-27T16:00:00+00:00,,,precipitation,precipitation,,,mm,mm,observed,,False,,,"[""Q01""]",True
taihu_thqbca_history,storage\raw\taihu_thqbca_parsed\thqbca_observations.csv,17502,TAIHU_CLIMATE,,1988-02-05T16:00:00+00:00,,,precipitation,precipitation,,,mm,mm,observed,,False,,,"[""Q01""]",True
taihu_thqbca_history,storage\raw\taihu_thqbca_parsed\thqbca_observations.csv,17503,TAIHU_CLIMATE,,1988-02-06T16:00:00+00:00,,,precipitation,precipitation,,,mm,mm,observed,,False,,,"[""Q01""]",True
taihu_thqbca_history,storage\raw\taihu_thqbca_parsed\thqbca_observations.csv,17517,TAIHU_CLIMATE,,1988-02-20T16:00:00+00:00,,,precipitation,precipitation,,,mm,mm,observed,,False,,,"[""Q01""]",True
taihu_thqbca_history,storage\raw\taihu_thqbca_parsed\thqbca_observations.csv,17536,TAIHU_CLIMATE,,1988-03-10T16:00:00+00:00,,,precipitation,precipitation,,,mm,mm,observed,,False,,,"[""Q01""]",True
taihu_thqbca_history,storage\raw\taihu_thqbca_parsed\thqbca_observations.csv,17572,TAIHU_CLIMATE,,1988-04-15T16:00:00+00:00,,,precipitation,precipitation,,,mm,mm,observed,,False,,,"[""Q01""]",True
taihu_thqbca_history,storage\raw\taihu_thqbca_parsed\thqbca_observations.csv,17576,TAIHU_CLIMATE,,1988-04-19T16:00:00+00:00,,,precipitation,precipitation,,,mm,mm,observed,,False,,,"[""Q01""]",True
taihu_thqbca_history,storage\raw\taihu_thqbca_parsed\thqbca_observations.csv,17582,TAIHU_CLIMATE,,1988-04-25T16:00:00+00:00,,,precipitation,precipitation,,,mm,mm,observed,,False,,,"[""Q01""]",True
taihu_thqbca_history,storage\raw\taihu_thqbca_parsed\thqbca_observations.csv,17583,TAIHU_CLIMATE,,1988-04-26T16:00:00+00:00,,,precipitation,precipitation,,,mm,mm,observed,,False,,,"[""Q01""]",True
taihu_thqbca_history,storage\raw\taihu_thqbca_parsed\thqbca_observations.csv,17592,TAIHU_CLIMATE,,1988-05-05T16:00:00+00:00,,,precipitation,precipitation,,,mm,mm,observed,,False,,,"[""Q01""]",True
taihu_thqbca_history,storage\raw\taihu_thqbca_parsed\thqbca_observations.csv,17599,TAIHU_CLIMATE,,1988-05-12T16:00:00+00:00,,,precipitation,precipitation,,,mm,mm,observed,,False,,,"[""Q01""]",True
taihu_thqbca_history,storage\raw\taihu_thqbca_parsed\thqbca_observations.csv,17607,TAIHU_CLIMATE,,1988-05-20T16:00:00+00:00,,,precipitation,precipitation,,,mm,mm,observed,,False,,,"[""Q01""]",True
taihu_thqbca_history,storage\raw\taihu_thqbca_parsed\thqbca_observations.csv,17610,TAIHU_CLIMATE,,1988-05-23T16:00:00+00:00,,,precipitation,precipitation,,,mm,mm,observed,,False,,,"[""Q01""]",True
taihu_thqbca_history,storage\raw\taihu_thqbca_parsed\thqbca_observations.csv,17616,TAIHU_CLIMATE,,1988-05-29T16:00:00+00:00,,,precipitation,precipitation,,,mm,mm,observed,,False,,,"[""Q01""]",True
taihu_thqbca_history,storage\raw\taihu_thqbca_parsed\thqbca_observations.csv,17625,TAIHU_CLIMATE,,1988-06-07T16:00:00+00:00,,,precipitation,precipitation,,,mm,mm,observed,,False,,,"[""Q01""]",True
taihu_thqbca_history,storage\raw\taihu_thqbca_parsed\thqbca_observations.csv,17630,TAIHU_CLIMATE,,1988-06-12T16:00:00+00:00,,,precipitation,precipitation,,,mm,mm,observed,,False,,,"[""Q01""]",True
taihu_thqbca_history,storage\raw\taihu_thqbca_parsed\thqbca_observations.csv,17631,TAIHU_CLIMATE,,1988-06-13T16:00:00+00:00,,,precipitation,precipitation,,,mm,mm,observed,,False,,,"[""Q01""]",True
taihu_thqbca_history,storage\raw\taihu_thqbca_parsed\thqbca_observations.csv,17633,TAIHU_CLIMATE,,1988-06-15T16:00:00+00:00,,,precipitation,precipitation,,,mm,mm,observed,,False,,,"[""Q01""]",True
taihu_thqbca_history,storage\raw\taihu_thqbca_parsed\thqbca_observations.csv,17647,TAIHU_CLIMATE,,1988-06-29T16:00:00+00:00,,,precipitation,precipitation,,,mm,mm,observed,,False,,,"[""Q01""]",True
taihu_thqbca_history,storage\raw\taihu_thqbca_parsed\thqbca_observations.csv,17660,TAIHU_CLIMATE,,1988-07-12T16:00:00+00:00,,,precipitation,precipitation,,,mm,mm,observed,,False,,,"[""Q01""]",True
taihu_thqbca_history,storage\raw\taihu_thqbca_parsed\thqbca_observations.csv,17676,TAIHU_CLIMATE,,1988-07-28T16:00:00+00:00,,,precipitation,precipitation,,,mm,mm,observed,,False,,,"[""Q01""]",True
taihu_thqbca_history,storage\raw\taihu_thqbca_parsed\thqbca_observations.csv,17678,TAIHU_CLIMATE,,1988-07-30T16:00:00+00:00,,,precipitation,precipitation,,,mm,mm,observed,,False,,,"[""Q01""]",True
taihu_thqbca_history,storage\raw\taihu_thqbca_parsed\thqbca_observations.csv,17681,TAIHU_CLIMATE,,1988-08-02T16:00:00+00:00,,,precipitation,precipitation,,,mm,mm,observed,,False,,,"[""Q01""]",True
taihu_thqbca_history,storage\raw\taihu_thqbca_parsed\thqbca_observations.csv,17687,TAIHU_CLIMATE,,1988-08-08T16:00:00+00:00,,,precipitation,precipitation,,,mm,mm,observed,,False,,,"[""Q01""]",True
taihu_thqbca_history,storage\raw\taihu_thqbca_parsed\thqbca_observations.csv,17694,TAIHU_CLIMATE,,1988-08-15T16:00:00+00:00,,,precipitation,precipitation,,,mm,mm,observed,,False,,,"[""Q01""]",True
taihu_thqbca_history,storage\raw\taihu_thqbca_parsed\thqbca_observations.csv,17696,TAIHU_CLIMATE,,1988-08-17T16:00:00+00:00,,,precipitation,precipitation,,,mm,mm,observed,,False,,,"[""Q01""]",True
taihu_thqbca_history,storage\raw\taihu_thqbca_parsed\thqbca_observations.csv,17708,TAIHU_CLIMATE,,1988-08-29T16:00:00+00:00,,,precipitation,precipitation,,,mm,mm,observed,,False,,,"[""Q01""]",True
taihu_thqbca_history,storage\raw\taihu_thqbca_parsed\thqbca_observations.csv,17723,TAIHU_CLIMATE,,1988-09-13T16:00:00+00:00,,,precipitation,precipitation,,,mm,mm,observed,,False,,,"[""Q01""]",True
taihu_thqbca_history,storage\raw\taihu_thqbca_parsed\thqbca_observations.csv,17725,TAIHU_CLIMATE,,1988-09-15T16:00:00+00:00,,,precipitation,precipitation,,,mm,mm,observed,,False,,,"[""Q01""]",True
taihu_thqbca_history,storage\raw\taihu_thqbca_parsed\thqbca_observations.csv,17728,TAIHU_CLIMATE,,1988-09-18T16:00:00+00:00,,,precipitation,precipitation,,,mm,mm,observed,,False,,,"[""Q01""]",True
taihu_thqbca_history,storage\raw\taihu_thqbca_parsed\thqbca_observations.csv,17729,TAIHU_CLIMATE,,1988-09-19T16:00:00+00:00,,,precipitation,precipitation,,,mm,mm,observed,,False,,,"[""Q01""]",True
taihu_thqbca_history,storage\raw\taihu_thqbca_parsed\thqbca_observations.csv,17739,TAIHU_CLIMATE,,1988-09-29T16:00:00+00:00,,,precipitation,precipitation,,,mm,mm,observed,,False,,,"[""Q01""]",True
taihu_thqbca_history,storage\raw\taihu_thqbca_parsed\thqbca_observations.csv,17740,TAIHU_CLIMATE,,1988-09-30T16:00:00+00:00,,,precipitation,precipitation,,,mm,mm,observed,,False,,,"[""Q01""]",True
taihu_thqbca_history,storage\raw\taihu_thqbca_parsed\thqbca_observations.csv,17742,TAIHU_CLIMATE,,1988-10-02T16:00:00+00:00,,,precipitation,precipitation,,,mm,mm,observed,,False,,,"[""Q01""]",True
taihu_thqbca_history,storage\raw\taihu_thqbca_parsed\thqbca_observations.csv,17743,TAIHU_CLIMATE,,1988-10-03T16:00:00+00:00,,,precipitation,precipitation,,,mm,mm,observed,,False,,,"[""Q01""]",True
taihu_thqbca_history,storage\raw\taihu_thqbca_parsed\thqbca_observations.csv,17751,TAIHU_CLIMATE,,1988-10-11T16:00:00+00:00,,,precipitation,precipitation,,,mm,mm,observed,,False,,,"[""Q01""]",True
taihu_thqbca_history,storage\raw\taihu_thqbca_parsed\thqbca_observations.csv,17752,TAIHU_CLIMATE,,1988-10-12T16:00:00+00:00,,,precipitation,precipitation,,,mm,mm,observed,,False,,,"[""Q01""]",True
taihu_thqbca_history,storage\raw\taihu_thqbca_parsed\thqbca_observations.csv,17787,TAIHU_CLIMATE,,1988-11-16T16:00:00+00:00,,,precipitation,precipitation,,,mm,mm,observed,,False,,,"[""Q01""]",True
taihu_thqbca_history,storage\raw\taihu_thqbca_parsed\thqbca_observations.csv,17835,TAIHU_CLIMATE,,1989-01-03T16:00:00+00:00,,,precipitation,precipitation,,,mm,mm,observed,,False,,,"[""Q01""]",True
taihu_thqbca_history,storage\raw\taihu_thqbca_parsed\thqbca_observations.csv,17839,TAIHU_CLIMATE,,1989-01-07T16:00:00+00:00,,,precipitation,precipitation,,,mm,mm,observed,,False,,,"[""Q01""]",True
taihu_thqbca_history,storage\raw\taihu_thqbca_parsed\thqbca_observations.csv,17871,TAIHU_CLIMATE,,1989-02-08T16:00:00+00:00,,,precipitation,precipitation,,,mm,mm,observed,,False,,,"[""Q01""]",True
taihu_thqbca_history,storage\raw\taihu_thqbca_parsed\thqbca_observations.csv,17890,TAIHU_CLIMATE,,1989-02-27T16:00:00+00:00,,,precipitation,precipitation,,,mm,mm,observed,,False,,,"[""Q01""]",True
taihu_thqbca_history,storage\raw\taihu_thqbca_parsed\thqbca_observations.csv,17904,TAIHU_CLIMATE,,1989-03-13T16:00:00+00:00,,,precipitation,precipitation,,,mm,mm,observed,,False,,,"[""Q01""]",True
taihu_thqbca_history,storage\raw\taihu_thqbca_parsed\thqbca_observations.csv,17905,TAIHU_CLIMATE,,1989-03-14T16:00:00+00:00,,,precipitation,precipitation,,,mm,mm,observed,,False,,,"[""Q01""]",True
taihu_thqbca_history,storage\raw\taihu_thqbca_parsed\thqbca_observations.csv,17926,TAIHU_CLIMATE,,1989-04-04T16:00:00+00:00,,,precipitation,precipitation,,,mm,mm,observed,,False,,,"[""Q01""]",True
taihu_thqbca_history,storage\raw\taihu_thqbca_parsed\thqbca_observations.csv,17927,TAIHU_CLIMATE,,1989-04-05T16:00:00+00:00,,,precipitation,precipitation,,,mm,mm,observed,,False,,,"[""Q01""]",True
taihu_thqbca_history,storage\raw\taihu_thqbca_parsed\thqbca_observations.csv,17936,TAIHU_CLIMATE,,1989-04-14T16:00:00+00:00,,,precipitation,precipitation,,,mm,mm,observed,,False,,,"[""Q01""]",True
taihu_thqbca_history,storage\raw\taihu_thqbca_parsed\thqbca_observations.csv,17940,TAIHU_CLIMATE,,1989-04-18T16:00:00+00:00,,,precipitation,precipitation,,,mm,mm,observed,,False,,,"[""Q01""]",True
taihu_thqbca_history,storage\raw\taihu_thqbca_parsed\thqbca_observations.csv,17941,TAIHU_CLIMATE,,1989-04-19T16:00:00+00:00,,,precipitation,precipitation,,,mm,mm,observed,,False,,,"[""Q01""]",True
taihu_thqbca_history,storage\raw\taihu_thqbca_parsed\thqbca_observations.csv,17942,TAIHU_CLIMATE,,1989-04-20T16:00:00+00:00,,,precipitation,precipitation,,,mm,mm,observed,,False,,,"[""Q01""]",True
taihu_thqbca_history,storage\raw\taihu_thqbca_parsed\thqbca_observations.csv,17948,TAIHU_CLIMATE,,1989-04-26T16:00:00+00:00,,,precipitation,precipitation,,,mm,mm,observed,,False,,,"[""Q01""]",True
taihu_thqbca_history,storage\raw\taihu_thqbca_parsed\thqbca_observations.csv,17956,TAIHU_CLIMATE,,1989-05-04T16:00:00+00:00,,,precipitation,precipitation,,,mm,mm,observed,,False,,,"[""Q01""]",True
taihu_thqbca_history,storage\raw\taihu_thqbca_parsed\thqbca_observations.csv,17959,TAIHU_CLIMATE,,1989-05-07T16:00:00+00:00,,,precipitation,precipitation,,,mm,mm,observed,,False,,,"[""Q01""]",True
taihu_thqbca_history,storage\raw\taihu_thqbca_parsed\thqbca_observations.csv,17966,TAIHU_CLIMATE,,1989-05-14T16:00:00+00:00,,,precipitation,precipitation,,,mm,mm,observed,,False,,,"[""Q01""]",True
taihu_thqbca_history,storage\raw\taihu_thqbca_parsed\thqbca_observations.csv,17967,TAIHU_CLIMATE,,1989-05-15T16:00:00+00:00,,,precipitation,precipitation,,,mm,mm,observed,,False,,,"[""Q01""]",True
taihu_thqbca_history,storage\raw\taihu_thqbca_parsed\thqbca_observations.csv,17968,TAIHU_CLIMATE,,1989-05-16T16:00:00+00:00,,,precipitation,precipitation,,,mm,mm,observed,,False,,,"[""Q01""]",True
taihu_thqbca_history,storage\raw\taihu_thqbca_parsed\thqbca_observations.csv,17969,TAIHU_CLIMATE,,1989-05-17T16:00:00+00:00,,,precipitation,precipitation,,,mm,mm,observed,,False,,,"[""Q01""]",True
taihu_thqbca_history,storage\raw\taihu_thqbca_parsed\thqbca_observations.csv,17971,TAIHU_CLIMATE,,1989-05-19T16:00:00+00:00,,,precipitation,precipitation,,,mm,mm,observed,,False,,,"[""Q01""]",True
taihu_thqbca_history,storage\raw\taihu_thqbca_parsed\thqbca_observations.csv,17976,TAIHU_CLIMATE,,1989-05-24T16:00:00+00:00,,,precipitation,precipitation,,,mm,mm,observed,,False,,,"[""Q01""]",True
taihu_thqbca_history,storage\raw\taihu_thqbca_parsed\thqbca_observations.csv,17988,TAIHU_CLIMATE,,1989-06-05T16:00:00+00:00,,,precipitation,precipitation,,,mm,mm,observed,,False,,,"[""Q01""]",True
taihu_thqbca_history,storage\raw\taihu_thqbca_parsed\thqbca_observations.csv,17990,TAIHU_CLIMATE,,1989-06-07T16:00:00+00:00,,,precipitation,precipitation,,,mm,mm,observed,,False,,,"[""Q01""]",True
taihu_thqbca_history,storage\raw\taihu_thqbca_parsed\thqbca_observations.csv,18008,TAIHU_CLIMATE,,1989-06-25T16:00:00+00:00,,,precipitation,precipitation,,,mm,mm,observed,,False,,,"[""Q01""]",True
taihu_thqbca_history,storage\raw\taihu_thqbca_parsed\thqbca_observations.csv,18010,TAIHU_CLIMATE,,1989-06-27T16:00:00+00:00,,,precipitation,precipitation,,,mm,mm,observed,,False,,,"[""Q01""]",True
taihu_thqbca_history,storage\raw\taihu_thqbca_parsed\thqbca_observations.csv,18011,TAIHU_CLIMATE,,1989-06-28T16:00:00+00:00,,,precipitation,precipitation,,,mm,mm,observed,,False,,,"[""Q01""]",True
taihu_thqbca_history,storage\raw\taihu_thqbca_parsed\thqbca_observations.csv,18013,TAIHU_CLIMATE,,1989-06-30T16:00:00+00:00,,,precipitation,precipitation,,,mm,mm,observed,,False,,,"[""Q01""]",True
taihu_thqbca_history,storage\raw\taihu_thqbca_parsed\thqbca_observations.csv,18014,TAIHU_CLIMATE,,1989-07-01T16:00:00+00:00,,,precipitation,precipitation,,,mm,mm,observed,,False,,,"[""Q01""]",True
taihu_thqbca_history,storage\raw\taihu_thqbca_parsed\thqbca_observations.csv,18022,TAIHU_CLIMATE,,1989-07-09T16:00:00+00:00,,,precipitation,precipitation,,,mm,mm,observed,,False,,,"[""Q01""]",True
taihu_thqbca_history,storage\raw\taihu_thqbca_parsed\thqbca_observations.csv,18033,TAIHU_CLIMATE,,1989-07-20T16:00:00+00:00,,,precipitation,precipitation,,,mm,mm,observed,,False,,,"[""Q01""]",True
taihu_thqbca_history,storage\raw\taihu_thqbca_parsed\thqbca_observations.csv,18034,TAIHU_CLIMATE,,1989-07-21T16:00:00+00:00,,,precipitation,precipitation,,,mm,mm,observed,,False,,,"[""Q01""]",True
taihu_thqbca_history,storage\raw\taihu_thqbca_parsed\thqbca_observations.csv,18039,TAIHU_CLIMATE,,1989-07-26T16:00:00+00:00,,,precipitation,precipitation,,,mm,mm,observed,,False,,,"[""Q01""]",True
taihu_thqbca_history,storage\raw\taihu_thqbca_parsed\thqbca_observations.csv,18041,TAIHU_CLIMATE,,1989-07-28T16:00:00+00:00,,,precipitation,precipitation,,,mm,mm,observed,,False,,,"[""Q01""]",True
taihu_thqbca_history,storage\raw\taihu_thqbca_parsed\thqbca_observations.csv,18043,TAIHU_CLIMATE,,1989-07-30T16:00:00+00:00,,,precipitation,precipitation,,,mm,mm,observed,,False,,,"[""Q01""]",True
taihu_thqbca_history,storage\raw\taihu_thqbca_parsed\thqbca_observations.csv,18057,TAIHU_CLIMATE,,1989-08-13T16:00:00+00:00,,,precipitation,precipitation,,,mm,mm,observed,,False,,,"[""Q01""]",True
taihu_thqbca_history,storage\raw\taihu_thqbca_parsed\thqbca_observations.csv,18069,TAIHU_CLIMATE,,1989-08-25T16:00:00+00:00,,,precipitation,precipitation,,,mm,mm,observed,,False,,,"[""Q01""]",True
taihu_thqbca_history,storage\raw\taihu_thqbca_parsed\thqbca_observations.csv,18080,TAIHU_CLIMATE,,1989-09-05T16:00:00+00:00,,,precipitation,precipitation,,,mm,mm,observed,,False,,,"[""Q01""]",True
taihu_thqbca_history,storage\raw\taihu_thqbca_parsed\thqbca_observations.csv,18081,TAIHU_CLIMATE,,1989-09-06T16:00:00+00:00,,,precipitation,precipitation,,,mm,mm,observed,,False,,,"[""Q01""]",True
taihu_thqbca_history,storage\raw\taihu_thqbca_parsed\thqbca_observations.csv,18086,TAIHU_CLIMATE,,1989-09-11T16:00:00+00:00,,,precipitation,precipitation,,,mm,mm,observed,,False,,,"[""Q01""]",True
taihu_thqbca_history,storage\raw\taihu_thqbca_parsed\thqbca_observations.csv,18092,TAIHU_CLIMATE,,1989-09-17T16:00:00+00:00,,,precipitation,precipitation,,,mm,mm,observed,,False,,,"[""Q01""]",True
taihu_thqbca_history,storage\raw\taihu_thqbca_parsed\thqbca_observations.csv,18093,TAIHU_CLIMATE,,1989-09-18T16:00:00+00:00,,,precipitation,precipitation,,,mm,mm,observed,,False,,,"[""Q01""]",True
taihu_thqbca_history,storage\raw\taihu_thqbca_parsed\thqbca_observations.csv,18099,TAIHU_CLIMATE,,1989-09-24T16:00:00+00:00,,,precipitation,precipitation,,,mm,mm,observed,,False,,,"[""Q01""]",True
taihu_thqbca_history,storage\raw\taihu_thqbca_parsed\thqbca_observations.csv,18101,TAIHU_CLIMATE,,1989-09-26T16:00:00+00:00,,,precipitation,precipitation,,,mm,mm,observed,,False,,,"[""Q01""]",True
taihu_thqbca_history,storage\raw\taihu_thqbca_parsed\thqbca_observations.csv,18102,TAIHU_CLIMATE,,1989-09-27T16:00:00+00:00,,,precipitation,precipitation,,,mm,mm,observed,,False,,,"[""Q01""]",True
taihu_thqbca_history,storage\raw\taihu_thqbca_parsed\thqbca_observations.csv,18122,TAIHU_CLIMATE,,1989-10-17T16:00:00+00:00,,,precipitation,precipitation,,,mm,mm,observed,,False,,,"[""Q01""]",True
taihu_thqbca_history,storage\raw\taihu_thqbca_parsed\thqbca_observations.csv,18123,TAIHU_CLIMATE,,1989-10-18T16:00:00+00:00,,,precipitation,precipitation,,,mm,mm,observed,,False,,,"[""Q01""]",True
taihu_thqbca_history,storage\raw\taihu_thqbca_parsed\thqbca_observations.csv,18131,TAIHU_CLIMATE,,1989-10-26T16:00:00+00:00,,,precipitation,precipitation,,,mm,mm,observed,,False,,,"[""Q01""]",True
taihu_thqbca_history,storage\raw\taihu_thqbca_parsed\thqbca_observations.csv,18134,TAIHU_CLIMATE,,1989-10-29T16:00:00+00:00,,,precipitation,precipitation,,,mm,mm,observed,,False,,,"[""Q01""]",True
taihu_thqbca_history,storage\raw\taihu_thqbca_parsed\thqbca_observations.csv,18151,TAIHU_CLIMATE,,1989-11-15T16:00:00+00:00,,,precipitation,precipitation,,,mm,mm,observed,,False,,,"[""Q01""]",True
taihu_thqbca_history,storage\raw\taihu_thqbca_parsed\thqbca_observations.csv,18179,TAIHU_CLIMATE,,1989-12-13T16:00:00+00:00,,,precipitation,precipitation,,,mm,mm,observed,,False,,,"[""Q01""]",True
taihu_thqbca_history,storage\raw\taihu_thqbca_parsed\thqbca_observations.csv,18191,TAIHU_CLIMATE,,1989-12-25T16:00:00+00:00,,,precipitation,precipitation,,,mm,mm,observed,,False,,,"[""Q01""]",True
taihu_thqbca_history,storage\raw\taihu_thqbca_parsed\thqbca_observations.csv,18203,TAIHU_CLIMATE,,1990-01-06T16:00:00+00:00,,,precipitation,precipitation,,,mm,mm,observed,,False,,,"[""Q01""]",True
taihu_thqbca_history,storage\raw\taihu_thqbca_parsed\thqbca_observations.csv,18208,TAIHU_CLIMATE,,1990-01-11T16:00:00+00:00,,,precipitation,precipitation,,,mm,mm,observed,,False,,,"[""Q01""]",True
taihu_thqbca_history,storage\raw\taihu_thqbca_parsed\thqbca_observations.csv,18215,TAIHU_CLIMATE,,1990-01-18T16:00:00+00:00,,,precipitation,precipitation,,,mm,mm,observed,,False,,,"[""Q01""]",True
taihu_thqbca_history,storage\raw\taihu_thqbca_parsed\thqbca_observations.csv,18216,TAIHU_CLIMATE,,1990-01-19T16:00:00+00:00,,,precipitation,precipitation,,,mm,mm,observed,,False,,,"[""Q01""]",True
taihu_thqbca_history,storage\raw\taihu_thqbca_parsed\thqbca_observations.csv,18221,TAIHU_CLIMATE,,1990-01-24T16:00:00+00:00,,,precipitation,precipitation,,,mm,mm,observed,,False,,,"[""Q01""]",True
taihu_thqbca_history,storage\raw\taihu_thqbca_parsed\thqbca_observations.csv,18222,TAIHU_CLIMATE,,1990-01-25T16:00:00+00:00,,,precipitation,precipitation,,,mm,mm,observed,,False,,,"[""Q01""]",True
taihu_thqbca_history,storage\raw\taihu_thqbca_parsed\thqbca_observations.csv,18223,TAIHU_CLIMATE,,1990-01-26T16:00:00+00:00,,,precipitation,precipitation,,,mm,mm,observed,,False,,,"[""Q01""]",True
taihu_thqbca_history,storage\raw\taihu_thqbca_parsed\thqbca_observations.csv,18231,TAIHU_CLIMATE,,1990-02-03T16:00:00+00:00,,,precipitation,precipitation,,,mm,mm,observed,,False,,,"[""Q01""]",True
taihu_thqbca_history,storage\raw\taihu_thqbca_parsed\thqbca_observations.csv,18257,TAIHU_CLIMATE,,1990-03-01T16:00:00+00:00,,,precipitation,precipitation,,,mm,mm,observed,,False,,,"[""Q01""]",True
taihu_thqbca_history,storage\raw\taihu_thqbca_parsed\thqbca_observations.csv,18258,TAIHU_CLIMATE,,1990-03-02T16:00:00+00:00,,,precipitation,precipitation,,,mm,mm,observed,,False,,,"[""Q01""]",True
taihu_thqbca_history,storage\raw\taihu_thqbca_parsed\thqbca_observations.csv,18265,TAIHU_CLIMATE,,1990-03-09T16:00:00+00:00,,,precipitation,precipitation,,,mm,mm,observed,,False,,,"[""Q01""]",True
taihu_thqbca_history,storage\raw\taihu_thqbca_parsed\thqbca_observations.csv,18286,TAIHU_CLIMATE,,1990-03-30T16:00:00+00:00,,,precipitation,precipitation,,,mm,mm,observed,,False,,,"[""Q01""]",True
taihu_thqbca_history,storage\raw\taihu_thqbca_parsed\thqbca_observations.csv,18299,TAIHU_CLIMATE,,1990-04-12T16:00:00+00:00,,,precipitation,precipitation,,,mm,mm,observed,,False,,,"[""Q01""]",True
taihu_thqbca_history,storage\raw\taihu_thqbca_parsed\thqbca_observations.csv,18306,TAIHU_CLIMATE,,1990-04-19T16:00:00+00:00,,,precipitation,precipitation,,,mm,mm,observed,,False,,,"[""Q01""]",True
taihu_thqbca_history,storage\raw\taihu_thqbca_parsed\thqbca_observations.csv,18328,TAIHU_CLIMATE,,1990-05-11T16:00:00+00:00,,,precipitation,precipitation,,,mm,mm,observed,,False,,,"[""Q01""]",True
taihu_thqbca_history,storage\raw\taihu_thqbca_parsed\thqbca_observations.csv,18330,TAIHU_CLIMATE,,1990-05-13T16:00:00+00:00,,,precipitation,precipitation,,,mm,mm,observed,,False,,,"[""Q01""]",True
taihu_thqbca_history,storage\raw\taihu_thqbca_parsed\thqbca_observations.csv,18337,TAIHU_CLIMATE,,1990-05-20T16:00:00+00:00,,,precipitation,precipitation,,,mm,mm,observed,,False,,,"[""Q01""]",True
taihu_thqbca_history,storage\raw\taihu_thqbca_parsed\thqbca_observations.csv,18350,TAIHU_CLIMATE,,1990-06-02T16:00:00+00:00,,,precipitation,precipitation,,,mm,mm,observed,,False,,,"[""Q01""]",True
taihu_thqbca_history,storage\raw\taihu_thqbca_parsed\thqbca_observations.csv,18366,TAIHU_CLIMATE,,1990-06-18T16:00:00+00:00,,,precipitation,precipitation,,,mm,mm,observed,,False,,,"[""Q01""]",True
taihu_thqbca_history,storage\raw\taihu_thqbca_parsed\thqbca_observations.csv,18377,TAIHU_CLIMATE,,1990-06-29T16:00:00+00:00,,,precipitation,precipitation,,,mm,mm,observed,,False,,,"[""Q01""]",True
taihu_thqbca_history,storage\raw\taihu_thqbca_parsed\thqbca_observations.csv,18382,TAIHU_CLIMATE,,1990-07-04T16:00:00+00:00,,,precipitation,precipitation,,,mm,mm,observed,,False,,,"[""Q01""]",True
taihu_thqbca_history,storage\raw\taihu_thqbca_parsed\thqbca_observations.csv,18391,TAIHU_CLIMATE,,1990-07-13T16:00:00+00:00,,,precipitation,precipitation,,,mm,mm,observed,,False,,,"[""Q01""]",True
taihu_thqbca_history,storage\raw\taihu_thqbca_parsed\thqbca_observations.csv,18392,TAIHU_CLIMATE,,1990-07-14T16:00:00+00:00,,,precipitation,precipitation,,,mm,mm,observed,,False,,,"[""Q01""]",True
taihu_thqbca_history,storage\raw\taihu_thqbca_parsed\thqbca_observations.csv,18412,TAIHU_CLIMATE,,1990-08-03T16:00:00+00:00,,,precipitation,precipitation,,,mm,mm,observed,,False,,,"[""Q01""]",True
taihu_thqbca_history,storage\raw\taihu_thqbca_parsed\thqbca_observations.csv,18430,TAIHU_CLIMATE,,1990-08-21T16:00:00+00:00,,,precipitation,precipitation,,,mm,mm,observed,,False,,,"[""Q01""]",True
taihu_thqbca_history,storage\raw\taihu_thqbca_parsed\thqbca_observations.csv,18431,TAIHU_CLIMATE,,1990-08-22T16:00:00+00:00,,,precipitation,precipitation,,,mm,mm,observed,,False,,,"[""Q01""]",True
taihu_thqbca_history,storage\raw\taihu_thqbca_parsed\thqbca_observations.csv,18438,TAIHU_CLIMATE,,1990-08-29T16:00:00+00:00,,,precipitation,precipitation,,,mm,mm,observed,,False,,,"[""Q01""]",True
taihu_thqbca_history,storage\raw\taihu_thqbca_parsed\thqbca_observations.csv,18441,TAIHU_CLIMATE,,1990-09-01T16:00:00+00:00,,,precipitation,precipitation,,,mm,mm,observed,,False,,,"[""Q01""]",True
taihu_thqbca_history,storage\raw\taihu_thqbca_parsed\thqbca_observations.csv,18447,TAIHU_CLIMATE,,1990-09-07T16:00:00+00:00,,,precipitation,precipitation,,,mm,mm,observed,,False,,,"[""Q01""]",True
taihu_thqbca_history,storage\raw\taihu_thqbca_parsed\thqbca_observations.csv,18465,TAIHU_CLIMATE,,1990-09-25T16:00:00+00:00,,,precipitation,precipitation,,,mm,mm,observed,,False,,,"[""Q01""]",True
taihu_thqbca_history,storage\raw\taihu_thqbca_parsed\thqbca_observations.csv,18467,TAIHU_CLIMATE,,1990-09-27T16:00:00+00:00,,,precipitation,precipitation,,,mm,mm,observed,,False,,,"[""Q01""]",True
taihu_thqbca_history,storage\raw\taihu_thqbca_parsed\thqbca_observations.csv,18468,TAIHU_CLIMATE,,1990-09-28T16:00:00+00:00,,,precipitation,precipitation,,,mm,mm,observed,,False,,,"[""Q01""]",True
taihu_thqbca_history,storage\raw\taihu_thqbca_parsed\thqbca_observations.csv,18469,TAIHU_CLIMATE,,1990-09-29T16:00:00+00:00,,,precipitation,precipitation,,,mm,mm,observed,,False,,,"[""Q01""]",True
taihu_thqbca_history,storage\raw\taihu_thqbca_parsed\thqbca_observations.csv,18486,TAIHU_CLIMATE,,1990-10-16T16:00:00+00:00,,,precipitation,precipitation,,,mm,mm,observed,,False,,,"[""Q01""]",True
taihu_thqbca_history,storage\raw\taihu_thqbca_parsed\thqbca_observations.csv,18489,TAIHU_CLIMATE,,1990-10-19T16:00:00+00:00,,,precipitation,precipitation,,,mm,mm,observed,,False,,,"[""Q01""]",True
taihu_thqbca_history,storage\raw\taihu_thqbca_parsed\thqbca_observations.csv,18490,TAIHU_CLIMATE,,1990-10-20T16:00:00+00:00,,,precipitation,precipitation,,,mm,mm,observed,,False,,,"[""Q01""]",True
taihu_thqbca_history,storage\raw\taihu_thqbca_parsed\thqbca_observations.csv,18503,TAIHU_CLIMATE,,1990-11-02T16:00:00+00:00,,,precipitation,precipitation,,,mm,mm,observed,,False,,,"[""Q01""]",True
taihu_thqbca_history,storage\raw\taihu_thqbca_parsed\thqbca_observations.csv,18517,TAIHU_CLIMATE,,1990-11-16T16:00:00+00:00,,,precipitation,precipitation,,,mm,mm,observed,,False,,,"[""Q01""]",True
taihu_thqbca_history,storage\raw\taihu_thqbca_parsed\thqbca_observations.csv,18530,TAIHU_CLIMATE,,1990-11-29T16:00:00+00:00,,,precipitation,precipitation,,,mm,mm,observed,,False,,,"[""Q01""]",True
taihu_thqbca_history,storage\raw\taihu_thqbca_parsed\thqbca_observations.csv,18541,TAIHU_CLIMATE,,1990-12-10T16:00:00+00:00,,,precipitation,precipitation,,,mm,mm,observed,,False,,,"[""Q01""]",True
taihu_thqbca_history,storage\raw\taihu_thqbca_parsed\thqbca_observations.csv,18563,TAIHU_CLIMATE,,1991-01-01T16:00:00+00:00,,,precipitation,precipitation,,,mm,mm,observed,,False,,,"[""Q01""]",True
taihu_thqbca_history,storage\raw\taihu_thqbca_parsed\thqbca_observations.csv,18579,TAIHU_CLIMATE,,1991-01-17T16:00:00+00:00,,,precipitation,precipitation,,,mm,mm,observed,,False,,,"[""Q01""]",True
taihu_thqbca_history,storage\raw\taihu_thqbca_parsed\thqbca_observations.csv,18586,TAIHU_CLIMATE,,1991-01-24T16:00:00+00:00,,,precipitation,precipitation,,,mm,mm,observed,,False,,,"[""Q01""]",True
taihu_thqbca_history,storage\raw\taihu_thqbca_parsed\thqbca_observations.csv,18589,TAIHU_CLIMATE,,1991-01-27T16:00:00+00:00,,,precipitation,precipitation,,,mm,mm,observed,,False,,,"[""Q01""]",True
taihu_thqbca_history,storage\raw\taihu_thqbca_parsed\thqbca_observations.csv,18592,TAIHU_CLIMATE,,1991-01-30T16:00:00+00:00,,,precipitation,precipitation,,,mm,mm,observed,,False,,,"[""Q01""]",True
taihu_thqbca_history,storage\raw\taihu_thqbca_parsed\thqbca_observations.csv,18595,TAIHU_CLIMATE,,1991-02-02T16:00:00+00:00,,,precipitation,precipitation,,,mm,mm,observed,,False,,,"[""Q01""]",True
taihu_thqbca_history,storage\raw\taihu_thqbca_parsed\thqbca_observations.csv,18604,TAIHU_CLIMATE,,1991-02-11T16:00:00+00:00,,,precipitation,precipitation,,,mm,mm,observed,,False,,,"[""Q01""]",True
taihu_thqbca_history,storage\raw\taihu_thqbca_parsed\thqbca_observations.csv,18623,TAIHU_CLIMATE,,1991-03-02T16:00:00+00:00,,,precipitation,precipitation,,,mm,mm,observed,,False,,,"[""Q01""]",True
taihu_thqbca_history,storage\raw\taihu_thqbca_parsed\thqbca_observations.csv,18629,TAIHU_CLIMATE,,1991-03-08T16:00:00+00:00,,,precipitation,precipitation,,,mm,mm,observed,,False,,,"[""Q01""]",True
taihu_thqbca_history,storage\raw\taihu_thqbca_parsed\thqbca_observations.csv,18633,TAIHU_CLIMATE,,1991-03-12T16:00:00+00:00,,,precipitation,precipitation,,,mm,mm,observed,,False,,,"[""Q01""]",True
taihu_thqbca_history,storage\raw\taihu_thqbca_parsed\thqbca_observations.csv,18655,TAIHU_CLIMATE,,1991-04-03T16:00:00+00:00,,,precipitation,precipitation,,,mm,mm,observed,,False,,,"[""Q01""]",True
taihu_thqbca_history,storage\raw\taihu_thqbca_parsed\thqbca_observations.csv,18656,TAIHU_CLIMATE,,1991-04-04T16:00:00+00:00,,,precipitation,precipitation,,,mm,mm,observed,,False,,,"[""Q01""]",True
taihu_thqbca_history,storage\raw\taihu_thqbca_parsed\thqbca_observations.csv,18658,TAIHU_CLIMATE,,1991-04-06T16:00:00+00:00,,,precipitation,precipitation,,,mm,mm,observed,,False,,,"[""Q01""]",True
taihu_thqbca_history,storage\raw\taihu_thqbca_parsed\thqbca_observations.csv,18669,TAIHU_CLIMATE,,1991-04-17T16:00:00+00:00,,,precipitation,precipitation,,,mm,mm,observed,,False,,,"[""Q01""]",True
taihu_thqbca_history,storage\raw\taihu_thqbca_parsed\thqbca_observations.csv,18674,TAIHU_CLIMATE,,1991-04-22T16:00:00+00:00,,,precipitation,precipitation,,,mm,mm,observed,,False,,,"[""Q01""]",True
taihu_thqbca_history,storage\raw\taihu_thqbca_parsed\thqbca_observations.csv,18678,TAIHU_CLIMATE,,1991-04-26T16:00:00+00:00,,,precipitation,precipitation,,,mm,mm,observed,,False,,,"[""Q01""]",True
taihu_thqbca_history,storage\raw\taihu_thqbca_parsed\thqbca_observations.csv,18682,TAIHU_CLIMATE,,1991-04-30T16:00:00+00:00,,,precipitation,precipitation,,,mm,mm,observed,,False,,,"[""Q01""]",True
taihu_thqbca_history,storage\raw\taihu_thqbca_parsed\thqbca_observations.csv,18699,TAIHU_CLIMATE,,1991-05-17T16:00:00+00:00,,,precipitation,precipitation,,,mm,mm,observed,,False,,,"[""Q01""]",True
taihu_thqbca_history,storage\raw\taihu_thqbca_parsed\thqbca_observations.csv,18701,TAIHU_CLIMATE,,1991-05-19T16:00:00+00:00,,,precipitation,precipitation,,,mm,mm,observed,,False,,,"[""Q01""]",True
taihu_thqbca_history,storage\raw\taihu_thqbca_parsed\thqbca_observations.csv,18705,TAIHU_CLIMATE,,1991-05-23T16:00:00+00:00,,,precipitation,precipitation,,,mm,mm,observed,,False,,,"[""Q01""]",True
taihu_thqbca_history,storage\raw\taihu_thqbca_parsed\thqbca_observations.csv,18707,TAIHU_CLIMATE,,1991-05-25T16:00:00+00:00,,,precipitation,precipitation,,,mm,mm,observed,,False,,,"[""Q01""]",True
taihu_thqbca_history,storage\raw\taihu_thqbca_parsed\thqbca_observations.csv,18709,TAIHU_CLIMATE,,1991-05-27T16:00:00+00:00,,,precipitation,precipitation,,,mm,mm,observed,,False,,,"[""Q01""]",True
taihu_thqbca_history,storage\raw\taihu_thqbca_parsed\thqbca_observations.csv,18711,TAIHU_CLIMATE,,1991-05-29T16:00:00+00:00,,,precipitation,precipitation,,,mm,mm,observed,,False,,,"[""Q01""]",True
taihu_thqbca_history,storage\raw\taihu_thqbca_parsed\thqbca_observations.csv,18722,TAIHU_CLIMATE,,1991-06-09T16:00:00+00:00,,,precipitation,precipitation,,,mm,mm,observed,,False,,,"[""Q01""]",True
taihu_thqbca_history,storage\raw\taihu_thqbca_parsed\thqbca_observations.csv,18757,TAIHU_CLIMATE,,1991-07-14T16:00:00+00:00,,,precipitation,precipitation,,,mm,mm,observed,,False,,,"[""Q01""]",True
taihu_thqbca_history,storage\raw\taihu_thqbca_parsed\thqbca_observations.csv,18762,TAIHU_CLIMATE,,1991-07-19T16:00:00+00:00,,,precipitation,precipitation,,,mm,mm,observed,,False,,,"[""Q01""]",True
taihu_thqbca_history,storage\raw\taihu_thqbca_parsed\thqbca_observations.csv,18773,TAIHU_CLIMATE,,1991-07-30T16:00:00+00:00,,,precipitation,precipitation,,,mm,mm,observed,,False,,,"[""Q01""]",True
taihu_thqbca_history,storage\raw\taihu_thqbca_parsed\thqbca_observations.csv,18785,TAIHU_CLIMATE,,1991-08-11T16:00:00+00:00,,,precipitation,precipitation,,,mm,mm,observed,,False,,,"[""Q01""]",True
taihu_thqbca_history,storage\raw\taihu_thqbca_parsed\thqbca_observations.csv,18786,TAIHU_CLIMATE,,1991-08-12T16:00:00+00:00,,,precipitation,precipitation,,,mm,mm,observed,,False,,,"[""Q01""]",True
taihu_thqbca_history,storage\raw\taihu_thqbca_parsed\thqbca_observations.csv,18801,TAIHU_CLIMATE,,1991-08-27T16:00:00+00:00,,,precipitation,precipitation,,,mm,mm,observed,,False,,,"[""Q01""]",True
taihu_thqbca_history,storage\raw\taihu_thqbca_parsed\thqbca_observations.csv,18840,TAIHU_CLIMATE,,1991-10-05T16:00:00+00:00,,,precipitation,precipitation,,,mm,mm,observed,,False,,,"[""Q01""]",True
taihu_thqbca_history,storage\raw\taihu_thqbca_parsed\thqbca_observations.csv,18847,TAIHU_CLIMATE,,1991-10-12T16:00:00+00:00,,,precipitation,precipitation,,,mm,mm,observed,,False,,,"[""Q01""]",True
taihu_thqbca_history,storage\raw\taihu_thqbca_parsed\thqbca_observations.csv,18848,TAIHU_CLIMATE,,1991-10-13T16:00:00+00:00,,,precipitation,precipitation,,,mm,mm,observed,,False,,,"[""Q01""]",True
taihu_thqbca_history,storage\raw\taihu_thqbca_parsed\thqbca_observations.csv,18849,TAIHU_CLIMATE,,1991-10-14T16:00:00+00:00,,,precipitation,precipitation,,,mm,mm,observed,,False,,,"[""Q01""]",True
taihu_thqbca_history,storage\raw\taihu_thqbca_parsed\thqbca_observations.csv,18871,TAIHU_CLIMATE,,1991-11-05T16:00:00+00:00,,,precipitation,precipitation,,,mm,mm,observed,,False,,,"[""Q01""]",True
taihu_thqbca_history,storage\raw\taihu_thqbca_parsed\thqbca_observations.csv,18875,TAIHU_CLIMATE,,1991-11-09T16:00:00+00:00,,,precipitation,precipitation,,,mm,mm,observed,,False,,,"[""Q01""]",True
taihu_thqbca_history,storage\raw\taihu_thqbca_parsed\thqbca_observations.csv,18887,TAIHU_CLIMATE,,1991-11-21T16:00:00+00:00,,,precipitation,precipitation,,,mm,mm,observed,,False,,,"[""Q01""]",True
taihu_thqbca_history,storage\raw\taihu_thqbca_parsed\thqbca_observations.csv,18891,TAIHU_CLIMATE,,1991-11-25T16:00:00+00:00,,,precipitation,precipitation,,,mm,mm,observed,,False,,,"[""Q01""]",True
taihu_thqbca_history,storage\raw\taihu_thqbca_parsed\thqbca_observations.csv,18905,TAIHU_CLIMATE,,1991-12-09T16:00:00+00:00,,,precipitation,precipitation,,,mm,mm,observed,,False,,,"[""Q01""]",True
taihu_thqbca_history,storage\raw\taihu_thqbca_parsed\thqbca_observations.csv,18910,TAIHU_CLIMATE,,1991-12-14T16:00:00+00:00,,,precipitation,precipitation,,,mm,mm,observed,,False,,,"[""Q01""]",True
taihu_thqbca_history,storage\raw\taihu_thqbca_parsed\thqbca_observations.csv,18913,TAIHU_CLIMATE,,1991-12-17T16:00:00+00:00,,,precipitation,precipitation,,,mm,mm,observed,,False,,,"[""Q01""]",True
taihu_thqbca_history,storage\raw\taihu_thqbca_parsed\thqbca_observations.csv,18923,TAIHU_CLIMATE,,1991-12-27T16:00:00+00:00,,,precipitation,precipitation,,,mm,mm,observed,,False,,,"[""Q01""]",True
taihu_thqbca_history,storage\raw\taihu_thqbca_parsed\thqbca_observations.csv,18925,TAIHU_CLIMATE,,1991-12-29T16:00:00+00:00,,,precipitation,precipitation,,,mm,mm,observed,,False,,,"[""Q01""]",True
taihu_thqbca_history,storage\raw\taihu_thqbca_parsed\thqbca_observations.csv,18926,TAIHU_CLIMATE,,1991-12-30T16:00:00+00:00,,,precipitation,precipitation,,,mm,mm,observed,,False,,,"[""Q01""]",True
taihu_thqbca_history,storage\raw\taihu_thqbca_parsed\thqbca_observations.csv,18929,TAIHU_CLIMATE,,1992-01-02T16:00:00+00:00,,,precipitation,precipitation,,,mm,mm,observed,,False,,,"[""Q01""]",True
taihu_thqbca_history,storage\raw\taihu_thqbca_parsed\thqbca_observations.csv,18946,TAIHU_CLIMATE,,1992-01-19T16:00:00+00:00,,,precipitation,precipitation,,,mm,mm,observed,,False,,,"[""Q01""]",True
taihu_thqbca_history,storage\raw\taihu_thqbca_parsed\thqbca_observations.csv,18955,TAIHU_CLIMATE,,1992-01-28T16:00:00+00:00,,,precipitation,precipitation,,,mm,mm,observed,,False,,,"[""Q01""]",True
taihu_thqbca_history,storage\raw\taihu_thqbca_parsed\thqbca_observations.csv,18957,TAIHU_CLIMATE,,1992-01-30T16:00:00+00:00,,,precipitation,precipitation,,,mm,mm,observed,,False,,,"[""Q01""]",True
taihu_thqbca_history,storage\raw\taihu_thqbca_parsed\thqbca_observations.csv,18983,TAIHU_CLIMATE,,1992-02-25T16:00:00+00:00,,,precipitation,precipitation,,,mm,mm,observed,,False,,,"[""Q01""]",True
taihu_thqbca_history,storage\raw\taihu_thqbca_parsed\thqbca_observations.csv,18985,TAIHU_CLIMATE,,1992-02-27T16:00:00+00:00,,,precipitation,precipitation,,,mm,mm,observed,,False,,,"[""Q01""]",True
taihu_thqbca_history,storage\raw\taihu_thqbca_parsed\thqbca_observations.csv,19018,TAIHU_CLIMATE,,1992-03-31T16:00:00+00:00,,,precipitation,precipitation,,,mm,mm,observed,,False,,,"[""Q01""]",True
taihu_thqbca_history,storage\raw\taihu_thqbca_parsed\thqbca_observations.csv,19020,TAIHU_CLIMATE,,1992-04-02T16:00:00+00:00,,,precipitation,precipitation,,,mm,mm,observed,,False,,,"[""Q01""]",True
taihu_thqbca_history,storage\raw\taihu_thqbca_parsed\thqbca_observations.csv,19021,TAIHU_CLIMATE,,1992-04-03T16:00:00+00:00,,,precipitation,precipitation,,,mm,mm,observed,,False,,,"[""Q01""]",True
taihu_thqbca_history,storage\raw\taihu_thqbca_parsed\thqbca_observations.csv,19027,TAIHU_CLIMATE,,1992-04-09T16:00:00+00:00,,,precipitation,precipitation,,,mm,mm,observed,,False,,,"[""Q01""]",True
taihu_thqbca_history,storage\raw\taihu_thqbca_parsed\thqbca_observations.csv,19040,TAIHU_CLIMATE,,1992-04-22T16:00:00+00:00,,,precipitation,precipitation,,,mm,mm,observed,,False,,,"[""Q01""]",True
taihu_thqbca_history,storage\raw\taihu_thqbca_parsed\thqbca_observations.csv,19042,TAIHU_CLIMATE,,1992-04-24T16:00:00+00:00,,,precipitation,precipitation,,,mm,mm,observed,,False,,,"[""Q01""]",True
taihu_thqbca_history,storage\raw\taihu_thqbca_parsed\thqbca_observations.csv,19047,TAIHU_CLIMATE,,1992-04-29T16:00:00+00:00,,,precipitation,precipitation,,,mm,mm,observed,,False,,,"[""Q01""]",True
taihu_thqbca_history,storage\raw\taihu_thqbca_parsed\thqbca_observations.csv,19051,TAIHU_CLIMATE,,1992-05-03T16:00:00+00:00,,,precipitation,precipitation,,,mm,mm,observed,,False,,,"[""Q01""]",True
taihu_thqbca_history,storage\raw\taihu_thqbca_parsed\thqbca_observations.csv,19066,TAIHU_CLIMATE,,1992-05-18T16:00:00+00:00,,,precipitation,precipitation,,,mm,mm,observed,,False,,,"[""Q01""]",True
taihu_thqbca_history,storage\raw\taihu_thqbca_parsed\thqbca_observations.csv,19073,TAIHU_CLIMATE,,1992-05-25T16:00:00+00:00,,,precipitation,precipitation,,,mm,mm,observed,,False,,,"[""Q01""]",True
taihu_thqbca_history,storage\raw\taihu_thqbca_parsed\thqbca_observations.csv,19091,TAIHU_CLIMATE,,1992-06-12T16:00:00+00:00,,,precipitation,precipitation,,,mm,mm,observed,,False,,,"[""Q01""]",True
taihu_thqbca_history,storage\raw\taihu_thqbca_parsed\thqbca_observations.csv,19116,TAIHU_CLIMATE,,1992-07-07T16:00:00+00:00,,,precipitation,precipitation,,,mm,mm,observed,,False,,,"[""Q01""]",True
taihu_thqbca_history,storage\raw\taihu_thqbca_parsed\thqbca_observations.csv,19151,TAIHU_CLIMATE,,1992-08-11T16:00:00+00:00,,,precipitation,precipitation,,,mm,mm,observed,,False,,,"[""Q01""]",True
taihu_thqbca_history,storage\raw\taihu_thqbca_parsed\thqbca_observations.csv,19155,TAIHU_CLIMATE,,1992-08-15T16:00:00+00:00,,,precipitation,precipitation,,,mm,mm,observed,,False,,,"[""Q01""]",True
taihu_thqbca_history,storage\raw\taihu_thqbca_parsed\thqbca_observations.csv,19168,TAIHU_CLIMATE,,1992-08-28T16:00:00+00:00,,,precipitation,precipitation,,,mm,mm,observed,,False,,,"[""Q01""]",True
taihu_thqbca_history,storage\raw\taihu_thqbca_parsed\thqbca_observations.csv,19186,TAIHU_CLIMATE,,1992-09-15T16:00:00+00:00,,,precipitation,precipitation,,,mm,mm,observed,,False,,,"[""Q01""]",True
taihu_thqbca_history,storage\raw\taihu_thqbca_parsed\thqbca_observations.csv,19190,TAIHU_CLIMATE,,1992-09-19T16:00:00+00:00,,,precipitation,precipitation,,,mm,mm,observed,,False,,,"[""Q01""]",True
taihu_thqbca_history,storage\raw\taihu_thqbca_parsed\thqbca_observations.csv,19197,TAIHU_CLIMATE,,1992-09-26T16:00:00+00:00,,,precipitation,precipitation,,,mm,mm,observed,,False,,,"[""Q01""]",True
taihu_thqbca_history,storage\raw\taihu_thqbca_parsed\thqbca_observations.csv,19205,TAIHU_CLIMATE,,1992-10-04T16:00:00+00:00,,,precipitation,precipitation,,,mm,mm,observed,,False,,,"[""Q01""]",True
taihu_thqbca_history,storage\raw\taihu_thqbca_parsed\thqbca_observations.csv,19223,TAIHU_CLIMATE,,1992-10-22T16:00:00+00:00,,,precipitation,precipitation,,,mm,mm,observed,,False,,,"[""Q01""]",True
taihu_thqbca_history,storage\raw\taihu_thqbca_parsed\thqbca_observations.csv,19267,TAIHU_CLIMATE,,1992-12-05T16:00:00+00:00,,,precipitation,precipitation,,,mm,mm,observed,,False,,,"[""Q01""]",True
taihu_thqbca_history,storage\raw\taihu_thqbca_parsed\thqbca_observations.csv,19273,TAIHU_CLIMATE,,1992-12-11T16:00:00+00:00,,,precipitation,precipitation,,,mm,mm,observed,,False,,,"[""Q01""]",True
taihu_thqbca_history,storage\raw\taihu_thqbca_parsed\thqbca_observations.csv,19282,TAIHU_CLIMATE,,1992-12-20T16:00:00+00:00,,,precipitation,precipitation,,,mm,mm,observed,,False,,,"[""Q01""]",True
taihu_thqbca_history,storage\raw\taihu_thqbca_parsed\thqbca_observations.csv,19332,TAIHU_CLIMATE,,1993-02-08T16:00:00+00:00,,,precipitation,precipitation,,,mm,mm,observed,,False,,,"[""Q01""]",True
taihu_thqbca_history,storage\raw\taihu_thqbca_parsed\thqbca_observations.csv,19337,TAIHU_CLIMATE,,1993-02-13T16:00:00+00:00,,,precipitation,precipitation,,,mm,mm,observed,,False,,,"[""Q01""]",True
taihu_thqbca_history,storage\raw\taihu_thqbca_parsed\thqbca_observations.csv,19345,TAIHU_CLIMATE,,1993-02-21T16:00:00+00:00,,,precipitation,precipitation,,,mm,mm,observed,,False,,,"[""Q01""]",True
taihu_thqbca_history,storage\raw\taihu_thqbca_parsed\thqbca_observations.csv,19349,TAIHU_CLIMATE,,1993-02-25T16:00:00+00:00,,,precipitation,precipitation,,,mm,mm,observed,,False,,,"[""Q01""]",True
taihu_thqbca_history,storage\raw\taihu_thqbca_parsed\thqbca_observations.csv,19371,TAIHU_CLIMATE,,1993-03-19T16:00:00+00:00,,,precipitation,precipitation,,,mm,mm,observed,,False,,,"[""Q01""]",True
taihu_thqbca_history,storage\raw\taihu_thqbca_parsed\thqbca_observations.csv,19372,TAIHU_CLIMATE,,1993-03-20T16:00:00+00:00,,,precipitation,precipitation,,,mm,mm,observed,,False,,,"[""Q01""]",True
taihu_thqbca_history,storage\raw\taihu_thqbca_parsed\thqbca_observations.csv,19384,TAIHU_CLIMATE,,1993-04-01T16:00:00+00:00,,,precipitation,precipitation,,,mm,mm,observed,,False,,,"[""Q01""]",True
taihu_thqbca_history,storage\raw\taihu_thqbca_parsed\thqbca_observations.csv,19385,TAIHU_CLIMATE,,1993-04-02T16:00:00+00:00,,,precipitation,precipitation,,,mm,mm,observed,,False,,,"[""Q01""]",True
taihu_thqbca_history,storage\raw\taihu_thqbca_parsed\thqbca_observations.csv,19400,TAIHU_CLIMATE,,1993-04-17T16:00:00+00:00,,,precipitation,precipitation,,,mm,mm,observed,,False,,,"[""Q01""]",True
taihu_thqbca_history,storage\raw\taihu_thqbca_parsed\thqbca_observations.csv,19401,TAIHU_CLIMATE,,1993-04-18T16:00:00+00:00,,,precipitation,precipitation,,,mm,mm,observed,,False,,,"[""Q01""]",True
taihu_thqbca_history,storage\raw\taihu_thqbca_parsed\thqbca_observations.csv,19402,TAIHU_CLIMATE,,1993-04-19T16:00:00+00:00,,,precipitation,precipitation,,,mm,mm,observed,,False,,,"[""Q01""]",True
taihu_thqbca_history,storage\raw\taihu_thqbca_parsed\thqbca_observations.csv,19406,TAIHU_CLIMATE,,1993-04-23T16:00:00+00:00,,,precipitation,precipitation,,,mm,mm,observed,,False,,,"[""Q01""]",True
taihu_thqbca_history,storage\raw\taihu_thqbca_parsed\thqbca_observations.csv,19409,TAIHU_CLIMATE,,1993-04-26T16:00:00+00:00,,,precipitation,precipitation,,,mm,mm,observed,,False,,,"[""Q01""]",True
taihu_thqbca_history,storage\raw\taihu_thqbca_parsed\thqbca_observations.csv,19412,TAIHU_CLIMATE,,1993-04-29T16:00:00+00:00,,,precipitation,precipitation,,,mm,mm,observed,,False,,,"[""Q01""]",True
taihu_thqbca_history,storage\raw\taihu_thqbca_parsed\thqbca_observations.csv,19417,TAIHU_CLIMATE,,1993-05-04T16:00:00+00:00,,,precipitation,precipitation,,,mm,mm,observed,,False,,,"[""Q01""]",True
taihu_thqbca_history,storage\raw\taihu_thqbca_parsed\thqbca_observations.csv,19419,TAIHU_CLIMATE,,1993-05-06T16:00:00+00:00,,,precipitation,precipitation,,,mm,mm,observed,,False,,,"[""Q01""]",True
taihu_thqbca_history,storage\raw\taihu_thqbca_parsed\thqbca_observations.csv,19424,TAIHU_CLIMATE,,1993-05-11T16:00:00+00:00,,,precipitation,precipitation,,,mm,mm,observed,,False,,,"[""Q01""]",True
taihu_thqbca_history,storage\raw\taihu_thqbca_parsed\thqbca_observations.csv,19427,TAIHU_CLIMATE,,1993-05-14T16:00:00+00:00,,,precipitation,precipitation,,,mm,mm,observed,,False,,,"[""Q01""]",True
taihu_thqbca_history,storage\raw\taihu_thqbca_parsed\thqbca_observations.csv,19429,TAIHU_CLIMATE,,1993-05-16T16:00:00+00:00,,,precipitation,precipitation,,,mm,mm,observed,,False,,,"[""Q01""]",True
taihu_thqbca_history,storage\raw\taihu_thqbca_parsed\thqbca_observations.csv,19450,TAIHU_CLIMATE,,1993-06-06T16:00:00+00:00,,,precipitation,precipitation,,,mm,mm,observed,,False,,,"[""Q01""]",True
taihu_thqbca_history,storage\raw\taihu_thqbca_parsed\thqbca_observations.csv,19451,TAIHU_CLIMATE,,1993-06-07T16:00:00+00:00,,,precipitation,precipitation,,,mm,mm,observed,,False,,,"[""Q01""]",True
taihu_thqbca_history,storage\raw\taihu_thqbca_parsed\thqbca_observations.csv,19466,TAIHU_CLIMATE,,1993-06-22T16:00:00+00:00,,,precipitation,precipitation,,,mm,mm,observed,,False,,,"[""Q01""]",True
taihu_thqbca_history,storage\raw\taihu_thqbca_parsed\thqbca_observations.csv,19467,TAIHU_CLIMATE,,1993-06-23T16:00:00+00:00,,,precipitation,precipitation,,,mm,mm,observed,,False,,,"[""Q01""]",True
taihu_thqbca_history,storage\raw\taihu_thqbca_parsed\thqbca_observations.csv,19468,TAIHU_CLIMATE,,1993-06-24T16:00:00+00:00,,,precipitation,precipitation,,,mm,mm,observed,,False,,,"[""Q01""]",True
taihu_thqbca_history,storage\raw\taihu_thqbca_parsed\thqbca_observations.csv,19483,TAIHU_CLIMATE,,1993-07-09T16:00:00+00:00,,,precipitation,precipitation,,,mm,mm,observed,,False,,,"[""Q01""]",True
taihu_thqbca_history,storage\raw\taihu_thqbca_parsed\thqbca_observations.csv,19494,TAIHU_CLIMATE,,1993-07-20T16:00:00+00:00,,,precipitation,precipitation,,,mm,mm,observed,,False,,,"[""Q01""]",True
taihu_thqbca_history,storage\raw\taihu_thqbca_parsed\thqbca_observations.csv,19495,TAIHU_CLIMATE,,1993-07-21T16:00:00+00:00,,,precipitation,precipitation,,,mm,mm,observed,,False,,,"[""Q01""]",True
taihu_thqbca_history,storage\raw\taihu_thqbca_parsed\thqbca_observations.csv,19503,TAIHU_CLIMATE,,1993-07-29T16:00:00+00:00,,,precipitation,precipitation,,,mm,mm,observed,,False,,,"[""Q01""]",True
taihu_thqbca_history,storage\raw\taihu_thqbca_parsed\thqbca_observations.csv,19504,TAIHU_CLIMATE,,1993-07-30T16:00:00+00:00,,,precipitation,precipitation,,,mm,mm,observed,,False,,,"[""Q01""]",True
taihu_thqbca_history,storage\raw\taihu_thqbca_parsed\thqbca_observations.csv,19512,TAIHU_CLIMATE,,1993-08-07T16:00:00+00:00,,,precipitation,precipitation,,,mm,mm,observed,,False,,,"[""Q01""]",True
taihu_thqbca_history,storage\raw\taihu_thqbca_parsed\thqbca_observations.csv,19519,TAIHU_CLIMATE,,1993-08-14T16:00:00+00:00,,,precipitation,precipitation,,,mm,mm,observed,,False,,,"[""Q01""]",True
taihu_thqbca_history,storage\raw\taihu_thqbca_parsed\thqbca_observations.csv,19520,TAIHU_CLIMATE,,1993-08-15T16:00:00+00:00,,,precipitation,precipitation,,,mm,mm,observed,,False,,,"[""Q01""]",True
taihu_thqbca_history,storage\raw\taihu_thqbca_parsed\thqbca_observations.csv,19530,TAIHU_CLIMATE,,1993-08-25T16:00:00+00:00,,,precipitation,precipitation,,,mm,mm,observed,,False,,,"[""Q01""]",True
taihu_thqbca_history,storage\raw\taihu_thqbca_parsed\thqbca_observations.csv,19532,TAIHU_CLIMATE,,1993-08-27T16:00:00+00:00,,,precipitation,precipitation,,,mm,mm,observed,,False,,,"[""Q01""]",True
taihu_thqbca_history,storage\raw\taihu_thqbca_parsed\thqbca_observations.csv,19533,TAIHU_CLIMATE,,1993-08-28T16:00:00+00:00,,,precipitation,precipitation,,,mm,mm,observed,,False,,,"[""Q01""]",True
taihu_thqbca_history,storage\raw\taihu_thqbca_parsed\thqbca_observations.csv,19535,TAIHU_CLIMATE,,1993-08-30T16:00:00+00:00,,,precipitation,precipitation,,,mm,mm,observed,,False,,,"[""Q01""]",True
taihu_thqbca_history,storage\raw\taihu_thqbca_parsed\thqbca_observations.csv,19541,TAIHU_CLIMATE,,1993-09-05T16:00:00+00:00,,,precipitation,precipitation,,,mm,mm,observed,,False,,,"[""Q01""]",True
taihu_thqbca_history,storage\raw\taihu_thqbca_parsed\thqbca_observations.csv,19548,TAIHU_CLIMATE,,1993-09-12T16:00:00+00:00,,,precipitation,precipitation,,,mm,mm,observed,,False,,,"[""Q01""]",True
taihu_thqbca_history,storage\raw\taihu_thqbca_parsed\thqbca_observations.csv,19550,TAIHU_CLIMATE,,1993-09-14T16:00:00+00:00,,,precipitation,precipitation,,,mm,mm,observed,,False,,,"[""Q01""]",True
taihu_thqbca_history,storage\raw\taihu_thqbca_parsed\thqbca_observations.csv,19557,TAIHU_CLIMATE,,1993-09-21T16:00:00+00:00,,,precipitation,precipitation,,,mm,mm,observed,,False,,,"[""Q01""]",True
taihu_thqbca_history,storage\raw\taihu_thqbca_parsed\thqbca_observations.csv,19601,TAIHU_CLIMATE,,1993-11-04T16:00:00+00:00,,,precipitation,precipitation,,,mm,mm,observed,,False,,,"[""Q01""]",True
taihu_thqbca_history,storage\raw\taihu_thqbca_parsed\thqbca_observations.csv,19607,TAIHU_CLIMATE,,1993-11-10T16:00:00+00:00,,,precipitation,precipitation,,,mm,mm,observed,,False,,,"[""Q01""]",True
taihu_thqbca_history,storage\raw\taihu_thqbca_parsed\thqbca_observations.csv,19625,TAIHU_CLIMATE,,1993-11-28T16:00:00+00:00,,,precipitation,precipitation,,,mm,mm,observed,,False,,,"[""Q01""]",True
taihu_thqbca_history,storage\raw\taihu_thqbca_parsed\thqbca_observations.csv,19635,TAIHU_CLIMATE,,1993-12-08T16:00:00+00:00,,,precipitation,precipitation,,,mm,mm,observed,,False,,,"[""Q01""]",True
taihu_thqbca_history,storage\raw\taihu_thqbca_parsed\thqbca_observations.csv,19636,TAIHU_CLIMATE,,1993-12-09T16:00:00+00:00,,,precipitation,precipitation,,,mm,mm,observed,,False,,,"[""Q01""]",True
taihu_thqbca_history,storage\raw\taihu_thqbca_parsed\thqbca_observations.csv,19638,TAIHU_CLIMATE,,1993-12-11T16:00:00+00:00,,,precipitation,precipitation,,,mm,mm,observed,,False,,,"[""Q01""]",True
taihu_thqbca_history,storage\raw\taihu_thqbca_parsed\thqbca_observations.csv,19642,TAIHU_CLIMATE,,1993-12-15T16:00:00+00:00,,,precipitation,precipitation,,,mm,mm,observed,,False,,,"[""Q01""]",True
taihu_thqbca_history,storage\raw\taihu_thqbca_parsed\thqbca_observations.csv,19662,TAIHU_CLIMATE,,1994-01-04T16:00:00+00:00,,,precipitation,precipitation,,,mm,mm,observed,,False,,,"[""Q01""]",True
taihu_thqbca_history,storage\raw\taihu_thqbca_parsed\thqbca_observations.csv,19691,TAIHU_CLIMATE,,1994-02-02T16:00:00+00:00,,,precipitation,precipitation,,,mm,mm,observed,,False,,,"[""Q01""]",True
taihu_thqbca_history,storage\raw\taihu_thqbca_parsed\thqbca_observations.csv,19708,TAIHU_CLIMATE,,1994-02-19T16:00:00+00:00,,,precipitation,precipitation,,,mm,mm,observed,,False,,,"[""Q01""]",True
taihu_thqbca_history,storage\raw\taihu_thqbca_parsed\thqbca_observations.csv,19732,TAIHU_CLIMATE,,1994-03-15T16:00:00+00:00,,,precipitation,precipitation,,,mm,mm,observed,,False,,,"[""Q01""]",True
taihu_thqbca_history,storage\raw\taihu_thqbca_parsed\thqbca_observations.csv,19733,TAIHU_CLIMATE,,1994-03-16T16:00:00+00:00,,,precipitation,precipitation,,,mm,mm,observed,,False,,,"[""Q01""]",True
taihu_thqbca_history,storage\raw\taihu_thqbca_parsed\thqbca_observations.csv,19738,TAIHU_CLIMATE,,1994-03-21T16:00:00+00:00,,,precipitation,precipitation,,,mm,mm,observed,,False,,,"[""Q01""]",True
taihu_thqbca_history,storage\raw\taihu_thqbca_parsed\thqbca_observations.csv,19739,TAIHU_CLIMATE,,1994-03-22T16:00:00+00:00,,,precipitation,precipitation,,,mm,mm,observed,,False,,,"[""Q01""]",True
taihu_thqbca_history,storage\raw\taihu_thqbca_parsed\thqbca_observations.csv,19746,TAIHU_CLIMATE,,1994-03-29T16:00:00+00:00,,,precipitation,precipitation,,,mm,mm,observed,,False,,,"[""Q01""]",True
taihu_thqbca_history,storage\raw\taihu_thqbca_parsed\thqbca_observations.csv,19747,TAIHU_CLIMATE,,1994-03-30T16:00:00+00:00,,,precipitation,precipitation,,,mm,mm,observed,,False,,,"[""Q01""]",True
taihu_thqbca_history,storage\raw\taihu_thqbca_parsed\thqbca_observations.csv,19755,TAIHU_CLIMATE,,1994-04-07T16:00:00+00:00,,,precipitation,precipitation,,,mm,mm,observed,,False,,,"[""Q01""]",True
taihu_thqbca_history,storage\raw\taihu_thqbca_parsed\thqbca_observations.csv,19780,TAIHU_CLIMATE,,1994-05-02T16:00:00+00:00,,,precipitation,precipitation,,,mm,mm,observed,,False,,,"[""Q01""]",True
taihu_thqbca_history,storage\raw\taihu_thqbca_parsed\thqbca_observations.csv,19799,TAIHU_CLIMATE,,1994-05-21T16:00:00+00:00,,,precipitation,precipitation,,,mm,mm,observed,,False,,,"[""Q01""]",True
taihu_thqbca_history,storage\raw\taihu_thqbca_parsed\thqbca_observations.csv,19800,TAIHU_CLIMATE,,1994-05-22T16:00:00+00:00,,,precipitation,precipitation,,,mm,mm,observed,,False,,,"[""Q01""]",True
taihu_thqbca_history,storage\raw\taihu_thqbca_parsed\thqbca_observations.csv,19803,TAIHU_CLIMATE,,1994-05-25T16:00:00+00:00,,,precipitation,precipitation,,,mm,mm,observed,,False,,,"[""Q01""]",True
taihu_thqbca_history,storage\raw\taihu_thqbca_parsed\thqbca_observations.csv,19826,TAIHU_CLIMATE,,1994-06-17T16:00:00+00:00,,,precipitation,precipitation,,,mm,mm,observed,,False,,,"[""Q01""]",True
taihu_thqbca_history,storage\raw\taihu_thqbca_parsed\thqbca_observations.csv,19833,TAIHU_CLIMATE,,1994-06-24T16:00:00+00:00,,,precipitation,precipitation,,,mm,mm,observed,,False,,,"[""Q01""]",True
taihu_thqbca_history,storage\raw\taihu_thqbca_parsed\thqbca_observations.csv,19846,TAIHU_CLIMATE,,1994-07-07T16:00:00+00:00,,,precipitation,precipitation,,,mm,mm,observed,,False,,,"[""Q01""]",True
taihu_thqbca_history,storage\raw\taihu_thqbca_parsed\thqbca_observations.csv,19870,TAIHU_CLIMATE,,1994-07-31T16:00:00+00:00,,,precipitation,precipitation,,,mm,mm,observed,,False,,,"[""Q01""]",True
taihu_thqbca_history,storage\raw\taihu_thqbca_parsed\thqbca_observations.csv,19877,TAIHU_CLIMATE,,1994-08-07T16:00:00+00:00,,,precipitation,precipitation,,,mm,mm,observed,,False,,,"[""Q01""]",True
taihu_thqbca_history,storage\raw\taihu_thqbca_parsed\thqbca_observations.csv,19885,TAIHU_CLIMATE,,1994-08-15T16:00:00+00:00,,,precipitation,precipitation,,,mm,mm,observed,,False,,,"[""Q01""]",True
taihu_thqbca_history,storage\raw\taihu_thqbca_parsed\thqbca_observations.csv,19893,TAIHU_CLIMATE,,1994-08-23T16:00:00+00:00,,,precipitation,precipitation,,,mm,mm,observed,,False,,,"[""Q01""]",True
taihu_thqbca_history,storage\raw\taihu_thqbca_parsed\thqbca_observations.csv,19903,TAIHU_CLIMATE,,1994-09-02T16:00:00+00:00,,,precipitation,precipitation,,,mm,mm,observed,,False,,,"[""Q01""]",True
taihu_thqbca_history,storage\raw\taihu_thqbca_parsed\thqbca_observations.csv,19904,TAIHU_CLIMATE,,1994-09-03T16:00:00+00:00,,,precipitation,precipitation,,,mm,mm,observed,,False,,,"[""Q01""]",True
taihu_thqbca_history,storage\raw\taihu_thqbca_parsed\thqbca_observations.csv,19906,TAIHU_CLIMATE,,1994-09-05T16:00:00+00:00,,,precipitation,precipitation,,,mm,mm,observed,,False,,,"[""Q01""]",True
taihu_thqbca_history,storage\raw\taihu_thqbca_parsed\thqbca_observations.csv,19914,TAIHU_CLIMATE,,1994-09-13T16:00:00+00:00,,,precipitation,precipitation,,,mm,mm,observed,,False,,,"[""Q01""]",True
taihu_thqbca_history,storage\raw\taihu_thqbca_parsed\thqbca_observations.csv,19920,TAIHU_CLIMATE,,1994-09-19T16:00:00+00:00,,,precipitation,precipitation,,,mm,mm,observed,,False,,,"[""Q01""]",True
taihu_thqbca_history,storage\raw\taihu_thqbca_parsed\thqbca_observations.csv,19946,TAIHU_CLIMATE,,1994-10-15T16:00:00+00:00,,,precipitation,precipitation,,,mm,mm,observed,,False,,,"[""Q01""]",True
taihu_thqbca_history,storage\raw\taihu_thqbca_parsed\thqbca_observations.csv,19955,TAIHU_CLIMATE,,1994-10-24T16:00:00+00:00,,,precipitation,precipitation,,,mm,mm,observed,,False,,,"[""Q01""]",True
taihu_thqbca_history,storage\raw\taihu_thqbca_parsed\thqbca_observations.csv,19981,TAIHU_CLIMATE,,1994-11-19T16:00:00+00:00,,,precipitation,precipitation,,,mm,mm,observed,,False,,,"[""Q01""]",True
taihu_thqbca_history,storage\raw\taihu_thqbca_parsed\thqbca_observations.csv,20005,TAIHU_CLIMATE,,1994-12-13T16:00:00+00:00,,,precipitation,precipitation,,,mm,mm,observed,,False,,,"[""Q01""]",True
taihu_thqbca_history,storage\raw\taihu_thqbca_parsed\thqbca_observations.csv,20018,TAIHU_CLIMATE,,1994-12-26T16:00:00+00:00,,,precipitation,precipitation,,,mm,mm,observed,,False,,,"[""Q01""]",True
taihu_thqbca_history,storage\raw\taihu_thqbca_parsed\thqbca_observations.csv,20021,TAIHU_CLIMATE,,1994-12-29T16:00:00+00:00,,,precipitation,precipitation,,,mm,mm,observed,,False,,,"[""Q01""]",True
taihu_thqbca_history,storage\raw\taihu_thqbca_parsed\thqbca_observations.csv,20034,TAIHU_CLIMATE,,1995-01-11T16:00:00+00:00,,,precipitation,precipitation,,,mm,mm,observed,,False,,,"[""Q01""]",True
taihu_thqbca_history,storage\raw\taihu_thqbca_parsed\thqbca_observations.csv,20042,TAIHU_CLIMATE,,1995-01-19T16:00:00+00:00,,,precipitation,precipitation,,,mm,mm,observed,,False,,,"[""Q01""]",True
taihu_thqbca_history,storage\raw\taihu_thqbca_parsed\thqbca_observations.csv,20048,TAIHU_CLIMATE,,1995-01-25T16:00:00+00:00,,,precipitation,precipitation,,,mm,mm,observed,,False,,,"[""Q01""]",True
taihu_thqbca_history,storage\raw\taihu_thqbca_parsed\thqbca_observations.csv,20057,TAIHU_CLIMATE,,1995-02-03T16:00:00+00:00,,,precipitation,precipitation,,,mm,mm,observed,,False,,,"[""Q01""]",True
taihu_thqbca_history,storage\raw\taihu_thqbca_parsed\thqbca_observations.csv,20064,TAIHU_CLIMATE,,1995-02-10T16:00:00+00:00,,,precipitation,precipitation,,,mm,mm,observed,,False,,,"[""Q01""]",True
taihu_thqbca_history,storage\raw\taihu_thqbca_parsed\thqbca_observations.csv,20068,TAIHU_CLIMATE,,1995-02-14T16:00:00+00:00,,,precipitation,precipitation,,,mm,mm,observed,,False,,,"[""Q01""]",True
taihu_thqbca_history,storage\raw\taihu_thqbca_parsed\thqbca_observations.csv,20070,TAIHU_CLIMATE,,1995-02-16T16:00:00+00:00,,,precipitation,precipitation,,,mm,mm,observed,,False,,,"[""Q01""]",True
taihu_thqbca_history,storage\raw\taihu_thqbca_parsed\thqbca_observations.csv,20089,TAIHU_CLIMATE,,1995-03-07T16:00:00+00:00,,,precipitation,precipitation,,,mm,mm,observed,,False,,,"[""Q01""]",True
taihu_thqbca_history,storage\raw\taihu_thqbca_parsed\thqbca_observations.csv,20091,TAIHU_CLIMATE,,1995-03-09T16:00:00+00:00,,,precipitation,precipitation,,,mm,mm,observed,,False,,,"[""Q01""]",True
taihu_thqbca_history,storage\raw\taihu_thqbca_parsed\thqbca_observations.csv,20095,TAIHU_CLIMATE,,1995-03-13T16:00:00+00:00,,,precipitation,precipitation,,,mm,mm,observed,,False,,,"[""Q01""]",True
taihu_thqbca_history,storage\raw\taihu_thqbca_parsed\thqbca_observations.csv,20097,TAIHU_CLIMATE,,1995-03-15T16:00:00+00:00,,,precipitation,precipitation,,,mm,mm,observed,,False,,,"[""Q01""]",True
taihu_thqbca_history,storage\raw\taihu_thqbca_parsed\thqbca_observations.csv,20126,TAIHU_CLIMATE,,1995-04-13T16:00:00+00:00,,,precipitation,precipitation,,,mm,mm,observed,,False,,,"[""Q01""]",True
taihu_thqbca_history,storage\raw\taihu_thqbca_parsed\thqbca_observations.csv,20131,TAIHU_CLIMATE,,1995-04-18T16:00:00+00:00,,,precipitation,precipitation,,,mm,mm,observed,,False,,,"[""Q01""]",True
taihu_thqbca_history,storage\raw\taihu_thqbca_parsed\thqbca_observations.csv,20137,TAIHU_CLIMATE,,1995-04-24T16:00:00+00:00,,,precipitation,precipitation,,,mm,mm,observed,,False,,,"[""Q01""]",True
taihu_thqbca_history,storage\raw\taihu_thqbca_parsed\thqbca_observations.csv,20139,TAIHU_CLIMATE,,1995-04-26T16:00:00+00:00,,,precipitation,precipitation,,,mm,mm,observed,,False,,,"[""Q01""]",True
taihu_thqbca_history,storage\raw\taihu_thqbca_parsed\thqbca_observations.csv,20146,TAIHU_CLIMATE,,1995-05-03T16:00:00+00:00,,,precipitation,precipitation,,,mm,mm,observed,,False,,,"[""Q01""]",True
taihu_thqbca_history,storage\raw\taihu_thqbca_parsed\thqbca_observations.csv,20155,TAIHU_CLIMATE,,1995-05-12T16:00:00+00:00,,,precipitation,precipitation,,,mm,mm,observed,,False,,,"[""Q01""]",True
taihu_thqbca_history,storage\raw\taihu_thqbca_parsed\thqbca_observations.csv,20163,TAIHU_CLIMATE,,1995-05-20T16:00:00+00:00,,,precipitation,precipitation,,,mm,mm,observed,,False,,,"[""Q01""]",True
taihu_thqbca_history,storage\raw\taihu_thqbca_parsed\thqbca_observations.csv,20172,TAIHU_CLIMATE,,1995-05-29T16:00:00+00:00,,,precipitation,precipitation,,,mm,mm,observed,,False,,,"[""Q01""]",True
taihu_thqbca_history,storage\raw\taihu_thqbca_parsed\thqbca_observations.csv,20175,TAIHU_CLIMATE,,1995-06-01T16:00:00+00:00,,,precipitation,precipitation,,,mm,mm,observed,,False,,,"[""Q01""]",True
taihu_thqbca_history,storage\raw\taihu_thqbca_parsed\thqbca_observations.csv,20181,TAIHU_CLIMATE,,1995-06-07T16:00:00+00:00,,,precipitation,precipitation,,,mm,mm,observed,,False,,,"[""Q01""]",True
taihu_thqbca_history,storage\raw\taihu_thqbca_parsed\thqbca_observations.csv,20183,TAIHU_CLIMATE,,1995-06-09T16:00:00+00:00,,,precipitation,precipitation,,,mm,mm,observed,,False,,,"[""Q01""]",True
taihu_thqbca_history,storage\raw\taihu_thqbca_parsed\thqbca_observations.csv,20192,TAIHU_CLIMATE,,1995-06-18T16:00:00+00:00,,,precipitation,precipitation,,,mm,mm,observed,,False,,,"[""Q01""]",True
taihu_thqbca_history,storage\raw\taihu_thqbca_parsed\thqbca_observations.csv,20207,TAIHU_CLIMATE,,1995-07-03T16:00:00+00:00,,,precipitation,precipitation,,,mm,mm,observed,,False,,,"[""Q01""]",True
taihu_thqbca_history,storage\raw\taihu_thqbca_parsed\thqbca_observations.csv,20224,TAIHU_CLIMATE,,1995-07-20T16:00:00+00:00,,,precipitation,precipitation,,,mm,mm,observed,,False,,,"[""Q01""]",True
taihu_thqbca_history,storage\raw\taihu_thqbca_parsed\thqbca_observations.csv,20236,TAIHU_CLIMATE,,1995-08-01T16:00:00+00:00,,,precipitation,precipitation,,,mm,mm,observed,,False,,,"[""Q01""]",True
taihu_thqbca_history,storage\raw\taihu_thqbca_parsed\thqbca_observations.csv,20241,TAIHU_CLIMATE,,1995-08-06T16:00:00+00:00,,,precipitation,precipitation,,,mm,mm,observed,,False,,,"[""Q01""]",True
taihu_thqbca_history,storage\raw\taihu_thqbca_parsed\thqbca_observations.csv,20242,TAIHU_CLIMATE,,1995-08-07T16:00:00+00:00,,,precipitation,precipitation,,,mm,mm,observed,,False,,,"[""Q01""]",True
taihu_thqbca_history,storage\raw\taihu_thqbca_parsed\thqbca_observations.csv,20245,TAIHU_CLIMATE,,1995-08-10T16:00:00+00:00,,,precipitation,precipitation,,,mm,mm,observed,,False,,,"[""Q01""]",True
taihu_thqbca_history,storage\raw\taihu_thqbca_parsed\thqbca_observations.csv,20248,TAIHU_CLIMATE,,1995-08-13T16:00:00+00:00,,,precipitation,precipitation,,,mm,mm,observed,,False,,,"[""Q01""]",True
taihu_thqbca_history,storage\raw\taihu_thqbca_parsed\thqbca_observations.csv,20252,TAIHU_CLIMATE,,1995-08-17T16:00:00+00:00,,,precipitation,precipitation,,,mm,mm,observed,,False,,,"[""Q01""]",True
taihu_thqbca_history,storage\raw\taihu_thqbca_parsed\thqbca_observations.csv,20262,TAIHU_CLIMATE,,1995-08-27T16:00:00+00:00,,,precipitation,precipitation,,,mm,mm,observed,,False,,,"[""Q01""]",True
taihu_thqbca_history,storage\raw\taihu_thqbca_parsed\thqbca_observations.csv,20273,TAIHU_CLIMATE,,1995-09-07T16:00:00+00:00,,,precipitation,precipitation,,,mm,mm,observed,,False,,,"[""Q01""]",True
taihu_thqbca_history,storage\raw\taihu_thqbca_parsed\thqbca_observations.csv,20275,TAIHU_CLIMATE,,1995-09-09T16:00:00+00:00,,,precipitation,precipitation,,,mm,mm,observed,,False,,,"[""Q01""]",True
taihu_thqbca_history,storage\raw\taihu_thqbca_parsed\thqbca_observations.csv,20285,TAIHU_CLIMATE,,1995-09-19T16:00:00+00:00,,,precipitation,precipitation,,,mm,mm,observed,,False,,,"[""Q01""]",True
taihu_thqbca_history,storage\raw\taihu_thqbca_parsed\thqbca_observations.csv,20293,TAIHU_CLIMATE,,1995-09-27T16:00:00+00:00,,,precipitation,precipitation,,,mm,mm,observed,,False,,,"[""Q01""]",True
taihu_thqbca_history,storage\raw\taihu_thqbca_parsed\thqbca_observations.csv,20303,TAIHU_CLIMATE,,1995-10-07T16:00:00+00:00,,,precipitation,precipitation,,,mm,mm,observed,,False,,,"[""Q01""]",True
taihu_thqbca_history,storage\raw\taihu_thqbca_parsed\thqbca_observations.csv,20304,TAIHU_CLIMATE,,1995-10-08T16:00:00+00:00,,,precipitation,precipitation,,,mm,mm,observed,,False,,,"[""Q01""]",True
taihu_thqbca_history,storage\raw\taihu_thqbca_parsed\thqbca_observations.csv,20316,TAIHU_CLIMATE,,1995-10-20T16:00:00+00:00,,,precipitation,precipitation,,,mm,mm,observed,,False,,,"[""Q01""]",True
taihu_thqbca_history,storage\raw\taihu_thqbca_parsed\thqbca_observations.csv,20318,TAIHU_CLIMATE,,1995-10-22T16:00:00+00:00,,,precipitation,precipitation,,,mm,mm,observed,,False,,,"[""Q01""]",True
taihu_thqbca_history,storage\raw\taihu_thqbca_parsed\thqbca_observations.csv,20354,TAIHU_CLIMATE,,1995-11-27T16:00:00+00:00,,,precipitation,precipitation,,,mm,mm,observed,,False,,,"[""Q01""]",True
taihu_thqbca_history,storage\raw\taihu_thqbca_parsed\thqbca_observations.csv,20359,TAIHU_CLIMATE,,1995-12-02T16:00:00+00:00,,,precipitation,precipitation,,,mm,mm,observed,,False,,,"[""Q01""]",True
taihu_thqbca_history,storage\raw\taihu_thqbca_parsed\thqbca_observations.csv,20370,TAIHU_CLIMATE,,1995-12-13T16:00:00+00:00,,,precipitation,precipitation,,,mm,mm,observed,,False,,,"[""Q01""]",True
taihu_thqbca_history,storage\raw\taihu_thqbca_parsed\thqbca_observations.csv,20371,TAIHU_CLIMATE,,1995-12-14T16:00:00+00:00,,,precipitation,precipitation,,,mm,mm,observed,,False,,,"[""Q01""]",True
taihu_thqbca_history,storage\raw\taihu_thqbca_parsed\thqbca_observations.csv,20374,TAIHU_CLIMATE,,1995-12-17T16:00:00+00:00,,,precipitation,precipitation,,,mm,mm,observed,,False,,,"[""Q01""]",True
taihu_thqbca_history,storage\raw\taihu_thqbca_parsed\thqbca_observations.csv,20392,TAIHU_CLIMATE,,1996-01-04T16:00:00+00:00,,,precipitation,precipitation,,,mm,mm,observed,,False,,,"[""Q01""]",True
taihu_thqbca_history,storage\raw\taihu_thqbca_parsed\thqbca_observations.csv,20406,TAIHU_CLIMATE,,1996-01-18T16:00:00+00:00,,,precipitation,precipitation,,,mm,mm,observed,,False,,,"[""Q01""]",True
taihu_thqbca_history,storage\raw\taihu_thqbca_parsed\thqbca_observations.csv,20444,TAIHU_CLIMATE,,1996-02-25T16:00:00+00:00,,,precipitation,precipitation,,,mm,mm,observed,,False,,,"[""Q01""]",True
taihu_thqbca_history,storage\raw\taihu_thqbca_parsed\thqbca_observations.csv,20447,TAIHU_CLIMATE,,1996-02-28T16:00:00+00:00,,,precipitation,precipitation,,,mm,mm,observed,,False,,,"[""Q01""]",True
taihu_thqbca_history,storage\raw\taihu_thqbca_parsed\thqbca_observations.csv,20469,TAIHU_CLIMATE,,1996-03-21T16:00:00+00:00,,,precipitation,precipitation,,,mm,mm,observed,,False,,,"[""Q01""]",True
taihu_thqbca_history,storage\raw\taihu_thqbca_parsed\thqbca_observations.csv,20483,TAIHU_CLIMATE,,1996-04-04T16:00:00+00:00,,,precipitation,precipitation,,,mm,mm,observed,,False,,,"[""Q01""]",True
taihu_thqbca_history,storage\raw\taihu_thqbca_parsed\thqbca_observations.csv,20485,TAIHU_CLIMATE,,1996-04-06T16:00:00+00:00,,,precipitation,precipitation,,,mm,mm,observed,,False,,,"[""Q01""]",True
taihu_thqbca_history,storage\raw\taihu_thqbca_parsed\thqbca_observations.csv,20505,TAIHU_CLIMATE,,1996-04-26T16:00:00+00:00,,,precipitation,precipitation,,,mm,mm,observed,,False,,,"[""Q01""]",True
taihu_thqbca_history,storage\raw\taihu_thqbca_parsed\thqbca_observations.csv,20518,TAIHU_CLIMATE,,1996-05-09T16:00:00+00:00,,,precipitation,precipitation,,,mm,mm,observed,,False,,,"[""Q01""]",True
taihu_thqbca_history,storage\raw\taihu_thqbca_parsed\thqbca_observations.csv,20523,TAIHU_CLIMATE,,1996-05-14T16:00:00+00:00,,,precipitation,precipitation,,,mm,mm,observed,,False,,,"[""Q01""]",True
taihu_thqbca_history,storage\raw\taihu_thqbca_parsed\thqbca_observations.csv,20525,TAIHU_CLIMATE,,1996-05-16T16:00:00+00:00,,,precipitation,precipitation,,,mm,mm,observed,,False,,,"[""Q01""]",True
taihu_thqbca_history,storage\raw\taihu_thqbca_parsed\thqbca_observations.csv,20533,TAIHU_CLIMATE,,1996-05-24T16:00:00+00:00,,,precipitation,precipitation,,,mm,mm,observed,,False,,,"[""Q01""]",True
taihu_thqbca_history,storage\raw\taihu_thqbca_parsed\thqbca_observations.csv,20536,TAIHU_CLIMATE,,1996-05-27T16:00:00+00:00,,,precipitation,precipitation,,,mm,mm,observed,,False,,,"[""Q01""]",True
taihu_thqbca_history,storage\raw\taihu_thqbca_parsed\thqbca_observations.csv,20541,TAIHU_CLIMATE,,1996-06-01T16:00:00+00:00,,,precipitation,precipitation,,,mm,mm,observed,,False,,,"[""Q01""]",True
taihu_thqbca_history,storage\raw\taihu_thqbca_parsed\thqbca_observations.csv,20545,TAIHU_CLIMATE,,1996-06-05T16:00:00+00:00,,,precipitation,precipitation,,,mm,mm,observed,,False,,,"[""Q01""]",True
taihu_thqbca_history,storage\raw\taihu_thqbca_parsed\thqbca_observations.csv,20557,TAIHU_CLIMATE,,1996-06-17T16:00:00+00:00,,,precipitation,precipitation,,,mm,mm,observed,,False,,,"[""Q01""]",True
taihu_thqbca_history,storage\raw\taihu_thqbca_parsed\thqbca_observations.csv,20558,TAIHU_CLIMATE,,1996-06-18T16:00:00+00:00,,,precipitation,precipitation,,,mm,mm,observed,,False,,,"[""Q01""]",True
taihu_thqbca_history,storage\raw\taihu_thqbca_parsed\thqbca_observations.csv,20600,TAIHU_CLIMATE,,1996-07-30T16:00:00+00:00,,,precipitation,precipitation,,,mm,mm,observed,,False,,,"[""Q01""]",True
taihu_thqbca_history,storage\raw\taihu_thqbca_parsed\thqbca_observations.csv,20612,TAIHU_CLIMATE,,1996-08-11T16:00:00+00:00,,,precipitation,precipitation,,,mm,mm,observed,,False,,,"[""Q01""]",True
taihu_thqbca_history,storage\raw\taihu_thqbca_parsed\thqbca_observations.csv,20622,TAIHU_CLIMATE,,1996-08-21T16:00:00+00:00,,,precipitation,precipitation,,,mm,mm,observed,,False,,,"[""Q01""]",True
taihu_thqbca_history,storage\raw\taihu_thqbca_parsed\thqbca_observations.csv,20623,TAIHU_CLIMATE,,1996-08-22T16:00:00+00:00,,,precipitation,precipitation,,,mm,mm,observed,,False,,,"[""Q01""]",True
taihu_thqbca_history,storage\raw\taihu_thqbca_parsed\thqbca_observations.csv,20629,TAIHU_CLIMATE,,1996-08-28T16:00:00+00:00,,,precipitation,precipitation,,,mm,mm,observed,,False,,,"[""Q01""]",True
taihu_thqbca_history,storage\raw\taihu_thqbca_parsed\thqbca_observations.csv,20632,TAIHU_CLIMATE,,1996-08-31T16:00:00+00:00,,,precipitation,precipitation,,,mm,mm,observed,,False,,,"[""Q01""]",True
taihu_thqbca_history,storage\raw\taihu_thqbca_parsed\thqbca_observations.csv,20634,TAIHU_CLIMATE,,1996-09-02T16:00:00+00:00,,,precipitation,precipitation,,,mm,mm,observed,,False,,,"[""Q01""]",True
taihu_thqbca_history,storage\raw\taihu_thqbca_parsed\thqbca_observations.csv,20650,TAIHU_CLIMATE,,1996-09-18T16:00:00+00:00,,,precipitation,precipitation,,,mm,mm,observed,,False,,,"[""Q01""]",True
taihu_thqbca_history,storage\raw\taihu_thqbca_parsed\thqbca_observations.csv,20651,TAIHU_CLIMATE,,1996-09-19T16:00:00+00:00,,,precipitation,precipitation,,,mm,mm,observed,,False,,,"[""Q01""]",True
taihu_thqbca_history,storage\raw\taihu_thqbca_parsed\thqbca_observations.csv,20656,TAIHU_CLIMATE,,1996-09-24T16:00:00+00:00,,,precipitation,precipitation,,,mm,mm,observed,,False,,,"[""Q01""]",True
taihu_thqbca_history,storage\raw\taihu_thqbca_parsed\thqbca_observations.csv,20659,TAIHU_CLIMATE,,1996-09-27T16:00:00+00:00,,,precipitation,precipitation,,,mm,mm,observed,,False,,,"[""Q01""]",True
taihu_thqbca_history,storage\raw\taihu_thqbca_parsed\thqbca_observations.csv,20660,TAIHU_CLIMATE,,1996-09-28T16:00:00+00:00,,,precipitation,precipitation,,,mm,mm,observed,,False,,,"[""Q01""]",True
taihu_thqbca_history,storage\raw\taihu_thqbca_parsed\thqbca_observations.csv,20671,TAIHU_CLIMATE,,1996-10-09T16:00:00+00:00,,,precipitation,precipitation,,,mm,mm,observed,,False,,,"[""Q01""]",True
taihu_thqbca_history,storage\raw\taihu_thqbca_parsed\thqbca_observations.csv,20672,TAIHU_CLIMATE,,1996-10-10T16:00:00+00:00,,,precipitation,precipitation,,,mm,mm,observed,,False,,,"[""Q01""]",True
taihu_thqbca_history,storage\raw\taihu_thqbca_parsed\thqbca_observations.csv,20679,TAIHU_CLIMATE,,1996-10-17T16:00:00+00:00,,,precipitation,precipitation,,,mm,mm,observed,,False,,,"[""Q01""]",True
taihu_thqbca_history,storage\raw\taihu_thqbca_parsed\thqbca_observations.csv,20685,TAIHU_CLIMATE,,1996-10-23T16:00:00+00:00,,,precipitation,precipitation,,,mm,mm,observed,,False,,,"[""Q01""]",True
taihu_thqbca_history,storage\raw\taihu_thqbca_parsed\thqbca_observations.csv,20686,TAIHU_CLIMATE,,1996-10-24T16:00:00+00:00,,,precipitation,precipitation,,,mm,mm,observed,,False,,,"[""Q01""]",True
taihu_thqbca_history,storage\raw\taihu_thqbca_parsed\thqbca_observations.csv,20687,TAIHU_CLIMATE,,1996-10-25T16:00:00+00:00,,,precipitation,precipitation,,,mm,mm,observed,,False,,,"[""Q01""]",True
taihu_thqbca_history,storage\raw\taihu_thqbca_parsed\thqbca_observations.csv,20691,TAIHU_CLIMATE,,1996-10-29T16:00:00+00:00,,,precipitation,precipitation,,,mm,mm,observed,,False,,,"[""Q01""]",True
taihu_thqbca_history,storage\raw\taihu_thqbca_parsed\thqbca_observations.csv,20700,TAIHU_CLIMATE,,1996-11-07T16:00:00+00:00,,,precipitation,precipitation,,,mm,mm,observed,,False,,,"[""Q01""]",True
taihu_thqbca_history,storage\raw\taihu_thqbca_parsed\thqbca_observations.csv,20704,TAIHU_CLIMATE,,1996-11-11T16:00:00+00:00,,,precipitation,precipitation,,,mm,mm,observed,,False,,,"[""Q01""]",True
taihu_thqbca_history,storage\raw\taihu_thqbca_parsed\thqbca_observations.csv,20708,TAIHU_CLIMATE,,1996-11-15T16:00:00+00:00,,,precipitation,precipitation,,,mm,mm,observed,,False,,,"[""Q01""]",True
taihu_thqbca_history,storage\raw\taihu_thqbca_parsed\thqbca_observations.csv,20717,TAIHU_CLIMATE,,1996-11-24T16:00:00+00:00,,,precipitation,precipitation,,,mm,mm,observed,,False,,,"[""Q01""]",True
taihu_thqbca_history,storage\raw\taihu_thqbca_parsed\thqbca_observations.csv,20768,TAIHU_CLIMATE,,1997-01-14T16:00:00+00:00,,,precipitation,precipitation,,,mm,mm,observed,,False,,,"[""Q01""]",True
taihu_thqbca_history,storage\raw\taihu_thqbca_parsed\thqbca_observations.csv,20784,TAIHU_CLIMATE,,1997-01-30T16:00:00+00:00,,,precipitation,precipitation,,,mm,mm,observed,,False,,,"[""Q01""]",True
taihu_thqbca_history,storage\raw\taihu_thqbca_parsed\thqbca_observations.csv,20807,TAIHU_CLIMATE,,1997-02-22T16:00:00+00:00,,,precipitation,precipitation,,,mm,mm,observed,,False,,,"[""Q01""]",True
taihu_thqbca_history,storage\raw\taihu_thqbca_parsed\thqbca_observations.csv,20808,TAIHU_CLIMATE,,1997-02-23T16:00:00+00:00,,,precipitation,precipitation,,,mm,mm,observed,,False,,,"[""Q01""]",True
taihu_thqbca_history,storage\raw\taihu_thqbca_parsed\thqbca_observations.csv,20811,TAIHU_CLIMATE,,1997-02-26T16:00:00+00:00,,,precipitation,precipitation,,,mm,mm,observed,,False,,,"[""Q01""]",True
taihu_thqbca_history,storage\raw\taihu_thqbca_parsed\thqbca_observations.csv,20821,TAIHU_CLIMATE,,1997-03-08T16:00:00+00:00,,,precipitation,precipitation,,,mm,mm,observed,,False,,,"[""Q01""]",True
taihu_thqbca_history,storage\raw\taihu_thqbca_parsed\thqbca_observations.csv,20823,TAIHU_CLIMATE,,1997-03-10T16:00:00+00:00,,,precipitation,precipitation,,,mm,mm,observed,,False,,,"[""Q01""]",True
taihu_thqbca_history,storage\raw\taihu_thqbca_parsed\thqbca_observations.csv,20826,TAIHU_CLIMATE,,1997-03-13T16:00:00+00:00,,,precipitation,precipitation,,,mm,mm,observed,,False,,,"[""Q01""]",True
taihu_thqbca_history,storage\raw\taihu_thqbca_parsed\thqbca_observations.csv,20837,TAIHU_CLIMATE,,1997-03-24T16:00:00+00:00,,,precipitation,precipitation,,,mm,mm,observed,,False,,,"[""Q01""]",True
taihu_thqbca_history,storage\raw\taihu_thqbca_parsed\thqbca_observations.csv,20852,TAIHU_CLIMATE,,1997-04-08T16:00:00+00:00,,,precipitation,precipitation,,,mm,mm,observed,,False,,,"[""Q01""]",True
taihu_thqbca_history,storage\raw\taihu_thqbca_parsed\thqbca_observations.csv,20861,TAIHU_CLIMATE,,1997-04-17T16:00:00+00:00,,,precipitation,precipitation,,,mm,mm,observed,,False,,,"[""Q01""]",True
taihu_thqbca_history,storage\raw\taihu_thqbca_parsed\thqbca_observations.csv,20869,TAIHU_CLIMATE,,1997-04-25T16:00:00+00:00,,,precipitation,precipitation,,,mm,mm,observed,,False,,,"[""Q01""]",True
taihu_thqbca_history,storage\raw\taihu_thqbca_parsed\thqbca_observations.csv,20879,TAIHU_CLIMATE,,1997-05-05T16:00:00+00:00,,,precipitation,precipitation,,,mm,mm,observed,,False,,,"[""Q01""]",True
taihu_thqbca_history,storage\raw\taihu_thqbca_parsed\thqbca_observations.csv,20887,TAIHU_CLIMATE,,1997-05-13T16:00:00+00:00,,,precipitation,precipitation,,,mm,mm,observed,,False,,,"[""Q01""]",True
taihu_thqbca_history,storage\raw\taihu_thqbca_parsed\thqbca_observations.csv,20889,TAIHU_CLIMATE,,1997-05-15T16:00:00+00:00,,,precipitation,precipitation,,,mm,mm,observed,,False,,,"[""Q01""]",True
taihu_thqbca_history,storage\raw\taihu_thqbca_parsed\thqbca_observations.csv,20890,TAIHU_CLIMATE,,1997-05-16T16:00:00+00:00,,,precipitation,precipitation,,,mm,mm,observed,,False,,,"[""Q01""]",True
taihu_thqbca_history,storage\raw\taihu_thqbca_parsed\thqbca_observations.csv,20906,TAIHU_CLIMATE,,1997-06-01T16:00:00+00:00,,,precipitation,precipitation,,,mm,mm,observed,,False,,,"[""Q01""]",True
taihu_thqbca_history,storage\raw\taihu_thqbca_parsed\thqbca_observations.csv,20926,TAIHU_CLIMATE,,1997-06-21T16:00:00+00:00,,,precipitation,precipitation,,,mm,mm,observed,,False,,,"[""Q01""]",True
taihu_thqbca_history,storage\raw\taihu_thqbca_parsed\thqbca_observations.csv,20932,TAIHU_CLIMATE,,1997-06-27T16:00:00+00:00,,,precipitation,precipitation,,,mm,mm,observed,,False,,,"[""Q01""]",True
taihu_thqbca_history,storage\raw\taihu_thqbca_parsed\thqbca_observations.csv,20933,TAIHU_CLIMATE,,1997-06-28T16:00:00+00:00,,,precipitation,precipitation,,,mm,mm,observed,,False,,,"[""Q01""]",True
taihu_thqbca_history,storage\raw\taihu_thqbca_parsed\thqbca_observations.csv,20948,TAIHU_CLIMATE,,1997-07-13T16:00:00+00:00,,,precipitation,precipitation,,,mm,mm,observed,,False,,,"[""Q01""]",True
taihu_thqbca_history,storage\raw\taihu_thqbca_parsed\thqbca_observations.csv,20949,TAIHU_CLIMATE,,1997-07-14T16:00:00+00:00,,,precipitation,precipitation,,,mm,mm,observed,,False,,,"[""Q01""]",True
taihu_thqbca_history,storage\raw\taihu_thqbca_parsed\thqbca_observations.csv,20955,TAIHU_CLIMATE,,1997-07-20T16:00:00+00:00,,,precipitation,precipitation,,,mm,mm,observed,,False,,,"[""Q01""]",True
taihu_thqbca_history,storage\raw\taihu_thqbca_parsed\thqbca_observations.csv,20958,TAIHU_CLIMATE,,1997-07-23T16:00:00+00:00,,,precipitation,precipitation,,,mm,mm,observed,,False,,,"[""Q01""]",True
taihu_thqbca_history,storage\raw\taihu_thqbca_parsed\thqbca_observations.csv,20964,TAIHU_CLIMATE,,1997-07-29T16:00:00+00:00,,,precipitation,precipitation,,,mm,mm,observed,,False,,,"[""Q01""]",True
taihu_thqbca_history,storage\raw\taihu_thqbca_parsed\thqbca_observations.csv,20982,TAIHU_CLIMATE,,1997-08-16T16:00:00+00:00,,,precipitation,precipitation,,,mm,mm,observed,,False,,,"[""Q01""]",True
taihu_thqbca_history,storage\raw\taihu_thqbca_parsed\thqbca_observations.csv,20986,TAIHU_CLIMATE,,1997-08-20T16:00:00+00:00,,,precipitation,precipitation,,,mm,mm,observed,,False,,,"[""Q01""]",True
taihu_thqbca_history,storage\raw\taihu_thqbca_parsed\thqbca_observations.csv,20999,TAIHU_CLIMATE,,1997-09-02T16:00:00+00:00,,,precipitation,precipitation,,,mm,mm,observed,,False,,,"[""Q01""]",True
taihu_thqbca_history,storage\raw\taihu_thqbca_parsed\thqbca_observations.csv,21020,TAIHU_CLIMATE,,1997-09-23T16:00:00+00:00,,,precipitation,precipitation,,,mm,mm,observed,,False,,,"[""Q01""]",True
taihu_thqbca_history,storage\raw\taihu_thqbca_parsed\thqbca_observations.csv,21026,TAIHU_CLIMATE,,1997-09-29T16:00:00+00:00,,,precipitation,precipitation,,,mm,mm,observed,,False,,,"[""Q01""]",True
taihu_thqbca_history,storage\raw\taihu_thqbca_parsed\thqbca_observations.csv,21050,TAIHU_CLIMATE,,1997-10-23T16:00:00+00:00,,,precipitation,precipitation,,,mm,mm,observed,,False,,,"[""Q01""]",True
taihu_thqbca_history,storage\raw\taihu_thqbca_parsed\thqbca_observations.csv,21076,TAIHU_CLIMATE,,1997-11-18T16:00:00+00:00,,,precipitation,precipitation,,,mm,mm,observed,,False,,,"[""Q01""]",True
taihu_thqbca_history,storage\raw\taihu_thqbca_parsed\thqbca_observations.csv,21095,TAIHU_CLIMATE,,1997-12-07T16:00:00+00:00,,,precipitation,precipitation,,,mm,mm,observed,,False,,,"[""Q01""]",True
taihu_thqbca_history,storage\raw\taihu_thqbca_parsed\thqbca_observations.csv,21174,TAIHU_CLIMATE,,1998-02-24T16:00:00+00:00,,,precipitation,precipitation,,,mm,mm,observed,,False,,,"[""Q01""]",True
taihu_thqbca_history,storage\raw\taihu_thqbca_parsed\thqbca_observations.csv,21182,TAIHU_CLIMATE,,1998-03-04T16:00:00+00:00,,,precipitation,precipitation,,,mm,mm,observed,,False,,,"[""Q01""]",True
taihu_thqbca_history,storage\raw\taihu_thqbca_parsed\thqbca_observations.csv,21193,TAIHU_CLIMATE,,1998-03-15T16:00:00+00:00,,,precipitation,precipitation,,,mm,mm,observed,,False,,,"[""Q01""]",True
taihu_thqbca_history,storage\raw\taihu_thqbca_parsed\thqbca_observations.csv,21214,TAIHU_CLIMATE,,1998-04-05T16:00:00+00:00,,,precipitation,precipitation,,,mm,mm,observed,,False,,,"[""Q01""]",True
taihu_thqbca_history,storage\raw\taihu_thqbca_parsed\thqbca_observations.csv,21219,TAIHU_CLIMATE,,1998-04-10T16:00:00+00:00,,,precipitation,precipitation,,,mm,mm,observed,,False,,,"[""Q01""]",True
taihu_thqbca_history,storage\raw\taihu_thqbca_parsed\thqbca_observations.csv,21228,TAIHU_CLIMATE,,1998-04-19T16:00:00+00:00,,,precipitation,precipitation,,,mm,mm,observed,,False,,,"[""Q01""]",True
taihu_thqbca_history,storage\raw\taihu_thqbca_parsed\thqbca_observations.csv,21247,TAIHU_CLIMATE,,1998-05-08T16:00:00+00:00,,,precipitation,precipitation,,,mm,mm,observed,,False,,,"[""Q01""]",True
taihu_thqbca_history,storage\raw\taihu_thqbca_parsed\thqbca_observations.csv,21261,TAIHU_CLIMATE,,1998-05-22T16:00:00+00:00,,,precipitation,precipitation,,,mm,mm,observed,,False,,,"[""Q01""]",True
taihu_thqbca_history,storage\raw\taihu_thqbca_parsed\thqbca_observations.csv,21263,TAIHU_CLIMATE,,1998-05-24T16:00:00+00:00,,,precipitation,precipitation,,,mm,mm,observed,,False,,,"[""Q01""]",True
taihu_thqbca_history,storage\raw\taihu_thqbca_parsed\thqbca_observations.csv,21278,TAIHU_CLIMATE,,1998-06-08T16:00:00+00:00,,,precipitation,precipitation,,,mm,mm,observed,,False,,,"[""Q01""]",True
taihu_thqbca_history,storage\raw\taihu_thqbca_parsed\thqbca_observations.csv,21279,TAIHU_CLIMATE,,1998-06-09T16:00:00+00:00,,,precipitation,precipitation,,,mm,mm,observed,,False,,,"[""Q01""]",True
taihu_thqbca_history,storage\raw\taihu_thqbca_parsed\thqbca_observations.csv,21315,TAIHU_CLIMATE,,1998-07-15T16:00:00+00:00,,,precipitation,precipitation,,,mm,mm,observed,,False,,,"[""Q01""]",True
taihu_thqbca_history,storage\raw\taihu_thqbca_parsed\thqbca_observations.csv,21329,TAIHU_CLIMATE,,1998-07-29T16:00:00+00:00,,,precipitation,precipitation,,,mm,mm,observed,,False,,,"[""Q01""]",True
taihu_thqbca_history,storage\raw\taihu_thqbca_parsed\thqbca_observations.csv,21332,TAIHU_CLIMATE,,1998-08-01T16:00:00+00:00,,,precipitation,precipitation,,,mm,mm,observed,,False,,,"[""Q01""]",True
taihu_thqbca_history,storage\raw\taihu_thqbca_parsed\thqbca_observations.csv,21347,TAIHU_CLIMATE,,1998-08-16T16:00:00+00:00,,,precipitation,precipitation,,,mm,mm,observed,,False,,,"[""Q01""]",True
taihu_thqbca_history,storage\raw\taihu_thqbca_parsed\thqbca_observations.csv,21351,TAIHU_CLIMATE,,1998-08-20T16:00:00+00:00,,,precipitation,precipitation,,,mm,mm,observed,,False,,,"[""Q01""]",True
taihu_thqbca_history,storage\raw\taihu_thqbca_parsed\thqbca_observations.csv,21359,TAIHU_CLIMATE,,1998-08-28T16:00:00+00:00,,,precipitation,precipitation,,,mm,mm,observed,,False,,,"[""Q01""]",True
taihu_thqbca_history,storage\raw\taihu_thqbca_parsed\thqbca_observations.csv,21360,TAIHU_CLIMATE,,1998-08-29T16:00:00+00:00,,,precipitation,precipitation,,,mm,mm,observed,,False,,,"[""Q01""]",True
taihu_thqbca_history,storage\raw\taihu_thqbca_parsed\thqbca_observations.csv,21374,TAIHU_CLIMATE,,1998-09-12T16:00:00+00:00,,,precipitation,precipitation,,,mm,mm,observed,,False,,,"[""Q01""]",True
taihu_thqbca_history,storage\raw\taihu_thqbca_parsed\thqbca_observations.csv,21376,TAIHU_CLIMATE,,1998-09-14T16:00:00+00:00,,,precipitation,precipitation,,,mm,mm,observed,,False,,,"[""Q01""]",True
taihu_thqbca_history,storage\raw\taihu_thqbca_parsed\thqbca_observations.csv,21384,TAIHU_CLIMATE,,1998-09-22T16:00:00+00:00,,,precipitation,precipitation,,,mm,mm,observed,,False,,,"[""Q01""]",True
taihu_thqbca_history,storage\raw\taihu_thqbca_parsed\thqbca_observations.csv,21420,TAIHU_CLIMATE,,1998-10-28T16:00:00+00:00,,,precipitation,precipitation,,,mm,mm,observed,,False,,,"[""Q01""]",True
taihu_thqbca_history,storage\raw\taihu_thqbca_parsed\thqbca_observations.csv,21438,TAIHU_CLIMATE,,1998-11-15T16:00:00+00:00,,,precipitation,precipitation,,,mm,mm,observed,,False,,,"[""Q01""]",True
taihu_thqbca_history,storage\raw\taihu_thqbca_parsed\thqbca_observations.csv,21439,TAIHU_CLIMATE,,1998-11-16T16:00:00+00:00,,,precipitation,precipitation,,,mm,mm,observed,,False,,,"[""Q01""]",True
taihu_thqbca_history,storage\raw\taihu_thqbca_parsed\thqbca_observations.csv,21448,TAIHU_CLIMATE,,1998-11-25T16:00:00+00:00,,,precipitation,precipitation,,,mm,mm,observed,,False,,,"[""Q01""]",True
taihu_thqbca_history,storage\raw\taihu_thqbca_parsed\thqbca_observations.csv,21450,TAIHU_CLIMATE,,1998-11-27T16:00:00+00:00,,,precipitation,precipitation,,,mm,mm,observed,,False,,,"[""Q01""]",True
taihu_thqbca_history,storage\raw\taihu_thqbca_parsed\thqbca_observations.csv,21457,TAIHU_CLIMATE,,1998-12-04T16:00:00+00:00,,,precipitation,precipitation,,,mm,mm,observed,,False,,,"[""Q01""]",True
taihu_thqbca_history,storage\raw\taihu_thqbca_parsed\thqbca_observations.csv,21458,TAIHU_CLIMATE,,1998-12-05T16:00:00+00:00,,,precipitation,precipitation,,,mm,mm,observed,,False,,,"[""Q01""]",True
taihu_thqbca_history,storage\raw\taihu_thqbca_parsed\thqbca_observations.csv,21459,TAIHU_CLIMATE,,1998-12-06T16:00:00+00:00,,,precipitation,precipitation,,,mm,mm,observed,,False,,,"[""Q01""]",True
taihu_thqbca_history,storage\raw\taihu_thqbca_parsed\thqbca_observations.csv,21470,TAIHU_CLIMATE,,1998-12-17T16:00:00+00:00,,,precipitation,precipitation,,,mm,mm,observed,,False,,,"[""Q01""]",True
taihu_thqbca_history,storage\raw\taihu_thqbca_parsed\thqbca_observations.csv,21474,TAIHU_CLIMATE,,1998-12-21T16:00:00+00:00,,,precipitation,precipitation,,,mm,mm,observed,,False,,,"[""Q01""]",True
taihu_thqbca_history,storage\raw\taihu_thqbca_parsed\thqbca_observations.csv,21495,TAIHU_CLIMATE,,1999-01-11T16:00:00+00:00,,,precipitation,precipitation,,,mm,mm,observed,,False,,,"[""Q01""]",True
taihu_thqbca_history,storage\raw\taihu_thqbca_parsed\thqbca_observations.csv,21508,TAIHU_CLIMATE,,1999-01-24T16:00:00+00:00,,,precipitation,precipitation,,,mm,mm,observed,,False,,,"[""Q01""]",True
taihu_thqbca_history,storage\raw\taihu_thqbca_parsed\thqbca_observations.csv,21524,TAIHU_CLIMATE,,1999-02-09T16:00:00+00:00,,,precipitation,precipitation,,,mm,mm,observed,,False,,,"[""Q01""]",True
taihu_thqbca_history,storage\raw\taihu_thqbca_parsed\thqbca_observations.csv,21548,TAIHU_CLIMATE,,1999-03-05T16:00:00+00:00,,,precipitation,precipitation,,,mm,mm,observed,,False,,,"[""Q01""]",True
taihu_thqbca_history,storage\raw\taihu_thqbca_parsed\thqbca_observations.csv,21565,TAIHU_CLIMATE,,1999-03-22T16:00:00+00:00,,,precipitation,precipitation,,,mm,mm,observed,,False,,,"[""Q01""]",True
taihu_thqbca_history,storage\raw\taihu_thqbca_parsed\thqbca_observations.csv,21566,TAIHU_CLIMATE,,1999-03-23T16:00:00+00:00,,,precipitation,precipitation,,,mm,mm,observed,,False,,,"[""Q01""]",True
taihu_thqbca_history,storage\raw\taihu_thqbca_parsed\thqbca_observations.csv,21574,TAIHU_CLIMATE,,1999-03-31T16:00:00+00:00,,,precipitation,precipitation,,,mm,mm,observed,,False,,,"[""Q01""]",True
taihu_thqbca_history,storage\raw\taihu_thqbca_parsed\thqbca_observations.csv,21583,TAIHU_CLIMATE,,1999-04-09T16:00:00+00:00,,,precipitation,precipitation,,,mm,mm,observed,,False,,,"[""Q01""]",True
taihu_thqbca_history,storage\raw\taihu_thqbca_parsed\thqbca_observations.csv,21597,TAIHU_CLIMATE,,1999-04-23T16:00:00+00:00,,,precipitation,precipitation,,,mm,mm,observed,,False,,,"[""Q01""]",True
taihu_thqbca_history,storage\raw\taihu_thqbca_parsed\thqbca_observations.csv,21600,TAIHU_CLIMATE,,1999-04-26T16:00:00+00:00,,,precipitation,precipitation,,,mm,mm,observed,,False,,,"[""Q01""]",True
taihu_thqbca_history,storage\raw\taihu_thqbca_parsed\thqbca_observations.csv,21601,TAIHU_CLIMATE,,1999-04-27T16:00:00+00:00,,,precipitation,precipitation,,,mm,mm,observed,,False,,,"[""Q01""]",True
taihu_thqbca_history,storage\raw\taihu_thqbca_parsed\thqbca_observations.csv,21608,TAIHU_CLIMATE,,1999-05-04T16:00:00+00:00,,,precipitation,precipitation,,,mm,mm,observed,,False,,,"[""Q01""]",True
taihu_thqbca_history,storage\raw\taihu_thqbca_parsed\thqbca_observations.csv,21622,TAIHU_CLIMATE,,1999-05-18T16:00:00+00:00,,,precipitation,precipitation,,,mm,mm,observed,,False,,,"[""Q01""]",True
taihu_thqbca_history,storage\raw\taihu_thqbca_parsed\thqbca_observations.csv,21634,TAIHU_CLIMATE,,1999-05-30T16:00:00+00:00,,,precipitation,precipitation,,,mm,mm,observed,,False,,,"[""Q01""]",True
taihu_thqbca_history,storage\raw\taihu_thqbca_parsed\thqbca_observations.csv,21640,TAIHU_CLIMATE,,1999-06-05T16:00:00+00:00,,,precipitation,precipitation,,,mm,mm,observed,,False,,,"[""Q01""]",True
taihu_thqbca_history,storage\raw\taihu_thqbca_parsed\thqbca_observations.csv,21655,TAIHU_CLIMATE,,1999-06-20T16:00:00+00:00,,,precipitation,precipitation,,,mm,mm,observed,,False,,,"[""Q01""]",True
taihu_thqbca_history,storage\raw\taihu_thqbca_parsed\thqbca_observations.csv,21656,TAIHU_CLIMATE,,1999-06-21T16:00:00+00:00,,,precipitation,precipitation,,,mm,mm,observed,,False,,,"[""Q01""]",True
taihu_thqbca_history,storage\raw\taihu_thqbca_parsed\thqbca_observations.csv,21668,TAIHU_CLIMATE,,1999-07-03T16:00:00+00:00,,,precipitation,precipitation,,,mm,mm,observed,,False,,,"[""Q01""]",True
taihu_thqbca_history,storage\raw\taihu_thqbca_parsed\thqbca_observations.csv,21670,TAIHU_CLIMATE,,1999-07-05T16:00:00+00:00,,,precipitation,precipitation,,,mm,mm,observed,,False,,,"[""Q01""]",True
taihu_thqbca_history,storage\raw\taihu_thqbca_parsed\thqbca_observations.csv,21679,TAIHU_CLIMATE,,1999-07-14T16:00:00+00:00,,,precipitation,precipitation,,,mm,mm,observed,,False,,,"[""Q01""]",True
taihu_thqbca_history,storage\raw\taihu_thqbca_parsed\thqbca_observations.csv,21687,TAIHU_CLIMATE,,1999-07-22T16:00:00+00:00,,,precipitation,precipitation,,,mm,mm,observed,,False,,,"[""Q01""]",True
taihu_thqbca_history,storage\raw\taihu_thqbca_parsed\thqbca_observations.csv,21695,TAIHU_CLIMATE,,1999-07-30T16:00:00+00:00,,,precipitation,precipitation,,,mm,mm,observed,,False,,,"[""Q01""]",True
taihu_thqbca_history,storage\raw\taihu_thqbca_parsed\thqbca_observations.csv,21703,TAIHU_CLIMATE,,1999-08-07T16:00:00+00:00,,,precipitation,precipitation,,,mm,mm,observed,,False,,,"[""Q01""]",True
taihu_thqbca_history,storage\raw\taihu_thqbca_parsed\thqbca_observations.csv,21721,TAIHU_CLIMATE,,1999-08-25T16:00:00+00:00,,,precipitation,precipitation,,,mm,mm,observed,,False,,,"[""Q01""]",True
taihu_thqbca_history,storage\raw\taihu_thqbca_parsed\thqbca_observations.csv,21727,TAIHU_CLIMATE,,1999-08-31T16:00:00+00:00,,,precipitation,precipitation,,,mm,mm,observed,,False,,,"[""Q01""]",True
taihu_thqbca_history,storage\raw\taihu_thqbca_parsed\thqbca_observations.csv,21730,TAIHU_CLIMATE,,1999-09-03T16:00:00+00:00,,,precipitation,precipitation,,,mm,mm,observed,,False,,,"[""Q01""]",True
taihu_thqbca_history,storage\raw\taihu_thqbca_parsed\thqbca_observations.csv,21742,TAIHU_CLIMATE,,1999-09-15T16:00:00+00:00,,,precipitation,precipitation,,,mm,mm,observed,,False,,,"[""Q01""]",True
taihu_thqbca_history,storage\raw\taihu_thqbca_parsed\thqbca_observations.csv,21759,TAIHU_CLIMATE,,1999-10-02T16:00:00+00:00,,,precipitation,precipitation,,,mm,mm,observed,,False,,,"[""Q01""]",True
taihu_thqbca_history,storage\raw\taihu_thqbca_parsed\thqbca_observations.csv,21763,TAIHU_CLIMATE,,1999-10-06T16:00:00+00:00,,,precipitation,precipitation,,,mm,mm,observed,,False,,,"[""Q01""]",True
taihu_thqbca_history,storage\raw\taihu_thqbca_parsed\thqbca_observations.csv,21766,TAIHU_CLIMATE,,1999-10-09T16:00:00+00:00,,,precipitation,precipitation,,,mm,mm,observed,,False,,,"[""Q01""]",True
taihu_thqbca_history,storage\raw\taihu_thqbca_parsed\thqbca_observations.csv,21768,TAIHU_CLIMATE,,1999-10-11T16:00:00+00:00,,,precipitation,precipitation,,,mm,mm,observed,,False,,,"[""Q01""]",True
taihu_thqbca_history,storage\raw\taihu_thqbca_parsed\thqbca_observations.csv,21770,TAIHU_CLIMATE,,1999-10-13T16:00:00+00:00,,,precipitation,precipitation,,,mm,mm,observed,,False,,,"[""Q01""]",True
taihu_thqbca_history,storage\raw\taihu_thqbca_parsed\thqbca_observations.csv,21782,TAIHU_CLIMATE,,1999-10-25T16:00:00+00:00,,,precipitation,precipitation,,,mm,mm,observed,,False,,,"[""Q01""]",True
taihu_thqbca_history,storage\raw\taihu_thqbca_parsed\thqbca_observations.csv,21793,TAIHU_CLIMATE,,1999-11-05T16:00:00+00:00,,,precipitation,precipitation,,,mm,mm,observed,,False,,,"[""Q01""]",True
taihu_thqbca_history,storage\raw\taihu_thqbca_parsed\thqbca_observations.csv,21855,TAIHU_CLIMATE,,2000-01-06T16:00:00+00:00,,,precipitation,precipitation,,,mm,mm,observed,,False,,,"[""Q01""]",True
taihu_thqbca_history,storage\raw\taihu_thqbca_parsed\thqbca_observations.csv,21861,TAIHU_CLIMATE,,2000-01-12T16:00:00+00:00,,,precipitation,precipitation,,,mm,mm,observed,,False,,,"[""Q01""]",True
taihu_thqbca_history,storage\raw\taihu_thqbca_parsed\thqbca_observations.csv,21881,TAIHU_CLIMATE,,2000-02-01T16:00:00+00:00,,,precipitation,precipitation,,,mm,mm,observed,,False,,,"[""Q01""]",True
taihu_thqbca_history,storage\raw\taihu_thqbca_parsed\thqbca_observations.csv,21889,TAIHU_CLIMATE,,2000-02-09T16:00:00+00:00,,,precipitation,precipitation,,,mm,mm,observed,,False,,,"[""Q01""]",True
taihu_thqbca_history,storage\raw\taihu_thqbca_parsed\thqbca_observations.csv,21911,TAIHU_CLIMATE,,2000-03-02T16:00:00+00:00,,,precipitation,precipitation,,,mm,mm,observed,,False,,,"[""Q01""]",True
taihu_thqbca_history,storage\raw\taihu_thqbca_parsed\thqbca_observations.csv,21922,TAIHU_CLIMATE,,2000-03-13T16:00:00+00:00,,,precipitation,precipitation,,,mm,mm,observed,,False,,,"[""Q01""]",True
taihu_thqbca_history,storage\raw\taihu_thqbca_parsed\thqbca_observations.csv,21936,TAIHU_CLIMATE,,2000-03-27T16:00:00+00:00,,,precipitation,precipitation,,,mm,mm,observed,,False,,,"[""Q01""]",True
taihu_thqbca_history,storage\raw\taihu_thqbca_parsed\thqbca_observations.csv,21938,TAIHU_CLIMATE,,2000-03-29T16:00:00+00:00,,,precipitation,precipitation,,,mm,mm,observed,,False,,,"[""Q01""]",True
taihu_thqbca_history,storage\raw\taihu_thqbca_parsed\thqbca_observations.csv,21940,TAIHU_CLIMATE,,2000-03-31T16:00:00+00:00,,,precipitation,precipitation,,,mm,mm,observed,,False,,,"[""Q01""]",True
taihu_thqbca_history,storage\raw\taihu_thqbca_parsed\thqbca_observations.csv,21951,TAIHU_CLIMATE,,2000-04-11T16:00:00+00:00,,,precipitation,precipitation,,,mm,mm,observed,,False,,,"[""Q01""]",True
taihu_thqbca_history,storage\raw\taihu_thqbca_parsed\thqbca_observations.csv,22025,TAIHU_CLIMATE,,2000-06-24T16:00:00+00:00,,,precipitation,precipitation,,,mm,mm,observed,,False,,,"[""Q01""]",True
taihu_thqbca_history,storage\raw\taihu_thqbca_parsed\thqbca_observations.csv,22042,TAIHU_CLIMATE,,2000-07-11T16:00:00+00:00,,,precipitation,precipitation,,,mm,mm,observed,,False,,,"[""Q01""]",True
taihu_thqbca_history,storage\raw\taihu_thqbca_parsed\thqbca_observations.csv,22043,TAIHU_CLIMATE,,2000-07-12T16:00:00+00:00,,,precipitation,precipitation,,,mm,mm,observed,,False,,,"[""Q01""]",True
taihu_thqbca_history,storage\raw\taihu_thqbca_parsed\thqbca_observations.csv,22048,TAIHU_CLIMATE,,2000-07-17T16:00:00+00:00,,,precipitation,precipitation,,,mm,mm,observed,,False,,,"[""Q01""]",True
taihu_thqbca_history,storage\raw\taihu_thqbca_parsed\thqbca_observations.csv,22049,TAIHU_CLIMATE,,2000-07-18T16:00:00+00:00,,,precipitation,precipitation,,,mm,mm,observed,,False,,,"[""Q01""]",True
taihu_thqbca_history,storage\raw\taihu_thqbca_parsed\thqbca_observations.csv,22059,TAIHU_CLIMATE,,2000-07-28T16:00:00+00:00,,,precipitation,precipitation,,,mm,mm,observed,,False,,,"[""Q01""]",True
taihu_thqbca_history,storage\raw\taihu_thqbca_parsed\thqbca_observations.csv,22078,TAIHU_CLIMATE,,2000-08-16T16:00:00+00:00,,,precipitation,precipitation,,,mm,mm,observed,,False,,,"[""Q01""]",True
taihu_thqbca_history,storage\raw\taihu_thqbca_parsed\thqbca_observations.csv,22084,TAIHU_CLIMATE,,2000-08-22T16:00:00+00:00,,,precipitation,precipitation,,,mm,mm,observed,,False,,,"[""Q01""]",True
taihu_thqbca_history,storage\raw\taihu_thqbca_parsed\thqbca_observations.csv,22092,TAIHU_CLIMATE,,2000-08-30T16:00:00+00:00,,,precipitation,precipitation,,,mm,mm,observed,,False,,,"[""Q01""]",True
taihu_thqbca_history,storage\raw\taihu_thqbca_parsed\thqbca_observations.csv,22105,TAIHU_CLIMATE,,2000-09-12T16:00:00+00:00,,,precipitation,precipitation,,,mm,mm,observed,,False,,,"[""Q01""]",True
taihu_thqbca_history,storage\raw\taihu_thqbca_parsed\thqbca_observations.csv,22112,TAIHU_CLIMATE,,2000-09-19T16:00:00+00:00,,,precipitation,precipitation,,,mm,mm,observed,,False,,,"[""Q01""]",True
taihu_thqbca_history,storage\raw\taihu_thqbca_parsed\thqbca_observations.csv,22117,TAIHU_CLIMATE,,2000-09-24T16:00:00+00:00,,,precipitation,precipitation,,,mm,mm,observed,,False,,,"[""Q01""]",True
taihu_thqbca_history,storage\raw\taihu_thqbca_parsed\thqbca_observations.csv,22123,TAIHU_CLIMATE,,2000-09-30T16:00:00+00:00,,,precipitation,precipitation,,,mm,mm,observed,,False,,,"[""Q01""]",True
taihu_thqbca_history,storage\raw\taihu_thqbca_parsed\thqbca_observations.csv,22128,TAIHU_CLIMATE,,2000-10-05T16:00:00+00:00,,,precipitation,precipitation,,,mm,mm,observed,,False,,,"[""Q01""]",True
taihu_thqbca_history,storage\raw\taihu_thqbca_parsed\thqbca_observations.csv,22148,TAIHU_CLIMATE,,2000-10-25T16:00:00+00:00,,,precipitation,precipitation,,,mm,mm,observed,,False,,,"[""Q01""]",True
taihu_thqbca_history,storage\raw\taihu_thqbca_parsed\thqbca_observations.csv,22166,TAIHU_CLIMATE,,2000-11-12T16:00:00+00:00,,,precipitation,precipitation,,,mm,mm,observed,,False,,,"[""Q01""]",True
taihu_thqbca_history,storage\raw\taihu_thqbca_parsed\thqbca_observations.csv,22178,TAIHU_CLIMATE,,2000-11-24T16:00:00+00:00,,,precipitation,precipitation,,,mm,mm,observed,,False,,,"[""Q01""]",True
taihu_thqbca_history,storage\raw\taihu_thqbca_parsed\thqbca_observations.csv,22180,TAIHU_CLIMATE,,2000-11-26T16:00:00+00:00,,,precipitation,precipitation,,,mm,mm,observed,,False,,,"[""Q01""]",True
taihu_thqbca_history,storage\raw\taihu_thqbca_parsed\thqbca_observations.csv,22185,TAIHU_CLIMATE,,2000-12-01T16:00:00+00:00,,,precipitation,precipitation,,,mm,mm,observed,,False,,,"[""Q01""]",True
taihu_thqbca_history,storage\raw\taihu_thqbca_parsed\thqbca_observations.csv,22192,TAIHU_CLIMATE,,2000-12-08T16:00:00+00:00,,,precipitation,precipitation,,,mm,mm,observed,,False,,,"[""Q01""]",True
taihu_thqbca_history,storage\raw\taihu_thqbca_parsed\thqbca_observations.csv,22211,TAIHU_CLIMATE,,2000-12-27T16:00:00+00:00,,,precipitation,precipitation,,,mm,mm,observed,,False,,,"[""Q01""]",True
taihu_thqbca_history,storage\raw\taihu_thqbca_parsed\thqbca_observations.csv,22212,TAIHU_CLIMATE,,2000-12-28T16:00:00+00:00,,,precipitation,precipitation,,,mm,mm,observed,,False,,,"[""Q01""]",True
taihu_thqbca_history,storage\raw\taihu_thqbca_parsed\thqbca_observations.csv,22227,TAIHU_CLIMATE,,2001-01-12T16:00:00+00:00,,,precipitation,precipitation,,,mm,mm,observed,,False,,,"[""Q01""]",True
taihu_thqbca_history,storage\raw\taihu_thqbca_parsed\thqbca_observations.csv,22228,TAIHU_CLIMATE,,2001-01-13T16:00:00+00:00,,,precipitation,precipitation,,,mm,mm,observed,,False,,,"[""Q01""]",True
taihu_thqbca_history,storage\raw\taihu_thqbca_parsed\thqbca_observations.csv,22265,TAIHU_CLIMATE,,2001-02-19T16:00:00+00:00,,,precipitation,precipitation,,,mm,mm,observed,,False,,,"[""Q01""]",True
taihu_thqbca_history,storage\raw\taihu_thqbca_parsed\thqbca_observations.csv,22279,TAIHU_CLIMATE,,2001-03-05T16:00:00+00:00,,,precipitation,precipitation,,,mm,mm,observed,,False,,,"[""Q01""]",True
taihu_thqbca_history,storage\raw\taihu_thqbca_parsed\thqbca_observations.csv,22287,TAIHU_CLIMATE,,2001-03-13T16:00:00+00:00,,,precipitation,precipitation,,,mm,mm,observed,,False,,,"[""Q01""]",True
taihu_thqbca_history,storage\raw\taihu_thqbca_parsed\thqbca_observations.csv,22335,TAIHU_CLIMATE,,2001-04-30T16:00:00+00:00,,,precipitation,precipitation,,,mm,mm,observed,,False,,,"[""Q01""]",True
taihu_thqbca_history,storage\raw\taihu_thqbca_parsed\thqbca_observations.csv,22340,TAIHU_CLIMATE,,2001-05-05T16:00:00+00:00,,,precipitation,precipitation,,,mm,mm,observed,,False,,,"[""Q01""]",True
taihu_thqbca_history,storage\raw\taihu_thqbca_parsed\thqbca_observations.csv,22341,TAIHU_CLIMATE,,2001-05-06T16:00:00+00:00,,,precipitation,precipitation,,,mm,mm,observed,,False,,,"[""Q01""]",True
taihu_thqbca_history,storage\raw\taihu_thqbca_parsed\thqbca_observations.csv,22343,TAIHU_CLIMATE,,2001-05-08T16:00:00+00:00,,,precipitation,precipitation,,,mm,mm,observed,,False,,,"[""Q01""]",True
taihu_thqbca_history,storage\raw\taihu_thqbca_parsed\thqbca_observations.csv,22344,TAIHU_CLIMATE,,2001-05-09T16:00:00+00:00,,,precipitation,precipitation,,,mm,mm,observed,,False,,,"[""Q01""]",True
taihu_thqbca_history,storage\raw\taihu_thqbca_parsed\thqbca_observations.csv,22351,TAIHU_CLIMATE,,2001-05-16T16:00:00+00:00,,,precipitation,precipitation,,,mm,mm,observed,,False,,,"[""Q01""]",True
taihu_thqbca_history,storage\raw\taihu_thqbca_parsed\thqbca_observations.csv,22352,TAIHU_CLIMATE,,2001-05-17T16:00:00+00:00,,,precipitation,precipitation,,,mm,mm,observed,,False,,,"[""Q01""]",True
taihu_thqbca_history,storage\raw\taihu_thqbca_parsed\thqbca_observations.csv,22357,TAIHU_CLIMATE,,2001-05-22T16:00:00+00:00,,,precipitation,precipitation,,,mm,mm,observed,,False,,,"[""Q01""]",True
taihu_thqbca_history,storage\raw\taihu_thqbca_parsed\thqbca_observations.csv,22360,TAIHU_CLIMATE,,2001-05-25T16:00:00+00:00,,,precipitation,precipitation,,,mm,mm,observed,,False,,,"[""Q01""]",True
taihu_thqbca_history,storage\raw\taihu_thqbca_parsed\thqbca_observations.csv,22374,TAIHU_CLIMATE,,2001-06-08T16:00:00+00:00,,,precipitation,precipitation,,,mm,mm,observed,,False,,,"[""Q01""]",True
taihu_thqbca_history,storage\raw\taihu_thqbca_parsed\thqbca_observations.csv,22386,TAIHU_CLIMATE,,2001-06-20T16:00:00+00:00,,,precipitation,precipitation,,,mm,mm,observed,,False,,,"[""Q01""]",True
taihu_thqbca_history,storage\raw\taihu_thqbca_parsed\thqbca_observations.csv,22392,TAIHU_CLIMATE,,2001-06-26T16:00:00+00:00,,,precipitation,precipitation,,,mm,mm,observed,,False,,,"[""Q01""]",True
taihu_thqbca_history,storage\raw\taihu_thqbca_parsed\thqbca_observations.csv,22424,TAIHU_CLIMATE,,2001-07-28T16:00:00+00:00,,,precipitation,precipitation,,,mm,mm,observed,,False,,,"[""Q01""]",True
taihu_thqbca_history,storage\raw\taihu_thqbca_parsed\thqbca_observations.csv,22438,TAIHU_CLIMATE,,2001-08-11T16:00:00+00:00,,,precipitation,precipitation,,,mm,mm,observed,,False,,,"[""Q01""]",True
taihu_thqbca_history,storage\raw\taihu_thqbca_parsed\thqbca_observations.csv,22447,TAIHU_CLIMATE,,2001-08-20T16:00:00+00:00,,,precipitation,precipitation,,,mm,mm,observed,,False,,,"[""Q01""]",True
taihu_thqbca_history,storage\raw\taihu_thqbca_parsed\thqbca_observations.csv,22450,TAIHU_CLIMATE,,2001-08-23T16:00:00+00:00,,,precipitation,precipitation,,,mm,mm,observed,,False,,,"[""Q01""]",True
taihu_thqbca_history,storage\raw\taihu_thqbca_parsed\thqbca_observations.csv,22462,TAIHU_CLIMATE,,2001-09-04T16:00:00+00:00,,,precipitation,precipitation,,,mm,mm,observed,,False,,,"[""Q01""]",True
taihu_thqbca_history,storage\raw\taihu_thqbca_parsed\thqbca_observations.csv,22466,TAIHU_CLIMATE,,2001-09-08T16:00:00+00:00,,,precipitation,precipitation,,,mm,mm,observed,,False,,,"[""Q01""]",True
taihu_thqbca_history,storage\raw\taihu_thqbca_parsed\thqbca_observations.csv,22467,TAIHU_CLIMATE,,2001-09-09T16:00:00+00:00,,,precipitation,precipitation,,,mm,mm,observed,,False,,,"[""Q01""]",True
taihu_thqbca_history,storage\raw\taihu_thqbca_parsed\thqbca_observations.csv,22468,TAIHU_CLIMATE,,2001-09-10T16:00:00+00:00,,,precipitation,precipitation,,,mm,mm,observed,,False,,,"[""Q01""]",True
taihu_thqbca_history,storage\raw\taihu_thqbca_parsed\thqbca_observations.csv,22475,TAIHU_CLIMATE,,2001-09-17T16:00:00+00:00,,,precipitation,precipitation,,,mm,mm,observed,,False,,,"[""Q01""]",True
taihu_thqbca_history,storage\raw\taihu_thqbca_parsed\thqbca_observations.csv,22477,TAIHU_CLIMATE,,2001-09-19T16:00:00+00:00,,,precipitation,precipitation,,,mm,mm,observed,,False,,,"[""Q01""]",True
taihu_thqbca_history,storage\raw\taihu_thqbca_parsed\thqbca_observations.csv,22496,TAIHU_CLIMATE,,2001-10-08T16:00:00+00:00,,,precipitation,precipitation,,,mm,mm,observed,,False,,,"[""Q01""]",True
taihu_thqbca_history,storage\raw\taihu_thqbca_parsed\thqbca_observations.csv,22513,TAIHU_CLIMATE,,2001-10-25T16:00:00+00:00,,,precipitation,precipitation,,,mm,mm,observed,,False,,,"[""Q01""]",True
taihu_thqbca_history,storage\raw\taihu_thqbca_parsed\thqbca_observations.csv,22515,TAIHU_CLIMATE,,2001-10-27T16:00:00+00:00,,,precipitation,precipitation,,,mm,mm,observed,,False,,,"[""Q01""]",True
taihu_thqbca_history,storage\raw\taihu_thqbca_parsed\thqbca_observations.csv,22546,TAIHU_CLIMATE,,2001-11-27T16:00:00+00:00,,,precipitation,precipitation,,,mm,mm,observed,,False,,,"[""Q01""]",True
taihu_thqbca_history,storage\raw\taihu_thqbca_parsed\thqbca_observations.csv,22555,TAIHU_CLIMATE,,2001-12-06T16:00:00+00:00,,,precipitation,precipitation,,,mm,mm,observed,,False,,,"[""Q01""]",True
taihu_thqbca_history,storage\raw\taihu_thqbca_parsed\thqbca_observations.csv,22561,TAIHU_CLIMATE,,2001-12-12T16:00:00+00:00,,,precipitation,precipitation,,,mm,mm,observed,,False,,,"[""Q01""]",True
taihu_thqbca_history,storage\raw\taihu_thqbca_parsed\thqbca_observations.csv,22635,TAIHU_CLIMATE,,2002-02-24T16:00:00+00:00,,,precipitation,precipitation,,,mm,mm,observed,,False,,,"[""Q01""]",True
taihu_thqbca_history,storage\raw\taihu_thqbca_parsed\thqbca_observations.csv,22700,TAIHU_CLIMATE,,2002-04-30T16:00:00+00:00,,,precipitation,precipitation,,,mm,mm,observed,,False,,,"[""Q01""]",True
taihu_thqbca_history,storage\raw\taihu_thqbca_parsed\thqbca_observations.csv,22719,TAIHU_CLIMATE,,2002-05-19T16:00:00+00:00,,,precipitation,precipitation,,,mm,mm,observed,,False,,,"[""Q01""]",True
taihu_thqbca_history,storage\raw\taihu_thqbca_parsed\thqbca_observations.csv,22761,TAIHU_CLIMATE,,2002-06-30T16:00:00+00:00,,,precipitation,precipitation,,,mm,mm,observed,,False,,,"[""Q01""]",True
taihu_thqbca_history,storage\raw\taihu_thqbca_parsed\thqbca_observations.csv,22762,TAIHU_CLIMATE,,2002-07-01T16:00:00+00:00,,,precipitation,precipitation,,,mm,mm,observed,,False,,,"[""Q01""]",True
taihu_thqbca_history,storage\raw\taihu_thqbca_parsed\thqbca_observations.csv,22792,TAIHU_CLIMATE,,2002-07-31T16:00:00+00:00,,,precipitation,precipitation,,,mm,mm,observed,,False,,,"[""Q01""]",True
taihu_thqbca_history,storage\raw\taihu_thqbca_parsed\thqbca_observations.csv,22809,TAIHU_CLIMATE,,2002-08-17T16:00:00+00:00,,,precipitation,precipitation,,,mm,mm,observed,,False,,,"[""Q01""]",True
taihu_thqbca_history,storage\raw\taihu_thqbca_parsed\thqbca_observations.csv,22827,TAIHU_CLIMATE,,2002-09-04T16:00:00+00:00,,,precipitation,precipitation,,,mm,mm,observed,,False,,,"[""Q01""]",True
taihu_thqbca_history,storage\raw\taihu_thqbca_parsed\thqbca_observations.csv,22844,TAIHU_CLIMATE,,2002-09-21T16:00:00+00:00,,,precipitation,precipitation,,,mm,mm,observed,,False,,,"[""Q01""]",True
taihu_thqbca_history,storage\raw\taihu_thqbca_parsed\thqbca_observations.csv,22847,TAIHU_CLIMATE,,2002-09-24T16:00:00+00:00,,,precipitation,precipitation,,,mm,mm,observed,,False,,,"[""Q01""]",True
taihu_thqbca_history,storage\raw\taihu_thqbca_parsed\thqbca_observations.csv,22857,TAIHU_CLIMATE,,2002-10-04T16:00:00+00:00,,,precipitation,precipitation,,,mm,mm,observed,,False,,,"[""Q01""]",True
taihu_thqbca_history,storage\raw\taihu_thqbca_parsed\thqbca_observations.csv,22871,TAIHU_CLIMATE,,2002-10-18T16:00:00+00:00,,,precipitation,precipitation,,,mm,mm,observed,,False,,,"[""Q01""]",True
taihu_thqbca_history,storage\raw\taihu_thqbca_parsed\thqbca_observations.csv,22896,TAIHU_CLIMATE,,2002-11-12T16:00:00+00:00,,,precipitation,precipitation,,,mm,mm,observed,,False,,,"[""Q01""]",True
taihu_thqbca_history,storage\raw\taihu_thqbca_parsed\thqbca_observations.csv,22928,TAIHU_CLIMATE,,2002-12-14T16:00:00+00:00,,,precipitation,precipitation,,,mm,mm,observed,,False,,,"[""Q01""]",True
taihu_thqbca_history,storage\raw\taihu_thqbca_parsed\thqbca_observations.csv,22938,TAIHU_CLIMATE,,2002-12-24T16:00:00+00:00,,,precipitation,precipitation,,,mm,mm,observed,,False,,,"[""Q01""]",True
taihu_thqbca_history,storage\raw\taihu_thqbca_parsed\thqbca_observations.csv,22943,TAIHU_CLIMATE,,2002-12-29T16:00:00+00:00,,,precipitation,precipitation,,,mm,mm,observed,,False,,,"[""Q01""]",True
taihu_thqbca_history,storage\raw\taihu_thqbca_parsed\thqbca_observations.csv,22987,TAIHU_CLIMATE,,2003-02-11T16:00:00+00:00,,,precipitation,precipitation,,,mm,mm,observed,,False,,,"[""Q01""]",True
taihu_thqbca_history,storage\raw\taihu_thqbca_parsed\thqbca_observations.csv,22997,TAIHU_CLIMATE,,2003-02-21T16:00:00+00:00,,,precipitation,precipitation,,,mm,mm,observed,,False,,,"[""Q01""]",True
taihu_thqbca_history,storage\raw\taihu_thqbca_parsed\thqbca_observations.csv,23026,TAIHU_CLIMATE,,2003-03-22T16:00:00+00:00,,,precipitation,precipitation,,,mm,mm,observed,,False,,,"[""Q01""]",True
taihu_thqbca_history,storage\raw\taihu_thqbca_parsed\thqbca_observations.csv,23045,TAIHU_CLIMATE,,2003-04-10T16:00:00+00:00,,,precipitation,precipitation,,,mm,mm,observed,,False,,,"[""Q01""]",True
taihu_thqbca_history,storage\raw\taihu_thqbca_parsed\thqbca_observations.csv,23052,TAIHU_CLIMATE,,2003-04-17T16:00:00+00:00,,,precipitation,precipitation,,,mm,mm,observed,,False,,,"[""Q01""]",True
taihu_thqbca_history,storage\raw\taihu_thqbca_parsed\thqbca_observations.csv,23069,TAIHU_CLIMATE,,2003-05-04T16:00:00+00:00,,,precipitation,precipitation,,,mm,mm,observed,,False,,,"[""Q01""]",True
taihu_thqbca_history,storage\raw\taihu_thqbca_parsed\thqbca_observations.csv,23079,TAIHU_CLIMATE,,2003-05-14T16:00:00+00:00,,,precipitation,precipitation,,,mm,mm,observed,,False,,,"[""Q01""]",True
taihu_thqbca_history,storage\raw\taihu_thqbca_parsed\thqbca_observations.csv,23085,TAIHU_CLIMATE,,2003-05-20T16:00:00+00:00,,,precipitation,precipitation,,,mm,mm,observed,,False,,,"[""Q01""]",True
taihu_thqbca_history,storage\raw\taihu_thqbca_parsed\thqbca_observations.csv,23086,TAIHU_CLIMATE,,2003-05-21T16:00:00+00:00,,,precipitation,precipitation,,,mm,mm,observed,,False,,,"[""Q01""]",True
taihu_thqbca_history,storage\raw\taihu_thqbca_parsed\thqbca_observations.csv,23087,TAIHU_CLIMATE,,2003-05-22T16:00:00+00:00,,,precipitation,precipitation,,,mm,mm,observed,,False,,,"[""Q01""]",True
taihu_thqbca_history,storage\raw\taihu_thqbca_parsed\thqbca_observations.csv,23093,TAIHU_CLIMATE,,2003-05-28T16:00:00+00:00,,,precipitation,precipitation,,,mm,mm,observed,,False,,,"[""Q01""]",True
taihu_thqbca_history,storage\raw\taihu_thqbca_parsed\thqbca_observations.csv,23101,TAIHU_CLIMATE,,2003-06-05T16:00:00+00:00,,,precipitation,precipitation,,,mm,mm,observed,,False,,,"[""Q01""]",True
taihu_thqbca_history,storage\raw\taihu_thqbca_parsed\thqbca_observations.csv,23108,TAIHU_CLIMATE,,2003-06-12T16:00:00+00:00,,,precipitation,precipitation,,,mm,mm,observed,,False,,,"[""Q01""]",True
taihu_thqbca_history,storage\raw\taihu_thqbca_parsed\thqbca_observations.csv,23117,TAIHU_CLIMATE,,2003-06-21T16:00:00+00:00,,,precipitation,precipitation,,,mm,mm,observed,,False,,,"[""Q01""]",True
taihu_thqbca_history,storage\raw\taihu_thqbca_parsed\thqbca_observations.csv,23133,TAIHU_CLIMATE,,2003-07-07T16:00:00+00:00,,,precipitation,precipitation,,,mm,mm,observed,,False,,,"[""Q01""]",True
taihu_thqbca_history,storage\raw\taihu_thqbca_parsed\thqbca_observations.csv,23139,TAIHU_CLIMATE,,2003-07-13T16:00:00+00:00,,,precipitation,precipitation,,,mm,mm,observed,,False,,,"[""Q01""]",True
taihu_thqbca_history,storage\raw\taihu_thqbca_parsed\thqbca_observations.csv,23163,TAIHU_CLIMATE,,2003-08-06T16:00:00+00:00,,,precipitation,precipitation,,,mm,mm,observed,,False,,,"[""Q01""]",True
taihu_thqbca_history,storage\raw\taihu_thqbca_parsed\thqbca_observations.csv,23171,TAIHU_CLIMATE,,2003-08-14T16:00:00+00:00,,,precipitation,precipitation,,,mm,mm,observed,,False,,,"[""Q01""]",True
taihu_thqbca_history,storage\raw\taihu_thqbca_parsed\thqbca_observations.csv,23172,TAIHU_CLIMATE,,2003-08-15T16:00:00+00:00,,,precipitation,precipitation,,,mm,mm,observed,,False,,,"[""Q01""]",True
taihu_thqbca_history,storage\raw\taihu_thqbca_parsed\thqbca_observations.csv,23188,TAIHU_CLIMATE,,2003-08-31T16:00:00+00:00,,,precipitation,precipitation,,,mm,mm,observed,,False,,,"[""Q01""]",True
taihu_thqbca_history,storage\raw\taihu_thqbca_parsed\thqbca_observations.csv,23195,TAIHU_CLIMATE,,2003-09-07T16:00:00+00:00,,,precipitation,precipitation,,,mm,mm,observed,,False,,,"[""Q01""]",True
taihu_thqbca_history,storage\raw\taihu_thqbca_parsed\thqbca_observations.csv,23203,TAIHU_CLIMATE,,2003-09-15T16:00:00+00:00,,,precipitation,precipitation,,,mm,mm,observed,,False,,,"[""Q01""]",True
taihu_thqbca_history,storage\raw\taihu_thqbca_parsed\thqbca_observations.csv,23204,TAIHU_CLIMATE,,2003-09-16T16:00:00+00:00,,,precipitation,precipitation,,,mm,mm,observed,,False,,,"[""Q01""]",True
taihu_thqbca_history,storage\raw\taihu_thqbca_parsed\thqbca_observations.csv,23207,TAIHU_CLIMATE,,2003-09-19T16:00:00+00:00,,,precipitation,precipitation,,,mm,mm,observed,,False,,,"[""Q01""]",True
taihu_thqbca_history,storage\raw\taihu_thqbca_parsed\thqbca_observations.csv,23208,TAIHU_CLIMATE,,2003-09-20T16:00:00+00:00,,,precipitation,precipitation,,,mm,mm,observed,,False,,,"[""Q01""]",True
taihu_thqbca_history,storage\raw\taihu_thqbca_parsed\thqbca_observations.csv,23222,TAIHU_CLIMATE,,2003-10-04T16:00:00+00:00,,,precipitation,precipitation,,,mm,mm,observed,,False,,,"[""Q01""]",True
taihu_thqbca_history,storage\raw\taihu_thqbca_parsed\thqbca_observations.csv,23228,TAIHU_CLIMATE,,2003-10-10T16:00:00+00:00,,,precipitation,precipitation,,,mm,mm,observed,,False,,,"[""Q01""]",True
taihu_thqbca_history,storage\raw\taihu_thqbca_parsed\thqbca_observations.csv,23231,TAIHU_CLIMATE,,2003-10-13T16:00:00+00:00,,,precipitation,precipitation,,,mm,mm,observed,,False,,,"[""Q01""]",True
taihu_thqbca_history,storage\raw\taihu_thqbca_parsed\thqbca_observations.csv,23274,TAIHU_CLIMATE,,2003-11-25T16:00:00+00:00,,,precipitation,precipitation,,,mm,mm,observed,,False,,,"[""Q01""]",True
taihu_thqbca_history,storage\raw\taihu_thqbca_parsed\thqbca_observations.csv,23336,TAIHU_CLIMATE,,2004-01-26T16:00:00+00:00,,,precipitation,precipitation,,,mm,mm,observed,,False,,,"[""Q01""]",True
taihu_thqbca_history,storage\raw\taihu_thqbca_parsed\thqbca_observations.csv,23357,TAIHU_CLIMATE,,2004-02-16T16:00:00+00:00,,,precipitation,precipitation,,,mm,mm,observed,,False,,,"[""Q01""]",True
taihu_thqbca_history,storage\raw\taihu_thqbca_parsed\thqbca_observations.csv,23364,TAIHU_CLIMATE,,2004-02-23T16:00:00+00:00,,,precipitation,precipitation,,,mm,mm,observed,,False,,,"[""Q01""]",True
taihu_thqbca_history,storage\raw\taihu_thqbca_parsed\thqbca_observations.csv,23372,TAIHU_CLIMATE,,2004-03-02T16:00:00+00:00,,,precipitation,precipitation,,,mm,mm,observed,,False,,,"[""Q01""]",True
taihu_thqbca_history,storage\raw\taihu_thqbca_parsed\thqbca_observations.csv,23380,TAIHU_CLIMATE,,2004-03-10T16:00:00+00:00,,,precipitation,precipitation,,,mm,mm,observed,,False,,,"[""Q01""]",True
taihu_thqbca_history,storage\raw\taihu_thqbca_parsed\thqbca_observations.csv,23398,TAIHU_CLIMATE,,2004-03-28T16:00:00+00:00,,,precipitation,precipitation,,,mm,mm,observed,,False,,,"[""Q01""]",True
taihu_thqbca_history,storage\raw\taihu_thqbca_parsed\thqbca_observations.csv,23400,TAIHU_CLIMATE,,2004-03-30T16:00:00+00:00,,,precipitation,precipitation,,,mm,mm,observed,,False,,,"[""Q01""]",True
taihu_thqbca_history,storage\raw\taihu_thqbca_parsed\thqbca_observations.csv,23410,TAIHU_CLIMATE,,2004-04-09T16:00:00+00:00,,,precipitation,precipitation,,,mm,mm,observed,,False,,,"[""Q01""]",True
taihu_thqbca_history,storage\raw\taihu_thqbca_parsed\thqbca_observations.csv,23415,TAIHU_CLIMATE,,2004-04-14T16:00:00+00:00,,,precipitation,precipitation,,,mm,mm,observed,,False,,,"[""Q01""]",True
taihu_thqbca_history,storage\raw\taihu_thqbca_parsed\thqbca_observations.csv,23422,TAIHU_CLIMATE,,2004-04-21T16:00:00+00:00,,,precipitation,precipitation,,,mm,mm,observed,,False,,,"[""Q01""]",True
taihu_thqbca_history,storage\raw\taihu_thqbca_parsed\thqbca_observations.csv,23424,TAIHU_CLIMATE,,2004-04-23T16:00:00+00:00,,,precipitation,precipitation,,,mm,mm,observed,,False,,,"[""Q01""]",True
taihu_thqbca_history,storage\raw\taihu_thqbca_parsed\thqbca_observations.csv,23475,TAIHU_CLIMATE,,2004-06-13T16:00:00+00:00,,,precipitation,precipitation,,,mm,mm,observed,,False,,,"[""Q01""]",True
taihu_thqbca_history,storage\raw\taihu_thqbca_parsed\thqbca_observations.csv,23479,TAIHU_CLIMATE,,2004-06-17T16:00:00+00:00,,,precipitation,precipitation,,,mm,mm,observed,,False,,,"[""Q01""]",True
taihu_thqbca_history,storage\raw\taihu_thqbca_parsed\thqbca_observations.csv,23501,TAIHU_CLIMATE,,2004-07-09T16:00:00+00:00,,,precipitation,precipitation,,,mm,mm,observed,,False,,,"[""Q01""]",True
taihu_thqbca_history,storage\raw\taihu_thqbca_parsed\thqbca_observations.csv,23534,TAIHU_CLIMATE,,2004-08-11T16:00:00+00:00,,,precipitation,precipitation,,,mm,mm,observed,,False,,,"[""Q01""]",True
taihu_thqbca_history,storage\raw\taihu_thqbca_parsed\thqbca_observations.csv,23540,TAIHU_CLIMATE,,2004-08-17T16:00:00+00:00,,,precipitation,precipitation,,,mm,mm,observed,,False,,,"[""Q01""]",True
taihu_thqbca_history,storage\raw\taihu_thqbca_parsed\thqbca_observations.csv,23543,TAIHU_CLIMATE,,2004-08-20T16:00:00+00:00,,,precipitation,precipitation,,,mm,mm,observed,,False,,,"[""Q01""]",True
taihu_thqbca_history,storage\raw\taihu_thqbca_parsed\thqbca_observations.csv,23551,TAIHU_CLIMATE,,2004-08-28T16:00:00+00:00,,,precipitation,precipitation,,,mm,mm,observed,,False,,,"[""Q01""]",True
taihu_thqbca_history,storage\raw\taihu_thqbca_parsed\thqbca_observations.csv,23568,TAIHU_CLIMATE,,2004-09-14T16:00:00+00:00,,,precipitation,precipitation,,,mm,mm,observed,,False,,,"[""Q01""]",True
taihu_thqbca_history,storage\raw\taihu_thqbca_parsed\thqbca_observations.csv,23571,TAIHU_CLIMATE,,2004-09-17T16:00:00+00:00,,,precipitation,precipitation,,,mm,mm,observed,,False,,,"[""Q01""]",True
taihu_thqbca_history,storage\raw\taihu_thqbca_parsed\thqbca_observations.csv,23605,TAIHU_CLIMATE,,2004-10-21T16:00:00+00:00,,,precipitation,precipitation,,,mm,mm,observed,,False,,,"[""Q01""]",True
taihu_thqbca_history,storage\raw\taihu_thqbca_parsed\thqbca_observations.csv,23623,TAIHU_CLIMATE,,2004-11-08T16:00:00+00:00,,,precipitation,precipitation,,,mm,mm,observed,,False,,,"[""Q01""]",True
taihu_thqbca_history,storage\raw\taihu_thqbca_parsed\thqbca_observations.csv,23629,TAIHU_CLIMATE,,2004-11-14T16:00:00+00:00,,,precipitation,precipitation,,,mm,mm,observed,,False,,,"[""Q01""]",True
taihu_thqbca_history,storage\raw\taihu_thqbca_parsed\thqbca_observations.csv,23705,TAIHU_CLIMATE,,2005-01-29T16:00:00+00:00,,,precipitation,precipitation,,,mm,mm,observed,,False,,,"[""Q01""]",True
taihu_thqbca_history,storage\raw\taihu_thqbca_parsed\thqbca_observations.csv,23731,TAIHU_CLIMATE,,2005-02-24T16:00:00+00:00,,,precipitation,precipitation,,,mm,mm,observed,,False,,,"[""Q01""]",True
taihu_thqbca_history,storage\raw\taihu_thqbca_parsed\thqbca_observations.csv,23743,TAIHU_CLIMATE,,2005-03-08T16:00:00+00:00,,,precipitation,precipitation,,,mm,mm,observed,,False,,,"[""Q01""]",True
taihu_thqbca_history,storage\raw\taihu_thqbca_parsed\thqbca_observations.csv,23748,TAIHU_CLIMATE,,2005-03-13T16:00:00+00:00,,,precipitation,precipitation,,,mm,mm,observed,,False,,,"[""Q01""]",True
taihu_thqbca_history,storage\raw\taihu_thqbca_parsed\thqbca_observations.csv,23753,TAIHU_CLIMATE,,2005-03-18T16:00:00+00:00,,,precipitation,precipitation,,,mm,mm,observed,,False,,,"[""Q01""]",True
taihu_thqbca_history,storage\raw\taihu_thqbca_parsed\thqbca_observations.csv,23762,TAIHU_CLIMATE,,2005-03-27T16:00:00+00:00,,,precipitation,precipitation,,,mm,mm,observed,,False,,,"[""Q01""]",True
taihu_thqbca_history,storage\raw\taihu_thqbca_parsed\thqbca_observations.csv,23777,TAIHU_CLIMATE,,2005-04-11T16:00:00+00:00,,,precipitation,precipitation,,,mm,mm,observed,,False,,,"[""Q01""]",True
taihu_thqbca_history,storage\raw\taihu_thqbca_parsed\thqbca_observations.csv,23782,TAIHU_CLIMATE,,2005-04-16T16:00:00+00:00,,,precipitation,precipitation,,,mm,mm,observed,,False,,,"[""Q01""]",True
taihu_thqbca_history,storage\raw\taihu_thqbca_parsed\thqbca_observations.csv,23783,TAIHU_CLIMATE,,2005-04-17T16:00:00+00:00,,,precipitation,precipitation,,,mm,mm,observed,,False,,,"[""Q01""]",True
taihu_thqbca_history,storage\raw\taihu_thqbca_parsed\thqbca_observations.csv,23812,TAIHU_CLIMATE,,2005-05-16T16:00:00+00:00,,,precipitation,precipitation,,,mm,mm,observed,,False,,,"[""Q01""]",True
taihu_thqbca_history,storage\raw\taihu_thqbca_parsed\thqbca_observations.csv,23816,TAIHU_CLIMATE,,2005-05-20T16:00:00+00:00,,,precipitation,precipitation,,,mm,mm,observed,,False,,,"[""Q01""]",True
taihu_thqbca_history,storage\raw\taihu_thqbca_parsed\thqbca_observations.csv,23817,TAIHU_CLIMATE,,2005-05-21T16:00:00+00:00,,,precipitation,precipitation,,,mm,mm,observed,,False,,,"[""Q01""]",True
taihu_thqbca_history,storage\raw\taihu_thqbca_parsed\thqbca_observations.csv,23819,TAIHU_CLIMATE,,2005-05-23T16:00:00+00:00,,,precipitation,precipitation,,,mm,mm,observed,,False,,,"[""Q01""]",True
taihu_thqbca_history,storage\raw\taihu_thqbca_parsed\thqbca_observations.csv,23833,TAIHU_CLIMATE,,2005-06-06T16:00:00+00:00,,,precipitation,precipitation,,,mm,mm,observed,,False,,,"[""Q01""]",True
taihu_thqbca_history,storage\raw\taihu_thqbca_parsed\thqbca_observations.csv,23843,TAIHU_CLIMATE,,2005-06-16T16:00:00+00:00,,,precipitation,precipitation,,,mm,mm,observed,,False,,,"[""Q01""]",True
taihu_thqbca_history,storage\raw\taihu_thqbca_parsed\thqbca_observations.csv,23844,TAIHU_CLIMATE,,2005-06-17T16:00:00+00:00,,,precipitation,precipitation,,,mm,mm,observed,,False,,,"[""Q01""]",True
taihu_thqbca_history,storage\raw\taihu_thqbca_parsed\thqbca_observations.csv,23853,TAIHU_CLIMATE,,2005-06-26T16:00:00+00:00,,,precipitation,precipitation,,,mm,mm,observed,,False,,,"[""Q01""]",True
taihu_thqbca_history,storage\raw\taihu_thqbca_parsed\thqbca_observations.csv,23856,TAIHU_CLIMATE,,2005-06-29T16:00:00+00:00,,,precipitation,precipitation,,,mm,mm,observed,,False,,,"[""Q01""]",True
taihu_thqbca_history,storage\raw\taihu_thqbca_parsed\thqbca_observations.csv,23882,TAIHU_CLIMATE,,2005-07-25T16:00:00+00:00,,,precipitation,precipitation,,,mm,mm,observed,,False,,,"[""Q01""]",True
taihu_thqbca_history,storage\raw\taihu_thqbca_parsed\thqbca_observations.csv,23888,TAIHU_CLIMATE,,2005-07-31T16:00:00+00:00,,,precipitation,precipitation,,,mm,mm,observed,,False,,,"[""Q01""]",True
taihu_thqbca_history,storage\raw\taihu_thqbca_parsed\thqbca_observations.csv,23896,TAIHU_CLIMATE,,2005-08-08T16:00:00+00:00,,,precipitation,precipitation,,,mm,mm,observed,,False,,,"[""Q01""]",True
taihu_thqbca_history,storage\raw\taihu_thqbca_parsed\thqbca_observations.csv,23906,TAIHU_CLIMATE,,2005-08-18T16:00:00+00:00,,,precipitation,precipitation,,,mm,mm,observed,,False,,,"[""Q01""]",True
taihu_thqbca_history,storage\raw\taihu_thqbca_parsed\thqbca_observations.csv,23908,TAIHU_CLIMATE,,2005-08-20T16:00:00+00:00,,,precipitation,precipitation,,,mm,mm,observed,,False,,,"[""Q01""]",True
taihu_thqbca_history,storage\raw\taihu_thqbca_parsed\thqbca_observations.csv,23917,TAIHU_CLIMATE,,2005-08-29T16:00:00+00:00,,,precipitation,precipitation,,,mm,mm,observed,,False,,,"[""Q01""]",True
taihu_thqbca_history,storage\raw\taihu_thqbca_parsed\thqbca_observations.csv,23918,TAIHU_CLIMATE,,2005-08-30T16:00:00+00:00,,,precipitation,precipitation,,,mm,mm,observed,,False,,,"[""Q01""]",True
taihu_thqbca_history,storage\raw\taihu_thqbca_parsed\thqbca_observations.csv,23922,TAIHU_CLIMATE,,2005-09-03T16:00:00+00:00,,,precipitation,precipitation,,,mm,mm,observed,,False,,,"[""Q01""]",True
taihu_thqbca_history,storage\raw\taihu_thqbca_parsed\thqbca_observations.csv,23940,TAIHU_CLIMATE,,2005-09-21T16:00:00+00:00,,,precipitation,precipitation,,,mm,mm,observed,,False,,,"[""Q01""]",True
taihu_thqbca_history,storage\raw\taihu_thqbca_parsed\thqbca_observations.csv,23943,TAIHU_CLIMATE,,2005-09-24T16:00:00+00:00,,,precipitation,precipitation,,,mm,mm,observed,,False,,,"[""Q01""]",True
taihu_thqbca_history,storage\raw\taihu_thqbca_parsed\thqbca_observations.csv,23944,TAIHU_CLIMATE,,2005-09-25T16:00:00+00:00,,,precipitation,precipitation,,,mm,mm,observed,,False,,,"[""Q01""]",True
taihu_thqbca_history,storage\raw\taihu_thqbca_parsed\thqbca_observations.csv,23955,TAIHU_CLIMATE,,2005-10-06T16:00:00+00:00,,,precipitation,precipitation,,,mm,mm,observed,,False,,,"[""Q01""]",True
taihu_thqbca_history,storage\raw\taihu_thqbca_parsed\thqbca_observations.csv,23975,TAIHU_CLIMATE,,2005-10-26T16:00:00+00:00,,,precipitation,precipitation,,,mm,mm,observed,,False,,,"[""Q01""]",True
taihu_thqbca_history,storage\raw\taihu_thqbca_parsed\thqbca_observations.csv,23981,TAIHU_CLIMATE,,2005-11-01T16:00:00+00:00,,,precipitation,precipitation,,,mm,mm,observed,,False,,,"[""Q01""]",True
taihu_thqbca_history,storage\raw\taihu_thqbca_parsed\thqbca_observations.csv,23992,TAIHU_CLIMATE,,2005-11-12T16:00:00+00:00,,,precipitation,precipitation,,,mm,mm,observed,,False,,,"[""Q01""]",True
taihu_thqbca_history,storage\raw\taihu_thqbca_parsed\thqbca_observations.csv,23993,TAIHU_CLIMATE,,2005-11-13T16:00:00+00:00,,,precipitation,precipitation,,,mm,mm,observed,,False,,,"[""Q01""]",True
taihu_thqbca_history,storage\raw\taihu_thqbca_parsed\thqbca_observations.csv,23994,TAIHU_CLIMATE,,2005-11-14T16:00:00+00:00,,,precipitation,precipitation,,,mm,mm,observed,,False,,,"[""Q01""]",True
taihu_thqbca_history,storage\raw\taihu_thqbca_parsed\thqbca_observations.csv,24011,TAIHU_CLIMATE,,2005-12-01T16:00:00+00:00,,,precipitation,precipitation,,,mm,mm,observed,,False,,,"[""Q01""]",True
taihu_thqbca_history,storage\raw\taihu_thqbca_parsed\thqbca_observations.csv,24041,TAIHU_CLIMATE,,2005-12-31T16:00:00+00:00,,,precipitation,precipitation,,,mm,mm,observed,,False,,,"[""Q01""]",True
taihu_thqbca_history,storage\raw\taihu_thqbca_parsed\thqbca_observations.csv,24046,TAIHU_CLIMATE,,2006-01-05T16:00:00+00:00,,,precipitation,precipitation,,,mm,mm,observed,,False,,,"[""Q01""]",True
taihu_thqbca_history,storage\raw\taihu_thqbca_parsed\thqbca_observations.csv,24062,TAIHU_CLIMATE,,2006-01-21T16:00:00+00:00,,,precipitation,precipitation,,,mm,mm,observed,,False,,,"[""Q01""]",True
taihu_thqbca_history,storage\raw\taihu_thqbca_parsed\thqbca_observations.csv,24084,TAIHU_CLIMATE,,2006-02-12T16:00:00+00:00,,,precipitation,precipitation,,,mm,mm,observed,,False,,,"[""Q01""]",True
taihu_thqbca_history,storage\raw\taihu_thqbca_parsed\thqbca_observations.csv,24085,TAIHU_CLIMATE,,2006-02-13T16:00:00+00:00,,,precipitation,precipitation,,,mm,mm,observed,,False,,,"[""Q01""]",True
taihu_thqbca_history,storage\raw\taihu_thqbca_parsed\thqbca_observations.csv,24095,TAIHU_CLIMATE,,2006-02-23T16:00:00+00:00,,,precipitation,precipitation,,,mm,mm,observed,,False,,,"[""Q01""]",True
taihu_thqbca_history,storage\raw\taihu_thqbca_parsed\thqbca_observations.csv,24114,TAIHU_CLIMATE,,2006-03-14T16:00:00+00:00,,,precipitation,precipitation,,,mm,mm,observed,,False,,,"[""Q01""]",True
taihu_thqbca_history,storage\raw\taihu_thqbca_parsed\thqbca_observations.csv,24116,TAIHU_CLIMATE,,2006-03-16T16:00:00+00:00,,,precipitation,precipitation,,,mm,mm,observed,,False,,,"[""Q01""]",True
taihu_thqbca_history,storage\raw\taihu_thqbca_parsed\thqbca_observations.csv,24121,TAIHU_CLIMATE,,2006-03-21T16:00:00+00:00,,,precipitation,precipitation,,,mm,mm,observed,,False,,,"[""Q01""]",True
taihu_thqbca_history,storage\raw\taihu_thqbca_parsed\thqbca_observations.csv,24134,TAIHU_CLIMATE,,2006-04-03T16:00:00+00:00,,,precipitation,precipitation,,,mm,mm,observed,,False,,,"[""Q01""]",True
taihu_thqbca_history,storage\raw\taihu_thqbca_parsed\thqbca_observations.csv,24168,TAIHU_CLIMATE,,2006-05-07T16:00:00+00:00,,,precipitation,precipitation,,,mm,mm,observed,,False,,,"[""Q01""]",True
taihu_thqbca_history,storage\raw\taihu_thqbca_parsed\thqbca_observations.csv,24196,TAIHU_CLIMATE,,2006-06-04T16:00:00+00:00,,,precipitation,precipitation,,,mm,mm,observed,,False,,,"[""Q01""]",True
taihu_thqbca_history,storage\raw\taihu_thqbca_parsed\thqbca_observations.csv,24199,TAIHU_CLIMATE,,2006-06-07T16:00:00+00:00,,,precipitation,precipitation,,,mm,mm,observed,,False,,,"[""Q01""]",True
taihu_thqbca_history,storage\raw\taihu_thqbca_parsed\thqbca_observations.csv,24204,TAIHU_CLIMATE,,2006-06-12T16:00:00+00:00,,,precipitation,precipitation,,,mm,mm,observed,,False,,,"[""Q01""]",True
taihu_thqbca_history,storage\raw\taihu_thqbca_parsed\thqbca_observations.csv,24207,TAIHU_CLIMATE,,2006-06-15T16:00:00+00:00,,,precipitation,precipitation,,,mm,mm,observed,,False,,,"[""Q01""]",True
taihu_thqbca_history,storage\raw\taihu_thqbca_parsed\thqbca_observations.csv,24221,TAIHU_CLIMATE,,2006-06-29T16:00:00+00:00,,,precipitation,precipitation,,,mm,mm,observed,,False,,,"[""Q01""]",True
taihu_thqbca_history,storage\raw\taihu_thqbca_parsed\thqbca_observations.csv,24224,TAIHU_CLIMATE,,2006-07-02T16:00:00+00:00,,,precipitation,precipitation,,,mm,mm,observed,,False,,,"[""Q01""]",True
taihu_thqbca_history,storage\raw\taihu_thqbca_parsed\thqbca_observations.csv,24230,TAIHU_CLIMATE,,2006-07-08T16:00:00+00:00,,,precipitation,precipitation,,,mm,mm,observed,,False,,,"[""Q01""]",True
taihu_thqbca_history,storage\raw\taihu_thqbca_parsed\thqbca_observations.csv,24236,TAIHU_CLIMATE,,2006-07-14T16:00:00+00:00,,,precipitation,precipitation,,,mm,mm,observed,,False,,,"[""Q01""]",True
taihu_thqbca_history,storage\raw\taihu_thqbca_parsed\thqbca_observations.csv,24238,TAIHU_CLIMATE,,2006-07-16T16:00:00+00:00,,,precipitation,precipitation,,,mm,mm,observed,,False,,,"[""Q01""]",True
taihu_thqbca_history,storage\raw\taihu_thqbca_parsed\thqbca_observations.csv,24240,TAIHU_CLIMATE,,2006-07-18T16:00:00+00:00,,,precipitation,precipitation,,,mm,mm,observed,,False,,,"[""Q01""]",True
taihu_thqbca_history,storage\raw\taihu_thqbca_parsed\thqbca_observations.csv,24243,TAIHU_CLIMATE,,2006-07-21T16:00:00+00:00,,,precipitation,precipitation,,,mm,mm,observed,,False,,,"[""Q01""]",True
taihu_thqbca_history,storage\raw\taihu_thqbca_parsed\thqbca_observations.csv,24247,TAIHU_CLIMATE,,2006-07-25T16:00:00+00:00,,,precipitation,precipitation,,,mm,mm,observed,,False,,,"[""Q01""]",True
taihu_thqbca_history,storage\raw\taihu_thqbca_parsed\thqbca_observations.csv,24248,TAIHU_CLIMATE,,2006-07-26T16:00:00+00:00,,,precipitation,precipitation,,,mm,mm,observed,,False,,,"[""Q01""]",True
taihu_thqbca_history,storage\raw\taihu_thqbca_parsed\thqbca_observations.csv,24262,TAIHU_CLIMATE,,2006-08-09T16:00:00+00:00,,,precipitation,precipitation,,,mm,mm,observed,,False,,,"[""Q01""]",True
taihu_thqbca_history,storage\raw\taihu_thqbca_parsed\thqbca_observations.csv,24269,TAIHU_CLIMATE,,2006-08-16T16:00:00+00:00,,,precipitation,precipitation,,,mm,mm,observed,,False,,,"[""Q01""]",True
taihu_thqbca_history,storage\raw\taihu_thqbca_parsed\thqbca_observations.csv,24270,TAIHU_CLIMATE,,2006-08-17T16:00:00+00:00,,,precipitation,precipitation,,,mm,mm,observed,,False,,,"[""Q01""]",True
taihu_thqbca_history,storage\raw\taihu_thqbca_parsed\thqbca_observations.csv,24272,TAIHU_CLIMATE,,2006-08-19T16:00:00+00:00,,,precipitation,precipitation,,,mm,mm,observed,,False,,,"[""Q01""]",True
taihu_thqbca_history,storage\raw\taihu_thqbca_parsed\thqbca_observations.csv,24277,TAIHU_CLIMATE,,2006-08-24T16:00:00+00:00,,,precipitation,precipitation,,,mm,mm,observed,,False,,,"[""Q01""]",True
taihu_thqbca_history,storage\raw\taihu_thqbca_parsed\thqbca_observations.csv,24286,TAIHU_CLIMATE,,2006-09-02T16:00:00+00:00,,,precipitation,precipitation,,,mm,mm,observed,,False,,,"[""Q01""]",True
taihu_thqbca_history,storage\raw\taihu_thqbca_parsed\thqbca_observations.csv,24312,TAIHU_CLIMATE,,2006-09-28T16:00:00+00:00,,,precipitation,precipitation,,,mm,mm,observed,,False,,,"[""Q01""]",True
taihu_thqbca_history,storage\raw\taihu_thqbca_parsed\thqbca_observations.csv,24330,TAIHU_CLIMATE,,2006-10-16T16:00:00+00:00,,,precipitation,precipitation,,,mm,mm,observed,,False,,,"[""Q01""]",True
taihu_thqbca_history,storage\raw\taihu_thqbca_parsed\thqbca_observations.csv,24333,TAIHU_CLIMATE,,2006-10-19T16:00:00+00:00,,,precipitation,precipitation,,,mm,mm,observed,,False,,,"[""Q01""]",True
taihu_thqbca_history,storage\raw\taihu_thqbca_parsed\thqbca_observations.csv,24354,TAIHU_CLIMATE,,2006-11-09T16:00:00+00:00,,,precipitation,precipitation,,,mm,mm,observed,,False,,,"[""Q01""]",True
taihu_thqbca_history,storage\raw\taihu_thqbca_parsed\thqbca_observations.csv,24357,TAIHU_CLIMATE,,2006-11-12T16:00:00+00:00,,,precipitation,precipitation,,,mm,mm,observed,,False,,,"[""Q01""]",True
taihu_thqbca_history,storage\raw\taihu_thqbca_parsed\thqbca_observations.csv,24372,TAIHU_CLIMATE,,2006-11-27T16:00:00+00:00,,,precipitation,precipitation,,,mm,mm,observed,,False,,,"[""Q01""]",True
taihu_thqbca_history,storage\raw\taihu_thqbca_parsed\thqbca_observations.csv,24381,TAIHU_CLIMATE,,2006-12-06T16:00:00+00:00,,,precipitation,precipitation,,,mm,mm,observed,,False,,,"[""Q01""]",True
taihu_thqbca_history,storage\raw\taihu_thqbca_parsed\thqbca_observations.csv,24427,TAIHU_CLIMATE,,2007-01-21T16:00:00+00:00,,,precipitation,precipitation,,,mm,mm,observed,,False,,,"[""Q01""]",True
taihu_thqbca_history,storage\raw\taihu_thqbca_parsed\thqbca_observations.csv,24451,TAIHU_CLIMATE,,2007-02-14T16:00:00+00:00,,,precipitation,precipitation,,,mm,mm,observed,,False,,,"[""Q01""]",True
taihu_thqbca_history,storage\raw\taihu_thqbca_parsed\thqbca_observations.csv,24477,TAIHU_CLIMATE,,2007-03-12T16:00:00+00:00,,,precipitation,precipitation,,,mm,mm,observed,,False,,,"[""Q01""]",True
taihu_thqbca_history,storage\raw\taihu_thqbca_parsed\thqbca_observations.csv,24487,TAIHU_CLIMATE,,2007-03-22T16:00:00+00:00,,,precipitation,precipitation,,,mm,mm,observed,,False,,,"[""Q01""]",True
taihu_thqbca_history,storage\raw\taihu_thqbca_parsed\thqbca_observations.csv,24534,TAIHU_CLIMATE,,2007-05-08T16:00:00+00:00,,,precipitation,precipitation,,,mm,mm,observed,,False,,,"[""Q01""]",True
taihu_thqbca_history,storage\raw\taihu_thqbca_parsed\thqbca_observations.csv,24548,TAIHU_CLIMATE,,2007-05-22T16:00:00+00:00,,,precipitation,precipitation,,,mm,mm,observed,,False,,,"[""Q01""]",True
taihu_thqbca_history,storage\raw\taihu_thqbca_parsed\thqbca_observations.csv,24560,TAIHU_CLIMATE,,2007-06-03T16:00:00+00:00,,,precipitation,precipitation,,,mm,mm,observed,,False,,,"[""Q01""]",True
taihu_thqbca_history,storage\raw\taihu_thqbca_parsed\thqbca_observations.csv,24572,TAIHU_CLIMATE,,2007-06-15T16:00:00+00:00,,,precipitation,precipitation,,,mm,mm,observed,,False,,,"[""Q01""]",True
taihu_thqbca_history,storage\raw\taihu_thqbca_parsed\thqbca_observations.csv,24576,TAIHU_CLIMATE,,2007-06-19T16:00:00+00:00,,,precipitation,precipitation,,,mm,mm,observed,,False,,,"[""Q01""]",True
taihu_thqbca_history,storage\raw\taihu_thqbca_parsed\thqbca_observations.csv,24581,TAIHU_CLIMATE,,2007-06-24T16:00:00+00:00,,,precipitation,precipitation,,,mm,mm,observed,,False,,,"[""Q01""]",True
taihu_thqbca_history,storage\raw\taihu_thqbca_parsed\thqbca_observations.csv,24582,TAIHU_CLIMATE,,2007-06-25T16:00:00+00:00,,,precipitation,precipitation,,,mm,mm,observed,,False,,,"[""Q01""]",True
taihu_thqbca_history,storage\raw\taihu_thqbca_parsed\thqbca_observations.csv,24586,TAIHU_CLIMATE,,2007-06-29T16:00:00+00:00,,,precipitation,precipitation,,,mm,mm,observed,,False,,,"[""Q01""]",True
taihu_thqbca_history,storage\raw\taihu_thqbca_parsed\thqbca_observations.csv,24592,TAIHU_CLIMATE,,2007-07-05T16:00:00+00:00,,,precipitation,precipitation,,,mm,mm,observed,,False,,,"[""Q01""]",True
taihu_thqbca_history,storage\raw\taihu_thqbca_parsed\thqbca_observations.csv,24593,TAIHU_CLIMATE,,2007-07-06T16:00:00+00:00,,,precipitation,precipitation,,,mm,mm,observed,,False,,,"[""Q01""]",True
taihu_thqbca_history,storage\raw\taihu_thqbca_parsed\thqbca_observations.csv,24595,TAIHU_CLIMATE,,2007-07-08T16:00:00+00:00,,,precipitation,precipitation,,,mm,mm,observed,,False,,,"[""Q01""]",True
taihu_thqbca_history,storage\raw\taihu_thqbca_parsed\thqbca_observations.csv,24604,TAIHU_CLIMATE,,2007-07-17T16:00:00+00:00,,,precipitation,precipitation,,,mm,mm,observed,,False,,,"[""Q01""]",True
taihu_thqbca_history,storage\raw\taihu_thqbca_parsed\thqbca_observations.csv,24607,TAIHU_CLIMATE,,2007-07-20T16:00:00+00:00,,,precipitation,precipitation,,,mm,mm,observed,,False,,,"[""Q01""]",True
taihu_thqbca_history,storage\raw\taihu_thqbca_parsed\thqbca_observations.csv,24610,TAIHU_CLIMATE,,2007-07-23T16:00:00+00:00,,,precipitation,precipitation,,,mm,mm,observed,,False,,,"[""Q01""]",True
taihu_thqbca_history,storage\raw\taihu_thqbca_parsed\thqbca_observations.csv,24613,TAIHU_CLIMATE,,2007-07-26T16:00:00+00:00,,,precipitation,precipitation,,,mm,mm,observed,,False,,,"[""Q01""]",True
taihu_thqbca_history,storage\raw\taihu_thqbca_parsed\thqbca_observations.csv,24628,TAIHU_CLIMATE,,2007-08-10T16:00:00+00:00,,,precipitation,precipitation,,,mm,mm,observed,,False,,,"[""Q01""]",True
taihu_thqbca_history,storage\raw\taihu_thqbca_parsed\thqbca_observations.csv,24629,TAIHU_CLIMATE,,2007-08-11T16:00:00+00:00,,,precipitation,precipitation,,,mm,mm,observed,,False,,,"[""Q01""]",True
taihu_thqbca_history,storage\raw\taihu_thqbca_parsed\thqbca_observations.csv,24640,TAIHU_CLIMATE,,2007-08-22T16:00:00+00:00,,,precipitation,precipitation,,,mm,mm,observed,,False,,,"[""Q01""]",True
taihu_thqbca_history,storage\raw\taihu_thqbca_parsed\thqbca_observations.csv,24648,TAIHU_CLIMATE,,2007-08-30T16:00:00+00:00,,,precipitation,precipitation,,,mm,mm,observed,,False,,,"[""Q01""]",True
taihu_thqbca_history,storage\raw\taihu_thqbca_parsed\thqbca_observations.csv,24649,TAIHU_CLIMATE,,2007-08-31T16:00:00+00:00,,,precipitation,precipitation,,,mm,mm,observed,,False,,,"[""Q01""]",True
taihu_thqbca_history,storage\raw\taihu_thqbca_parsed\thqbca_observations.csv,24657,TAIHU_CLIMATE,,2007-09-08T16:00:00+00:00,,,precipitation,precipitation,,,mm,mm,observed,,False,,,"[""Q01""]",True
taihu_thqbca_history,storage\raw\taihu_thqbca_parsed\thqbca_observations.csv,24692,TAIHU_CLIMATE,,2007-10-13T16:00:00+00:00,,,precipitation,precipitation,,,mm,mm,observed,,False,,,"[""Q01""]",True
taihu_thqbca_history,storage\raw\taihu_thqbca_parsed\thqbca_observations.csv,24703,TAIHU_CLIMATE,,2007-10-24T16:00:00+00:00,,,precipitation,precipitation,,,mm,mm,observed,,False,,,"[""Q01""]",True
taihu_thqbca_history,storage\raw\taihu_thqbca_parsed\thqbca_observations.csv,24714,TAIHU_CLIMATE,,2007-11-04T16:00:00+00:00,,,precipitation,precipitation,,,mm,mm,observed,,False,,,"[""Q01""]",True
taihu_thqbca_history,storage\raw\taihu_thqbca_parsed\thqbca_observations.csv,24724,TAIHU_CLIMATE,,2007-11-14T16:00:00+00:00,,,precipitation,precipitation,,,mm,mm,observed,,False,,,"[""Q01""]",True
taihu_thqbca_history,storage\raw\taihu_thqbca_parsed\thqbca_observations.csv,24735,TAIHU_CLIMATE,,2007-11-25T16:00:00+00:00,,,precipitation,precipitation,,,mm,mm,observed,,False,,,"[""Q01""]",True
taihu_thqbca_history,storage\raw\taihu_thqbca_parsed\thqbca_observations.csv,24750,TAIHU_CLIMATE,,2007-12-10T16:00:00+00:00,,,precipitation,precipitation,,,mm,mm,observed,,False,,,"[""Q01""]",True
taihu_thqbca_history,storage\raw\taihu_thqbca_parsed\thqbca_observations.csv,24763,TAIHU_CLIMATE,,2007-12-23T16:00:00+00:00,,,precipitation,precipitation,,,mm,mm,observed,,False,,,"[""Q01""]",True
taihu_thqbca_history,storage\raw\taihu_thqbca_parsed\thqbca_observations.csv,24768,TAIHU_CLIMATE,,2007-12-28T16:00:00+00:00,,,precipitation,precipitation,,,mm,mm,observed,,False,,,"[""Q01""]",True
taihu_thqbca_history,storage\raw\taihu_thqbca_parsed\thqbca_observations.csv,24786,TAIHU_CLIMATE,,2008-01-15T16:00:00+00:00,,,precipitation,precipitation,,,mm,mm,observed,,False,,,"[""Q01""]",True
taihu_thqbca_history,storage\raw\taihu_thqbca_parsed\thqbca_observations.csv,24788,TAIHU_CLIMATE,,2008-01-17T16:00:00+00:00,,,precipitation,precipitation,,,mm,mm,observed,,False,,,"[""Q01""]",True
taihu_thqbca_history,storage\raw\taihu_thqbca_parsed\thqbca_observations.csv,24795,TAIHU_CLIMATE,,2008-01-24T16:00:00+00:00,,,precipitation,precipitation,,,mm,mm,observed,,False,,,"[""Q01""]",True
taihu_thqbca_history,storage\raw\taihu_thqbca_parsed\thqbca_observations.csv,24800,TAIHU_CLIMATE,,2008-01-29T16:00:00+00:00,,,precipitation,precipitation,,,mm,mm,observed,,False,,,"[""Q01""]",True
taihu_thqbca_history,storage\raw\taihu_thqbca_parsed\thqbca_observations.csv,24836,TAIHU_CLIMATE,,2008-03-05T16:00:00+00:00,,,precipitation,precipitation,,,mm,mm,observed,,False,,,"[""Q01""]",True
taihu_thqbca_history,storage\raw\taihu_thqbca_parsed\thqbca_observations.csv,24839,TAIHU_CLIMATE,,2008-03-08T16:00:00+00:00,,,precipitation,precipitation,,,mm,mm,observed,,False,,,"[""Q01""]",True
taihu_thqbca_history,storage\raw\taihu_thqbca_parsed\thqbca_observations.csv,24862,TAIHU_CLIMATE,,2008-03-31T16:00:00+00:00,,,precipitation,precipitation,,,mm,mm,observed,,False,,,"[""Q01""]",True
taihu_thqbca_history,storage\raw\taihu_thqbca_parsed\thqbca_observations.csv,24874,TAIHU_CLIMATE,,2008-04-12T16:00:00+00:00,,,precipitation,precipitation,,,mm,mm,observed,,False,,,"[""Q01""]",True
taihu_thqbca_history,storage\raw\taihu_thqbca_parsed\thqbca_observations.csv,24883,TAIHU_CLIMATE,,2008-04-21T16:00:00+00:00,,,precipitation,precipitation,,,mm,mm,observed,,False,,,"[""Q01""]",True
taihu_thqbca_history,storage\raw\taihu_thqbca_parsed\thqbca_observations.csv,24884,TAIHU_CLIMATE,,2008-04-22T16:00:00+00:00,,,precipitation,precipitation,,,mm,mm,observed,,False,,,"[""Q01""]",True
taihu_thqbca_history,storage\raw\taihu_thqbca_parsed\thqbca_observations.csv,24914,TAIHU_CLIMATE,,2008-05-22T16:00:00+00:00,,,precipitation,precipitation,,,mm,mm,observed,,False,,,"[""Q01""]",True
taihu_thqbca_history,storage\raw\taihu_thqbca_parsed\thqbca_observations.csv,24938,TAIHU_CLIMATE,,2008-06-15T16:00:00+00:00,,,precipitation,precipitation,,,mm,mm,observed,,False,,,"[""Q01""]",True
taihu_thqbca_history,storage\raw\taihu_thqbca_parsed\thqbca_observations.csv,24943,TAIHU_CLIMATE,,2008-06-20T16:00:00+00:00,,,precipitation,precipitation,,,mm,mm,observed,,False,,,"[""Q01""]",True
taihu_thqbca_history,storage\raw\taihu_thqbca_parsed\thqbca_observations.csv,24948,TAIHU_CLIMATE,,2008-06-25T16:00:00+00:00,,,precipitation,precipitation,,,mm,mm,observed,,False,,,"[""Q01""]",True
taihu_thqbca_history,storage\raw\taihu_thqbca_parsed\thqbca_observations.csv,24962,TAIHU_CLIMATE,,2008-07-09T16:00:00+00:00,,,precipitation,precipitation,,,mm,mm,observed,,False,,,"[""Q01""]",True
taihu_thqbca_history,storage\raw\taihu_thqbca_parsed\thqbca_observations.csv,24968,TAIHU_CLIMATE,,2008-07-15T16:00:00+00:00,,,precipitation,precipitation,,,mm,mm,observed,,False,,,"[""Q01""]",True
taihu_thqbca_history,storage\raw\taihu_thqbca_parsed\thqbca_observations.csv,24986,TAIHU_CLIMATE,,2008-08-02T16:00:00+00:00,,,precipitation,precipitation,,,mm,mm,observed,,False,,,"[""Q01""]",True
taihu_thqbca_history,storage\raw\taihu_thqbca_parsed\thqbca_observations.csv,24992,TAIHU_CLIMATE,,2008-08-08T16:00:00+00:00,,,precipitation,precipitation,,,mm,mm,observed,,False,,,"[""Q01""]",True
taihu_thqbca_history,storage\raw\taihu_thqbca_parsed\thqbca_observations.csv,24993,TAIHU_CLIMATE,,2008-08-09T16:00:00+00:00,,,precipitation,precipitation,,,mm,mm,observed,,False,,,"[""Q01""]",True
taihu_thqbca_history,storage\raw\taihu_thqbca_parsed\thqbca_observations.csv,25020,TAIHU_CLIMATE,,2008-09-05T16:00:00+00:00,,,precipitation,precipitation,,,mm,mm,observed,,False,,,"[""Q01""]",True
taihu_thqbca_history,storage\raw\taihu_thqbca_parsed\thqbca_observations.csv,25027,TAIHU_CLIMATE,,2008-09-12T16:00:00+00:00,,,precipitation,precipitation,,,mm,mm,observed,,False,,,"[""Q01""]",True
taihu_thqbca_history,storage\raw\taihu_thqbca_parsed\thqbca_observations.csv,25028,TAIHU_CLIMATE,,2008-09-13T16:00:00+00:00,,,precipitation,precipitation,,,mm,mm,observed,,False,,,"[""Q01""]",True
taihu_thqbca_history,storage\raw\taihu_thqbca_parsed\thqbca_observations.csv,25034,TAIHU_CLIMATE,,2008-09-19T16:00:00+00:00,,,precipitation,precipitation,,,mm,mm,observed,,False,,,"[""Q01""]",True
taihu_thqbca_history,storage\raw\taihu_thqbca_parsed\thqbca_observations.csv,25053,TAIHU_CLIMATE,,2008-10-08T16:00:00+00:00,,,precipitation,precipitation,,,mm,mm,observed,,False,,,"[""Q01""]",True
taihu_thqbca_history,storage\raw\taihu_thqbca_parsed\thqbca_observations.csv,25055,TAIHU_CLIMATE,,2008-10-10T16:00:00+00:00,,,precipitation,precipitation,,,mm,mm,observed,,False,,,"[""Q01""]",True
taihu_thqbca_history,storage\raw\taihu_thqbca_parsed\thqbca_observations.csv,25065,TAIHU_CLIMATE,,2008-10-20T16:00:00+00:00,,,precipitation,precipitation,,,mm,mm,observed,,False,,,"[""Q01""]",True
taihu_thqbca_history,storage\raw\taihu_thqbca_parsed\thqbca_observations.csv,25080,TAIHU_CLIMATE,,2008-11-04T16:00:00+00:00,,,precipitation,precipitation,,,mm,mm,observed,,False,,,"[""Q01""]",True
taihu_thqbca_history,storage\raw\taihu_thqbca_parsed\thqbca_observations.csv,25092,TAIHU_CLIMATE,,2008-11-16T16:00:00+00:00,,,precipitation,precipitation,,,mm,mm,observed,,False,,,"[""Q01""]",True
taihu_thqbca_history,storage\raw\taihu_thqbca_parsed\thqbca_observations.csv,25101,TAIHU_CLIMATE,,2008-11-25T16:00:00+00:00,,,precipitation,precipitation,,,mm,mm,observed,,False,,,"[""Q01""]",True
taihu_thqbca_history,storage\raw\taihu_thqbca_parsed\thqbca_observations.csv,25144,TAIHU_CLIMATE,,2009-01-07T16:00:00+00:00,,,precipitation,precipitation,,,mm,mm,observed,,False,,,"[""Q01""]",True
taihu_thqbca_history,storage\raw\taihu_thqbca_parsed\thqbca_observations.csv,25155,TAIHU_CLIMATE,,2009-01-18T16:00:00+00:00,,,precipitation,precipitation,,,mm,mm,observed,,False,,,"[""Q01""]",True
taihu_thqbca_history,storage\raw\taihu_thqbca_parsed\thqbca_observations.csv,25171,TAIHU_CLIMATE,,2009-02-03T16:00:00+00:00,,,precipitation,precipitation,,,mm,mm,observed,,False,,,"[""Q01""]",True
taihu_thqbca_history,storage\raw\taihu_thqbca_parsed\thqbca_observations.csv,25176,TAIHU_CLIMATE,,2009-02-08T16:00:00+00:00,,,precipitation,precipitation,,,mm,mm,observed,,False,,,"[""Q01""]",True
taihu_thqbca_history,storage\raw\taihu_thqbca_parsed\thqbca_observations.csv,25188,TAIHU_CLIMATE,,2009-02-20T16:00:00+00:00,,,precipitation,precipitation,,,mm,mm,observed,,False,,,"[""Q01""]",True
taihu_thqbca_history,storage\raw\taihu_thqbca_parsed\thqbca_observations.csv,25214,TAIHU_CLIMATE,,2009-03-18T16:00:00+00:00,,,precipitation,precipitation,,,mm,mm,observed,,False,,,"[""Q01""]",True
taihu_thqbca_history,storage\raw\taihu_thqbca_parsed\thqbca_observations.csv,25228,TAIHU_CLIMATE,,2009-04-01T16:00:00+00:00,,,precipitation,precipitation,,,mm,mm,observed,,False,,,"[""Q01""]",True
taihu_thqbca_history,storage\raw\taihu_thqbca_parsed\thqbca_observations.csv,25229,TAIHU_CLIMATE,,2009-04-02T16:00:00+00:00,,,precipitation,precipitation,,,mm,mm,observed,,False,,,"[""Q01""]",True
taihu_thqbca_history,storage\raw\taihu_thqbca_parsed\thqbca_observations.csv,25242,TAIHU_CLIMATE,,2009-04-15T16:00:00+00:00,,,precipitation,precipitation,,,mm,mm,observed,,False,,,"[""Q01""]",True
taihu_thqbca_history,storage\raw\taihu_thqbca_parsed\thqbca_observations.csv,25269,TAIHU_CLIMATE,,2009-05-12T16:00:00+00:00,,,precipitation,precipitation,,,mm,mm,observed,,False,,,"[""Q01""]",True
taihu_thqbca_history,storage\raw\taihu_thqbca_parsed\thqbca_observations.csv,25295,TAIHU_CLIMATE,,2009-06-07T16:00:00+00:00,,,precipitation,precipitation,,,mm,mm,observed,,False,,,"[""Q01""]",True
taihu_thqbca_history,storage\raw\taihu_thqbca_parsed\thqbca_observations.csv,25350,TAIHU_CLIMATE,,2009-08-01T16:00:00+00:00,,,precipitation,precipitation,,,mm,mm,observed,,False,,,"[""Q01""]",True
taihu_thqbca_history,storage\raw\taihu_thqbca_parsed\thqbca_observations.csv,25353,TAIHU_CLIMATE,,2009-08-04T16:00:00+00:00,,,precipitation,precipitation,,,mm,mm,observed,,False,,,"[""Q01""]",True
taihu_thqbca_history,storage\raw\taihu_thqbca_parsed\thqbca_observations.csv,25369,TAIHU_CLIMATE,,2009-08-20T16:00:00+00:00,,,precipitation,precipitation,,,mm,mm,observed,,False,,,"[""Q01""]",True
taihu_thqbca_history,storage\raw\taihu_thqbca_parsed\thqbca_observations.csv,25371,TAIHU_CLIMATE,,2009-08-22T16:00:00+00:00,,,precipitation,precipitation,,,mm,mm,observed,,False,,,"[""Q01""]",True
taihu_thqbca_history,storage\raw\taihu_thqbca_parsed\thqbca_observations.csv,25378,TAIHU_CLIMATE,,2009-08-29T16:00:00+00:00,,,precipitation,precipitation,,,mm,mm,observed,,False,,,"[""Q01""]",True
taihu_thqbca_history,storage\raw\taihu_thqbca_parsed\thqbca_observations.csv,25404,TAIHU_CLIMATE,,2009-09-24T16:00:00+00:00,,,precipitation,precipitation,,,mm,mm,observed,,False,,,"[""Q01""]",True
taihu_thqbca_history,storage\raw\taihu_thqbca_parsed\thqbca_observations.csv,25407,TAIHU_CLIMATE,,2009-09-27T16:00:00+00:00,,,precipitation,precipitation,,,mm,mm,observed,,False,,,"[""Q01""]",True
taihu_thqbca_history,storage\raw\taihu_thqbca_parsed\thqbca_observations.csv,25408,TAIHU_CLIMATE,,2009-09-28T16:00:00+00:00,,,precipitation,precipitation,,,mm,mm,observed,,False,,,"[""Q01""]",True
taihu_thqbca_history,storage\raw\taihu_thqbca_parsed\thqbca_observations.csv,25418,TAIHU_CLIMATE,,2009-10-08T16:00:00+00:00,,,precipitation,precipitation,,,mm,mm,observed,,False,,,"[""Q01""]",True
taihu_thqbca_history,storage\raw\taihu_thqbca_parsed\thqbca_observations.csv,25419,TAIHU_CLIMATE,,2009-10-09T16:00:00+00:00,,,precipitation,precipitation,,,mm,mm,observed,,False,,,"[""Q01""]",True
taihu_thqbca_history,storage\raw\taihu_thqbca_parsed\thqbca_observations.csv,25420,TAIHU_CLIMATE,,2009-10-10T16:00:00+00:00,,,precipitation,precipitation,,,mm,mm,observed,,False,,,"[""Q01""]",True
taihu_thqbca_history,storage\raw\taihu_thqbca_parsed\thqbca_observations.csv,25428,TAIHU_CLIMATE,,2009-10-18T16:00:00+00:00,,,precipitation,precipitation,,,mm,mm,observed,,False,,,"[""Q01""]",True
taihu_thqbca_history,storage\raw\taihu_thqbca_parsed\thqbca_observations.csv,25439,TAIHU_CLIMATE,,2009-10-29T16:00:00+00:00,,,precipitation,precipitation,,,mm,mm,observed,,False,,,"[""Q01""]",True
taihu_thqbca_history,storage\raw\taihu_thqbca_parsed\thqbca_observations.csv,25442,TAIHU_CLIMATE,,2009-11-01T16:00:00+00:00,,,precipitation,precipitation,,,mm,mm,observed,,False,,,"[""Q01""]",True
taihu_thqbca_history,storage\raw\taihu_thqbca_parsed\thqbca_observations.csv,25451,TAIHU_CLIMATE,,2009-11-10T16:00:00+00:00,,,precipitation,precipitation,,,mm,mm,observed,,False,,,"[""Q01""]",True
taihu_thqbca_history,storage\raw\taihu_thqbca_parsed\thqbca_observations.csv,25459,TAIHU_CLIMATE,,2009-11-18T16:00:00+00:00,,,precipitation,precipitation,,,mm,mm,observed,,False,,,"[""Q01""]",True
taihu_thqbca_history,storage\raw\taihu_thqbca_parsed\thqbca_observations.csv,25467,TAIHU_CLIMATE,,2009-11-26T16:00:00+00:00,,,precipitation,precipitation,,,mm,mm,observed,,False,,,"[""Q01""]",True
taihu_thqbca_history,storage\raw\taihu_thqbca_parsed\thqbca_observations.csv,25468,TAIHU_CLIMATE,,2009-11-27T16:00:00+00:00,,,precipitation,precipitation,,,mm,mm,observed,,False,,,"[""Q01""]",True
taihu_thqbca_history,storage\raw\taihu_thqbca_parsed\thqbca_observations.csv,25521,TAIHU_CLIMATE,,2010-01-19T16:00:00+00:00,,,precipitation,precipitation,,,mm,mm,observed,,False,,,"[""Q01""]",True
taihu_thqbca_history,storage\raw\taihu_thqbca_parsed\thqbca_observations.csv,25531,TAIHU_CLIMATE,,2010-01-29T16:00:00+00:00,,,precipitation,precipitation,,,mm,mm,observed,,False,,,"[""Q01""]",True
taihu_thqbca_history,storage\raw\taihu_thqbca_parsed\thqbca_observations.csv,25582,TAIHU_CLIMATE,,2010-03-21T16:00:00+00:00,,,precipitation,precipitation,,,mm,mm,observed,,False,,,"[""Q01""]",True
taihu_thqbca_history,storage\raw\taihu_thqbca_parsed\thqbca_observations.csv,25598,TAIHU_CLIMATE,,2010-04-06T16:00:00+00:00,,,precipitation,precipitation,,,mm,mm,observed,,False,,,"[""Q01""]",True
taihu_thqbca_history,storage\raw\taihu_thqbca_parsed\thqbca_observations.csv,25606,TAIHU_CLIMATE,,2010-04-14T16:00:00+00:00,,,precipitation,precipitation,,,mm,mm,observed,,False,,,"[""Q01""]",True
taihu_thqbca_history,storage\raw\taihu_thqbca_parsed\thqbca_observations.csv,25616,TAIHU_CLIMATE,,2010-04-24T16:00:00+00:00,,,precipitation,precipitation,,,mm,mm,observed,,False,,,"[""Q01""]",True
taihu_thqbca_history,storage\raw\taihu_thqbca_parsed\thqbca_observations.csv,25634,TAIHU_CLIMATE,,2010-05-12T16:00:00+00:00,,,precipitation,precipitation,,,mm,mm,observed,,False,,,"[""Q01""]",True
taihu_thqbca_history,storage\raw\taihu_thqbca_parsed\thqbca_observations.csv,25636,TAIHU_CLIMATE,,2010-05-14T16:00:00+00:00,,,precipitation,precipitation,,,mm,mm,observed,,False,,,"[""Q01""]",True
taihu_thqbca_history,storage\raw\taihu_thqbca_parsed\thqbca_observations.csv,25656,TAIHU_CLIMATE,,2010-06-03T16:00:00+00:00,,,precipitation,precipitation,,,mm,mm,observed,,False,,,"[""Q01""]",True
taihu_thqbca_history,storage\raw\taihu_thqbca_parsed\thqbca_observations.csv,25679,TAIHU_CLIMATE,,2010-06-26T16:00:00+00:00,,,precipitation,precipitation,,,mm,mm,observed,,False,,,"[""Q01""]",True
taihu_thqbca_history,storage\raw\taihu_thqbca_parsed\thqbca_observations.csv,25683,TAIHU_CLIMATE,,2010-06-30T16:00:00+00:00,,,precipitation,precipitation,,,mm,mm,observed,,False,,,"[""Q01""]",True
taihu_thqbca_history,storage\raw\taihu_thqbca_parsed\thqbca_observations.csv,25692,TAIHU_CLIMATE,,2010-07-09T16:00:00+00:00,,,precipitation,precipitation,,,mm,mm,observed,,False,,,"[""Q01""]",True
taihu_thqbca_history,storage\raw\taihu_thqbca_parsed\thqbca_observations.csv,25699,TAIHU_CLIMATE,,2010-07-16T16:00:00+00:00,,,precipitation,precipitation,,,mm,mm,observed,,False,,,"[""Q01""]",True
taihu_thqbca_history,storage\raw\taihu_thqbca_parsed\thqbca_observations.csv,25704,TAIHU_CLIMATE,,2010-07-21T16:00:00+00:00,,,precipitation,precipitation,,,mm,mm,observed,,False,,,"[""Q01""]",True
taihu_thqbca_history,storage\raw\taihu_thqbca_parsed\thqbca_observations.csv,25707,TAIHU_CLIMATE,,2010-07-24T16:00:00+00:00,,,precipitation,precipitation,,,mm,mm,observed,,False,,,"[""Q01""]",True
taihu_thqbca_history,storage\raw\taihu_thqbca_parsed\thqbca_observations.csv,25708,TAIHU_CLIMATE,,2010-07-25T16:00:00+00:00,,,precipitation,precipitation,,,mm,mm,observed,,False,,,"[""Q01""]",True
taihu_thqbca_history,storage\raw\taihu_thqbca_parsed\thqbca_observations.csv,25712,TAIHU_CLIMATE,,2010-07-29T16:00:00+00:00,,,precipitation,precipitation,,,mm,mm,observed,,False,,,"[""Q01""]",True
taihu_thqbca_history,storage\raw\taihu_thqbca_parsed\thqbca_observations.csv,25717,TAIHU_CLIMATE,,2010-08-03T16:00:00+00:00,,,precipitation,precipitation,,,mm,mm,observed,,False,,,"[""Q01""]",True
taihu_thqbca_history,storage\raw\taihu_thqbca_parsed\thqbca_observations.csv,25719,TAIHU_CLIMATE,,2010-08-05T16:00:00+00:00,,,precipitation,precipitation,,,mm,mm,observed,,False,,,"[""Q01""]",True
taihu_thqbca_history,storage\raw\taihu_thqbca_parsed\thqbca_observations.csv,25730,TAIHU_CLIMATE,,2010-08-16T16:00:00+00:00,,,precipitation,precipitation,,,mm,mm,observed,,False,,,"[""Q01""]",True
taihu_thqbca_history,storage\raw\taihu_thqbca_parsed\thqbca_observations.csv,25741,TAIHU_CLIMATE,,2010-08-27T16:00:00+00:00,,,precipitation,precipitation,,,mm,mm,observed,,False,,,"[""Q01""]",True
taihu_thqbca_history,storage\raw\taihu_thqbca_parsed\thqbca_observations.csv,25745,TAIHU_CLIMATE,,2010-08-31T16:00:00+00:00,,,precipitation,precipitation,,,mm,mm,observed,,False,,,"[""Q01""]",True
taihu_thqbca_history,storage\raw\taihu_thqbca_parsed\thqbca_observations.csv,25747,TAIHU_CLIMATE,,2010-09-02T16:00:00+00:00,,,precipitation,precipitation,,,mm,mm,observed,,False,,,"[""Q01""]",True
taihu_thqbca_history,storage\raw\taihu_thqbca_parsed\thqbca_observations.csv,25769,TAIHU_CLIMATE,,2010-09-24T16:00:00+00:00,,,precipitation,precipitation,,,mm,mm,observed,,False,,,"[""Q01""]",True
taihu_thqbca_history,storage\raw\taihu_thqbca_parsed\thqbca_observations.csv,25775,TAIHU_CLIMATE,,2010-09-30T16:00:00+00:00,,,precipitation,precipitation,,,mm,mm,observed,,False,,,"[""Q01""]",True
taihu_thqbca_history,storage\raw\taihu_thqbca_parsed\thqbca_observations.csv,25800,TAIHU_CLIMATE,,2010-10-25T16:00:00+00:00,,,precipitation,precipitation,,,mm,mm,observed,,False,,,"[""Q01""]",True
taihu_thqbca_history,storage\raw\taihu_thqbca_parsed\thqbca_observations.csv,25819,TAIHU_CLIMATE,,2010-11-13T16:00:00+00:00,,,precipitation,precipitation,,,mm,mm,observed,,False,,,"[""Q01""]",True
taihu_thqbca_history,storage\raw\taihu_thqbca_parsed\thqbca_observations.csv,25835,TAIHU_CLIMATE,,2010-11-29T16:00:00+00:00,,,precipitation,precipitation,,,mm,mm,observed,,False,,,"[""Q01""]",True
taihu_thqbca_history,storage\raw\taihu_thqbca_parsed\thqbca_observations.csv,25841,TAIHU_CLIMATE,,2010-12-05T16:00:00+00:00,,,precipitation,precipitation,,,mm,mm,observed,,False,,,"[""Q01""]",True
taihu_thqbca_history,storage\raw\taihu_thqbca_parsed\thqbca_observations.csv,25851,TAIHU_CLIMATE,,2010-12-15T16:00:00+00:00,,,precipitation,precipitation,,,mm,mm,observed,,False,,,"[""Q01""]",True
taihu_thqbca_history,storage\raw\taihu_thqbca_parsed\thqbca_observations.csv,25868,TAIHU_CLIMATE,,2011-01-01T16:00:00+00:00,,,precipitation,precipitation,,,mm,mm,observed,,False,,,"[""Q01""]",True
taihu_thqbca_history,storage\raw\taihu_thqbca_parsed\thqbca_observations.csv,25895,TAIHU_CLIMATE,,2011-01-28T16:00:00+00:00,,,precipitation,precipitation,,,mm,mm,observed,,False,,,"[""Q01""]",True
taihu_thqbca_history,storage\raw\taihu_thqbca_parsed\thqbca_observations.csv,25910,TAIHU_CLIMATE,,2011-02-12T16:00:00+00:00,,,precipitation,precipitation,,,mm,mm,observed,,False,,,"[""Q01""]",True
taihu_thqbca_history,storage\raw\taihu_thqbca_parsed\thqbca_observations.csv,25923,TAIHU_CLIMATE,,2011-02-25T16:00:00+00:00,,,precipitation,precipitation,,,mm,mm,observed,,False,,,"[""Q01""]",True
taihu_thqbca_history,storage\raw\taihu_thqbca_parsed\thqbca_observations.csv,25924,TAIHU_CLIMATE,,2011-02-26T16:00:00+00:00,,,precipitation,precipitation,,,mm,mm,observed,,False,,,"[""Q01""]",True
taihu_thqbca_history,storage\raw\taihu_thqbca_parsed\thqbca_observations.csv,25930,TAIHU_CLIMATE,,2011-03-04T16:00:00+00:00,,,precipitation,precipitation,,,mm,mm,observed,,False,,,"[""Q01""]",True
taihu_thqbca_history,storage\raw\taihu_thqbca_parsed\thqbca_observations.csv,25938,TAIHU_CLIMATE,,2011-03-12T16:00:00+00:00,,,precipitation,precipitation,,,mm,mm,observed,,False,,,"[""Q01""]",True
taihu_thqbca_history,storage\raw\taihu_thqbca_parsed\thqbca_observations.csv,25995,TAIHU_CLIMATE,,2011-05-08T16:00:00+00:00,,,precipitation,precipitation,,,mm,mm,observed,,False,,,"[""Q01""]",True
taihu_thqbca_history,storage\raw\taihu_thqbca_parsed\thqbca_observations.csv,26017,TAIHU_CLIMATE,,2011-05-30T16:00:00+00:00,,,precipitation,precipitation,,,mm,mm,observed,,False,,,"[""Q01""]",True
taihu_thqbca_history,storage\raw\taihu_thqbca_parsed\thqbca_observations.csv,26041,TAIHU_CLIMATE,,2011-06-23T16:00:00+00:00,,,precipitation,precipitation,,,mm,mm,observed,,False,,,"[""Q01""]",True
taihu_thqbca_history,storage\raw\taihu_thqbca_parsed\thqbca_observations.csv,26055,TAIHU_CLIMATE,,2011-07-07T16:00:00+00:00,,,precipitation,precipitation,,,mm,mm,observed,,False,,,"[""Q01""]",True
taihu_thqbca_history,storage\raw\taihu_thqbca_parsed\thqbca_observations.csv,26061,TAIHU_CLIMATE,,2011-07-13T16:00:00+00:00,,,precipitation,precipitation,,,mm,mm,observed,,False,,,"[""Q01""]",True
taihu_thqbca_history,storage\raw\taihu_thqbca_parsed\thqbca_observations.csv,26062,TAIHU_CLIMATE,,2011-07-14T16:00:00+00:00,,,precipitation,precipitation,,,mm,mm,observed,,False,,,"[""Q01""]",True
taihu_thqbca_history,storage\raw\taihu_thqbca_parsed\thqbca_observations.csv,26063,TAIHU_CLIMATE,,2011-07-15T16:00:00+00:00,,,precipitation,precipitation,,,mm,mm,observed,,False,,,"[""Q01""]",True
taihu_thqbca_history,storage\raw\taihu_thqbca_parsed\thqbca_observations.csv,26070,TAIHU_CLIMATE,,2011-07-22T16:00:00+00:00,,,precipitation,precipitation,,,mm,mm,observed,,False,,,"[""Q01""]",True
taihu_thqbca_history,storage\raw\taihu_thqbca_parsed\thqbca_observations.csv,26071,TAIHU_CLIMATE,,2011-07-23T16:00:00+00:00,,,precipitation,precipitation,,,mm,mm,observed,,False,,,"[""Q01""]",True
taihu_thqbca_history,storage\raw\taihu_thqbca_parsed\thqbca_observations.csv,26073,TAIHU_CLIMATE,,2011-07-25T16:00:00+00:00,,,precipitation,precipitation,,,mm,mm,observed,,False,,,"[""Q01""]",True
taihu_thqbca_history,storage\raw\taihu_thqbca_parsed\thqbca_observations.csv,26079,TAIHU_CLIMATE,,2011-07-31T16:00:00+00:00,,,precipitation,precipitation,,,mm,mm,observed,,False,,,"[""Q01""]",True
taihu_thqbca_history,storage\raw\taihu_thqbca_parsed\thqbca_observations.csv,26085,TAIHU_CLIMATE,,2011-08-06T16:00:00+00:00,,,precipitation,precipitation,,,mm,mm,observed,,False,,,"[""Q01""]",True
taihu_thqbca_history,storage\raw\taihu_thqbca_parsed\thqbca_observations.csv,26086,TAIHU_CLIMATE,,2011-08-07T16:00:00+00:00,,,precipitation,precipitation,,,mm,mm,observed,,False,,,"[""Q01""]",True
taihu_thqbca_history,storage\raw\taihu_thqbca_parsed\thqbca_observations.csv,26098,TAIHU_CLIMATE,,2011-08-19T16:00:00+00:00,,,precipitation,precipitation,,,mm,mm,observed,,False,,,"[""Q01""]",True
taihu_thqbca_history,storage\raw\taihu_thqbca_parsed\thqbca_observations.csv,26101,TAIHU_CLIMATE,,2011-08-22T16:00:00+00:00,,,precipitation,precipitation,,,mm,mm,observed,,False,,,"[""Q01""]",True
taihu_thqbca_history,storage\raw\taihu_thqbca_parsed\thqbca_observations.csv,26104,TAIHU_CLIMATE,,2011-08-25T16:00:00+00:00,,,precipitation,precipitation,,,mm,mm,observed,,False,,,"[""Q01""]",True
taihu_thqbca_history,storage\raw\taihu_thqbca_parsed\thqbca_observations.csv,26106,TAIHU_CLIMATE,,2011-08-27T16:00:00+00:00,,,precipitation,precipitation,,,mm,mm,observed,,False,,,"[""Q01""]",True
taihu_thqbca_history,storage\raw\taihu_thqbca_parsed\thqbca_observations.csv,26115,TAIHU_CLIMATE,,2011-09-05T16:00:00+00:00,,,precipitation,precipitation,,,mm,mm,observed,,False,,,"[""Q01""]",True
taihu_thqbca_history,storage\raw\taihu_thqbca_parsed\thqbca_observations.csv,26117,TAIHU_CLIMATE,,2011-09-07T16:00:00+00:00,,,precipitation,precipitation,,,mm,mm,observed,,False,,,"[""Q01""]",True
taihu_thqbca_history,storage\raw\taihu_thqbca_parsed\thqbca_observations.csv,26121,TAIHU_CLIMATE,,2011-09-11T16:00:00+00:00,,,precipitation,precipitation,,,mm,mm,observed,,False,,,"[""Q01""]",True
taihu_thqbca_history,storage\raw\taihu_thqbca_parsed\thqbca_observations.csv,26129,TAIHU_CLIMATE,,2011-09-19T16:00:00+00:00,,,precipitation,precipitation,,,mm,mm,observed,,False,,,"[""Q01""]",True
taihu_thqbca_history,storage\raw\taihu_thqbca_parsed\thqbca_observations.csv,26136,TAIHU_CLIMATE,,2011-09-26T16:00:00+00:00,,,precipitation,precipitation,,,mm,mm,observed,,False,,,"[""Q01""]",True
taihu_thqbca_history,storage\raw\taihu_thqbca_parsed\thqbca_observations.csv,26138,TAIHU_CLIMATE,,2011-09-28T16:00:00+00:00,,,precipitation,precipitation,,,mm,mm,observed,,False,,,"[""Q01""]",True
taihu_thqbca_history,storage\raw\taihu_thqbca_parsed\thqbca_observations.csv,26154,TAIHU_CLIMATE,,2011-10-14T16:00:00+00:00,,,precipitation,precipitation,,,mm,mm,observed,,False,,,"[""Q01""]",True
taihu_thqbca_history,storage\raw\taihu_thqbca_parsed\thqbca_observations.csv,26167,TAIHU_CLIMATE,,2011-10-27T16:00:00+00:00,,,precipitation,precipitation,,,mm,mm,observed,,False,,,"[""Q01""]",True
taihu_thqbca_history,storage\raw\taihu_thqbca_parsed\thqbca_observations.csv,26175,TAIHU_CLIMATE,,2011-11-04T16:00:00+00:00,,,precipitation,precipitation,,,mm,mm,observed,,False,,,"[""Q01""]",True
taihu_thqbca_history,storage\raw\taihu_thqbca_parsed\thqbca_observations.csv,26176,TAIHU_CLIMATE,,2011-11-05T16:00:00+00:00,,,precipitation,precipitation,,,mm,mm,observed,,False,,,"[""Q01""]",True
taihu_thqbca_history,storage\raw\taihu_thqbca_parsed\thqbca_observations.csv,26177,TAIHU_CLIMATE,,2011-11-06T16:00:00+00:00,,,precipitation,precipitation,,,mm,mm,observed,,False,,,"[""Q01""]",True
taihu_thqbca_history,storage\raw\taihu_thqbca_parsed\thqbca_observations.csv,26186,TAIHU_CLIMATE,,2011-11-15T16:00:00+00:00,,,precipitation,precipitation,,,mm,mm,observed,,False,,,"[""Q01""]",True
taihu_thqbca_history,storage\raw\taihu_thqbca_parsed\thqbca_observations.csv,26220,TAIHU_CLIMATE,,2011-12-19T16:00:00+00:00,,,precipitation,precipitation,,,mm,mm,observed,,False,,,"[""Q01""]",True
taihu_thqbca_history,storage\raw\taihu_thqbca_parsed\thqbca_observations.csv,26240,TAIHU_CLIMATE,,2012-01-08T16:00:00+00:00,,,precipitation,precipitation,,,mm,mm,observed,,False,,,"[""Q01""]",True
taihu_thqbca_history,storage\raw\taihu_thqbca_parsed\thqbca_observations.csv,26336,TAIHU_CLIMATE,,2012-04-13T16:00:00+00:00,,,precipitation,precipitation,,,mm,mm,observed,,False,,,"[""Q01""]",True
taihu_thqbca_history,storage\raw\taihu_thqbca_parsed\thqbca_observations.csv,26337,TAIHU_CLIMATE,,2012-04-14T16:00:00+00:00,,,precipitation,precipitation,,,mm,mm,observed,,False,,,"[""Q01""]",True
taihu_thqbca_history,storage\raw\taihu_thqbca_parsed\thqbca_observations.csv,26340,TAIHU_CLIMATE,,2012-04-17T16:00:00+00:00,,,precipitation,precipitation,,,mm,mm,observed,,False,,,"[""Q01""]",True
taihu_thqbca_history,storage\raw\taihu_thqbca_parsed\thqbca_observations.csv,26341,TAIHU_CLIMATE,,2012-04-18T16:00:00+00:00,,,precipitation,precipitation,,,mm,mm,observed,,False,,,"[""Q01""]",True
taihu_thqbca_history,storage\raw\taihu_thqbca_parsed\thqbca_observations.csv,26387,TAIHU_CLIMATE,,2012-06-03T16:00:00+00:00,,,precipitation,precipitation,,,mm,mm,observed,,False,,,"[""Q01""]",True
taihu_thqbca_history,storage\raw\taihu_thqbca_parsed\thqbca_observations.csv,26402,TAIHU_CLIMATE,,2012-06-18T16:00:00+00:00,,,precipitation,precipitation,,,mm,mm,observed,,False,,,"[""Q01""]",True
taihu_thqbca_history,storage\raw\taihu_thqbca_parsed\thqbca_observations.csv,26405,TAIHU_CLIMATE,,2012-06-21T16:00:00+00:00,,,precipitation,precipitation,,,mm,mm,observed,,False,,,"[""Q01""]",True
taihu_thqbca_history,storage\raw\taihu_thqbca_parsed\thqbca_observations.csv,26413,TAIHU_CLIMATE,,2012-06-29T16:00:00+00:00,,,precipitation,precipitation,,,mm,mm,observed,,False,,,"[""Q01""]",True
taihu_thqbca_history,storage\raw\taihu_thqbca_parsed\thqbca_observations.csv,26414,TAIHU_CLIMATE,,2012-06-30T16:00:00+00:00,,,precipitation,precipitation,,,mm,mm,observed,,False,,,"[""Q01""]",True
taihu_thqbca_history,storage\raw\taihu_thqbca_parsed\thqbca_observations.csv,26419,TAIHU_CLIMATE,,2012-07-05T16:00:00+00:00,,,precipitation,precipitation,,,mm,mm,observed,,False,,,"[""Q01""]",True
taihu_thqbca_history,storage\raw\taihu_thqbca_parsed\thqbca_observations.csv,26434,TAIHU_CLIMATE,,2012-07-20T16:00:00+00:00,,,precipitation,precipitation,,,mm,mm,observed,,False,,,"[""Q01""]",True
taihu_thqbca_history,storage\raw\taihu_thqbca_parsed\thqbca_observations.csv,26459,TAIHU_CLIMATE,,2012-08-14T16:00:00+00:00,,,precipitation,precipitation,,,mm,mm,observed,,False,,,"[""Q01""]",True
taihu_thqbca_history,storage\raw\taihu_thqbca_parsed\thqbca_observations.csv,26465,TAIHU_CLIMATE,,2012-08-20T16:00:00+00:00,,,precipitation,precipitation,,,mm,mm,observed,,False,,,"[""Q01""]",True
taihu_thqbca_history,storage\raw\taihu_thqbca_parsed\thqbca_observations.csv,26468,TAIHU_CLIMATE,,2012-08-23T16:00:00+00:00,,,precipitation,precipitation,,,mm,mm,observed,,False,,,"[""Q01""]",True
taihu_thqbca_history,storage\raw\taihu_thqbca_parsed\thqbca_observations.csv,26487,TAIHU_CLIMATE,,2012-09-11T16:00:00+00:00,,,precipitation,precipitation,,,mm,mm,observed,,False,,,"[""Q01""]",True
taihu_thqbca_history,storage\raw\taihu_thqbca_parsed\thqbca_observations.csv,26496,TAIHU_CLIMATE,,2012-09-20T16:00:00+00:00,,,precipitation,precipitation,,,mm,mm,observed,,False,,,"[""Q01""]",True
taihu_thqbca_history,storage\raw\taihu_thqbca_parsed\thqbca_observations.csv,26503,TAIHU_CLIMATE,,2012-09-27T16:00:00+00:00,,,precipitation,precipitation,,,mm,mm,observed,,False,,,"[""Q01""]",True
taihu_thqbca_history,storage\raw\taihu_thqbca_parsed\thqbca_observations.csv,26532,TAIHU_CLIMATE,,2012-10-26T16:00:00+00:00,,,precipitation,precipitation,,,mm,mm,observed,,False,,,"[""Q01""]",True
taihu_thqbca_history,storage\raw\taihu_thqbca_parsed\thqbca_observations.csv,26539,TAIHU_CLIMATE,,2012-11-02T16:00:00+00:00,,,precipitation,precipitation,,,mm,mm,observed,,False,,,"[""Q01""]",True
taihu_thqbca_history,storage\raw\taihu_thqbca_parsed\thqbca_observations.csv,26588,TAIHU_CLIMATE,,2012-12-21T16:00:00+00:00,,,precipitation,precipitation,,,mm,mm,observed,,False,,,"[""Q01""]",True
taihu_thqbca_history,storage\raw\taihu_thqbca_parsed\thqbca_observations.csv,26600,TAIHU_CLIMATE,,2013-01-02T16:00:00+00:00,,,precipitation,precipitation,,,mm,mm,observed,,False,,,"[""Q01""]",True
taihu_thqbca_history,storage\raw\taihu_thqbca_parsed\thqbca_observations.csv,26631,TAIHU_CLIMATE,,2013-02-02T16:00:00+00:00,,,precipitation,precipitation,,,mm,mm,observed,,False,,,"[""Q01""]",True
taihu_thqbca_history,storage\raw\taihu_thqbca_parsed\thqbca_observations.csv,26632,TAIHU_CLIMATE,,2013-02-03T16:00:00+00:00,,,precipitation,precipitation,,,mm,mm,observed,,False,,,"[""Q01""]",True
taihu_thqbca_history,storage\raw\taihu_thqbca_parsed\thqbca_observations.csv,26637,TAIHU_CLIMATE,,2013-02-08T16:00:00+00:00,,,precipitation,precipitation,,,mm,mm,observed,,False,,,"[""Q01""]",True
taihu_thqbca_history,storage\raw\taihu_thqbca_parsed\thqbca_observations.csv,26682,TAIHU_CLIMATE,,2013-03-25T16:00:00+00:00,,,precipitation,precipitation,,,mm,mm,observed,,False,,,"[""Q01""]",True
taihu_thqbca_history,storage\raw\taihu_thqbca_parsed\thqbca_observations.csv,26683,TAIHU_CLIMATE,,2013-03-26T16:00:00+00:00,,,precipitation,precipitation,,,mm,mm,observed,,False,,,"[""Q01""]",True
taihu_thqbca_history,storage\raw\taihu_thqbca_parsed\thqbca_observations.csv,26690,TAIHU_CLIMATE,,2013-04-02T16:00:00+00:00,,,precipitation,precipitation,,,mm,mm,observed,,False,,,"[""Q01""]",True
taihu_thqbca_history,storage\raw\taihu_thqbca_parsed\thqbca_observations.csv,26704,TAIHU_CLIMATE,,2013-04-16T16:00:00+00:00,,,precipitation,precipitation,,,mm,mm,observed,,False,,,"[""Q01""]",True
taihu_thqbca_history,storage\raw\taihu_thqbca_parsed\thqbca_observations.csv,26708,TAIHU_CLIMATE,,2013-04-20T16:00:00+00:00,,,precipitation,precipitation,,,mm,mm,observed,,False,,,"[""Q01""]",True
taihu_thqbca_history,storage\raw\taihu_thqbca_parsed\thqbca_observations.csv,26724,TAIHU_CLIMATE,,2013-05-06T16:00:00+00:00,,,precipitation,precipitation,,,mm,mm,observed,,False,,,"[""Q01""]",True
taihu_thqbca_history,storage\raw\taihu_thqbca_parsed\thqbca_observations.csv,26740,TAIHU_CLIMATE,,2013-05-22T16:00:00+00:00,,,precipitation,precipitation,,,mm,mm,observed,,False,,,"[""Q01""]",True
taihu_thqbca_history,storage\raw\taihu_thqbca_parsed\thqbca_observations.csv,26743,TAIHU_CLIMATE,,2013-05-25T16:00:00+00:00,,,precipitation,precipitation,,,mm,mm,observed,,False,,,"[""Q01""]",True
taihu_thqbca_history,storage\raw\taihu_thqbca_parsed\thqbca_observations.csv,26762,TAIHU_CLIMATE,,2013-06-13T16:00:00+00:00,,,precipitation,precipitation,,,mm,mm,observed,,False,,,"[""Q01""]",True
taihu_thqbca_history,storage\raw\taihu_thqbca_parsed\thqbca_observations.csv,26766,TAIHU_CLIMATE,,2013-06-17T16:00:00+00:00,,,precipitation,precipitation,,,mm,mm,observed,,False,,,"[""Q01""]",True
taihu_thqbca_history,storage\raw\taihu_thqbca_parsed\thqbca_observations.csv,26812,TAIHU_CLIMATE,,2013-08-02T16:00:00+00:00,,,precipitation,precipitation,,,mm,mm,observed,,False,,,"[""Q01""]",True
taihu_thqbca_history,storage\raw\taihu_thqbca_parsed\thqbca_observations.csv,26828,TAIHU_CLIMATE,,2013-08-18T16:00:00+00:00,,,precipitation,precipitation,,,mm,mm,observed,,False,,,"[""Q01""]",True
taihu_thqbca_history,storage\raw\taihu_thqbca_parsed\thqbca_observations.csv,26832,TAIHU_CLIMATE,,2013-08-22T16:00:00+00:00,,,precipitation,precipitation,,,mm,mm,observed,,False,,,"[""Q01""]",True
taihu_thqbca_history,storage\raw\taihu_thqbca_parsed\thqbca_observations.csv,26833,TAIHU_CLIMATE,,2013-08-23T16:00:00+00:00,,,precipitation,precipitation,,,mm,mm,observed,,False,,,"[""Q01""]",True
taihu_thqbca_history,storage\raw\taihu_thqbca_parsed\thqbca_observations.csv,26834,TAIHU_CLIMATE,,2013-08-24T16:00:00+00:00,,,precipitation,precipitation,,,mm,mm,observed,,False,,,"[""Q01""]",True
taihu_thqbca_history,storage\raw\taihu_thqbca_parsed\thqbca_observations.csv,26838,TAIHU_CLIMATE,,2013-08-28T16:00:00+00:00,,,precipitation,precipitation,,,mm,mm,observed,,False,,,"[""Q01""]",True
taihu_thqbca_history,storage\raw\taihu_thqbca_parsed\thqbca_observations.csv,26996,TAIHU_CLIMATE,,2014-02-02T16:00:00+00:00,,,precipitation,precipitation,,,mm,mm,observed,,False,,,"[""Q01""]",True
taihu_thqbca_history,storage\raw\taihu_thqbca_parsed\thqbca_observations.csv,27003,TAIHU_CLIMATE,,2014-02-09T16:00:00+00:00,,,precipitation,precipitation,,,mm,mm,observed,,False,,,"[""Q01""]",True
taihu_thqbca_history,storage\raw\taihu_thqbca_parsed\thqbca_observations.csv,27038,TAIHU_CLIMATE,,2014-03-16T16:00:00+00:00,,,precipitation,precipitation,,,mm,mm,observed,,False,,,"[""Q01""]",True
taihu_thqbca_history,storage\raw\taihu_thqbca_parsed\thqbca_observations.csv,27055,TAIHU_CLIMATE,,2014-04-02T16:00:00+00:00,,,precipitation,precipitation,,,mm,mm,observed,,False,,,"[""Q01""]",True
taihu_thqbca_history,storage\raw\taihu_thqbca_parsed\thqbca_observations.csv,27095,TAIHU_CLIMATE,,2014-05-12T16:00:00+00:00,,,precipitation,precipitation,,,mm,mm,observed,,False,,,"[""Q01""]",True
taihu_thqbca_history,storage\raw\taihu_thqbca_parsed\thqbca_observations.csv,27116,TAIHU_CLIMATE,,2014-06-02T16:00:00+00:00,,,precipitation,precipitation,,,mm,mm,observed,,False,,,"[""Q01""]",True
taihu_thqbca_history,storage\raw\taihu_thqbca_parsed\thqbca_observations.csv,27123,TAIHU_CLIMATE,,2014-06-09T16:00:00+00:00,,,precipitation,precipitation,,,mm,mm,observed,,False,,,"[""Q01""]",True
taihu_thqbca_history,storage\raw\taihu_thqbca_parsed\thqbca_observations.csv,27167,TAIHU_CLIMATE,,2014-07-23T16:00:00+00:00,,,precipitation,precipitation,,,mm,mm,observed,,False,,,"[""Q01""]",True
taihu_thqbca_history,storage\raw\taihu_thqbca_parsed\thqbca_observations.csv,27184,TAIHU_CLIMATE,,2014-08-09T16:00:00+00:00,,,precipitation,precipitation,,,mm,mm,observed,,False,,,"[""Q01""]",True
taihu_thqbca_history,storage\raw\taihu_thqbca_parsed\thqbca_observations.csv,27187,TAIHU_CLIMATE,,2014-08-12T16:00:00+00:00,,,precipitation,precipitation,,,mm,mm,observed,,False,,,"[""Q01""]",True
taihu_thqbca_history,storage\raw\taihu_thqbca_parsed\thqbca_observations.csv,27190,TAIHU_CLIMATE,,2014-08-15T16:00:00+00:00,,,precipitation,precipitation,,,mm,mm,observed,,False,,,"[""Q01""]",True
taihu_thqbca_history,storage\raw\taihu_thqbca_parsed\thqbca_observations.csv,27213,TAIHU_CLIMATE,,2014-09-07T16:00:00+00:00,,,precipitation,precipitation,,,mm,mm,observed,,False,,,"[""Q01""]",True
taihu_thqbca_history,storage\raw\taihu_thqbca_parsed\thqbca_observations.csv,27219,TAIHU_CLIMATE,,2014-09-13T16:00:00+00:00,,,precipitation,precipitation,,,mm,mm,observed,,False,,,"[""Q01""]",True
taihu_thqbca_history,storage\raw\taihu_thqbca_parsed\thqbca_observations.csv,27235,TAIHU_CLIMATE,,2014-09-29T16:00:00+00:00,,,precipitation,precipitation,,,mm,mm,observed,,False,,,"[""Q01""]",True
taihu_thqbca_history,storage\raw\taihu_thqbca_parsed\thqbca_observations.csv,27271,TAIHU_CLIMATE,,2014-11-04T16:00:00+00:00,,,precipitation,precipitation,,,mm,mm,observed,,False,,,"[""Q01""]",True
taihu_thqbca_history,storage\raw\taihu_thqbca_parsed\thqbca_observations.csv,27273,TAIHU_CLIMATE,,2014-11-06T16:00:00+00:00,,,precipitation,precipitation,,,mm,mm,observed,,False,,,"[""Q01""]",True
taihu_thqbca_history,storage\raw\taihu_thqbca_parsed\thqbca_observations.csv,27281,TAIHU_CLIMATE,,2014-11-14T16:00:00+00:00,,,precipitation,precipitation,,,mm,mm,observed,,False,,,"[""Q01""]",True
taihu_thqbca_history,storage\raw\taihu_thqbca_parsed\thqbca_observations.csv,27352,TAIHU_CLIMATE,,2015-01-24T16:00:00+00:00,,,precipitation,precipitation,,,mm,mm,observed,,False,,,"[""Q01""]",True
taihu_thqbca_history,storage\raw\taihu_thqbca_parsed\thqbca_observations.csv,27359,TAIHU_CLIMATE,,2015-01-31T16:00:00+00:00,,,precipitation,precipitation,,,mm,mm,observed,,False,,,"[""Q01""]",True
taihu_thqbca_history,storage\raw\taihu_thqbca_parsed\thqbca_observations.csv,27429,TAIHU_CLIMATE,,2015-04-11T16:00:00+00:00,,,precipitation,precipitation,,,mm,mm,observed,,False,,,"[""Q01""]",True
taihu_thqbca_history,storage\raw\taihu_thqbca_parsed\thqbca_observations.csv,27431,TAIHU_CLIMATE,,2015-04-13T16:00:00+00:00,,,precipitation,precipitation,,,mm,mm,observed,,False,,,"[""Q01""]",True
taihu_thqbca_history,storage\raw\taihu_thqbca_parsed\thqbca_observations.csv,27435,TAIHU_CLIMATE,,2015-04-17T16:00:00+00:00,,,precipitation,precipitation,,,mm,mm,observed,,False,,,"[""Q01""]",True
taihu_thqbca_history,storage\raw\taihu_thqbca_parsed\thqbca_observations.csv,27451,TAIHU_CLIMATE,,2015-05-03T16:00:00+00:00,,,precipitation,precipitation,,,mm,mm,observed,,False,,,"[""Q01""]",True
taihu_thqbca_history,storage\raw\taihu_thqbca_parsed\thqbca_observations.csv,27463,TAIHU_CLIMATE,,2015-05-15T16:00:00+00:00,,,precipitation,precipitation,,,mm,mm,observed,,False,,,"[""Q01""]",True
taihu_thqbca_history,storage\raw\taihu_thqbca_parsed\thqbca_observations.csv,27476,TAIHU_CLIMATE,,2015-05-28T16:00:00+00:00,,,precipitation,precipitation,,,mm,mm,observed,,False,,,"[""Q01""]",True
taihu_thqbca_history,storage\raw\taihu_thqbca_parsed\thqbca_observations.csv,27483,TAIHU_CLIMATE,,2015-06-04T16:00:00+00:00,,,precipitation,precipitation,,,mm,mm,observed,,False,,,"[""Q01""]",True
taihu_thqbca_history,storage\raw\taihu_thqbca_parsed\thqbca_observations.csv,27489,TAIHU_CLIMATE,,2015-06-10T16:00:00+00:00,,,precipitation,precipitation,,,mm,mm,observed,,False,,,"[""Q01""]",True
taihu_thqbca_history,storage\raw\taihu_thqbca_parsed\thqbca_observations.csv,27502,TAIHU_CLIMATE,,2015-06-23T16:00:00+00:00,,,precipitation,precipitation,,,mm,mm,observed,,False,,,"[""Q01""]",True
taihu_thqbca_history,storage\raw\taihu_thqbca_parsed\thqbca_observations.csv,27503,TAIHU_CLIMATE,,2015-06-24T16:00:00+00:00,,,precipitation,precipitation,,,mm,mm,observed,,False,,,"[""Q01""]",True
taihu_thqbca_history,storage\raw\taihu_thqbca_parsed\thqbca_observations.csv,27507,TAIHU_CLIMATE,,2015-06-28T16:00:00+00:00,,,precipitation,precipitation,,,mm,mm,observed,,False,,,"[""Q01""]",True
taihu_thqbca_history,storage\raw\taihu_thqbca_parsed\thqbca_observations.csv,27528,TAIHU_CLIMATE,,2015-07-19T16:00:00+00:00,,,precipitation,precipitation,,,mm,mm,observed,,False,,,"[""Q01""]",True
taihu_thqbca_history,storage\raw\taihu_thqbca_parsed\thqbca_observations.csv,27560,TAIHU_CLIMATE,,2015-08-20T16:00:00+00:00,,,precipitation,precipitation,,,mm,mm,observed,,False,,,"[""Q01""]",True
taihu_thqbca_history,storage\raw\taihu_thqbca_parsed\thqbca_observations.csv,27628,TAIHU_CLIMATE,,2015-10-27T16:00:00+00:00,,,precipitation,precipitation,,,mm,mm,observed,,False,,,"[""Q01""]",True
taihu_thqbca_history,storage\raw\taihu_thqbca_parsed\thqbca_observations.csv,27631,TAIHU_CLIMATE,,2015-10-30T16:00:00+00:00,,,precipitation,precipitation,,,mm,mm,observed,,False,,,"[""Q01""]",True
taihu_thqbca_history,storage\raw\taihu_thqbca_parsed\thqbca_observations.csv,27636,TAIHU_CLIMATE,,2015-11-04T16:00:00+00:00,,,precipitation,precipitation,,,mm,mm,observed,,False,,,"[""Q01""]",True
taihu_thqbca_history,storage\raw\taihu_thqbca_parsed\thqbca_observations.csv,27642,TAIHU_CLIMATE,,2015-11-10T16:00:00+00:00,,,precipitation,precipitation,,,mm,mm,observed,,False,,,"[""Q01""]",True
taihu_thqbca_history,storage\raw\taihu_thqbca_parsed\thqbca_observations.csv,27712,TAIHU_CLIMATE,,2016-01-19T16:00:00+00:00,,,precipitation,precipitation,,,mm,mm,observed,,False,,,"[""Q01""]",True
taihu_thqbca_history,storage\raw\taihu_thqbca_parsed\thqbca_observations.csv,27734,TAIHU_CLIMATE,,2016-02-10T16:00:00+00:00,,,precipitation,precipitation,,,mm,mm,observed,,False,,,"[""Q01""]",True
taihu_thqbca_history,storage\raw\taihu_thqbca_parsed\thqbca_observations.csv,27805,TAIHU_CLIMATE,,2016-04-21T16:00:00+00:00,,,precipitation,precipitation,,,mm,mm,observed,,False,,,"[""Q01""]",True
taihu_thqbca_history,storage\raw\taihu_thqbca_parsed\thqbca_observations.csv,27846,TAIHU_CLIMATE,,2016-06-01T16:00:00+00:00,,,precipitation,precipitation,,,mm,mm,observed,,False,,,"[""Q01""]",True
taihu_thqbca_history,storage\raw\taihu_thqbca_parsed\thqbca_observations.csv,27850,TAIHU_CLIMATE,,2016-06-05T16:00:00+00:00,,,precipitation,precipitation,,,mm,mm,observed,,False,,,"[""Q01""]",True
taihu_thqbca_history,storage\raw\taihu_thqbca_parsed\thqbca_observations.csv,27855,TAIHU_CLIMATE,,2016-06-10T16:00:00+00:00,,,precipitation,precipitation,,,mm,mm,observed,,False,,,"[""Q01""]",True
taihu_thqbca_history,storage\raw\taihu_thqbca_parsed\thqbca_observations.csv,27880,TAIHU_CLIMATE,,2016-07-05T16:00:00+00:00,,,precipitation,precipitation,,,mm,mm,observed,,False,,,"[""Q01""]",True
taihu_thqbca_history,storage\raw\taihu_thqbca_parsed\thqbca_observations.csv,27911,TAIHU_CLIMATE,,2016-08-05T16:00:00+00:00,,,precipitation,precipitation,,,mm,mm,observed,,False,,,"[""Q01""]",True
taihu_thqbca_history,storage\raw\taihu_thqbca_parsed\thqbca_observations.csv,27926,TAIHU_CLIMATE,,2016-08-20T16:00:00+00:00,,,precipitation,precipitation,,,mm,mm,observed,,False,,,"[""Q01""]",True
taihu_thqbca_history,storage\raw\taihu_thqbca_parsed\thqbca_observations.csv,27941,TAIHU_CLIMATE,,2016-09-04T16:00:00+00:00,,,precipitation,precipitation,,,mm,mm,observed,,False,,,"[""Q01""]",True
taihu_thqbca_history,storage\raw\taihu_thqbca_parsed\thqbca_observations.csv,28027,TAIHU_CLIMATE,,2016-11-29T16:00:00+00:00,,,precipitation,precipitation,,,mm,mm,observed,,False,,,"[""Q01""]",True
taihu_thqbca_history,storage\raw\taihu_thqbca_parsed\thqbca_observations.csv,28060,TAIHU_CLIMATE,,2017-01-01T16:00:00+00:00,,,precipitation,precipitation,,,mm,mm,observed,,False,,,"[""Q01""]",True
taihu_thqbca_history,storage\raw\taihu_thqbca_parsed\thqbca_observations.csv,28068,TAIHU_CLIMATE,,2017-01-09T16:00:00+00:00,,,precipitation,precipitation,,,mm,mm,observed,,False,,,"[""Q01""]",True
taihu_thqbca_history,storage\raw\taihu_thqbca_parsed\thqbca_observations.csv,28090,TAIHU_CLIMATE,,2017-01-31T16:00:00+00:00,,,precipitation,precipitation,,,mm,mm,observed,,False,,,"[""Q01""]",True
taihu_thqbca_history,storage\raw\taihu_thqbca_parsed\thqbca_observations.csv,28096,TAIHU_CLIMATE,,2017-02-06T16:00:00+00:00,,,precipitation,precipitation,,,mm,mm,observed,,False,,,"[""Q01""]",True
taihu_thqbca_history,storage\raw\taihu_thqbca_parsed\thqbca_observations.csv,28106,TAIHU_CLIMATE,,2017-02-16T16:00:00+00:00,,,precipitation,precipitation,,,mm,mm,observed,,False,,,"[""Q01""]",True
taihu_thqbca_history,storage\raw\taihu_thqbca_parsed\thqbca_observations.csv,28109,TAIHU_CLIMATE,,2017-02-19T16:00:00+00:00,,,precipitation,precipitation,,,mm,mm,observed,,False,,,"[""Q01""]",True
taihu_thqbca_history,storage\raw\taihu_thqbca_parsed\thqbca_observations.csv,28121,TAIHU_CLIMATE,,2017-03-03T16:00:00+00:00,,,precipitation,precipitation,,,mm,mm,observed,,False,,,"[""Q01""]",True
taihu_thqbca_history,storage\raw\taihu_thqbca_parsed\thqbca_observations.csv,28123,TAIHU_CLIMATE,,2017-03-05T16:00:00+00:00,,,precipitation,precipitation,,,mm,mm,observed,,False,,,"[""Q01""]",True
taihu_thqbca_history,storage\raw\taihu_thqbca_parsed\thqbca_observations.csv,28133,TAIHU_CLIMATE,,2017-03-15T16:00:00+00:00,,,precipitation,precipitation,,,mm,mm,observed,,False,,,"[""Q01""]",True
taihu_thqbca_history,storage\raw\taihu_thqbca_parsed\thqbca_observations.csv,28169,TAIHU_CLIMATE,,2017-04-20T16:00:00+00:00,,,precipitation,precipitation,,,mm,mm,observed,,False,,,"[""Q01""]",True
taihu_thqbca_history,storage\raw\taihu_thqbca_parsed\thqbca_observations.csv,28170,TAIHU_CLIMATE,,2017-04-21T16:00:00+00:00,,,precipitation,precipitation,,,mm,mm,observed,,False,,,"[""Q01""]",True
taihu_thqbca_history,storage\raw\taihu_thqbca_parsed\thqbca_observations.csv,28179,TAIHU_CLIMATE,,2017-04-30T16:00:00+00:00,,,precipitation,precipitation,,,mm,mm,observed,,False,,,"[""Q01""]",True
taihu_thqbca_history,storage\raw\taihu_thqbca_parsed\thqbca_observations.csv,28183,TAIHU_CLIMATE,,2017-05-04T16:00:00+00:00,,,precipitation,precipitation,,,mm,mm,observed,,False,,,"[""Q01""]",True
taihu_thqbca_history,storage\raw\taihu_thqbca_parsed\thqbca_observations.csv,28193,TAIHU_CLIMATE,,2017-05-14T16:00:00+00:00,,,precipitation,precipitation,,,mm,mm,observed,,False,,,"[""Q01""]",True
taihu_thqbca_history,storage\raw\taihu_thqbca_parsed\thqbca_observations.csv,28218,TAIHU_CLIMATE,,2017-06-08T16:00:00+00:00,,,precipitation,precipitation,,,mm,mm,observed,,False,,,"[""Q01""]",True
taihu_thqbca_history,storage\raw\taihu_thqbca_parsed\thqbca_observations.csv,28230,TAIHU_CLIMATE,,2017-06-20T16:00:00+00:00,,,precipitation,precipitation,,,mm,mm,observed,,False,,,"[""Q01""]",True
taihu_thqbca_history,storage\raw\taihu_thqbca_parsed\thqbca_observations.csv,28248,TAIHU_CLIMATE,,2017-07-08T16:00:00+00:00,,,precipitation,precipitation,,,mm,mm,observed,,False,,,"[""Q01""]",True
taihu_thqbca_history,storage\raw\taihu_thqbca_parsed\thqbca_observations.csv,28271,TAIHU_CLIMATE,,2017-07-31T16:00:00+00:00,,,precipitation,precipitation,,,mm,mm,observed,,False,,,"[""Q01""]",True
taihu_thqbca_history,storage\raw\taihu_thqbca_parsed\thqbca_observations.csv,28286,TAIHU_CLIMATE,,2017-08-15T16:00:00+00:00,,,precipitation,precipitation,,,mm,mm,observed,,False,,,"[""Q01""]",True
taihu_thqbca_history,storage\raw\taihu_thqbca_parsed\thqbca_observations.csv,28292,TAIHU_CLIMATE,,2017-08-21T16:00:00+00:00,,,precipitation,precipitation,,,mm,mm,observed,,False,,,"[""Q01""]",True
taihu_thqbca_history,storage\raw\taihu_thqbca_parsed\thqbca_observations.csv,28295,TAIHU_CLIMATE,,2017-08-24T16:00:00+00:00,,,precipitation,precipitation,,,mm,mm,observed,,False,,,"[""Q01""]",True
taihu_thqbca_history,storage\raw\taihu_thqbca_parsed\thqbca_observations.csv,28296,TAIHU_CLIMATE,,2017-08-25T16:00:00+00:00,,,precipitation,precipitation,,,mm,mm,observed,,False,,,"[""Q01""]",True
taihu_thqbca_history,storage\raw\taihu_thqbca_parsed\thqbca_observations.csv,28302,TAIHU_CLIMATE,,2017-08-31T16:00:00+00:00,,,precipitation,precipitation,,,mm,mm,observed,,False,,,"[""Q01""]",True
taihu_thqbca_history,storage\raw\taihu_thqbca_parsed\thqbca_observations.csv,28303,TAIHU_CLIMATE,,2017-09-01T16:00:00+00:00,,,precipitation,precipitation,,,mm,mm,observed,,False,,,"[""Q01""]",True
taihu_thqbca_history,storage\raw\taihu_thqbca_parsed\thqbca_observations.csv,28313,TAIHU_CLIMATE,,2017-09-11T16:00:00+00:00,,,precipitation,precipitation,,,mm,mm,observed,,False,,,"[""Q01""]",True
taihu_thqbca_history,storage\raw\taihu_thqbca_parsed\thqbca_observations.csv,28334,TAIHU_CLIMATE,,2017-10-02T16:00:00+00:00,,,precipitation,precipitation,,,mm,mm,observed,,False,,,"[""Q01""]",True
taihu_thqbca_history,storage\raw\taihu_thqbca_parsed\thqbca_observations.csv,28357,TAIHU_CLIMATE,,2017-10-25T16:00:00+00:00,,,precipitation,precipitation,,,mm,mm,observed,,False,,,"[""Q01""]",True
taihu_thqbca_history,storage\raw\taihu_thqbca_parsed\thqbca_observations.csv,28369,TAIHU_CLIMATE,,2017-11-06T16:00:00+00:00,,,precipitation,precipitation,,,mm,mm,observed,,False,,,"[""Q01""]",True
taihu_thqbca_history,storage\raw\taihu_thqbca_parsed\thqbca_observations.csv,28374,TAIHU_CLIMATE,,2017-11-11T16:00:00+00:00,,,precipitation,precipitation,,,mm,mm,observed,,False,,,"[""Q01""]",True
taihu_thqbca_history,storage\raw\taihu_thqbca_parsed\thqbca_observations.csv,28416,TAIHU_CLIMATE,,2017-12-23T16:00:00+00:00,,,precipitation,precipitation,,,mm,mm,observed,,False,,,"[""Q01""]",True
taihu_thqbca_history,storage\raw\taihu_thqbca_parsed\thqbca_observations.csv,28534,TAIHU_CLIMATE,,2018-04-20T16:00:00+00:00,,,precipitation,precipitation,,,mm,mm,observed,,False,,,"[""Q01""]",True
taihu_thqbca_history,storage\raw\taihu_thqbca_parsed\thqbca_observations.csv,29461,TAIHU_CLIMATE,,2021-01-14T16:00:00+00:00,,,precipitation,precipitation,,,mm,mm,observed,,False,,,"[""Q01""]",True
taihu_thqbca_history,storage\raw\taihu_thqbca_parsed\thqbca_observations.csv,29510,TAIHU_CLIMATE,,2021-03-04T16:00:00+00:00,,,precipitation,precipitation,,,mm,mm,observed,,False,,,"[""Q01""]",True
taihu_thqbca_history,storage\raw\taihu_thqbca_parsed\thqbca_observations.csv,29517,TAIHU_CLIMATE,,2021-03-11T16:00:00+00:00,,,precipitation,precipitation,,,mm,mm,observed,,False,,,"[""Q01""]",True
taihu_thqbca_history,storage\raw\taihu_thqbca_parsed\thqbca_observations.csv,29561,TAIHU_CLIMATE,,2021-04-24T16:00:00+00:00,,,precipitation,precipitation,,,mm,mm,observed,,False,,,"[""Q01""]",True
taihu_thqbca_history,storage\raw\taihu_thqbca_parsed\thqbca_observations.csv,49603,TAIHU_CLIMATE,,2010-10-08T16:00:00+00:00,,,air_temperature,air_temperature,,,degC,degC,observed,,False,,,"[""Q01""]",True
taihu_thqbca_history,storage\raw\taihu_thqbca_parsed\thqbca_observations.csv,52354,TAIHU_CLIMATE,,2018-04-20T16:00:00+00:00,,,air_temperature,air_temperature,,,degC,degC,observed,,False,,,"[""Q01""]",True
taihu_thqbca_history,storage\raw\taihu_thqbca_parsed\thqbca_observations.csv,52370,TAIHU_CLIMATE,,2018-05-06T16:00:00+00:00,,,air_temperature,air_temperature,,,degC,degC,observed,,False,,,"[""Q01""]",True
taihu_thqbca_history,storage\raw\taihu_thqbca_parsed\thqbca_observations.csv,53435,TAIHU_WATER_LEVEL,,2004-01-17T16:00:00+00:00,,,water_level,water_level,,,m,m,observed,source label Water Depth; datum semantics require validation,False,,,"[""Q01""]",True
taihu_thqbca_history,storage\raw\taihu_thqbca_parsed\thqbca_observations.csv,53436,TAIHU_WATER_LEVEL,,2004-01-18T16:00:00+00:00,,,water_level,water_level,,,m,m,observed,source label Water Depth; datum semantics require validation,False,,,"[""Q01""]",True
taihu_thqbca_history,storage\raw\taihu_thqbca_parsed\thqbca_observations.csv,53437,TAIHU_WATER_LEVEL,,2004-01-19T16:00:00+00:00,,,water_level,water_level,,,m,m,observed,source label Water Depth; datum semantics require validation,False,,,"[""Q01""]",True
taihu_thqbca_history,storage\raw\taihu_thqbca_parsed\thqbca_observations.csv,53438,TAIHU_WATER_LEVEL,,2004-01-20T16:00:00+00:00,,,water_level,water_level,,,m,m,observed,source label Water Depth; datum semantics require validation,False,,,"[""Q01""]",True
taihu_thqbca_history,storage\raw\taihu_thqbca_parsed\thqbca_observations.csv,53439,TAIHU_WATER_LEVEL,,2004-01-21T16:00:00+00:00,,,water_level,water_level,,,m,m,observed,source label Water Depth; datum semantics require validation,False,,,"[""Q01""]",True
taihu_thqbca_history,storage\raw\taihu_thqbca_parsed\thqbca_observations.csv,53440,TAIHU_WATER_LEVEL,,2004-01-22T16:00:00+00:00,,,water_level,water_level,,,m,m,observed,source label Water Depth; datum semantics require validation,False,,,"[""Q01""]",True
taihu_thqbca_history,storage\raw\taihu_thqbca_parsed\thqbca_observations.csv,53441,TAIHU_WATER_LEVEL,,2004-01-23T16:00:00+00:00,,,water_level,water_level,,,m,m,observed,source label Water Depth; datum semantics require validation,False,,,"[""Q01""]",True
taihu_thqbca_history,storage\raw\taihu_thqbca_parsed\thqbca_observations.csv,55232,TAIHU_WATER_LEVEL,,2008-12-18T16:00:00+00:00,,,water_level,water_level,,,m,m,observed,source label Water Depth; datum semantics require validation,False,,,"[""Q01""]",True
taihu_thqbca_history,storage\raw\taihu_thqbca_parsed\thqbca_observations.csv,55233,TAIHU_WATER_LEVEL,,2008-12-19T16:00:00+00:00,,,water_level,water_level,,,m,m,observed,source label Water Depth; datum semantics require validation,False,,,"[""Q01""]",True
taihu_thqbca_history,storage\raw\taihu_thqbca_parsed\thqbca_observations.csv,55234,TAIHU_WATER_LEVEL,,2008-12-20T16:00:00+00:00,,,water_level,water_level,,,m,m,observed,source label Water Depth; datum semantics require validation,False,,,"[""Q01""]",True
taihu_thqbca_history,storage\raw\taihu_thqbca_parsed\thqbca_observations.csv,55235,TAIHU_WATER_LEVEL,,2008-12-21T16:00:00+00:00,,,water_level,water_level,,,m,m,observed,source label Water Depth; datum semantics require validation,False,,,"[""Q01""]",True
taihu_thqbca_history,storage\raw\taihu_thqbca_parsed\thqbca_observations.csv,55236,TAIHU_WATER_LEVEL,,2008-12-22T16:00:00+00:00,,,water_level,water_level,,,m,m,observed,source label Water Depth; datum semantics require validation,False,,,"[""Q01""]",True
taihu_thqbca_history,storage\raw\taihu_thqbca_parsed\thqbca_observations.csv,55237,TAIHU_WATER_LEVEL,,2008-12-23T16:00:00+00:00,,,water_level,water_level,,,m,m,observed,source label Water Depth; datum semantics require validation,False,,,"[""Q01""]",True
taihu_thqbca_history,storage\raw\taihu_thqbca_parsed\thqbca_observations.csv,55238,TAIHU_WATER_LEVEL,,2008-12-24T16:00:00+00:00,,,water_level,water_level,,,m,m,observed,source label Water Depth; datum semantics require validation,False,,,"[""Q01""]",True
taihu_thqbca_history,storage\raw\taihu_thqbca_parsed\thqbca_observations.csv,55239,TAIHU_WATER_LEVEL,,2008-12-25T16:00:00+00:00,,,water_level,water_level,,,m,m,observed,source label Water Depth; datum semantics require validation,False,,,"[""Q01""]",True
taihu_thqbca_history,storage\raw\taihu_thqbca_parsed\thqbca_observations.csv,55240,TAIHU_WATER_LEVEL,,2008-12-26T16:00:00+00:00,,,water_level,water_level,,,m,m,observed,source label Water Depth; datum semantics require validation,False,,,"[""Q01""]",True
taihu_thqbca_history,storage\raw\taihu_thqbca_parsed\thqbca_observations.csv,55241,TAIHU_WATER_LEVEL,,2008-12-27T16:00:00+00:00,,,water_level,water_level,,,m,m,observed,source label Water Depth; datum semantics require validation,False,,,"[""Q01""]",True
taihu_thqbca_history,storage\raw\taihu_thqbca_parsed\thqbca_observations.csv,55242,TAIHU_WATER_LEVEL,,2008-12-28T16:00:00+00:00,,,water_level,water_level,,,m,m,observed,source label Water Depth; datum semantics require validation,False,,,"[""Q01""]",True
taihu_thqbca_history,storage\raw\taihu_thqbca_parsed\thqbca_observations.csv,55243,TAIHU_WATER_LEVEL,,2008-12-29T16:00:00+00:00,,,water_level,water_level,,,m,m,observed,source label Water Depth; datum semantics require validation,False,,,"[""Q01""]",True
taihu_thqbca_history,storage\raw\taihu_thqbca_parsed\thqbca_observations.csv,55244,TAIHU_WATER_LEVEL,,2008-12-30T16:00:00+00:00,,,water_level,water_level,,,m,m,observed,source label Water Depth; datum semantics require validation,False,,,"[""Q01""]",True
taihu_thqbca_history,storage\raw\taihu_thqbca_parsed\thqbca_observations.csv,56866,TAIHU_WATER_LEVEL,,2013-06-09T16:00:00+00:00,,,water_level,water_level,,,m,m,observed,source label Water Depth; datum semantics require validation,False,,,"[""Q01""]",True
taihu_thqbca_history,storage\raw\taihu_thqbca_parsed\thqbca_observations.csv,56867,TAIHU_WATER_LEVEL,,2013-06-10T16:00:00+00:00,,,water_level,water_level,,,m,m,observed,source label Water Depth; datum semantics require validation,False,,,"[""Q01""]",True
taihu_thqbca_history,storage\raw\taihu_thqbca_parsed\thqbca_observations.csv,56868,TAIHU_WATER_LEVEL,,2013-06-11T16:00:00+00:00,,,water_level,water_level,,,m,m,observed,source label Water Depth; datum semantics require validation,False,,,"[""Q01""]",True
taihu_thqbca_history,storage\raw\taihu_thqbca_parsed\thqbca_observations.csv,56869,TAIHU_WATER_LEVEL,,2013-06-12T16:00:00+00:00,,,water_level,water_level,,,m,m,observed,source label Water Depth; datum semantics require validation,False,,,"[""Q01""]",True
taihu_thqbca_history,storage\raw\taihu_thqbca_parsed\thqbca_observations.csv,56870,TAIHU_WATER_LEVEL,,2013-06-13T16:00:00+00:00,,,water_level,water_level,,,m,m,observed,source label Water Depth; datum semantics require validation,False,,,"[""Q01""]",True
taihu_thqbca_history,storage\raw\taihu_thqbca_parsed\thqbca_observations.csv,56871,TAIHU_WATER_LEVEL,,2013-06-14T16:00:00+00:00,,,water_level,water_level,,,m,m,observed,source label Water Depth; datum semantics require validation,False,,,"[""Q01""]",True
taihu_thqbca_history,storage\raw\taihu_thqbca_parsed\thqbca_observations.csv,56872,TAIHU_WATER_LEVEL,,2013-06-15T16:00:00+00:00,,,water_level,water_level,,,m,m,observed,source label Water Depth; datum semantics require validation,False,,,"[""Q01""]",True
taihu_thqbca_history,storage\raw\taihu_thqbca_parsed\thqbca_observations.csv,56873,TAIHU_WATER_LEVEL,,2013-06-16T16:00:00+00:00,,,water_level,water_level,,,m,m,observed,source label Water Depth; datum semantics require validation,False,,,"[""Q01""]",True
taihu_thqbca_history,storage\raw\taihu_thqbca_parsed\thqbca_observations.csv,56874,TAIHU_WATER_LEVEL,,2013-06-17T16:00:00+00:00,,,water_level,water_level,,,m,m,observed,source label Water Depth; datum semantics require validation,False,,,"[""Q01""]",True
taihu_thqbca_history,storage\raw\taihu_thqbca_parsed\thqbca_observations.csv,56875,TAIHU_WATER_LEVEL,,2013-06-18T16:00:00+00:00,,,water_level,water_level,,,m,m,observed,source label Water Depth; datum semantics require validation,False,,,"[""Q01""]",True
taihu_thqbca_history,storage\raw\taihu_thqbca_parsed\thqbca_observations.csv,56876,TAIHU_WATER_LEVEL,,2013-06-19T16:00:00+00:00,,,water_level,water_level,,,m,m,observed,source label Water Depth; datum semantics require validation,False,,,"[""Q01""]",True
taihu_thqbca_history,storage\raw\taihu_thqbca_parsed\thqbca_observations.csv,56877,TAIHU_WATER_LEVEL,,2013-06-20T16:00:00+00:00,,,water_level,water_level,,,m,m,observed,source label Water Depth; datum semantics require validation,False,,,"[""Q01""]",True
taihu_thqbca_history,storage\raw\taihu_thqbca_parsed\thqbca_observations.csv,56878,TAIHU_WATER_LEVEL,,2013-06-21T16:00:00+00:00,,,water_level,water_level,,,m,m,observed,source label Water Depth; datum semantics require validation,False,,,"[""Q01""]",True
taihu_thqbca_history,storage\raw\taihu_thqbca_parsed\thqbca_observations.csv,56879,TAIHU_WATER_LEVEL,,2013-06-22T16:00:00+00:00,,,water_level,water_level,,,m,m,observed,source label Water Depth; datum semantics require validation,False,,,"[""Q01""]",True
taihu_thqbca_history,storage\raw\taihu_thqbca_parsed\thqbca_observations.csv,56880,TAIHU_WATER_LEVEL,,2013-06-23T16:00:00+00:00,,,water_level,water_level,,,m,m,observed,source label Water Depth; datum semantics require validation,False,,,"[""Q01""]",True
taihu_thqbca_history,storage\raw\taihu_thqbca_parsed\thqbca_observations.csv,56881,TAIHU_WATER_LEVEL,,2013-06-24T16:00:00+00:00,,,water_level,water_level,,,m,m,observed,source label Water Depth; datum semantics require validation,False,,,"[""Q01""]",True
taihu_thqbca_history,storage\raw\taihu_thqbca_parsed\thqbca_observations.csv,56882,TAIHU_WATER_LEVEL,,2013-06-25T16:00:00+00:00,,,water_level,water_level,,,m,m,observed,source label Water Depth; datum semantics require validation,False,,,"[""Q01""]",True
taihu_thqbca_history,storage\raw\taihu_thqbca_parsed\thqbca_observations.csv,56883,TAIHU_WATER_LEVEL,,2013-06-26T16:00:00+00:00,,,water_level,water_level,,,m,m,observed,source label Water Depth; datum semantics require validation,False,,,"[""Q01""]",True
taihu_thqbca_history,storage\raw\taihu_thqbca_parsed\thqbca_observations.csv,56884,TAIHU_WATER_LEVEL,,2013-06-27T16:00:00+00:00,,,water_level,water_level,,,m,m,observed,source label Water Depth; datum semantics require validation,False,,,"[""Q01""]",True
taihu_thqbca_history,storage\raw\taihu_thqbca_parsed\thqbca_observations.csv,56885,TAIHU_WATER_LEVEL,,2013-06-28T16:00:00+00:00,,,water_level,water_level,,,m,m,observed,source label Water Depth; datum semantics require validation,False,,,"[""Q01""]",True
taihu_thqbca_history,storage\raw\taihu_thqbca_parsed\thqbca_observations.csv,56886,TAIHU_WATER_LEVEL,,2013-06-29T16:00:00+00:00,,,water_level,water_level,,,m,m,observed,source label Water Depth; datum semantics require validation,False,,,"[""Q01""]",True
taihu_thqbca_history,storage\raw\taihu_thqbca_parsed\thqbca_observations.csv,56887,TAIHU_WATER_LEVEL,,2013-06-30T16:00:00+00:00,,,water_level,water_level,,,m,m,observed,source label Water Depth; datum semantics require validation,False,,,"[""Q01""]",True
taihu_thqbca_history,storage\raw\taihu_thqbca_parsed\thqbca_observations.csv,56888,TAIHU_WATER_LEVEL,,2013-07-01T16:00:00+00:00,,,water_level,water_level,,,m,m,observed,source label Water Depth; datum semantics require validation,False,,,"[""Q01""]",True
taihu_thqbca_history,storage\raw\taihu_thqbca_parsed\thqbca_observations.csv,56889,TAIHU_WATER_LEVEL,,2013-07-02T16:00:00+00:00,,,water_level,water_level,,,m,m,observed,source label Water Depth; datum semantics require validation,False,,,"[""Q01""]",True
taihu_thqbca_history,storage\raw\taihu_thqbca_parsed\thqbca_observations.csv,56890,TAIHU_WATER_LEVEL,,2013-07-03T16:00:00+00:00,,,water_level,water_level,,,m,m,observed,source label Water Depth; datum semantics require validation,False,,,"[""Q01""]",True
taihu_thqbca_history,storage\raw\taihu_thqbca_parsed\thqbca_observations.csv,56891,TAIHU_WATER_LEVEL,,2013-07-04T16:00:00+00:00,,,water_level,water_level,,,m,m,observed,source label Water Depth; datum semantics require validation,False,,,"[""Q01""]",True
taihu_thqbca_history,storage\raw\taihu_thqbca_parsed\thqbca_observations.csv,56892,TAIHU_WATER_LEVEL,,2013-07-05T16:00:00+00:00,,,water_level,water_level,,,m,m,observed,source label Water Depth; datum semantics require validation,False,,,"[""Q01""]",True
taihu_thqbca_history,storage\raw\taihu_thqbca_parsed\thqbca_observations.csv,56893,TAIHU_WATER_LEVEL,,2013-07-06T16:00:00+00:00,,,water_level,water_level,,,m,m,observed,source label Water Depth; datum semantics require validation,False,,,"[""Q01""]",True
taihu_thqbca_history,storage\raw\taihu_thqbca_parsed\thqbca_observations.csv,56894,TAIHU_WATER_LEVEL,,2013-07-07T16:00:00+00:00,,,water_level,water_level,,,m,m,observed,source label Water Depth; datum semantics require validation,False,,,"[""Q01""]",True
taihu_thqbca_history,storage\raw\taihu_thqbca_parsed\thqbca_observations.csv,56895,TAIHU_WATER_LEVEL,,2013-07-08T16:00:00+00:00,,,water_level,water_level,,,m,m,observed,source label Water Depth; datum semantics require validation,False,,,"[""Q01""]",True
taihu_thqbca_history,storage\raw\taihu_thqbca_parsed\thqbca_observations.csv,56896,TAIHU_WATER_LEVEL,,2013-07-09T16:00:00+00:00,,,water_level,water_level,,,m,m,observed,source label Water Depth; datum semantics require validation,False,,,"[""Q01""]",True
taihu_thqbca_history,storage\raw\taihu_thqbca_parsed\thqbca_observations.csv,56897,TAIHU_WATER_LEVEL,,2013-07-10T16:00:00+00:00,,,water_level,water_level,,,m,m,observed,source label Water Depth; datum semantics require validation,False,,,"[""Q01""]",True
taihu_thqbca_history,storage\raw\taihu_thqbca_parsed\thqbca_observations.csv,56899,TAIHU_WATER_LEVEL,,2013-07-12T16:00:00+00:00,,,water_level,water_level,,,m,m,observed,source label Water Depth; datum semantics require validation,False,,,"[""Q01""]",True
taihu_thqbca_history,storage\raw\taihu_thqbca_parsed\thqbca_observations.csv,56900,TAIHU_WATER_LEVEL,,2013-07-13T16:00:00+00:00,,,water_level,water_level,,,m,m,observed,source label Water Depth; datum semantics require validation,False,,,"[""Q01""]",True
taihu_thqbca_history,storage\raw\taihu_thqbca_parsed\thqbca_observations.csv,63690,TAIHU_CLIMATE,,1967-02-13T16:00:00+00:00,,,wind_speed,wind_speed,,,m/s,m/s,observed,,False,,,"[""Q01""]",True
taihu_thqbca_history,storage\raw\taihu_thqbca_parsed\thqbca_observations.csv,63708,TAIHU_CLIMATE,,1967-03-03T16:00:00+00:00,,,wind_speed,wind_speed,,,m/s,m/s,observed,,False,,,"[""Q01""]",True
taihu_thqbca_history,storage\raw\taihu_thqbca_parsed\thqbca_observations.csv,63785,TAIHU_CLIMATE,,1967-05-19T16:00:00+00:00,,,wind_speed,wind_speed,,,m/s,m/s,observed,,False,,,"[""Q01""]",True
taihu_thqbca_history,storage\raw\taihu_thqbca_parsed\thqbca_observations.csv,64026,TAIHU_CLIMATE,,1968-01-15T16:00:00+00:00,,,wind_speed,wind_speed,,,m/s,m/s,observed,,False,,,"[""Q01""]",True
taihu_thqbca_history,storage\raw\taihu_thqbca_parsed\thqbca_observations.csv,64062,TAIHU_CLIMATE,,1968-02-20T16:00:00+00:00,,,wind_speed,wind_speed,,,m/s,m/s,observed,,False,,,"[""Q01""]",True
taihu_thqbca_history,storage\raw\taihu_thqbca_parsed\thqbca_observations.csv,64357,TAIHU_CLIMATE,,1968-12-11T16:00:00+00:00,,,wind_speed,wind_speed,,,m/s,m/s,observed,,False,,,"[""Q01""]",True
taihu_thqbca_history,storage\raw\taihu_thqbca_parsed\thqbca_observations.csv,64501,TAIHU_CLIMATE,,1969-05-04T16:00:00+00:00,,,wind_speed,wind_speed,,,m/s,m/s,observed,,False,,,"[""Q01""]",True
taihu_thqbca_history,storage\raw\taihu_thqbca_parsed\thqbca_observations.csv,82384,TAIHU_CLIMATE,,2018-04-20T16:00:00+00:00,,,wind_speed,wind_speed,,,m/s,m/s,observed,,False,,,"[""Q01""]",True
taihu_thqbca_history,storage\raw\taihu_thqbca_parsed\thqbca_observations.csv,82400,TAIHU_CLIMATE,,2018-05-06T16:00:00+00:00,,,wind_speed,wind_speed,,,m/s,m/s,observed,,False,,,"[""Q01""]",True
