source_id,source_file,source_row,variable_code,issue_code,severity,message,observed_value
open_meteo_forecast,storage\raw\open_meteo_forecast\20260818T112053Z.json,1:temperature_2m,air_temperature,Q08,medium,duplicate business key,27.3
open_meteo_forecast,storage\raw\open_meteo_forecast\20260818T112053Z.json,1:wind_speed_10m,wind_speed,Q08,medium,duplicate business key,3.75
open_meteo_forecast,storage\raw\open_meteo_forecast\20260818T112053Z.json,1:wind_direction_10m,wind_direction,Q08,medium,duplicate business key,89
open_meteo_forecast,storage\raw\open_meteo_forecast\20260818T112053Z.json,1:precipitation,precipitation,Q08,medium,duplicate business key,0.0
open_meteo_forecast,storage\raw\open_meteo_forecast\20260818T112053Z.json,1:shortwave_radiation,shortwave_radiation,Q08,medium,duplicate business key,314.0
open_meteo_forecast,storage\raw\open_meteo_forecast\20260818T112053Z.json,2:temperature_2m,air_temperature,Q08,medium,duplicate business key,27.9
open_meteo_forecast,storage\raw\open_meteo_forecast\20260818T112053Z.json,2:wind_speed_10m,wind_speed,Q08,medium,duplicate business key,3.91
open_meteo_forecast,storage\raw\open_meteo_forecast\20260818T112053Z.json,2:wind_direction_10m,wind_direction,Q08,medium,duplicate business key,94
open_meteo_forecast,storage\raw\open_meteo_forecast\20260818T112053Z.json,2:precipitation,precipitation,Q08,medium,duplicate business key,0.0
open_meteo_forecast,storage\raw\open_meteo_forecast\20260818T112053Z.json,2:shortwave_radiation,shortwave_radiation,Q08,medium,duplicate business key,501.0
open_meteo_forecast,storage\raw\open_meteo_forecast\20260818T112053Z.json,3:temperature_2m,air_temperature,Q08,medium,duplicate business key,28.9
open_meteo_forecast,storage\raw\open_meteo_forecast\20260818T112053Z.json,3:wind_speed_10m,wind_speed,Q08,medium,duplicate business key,3.62
open_meteo_forecast,storage\raw\open_meteo_forecast\20260818T112053Z.json,3:wind_direction_10m,wind_direction,Q08,medium,duplicate business key,96
open_meteo_forecast,storage\raw\open_meteo_forecast\20260818T112053Z.json,3:precipitation,precipitation,Q08,medium,duplicate business key,0.0
open_meteo_forecast,storage\raw\open_meteo_forecast\20260818T112053Z.json,3:shortwave_radiation,shortwave_radiation,Q08,medium,duplicate business key,618.0
open_meteo_forecast,storage\raw\open_meteo_forecast\20260818T112053Z.json,4:temperature_2m,air_temperature,Q08,medium,duplicate business key,29.5
open_meteo_forecast,storage\raw\open_meteo_forecast\20260818T112053Z.json,4:wind_speed_10m,wind_speed,Q08,medium,duplicate business key,3.11
open_meteo_forecast,storage\raw\open_meteo_forecast\20260818T112053Z.json,4:wind_direction_10m,wind_direction,Q08,medium,duplicate business key,85
open_meteo_forecast,storage\raw\open_meteo_forecast\20260818T112053Z.json,4:precipitation,precipitation,Q08,medium,duplicate business key,0.0
open_meteo_forecast,storage\raw\open_meteo_forecast\20260818T112053Z.json,4:shortwave_radiation,shortwave_radiation,Q08,medium,duplicate business key,664.0
open_meteo_forecast,storage\raw\open_meteo_forecast\20260818T112053Z.json,5:temperature_2m,air_temperature,Q08,medium,duplicate business key,29.2
open_meteo_forecast,storage\raw\open_meteo_forecast\20260818T112053Z.json,5:wind_speed_10m,wind_speed,Q08,medium,duplicate business key,3.51
open_meteo_forecast,storage\raw\open_meteo_forecast\20260818T112053Z.json,5:wind_direction_10m,wind_direction,Q08,medium,duplicate business key,93
open_meteo_forecast,storage\raw\open_meteo_forecast\20260818T112053Z.json,5:precipitation,precipitation,Q08,medium,duplicate business key,0.1
open_meteo_forecast,storage\raw\open_meteo_forecast\20260818T112053Z.json,5:shortwave_radiation,shortwave_radiation,Q08,medium,duplicate business key,843.0
open_meteo_forecast,storage\raw\open_meteo_forecast\20260818T112053Z.json,6:temperature_2m,air_temperature,Q08,medium,duplicate business key,29.3
open_meteo_forecast,storage\raw\open_meteo_forecast\20260818T112053Z.json,6:wind_speed_10m,wind_speed,Q08,medium,duplicate business key,4.13
open_meteo_forecast,storage\raw\open_meteo_forecast\20260818T112053Z.json,6:wind_direction_10m,wind_direction,Q08,medium,duplicate business key,97
open_meteo_forecast,storage\raw\open_meteo_forecast\20260818T112053Z.json,6:precipitation,precipitation,Q08,medium,duplicate business key,0.4
open_meteo_forecast,storage\raw\open_meteo_forecast\20260818T112053Z.json,6:shortwave_radiation,shortwave_radiation,Q08,medium,duplicate business key,797.0
open_meteo_forecast,storage\raw\open_meteo_forecast\20260818T112053Z.json,7:temperature_2m,air_temperature,Q08,medium,duplicate business key,29.4
open_meteo_forecast,storage\raw\open_meteo_forecast\20260818T112053Z.json,7:wind_speed_10m,wind_speed,Q08,medium,duplicate business key,3.36
open_meteo_forecast,storage\raw\open_meteo_forecast\20260818T112053Z.json,7:wind_direction_10m,wind_direction,Q08,medium,duplicate business key,105
open_meteo_forecast,storage\raw\open_meteo_forecast\20260818T112053Z.json,7:precipitation,precipitation,Q08,medium,duplicate business key,0.7
open_meteo_forecast,storage\raw\open_meteo_forecast\20260818T112053Z.json,7:shortwave_radiation,shortwave_radiation,Q08,medium,duplicate business key,728.0
open_meteo_forecast,storage\raw\open_meteo_forecast\20260818T112053Z.json,8:temperature_2m,air_temperature,Q08,medium,duplicate business key,29.4
open_meteo_forecast,storage\raw\open_meteo_forecast\20260818T112053Z.json,8:wind_speed_10m,wind_speed,Q08,medium,duplicate business key,4.6
open_meteo_forecast,storage\raw\open_meteo_forecast\20260818T112053Z.json,8:wind_direction_10m,wind_direction,Q08,medium,duplicate business key,102
open_meteo_forecast,storage\raw\open_meteo_forecast\20260818T112053Z.json,8:precipitation,precipitation,Q08,medium,duplicate business key,0.6
open_meteo_forecast,storage\raw\open_meteo_forecast\20260818T112053Z.json,8:shortwave_radiation,shortwave_radiation,Q08,medium,duplicate business key,587.0
open_meteo_forecast,storage\raw\open_meteo_forecast\20260818T112053Z.json,9:temperature_2m,air_temperature,Q08,medium,duplicate business key,29.1
open_meteo_forecast,storage\raw\open_meteo_forecast\20260818T112053Z.json,9:wind_speed_10m,wind_speed,Q08,medium,duplicate business key,5.0
open_meteo_forecast,storage\raw\open_meteo_forecast\20260818T112053Z.json,9:wind_direction_10m,wind_direction,Q08,medium,duplicate business key,90
open_meteo_forecast,storage\raw\open_meteo_forecast\20260818T112053Z.json,9:precipitation,precipitation,Q08,medium,duplicate business key,1.6
open_meteo_forecast,storage\raw\open_meteo_forecast\20260818T112053Z.json,9:shortwave_radiation,shortwave_radiation,Q08,medium,duplicate business key,460.0
open_meteo_forecast,storage\raw\open_meteo_forecast\20260818T112053Z.json,10:temperature_2m,air_temperature,Q08,medium,duplicate business key,28.6
open_meteo_forecast,storage\raw\open_meteo_forecast\20260818T112053Z.json,10:wind_speed_10m,wind_speed,Q08,medium,duplicate business key,5.84
open_meteo_forecast,storage\raw\open_meteo_forecast\20260818T112053Z.json,10:wind_direction_10m,wind_direction,Q08,medium,duplicate business key,110
open_meteo_forecast,storage\raw\open_meteo_forecast\20260818T112053Z.json,10:precipitation,precipitation,Q08,medium,duplicate business key,0.3
open_meteo_forecast,storage\raw\open_meteo_forecast\20260818T112053Z.json,10:shortwave_radiation,shortwave_radiation,Q08,medium,duplicate business key,305.0
open_meteo_forecast,storage\raw\open_meteo_forecast\20260818T112053Z.json,11:temperature_2m,air_temperature,Q08,medium,duplicate business key,28.8
open_meteo_forecast,storage\raw\open_meteo_forecast\20260818T112053Z.json,11:wind_speed_10m,wind_speed,Q08,medium,duplicate business key,4.82
open_meteo_forecast,storage\raw\open_meteo_forecast\20260818T112053Z.json,11:wind_direction_10m,wind_direction,Q08,medium,duplicate business key,95
open_meteo_forecast,storage\raw\open_meteo_forecast\20260818T112053Z.json,11:precipitation,precipitation,Q08,medium,duplicate business key,0.0
open_meteo_forecast,storage\raw\open_meteo_forecast\20260818T112053Z.json,11:shortwave_radiation,shortwave_radiation,Q08,medium,duplicate business key,137.0
open_meteo_forecast,storage\raw\open_meteo_forecast\20260818T112053Z.json,12:temperature_2m,air_temperature,Q08,medium,duplicate business key,28.9
open_meteo_forecast,storage\raw\open_meteo_forecast\20260818T112053Z.json,12:wind_speed_10m,wind_speed,Q08,medium,duplicate business key,5.61
open_meteo_forecast,storage\raw\open_meteo_forecast\20260818T112053Z.json,12:wind_direction_10m,wind_direction,Q08,medium,duplicate business key,94
open_meteo_forecast,storage\raw\open_meteo_forecast\20260818T112053Z.json,12:precipitation,precipitation,Q08,medium,duplicate business key,0.0
open_meteo_forecast,storage\raw\open_meteo_forecast\20260818T112053Z.json,12:shortwave_radiation,shortwave_radiation,Q08,medium,duplicate business key,14.0
open_meteo_forecast,storage\raw\open_meteo_forecast\20260818T112053Z.json,13:temperature_2m,air_temperature,Q08,medium,duplicate business key,28.9
open_meteo_forecast,storage\raw\open_meteo_forecast\20260818T112053Z.json,13:wind_speed_10m,wind_speed,Q08,medium,duplicate business key,6.38
open_meteo_forecast,storage\raw\open_meteo_forecast\20260818T112053Z.json,13:wind_direction_10m,wind_direction,Q08,medium,duplicate business key,104
open_meteo_forecast,storage\raw\open_meteo_forecast\20260818T112053Z.json,13:precipitation,precipitation,Q08,medium,duplicate business key,0.0
open_meteo_forecast,storage\raw\open_meteo_forecast\20260818T112053Z.json,13:shortwave_radiation,shortwave_radiation,Q08,medium,duplicate business key,0.0
open_meteo_forecast,storage\raw\open_meteo_forecast\20260818T112053Z.json,14:temperature_2m,air_temperature,Q08,medium,duplicate business key,28.5
open_meteo_forecast,storage\raw\open_meteo_forecast\20260818T112053Z.json,14:wind_speed_10m,wind_speed,Q08,medium,duplicate business key,6.42
open_meteo_forecast,storage\raw\open_meteo_forecast\20260818T112053Z.json,14:wind_direction_10m,wind_direction,Q08,medium,duplicate business key,108
open_meteo_forecast,storage\raw\open_meteo_forecast\20260818T112053Z.json,14:precipitation,precipitation,Q08,medium,duplicate business key,0.0
open_meteo_forecast,storage\raw\open_meteo_forecast\20260818T112053Z.json,14:shortwave_radiation,shortwave_radiation,Q08,medium,duplicate business key,0.0
open_meteo_forecast,storage\raw\open_meteo_forecast\20260818T112053Z.json,15:temperature_2m,air_temperature,Q08,medium,duplicate business key,28.1
open_meteo_forecast,storage\raw\open_meteo_forecast\20260818T112053Z.json,15:wind_speed_10m,wind_speed,Q08,medium,duplicate business key,6.09
open_meteo_forecast,storage\raw\open_meteo_forecast\20260818T112053Z.json,15:wind_direction_10m,wind_direction,Q08,medium,duplicate business key,106
open_meteo_forecast,storage\raw\open_meteo_forecast\20260818T112053Z.json,15:precipitation,precipitation,Q08,medium,duplicate business key,0.0
open_meteo_forecast,storage\raw\open_meteo_forecast\20260818T112053Z.json,15:shortwave_radiation,shortwave_radiation,Q08,medium,duplicate business key,0.0
open_meteo_forecast,storage\raw\open_meteo_forecast\20260818T112053Z.json,16:temperature_2m,air_temperature,Q08,medium,duplicate business key,27.9
open_meteo_forecast,storage\raw\open_meteo_forecast\20260818T112053Z.json,16:wind_speed_10m,wind_speed,Q08,medium,duplicate business key,5.38
open_meteo_forecast,storage\raw\open_meteo_forecast\20260818T112053Z.json,16:wind_direction_10m,wind_direction,Q08,medium,duplicate business key,108
open_meteo_forecast,storage\raw\open_meteo_forecast\20260818T112053Z.json,16:precipitation,precipitation,Q08,medium,duplicate business key,0.0
open_meteo_forecast,storage\raw\open_meteo_forecast\20260818T112053Z.json,16:shortwave_radiation,shortwave_radiation,Q08,medium,duplicate business key,0.0
open_meteo_forecast,storage\raw\open_meteo_forecast\20260818T112053Z.json,17:temperature_2m,air_temperature,Q08,medium,duplicate business key,27.8
open_meteo_forecast,storage\raw\open_meteo_forecast\20260818T112053Z.json,17:wind_speed_10m,wind_speed,Q08,medium,duplicate business key,4.76
open_meteo_forecast,storage\raw\open_meteo_forecast\20260818T112053Z.json,17:wind_direction_10m,wind_direction,Q08,medium,duplicate business key,107
open_meteo_forecast,storage\raw\open_meteo_forecast\20260818T112053Z.json,17:precipitation,precipitation,Q08,medium,duplicate business key,0.0
open_meteo_forecast,storage\raw\open_meteo_forecast\20260818T112053Z.json,17:shortwave_radiation,shortwave_radiation,Q08,medium,duplicate business key,0.0
open_meteo_forecast,storage\raw\open_meteo_forecast\20260818T112053Z.json,18:temperature_2m,air_temperature,Q08,medium,duplicate business key,27.7
open_meteo_forecast,storage\raw\open_meteo_forecast\20260818T112053Z.json,18:wind_speed_10m,wind_speed,Q08,medium,duplicate business key,4.38
open_meteo_forecast,storage\raw\open_meteo_forecast\20260818T112053Z.json,18:wind_direction_10m,wind_direction,Q08,medium,duplicate business key,104
open_meteo_forecast,storage\raw\open_meteo_forecast\20260818T112053Z.json,18:precipitation,precipitation,Q08,medium,duplicate business key,0.0
open_meteo_forecast,storage\raw\open_meteo_forecast\20260818T112053Z.json,18:shortwave_radiation,shortwave_radiation,Q08,medium,duplicate business key,0.0
open_meteo_forecast,storage\raw\open_meteo_forecast\20260818T112053Z.json,19:temperature_2m,air_temperature,Q08,medium,duplicate business key,27.7
open_meteo_forecast,storage\raw\open_meteo_forecast\20260818T112053Z.json,19:wind_speed_10m,wind_speed,Q08,medium,duplicate business key,4.75
open_meteo_forecast,storage\raw\open_meteo_forecast\20260818T112053Z.json,19:wind_direction_10m,wind_direction,Q08,medium,duplicate business key,114
open_meteo_forecast,storage\raw\open_meteo_forecast\20260818T112053Z.json,19:precipitation,precipitation,Q08,medium,duplicate business key,0.0
open_meteo_forecast,storage\raw\open_meteo_forecast\20260818T112053Z.json,19:shortwave_radiation,shortwave_radiation,Q08,medium,duplicate business key,0.0
open_meteo_forecast,storage\raw\open_meteo_forecast\20260818T112053Z.json,20:temperature_2m,air_temperature,Q08,medium,duplicate business key,27.6
open_meteo_forecast,storage\raw\open_meteo_forecast\20260818T112053Z.json,20:wind_speed_10m,wind_speed,Q08,medium,duplicate business key,4.94
open_meteo_forecast,storage\raw\open_meteo_forecast\20260818T112053Z.json,20:wind_direction_10m,wind_direction,Q08,medium,duplicate business key,116
open_meteo_forecast,storage\raw\open_meteo_forecast\20260818T112053Z.json,20:precipitation,precipitation,Q08,medium,duplicate business key,0.0
open_meteo_forecast,storage\raw\open_meteo_forecast\20260818T112053Z.json,20:shortwave_radiation,shortwave_radiation,Q08,medium,duplicate business key,0.0
open_meteo_forecast,storage\raw\open_meteo_forecast\20260818T112053Z.json,21:temperature_2m,air_temperature,Q08,medium,duplicate business key,27.6
open_meteo_forecast,storage\raw\open_meteo_forecast\20260818T112053Z.json,21:wind_speed_10m,wind_speed,Q08,medium,duplicate business key,4.88
open_meteo_forecast,storage\raw\open_meteo_forecast\20260818T112053Z.json,21:wind_direction_10m,wind_direction,Q08,medium,duplicate business key,114
open_meteo_forecast,storage\raw\open_meteo_forecast\20260818T112053Z.json,21:precipitation,precipitation,Q08,medium,duplicate business key,0.0
open_meteo_forecast,storage\raw\open_meteo_forecast\20260818T112053Z.json,21:shortwave_radiation,shortwave_radiation,Q08,medium,duplicate business key,0.0
open_meteo_forecast,storage\raw\open_meteo_forecast\20260818T112053Z.json,22:temperature_2m,air_temperature,Q08,medium,duplicate business key,27.5
open_meteo_forecast,storage\raw\open_meteo_forecast\20260818T112053Z.json,22:wind_speed_10m,wind_speed,Q08,medium,duplicate business key,4.81
open_meteo_forecast,storage\raw\open_meteo_forecast\20260818T112053Z.json,22:wind_direction_10m,wind_direction,Q08,medium,duplicate business key,117
open_meteo_forecast,storage\raw\open_meteo_forecast\20260818T112053Z.json,22:precipitation,precipitation,Q08,medium,duplicate business key,0.0
open_meteo_forecast,storage\raw\open_meteo_forecast\20260818T112053Z.json,22:shortwave_radiation,shortwave_radiation,Q08,medium,duplicate business key,0.0
open_meteo_forecast,storage\raw\open_meteo_forecast\20260818T112053Z.json,23:temperature_2m,air_temperature,Q08,medium,duplicate business key,27.5
open_meteo_forecast,storage\raw\open_meteo_forecast\20260818T112053Z.json,23:wind_speed_10m,wind_speed,Q08,medium,duplicate business key,4.87
open_meteo_forecast,storage\raw\open_meteo_forecast\20260818T112053Z.json,23:wind_direction_10m,wind_direction,Q08,medium,duplicate business key,117
open_meteo_forecast,storage\raw\open_meteo_forecast\20260818T112053Z.json,23:precipitation,precipitation,Q08,medium,duplicate business key,0.0
open_meteo_forecast,storage\raw\open_meteo_forecast\20260818T112053Z.json,23:shortwave_radiation,shortwave_radiation,Q08,medium,duplicate business key,9.0
open_meteo_forecast,storage\raw\open_meteo_forecast\20260818T112053Z.json,24:temperature_2m,air_temperature,Q08,medium,duplicate business key,27.5
open_meteo_forecast,storage\raw\open_meteo_forecast\20260818T112053Z.json,24:wind_speed_10m,wind_speed,Q08,medium,duplicate business key,4.68
open_meteo_forecast,storage\raw\open_meteo_forecast\20260818T112053Z.json,24:wind_direction_10m,wind_direction,Q08,medium,duplicate business key,115
open_meteo_forecast,storage\raw\open_meteo_forecast\20260818T112053Z.json,24:precipitation,precipitation,Q08,medium,duplicate business key,0.0
open_meteo_forecast,storage\raw\open_meteo_forecast\20260818T112053Z.json,24:shortwave_radiation,shortwave_radiation,Q08,medium,duplicate business key,121.0
open_meteo_forecast,storage\raw\open_meteo_forecast\20260818T112053Z.json,25:temperature_2m,air_temperature,Q08,medium,duplicate business key,27.7
open_meteo_forecast,storage\raw\open_meteo_forecast\20260818T112053Z.json,25:wind_speed_10m,wind_speed,Q08,medium,duplicate business key,4.79
open_meteo_forecast,storage\raw\open_meteo_forecast\20260818T112053Z.json,25:wind_direction_10m,wind_direction,Q08,medium,duplicate business key,120
open_meteo_forecast,storage\raw\open_meteo_forecast\20260818T112053Z.json,25:precipitation,precipitation,Q08,medium,duplicate business key,0.0
open_meteo_forecast,storage\raw\open_meteo_forecast\20260818T112053Z.json,25:shortwave_radiation,shortwave_radiation,Q08,medium,duplicate business key,308.0
open_meteo_forecast,storage\raw\open_meteo_forecast\20260818T112053Z.json,26:temperature_2m,air_temperature,Q08,medium,duplicate business key,28.4
open_meteo_forecast,storage\raw\open_meteo_forecast\20260818T112053Z.json,26:wind_speed_10m,wind_speed,Q08,medium,duplicate business key,4.5
open_meteo_forecast,storage\raw\open_meteo_forecast\20260818T112053Z.json,26:wind_direction_10m,wind_direction,Q08,medium,duplicate business key,127
open_meteo_forecast,storage\raw\open_meteo_forecast\20260818T112053Z.json,26:precipitation,precipitation,Q08,medium,duplicate business key,0.0
open_meteo_forecast,storage\raw\open_meteo_forecast\20260818T112053Z.json,26:shortwave_radiation,shortwave_radiation,Q08,medium,duplicate business key,501.0
open_meteo_forecast,storage\raw\open_meteo_forecast\20260818T112053Z.json,27:temperature_2m,air_temperature,Q08,medium,duplicate business key,29.3
open_meteo_forecast,storage\raw\open_meteo_forecast\20260818T112053Z.json,27:wind_speed_10m,wind_speed,Q08,medium,duplicate business key,4.14
open_meteo_forecast,storage\raw\open_meteo_forecast\20260818T112053Z.json,27:wind_direction_10m,wind_direction,Q08,medium,duplicate business key,133
open_meteo_forecast,storage\raw\open_meteo_forecast\20260818T112053Z.json,27:precipitation,precipitation,Q08,medium,duplicate business key,0.0
open_meteo_forecast,storage\raw\open_meteo_forecast\20260818T112053Z.json,27:shortwave_radiation,shortwave_radiation,Q08,medium,duplicate business key,621.0
open_meteo_forecast,storage\raw\open_meteo_forecast\20260818T112053Z.json,28:temperature_2m,air_temperature,Q08,medium,duplicate business key,29.8
open_meteo_forecast,storage\raw\open_meteo_forecast\20260818T112053Z.json,28:wind_speed_10m,wind_speed,Q08,medium,duplicate business key,4.27
open_meteo_forecast,storage\raw\open_meteo_forecast\20260818T112053Z.json,28:wind_direction_10m,wind_direction,Q08,medium,duplicate business key,125
open_meteo_forecast,storage\raw\open_meteo_forecast\20260818T112053Z.json,28:precipitation,precipitation,Q08,medium,duplicate business key,0.1
open_meteo_forecast,storage\raw\open_meteo_forecast\20260818T112053Z.json,28:shortwave_radiation,shortwave_radiation,Q08,medium,duplicate business key,771.0
open_meteo_forecast,storage\raw\open_meteo_forecast\20260818T112053Z.json,29:temperature_2m,air_temperature,Q08,medium,duplicate business key,30.3
open_meteo_forecast,storage\raw\open_meteo_forecast\20260818T112053Z.json,29:wind_speed_10m,wind_speed,Q08,medium,duplicate business key,4.46
open_meteo_forecast,storage\raw\open_meteo_forecast\20260818T112053Z.json,29:wind_direction_10m,wind_direction,Q08,medium,duplicate business key,113
open_meteo_forecast,storage\raw\open_meteo_forecast\20260818T112053Z.json,29:precipitation,precipitation,Q08,medium,duplicate business key,1.1
open_meteo_forecast,storage\raw\open_meteo_forecast\20260818T112053Z.json,29:shortwave_radiation,shortwave_radiation,Q08,medium,duplicate business key,799.0
open_meteo_forecast,storage\raw\open_meteo_forecast\20260818T112053Z.json,30:temperature_2m,air_temperature,Q08,medium,duplicate business key,30.4
open_meteo_forecast,storage\raw\open_meteo_forecast\20260818T112053Z.json,30:wind_speed_10m,wind_speed,Q08,medium,duplicate business key,3.64
open_meteo_forecast,storage\raw\open_meteo_forecast\20260818T112053Z.json,30:wind_direction_10m,wind_direction,Q08,medium,duplicate business key,108
open_meteo_forecast,storage\raw\open_meteo_forecast\20260818T112053Z.json,30:precipitation,precipitation,Q08,medium,duplicate business key,0.4
open_meteo_forecast,storage\raw\open_meteo_forecast\20260818T112053Z.json,30:shortwave_radiation,shortwave_radiation,Q08,medium,duplicate business key,771.0
open_meteo_forecast,storage\raw\open_meteo_forecast\20260818T112053Z.json,31:temperature_2m,air_temperature,Q08,medium,duplicate business key,30.4
open_meteo_forecast,storage\raw\open_meteo_forecast\20260818T112053Z.json,31:wind_speed_10m,wind_speed,Q08,medium,duplicate business key,5.64
open_meteo_forecast,storage\raw\open_meteo_forecast\20260818T112053Z.json,31:wind_direction_10m,wind_direction,Q08,medium,duplicate business key,103
open_meteo_forecast,storage\raw\open_meteo_forecast\20260818T112053Z.json,31:precipitation,precipitation,Q08,medium,duplicate business key,0.2
open_meteo_forecast,storage\raw\open_meteo_forecast\20260818T112053Z.json,31:shortwave_radiation,shortwave_radiation,Q08,medium,duplicate business key,762.0
open_meteo_forecast,storage\raw\open_meteo_forecast\20260818T112053Z.json,32:temperature_2m,air_temperature,Q08,medium,duplicate business key,30.8
open_meteo_forecast,storage\raw\open_meteo_forecast\20260818T112053Z.json,32:wind_speed_10m,wind_speed,Q08,medium,duplicate business key,6.0
open_meteo_forecast,storage\raw\open_meteo_forecast\20260818T112053Z.json,32:wind_direction_10m,wind_direction,Q08,medium,duplicate business key,103
open_meteo_forecast,storage\raw\open_meteo_forecast\20260818T112053Z.json,32:precipitation,precipitation,Q08,medium,duplicate business key,0.0
open_meteo_forecast,storage\raw\open_meteo_forecast\20260818T112053Z.json,32:shortwave_radiation,shortwave_radiation,Q08,medium,duplicate business key,606.0
open_meteo_forecast,storage\raw\open_meteo_forecast\20260818T112053Z.json,33:temperature_2m,air_temperature,Q08,medium,duplicate business key,30.6
open_meteo_forecast,storage\raw\open_meteo_forecast\20260818T112053Z.json,33:wind_speed_10m,wind_speed,Q08,medium,duplicate business key,5.71
open_meteo_forecast,storage\raw\open_meteo_forecast\20260818T112053Z.json,33:wind_direction_10m,wind_direction,Q08,medium,duplicate business key,104
open_meteo_forecast,storage\raw\open_meteo_forecast\20260818T112053Z.json,33:precipitation,precipitation,Q08,medium,duplicate business key,0.0
open_meteo_forecast,storage\raw\open_meteo_forecast\20260818T112053Z.json,33:shortwave_radiation,shortwave_radiation,Q08,medium,duplicate business key,451.0
open_meteo_forecast,storage\raw\open_meteo_forecast\20260818T112053Z.json,34:temperature_2m,air_temperature,Q08,medium,duplicate business key,30.0
open_meteo_forecast,storage\raw\open_meteo_forecast\20260818T112053Z.json,34:wind_speed_10m,wind_speed,Q08,medium,duplicate business key,5.62
open_meteo_forecast,storage\raw\open_meteo_forecast\20260818T112053Z.json,34:wind_direction_10m,wind_direction,Q08,medium,duplicate business key,102
open_meteo_forecast,storage\raw\open_meteo_forecast\20260818T112053Z.json,34:precipitation,precipitation,Q08,medium,duplicate business key,0.0
open_meteo_forecast,storage\raw\open_meteo_forecast\20260818T112053Z.json,34:shortwave_radiation,shortwave_radiation,Q08,medium,duplicate business key,222.0
open_meteo_forecast,storage\raw\open_meteo_forecast\20260818T112053Z.json,35:temperature_2m,air_temperature,Q08,medium,duplicate business key,29.6
open_meteo_forecast,storage\raw\open_meteo_forecast\20260818T112053Z.json,35:wind_speed_10m,wind_speed,Q08,medium,duplicate business key,6.44
open_meteo_forecast,storage\raw\open_meteo_forecast\20260818T112053Z.json,35:wind_direction_10m,wind_direction,Q08,medium,duplicate business key,107
open_meteo_forecast,storage\raw\open_meteo_forecast\20260818T112053Z.json,35:precipitation,precipitation,Q08,medium,duplicate business key,0.0
open_meteo_forecast,storage\raw\open_meteo_forecast\20260818T112053Z.json,35:shortwave_radiation,shortwave_radiation,Q08,medium,duplicate business key,109.0
open_meteo_forecast,storage\raw\open_meteo_forecast\20260818T112053Z.json,36:temperature_2m,air_temperature,Q08,medium,duplicate business key,28.9
open_meteo_forecast,storage\raw\open_meteo_forecast\20260818T112053Z.json,36:wind_speed_10m,wind_speed,Q08,medium,duplicate business key,6.67
open_meteo_forecast,storage\raw\open_meteo_forecast\20260818T112053Z.json,36:wind_direction_10m,wind_direction,Q08,medium,duplicate business key,114
open_meteo_forecast,storage\raw\open_meteo_forecast\20260818T112053Z.json,36:precipitation,precipitation,Q08,medium,duplicate business key,0.0
open_meteo_forecast,storage\raw\open_meteo_forecast\20260818T112053Z.json,36:shortwave_radiation,shortwave_radiation,Q08,medium,duplicate business key,11.0
open_meteo_forecast,storage\raw\open_meteo_forecast\20260818T112053Z.json,37:temperature_2m,air_temperature,Q08,medium,duplicate business key,28.3
open_meteo_forecast,storage\raw\open_meteo_forecast\20260818T112053Z.json,37:wind_speed_10m,wind_speed,Q08,medium,duplicate business key,6.96
open_meteo_forecast,storage\raw\open_meteo_forecast\20260818T112053Z.json,37:wind_direction_10m,wind_direction,Q08,medium,duplicate business key,110
open_meteo_forecast,storage\raw\open_meteo_forecast\20260818T112053Z.json,37:precipitation,precipitation,Q08,medium,duplicate business key,0.0
open_meteo_forecast,storage\raw\open_meteo_forecast\20260818T112053Z.json,37:shortwave_radiation,shortwave_radiation,Q08,medium,duplicate business key,0.0
open_meteo_forecast,storage\raw\open_meteo_forecast\20260818T112053Z.json,38:temperature_2m,air_temperature,Q08,medium,duplicate business key,28.0
open_meteo_forecast,storage\raw\open_meteo_forecast\20260818T112053Z.json,38:wind_speed_10m,wind_speed,Q08,medium,duplicate business key,6.43
open_meteo_forecast,storage\raw\open_meteo_forecast\20260818T112053Z.json,38:wind_direction_10m,wind_direction,Q08,medium,duplicate business key,105
open_meteo_forecast,storage\raw\open_meteo_forecast\20260818T112053Z.json,38:precipitation,precipitation,Q08,medium,duplicate business key,0.0
open_meteo_forecast,storage\raw\open_meteo_forecast\20260818T112053Z.json,38:shortwave_radiation,shortwave_radiation,Q08,medium,duplicate business key,0.0
open_meteo_forecast,storage\raw\open_meteo_forecast\20260818T112053Z.json,39:temperature_2m,air_temperature,Q08,medium,duplicate business key,27.7
open_meteo_forecast,storage\raw\open_meteo_forecast\20260818T112053Z.json,39:wind_speed_10m,wind_speed,Q08,medium,duplicate business key,5.84
open_meteo_forecast,storage\raw\open_meteo_forecast\20260818T112053Z.json,39:wind_direction_10m,wind_direction,Q08,medium,duplicate business key,102
open_meteo_forecast,storage\raw\open_meteo_forecast\20260818T112053Z.json,39:precipitation,precipitation,Q08,medium,duplicate business key,0.0
open_meteo_forecast,storage\raw\open_meteo_forecast\20260818T112053Z.json,39:shortwave_radiation,shortwave_radiation,Q08,medium,duplicate business key,0.0
open_meteo_forecast,storage\raw\open_meteo_forecast\20260818T112053Z.json,40:temperature_2m,air_temperature,Q08,medium,duplicate business key,27.5
open_meteo_forecast,storage\raw\open_meteo_forecast\20260818T112053Z.json,40:wind_speed_10m,wind_speed,Q08,medium,duplicate business key,5.07
open_meteo_forecast,storage\raw\open_meteo_forecast\20260818T112053Z.json,40:wind_direction_10m,wind_direction,Q08,medium,duplicate business key,96
open_meteo_forecast,storage\raw\open_meteo_forecast\20260818T112053Z.json,40:precipitation,precipitation,Q08,medium,duplicate business key,0.0
open_meteo_forecast,storage\raw\open_meteo_forecast\20260818T112053Z.json,40:shortwave_radiation,shortwave_radiation,Q08,medium,duplicate business key,0.0
open_meteo_forecast,storage\raw\open_meteo_forecast\20260818T112053Z.json,41:temperature_2m,air_temperature,Q08,medium,duplicate business key,27.3
open_meteo_forecast,storage\raw\open_meteo_forecast\20260818T112053Z.json,41:wind_speed_10m,wind_speed,Q08,medium,duplicate business key,5.1
open_meteo_forecast,storage\raw\open_meteo_forecast\20260818T112053Z.json,41:wind_direction_10m,wind_direction,Q08,medium,duplicate business key,98
open_meteo_forecast,storage\raw\open_meteo_forecast\20260818T112053Z.json,41:precipitation,precipitation,Q08,medium,duplicate business key,0.0
open_meteo_forecast,storage\raw\open_meteo_forecast\20260818T112053Z.json,41:shortwave_radiation,shortwave_radiation,Q08,medium,duplicate business key,0.0
open_meteo_forecast,storage\raw\open_meteo_forecast\20260818T112053Z.json,42:temperature_2m,air_temperature,Q08,medium,duplicate business key,27.3
open_meteo_forecast,storage\raw\open_meteo_forecast\20260818T112053Z.json,42:wind_speed_10m,wind_speed,Q08,medium,duplicate business key,4.95
open_meteo_forecast,storage\raw\open_meteo_forecast\20260818T112053Z.json,42:wind_direction_10m,wind_direction,Q08,medium,duplicate business key,102
open_meteo_forecast,storage\raw\open_meteo_forecast\20260818T112053Z.json,42:precipitation,precipitation,Q08,medium,duplicate business key,0.0
open_meteo_forecast,storage\raw\open_meteo_forecast\20260818T112053Z.json,42:shortwave_radiation,shortwave_radiation,Q08,medium,duplicate business key,0.0
open_meteo_forecast,storage\raw\open_meteo_forecast\20260818T112053Z.json,43:temperature_2m,air_temperature,Q08,medium,duplicate business key,27.3
open_meteo_forecast,storage\raw\open_meteo_forecast\20260818T112053Z.json,43:wind_speed_10m,wind_speed,Q08,medium,duplicate business key,4.53
open_meteo_forecast,storage\raw\open_meteo_forecast\20260818T112053Z.json,43:wind_direction_10m,wind_direction,Q08,medium,duplicate business key,96
open_meteo_forecast,storage\raw\open_meteo_forecast\20260818T112053Z.json,43:precipitation,precipitation,Q08,medium,duplicate business key,0.0
open_meteo_forecast,storage\raw\open_meteo_forecast\20260818T112053Z.json,43:shortwave_radiation,shortwave_radiation,Q08,medium,duplicate business key,0.0
open_meteo_forecast,storage\raw\open_meteo_forecast\20260818T112053Z.json,44:temperature_2m,air_temperature,Q08,medium,duplicate business key,27.3
open_meteo_forecast,storage\raw\open_meteo_forecast\20260818T112053Z.json,44:wind_speed_10m,wind_speed,Q08,medium,duplicate business key,4.35
open_meteo_forecast,storage\raw\open_meteo_forecast\20260818T112053Z.json,44:wind_direction_10m,wind_direction,Q08,medium,duplicate business key,77
open_meteo_forecast,storage\raw\open_meteo_forecast\20260818T112053Z.json,44:precipitation,precipitation,Q08,medium,duplicate business key,0.0
open_meteo_forecast,storage\raw\open_meteo_forecast\20260818T112053Z.json,44:shortwave_radiation,shortwave_radiation,Q08,medium,duplicate business key,0.0
open_meteo_forecast,storage\raw\open_meteo_forecast\20260818T112053Z.json,45:temperature_2m,air_temperature,Q08,medium,duplicate business key,27.1
open_meteo_forecast,storage\raw\open_meteo_forecast\20260818T112053Z.json,45:wind_speed_10m,wind_speed,Q08,medium,duplicate business key,5.6
open_meteo_forecast,storage\raw\open_meteo_forecast\20260818T112053Z.json,45:wind_direction_10m,wind_direction,Q08,medium,duplicate business key,71
open_meteo_forecast,storage\raw\open_meteo_forecast\20260818T112053Z.json,45:precipitation,precipitation,Q08,medium,duplicate business key,0.2
open_meteo_forecast,storage\raw\open_meteo_forecast\20260818T112053Z.json,45:shortwave_radiation,shortwave_radiation,Q08,medium,duplicate business key,0.0
open_meteo_forecast,storage\raw\open_meteo_forecast\20260818T112053Z.json,46:temperature_2m,air_temperature,Q08,medium,duplicate business key,27.0
open_meteo_forecast,storage\raw\open_meteo_forecast\20260818T112053Z.json,46:wind_speed_10m,wind_speed,Q08,medium,duplicate business key,4.33
open_meteo_forecast,storage\raw\open_meteo_forecast\20260818T112053Z.json,46:wind_direction_10m,wind_direction,Q08,medium,duplicate business key,76
open_meteo_forecast,storage\raw\open_meteo_forecast\20260818T112053Z.json,46:precipitation,precipitation,Q08,medium,duplicate business key,0.3
open_meteo_forecast,storage\raw\open_meteo_forecast\20260818T112053Z.json,46:shortwave_radiation,shortwave_radiation,Q08,medium,duplicate business key,0.0
open_meteo_forecast,storage\raw\open_meteo_forecast\20260818T112053Z.json,47:temperature_2m,air_temperature,Q08,medium,duplicate business key,27.2
open_meteo_forecast,storage\raw\open_meteo_forecast\20260818T112053Z.json,47:wind_speed_10m,wind_speed,Q08,medium,duplicate business key,5.56
open_meteo_forecast,storage\raw\open_meteo_forecast\20260818T112053Z.json,47:wind_direction_10m,wind_direction,Q08,medium,duplicate business key,86
open_meteo_forecast,storage\raw\open_meteo_forecast\20260818T112053Z.json,47:precipitation,precipitation,Q08,medium,duplicate business key,0.3
open_meteo_forecast,storage\raw\open_meteo_forecast\20260818T112053Z.json,47:shortwave_radiation,shortwave_radiation,Q08,medium,duplicate business key,8.0
open_meteo_forecast,storage\raw\open_meteo_forecast\20260818T112053Z.json,48:temperature_2m,air_temperature,Q08,medium,duplicate business key,27.4
open_meteo_forecast,storage\raw\open_meteo_forecast\20260818T112053Z.json,48:wind_speed_10m,wind_speed,Q08,medium,duplicate business key,4.37
open_meteo_forecast,storage\raw\open_meteo_forecast\20260818T112053Z.json,48:wind_direction_10m,wind_direction,Q08,medium,duplicate business key,85
open_meteo_forecast,storage\raw\open_meteo_forecast\20260818T112053Z.json,48:precipitation,precipitation,Q08,medium,duplicate business key,0.2
open_meteo_forecast,storage\raw\open_meteo_forecast\20260818T112053Z.json,48:shortwave_radiation,shortwave_radiation,Q08,medium,duplicate business key,90.0
open_meteo_forecast,storage\raw\open_meteo_forecast\20260818T112053Z.json,49:temperature_2m,air_temperature,Q08,medium,duplicate business key,27.9
open_meteo_forecast,storage\raw\open_meteo_forecast\20260818T112053Z.json,49:wind_speed_10m,wind_speed,Q08,medium,duplicate business key,4.83
open_meteo_forecast,storage\raw\open_meteo_forecast\20260818T112053Z.json,49:wind_direction_10m,wind_direction,Q08,medium,duplicate business key,83
open_meteo_forecast,storage\raw\open_meteo_forecast\20260818T112053Z.json,49:precipitation,precipitation,Q08,medium,duplicate business key,0.2
open_meteo_forecast,storage\raw\open_meteo_forecast\20260818T112053Z.json,49:shortwave_radiation,shortwave_radiation,Q08,medium,duplicate business key,285.0
open_meteo_forecast,storage\raw\open_meteo_forecast\20260818T112053Z.json,50:temperature_2m,air_temperature,Q08,medium,duplicate business key,28.2
open_meteo_forecast,storage\raw\open_meteo_forecast\20260818T112053Z.json,50:wind_speed_10m,wind_speed,Q08,medium,duplicate business key,4.61
open_meteo_forecast,storage\raw\open_meteo_forecast\20260818T112053Z.json,50:wind_direction_10m,wind_direction,Q08,medium,duplicate business key,86
open_meteo_forecast,storage\raw\open_meteo_forecast\20260818T112053Z.json,50:precipitation,precipitation,Q08,medium,duplicate business key,0.5
open_meteo_forecast,storage\raw\open_meteo_forecast\20260818T112053Z.json,50:shortwave_radiation,shortwave_radiation,Q08,medium,duplicate business key,417.0
open_meteo_forecast,storage\raw\open_meteo_forecast\20260818T112053Z.json,51:temperature_2m,air_temperature,Q08,medium,duplicate business key,28.9
open_meteo_forecast,storage\raw\open_meteo_forecast\20260818T112053Z.json,51:wind_speed_10m,wind_speed,Q08,medium,duplicate business key,4.26
open_meteo_forecast,storage\raw\open_meteo_forecast\20260818T112053Z.json,51:wind_direction_10m,wind_direction,Q08,medium,duplicate business key,77
open_meteo_forecast,storage\raw\open_meteo_forecast\20260818T112053Z.json,51:precipitation,precipitation,Q08,medium,duplicate business key,1.1
open_meteo_forecast,storage\raw\open_meteo_forecast\20260818T112053Z.json,51:shortwave_radiation,shortwave_radiation,Q08,medium,duplicate business key,491.0
open_meteo_forecast,storage\raw\open_meteo_forecast\20260818T112053Z.json,52:temperature_2m,air_temperature,Q08,medium,duplicate business key,29.0
open_meteo_forecast,storage\raw\open_meteo_forecast\20260818T112053Z.json,52:wind_speed_10m,wind_speed,Q08,medium,duplicate business key,4.27
open_meteo_forecast,storage\raw\open_meteo_forecast\20260818T112053Z.json,52:wind_direction_10m,wind_direction,Q08,medium,duplicate business key,80
open_meteo_forecast,storage\raw\open_meteo_forecast\20260818T112053Z.json,52:precipitation,precipitation,Q08,medium,duplicate business key,1.1
open_meteo_forecast,storage\raw\open_meteo_forecast\20260818T112053Z.json,52:shortwave_radiation,shortwave_radiation,Q08,medium,duplicate business key,729.0
open_meteo_forecast,storage\raw\open_meteo_forecast\20260818T112053Z.json,53:temperature_2m,air_temperature,Q08,medium,duplicate business key,29.1
open_meteo_forecast,storage\raw\open_meteo_forecast\20260818T112053Z.json,53:wind_speed_10m,wind_speed,Q08,medium,duplicate business key,3.35
open_meteo_forecast,storage\raw\open_meteo_forecast\20260818T112053Z.json,53:wind_direction_10m,wind_direction,Q08,medium,duplicate business key,76
open_meteo_forecast,storage\raw\open_meteo_forecast\20260818T112053Z.json,53:precipitation,precipitation,Q08,medium,duplicate business key,0.4
open_meteo_forecast,storage\raw\open_meteo_forecast\20260818T112053Z.json,53:shortwave_radiation,shortwave_radiation,Q08,medium,duplicate business key,672.0
open_meteo_forecast,storage\raw\open_meteo_forecast\20260818T112053Z.json,54:temperature_2m,air_temperature,Q08,medium,duplicate business key,28.2
open_meteo_forecast,storage\raw\open_meteo_forecast\20260818T112053Z.json,54:wind_speed_10m,wind_speed,Q08,medium,duplicate business key,3.88
open_meteo_forecast,storage\raw\open_meteo_forecast\20260818T112053Z.json,54:wind_direction_10m,wind_direction,Q08,medium,duplicate business key,97
open_meteo_forecast,storage\raw\open_meteo_forecast\20260818T112053Z.json,54:precipitation,precipitation,Q08,medium,duplicate business key,0.2
open_meteo_forecast,storage\raw\open_meteo_forecast\20260818T112053Z.json,54:shortwave_radiation,shortwave_radiation,Q08,medium,duplicate business key,498.0
open_meteo_forecast,storage\raw\open_meteo_forecast\20260818T112053Z.json,55:temperature_2m,air_temperature,Q08,medium,duplicate business key,27.5
open_meteo_forecast,storage\raw\open_meteo_forecast\20260818T112053Z.json,55:wind_speed_10m,wind_speed,Q08,medium,duplicate business key,4.84
open_meteo_forecast,storage\raw\open_meteo_forecast\20260818T112053Z.json,55:wind_direction_10m,wind_direction,Q08,medium,duplicate business key,98
open_meteo_forecast,storage\raw\open_meteo_forecast\20260818T112053Z.json,55:precipitation,precipitation,Q08,medium,duplicate business key,0.4
open_meteo_forecast,storage\raw\open_meteo_forecast\20260818T112053Z.json,55:shortwave_radiation,shortwave_radiation,Q08,medium,duplicate business key,378.0
open_meteo_forecast,storage\raw\open_meteo_forecast\20260818T112053Z.json,56:temperature_2m,air_temperature,Q08,medium,duplicate business key,28.0
open_meteo_forecast,storage\raw\open_meteo_forecast\20260818T112053Z.json,56:wind_speed_10m,wind_speed,Q08,medium,duplicate business key,5.32
open_meteo_forecast,storage\raw\open_meteo_forecast\20260818T112053Z.json,56:wind_direction_10m,wind_direction,Q08,medium,duplicate business key,86
open_meteo_forecast,storage\raw\open_meteo_forecast\20260818T112053Z.json,56:precipitation,precipitation,Q08,medium,duplicate business key,2.0
open_meteo_forecast,storage\raw\open_meteo_forecast\20260818T112053Z.json,56:shortwave_radiation,shortwave_radiation,Q08,medium,duplicate business key,342.0
open_meteo_forecast,storage\raw\open_meteo_forecast\20260818T112053Z.json,57:temperature_2m,air_temperature,Q08,medium,duplicate business key,27.9
open_meteo_forecast,storage\raw\open_meteo_forecast\20260818T112053Z.json,57:wind_speed_10m,wind_speed,Q08,medium,duplicate business key,5.8
open_meteo_forecast,storage\raw\open_meteo_forecast\20260818T112053Z.json,57:wind_direction_10m,wind_direction,Q08,medium,duplicate business key,92
open_meteo_forecast,storage\raw\open_meteo_forecast\20260818T112053Z.json,57:precipitation,precipitation,Q08,medium,duplicate business key,2.0
open_meteo_forecast,storage\raw\open_meteo_forecast\20260818T112053Z.json,57:shortwave_radiation,shortwave_radiation,Q08,medium,duplicate business key,326.0
open_meteo_forecast,storage\raw\open_meteo_forecast\20260818T112053Z.json,58:temperature_2m,air_temperature,Q08,medium,duplicate business key,27.6
open_meteo_forecast,storage\raw\open_meteo_forecast\20260818T112053Z.json,58:wind_speed_10m,wind_speed,Q08,medium,duplicate business key,6.62
open_meteo_forecast,storage\raw\open_meteo_forecast\20260818T112053Z.json,58:wind_direction_10m,wind_direction,Q08,medium,duplicate business key,82
open_meteo_forecast,storage\raw\open_meteo_forecast\20260818T112053Z.json,58:precipitation,precipitation,Q08,medium,duplicate business key,0.6
open_meteo_forecast,storage\raw\open_meteo_forecast\20260818T112053Z.json,58:shortwave_radiation,shortwave_radiation,Q08,medium,duplicate business key,189.0
open_meteo_forecast,storage\raw\open_meteo_forecast\20260818T112053Z.json,59:temperature_2m,air_temperature,Q08,medium,duplicate business key,27.7
open_meteo_forecast,storage\raw\open_meteo_forecast\20260818T112053Z.json,59:wind_speed_10m,wind_speed,Q08,medium,duplicate business key,5.75
open_meteo_forecast,storage\raw\open_meteo_forecast\20260818T112053Z.json,59:wind_direction_10m,wind_direction,Q08,medium,duplicate business key,89
open_meteo_forecast,storage\raw\open_meteo_forecast\20260818T112053Z.json,59:precipitation,precipitation,Q08,medium,duplicate business key,0.3
open_meteo_forecast,storage\raw\open_meteo_forecast\20260818T112053Z.json,59:shortwave_radiation,shortwave_radiation,Q08,medium,duplicate business key,98.0
open_meteo_forecast,storage\raw\open_meteo_forecast\20260818T112053Z.json,60:temperature_2m,air_temperature,Q08,medium,duplicate business key,27.8
open_meteo_forecast,storage\raw\open_meteo_forecast\20260818T112053Z.json,60:wind_speed_10m,wind_speed,Q08,medium,duplicate business key,6.05
open_meteo_forecast,storage\raw\open_meteo_forecast\20260818T112053Z.json,60:wind_direction_10m,wind_direction,Q08,medium,duplicate business key,90
open_meteo_forecast,storage\raw\open_meteo_forecast\20260818T112053Z.json,60:precipitation,precipitation,Q08,medium,duplicate business key,0.2
open_meteo_forecast,storage\raw\open_meteo_forecast\20260818T112053Z.json,60:shortwave_radiation,shortwave_radiation,Q08,medium,duplicate business key,11.0
open_meteo_forecast,storage\raw\open_meteo_forecast\20260818T112053Z.json,61:temperature_2m,air_temperature,Q08,medium,duplicate business key,27.8
open_meteo_forecast,storage\raw\open_meteo_forecast\20260818T112053Z.json,61:wind_speed_10m,wind_speed,Q08,medium,duplicate business key,6.1
open_meteo_forecast,storage\raw\open_meteo_forecast\20260818T112053Z.json,61:wind_direction_10m,wind_direction,Q08,medium,duplicate business key,91
open_meteo_forecast,storage\raw\open_meteo_forecast\20260818T112053Z.json,61:precipitation,precipitation,Q08,medium,duplicate business key,0.2
open_meteo_forecast,storage\raw\open_meteo_forecast\20260818T112053Z.json,61:shortwave_radiation,shortwave_radiation,Q08,medium,duplicate business key,0.0
open_meteo_forecast,storage\raw\open_meteo_forecast\20260818T112053Z.json,62:temperature_2m,air_temperature,Q08,medium,duplicate business key,27.7
open_meteo_forecast,storage\raw\open_meteo_forecast\20260818T112053Z.json,62:wind_speed_10m,wind_speed,Q08,medium,duplicate business key,5.8
open_meteo_forecast,storage\raw\open_meteo_forecast\20260818T112053Z.json,62:wind_direction_10m,wind_direction,Q08,medium,duplicate business key,91
open_meteo_forecast,storage\raw\open_meteo_forecast\20260818T112053Z.json,62:precipitation,precipitation,Q08,medium,duplicate business key,0.2
open_meteo_forecast,storage\raw\open_meteo_forecast\20260818T112053Z.json,62:shortwave_radiation,shortwave_radiation,Q08,medium,duplicate business key,0.0
open_meteo_forecast,storage\raw\open_meteo_forecast\20260818T112053Z.json,63:temperature_2m,air_temperature,Q08,medium,duplicate business key,27.5
open_meteo_forecast,storage\raw\open_meteo_forecast\20260818T112053Z.json,63:wind_speed_10m,wind_speed,Q08,medium,duplicate business key,5.75
open_meteo_forecast,storage\raw\open_meteo_forecast\20260818T112053Z.json,63:wind_direction_10m,wind_direction,Q08,medium,duplicate business key,92
open_meteo_forecast,storage\raw\open_meteo_forecast\20260818T112053Z.json,63:precipitation,precipitation,Q08,medium,duplicate business key,0.3
open_meteo_forecast,storage\raw\open_meteo_forecast\20260818T112053Z.json,63:shortwave_radiation,shortwave_radiation,Q08,medium,duplicate business key,0.0
open_meteo_forecast,storage\raw\open_meteo_forecast\20260818T112053Z.json,64:temperature_2m,air_temperature,Q08,medium,duplicate business key,27.5
open_meteo_forecast,storage\raw\open_meteo_forecast\20260818T112053Z.json,64:wind_speed_10m,wind_speed,Q08,medium,duplicate business key,5.55
open_meteo_forecast,storage\raw\open_meteo_forecast\20260818T112053Z.json,64:wind_direction_10m,wind_direction,Q08,medium,duplicate business key,92
open_meteo_forecast,storage\raw\open_meteo_forecast\20260818T112053Z.json,64:precipitation,precipitation,Q08,medium,duplicate business key,0.2
open_meteo_forecast,storage\raw\open_meteo_forecast\20260818T112053Z.json,64:shortwave_radiation,shortwave_radiation,Q08,medium,duplicate business key,0.0
open_meteo_forecast,storage\raw\open_meteo_forecast\20260818T112053Z.json,65:temperature_2m,air_temperature,Q08,medium,duplicate business key,27.4
open_meteo_forecast,storage\raw\open_meteo_forecast\20260818T112053Z.json,65:wind_speed_10m,wind_speed,Q08,medium,duplicate business key,5.01
open_meteo_forecast,storage\raw\open_meteo_forecast\20260818T112053Z.json,65:wind_direction_10m,wind_direction,Q08,medium,duplicate business key,87
open_meteo_forecast,storage\raw\open_meteo_forecast\20260818T112053Z.json,65:precipitation,precipitation,Q08,medium,duplicate business key,0.0
open_meteo_forecast,storage\raw\open_meteo_forecast\20260818T112053Z.json,65:shortwave_radiation,shortwave_radiation,Q08,medium,duplicate business key,0.0
open_meteo_forecast,storage\raw\open_meteo_forecast\20260818T112053Z.json,66:temperature_2m,air_temperature,Q08,medium,duplicate business key,27.1
open_meteo_forecast,storage\raw\open_meteo_forecast\20260818T112053Z.json,66:wind_speed_10m,wind_speed,Q08,medium,duplicate business key,4.75
open_meteo_forecast,storage\raw\open_meteo_forecast\20260818T112053Z.json,66:wind_direction_10m,wind_direction,Q08,medium,duplicate business key,88
open_meteo_forecast,storage\raw\open_meteo_forecast\20260818T112053Z.json,66:precipitation,precipitation,Q08,medium,duplicate business key,0.0
open_meteo_forecast,storage\raw\open_meteo_forecast\20260818T112053Z.json,66:shortwave_radiation,shortwave_radiation,Q08,medium,duplicate business key,0.0
open_meteo_forecast,storage\raw\open_meteo_forecast\20260818T112053Z.json,67:temperature_2m,air_temperature,Q08,medium,duplicate business key,27.0
open_meteo_forecast,storage\raw\open_meteo_forecast\20260818T112053Z.json,67:wind_speed_10m,wind_speed,Q08,medium,duplicate business key,4.61
open_meteo_forecast,storage\raw\open_meteo_forecast\20260818T112053Z.json,67:wind_direction_10m,wind_direction,Q08,medium,duplicate business key,94
open_meteo_forecast,storage\raw\open_meteo_forecast\20260818T112053Z.json,67:precipitation,precipitation,Q08,medium,duplicate business key,0.0
open_meteo_forecast,storage\raw\open_meteo_forecast\20260818T112053Z.json,67:shortwave_radiation,shortwave_radiation,Q08,medium,duplicate business key,0.0
open_meteo_forecast,storage\raw\open_meteo_forecast\20260818T112053Z.json,68:temperature_2m,air_temperature,Q08,medium,duplicate business key,27.0
open_meteo_forecast,storage\raw\open_meteo_forecast\20260818T112053Z.json,68:wind_speed_10m,wind_speed,Q08,medium,duplicate business key,4.65
open_meteo_forecast,storage\raw\open_meteo_forecast\20260818T112053Z.json,68:wind_direction_10m,wind_direction,Q08,medium,duplicate business key,90
open_meteo_forecast,storage\raw\open_meteo_forecast\20260818T112053Z.json,68:precipitation,precipitation,Q08,medium,duplicate business key,0.0
open_meteo_forecast,storage\raw\open_meteo_forecast\20260818T112053Z.json,68:shortwave_radiation,shortwave_radiation,Q08,medium,duplicate business key,0.0
open_meteo_forecast,storage\raw\open_meteo_forecast\20260818T112053Z.json,69:temperature_2m,air_temperature,Q08,medium,duplicate business key,26.7
open_meteo_forecast,storage\raw\open_meteo_forecast\20260818T112053Z.json,69:wind_speed_10m,wind_speed,Q08,medium,duplicate business key,4.8
open_meteo_forecast,storage\raw\open_meteo_forecast\20260818T112053Z.json,69:wind_direction_10m,wind_direction,Q08,medium,duplicate business key,88
open_meteo_forecast,storage\raw\open_meteo_forecast\20260818T112053Z.json,69:precipitation,precipitation,Q08,medium,duplicate business key,0.0
open_meteo_forecast,storage\raw\open_meteo_forecast\20260818T112053Z.json,69:shortwave_radiation,shortwave_radiation,Q08,medium,duplicate business key,0.0
open_meteo_forecast,storage\raw\open_meteo_forecast\20260818T112053Z.json,70:temperature_2m,air_temperature,Q08,medium,duplicate business key,26.8
open_meteo_forecast,storage\raw\open_meteo_forecast\20260818T112053Z.json,70:wind_speed_10m,wind_speed,Q08,medium,duplicate business key,4.81
open_meteo_forecast,storage\raw\open_meteo_forecast\20260818T112053Z.json,70:wind_direction_10m,wind_direction,Q08,medium,duplicate business key,94
open_meteo_forecast,storage\raw\open_meteo_forecast\20260818T112053Z.json,70:precipitation,precipitation,Q08,medium,duplicate business key,0.0
open_meteo_forecast,storage\raw\open_meteo_forecast\20260818T112053Z.json,70:shortwave_radiation,shortwave_radiation,Q08,medium,duplicate business key,0.0
open_meteo_forecast,storage\raw\open_meteo_forecast\20260818T112053Z.json,71:temperature_2m,air_temperature,Q08,medium,duplicate business key,26.8
open_meteo_forecast,storage\raw\open_meteo_forecast\20260818T112053Z.json,71:wind_speed_10m,wind_speed,Q08,medium,duplicate business key,4.46
open_meteo_forecast,storage\raw\open_meteo_forecast\20260818T112053Z.json,71:wind_direction_10m,wind_direction,Q08,medium,duplicate business key,99
open_meteo_forecast,storage\raw\open_meteo_forecast\20260818T112053Z.json,71:precipitation,precipitation,Q08,medium,duplicate business key,0.0
open_meteo_forecast,storage\raw\open_meteo_forecast\20260818T112053Z.json,71:shortwave_radiation,shortwave_radiation,Q08,medium,duplicate business key,7.0
open_meteo_forecast,storage\raw\open_meteo_forecast\20260818T112053Z.json,72:temperature_2m,air_temperature,Q08,medium,duplicate business key,26.8
open_meteo_forecast,storage\raw\open_meteo_forecast\20260818T112053Z.json,72:wind_speed_10m,wind_speed,Q08,medium,duplicate business key,3.83
open_meteo_forecast,storage\raw\open_meteo_forecast\20260818T112053Z.json,72:wind_direction_10m,wind_direction,Q08,medium,duplicate business key,97
open_meteo_forecast,storage\raw\open_meteo_forecast\20260818T112053Z.json,72:precipitation,precipitation,Q08,medium,duplicate business key,0.0
open_meteo_forecast,storage\raw\open_meteo_forecast\20260818T112053Z.json,72:shortwave_radiation,shortwave_radiation,Q08,medium,duplicate business key,105.0
open_meteo_forecast,storage\raw\open_meteo_forecast\20260818T112114Z.json,1:temperature_2m,air_temperature,Q08,medium,duplicate business key,27.3
open_meteo_forecast,storage\raw\open_meteo_forecast\20260818T112114Z.json,1:wind_speed_10m,wind_speed,Q08,medium,duplicate business key,3.75
open_meteo_forecast,storage\raw\open_meteo_forecast\20260818T112114Z.json,1:wind_direction_10m,wind_direction,Q08,medium,duplicate business key,89
open_meteo_forecast,storage\raw\open_meteo_forecast\20260818T112114Z.json,1:precipitation,precipitation,Q08,medium,duplicate business key,0.0
open_meteo_forecast,storage\raw\open_meteo_forecast\20260818T112114Z.json,1:shortwave_radiation,shortwave_radiation,Q08,medium,duplicate business key,314.0
open_meteo_forecast,storage\raw\open_meteo_forecast\20260818T112114Z.json,2:temperature_2m,air_temperature,Q08,medium,duplicate business key,27.9
open_meteo_forecast,storage\raw\open_meteo_forecast\20260818T112114Z.json,2:wind_speed_10m,wind_speed,Q08,medium,duplicate business key,3.91
open_meteo_forecast,storage\raw\open_meteo_forecast\20260818T112114Z.json,2:wind_direction_10m,wind_direction,Q08,medium,duplicate business key,94
open_meteo_forecast,storage\raw\open_meteo_forecast\20260818T112114Z.json,2:precipitation,precipitation,Q08,medium,duplicate business key,0.0
open_meteo_forecast,storage\raw\open_meteo_forecast\20260818T112114Z.json,2:shortwave_radiation,shortwave_radiation,Q08,medium,duplicate business key,501.0
open_meteo_forecast,storage\raw\open_meteo_forecast\20260818T112114Z.json,3:temperature_2m,air_temperature,Q08,medium,duplicate business key,28.9
open_meteo_forecast,storage\raw\open_meteo_forecast\20260818T112114Z.json,3:wind_speed_10m,wind_speed,Q08,medium,duplicate business key,3.62
open_meteo_forecast,storage\raw\open_meteo_forecast\20260818T112114Z.json,3:wind_direction_10m,wind_direction,Q08,medium,duplicate business key,96
open_meteo_forecast,storage\raw\open_meteo_forecast\20260818T112114Z.json,3:precipitation,precipitation,Q08,medium,duplicate business key,0.0
open_meteo_forecast,storage\raw\open_meteo_forecast\20260818T112114Z.json,3:shortwave_radiation,shortwave_radiation,Q08,medium,duplicate business key,618.0
open_meteo_forecast,storage\raw\open_meteo_forecast\20260818T112114Z.json,4:temperature_2m,air_temperature,Q08,medium,duplicate business key,29.5
open_meteo_forecast,storage\raw\open_meteo_forecast\20260818T112114Z.json,4:wind_speed_10m,wind_speed,Q08,medium,duplicate business key,3.11
open_meteo_forecast,storage\raw\open_meteo_forecast\20260818T112114Z.json,4:wind_direction_10m,wind_direction,Q08,medium,duplicate business key,85
open_meteo_forecast,storage\raw\open_meteo_forecast\20260818T112114Z.json,4:precipitation,precipitation,Q08,medium,duplicate business key,0.0
open_meteo_forecast,storage\raw\open_meteo_forecast\20260818T112114Z.json,4:shortwave_radiation,shortwave_radiation,Q08,medium,duplicate business key,664.0
open_meteo_forecast,storage\raw\open_meteo_forecast\20260818T112114Z.json,5:temperature_2m,air_temperature,Q08,medium,duplicate business key,29.2
open_meteo_forecast,storage\raw\open_meteo_forecast\20260818T112114Z.json,5:wind_speed_10m,wind_speed,Q08,medium,duplicate business key,3.51
open_meteo_forecast,storage\raw\open_meteo_forecast\20260818T112114Z.json,5:wind_direction_10m,wind_direction,Q08,medium,duplicate business key,93
open_meteo_forecast,storage\raw\open_meteo_forecast\20260818T112114Z.json,5:precipitation,precipitation,Q08,medium,duplicate business key,0.1
open_meteo_forecast,storage\raw\open_meteo_forecast\20260818T112114Z.json,5:shortwave_radiation,shortwave_radiation,Q08,medium,duplicate business key,843.0
open_meteo_forecast,storage\raw\open_meteo_forecast\20260818T112114Z.json,6:temperature_2m,air_temperature,Q08,medium,duplicate business key,29.3
open_meteo_forecast,storage\raw\open_meteo_forecast\20260818T112114Z.json,6:wind_speed_10m,wind_speed,Q08,medium,duplicate business key,4.13
open_meteo_forecast,storage\raw\open_meteo_forecast\20260818T112114Z.json,6:wind_direction_10m,wind_direction,Q08,medium,duplicate business key,97
open_meteo_forecast,storage\raw\open_meteo_forecast\20260818T112114Z.json,6:precipitation,precipitation,Q08,medium,duplicate business key,0.4
open_meteo_forecast,storage\raw\open_meteo_forecast\20260818T112114Z.json,6:shortwave_radiation,shortwave_radiation,Q08,medium,duplicate business key,797.0
open_meteo_forecast,storage\raw\open_meteo_forecast\20260818T112114Z.json,7:temperature_2m,air_temperature,Q08,medium,duplicate business key,29.4
open_meteo_forecast,storage\raw\open_meteo_forecast\20260818T112114Z.json,7:wind_speed_10m,wind_speed,Q08,medium,duplicate business key,3.36
open_meteo_forecast,storage\raw\open_meteo_forecast\20260818T112114Z.json,7:wind_direction_10m,wind_direction,Q08,medium,duplicate business key,105
open_meteo_forecast,storage\raw\open_meteo_forecast\20260818T112114Z.json,7:precipitation,precipitation,Q08,medium,duplicate business key,0.7
open_meteo_forecast,storage\raw\open_meteo_forecast\20260818T112114Z.json,7:shortwave_radiation,shortwave_radiation,Q08,medium,duplicate business key,728.0
open_meteo_forecast,storage\raw\open_meteo_forecast\20260818T112114Z.json,8:temperature_2m,air_temperature,Q08,medium,duplicate business key,29.4
open_meteo_forecast,storage\raw\open_meteo_forecast\20260818T112114Z.json,8:wind_speed_10m,wind_speed,Q08,medium,duplicate business key,4.6
open_meteo_forecast,storage\raw\open_meteo_forecast\20260818T112114Z.json,8:wind_direction_10m,wind_direction,Q08,medium,duplicate business key,102
open_meteo_forecast,storage\raw\open_meteo_forecast\20260818T112114Z.json,8:precipitation,precipitation,Q08,medium,duplicate business key,0.6
open_meteo_forecast,storage\raw\open_meteo_forecast\20260818T112114Z.json,8:shortwave_radiation,shortwave_radiation,Q08,medium,duplicate business key,587.0
open_meteo_forecast,storage\raw\open_meteo_forecast\20260818T112114Z.json,9:temperature_2m,air_temperature,Q08,medium,duplicate business key,29.1
open_meteo_forecast,storage\raw\open_meteo_forecast\20260818T112114Z.json,9:wind_speed_10m,wind_speed,Q08,medium,duplicate business key,5.0
open_meteo_forecast,storage\raw\open_meteo_forecast\20260818T112114Z.json,9:wind_direction_10m,wind_direction,Q08,medium,duplicate business key,90
open_meteo_forecast,storage\raw\open_meteo_forecast\20260818T112114Z.json,9:precipitation,precipitation,Q08,medium,duplicate business key,1.6
open_meteo_forecast,storage\raw\open_meteo_forecast\20260818T112114Z.json,9:shortwave_radiation,shortwave_radiation,Q08,medium,duplicate business key,460.0
open_meteo_forecast,storage\raw\open_meteo_forecast\20260818T112114Z.json,10:temperature_2m,air_temperature,Q08,medium,duplicate business key,28.6
open_meteo_forecast,storage\raw\open_meteo_forecast\20260818T112114Z.json,10:wind_speed_10m,wind_speed,Q08,medium,duplicate business key,5.84
open_meteo_forecast,storage\raw\open_meteo_forecast\20260818T112114Z.json,10:wind_direction_10m,wind_direction,Q08,medium,duplicate business key,110
open_meteo_forecast,storage\raw\open_meteo_forecast\20260818T112114Z.json,10:precipitation,precipitation,Q08,medium,duplicate business key,0.3
open_meteo_forecast,storage\raw\open_meteo_forecast\20260818T112114Z.json,10:shortwave_radiation,shortwave_radiation,Q08,medium,duplicate business key,305.0
open_meteo_forecast,storage\raw\open_meteo_forecast\20260818T112114Z.json,11:temperature_2m,air_temperature,Q08,medium,duplicate business key,28.8
open_meteo_forecast,storage\raw\open_meteo_forecast\20260818T112114Z.json,11:wind_speed_10m,wind_speed,Q08,medium,duplicate business key,4.82
open_meteo_forecast,storage\raw\open_meteo_forecast\20260818T112114Z.json,11:wind_direction_10m,wind_direction,Q08,medium,duplicate business key,95
open_meteo_forecast,storage\raw\open_meteo_forecast\20260818T112114Z.json,11:precipitation,precipitation,Q08,medium,duplicate business key,0.0
open_meteo_forecast,storage\raw\open_meteo_forecast\20260818T112114Z.json,11:shortwave_radiation,shortwave_radiation,Q08,medium,duplicate business key,137.0
open_meteo_forecast,storage\raw\open_meteo_forecast\20260818T112114Z.json,12:temperature_2m,air_temperature,Q08,medium,duplicate business key,28.9
open_meteo_forecast,storage\raw\open_meteo_forecast\20260818T112114Z.json,12:wind_speed_10m,wind_speed,Q08,medium,duplicate business key,5.61
open_meteo_forecast,storage\raw\open_meteo_forecast\20260818T112114Z.json,12:wind_direction_10m,wind_direction,Q08,medium,duplicate business key,94
open_meteo_forecast,storage\raw\open_meteo_forecast\20260818T112114Z.json,12:precipitation,precipitation,Q08,medium,duplicate business key,0.0
open_meteo_forecast,storage\raw\open_meteo_forecast\20260818T112114Z.json,12:shortwave_radiation,shortwave_radiation,Q08,medium,duplicate business key,14.0
open_meteo_forecast,storage\raw\open_meteo_forecast\20260818T112114Z.json,13:temperature_2m,air_temperature,Q08,medium,duplicate business key,28.9
open_meteo_forecast,storage\raw\open_meteo_forecast\20260818T112114Z.json,13:wind_speed_10m,wind_speed,Q08,medium,duplicate business key,6.38
open_meteo_forecast,storage\raw\open_meteo_forecast\20260818T112114Z.json,13:wind_direction_10m,wind_direction,Q08,medium,duplicate business key,104
open_meteo_forecast,storage\raw\open_meteo_forecast\20260818T112114Z.json,13:precipitation,precipitation,Q08,medium,duplicate business key,0.0
open_meteo_forecast,storage\raw\open_meteo_forecast\20260818T112114Z.json,13:shortwave_radiation,shortwave_radiation,Q08,medium,duplicate business key,0.0
open_meteo_forecast,storage\raw\open_meteo_forecast\20260818T112114Z.json,14:temperature_2m,air_temperature,Q08,medium,duplicate business key,28.5
open_meteo_forecast,storage\raw\open_meteo_forecast\20260818T112114Z.json,14:wind_speed_10m,wind_speed,Q08,medium,duplicate business key,6.42
open_meteo_forecast,storage\raw\open_meteo_forecast\20260818T112114Z.json,14:wind_direction_10m,wind_direction,Q08,medium,duplicate business key,108
open_meteo_forecast,storage\raw\open_meteo_forecast\20260818T112114Z.json,14:precipitation,precipitation,Q08,medium,duplicate business key,0.0
open_meteo_forecast,storage\raw\open_meteo_forecast\20260818T112114Z.json,14:shortwave_radiation,shortwave_radiation,Q08,medium,duplicate business key,0.0
open_meteo_forecast,storage\raw\open_meteo_forecast\20260818T112114Z.json,15:temperature_2m,air_temperature,Q08,medium,duplicate business key,28.1
open_meteo_forecast,storage\raw\open_meteo_forecast\20260818T112114Z.json,15:wind_speed_10m,wind_speed,Q08,medium,duplicate business key,6.09
open_meteo_forecast,storage\raw\open_meteo_forecast\20260818T112114Z.json,15:wind_direction_10m,wind_direction,Q08,medium,duplicate business key,106
open_meteo_forecast,storage\raw\open_meteo_forecast\20260818T112114Z.json,15:precipitation,precipitation,Q08,medium,duplicate business key,0.0
open_meteo_forecast,storage\raw\open_meteo_forecast\20260818T112114Z.json,15:shortwave_radiation,shortwave_radiation,Q08,medium,duplicate business key,0.0
open_meteo_forecast,storage\raw\open_meteo_forecast\20260818T112114Z.json,16:temperature_2m,air_temperature,Q08,medium,duplicate business key,27.9
open_meteo_forecast,storage\raw\open_meteo_forecast\20260818T112114Z.json,16:wind_speed_10m,wind_speed,Q08,medium,duplicate business key,5.38
open_meteo_forecast,storage\raw\open_meteo_forecast\20260818T112114Z.json,16:wind_direction_10m,wind_direction,Q08,medium,duplicate business key,108
open_meteo_forecast,storage\raw\open_meteo_forecast\20260818T112114Z.json,16:precipitation,precipitation,Q08,medium,duplicate business key,0.0
open_meteo_forecast,storage\raw\open_meteo_forecast\20260818T112114Z.json,16:shortwave_radiation,shortwave_radiation,Q08,medium,duplicate business key,0.0
open_meteo_forecast,storage\raw\open_meteo_forecast\20260818T112114Z.json,17:temperature_2m,air_temperature,Q08,medium,duplicate business key,27.8
open_meteo_forecast,storage\raw\open_meteo_forecast\20260818T112114Z.json,17:wind_speed_10m,wind_speed,Q08,medium,duplicate business key,4.76
open_meteo_forecast,storage\raw\open_meteo_forecast\20260818T112114Z.json,17:wind_direction_10m,wind_direction,Q08,medium,duplicate business key,107
open_meteo_forecast,storage\raw\open_meteo_forecast\20260818T112114Z.json,17:precipitation,precipitation,Q08,medium,duplicate business key,0.0
open_meteo_forecast,storage\raw\open_meteo_forecast\20260818T112114Z.json,17:shortwave_radiation,shortwave_radiation,Q08,medium,duplicate business key,0.0
open_meteo_forecast,storage\raw\open_meteo_forecast\20260818T112114Z.json,18:temperature_2m,air_temperature,Q08,medium,duplicate business key,27.7
open_meteo_forecast,storage\raw\open_meteo_forecast\20260818T112114Z.json,18:wind_speed_10m,wind_speed,Q08,medium,duplicate business key,4.38
open_meteo_forecast,storage\raw\open_meteo_forecast\20260818T112114Z.json,18:wind_direction_10m,wind_direction,Q08,medium,duplicate business key,104
open_meteo_forecast,storage\raw\open_meteo_forecast\20260818T112114Z.json,18:precipitation,precipitation,Q08,medium,duplicate business key,0.0
open_meteo_forecast,storage\raw\open_meteo_forecast\20260818T112114Z.json,18:shortwave_radiation,shortwave_radiation,Q08,medium,duplicate business key,0.0
open_meteo_forecast,storage\raw\open_meteo_forecast\20260818T112114Z.json,19:temperature_2m,air_temperature,Q08,medium,duplicate business key,27.7
open_meteo_forecast,storage\raw\open_meteo_forecast\20260818T112114Z.json,19:wind_speed_10m,wind_speed,Q08,medium,duplicate business key,4.75
open_meteo_forecast,storage\raw\open_meteo_forecast\20260818T112114Z.json,19:wind_direction_10m,wind_direction,Q08,medium,duplicate business key,114
open_meteo_forecast,storage\raw\open_meteo_forecast\20260818T112114Z.json,19:precipitation,precipitation,Q08,medium,duplicate business key,0.0
open_meteo_forecast,storage\raw\open_meteo_forecast\20260818T112114Z.json,19:shortwave_radiation,shortwave_radiation,Q08,medium,duplicate business key,0.0
open_meteo_forecast,storage\raw\open_meteo_forecast\20260818T112114Z.json,20:temperature_2m,air_temperature,Q08,medium,duplicate business key,27.6
open_meteo_forecast,storage\raw\open_meteo_forecast\20260818T112114Z.json,20:wind_speed_10m,wind_speed,Q08,medium,duplicate business key,4.94
open_meteo_forecast,storage\raw\open_meteo_forecast\20260818T112114Z.json,20:wind_direction_10m,wind_direction,Q08,medium,duplicate business key,116
open_meteo_forecast,storage\raw\open_meteo_forecast\20260818T112114Z.json,20:precipitation,precipitation,Q08,medium,duplicate business key,0.0
open_meteo_forecast,storage\raw\open_meteo_forecast\20260818T112114Z.json,20:shortwave_radiation,shortwave_radiation,Q08,medium,duplicate business key,0.0
open_meteo_forecast,storage\raw\open_meteo_forecast\20260818T112114Z.json,21:temperature_2m,air_temperature,Q08,medium,duplicate business key,27.6
open_meteo_forecast,storage\raw\open_meteo_forecast\20260818T112114Z.json,21:wind_speed_10m,wind_speed,Q08,medium,duplicate business key,4.88
open_meteo_forecast,storage\raw\open_meteo_forecast\20260818T112114Z.json,21:wind_direction_10m,wind_direction,Q08,medium,duplicate business key,114
open_meteo_forecast,storage\raw\open_meteo_forecast\20260818T112114Z.json,21:precipitation,precipitation,Q08,medium,duplicate business key,0.0
open_meteo_forecast,storage\raw\open_meteo_forecast\20260818T112114Z.json,21:shortwave_radiation,shortwave_radiation,Q08,medium,duplicate business key,0.0
open_meteo_forecast,storage\raw\open_meteo_forecast\20260818T112114Z.json,22:temperature_2m,air_temperature,Q08,medium,duplicate business key,27.5
open_meteo_forecast,storage\raw\open_meteo_forecast\20260818T112114Z.json,22:wind_speed_10m,wind_speed,Q08,medium,duplicate business key,4.81
open_meteo_forecast,storage\raw\open_meteo_forecast\20260818T112114Z.json,22:wind_direction_10m,wind_direction,Q08,medium,duplicate business key,117
open_meteo_forecast,storage\raw\open_meteo_forecast\20260818T112114Z.json,22:precipitation,precipitation,Q08,medium,duplicate business key,0.0
open_meteo_forecast,storage\raw\open_meteo_forecast\20260818T112114Z.json,22:shortwave_radiation,shortwave_radiation,Q08,medium,duplicate business key,0.0
open_meteo_forecast,storage\raw\open_meteo_forecast\20260818T112114Z.json,23:temperature_2m,air_temperature,Q08,medium,duplicate business key,27.5
open_meteo_forecast,storage\raw\open_meteo_forecast\20260818T112114Z.json,23:wind_speed_10m,wind_speed,Q08,medium,duplicate business key,4.87
open_meteo_forecast,storage\raw\open_meteo_forecast\20260818T112114Z.json,23:wind_direction_10m,wind_direction,Q08,medium,duplicate business key,117
open_meteo_forecast,storage\raw\open_meteo_forecast\20260818T112114Z.json,23:precipitation,precipitation,Q08,medium,duplicate business key,0.0
open_meteo_forecast,storage\raw\open_meteo_forecast\20260818T112114Z.json,23:shortwave_radiation,shortwave_radiation,Q08,medium,duplicate business key,9.0
open_meteo_forecast,storage\raw\open_meteo_forecast\20260818T112114Z.json,24:temperature_2m,air_temperature,Q08,medium,duplicate business key,27.5
open_meteo_forecast,storage\raw\open_meteo_forecast\20260818T112114Z.json,24:wind_speed_10m,wind_speed,Q08,medium,duplicate business key,4.68
open_meteo_forecast,storage\raw\open_meteo_forecast\20260818T112114Z.json,24:wind_direction_10m,wind_direction,Q08,medium,duplicate business key,115
open_meteo_forecast,storage\raw\open_meteo_forecast\20260818T112114Z.json,24:precipitation,precipitation,Q08,medium,duplicate business key,0.0
open_meteo_forecast,storage\raw\open_meteo_forecast\20260818T112114Z.json,24:shortwave_radiation,shortwave_radiation,Q08,medium,duplicate business key,121.0
open_meteo_forecast,storage\raw\open_meteo_forecast\20260818T112114Z.json,25:temperature_2m,air_temperature,Q08,medium,duplicate business key,27.7
open_meteo_forecast,storage\raw\open_meteo_forecast\20260818T112114Z.json,25:wind_speed_10m,wind_speed,Q08,medium,duplicate business key,4.79
open_meteo_forecast,storage\raw\open_meteo_forecast\20260818T112114Z.json,25:wind_direction_10m,wind_direction,Q08,medium,duplicate business key,120
open_meteo_forecast,storage\raw\open_meteo_forecast\20260818T112114Z.json,25:precipitation,precipitation,Q08,medium,duplicate business key,0.0
open_meteo_forecast,storage\raw\open_meteo_forecast\20260818T112114Z.json,25:shortwave_radiation,shortwave_radiation,Q08,medium,duplicate business key,308.0
open_meteo_forecast,storage\raw\open_meteo_forecast\20260818T112114Z.json,26:temperature_2m,air_temperature,Q08,medium,duplicate business key,28.4
open_meteo_forecast,storage\raw\open_meteo_forecast\20260818T112114Z.json,26:wind_speed_10m,wind_speed,Q08,medium,duplicate business key,4.5
open_meteo_forecast,storage\raw\open_meteo_forecast\20260818T112114Z.json,26:wind_direction_10m,wind_direction,Q08,medium,duplicate business key,127
open_meteo_forecast,storage\raw\open_meteo_forecast\20260818T112114Z.json,26:precipitation,precipitation,Q08,medium,duplicate business key,0.0
open_meteo_forecast,storage\raw\open_meteo_forecast\20260818T112114Z.json,26:shortwave_radiation,shortwave_radiation,Q08,medium,duplicate business key,501.0
open_meteo_forecast,storage\raw\open_meteo_forecast\20260818T112114Z.json,27:temperature_2m,air_temperature,Q08,medium,duplicate business key,29.3
open_meteo_forecast,storage\raw\open_meteo_forecast\20260818T112114Z.json,27:wind_speed_10m,wind_speed,Q08,medium,duplicate business key,4.14
open_meteo_forecast,storage\raw\open_meteo_forecast\20260818T112114Z.json,27:wind_direction_10m,wind_direction,Q08,medium,duplicate business key,133
open_meteo_forecast,storage\raw\open_meteo_forecast\20260818T112114Z.json,27:precipitation,precipitation,Q08,medium,duplicate business key,0.0
open_meteo_forecast,storage\raw\open_meteo_forecast\20260818T112114Z.json,27:shortwave_radiation,shortwave_radiation,Q08,medium,duplicate business key,621.0
open_meteo_forecast,storage\raw\open_meteo_forecast\20260818T112114Z.json,28:temperature_2m,air_temperature,Q08,medium,duplicate business key,29.8
open_meteo_forecast,storage\raw\open_meteo_forecast\20260818T112114Z.json,28:wind_speed_10m,wind_speed,Q08,medium,duplicate business key,4.27
open_meteo_forecast,storage\raw\open_meteo_forecast\20260818T112114Z.json,28:wind_direction_10m,wind_direction,Q08,medium,duplicate business key,125
open_meteo_forecast,storage\raw\open_meteo_forecast\20260818T112114Z.json,28:precipitation,precipitation,Q08,medium,duplicate business key,0.1
open_meteo_forecast,storage\raw\open_meteo_forecast\20260818T112114Z.json,28:shortwave_radiation,shortwave_radiation,Q08,medium,duplicate business key,771.0
open_meteo_forecast,storage\raw\open_meteo_forecast\20260818T112114Z.json,29:temperature_2m,air_temperature,Q08,medium,duplicate business key,30.3
open_meteo_forecast,storage\raw\open_meteo_forecast\20260818T112114Z.json,29:wind_speed_10m,wind_speed,Q08,medium,duplicate business key,4.46
open_meteo_forecast,storage\raw\open_meteo_forecast\20260818T112114Z.json,29:wind_direction_10m,wind_direction,Q08,medium,duplicate business key,113
open_meteo_forecast,storage\raw\open_meteo_forecast\20260818T112114Z.json,29:precipitation,precipitation,Q08,medium,duplicate business key,1.1
open_meteo_forecast,storage\raw\open_meteo_forecast\20260818T112114Z.json,29:shortwave_radiation,shortwave_radiation,Q08,medium,duplicate business key,799.0
open_meteo_forecast,storage\raw\open_meteo_forecast\20260818T112114Z.json,30:temperature_2m,air_temperature,Q08,medium,duplicate business key,30.4
open_meteo_forecast,storage\raw\open_meteo_forecast\20260818T112114Z.json,30:wind_speed_10m,wind_speed,Q08,medium,duplicate business key,3.64
open_meteo_forecast,storage\raw\open_meteo_forecast\20260818T112114Z.json,30:wind_direction_10m,wind_direction,Q08,medium,duplicate business key,108
open_meteo_forecast,storage\raw\open_meteo_forecast\20260818T112114Z.json,30:precipitation,precipitation,Q08,medium,duplicate business key,0.4
open_meteo_forecast,storage\raw\open_meteo_forecast\20260818T112114Z.json,30:shortwave_radiation,shortwave_radiation,Q08,medium,duplicate business key,771.0
open_meteo_forecast,storage\raw\open_meteo_forecast\20260818T112114Z.json,31:temperature_2m,air_temperature,Q08,medium,duplicate business key,30.4
open_meteo_forecast,storage\raw\open_meteo_forecast\20260818T112114Z.json,31:wind_speed_10m,wind_speed,Q08,medium,duplicate business key,5.64
open_meteo_forecast,storage\raw\open_meteo_forecast\20260818T112114Z.json,31:wind_direction_10m,wind_direction,Q08,medium,duplicate business key,103
open_meteo_forecast,storage\raw\open_meteo_forecast\20260818T112114Z.json,31:precipitation,precipitation,Q08,medium,duplicate business key,0.2
open_meteo_forecast,storage\raw\open_meteo_forecast\20260818T112114Z.json,31:shortwave_radiation,shortwave_radiation,Q08,medium,duplicate business key,762.0
open_meteo_forecast,storage\raw\open_meteo_forecast\20260818T112114Z.json,32:temperature_2m,air_temperature,Q08,medium,duplicate business key,30.8
open_meteo_forecast,storage\raw\open_meteo_forecast\20260818T112114Z.json,32:wind_speed_10m,wind_speed,Q08,medium,duplicate business key,6.0
open_meteo_forecast,storage\raw\open_meteo_forecast\20260818T112114Z.json,32:wind_direction_10m,wind_direction,Q08,medium,duplicate business key,103
open_meteo_forecast,storage\raw\open_meteo_forecast\20260818T112114Z.json,32:precipitation,precipitation,Q08,medium,duplicate business key,0.0
open_meteo_forecast,storage\raw\open_meteo_forecast\20260818T112114Z.json,32:shortwave_radiation,shortwave_radiation,Q08,medium,duplicate business key,606.0
open_meteo_forecast,storage\raw\open_meteo_forecast\20260818T112114Z.json,33:temperature_2m,air_temperature,Q08,medium,duplicate business key,30.6
open_meteo_forecast,storage\raw\open_meteo_forecast\20260818T112114Z.json,33:wind_speed_10m,wind_speed,Q08,medium,duplicate business key,5.71
open_meteo_forecast,storage\raw\open_meteo_forecast\20260818T112114Z.json,33:wind_direction_10m,wind_direction,Q08,medium,duplicate business key,104
open_meteo_forecast,storage\raw\open_meteo_forecast\20260818T112114Z.json,33:precipitation,precipitation,Q08,medium,duplicate business key,0.0
open_meteo_forecast,storage\raw\open_meteo_forecast\20260818T112114Z.json,33:shortwave_radiation,shortwave_radiation,Q08,medium,duplicate business key,451.0
open_meteo_forecast,storage\raw\open_meteo_forecast\20260818T112114Z.json,34:temperature_2m,air_temperature,Q08,medium,duplicate business key,30.0
open_meteo_forecast,storage\raw\open_meteo_forecast\20260818T112114Z.json,34:wind_speed_10m,wind_speed,Q08,medium,duplicate business key,5.62
open_meteo_forecast,storage\raw\open_meteo_forecast\20260818T112114Z.json,34:wind_direction_10m,wind_direction,Q08,medium,duplicate business key,102
open_meteo_forecast,storage\raw\open_meteo_forecast\20260818T112114Z.json,34:precipitation,precipitation,Q08,medium,duplicate business key,0.0
open_meteo_forecast,storage\raw\open_meteo_forecast\20260818T112114Z.json,34:shortwave_radiation,shortwave_radiation,Q08,medium,duplicate business key,222.0
open_meteo_forecast,storage\raw\open_meteo_forecast\20260818T112114Z.json,35:temperature_2m,air_temperature,Q08,medium,duplicate business key,29.6
open_meteo_forecast,storage\raw\open_meteo_forecast\20260818T112114Z.json,35:wind_speed_10m,wind_speed,Q08,medium,duplicate business key,6.44
open_meteo_forecast,storage\raw\open_meteo_forecast\20260818T112114Z.json,35:wind_direction_10m,wind_direction,Q08,medium,duplicate business key,107
open_meteo_forecast,storage\raw\open_meteo_forecast\20260818T112114Z.json,35:precipitation,precipitation,Q08,medium,duplicate business key,0.0
open_meteo_forecast,storage\raw\open_meteo_forecast\20260818T112114Z.json,35:shortwave_radiation,shortwave_radiation,Q08,medium,duplicate business key,109.0
open_meteo_forecast,storage\raw\open_meteo_forecast\20260818T112114Z.json,36:temperature_2m,air_temperature,Q08,medium,duplicate business key,28.9
open_meteo_forecast,storage\raw\open_meteo_forecast\20260818T112114Z.json,36:wind_speed_10m,wind_speed,Q08,medium,duplicate business key,6.67
open_meteo_forecast,storage\raw\open_meteo_forecast\20260818T112114Z.json,36:wind_direction_10m,wind_direction,Q08,medium,duplicate business key,114
open_meteo_forecast,storage\raw\open_meteo_forecast\20260818T112114Z.json,36:precipitation,precipitation,Q08,medium,duplicate business key,0.0
open_meteo_forecast,storage\raw\open_meteo_forecast\20260818T112114Z.json,36:shortwave_radiation,shortwave_radiation,Q08,medium,duplicate business key,11.0
open_meteo_forecast,storage\raw\open_meteo_forecast\20260818T112114Z.json,37:temperature_2m,air_temperature,Q08,medium,duplicate business key,28.3
open_meteo_forecast,storage\raw\open_meteo_forecast\20260818T112114Z.json,37:wind_speed_10m,wind_speed,Q08,medium,duplicate business key,6.96
open_meteo_forecast,storage\raw\open_meteo_forecast\20260818T112114Z.json,37:wind_direction_10m,wind_direction,Q08,medium,duplicate business key,110
open_meteo_forecast,storage\raw\open_meteo_forecast\20260818T112114Z.json,37:precipitation,precipitation,Q08,medium,duplicate business key,0.0
open_meteo_forecast,storage\raw\open_meteo_forecast\20260818T112114Z.json,37:shortwave_radiation,shortwave_radiation,Q08,medium,duplicate business key,0.0
open_meteo_forecast,storage\raw\open_meteo_forecast\20260818T112114Z.json,38:temperature_2m,air_temperature,Q08,medium,duplicate business key,28.0
open_meteo_forecast,storage\raw\open_meteo_forecast\20260818T112114Z.json,38:wind_speed_10m,wind_speed,Q08,medium,duplicate business key,6.43
open_meteo_forecast,storage\raw\open_meteo_forecast\20260818T112114Z.json,38:wind_direction_10m,wind_direction,Q08,medium,duplicate business key,105
open_meteo_forecast,storage\raw\open_meteo_forecast\20260818T112114Z.json,38:precipitation,precipitation,Q08,medium,duplicate business key,0.0
open_meteo_forecast,storage\raw\open_meteo_forecast\20260818T112114Z.json,38:shortwave_radiation,shortwave_radiation,Q08,medium,duplicate business key,0.0
open_meteo_forecast,storage\raw\open_meteo_forecast\20260818T112114Z.json,39:temperature_2m,air_temperature,Q08,medium,duplicate business key,27.7
open_meteo_forecast,storage\raw\open_meteo_forecast\20260818T112114Z.json,39:wind_speed_10m,wind_speed,Q08,medium,duplicate business key,5.84
open_meteo_forecast,storage\raw\open_meteo_forecast\20260818T112114Z.json,39:wind_direction_10m,wind_direction,Q08,medium,duplicate business key,102
open_meteo_forecast,storage\raw\open_meteo_forecast\20260818T112114Z.json,39:precipitation,precipitation,Q08,medium,duplicate business key,0.0
open_meteo_forecast,storage\raw\open_meteo_forecast\20260818T112114Z.json,39:shortwave_radiation,shortwave_radiation,Q08,medium,duplicate business key,0.0
open_meteo_forecast,storage\raw\open_meteo_forecast\20260818T112114Z.json,40:temperature_2m,air_temperature,Q08,medium,duplicate business key,27.5
open_meteo_forecast,storage\raw\open_meteo_forecast\20260818T112114Z.json,40:wind_speed_10m,wind_speed,Q08,medium,duplicate business key,5.07
open_meteo_forecast,storage\raw\open_meteo_forecast\20260818T112114Z.json,40:wind_direction_10m,wind_direction,Q08,medium,duplicate business key,96
open_meteo_forecast,storage\raw\open_meteo_forecast\20260818T112114Z.json,40:precipitation,precipitation,Q08,medium,duplicate business key,0.0
open_meteo_forecast,storage\raw\open_meteo_forecast\20260818T112114Z.json,40:shortwave_radiation,shortwave_radiation,Q08,medium,duplicate business key,0.0
open_meteo_forecast,storage\raw\open_meteo_forecast\20260818T112114Z.json,41:temperature_2m,air_temperature,Q08,medium,duplicate business key,27.3
open_meteo_forecast,storage\raw\open_meteo_forecast\20260818T112114Z.json,41:wind_speed_10m,wind_speed,Q08,medium,duplicate business key,5.1
open_meteo_forecast,storage\raw\open_meteo_forecast\20260818T112114Z.json,41:wind_direction_10m,wind_direction,Q08,medium,duplicate business key,98
open_meteo_forecast,storage\raw\open_meteo_forecast\20260818T112114Z.json,41:precipitation,precipitation,Q08,medium,duplicate business key,0.0
open_meteo_forecast,storage\raw\open_meteo_forecast\20260818T112114Z.json,41:shortwave_radiation,shortwave_radiation,Q08,medium,duplicate business key,0.0
open_meteo_forecast,storage\raw\open_meteo_forecast\20260818T112114Z.json,42:temperature_2m,air_temperature,Q08,medium,duplicate business key,27.3
open_meteo_forecast,storage\raw\open_meteo_forecast\20260818T112114Z.json,42:wind_speed_10m,wind_speed,Q08,medium,duplicate business key,4.95
open_meteo_forecast,storage\raw\open_meteo_forecast\20260818T112114Z.json,42:wind_direction_10m,wind_direction,Q08,medium,duplicate business key,102
open_meteo_forecast,storage\raw\open_meteo_forecast\20260818T112114Z.json,42:precipitation,precipitation,Q08,medium,duplicate business key,0.0
open_meteo_forecast,storage\raw\open_meteo_forecast\20260818T112114Z.json,42:shortwave_radiation,shortwave_radiation,Q08,medium,duplicate business key,0.0
open_meteo_forecast,storage\raw\open_meteo_forecast\20260818T112114Z.json,43:temperature_2m,air_temperature,Q08,medium,duplicate business key,27.3
open_meteo_forecast,storage\raw\open_meteo_forecast\20260818T112114Z.json,43:wind_speed_10m,wind_speed,Q08,medium,duplicate business key,4.53
open_meteo_forecast,storage\raw\open_meteo_forecast\20260818T112114Z.json,43:wind_direction_10m,wind_direction,Q08,medium,duplicate business key,96
open_meteo_forecast,storage\raw\open_meteo_forecast\20260818T112114Z.json,43:precipitation,precipitation,Q08,medium,duplicate business key,0.0
open_meteo_forecast,storage\raw\open_meteo_forecast\20260818T112114Z.json,43:shortwave_radiation,shortwave_radiation,Q08,medium,duplicate business key,0.0
open_meteo_forecast,storage\raw\open_meteo_forecast\20260818T112114Z.json,44:temperature_2m,air_temperature,Q08,medium,duplicate business key,27.3
open_meteo_forecast,storage\raw\open_meteo_forecast\20260818T112114Z.json,44:wind_speed_10m,wind_speed,Q08,medium,duplicate business key,4.35
open_meteo_forecast,storage\raw\open_meteo_forecast\20260818T112114Z.json,44:wind_direction_10m,wind_direction,Q08,medium,duplicate business key,77
open_meteo_forecast,storage\raw\open_meteo_forecast\20260818T112114Z.json,44:precipitation,precipitation,Q08,medium,duplicate business key,0.0
open_meteo_forecast,storage\raw\open_meteo_forecast\20260818T112114Z.json,44:shortwave_radiation,shortwave_radiation,Q08,medium,duplicate business key,0.0
open_meteo_forecast,storage\raw\open_meteo_forecast\20260818T112114Z.json,45:temperature_2m,air_temperature,Q08,medium,duplicate business key,27.1
open_meteo_forecast,storage\raw\open_meteo_forecast\20260818T112114Z.json,45:wind_speed_10m,wind_speed,Q08,medium,duplicate business key,5.6
open_meteo_forecast,storage\raw\open_meteo_forecast\20260818T112114Z.json,45:wind_direction_10m,wind_direction,Q08,medium,duplicate business key,71
open_meteo_forecast,storage\raw\open_meteo_forecast\20260818T112114Z.json,45:precipitation,precipitation,Q08,medium,duplicate business key,0.2
open_meteo_forecast,storage\raw\open_meteo_forecast\20260818T112114Z.json,45:shortwave_radiation,shortwave_radiation,Q08,medium,duplicate business key,0.0
open_meteo_forecast,storage\raw\open_meteo_forecast\20260818T112114Z.json,46:temperature_2m,air_temperature,Q08,medium,duplicate business key,27.0
open_meteo_forecast,storage\raw\open_meteo_forecast\20260818T112114Z.json,46:wind_speed_10m,wind_speed,Q08,medium,duplicate business key,4.33
open_meteo_forecast,storage\raw\open_meteo_forecast\20260818T112114Z.json,46:wind_direction_10m,wind_direction,Q08,medium,duplicate business key,76
open_meteo_forecast,storage\raw\open_meteo_forecast\20260818T112114Z.json,46:precipitation,precipitation,Q08,medium,duplicate business key,0.3
open_meteo_forecast,storage\raw\open_meteo_forecast\20260818T112114Z.json,46:shortwave_radiation,shortwave_radiation,Q08,medium,duplicate business key,0.0
open_meteo_forecast,storage\raw\open_meteo_forecast\20260818T112114Z.json,47:temperature_2m,air_temperature,Q08,medium,duplicate business key,27.2
open_meteo_forecast,storage\raw\open_meteo_forecast\20260818T112114Z.json,47:wind_speed_10m,wind_speed,Q08,medium,duplicate business key,5.56
open_meteo_forecast,storage\raw\open_meteo_forecast\20260818T112114Z.json,47:wind_direction_10m,wind_direction,Q08,medium,duplicate business key,86
open_meteo_forecast,storage\raw\open_meteo_forecast\20260818T112114Z.json,47:precipitation,precipitation,Q08,medium,duplicate business key,0.3
open_meteo_forecast,storage\raw\open_meteo_forecast\20260818T112114Z.json,47:shortwave_radiation,shortwave_radiation,Q08,medium,duplicate business key,8.0
open_meteo_forecast,storage\raw\open_meteo_forecast\20260818T112114Z.json,48:temperature_2m,air_temperature,Q08,medium,duplicate business key,27.4
open_meteo_forecast,storage\raw\open_meteo_forecast\20260818T112114Z.json,48:wind_speed_10m,wind_speed,Q08,medium,duplicate business key,4.37
open_meteo_forecast,storage\raw\open_meteo_forecast\20260818T112114Z.json,48:wind_direction_10m,wind_direction,Q08,medium,duplicate business key,85
open_meteo_forecast,storage\raw\open_meteo_forecast\20260818T112114Z.json,48:precipitation,precipitation,Q08,medium,duplicate business key,0.2
open_meteo_forecast,storage\raw\open_meteo_forecast\20260818T112114Z.json,48:shortwave_radiation,shortwave_radiation,Q08,medium,duplicate business key,90.0
open_meteo_forecast,storage\raw\open_meteo_forecast\20260818T112114Z.json,49:temperature_2m,air_temperature,Q08,medium,duplicate business key,27.9
open_meteo_forecast,storage\raw\open_meteo_forecast\20260818T112114Z.json,49:wind_speed_10m,wind_speed,Q08,medium,duplicate business key,4.83
open_meteo_forecast,storage\raw\open_meteo_forecast\20260818T112114Z.json,49:wind_direction_10m,wind_direction,Q08,medium,duplicate business key,83
open_meteo_forecast,storage\raw\open_meteo_forecast\20260818T112114Z.json,49:precipitation,precipitation,Q08,medium,duplicate business key,0.2
open_meteo_forecast,storage\raw\open_meteo_forecast\20260818T112114Z.json,49:shortwave_radiation,shortwave_radiation,Q08,medium,duplicate business key,285.0
open_meteo_forecast,storage\raw\open_meteo_forecast\20260818T112114Z.json,50:temperature_2m,air_temperature,Q08,medium,duplicate business key,28.2
open_meteo_forecast,storage\raw\open_meteo_forecast\20260818T112114Z.json,50:wind_speed_10m,wind_speed,Q08,medium,duplicate business key,4.61
open_meteo_forecast,storage\raw\open_meteo_forecast\20260818T112114Z.json,50:wind_direction_10m,wind_direction,Q08,medium,duplicate business key,86
open_meteo_forecast,storage\raw\open_meteo_forecast\20260818T112114Z.json,50:precipitation,precipitation,Q08,medium,duplicate business key,0.5
open_meteo_forecast,storage\raw\open_meteo_forecast\20260818T112114Z.json,50:shortwave_radiation,shortwave_radiation,Q08,medium,duplicate business key,417.0
open_meteo_forecast,storage\raw\open_meteo_forecast\20260818T112114Z.json,51:temperature_2m,air_temperature,Q08,medium,duplicate business key,28.9
open_meteo_forecast,storage\raw\open_meteo_forecast\20260818T112114Z.json,51:wind_speed_10m,wind_speed,Q08,medium,duplicate business key,4.26
open_meteo_forecast,storage\raw\open_meteo_forecast\20260818T112114Z.json,51:wind_direction_10m,wind_direction,Q08,medium,duplicate business key,77
open_meteo_forecast,storage\raw\open_meteo_forecast\20260818T112114Z.json,51:precipitation,precipitation,Q08,medium,duplicate business key,1.1
open_meteo_forecast,storage\raw\open_meteo_forecast\20260818T112114Z.json,51:shortwave_radiation,shortwave_radiation,Q08,medium,duplicate business key,491.0
open_meteo_forecast,storage\raw\open_meteo_forecast\20260818T112114Z.json,52:temperature_2m,air_temperature,Q08,medium,duplicate business key,29.0
open_meteo_forecast,storage\raw\open_meteo_forecast\20260818T112114Z.json,52:wind_speed_10m,wind_speed,Q08,medium,duplicate business key,4.27
open_meteo_forecast,storage\raw\open_meteo_forecast\20260818T112114Z.json,52:wind_direction_10m,wind_direction,Q08,medium,duplicate business key,80
open_meteo_forecast,storage\raw\open_meteo_forecast\20260818T112114Z.json,52:precipitation,precipitation,Q08,medium,duplicate business key,1.1
open_meteo_forecast,storage\raw\open_meteo_forecast\20260818T112114Z.json,52:shortwave_radiation,shortwave_radiation,Q08,medium,duplicate business key,729.0
open_meteo_forecast,storage\raw\open_meteo_forecast\20260818T112114Z.json,53:temperature_2m,air_temperature,Q08,medium,duplicate business key,29.1
open_meteo_forecast,storage\raw\open_meteo_forecast\20260818T112114Z.json,53:wind_speed_10m,wind_speed,Q08,medium,duplicate business key,3.35
open_meteo_forecast,storage\raw\open_meteo_forecast\20260818T112114Z.json,53:wind_direction_10m,wind_direction,Q08,medium,duplicate business key,76
open_meteo_forecast,storage\raw\open_meteo_forecast\20260818T112114Z.json,53:precipitation,precipitation,Q08,medium,duplicate business key,0.4
open_meteo_forecast,storage\raw\open_meteo_forecast\20260818T112114Z.json,53:shortwave_radiation,shortwave_radiation,Q08,medium,duplicate business key,672.0
open_meteo_forecast,storage\raw\open_meteo_forecast\20260818T112114Z.json,54:temperature_2m,air_temperature,Q08,medium,duplicate business key,28.2
open_meteo_forecast,storage\raw\open_meteo_forecast\20260818T112114Z.json,54:wind_speed_10m,wind_speed,Q08,medium,duplicate business key,3.88
open_meteo_forecast,storage\raw\open_meteo_forecast\20260818T112114Z.json,54:wind_direction_10m,wind_direction,Q08,medium,duplicate business key,97
open_meteo_forecast,storage\raw\open_meteo_forecast\20260818T112114Z.json,54:precipitation,precipitation,Q08,medium,duplicate business key,0.2
open_meteo_forecast,storage\raw\open_meteo_forecast\20260818T112114Z.json,54:shortwave_radiation,shortwave_radiation,Q08,medium,duplicate business key,498.0
open_meteo_forecast,storage\raw\open_meteo_forecast\20260818T112114Z.json,55:temperature_2m,air_temperature,Q08,medium,duplicate business key,27.5
open_meteo_forecast,storage\raw\open_meteo_forecast\20260818T112114Z.json,55:wind_speed_10m,wind_speed,Q08,medium,duplicate business key,4.84
open_meteo_forecast,storage\raw\open_meteo_forecast\20260818T112114Z.json,55:wind_direction_10m,wind_direction,Q08,medium,duplicate business key,98
open_meteo_forecast,storage\raw\open_meteo_forecast\20260818T112114Z.json,55:precipitation,precipitation,Q08,medium,duplicate business key,0.4
open_meteo_forecast,storage\raw\open_meteo_forecast\20260818T112114Z.json,55:shortwave_radiation,shortwave_radiation,Q08,medium,duplicate business key,378.0
open_meteo_forecast,storage\raw\open_meteo_forecast\20260818T112114Z.json,56:temperature_2m,air_temperature,Q08,medium,duplicate business key,28.0
open_meteo_forecast,storage\raw\open_meteo_forecast\20260818T112114Z.json,56:wind_speed_10m,wind_speed,Q08,medium,duplicate business key,5.32
open_meteo_forecast,storage\raw\open_meteo_forecast\20260818T112114Z.json,56:wind_direction_10m,wind_direction,Q08,medium,duplicate business key,86
open_meteo_forecast,storage\raw\open_meteo_forecast\20260818T112114Z.json,56:precipitation,precipitation,Q08,medium,duplicate business key,2.0
open_meteo_forecast,storage\raw\open_meteo_forecast\20260818T112114Z.json,56:shortwave_radiation,shortwave_radiation,Q08,medium,duplicate business key,342.0
open_meteo_forecast,storage\raw\open_meteo_forecast\20260818T112114Z.json,57:temperature_2m,air_temperature,Q08,medium,duplicate business key,27.9
open_meteo_forecast,storage\raw\open_meteo_forecast\20260818T112114Z.json,57:wind_speed_10m,wind_speed,Q08,medium,duplicate business key,5.8
open_meteo_forecast,storage\raw\open_meteo_forecast\20260818T112114Z.json,57:wind_direction_10m,wind_direction,Q08,medium,duplicate business key,92
open_meteo_forecast,storage\raw\open_meteo_forecast\20260818T112114Z.json,57:precipitation,precipitation,Q08,medium,duplicate business key,2.0
open_meteo_forecast,storage\raw\open_meteo_forecast\20260818T112114Z.json,57:shortwave_radiation,shortwave_radiation,Q08,medium,duplicate business key,326.0
open_meteo_forecast,storage\raw\open_meteo_forecast\20260818T112114Z.json,58:temperature_2m,air_temperature,Q08,medium,duplicate business key,27.6
open_meteo_forecast,storage\raw\open_meteo_forecast\20260818T112114Z.json,58:wind_speed_10m,wind_speed,Q08,medium,duplicate business key,6.62
open_meteo_forecast,storage\raw\open_meteo_forecast\20260818T112114Z.json,58:wind_direction_10m,wind_direction,Q08,medium,duplicate business key,82
open_meteo_forecast,storage\raw\open_meteo_forecast\20260818T112114Z.json,58:precipitation,precipitation,Q08,medium,duplicate business key,0.6
open_meteo_forecast,storage\raw\open_meteo_forecast\20260818T112114Z.json,58:shortwave_radiation,shortwave_radiation,Q08,medium,duplicate business key,189.0
open_meteo_forecast,storage\raw\open_meteo_forecast\20260818T112114Z.json,59:temperature_2m,air_temperature,Q08,medium,duplicate business key,27.7
open_meteo_forecast,storage\raw\open_meteo_forecast\20260818T112114Z.json,59:wind_speed_10m,wind_speed,Q08,medium,duplicate business key,5.75
open_meteo_forecast,storage\raw\open_meteo_forecast\20260818T112114Z.json,59:wind_direction_10m,wind_direction,Q08,medium,duplicate business key,89
open_meteo_forecast,storage\raw\open_meteo_forecast\20260818T112114Z.json,59:precipitation,precipitation,Q08,medium,duplicate business key,0.3
open_meteo_forecast,storage\raw\open_meteo_forecast\20260818T112114Z.json,59:shortwave_radiation,shortwave_radiation,Q08,medium,duplicate business key,98.0
open_meteo_forecast,storage\raw\open_meteo_forecast\20260818T112114Z.json,60:temperature_2m,air_temperature,Q08,medium,duplicate business key,27.8
open_meteo_forecast,storage\raw\open_meteo_forecast\20260818T112114Z.json,60:wind_speed_10m,wind_speed,Q08,medium,duplicate business key,6.05
open_meteo_forecast,storage\raw\open_meteo_forecast\20260818T112114Z.json,60:wind_direction_10m,wind_direction,Q08,medium,duplicate business key,90
open_meteo_forecast,storage\raw\open_meteo_forecast\20260818T112114Z.json,60:precipitation,precipitation,Q08,medium,duplicate business key,0.2
open_meteo_forecast,storage\raw\open_meteo_forecast\20260818T112114Z.json,60:shortwave_radiation,shortwave_radiation,Q08,medium,duplicate business key,11.0
open_meteo_forecast,storage\raw\open_meteo_forecast\20260818T112114Z.json,61:temperature_2m,air_temperature,Q08,medium,duplicate business key,27.8
open_meteo_forecast,storage\raw\open_meteo_forecast\20260818T112114Z.json,61:wind_speed_10m,wind_speed,Q08,medium,duplicate business key,6.1
open_meteo_forecast,storage\raw\open_meteo_forecast\20260818T112114Z.json,61:wind_direction_10m,wind_direction,Q08,medium,duplicate business key,91
open_meteo_forecast,storage\raw\open_meteo_forecast\20260818T112114Z.json,61:precipitation,precipitation,Q08,medium,duplicate business key,0.2
open_meteo_forecast,storage\raw\open_meteo_forecast\20260818T112114Z.json,61:shortwave_radiation,shortwave_radiation,Q08,medium,duplicate business key,0.0
open_meteo_forecast,storage\raw\open_meteo_forecast\20260818T112114Z.json,62:temperature_2m,air_temperature,Q08,medium,duplicate business key,27.7
open_meteo_forecast,storage\raw\open_meteo_forecast\20260818T112114Z.json,62:wind_speed_10m,wind_speed,Q08,medium,duplicate business key,5.8
open_meteo_forecast,storage\raw\open_meteo_forecast\20260818T112114Z.json,62:wind_direction_10m,wind_direction,Q08,medium,duplicate business key,91
open_meteo_forecast,storage\raw\open_meteo_forecast\20260818T112114Z.json,62:precipitation,precipitation,Q08,medium,duplicate business key,0.2
open_meteo_forecast,storage\raw\open_meteo_forecast\20260818T112114Z.json,62:shortwave_radiation,shortwave_radiation,Q08,medium,duplicate business key,0.0
open_meteo_forecast,storage\raw\open_meteo_forecast\20260818T112114Z.json,63:temperature_2m,air_temperature,Q08,medium,duplicate business key,27.5
open_meteo_forecast,storage\raw\open_meteo_forecast\20260818T112114Z.json,63:wind_speed_10m,wind_speed,Q08,medium,duplicate business key,5.75
open_meteo_forecast,storage\raw\open_meteo_forecast\20260818T112114Z.json,63:wind_direction_10m,wind_direction,Q08,medium,duplicate business key,92
open_meteo_forecast,storage\raw\open_meteo_forecast\20260818T112114Z.json,63:precipitation,precipitation,Q08,medium,duplicate business key,0.3
open_meteo_forecast,storage\raw\open_meteo_forecast\20260818T112114Z.json,63:shortwave_radiation,shortwave_radiation,Q08,medium,duplicate business key,0.0
open_meteo_forecast,storage\raw\open_meteo_forecast\20260818T112114Z.json,64:temperature_2m,air_temperature,Q08,medium,duplicate business key,27.5
open_meteo_forecast,storage\raw\open_meteo_forecast\20260818T112114Z.json,64:wind_speed_10m,wind_speed,Q08,medium,duplicate business key,5.55
open_meteo_forecast,storage\raw\open_meteo_forecast\20260818T112114Z.json,64:wind_direction_10m,wind_direction,Q08,medium,duplicate business key,92
open_meteo_forecast,storage\raw\open_meteo_forecast\20260818T112114Z.json,64:precipitation,precipitation,Q08,medium,duplicate business key,0.2
open_meteo_forecast,storage\raw\open_meteo_forecast\20260818T112114Z.json,64:shortwave_radiation,shortwave_radiation,Q08,medium,duplicate business key,0.0
open_meteo_forecast,storage\raw\open_meteo_forecast\20260818T112114Z.json,65:temperature_2m,air_temperature,Q08,medium,duplicate business key,27.4
open_meteo_forecast,storage\raw\open_meteo_forecast\20260818T112114Z.json,65:wind_speed_10m,wind_speed,Q08,medium,duplicate business key,5.01
open_meteo_forecast,storage\raw\open_meteo_forecast\20260818T112114Z.json,65:wind_direction_10m,wind_direction,Q08,medium,duplicate business key,87
open_meteo_forecast,storage\raw\open_meteo_forecast\20260818T112114Z.json,65:precipitation,precipitation,Q08,medium,duplicate business key,0.0
open_meteo_forecast,storage\raw\open_meteo_forecast\20260818T112114Z.json,65:shortwave_radiation,shortwave_radiation,Q08,medium,duplicate business key,0.0
open_meteo_forecast,storage\raw\open_meteo_forecast\20260818T112114Z.json,66:temperature_2m,air_temperature,Q08,medium,duplicate business key,27.1
open_meteo_forecast,storage\raw\open_meteo_forecast\20260818T112114Z.json,66:wind_speed_10m,wind_speed,Q08,medium,duplicate business key,4.75
open_meteo_forecast,storage\raw\open_meteo_forecast\20260818T112114Z.json,66:wind_direction_10m,wind_direction,Q08,medium,duplicate business key,88
open_meteo_forecast,storage\raw\open_meteo_forecast\20260818T112114Z.json,66:precipitation,precipitation,Q08,medium,duplicate business key,0.0
open_meteo_forecast,storage\raw\open_meteo_forecast\20260818T112114Z.json,66:shortwave_radiation,shortwave_radiation,Q08,medium,duplicate business key,0.0
open_meteo_forecast,storage\raw\open_meteo_forecast\20260818T112114Z.json,67:temperature_2m,air_temperature,Q08,medium,duplicate business key,27.0
open_meteo_forecast,storage\raw\open_meteo_forecast\20260818T112114Z.json,67:wind_speed_10m,wind_speed,Q08,medium,duplicate business key,4.61
open_meteo_forecast,storage\raw\open_meteo_forecast\20260818T112114Z.json,67:wind_direction_10m,wind_direction,Q08,medium,duplicate business key,94
open_meteo_forecast,storage\raw\open_meteo_forecast\20260818T112114Z.json,67:precipitation,precipitation,Q08,medium,duplicate business key,0.0
open_meteo_forecast,storage\raw\open_meteo_forecast\20260818T112114Z.json,67:shortwave_radiation,shortwave_radiation,Q08,medium,duplicate business key,0.0
open_meteo_forecast,storage\raw\open_meteo_forecast\20260818T112114Z.json,68:temperature_2m,air_temperature,Q08,medium,duplicate business key,27.0
open_meteo_forecast,storage\raw\open_meteo_forecast\20260818T112114Z.json,68:wind_speed_10m,wind_speed,Q08,medium,duplicate business key,4.65
open_meteo_forecast,storage\raw\open_meteo_forecast\20260818T112114Z.json,68:wind_direction_10m,wind_direction,Q08,medium,duplicate business key,90
open_meteo_forecast,storage\raw\open_meteo_forecast\20260818T112114Z.json,68:precipitation,precipitation,Q08,medium,duplicate business key,0.0
open_meteo_forecast,storage\raw\open_meteo_forecast\20260818T112114Z.json,68:shortwave_radiation,shortwave_radiation,Q08,medium,duplicate business key,0.0
open_meteo_forecast,storage\raw\open_meteo_forecast\20260818T112114Z.json,69:temperature_2m,air_temperature,Q08,medium,duplicate business key,26.7
open_meteo_forecast,storage\raw\open_meteo_forecast\20260818T112114Z.json,69:wind_speed_10m,wind_speed,Q08,medium,duplicate business key,4.8
open_meteo_forecast,storage\raw\open_meteo_forecast\20260818T112114Z.json,69:wind_direction_10m,wind_direction,Q08,medium,duplicate business key,88
open_meteo_forecast,storage\raw\open_meteo_forecast\20260818T112114Z.json,69:precipitation,precipitation,Q08,medium,duplicate business key,0.0
open_meteo_forecast,storage\raw\open_meteo_forecast\20260818T112114Z.json,69:shortwave_radiation,shortwave_radiation,Q08,medium,duplicate business key,0.0
open_meteo_forecast,storage\raw\open_meteo_forecast\20260818T112114Z.json,70:temperature_2m,air_temperature,Q08,medium,duplicate business key,26.8
open_meteo_forecast,storage\raw\open_meteo_forecast\20260818T112114Z.json,70:wind_speed_10m,wind_speed,Q08,medium,duplicate business key,4.81
open_meteo_forecast,storage\raw\open_meteo_forecast\20260818T112114Z.json,70:wind_direction_10m,wind_direction,Q08,medium,duplicate business key,94
open_meteo_forecast,storage\raw\open_meteo_forecast\20260818T112114Z.json,70:precipitation,precipitation,Q08,medium,duplicate business key,0.0
open_meteo_forecast,storage\raw\open_meteo_forecast\20260818T112114Z.json,70:shortwave_radiation,shortwave_radiation,Q08,medium,duplicate business key,0.0
open_meteo_forecast,storage\raw\open_meteo_forecast\20260818T112114Z.json,71:temperature_2m,air_temperature,Q08,medium,duplicate business key,26.8
open_meteo_forecast,storage\raw\open_meteo_forecast\20260818T112114Z.json,71:wind_speed_10m,wind_speed,Q08,medium,duplicate business key,4.46
open_meteo_forecast,storage\raw\open_meteo_forecast\20260818T112114Z.json,71:wind_direction_10m,wind_direction,Q08,medium,duplicate business key,99
open_meteo_forecast,storage\raw\open_meteo_forecast\20260818T112114Z.json,71:precipitation,precipitation,Q08,medium,duplicate business key,0.0
open_meteo_forecast,storage\raw\open_meteo_forecast\20260818T112114Z.json,71:shortwave_radiation,shortwave_radiation,Q08,medium,duplicate business key,7.0
open_meteo_forecast,storage\raw\open_meteo_forecast\20260818T112114Z.json,72:temperature_2m,air_temperature,Q08,medium,duplicate business key,26.8
open_meteo_forecast,storage\raw\open_meteo_forecast\20260818T112114Z.json,72:wind_speed_10m,wind_speed,Q08,medium,duplicate business key,3.83
open_meteo_forecast,storage\raw\open_meteo_forecast\20260818T112114Z.json,72:wind_direction_10m,wind_direction,Q08,medium,duplicate business key,97
open_meteo_forecast,storage\raw\open_meteo_forecast\20260818T112114Z.json,72:precipitation,precipitation,Q08,medium,duplicate business key,0.0
open_meteo_forecast,storage\raw\open_meteo_forecast\20260818T112114Z.json,72:shortwave_radiation,shortwave_radiation,Q08,medium,duplicate business key,105.0
taihu_thqbca_history,storage\raw\taihu_thqbca_parsed\thqbca_observations.csv,5784,precipitation,Q01,high,missing value,
taihu_thqbca_history,storage\raw\taihu_thqbca_parsed\thqbca_observations.csv,5794,precipitation,Q01,high,missing value,
taihu_thqbca_history,storage\raw\taihu_thqbca_parsed\thqbca_observations.csv,5795,precipitation,Q01,high,missing value,
taihu_thqbca_history,storage\raw\taihu_thqbca_parsed\thqbca_observations.csv,5799,precipitation,Q01,high,missing value,
taihu_thqbca_history,storage\raw\taihu_thqbca_parsed\thqbca_observations.csv,5800,precipitation,Q01,high,missing value,
taihu_thqbca_history,storage\raw\taihu_thqbca_parsed\thqbca_observations.csv,5807,precipitation,Q01,high,missing value,
taihu_thqbca_history,storage\raw\taihu_thqbca_parsed\thqbca_observations.csv,5809,precipitation,Q01,high,missing value,
taihu_thqbca_history,storage\raw\taihu_thqbca_parsed\thqbca_observations.csv,5821,precipitation,Q01,high,missing value,
taihu_thqbca_history,storage\raw\taihu_thqbca_parsed\thqbca_observations.csv,5836,precipitation,Q01,high,missing value,
taihu_thqbca_history,storage\raw\taihu_thqbca_parsed\thqbca_observations.csv,5839,precipitation,Q01,high,missing value,
taihu_thqbca_history,storage\raw\taihu_thqbca_parsed\thqbca_observations.csv,5840,precipitation,Q01,high,missing value,
taihu_thqbca_history,storage\raw\taihu_thqbca_parsed\thqbca_observations.csv,5841,precipitation,Q01,high,missing value,
taihu_thqbca_history,storage\raw\taihu_thqbca_parsed\thqbca_observations.csv,5842,precipitation,Q01,high,missing value,
taihu_thqbca_history,storage\raw\taihu_thqbca_parsed\thqbca_observations.csv,5856,precipitation,Q01,high,missing value,
taihu_thqbca_history,storage\raw\taihu_thqbca_parsed\thqbca_observations.csv,5878,precipitation,Q01,high,missing value,
taihu_thqbca_history,storage\raw\taihu_thqbca_parsed\thqbca_observations.csv,5886,precipitation,Q01,high,missing value,
taihu_thqbca_history,storage\raw\taihu_thqbca_parsed\thqbca_observations.csv,5892,precipitation,Q01,high,missing value,
taihu_thqbca_history,storage\raw\taihu_thqbca_parsed\thqbca_observations.csv,5898,precipitation,Q01,high,missing value,
taihu_thqbca_history,storage\raw\taihu_thqbca_parsed\thqbca_observations.csv,5911,precipitation,Q01,high,missing value,
taihu_thqbca_history,storage\raw\taihu_thqbca_parsed\thqbca_observations.csv,5914,precipitation,Q01,high,missing value,
taihu_thqbca_history,storage\raw\taihu_thqbca_parsed\thqbca_observations.csv,5916,precipitation,Q01,high,missing value,
taihu_thqbca_history,storage\raw\taihu_thqbca_parsed\thqbca_observations.csv,5931,precipitation,Q01,high,missing value,
taihu_thqbca_history,storage\raw\taihu_thqbca_parsed\thqbca_observations.csv,5935,precipitation,Q01,high,missing value,
taihu_thqbca_history,storage\raw\taihu_thqbca_parsed\thqbca_observations.csv,5937,precipitation,Q04,critical,"outside allowed range (0.0, 500.0)",696
taihu_thqbca_history,storage\raw\taihu_thqbca_parsed\thqbca_observations.csv,5952,precipitation,Q01,high,missing value,
taihu_thqbca_history,storage\raw\taihu_thqbca_parsed\thqbca_observations.csv,5953,precipitation,Q01,high,missing value,
taihu_thqbca_history,storage\raw\taihu_thqbca_parsed\thqbca_observations.csv,5963,precipitation,Q01,high,missing value,
taihu_thqbca_history,storage\raw\taihu_thqbca_parsed\thqbca_observations.csv,5964,precipitation,Q01,high,missing value,
taihu_thqbca_history,storage\raw\taihu_thqbca_parsed\thqbca_observations.csv,5986,precipitation,Q01,high,missing value,
taihu_thqbca_history,storage\raw\taihu_thqbca_parsed\thqbca_observations.csv,5993,precipitation,Q01,high,missing value,
taihu_thqbca_history,storage\raw\taihu_thqbca_parsed\thqbca_observations.csv,6003,precipitation,Q01,high,missing value,
taihu_thqbca_history,storage\raw\taihu_thqbca_parsed\thqbca_observations.csv,6004,precipitation,Q01,high,missing value,
taihu_thqbca_history,storage\raw\taihu_thqbca_parsed\thqbca_observations.csv,6005,precipitation,Q01,high,missing value,
taihu_thqbca_history,storage\raw\taihu_thqbca_parsed\thqbca_observations.csv,6008,precipitation,Q01,high,missing value,
taihu_thqbca_history,storage\raw\taihu_thqbca_parsed\thqbca_observations.csv,6015,precipitation,Q01,high,missing value,
taihu_thqbca_history,storage\raw\taihu_thqbca_parsed\thqbca_observations.csv,6024,precipitation,Q01,high,missing value,
taihu_thqbca_history,storage\raw\taihu_thqbca_parsed\thqbca_observations.csv,6038,precipitation,Q01,high,missing value,
taihu_thqbca_history,storage\raw\taihu_thqbca_parsed\thqbca_observations.csv,6039,precipitation,Q01,high,missing value,
taihu_thqbca_history,storage\raw\taihu_thqbca_parsed\thqbca_observations.csv,6040,precipitation,Q04,critical,"outside allowed range (0.0, 500.0)",634
taihu_thqbca_history,storage\raw\taihu_thqbca_parsed\thqbca_observations.csv,6043,precipitation,Q01,high,missing value,
taihu_thqbca_history,storage\raw\taihu_thqbca_parsed\thqbca_observations.csv,6044,precipitation,Q01,high,missing value,
taihu_thqbca_history,storage\raw\taihu_thqbca_parsed\thqbca_observations.csv,6045,precipitation,Q04,critical,"outside allowed range (0.0, 500.0)",1523
taihu_thqbca_history,storage\raw\taihu_thqbca_parsed\thqbca_observations.csv,6053,precipitation,Q01,high,missing value,
taihu_thqbca_history,storage\raw\taihu_thqbca_parsed\thqbca_observations.csv,6054,precipitation,Q01,high,missing value,
taihu_thqbca_history,storage\raw\taihu_thqbca_parsed\thqbca_observations.csv,6059,precipitation,Q01,high,missing value,
taihu_thqbca_history,storage\raw\taihu_thqbca_parsed\thqbca_observations.csv,6074,precipitation,Q01,high,missing value,
taihu_thqbca_history,storage\raw\taihu_thqbca_parsed\thqbca_observations.csv,6085,precipitation,Q01,high,missing value,
taihu_thqbca_history,storage\raw\taihu_thqbca_parsed\thqbca_observations.csv,6090,precipitation,Q01,high,missing value,
taihu_thqbca_history,storage\raw\taihu_thqbca_parsed\thqbca_observations.csv,6093,precipitation,Q01,high,missing value,
taihu_thqbca_history,storage\raw\taihu_thqbca_parsed\thqbca_observations.csv,6110,precipitation,Q01,high,missing value,
taihu_thqbca_history,storage\raw\taihu_thqbca_parsed\thqbca_observations.csv,6126,precipitation,Q01,high,missing value,
taihu_thqbca_history,storage\raw\taihu_thqbca_parsed\thqbca_observations.csv,6127,precipitation,Q01,high,missing value,
taihu_thqbca_history,storage\raw\taihu_thqbca_parsed\thqbca_observations.csv,6129,precipitation,Q01,high,missing value,
taihu_thqbca_history,storage\raw\taihu_thqbca_parsed\thqbca_observations.csv,6133,precipitation,Q01,high,missing value,
taihu_thqbca_history,storage\raw\taihu_thqbca_parsed\thqbca_observations.csv,6138,precipitation,Q01,high,missing value,
taihu_thqbca_history,storage\raw\taihu_thqbca_parsed\thqbca_observations.csv,6144,precipitation,Q01,high,missing value,
taihu_thqbca_history,storage\raw\taihu_thqbca_parsed\thqbca_observations.csv,6146,precipitation,Q01,high,missing value,
taihu_thqbca_history,storage\raw\taihu_thqbca_parsed\thqbca_observations.csv,6149,precipitation,Q01,high,missing value,
taihu_thqbca_history,storage\raw\taihu_thqbca_parsed\thqbca_observations.csv,6151,precipitation,Q01,high,missing value,
taihu_thqbca_history,storage\raw\taihu_thqbca_parsed\thqbca_observations.csv,6154,precipitation,Q01,high,missing value,
taihu_thqbca_history,storage\raw\taihu_thqbca_parsed\thqbca_observations.csv,6158,precipitation,Q01,high,missing value,
taihu_thqbca_history,storage\raw\taihu_thqbca_parsed\thqbca_observations.csv,6159,precipitation,Q01,high,missing value,
taihu_thqbca_history,storage\raw\taihu_thqbca_parsed\thqbca_observations.csv,6162,precipitation,Q01,high,missing value,
taihu_thqbca_history,storage\raw\taihu_thqbca_parsed\thqbca_observations.csv,6175,precipitation,Q01,high,missing value,
taihu_thqbca_history,storage\raw\taihu_thqbca_parsed\thqbca_observations.csv,6177,precipitation,Q01,high,missing value,
taihu_thqbca_history,storage\raw\taihu_thqbca_parsed\thqbca_observations.csv,6180,precipitation,Q01,high,missing value,
taihu_thqbca_history,storage\raw\taihu_thqbca_parsed\thqbca_observations.csv,6181,precipitation,Q01,high,missing value,
taihu_thqbca_history,storage\raw\taihu_thqbca_parsed\thqbca_observations.csv,6182,precipitation,Q01,high,missing value,
taihu_thqbca_history,storage\raw\taihu_thqbca_parsed\thqbca_observations.csv,6183,precipitation,Q01,high,missing value,
taihu_thqbca_history,storage\raw\taihu_thqbca_parsed\thqbca_observations.csv,6184,precipitation,Q01,high,missing value,
taihu_thqbca_history,storage\raw\taihu_thqbca_parsed\thqbca_observations.csv,6188,precipitation,Q01,high,missing value,
taihu_thqbca_history,storage\raw\taihu_thqbca_parsed\thqbca_observations.csv,6189,precipitation,Q01,high,missing value,
taihu_thqbca_history,storage\raw\taihu_thqbca_parsed\thqbca_observations.csv,6191,precipitation,Q01,high,missing value,
taihu_thqbca_history,storage\raw\taihu_thqbca_parsed\thqbca_observations.csv,6192,precipitation,Q01,high,missing value,
taihu_thqbca_history,storage\raw\taihu_thqbca_parsed\thqbca_observations.csv,6196,precipitation,Q01,high,missing value,
taihu_thqbca_history,storage\raw\taihu_thqbca_parsed\thqbca_observations.csv,6202,precipitation,Q01,high,missing value,
taihu_thqbca_history,storage\raw\taihu_thqbca_parsed\thqbca_observations.csv,6207,precipitation,Q01,high,missing value,
taihu_thqbca_history,storage\raw\taihu_thqbca_parsed\thqbca_observations.csv,6213,precipitation,Q01,high,missing value,
taihu_thqbca_history,storage\raw\taihu_thqbca_parsed\thqbca_observations.csv,6214,precipitation,Q01,high,missing value,
taihu_thqbca_history,storage\raw\taihu_thqbca_parsed\thqbca_observations.csv,6215,precipitation,Q01,high,missing value,
taihu_thqbca_history,storage\raw\taihu_thqbca_parsed\thqbca_observations.csv,6217,precipitation,Q01,high,missing value,
taihu_thqbca_history,storage\raw\taihu_thqbca_parsed\thqbca_observations.csv,6221,precipitation,Q01,high,missing value,
taihu_thqbca_history,storage\raw\taihu_thqbca_parsed\thqbca_observations.csv,6224,precipitation,Q01,high,missing value,
taihu_thqbca_history,storage\raw\taihu_thqbca_parsed\thqbca_observations.csv,6227,precipitation,Q01,high,missing value,
taihu_thqbca_history,storage\raw\taihu_thqbca_parsed\thqbca_observations.csv,6230,precipitation,Q01,high,missing value,
taihu_thqbca_history,storage\raw\taihu_thqbca_parsed\thqbca_observations.csv,6240,precipitation,Q01,high,missing value,
taihu_thqbca_history,storage\raw\taihu_thqbca_parsed\thqbca_observations.csv,6242,precipitation,Q01,high,missing value,
taihu_thqbca_history,storage\raw\taihu_thqbca_parsed\thqbca_observations.csv,6245,precipitation,Q01,high,missing value,
taihu_thqbca_history,storage\raw\taihu_thqbca_parsed\thqbca_observations.csv,6256,precipitation,Q01,high,missing value,
taihu_thqbca_history,storage\raw\taihu_thqbca_parsed\thqbca_observations.csv,6259,precipitation,Q01,high,missing value,
taihu_thqbca_history,storage\raw\taihu_thqbca_parsed\thqbca_observations.csv,6262,precipitation,Q01,high,missing value,
taihu_thqbca_history,storage\raw\taihu_thqbca_parsed\thqbca_observations.csv,6263,precipitation,Q01,high,missing value,
taihu_thqbca_history,storage\raw\taihu_thqbca_parsed\thqbca_observations.csv,6265,precipitation,Q01,high,missing value,
taihu_thqbca_history,storage\raw\taihu_thqbca_parsed\thqbca_observations.csv,6272,precipitation,Q01,high,missing value,
taihu_thqbca_history,storage\raw\taihu_thqbca_parsed\thqbca_observations.csv,6276,precipitation,Q01,high,missing value,
taihu_thqbca_history,storage\raw\taihu_thqbca_parsed\thqbca_observations.csv,6282,precipitation,Q01,high,missing value,
taihu_thqbca_history,storage\raw\taihu_thqbca_parsed\thqbca_observations.csv,6289,precipitation,Q01,high,missing value,
taihu_thqbca_history,storage\raw\taihu_thqbca_parsed\thqbca_observations.csv,6292,precipitation,Q01,high,missing value,
taihu_thqbca_history,storage\raw\taihu_thqbca_parsed\thqbca_observations.csv,6298,precipitation,Q01,high,missing value,
taihu_thqbca_history,storage\raw\taihu_thqbca_parsed\thqbca_observations.csv,6301,precipitation,Q01,high,missing value,
taihu_thqbca_history,storage\raw\taihu_thqbca_parsed\thqbca_observations.csv,6304,precipitation,Q01,high,missing value,
taihu_thqbca_history,storage\raw\taihu_thqbca_parsed\thqbca_observations.csv,6309,precipitation,Q01,high,missing value,
taihu_thqbca_history,storage\raw\taihu_thqbca_parsed\thqbca_observations.csv,6318,precipitation,Q01,high,missing value,
taihu_thqbca_history,storage\raw\taihu_thqbca_parsed\thqbca_observations.csv,6319,precipitation,Q04,critical,"outside allowed range (0.0, 500.0)",812
taihu_thqbca_history,storage\raw\taihu_thqbca_parsed\thqbca_observations.csv,6326,precipitation,Q04,critical,"outside allowed range (0.0, 500.0)",835
taihu_thqbca_history,storage\raw\taihu_thqbca_parsed\thqbca_observations.csv,6330,precipitation,Q01,high,missing value,
taihu_thqbca_history,storage\raw\taihu_thqbca_parsed\thqbca_observations.csv,6331,precipitation,Q01,high,missing value,
taihu_thqbca_history,storage\raw\taihu_thqbca_parsed\thqbca_observations.csv,6334,precipitation,Q01,high,missing value,
taihu_thqbca_history,storage\raw\taihu_thqbca_parsed\thqbca_observations.csv,6336,precipitation,Q01,high,missing value,
taihu_thqbca_history,storage\raw\taihu_thqbca_parsed\thqbca_observations.csv,6361,precipitation,Q04,critical,"outside allowed range (0.0, 500.0)",617
taihu_thqbca_history,storage\raw\taihu_thqbca_parsed\thqbca_observations.csv,6367,precipitation,Q01,high,missing value,
taihu_thqbca_history,storage\raw\taihu_thqbca_parsed\thqbca_observations.csv,6373,precipitation,Q01,high,missing value,
taihu_thqbca_history,storage\raw\taihu_thqbca_parsed\thqbca_observations.csv,6375,precipitation,Q01,high,missing value,
taihu_thqbca_history,storage\raw\taihu_thqbca_parsed\thqbca_observations.csv,6376,precipitation,Q01,high,missing value,
taihu_thqbca_history,storage\raw\taihu_thqbca_parsed\thqbca_observations.csv,6391,precipitation,Q01,high,missing value,
taihu_thqbca_history,storage\raw\taihu_thqbca_parsed\thqbca_observations.csv,6400,precipitation,Q01,high,missing value,
taihu_thqbca_history,storage\raw\taihu_thqbca_parsed\thqbca_observations.csv,6404,precipitation,Q01,high,missing value,
taihu_thqbca_history,storage\raw\taihu_thqbca_parsed\thqbca_observations.csv,6405,precipitation,Q01,high,missing value,
taihu_thqbca_history,storage\raw\taihu_thqbca_parsed\thqbca_observations.csv,6428,precipitation,Q01,high,missing value,
taihu_thqbca_history,storage\raw\taihu_thqbca_parsed\thqbca_observations.csv,6429,precipitation,Q01,high,missing value,
taihu_thqbca_history,storage\raw\taihu_thqbca_parsed\thqbca_observations.csv,6430,precipitation,Q01,high,missing value,
taihu_thqbca_history,storage\raw\taihu_thqbca_parsed\thqbca_observations.csv,6431,precipitation,Q01,high,missing value,
taihu_thqbca_history,storage\raw\taihu_thqbca_parsed\thqbca_observations.csv,6433,precipitation,Q01,high,missing value,
taihu_thqbca_history,storage\raw\taihu_thqbca_parsed\thqbca_observations.csv,6436,precipitation,Q01,high,missing value,
taihu_thqbca_history,storage\raw\taihu_thqbca_parsed\thqbca_observations.csv,6463,precipitation,Q01,high,missing value,
taihu_thqbca_history,storage\raw\taihu_thqbca_parsed\thqbca_observations.csv,6467,precipitation,Q01,high,missing value,
taihu_thqbca_history,storage\raw\taihu_thqbca_parsed\thqbca_observations.csv,6478,precipitation,Q01,high,missing value,
taihu_thqbca_history,storage\raw\taihu_thqbca_parsed\thqbca_observations.csv,6481,precipitation,Q01,high,missing value,
taihu_thqbca_history,storage\raw\taihu_thqbca_parsed\thqbca_observations.csv,6486,precipitation,Q01,high,missing value,
taihu_thqbca_history,storage\raw\taihu_thqbca_parsed\thqbca_observations.csv,6490,precipitation,Q01,high,missing value,
taihu_thqbca_history,storage\raw\taihu_thqbca_parsed\thqbca_observations.csv,6494,precipitation,Q01,high,missing value,
taihu_thqbca_history,storage\raw\taihu_thqbca_parsed\thqbca_observations.csv,6500,precipitation,Q01,high,missing value,
taihu_thqbca_history,storage\raw\taihu_thqbca_parsed\thqbca_observations.csv,6502,precipitation,Q01,high,missing value,
taihu_thqbca_history,storage\raw\taihu_thqbca_parsed\thqbca_observations.csv,6509,precipitation,Q01,high,missing value,
taihu_thqbca_history,storage\raw\taihu_thqbca_parsed\thqbca_observations.csv,6516,precipitation,Q01,high,missing value,
taihu_thqbca_history,storage\raw\taihu_thqbca_parsed\thqbca_observations.csv,6522,precipitation,Q01,high,missing value,
taihu_thqbca_history,storage\raw\taihu_thqbca_parsed\thqbca_observations.csv,6523,precipitation,Q01,high,missing value,
taihu_thqbca_history,storage\raw\taihu_thqbca_parsed\thqbca_observations.csv,6524,precipitation,Q01,high,missing value,
taihu_thqbca_history,storage\raw\taihu_thqbca_parsed\thqbca_observations.csv,6534,precipitation,Q01,high,missing value,
taihu_thqbca_history,storage\raw\taihu_thqbca_parsed\thqbca_observations.csv,6539,precipitation,Q01,high,missing value,
taihu_thqbca_history,storage\raw\taihu_thqbca_parsed\thqbca_observations.csv,6540,precipitation,Q01,high,missing value,
taihu_thqbca_history,storage\raw\taihu_thqbca_parsed\thqbca_observations.csv,6541,precipitation,Q01,high,missing value,
taihu_thqbca_history,storage\raw\taihu_thqbca_parsed\thqbca_observations.csv,6542,precipitation,Q01,high,missing value,
taihu_thqbca_history,storage\raw\taihu_thqbca_parsed\thqbca_observations.csv,6554,precipitation,Q01,high,missing value,
taihu_thqbca_history,storage\raw\taihu_thqbca_parsed\thqbca_observations.csv,6559,precipitation,Q01,high,missing value,
taihu_thqbca_history,storage\raw\taihu_thqbca_parsed\thqbca_observations.csv,6565,precipitation,Q01,high,missing value,
taihu_thqbca_history,storage\raw\taihu_thqbca_parsed\thqbca_observations.csv,6566,precipitation,Q01,high,missing value,
taihu_thqbca_history,storage\raw\taihu_thqbca_parsed\thqbca_observations.csv,6567,precipitation,Q01,high,missing value,
taihu_thqbca_history,storage\raw\taihu_thqbca_parsed\thqbca_observations.csv,6587,precipitation,Q01,high,missing value,
taihu_thqbca_history,storage\raw\taihu_thqbca_parsed\thqbca_observations.csv,6589,precipitation,Q01,high,missing value,
taihu_thqbca_history,storage\raw\taihu_thqbca_parsed\thqbca_observations.csv,6590,precipitation,Q01,high,missing value,
taihu_thqbca_history,storage\raw\taihu_thqbca_parsed\thqbca_observations.csv,6595,precipitation,Q01,high,missing value,
taihu_thqbca_history,storage\raw\taihu_thqbca_parsed\thqbca_observations.csv,6601,precipitation,Q01,high,missing value,
taihu_thqbca_history,storage\raw\taihu_thqbca_parsed\thqbca_observations.csv,6604,precipitation,Q01,high,missing value,
taihu_thqbca_history,storage\raw\taihu_thqbca_parsed\thqbca_observations.csv,6612,precipitation,Q01,high,missing value,
taihu_thqbca_history,storage\raw\taihu_thqbca_parsed\thqbca_observations.csv,6613,precipitation,Q01,high,missing value,
taihu_thqbca_history,storage\raw\taihu_thqbca_parsed\thqbca_observations.csv,6622,precipitation,Q01,high,missing value,
taihu_thqbca_history,storage\raw\taihu_thqbca_parsed\thqbca_observations.csv,6626,precipitation,Q01,high,missing value,
taihu_thqbca_history,storage\raw\taihu_thqbca_parsed\thqbca_observations.csv,6627,precipitation,Q01,high,missing value,
taihu_thqbca_history,storage\raw\taihu_thqbca_parsed\thqbca_observations.csv,6632,precipitation,Q01,high,missing value,
taihu_thqbca_history,storage\raw\taihu_thqbca_parsed\thqbca_observations.csv,6636,precipitation,Q01,high,missing value,
taihu_thqbca_history,storage\raw\taihu_thqbca_parsed\thqbca_observations.csv,6647,precipitation,Q01,high,missing value,
taihu_thqbca_history,storage\raw\taihu_thqbca_parsed\thqbca_observations.csv,6648,precipitation,Q01,high,missing value,
taihu_thqbca_history,storage\raw\taihu_thqbca_parsed\thqbca_observations.csv,6651,precipitation,Q01,high,missing value,
taihu_thqbca_history,storage\raw\taihu_thqbca_parsed\thqbca_observations.csv,6666,precipitation,Q01,high,missing value,
taihu_thqbca_history,storage\raw\taihu_thqbca_parsed\thqbca_observations.csv,6673,precipitation,Q01,high,missing value,
taihu_thqbca_history,storage\raw\taihu_thqbca_parsed\thqbca_observations.csv,6686,precipitation,Q01,high,missing value,
taihu_thqbca_history,storage\raw\taihu_thqbca_parsed\thqbca_observations.csv,6689,precipitation,Q01,high,missing value,
taihu_thqbca_history,storage\raw\taihu_thqbca_parsed\thqbca_observations.csv,6697,precipitation,Q01,high,missing value,
taihu_thqbca_history,storage\raw\taihu_thqbca_parsed\thqbca_observations.csv,6699,precipitation,Q01,high,missing value,
taihu_thqbca_history,storage\raw\taihu_thqbca_parsed\thqbca_observations.csv,6705,precipitation,Q01,high,missing value,
taihu_thqbca_history,storage\raw\taihu_thqbca_parsed\thqbca_observations.csv,6715,precipitation,Q01,high,missing value,
taihu_thqbca_history,storage\raw\taihu_thqbca_parsed\thqbca_observations.csv,6719,precipitation,Q01,high,missing value,
taihu_thqbca_history,storage\raw\taihu_thqbca_parsed\thqbca_observations.csv,6720,precipitation,Q04,critical,"outside allowed range (0.0, 500.0)",512
taihu_thqbca_history,storage\raw\taihu_thqbca_parsed\thqbca_observations.csv,6721,precipitation,Q04,critical,"outside allowed range (0.0, 500.0)",707
taihu_thqbca_history,storage\raw\taihu_thqbca_parsed\thqbca_observations.csv,6725,precipitation,Q01,high,missing value,
taihu_thqbca_history,storage\raw\taihu_thqbca_parsed\thqbca_observations.csv,6732,precipitation,Q01,high,missing value,
taihu_thqbca_history,storage\raw\taihu_thqbca_parsed\thqbca_observations.csv,6733,precipitation,Q01,high,missing value,
taihu_thqbca_history,storage\raw\taihu_thqbca_parsed\thqbca_observations.csv,6740,precipitation,Q04,critical,"outside allowed range (0.0, 500.0)",639
taihu_thqbca_history,storage\raw\taihu_thqbca_parsed\thqbca_observations.csv,6743,precipitation,Q01,high,missing value,
taihu_thqbca_history,storage\raw\taihu_thqbca_parsed\thqbca_observations.csv,6753,precipitation,Q01,high,missing value,
taihu_thqbca_history,storage\raw\taihu_thqbca_parsed\thqbca_observations.csv,6758,precipitation,Q01,high,missing value,
taihu_thqbca_history,storage\raw\taihu_thqbca_parsed\thqbca_observations.csv,6763,precipitation,Q01,high,missing value,
taihu_thqbca_history,storage\raw\taihu_thqbca_parsed\thqbca_observations.csv,6768,precipitation,Q01,high,missing value,
taihu_thqbca_history,storage\raw\taihu_thqbca_parsed\thqbca_observations.csv,6775,precipitation,Q01,high,missing value,
taihu_thqbca_history,storage\raw\taihu_thqbca_parsed\thqbca_observations.csv,6776,precipitation,Q01,high,missing value,
taihu_thqbca_history,storage\raw\taihu_thqbca_parsed\thqbca_observations.csv,6777,precipitation,Q01,high,missing value,
taihu_thqbca_history,storage\raw\taihu_thqbca_parsed\thqbca_observations.csv,6788,precipitation,Q01,high,missing value,
taihu_thqbca_history,storage\raw\taihu_thqbca_parsed\thqbca_observations.csv,6789,precipitation,Q01,high,missing value,
taihu_thqbca_history,storage\raw\taihu_thqbca_parsed\thqbca_observations.csv,6791,precipitation,Q01,high,missing value,
taihu_thqbca_history,storage\raw\taihu_thqbca_parsed\thqbca_observations.csv,6800,precipitation,Q01,high,missing value,
taihu_thqbca_history,storage\raw\taihu_thqbca_parsed\thqbca_observations.csv,6813,precipitation,Q01,high,missing value,
taihu_thqbca_history,storage\raw\taihu_thqbca_parsed\thqbca_observations.csv,6816,precipitation,Q01,high,missing value,
taihu_thqbca_history,storage\raw\taihu_thqbca_parsed\thqbca_observations.csv,6818,precipitation,Q01,high,missing value,
taihu_thqbca_history,storage\raw\taihu_thqbca_parsed\thqbca_observations.csv,6821,precipitation,Q01,high,missing value,
taihu_thqbca_history,storage\raw\taihu_thqbca_parsed\thqbca_observations.csv,6822,precipitation,Q01,high,missing value,
taihu_thqbca_history,storage\raw\taihu_thqbca_parsed\thqbca_observations.csv,6824,precipitation,Q01,high,missing value,
taihu_thqbca_history,storage\raw\taihu_thqbca_parsed\thqbca_observations.csv,6845,precipitation,Q01,high,missing value,
taihu_thqbca_history,storage\raw\taihu_thqbca_parsed\thqbca_observations.csv,6848,precipitation,Q01,high,missing value,
taihu_thqbca_history,storage\raw\taihu_thqbca_parsed\thqbca_observations.csv,6849,precipitation,Q01,high,missing value,
taihu_thqbca_history,storage\raw\taihu_thqbca_parsed\thqbca_observations.csv,6854,precipitation,Q01,high,missing value,
taihu_thqbca_history,storage\raw\taihu_thqbca_parsed\thqbca_observations.csv,6855,precipitation,Q01,high,missing value,
taihu_thqbca_history,storage\raw\taihu_thqbca_parsed\thqbca_observations.csv,6856,precipitation,Q01,high,missing value,
taihu_thqbca_history,storage\raw\taihu_thqbca_parsed\thqbca_observations.csv,6858,precipitation,Q01,high,missing value,
taihu_thqbca_history,storage\raw\taihu_thqbca_parsed\thqbca_observations.csv,6859,precipitation,Q01,high,missing value,
taihu_thqbca_history,storage\raw\taihu_thqbca_parsed\thqbca_observations.csv,6860,precipitation,Q01,high,missing value,
taihu_thqbca_history,storage\raw\taihu_thqbca_parsed\thqbca_observations.csv,6875,precipitation,Q01,high,missing value,
taihu_thqbca_history,storage\raw\taihu_thqbca_parsed\thqbca_observations.csv,6880,precipitation,Q01,high,missing value,
taihu_thqbca_history,storage\raw\taihu_thqbca_parsed\thqbca_observations.csv,6881,precipitation,Q01,high,missing value,
taihu_thqbca_history,storage\raw\taihu_thqbca_parsed\thqbca_observations.csv,6898,precipitation,Q01,high,missing value,
taihu_thqbca_history,storage\raw\taihu_thqbca_parsed\thqbca_observations.csv,6905,precipitation,Q01,high,missing value,
taihu_thqbca_history,storage\raw\taihu_thqbca_parsed\thqbca_observations.csv,6909,precipitation,Q01,high,missing value,
taihu_thqbca_history,storage\raw\taihu_thqbca_parsed\thqbca_observations.csv,6924,precipitation,Q01,high,missing value,
taihu_thqbca_history,storage\raw\taihu_thqbca_parsed\thqbca_observations.csv,6925,precipitation,Q01,high,missing value,
taihu_thqbca_history,storage\raw\taihu_thqbca_parsed\thqbca_observations.csv,6928,precipitation,Q01,high,missing value,
taihu_thqbca_history,storage\raw\taihu_thqbca_parsed\thqbca_observations.csv,6937,precipitation,Q01,high,missing value,
taihu_thqbca_history,storage\raw\taihu_thqbca_parsed\thqbca_observations.csv,6941,precipitation,Q01,high,missing value,
taihu_thqbca_history,storage\raw\taihu_thqbca_parsed\thqbca_observations.csv,6949,precipitation,Q01,high,missing value,
taihu_thqbca_history,storage\raw\taihu_thqbca_parsed\thqbca_observations.csv,6953,precipitation,Q01,high,missing value,
taihu_thqbca_history,storage\raw\taihu_thqbca_parsed\thqbca_observations.csv,6954,precipitation,Q01,high,missing value,
taihu_thqbca_history,storage\raw\taihu_thqbca_parsed\thqbca_observations.csv,6958,precipitation,Q01,high,missing value,
taihu_thqbca_history,storage\raw\taihu_thqbca_parsed\thqbca_observations.csv,6978,precipitation,Q01,high,missing value,
taihu_thqbca_history,storage\raw\taihu_thqbca_parsed\thqbca_observations.csv,6986,precipitation,Q01,high,missing value,
taihu_thqbca_history,storage\raw\taihu_thqbca_parsed\thqbca_observations.csv,6988,precipitation,Q01,high,missing value,
taihu_thqbca_history,storage\raw\taihu_thqbca_parsed\thqbca_observations.csv,6993,precipitation,Q01,high,missing value,
taihu_thqbca_history,storage\raw\taihu_thqbca_parsed\thqbca_observations.csv,6995,precipitation,Q01,high,missing value,
taihu_thqbca_history,storage\raw\taihu_thqbca_parsed\thqbca_observations.csv,7001,precipitation,Q01,high,missing value,
taihu_thqbca_history,storage\raw\taihu_thqbca_parsed\thqbca_observations.csv,7006,precipitation,Q01,high,missing value,
taihu_thqbca_history,storage\raw\taihu_thqbca_parsed\thqbca_observations.csv,7040,precipitation,Q01,high,missing value,
taihu_thqbca_history,storage\raw\taihu_thqbca_parsed\thqbca_observations.csv,7044,precipitation,Q01,high,missing value,
taihu_thqbca_history,storage\raw\taihu_thqbca_parsed\thqbca_observations.csv,7051,precipitation,Q01,high,missing value,
taihu_thqbca_history,storage\raw\taihu_thqbca_parsed\thqbca_observations.csv,7057,precipitation,Q01,high,missing value,
taihu_thqbca_history,storage\raw\taihu_thqbca_parsed\thqbca_observations.csv,7058,precipitation,Q01,high,missing value,
taihu_thqbca_history,storage\raw\taihu_thqbca_parsed\thqbca_observations.csv,7063,precipitation,Q01,high,missing value,
taihu_thqbca_history,storage\raw\taihu_thqbca_parsed\thqbca_observations.csv,7066,precipitation,Q01,high,missing value,
taihu_thqbca_history,storage\raw\taihu_thqbca_parsed\thqbca_observations.csv,7073,precipitation,Q01,high,missing value,
taihu_thqbca_history,storage\raw\taihu_thqbca_parsed\thqbca_observations.csv,7087,precipitation,Q04,critical,"outside allowed range (0.0, 500.0)",786
taihu_thqbca_history,storage\raw\taihu_thqbca_parsed\thqbca_observations.csv,7097,precipitation,Q01,high,missing value,
taihu_thqbca_history,storage\raw\taihu_thqbca_parsed\thqbca_observations.csv,7113,precipitation,Q01,high,missing value,
taihu_thqbca_history,storage\raw\taihu_thqbca_parsed\thqbca_observations.csv,7119,precipitation,Q01,high,missing value,
taihu_thqbca_history,storage\raw\taihu_thqbca_parsed\thqbca_observations.csv,7120,precipitation,Q01,high,missing value,
taihu_thqbca_history,storage\raw\taihu_thqbca_parsed\thqbca_observations.csv,7123,precipitation,Q01,high,missing value,
taihu_thqbca_history,storage\raw\taihu_thqbca_parsed\thqbca_observations.csv,7129,precipitation,Q01,high,missing value,
taihu_thqbca_history,storage\raw\taihu_thqbca_parsed\thqbca_observations.csv,7143,precipitation,Q01,high,missing value,
taihu_thqbca_history,storage\raw\taihu_thqbca_parsed\thqbca_observations.csv,7146,precipitation,Q01,high,missing value,
taihu_thqbca_history,storage\raw\taihu_thqbca_parsed\thqbca_observations.csv,7148,precipitation,Q01,high,missing value,
taihu_thqbca_history,storage\raw\taihu_thqbca_parsed\thqbca_observations.csv,7153,precipitation,Q01,high,missing value,
taihu_thqbca_history,storage\raw\taihu_thqbca_parsed\thqbca_observations.csv,7156,precipitation,Q01,high,missing value,
taihu_thqbca_history,storage\raw\taihu_thqbca_parsed\thqbca_observations.csv,7164,precipitation,Q01,high,missing value,
taihu_thqbca_history,storage\raw\taihu_thqbca_parsed\thqbca_observations.csv,7165,precipitation,Q01,high,missing value,
taihu_thqbca_history,storage\raw\taihu_thqbca_parsed\thqbca_observations.csv,7166,precipitation,Q01,high,missing value,
taihu_thqbca_history,storage\raw\taihu_thqbca_parsed\thqbca_observations.csv,7168,precipitation,Q01,high,missing value,
taihu_thqbca_history,storage\raw\taihu_thqbca_parsed\thqbca_observations.csv,7170,precipitation,Q01,high,missing value,
taihu_thqbca_history,storage\raw\taihu_thqbca_parsed\thqbca_observations.csv,7172,precipitation,Q01,high,missing value,
taihu_thqbca_history,storage\raw\taihu_thqbca_parsed\thqbca_observations.csv,7174,precipitation,Q01,high,missing value,
taihu_thqbca_history,storage\raw\taihu_thqbca_parsed\thqbca_observations.csv,7181,precipitation,Q01,high,missing value,
taihu_thqbca_history,storage\raw\taihu_thqbca_parsed\thqbca_observations.csv,7189,precipitation,Q01,high,missing value,
taihu_thqbca_history,storage\raw\taihu_thqbca_parsed\thqbca_observations.csv,7192,precipitation,Q01,high,missing value,
taihu_thqbca_history,storage\raw\taihu_thqbca_parsed\thqbca_observations.csv,7193,precipitation,Q01,high,missing value,
taihu_thqbca_history,storage\raw\taihu_thqbca_parsed\thqbca_observations.csv,7195,precipitation,Q01,high,missing value,
taihu_thqbca_history,storage\raw\taihu_thqbca_parsed\thqbca_observations.csv,7197,precipitation,Q01,high,missing value,
taihu_thqbca_history,storage\raw\taihu_thqbca_parsed\thqbca_observations.csv,7210,precipitation,Q01,high,missing value,
taihu_thqbca_history,storage\raw\taihu_thqbca_parsed\thqbca_observations.csv,7211,precipitation,Q01,high,missing value,
taihu_thqbca_history,storage\raw\taihu_thqbca_parsed\thqbca_observations.csv,7214,precipitation,Q01,high,missing value,
taihu_thqbca_history,storage\raw\taihu_thqbca_parsed\thqbca_observations.csv,7219,precipitation,Q01,high,missing value,
taihu_thqbca_history,storage\raw\taihu_thqbca_parsed\thqbca_observations.csv,7223,precipitation,Q01,high,missing value,
taihu_thqbca_history,storage\raw\taihu_thqbca_parsed\thqbca_observations.csv,7225,precipitation,Q01,high,missing value,
taihu_thqbca_history,storage\raw\taihu_thqbca_parsed\thqbca_observations.csv,7231,precipitation,Q01,high,missing value,
taihu_thqbca_history,storage\raw\taihu_thqbca_parsed\thqbca_observations.csv,7235,precipitation,Q01,high,missing value,
taihu_thqbca_history,storage\raw\taihu_thqbca_parsed\thqbca_observations.csv,7246,precipitation,Q01,high,missing value,
taihu_thqbca_history,storage\raw\taihu_thqbca_parsed\thqbca_observations.csv,7251,precipitation,Q01,high,missing value,
taihu_thqbca_history,storage\raw\taihu_thqbca_parsed\thqbca_observations.csv,7260,precipitation,Q01,high,missing value,
taihu_thqbca_history,storage\raw\taihu_thqbca_parsed\thqbca_observations.csv,7262,precipitation,Q01,high,missing value,
taihu_thqbca_history,storage\raw\taihu_thqbca_parsed\thqbca_observations.csv,7269,precipitation,Q01,high,missing value,
taihu_thqbca_history,storage\raw\taihu_thqbca_parsed\thqbca_observations.csv,7277,precipitation,Q01,high,missing value,
taihu_thqbca_history,storage\raw\taihu_thqbca_parsed\thqbca_observations.csv,7279,precipitation,Q01,high,missing value,
taihu_thqbca_history,storage\raw\taihu_thqbca_parsed\thqbca_observations.csv,7283,precipitation,Q01,high,missing value,
taihu_thqbca_history,storage\raw\taihu_thqbca_parsed\thqbca_observations.csv,7285,precipitation,Q01,high,missing value,
taihu_thqbca_history,storage\raw\taihu_thqbca_parsed\thqbca_observations.csv,7287,precipitation,Q01,high,missing value,
taihu_thqbca_history,storage\raw\taihu_thqbca_parsed\thqbca_observations.csv,7293,precipitation,Q01,high,missing value,
taihu_thqbca_history,storage\raw\taihu_thqbca_parsed\thqbca_observations.csv,7297,precipitation,Q01,high,missing value,
taihu_thqbca_history,storage\raw\taihu_thqbca_parsed\thqbca_observations.csv,7299,precipitation,Q01,high,missing value,
taihu_thqbca_history,storage\raw\taihu_thqbca_parsed\thqbca_observations.csv,7308,precipitation,Q01,high,missing value,
taihu_thqbca_history,storage\raw\taihu_thqbca_parsed\thqbca_observations.csv,7311,precipitation,Q01,high,missing value,
taihu_thqbca_history,storage\raw\taihu_thqbca_parsed\thqbca_observations.csv,7312,precipitation,Q01,high,missing value,
taihu_thqbca_history,storage\raw\taihu_thqbca_parsed\thqbca_observations.csv,7321,precipitation,Q01,high,missing value,
taihu_thqbca_history,storage\raw\taihu_thqbca_parsed\thqbca_observations.csv,7324,precipitation,Q01,high,missing value,
taihu_thqbca_history,storage\raw\taihu_thqbca_parsed\thqbca_observations.csv,7337,precipitation,Q01,high,missing value,
taihu_thqbca_history,storage\raw\taihu_thqbca_parsed\thqbca_observations.csv,7357,precipitation,Q01,high,missing value,
taihu_thqbca_history,storage\raw\taihu_thqbca_parsed\thqbca_observations.csv,7384,precipitation,Q01,high,missing value,
taihu_thqbca_history,storage\raw\taihu_thqbca_parsed\thqbca_observations.csv,7385,precipitation,Q01,high,missing value,
taihu_thqbca_history,storage\raw\taihu_thqbca_parsed\thqbca_observations.csv,7390,precipitation,Q01,high,missing value,
taihu_thqbca_history,storage\raw\taihu_thqbca_parsed\thqbca_observations.csv,7400,precipitation,Q04,critical,"outside allowed range (0.0, 500.0)",507
taihu_thqbca_history,storage\raw\taihu_thqbca_parsed\thqbca_observations.csv,7413,precipitation,Q01,high,missing value,
taihu_thqbca_history,storage\raw\taihu_thqbca_parsed\thqbca_observations.csv,7414,precipitation,Q01,high,missing value,
taihu_thqbca_history,storage\raw\taihu_thqbca_parsed\thqbca_observations.csv,7416,precipitation,Q01,high,missing value,
taihu_thqbca_history,storage\raw\taihu_thqbca_parsed\thqbca_observations.csv,7417,precipitation,Q01,high,missing value,
taihu_thqbca_history,storage\raw\taihu_thqbca_parsed\thqbca_observations.csv,7422,precipitation,Q01,high,missing value,
taihu_thqbca_history,storage\raw\taihu_thqbca_parsed\thqbca_observations.csv,7432,precipitation,Q01,high,missing value,
taihu_thqbca_history,storage\raw\taihu_thqbca_parsed\thqbca_observations.csv,7438,precipitation,Q01,high,missing value,
taihu_thqbca_history,storage\raw\taihu_thqbca_parsed\thqbca_observations.csv,7445,precipitation,Q01,high,missing value,
taihu_thqbca_history,storage\raw\taihu_thqbca_parsed\thqbca_observations.csv,7449,precipitation,Q04,critical,"outside allowed range (0.0, 500.0)",566
taihu_thqbca_history,storage\raw\taihu_thqbca_parsed\thqbca_observations.csv,7455,precipitation,Q04,critical,"outside allowed range (0.0, 500.0)",2918
taihu_thqbca_history,storage\raw\taihu_thqbca_parsed\thqbca_observations.csv,7457,precipitation,Q01,high,missing value,
taihu_thqbca_history,storage\raw\taihu_thqbca_parsed\thqbca_observations.csv,7458,precipitation,Q01,high,missing value,
taihu_thqbca_history,storage\raw\taihu_thqbca_parsed\thqbca_observations.csv,7460,precipitation,Q01,high,missing value,
taihu_thqbca_history,storage\raw\taihu_thqbca_parsed\thqbca_observations.csv,7462,precipitation,Q01,high,missing value,
taihu_thqbca_history,storage\raw\taihu_thqbca_parsed\thqbca_observations.csv,7463,precipitation,Q01,high,missing value,
taihu_thqbca_history,storage\raw\taihu_thqbca_parsed\thqbca_observations.csv,7465,precipitation,Q01,high,missing value,
taihu_thqbca_history,storage\raw\taihu_thqbca_parsed\thqbca_observations.csv,7468,precipitation,Q01,high,missing value,
taihu_thqbca_history,storage\raw\taihu_thqbca_parsed\thqbca_observations.csv,7472,precipitation,Q01,high,missing value,
taihu_thqbca_history,storage\raw\taihu_thqbca_parsed\thqbca_observations.csv,7474,precipitation,Q01,high,missing value,
taihu_thqbca_history,storage\raw\taihu_thqbca_parsed\thqbca_observations.csv,7478,precipitation,Q01,high,missing value,
taihu_thqbca_history,storage\raw\taihu_thqbca_parsed\thqbca_observations.csv,7483,precipitation,Q01,high,missing value,
taihu_thqbca_history,storage\raw\taihu_thqbca_parsed\thqbca_observations.csv,7492,precipitation,Q04,critical,"outside allowed range (0.0, 500.0)",528
taihu_thqbca_history,storage\raw\taihu_thqbca_parsed\thqbca_observations.csv,7498,precipitation,Q01,high,missing value,
taihu_thqbca_history,storage\raw\taihu_thqbca_parsed\thqbca_observations.csv,7505,precipitation,Q01,high,missing value,
taihu_thqbca_history,storage\raw\taihu_thqbca_parsed\thqbca_observations.csv,7508,precipitation,Q01,high,missing value,
taihu_thqbca_history,storage\raw\taihu_thqbca_parsed\thqbca_observations.csv,7510,precipitation,Q01,high,missing value,
taihu_thqbca_history,storage\raw\taihu_thqbca_parsed\thqbca_observations.csv,7512,precipitation,Q01,high,missing value,
taihu_thqbca_history,storage\raw\taihu_thqbca_parsed\thqbca_observations.csv,7515,precipitation,Q01,high,missing value,
taihu_thqbca_history,storage\raw\taihu_thqbca_parsed\thqbca_observations.csv,7518,precipitation,Q01,high,missing value,
taihu_thqbca_history,storage\raw\taihu_thqbca_parsed\thqbca_observations.csv,7524,precipitation,Q01,high,missing value,
taihu_thqbca_history,storage\raw\taihu_thqbca_parsed\thqbca_observations.csv,7526,precipitation,Q01,high,missing value,
taihu_thqbca_history,storage\raw\taihu_thqbca_parsed\thqbca_observations.csv,7529,precipitation,Q01,high,missing value,
taihu_thqbca_history,storage\raw\taihu_thqbca_parsed\thqbca_observations.csv,7534,precipitation,Q01,high,missing value,
taihu_thqbca_history,storage\raw\taihu_thqbca_parsed\thqbca_observations.csv,7541,precipitation,Q01,high,missing value,
taihu_thqbca_history,storage\raw\taihu_thqbca_parsed\thqbca_observations.csv,7542,precipitation,Q01,high,missing value,
taihu_thqbca_history,storage\raw\taihu_thqbca_parsed\thqbca_observations.csv,7543,precipitation,Q01,high,missing value,
taihu_thqbca_history,storage\raw\taihu_thqbca_parsed\thqbca_observations.csv,7550,precipitation,Q01,high,missing value,
taihu_thqbca_history,storage\raw\taihu_thqbca_parsed\thqbca_observations.csv,7551,precipitation,Q01,high,missing value,
taihu_thqbca_history,storage\raw\taihu_thqbca_parsed\thqbca_observations.csv,7560,precipitation,Q01,high,missing value,
taihu_thqbca_history,storage\raw\taihu_thqbca_parsed\thqbca_observations.csv,7561,precipitation,Q01,high,missing value,
taihu_thqbca_history,storage\raw\taihu_thqbca_parsed\thqbca_observations.csv,7562,precipitation,Q01,high,missing value,
taihu_thqbca_history,storage\raw\taihu_thqbca_parsed\thqbca_observations.csv,7564,precipitation,Q01,high,missing value,
taihu_thqbca_history,storage\raw\taihu_thqbca_parsed\thqbca_observations.csv,7587,precipitation,Q01,high,missing value,
taihu_thqbca_history,storage\raw\taihu_thqbca_parsed\thqbca_observations.csv,7589,precipitation,Q01,high,missing value,
taihu_thqbca_history,storage\raw\taihu_thqbca_parsed\thqbca_observations.csv,7597,precipitation,Q01,high,missing value,
taihu_thqbca_history,storage\raw\taihu_thqbca_parsed\thqbca_observations.csv,7602,precipitation,Q01,high,missing value,
taihu_thqbca_history,storage\raw\taihu_thqbca_parsed\thqbca_observations.csv,7611,precipitation,Q01,high,missing value,
taihu_thqbca_history,storage\raw\taihu_thqbca_parsed\thqbca_observations.csv,7620,precipitation,Q01,high,missing value,
taihu_thqbca_history,storage\raw\taihu_thqbca_parsed\thqbca_observations.csv,7626,precipitation,Q01,high,missing value,
taihu_thqbca_history,storage\raw\taihu_thqbca_parsed\thqbca_observations.csv,7628,precipitation,Q01,high,missing value,
taihu_thqbca_history,storage\raw\taihu_thqbca_parsed\thqbca_observations.csv,7632,precipitation,Q01,high,missing value,
taihu_thqbca_history,storage\raw\taihu_thqbca_parsed\thqbca_observations.csv,7634,precipitation,Q01,high,missing value,
taihu_thqbca_history,storage\raw\taihu_thqbca_parsed\thqbca_observations.csv,7644,precipitation,Q01,high,missing value,
taihu_thqbca_history,storage\raw\taihu_thqbca_parsed\thqbca_observations.csv,7645,precipitation,Q01,high,missing value,
taihu_thqbca_history,storage\raw\taihu_thqbca_parsed\thqbca_observations.csv,7649,precipitation,Q01,high,missing value,
taihu_thqbca_history,storage\raw\taihu_thqbca_parsed\thqbca_observations.csv,7650,precipitation,Q01,high,missing value,
taihu_thqbca_history,storage\raw\taihu_thqbca_parsed\thqbca_observations.csv,7651,precipitation,Q01,high,missing value,
taihu_thqbca_history,storage\raw\taihu_thqbca_parsed\thqbca_observations.csv,7652,precipitation,Q01,high,missing value,
taihu_thqbca_history,storage\raw\taihu_thqbca_parsed\thqbca_observations.csv,7670,precipitation,Q01,high,missing value,
taihu_thqbca_history,storage\raw\taihu_thqbca_parsed\thqbca_observations.csv,7675,precipitation,Q01,high,missing value,
taihu_thqbca_history,storage\raw\taihu_thqbca_parsed\thqbca_observations.csv,7713,precipitation,Q01,high,missing value,
taihu_thqbca_history,storage\raw\taihu_thqbca_parsed\thqbca_observations.csv,7717,precipitation,Q01,high,missing value,
taihu_thqbca_history,storage\raw\taihu_thqbca_parsed\thqbca_observations.csv,7721,precipitation,Q01,high,missing value,
taihu_thqbca_history,storage\raw\taihu_thqbca_parsed\thqbca_observations.csv,7739,precipitation,Q01,high,missing value,
taihu_thqbca_history,storage\raw\taihu_thqbca_parsed\thqbca_observations.csv,7764,precipitation,Q04,critical,"outside allowed range (0.0, 500.0)",586
taihu_thqbca_history,storage\raw\taihu_thqbca_parsed\thqbca_observations.csv,7766,precipitation,Q01,high,missing value,
taihu_thqbca_history,storage\raw\taihu_thqbca_parsed\thqbca_observations.csv,7767,precipitation,Q01,high,missing value,
taihu_thqbca_history,storage\raw\taihu_thqbca_parsed\thqbca_observations.csv,7770,precipitation,Q01,high,missing value,
taihu_thqbca_history,storage\raw\taihu_thqbca_parsed\thqbca_observations.csv,7777,precipitation,Q01,high,missing value,
taihu_thqbca_history,storage\raw\taihu_thqbca_parsed\thqbca_observations.csv,7778,precipitation,Q01,high,missing value,
taihu_thqbca_history,storage\raw\taihu_thqbca_parsed\thqbca_observations.csv,7779,precipitation,Q01,high,missing value,
taihu_thqbca_history,storage\raw\taihu_thqbca_parsed\thqbca_observations.csv,7789,precipitation,Q01,high,missing value,
taihu_thqbca_history,storage\raw\taihu_thqbca_parsed\thqbca_observations.csv,7794,precipitation,Q01,high,missing value,
taihu_thqbca_history,storage\raw\taihu_thqbca_parsed\thqbca_observations.csv,7809,precipitation,Q04,critical,"outside allowed range (0.0, 500.0)",614
taihu_thqbca_history,storage\raw\taihu_thqbca_parsed\thqbca_observations.csv,7813,precipitation,Q01,high,missing value,
taihu_thqbca_history,storage\raw\taihu_thqbca_parsed\thqbca_observations.csv,7821,precipitation,Q01,high,missing value,
taihu_thqbca_history,storage\raw\taihu_thqbca_parsed\thqbca_observations.csv,7850,precipitation,Q01,high,missing value,
taihu_thqbca_history,storage\raw\taihu_thqbca_parsed\thqbca_observations.csv,7852,precipitation,Q01,high,missing value,
taihu_thqbca_history,storage\raw\taihu_thqbca_parsed\thqbca_observations.csv,7859,precipitation,Q01,high,missing value,
taihu_thqbca_history,storage\raw\taihu_thqbca_parsed\thqbca_observations.csv,7860,precipitation,Q01,high,missing value,
taihu_thqbca_history,storage\raw\taihu_thqbca_parsed\thqbca_observations.csv,7861,precipitation,Q04,critical,"outside allowed range (0.0, 500.0)",1188
taihu_thqbca_history,storage\raw\taihu_thqbca_parsed\thqbca_observations.csv,7862,precipitation,Q01,high,missing value,
taihu_thqbca_history,storage\raw\taihu_thqbca_parsed\thqbca_observations.csv,7866,precipitation,Q01,high,missing value,
taihu_thqbca_history,storage\raw\taihu_thqbca_parsed\thqbca_observations.csv,7875,precipitation,Q01,high,missing value,
taihu_thqbca_history,storage\raw\taihu_thqbca_parsed\thqbca_observations.csv,7876,precipitation,Q01,high,missing value,
taihu_thqbca_history,storage\raw\taihu_thqbca_parsed\thqbca_observations.csv,7883,precipitation,Q01,high,missing value,
taihu_thqbca_history,storage\raw\taihu_thqbca_parsed\thqbca_observations.csv,7886,precipitation,Q01,high,missing value,
taihu_thqbca_history,storage\raw\taihu_thqbca_parsed\thqbca_observations.csv,7887,precipitation,Q01,high,missing value,
taihu_thqbca_history,storage\raw\taihu_thqbca_parsed\thqbca_observations.csv,7893,precipitation,Q01,high,missing value,
taihu_thqbca_history,storage\raw\taihu_thqbca_parsed\thqbca_observations.csv,7894,precipitation,Q01,high,missing value,
taihu_thqbca_history,storage\raw\taihu_thqbca_parsed\thqbca_observations.csv,7905,precipitation,Q01,high,missing value,
taihu_thqbca_history,storage\raw\taihu_thqbca_parsed\thqbca_observations.csv,7911,precipitation,Q01,high,missing value,
taihu_thqbca_history,storage\raw\taihu_thqbca_parsed\thqbca_observations.csv,7921,precipitation,Q01,high,missing value,
taihu_thqbca_history,storage\raw\taihu_thqbca_parsed\thqbca_observations.csv,7930,precipitation,Q01,high,missing value,
taihu_thqbca_history,storage\raw\taihu_thqbca_parsed\thqbca_observations.csv,7933,precipitation,Q01,high,missing value,
taihu_thqbca_history,storage\raw\taihu_thqbca_parsed\thqbca_observations.csv,7936,precipitation,Q01,high,missing value,
taihu_thqbca_history,storage\raw\taihu_thqbca_parsed\thqbca_observations.csv,7937,precipitation,Q01,high,missing value,
taihu_thqbca_history,storage\raw\taihu_thqbca_parsed\thqbca_observations.csv,7946,precipitation,Q01,high,missing value,
taihu_thqbca_history,storage\raw\taihu_thqbca_parsed\thqbca_observations.csv,7947,precipitation,Q01,high,missing value,
taihu_thqbca_history,storage\raw\taihu_thqbca_parsed\thqbca_observations.csv,7948,precipitation,Q01,high,missing value,
taihu_thqbca_history,storage\raw\taihu_thqbca_parsed\thqbca_observations.csv,7950,precipitation,Q01,high,missing value,
taihu_thqbca_history,storage\raw\taihu_thqbca_parsed\thqbca_observations.csv,7960,precipitation,Q01,high,missing value,
taihu_thqbca_history,storage\raw\taihu_thqbca_parsed\thqbca_observations.csv,7965,precipitation,Q01,high,missing value,
taihu_thqbca_history,storage\raw\taihu_thqbca_parsed\thqbca_observations.csv,7966,precipitation,Q01,high,missing value,
taihu_thqbca_history,storage\raw\taihu_thqbca_parsed\thqbca_observations.csv,7969,precipitation,Q01,high,missing value,
taihu_thqbca_history,storage\raw\taihu_thqbca_parsed\thqbca_observations.csv,7970,precipitation,Q01,high,missing value,
taihu_thqbca_history,storage\raw\taihu_thqbca_parsed\thqbca_observations.csv,7974,precipitation,Q01,high,missing value,
taihu_thqbca_history,storage\raw\taihu_thqbca_parsed\thqbca_observations.csv,7978,precipitation,Q01,high,missing value,
taihu_thqbca_history,storage\raw\taihu_thqbca_parsed\thqbca_observations.csv,7979,precipitation,Q01,high,missing value,
taihu_thqbca_history,storage\raw\taihu_thqbca_parsed\thqbca_observations.csv,7984,precipitation,Q01,high,missing value,
taihu_thqbca_history,storage\raw\taihu_thqbca_parsed\thqbca_observations.csv,8002,precipitation,Q01,high,missing value,
taihu_thqbca_history,storage\raw\taihu_thqbca_parsed\thqbca_observations.csv,8003,precipitation,Q01,high,missing value,
taihu_thqbca_history,storage\raw\taihu_thqbca_parsed\thqbca_observations.csv,8004,precipitation,Q01,high,missing value,
taihu_thqbca_history,storage\raw\taihu_thqbca_parsed\thqbca_observations.csv,8005,precipitation,Q01,high,missing value,
taihu_thqbca_history,storage\raw\taihu_thqbca_parsed\thqbca_observations.csv,8006,precipitation,Q01,high,missing value,
taihu_thqbca_history,storage\raw\taihu_thqbca_parsed\thqbca_observations.csv,8007,precipitation,Q01,high,missing value,
taihu_thqbca_history,storage\raw\taihu_thqbca_parsed\thqbca_observations.csv,8010,precipitation,Q01,high,missing value,
taihu_thqbca_history,storage\raw\taihu_thqbca_parsed\thqbca_observations.csv,8013,precipitation,Q01,high,missing value,
taihu_thqbca_history,storage\raw\taihu_thqbca_parsed\thqbca_observations.csv,8026,precipitation,Q01,high,missing value,
taihu_thqbca_history,storage\raw\taihu_thqbca_parsed\thqbca_observations.csv,8028,precipitation,Q01,high,missing value,
taihu_thqbca_history,storage\raw\taihu_thqbca_parsed\thqbca_observations.csv,8034,precipitation,Q01,high,missing value,
taihu_thqbca_history,storage\raw\taihu_thqbca_parsed\thqbca_observations.csv,8036,precipitation,Q01,high,missing value,
taihu_thqbca_history,storage\raw\taihu_thqbca_parsed\thqbca_observations.csv,8037,precipitation,Q01,high,missing value,
taihu_thqbca_history,storage\raw\taihu_thqbca_parsed\thqbca_observations.csv,8039,precipitation,Q01,high,missing value,
taihu_thqbca_history,storage\raw\taihu_thqbca_parsed\thqbca_observations.csv,8040,precipitation,Q01,high,missing value,
taihu_thqbca_history,storage\raw\taihu_thqbca_parsed\thqbca_observations.csv,8045,precipitation,Q01,high,missing value,
taihu_thqbca_history,storage\raw\taihu_thqbca_parsed\thqbca_observations.csv,8049,precipitation,Q01,high,missing value,
taihu_thqbca_history,storage\raw\taihu_thqbca_parsed\thqbca_observations.csv,8068,precipitation,Q01,high,missing value,
taihu_thqbca_history,storage\raw\taihu_thqbca_parsed\thqbca_observations.csv,8081,precipitation,Q01,high,missing value,
taihu_thqbca_history,storage\raw\taihu_thqbca_parsed\thqbca_observations.csv,8084,precipitation,Q01,high,missing value,
taihu_thqbca_history,storage\raw\taihu_thqbca_parsed\thqbca_observations.csv,8095,precipitation,Q01,high,missing value,
taihu_thqbca_history,storage\raw\taihu_thqbca_parsed\thqbca_observations.csv,8096,precipitation,Q01,high,missing value,
taihu_thqbca_history,storage\raw\taihu_thqbca_parsed\thqbca_observations.csv,8097,precipitation,Q01,high,missing value,
taihu_thqbca_history,storage\raw\taihu_thqbca_parsed\thqbca_observations.csv,8098,precipitation,Q01,high,missing value,
taihu_thqbca_history,storage\raw\taihu_thqbca_parsed\thqbca_observations.csv,8101,precipitation,Q01,high,missing value,
taihu_thqbca_history,storage\raw\taihu_thqbca_parsed\thqbca_observations.csv,8103,precipitation,Q04,critical,"outside allowed range (0.0, 500.0)",621
taihu_thqbca_history,storage\raw\taihu_thqbca_parsed\thqbca_observations.csv,8105,precipitation,Q01,high,missing value,
taihu_thqbca_history,storage\raw\taihu_thqbca_parsed\thqbca_observations.csv,8115,precipitation,Q01,high,missing value,
taihu_thqbca_history,storage\raw\taihu_thqbca_parsed\thqbca_observations.csv,8116,precipitation,Q01,high,missing value,
taihu_thqbca_history,storage\raw\taihu_thqbca_parsed\thqbca_observations.csv,8121,precipitation,Q01,high,missing value,
taihu_thqbca_history,storage\raw\taihu_thqbca_parsed\thqbca_observations.csv,8130,precipitation,Q01,high,missing value,
taihu_thqbca_history,storage\raw\taihu_thqbca_parsed\thqbca_observations.csv,8134,precipitation,Q01,high,missing value,
taihu_thqbca_history,storage\raw\taihu_thqbca_parsed\thqbca_observations.csv,8149,precipitation,Q01,high,missing value,
taihu_thqbca_history,storage\raw\taihu_thqbca_parsed\thqbca_observations.csv,8152,precipitation,Q01,high,missing value,
taihu_thqbca_history,storage\raw\taihu_thqbca_parsed\thqbca_observations.csv,8157,precipitation,Q01,high,missing value,
taihu_thqbca_history,storage\raw\taihu_thqbca_parsed\thqbca_observations.csv,8170,precipitation,Q01,high,missing value,
taihu_thqbca_history,storage\raw\taihu_thqbca_parsed\thqbca_observations.csv,8190,precipitation,Q04,critical,"outside allowed range (0.0, 500.0)",910
taihu_thqbca_history,storage\raw\taihu_thqbca_parsed\thqbca_observations.csv,8192,precipitation,Q01,high,missing value,
taihu_thqbca_history,storage\raw\taihu_thqbca_parsed\thqbca_observations.csv,8198,precipitation,Q01,high,missing value,
taihu_thqbca_history,storage\raw\taihu_thqbca_parsed\thqbca_observations.csv,8206,precipitation,Q01,high,missing value,
taihu_thqbca_history,storage\raw\taihu_thqbca_parsed\thqbca_observations.csv,8209,precipitation,Q01,high,missing value,
taihu_thqbca_history,storage\raw\taihu_thqbca_parsed\thqbca_observations.csv,8211,precipitation,Q01,high,missing value,
taihu_thqbca_history,storage\raw\taihu_thqbca_parsed\thqbca_observations.csv,8212,precipitation,Q01,high,missing value,
taihu_thqbca_history,storage\raw\taihu_thqbca_parsed\thqbca_observations.csv,8217,precipitation,Q04,critical,"outside allowed range (0.0, 500.0)",741
taihu_thqbca_history,storage\raw\taihu_thqbca_parsed\thqbca_observations.csv,8218,precipitation,Q04,critical,"outside allowed range (0.0, 500.0)",2083
taihu_thqbca_history,storage\raw\taihu_thqbca_parsed\thqbca_observations.csv,8226,precipitation,Q01,high,missing value,
taihu_thqbca_history,storage\raw\taihu_thqbca_parsed\thqbca_observations.csv,8227,precipitation,Q01,high,missing value,
taihu_thqbca_history,storage\raw\taihu_thqbca_parsed\thqbca_observations.csv,8229,precipitation,Q01,high,missing value,
taihu_thqbca_history,storage\raw\taihu_thqbca_parsed\thqbca_observations.csv,8230,precipitation,Q01,high,missing value,
taihu_thqbca_history,storage\raw\taihu_thqbca_parsed\thqbca_observations.csv,8232,precipitation,Q01,high,missing value,
taihu_thqbca_history,storage\raw\taihu_thqbca_parsed\thqbca_observations.csv,8235,precipitation,Q01,high,missing value,
taihu_thqbca_history,storage\raw\taihu_thqbca_parsed\thqbca_observations.csv,8240,precipitation,Q01,high,missing value,
taihu_thqbca_history,storage\raw\taihu_thqbca_parsed\thqbca_observations.csv,8247,precipitation,Q01,high,missing value,
taihu_thqbca_history,storage\raw\taihu_thqbca_parsed\thqbca_observations.csv,8251,precipitation,Q01,high,missing value,
taihu_thqbca_history,storage\raw\taihu_thqbca_parsed\thqbca_observations.csv,8253,precipitation,Q01,high,missing value,
taihu_thqbca_history,storage\raw\taihu_thqbca_parsed\thqbca_observations.csv,8259,precipitation,Q01,high,missing value,
taihu_thqbca_history,storage\raw\taihu_thqbca_parsed\thqbca_observations.csv,8263,precipitation,Q01,high,missing value,
taihu_thqbca_history,storage\raw\taihu_thqbca_parsed\thqbca_observations.csv,8265,precipitation,Q01,high,missing value,
taihu_thqbca_history,storage\raw\taihu_thqbca_parsed\thqbca_observations.csv,8281,precipitation,Q01,high,missing value,
taihu_thqbca_history,storage\raw\taihu_thqbca_parsed\thqbca_observations.csv,8284,precipitation,Q01,high,missing value,
taihu_thqbca_history,storage\raw\taihu_thqbca_parsed\thqbca_observations.csv,8285,precipitation,Q01,high,missing value,
taihu_thqbca_history,storage\raw\taihu_thqbca_parsed\thqbca_observations.csv,8286,precipitation,Q01,high,missing value,
taihu_thqbca_history,storage\raw\taihu_thqbca_parsed\thqbca_observations.csv,8288,precipitation,Q01,high,missing value,
taihu_thqbca_history,storage\raw\taihu_thqbca_parsed\thqbca_observations.csv,8290,precipitation,Q01,high,missing value,
taihu_thqbca_history,storage\raw\taihu_thqbca_parsed\thqbca_observations.csv,8291,precipitation,Q01,high,missing value,
taihu_thqbca_history,storage\raw\taihu_thqbca_parsed\thqbca_observations.csv,8309,precipitation,Q01,high,missing value,
taihu_thqbca_history,storage\raw\taihu_thqbca_parsed\thqbca_observations.csv,8312,precipitation,Q01,high,missing value,
taihu_thqbca_history,storage\raw\taihu_thqbca_parsed\thqbca_observations.csv,8313,precipitation,Q01,high,missing value,
taihu_thqbca_history,storage\raw\taihu_thqbca_parsed\thqbca_observations.csv,8314,precipitation,Q01,high,missing value,
taihu_thqbca_history,storage\raw\taihu_thqbca_parsed\thqbca_observations.csv,8319,precipitation,Q01,high,missing value,
taihu_thqbca_history,storage\raw\taihu_thqbca_parsed\thqbca_observations.csv,8321,precipitation,Q01,high,missing value,
taihu_thqbca_history,storage\raw\taihu_thqbca_parsed\thqbca_observations.csv,8324,precipitation,Q01,high,missing value,
taihu_thqbca_history,storage\raw\taihu_thqbca_parsed\thqbca_observations.csv,8333,precipitation,Q01,high,missing value,
taihu_thqbca_history,storage\raw\taihu_thqbca_parsed\thqbca_observations.csv,8354,precipitation,Q01,high,missing value,
taihu_thqbca_history,storage\raw\taihu_thqbca_parsed\thqbca_observations.csv,8372,precipitation,Q01,high,missing value,
taihu_thqbca_history,storage\raw\taihu_thqbca_parsed\thqbca_observations.csv,8373,precipitation,Q01,high,missing value,
taihu_thqbca_history,storage\raw\taihu_thqbca_parsed\thqbca_observations.csv,8375,precipitation,Q01,high,missing value,
taihu_thqbca_history,storage\raw\taihu_thqbca_parsed\thqbca_observations.csv,8380,precipitation,Q01,high,missing value,
taihu_thqbca_history,storage\raw\taihu_thqbca_parsed\thqbca_observations.csv,8381,precipitation,Q01,high,missing value,
taihu_thqbca_history,storage\raw\taihu_thqbca_parsed\thqbca_observations.csv,8385,precipitation,Q01,high,missing value,
taihu_thqbca_history,storage\raw\taihu_thqbca_parsed\thqbca_observations.csv,8416,precipitation,Q01,high,missing value,
taihu_thqbca_history,storage\raw\taihu_thqbca_parsed\thqbca_observations.csv,8419,precipitation,Q01,high,missing value,
taihu_thqbca_history,storage\raw\taihu_thqbca_parsed\thqbca_observations.csv,8429,precipitation,Q01,high,missing value,
taihu_thqbca_history,storage\raw\taihu_thqbca_parsed\thqbca_observations.csv,8435,precipitation,Q01,high,missing value,
taihu_thqbca_history,storage\raw\taihu_thqbca_parsed\thqbca_observations.csv,8438,precipitation,Q01,high,missing value,
taihu_thqbca_history,storage\raw\taihu_thqbca_parsed\thqbca_observations.csv,8447,precipitation,Q01,high,missing value,
taihu_thqbca_history,storage\raw\taihu_thqbca_parsed\thqbca_observations.csv,8449,precipitation,Q01,high,missing value,
taihu_thqbca_history,storage\raw\taihu_thqbca_parsed\thqbca_observations.csv,8460,precipitation,Q01,high,missing value,
taihu_thqbca_history,storage\raw\taihu_thqbca_parsed\thqbca_observations.csv,8466,precipitation,Q01,high,missing value,
taihu_thqbca_history,storage\raw\taihu_thqbca_parsed\thqbca_observations.csv,8471,precipitation,Q01,high,missing value,
taihu_thqbca_history,storage\raw\taihu_thqbca_parsed\thqbca_observations.csv,8478,precipitation,Q01,high,missing value,
taihu_thqbca_history,storage\raw\taihu_thqbca_parsed\thqbca_observations.csv,8479,precipitation,Q01,high,missing value,
taihu_thqbca_history,storage\raw\taihu_thqbca_parsed\thqbca_observations.csv,8481,precipitation,Q01,high,missing value,
taihu_thqbca_history,storage\raw\taihu_thqbca_parsed\thqbca_observations.csv,8482,precipitation,Q01,high,missing value,
taihu_thqbca_history,storage\raw\taihu_thqbca_parsed\thqbca_observations.csv,8486,precipitation,Q01,high,missing value,
taihu_thqbca_history,storage\raw\taihu_thqbca_parsed\thqbca_observations.csv,8488,precipitation,Q01,high,missing value,
taihu_thqbca_history,storage\raw\taihu_thqbca_parsed\thqbca_observations.csv,8489,precipitation,Q01,high,missing value,
taihu_thqbca_history,storage\raw\taihu_thqbca_parsed\thqbca_observations.csv,8494,precipitation,Q01,high,missing value,
taihu_thqbca_history,storage\raw\taihu_thqbca_parsed\thqbca_observations.csv,8502,precipitation,Q01,high,missing value,
taihu_thqbca_history,storage\raw\taihu_thqbca_parsed\thqbca_observations.csv,8503,precipitation,Q01,high,missing value,
taihu_thqbca_history,storage\raw\taihu_thqbca_parsed\thqbca_observations.csv,8510,precipitation,Q04,critical,"outside allowed range (0.0, 500.0)",578
taihu_thqbca_history,storage\raw\taihu_thqbca_parsed\thqbca_observations.csv,8515,precipitation,Q01,high,missing value,
taihu_thqbca_history,storage\raw\taihu_thqbca_parsed\thqbca_observations.csv,8521,precipitation,Q01,high,missing value,
taihu_thqbca_history,storage\raw\taihu_thqbca_parsed\thqbca_observations.csv,8524,precipitation,Q01,high,missing value,
taihu_thqbca_history,storage\raw\taihu_thqbca_parsed\thqbca_observations.csv,8525,precipitation,Q01,high,missing value,
taihu_thqbca_history,storage\raw\taihu_thqbca_parsed\thqbca_observations.csv,8534,precipitation,Q01,high,missing value,
taihu_thqbca_history,storage\raw\taihu_thqbca_parsed\thqbca_observations.csv,8535,precipitation,Q01,high,missing value,
taihu_thqbca_history,storage\raw\taihu_thqbca_parsed\thqbca_observations.csv,8551,precipitation,Q01,high,missing value,
taihu_thqbca_history,storage\raw\taihu_thqbca_parsed\thqbca_observations.csv,8567,precipitation,Q01,high,missing value,
taihu_thqbca_history,storage\raw\taihu_thqbca_parsed\thqbca_observations.csv,8573,precipitation,Q01,high,missing value,
taihu_thqbca_history,storage\raw\taihu_thqbca_parsed\thqbca_observations.csv,8579,precipitation,Q01,high,missing value,
taihu_thqbca_history,storage\raw\taihu_thqbca_parsed\thqbca_observations.csv,8583,precipitation,Q01,high,missing value,
taihu_thqbca_history,storage\raw\taihu_thqbca_parsed\thqbca_observations.csv,8590,precipitation,Q04,critical,"outside allowed range (0.0, 500.0)",1027
taihu_thqbca_history,storage\raw\taihu_thqbca_parsed\thqbca_observations.csv,8592,precipitation,Q01,high,missing value,
taihu_thqbca_history,storage\raw\taihu_thqbca_parsed\thqbca_observations.csv,8594,precipitation,Q01,high,missing value,
taihu_thqbca_history,storage\raw\taihu_thqbca_parsed\thqbca_observations.csv,8595,precipitation,Q01,high,missing value,
taihu_thqbca_history,storage\raw\taihu_thqbca_parsed\thqbca_observations.csv,8596,precipitation,Q01,high,missing value,
taihu_thqbca_history,storage\raw\taihu_thqbca_parsed\thqbca_observations.csv,8602,precipitation,Q01,high,missing value,
taihu_thqbca_history,storage\raw\taihu_thqbca_parsed\thqbca_observations.csv,8604,precipitation,Q01,high,missing value,
taihu_thqbca_history,storage\raw\taihu_thqbca_parsed\thqbca_observations.csv,8608,precipitation,Q01,high,missing value,
taihu_thqbca_history,storage\raw\taihu_thqbca_parsed\thqbca_observations.csv,8610,precipitation,Q01,high,missing value,
taihu_thqbca_history,storage\raw\taihu_thqbca_parsed\thqbca_observations.csv,8612,precipitation,Q01,high,missing value,
taihu_thqbca_history,storage\raw\taihu_thqbca_parsed\thqbca_observations.csv,8628,precipitation,Q01,high,missing value,
taihu_thqbca_history,storage\raw\taihu_thqbca_parsed\thqbca_observations.csv,8631,precipitation,Q01,high,missing value,
taihu_thqbca_history,storage\raw\taihu_thqbca_parsed\thqbca_observations.csv,8632,precipitation,Q01,high,missing value,
taihu_thqbca_history,storage\raw\taihu_thqbca_parsed\thqbca_observations.csv,8633,precipitation,Q01,high,missing value,
taihu_thqbca_history,storage\raw\taihu_thqbca_parsed\thqbca_observations.csv,8637,precipitation,Q01,high,missing value,
taihu_thqbca_history,storage\raw\taihu_thqbca_parsed\thqbca_observations.csv,8638,precipitation,Q01,high,missing value,
taihu_thqbca_history,storage\raw\taihu_thqbca_parsed\thqbca_observations.csv,8643,precipitation,Q01,high,missing value,
taihu_thqbca_history,storage\raw\taihu_thqbca_parsed\thqbca_observations.csv,8649,precipitation,Q01,high,missing value,
taihu_thqbca_history,storage\raw\taihu_thqbca_parsed\thqbca_observations.csv,8651,precipitation,Q01,high,missing value,
taihu_thqbca_history,storage\raw\taihu_thqbca_parsed\thqbca_observations.csv,8654,precipitation,Q01,high,missing value,
taihu_thqbca_history,storage\raw\taihu_thqbca_parsed\thqbca_observations.csv,8657,precipitation,Q01,high,missing value,
taihu_thqbca_history,storage\raw\taihu_thqbca_parsed\thqbca_observations.csv,8658,precipitation,Q01,high,missing value,
taihu_thqbca_history,storage\raw\taihu_thqbca_parsed\thqbca_observations.csv,8659,precipitation,Q01,high,missing value,
taihu_thqbca_history,storage\raw\taihu_thqbca_parsed\thqbca_observations.csv,8674,precipitation,Q01,high,missing value,
taihu_thqbca_history,storage\raw\taihu_thqbca_parsed\thqbca_observations.csv,8680,precipitation,Q01,high,missing value,
taihu_thqbca_history,storage\raw\taihu_thqbca_parsed\thqbca_observations.csv,8681,precipitation,Q01,high,missing value,
taihu_thqbca_history,storage\raw\taihu_thqbca_parsed\thqbca_observations.csv,8683,precipitation,Q01,high,missing value,
taihu_thqbca_history,storage\raw\taihu_thqbca_parsed\thqbca_observations.csv,8687,precipitation,Q01,high,missing value,
taihu_thqbca_history,storage\raw\taihu_thqbca_parsed\thqbca_observations.csv,8688,precipitation,Q01,high,missing value,
taihu_thqbca_history,storage\raw\taihu_thqbca_parsed\thqbca_observations.csv,8690,precipitation,Q01,high,missing value,
taihu_thqbca_history,storage\raw\taihu_thqbca_parsed\thqbca_observations.csv,8691,precipitation,Q01,high,missing value,
taihu_thqbca_history,storage\raw\taihu_thqbca_parsed\thqbca_observations.csv,8693,precipitation,Q01,high,missing value,
taihu_thqbca_history,storage\raw\taihu_thqbca_parsed\thqbca_observations.csv,8701,precipitation,Q01,high,missing value,
taihu_thqbca_history,storage\raw\taihu_thqbca_parsed\thqbca_observations.csv,8702,precipitation,Q01,high,missing value,
taihu_thqbca_history,storage\raw\taihu_thqbca_parsed\thqbca_observations.csv,8703,precipitation,Q01,high,missing value,
taihu_thqbca_history,storage\raw\taihu_thqbca_parsed\thqbca_observations.csv,8708,precipitation,Q01,high,missing value,
taihu_thqbca_history,storage\raw\taihu_thqbca_parsed\thqbca_observations.csv,8716,precipitation,Q01,high,missing value,
taihu_thqbca_history,storage\raw\taihu_thqbca_parsed\thqbca_observations.csv,8734,precipitation,Q01,high,missing value,
taihu_thqbca_history,storage\raw\taihu_thqbca_parsed\thqbca_observations.csv,8735,precipitation,Q01,high,missing value,
taihu_thqbca_history,storage\raw\taihu_thqbca_parsed\thqbca_observations.csv,8737,precipitation,Q01,high,missing value,
taihu_thqbca_history,storage\raw\taihu_thqbca_parsed\thqbca_observations.csv,8740,precipitation,Q01,high,missing value,
taihu_thqbca_history,storage\raw\taihu_thqbca_parsed\thqbca_observations.csv,8741,precipitation,Q01,high,missing value,
taihu_thqbca_history,storage\raw\taihu_thqbca_parsed\thqbca_observations.csv,8743,precipitation,Q01,high,missing value,
taihu_thqbca_history,storage\raw\taihu_thqbca_parsed\thqbca_observations.csv,8747,precipitation,Q01,high,missing value,
taihu_thqbca_history,storage\raw\taihu_thqbca_parsed\thqbca_observations.csv,8748,precipitation,Q01,high,missing value,
taihu_thqbca_history,storage\raw\taihu_thqbca_parsed\thqbca_observations.csv,8749,precipitation,Q01,high,missing value,
taihu_thqbca_history,storage\raw\taihu_thqbca_parsed\thqbca_observations.csv,8750,precipitation,Q01,high,missing value,
taihu_thqbca_history,storage\raw\taihu_thqbca_parsed\thqbca_observations.csv,8752,precipitation,Q01,high,missing value,
taihu_thqbca_history,storage\raw\taihu_thqbca_parsed\thqbca_observations.csv,8753,precipitation,Q01,high,missing value,
taihu_thqbca_history,storage\raw\taihu_thqbca_parsed\thqbca_observations.csv,8754,precipitation,Q01,high,missing value,
taihu_thqbca_history,storage\raw\taihu_thqbca_parsed\thqbca_observations.csv,8758,precipitation,Q01,high,missing value,
taihu_thqbca_history,storage\raw\taihu_thqbca_parsed\thqbca_observations.csv,8760,precipitation,Q01,high,missing value,
taihu_thqbca_history,storage\raw\taihu_thqbca_parsed\thqbca_observations.csv,8780,precipitation,Q01,high,missing value,
taihu_thqbca_history,storage\raw\taihu_thqbca_parsed\thqbca_observations.csv,8781,precipitation,Q01,high,missing value,
taihu_thqbca_history,storage\raw\taihu_thqbca_parsed\thqbca_observations.csv,8784,precipitation,Q01,high,missing value,
taihu_thqbca_history,storage\raw\taihu_thqbca_parsed\thqbca_observations.csv,8787,precipitation,Q01,high,missing value,
taihu_thqbca_history,storage\raw\taihu_thqbca_parsed\thqbca_observations.csv,8791,precipitation,Q01,high,missing value,
taihu_thqbca_history,storage\raw\taihu_thqbca_parsed\thqbca_observations.csv,8792,precipitation,Q01,high,missing value,
taihu_thqbca_history,storage\raw\taihu_thqbca_parsed\thqbca_observations.csv,8813,precipitation,Q01,high,missing value,
taihu_thqbca_history,storage\raw\taihu_thqbca_parsed\thqbca_observations.csv,8816,precipitation,Q01,high,missing value,
taihu_thqbca_history,storage\raw\taihu_thqbca_parsed\thqbca_observations.csv,8819,precipitation,Q01,high,missing value,
taihu_thqbca_history,storage\raw\taihu_thqbca_parsed\thqbca_observations.csv,8821,precipitation,Q01,high,missing value,
taihu_thqbca_history,storage\raw\taihu_thqbca_parsed\thqbca_observations.csv,8825,precipitation,Q01,high,missing value,
taihu_thqbca_history,storage\raw\taihu_thqbca_parsed\thqbca_observations.csv,8830,precipitation,Q04,critical,"outside allowed range (0.0, 500.0)",526
taihu_thqbca_history,storage\raw\taihu_thqbca_parsed\thqbca_observations.csv,8841,precipitation,Q01,high,missing value,
taihu_thqbca_history,storage\raw\taihu_thqbca_parsed\thqbca_observations.csv,8842,precipitation,Q01,high,missing value,
taihu_thqbca_history,storage\raw\taihu_thqbca_parsed\thqbca_observations.csv,8843,precipitation,Q01,high,missing value,
taihu_thqbca_history,storage\raw\taihu_thqbca_parsed\thqbca_observations.csv,8848,precipitation,Q01,high,missing value,
taihu_thqbca_history,storage\raw\taihu_thqbca_parsed\thqbca_observations.csv,8867,precipitation,Q01,high,missing value,
taihu_thqbca_history,storage\raw\taihu_thqbca_parsed\thqbca_observations.csv,8878,precipitation,Q04,critical,"outside allowed range (0.0, 500.0)",813
taihu_thqbca_history,storage\raw\taihu_thqbca_parsed\thqbca_observations.csv,8880,precipitation,Q01,high,missing value,
taihu_thqbca_history,storage\raw\taihu_thqbca_parsed\thqbca_observations.csv,8898,precipitation,Q01,high,missing value,
taihu_thqbca_history,storage\raw\taihu_thqbca_parsed\thqbca_observations.csv,8908,precipitation,Q01,high,missing value,
taihu_thqbca_history,storage\raw\taihu_thqbca_parsed\thqbca_observations.csv,8922,precipitation,Q01,high,missing value,
taihu_thqbca_history,storage\raw\taihu_thqbca_parsed\thqbca_observations.csv,8923,precipitation,Q01,high,missing value,
taihu_thqbca_history,storage\raw\taihu_thqbca_parsed\thqbca_observations.csv,8933,precipitation,Q01,high,missing value,
taihu_thqbca_history,storage\raw\taihu_thqbca_parsed\thqbca_observations.csv,8934,precipitation,Q01,high,missing value,
taihu_thqbca_history,storage\raw\taihu_thqbca_parsed\thqbca_observations.csv,8943,precipitation,Q01,high,missing value,
taihu_thqbca_history,storage\raw\taihu_thqbca_parsed\thqbca_observations.csv,8962,precipitation,Q04,critical,"outside allowed range (0.0, 500.0)",575
taihu_thqbca_history,storage\raw\taihu_thqbca_parsed\thqbca_observations.csv,8964,precipitation,Q01,high,missing value,
taihu_thqbca_history,storage\raw\taihu_thqbca_parsed\thqbca_observations.csv,8969,precipitation,Q01,high,missing value,
taihu_thqbca_history,storage\raw\taihu_thqbca_parsed\thqbca_observations.csv,8978,precipitation,Q01,high,missing value,
taihu_thqbca_history,storage\raw\taihu_thqbca_parsed\thqbca_observations.csv,8982,precipitation,Q01,high,missing value,
taihu_thqbca_history,storage\raw\taihu_thqbca_parsed\thqbca_observations.csv,9003,precipitation,Q01,high,missing value,
taihu_thqbca_history,storage\raw\taihu_thqbca_parsed\thqbca_observations.csv,9008,precipitation,Q01,high,missing value,
taihu_thqbca_history,storage\raw\taihu_thqbca_parsed\thqbca_observations.csv,9014,precipitation,Q01,high,missing value,
taihu_thqbca_history,storage\raw\taihu_thqbca_parsed\thqbca_observations.csv,9020,precipitation,Q01,high,missing value,
taihu_thqbca_history,storage\raw\taihu_thqbca_parsed\thqbca_observations.csv,9029,precipitation,Q01,high,missing value,
taihu_thqbca_history,storage\raw\taihu_thqbca_parsed\thqbca_observations.csv,9030,precipitation,Q01,high,missing value,
taihu_thqbca_history,storage\raw\taihu_thqbca_parsed\thqbca_observations.csv,9031,precipitation,Q01,high,missing value,
taihu_thqbca_history,storage\raw\taihu_thqbca_parsed\thqbca_observations.csv,9032,precipitation,Q01,high,missing value,
taihu_thqbca_history,storage\raw\taihu_thqbca_parsed\thqbca_observations.csv,9034,precipitation,Q01,high,missing value,
taihu_thqbca_history,storage\raw\taihu_thqbca_parsed\thqbca_observations.csv,9036,precipitation,Q01,high,missing value,
taihu_thqbca_history,storage\raw\taihu_thqbca_parsed\thqbca_observations.csv,9039,precipitation,Q01,high,missing value,
taihu_thqbca_history,storage\raw\taihu_thqbca_parsed\thqbca_observations.csv,9046,precipitation,Q01,high,missing value,
taihu_thqbca_history,storage\raw\taihu_thqbca_parsed\thqbca_observations.csv,9047,precipitation,Q01,high,missing value,
taihu_thqbca_history,storage\raw\taihu_thqbca_parsed\thqbca_observations.csv,9048,precipitation,Q01,high,missing value,
taihu_thqbca_history,storage\raw\taihu_thqbca_parsed\thqbca_observations.csv,9050,precipitation,Q01,high,missing value,
taihu_thqbca_history,storage\raw\taihu_thqbca_parsed\thqbca_observations.csv,9056,precipitation,Q01,high,missing value,
taihu_thqbca_history,storage\raw\taihu_thqbca_parsed\thqbca_observations.csv,9058,precipitation,Q01,high,missing value,
taihu_thqbca_history,storage\raw\taihu_thqbca_parsed\thqbca_observations.csv,9059,precipitation,Q01,high,missing value,
taihu_thqbca_history,storage\raw\taihu_thqbca_parsed\thqbca_observations.csv,9062,precipitation,Q01,high,missing value,
taihu_thqbca_history,storage\raw\taihu_thqbca_parsed\thqbca_observations.csv,9063,precipitation,Q01,high,missing value,
taihu_thqbca_history,storage\raw\taihu_thqbca_parsed\thqbca_observations.csv,9068,precipitation,Q01,high,missing value,
taihu_thqbca_history,storage\raw\taihu_thqbca_parsed\thqbca_observations.csv,9070,precipitation,Q01,high,missing value,
taihu_thqbca_history,storage\raw\taihu_thqbca_parsed\thqbca_observations.csv,9071,precipitation,Q01,high,missing value,
taihu_thqbca_history,storage\raw\taihu_thqbca_parsed\thqbca_observations.csv,9082,precipitation,Q01,high,missing value,
taihu_thqbca_history,storage\raw\taihu_thqbca_parsed\thqbca_observations.csv,9084,precipitation,Q01,high,missing value,
taihu_thqbca_history,storage\raw\taihu_thqbca_parsed\thqbca_observations.csv,9085,precipitation,Q01,high,missing value,
taihu_thqbca_history,storage\raw\taihu_thqbca_parsed\thqbca_observations.csv,9087,precipitation,Q01,high,missing value,
taihu_thqbca_history,storage\raw\taihu_thqbca_parsed\thqbca_observations.csv,9089,precipitation,Q01,high,missing value,
taihu_thqbca_history,storage\raw\taihu_thqbca_parsed\thqbca_observations.csv,9095,precipitation,Q01,high,missing value,
taihu_thqbca_history,storage\raw\taihu_thqbca_parsed\thqbca_observations.csv,9097,precipitation,Q01,high,missing value,
taihu_thqbca_history,storage\raw\taihu_thqbca_parsed\thqbca_observations.csv,9109,precipitation,Q01,high,missing value,
taihu_thqbca_history,storage\raw\taihu_thqbca_parsed\thqbca_observations.csv,9117,precipitation,Q01,high,missing value,
taihu_thqbca_history,storage\raw\taihu_thqbca_parsed\thqbca_observations.csv,9118,precipitation,Q01,high,missing value,
taihu_thqbca_history,storage\raw\taihu_thqbca_parsed\thqbca_observations.csv,9120,precipitation,Q01,high,missing value,
taihu_thqbca_history,storage\raw\taihu_thqbca_parsed\thqbca_observations.csv,9128,precipitation,Q01,high,missing value,
taihu_thqbca_history,storage\raw\taihu_thqbca_parsed\thqbca_observations.csv,9129,precipitation,Q01,high,missing value,
taihu_thqbca_history,storage\raw\taihu_thqbca_parsed\thqbca_observations.csv,9138,precipitation,Q01,high,missing value,
taihu_thqbca_history,storage\raw\taihu_thqbca_parsed\thqbca_observations.csv,9144,precipitation,Q01,high,missing value,
taihu_thqbca_history,storage\raw\taihu_thqbca_parsed\thqbca_observations.csv,9148,precipitation,Q01,high,missing value,
taihu_thqbca_history,storage\raw\taihu_thqbca_parsed\thqbca_observations.csv,9155,precipitation,Q01,high,missing value,
taihu_thqbca_history,storage\raw\taihu_thqbca_parsed\thqbca_observations.csv,9160,precipitation,Q01,high,missing value,
taihu_thqbca_history,storage\raw\taihu_thqbca_parsed\thqbca_observations.csv,9164,precipitation,Q01,high,missing value,
taihu_thqbca_history,storage\raw\taihu_thqbca_parsed\thqbca_observations.csv,9175,precipitation,Q01,high,missing value,
taihu_thqbca_history,storage\raw\taihu_thqbca_parsed\thqbca_observations.csv,9176,precipitation,Q01,high,missing value,
taihu_thqbca_history,storage\raw\taihu_thqbca_parsed\thqbca_observations.csv,9179,precipitation,Q01,high,missing value,
taihu_thqbca_history,storage\raw\taihu_thqbca_parsed\thqbca_observations.csv,9192,precipitation,Q01,high,missing value,
taihu_thqbca_history,storage\raw\taihu_thqbca_parsed\thqbca_observations.csv,9195,precipitation,Q01,high,missing value,
taihu_thqbca_history,storage\raw\taihu_thqbca_parsed\thqbca_observations.csv,9200,precipitation,Q01,high,missing value,
taihu_thqbca_history,storage\raw\taihu_thqbca_parsed\thqbca_observations.csv,9201,precipitation,Q01,high,missing value,
taihu_thqbca_history,storage\raw\taihu_thqbca_parsed\thqbca_observations.csv,9212,precipitation,Q01,high,missing value,
taihu_thqbca_history,storage\raw\taihu_thqbca_parsed\thqbca_observations.csv,9213,precipitation,Q01,high,missing value,
taihu_thqbca_history,storage\raw\taihu_thqbca_parsed\thqbca_observations.csv,9218,precipitation,Q01,high,missing value,
taihu_thqbca_history,storage\raw\taihu_thqbca_parsed\thqbca_observations.csv,9225,precipitation,Q01,high,missing value,
taihu_thqbca_history,storage\raw\taihu_thqbca_parsed\thqbca_observations.csv,9232,precipitation,Q01,high,missing value,
taihu_thqbca_history,storage\raw\taihu_thqbca_parsed\thqbca_observations.csv,9251,precipitation,Q01,high,missing value,
taihu_thqbca_history,storage\raw\taihu_thqbca_parsed\thqbca_observations.csv,9257,precipitation,Q01,high,missing value,
taihu_thqbca_history,storage\raw\taihu_thqbca_parsed\thqbca_observations.csv,9264,precipitation,Q01,high,missing value,
taihu_thqbca_history,storage\raw\taihu_thqbca_parsed\thqbca_observations.csv,9273,precipitation,Q01,high,missing value,
taihu_thqbca_history,storage\raw\taihu_thqbca_parsed\thqbca_observations.csv,9275,precipitation,Q01,high,missing value,
taihu_thqbca_history,storage\raw\taihu_thqbca_parsed\thqbca_observations.csv,9279,precipitation,Q01,high,missing value,
taihu_thqbca_history,storage\raw\taihu_thqbca_parsed\thqbca_observations.csv,9281,precipitation,Q01,high,missing value,
taihu_thqbca_history,storage\raw\taihu_thqbca_parsed\thqbca_observations.csv,9289,precipitation,Q01,high,missing value,
taihu_thqbca_history,storage\raw\taihu_thqbca_parsed\thqbca_observations.csv,9290,precipitation,Q01,high,missing value,
taihu_thqbca_history,storage\raw\taihu_thqbca_parsed\thqbca_observations.csv,9296,precipitation,Q04,critical,"outside allowed range (0.0, 500.0)",993
taihu_thqbca_history,storage\raw\taihu_thqbca_parsed\thqbca_observations.csv,9308,precipitation,Q01,high,missing value,
taihu_thqbca_history,storage\raw\taihu_thqbca_parsed\thqbca_observations.csv,9311,precipitation,Q01,high,missing value,
taihu_thqbca_history,storage\raw\taihu_thqbca_parsed\thqbca_observations.csv,9312,precipitation,Q01,high,missing value,
taihu_thqbca_history,storage\raw\taihu_thqbca_parsed\thqbca_observations.csv,9317,precipitation,Q01,high,missing value,
taihu_thqbca_history,storage\raw\taihu_thqbca_parsed\thqbca_observations.csv,9320,precipitation,Q01,high,missing value,
taihu_thqbca_history,storage\raw\taihu_thqbca_parsed\thqbca_observations.csv,9322,precipitation,Q01,high,missing value,
taihu_thqbca_history,storage\raw\taihu_thqbca_parsed\thqbca_observations.csv,9323,precipitation,Q01,high,missing value,
taihu_thqbca_history,storage\raw\taihu_thqbca_parsed\thqbca_observations.csv,9325,precipitation,Q01,high,missing value,
taihu_thqbca_history,storage\raw\taihu_thqbca_parsed\thqbca_observations.csv,9327,precipitation,Q01,high,missing value,
taihu_thqbca_history,storage\raw\taihu_thqbca_parsed\thqbca_observations.csv,9331,precipitation,Q01,high,missing value,
taihu_thqbca_history,storage\raw\taihu_thqbca_parsed\thqbca_observations.csv,9332,precipitation,Q01,high,missing value,
taihu_thqbca_history,storage\raw\taihu_thqbca_parsed\thqbca_observations.csv,9333,precipitation,Q01,high,missing value,
taihu_thqbca_history,storage\raw\taihu_thqbca_parsed\thqbca_observations.csv,9335,precipitation,Q01,high,missing value,
taihu_thqbca_history,storage\raw\taihu_thqbca_parsed\thqbca_observations.csv,9344,precipitation,Q01,high,missing value,
taihu_thqbca_history,storage\raw\taihu_thqbca_parsed\thqbca_observations.csv,9360,precipitation,Q01,high,missing value,
taihu_thqbca_history,storage\raw\taihu_thqbca_parsed\thqbca_observations.csv,9362,precipitation,Q01,high,missing value,
taihu_thqbca_history,storage\raw\taihu_thqbca_parsed\thqbca_observations.csv,9365,precipitation,Q01,high,missing value,
taihu_thqbca_history,storage\raw\taihu_thqbca_parsed\thqbca_observations.csv,9374,precipitation,Q01,high,missing value,
taihu_thqbca_history,storage\raw\taihu_thqbca_parsed\thqbca_observations.csv,9391,precipitation,Q01,high,missing value,
taihu_thqbca_history,storage\raw\taihu_thqbca_parsed\thqbca_observations.csv,9398,precipitation,Q01,high,missing value,
taihu_thqbca_history,storage\raw\taihu_thqbca_parsed\thqbca_observations.csv,9402,precipitation,Q01,high,missing value,
taihu_thqbca_history,storage\raw\taihu_thqbca_parsed\thqbca_observations.csv,9406,precipitation,Q01,high,missing value,
taihu_thqbca_history,storage\raw\taihu_thqbca_parsed\thqbca_observations.csv,9415,precipitation,Q01,high,missing value,
taihu_thqbca_history,storage\raw\taihu_thqbca_parsed\thqbca_observations.csv,9419,precipitation,Q01,high,missing value,
taihu_thqbca_history,storage\raw\taihu_thqbca_parsed\thqbca_observations.csv,9425,precipitation,Q01,high,missing value,
taihu_thqbca_history,storage\raw\taihu_thqbca_parsed\thqbca_observations.csv,9426,precipitation,Q01,high,missing value,
taihu_thqbca_history,storage\raw\taihu_thqbca_parsed\thqbca_observations.csv,9427,precipitation,Q01,high,missing value,
taihu_thqbca_history,storage\raw\taihu_thqbca_parsed\thqbca_observations.csv,9428,precipitation,Q01,high,missing value,
taihu_thqbca_history,storage\raw\taihu_thqbca_parsed\thqbca_observations.csv,9437,precipitation,Q01,high,missing value,
taihu_thqbca_history,storage\raw\taihu_thqbca_parsed\thqbca_observations.csv,9439,precipitation,Q01,high,missing value,
taihu_thqbca_history,storage\raw\taihu_thqbca_parsed\thqbca_observations.csv,9445,precipitation,Q01,high,missing value,
taihu_thqbca_history,storage\raw\taihu_thqbca_parsed\thqbca_observations.csv,9454,precipitation,Q01,high,missing value,
taihu_thqbca_history,storage\raw\taihu_thqbca_parsed\thqbca_observations.csv,9455,precipitation,Q01,high,missing value,
taihu_thqbca_history,storage\raw\taihu_thqbca_parsed\thqbca_observations.csv,9456,precipitation,Q01,high,missing value,
taihu_thqbca_history,storage\raw\taihu_thqbca_parsed\thqbca_observations.csv,9457,precipitation,Q01,high,missing value,
taihu_thqbca_history,storage\raw\taihu_thqbca_parsed\thqbca_observations.csv,9459,precipitation,Q01,high,missing value,
taihu_thqbca_history,storage\raw\taihu_thqbca_parsed\thqbca_observations.csv,9460,precipitation,Q01,high,missing value,
taihu_thqbca_history,storage\raw\taihu_thqbca_parsed\thqbca_observations.csv,9464,precipitation,Q01,high,missing value,
taihu_thqbca_history,storage\raw\taihu_thqbca_parsed\thqbca_observations.csv,9468,precipitation,Q01,high,missing value,
taihu_thqbca_history,storage\raw\taihu_thqbca_parsed\thqbca_observations.csv,9469,precipitation,Q01,high,missing value,
taihu_thqbca_history,storage\raw\taihu_thqbca_parsed\thqbca_observations.csv,9472,precipitation,Q01,high,missing value,
taihu_thqbca_history,storage\raw\taihu_thqbca_parsed\thqbca_observations.csv,9473,precipitation,Q01,high,missing value,
taihu_thqbca_history,storage\raw\taihu_thqbca_parsed\thqbca_observations.csv,9475,precipitation,Q01,high,missing value,
taihu_thqbca_history,storage\raw\taihu_thqbca_parsed\thqbca_observations.csv,9483,precipitation,Q01,high,missing value,
taihu_thqbca_history,storage\raw\taihu_thqbca_parsed\thqbca_observations.csv,9486,precipitation,Q01,high,missing value,
taihu_thqbca_history,storage\raw\taihu_thqbca_parsed\thqbca_observations.csv,9487,precipitation,Q01,high,missing value,
taihu_thqbca_history,storage\raw\taihu_thqbca_parsed\thqbca_observations.csv,9488,precipitation,Q01,high,missing value,
taihu_thqbca_history,storage\raw\taihu_thqbca_parsed\thqbca_observations.csv,9490,precipitation,Q01,high,missing value,
taihu_thqbca_history,storage\raw\taihu_thqbca_parsed\thqbca_observations.csv,9496,precipitation,Q01,high,missing value,
taihu_thqbca_history,storage\raw\taihu_thqbca_parsed\thqbca_observations.csv,9500,precipitation,Q01,high,missing value,
taihu_thqbca_history,storage\raw\taihu_thqbca_parsed\thqbca_observations.csv,9506,precipitation,Q01,high,missing value,
taihu_thqbca_history,storage\raw\taihu_thqbca_parsed\thqbca_observations.csv,9514,precipitation,Q01,high,missing value,
taihu_thqbca_history,storage\raw\taihu_thqbca_parsed\thqbca_observations.csv,9521,precipitation,Q01,high,missing value,
taihu_thqbca_history,storage\raw\taihu_thqbca_parsed\thqbca_observations.csv,9532,precipitation,Q01,high,missing value,
taihu_thqbca_history,storage\raw\taihu_thqbca_parsed\thqbca_observations.csv,9538,precipitation,Q01,high,missing value,
taihu_thqbca_history,storage\raw\taihu_thqbca_parsed\thqbca_observations.csv,9540,precipitation,Q01,high,missing value,
taihu_thqbca_history,storage\raw\taihu_thqbca_parsed\thqbca_observations.csv,9543,precipitation,Q01,high,missing value,
taihu_thqbca_history,storage\raw\taihu_thqbca_parsed\thqbca_observations.csv,9544,precipitation,Q01,high,missing value,
taihu_thqbca_history,storage\raw\taihu_thqbca_parsed\thqbca_observations.csv,9547,precipitation,Q01,high,missing value,
taihu_thqbca_history,storage\raw\taihu_thqbca_parsed\thqbca_observations.csv,9548,precipitation,Q01,high,missing value,
taihu_thqbca_history,storage\raw\taihu_thqbca_parsed\thqbca_observations.csv,9549,precipitation,Q01,high,missing value,
taihu_thqbca_history,storage\raw\taihu_thqbca_parsed\thqbca_observations.csv,9557,precipitation,Q01,high,missing value,
taihu_thqbca_history,storage\raw\taihu_thqbca_parsed\thqbca_observations.csv,9564,precipitation,Q01,high,missing value,
taihu_thqbca_history,storage\raw\taihu_thqbca_parsed\thqbca_observations.csv,9596,precipitation,Q01,high,missing value,
taihu_thqbca_history,storage\raw\taihu_thqbca_parsed\thqbca_observations.csv,9598,precipitation,Q01,high,missing value,
taihu_thqbca_history,storage\raw\taihu_thqbca_parsed\thqbca_observations.csv,9599,precipitation,Q01,high,missing value,
taihu_thqbca_history,storage\raw\taihu_thqbca_parsed\thqbca_observations.csv,9601,precipitation,Q01,high,missing value,
taihu_thqbca_history,storage\raw\taihu_thqbca_parsed\thqbca_observations.csv,9604,precipitation,Q01,high,missing value,
taihu_thqbca_history,storage\raw\taihu_thqbca_parsed\thqbca_observations.csv,9616,precipitation,Q01,high,missing value,
taihu_thqbca_history,storage\raw\taihu_thqbca_parsed\thqbca_observations.csv,9620,precipitation,Q01,high,missing value,
taihu_thqbca_history,storage\raw\taihu_thqbca_parsed\thqbca_observations.csv,9624,precipitation,Q01,high,missing value,
taihu_thqbca_history,storage\raw\taihu_thqbca_parsed\thqbca_observations.csv,9633,precipitation,Q01,high,missing value,
taihu_thqbca_history,storage\raw\taihu_thqbca_parsed\thqbca_observations.csv,9634,precipitation,Q01,high,missing value,
taihu_thqbca_history,storage\raw\taihu_thqbca_parsed\thqbca_observations.csv,9653,precipitation,Q01,high,missing value,
taihu_thqbca_history,storage\raw\taihu_thqbca_parsed\thqbca_observations.csv,9657,precipitation,Q01,high,missing value,
taihu_thqbca_history,storage\raw\taihu_thqbca_parsed\thqbca_observations.csv,9680,precipitation,Q04,critical,"outside allowed range (0.0, 500.0)",695
taihu_thqbca_history,storage\raw\taihu_thqbca_parsed\thqbca_observations.csv,9682,precipitation,Q01,high,missing value,
taihu_thqbca_history,storage\raw\taihu_thqbca_parsed\thqbca_observations.csv,9685,precipitation,Q01,high,missing value,
taihu_thqbca_history,storage\raw\taihu_thqbca_parsed\thqbca_observations.csv,9686,precipitation,Q01,high,missing value,
taihu_thqbca_history,storage\raw\taihu_thqbca_parsed\thqbca_observations.csv,9687,precipitation,Q01,high,missing value,
taihu_thqbca_history,storage\raw\taihu_thqbca_parsed\thqbca_observations.csv,9690,precipitation,Q01,high,missing value,
taihu_thqbca_history,storage\raw\taihu_thqbca_parsed\thqbca_observations.csv,9692,precipitation,Q01,high,missing value,
taihu_thqbca_history,storage\raw\taihu_thqbca_parsed\thqbca_observations.csv,9693,precipitation,Q01,high,missing value,
taihu_thqbca_history,storage\raw\taihu_thqbca_parsed\thqbca_observations.csv,9695,precipitation,Q01,high,missing value,
taihu_thqbca_history,storage\raw\taihu_thqbca_parsed\thqbca_observations.csv,9704,precipitation,Q01,high,missing value,
taihu_thqbca_history,storage\raw\taihu_thqbca_parsed\thqbca_observations.csv,9705,precipitation,Q01,high,missing value,
taihu_thqbca_history,storage\raw\taihu_thqbca_parsed\thqbca_observations.csv,9707,precipitation,Q01,high,missing value,
taihu_thqbca_history,storage\raw\taihu_thqbca_parsed\thqbca_observations.csv,9709,precipitation,Q01,high,missing value,
taihu_thqbca_history,storage\raw\taihu_thqbca_parsed\thqbca_observations.csv,9714,precipitation,Q01,high,missing value,
taihu_thqbca_history,storage\raw\taihu_thqbca_parsed\thqbca_observations.csv,9716,precipitation,Q01,high,missing value,
taihu_thqbca_history,storage\raw\taihu_thqbca_parsed\thqbca_observations.csv,9725,precipitation,Q01,high,missing value,
taihu_thqbca_history,storage\raw\taihu_thqbca_parsed\thqbca_observations.csv,9729,precipitation,Q01,high,missing value,
taihu_thqbca_history,storage\raw\taihu_thqbca_parsed\thqbca_observations.csv,9733,precipitation,Q01,high,missing value,
taihu_thqbca_history,storage\raw\taihu_thqbca_parsed\thqbca_observations.csv,9743,precipitation,Q01,high,missing value,
taihu_thqbca_history,storage\raw\taihu_thqbca_parsed\thqbca_observations.csv,9749,precipitation,Q01,high,missing value,
taihu_thqbca_history,storage\raw\taihu_thqbca_parsed\thqbca_observations.csv,9753,precipitation,Q01,high,missing value,
taihu_thqbca_history,storage\raw\taihu_thqbca_parsed\thqbca_observations.csv,9763,precipitation,Q01,high,missing value,
taihu_thqbca_history,storage\raw\taihu_thqbca_parsed\thqbca_observations.csv,9771,precipitation,Q01,high,missing value,
taihu_thqbca_history,storage\raw\taihu_thqbca_parsed\thqbca_observations.csv,9772,precipitation,Q01,high,missing value,
taihu_thqbca_history,storage\raw\taihu_thqbca_parsed\thqbca_observations.csv,9774,precipitation,Q01,high,missing value,
taihu_thqbca_history,storage\raw\taihu_thqbca_parsed\thqbca_observations.csv,9789,precipitation,Q01,high,missing value,
taihu_thqbca_history,storage\raw\taihu_thqbca_parsed\thqbca_observations.csv,9790,precipitation,Q01,high,missing value,
taihu_thqbca_history,storage\raw\taihu_thqbca_parsed\thqbca_observations.csv,9793,precipitation,Q01,high,missing value,
taihu_thqbca_history,storage\raw\taihu_thqbca_parsed\thqbca_observations.csv,9795,precipitation,Q01,high,missing value,
taihu_thqbca_history,storage\raw\taihu_thqbca_parsed\thqbca_observations.csv,9796,precipitation,Q01,high,missing value,
taihu_thqbca_history,storage\raw\taihu_thqbca_parsed\thqbca_observations.csv,9801,precipitation,Q01,high,missing value,
taihu_thqbca_history,storage\raw\taihu_thqbca_parsed\thqbca_observations.csv,9802,precipitation,Q01,high,missing value,
taihu_thqbca_history,storage\raw\taihu_thqbca_parsed\thqbca_observations.csv,9810,precipitation,Q01,high,missing value,
taihu_thqbca_history,storage\raw\taihu_thqbca_parsed\thqbca_observations.csv,9821,precipitation,Q01,high,missing value,
taihu_thqbca_history,storage\raw\taihu_thqbca_parsed\thqbca_observations.csv,9830,precipitation,Q01,high,missing value,
taihu_thqbca_history,storage\raw\taihu_thqbca_parsed\thqbca_observations.csv,9835,precipitation,Q01,high,missing value,
taihu_thqbca_history,storage\raw\taihu_thqbca_parsed\thqbca_observations.csv,9836,precipitation,Q01,high,missing value,
taihu_thqbca_history,storage\raw\taihu_thqbca_parsed\thqbca_observations.csv,9839,precipitation,Q01,high,missing value,
taihu_thqbca_history,storage\raw\taihu_thqbca_parsed\thqbca_observations.csv,9840,precipitation,Q01,high,missing value,
taihu_thqbca_history,storage\raw\taihu_thqbca_parsed\thqbca_observations.csv,9846,precipitation,Q01,high,missing value,
taihu_thqbca_history,storage\raw\taihu_thqbca_parsed\thqbca_observations.csv,9847,precipitation,Q01,high,missing value,
taihu_thqbca_history,storage\raw\taihu_thqbca_parsed\thqbca_observations.csv,9850,precipitation,Q01,high,missing value,
taihu_thqbca_history,storage\raw\taihu_thqbca_parsed\thqbca_observations.csv,9859,precipitation,Q01,high,missing value,
taihu_thqbca_history,storage\raw\taihu_thqbca_parsed\thqbca_observations.csv,9868,precipitation,Q01,high,missing value,
taihu_thqbca_history,storage\raw\taihu_thqbca_parsed\thqbca_observations.csv,9869,precipitation,Q01,high,missing value,
taihu_thqbca_history,storage\raw\taihu_thqbca_parsed\thqbca_observations.csv,9873,precipitation,Q01,high,missing value,
taihu_thqbca_history,storage\raw\taihu_thqbca_parsed\thqbca_observations.csv,9876,precipitation,Q01,high,missing value,
taihu_thqbca_history,storage\raw\taihu_thqbca_parsed\thqbca_observations.csv,9897,precipitation,Q01,high,missing value,
taihu_thqbca_history,storage\raw\taihu_thqbca_parsed\thqbca_observations.csv,9898,precipitation,Q01,high,missing value,
taihu_thqbca_history,storage\raw\taihu_thqbca_parsed\thqbca_observations.csv,9905,precipitation,Q01,high,missing value,
taihu_thqbca_history,storage\raw\taihu_thqbca_parsed\thqbca_observations.csv,9909,precipitation,Q01,high,missing value,
taihu_thqbca_history,storage\raw\taihu_thqbca_parsed\thqbca_observations.csv,9910,precipitation,Q01,high,missing value,
taihu_thqbca_history,storage\raw\taihu_thqbca_parsed\thqbca_observations.csv,9911,precipitation,Q01,high,missing value,
taihu_thqbca_history,storage\raw\taihu_thqbca_parsed\thqbca_observations.csv,9912,precipitation,Q01,high,missing value,
taihu_thqbca_history,storage\raw\taihu_thqbca_parsed\thqbca_observations.csv,9914,precipitation,Q01,high,missing value,
taihu_thqbca_history,storage\raw\taihu_thqbca_parsed\thqbca_observations.csv,9915,precipitation,Q04,critical,"outside allowed range (0.0, 500.0)",751
taihu_thqbca_history,storage\raw\taihu_thqbca_parsed\thqbca_observations.csv,9918,precipitation,Q01,high,missing value,
taihu_thqbca_history,storage\raw\taihu_thqbca_parsed\thqbca_observations.csv,9925,precipitation,Q01,high,missing value,
taihu_thqbca_history,storage\raw\taihu_thqbca_parsed\thqbca_observations.csv,9929,precipitation,Q01,high,missing value,
taihu_thqbca_history,storage\raw\taihu_thqbca_parsed\thqbca_observations.csv,9947,precipitation,Q01,high,missing value,
taihu_thqbca_history,storage\raw\taihu_thqbca_parsed\thqbca_observations.csv,9948,precipitation,Q01,high,missing value,
taihu_thqbca_history,storage\raw\taihu_thqbca_parsed\thqbca_observations.csv,9950,precipitation,Q01,high,missing value,
taihu_thqbca_history,storage\raw\taihu_thqbca_parsed\thqbca_observations.csv,9954,precipitation,Q01,high,missing value,
taihu_thqbca_history,storage\raw\taihu_thqbca_parsed\thqbca_observations.csv,9959,precipitation,Q01,high,missing value,
taihu_thqbca_history,storage\raw\taihu_thqbca_parsed\thqbca_observations.csv,9961,precipitation,Q01,high,missing value,
taihu_thqbca_history,storage\raw\taihu_thqbca_parsed\thqbca_observations.csv,9966,precipitation,Q01,high,missing value,
taihu_thqbca_history,storage\raw\taihu_thqbca_parsed\thqbca_observations.csv,9967,precipitation,Q01,high,missing value,
taihu_thqbca_history,storage\raw\taihu_thqbca_parsed\thqbca_observations.csv,9972,precipitation,Q01,high,missing value,
taihu_thqbca_history,storage\raw\taihu_thqbca_parsed\thqbca_observations.csv,9977,precipitation,Q01,high,missing value,
taihu_thqbca_history,storage\raw\taihu_thqbca_parsed\thqbca_observations.csv,9986,precipitation,Q01,high,missing value,
taihu_thqbca_history,storage\raw\taihu_thqbca_parsed\thqbca_observations.csv,9987,precipitation,Q01,high,missing value,
taihu_thqbca_history,storage\raw\taihu_thqbca_parsed\thqbca_observations.csv,9990,precipitation,Q01,high,missing value,
taihu_thqbca_history,storage\raw\taihu_thqbca_parsed\thqbca_observations.csv,9995,precipitation,Q01,high,missing value,
taihu_thqbca_history,storage\raw\taihu_thqbca_parsed\thqbca_observations.csv,9999,precipitation,Q01,high,missing value,
taihu_thqbca_history,storage\raw\taihu_thqbca_parsed\thqbca_observations.csv,10002,precipitation,Q01,high,missing value,
taihu_thqbca_history,storage\raw\taihu_thqbca_parsed\thqbca_observations.csv,10003,precipitation,Q01,high,missing value,
taihu_thqbca_history,storage\raw\taihu_thqbca_parsed\thqbca_observations.csv,10022,precipitation,Q01,high,missing value,
taihu_thqbca_history,storage\raw\taihu_thqbca_parsed\thqbca_observations.csv,10038,precipitation,Q01,high,missing value,
taihu_thqbca_history,storage\raw\taihu_thqbca_parsed\thqbca_observations.csv,10041,precipitation,Q01,high,missing value,
taihu_thqbca_history,storage\raw\taihu_thqbca_parsed\thqbca_observations.csv,10044,precipitation,Q01,high,missing value,
taihu_thqbca_history,storage\raw\taihu_thqbca_parsed\thqbca_observations.csv,10048,precipitation,Q01,high,missing value,
taihu_thqbca_history,storage\raw\taihu_thqbca_parsed\thqbca_observations.csv,10069,precipitation,Q01,high,missing value,
taihu_thqbca_history,storage\raw\taihu_thqbca_parsed\thqbca_observations.csv,10072,precipitation,Q01,high,missing value,
taihu_thqbca_history,storage\raw\taihu_thqbca_parsed\thqbca_observations.csv,10073,precipitation,Q01,high,missing value,
taihu_thqbca_history,storage\raw\taihu_thqbca_parsed\thqbca_observations.csv,10090,precipitation,Q01,high,missing value,
taihu_thqbca_history,storage\raw\taihu_thqbca_parsed\thqbca_observations.csv,10094,precipitation,Q01,high,missing value,
taihu_thqbca_history,storage\raw\taihu_thqbca_parsed\thqbca_observations.csv,10095,precipitation,Q01,high,missing value,
taihu_thqbca_history,storage\raw\taihu_thqbca_parsed\thqbca_observations.csv,10096,precipitation,Q01,high,missing value,
taihu_thqbca_history,storage\raw\taihu_thqbca_parsed\thqbca_observations.csv,10098,precipitation,Q01,high,missing value,
taihu_thqbca_history,storage\raw\taihu_thqbca_parsed\thqbca_observations.csv,10099,precipitation,Q01,high,missing value,
taihu_thqbca_history,storage\raw\taihu_thqbca_parsed\thqbca_observations.csv,10106,precipitation,Q01,high,missing value,
taihu_thqbca_history,storage\raw\taihu_thqbca_parsed\thqbca_observations.csv,10126,precipitation,Q01,high,missing value,
taihu_thqbca_history,storage\raw\taihu_thqbca_parsed\thqbca_observations.csv,10127,precipitation,Q01,high,missing value,
taihu_thqbca_history,storage\raw\taihu_thqbca_parsed\thqbca_observations.csv,10154,precipitation,Q01,high,missing value,
taihu_thqbca_history,storage\raw\taihu_thqbca_parsed\thqbca_observations.csv,10155,precipitation,Q01,high,missing value,
taihu_thqbca_history,storage\raw\taihu_thqbca_parsed\thqbca_observations.csv,10156,precipitation,Q01,high,missing value,
taihu_thqbca_history,storage\raw\taihu_thqbca_parsed\thqbca_observations.csv,10165,precipitation,Q01,high,missing value,
taihu_thqbca_history,storage\raw\taihu_thqbca_parsed\thqbca_observations.csv,10167,precipitation,Q01,high,missing value,
taihu_thqbca_history,storage\raw\taihu_thqbca_parsed\thqbca_observations.csv,10169,precipitation,Q01,high,missing value,
taihu_thqbca_history,storage\raw\taihu_thqbca_parsed\thqbca_observations.csv,10170,precipitation,Q01,high,missing value,
taihu_thqbca_history,storage\raw\taihu_thqbca_parsed\thqbca_observations.csv,10173,precipitation,Q01,high,missing value,
taihu_thqbca_history,storage\raw\taihu_thqbca_parsed\thqbca_observations.csv,10180,precipitation,Q01,high,missing value,
taihu_thqbca_history,storage\raw\taihu_thqbca_parsed\thqbca_observations.csv,10183,precipitation,Q01,high,missing value,
taihu_thqbca_history,storage\raw\taihu_thqbca_parsed\thqbca_observations.csv,10184,precipitation,Q01,high,missing value,
taihu_thqbca_history,storage\raw\taihu_thqbca_parsed\thqbca_observations.csv,10187,precipitation,Q01,high,missing value,
taihu_thqbca_history,storage\raw\taihu_thqbca_parsed\thqbca_observations.csv,10190,precipitation,Q01,high,missing value,
taihu_thqbca_history,storage\raw\taihu_thqbca_parsed\thqbca_observations.csv,10195,precipitation,Q01,high,missing value,
taihu_thqbca_history,storage\raw\taihu_thqbca_parsed\thqbca_observations.csv,10197,precipitation,Q01,high,missing value,
taihu_thqbca_history,storage\raw\taihu_thqbca_parsed\thqbca_observations.csv,10204,precipitation,Q01,high,missing value,
taihu_thqbca_history,storage\raw\taihu_thqbca_parsed\thqbca_observations.csv,10205,precipitation,Q01,high,missing value,
taihu_thqbca_history,storage\raw\taihu_thqbca_parsed\thqbca_observations.csv,10206,precipitation,Q01,high,missing value,
taihu_thqbca_history,storage\raw\taihu_thqbca_parsed\thqbca_observations.csv,10244,precipitation,Q01,high,missing value,
taihu_thqbca_history,storage\raw\taihu_thqbca_parsed\thqbca_observations.csv,10245,precipitation,Q01,high,missing value,
taihu_thqbca_history,storage\raw\taihu_thqbca_parsed\thqbca_observations.csv,10252,precipitation,Q01,high,missing value,
taihu_thqbca_history,storage\raw\taihu_thqbca_parsed\thqbca_observations.csv,10255,precipitation,Q01,high,missing value,
taihu_thqbca_history,storage\raw\taihu_thqbca_parsed\thqbca_observations.csv,10271,precipitation,Q01,high,missing value,
taihu_thqbca_history,storage\raw\taihu_thqbca_parsed\thqbca_observations.csv,10276,precipitation,Q01,high,missing value,
taihu_thqbca_history,storage\raw\taihu_thqbca_parsed\thqbca_observations.csv,10278,precipitation,Q01,high,missing value,
taihu_thqbca_history,storage\raw\taihu_thqbca_parsed\thqbca_observations.csv,10287,precipitation,Q01,high,missing value,
taihu_thqbca_history,storage\raw\taihu_thqbca_parsed\thqbca_observations.csv,10301,precipitation,Q01,high,missing value,
taihu_thqbca_history,storage\raw\taihu_thqbca_parsed\thqbca_observations.csv,10306,precipitation,Q01,high,missing value,
taihu_thqbca_history,storage\raw\taihu_thqbca_parsed\thqbca_observations.csv,10309,precipitation,Q01,high,missing value,
taihu_thqbca_history,storage\raw\taihu_thqbca_parsed\thqbca_observations.csv,10320,precipitation,Q01,high,missing value,
taihu_thqbca_history,storage\raw\taihu_thqbca_parsed\thqbca_observations.csv,10328,precipitation,Q01,high,missing value,
taihu_thqbca_history,storage\raw\taihu_thqbca_parsed\thqbca_observations.csv,10343,precipitation,Q01,high,missing value,
taihu_thqbca_history,storage\raw\taihu_thqbca_parsed\thqbca_observations.csv,10350,precipitation,Q01,high,missing value,
taihu_thqbca_history,storage\raw\taihu_thqbca_parsed\thqbca_observations.csv,10351,precipitation,Q01,high,missing value,
taihu_thqbca_history,storage\raw\taihu_thqbca_parsed\thqbca_observations.csv,10356,precipitation,Q01,high,missing value,
taihu_thqbca_history,storage\raw\taihu_thqbca_parsed\thqbca_observations.csv,10361,precipitation,Q01,high,missing value,
taihu_thqbca_history,storage\raw\taihu_thqbca_parsed\thqbca_observations.csv,10372,precipitation,Q01,high,missing value,
taihu_thqbca_history,storage\raw\taihu_thqbca_parsed\thqbca_observations.csv,10376,precipitation,Q01,high,missing value,
taihu_thqbca_history,storage\raw\taihu_thqbca_parsed\thqbca_observations.csv,10378,precipitation,Q01,high,missing value,
taihu_thqbca_history,storage\raw\taihu_thqbca_parsed\thqbca_observations.csv,10384,precipitation,Q01,high,missing value,
taihu_thqbca_history,storage\raw\taihu_thqbca_parsed\thqbca_observations.csv,10386,precipitation,Q01,high,missing value,
taihu_thqbca_history,storage\raw\taihu_thqbca_parsed\thqbca_observations.csv,10388,precipitation,Q01,high,missing value,
taihu_thqbca_history,storage\raw\taihu_thqbca_parsed\thqbca_observations.csv,10399,precipitation,Q01,high,missing value,
taihu_thqbca_history,storage\raw\taihu_thqbca_parsed\thqbca_observations.csv,10403,precipitation,Q01,high,missing value,
taihu_thqbca_history,storage\raw\taihu_thqbca_parsed\thqbca_observations.csv,10406,precipitation,Q01,high,missing value,
taihu_thqbca_history,storage\raw\taihu_thqbca_parsed\thqbca_observations.csv,10417,precipitation,Q01,high,missing value,
taihu_thqbca_history,storage\raw\taihu_thqbca_parsed\thqbca_observations.csv,10423,precipitation,Q01,high,missing value,
taihu_thqbca_history,storage\raw\taihu_thqbca_parsed\thqbca_observations.csv,10428,precipitation,Q01,high,missing value,
taihu_thqbca_history,storage\raw\taihu_thqbca_parsed\thqbca_observations.csv,10433,precipitation,Q01,high,missing value,
taihu_thqbca_history,storage\raw\taihu_thqbca_parsed\thqbca_observations.csv,10441,precipitation,Q01,high,missing value,
taihu_thqbca_history,storage\raw\taihu_thqbca_parsed\thqbca_observations.csv,10447,precipitation,Q01,high,missing value,
taihu_thqbca_history,storage\raw\taihu_thqbca_parsed\thqbca_observations.csv,10456,precipitation,Q01,high,missing value,
taihu_thqbca_history,storage\raw\taihu_thqbca_parsed\thqbca_observations.csv,10457,precipitation,Q01,high,missing value,
taihu_thqbca_history,storage\raw\taihu_thqbca_parsed\thqbca_observations.csv,10470,precipitation,Q01,high,missing value,
taihu_thqbca_history,storage\raw\taihu_thqbca_parsed\thqbca_observations.csv,10473,precipitation,Q01,high,missing value,
taihu_thqbca_history,storage\raw\taihu_thqbca_parsed\thqbca_observations.csv,10480,precipitation,Q01,high,missing value,
taihu_thqbca_history,storage\raw\taihu_thqbca_parsed\thqbca_observations.csv,10486,precipitation,Q01,high,missing value,
taihu_thqbca_history,storage\raw\taihu_thqbca_parsed\thqbca_observations.csv,10489,precipitation,Q01,high,missing value,
taihu_thqbca_history,storage\raw\taihu_thqbca_parsed\thqbca_observations.csv,10490,precipitation,Q01,high,missing value,
taihu_thqbca_history,storage\raw\taihu_thqbca_parsed\thqbca_observations.csv,10494,precipitation,Q01,high,missing value,
taihu_thqbca_history,storage\raw\taihu_thqbca_parsed\thqbca_observations.csv,10496,precipitation,Q01,high,missing value,
taihu_thqbca_history,storage\raw\taihu_thqbca_parsed\thqbca_observations.csv,10497,precipitation,Q01,high,missing value,
taihu_thqbca_history,storage\raw\taihu_thqbca_parsed\thqbca_observations.csv,10498,precipitation,Q01,high,missing value,
taihu_thqbca_history,storage\raw\taihu_thqbca_parsed\thqbca_observations.csv,10500,precipitation,Q01,high,missing value,
taihu_thqbca_history,storage\raw\taihu_thqbca_parsed\thqbca_observations.csv,10512,precipitation,Q01,high,missing value,
taihu_thqbca_history,storage\raw\taihu_thqbca_parsed\thqbca_observations.csv,10516,precipitation,Q01,high,missing value,
taihu_thqbca_history,storage\raw\taihu_thqbca_parsed\thqbca_observations.csv,10517,precipitation,Q01,high,missing value,
taihu_thqbca_history,storage\raw\taihu_thqbca_parsed\thqbca_observations.csv,10527,precipitation,Q01,high,missing value,
taihu_thqbca_history,storage\raw\taihu_thqbca_parsed\thqbca_observations.csv,10537,precipitation,Q01,high,missing value,
taihu_thqbca_history,storage\raw\taihu_thqbca_parsed\thqbca_observations.csv,10538,precipitation,Q01,high,missing value,
taihu_thqbca_history,storage\raw\taihu_thqbca_parsed\thqbca_observations.csv,10542,precipitation,Q01,high,missing value,
taihu_thqbca_history,storage\raw\taihu_thqbca_parsed\thqbca_observations.csv,10549,precipitation,Q01,high,missing value,
taihu_thqbca_history,storage\raw\taihu_thqbca_parsed\thqbca_observations.csv,10552,precipitation,Q01,high,missing value,
taihu_thqbca_history,storage\raw\taihu_thqbca_parsed\thqbca_observations.csv,10555,precipitation,Q01,high,missing value,
taihu_thqbca_history,storage\raw\taihu_thqbca_parsed\thqbca_observations.csv,10556,precipitation,Q01,high,missing value,
taihu_thqbca_history,storage\raw\taihu_thqbca_parsed\thqbca_observations.csv,10557,precipitation,Q01,high,missing value,
taihu_thqbca_history,storage\raw\taihu_thqbca_parsed\thqbca_observations.csv,10558,precipitation,Q01,high,missing value,
taihu_thqbca_history,storage\raw\taihu_thqbca_parsed\thqbca_observations.csv,10559,precipitation,Q01,high,missing value,
taihu_thqbca_history,storage\raw\taihu_thqbca_parsed\thqbca_observations.csv,10560,precipitation,Q01,high,missing value,
taihu_thqbca_history,storage\raw\taihu_thqbca_parsed\thqbca_observations.csv,10561,precipitation,Q01,high,missing value,
taihu_thqbca_history,storage\raw\taihu_thqbca_parsed\thqbca_observations.csv,10569,precipitation,Q01,high,missing value,
taihu_thqbca_history,storage\raw\taihu_thqbca_parsed\thqbca_observations.csv,10576,precipitation,Q01,high,missing value,
taihu_thqbca_history,storage\raw\taihu_thqbca_parsed\thqbca_observations.csv,10577,precipitation,Q01,high,missing value,
taihu_thqbca_history,storage\raw\taihu_thqbca_parsed\thqbca_observations.csv,10579,precipitation,Q01,high,missing value,
taihu_thqbca_history,storage\raw\taihu_thqbca_parsed\thqbca_observations.csv,10580,precipitation,Q01,high,missing value,
taihu_thqbca_history,storage\raw\taihu_thqbca_parsed\thqbca_observations.csv,10582,precipitation,Q01,high,missing value,
taihu_thqbca_history,storage\raw\taihu_thqbca_parsed\thqbca_observations.csv,10583,precipitation,Q01,high,missing value,
taihu_thqbca_history,storage\raw\taihu_thqbca_parsed\thqbca_observations.csv,10586,precipitation,Q01,high,missing value,
taihu_thqbca_history,storage\raw\taihu_thqbca_parsed\thqbca_observations.csv,10587,precipitation,Q01,high,missing value,
taihu_thqbca_history,storage\raw\taihu_thqbca_parsed\thqbca_observations.csv,10588,precipitation,Q01,high,missing value,
taihu_thqbca_history,storage\raw\taihu_thqbca_parsed\thqbca_observations.csv,10595,precipitation,Q01,high,missing value,
taihu_thqbca_history,storage\raw\taihu_thqbca_parsed\thqbca_observations.csv,10597,precipitation,Q01,high,missing value,
taihu_thqbca_history,storage\raw\taihu_thqbca_parsed\thqbca_observations.csv,10599,precipitation,Q01,high,missing value,
taihu_thqbca_history,storage\raw\taihu_thqbca_parsed\thqbca_observations.csv,10604,precipitation,Q01,high,missing value,
taihu_thqbca_history,storage\raw\taihu_thqbca_parsed\thqbca_observations.csv,10607,precipitation,Q01,high,missing value,
taihu_thqbca_history,storage\raw\taihu_thqbca_parsed\thqbca_observations.csv,10611,precipitation,Q01,high,missing value,
taihu_thqbca_history,storage\raw\taihu_thqbca_parsed\thqbca_observations.csv,10628,precipitation,Q01,high,missing value,
taihu_thqbca_history,storage\raw\taihu_thqbca_parsed\thqbca_observations.csv,10629,precipitation,Q01,high,missing value,
taihu_thqbca_history,storage\raw\taihu_thqbca_parsed\thqbca_observations.csv,10631,precipitation,Q04,critical,"outside allowed range (0.0, 500.0)",778
taihu_thqbca_history,storage\raw\taihu_thqbca_parsed\thqbca_observations.csv,10638,precipitation,Q01,high,missing value,
taihu_thqbca_history,storage\raw\taihu_thqbca_parsed\thqbca_observations.csv,10642,precipitation,Q01,high,missing value,
taihu_thqbca_history,storage\raw\taihu_thqbca_parsed\thqbca_observations.csv,10660,precipitation,Q01,high,missing value,
taihu_thqbca_history,storage\raw\taihu_thqbca_parsed\thqbca_observations.csv,10661,precipitation,Q01,high,missing value,
taihu_thqbca_history,storage\raw\taihu_thqbca_parsed\thqbca_observations.csv,10664,precipitation,Q01,high,missing value,
taihu_thqbca_history,storage\raw\taihu_thqbca_parsed\thqbca_observations.csv,10672,precipitation,Q01,high,missing value,
taihu_thqbca_history,storage\raw\taihu_thqbca_parsed\thqbca_observations.csv,10673,precipitation,Q01,high,missing value,
taihu_thqbca_history,storage\raw\taihu_thqbca_parsed\thqbca_observations.csv,10686,precipitation,Q01,high,missing value,
taihu_thqbca_history,storage\raw\taihu_thqbca_parsed\thqbca_observations.csv,10694,precipitation,Q01,high,missing value,
taihu_thqbca_history,storage\raw\taihu_thqbca_parsed\thqbca_observations.csv,10697,precipitation,Q01,high,missing value,
taihu_thqbca_history,storage\raw\taihu_thqbca_parsed\thqbca_observations.csv,10707,precipitation,Q01,high,missing value,
taihu_thqbca_history,storage\raw\taihu_thqbca_parsed\thqbca_observations.csv,10735,precipitation,Q01,high,missing value,
taihu_thqbca_history,storage\raw\taihu_thqbca_parsed\thqbca_observations.csv,10740,precipitation,Q01,high,missing value,
taihu_thqbca_history,storage\raw\taihu_thqbca_parsed\thqbca_observations.csv,10746,precipitation,Q01,high,missing value,
taihu_thqbca_history,storage\raw\taihu_thqbca_parsed\thqbca_observations.csv,10751,precipitation,Q01,high,missing value,
taihu_thqbca_history,storage\raw\taihu_thqbca_parsed\thqbca_observations.csv,10753,precipitation,Q01,high,missing value,
taihu_thqbca_history,storage\raw\taihu_thqbca_parsed\thqbca_observations.csv,10777,precipitation,Q01,high,missing value,
taihu_thqbca_history,storage\raw\taihu_thqbca_parsed\thqbca_observations.csv,10779,precipitation,Q01,high,missing value,
taihu_thqbca_history,storage\raw\taihu_thqbca_parsed\thqbca_observations.csv,10780,precipitation,Q01,high,missing value,
taihu_thqbca_history,storage\raw\taihu_thqbca_parsed\thqbca_observations.csv,10789,precipitation,Q01,high,missing value,
taihu_thqbca_history,storage\raw\taihu_thqbca_parsed\thqbca_observations.csv,10791,precipitation,Q01,high,missing value,
taihu_thqbca_history,storage\raw\taihu_thqbca_parsed\thqbca_observations.csv,10798,precipitation,Q01,high,missing value,
taihu_thqbca_history,storage\raw\taihu_thqbca_parsed\thqbca_observations.csv,10800,precipitation,Q01,high,missing value,
taihu_thqbca_history,storage\raw\taihu_thqbca_parsed\thqbca_observations.csv,10805,precipitation,Q01,high,missing value,
taihu_thqbca_history,storage\raw\taihu_thqbca_parsed\thqbca_observations.csv,10813,precipitation,Q01,high,missing value,
taihu_thqbca_history,storage\raw\taihu_thqbca_parsed\thqbca_observations.csv,10814,precipitation,Q01,high,missing value,
taihu_thqbca_history,storage\raw\taihu_thqbca_parsed\thqbca_observations.csv,10815,precipitation,Q01,high,missing value,
taihu_thqbca_history,storage\raw\taihu_thqbca_parsed\thqbca_observations.csv,10823,precipitation,Q01,high,missing value,
taihu_thqbca_history,storage\raw\taihu_thqbca_parsed\thqbca_observations.csv,10831,precipitation,Q01,high,missing value,
taihu_thqbca_history,storage\raw\taihu_thqbca_parsed\thqbca_observations.csv,10843,precipitation,Q01,high,missing value,
taihu_thqbca_history,storage\raw\taihu_thqbca_parsed\thqbca_observations.csv,10851,precipitation,Q01,high,missing value,
taihu_thqbca_history,storage\raw\taihu_thqbca_parsed\thqbca_observations.csv,10853,precipitation,Q01,high,missing value,
taihu_thqbca_history,storage\raw\taihu_thqbca_parsed\thqbca_observations.csv,10866,precipitation,Q01,high,missing value,
taihu_thqbca_history,storage\raw\taihu_thqbca_parsed\thqbca_observations.csv,10868,precipitation,Q01,high,missing value,
taihu_thqbca_history,storage\raw\taihu_thqbca_parsed\thqbca_observations.csv,10885,precipitation,Q01,high,missing value,
taihu_thqbca_history,storage\raw\taihu_thqbca_parsed\thqbca_observations.csv,10887,precipitation,Q01,high,missing value,
taihu_thqbca_history,storage\raw\taihu_thqbca_parsed\thqbca_observations.csv,10890,precipitation,Q01,high,missing value,
taihu_thqbca_history,storage\raw\taihu_thqbca_parsed\thqbca_observations.csv,10891,precipitation,Q01,high,missing value,
taihu_thqbca_history,storage\raw\taihu_thqbca_parsed\thqbca_observations.csv,10892,precipitation,Q01,high,missing value,
taihu_thqbca_history,storage\raw\taihu_thqbca_parsed\thqbca_observations.csv,10893,precipitation,Q01,high,missing value,
taihu_thqbca_history,storage\raw\taihu_thqbca_parsed\thqbca_observations.csv,10895,precipitation,Q01,high,missing value,
taihu_thqbca_history,storage\raw\taihu_thqbca_parsed\thqbca_observations.csv,10896,precipitation,Q01,high,missing value,
taihu_thqbca_history,storage\raw\taihu_thqbca_parsed\thqbca_observations.csv,10897,precipitation,Q01,high,missing value,
taihu_thqbca_history,storage\raw\taihu_thqbca_parsed\thqbca_observations.csv,10898,precipitation,Q01,high,missing value,
taihu_thqbca_history,storage\raw\taihu_thqbca_parsed\thqbca_observations.csv,10900,precipitation,Q01,high,missing value,
taihu_thqbca_history,storage\raw\taihu_thqbca_parsed\thqbca_observations.csv,10928,precipitation,Q01,high,missing value,
taihu_thqbca_history,storage\raw\taihu_thqbca_parsed\thqbca_observations.csv,10933,precipitation,Q01,high,missing value,
taihu_thqbca_history,storage\raw\taihu_thqbca_parsed\thqbca_observations.csv,10941,precipitation,Q01,high,missing value,
taihu_thqbca_history,storage\raw\taihu_thqbca_parsed\thqbca_observations.csv,10944,precipitation,Q01,high,missing value,
taihu_thqbca_history,storage\raw\taihu_thqbca_parsed\thqbca_observations.csv,10947,precipitation,Q01,high,missing value,
taihu_thqbca_history,storage\raw\taihu_thqbca_parsed\thqbca_observations.csv,10949,precipitation,Q01,high,missing value,
taihu_thqbca_history,storage\raw\taihu_thqbca_parsed\thqbca_observations.csv,10959,precipitation,Q01,high,missing value,
taihu_thqbca_history,storage\raw\taihu_thqbca_parsed\thqbca_observations.csv,10962,precipitation,Q01,high,missing value,
taihu_thqbca_history,storage\raw\taihu_thqbca_parsed\thqbca_observations.csv,10963,precipitation,Q01,high,missing value,
taihu_thqbca_history,storage\raw\taihu_thqbca_parsed\thqbca_observations.csv,10966,precipitation,Q01,high,missing value,
taihu_thqbca_history,storage\raw\taihu_thqbca_parsed\thqbca_observations.csv,10970,precipitation,Q01,high,missing value,
taihu_thqbca_history,storage\raw\taihu_thqbca_parsed\thqbca_observations.csv,10974,precipitation,Q01,high,missing value,
taihu_thqbca_history,storage\raw\taihu_thqbca_parsed\thqbca_observations.csv,10981,precipitation,Q01,high,missing value,
taihu_thqbca_history,storage\raw\taihu_thqbca_parsed\thqbca_observations.csv,10987,precipitation,Q01,high,missing value,
taihu_thqbca_history,storage\raw\taihu_thqbca_parsed\thqbca_observations.csv,10997,precipitation,Q01,high,missing value,
taihu_thqbca_history,storage\raw\taihu_thqbca_parsed\thqbca_observations.csv,11002,precipitation,Q01,high,missing value,
taihu_thqbca_history,storage\raw\taihu_thqbca_parsed\thqbca_observations.csv,11014,precipitation,Q01,high,missing value,
taihu_thqbca_history,storage\raw\taihu_thqbca_parsed\thqbca_observations.csv,11015,precipitation,Q01,high,missing value,
taihu_thqbca_history,storage\raw\taihu_thqbca_parsed\thqbca_observations.csv,11021,precipitation,Q01,high,missing value,
taihu_thqbca_history,storage\raw\taihu_thqbca_parsed\thqbca_observations.csv,11023,precipitation,Q01,high,missing value,
taihu_thqbca_history,storage\raw\taihu_thqbca_parsed\thqbca_observations.csv,11027,precipitation,Q01,high,missing value,
taihu_thqbca_history,storage\raw\taihu_thqbca_parsed\thqbca_observations.csv,11029,precipitation,Q01,high,missing value,
taihu_thqbca_history,storage\raw\taihu_thqbca_parsed\thqbca_observations.csv,11049,precipitation,Q04,critical,"outside allowed range (0.0, 500.0)",504
taihu_thqbca_history,storage\raw\taihu_thqbca_parsed\thqbca_observations.csv,11056,precipitation,Q01,high,missing value,
taihu_thqbca_history,storage\raw\taihu_thqbca_parsed\thqbca_observations.csv,11074,precipitation,Q01,high,missing value,
taihu_thqbca_history,storage\raw\taihu_thqbca_parsed\thqbca_observations.csv,11075,precipitation,Q01,high,missing value,
taihu_thqbca_history,storage\raw\taihu_thqbca_parsed\thqbca_observations.csv,11076,precipitation,Q01,high,missing value,
taihu_thqbca_history,storage\raw\taihu_thqbca_parsed\thqbca_observations.csv,11080,precipitation,Q01,high,missing value,
taihu_thqbca_history,storage\raw\taihu_thqbca_parsed\thqbca_observations.csv,11091,precipitation,Q01,high,missing value,
taihu_thqbca_history,storage\raw\taihu_thqbca_parsed\thqbca_observations.csv,11100,precipitation,Q01,high,missing value,
taihu_thqbca_history,storage\raw\taihu_thqbca_parsed\thqbca_observations.csv,11109,precipitation,Q01,high,missing value,
taihu_thqbca_history,storage\raw\taihu_thqbca_parsed\thqbca_observations.csv,11115,precipitation,Q01,high,missing value,
taihu_thqbca_history,storage\raw\taihu_thqbca_parsed\thqbca_observations.csv,11116,precipitation,Q01,high,missing value,
taihu_thqbca_history,storage\raw\taihu_thqbca_parsed\thqbca_observations.csv,11122,precipitation,Q01,high,missing value,
taihu_thqbca_history,storage\raw\taihu_thqbca_parsed\thqbca_observations.csv,11135,precipitation,Q01,high,missing value,
taihu_thqbca_history,storage\raw\taihu_thqbca_parsed\thqbca_observations.csv,11136,precipitation,Q04,critical,"outside allowed range (0.0, 500.0)",530
taihu_thqbca_history,storage\raw\taihu_thqbca_parsed\thqbca_observations.csv,11137,precipitation,Q01,high,missing value,
taihu_thqbca_history,storage\raw\taihu_thqbca_parsed\thqbca_observations.csv,11140,precipitation,Q01,high,missing value,
taihu_thqbca_history,storage\raw\taihu_thqbca_parsed\thqbca_observations.csv,11148,precipitation,Q01,high,missing value,
taihu_thqbca_history,storage\raw\taihu_thqbca_parsed\thqbca_observations.csv,11150,precipitation,Q01,high,missing value,
taihu_thqbca_history,storage\raw\taihu_thqbca_parsed\thqbca_observations.csv,11161,precipitation,Q01,high,missing value,
taihu_thqbca_history,storage\raw\taihu_thqbca_parsed\thqbca_observations.csv,11164,precipitation,Q01,high,missing value,
taihu_thqbca_history,storage\raw\taihu_thqbca_parsed\thqbca_observations.csv,11171,precipitation,Q01,high,missing value,
taihu_thqbca_history,storage\raw\taihu_thqbca_parsed\thqbca_observations.csv,11172,precipitation,Q01,high,missing value,
taihu_thqbca_history,storage\raw\taihu_thqbca_parsed\thqbca_observations.csv,11174,precipitation,Q01,high,missing value,
taihu_thqbca_history,storage\raw\taihu_thqbca_parsed\thqbca_observations.csv,11175,precipitation,Q01,high,missing value,
taihu_thqbca_history,storage\raw\taihu_thqbca_parsed\thqbca_observations.csv,11176,precipitation,Q01,high,missing value,
taihu_thqbca_history,storage\raw\taihu_thqbca_parsed\thqbca_observations.csv,11184,precipitation,Q01,high,missing value,
taihu_thqbca_history,storage\raw\taihu_thqbca_parsed\thqbca_observations.csv,11188,precipitation,Q01,high,missing value,
taihu_thqbca_history,storage\raw\taihu_thqbca_parsed\thqbca_observations.csv,11204,precipitation,Q01,high,missing value,
taihu_thqbca_history,storage\raw\taihu_thqbca_parsed\thqbca_observations.csv,11207,precipitation,Q01,high,missing value,
taihu_thqbca_history,storage\raw\taihu_thqbca_parsed\thqbca_observations.csv,11215,precipitation,Q01,high,missing value,
taihu_thqbca_history,storage\raw\taihu_thqbca_parsed\thqbca_observations.csv,11219,precipitation,Q01,high,missing value,
taihu_thqbca_history,storage\raw\taihu_thqbca_parsed\thqbca_observations.csv,11226,precipitation,Q01,high,missing value,
taihu_thqbca_history,storage\raw\taihu_thqbca_parsed\thqbca_observations.csv,11231,precipitation,Q01,high,missing value,
taihu_thqbca_history,storage\raw\taihu_thqbca_parsed\thqbca_observations.csv,11232,precipitation,Q01,high,missing value,
taihu_thqbca_history,storage\raw\taihu_thqbca_parsed\thqbca_observations.csv,11242,precipitation,Q01,high,missing value,
taihu_thqbca_history,storage\raw\taihu_thqbca_parsed\thqbca_observations.csv,11244,precipitation,Q01,high,missing value,
taihu_thqbca_history,storage\raw\taihu_thqbca_parsed\thqbca_observations.csv,11248,precipitation,Q01,high,missing value,
taihu_thqbca_history,storage\raw\taihu_thqbca_parsed\thqbca_observations.csv,11257,precipitation,Q01,high,missing value,
taihu_thqbca_history,storage\raw\taihu_thqbca_parsed\thqbca_observations.csv,11267,precipitation,Q01,high,missing value,
taihu_thqbca_history,storage\raw\taihu_thqbca_parsed\thqbca_observations.csv,11269,precipitation,Q01,high,missing value,
taihu_thqbca_history,storage\raw\taihu_thqbca_parsed\thqbca_observations.csv,11272,precipitation,Q01,high,missing value,
taihu_thqbca_history,storage\raw\taihu_thqbca_parsed\thqbca_observations.csv,11277,precipitation,Q01,high,missing value,
taihu_thqbca_history,storage\raw\taihu_thqbca_parsed\thqbca_observations.csv,11306,precipitation,Q01,high,missing value,
taihu_thqbca_history,storage\raw\taihu_thqbca_parsed\thqbca_observations.csv,11311,precipitation,Q01,high,missing value,
taihu_thqbca_history,storage\raw\taihu_thqbca_parsed\thqbca_observations.csv,11312,precipitation,Q01,high,missing value,
taihu_thqbca_history,storage\raw\taihu_thqbca_parsed\thqbca_observations.csv,11318,precipitation,Q01,high,missing value,
taihu_thqbca_history,storage\raw\taihu_thqbca_parsed\thqbca_observations.csv,11321,precipitation,Q01,high,missing value,
taihu_thqbca_history,storage\raw\taihu_thqbca_parsed\thqbca_observations.csv,11322,precipitation,Q01,high,missing value,
taihu_thqbca_history,storage\raw\taihu_thqbca_parsed\thqbca_observations.csv,11323,precipitation,Q01,high,missing value,
taihu_thqbca_history,storage\raw\taihu_thqbca_parsed\thqbca_observations.csv,11326,precipitation,Q01,high,missing value,
taihu_thqbca_history,storage\raw\taihu_thqbca_parsed\thqbca_observations.csv,11334,precipitation,Q01,high,missing value,
taihu_thqbca_history,storage\raw\taihu_thqbca_parsed\thqbca_observations.csv,11336,precipitation,Q01,high,missing value,
taihu_thqbca_history,storage\raw\taihu_thqbca_parsed\thqbca_observations.csv,11337,precipitation,Q01,high,missing value,
taihu_thqbca_history,storage\raw\taihu_thqbca_parsed\thqbca_observations.csv,11338,precipitation,Q01,high,missing value,
taihu_thqbca_history,storage\raw\taihu_thqbca_parsed\thqbca_observations.csv,11341,precipitation,Q01,high,missing value,
taihu_thqbca_history,storage\raw\taihu_thqbca_parsed\thqbca_observations.csv,11342,precipitation,Q01,high,missing value,
taihu_thqbca_history,storage\raw\taihu_thqbca_parsed\thqbca_observations.csv,11348,precipitation,Q01,high,missing value,
taihu_thqbca_history,storage\raw\taihu_thqbca_parsed\thqbca_observations.csv,11349,precipitation,Q01,high,missing value,
taihu_thqbca_history,storage\raw\taihu_thqbca_parsed\thqbca_observations.csv,11366,precipitation,Q01,high,missing value,
taihu_thqbca_history,storage\raw\taihu_thqbca_parsed\thqbca_observations.csv,11373,precipitation,Q01,high,missing value,
taihu_thqbca_history,storage\raw\taihu_thqbca_parsed\thqbca_observations.csv,11375,precipitation,Q01,high,missing value,
taihu_thqbca_history,storage\raw\taihu_thqbca_parsed\thqbca_observations.csv,11377,precipitation,Q01,high,missing value,
taihu_thqbca_history,storage\raw\taihu_thqbca_parsed\thqbca_observations.csv,11382,precipitation,Q01,high,missing value,
taihu_thqbca_history,storage\raw\taihu_thqbca_parsed\thqbca_observations.csv,11387,precipitation,Q01,high,missing value,
taihu_thqbca_history,storage\raw\taihu_thqbca_parsed\thqbca_observations.csv,11416,precipitation,Q01,high,missing value,
taihu_thqbca_history,storage\raw\taihu_thqbca_parsed\thqbca_observations.csv,11417,precipitation,Q01,high,missing value,
taihu_thqbca_history,storage\raw\taihu_thqbca_parsed\thqbca_observations.csv,11421,precipitation,Q01,high,missing value,
taihu_thqbca_history,storage\raw\taihu_thqbca_parsed\thqbca_observations.csv,11423,precipitation,Q01,high,missing value,
taihu_thqbca_history,storage\raw\taihu_thqbca_parsed\thqbca_observations.csv,11424,precipitation,Q01,high,missing value,
taihu_thqbca_history,storage\raw\taihu_thqbca_parsed\thqbca_observations.csv,11426,precipitation,Q04,critical,"outside allowed range (0.0, 500.0)",690
taihu_thqbca_history,storage\raw\taihu_thqbca_parsed\thqbca_observations.csv,11431,precipitation,Q01,high,missing value,
taihu_thqbca_history,storage\raw\taihu_thqbca_parsed\thqbca_observations.csv,11432,precipitation,Q01,high,missing value,
taihu_thqbca_history,storage\raw\taihu_thqbca_parsed\thqbca_observations.csv,11433,precipitation,Q01,high,missing value,
taihu_thqbca_history,storage\raw\taihu_thqbca_parsed\thqbca_observations.csv,11446,precipitation,Q01,high,missing value,
taihu_thqbca_history,storage\raw\taihu_thqbca_parsed\thqbca_observations.csv,11448,precipitation,Q01,high,missing value,
taihu_thqbca_history,storage\raw\taihu_thqbca_parsed\thqbca_observations.csv,11456,precipitation,Q01,high,missing value,
taihu_thqbca_history,storage\raw\taihu_thqbca_parsed\thqbca_observations.csv,11460,precipitation,Q01,high,missing value,
taihu_thqbca_history,storage\raw\taihu_thqbca_parsed\thqbca_observations.csv,11461,precipitation,Q01,high,missing value,
taihu_thqbca_history,storage\raw\taihu_thqbca_parsed\thqbca_observations.csv,11462,precipitation,Q01,high,missing value,
taihu_thqbca_history,storage\raw\taihu_thqbca_parsed\thqbca_observations.csv,11468,precipitation,Q01,high,missing value,
taihu_thqbca_history,storage\raw\taihu_thqbca_parsed\thqbca_observations.csv,11470,precipitation,Q01,high,missing value,
taihu_thqbca_history,storage\raw\taihu_thqbca_parsed\thqbca_observations.csv,11478,precipitation,Q01,high,missing value,
taihu_thqbca_history,storage\raw\taihu_thqbca_parsed\thqbca_observations.csv,11493,precipitation,Q01,high,missing value,
taihu_thqbca_history,storage\raw\taihu_thqbca_parsed\thqbca_observations.csv,11502,precipitation,Q01,high,missing value,
taihu_thqbca_history,storage\raw\taihu_thqbca_parsed\thqbca_observations.csv,11506,precipitation,Q01,high,missing value,
taihu_thqbca_history,storage\raw\taihu_thqbca_parsed\thqbca_observations.csv,11511,precipitation,Q01,high,missing value,
taihu_thqbca_history,storage\raw\taihu_thqbca_parsed\thqbca_observations.csv,11512,precipitation,Q01,high,missing value,
taihu_thqbca_history,storage\raw\taihu_thqbca_parsed\thqbca_observations.csv,11513,precipitation,Q01,high,missing value,
taihu_thqbca_history,storage\raw\taihu_thqbca_parsed\thqbca_observations.csv,11515,precipitation,Q01,high,missing value,
taihu_thqbca_history,storage\raw\taihu_thqbca_parsed\thqbca_observations.csv,11519,precipitation,Q04,critical,"outside allowed range (0.0, 500.0)",515
taihu_thqbca_history,storage\raw\taihu_thqbca_parsed\thqbca_observations.csv,11527,precipitation,Q01,high,missing value,
taihu_thqbca_history,storage\raw\taihu_thqbca_parsed\thqbca_observations.csv,11528,precipitation,Q01,high,missing value,
taihu_thqbca_history,storage\raw\taihu_thqbca_parsed\thqbca_observations.csv,11535,precipitation,Q01,high,missing value,
taihu_thqbca_history,storage\raw\taihu_thqbca_parsed\thqbca_observations.csv,11536,precipitation,Q01,high,missing value,
taihu_thqbca_history,storage\raw\taihu_thqbca_parsed\thqbca_observations.csv,11538,precipitation,Q01,high,missing value,
taihu_thqbca_history,storage\raw\taihu_thqbca_parsed\thqbca_observations.csv,11545,precipitation,Q01,high,missing value,
taihu_thqbca_history,storage\raw\taihu_thqbca_parsed\thqbca_observations.csv,11550,precipitation,Q01,high,missing value,
taihu_thqbca_history,storage\raw\taihu_thqbca_parsed\thqbca_observations.csv,11552,precipitation,Q01,high,missing value,
taihu_thqbca_history,storage\raw\taihu_thqbca_parsed\thqbca_observations.csv,11559,precipitation,Q01,high,missing value,
taihu_thqbca_history,storage\raw\taihu_thqbca_parsed\thqbca_observations.csv,11560,precipitation,Q01,high,missing value,
taihu_thqbca_history,storage\raw\taihu_thqbca_parsed\thqbca_observations.csv,11561,precipitation,Q01,high,missing value,
taihu_thqbca_history,storage\raw\taihu_thqbca_parsed\thqbca_observations.csv,11571,precipitation,Q01,high,missing value,
taihu_thqbca_history,storage\raw\taihu_thqbca_parsed\thqbca_observations.csv,11572,precipitation,Q01,high,missing value,
taihu_thqbca_history,storage\raw\taihu_thqbca_parsed\thqbca_observations.csv,11581,precipitation,Q01,high,missing value,
taihu_thqbca_history,storage\raw\taihu_thqbca_parsed\thqbca_observations.csv,11582,precipitation,Q01,high,missing value,
taihu_thqbca_history,storage\raw\taihu_thqbca_parsed\thqbca_observations.csv,11586,precipitation,Q01,high,missing value,
taihu_thqbca_history,storage\raw\taihu_thqbca_parsed\thqbca_observations.csv,11588,precipitation,Q01,high,missing value,
taihu_thqbca_history,storage\raw\taihu_thqbca_parsed\thqbca_observations.csv,11612,precipitation,Q01,high,missing value,
taihu_thqbca_history,storage\raw\taihu_thqbca_parsed\thqbca_observations.csv,11620,precipitation,Q01,high,missing value,
taihu_thqbca_history,storage\raw\taihu_thqbca_parsed\thqbca_observations.csv,11621,precipitation,Q01,high,missing value,
taihu_thqbca_history,storage\raw\taihu_thqbca_parsed\thqbca_observations.csv,11622,precipitation,Q01,high,missing value,
taihu_thqbca_history,storage\raw\taihu_thqbca_parsed\thqbca_observations.csv,11625,precipitation,Q01,high,missing value,
taihu_thqbca_history,storage\raw\taihu_thqbca_parsed\thqbca_observations.csv,11626,precipitation,Q01,high,missing value,
taihu_thqbca_history,storage\raw\taihu_thqbca_parsed\thqbca_observations.csv,11628,precipitation,Q01,high,missing value,
taihu_thqbca_history,storage\raw\taihu_thqbca_parsed\thqbca_observations.csv,11629,precipitation,Q01,high,missing value,
taihu_thqbca_history,storage\raw\taihu_thqbca_parsed\thqbca_observations.csv,11632,precipitation,Q01,high,missing value,
taihu_thqbca_history,storage\raw\taihu_thqbca_parsed\thqbca_observations.csv,11633,precipitation,Q01,high,missing value,
taihu_thqbca_history,storage\raw\taihu_thqbca_parsed\thqbca_observations.csv,11644,precipitation,Q01,high,missing value,
taihu_thqbca_history,storage\raw\taihu_thqbca_parsed\thqbca_observations.csv,11646,precipitation,Q01,high,missing value,
taihu_thqbca_history,storage\raw\taihu_thqbca_parsed\thqbca_observations.csv,11649,precipitation,Q01,high,missing value,
taihu_thqbca_history,storage\raw\taihu_thqbca_parsed\thqbca_observations.csv,11650,precipitation,Q01,high,missing value,
taihu_thqbca_history,storage\raw\taihu_thqbca_parsed\thqbca_observations.csv,11656,precipitation,Q01,high,missing value,
taihu_thqbca_history,storage\raw\taihu_thqbca_parsed\thqbca_observations.csv,11657,precipitation,Q01,high,missing value,
taihu_thqbca_history,storage\raw\taihu_thqbca_parsed\thqbca_observations.csv,11660,precipitation,Q01,high,missing value,
taihu_thqbca_history,storage\raw\taihu_thqbca_parsed\thqbca_observations.csv,11661,precipitation,Q01,high,missing value,
taihu_thqbca_history,storage\raw\taihu_thqbca_parsed\thqbca_observations.csv,11664,precipitation,Q01,high,missing value,
taihu_thqbca_history,storage\raw\taihu_thqbca_parsed\thqbca_observations.csv,11665,precipitation,Q01,high,missing value,
taihu_thqbca_history,storage\raw\taihu_thqbca_parsed\thqbca_observations.csv,11671,precipitation,Q01,high,missing value,
taihu_thqbca_history,storage\raw\taihu_thqbca_parsed\thqbca_observations.csv,11675,precipitation,Q01,high,missing value,
taihu_thqbca_history,storage\raw\taihu_thqbca_parsed\thqbca_observations.csv,11676,precipitation,Q01,high,missing value,
taihu_thqbca_history,storage\raw\taihu_thqbca_parsed\thqbca_observations.csv,11677,precipitation,Q01,high,missing value,
taihu_thqbca_history,storage\raw\taihu_thqbca_parsed\thqbca_observations.csv,11682,precipitation,Q01,high,missing value,
taihu_thqbca_history,storage\raw\taihu_thqbca_parsed\thqbca_observations.csv,11688,precipitation,Q01,high,missing value,
taihu_thqbca_history,storage\raw\taihu_thqbca_parsed\thqbca_observations.csv,11690,precipitation,Q01,high,missing value,
taihu_thqbca_history,storage\raw\taihu_thqbca_parsed\thqbca_observations.csv,11706,precipitation,Q01,high,missing value,
taihu_thqbca_history,storage\raw\taihu_thqbca_parsed\thqbca_observations.csv,11709,precipitation,Q01,high,missing value,
taihu_thqbca_history,storage\raw\taihu_thqbca_parsed\thqbca_observations.csv,11712,precipitation,Q01,high,missing value,
taihu_thqbca_history,storage\raw\taihu_thqbca_parsed\thqbca_observations.csv,11715,precipitation,Q01,high,missing value,
taihu_thqbca_history,storage\raw\taihu_thqbca_parsed\thqbca_observations.csv,11721,precipitation,Q01,high,missing value,
taihu_thqbca_history,storage\raw\taihu_thqbca_parsed\thqbca_observations.csv,11727,precipitation,Q01,high,missing value,
taihu_thqbca_history,storage\raw\taihu_thqbca_parsed\thqbca_observations.csv,11729,precipitation,Q01,high,missing value,
taihu_thqbca_history,storage\raw\taihu_thqbca_parsed\thqbca_observations.csv,11737,precipitation,Q01,high,missing value,
taihu_thqbca_history,storage\raw\taihu_thqbca_parsed\thqbca_observations.csv,11741,precipitation,Q01,high,missing value,
taihu_thqbca_history,storage\raw\taihu_thqbca_parsed\thqbca_observations.csv,11745,precipitation,Q01,high,missing value,
taihu_thqbca_history,storage\raw\taihu_thqbca_parsed\thqbca_observations.csv,11756,precipitation,Q01,high,missing value,
taihu_thqbca_history,storage\raw\taihu_thqbca_parsed\thqbca_observations.csv,11757,precipitation,Q01,high,missing value,
taihu_thqbca_history,storage\raw\taihu_thqbca_parsed\thqbca_observations.csv,11759,precipitation,Q01,high,missing value,
taihu_thqbca_history,storage\raw\taihu_thqbca_parsed\thqbca_observations.csv,11764,precipitation,Q01,high,missing value,
taihu_thqbca_history,storage\raw\taihu_thqbca_parsed\thqbca_observations.csv,11770,precipitation,Q01,high,missing value,
taihu_thqbca_history,storage\raw\taihu_thqbca_parsed\thqbca_observations.csv,11777,precipitation,Q01,high,missing value,
taihu_thqbca_history,storage\raw\taihu_thqbca_parsed\thqbca_observations.csv,11778,precipitation,Q01,high,missing value,
taihu_thqbca_history,storage\raw\taihu_thqbca_parsed\thqbca_observations.csv,11780,precipitation,Q01,high,missing value,
taihu_thqbca_history,storage\raw\taihu_thqbca_parsed\thqbca_observations.csv,11790,precipitation,Q01,high,missing value,
taihu_thqbca_history,storage\raw\taihu_thqbca_parsed\thqbca_observations.csv,11797,precipitation,Q01,high,missing value,
taihu_thqbca_history,storage\raw\taihu_thqbca_parsed\thqbca_observations.csv,11798,precipitation,Q01,high,missing value,
taihu_thqbca_history,storage\raw\taihu_thqbca_parsed\thqbca_observations.csv,11799,precipitation,Q01,high,missing value,
taihu_thqbca_history,storage\raw\taihu_thqbca_parsed\thqbca_observations.csv,11814,precipitation,Q01,high,missing value,
taihu_thqbca_history,storage\raw\taihu_thqbca_parsed\thqbca_observations.csv,11815,precipitation,Q01,high,missing value,
taihu_thqbca_history,storage\raw\taihu_thqbca_parsed\thqbca_observations.csv,11816,precipitation,Q01,high,missing value,
taihu_thqbca_history,storage\raw\taihu_thqbca_parsed\thqbca_observations.csv,11827,precipitation,Q01,high,missing value,
taihu_thqbca_history,storage\raw\taihu_thqbca_parsed\thqbca_observations.csv,11828,precipitation,Q01,high,missing value,
taihu_thqbca_history,storage\raw\taihu_thqbca_parsed\thqbca_observations.csv,11830,precipitation,Q01,high,missing value,
taihu_thqbca_history,storage\raw\taihu_thqbca_parsed\thqbca_observations.csv,11837,precipitation,Q01,high,missing value,
taihu_thqbca_history,storage\raw\taihu_thqbca_parsed\thqbca_observations.csv,11838,precipitation,Q01,high,missing value,
taihu_thqbca_history,storage\raw\taihu_thqbca_parsed\thqbca_observations.csv,11840,precipitation,Q01,high,missing value,
taihu_thqbca_history,storage\raw\taihu_thqbca_parsed\thqbca_observations.csv,11853,precipitation,Q01,high,missing value,
taihu_thqbca_history,storage\raw\taihu_thqbca_parsed\thqbca_observations.csv,11854,precipitation,Q01,high,missing value,
taihu_thqbca_history,storage\raw\taihu_thqbca_parsed\thqbca_observations.csv,11857,precipitation,Q01,high,missing value,
taihu_thqbca_history,storage\raw\taihu_thqbca_parsed\thqbca_observations.csv,11871,precipitation,Q01,high,missing value,
taihu_thqbca_history,storage\raw\taihu_thqbca_parsed\thqbca_observations.csv,11880,precipitation,Q01,high,missing value,
taihu_thqbca_history,storage\raw\taihu_thqbca_parsed\thqbca_observations.csv,11881,precipitation,Q01,high,missing value,
taihu_thqbca_history,storage\raw\taihu_thqbca_parsed\thqbca_observations.csv,11882,precipitation,Q01,high,missing value,
taihu_thqbca_history,storage\raw\taihu_thqbca_parsed\thqbca_observations.csv,11896,precipitation,Q01,high,missing value,
taihu_thqbca_history,storage\raw\taihu_thqbca_parsed\thqbca_observations.csv,11904,precipitation,Q01,high,missing value,
taihu_thqbca_history,storage\raw\taihu_thqbca_parsed\thqbca_observations.csv,11914,precipitation,Q01,high,missing value,
taihu_thqbca_history,storage\raw\taihu_thqbca_parsed\thqbca_observations.csv,11926,precipitation,Q01,high,missing value,
taihu_thqbca_history,storage\raw\taihu_thqbca_parsed\thqbca_observations.csv,11931,precipitation,Q01,high,missing value,
taihu_thqbca_history,storage\raw\taihu_thqbca_parsed\thqbca_observations.csv,11934,precipitation,Q01,high,missing value,
taihu_thqbca_history,storage\raw\taihu_thqbca_parsed\thqbca_observations.csv,11960,precipitation,Q01,high,missing value,
taihu_thqbca_history,storage\raw\taihu_thqbca_parsed\thqbca_observations.csv,11961,precipitation,Q01,high,missing value,
taihu_thqbca_history,storage\raw\taihu_thqbca_parsed\thqbca_observations.csv,11962,precipitation,Q01,high,missing value,
taihu_thqbca_history,storage\raw\taihu_thqbca_parsed\thqbca_observations.csv,11963,precipitation,Q01,high,missing value,
taihu_thqbca_history,storage\raw\taihu_thqbca_parsed\thqbca_observations.csv,11988,precipitation,Q01,high,missing value,
taihu_thqbca_history,storage\raw\taihu_thqbca_parsed\thqbca_observations.csv,11993,precipitation,Q01,high,missing value,
taihu_thqbca_history,storage\raw\taihu_thqbca_parsed\thqbca_observations.csv,11996,precipitation,Q01,high,missing value,
taihu_thqbca_history,storage\raw\taihu_thqbca_parsed\thqbca_observations.csv,12000,precipitation,Q01,high,missing value,
taihu_thqbca_history,storage\raw\taihu_thqbca_parsed\thqbca_observations.csv,12021,precipitation,Q01,high,missing value,
taihu_thqbca_history,storage\raw\taihu_thqbca_parsed\thqbca_observations.csv,12025,precipitation,Q01,high,missing value,
taihu_thqbca_history,storage\raw\taihu_thqbca_parsed\thqbca_observations.csv,12026,precipitation,Q01,high,missing value,
taihu_thqbca_history,storage\raw\taihu_thqbca_parsed\thqbca_observations.csv,12032,precipitation,Q01,high,missing value,
taihu_thqbca_history,storage\raw\taihu_thqbca_parsed\thqbca_observations.csv,12047,precipitation,Q01,high,missing value,
taihu_thqbca_history,storage\raw\taihu_thqbca_parsed\thqbca_observations.csv,12048,precipitation,Q01,high,missing value,
taihu_thqbca_history,storage\raw\taihu_thqbca_parsed\thqbca_observations.csv,12051,precipitation,Q01,high,missing value,
taihu_thqbca_history,storage\raw\taihu_thqbca_parsed\thqbca_observations.csv,12054,precipitation,Q01,high,missing value,
taihu_thqbca_history,storage\raw\taihu_thqbca_parsed\thqbca_observations.csv,12066,precipitation,Q01,high,missing value,
taihu_thqbca_history,storage\raw\taihu_thqbca_parsed\thqbca_observations.csv,12074,precipitation,Q01,high,missing value,
taihu_thqbca_history,storage\raw\taihu_thqbca_parsed\thqbca_observations.csv,12081,precipitation,Q01,high,missing value,
taihu_thqbca_history,storage\raw\taihu_thqbca_parsed\thqbca_observations.csv,12090,precipitation,Q01,high,missing value,
taihu_thqbca_history,storage\raw\taihu_thqbca_parsed\thqbca_observations.csv,12094,precipitation,Q01,high,missing value,
taihu_thqbca_history,storage\raw\taihu_thqbca_parsed\thqbca_observations.csv,12096,precipitation,Q01,high,missing value,
taihu_thqbca_history,storage\raw\taihu_thqbca_parsed\thqbca_observations.csv,12109,precipitation,Q01,high,missing value,
taihu_thqbca_history,storage\raw\taihu_thqbca_parsed\thqbca_observations.csv,12116,precipitation,Q01,high,missing value,
taihu_thqbca_history,storage\raw\taihu_thqbca_parsed\thqbca_observations.csv,12123,precipitation,Q01,high,missing value,
taihu_thqbca_history,storage\raw\taihu_thqbca_parsed\thqbca_observations.csv,12125,precipitation,Q01,high,missing value,
taihu_thqbca_history,storage\raw\taihu_thqbca_parsed\thqbca_observations.csv,12128,precipitation,Q01,high,missing value,
taihu_thqbca_history,storage\raw\taihu_thqbca_parsed\thqbca_observations.csv,12153,precipitation,Q01,high,missing value,
taihu_thqbca_history,storage\raw\taihu_thqbca_parsed\thqbca_observations.csv,12159,precipitation,Q04,critical,"outside allowed range (0.0, 500.0)",695
taihu_thqbca_history,storage\raw\taihu_thqbca_parsed\thqbca_observations.csv,12169,precipitation,Q01,high,missing value,
taihu_thqbca_history,storage\raw\taihu_thqbca_parsed\thqbca_observations.csv,12172,precipitation,Q01,high,missing value,
taihu_thqbca_history,storage\raw\taihu_thqbca_parsed\thqbca_observations.csv,12176,precipitation,Q01,high,missing value,
taihu_thqbca_history,storage\raw\taihu_thqbca_parsed\thqbca_observations.csv,12184,precipitation,Q01,high,missing value,
taihu_thqbca_history,storage\raw\taihu_thqbca_parsed\thqbca_observations.csv,12194,precipitation,Q01,high,missing value,
taihu_thqbca_history,storage\raw\taihu_thqbca_parsed\thqbca_observations.csv,12196,precipitation,Q01,high,missing value,
taihu_thqbca_history,storage\raw\taihu_thqbca_parsed\thqbca_observations.csv,12197,precipitation,Q01,high,missing value,
taihu_thqbca_history,storage\raw\taihu_thqbca_parsed\thqbca_observations.csv,12198,precipitation,Q01,high,missing value,
taihu_thqbca_history,storage\raw\taihu_thqbca_parsed\thqbca_observations.csv,12207,precipitation,Q01,high,missing value,
taihu_thqbca_history,storage\raw\taihu_thqbca_parsed\thqbca_observations.csv,12208,precipitation,Q01,high,missing value,
taihu_thqbca_history,storage\raw\taihu_thqbca_parsed\thqbca_observations.csv,12209,precipitation,Q01,high,missing value,
taihu_thqbca_history,storage\raw\taihu_thqbca_parsed\thqbca_observations.csv,12218,precipitation,Q01,high,missing value,
taihu_thqbca_history,storage\raw\taihu_thqbca_parsed\thqbca_observations.csv,12227,precipitation,Q04,critical,"outside allowed range (0.0, 500.0)",511
taihu_thqbca_history,storage\raw\taihu_thqbca_parsed\thqbca_observations.csv,12235,precipitation,Q01,high,missing value,
taihu_thqbca_history,storage\raw\taihu_thqbca_parsed\thqbca_observations.csv,12250,precipitation,Q01,high,missing value,
taihu_thqbca_history,storage\raw\taihu_thqbca_parsed\thqbca_observations.csv,12252,precipitation,Q01,high,missing value,
taihu_thqbca_history,storage\raw\taihu_thqbca_parsed\thqbca_observations.csv,12256,precipitation,Q01,high,missing value,
taihu_thqbca_history,storage\raw\taihu_thqbca_parsed\thqbca_observations.csv,12265,precipitation,Q01,high,missing value,
taihu_thqbca_history,storage\raw\taihu_thqbca_parsed\thqbca_observations.csv,12270,precipitation,Q01,high,missing value,
taihu_thqbca_history,storage\raw\taihu_thqbca_parsed\thqbca_observations.csv,12286,precipitation,Q01,high,missing value,
taihu_thqbca_history,storage\raw\taihu_thqbca_parsed\thqbca_observations.csv,12287,precipitation,Q01,high,missing value,
taihu_thqbca_history,storage\raw\taihu_thqbca_parsed\thqbca_observations.csv,12290,precipitation,Q01,high,missing value,
taihu_thqbca_history,storage\raw\taihu_thqbca_parsed\thqbca_observations.csv,12293,precipitation,Q01,high,missing value,
taihu_thqbca_history,storage\raw\taihu_thqbca_parsed\thqbca_observations.csv,12300,precipitation,Q01,high,missing value,
taihu_thqbca_history,storage\raw\taihu_thqbca_parsed\thqbca_observations.csv,12314,precipitation,Q01,high,missing value,
taihu_thqbca_history,storage\raw\taihu_thqbca_parsed\thqbca_observations.csv,12326,precipitation,Q01,high,missing value,
taihu_thqbca_history,storage\raw\taihu_thqbca_parsed\thqbca_observations.csv,12335,precipitation,Q01,high,missing value,
taihu_thqbca_history,storage\raw\taihu_thqbca_parsed\thqbca_observations.csv,12358,precipitation,Q01,high,missing value,
taihu_thqbca_history,storage\raw\taihu_thqbca_parsed\thqbca_observations.csv,12359,precipitation,Q01,high,missing value,
taihu_thqbca_history,storage\raw\taihu_thqbca_parsed\thqbca_observations.csv,12360,precipitation,Q01,high,missing value,
taihu_thqbca_history,storage\raw\taihu_thqbca_parsed\thqbca_observations.csv,12362,precipitation,Q01,high,missing value,
taihu_thqbca_history,storage\raw\taihu_thqbca_parsed\thqbca_observations.csv,12368,precipitation,Q01,high,missing value,
taihu_thqbca_history,storage\raw\taihu_thqbca_parsed\thqbca_observations.csv,12369,precipitation,Q01,high,missing value,
taihu_thqbca_history,storage\raw\taihu_thqbca_parsed\thqbca_observations.csv,12371,precipitation,Q01,high,missing value,
taihu_thqbca_history,storage\raw\taihu_thqbca_parsed\thqbca_observations.csv,12375,precipitation,Q01,high,missing value,
taihu_thqbca_history,storage\raw\taihu_thqbca_parsed\thqbca_observations.csv,12376,precipitation,Q01,high,missing value,
taihu_thqbca_history,storage\raw\taihu_thqbca_parsed\thqbca_observations.csv,12377,precipitation,Q01,high,missing value,
taihu_thqbca_history,storage\raw\taihu_thqbca_parsed\thqbca_observations.csv,12378,precipitation,Q01,high,missing value,
taihu_thqbca_history,storage\raw\taihu_thqbca_parsed\thqbca_observations.csv,12379,precipitation,Q01,high,missing value,
taihu_thqbca_history,storage\raw\taihu_thqbca_parsed\thqbca_observations.csv,12381,precipitation,Q01,high,missing value,
taihu_thqbca_history,storage\raw\taihu_thqbca_parsed\thqbca_observations.csv,12382,precipitation,Q01,high,missing value,
taihu_thqbca_history,storage\raw\taihu_thqbca_parsed\thqbca_observations.csv,12385,precipitation,Q01,high,missing value,
taihu_thqbca_history,storage\raw\taihu_thqbca_parsed\thqbca_observations.csv,12389,precipitation,Q01,high,missing value,
taihu_thqbca_history,storage\raw\taihu_thqbca_parsed\thqbca_observations.csv,12390,precipitation,Q01,high,missing value,
taihu_thqbca_history,storage\raw\taihu_thqbca_parsed\thqbca_observations.csv,12398,precipitation,Q01,high,missing value,
taihu_thqbca_history,storage\raw\taihu_thqbca_parsed\thqbca_observations.csv,12404,precipitation,Q01,high,missing value,
taihu_thqbca_history,storage\raw\taihu_thqbca_parsed\thqbca_observations.csv,12406,precipitation,Q01,high,missing value,
taihu_thqbca_history,storage\raw\taihu_thqbca_parsed\thqbca_observations.csv,12407,precipitation,Q01,high,missing value,
taihu_thqbca_history,storage\raw\taihu_thqbca_parsed\thqbca_observations.csv,12408,precipitation,Q01,high,missing value,
taihu_thqbca_history,storage\raw\taihu_thqbca_parsed\thqbca_observations.csv,12409,precipitation,Q01,high,missing value,
taihu_thqbca_history,storage\raw\taihu_thqbca_parsed\thqbca_observations.csv,12414,precipitation,Q01,high,missing value,
taihu_thqbca_history,storage\raw\taihu_thqbca_parsed\thqbca_observations.csv,12415,precipitation,Q01,high,missing value,
taihu_thqbca_history,storage\raw\taihu_thqbca_parsed\thqbca_observations.csv,12424,precipitation,Q01,high,missing value,
taihu_thqbca_history,storage\raw\taihu_thqbca_parsed\thqbca_observations.csv,12427,precipitation,Q01,high,missing value,
taihu_thqbca_history,storage\raw\taihu_thqbca_parsed\thqbca_observations.csv,12450,precipitation,Q01,high,missing value,
taihu_thqbca_history,storage\raw\taihu_thqbca_parsed\thqbca_observations.csv,12458,precipitation,Q01,high,missing value,
taihu_thqbca_history,storage\raw\taihu_thqbca_parsed\thqbca_observations.csv,12461,precipitation,Q01,high,missing value,
taihu_thqbca_history,storage\raw\taihu_thqbca_parsed\thqbca_observations.csv,12463,precipitation,Q01,high,missing value,
taihu_thqbca_history,storage\raw\taihu_thqbca_parsed\thqbca_observations.csv,12467,precipitation,Q01,high,missing value,
taihu_thqbca_history,storage\raw\taihu_thqbca_parsed\thqbca_observations.csv,12469,precipitation,Q01,high,missing value,
taihu_thqbca_history,storage\raw\taihu_thqbca_parsed\thqbca_observations.csv,12470,precipitation,Q01,high,missing value,
taihu_thqbca_history,storage\raw\taihu_thqbca_parsed\thqbca_observations.csv,12472,precipitation,Q01,high,missing value,
taihu_thqbca_history,storage\raw\taihu_thqbca_parsed\thqbca_observations.csv,12477,precipitation,Q01,high,missing value,
taihu_thqbca_history,storage\raw\taihu_thqbca_parsed\thqbca_observations.csv,12479,precipitation,Q01,high,missing value,
taihu_thqbca_history,storage\raw\taihu_thqbca_parsed\thqbca_observations.csv,12489,precipitation,Q01,high,missing value,
taihu_thqbca_history,storage\raw\taihu_thqbca_parsed\thqbca_observations.csv,12510,precipitation,Q01,high,missing value,
taihu_thqbca_history,storage\raw\taihu_thqbca_parsed\thqbca_observations.csv,12530,precipitation,Q01,high,missing value,
taihu_thqbca_history,storage\raw\taihu_thqbca_parsed\thqbca_observations.csv,12532,precipitation,Q01,high,missing value,
taihu_thqbca_history,storage\raw\taihu_thqbca_parsed\thqbca_observations.csv,12533,precipitation,Q04,critical,"outside allowed range (0.0, 500.0)",853
taihu_thqbca_history,storage\raw\taihu_thqbca_parsed\thqbca_observations.csv,12540,precipitation,Q01,high,missing value,
taihu_thqbca_history,storage\raw\taihu_thqbca_parsed\thqbca_observations.csv,12560,precipitation,Q01,high,missing value,
taihu_thqbca_history,storage\raw\taihu_thqbca_parsed\thqbca_observations.csv,12563,precipitation,Q01,high,missing value,
taihu_thqbca_history,storage\raw\taihu_thqbca_parsed\thqbca_observations.csv,12577,precipitation,Q01,high,missing value,
taihu_thqbca_history,storage\raw\taihu_thqbca_parsed\thqbca_observations.csv,12580,precipitation,Q01,high,missing value,
taihu_thqbca_history,storage\raw\taihu_thqbca_parsed\thqbca_observations.csv,12592,precipitation,Q01,high,missing value,
taihu_thqbca_history,storage\raw\taihu_thqbca_parsed\thqbca_observations.csv,12617,precipitation,Q01,high,missing value,
taihu_thqbca_history,storage\raw\taihu_thqbca_parsed\thqbca_observations.csv,12618,precipitation,Q01,high,missing value,
taihu_thqbca_history,storage\raw\taihu_thqbca_parsed\thqbca_observations.csv,12620,precipitation,Q01,high,missing value,
taihu_thqbca_history,storage\raw\taihu_thqbca_parsed\thqbca_observations.csv,12621,precipitation,Q01,high,missing value,
taihu_thqbca_history,storage\raw\taihu_thqbca_parsed\thqbca_observations.csv,12623,precipitation,Q01,high,missing value,
taihu_thqbca_history,storage\raw\taihu_thqbca_parsed\thqbca_observations.csv,12626,precipitation,Q01,high,missing value,
taihu_thqbca_history,storage\raw\taihu_thqbca_parsed\thqbca_observations.csv,12638,precipitation,Q01,high,missing value,
taihu_thqbca_history,storage\raw\taihu_thqbca_parsed\thqbca_observations.csv,12651,precipitation,Q01,high,missing value,
taihu_thqbca_history,storage\raw\taihu_thqbca_parsed\thqbca_observations.csv,12652,precipitation,Q01,high,missing value,
taihu_thqbca_history,storage\raw\taihu_thqbca_parsed\thqbca_observations.csv,12653,precipitation,Q01,high,missing value,
taihu_thqbca_history,storage\raw\taihu_thqbca_parsed\thqbca_observations.csv,12663,precipitation,Q01,high,missing value,
taihu_thqbca_history,storage\raw\taihu_thqbca_parsed\thqbca_observations.csv,12670,precipitation,Q01,high,missing value,
taihu_thqbca_history,storage\raw\taihu_thqbca_parsed\thqbca_observations.csv,12683,precipitation,Q01,high,missing value,
taihu_thqbca_history,storage\raw\taihu_thqbca_parsed\thqbca_observations.csv,12684,precipitation,Q01,high,missing value,
taihu_thqbca_history,storage\raw\taihu_thqbca_parsed\thqbca_observations.csv,12685,precipitation,Q01,high,missing value,
taihu_thqbca_history,storage\raw\taihu_thqbca_parsed\thqbca_observations.csv,12686,precipitation,Q01,high,missing value,
taihu_thqbca_history,storage\raw\taihu_thqbca_parsed\thqbca_observations.csv,12690,precipitation,Q01,high,missing value,
taihu_thqbca_history,storage\raw\taihu_thqbca_parsed\thqbca_observations.csv,12693,precipitation,Q01,high,missing value,
taihu_thqbca_history,storage\raw\taihu_thqbca_parsed\thqbca_observations.csv,12702,precipitation,Q01,high,missing value,
taihu_thqbca_history,storage\raw\taihu_thqbca_parsed\thqbca_observations.csv,12709,precipitation,Q01,high,missing value,
taihu_thqbca_history,storage\raw\taihu_thqbca_parsed\thqbca_observations.csv,12723,precipitation,Q01,high,missing value,
taihu_thqbca_history,storage\raw\taihu_thqbca_parsed\thqbca_observations.csv,12731,precipitation,Q01,high,missing value,
taihu_thqbca_history,storage\raw\taihu_thqbca_parsed\thqbca_observations.csv,12741,precipitation,Q01,high,missing value,
taihu_thqbca_history,storage\raw\taihu_thqbca_parsed\thqbca_observations.csv,12742,precipitation,Q01,high,missing value,
taihu_thqbca_history,storage\raw\taihu_thqbca_parsed\thqbca_observations.csv,12743,precipitation,Q01,high,missing value,
taihu_thqbca_history,storage\raw\taihu_thqbca_parsed\thqbca_observations.csv,12746,precipitation,Q01,high,missing value,
taihu_thqbca_history,storage\raw\taihu_thqbca_parsed\thqbca_observations.csv,12763,precipitation,Q01,high,missing value,
taihu_thqbca_history,storage\raw\taihu_thqbca_parsed\thqbca_observations.csv,12764,precipitation,Q01,high,missing value,
taihu_thqbca_history,storage\raw\taihu_thqbca_parsed\thqbca_observations.csv,12767,precipitation,Q01,high,missing value,
taihu_thqbca_history,storage\raw\taihu_thqbca_parsed\thqbca_observations.csv,12782,precipitation,Q01,high,missing value,
taihu_thqbca_history,storage\raw\taihu_thqbca_parsed\thqbca_observations.csv,12789,precipitation,Q01,high,missing value,
taihu_thqbca_history,storage\raw\taihu_thqbca_parsed\thqbca_observations.csv,12816,precipitation,Q01,high,missing value,
taihu_thqbca_history,storage\raw\taihu_thqbca_parsed\thqbca_observations.csv,12818,precipitation,Q01,high,missing value,
taihu_thqbca_history,storage\raw\taihu_thqbca_parsed\thqbca_observations.csv,12820,precipitation,Q01,high,missing value,
taihu_thqbca_history,storage\raw\taihu_thqbca_parsed\thqbca_observations.csv,12846,precipitation,Q01,high,missing value,
taihu_thqbca_history,storage\raw\taihu_thqbca_parsed\thqbca_observations.csv,12847,precipitation,Q01,high,missing value,
taihu_thqbca_history,storage\raw\taihu_thqbca_parsed\thqbca_observations.csv,12849,precipitation,Q01,high,missing value,
taihu_thqbca_history,storage\raw\taihu_thqbca_parsed\thqbca_observations.csv,12861,precipitation,Q01,high,missing value,
taihu_thqbca_history,storage\raw\taihu_thqbca_parsed\thqbca_observations.csv,12865,precipitation,Q01,high,missing value,
taihu_thqbca_history,storage\raw\taihu_thqbca_parsed\thqbca_observations.csv,12867,precipitation,Q01,high,missing value,
taihu_thqbca_history,storage\raw\taihu_thqbca_parsed\thqbca_observations.csv,12871,precipitation,Q01,high,missing value,
taihu_thqbca_history,storage\raw\taihu_thqbca_parsed\thqbca_observations.csv,12873,precipitation,Q01,high,missing value,
taihu_thqbca_history,storage\raw\taihu_thqbca_parsed\thqbca_observations.csv,12884,precipitation,Q01,high,missing value,
taihu_thqbca_history,storage\raw\taihu_thqbca_parsed\thqbca_observations.csv,12895,precipitation,Q04,critical,"outside allowed range (0.0, 500.0)",528
taihu_thqbca_history,storage\raw\taihu_thqbca_parsed\thqbca_observations.csv,12903,precipitation,Q01,high,missing value,
taihu_thqbca_history,storage\raw\taihu_thqbca_parsed\thqbca_observations.csv,12907,precipitation,Q01,high,missing value,
taihu_thqbca_history,storage\raw\taihu_thqbca_parsed\thqbca_observations.csv,12911,precipitation,Q01,high,missing value,
taihu_thqbca_history,storage\raw\taihu_thqbca_parsed\thqbca_observations.csv,12914,precipitation,Q01,high,missing value,
taihu_thqbca_history,storage\raw\taihu_thqbca_parsed\thqbca_observations.csv,12915,precipitation,Q01,high,missing value,
taihu_thqbca_history,storage\raw\taihu_thqbca_parsed\thqbca_observations.csv,12923,precipitation,Q01,high,missing value,
taihu_thqbca_history,storage\raw\taihu_thqbca_parsed\thqbca_observations.csv,12924,precipitation,Q01,high,missing value,
taihu_thqbca_history,storage\raw\taihu_thqbca_parsed\thqbca_observations.csv,12939,precipitation,Q01,high,missing value,
taihu_thqbca_history,storage\raw\taihu_thqbca_parsed\thqbca_observations.csv,12949,precipitation,Q01,high,missing value,
taihu_thqbca_history,storage\raw\taihu_thqbca_parsed\thqbca_observations.csv,12952,precipitation,Q01,high,missing value,
taihu_thqbca_history,storage\raw\taihu_thqbca_parsed\thqbca_observations.csv,12963,precipitation,Q01,high,missing value,
taihu_thqbca_history,storage\raw\taihu_thqbca_parsed\thqbca_observations.csv,12964,precipitation,Q01,high,missing value,
taihu_thqbca_history,storage\raw\taihu_thqbca_parsed\thqbca_observations.csv,12983,precipitation,Q01,high,missing value,
taihu_thqbca_history,storage\raw\taihu_thqbca_parsed\thqbca_observations.csv,12985,precipitation,Q01,high,missing value,
taihu_thqbca_history,storage\raw\taihu_thqbca_parsed\thqbca_observations.csv,12991,precipitation,Q01,high,missing value,
taihu_thqbca_history,storage\raw\taihu_thqbca_parsed\thqbca_observations.csv,12993,precipitation,Q01,high,missing value,
taihu_thqbca_history,storage\raw\taihu_thqbca_parsed\thqbca_observations.csv,13000,precipitation,Q01,high,missing value,
taihu_thqbca_history,storage\raw\taihu_thqbca_parsed\thqbca_observations.csv,13007,precipitation,Q01,high,missing value,
taihu_thqbca_history,storage\raw\taihu_thqbca_parsed\thqbca_observations.csv,13017,precipitation,Q01,high,missing value,
taihu_thqbca_history,storage\raw\taihu_thqbca_parsed\thqbca_observations.csv,13018,precipitation,Q01,high,missing value,
taihu_thqbca_history,storage\raw\taihu_thqbca_parsed\thqbca_observations.csv,13030,precipitation,Q01,high,missing value,
taihu_thqbca_history,storage\raw\taihu_thqbca_parsed\thqbca_observations.csv,13038,precipitation,Q01,high,missing value,
taihu_thqbca_history,storage\raw\taihu_thqbca_parsed\thqbca_observations.csv,13043,precipitation,Q01,high,missing value,
taihu_thqbca_history,storage\raw\taihu_thqbca_parsed\thqbca_observations.csv,13050,precipitation,Q01,high,missing value,
taihu_thqbca_history,storage\raw\taihu_thqbca_parsed\thqbca_observations.csv,13053,precipitation,Q01,high,missing value,
taihu_thqbca_history,storage\raw\taihu_thqbca_parsed\thqbca_observations.csv,13054,precipitation,Q01,high,missing value,
taihu_thqbca_history,storage\raw\taihu_thqbca_parsed\thqbca_observations.csv,13061,precipitation,Q01,high,missing value,
taihu_thqbca_history,storage\raw\taihu_thqbca_parsed\thqbca_observations.csv,13062,precipitation,Q01,high,missing value,
taihu_thqbca_history,storage\raw\taihu_thqbca_parsed\thqbca_observations.csv,13070,precipitation,Q01,high,missing value,
taihu_thqbca_history,storage\raw\taihu_thqbca_parsed\thqbca_observations.csv,13075,precipitation,Q01,high,missing value,
taihu_thqbca_history,storage\raw\taihu_thqbca_parsed\thqbca_observations.csv,13076,precipitation,Q01,high,missing value,
taihu_thqbca_history,storage\raw\taihu_thqbca_parsed\thqbca_observations.csv,13098,precipitation,Q01,high,missing value,
taihu_thqbca_history,storage\raw\taihu_thqbca_parsed\thqbca_observations.csv,13102,precipitation,Q01,high,missing value,
taihu_thqbca_history,storage\raw\taihu_thqbca_parsed\thqbca_observations.csv,13103,precipitation,Q01,high,missing value,
taihu_thqbca_history,storage\raw\taihu_thqbca_parsed\thqbca_observations.csv,13113,precipitation,Q01,high,missing value,
taihu_thqbca_history,storage\raw\taihu_thqbca_parsed\thqbca_observations.csv,13121,precipitation,Q01,high,missing value,
taihu_thqbca_history,storage\raw\taihu_thqbca_parsed\thqbca_observations.csv,13122,precipitation,Q01,high,missing value,
taihu_thqbca_history,storage\raw\taihu_thqbca_parsed\thqbca_observations.csv,13123,precipitation,Q01,high,missing value,
taihu_thqbca_history,storage\raw\taihu_thqbca_parsed\thqbca_observations.csv,13148,precipitation,Q01,high,missing value,
taihu_thqbca_history,storage\raw\taihu_thqbca_parsed\thqbca_observations.csv,13159,precipitation,Q01,high,missing value,
taihu_thqbca_history,storage\raw\taihu_thqbca_parsed\thqbca_observations.csv,13160,precipitation,Q01,high,missing value,
taihu_thqbca_history,storage\raw\taihu_thqbca_parsed\thqbca_observations.csv,13167,precipitation,Q01,high,missing value,
taihu_thqbca_history,storage\raw\taihu_thqbca_parsed\thqbca_observations.csv,13170,precipitation,Q01,high,missing value,
taihu_thqbca_history,storage\raw\taihu_thqbca_parsed\thqbca_observations.csv,13207,precipitation,Q01,high,missing value,
taihu_thqbca_history,storage\raw\taihu_thqbca_parsed\thqbca_observations.csv,13222,precipitation,Q01,high,missing value,
taihu_thqbca_history,storage\raw\taihu_thqbca_parsed\thqbca_observations.csv,13225,precipitation,Q01,high,missing value,
taihu_thqbca_history,storage\raw\taihu_thqbca_parsed\thqbca_observations.csv,13226,precipitation,Q01,high,missing value,
taihu_thqbca_history,storage\raw\taihu_thqbca_parsed\thqbca_observations.csv,13227,precipitation,Q01,high,missing value,
taihu_thqbca_history,storage\raw\taihu_thqbca_parsed\thqbca_observations.csv,13232,precipitation,Q01,high,missing value,
taihu_thqbca_history,storage\raw\taihu_thqbca_parsed\thqbca_observations.csv,13249,precipitation,Q01,high,missing value,
taihu_thqbca_history,storage\raw\taihu_thqbca_parsed\thqbca_observations.csv,13251,precipitation,Q01,high,missing value,
taihu_thqbca_history,storage\raw\taihu_thqbca_parsed\thqbca_observations.csv,13253,precipitation,Q01,high,missing value,
taihu_thqbca_history,storage\raw\taihu_thqbca_parsed\thqbca_observations.csv,13261,precipitation,Q01,high,missing value,
taihu_thqbca_history,storage\raw\taihu_thqbca_parsed\thqbca_observations.csv,13266,precipitation,Q04,critical,"outside allowed range (0.0, 500.0)",942
taihu_thqbca_history,storage\raw\taihu_thqbca_parsed\thqbca_observations.csv,13267,precipitation,Q01,high,missing value,
taihu_thqbca_history,storage\raw\taihu_thqbca_parsed\thqbca_observations.csv,13269,precipitation,Q01,high,missing value,
taihu_thqbca_history,storage\raw\taihu_thqbca_parsed\thqbca_observations.csv,13271,precipitation,Q01,high,missing value,
taihu_thqbca_history,storage\raw\taihu_thqbca_parsed\thqbca_observations.csv,13277,precipitation,Q01,high,missing value,
taihu_thqbca_history,storage\raw\taihu_thqbca_parsed\thqbca_observations.csv,13280,precipitation,Q01,high,missing value,
taihu_thqbca_history,storage\raw\taihu_thqbca_parsed\thqbca_observations.csv,13284,precipitation,Q01,high,missing value,
taihu_thqbca_history,storage\raw\taihu_thqbca_parsed\thqbca_observations.csv,13305,precipitation,Q01,high,missing value,
taihu_thqbca_history,storage\raw\taihu_thqbca_parsed\thqbca_observations.csv,13321,precipitation,Q01,high,missing value,
taihu_thqbca_history,storage\raw\taihu_thqbca_parsed\thqbca_observations.csv,13322,precipitation,Q01,high,missing value,
taihu_thqbca_history,storage\raw\taihu_thqbca_parsed\thqbca_observations.csv,13326,precipitation,Q04,critical,"outside allowed range (0.0, 500.0)",901
taihu_thqbca_history,storage\raw\taihu_thqbca_parsed\thqbca_observations.csv,13332,precipitation,Q01,high,missing value,
taihu_thqbca_history,storage\raw\taihu_thqbca_parsed\thqbca_observations.csv,13336,precipitation,Q01,high,missing value,
taihu_thqbca_history,storage\raw\taihu_thqbca_parsed\thqbca_observations.csv,13339,precipitation,Q01,high,missing value,
taihu_thqbca_history,storage\raw\taihu_thqbca_parsed\thqbca_observations.csv,13343,precipitation,Q01,high,missing value,
taihu_thqbca_history,storage\raw\taihu_thqbca_parsed\thqbca_observations.csv,13353,precipitation,Q01,high,missing value,
taihu_thqbca_history,storage\raw\taihu_thqbca_parsed\thqbca_observations.csv,13354,precipitation,Q01,high,missing value,
taihu_thqbca_history,storage\raw\taihu_thqbca_parsed\thqbca_observations.csv,13355,precipitation,Q01,high,missing value,
taihu_thqbca_history,storage\raw\taihu_thqbca_parsed\thqbca_observations.csv,13358,precipitation,Q01,high,missing value,
taihu_thqbca_history,storage\raw\taihu_thqbca_parsed\thqbca_observations.csv,13359,precipitation,Q01,high,missing value,
taihu_thqbca_history,storage\raw\taihu_thqbca_parsed\thqbca_observations.csv,13360,precipitation,Q01,high,missing value,
taihu_thqbca_history,storage\raw\taihu_thqbca_parsed\thqbca_observations.csv,13365,precipitation,Q01,high,missing value,
taihu_thqbca_history,storage\raw\taihu_thqbca_parsed\thqbca_observations.csv,13366,precipitation,Q01,high,missing value,
taihu_thqbca_history,storage\raw\taihu_thqbca_parsed\thqbca_observations.csv,13367,precipitation,Q01,high,missing value,
taihu_thqbca_history,storage\raw\taihu_thqbca_parsed\thqbca_observations.csv,13376,precipitation,Q01,high,missing value,
taihu_thqbca_history,storage\raw\taihu_thqbca_parsed\thqbca_observations.csv,13377,precipitation,Q01,high,missing value,
taihu_thqbca_history,storage\raw\taihu_thqbca_parsed\thqbca_observations.csv,13381,precipitation,Q01,high,missing value,
taihu_thqbca_history,storage\raw\taihu_thqbca_parsed\thqbca_observations.csv,13382,precipitation,Q01,high,missing value,
taihu_thqbca_history,storage\raw\taihu_thqbca_parsed\thqbca_observations.csv,13384,precipitation,Q01,high,missing value,
taihu_thqbca_history,storage\raw\taihu_thqbca_parsed\thqbca_observations.csv,13395,precipitation,Q01,high,missing value,
taihu_thqbca_history,storage\raw\taihu_thqbca_parsed\thqbca_observations.csv,13398,precipitation,Q01,high,missing value,
taihu_thqbca_history,storage\raw\taihu_thqbca_parsed\thqbca_observations.csv,13399,precipitation,Q01,high,missing value,
taihu_thqbca_history,storage\raw\taihu_thqbca_parsed\thqbca_observations.csv,13420,precipitation,Q01,high,missing value,
taihu_thqbca_history,storage\raw\taihu_thqbca_parsed\thqbca_observations.csv,13421,precipitation,Q01,high,missing value,
taihu_thqbca_history,storage\raw\taihu_thqbca_parsed\thqbca_observations.csv,13432,precipitation,Q01,high,missing value,
taihu_thqbca_history,storage\raw\taihu_thqbca_parsed\thqbca_observations.csv,13442,precipitation,Q01,high,missing value,
taihu_thqbca_history,storage\raw\taihu_thqbca_parsed\thqbca_observations.csv,13443,precipitation,Q01,high,missing value,
taihu_thqbca_history,storage\raw\taihu_thqbca_parsed\thqbca_observations.csv,13449,precipitation,Q01,high,missing value,
taihu_thqbca_history,storage\raw\taihu_thqbca_parsed\thqbca_observations.csv,13450,precipitation,Q01,high,missing value,
taihu_thqbca_history,storage\raw\taihu_thqbca_parsed\thqbca_observations.csv,13451,precipitation,Q01,high,missing value,
taihu_thqbca_history,storage\raw\taihu_thqbca_parsed\thqbca_observations.csv,13454,precipitation,Q01,high,missing value,
taihu_thqbca_history,storage\raw\taihu_thqbca_parsed\thqbca_observations.csv,13455,precipitation,Q01,high,missing value,
taihu_thqbca_history,storage\raw\taihu_thqbca_parsed\thqbca_observations.csv,13456,precipitation,Q01,high,missing value,
taihu_thqbca_history,storage\raw\taihu_thqbca_parsed\thqbca_observations.csv,13457,precipitation,Q01,high,missing value,
taihu_thqbca_history,storage\raw\taihu_thqbca_parsed\thqbca_observations.csv,13460,precipitation,Q01,high,missing value,
taihu_thqbca_history,storage\raw\taihu_thqbca_parsed\thqbca_observations.csv,13463,precipitation,Q01,high,missing value,
taihu_thqbca_history,storage\raw\taihu_thqbca_parsed\thqbca_observations.csv,13465,precipitation,Q01,high,missing value,
taihu_thqbca_history,storage\raw\taihu_thqbca_parsed\thqbca_observations.csv,13466,precipitation,Q01,high,missing value,
taihu_thqbca_history,storage\raw\taihu_thqbca_parsed\thqbca_observations.csv,13470,precipitation,Q01,high,missing value,
taihu_thqbca_history,storage\raw\taihu_thqbca_parsed\thqbca_observations.csv,13473,precipitation,Q01,high,missing value,
taihu_thqbca_history,storage\raw\taihu_thqbca_parsed\thqbca_observations.csv,13474,precipitation,Q01,high,missing value,
taihu_thqbca_history,storage\raw\taihu_thqbca_parsed\thqbca_observations.csv,13475,precipitation,Q01,high,missing value,
taihu_thqbca_history,storage\raw\taihu_thqbca_parsed\thqbca_observations.csv,13476,precipitation,Q01,high,missing value,
taihu_thqbca_history,storage\raw\taihu_thqbca_parsed\thqbca_observations.csv,13477,precipitation,Q01,high,missing value,
taihu_thqbca_history,storage\raw\taihu_thqbca_parsed\thqbca_observations.csv,13478,precipitation,Q01,high,missing value,
taihu_thqbca_history,storage\raw\taihu_thqbca_parsed\thqbca_observations.csv,13487,precipitation,Q01,high,missing value,
taihu_thqbca_history,storage\raw\taihu_thqbca_parsed\thqbca_observations.csv,13488,precipitation,Q01,high,missing value,
taihu_thqbca_history,storage\raw\taihu_thqbca_parsed\thqbca_observations.csv,13489,precipitation,Q01,high,missing value,
taihu_thqbca_history,storage\raw\taihu_thqbca_parsed\thqbca_observations.csv,13493,precipitation,Q01,high,missing value,
taihu_thqbca_history,storage\raw\taihu_thqbca_parsed\thqbca_observations.csv,13503,precipitation,Q01,high,missing value,
taihu_thqbca_history,storage\raw\taihu_thqbca_parsed\thqbca_observations.csv,13507,precipitation,Q01,high,missing value,
taihu_thqbca_history,storage\raw\taihu_thqbca_parsed\thqbca_observations.csv,13508,precipitation,Q01,high,missing value,
taihu_thqbca_history,storage\raw\taihu_thqbca_parsed\thqbca_observations.csv,13509,precipitation,Q01,high,missing value,
taihu_thqbca_history,storage\raw\taihu_thqbca_parsed\thqbca_observations.csv,13554,precipitation,Q01,high,missing value,
taihu_thqbca_history,storage\raw\taihu_thqbca_parsed\thqbca_observations.csv,13565,precipitation,Q04,critical,"outside allowed range (0.0, 500.0)",975
taihu_thqbca_history,storage\raw\taihu_thqbca_parsed\thqbca_observations.csv,13566,precipitation,Q01,high,missing value,
taihu_thqbca_history,storage\raw\taihu_thqbca_parsed\thqbca_observations.csv,13576,precipitation,Q04,critical,"outside allowed range (0.0, 500.0)",552
taihu_thqbca_history,storage\raw\taihu_thqbca_parsed\thqbca_observations.csv,13585,precipitation,Q01,high,missing value,
taihu_thqbca_history,storage\raw\taihu_thqbca_parsed\thqbca_observations.csv,13594,precipitation,Q01,high,missing value,
taihu_thqbca_history,storage\raw\taihu_thqbca_parsed\thqbca_observations.csv,13595,precipitation,Q01,high,missing value,
taihu_thqbca_history,storage\raw\taihu_thqbca_parsed\thqbca_observations.csv,13598,precipitation,Q01,high,missing value,
taihu_thqbca_history,storage\raw\taihu_thqbca_parsed\thqbca_observations.csv,13604,precipitation,Q01,high,missing value,
taihu_thqbca_history,storage\raw\taihu_thqbca_parsed\thqbca_observations.csv,13605,precipitation,Q01,high,missing value,
taihu_thqbca_history,storage\raw\taihu_thqbca_parsed\thqbca_observations.csv,13618,precipitation,Q01,high,missing value,
taihu_thqbca_history,storage\raw\taihu_thqbca_parsed\thqbca_observations.csv,13623,precipitation,Q01,high,missing value,
taihu_thqbca_history,storage\raw\taihu_thqbca_parsed\thqbca_observations.csv,13624,precipitation,Q01,high,missing value,
taihu_thqbca_history,storage\raw\taihu_thqbca_parsed\thqbca_observations.csv,13637,precipitation,Q01,high,missing value,
taihu_thqbca_history,storage\raw\taihu_thqbca_parsed\thqbca_observations.csv,13639,precipitation,Q01,high,missing value,
taihu_thqbca_history,storage\raw\taihu_thqbca_parsed\thqbca_observations.csv,13643,precipitation,Q01,high,missing value,
taihu_thqbca_history,storage\raw\taihu_thqbca_parsed\thqbca_observations.csv,13647,precipitation,Q04,critical,"outside allowed range (0.0, 500.0)",532
taihu_thqbca_history,storage\raw\taihu_thqbca_parsed\thqbca_observations.csv,13654,precipitation,Q01,high,missing value,
taihu_thqbca_history,storage\raw\taihu_thqbca_parsed\thqbca_observations.csv,13656,precipitation,Q01,high,missing value,
taihu_thqbca_history,storage\raw\taihu_thqbca_parsed\thqbca_observations.csv,13657,precipitation,Q01,high,missing value,
taihu_thqbca_history,storage\raw\taihu_thqbca_parsed\thqbca_observations.csv,13660,precipitation,Q01,high,missing value,
taihu_thqbca_history,storage\raw\taihu_thqbca_parsed\thqbca_observations.csv,13668,precipitation,Q01,high,missing value,
taihu_thqbca_history,storage\raw\taihu_thqbca_parsed\thqbca_observations.csv,13672,precipitation,Q01,high,missing value,
taihu_thqbca_history,storage\raw\taihu_thqbca_parsed\thqbca_observations.csv,13674,precipitation,Q01,high,missing value,
taihu_thqbca_history,storage\raw\taihu_thqbca_parsed\thqbca_observations.csv,13679,precipitation,Q01,high,missing value,
taihu_thqbca_history,storage\raw\taihu_thqbca_parsed\thqbca_observations.csv,13680,precipitation,Q01,high,missing value,
taihu_thqbca_history,storage\raw\taihu_thqbca_parsed\thqbca_observations.csv,13682,precipitation,Q04,critical,"outside allowed range (0.0, 500.0)",524
taihu_thqbca_history,storage\raw\taihu_thqbca_parsed\thqbca_observations.csv,13692,precipitation,Q01,high,missing value,
taihu_thqbca_history,storage\raw\taihu_thqbca_parsed\thqbca_observations.csv,13694,precipitation,Q01,high,missing value,
taihu_thqbca_history,storage\raw\taihu_thqbca_parsed\thqbca_observations.csv,13698,precipitation,Q01,high,missing value,
taihu_thqbca_history,storage\raw\taihu_thqbca_parsed\thqbca_observations.csv,13702,precipitation,Q04,critical,"outside allowed range (0.0, 500.0)",786
taihu_thqbca_history,storage\raw\taihu_thqbca_parsed\thqbca_observations.csv,13708,precipitation,Q01,high,missing value,
taihu_thqbca_history,storage\raw\taihu_thqbca_parsed\thqbca_observations.csv,13710,precipitation,Q01,high,missing value,
taihu_thqbca_history,storage\raw\taihu_thqbca_parsed\thqbca_observations.csv,13713,precipitation,Q01,high,missing value,
taihu_thqbca_history,storage\raw\taihu_thqbca_parsed\thqbca_observations.csv,13718,precipitation,Q01,high,missing value,
taihu_thqbca_history,storage\raw\taihu_thqbca_parsed\thqbca_observations.csv,13719,precipitation,Q01,high,missing value,
taihu_thqbca_history,storage\raw\taihu_thqbca_parsed\thqbca_observations.csv,13725,precipitation,Q01,high,missing value,
taihu_thqbca_history,storage\raw\taihu_thqbca_parsed\thqbca_observations.csv,13734,precipitation,Q01,high,missing value,
taihu_thqbca_history,storage\raw\taihu_thqbca_parsed\thqbca_observations.csv,13735,precipitation,Q01,high,missing value,
taihu_thqbca_history,storage\raw\taihu_thqbca_parsed\thqbca_observations.csv,13737,precipitation,Q01,high,missing value,
taihu_thqbca_history,storage\raw\taihu_thqbca_parsed\thqbca_observations.csv,13738,precipitation,Q01,high,missing value,
taihu_thqbca_history,storage\raw\taihu_thqbca_parsed\thqbca_observations.csv,13739,precipitation,Q01,high,missing value,
taihu_thqbca_history,storage\raw\taihu_thqbca_parsed\thqbca_observations.csv,13741,precipitation,Q01,high,missing value,
taihu_thqbca_history,storage\raw\taihu_thqbca_parsed\thqbca_observations.csv,13742,precipitation,Q01,high,missing value,
taihu_thqbca_history,storage\raw\taihu_thqbca_parsed\thqbca_observations.csv,13744,precipitation,Q01,high,missing value,
taihu_thqbca_history,storage\raw\taihu_thqbca_parsed\thqbca_observations.csv,13746,precipitation,Q01,high,missing value,
taihu_thqbca_history,storage\raw\taihu_thqbca_parsed\thqbca_observations.csv,13754,precipitation,Q01,high,missing value,
taihu_thqbca_history,storage\raw\taihu_thqbca_parsed\thqbca_observations.csv,13757,precipitation,Q01,high,missing value,
taihu_thqbca_history,storage\raw\taihu_thqbca_parsed\thqbca_observations.csv,13758,precipitation,Q01,high,missing value,
taihu_thqbca_history,storage\raw\taihu_thqbca_parsed\thqbca_observations.csv,13767,precipitation,Q01,high,missing value,
taihu_thqbca_history,storage\raw\taihu_thqbca_parsed\thqbca_observations.csv,13769,precipitation,Q01,high,missing value,
taihu_thqbca_history,storage\raw\taihu_thqbca_parsed\thqbca_observations.csv,13777,precipitation,Q01,high,missing value,
taihu_thqbca_history,storage\raw\taihu_thqbca_parsed\thqbca_observations.csv,13779,precipitation,Q01,high,missing value,
taihu_thqbca_history,storage\raw\taihu_thqbca_parsed\thqbca_observations.csv,13788,precipitation,Q01,high,missing value,
taihu_thqbca_history,storage\raw\taihu_thqbca_parsed\thqbca_observations.csv,13789,precipitation,Q01,high,missing value,
taihu_thqbca_history,storage\raw\taihu_thqbca_parsed\thqbca_observations.csv,13791,precipitation,Q01,high,missing value,
taihu_thqbca_history,storage\raw\taihu_thqbca_parsed\thqbca_observations.csv,13792,precipitation,Q01,high,missing value,
taihu_thqbca_history,storage\raw\taihu_thqbca_parsed\thqbca_observations.csv,13793,precipitation,Q01,high,missing value,
taihu_thqbca_history,storage\raw\taihu_thqbca_parsed\thqbca_observations.csv,13794,precipitation,Q01,high,missing value,
taihu_thqbca_history,storage\raw\taihu_thqbca_parsed\thqbca_observations.csv,13795,precipitation,Q01,high,missing value,
taihu_thqbca_history,storage\raw\taihu_thqbca_parsed\thqbca_observations.csv,13797,precipitation,Q01,high,missing value,
taihu_thqbca_history,storage\raw\taihu_thqbca_parsed\thqbca_observations.csv,13820,precipitation,Q01,high,missing value,
taihu_thqbca_history,storage\raw\taihu_thqbca_parsed\thqbca_observations.csv,13824,precipitation,Q01,high,missing value,
taihu_thqbca_history,storage\raw\taihu_thqbca_parsed\thqbca_observations.csv,13829,precipitation,Q01,high,missing value,
taihu_thqbca_history,storage\raw\taihu_thqbca_parsed\thqbca_observations.csv,13836,precipitation,Q01,high,missing value,
taihu_thqbca_history,storage\raw\taihu_thqbca_parsed\thqbca_observations.csv,13838,precipitation,Q01,high,missing value,
taihu_thqbca_history,storage\raw\taihu_thqbca_parsed\thqbca_observations.csv,13840,precipitation,Q01,high,missing value,
taihu_thqbca_history,storage\raw\taihu_thqbca_parsed\thqbca_observations.csv,13841,precipitation,Q01,high,missing value,
taihu_thqbca_history,storage\raw\taihu_thqbca_parsed\thqbca_observations.csv,13848,precipitation,Q01,high,missing value,
taihu_thqbca_history,storage\raw\taihu_thqbca_parsed\thqbca_observations.csv,13850,precipitation,Q01,high,missing value,
taihu_thqbca_history,storage\raw\taihu_thqbca_parsed\thqbca_observations.csv,13854,precipitation,Q01,high,missing value,
taihu_thqbca_history,storage\raw\taihu_thqbca_parsed\thqbca_observations.csv,13855,precipitation,Q01,high,missing value,
taihu_thqbca_history,storage\raw\taihu_thqbca_parsed\thqbca_observations.csv,13856,precipitation,Q01,high,missing value,
taihu_thqbca_history,storage\raw\taihu_thqbca_parsed\thqbca_observations.csv,13858,precipitation,Q01,high,missing value,
taihu_thqbca_history,storage\raw\taihu_thqbca_parsed\thqbca_observations.csv,13860,precipitation,Q01,high,missing value,
taihu_thqbca_history,storage\raw\taihu_thqbca_parsed\thqbca_observations.csv,13868,precipitation,Q01,high,missing value,
taihu_thqbca_history,storage\raw\taihu_thqbca_parsed\thqbca_observations.csv,13874,precipitation,Q01,high,missing value,
taihu_thqbca_history,storage\raw\taihu_thqbca_parsed\thqbca_observations.csv,13883,precipitation,Q01,high,missing value,
taihu_thqbca_history,storage\raw\taihu_thqbca_parsed\thqbca_observations.csv,13885,precipitation,Q01,high,missing value,
taihu_thqbca_history,storage\raw\taihu_thqbca_parsed\thqbca_observations.csv,13888,precipitation,Q01,high,missing value,
taihu_thqbca_history,storage\raw\taihu_thqbca_parsed\thqbca_observations.csv,13890,precipitation,Q01,high,missing value,
taihu_thqbca_history,storage\raw\taihu_thqbca_parsed\thqbca_observations.csv,13891,precipitation,Q01,high,missing value,
taihu_thqbca_history,storage\raw\taihu_thqbca_parsed\thqbca_observations.csv,13897,precipitation,Q01,high,missing value,
taihu_thqbca_history,storage\raw\taihu_thqbca_parsed\thqbca_observations.csv,13899,precipitation,Q01,high,missing value,
taihu_thqbca_history,storage\raw\taihu_thqbca_parsed\thqbca_observations.csv,13920,precipitation,Q01,high,missing value,
taihu_thqbca_history,storage\raw\taihu_thqbca_parsed\thqbca_observations.csv,13928,precipitation,Q01,high,missing value,
taihu_thqbca_history,storage\raw\taihu_thqbca_parsed\thqbca_observations.csv,13932,precipitation,Q01,high,missing value,
taihu_thqbca_history,storage\raw\taihu_thqbca_parsed\thqbca_observations.csv,13933,precipitation,Q01,high,missing value,
taihu_thqbca_history,storage\raw\taihu_thqbca_parsed\thqbca_observations.csv,13936,precipitation,Q01,high,missing value,
taihu_thqbca_history,storage\raw\taihu_thqbca_parsed\thqbca_observations.csv,13942,precipitation,Q04,critical,"outside allowed range (0.0, 500.0)",556
taihu_thqbca_history,storage\raw\taihu_thqbca_parsed\thqbca_observations.csv,13948,precipitation,Q01,high,missing value,
taihu_thqbca_history,storage\raw\taihu_thqbca_parsed\thqbca_observations.csv,13956,precipitation,Q01,high,missing value,
taihu_thqbca_history,storage\raw\taihu_thqbca_parsed\thqbca_observations.csv,13957,precipitation,Q01,high,missing value,
taihu_thqbca_history,storage\raw\taihu_thqbca_parsed\thqbca_observations.csv,13969,precipitation,Q01,high,missing value,
taihu_thqbca_history,storage\raw\taihu_thqbca_parsed\thqbca_observations.csv,13993,precipitation,Q01,high,missing value,
taihu_thqbca_history,storage\raw\taihu_thqbca_parsed\thqbca_observations.csv,14018,precipitation,Q01,high,missing value,
taihu_thqbca_history,storage\raw\taihu_thqbca_parsed\thqbca_observations.csv,14019,precipitation,Q01,high,missing value,
taihu_thqbca_history,storage\raw\taihu_thqbca_parsed\thqbca_observations.csv,14021,precipitation,Q01,high,missing value,
taihu_thqbca_history,storage\raw\taihu_thqbca_parsed\thqbca_observations.csv,14026,precipitation,Q01,high,missing value,
taihu_thqbca_history,storage\raw\taihu_thqbca_parsed\thqbca_observations.csv,14043,precipitation,Q01,high,missing value,
taihu_thqbca_history,storage\raw\taihu_thqbca_parsed\thqbca_observations.csv,14044,precipitation,Q04,critical,"outside allowed range (0.0, 500.0)",612
taihu_thqbca_history,storage\raw\taihu_thqbca_parsed\thqbca_observations.csv,14046,precipitation,Q01,high,missing value,
taihu_thqbca_history,storage\raw\taihu_thqbca_parsed\thqbca_observations.csv,14047,precipitation,Q01,high,missing value,
taihu_thqbca_history,storage\raw\taihu_thqbca_parsed\thqbca_observations.csv,14052,precipitation,Q01,high,missing value,
taihu_thqbca_history,storage\raw\taihu_thqbca_parsed\thqbca_observations.csv,14055,precipitation,Q01,high,missing value,
taihu_thqbca_history,storage\raw\taihu_thqbca_parsed\thqbca_observations.csv,14076,precipitation,Q01,high,missing value,
taihu_thqbca_history,storage\raw\taihu_thqbca_parsed\thqbca_observations.csv,14079,precipitation,Q01,high,missing value,
taihu_thqbca_history,storage\raw\taihu_thqbca_parsed\thqbca_observations.csv,14085,precipitation,Q01,high,missing value,
taihu_thqbca_history,storage\raw\taihu_thqbca_parsed\thqbca_observations.csv,14086,precipitation,Q01,high,missing value,
taihu_thqbca_history,storage\raw\taihu_thqbca_parsed\thqbca_observations.csv,14087,precipitation,Q01,high,missing value,
taihu_thqbca_history,storage\raw\taihu_thqbca_parsed\thqbca_observations.csv,14089,precipitation,Q01,high,missing value,
taihu_thqbca_history,storage\raw\taihu_thqbca_parsed\thqbca_observations.csv,14106,precipitation,Q01,high,missing value,
taihu_thqbca_history,storage\raw\taihu_thqbca_parsed\thqbca_observations.csv,14108,precipitation,Q01,high,missing value,
taihu_thqbca_history,storage\raw\taihu_thqbca_parsed\thqbca_observations.csv,14117,precipitation,Q01,high,missing value,
taihu_thqbca_history,storage\raw\taihu_thqbca_parsed\thqbca_observations.csv,14132,precipitation,Q01,high,missing value,
taihu_thqbca_history,storage\raw\taihu_thqbca_parsed\thqbca_observations.csv,14133,precipitation,Q01,high,missing value,
taihu_thqbca_history,storage\raw\taihu_thqbca_parsed\thqbca_observations.csv,14142,precipitation,Q01,high,missing value,
taihu_thqbca_history,storage\raw\taihu_thqbca_parsed\thqbca_observations.csv,14154,precipitation,Q01,high,missing value,
taihu_thqbca_history,storage\raw\taihu_thqbca_parsed\thqbca_observations.csv,14156,precipitation,Q01,high,missing value,
taihu_thqbca_history,storage\raw\taihu_thqbca_parsed\thqbca_observations.csv,14163,precipitation,Q01,high,missing value,
taihu_thqbca_history,storage\raw\taihu_thqbca_parsed\thqbca_observations.csv,14169,precipitation,Q01,high,missing value,
taihu_thqbca_history,storage\raw\taihu_thqbca_parsed\thqbca_observations.csv,14171,precipitation,Q01,high,missing value,
taihu_thqbca_history,storage\raw\taihu_thqbca_parsed\thqbca_observations.csv,14173,precipitation,Q01,high,missing value,
taihu_thqbca_history,storage\raw\taihu_thqbca_parsed\thqbca_observations.csv,14180,precipitation,Q01,high,missing value,
taihu_thqbca_history,storage\raw\taihu_thqbca_parsed\thqbca_observations.csv,14184,precipitation,Q01,high,missing value,
taihu_thqbca_history,storage\raw\taihu_thqbca_parsed\thqbca_observations.csv,14187,precipitation,Q01,high,missing value,
taihu_thqbca_history,storage\raw\taihu_thqbca_parsed\thqbca_observations.csv,14188,precipitation,Q01,high,missing value,
taihu_thqbca_history,storage\raw\taihu_thqbca_parsed\thqbca_observations.csv,14189,precipitation,Q01,high,missing value,
taihu_thqbca_history,storage\raw\taihu_thqbca_parsed\thqbca_observations.csv,14190,precipitation,Q01,high,missing value,
taihu_thqbca_history,storage\raw\taihu_thqbca_parsed\thqbca_observations.csv,14191,precipitation,Q01,high,missing value,
taihu_thqbca_history,storage\raw\taihu_thqbca_parsed\thqbca_observations.csv,14192,precipitation,Q01,high,missing value,
taihu_thqbca_history,storage\raw\taihu_thqbca_parsed\thqbca_observations.csv,14204,precipitation,Q01,high,missing value,
taihu_thqbca_history,storage\raw\taihu_thqbca_parsed\thqbca_observations.csv,14208,precipitation,Q01,high,missing value,
taihu_thqbca_history,storage\raw\taihu_thqbca_parsed\thqbca_observations.csv,14209,precipitation,Q01,high,missing value,
taihu_thqbca_history,storage\raw\taihu_thqbca_parsed\thqbca_observations.csv,14218,precipitation,Q01,high,missing value,
taihu_thqbca_history,storage\raw\taihu_thqbca_parsed\thqbca_observations.csv,14220,precipitation,Q01,high,missing value,
taihu_thqbca_history,storage\raw\taihu_thqbca_parsed\thqbca_observations.csv,14221,precipitation,Q01,high,missing value,
taihu_thqbca_history,storage\raw\taihu_thqbca_parsed\thqbca_observations.csv,14222,precipitation,Q01,high,missing value,
taihu_thqbca_history,storage\raw\taihu_thqbca_parsed\thqbca_observations.csv,14224,precipitation,Q01,high,missing value,
taihu_thqbca_history,storage\raw\taihu_thqbca_parsed\thqbca_observations.csv,14225,precipitation,Q01,high,missing value,
taihu_thqbca_history,storage\raw\taihu_thqbca_parsed\thqbca_observations.csv,14228,precipitation,Q01,high,missing value,
taihu_thqbca_history,storage\raw\taihu_thqbca_parsed\thqbca_observations.csv,14229,precipitation,Q01,high,missing value,
taihu_thqbca_history,storage\raw\taihu_thqbca_parsed\thqbca_observations.csv,14242,precipitation,Q01,high,missing value,
taihu_thqbca_history,storage\raw\taihu_thqbca_parsed\thqbca_observations.csv,14244,precipitation,Q01,high,missing value,
taihu_thqbca_history,storage\raw\taihu_thqbca_parsed\thqbca_observations.csv,14258,precipitation,Q01,high,missing value,
taihu_thqbca_history,storage\raw\taihu_thqbca_parsed\thqbca_observations.csv,14280,precipitation,Q01,high,missing value,
taihu_thqbca_history,storage\raw\taihu_thqbca_parsed\thqbca_observations.csv,14285,precipitation,Q01,high,missing value,
taihu_thqbca_history,storage\raw\taihu_thqbca_parsed\thqbca_observations.csv,14296,precipitation,Q01,high,missing value,
taihu_thqbca_history,storage\raw\taihu_thqbca_parsed\thqbca_observations.csv,14306,precipitation,Q01,high,missing value,
taihu_thqbca_history,storage\raw\taihu_thqbca_parsed\thqbca_observations.csv,14314,precipitation,Q01,high,missing value,
taihu_thqbca_history,storage\raw\taihu_thqbca_parsed\thqbca_observations.csv,14319,precipitation,Q01,high,missing value,
taihu_thqbca_history,storage\raw\taihu_thqbca_parsed\thqbca_observations.csv,14321,precipitation,Q01,high,missing value,
taihu_thqbca_history,storage\raw\taihu_thqbca_parsed\thqbca_observations.csv,14322,precipitation,Q01,high,missing value,
taihu_thqbca_history,storage\raw\taihu_thqbca_parsed\thqbca_observations.csv,14351,precipitation,Q01,high,missing value,
taihu_thqbca_history,storage\raw\taihu_thqbca_parsed\thqbca_observations.csv,14364,precipitation,Q01,high,missing value,
taihu_thqbca_history,storage\raw\taihu_thqbca_parsed\thqbca_observations.csv,14365,precipitation,Q01,high,missing value,
taihu_thqbca_history,storage\raw\taihu_thqbca_parsed\thqbca_observations.csv,14366,precipitation,Q01,high,missing value,
taihu_thqbca_history,storage\raw\taihu_thqbca_parsed\thqbca_observations.csv,14368,precipitation,Q01,high,missing value,
taihu_thqbca_history,storage\raw\taihu_thqbca_parsed\thqbca_observations.csv,14370,precipitation,Q01,high,missing value,
taihu_thqbca_history,storage\raw\taihu_thqbca_parsed\thqbca_observations.csv,14379,precipitation,Q01,high,missing value,
taihu_thqbca_history,storage\raw\taihu_thqbca_parsed\thqbca_observations.csv,14410,precipitation,Q01,high,missing value,
taihu_thqbca_history,storage\raw\taihu_thqbca_parsed\thqbca_observations.csv,14411,precipitation,Q01,high,missing value,
taihu_thqbca_history,storage\raw\taihu_thqbca_parsed\thqbca_observations.csv,14420,precipitation,Q01,high,missing value,
taihu_thqbca_history,storage\raw\taihu_thqbca_parsed\thqbca_observations.csv,14431,precipitation,Q01,high,missing value,
taihu_thqbca_history,storage\raw\taihu_thqbca_parsed\thqbca_observations.csv,14436,precipitation,Q01,high,missing value,
taihu_thqbca_history,storage\raw\taihu_thqbca_parsed\thqbca_observations.csv,14438,precipitation,Q01,high,missing value,
taihu_thqbca_history,storage\raw\taihu_thqbca_parsed\thqbca_observations.csv,14465,precipitation,Q01,high,missing value,
taihu_thqbca_history,storage\raw\taihu_thqbca_parsed\thqbca_observations.csv,14467,precipitation,Q01,high,missing value,
taihu_thqbca_history,storage\raw\taihu_thqbca_parsed\thqbca_observations.csv,14475,precipitation,Q01,high,missing value,
taihu_thqbca_history,storage\raw\taihu_thqbca_parsed\thqbca_observations.csv,14478,precipitation,Q01,high,missing value,
taihu_thqbca_history,storage\raw\taihu_thqbca_parsed\thqbca_observations.csv,14479,precipitation,Q01,high,missing value,
taihu_thqbca_history,storage\raw\taihu_thqbca_parsed\thqbca_observations.csv,14480,precipitation,Q01,high,missing value,
taihu_thqbca_history,storage\raw\taihu_thqbca_parsed\thqbca_observations.csv,14482,precipitation,Q01,high,missing value,
taihu_thqbca_history,storage\raw\taihu_thqbca_parsed\thqbca_observations.csv,14485,precipitation,Q01,high,missing value,
taihu_thqbca_history,storage\raw\taihu_thqbca_parsed\thqbca_observations.csv,14486,precipitation,Q01,high,missing value,
taihu_thqbca_history,storage\raw\taihu_thqbca_parsed\thqbca_observations.csv,14490,precipitation,Q01,high,missing value,
taihu_thqbca_history,storage\raw\taihu_thqbca_parsed\thqbca_observations.csv,14492,precipitation,Q01,high,missing value,
taihu_thqbca_history,storage\raw\taihu_thqbca_parsed\thqbca_observations.csv,14497,precipitation,Q01,high,missing value,
taihu_thqbca_history,storage\raw\taihu_thqbca_parsed\thqbca_observations.csv,14512,precipitation,Q01,high,missing value,
taihu_thqbca_history,storage\raw\taihu_thqbca_parsed\thqbca_observations.csv,14515,precipitation,Q01,high,missing value,
taihu_thqbca_history,storage\raw\taihu_thqbca_parsed\thqbca_observations.csv,14520,precipitation,Q01,high,missing value,
taihu_thqbca_history,storage\raw\taihu_thqbca_parsed\thqbca_observations.csv,14521,precipitation,Q01,high,missing value,
taihu_thqbca_history,storage\raw\taihu_thqbca_parsed\thqbca_observations.csv,14522,precipitation,Q01,high,missing value,
taihu_thqbca_history,storage\raw\taihu_thqbca_parsed\thqbca_observations.csv,14523,precipitation,Q01,high,missing value,
taihu_thqbca_history,storage\raw\taihu_thqbca_parsed\thqbca_observations.csv,14526,precipitation,Q01,high,missing value,
taihu_thqbca_history,storage\raw\taihu_thqbca_parsed\thqbca_observations.csv,14536,precipitation,Q01,high,missing value,
taihu_thqbca_history,storage\raw\taihu_thqbca_parsed\thqbca_observations.csv,14541,precipitation,Q01,high,missing value,
taihu_thqbca_history,storage\raw\taihu_thqbca_parsed\thqbca_observations.csv,14542,precipitation,Q01,high,missing value,
taihu_thqbca_history,storage\raw\taihu_thqbca_parsed\thqbca_observations.csv,14554,precipitation,Q01,high,missing value,
taihu_thqbca_history,storage\raw\taihu_thqbca_parsed\thqbca_observations.csv,14567,precipitation,Q01,high,missing value,
taihu_thqbca_history,storage\raw\taihu_thqbca_parsed\thqbca_observations.csv,14570,precipitation,Q01,high,missing value,
taihu_thqbca_history,storage\raw\taihu_thqbca_parsed\thqbca_observations.csv,14573,precipitation,Q01,high,missing value,
taihu_thqbca_history,storage\raw\taihu_thqbca_parsed\thqbca_observations.csv,14574,precipitation,Q01,high,missing value,
taihu_thqbca_history,storage\raw\taihu_thqbca_parsed\thqbca_observations.csv,14578,precipitation,Q01,high,missing value,
taihu_thqbca_history,storage\raw\taihu_thqbca_parsed\thqbca_observations.csv,14581,precipitation,Q01,high,missing value,
taihu_thqbca_history,storage\raw\taihu_thqbca_parsed\thqbca_observations.csv,14587,precipitation,Q01,high,missing value,
taihu_thqbca_history,storage\raw\taihu_thqbca_parsed\thqbca_observations.csv,14588,precipitation,Q01,high,missing value,
taihu_thqbca_history,storage\raw\taihu_thqbca_parsed\thqbca_observations.csv,14593,precipitation,Q01,high,missing value,
taihu_thqbca_history,storage\raw\taihu_thqbca_parsed\thqbca_observations.csv,14612,precipitation,Q01,high,missing value,
taihu_thqbca_history,storage\raw\taihu_thqbca_parsed\thqbca_observations.csv,14635,precipitation,Q01,high,missing value,
taihu_thqbca_history,storage\raw\taihu_thqbca_parsed\thqbca_observations.csv,14637,precipitation,Q01,high,missing value,
taihu_thqbca_history,storage\raw\taihu_thqbca_parsed\thqbca_observations.csv,14638,precipitation,Q01,high,missing value,
taihu_thqbca_history,storage\raw\taihu_thqbca_parsed\thqbca_observations.csv,14642,precipitation,Q01,high,missing value,
taihu_thqbca_history,storage\raw\taihu_thqbca_parsed\thqbca_observations.csv,14663,precipitation,Q01,high,missing value,
taihu_thqbca_history,storage\raw\taihu_thqbca_parsed\thqbca_observations.csv,14664,precipitation,Q01,high,missing value,
taihu_thqbca_history,storage\raw\taihu_thqbca_parsed\thqbca_observations.csv,14668,precipitation,Q01,high,missing value,
taihu_thqbca_history,storage\raw\taihu_thqbca_parsed\thqbca_observations.csv,14688,precipitation,Q01,high,missing value,
taihu_thqbca_history,storage\raw\taihu_thqbca_parsed\thqbca_observations.csv,14732,precipitation,Q01,high,missing value,
taihu_thqbca_history,storage\raw\taihu_thqbca_parsed\thqbca_observations.csv,14736,precipitation,Q01,high,missing value,
taihu_thqbca_history,storage\raw\taihu_thqbca_parsed\thqbca_observations.csv,14738,precipitation,Q04,critical,"outside allowed range (0.0, 500.0)",854
taihu_thqbca_history,storage\raw\taihu_thqbca_parsed\thqbca_observations.csv,14744,precipitation,Q01,high,missing value,
taihu_thqbca_history,storage\raw\taihu_thqbca_parsed\thqbca_observations.csv,14751,precipitation,Q01,high,missing value,
taihu_thqbca_history,storage\raw\taihu_thqbca_parsed\thqbca_observations.csv,14757,precipitation,Q04,critical,"outside allowed range (0.0, 500.0)",1355
taihu_thqbca_history,storage\raw\taihu_thqbca_parsed\thqbca_observations.csv,14760,precipitation,Q01,high,missing value,
taihu_thqbca_history,storage\raw\taihu_thqbca_parsed\thqbca_observations.csv,14763,precipitation,Q01,high,missing value,
taihu_thqbca_history,storage\raw\taihu_thqbca_parsed\thqbca_observations.csv,14764,precipitation,Q01,high,missing value,
taihu_thqbca_history,storage\raw\taihu_thqbca_parsed\thqbca_observations.csv,14767,precipitation,Q01,high,missing value,
taihu_thqbca_history,storage\raw\taihu_thqbca_parsed\thqbca_observations.csv,14779,precipitation,Q01,high,missing value,
taihu_thqbca_history,storage\raw\taihu_thqbca_parsed\thqbca_observations.csv,14783,precipitation,Q01,high,missing value,
taihu_thqbca_history,storage\raw\taihu_thqbca_parsed\thqbca_observations.csv,14785,precipitation,Q01,high,missing value,
taihu_thqbca_history,storage\raw\taihu_thqbca_parsed\thqbca_observations.csv,14787,precipitation,Q01,high,missing value,
taihu_thqbca_history,storage\raw\taihu_thqbca_parsed\thqbca_observations.csv,14791,precipitation,Q01,high,missing value,
taihu_thqbca_history,storage\raw\taihu_thqbca_parsed\thqbca_observations.csv,14792,precipitation,Q01,high,missing value,
taihu_thqbca_history,storage\raw\taihu_thqbca_parsed\thqbca_observations.csv,14795,precipitation,Q01,high,missing value,
taihu_thqbca_history,storage\raw\taihu_thqbca_parsed\thqbca_observations.csv,14807,precipitation,Q04,critical,"outside allowed range (0.0, 500.0)",574
taihu_thqbca_history,storage\raw\taihu_thqbca_parsed\thqbca_observations.csv,14822,precipitation,Q01,high,missing value,
taihu_thqbca_history,storage\raw\taihu_thqbca_parsed\thqbca_observations.csv,14824,precipitation,Q01,high,missing value,
taihu_thqbca_history,storage\raw\taihu_thqbca_parsed\thqbca_observations.csv,14878,precipitation,Q01,high,missing value,
taihu_thqbca_history,storage\raw\taihu_thqbca_parsed\thqbca_observations.csv,14893,precipitation,Q01,high,missing value,
taihu_thqbca_history,storage\raw\taihu_thqbca_parsed\thqbca_observations.csv,14919,precipitation,Q01,high,missing value,
taihu_thqbca_history,storage\raw\taihu_thqbca_parsed\thqbca_observations.csv,14928,precipitation,Q01,high,missing value,
taihu_thqbca_history,storage\raw\taihu_thqbca_parsed\thqbca_observations.csv,14939,precipitation,Q01,high,missing value,
taihu_thqbca_history,storage\raw\taihu_thqbca_parsed\thqbca_observations.csv,14951,precipitation,Q01,high,missing value,
taihu_thqbca_history,storage\raw\taihu_thqbca_parsed\thqbca_observations.csv,14965,precipitation,Q01,high,missing value,
taihu_thqbca_history,storage\raw\taihu_thqbca_parsed\thqbca_observations.csv,14972,precipitation,Q01,high,missing value,
taihu_thqbca_history,storage\raw\taihu_thqbca_parsed\thqbca_observations.csv,14974,precipitation,Q01,high,missing value,
taihu_thqbca_history,storage\raw\taihu_thqbca_parsed\thqbca_observations.csv,14976,precipitation,Q01,high,missing value,
taihu_thqbca_history,storage\raw\taihu_thqbca_parsed\thqbca_observations.csv,14981,precipitation,Q01,high,missing value,
taihu_thqbca_history,storage\raw\taihu_thqbca_parsed\thqbca_observations.csv,14990,precipitation,Q01,high,missing value,
taihu_thqbca_history,storage\raw\taihu_thqbca_parsed\thqbca_observations.csv,15012,precipitation,Q01,high,missing value,
taihu_thqbca_history,storage\raw\taihu_thqbca_parsed\thqbca_observations.csv,15013,precipitation,Q01,high,missing value,
taihu_thqbca_history,storage\raw\taihu_thqbca_parsed\thqbca_observations.csv,15018,precipitation,Q01,high,missing value,
taihu_thqbca_history,storage\raw\taihu_thqbca_parsed\thqbca_observations.csv,15025,precipitation,Q01,high,missing value,
taihu_thqbca_history,storage\raw\taihu_thqbca_parsed\thqbca_observations.csv,15055,precipitation,Q01,high,missing value,
taihu_thqbca_history,storage\raw\taihu_thqbca_parsed\thqbca_observations.csv,15060,precipitation,Q01,high,missing value,
taihu_thqbca_history,storage\raw\taihu_thqbca_parsed\thqbca_observations.csv,15063,precipitation,Q01,high,missing value,
taihu_thqbca_history,storage\raw\taihu_thqbca_parsed\thqbca_observations.csv,15075,precipitation,Q01,high,missing value,
taihu_thqbca_history,storage\raw\taihu_thqbca_parsed\thqbca_observations.csv,15076,precipitation,Q01,high,missing value,
taihu_thqbca_history,storage\raw\taihu_thqbca_parsed\thqbca_observations.csv,15086,precipitation,Q01,high,missing value,
taihu_thqbca_history,storage\raw\taihu_thqbca_parsed\thqbca_observations.csv,15088,precipitation,Q04,critical,"outside allowed range (0.0, 500.0)",1117
taihu_thqbca_history,storage\raw\taihu_thqbca_parsed\thqbca_observations.csv,15110,precipitation,Q01,high,missing value,
taihu_thqbca_history,storage\raw\taihu_thqbca_parsed\thqbca_observations.csv,15112,precipitation,Q01,high,missing value,
taihu_thqbca_history,storage\raw\taihu_thqbca_parsed\thqbca_observations.csv,15114,precipitation,Q01,high,missing value,
taihu_thqbca_history,storage\raw\taihu_thqbca_parsed\thqbca_observations.csv,15115,precipitation,Q01,high,missing value,
taihu_thqbca_history,storage\raw\taihu_thqbca_parsed\thqbca_observations.csv,15116,precipitation,Q01,high,missing value,
taihu_thqbca_history,storage\raw\taihu_thqbca_parsed\thqbca_observations.csv,15118,precipitation,Q01,high,missing value,
taihu_thqbca_history,storage\raw\taihu_thqbca_parsed\thqbca_observations.csv,15135,precipitation,Q04,critical,"outside allowed range (0.0, 500.0)",508
taihu_thqbca_history,storage\raw\taihu_thqbca_parsed\thqbca_observations.csv,15136,precipitation,Q01,high,missing value,
taihu_thqbca_history,storage\raw\taihu_thqbca_parsed\thqbca_observations.csv,15139,precipitation,Q01,high,missing value,
taihu_thqbca_history,storage\raw\taihu_thqbca_parsed\thqbca_observations.csv,15146,precipitation,Q01,high,missing value,
taihu_thqbca_history,storage\raw\taihu_thqbca_parsed\thqbca_observations.csv,15174,precipitation,Q01,high,missing value,
taihu_thqbca_history,storage\raw\taihu_thqbca_parsed\thqbca_observations.csv,15183,precipitation,Q01,high,missing value,
taihu_thqbca_history,storage\raw\taihu_thqbca_parsed\thqbca_observations.csv,15188,precipitation,Q01,high,missing value,
taihu_thqbca_history,storage\raw\taihu_thqbca_parsed\thqbca_observations.csv,15190,precipitation,Q04,critical,"outside allowed range (0.0, 500.0)",588
taihu_thqbca_history,storage\raw\taihu_thqbca_parsed\thqbca_observations.csv,15191,precipitation,Q01,high,missing value,
taihu_thqbca_history,storage\raw\taihu_thqbca_parsed\thqbca_observations.csv,15193,precipitation,Q01,high,missing value,
taihu_thqbca_history,storage\raw\taihu_thqbca_parsed\thqbca_observations.csv,15195,precipitation,Q01,high,missing value,
taihu_thqbca_history,storage\raw\taihu_thqbca_parsed\thqbca_observations.csv,15200,precipitation,Q01,high,missing value,
taihu_thqbca_history,storage\raw\taihu_thqbca_parsed\thqbca_observations.csv,15201,precipitation,Q01,high,missing value,
taihu_thqbca_history,storage\raw\taihu_thqbca_parsed\thqbca_observations.csv,15213,precipitation,Q01,high,missing value,
taihu_thqbca_history,storage\raw\taihu_thqbca_parsed\thqbca_observations.csv,15228,precipitation,Q01,high,missing value,
taihu_thqbca_history,storage\raw\taihu_thqbca_parsed\thqbca_observations.csv,15232,precipitation,Q01,high,missing value,
taihu_thqbca_history,storage\raw\taihu_thqbca_parsed\thqbca_observations.csv,15233,precipitation,Q01,high,missing value,
taihu_thqbca_history,storage\raw\taihu_thqbca_parsed\thqbca_observations.csv,15272,precipitation,Q01,high,missing value,
taihu_thqbca_history,storage\raw\taihu_thqbca_parsed\thqbca_observations.csv,15286,precipitation,Q01,high,missing value,
taihu_thqbca_history,storage\raw\taihu_thqbca_parsed\thqbca_observations.csv,15289,precipitation,Q01,high,missing value,
taihu_thqbca_history,storage\raw\taihu_thqbca_parsed\thqbca_observations.csv,15303,precipitation,Q01,high,missing value,
taihu_thqbca_history,storage\raw\taihu_thqbca_parsed\thqbca_observations.csv,15304,precipitation,Q01,high,missing value,
taihu_thqbca_history,storage\raw\taihu_thqbca_parsed\thqbca_observations.csv,15307,precipitation,Q01,high,missing value,
taihu_thqbca_history,storage\raw\taihu_thqbca_parsed\thqbca_observations.csv,15326,precipitation,Q01,high,missing value,
taihu_thqbca_history,storage\raw\taihu_thqbca_parsed\thqbca_observations.csv,15327,precipitation,Q01,high,missing value,
taihu_thqbca_history,storage\raw\taihu_thqbca_parsed\thqbca_observations.csv,15344,precipitation,Q01,high,missing value,
taihu_thqbca_history,storage\raw\taihu_thqbca_parsed\thqbca_observations.csv,15348,precipitation,Q01,high,missing value,
taihu_thqbca_history,storage\raw\taihu_thqbca_parsed\thqbca_observations.csv,15356,precipitation,Q01,high,missing value,
taihu_thqbca_history,storage\raw\taihu_thqbca_parsed\thqbca_observations.csv,15363,precipitation,Q01,high,missing value,
taihu_thqbca_history,storage\raw\taihu_thqbca_parsed\thqbca_observations.csv,15390,precipitation,Q01,high,missing value,
taihu_thqbca_history,storage\raw\taihu_thqbca_parsed\thqbca_observations.csv,15393,precipitation,Q01,high,missing value,
taihu_thqbca_history,storage\raw\taihu_thqbca_parsed\thqbca_observations.csv,15405,precipitation,Q01,high,missing value,
taihu_thqbca_history,storage\raw\taihu_thqbca_parsed\thqbca_observations.csv,15412,precipitation,Q01,high,missing value,
taihu_thqbca_history,storage\raw\taihu_thqbca_parsed\thqbca_observations.csv,15426,precipitation,Q01,high,missing value,
taihu_thqbca_history,storage\raw\taihu_thqbca_parsed\thqbca_observations.csv,15432,precipitation,Q01,high,missing value,
taihu_thqbca_history,storage\raw\taihu_thqbca_parsed\thqbca_observations.csv,15440,precipitation,Q01,high,missing value,
taihu_thqbca_history,storage\raw\taihu_thqbca_parsed\thqbca_observations.csv,15447,precipitation,Q04,critical,"outside allowed range (0.0, 500.0)",839
taihu_thqbca_history,storage\raw\taihu_thqbca_parsed\thqbca_observations.csv,15453,precipitation,Q01,high,missing value,
taihu_thqbca_history,storage\raw\taihu_thqbca_parsed\thqbca_observations.csv,15459,precipitation,Q01,high,missing value,
taihu_thqbca_history,storage\raw\taihu_thqbca_parsed\thqbca_observations.csv,15470,precipitation,Q01,high,missing value,
taihu_thqbca_history,storage\raw\taihu_thqbca_parsed\thqbca_observations.csv,15483,precipitation,Q01,high,missing value,
taihu_thqbca_history,storage\raw\taihu_thqbca_parsed\thqbca_observations.csv,15484,precipitation,Q01,high,missing value,
taihu_thqbca_history,storage\raw\taihu_thqbca_parsed\thqbca_observations.csv,15488,precipitation,Q01,high,missing value,
taihu_thqbca_history,storage\raw\taihu_thqbca_parsed\thqbca_observations.csv,15489,precipitation,Q01,high,missing value,
taihu_thqbca_history,storage\raw\taihu_thqbca_parsed\thqbca_observations.csv,15492,precipitation,Q01,high,missing value,
taihu_thqbca_history,storage\raw\taihu_thqbca_parsed\thqbca_observations.csv,15496,precipitation,Q01,high,missing value,
taihu_thqbca_history,storage\raw\taihu_thqbca_parsed\thqbca_observations.csv,15505,precipitation,Q01,high,missing value,
taihu_thqbca_history,storage\raw\taihu_thqbca_parsed\thqbca_observations.csv,15509,precipitation,Q04,critical,"outside allowed range (0.0, 500.0)",680
taihu_thqbca_history,storage\raw\taihu_thqbca_parsed\thqbca_observations.csv,15510,precipitation,Q01,high,missing value,
taihu_thqbca_history,storage\raw\taihu_thqbca_parsed\thqbca_observations.csv,15514,precipitation,Q01,high,missing value,
taihu_thqbca_history,storage\raw\taihu_thqbca_parsed\thqbca_observations.csv,15517,precipitation,Q01,high,missing value,
taihu_thqbca_history,storage\raw\taihu_thqbca_parsed\thqbca_observations.csv,15522,precipitation,Q01,high,missing value,
taihu_thqbca_history,storage\raw\taihu_thqbca_parsed\thqbca_observations.csv,15524,precipitation,Q01,high,missing value,
taihu_thqbca_history,storage\raw\taihu_thqbca_parsed\thqbca_observations.csv,15539,precipitation,Q01,high,missing value,
taihu_thqbca_history,storage\raw\taihu_thqbca_parsed\thqbca_observations.csv,15549,precipitation,Q01,high,missing value,
taihu_thqbca_history,storage\raw\taihu_thqbca_parsed\thqbca_observations.csv,15552,precipitation,Q01,high,missing value,
taihu_thqbca_history,storage\raw\taihu_thqbca_parsed\thqbca_observations.csv,15562,precipitation,Q01,high,missing value,
taihu_thqbca_history,storage\raw\taihu_thqbca_parsed\thqbca_observations.csv,15575,precipitation,Q01,high,missing value,
taihu_thqbca_history,storage\raw\taihu_thqbca_parsed\thqbca_observations.csv,15581,precipitation,Q01,high,missing value,
taihu_thqbca_history,storage\raw\taihu_thqbca_parsed\thqbca_observations.csv,15582,precipitation,Q01,high,missing value,
taihu_thqbca_history,storage\raw\taihu_thqbca_parsed\thqbca_observations.csv,15601,precipitation,Q01,high,missing value,
taihu_thqbca_history,storage\raw\taihu_thqbca_parsed\thqbca_observations.csv,15612,precipitation,Q01,high,missing value,
taihu_thqbca_history,storage\raw\taihu_thqbca_parsed\thqbca_observations.csv,15639,precipitation,Q01,high,missing value,
taihu_thqbca_history,storage\raw\taihu_thqbca_parsed\thqbca_observations.csv,15647,precipitation,Q01,high,missing value,
taihu_thqbca_history,storage\raw\taihu_thqbca_parsed\thqbca_observations.csv,15654,precipitation,Q01,high,missing value,
taihu_thqbca_history,storage\raw\taihu_thqbca_parsed\thqbca_observations.csv,15673,precipitation,Q01,high,missing value,
taihu_thqbca_history,storage\raw\taihu_thqbca_parsed\thqbca_observations.csv,15694,precipitation,Q01,high,missing value,
taihu_thqbca_history,storage\raw\taihu_thqbca_parsed\thqbca_observations.csv,15697,precipitation,Q01,high,missing value,
taihu_thqbca_history,storage\raw\taihu_thqbca_parsed\thqbca_observations.csv,15710,precipitation,Q01,high,missing value,
taihu_thqbca_history,storage\raw\taihu_thqbca_parsed\thqbca_observations.csv,15711,precipitation,Q01,high,missing value,
taihu_thqbca_history,storage\raw\taihu_thqbca_parsed\thqbca_observations.csv,15717,precipitation,Q01,high,missing value,
taihu_thqbca_history,storage\raw\taihu_thqbca_parsed\thqbca_observations.csv,15720,precipitation,Q01,high,missing value,
taihu_thqbca_history,storage\raw\taihu_thqbca_parsed\thqbca_observations.csv,15728,precipitation,Q01,high,missing value,
taihu_thqbca_history,storage\raw\taihu_thqbca_parsed\thqbca_observations.csv,15732,precipitation,Q01,high,missing value,
taihu_thqbca_history,storage\raw\taihu_thqbca_parsed\thqbca_observations.csv,15748,precipitation,Q01,high,missing value,
taihu_thqbca_history,storage\raw\taihu_thqbca_parsed\thqbca_observations.csv,15749,precipitation,Q01,high,missing value,
taihu_thqbca_history,storage\raw\taihu_thqbca_parsed\thqbca_observations.csv,15768,precipitation,Q01,high,missing value,
taihu_thqbca_history,storage\raw\taihu_thqbca_parsed\thqbca_observations.csv,15783,precipitation,Q01,high,missing value,
taihu_thqbca_history,storage\raw\taihu_thqbca_parsed\thqbca_observations.csv,15787,precipitation,Q01,high,missing value,
taihu_thqbca_history,storage\raw\taihu_thqbca_parsed\thqbca_observations.csv,15792,precipitation,Q04,critical,"outside allowed range (0.0, 500.0)",527
taihu_thqbca_history,storage\raw\taihu_thqbca_parsed\thqbca_observations.csv,15797,precipitation,Q01,high,missing value,
taihu_thqbca_history,storage\raw\taihu_thqbca_parsed\thqbca_observations.csv,15798,precipitation,Q01,high,missing value,
taihu_thqbca_history,storage\raw\taihu_thqbca_parsed\thqbca_observations.csv,15808,precipitation,Q01,high,missing value,
taihu_thqbca_history,storage\raw\taihu_thqbca_parsed\thqbca_observations.csv,15809,precipitation,Q01,high,missing value,
taihu_thqbca_history,storage\raw\taihu_thqbca_parsed\thqbca_observations.csv,15810,precipitation,Q04,critical,"outside allowed range (0.0, 500.0)",670
taihu_thqbca_history,storage\raw\taihu_thqbca_parsed\thqbca_observations.csv,15811,precipitation,Q01,high,missing value,
taihu_thqbca_history,storage\raw\taihu_thqbca_parsed\thqbca_observations.csv,15812,precipitation,Q01,high,missing value,
taihu_thqbca_history,storage\raw\taihu_thqbca_parsed\thqbca_observations.csv,15818,precipitation,Q01,high,missing value,
taihu_thqbca_history,storage\raw\taihu_thqbca_parsed\thqbca_observations.csv,15826,precipitation,Q01,high,missing value,
taihu_thqbca_history,storage\raw\taihu_thqbca_parsed\thqbca_observations.csv,15828,precipitation,Q01,high,missing value,
taihu_thqbca_history,storage\raw\taihu_thqbca_parsed\thqbca_observations.csv,15835,precipitation,Q01,high,missing value,
taihu_thqbca_history,storage\raw\taihu_thqbca_parsed\thqbca_observations.csv,15860,precipitation,Q01,high,missing value,
taihu_thqbca_history,storage\raw\taihu_thqbca_parsed\thqbca_observations.csv,15861,precipitation,Q01,high,missing value,
taihu_thqbca_history,storage\raw\taihu_thqbca_parsed\thqbca_observations.csv,15867,precipitation,Q01,high,missing value,
taihu_thqbca_history,storage\raw\taihu_thqbca_parsed\thqbca_observations.csv,15873,precipitation,Q01,high,missing value,
taihu_thqbca_history,storage\raw\taihu_thqbca_parsed\thqbca_observations.csv,15875,precipitation,Q01,high,missing value,
taihu_thqbca_history,storage\raw\taihu_thqbca_parsed\thqbca_observations.csv,15891,precipitation,Q01,high,missing value,
taihu_thqbca_history,storage\raw\taihu_thqbca_parsed\thqbca_observations.csv,15898,precipitation,Q04,critical,"outside allowed range (0.0, 500.0)",904
taihu_thqbca_history,storage\raw\taihu_thqbca_parsed\thqbca_observations.csv,15899,precipitation,Q04,critical,"outside allowed range (0.0, 500.0)",551
taihu_thqbca_history,storage\raw\taihu_thqbca_parsed\thqbca_observations.csv,15902,precipitation,Q01,high,missing value,
taihu_thqbca_history,storage\raw\taihu_thqbca_parsed\thqbca_observations.csv,15908,precipitation,Q01,high,missing value,
taihu_thqbca_history,storage\raw\taihu_thqbca_parsed\thqbca_observations.csv,15909,precipitation,Q01,high,missing value,
taihu_thqbca_history,storage\raw\taihu_thqbca_parsed\thqbca_observations.csv,15917,precipitation,Q04,critical,"outside allowed range (0.0, 500.0)",914
taihu_thqbca_history,storage\raw\taihu_thqbca_parsed\thqbca_observations.csv,15923,precipitation,Q01,high,missing value,
taihu_thqbca_history,storage\raw\taihu_thqbca_parsed\thqbca_observations.csv,15925,precipitation,Q01,high,missing value,
taihu_thqbca_history,storage\raw\taihu_thqbca_parsed\thqbca_observations.csv,15930,precipitation,Q01,high,missing value,
taihu_thqbca_history,storage\raw\taihu_thqbca_parsed\thqbca_observations.csv,15938,precipitation,Q01,high,missing value,
taihu_thqbca_history,storage\raw\taihu_thqbca_parsed\thqbca_observations.csv,15946,precipitation,Q01,high,missing value,
taihu_thqbca_history,storage\raw\taihu_thqbca_parsed\thqbca_observations.csv,15947,precipitation,Q01,high,missing value,
taihu_thqbca_history,storage\raw\taihu_thqbca_parsed\thqbca_observations.csv,15951,precipitation,Q01,high,missing value,
taihu_thqbca_history,storage\raw\taihu_thqbca_parsed\thqbca_observations.csv,15987,precipitation,Q01,high,missing value,
taihu_thqbca_history,storage\raw\taihu_thqbca_parsed\thqbca_observations.csv,15988,precipitation,Q01,high,missing value,
taihu_thqbca_history,storage\raw\taihu_thqbca_parsed\thqbca_observations.csv,15993,precipitation,Q01,high,missing value,
taihu_thqbca_history,storage\raw\taihu_thqbca_parsed\thqbca_observations.csv,15995,precipitation,Q01,high,missing value,
taihu_thqbca_history,storage\raw\taihu_thqbca_parsed\thqbca_observations.csv,16041,precipitation,Q01,high,missing value,
taihu_thqbca_history,storage\raw\taihu_thqbca_parsed\thqbca_observations.csv,16054,precipitation,Q01,high,missing value,
taihu_thqbca_history,storage\raw\taihu_thqbca_parsed\thqbca_observations.csv,16055,precipitation,Q01,high,missing value,
taihu_thqbca_history,storage\raw\taihu_thqbca_parsed\thqbca_observations.csv,16071,precipitation,Q01,high,missing value,
taihu_thqbca_history,storage\raw\taihu_thqbca_parsed\thqbca_observations.csv,16073,precipitation,Q01,high,missing value,
taihu_thqbca_history,storage\raw\taihu_thqbca_parsed\thqbca_observations.csv,16076,precipitation,Q01,high,missing value,
taihu_thqbca_history,storage\raw\taihu_thqbca_parsed\thqbca_observations.csv,16100,precipitation,Q01,high,missing value,
taihu_thqbca_history,storage\raw\taihu_thqbca_parsed\thqbca_observations.csv,16108,precipitation,Q01,high,missing value,
taihu_thqbca_history,storage\raw\taihu_thqbca_parsed\thqbca_observations.csv,16119,precipitation,Q01,high,missing value,
taihu_thqbca_history,storage\raw\taihu_thqbca_parsed\thqbca_observations.csv,16122,precipitation,Q01,high,missing value,
taihu_thqbca_history,storage\raw\taihu_thqbca_parsed\thqbca_observations.csv,16124,precipitation,Q01,high,missing value,
taihu_thqbca_history,storage\raw\taihu_thqbca_parsed\thqbca_observations.csv,16148,precipitation,Q01,high,missing value,
taihu_thqbca_history,storage\raw\taihu_thqbca_parsed\thqbca_observations.csv,16156,precipitation,Q01,high,missing value,
taihu_thqbca_history,storage\raw\taihu_thqbca_parsed\thqbca_observations.csv,16170,precipitation,Q04,critical,"outside allowed range (0.0, 500.0)",692
taihu_thqbca_history,storage\raw\taihu_thqbca_parsed\thqbca_observations.csv,16172,precipitation,Q01,high,missing value,
taihu_thqbca_history,storage\raw\taihu_thqbca_parsed\thqbca_observations.csv,16175,precipitation,Q01,high,missing value,
taihu_thqbca_history,storage\raw\taihu_thqbca_parsed\thqbca_observations.csv,16178,precipitation,Q01,high,missing value,
taihu_thqbca_history,storage\raw\taihu_thqbca_parsed\thqbca_observations.csv,16181,precipitation,Q01,high,missing value,
taihu_thqbca_history,storage\raw\taihu_thqbca_parsed\thqbca_observations.csv,16186,precipitation,Q01,high,missing value,
taihu_thqbca_history,storage\raw\taihu_thqbca_parsed\thqbca_observations.csv,16190,precipitation,Q01,high,missing value,
taihu_thqbca_history,storage\raw\taihu_thqbca_parsed\thqbca_observations.csv,16201,precipitation,Q01,high,missing value,
taihu_thqbca_history,storage\raw\taihu_thqbca_parsed\thqbca_observations.csv,16204,precipitation,Q01,high,missing value,
taihu_thqbca_history,storage\raw\taihu_thqbca_parsed\thqbca_observations.csv,16205,precipitation,Q01,high,missing value,
taihu_thqbca_history,storage\raw\taihu_thqbca_parsed\thqbca_observations.csv,16208,precipitation,Q01,high,missing value,
taihu_thqbca_history,storage\raw\taihu_thqbca_parsed\thqbca_observations.csv,16216,precipitation,Q01,high,missing value,
taihu_thqbca_history,storage\raw\taihu_thqbca_parsed\thqbca_observations.csv,16235,precipitation,Q01,high,missing value,
taihu_thqbca_history,storage\raw\taihu_thqbca_parsed\thqbca_observations.csv,16236,precipitation,Q01,high,missing value,
taihu_thqbca_history,storage\raw\taihu_thqbca_parsed\thqbca_observations.csv,16240,precipitation,Q04,critical,"outside allowed range (0.0, 500.0)",1144
taihu_thqbca_history,storage\raw\taihu_thqbca_parsed\thqbca_observations.csv,16241,precipitation,Q01,high,missing value,
taihu_thqbca_history,storage\raw\taihu_thqbca_parsed\thqbca_observations.csv,16250,precipitation,Q04,critical,"outside allowed range (0.0, 500.0)",525
taihu_thqbca_history,storage\raw\taihu_thqbca_parsed\thqbca_observations.csv,16269,precipitation,Q01,high,missing value,
taihu_thqbca_history,storage\raw\taihu_thqbca_parsed\thqbca_observations.csv,16273,precipitation,Q01,high,missing value,
taihu_thqbca_history,storage\raw\taihu_thqbca_parsed\thqbca_observations.csv,16274,precipitation,Q01,high,missing value,
taihu_thqbca_history,storage\raw\taihu_thqbca_parsed\thqbca_observations.csv,16276,precipitation,Q01,high,missing value,
taihu_thqbca_history,storage\raw\taihu_thqbca_parsed\thqbca_observations.csv,16277,precipitation,Q01,high,missing value,
taihu_thqbca_history,storage\raw\taihu_thqbca_parsed\thqbca_observations.csv,16286,precipitation,Q01,high,missing value,
taihu_thqbca_history,storage\raw\taihu_thqbca_parsed\thqbca_observations.csv,16290,precipitation,Q01,high,missing value,
taihu_thqbca_history,storage\raw\taihu_thqbca_parsed\thqbca_observations.csv,16293,precipitation,Q01,high,missing value,
taihu_thqbca_history,storage\raw\taihu_thqbca_parsed\thqbca_observations.csv,16305,precipitation,Q01,high,missing value,
taihu_thqbca_history,storage\raw\taihu_thqbca_parsed\thqbca_observations.csv,16310,precipitation,Q01,high,missing value,
taihu_thqbca_history,storage\raw\taihu_thqbca_parsed\thqbca_observations.csv,16318,precipitation,Q01,high,missing value,
taihu_thqbca_history,storage\raw\taihu_thqbca_parsed\thqbca_observations.csv,16322,precipitation,Q01,high,missing value,
taihu_thqbca_history,storage\raw\taihu_thqbca_parsed\thqbca_observations.csv,16333,precipitation,Q01,high,missing value,
taihu_thqbca_history,storage\raw\taihu_thqbca_parsed\thqbca_observations.csv,16343,precipitation,Q01,high,missing value,
taihu_thqbca_history,storage\raw\taihu_thqbca_parsed\thqbca_observations.csv,16344,precipitation,Q01,high,missing value,
taihu_thqbca_history,storage\raw\taihu_thqbca_parsed\thqbca_observations.csv,16348,precipitation,Q01,high,missing value,
taihu_thqbca_history,storage\raw\taihu_thqbca_parsed\thqbca_observations.csv,16349,precipitation,Q01,high,missing value,
taihu_thqbca_history,storage\raw\taihu_thqbca_parsed\thqbca_observations.csv,16350,precipitation,Q01,high,missing value,
taihu_thqbca_history,storage\raw\taihu_thqbca_parsed\thqbca_observations.csv,16351,precipitation,Q01,high,missing value,
taihu_thqbca_history,storage\raw\taihu_thqbca_parsed\thqbca_observations.csv,16359,precipitation,Q01,high,missing value,
taihu_thqbca_history,storage\raw\taihu_thqbca_parsed\thqbca_observations.csv,16371,precipitation,Q01,high,missing value,
taihu_thqbca_history,storage\raw\taihu_thqbca_parsed\thqbca_observations.csv,16388,precipitation,Q01,high,missing value,
taihu_thqbca_history,storage\raw\taihu_thqbca_parsed\thqbca_observations.csv,16392,precipitation,Q01,high,missing value,
taihu_thqbca_history,storage\raw\taihu_thqbca_parsed\thqbca_observations.csv,16397,precipitation,Q01,high,missing value,
taihu_thqbca_history,storage\raw\taihu_thqbca_parsed\thqbca_observations.csv,16398,precipitation,Q01,high,missing value,
taihu_thqbca_history,storage\raw\taihu_thqbca_parsed\thqbca_observations.csv,16412,precipitation,Q01,high,missing value,
taihu_thqbca_history,storage\raw\taihu_thqbca_parsed\thqbca_observations.csv,16416,precipitation,Q01,high,missing value,
taihu_thqbca_history,storage\raw\taihu_thqbca_parsed\thqbca_observations.csv,16421,precipitation,Q01,high,missing value,
taihu_thqbca_history,storage\raw\taihu_thqbca_parsed\thqbca_observations.csv,16425,precipitation,Q01,high,missing value,
taihu_thqbca_history,storage\raw\taihu_thqbca_parsed\thqbca_observations.csv,16429,precipitation,Q01,high,missing value,
taihu_thqbca_history,storage\raw\taihu_thqbca_parsed\thqbca_observations.csv,16445,precipitation,Q01,high,missing value,
taihu_thqbca_history,storage\raw\taihu_thqbca_parsed\thqbca_observations.csv,16448,precipitation,Q01,high,missing value,
taihu_thqbca_history,storage\raw\taihu_thqbca_parsed\thqbca_observations.csv,16457,precipitation,Q01,high,missing value,
taihu_thqbca_history,storage\raw\taihu_thqbca_parsed\thqbca_observations.csv,16467,precipitation,Q01,high,missing value,
taihu_thqbca_history,storage\raw\taihu_thqbca_parsed\thqbca_observations.csv,16469,precipitation,Q01,high,missing value,
taihu_thqbca_history,storage\raw\taihu_thqbca_parsed\thqbca_observations.csv,16481,precipitation,Q01,high,missing value,
taihu_thqbca_history,storage\raw\taihu_thqbca_parsed\thqbca_observations.csv,16485,precipitation,Q01,high,missing value,
taihu_thqbca_history,storage\raw\taihu_thqbca_parsed\thqbca_observations.csv,16492,precipitation,Q01,high,missing value,
taihu_thqbca_history,storage\raw\taihu_thqbca_parsed\thqbca_observations.csv,16498,precipitation,Q01,high,missing value,
taihu_thqbca_history,storage\raw\taihu_thqbca_parsed\thqbca_observations.csv,16501,precipitation,Q01,high,missing value,
taihu_thqbca_history,storage\raw\taihu_thqbca_parsed\thqbca_observations.csv,16510,precipitation,Q01,high,missing value,
taihu_thqbca_history,storage\raw\taihu_thqbca_parsed\thqbca_observations.csv,16518,precipitation,Q01,high,missing value,
taihu_thqbca_history,storage\raw\taihu_thqbca_parsed\thqbca_observations.csv,16532,precipitation,Q01,high,missing value,
taihu_thqbca_history,storage\raw\taihu_thqbca_parsed\thqbca_observations.csv,16538,precipitation,Q01,high,missing value,
taihu_thqbca_history,storage\raw\taihu_thqbca_parsed\thqbca_observations.csv,16539,precipitation,Q01,high,missing value,
taihu_thqbca_history,storage\raw\taihu_thqbca_parsed\thqbca_observations.csv,16543,precipitation,Q01,high,missing value,
taihu_thqbca_history,storage\raw\taihu_thqbca_parsed\thqbca_observations.csv,16549,precipitation,Q01,high,missing value,
taihu_thqbca_history,storage\raw\taihu_thqbca_parsed\thqbca_observations.csv,16551,precipitation,Q01,high,missing value,
taihu_thqbca_history,storage\raw\taihu_thqbca_parsed\thqbca_observations.csv,16552,precipitation,Q01,high,missing value,
taihu_thqbca_history,storage\raw\taihu_thqbca_parsed\thqbca_observations.csv,16557,precipitation,Q01,high,missing value,
taihu_thqbca_history,storage\raw\taihu_thqbca_parsed\thqbca_observations.csv,16561,precipitation,Q01,high,missing value,
taihu_thqbca_history,storage\raw\taihu_thqbca_parsed\thqbca_observations.csv,16577,precipitation,Q01,high,missing value,
taihu_thqbca_history,storage\raw\taihu_thqbca_parsed\thqbca_observations.csv,16582,precipitation,Q04,critical,"outside allowed range (0.0, 500.0)",738
taihu_thqbca_history,storage\raw\taihu_thqbca_parsed\thqbca_observations.csv,16583,precipitation,Q04,critical,"outside allowed range (0.0, 500.0)",927
taihu_thqbca_history,storage\raw\taihu_thqbca_parsed\thqbca_observations.csv,16584,precipitation,Q01,high,missing value,
taihu_thqbca_history,storage\raw\taihu_thqbca_parsed\thqbca_observations.csv,16585,precipitation,Q01,high,missing value,
taihu_thqbca_history,storage\raw\taihu_thqbca_parsed\thqbca_observations.csv,16592,precipitation,Q01,high,missing value,
taihu_thqbca_history,storage\raw\taihu_thqbca_parsed\thqbca_observations.csv,16597,precipitation,Q01,high,missing value,
taihu_thqbca_history,storage\raw\taihu_thqbca_parsed\thqbca_observations.csv,16599,precipitation,Q01,high,missing value,
taihu_thqbca_history,storage\raw\taihu_thqbca_parsed\thqbca_observations.csv,16607,precipitation,Q01,high,missing value,
taihu_thqbca_history,storage\raw\taihu_thqbca_parsed\thqbca_observations.csv,16615,precipitation,Q04,critical,"outside allowed range (0.0, 500.0)",834
taihu_thqbca_history,storage\raw\taihu_thqbca_parsed\thqbca_observations.csv,16617,precipitation,Q01,high,missing value,
taihu_thqbca_history,storage\raw\taihu_thqbca_parsed\thqbca_observations.csv,16619,precipitation,Q01,high,missing value,
taihu_thqbca_history,storage\raw\taihu_thqbca_parsed\thqbca_observations.csv,16621,precipitation,Q01,high,missing value,
taihu_thqbca_history,storage\raw\taihu_thqbca_parsed\thqbca_observations.csv,16626,precipitation,Q01,high,missing value,
taihu_thqbca_history,storage\raw\taihu_thqbca_parsed\thqbca_observations.csv,16631,precipitation,Q01,high,missing value,
taihu_thqbca_history,storage\raw\taihu_thqbca_parsed\thqbca_observations.csv,16640,precipitation,Q01,high,missing value,
taihu_thqbca_history,storage\raw\taihu_thqbca_parsed\thqbca_observations.csv,16644,precipitation,Q01,high,missing value,
taihu_thqbca_history,storage\raw\taihu_thqbca_parsed\thqbca_observations.csv,16659,precipitation,Q01,high,missing value,
taihu_thqbca_history,storage\raw\taihu_thqbca_parsed\thqbca_observations.csv,16662,precipitation,Q01,high,missing value,
taihu_thqbca_history,storage\raw\taihu_thqbca_parsed\thqbca_observations.csv,16665,precipitation,Q01,high,missing value,
taihu_thqbca_history,storage\raw\taihu_thqbca_parsed\thqbca_observations.csv,16666,precipitation,Q01,high,missing value,
taihu_thqbca_history,storage\raw\taihu_thqbca_parsed\thqbca_observations.csv,16670,precipitation,Q01,high,missing value,
taihu_thqbca_history,storage\raw\taihu_thqbca_parsed\thqbca_observations.csv,16673,precipitation,Q01,high,missing value,
taihu_thqbca_history,storage\raw\taihu_thqbca_parsed\thqbca_observations.csv,16712,precipitation,Q01,high,missing value,
taihu_thqbca_history,storage\raw\taihu_thqbca_parsed\thqbca_observations.csv,16715,precipitation,Q01,high,missing value,
taihu_thqbca_history,storage\raw\taihu_thqbca_parsed\thqbca_observations.csv,16718,precipitation,Q01,high,missing value,
taihu_thqbca_history,storage\raw\taihu_thqbca_parsed\thqbca_observations.csv,16719,precipitation,Q01,high,missing value,
taihu_thqbca_history,storage\raw\taihu_thqbca_parsed\thqbca_observations.csv,16731,precipitation,Q01,high,missing value,
taihu_thqbca_history,storage\raw\taihu_thqbca_parsed\thqbca_observations.csv,16735,precipitation,Q01,high,missing value,
taihu_thqbca_history,storage\raw\taihu_thqbca_parsed\thqbca_observations.csv,16738,precipitation,Q01,high,missing value,
taihu_thqbca_history,storage\raw\taihu_thqbca_parsed\thqbca_observations.csv,16754,precipitation,Q01,high,missing value,
taihu_thqbca_history,storage\raw\taihu_thqbca_parsed\thqbca_observations.csv,16760,precipitation,Q01,high,missing value,
taihu_thqbca_history,storage\raw\taihu_thqbca_parsed\thqbca_observations.csv,16769,precipitation,Q01,high,missing value,
taihu_thqbca_history,storage\raw\taihu_thqbca_parsed\thqbca_observations.csv,16776,precipitation,Q01,high,missing value,
taihu_thqbca_history,storage\raw\taihu_thqbca_parsed\thqbca_observations.csv,16777,precipitation,Q01,high,missing value,
taihu_thqbca_history,storage\raw\taihu_thqbca_parsed\thqbca_observations.csv,16779,precipitation,Q01,high,missing value,
taihu_thqbca_history,storage\raw\taihu_thqbca_parsed\thqbca_observations.csv,16781,precipitation,Q01,high,missing value,
taihu_thqbca_history,storage\raw\taihu_thqbca_parsed\thqbca_observations.csv,16816,precipitation,Q01,high,missing value,
taihu_thqbca_history,storage\raw\taihu_thqbca_parsed\thqbca_observations.csv,16826,precipitation,Q01,high,missing value,
taihu_thqbca_history,storage\raw\taihu_thqbca_parsed\thqbca_observations.csv,16832,precipitation,Q01,high,missing value,
taihu_thqbca_history,storage\raw\taihu_thqbca_parsed\thqbca_observations.csv,16837,precipitation,Q01,high,missing value,
taihu_thqbca_history,storage\raw\taihu_thqbca_parsed\thqbca_observations.csv,16844,precipitation,Q01,high,missing value,
taihu_thqbca_history,storage\raw\taihu_thqbca_parsed\thqbca_observations.csv,16866,precipitation,Q01,high,missing value,
taihu_thqbca_history,storage\raw\taihu_thqbca_parsed\thqbca_observations.csv,16868,precipitation,Q01,high,missing value,
taihu_thqbca_history,storage\raw\taihu_thqbca_parsed\thqbca_observations.csv,16887,precipitation,Q01,high,missing value,
taihu_thqbca_history,storage\raw\taihu_thqbca_parsed\thqbca_observations.csv,16890,precipitation,Q01,high,missing value,
taihu_thqbca_history,storage\raw\taihu_thqbca_parsed\thqbca_observations.csv,16896,precipitation,Q01,high,missing value,
taihu_thqbca_history,storage\raw\taihu_thqbca_parsed\thqbca_observations.csv,16903,precipitation,Q01,high,missing value,
taihu_thqbca_history,storage\raw\taihu_thqbca_parsed\thqbca_observations.csv,16905,precipitation,Q01,high,missing value,
taihu_thqbca_history,storage\raw\taihu_thqbca_parsed\thqbca_observations.csv,16906,precipitation,Q04,critical,"outside allowed range (0.0, 500.0)",794
taihu_thqbca_history,storage\raw\taihu_thqbca_parsed\thqbca_observations.csv,16908,precipitation,Q04,critical,"outside allowed range (0.0, 500.0)",538
taihu_thqbca_history,storage\raw\taihu_thqbca_parsed\thqbca_observations.csv,16913,precipitation,Q01,high,missing value,
taihu_thqbca_history,storage\raw\taihu_thqbca_parsed\thqbca_observations.csv,16916,precipitation,Q04,critical,"outside allowed range (0.0, 500.0)",516
taihu_thqbca_history,storage\raw\taihu_thqbca_parsed\thqbca_observations.csv,16917,precipitation,Q01,high,missing value,
taihu_thqbca_history,storage\raw\taihu_thqbca_parsed\thqbca_observations.csv,16929,precipitation,Q01,high,missing value,
taihu_thqbca_history,storage\raw\taihu_thqbca_parsed\thqbca_observations.csv,16930,precipitation,Q01,high,missing value,
taihu_thqbca_history,storage\raw\taihu_thqbca_parsed\thqbca_observations.csv,16931,precipitation,Q01,high,missing value,
taihu_thqbca_history,storage\raw\taihu_thqbca_parsed\thqbca_observations.csv,16936,precipitation,Q01,high,missing value,
taihu_thqbca_history,storage\raw\taihu_thqbca_parsed\thqbca_observations.csv,16937,precipitation,Q01,high,missing value,
taihu_thqbca_history,storage\raw\taihu_thqbca_parsed\thqbca_observations.csv,16940,precipitation,Q01,high,missing value,
taihu_thqbca_history,storage\raw\taihu_thqbca_parsed\thqbca_observations.csv,16944,precipitation,Q01,high,missing value,
taihu_thqbca_history,storage\raw\taihu_thqbca_parsed\thqbca_observations.csv,16949,precipitation,Q01,high,missing value,
taihu_thqbca_history,storage\raw\taihu_thqbca_parsed\thqbca_observations.csv,16952,precipitation,Q01,high,missing value,
taihu_thqbca_history,storage\raw\taihu_thqbca_parsed\thqbca_observations.csv,16957,precipitation,Q01,high,missing value,
taihu_thqbca_history,storage\raw\taihu_thqbca_parsed\thqbca_observations.csv,16989,precipitation,Q01,high,missing value,
taihu_thqbca_history,storage\raw\taihu_thqbca_parsed\thqbca_observations.csv,17007,precipitation,Q01,high,missing value,
taihu_thqbca_history,storage\raw\taihu_thqbca_parsed\thqbca_observations.csv,17014,precipitation,Q01,high,missing value,
taihu_thqbca_history,storage\raw\taihu_thqbca_parsed\thqbca_observations.csv,17027,precipitation,Q01,high,missing value,
taihu_thqbca_history,storage\raw\taihu_thqbca_parsed\thqbca_observations.csv,17030,precipitation,Q01,high,missing value,
taihu_thqbca_history,storage\raw\taihu_thqbca_parsed\thqbca_observations.csv,17032,precipitation,Q01,high,missing value,
taihu_thqbca_history,storage\raw\taihu_thqbca_parsed\thqbca_observations.csv,17036,precipitation,Q01,high,missing value,
taihu_thqbca_history,storage\raw\taihu_thqbca_parsed\thqbca_observations.csv,17050,precipitation,Q01,high,missing value,
taihu_thqbca_history,storage\raw\taihu_thqbca_parsed\thqbca_observations.csv,17058,precipitation,Q01,high,missing value,
taihu_thqbca_history,storage\raw\taihu_thqbca_parsed\thqbca_observations.csv,17059,precipitation,Q01,high,missing value,
taihu_thqbca_history,storage\raw\taihu_thqbca_parsed\thqbca_observations.csv,17067,precipitation,Q01,high,missing value,
taihu_thqbca_history,storage\raw\taihu_thqbca_parsed\thqbca_observations.csv,17083,precipitation,Q01,high,missing value,
taihu_thqbca_history,storage\raw\taihu_thqbca_parsed\thqbca_observations.csv,17088,precipitation,Q01,high,missing value,
taihu_thqbca_history,storage\raw\taihu_thqbca_parsed\thqbca_observations.csv,17092,precipitation,Q01,high,missing value,
taihu_thqbca_history,storage\raw\taihu_thqbca_parsed\thqbca_observations.csv,17093,precipitation,Q01,high,missing value,
taihu_thqbca_history,storage\raw\taihu_thqbca_parsed\thqbca_observations.csv,17101,precipitation,Q01,high,missing value,
taihu_thqbca_history,storage\raw\taihu_thqbca_parsed\thqbca_observations.csv,17102,precipitation,Q01,high,missing value,
taihu_thqbca_history,storage\raw\taihu_thqbca_parsed\thqbca_observations.csv,17112,precipitation,Q01,high,missing value,
taihu_thqbca_history,storage\raw\taihu_thqbca_parsed\thqbca_observations.csv,17121,precipitation,Q01,high,missing value,
taihu_thqbca_history,storage\raw\taihu_thqbca_parsed\thqbca_observations.csv,17130,precipitation,Q01,high,missing value,
taihu_thqbca_history,storage\raw\taihu_thqbca_parsed\thqbca_observations.csv,17137,precipitation,Q01,high,missing value,
taihu_thqbca_history,storage\raw\taihu_thqbca_parsed\thqbca_observations.csv,17141,precipitation,Q01,high,missing value,
taihu_thqbca_history,storage\raw\taihu_thqbca_parsed\thqbca_observations.csv,17152,precipitation,Q01,high,missing value,
taihu_thqbca_history,storage\raw\taihu_thqbca_parsed\thqbca_observations.csv,17153,precipitation,Q01,high,missing value,
taihu_thqbca_history,storage\raw\taihu_thqbca_parsed\thqbca_observations.csv,17170,precipitation,Q01,high,missing value,
taihu_thqbca_history,storage\raw\taihu_thqbca_parsed\thqbca_observations.csv,17179,precipitation,Q01,high,missing value,
taihu_thqbca_history,storage\raw\taihu_thqbca_parsed\thqbca_observations.csv,17180,precipitation,Q01,high,missing value,
taihu_thqbca_history,storage\raw\taihu_thqbca_parsed\thqbca_observations.csv,17183,precipitation,Q01,high,missing value,
taihu_thqbca_history,storage\raw\taihu_thqbca_parsed\thqbca_observations.csv,17184,precipitation,Q01,high,missing value,
taihu_thqbca_history,storage\raw\taihu_thqbca_parsed\thqbca_observations.csv,17190,precipitation,Q01,high,missing value,
taihu_thqbca_history,storage\raw\taihu_thqbca_parsed\thqbca_observations.csv,17196,precipitation,Q01,high,missing value,
taihu_thqbca_history,storage\raw\taihu_thqbca_parsed\thqbca_observations.csv,17204,precipitation,Q01,high,missing value,
taihu_thqbca_history,storage\raw\taihu_thqbca_parsed\thqbca_observations.csv,17221,precipitation,Q01,high,missing value,
taihu_thqbca_history,storage\raw\taihu_thqbca_parsed\thqbca_observations.csv,17224,precipitation,Q01,high,missing value,
taihu_thqbca_history,storage\raw\taihu_thqbca_parsed\thqbca_observations.csv,17230,precipitation,Q01,high,missing value,
taihu_thqbca_history,storage\raw\taihu_thqbca_parsed\thqbca_observations.csv,17232,precipitation,Q01,high,missing value,
taihu_thqbca_history,storage\raw\taihu_thqbca_parsed\thqbca_observations.csv,17245,precipitation,Q01,high,missing value,
taihu_thqbca_history,storage\raw\taihu_thqbca_parsed\thqbca_observations.csv,17249,precipitation,Q01,high,missing value,
taihu_thqbca_history,storage\raw\taihu_thqbca_parsed\thqbca_observations.csv,17279,precipitation,Q01,high,missing value,
taihu_thqbca_history,storage\raw\taihu_thqbca_parsed\thqbca_observations.csv,17280,precipitation,Q01,high,missing value,
taihu_thqbca_history,storage\raw\taihu_thqbca_parsed\thqbca_observations.csv,17285,precipitation,Q04,critical,"outside allowed range (0.0, 500.0)",669
taihu_thqbca_history,storage\raw\taihu_thqbca_parsed\thqbca_observations.csv,17307,precipitation,Q04,critical,"outside allowed range (0.0, 500.0)",524
taihu_thqbca_history,storage\raw\taihu_thqbca_parsed\thqbca_observations.csv,17318,precipitation,Q01,high,missing value,
taihu_thqbca_history,storage\raw\taihu_thqbca_parsed\thqbca_observations.csv,17322,precipitation,Q01,high,missing value,
taihu_thqbca_history,storage\raw\taihu_thqbca_parsed\thqbca_observations.csv,17333,precipitation,Q04,critical,"outside allowed range (0.0, 500.0)",539
taihu_thqbca_history,storage\raw\taihu_thqbca_parsed\thqbca_observations.csv,17338,precipitation,Q01,high,missing value,
taihu_thqbca_history,storage\raw\taihu_thqbca_parsed\thqbca_observations.csv,17354,precipitation,Q04,critical,"outside allowed range (0.0, 500.0)",502
taihu_thqbca_history,storage\raw\taihu_thqbca_parsed\thqbca_observations.csv,17365,precipitation,Q01,high,missing value,
taihu_thqbca_history,storage\raw\taihu_thqbca_parsed\thqbca_observations.csv,17368,precipitation,Q01,high,missing value,
taihu_thqbca_history,storage\raw\taihu_thqbca_parsed\thqbca_observations.csv,17389,precipitation,Q01,high,missing value,
taihu_thqbca_history,storage\raw\taihu_thqbca_parsed\thqbca_observations.csv,17397,precipitation,Q01,high,missing value,
taihu_thqbca_history,storage\raw\taihu_thqbca_parsed\thqbca_observations.csv,17398,precipitation,Q01,high,missing value,
taihu_thqbca_history,storage\raw\taihu_thqbca_parsed\thqbca_observations.csv,17416,precipitation,Q01,high,missing value,
taihu_thqbca_history,storage\raw\taihu_thqbca_parsed\thqbca_observations.csv,17430,precipitation,Q01,high,missing value,
taihu_thqbca_history,storage\raw\taihu_thqbca_parsed\thqbca_observations.csv,17469,precipitation,Q01,high,missing value,
taihu_thqbca_history,storage\raw\taihu_thqbca_parsed\thqbca_observations.csv,17481,precipitation,Q01,high,missing value,
taihu_thqbca_history,storage\raw\taihu_thqbca_parsed\thqbca_observations.csv,17482,precipitation,Q01,high,missing value,
taihu_thqbca_history,storage\raw\taihu_thqbca_parsed\thqbca_observations.csv,17484,precipitation,Q01,high,missing value,
taihu_thqbca_history,storage\raw\taihu_thqbca_parsed\thqbca_observations.csv,17487,precipitation,Q01,high,missing value,
taihu_thqbca_history,storage\raw\taihu_thqbca_parsed\thqbca_observations.csv,17490,precipitation,Q01,high,missing value,
taihu_thqbca_history,storage\raw\taihu_thqbca_parsed\thqbca_observations.csv,17491,precipitation,Q01,high,missing value,
taihu_thqbca_history,storage\raw\taihu_thqbca_parsed\thqbca_observations.csv,17493,precipitation,Q01,high,missing value,
taihu_thqbca_history,storage\raw\taihu_thqbca_parsed\thqbca_observations.csv,17502,precipitation,Q01,high,missing value,
taihu_thqbca_history,storage\raw\taihu_thqbca_parsed\thqbca_observations.csv,17503,precipitation,Q01,high,missing value,
taihu_thqbca_history,storage\raw\taihu_thqbca_parsed\thqbca_observations.csv,17517,precipitation,Q01,high,missing value,
taihu_thqbca_history,storage\raw\taihu_thqbca_parsed\thqbca_observations.csv,17536,precipitation,Q01,high,missing value,
taihu_thqbca_history,storage\raw\taihu_thqbca_parsed\thqbca_observations.csv,17572,precipitation,Q01,high,missing value,
taihu_thqbca_history,storage\raw\taihu_thqbca_parsed\thqbca_observations.csv,17576,precipitation,Q01,high,missing value,
taihu_thqbca_history,storage\raw\taihu_thqbca_parsed\thqbca_observations.csv,17582,precipitation,Q01,high,missing value,
taihu_thqbca_history,storage\raw\taihu_thqbca_parsed\thqbca_observations.csv,17583,precipitation,Q01,high,missing value,
taihu_thqbca_history,storage\raw\taihu_thqbca_parsed\thqbca_observations.csv,17590,precipitation,Q04,critical,"outside allowed range (0.0, 500.0)",542
taihu_thqbca_history,storage\raw\taihu_thqbca_parsed\thqbca_observations.csv,17592,precipitation,Q01,high,missing value,
taihu_thqbca_history,storage\raw\taihu_thqbca_parsed\thqbca_observations.csv,17599,precipitation,Q01,high,missing value,
taihu_thqbca_history,storage\raw\taihu_thqbca_parsed\thqbca_observations.csv,17607,precipitation,Q01,high,missing value,
taihu_thqbca_history,storage\raw\taihu_thqbca_parsed\thqbca_observations.csv,17610,precipitation,Q01,high,missing value,
taihu_thqbca_history,storage\raw\taihu_thqbca_parsed\thqbca_observations.csv,17616,precipitation,Q01,high,missing value,
taihu_thqbca_history,storage\raw\taihu_thqbca_parsed\thqbca_observations.csv,17625,precipitation,Q01,high,missing value,
taihu_thqbca_history,storage\raw\taihu_thqbca_parsed\thqbca_observations.csv,17630,precipitation,Q01,high,missing value,
taihu_thqbca_history,storage\raw\taihu_thqbca_parsed\thqbca_observations.csv,17631,precipitation,Q01,high,missing value,
taihu_thqbca_history,storage\raw\taihu_thqbca_parsed\thqbca_observations.csv,17633,precipitation,Q01,high,missing value,
taihu_thqbca_history,storage\raw\taihu_thqbca_parsed\thqbca_observations.csv,17647,precipitation,Q01,high,missing value,
taihu_thqbca_history,storage\raw\taihu_thqbca_parsed\thqbca_observations.csv,17660,precipitation,Q01,high,missing value,
taihu_thqbca_history,storage\raw\taihu_thqbca_parsed\thqbca_observations.csv,17676,precipitation,Q01,high,missing value,
taihu_thqbca_history,storage\raw\taihu_thqbca_parsed\thqbca_observations.csv,17677,precipitation,Q04,critical,"outside allowed range (0.0, 500.0)",716
taihu_thqbca_history,storage\raw\taihu_thqbca_parsed\thqbca_observations.csv,17678,precipitation,Q01,high,missing value,
taihu_thqbca_history,storage\raw\taihu_thqbca_parsed\thqbca_observations.csv,17681,precipitation,Q01,high,missing value,
taihu_thqbca_history,storage\raw\taihu_thqbca_parsed\thqbca_observations.csv,17687,precipitation,Q01,high,missing value,
taihu_thqbca_history,storage\raw\taihu_thqbca_parsed\thqbca_observations.csv,17694,precipitation,Q01,high,missing value,
taihu_thqbca_history,storage\raw\taihu_thqbca_parsed\thqbca_observations.csv,17696,precipitation,Q01,high,missing value,
taihu_thqbca_history,storage\raw\taihu_thqbca_parsed\thqbca_observations.csv,17699,precipitation,Q04,critical,"outside allowed range (0.0, 500.0)",506
taihu_thqbca_history,storage\raw\taihu_thqbca_parsed\thqbca_observations.csv,17708,precipitation,Q01,high,missing value,
taihu_thqbca_history,storage\raw\taihu_thqbca_parsed\thqbca_observations.csv,17723,precipitation,Q01,high,missing value,
taihu_thqbca_history,storage\raw\taihu_thqbca_parsed\thqbca_observations.csv,17725,precipitation,Q01,high,missing value,
taihu_thqbca_history,storage\raw\taihu_thqbca_parsed\thqbca_observations.csv,17728,precipitation,Q01,high,missing value,
taihu_thqbca_history,storage\raw\taihu_thqbca_parsed\thqbca_observations.csv,17729,precipitation,Q01,high,missing value,
taihu_thqbca_history,storage\raw\taihu_thqbca_parsed\thqbca_observations.csv,17739,precipitation,Q01,high,missing value,
taihu_thqbca_history,storage\raw\taihu_thqbca_parsed\thqbca_observations.csv,17740,precipitation,Q01,high,missing value,
taihu_thqbca_history,storage\raw\taihu_thqbca_parsed\thqbca_observations.csv,17742,precipitation,Q01,high,missing value,
taihu_thqbca_history,storage\raw\taihu_thqbca_parsed\thqbca_observations.csv,17743,precipitation,Q01,high,missing value,
taihu_thqbca_history,storage\raw\taihu_thqbca_parsed\thqbca_observations.csv,17751,precipitation,Q01,high,missing value,
taihu_thqbca_history,storage\raw\taihu_thqbca_parsed\thqbca_observations.csv,17752,precipitation,Q01,high,missing value,
taihu_thqbca_history,storage\raw\taihu_thqbca_parsed\thqbca_observations.csv,17787,precipitation,Q01,high,missing value,
taihu_thqbca_history,storage\raw\taihu_thqbca_parsed\thqbca_observations.csv,17835,precipitation,Q01,high,missing value,
taihu_thqbca_history,storage\raw\taihu_thqbca_parsed\thqbca_observations.csv,17839,precipitation,Q01,high,missing value,
taihu_thqbca_history,storage\raw\taihu_thqbca_parsed\thqbca_observations.csv,17871,precipitation,Q01,high,missing value,
taihu_thqbca_history,storage\raw\taihu_thqbca_parsed\thqbca_observations.csv,17890,precipitation,Q01,high,missing value,
taihu_thqbca_history,storage\raw\taihu_thqbca_parsed\thqbca_observations.csv,17904,precipitation,Q01,high,missing value,
taihu_thqbca_history,storage\raw\taihu_thqbca_parsed\thqbca_observations.csv,17905,precipitation,Q01,high,missing value,
taihu_thqbca_history,storage\raw\taihu_thqbca_parsed\thqbca_observations.csv,17926,precipitation,Q01,high,missing value,
taihu_thqbca_history,storage\raw\taihu_thqbca_parsed\thqbca_observations.csv,17927,precipitation,Q01,high,missing value,
taihu_thqbca_history,storage\raw\taihu_thqbca_parsed\thqbca_observations.csv,17936,precipitation,Q01,high,missing value,
taihu_thqbca_history,storage\raw\taihu_thqbca_parsed\thqbca_observations.csv,17940,precipitation,Q01,high,missing value,
taihu_thqbca_history,storage\raw\taihu_thqbca_parsed\thqbca_observations.csv,17941,precipitation,Q01,high,missing value,
taihu_thqbca_history,storage\raw\taihu_thqbca_parsed\thqbca_observations.csv,17942,precipitation,Q01,high,missing value,
taihu_thqbca_history,storage\raw\taihu_thqbca_parsed\thqbca_observations.csv,17948,precipitation,Q01,high,missing value,
taihu_thqbca_history,storage\raw\taihu_thqbca_parsed\thqbca_observations.csv,17949,precipitation,Q04,critical,"outside allowed range (0.0, 500.0)",756
taihu_thqbca_history,storage\raw\taihu_thqbca_parsed\thqbca_observations.csv,17956,precipitation,Q01,high,missing value,
taihu_thqbca_history,storage\raw\taihu_thqbca_parsed\thqbca_observations.csv,17959,precipitation,Q01,high,missing value,
taihu_thqbca_history,storage\raw\taihu_thqbca_parsed\thqbca_observations.csv,17966,precipitation,Q01,high,missing value,
taihu_thqbca_history,storage\raw\taihu_thqbca_parsed\thqbca_observations.csv,17967,precipitation,Q01,high,missing value,
taihu_thqbca_history,storage\raw\taihu_thqbca_parsed\thqbca_observations.csv,17968,precipitation,Q01,high,missing value,
taihu_thqbca_history,storage\raw\taihu_thqbca_parsed\thqbca_observations.csv,17969,precipitation,Q01,high,missing value,
taihu_thqbca_history,storage\raw\taihu_thqbca_parsed\thqbca_observations.csv,17971,precipitation,Q01,high,missing value,
taihu_thqbca_history,storage\raw\taihu_thqbca_parsed\thqbca_observations.csv,17973,precipitation,Q04,critical,"outside allowed range (0.0, 500.0)",589
taihu_thqbca_history,storage\raw\taihu_thqbca_parsed\thqbca_observations.csv,17976,precipitation,Q01,high,missing value,
taihu_thqbca_history,storage\raw\taihu_thqbca_parsed\thqbca_observations.csv,17988,precipitation,Q01,high,missing value,
taihu_thqbca_history,storage\raw\taihu_thqbca_parsed\thqbca_observations.csv,17990,precipitation,Q01,high,missing value,
taihu_thqbca_history,storage\raw\taihu_thqbca_parsed\thqbca_observations.csv,18008,precipitation,Q01,high,missing value,
taihu_thqbca_history,storage\raw\taihu_thqbca_parsed\thqbca_observations.csv,18010,precipitation,Q01,high,missing value,
taihu_thqbca_history,storage\raw\taihu_thqbca_parsed\thqbca_observations.csv,18011,precipitation,Q01,high,missing value,
taihu_thqbca_history,storage\raw\taihu_thqbca_parsed\thqbca_observations.csv,18013,precipitation,Q01,high,missing value,
taihu_thqbca_history,storage\raw\taihu_thqbca_parsed\thqbca_observations.csv,18014,precipitation,Q01,high,missing value,
taihu_thqbca_history,storage\raw\taihu_thqbca_parsed\thqbca_observations.csv,18018,precipitation,Q04,critical,"outside allowed range (0.0, 500.0)",525
taihu_thqbca_history,storage\raw\taihu_thqbca_parsed\thqbca_observations.csv,18022,precipitation,Q01,high,missing value,
taihu_thqbca_history,storage\raw\taihu_thqbca_parsed\thqbca_observations.csv,18033,precipitation,Q01,high,missing value,
taihu_thqbca_history,storage\raw\taihu_thqbca_parsed\thqbca_observations.csv,18034,precipitation,Q01,high,missing value,
taihu_thqbca_history,storage\raw\taihu_thqbca_parsed\thqbca_observations.csv,18039,precipitation,Q01,high,missing value,
taihu_thqbca_history,storage\raw\taihu_thqbca_parsed\thqbca_observations.csv,18041,precipitation,Q01,high,missing value,
taihu_thqbca_history,storage\raw\taihu_thqbca_parsed\thqbca_observations.csv,18043,precipitation,Q01,high,missing value,
taihu_thqbca_history,storage\raw\taihu_thqbca_parsed\thqbca_observations.csv,18057,precipitation,Q01,high,missing value,
taihu_thqbca_history,storage\raw\taihu_thqbca_parsed\thqbca_observations.csv,18064,precipitation,Q04,critical,"outside allowed range (0.0, 500.0)",713
taihu_thqbca_history,storage\raw\taihu_thqbca_parsed\thqbca_observations.csv,18069,precipitation,Q01,high,missing value,
taihu_thqbca_history,storage\raw\taihu_thqbca_parsed\thqbca_observations.csv,18080,precipitation,Q01,high,missing value,
taihu_thqbca_history,storage\raw\taihu_thqbca_parsed\thqbca_observations.csv,18081,precipitation,Q01,high,missing value,
taihu_thqbca_history,storage\raw\taihu_thqbca_parsed\thqbca_observations.csv,18086,precipitation,Q01,high,missing value,
taihu_thqbca_history,storage\raw\taihu_thqbca_parsed\thqbca_observations.csv,18092,precipitation,Q01,high,missing value,
taihu_thqbca_history,storage\raw\taihu_thqbca_parsed\thqbca_observations.csv,18093,precipitation,Q01,high,missing value,
taihu_thqbca_history,storage\raw\taihu_thqbca_parsed\thqbca_observations.csv,18099,precipitation,Q01,high,missing value,
taihu_thqbca_history,storage\raw\taihu_thqbca_parsed\thqbca_observations.csv,18101,precipitation,Q01,high,missing value,
taihu_thqbca_history,storage\raw\taihu_thqbca_parsed\thqbca_observations.csv,18102,precipitation,Q01,high,missing value,
taihu_thqbca_history,storage\raw\taihu_thqbca_parsed\thqbca_observations.csv,18122,precipitation,Q01,high,missing value,
taihu_thqbca_history,storage\raw\taihu_thqbca_parsed\thqbca_observations.csv,18123,precipitation,Q01,high,missing value,
taihu_thqbca_history,storage\raw\taihu_thqbca_parsed\thqbca_observations.csv,18131,precipitation,Q01,high,missing value,
taihu_thqbca_history,storage\raw\taihu_thqbca_parsed\thqbca_observations.csv,18134,precipitation,Q01,high,missing value,
taihu_thqbca_history,storage\raw\taihu_thqbca_parsed\thqbca_observations.csv,18151,precipitation,Q01,high,missing value,
taihu_thqbca_history,storage\raw\taihu_thqbca_parsed\thqbca_observations.csv,18179,precipitation,Q01,high,missing value,
taihu_thqbca_history,storage\raw\taihu_thqbca_parsed\thqbca_observations.csv,18191,precipitation,Q01,high,missing value,
taihu_thqbca_history,storage\raw\taihu_thqbca_parsed\thqbca_observations.csv,18203,precipitation,Q01,high,missing value,
taihu_thqbca_history,storage\raw\taihu_thqbca_parsed\thqbca_observations.csv,18208,precipitation,Q01,high,missing value,
taihu_thqbca_history,storage\raw\taihu_thqbca_parsed\thqbca_observations.csv,18215,precipitation,Q01,high,missing value,
taihu_thqbca_history,storage\raw\taihu_thqbca_parsed\thqbca_observations.csv,18216,precipitation,Q01,high,missing value,
taihu_thqbca_history,storage\raw\taihu_thqbca_parsed\thqbca_observations.csv,18221,precipitation,Q01,high,missing value,
taihu_thqbca_history,storage\raw\taihu_thqbca_parsed\thqbca_observations.csv,18222,precipitation,Q01,high,missing value,
taihu_thqbca_history,storage\raw\taihu_thqbca_parsed\thqbca_observations.csv,18223,precipitation,Q01,high,missing value,
taihu_thqbca_history,storage\raw\taihu_thqbca_parsed\thqbca_observations.csv,18231,precipitation,Q01,high,missing value,
taihu_thqbca_history,storage\raw\taihu_thqbca_parsed\thqbca_observations.csv,18257,precipitation,Q01,high,missing value,
taihu_thqbca_history,storage\raw\taihu_thqbca_parsed\thqbca_observations.csv,18258,precipitation,Q01,high,missing value,
taihu_thqbca_history,storage\raw\taihu_thqbca_parsed\thqbca_observations.csv,18265,precipitation,Q01,high,missing value,
taihu_thqbca_history,storage\raw\taihu_thqbca_parsed\thqbca_observations.csv,18286,precipitation,Q01,high,missing value,
taihu_thqbca_history,storage\raw\taihu_thqbca_parsed\thqbca_observations.csv,18299,precipitation,Q01,high,missing value,
taihu_thqbca_history,storage\raw\taihu_thqbca_parsed\thqbca_observations.csv,18306,precipitation,Q01,high,missing value,
taihu_thqbca_history,storage\raw\taihu_thqbca_parsed\thqbca_observations.csv,18316,precipitation,Q04,critical,"outside allowed range (0.0, 500.0)",576
taihu_thqbca_history,storage\raw\taihu_thqbca_parsed\thqbca_observations.csv,18328,precipitation,Q01,high,missing value,
taihu_thqbca_history,storage\raw\taihu_thqbca_parsed\thqbca_observations.csv,18330,precipitation,Q01,high,missing value,
taihu_thqbca_history,storage\raw\taihu_thqbca_parsed\thqbca_observations.csv,18337,precipitation,Q01,high,missing value,
taihu_thqbca_history,storage\raw\taihu_thqbca_parsed\thqbca_observations.csv,18350,precipitation,Q01,high,missing value,
taihu_thqbca_history,storage\raw\taihu_thqbca_parsed\thqbca_observations.csv,18366,precipitation,Q01,high,missing value,
taihu_thqbca_history,storage\raw\taihu_thqbca_parsed\thqbca_observations.csv,18377,precipitation,Q01,high,missing value,
taihu_thqbca_history,storage\raw\taihu_thqbca_parsed\thqbca_observations.csv,18382,precipitation,Q01,high,missing value,
taihu_thqbca_history,storage\raw\taihu_thqbca_parsed\thqbca_observations.csv,18391,precipitation,Q01,high,missing value,
taihu_thqbca_history,storage\raw\taihu_thqbca_parsed\thqbca_observations.csv,18392,precipitation,Q01,high,missing value,
taihu_thqbca_history,storage\raw\taihu_thqbca_parsed\thqbca_observations.csv,18412,precipitation,Q01,high,missing value,
taihu_thqbca_history,storage\raw\taihu_thqbca_parsed\thqbca_observations.csv,18430,precipitation,Q01,high,missing value,
taihu_thqbca_history,storage\raw\taihu_thqbca_parsed\thqbca_observations.csv,18431,precipitation,Q01,high,missing value,
taihu_thqbca_history,storage\raw\taihu_thqbca_parsed\thqbca_observations.csv,18438,precipitation,Q01,high,missing value,
taihu_thqbca_history,storage\raw\taihu_thqbca_parsed\thqbca_observations.csv,18439,precipitation,Q04,critical,"outside allowed range (0.0, 500.0)",1454
taihu_thqbca_history,storage\raw\taihu_thqbca_parsed\thqbca_observations.csv,18440,precipitation,Q04,critical,"outside allowed range (0.0, 500.0)",640
taihu_thqbca_history,storage\raw\taihu_thqbca_parsed\thqbca_observations.csv,18441,precipitation,Q01,high,missing value,
taihu_thqbca_history,storage\raw\taihu_thqbca_parsed\thqbca_observations.csv,18447,precipitation,Q01,high,missing value,
taihu_thqbca_history,storage\raw\taihu_thqbca_parsed\thqbca_observations.csv,18465,precipitation,Q01,high,missing value,
taihu_thqbca_history,storage\raw\taihu_thqbca_parsed\thqbca_observations.csv,18467,precipitation,Q01,high,missing value,
taihu_thqbca_history,storage\raw\taihu_thqbca_parsed\thqbca_observations.csv,18468,precipitation,Q01,high,missing value,
taihu_thqbca_history,storage\raw\taihu_thqbca_parsed\thqbca_observations.csv,18469,precipitation,Q01,high,missing value,
taihu_thqbca_history,storage\raw\taihu_thqbca_parsed\thqbca_observations.csv,18486,precipitation,Q01,high,missing value,
taihu_thqbca_history,storage\raw\taihu_thqbca_parsed\thqbca_observations.csv,18489,precipitation,Q01,high,missing value,
taihu_thqbca_history,storage\raw\taihu_thqbca_parsed\thqbca_observations.csv,18490,precipitation,Q01,high,missing value,
taihu_thqbca_history,storage\raw\taihu_thqbca_parsed\thqbca_observations.csv,18503,precipitation,Q01,high,missing value,
taihu_thqbca_history,storage\raw\taihu_thqbca_parsed\thqbca_observations.csv,18508,precipitation,Q04,critical,"outside allowed range (0.0, 500.0)",508
taihu_thqbca_history,storage\raw\taihu_thqbca_parsed\thqbca_observations.csv,18517,precipitation,Q01,high,missing value,
taihu_thqbca_history,storage\raw\taihu_thqbca_parsed\thqbca_observations.csv,18530,precipitation,Q01,high,missing value,
taihu_thqbca_history,storage\raw\taihu_thqbca_parsed\thqbca_observations.csv,18541,precipitation,Q01,high,missing value,
taihu_thqbca_history,storage\raw\taihu_thqbca_parsed\thqbca_observations.csv,18563,precipitation,Q01,high,missing value,
taihu_thqbca_history,storage\raw\taihu_thqbca_parsed\thqbca_observations.csv,18579,precipitation,Q01,high,missing value,
taihu_thqbca_history,storage\raw\taihu_thqbca_parsed\thqbca_observations.csv,18586,precipitation,Q01,high,missing value,
taihu_thqbca_history,storage\raw\taihu_thqbca_parsed\thqbca_observations.csv,18589,precipitation,Q01,high,missing value,
taihu_thqbca_history,storage\raw\taihu_thqbca_parsed\thqbca_observations.csv,18592,precipitation,Q01,high,missing value,
taihu_thqbca_history,storage\raw\taihu_thqbca_parsed\thqbca_observations.csv,18595,precipitation,Q01,high,missing value,
taihu_thqbca_history,storage\raw\taihu_thqbca_parsed\thqbca_observations.csv,18604,precipitation,Q01,high,missing value,
taihu_thqbca_history,storage\raw\taihu_thqbca_parsed\thqbca_observations.csv,18623,precipitation,Q01,high,missing value,
taihu_thqbca_history,storage\raw\taihu_thqbca_parsed\thqbca_observations.csv,18629,precipitation,Q01,high,missing value,
taihu_thqbca_history,storage\raw\taihu_thqbca_parsed\thqbca_observations.csv,18633,precipitation,Q01,high,missing value,
taihu_thqbca_history,storage\raw\taihu_thqbca_parsed\thqbca_observations.csv,18655,precipitation,Q01,high,missing value,
taihu_thqbca_history,storage\raw\taihu_thqbca_parsed\thqbca_observations.csv,18656,precipitation,Q01,high,missing value,
taihu_thqbca_history,storage\raw\taihu_thqbca_parsed\thqbca_observations.csv,18658,precipitation,Q01,high,missing value,
taihu_thqbca_history,storage\raw\taihu_thqbca_parsed\thqbca_observations.csv,18669,precipitation,Q01,high,missing value,
taihu_thqbca_history,storage\raw\taihu_thqbca_parsed\thqbca_observations.csv,18674,precipitation,Q01,high,missing value,
taihu_thqbca_history,storage\raw\taihu_thqbca_parsed\thqbca_observations.csv,18678,precipitation,Q01,high,missing value,
taihu_thqbca_history,storage\raw\taihu_thqbca_parsed\thqbca_observations.csv,18682,precipitation,Q01,high,missing value,
taihu_thqbca_history,storage\raw\taihu_thqbca_parsed\thqbca_observations.csv,18699,precipitation,Q01,high,missing value,
taihu_thqbca_history,storage\raw\taihu_thqbca_parsed\thqbca_observations.csv,18701,precipitation,Q01,high,missing value,
taihu_thqbca_history,storage\raw\taihu_thqbca_parsed\thqbca_observations.csv,18705,precipitation,Q01,high,missing value,
taihu_thqbca_history,storage\raw\taihu_thqbca_parsed\thqbca_observations.csv,18707,precipitation,Q01,high,missing value,
taihu_thqbca_history,storage\raw\taihu_thqbca_parsed\thqbca_observations.csv,18709,precipitation,Q01,high,missing value,
taihu_thqbca_history,storage\raw\taihu_thqbca_parsed\thqbca_observations.csv,18711,precipitation,Q01,high,missing value,
taihu_thqbca_history,storage\raw\taihu_thqbca_parsed\thqbca_observations.csv,18722,precipitation,Q01,high,missing value,
taihu_thqbca_history,storage\raw\taihu_thqbca_parsed\thqbca_observations.csv,18725,precipitation,Q04,critical,"outside allowed range (0.0, 500.0)",584
taihu_thqbca_history,storage\raw\taihu_thqbca_parsed\thqbca_observations.csv,18747,precipitation,Q04,critical,"outside allowed range (0.0, 500.0)",617
taihu_thqbca_history,storage\raw\taihu_thqbca_parsed\thqbca_observations.csv,18757,precipitation,Q01,high,missing value,
taihu_thqbca_history,storage\raw\taihu_thqbca_parsed\thqbca_observations.csv,18762,precipitation,Q01,high,missing value,
taihu_thqbca_history,storage\raw\taihu_thqbca_parsed\thqbca_observations.csv,18773,precipitation,Q01,high,missing value,
taihu_thqbca_history,storage\raw\taihu_thqbca_parsed\thqbca_observations.csv,18785,precipitation,Q01,high,missing value,
taihu_thqbca_history,storage\raw\taihu_thqbca_parsed\thqbca_observations.csv,18786,precipitation,Q01,high,missing value,
taihu_thqbca_history,storage\raw\taihu_thqbca_parsed\thqbca_observations.csv,18801,precipitation,Q01,high,missing value,
taihu_thqbca_history,storage\raw\taihu_thqbca_parsed\thqbca_observations.csv,18840,precipitation,Q01,high,missing value,
taihu_thqbca_history,storage\raw\taihu_thqbca_parsed\thqbca_observations.csv,18847,precipitation,Q01,high,missing value,
taihu_thqbca_history,storage\raw\taihu_thqbca_parsed\thqbca_observations.csv,18848,precipitation,Q01,high,missing value,
taihu_thqbca_history,storage\raw\taihu_thqbca_parsed\thqbca_observations.csv,18849,precipitation,Q01,high,missing value,
taihu_thqbca_history,storage\raw\taihu_thqbca_parsed\thqbca_observations.csv,18871,precipitation,Q01,high,missing value,
taihu_thqbca_history,storage\raw\taihu_thqbca_parsed\thqbca_observations.csv,18875,precipitation,Q01,high,missing value,
taihu_thqbca_history,storage\raw\taihu_thqbca_parsed\thqbca_observations.csv,18887,precipitation,Q01,high,missing value,
taihu_thqbca_history,storage\raw\taihu_thqbca_parsed\thqbca_observations.csv,18891,precipitation,Q01,high,missing value,
taihu_thqbca_history,storage\raw\taihu_thqbca_parsed\thqbca_observations.csv,18905,precipitation,Q01,high,missing value,
taihu_thqbca_history,storage\raw\taihu_thqbca_parsed\thqbca_observations.csv,18910,precipitation,Q01,high,missing value,
taihu_thqbca_history,storage\raw\taihu_thqbca_parsed\thqbca_observations.csv,18913,precipitation,Q01,high,missing value,
taihu_thqbca_history,storage\raw\taihu_thqbca_parsed\thqbca_observations.csv,18923,precipitation,Q01,high,missing value,
taihu_thqbca_history,storage\raw\taihu_thqbca_parsed\thqbca_observations.csv,18925,precipitation,Q01,high,missing value,
taihu_thqbca_history,storage\raw\taihu_thqbca_parsed\thqbca_observations.csv,18926,precipitation,Q01,high,missing value,
taihu_thqbca_history,storage\raw\taihu_thqbca_parsed\thqbca_observations.csv,18929,precipitation,Q01,high,missing value,
taihu_thqbca_history,storage\raw\taihu_thqbca_parsed\thqbca_observations.csv,18946,precipitation,Q01,high,missing value,
taihu_thqbca_history,storage\raw\taihu_thqbca_parsed\thqbca_observations.csv,18955,precipitation,Q01,high,missing value,
taihu_thqbca_history,storage\raw\taihu_thqbca_parsed\thqbca_observations.csv,18957,precipitation,Q01,high,missing value,
taihu_thqbca_history,storage\raw\taihu_thqbca_parsed\thqbca_observations.csv,18983,precipitation,Q01,high,missing value,
taihu_thqbca_history,storage\raw\taihu_thqbca_parsed\thqbca_observations.csv,18985,precipitation,Q01,high,missing value,
taihu_thqbca_history,storage\raw\taihu_thqbca_parsed\thqbca_observations.csv,19018,precipitation,Q01,high,missing value,
taihu_thqbca_history,storage\raw\taihu_thqbca_parsed\thqbca_observations.csv,19020,precipitation,Q01,high,missing value,
taihu_thqbca_history,storage\raw\taihu_thqbca_parsed\thqbca_observations.csv,19021,precipitation,Q01,high,missing value,
taihu_thqbca_history,storage\raw\taihu_thqbca_parsed\thqbca_observations.csv,19027,precipitation,Q01,high,missing value,
taihu_thqbca_history,storage\raw\taihu_thqbca_parsed\thqbca_observations.csv,19040,precipitation,Q01,high,missing value,
taihu_thqbca_history,storage\raw\taihu_thqbca_parsed\thqbca_observations.csv,19042,precipitation,Q01,high,missing value,
taihu_thqbca_history,storage\raw\taihu_thqbca_parsed\thqbca_observations.csv,19047,precipitation,Q01,high,missing value,
taihu_thqbca_history,storage\raw\taihu_thqbca_parsed\thqbca_observations.csv,19051,precipitation,Q01,high,missing value,
taihu_thqbca_history,storage\raw\taihu_thqbca_parsed\thqbca_observations.csv,19066,precipitation,Q01,high,missing value,
taihu_thqbca_history,storage\raw\taihu_thqbca_parsed\thqbca_observations.csv,19073,precipitation,Q01,high,missing value,
taihu_thqbca_history,storage\raw\taihu_thqbca_parsed\thqbca_observations.csv,19091,precipitation,Q01,high,missing value,
taihu_thqbca_history,storage\raw\taihu_thqbca_parsed\thqbca_observations.csv,19092,precipitation,Q04,critical,"outside allowed range (0.0, 500.0)",941
taihu_thqbca_history,storage\raw\taihu_thqbca_parsed\thqbca_observations.csv,19116,precipitation,Q01,high,missing value,
taihu_thqbca_history,storage\raw\taihu_thqbca_parsed\thqbca_observations.csv,19151,precipitation,Q01,high,missing value,
taihu_thqbca_history,storage\raw\taihu_thqbca_parsed\thqbca_observations.csv,19155,precipitation,Q01,high,missing value,
taihu_thqbca_history,storage\raw\taihu_thqbca_parsed\thqbca_observations.csv,19168,precipitation,Q01,high,missing value,
taihu_thqbca_history,storage\raw\taihu_thqbca_parsed\thqbca_observations.csv,19186,precipitation,Q01,high,missing value,
taihu_thqbca_history,storage\raw\taihu_thqbca_parsed\thqbca_observations.csv,19190,precipitation,Q01,high,missing value,
taihu_thqbca_history,storage\raw\taihu_thqbca_parsed\thqbca_observations.csv,19193,precipitation,Q04,critical,"outside allowed range (0.0, 500.0)",639
taihu_thqbca_history,storage\raw\taihu_thqbca_parsed\thqbca_observations.csv,19197,precipitation,Q01,high,missing value,
taihu_thqbca_history,storage\raw\taihu_thqbca_parsed\thqbca_observations.csv,19205,precipitation,Q01,high,missing value,
taihu_thqbca_history,storage\raw\taihu_thqbca_parsed\thqbca_observations.csv,19223,precipitation,Q01,high,missing value,
taihu_thqbca_history,storage\raw\taihu_thqbca_parsed\thqbca_observations.csv,19267,precipitation,Q01,high,missing value,
taihu_thqbca_history,storage\raw\taihu_thqbca_parsed\thqbca_observations.csv,19273,precipitation,Q01,high,missing value,
taihu_thqbca_history,storage\raw\taihu_thqbca_parsed\thqbca_observations.csv,19282,precipitation,Q01,high,missing value,
taihu_thqbca_history,storage\raw\taihu_thqbca_parsed\thqbca_observations.csv,19332,precipitation,Q01,high,missing value,
taihu_thqbca_history,storage\raw\taihu_thqbca_parsed\thqbca_observations.csv,19337,precipitation,Q01,high,missing value,
taihu_thqbca_history,storage\raw\taihu_thqbca_parsed\thqbca_observations.csv,19345,precipitation,Q01,high,missing value,
taihu_thqbca_history,storage\raw\taihu_thqbca_parsed\thqbca_observations.csv,19349,precipitation,Q01,high,missing value,
taihu_thqbca_history,storage\raw\taihu_thqbca_parsed\thqbca_observations.csv,19371,precipitation,Q01,high,missing value,
taihu_thqbca_history,storage\raw\taihu_thqbca_parsed\thqbca_observations.csv,19372,precipitation,Q01,high,missing value,
taihu_thqbca_history,storage\raw\taihu_thqbca_parsed\thqbca_observations.csv,19376,precipitation,Q04,critical,"outside allowed range (0.0, 500.0)",1005
taihu_thqbca_history,storage\raw\taihu_thqbca_parsed\thqbca_observations.csv,19384,precipitation,Q01,high,missing value,
taihu_thqbca_history,storage\raw\taihu_thqbca_parsed\thqbca_observations.csv,19385,precipitation,Q01,high,missing value,
taihu_thqbca_history,storage\raw\taihu_thqbca_parsed\thqbca_observations.csv,19400,precipitation,Q01,high,missing value,
taihu_thqbca_history,storage\raw\taihu_thqbca_parsed\thqbca_observations.csv,19401,precipitation,Q01,high,missing value,
taihu_thqbca_history,storage\raw\taihu_thqbca_parsed\thqbca_observations.csv,19402,precipitation,Q01,high,missing value,
taihu_thqbca_history,storage\raw\taihu_thqbca_parsed\thqbca_observations.csv,19406,precipitation,Q01,high,missing value,
taihu_thqbca_history,storage\raw\taihu_thqbca_parsed\thqbca_observations.csv,19409,precipitation,Q01,high,missing value,
taihu_thqbca_history,storage\raw\taihu_thqbca_parsed\thqbca_observations.csv,19412,precipitation,Q01,high,missing value,
taihu_thqbca_history,storage\raw\taihu_thqbca_parsed\thqbca_observations.csv,19417,precipitation,Q01,high,missing value,
taihu_thqbca_history,storage\raw\taihu_thqbca_parsed\thqbca_observations.csv,19419,precipitation,Q01,high,missing value,
taihu_thqbca_history,storage\raw\taihu_thqbca_parsed\thqbca_observations.csv,19424,precipitation,Q01,high,missing value,
taihu_thqbca_history,storage\raw\taihu_thqbca_parsed\thqbca_observations.csv,19427,precipitation,Q01,high,missing value,
taihu_thqbca_history,storage\raw\taihu_thqbca_parsed\thqbca_observations.csv,19429,precipitation,Q01,high,missing value,
taihu_thqbca_history,storage\raw\taihu_thqbca_parsed\thqbca_observations.csv,19450,precipitation,Q01,high,missing value,
taihu_thqbca_history,storage\raw\taihu_thqbca_parsed\thqbca_observations.csv,19451,precipitation,Q01,high,missing value,
taihu_thqbca_history,storage\raw\taihu_thqbca_parsed\thqbca_observations.csv,19465,precipitation,Q04,critical,"outside allowed range (0.0, 500.0)",568
taihu_thqbca_history,storage\raw\taihu_thqbca_parsed\thqbca_observations.csv,19466,precipitation,Q01,high,missing value,
taihu_thqbca_history,storage\raw\taihu_thqbca_parsed\thqbca_observations.csv,19467,precipitation,Q01,high,missing value,
taihu_thqbca_history,storage\raw\taihu_thqbca_parsed\thqbca_observations.csv,19468,precipitation,Q01,high,missing value,
taihu_thqbca_history,storage\raw\taihu_thqbca_parsed\thqbca_observations.csv,19483,precipitation,Q01,high,missing value,
taihu_thqbca_history,storage\raw\taihu_thqbca_parsed\thqbca_observations.csv,19489,precipitation,Q04,critical,"outside allowed range (0.0, 500.0)",722
taihu_thqbca_history,storage\raw\taihu_thqbca_parsed\thqbca_observations.csv,19491,precipitation,Q04,critical,"outside allowed range (0.0, 500.0)",657
taihu_thqbca_history,storage\raw\taihu_thqbca_parsed\thqbca_observations.csv,19494,precipitation,Q01,high,missing value,
taihu_thqbca_history,storage\raw\taihu_thqbca_parsed\thqbca_observations.csv,19495,precipitation,Q01,high,missing value,
taihu_thqbca_history,storage\raw\taihu_thqbca_parsed\thqbca_observations.csv,19503,precipitation,Q01,high,missing value,
taihu_thqbca_history,storage\raw\taihu_thqbca_parsed\thqbca_observations.csv,19504,precipitation,Q01,high,missing value,
taihu_thqbca_history,storage\raw\taihu_thqbca_parsed\thqbca_observations.csv,19512,precipitation,Q01,high,missing value,
taihu_thqbca_history,storage\raw\taihu_thqbca_parsed\thqbca_observations.csv,19519,precipitation,Q01,high,missing value,
taihu_thqbca_history,storage\raw\taihu_thqbca_parsed\thqbca_observations.csv,19520,precipitation,Q01,high,missing value,
taihu_thqbca_history,storage\raw\taihu_thqbca_parsed\thqbca_observations.csv,19521,precipitation,Q04,critical,"outside allowed range (0.0, 500.0)",621
taihu_thqbca_history,storage\raw\taihu_thqbca_parsed\thqbca_observations.csv,19522,precipitation,Q04,critical,"outside allowed range (0.0, 500.0)",636
taihu_thqbca_history,storage\raw\taihu_thqbca_parsed\thqbca_observations.csv,19523,precipitation,Q04,critical,"outside allowed range (0.0, 500.0)",693
taihu_thqbca_history,storage\raw\taihu_thqbca_parsed\thqbca_observations.csv,19525,precipitation,Q04,critical,"outside allowed range (0.0, 500.0)",551
taihu_thqbca_history,storage\raw\taihu_thqbca_parsed\thqbca_observations.csv,19530,precipitation,Q01,high,missing value,
taihu_thqbca_history,storage\raw\taihu_thqbca_parsed\thqbca_observations.csv,19532,precipitation,Q01,high,missing value,
taihu_thqbca_history,storage\raw\taihu_thqbca_parsed\thqbca_observations.csv,19533,precipitation,Q01,high,missing value,
taihu_thqbca_history,storage\raw\taihu_thqbca_parsed\thqbca_observations.csv,19535,precipitation,Q01,high,missing value,
taihu_thqbca_history,storage\raw\taihu_thqbca_parsed\thqbca_observations.csv,19541,precipitation,Q01,high,missing value,
taihu_thqbca_history,storage\raw\taihu_thqbca_parsed\thqbca_observations.csv,19548,precipitation,Q01,high,missing value,
taihu_thqbca_history,storage\raw\taihu_thqbca_parsed\thqbca_observations.csv,19550,precipitation,Q01,high,missing value,
taihu_thqbca_history,storage\raw\taihu_thqbca_parsed\thqbca_observations.csv,19556,precipitation,Q04,critical,"outside allowed range (0.0, 500.0)",621
taihu_thqbca_history,storage\raw\taihu_thqbca_parsed\thqbca_observations.csv,19557,precipitation,Q01,high,missing value,
taihu_thqbca_history,storage\raw\taihu_thqbca_parsed\thqbca_observations.csv,19601,precipitation,Q01,high,missing value,
taihu_thqbca_history,storage\raw\taihu_thqbca_parsed\thqbca_observations.csv,19607,precipitation,Q01,high,missing value,
taihu_thqbca_history,storage\raw\taihu_thqbca_parsed\thqbca_observations.csv,19625,precipitation,Q01,high,missing value,
taihu_thqbca_history,storage\raw\taihu_thqbca_parsed\thqbca_observations.csv,19635,precipitation,Q01,high,missing value,
taihu_thqbca_history,storage\raw\taihu_thqbca_parsed\thqbca_observations.csv,19636,precipitation,Q01,high,missing value,
taihu_thqbca_history,storage\raw\taihu_thqbca_parsed\thqbca_observations.csv,19638,precipitation,Q01,high,missing value,
taihu_thqbca_history,storage\raw\taihu_thqbca_parsed\thqbca_observations.csv,19642,precipitation,Q01,high,missing value,
taihu_thqbca_history,storage\raw\taihu_thqbca_parsed\thqbca_observations.csv,19662,precipitation,Q01,high,missing value,
taihu_thqbca_history,storage\raw\taihu_thqbca_parsed\thqbca_observations.csv,19691,precipitation,Q01,high,missing value,
taihu_thqbca_history,storage\raw\taihu_thqbca_parsed\thqbca_observations.csv,19708,precipitation,Q01,high,missing value,
taihu_thqbca_history,storage\raw\taihu_thqbca_parsed\thqbca_observations.csv,19732,precipitation,Q01,high,missing value,
taihu_thqbca_history,storage\raw\taihu_thqbca_parsed\thqbca_observations.csv,19733,precipitation,Q01,high,missing value,
taihu_thqbca_history,storage\raw\taihu_thqbca_parsed\thqbca_observations.csv,19738,precipitation,Q01,high,missing value,
taihu_thqbca_history,storage\raw\taihu_thqbca_parsed\thqbca_observations.csv,19739,precipitation,Q01,high,missing value,
taihu_thqbca_history,storage\raw\taihu_thqbca_parsed\thqbca_observations.csv,19746,precipitation,Q01,high,missing value,
taihu_thqbca_history,storage\raw\taihu_thqbca_parsed\thqbca_observations.csv,19747,precipitation,Q01,high,missing value,
taihu_thqbca_history,storage\raw\taihu_thqbca_parsed\thqbca_observations.csv,19755,precipitation,Q01,high,missing value,
taihu_thqbca_history,storage\raw\taihu_thqbca_parsed\thqbca_observations.csv,19780,precipitation,Q01,high,missing value,
taihu_thqbca_history,storage\raw\taihu_thqbca_parsed\thqbca_observations.csv,19799,precipitation,Q01,high,missing value,
taihu_thqbca_history,storage\raw\taihu_thqbca_parsed\thqbca_observations.csv,19800,precipitation,Q01,high,missing value,
taihu_thqbca_history,storage\raw\taihu_thqbca_parsed\thqbca_observations.csv,19803,precipitation,Q01,high,missing value,
taihu_thqbca_history,storage\raw\taihu_thqbca_parsed\thqbca_observations.csv,19817,precipitation,Q04,critical,"outside allowed range (0.0, 500.0)",601
taihu_thqbca_history,storage\raw\taihu_thqbca_parsed\thqbca_observations.csv,19826,precipitation,Q01,high,missing value,
taihu_thqbca_history,storage\raw\taihu_thqbca_parsed\thqbca_observations.csv,19833,precipitation,Q01,high,missing value,
taihu_thqbca_history,storage\raw\taihu_thqbca_parsed\thqbca_observations.csv,19835,precipitation,Q04,critical,"outside allowed range (0.0, 500.0)",539
taihu_thqbca_history,storage\raw\taihu_thqbca_parsed\thqbca_observations.csv,19846,precipitation,Q01,high,missing value,
taihu_thqbca_history,storage\raw\taihu_thqbca_parsed\thqbca_observations.csv,19870,precipitation,Q01,high,missing value,
taihu_thqbca_history,storage\raw\taihu_thqbca_parsed\thqbca_observations.csv,19877,precipitation,Q01,high,missing value,
taihu_thqbca_history,storage\raw\taihu_thqbca_parsed\thqbca_observations.csv,19885,precipitation,Q01,high,missing value,
taihu_thqbca_history,storage\raw\taihu_thqbca_parsed\thqbca_observations.csv,19893,precipitation,Q01,high,missing value,
taihu_thqbca_history,storage\raw\taihu_thqbca_parsed\thqbca_observations.csv,19896,precipitation,Q04,critical,"outside allowed range (0.0, 500.0)",621
taihu_thqbca_history,storage\raw\taihu_thqbca_parsed\thqbca_observations.csv,19903,precipitation,Q01,high,missing value,
taihu_thqbca_history,storage\raw\taihu_thqbca_parsed\thqbca_observations.csv,19904,precipitation,Q01,high,missing value,
taihu_thqbca_history,storage\raw\taihu_thqbca_parsed\thqbca_observations.csv,19906,precipitation,Q01,high,missing value,
taihu_thqbca_history,storage\raw\taihu_thqbca_parsed\thqbca_observations.csv,19914,precipitation,Q01,high,missing value,
taihu_thqbca_history,storage\raw\taihu_thqbca_parsed\thqbca_observations.csv,19920,precipitation,Q01,high,missing value,
taihu_thqbca_history,storage\raw\taihu_thqbca_parsed\thqbca_observations.csv,19946,precipitation,Q01,high,missing value,
taihu_thqbca_history,storage\raw\taihu_thqbca_parsed\thqbca_observations.csv,19955,precipitation,Q01,high,missing value,
taihu_thqbca_history,storage\raw\taihu_thqbca_parsed\thqbca_observations.csv,19981,precipitation,Q01,high,missing value,
taihu_thqbca_history,storage\raw\taihu_thqbca_parsed\thqbca_observations.csv,20005,precipitation,Q01,high,missing value,
taihu_thqbca_history,storage\raw\taihu_thqbca_parsed\thqbca_observations.csv,20018,precipitation,Q01,high,missing value,
taihu_thqbca_history,storage\raw\taihu_thqbca_parsed\thqbca_observations.csv,20021,precipitation,Q01,high,missing value,
taihu_thqbca_history,storage\raw\taihu_thqbca_parsed\thqbca_observations.csv,20034,precipitation,Q01,high,missing value,
taihu_thqbca_history,storage\raw\taihu_thqbca_parsed\thqbca_observations.csv,20042,precipitation,Q01,high,missing value,
taihu_thqbca_history,storage\raw\taihu_thqbca_parsed\thqbca_observations.csv,20048,precipitation,Q01,high,missing value,
taihu_thqbca_history,storage\raw\taihu_thqbca_parsed\thqbca_observations.csv,20057,precipitation,Q01,high,missing value,
taihu_thqbca_history,storage\raw\taihu_thqbca_parsed\thqbca_observations.csv,20064,precipitation,Q01,high,missing value,
taihu_thqbca_history,storage\raw\taihu_thqbca_parsed\thqbca_observations.csv,20068,precipitation,Q01,high,missing value,
taihu_thqbca_history,storage\raw\taihu_thqbca_parsed\thqbca_observations.csv,20070,precipitation,Q01,high,missing value,
taihu_thqbca_history,storage\raw\taihu_thqbca_parsed\thqbca_observations.csv,20089,precipitation,Q01,high,missing value,
taihu_thqbca_history,storage\raw\taihu_thqbca_parsed\thqbca_observations.csv,20091,precipitation,Q01,high,missing value,
taihu_thqbca_history,storage\raw\taihu_thqbca_parsed\thqbca_observations.csv,20095,precipitation,Q01,high,missing value,
taihu_thqbca_history,storage\raw\taihu_thqbca_parsed\thqbca_observations.csv,20097,precipitation,Q01,high,missing value,
taihu_thqbca_history,storage\raw\taihu_thqbca_parsed\thqbca_observations.csv,20126,precipitation,Q01,high,missing value,
taihu_thqbca_history,storage\raw\taihu_thqbca_parsed\thqbca_observations.csv,20131,precipitation,Q01,high,missing value,
taihu_thqbca_history,storage\raw\taihu_thqbca_parsed\thqbca_observations.csv,20137,precipitation,Q01,high,missing value,
taihu_thqbca_history,storage\raw\taihu_thqbca_parsed\thqbca_observations.csv,20139,precipitation,Q01,high,missing value,
taihu_thqbca_history,storage\raw\taihu_thqbca_parsed\thqbca_observations.csv,20146,precipitation,Q01,high,missing value,
taihu_thqbca_history,storage\raw\taihu_thqbca_parsed\thqbca_observations.csv,20155,precipitation,Q01,high,missing value,
taihu_thqbca_history,storage\raw\taihu_thqbca_parsed\thqbca_observations.csv,20161,precipitation,Q04,critical,"outside allowed range (0.0, 500.0)",638
taihu_thqbca_history,storage\raw\taihu_thqbca_parsed\thqbca_observations.csv,20163,precipitation,Q01,high,missing value,
taihu_thqbca_history,storage\raw\taihu_thqbca_parsed\thqbca_observations.csv,20172,precipitation,Q01,high,missing value,
taihu_thqbca_history,storage\raw\taihu_thqbca_parsed\thqbca_observations.csv,20175,precipitation,Q01,high,missing value,
taihu_thqbca_history,storage\raw\taihu_thqbca_parsed\thqbca_observations.csv,20181,precipitation,Q01,high,missing value,
taihu_thqbca_history,storage\raw\taihu_thqbca_parsed\thqbca_observations.csv,20183,precipitation,Q01,high,missing value,
taihu_thqbca_history,storage\raw\taihu_thqbca_parsed\thqbca_observations.csv,20192,precipitation,Q01,high,missing value,
taihu_thqbca_history,storage\raw\taihu_thqbca_parsed\thqbca_observations.csv,20205,precipitation,Q04,critical,"outside allowed range (0.0, 500.0)",747
taihu_thqbca_history,storage\raw\taihu_thqbca_parsed\thqbca_observations.csv,20207,precipitation,Q01,high,missing value,
taihu_thqbca_history,storage\raw\taihu_thqbca_parsed\thqbca_observations.csv,20209,precipitation,Q04,critical,"outside allowed range (0.0, 500.0)",915
taihu_thqbca_history,storage\raw\taihu_thqbca_parsed\thqbca_observations.csv,20224,precipitation,Q01,high,missing value,
taihu_thqbca_history,storage\raw\taihu_thqbca_parsed\thqbca_observations.csv,20236,precipitation,Q01,high,missing value,
taihu_thqbca_history,storage\raw\taihu_thqbca_parsed\thqbca_observations.csv,20241,precipitation,Q01,high,missing value,
taihu_thqbca_history,storage\raw\taihu_thqbca_parsed\thqbca_observations.csv,20242,precipitation,Q01,high,missing value,
taihu_thqbca_history,storage\raw\taihu_thqbca_parsed\thqbca_observations.csv,20245,precipitation,Q01,high,missing value,
taihu_thqbca_history,storage\raw\taihu_thqbca_parsed\thqbca_observations.csv,20248,precipitation,Q01,high,missing value,
taihu_thqbca_history,storage\raw\taihu_thqbca_parsed\thqbca_observations.csv,20252,precipitation,Q01,high,missing value,
taihu_thqbca_history,storage\raw\taihu_thqbca_parsed\thqbca_observations.csv,20262,precipitation,Q01,high,missing value,
taihu_thqbca_history,storage\raw\taihu_thqbca_parsed\thqbca_observations.csv,20273,precipitation,Q01,high,missing value,
taihu_thqbca_history,storage\raw\taihu_thqbca_parsed\thqbca_observations.csv,20275,precipitation,Q01,high,missing value,
taihu_thqbca_history,storage\raw\taihu_thqbca_parsed\thqbca_observations.csv,20285,precipitation,Q01,high,missing value,
taihu_thqbca_history,storage\raw\taihu_thqbca_parsed\thqbca_observations.csv,20293,precipitation,Q01,high,missing value,
taihu_thqbca_history,storage\raw\taihu_thqbca_parsed\thqbca_observations.csv,20299,precipitation,Q04,critical,"outside allowed range (0.0, 500.0)",524
taihu_thqbca_history,storage\raw\taihu_thqbca_parsed\thqbca_observations.csv,20303,precipitation,Q01,high,missing value,
taihu_thqbca_history,storage\raw\taihu_thqbca_parsed\thqbca_observations.csv,20304,precipitation,Q01,high,missing value,
taihu_thqbca_history,storage\raw\taihu_thqbca_parsed\thqbca_observations.csv,20316,precipitation,Q01,high,missing value,
taihu_thqbca_history,storage\raw\taihu_thqbca_parsed\thqbca_observations.csv,20318,precipitation,Q01,high,missing value,
taihu_thqbca_history,storage\raw\taihu_thqbca_parsed\thqbca_observations.csv,20354,precipitation,Q01,high,missing value,
taihu_thqbca_history,storage\raw\taihu_thqbca_parsed\thqbca_observations.csv,20359,precipitation,Q01,high,missing value,
taihu_thqbca_history,storage\raw\taihu_thqbca_parsed\thqbca_observations.csv,20370,precipitation,Q01,high,missing value,
taihu_thqbca_history,storage\raw\taihu_thqbca_parsed\thqbca_observations.csv,20371,precipitation,Q01,high,missing value,
taihu_thqbca_history,storage\raw\taihu_thqbca_parsed\thqbca_observations.csv,20374,precipitation,Q01,high,missing value,
taihu_thqbca_history,storage\raw\taihu_thqbca_parsed\thqbca_observations.csv,20392,precipitation,Q01,high,missing value,
taihu_thqbca_history,storage\raw\taihu_thqbca_parsed\thqbca_observations.csv,20406,precipitation,Q01,high,missing value,
taihu_thqbca_history,storage\raw\taihu_thqbca_parsed\thqbca_observations.csv,20444,precipitation,Q01,high,missing value,
taihu_thqbca_history,storage\raw\taihu_thqbca_parsed\thqbca_observations.csv,20447,precipitation,Q01,high,missing value,
taihu_thqbca_history,storage\raw\taihu_thqbca_parsed\thqbca_observations.csv,20469,precipitation,Q01,high,missing value,
taihu_thqbca_history,storage\raw\taihu_thqbca_parsed\thqbca_observations.csv,20483,precipitation,Q01,high,missing value,
taihu_thqbca_history,storage\raw\taihu_thqbca_parsed\thqbca_observations.csv,20485,precipitation,Q01,high,missing value,
taihu_thqbca_history,storage\raw\taihu_thqbca_parsed\thqbca_observations.csv,20505,precipitation,Q01,high,missing value,
taihu_thqbca_history,storage\raw\taihu_thqbca_parsed\thqbca_observations.csv,20518,precipitation,Q01,high,missing value,
taihu_thqbca_history,storage\raw\taihu_thqbca_parsed\thqbca_observations.csv,20523,precipitation,Q01,high,missing value,
taihu_thqbca_history,storage\raw\taihu_thqbca_parsed\thqbca_observations.csv,20525,precipitation,Q01,high,missing value,
taihu_thqbca_history,storage\raw\taihu_thqbca_parsed\thqbca_observations.csv,20533,precipitation,Q01,high,missing value,
taihu_thqbca_history,storage\raw\taihu_thqbca_parsed\thqbca_observations.csv,20536,precipitation,Q01,high,missing value,
taihu_thqbca_history,storage\raw\taihu_thqbca_parsed\thqbca_observations.csv,20541,precipitation,Q01,high,missing value,
taihu_thqbca_history,storage\raw\taihu_thqbca_parsed\thqbca_observations.csv,20545,precipitation,Q01,high,missing value,
taihu_thqbca_history,storage\raw\taihu_thqbca_parsed\thqbca_observations.csv,20557,precipitation,Q01,high,missing value,
taihu_thqbca_history,storage\raw\taihu_thqbca_parsed\thqbca_observations.csv,20558,precipitation,Q01,high,missing value,
taihu_thqbca_history,storage\raw\taihu_thqbca_parsed\thqbca_observations.csv,20564,precipitation,Q04,critical,"outside allowed range (0.0, 500.0)",692
taihu_thqbca_history,storage\raw\taihu_thqbca_parsed\thqbca_observations.csv,20574,precipitation,Q04,critical,"outside allowed range (0.0, 500.0)",690
taihu_thqbca_history,storage\raw\taihu_thqbca_parsed\thqbca_observations.csv,20575,precipitation,Q04,critical,"outside allowed range (0.0, 500.0)",779
taihu_thqbca_history,storage\raw\taihu_thqbca_parsed\thqbca_observations.csv,20579,precipitation,Q04,critical,"outside allowed range (0.0, 500.0)",535
taihu_thqbca_history,storage\raw\taihu_thqbca_parsed\thqbca_observations.csv,20600,precipitation,Q01,high,missing value,
taihu_thqbca_history,storage\raw\taihu_thqbca_parsed\thqbca_observations.csv,20612,precipitation,Q01,high,missing value,
taihu_thqbca_history,storage\raw\taihu_thqbca_parsed\thqbca_observations.csv,20622,precipitation,Q01,high,missing value,
taihu_thqbca_history,storage\raw\taihu_thqbca_parsed\thqbca_observations.csv,20623,precipitation,Q01,high,missing value,
taihu_thqbca_history,storage\raw\taihu_thqbca_parsed\thqbca_observations.csv,20629,precipitation,Q01,high,missing value,
taihu_thqbca_history,storage\raw\taihu_thqbca_parsed\thqbca_observations.csv,20632,precipitation,Q01,high,missing value,
taihu_thqbca_history,storage\raw\taihu_thqbca_parsed\thqbca_observations.csv,20634,precipitation,Q01,high,missing value,
taihu_thqbca_history,storage\raw\taihu_thqbca_parsed\thqbca_observations.csv,20650,precipitation,Q01,high,missing value,
taihu_thqbca_history,storage\raw\taihu_thqbca_parsed\thqbca_observations.csv,20651,precipitation,Q01,high,missing value,
taihu_thqbca_history,storage\raw\taihu_thqbca_parsed\thqbca_observations.csv,20656,precipitation,Q01,high,missing value,
taihu_thqbca_history,storage\raw\taihu_thqbca_parsed\thqbca_observations.csv,20659,precipitation,Q01,high,missing value,
taihu_thqbca_history,storage\raw\taihu_thqbca_parsed\thqbca_observations.csv,20660,precipitation,Q01,high,missing value,
taihu_thqbca_history,storage\raw\taihu_thqbca_parsed\thqbca_observations.csv,20671,precipitation,Q01,high,missing value,
taihu_thqbca_history,storage\raw\taihu_thqbca_parsed\thqbca_observations.csv,20672,precipitation,Q01,high,missing value,
taihu_thqbca_history,storage\raw\taihu_thqbca_parsed\thqbca_observations.csv,20679,precipitation,Q01,high,missing value,
taihu_thqbca_history,storage\raw\taihu_thqbca_parsed\thqbca_observations.csv,20685,precipitation,Q01,high,missing value,
taihu_thqbca_history,storage\raw\taihu_thqbca_parsed\thqbca_observations.csv,20686,precipitation,Q01,high,missing value,
taihu_thqbca_history,storage\raw\taihu_thqbca_parsed\thqbca_observations.csv,20687,precipitation,Q01,high,missing value,
taihu_thqbca_history,storage\raw\taihu_thqbca_parsed\thqbca_observations.csv,20691,precipitation,Q01,high,missing value,
taihu_thqbca_history,storage\raw\taihu_thqbca_parsed\thqbca_observations.csv,20700,precipitation,Q01,high,missing value,
taihu_thqbca_history,storage\raw\taihu_thqbca_parsed\thqbca_observations.csv,20704,precipitation,Q01,high,missing value,
taihu_thqbca_history,storage\raw\taihu_thqbca_parsed\thqbca_observations.csv,20708,precipitation,Q01,high,missing value,
taihu_thqbca_history,storage\raw\taihu_thqbca_parsed\thqbca_observations.csv,20717,precipitation,Q01,high,missing value,
taihu_thqbca_history,storage\raw\taihu_thqbca_parsed\thqbca_observations.csv,20768,precipitation,Q01,high,missing value,
taihu_thqbca_history,storage\raw\taihu_thqbca_parsed\thqbca_observations.csv,20784,precipitation,Q01,high,missing value,
taihu_thqbca_history,storage\raw\taihu_thqbca_parsed\thqbca_observations.csv,20807,precipitation,Q01,high,missing value,
taihu_thqbca_history,storage\raw\taihu_thqbca_parsed\thqbca_observations.csv,20808,precipitation,Q01,high,missing value,
taihu_thqbca_history,storage\raw\taihu_thqbca_parsed\thqbca_observations.csv,20811,precipitation,Q01,high,missing value,
taihu_thqbca_history,storage\raw\taihu_thqbca_parsed\thqbca_observations.csv,20821,precipitation,Q01,high,missing value,
taihu_thqbca_history,storage\raw\taihu_thqbca_parsed\thqbca_observations.csv,20823,precipitation,Q01,high,missing value,
taihu_thqbca_history,storage\raw\taihu_thqbca_parsed\thqbca_observations.csv,20826,precipitation,Q01,high,missing value,
taihu_thqbca_history,storage\raw\taihu_thqbca_parsed\thqbca_observations.csv,20837,precipitation,Q01,high,missing value,
taihu_thqbca_history,storage\raw\taihu_thqbca_parsed\thqbca_observations.csv,20852,precipitation,Q01,high,missing value,
taihu_thqbca_history,storage\raw\taihu_thqbca_parsed\thqbca_observations.csv,20861,precipitation,Q01,high,missing value,
taihu_thqbca_history,storage\raw\taihu_thqbca_parsed\thqbca_observations.csv,20869,precipitation,Q01,high,missing value,
taihu_thqbca_history,storage\raw\taihu_thqbca_parsed\thqbca_observations.csv,20879,precipitation,Q01,high,missing value,
taihu_thqbca_history,storage\raw\taihu_thqbca_parsed\thqbca_observations.csv,20887,precipitation,Q01,high,missing value,
taihu_thqbca_history,storage\raw\taihu_thqbca_parsed\thqbca_observations.csv,20889,precipitation,Q01,high,missing value,
taihu_thqbca_history,storage\raw\taihu_thqbca_parsed\thqbca_observations.csv,20890,precipitation,Q01,high,missing value,
taihu_thqbca_history,storage\raw\taihu_thqbca_parsed\thqbca_observations.csv,20906,precipitation,Q01,high,missing value,
taihu_thqbca_history,storage\raw\taihu_thqbca_parsed\thqbca_observations.csv,20911,precipitation,Q04,critical,"outside allowed range (0.0, 500.0)",550
taihu_thqbca_history,storage\raw\taihu_thqbca_parsed\thqbca_observations.csv,20926,precipitation,Q01,high,missing value,
taihu_thqbca_history,storage\raw\taihu_thqbca_parsed\thqbca_observations.csv,20932,precipitation,Q01,high,missing value,
taihu_thqbca_history,storage\raw\taihu_thqbca_parsed\thqbca_observations.csv,20933,precipitation,Q01,high,missing value,
taihu_thqbca_history,storage\raw\taihu_thqbca_parsed\thqbca_observations.csv,20940,precipitation,Q04,critical,"outside allowed range (0.0, 500.0)",599
taihu_thqbca_history,storage\raw\taihu_thqbca_parsed\thqbca_observations.csv,20948,precipitation,Q01,high,missing value,
taihu_thqbca_history,storage\raw\taihu_thqbca_parsed\thqbca_observations.csv,20949,precipitation,Q01,high,missing value,
taihu_thqbca_history,storage\raw\taihu_thqbca_parsed\thqbca_observations.csv,20955,precipitation,Q01,high,missing value,
taihu_thqbca_history,storage\raw\taihu_thqbca_parsed\thqbca_observations.csv,20958,precipitation,Q01,high,missing value,
taihu_thqbca_history,storage\raw\taihu_thqbca_parsed\thqbca_observations.csv,20964,precipitation,Q01,high,missing value,
taihu_thqbca_history,storage\raw\taihu_thqbca_parsed\thqbca_observations.csv,20982,precipitation,Q01,high,missing value,
taihu_thqbca_history,storage\raw\taihu_thqbca_parsed\thqbca_observations.csv,20984,precipitation,Q04,critical,"outside allowed range (0.0, 500.0)",580
taihu_thqbca_history,storage\raw\taihu_thqbca_parsed\thqbca_observations.csv,20986,precipitation,Q01,high,missing value,
taihu_thqbca_history,storage\raw\taihu_thqbca_parsed\thqbca_observations.csv,20999,precipitation,Q01,high,missing value,
taihu_thqbca_history,storage\raw\taihu_thqbca_parsed\thqbca_observations.csv,21020,precipitation,Q01,high,missing value,
taihu_thqbca_history,storage\raw\taihu_thqbca_parsed\thqbca_observations.csv,21026,precipitation,Q01,high,missing value,
taihu_thqbca_history,storage\raw\taihu_thqbca_parsed\thqbca_observations.csv,21050,precipitation,Q01,high,missing value,
taihu_thqbca_history,storage\raw\taihu_thqbca_parsed\thqbca_observations.csv,21076,precipitation,Q01,high,missing value,
taihu_thqbca_history,storage\raw\taihu_thqbca_parsed\thqbca_observations.csv,21095,precipitation,Q01,high,missing value,
taihu_thqbca_history,storage\raw\taihu_thqbca_parsed\thqbca_observations.csv,21174,precipitation,Q01,high,missing value,
taihu_thqbca_history,storage\raw\taihu_thqbca_parsed\thqbca_observations.csv,21182,precipitation,Q01,high,missing value,
taihu_thqbca_history,storage\raw\taihu_thqbca_parsed\thqbca_observations.csv,21193,precipitation,Q01,high,missing value,
taihu_thqbca_history,storage\raw\taihu_thqbca_parsed\thqbca_observations.csv,21214,precipitation,Q01,high,missing value,
taihu_thqbca_history,storage\raw\taihu_thqbca_parsed\thqbca_observations.csv,21219,precipitation,Q01,high,missing value,
taihu_thqbca_history,storage\raw\taihu_thqbca_parsed\thqbca_observations.csv,21228,precipitation,Q01,high,missing value,
taihu_thqbca_history,storage\raw\taihu_thqbca_parsed\thqbca_observations.csv,21247,precipitation,Q01,high,missing value,
taihu_thqbca_history,storage\raw\taihu_thqbca_parsed\thqbca_observations.csv,21261,precipitation,Q01,high,missing value,
taihu_thqbca_history,storage\raw\taihu_thqbca_parsed\thqbca_observations.csv,21263,precipitation,Q01,high,missing value,
taihu_thqbca_history,storage\raw\taihu_thqbca_parsed\thqbca_observations.csv,21278,precipitation,Q01,high,missing value,
taihu_thqbca_history,storage\raw\taihu_thqbca_parsed\thqbca_observations.csv,21279,precipitation,Q01,high,missing value,
taihu_thqbca_history,storage\raw\taihu_thqbca_parsed\thqbca_observations.csv,21281,precipitation,Q04,critical,"outside allowed range (0.0, 500.0)",686
taihu_thqbca_history,storage\raw\taihu_thqbca_parsed\thqbca_observations.csv,21315,precipitation,Q01,high,missing value,
taihu_thqbca_history,storage\raw\taihu_thqbca_parsed\thqbca_observations.csv,21329,precipitation,Q01,high,missing value,
taihu_thqbca_history,storage\raw\taihu_thqbca_parsed\thqbca_observations.csv,21332,precipitation,Q01,high,missing value,
taihu_thqbca_history,storage\raw\taihu_thqbca_parsed\thqbca_observations.csv,21347,precipitation,Q01,high,missing value,
taihu_thqbca_history,storage\raw\taihu_thqbca_parsed\thqbca_observations.csv,21351,precipitation,Q01,high,missing value,
taihu_thqbca_history,storage\raw\taihu_thqbca_parsed\thqbca_observations.csv,21359,precipitation,Q01,high,missing value,
taihu_thqbca_history,storage\raw\taihu_thqbca_parsed\thqbca_observations.csv,21360,precipitation,Q01,high,missing value,
taihu_thqbca_history,storage\raw\taihu_thqbca_parsed\thqbca_observations.csv,21374,precipitation,Q01,high,missing value,
taihu_thqbca_history,storage\raw\taihu_thqbca_parsed\thqbca_observations.csv,21376,precipitation,Q01,high,missing value,
taihu_thqbca_history,storage\raw\taihu_thqbca_parsed\thqbca_observations.csv,21381,precipitation,Q04,critical,"outside allowed range (0.0, 500.0)",547
taihu_thqbca_history,storage\raw\taihu_thqbca_parsed\thqbca_observations.csv,21384,precipitation,Q01,high,missing value,
taihu_thqbca_history,storage\raw\taihu_thqbca_parsed\thqbca_observations.csv,21420,precipitation,Q01,high,missing value,
taihu_thqbca_history,storage\raw\taihu_thqbca_parsed\thqbca_observations.csv,21438,precipitation,Q01,high,missing value,
taihu_thqbca_history,storage\raw\taihu_thqbca_parsed\thqbca_observations.csv,21439,precipitation,Q01,high,missing value,
taihu_thqbca_history,storage\raw\taihu_thqbca_parsed\thqbca_observations.csv,21448,precipitation,Q01,high,missing value,
taihu_thqbca_history,storage\raw\taihu_thqbca_parsed\thqbca_observations.csv,21450,precipitation,Q01,high,missing value,
taihu_thqbca_history,storage\raw\taihu_thqbca_parsed\thqbca_observations.csv,21457,precipitation,Q01,high,missing value,
taihu_thqbca_history,storage\raw\taihu_thqbca_parsed\thqbca_observations.csv,21458,precipitation,Q01,high,missing value,
taihu_thqbca_history,storage\raw\taihu_thqbca_parsed\thqbca_observations.csv,21459,precipitation,Q01,high,missing value,
taihu_thqbca_history,storage\raw\taihu_thqbca_parsed\thqbca_observations.csv,21470,precipitation,Q01,high,missing value,
taihu_thqbca_history,storage\raw\taihu_thqbca_parsed\thqbca_observations.csv,21474,precipitation,Q01,high,missing value,
taihu_thqbca_history,storage\raw\taihu_thqbca_parsed\thqbca_observations.csv,21495,precipitation,Q01,high,missing value,
taihu_thqbca_history,storage\raw\taihu_thqbca_parsed\thqbca_observations.csv,21508,precipitation,Q01,high,missing value,
taihu_thqbca_history,storage\raw\taihu_thqbca_parsed\thqbca_observations.csv,21524,precipitation,Q01,high,missing value,
taihu_thqbca_history,storage\raw\taihu_thqbca_parsed\thqbca_observations.csv,21548,precipitation,Q01,high,missing value,
taihu_thqbca_history,storage\raw\taihu_thqbca_parsed\thqbca_observations.csv,21565,precipitation,Q01,high,missing value,
taihu_thqbca_history,storage\raw\taihu_thqbca_parsed\thqbca_observations.csv,21566,precipitation,Q01,high,missing value,
taihu_thqbca_history,storage\raw\taihu_thqbca_parsed\thqbca_observations.csv,21574,precipitation,Q01,high,missing value,
taihu_thqbca_history,storage\raw\taihu_thqbca_parsed\thqbca_observations.csv,21583,precipitation,Q01,high,missing value,
taihu_thqbca_history,storage\raw\taihu_thqbca_parsed\thqbca_observations.csv,21597,precipitation,Q01,high,missing value,
taihu_thqbca_history,storage\raw\taihu_thqbca_parsed\thqbca_observations.csv,21600,precipitation,Q01,high,missing value,
taihu_thqbca_history,storage\raw\taihu_thqbca_parsed\thqbca_observations.csv,21601,precipitation,Q01,high,missing value,
taihu_thqbca_history,storage\raw\taihu_thqbca_parsed\thqbca_observations.csv,21608,precipitation,Q01,high,missing value,
taihu_thqbca_history,storage\raw\taihu_thqbca_parsed\thqbca_observations.csv,21622,precipitation,Q01,high,missing value,
taihu_thqbca_history,storage\raw\taihu_thqbca_parsed\thqbca_observations.csv,21626,precipitation,Q04,critical,"outside allowed range (0.0, 500.0)",505
taihu_thqbca_history,storage\raw\taihu_thqbca_parsed\thqbca_observations.csv,21634,precipitation,Q01,high,missing value,
taihu_thqbca_history,storage\raw\taihu_thqbca_parsed\thqbca_observations.csv,21640,precipitation,Q01,high,missing value,
taihu_thqbca_history,storage\raw\taihu_thqbca_parsed\thqbca_observations.csv,21642,precipitation,Q04,critical,"outside allowed range (0.0, 500.0)",843
taihu_thqbca_history,storage\raw\taihu_thqbca_parsed\thqbca_observations.csv,21643,precipitation,Q04,critical,"outside allowed range (0.0, 500.0)",808
taihu_thqbca_history,storage\raw\taihu_thqbca_parsed\thqbca_observations.csv,21644,precipitation,Q04,critical,"outside allowed range (0.0, 500.0)",732
taihu_thqbca_history,storage\raw\taihu_thqbca_parsed\thqbca_observations.csv,21655,precipitation,Q01,high,missing value,
taihu_thqbca_history,storage\raw\taihu_thqbca_parsed\thqbca_observations.csv,21656,precipitation,Q01,high,missing value,
taihu_thqbca_history,storage\raw\taihu_thqbca_parsed\thqbca_observations.csv,21658,precipitation,Q04,critical,"outside allowed range (0.0, 500.0)",818
taihu_thqbca_history,storage\raw\taihu_thqbca_parsed\thqbca_observations.csv,21660,precipitation,Q04,critical,"outside allowed range (0.0, 500.0)",639
taihu_thqbca_history,storage\raw\taihu_thqbca_parsed\thqbca_observations.csv,21661,precipitation,Q04,critical,"outside allowed range (0.0, 500.0)",624
taihu_thqbca_history,storage\raw\taihu_thqbca_parsed\thqbca_observations.csv,21664,precipitation,Q04,critical,"outside allowed range (0.0, 500.0)",1185
taihu_thqbca_history,storage\raw\taihu_thqbca_parsed\thqbca_observations.csv,21668,precipitation,Q01,high,missing value,
taihu_thqbca_history,storage\raw\taihu_thqbca_parsed\thqbca_observations.csv,21670,precipitation,Q01,high,missing value,
taihu_thqbca_history,storage\raw\taihu_thqbca_parsed\thqbca_observations.csv,21679,precipitation,Q01,high,missing value,
taihu_thqbca_history,storage\raw\taihu_thqbca_parsed\thqbca_observations.csv,21687,precipitation,Q01,high,missing value,
taihu_thqbca_history,storage\raw\taihu_thqbca_parsed\thqbca_observations.csv,21695,precipitation,Q01,high,missing value,
taihu_thqbca_history,storage\raw\taihu_thqbca_parsed\thqbca_observations.csv,21703,precipitation,Q01,high,missing value,
taihu_thqbca_history,storage\raw\taihu_thqbca_parsed\thqbca_observations.csv,21716,precipitation,Q04,critical,"outside allowed range (0.0, 500.0)",801
taihu_thqbca_history,storage\raw\taihu_thqbca_parsed\thqbca_observations.csv,21721,precipitation,Q01,high,missing value,
taihu_thqbca_history,storage\raw\taihu_thqbca_parsed\thqbca_observations.csv,21722,precipitation,Q04,critical,"outside allowed range (0.0, 500.0)",554
taihu_thqbca_history,storage\raw\taihu_thqbca_parsed\thqbca_observations.csv,21725,precipitation,Q04,critical,"outside allowed range (0.0, 500.0)",536
taihu_thqbca_history,storage\raw\taihu_thqbca_parsed\thqbca_observations.csv,21727,precipitation,Q01,high,missing value,
taihu_thqbca_history,storage\raw\taihu_thqbca_parsed\thqbca_observations.csv,21730,precipitation,Q01,high,missing value,
taihu_thqbca_history,storage\raw\taihu_thqbca_parsed\thqbca_observations.csv,21732,precipitation,Q04,critical,"outside allowed range (0.0, 500.0)",527
taihu_thqbca_history,storage\raw\taihu_thqbca_parsed\thqbca_observations.csv,21742,precipitation,Q01,high,missing value,
taihu_thqbca_history,storage\raw\taihu_thqbca_parsed\thqbca_observations.csv,21759,precipitation,Q01,high,missing value,
taihu_thqbca_history,storage\raw\taihu_thqbca_parsed\thqbca_observations.csv,21763,precipitation,Q01,high,missing value,
taihu_thqbca_history,storage\raw\taihu_thqbca_parsed\thqbca_observations.csv,21766,precipitation,Q01,high,missing value,
taihu_thqbca_history,storage\raw\taihu_thqbca_parsed\thqbca_observations.csv,21768,precipitation,Q01,high,missing value,
taihu_thqbca_history,storage\raw\taihu_thqbca_parsed\thqbca_observations.csv,21770,precipitation,Q01,high,missing value,
taihu_thqbca_history,storage\raw\taihu_thqbca_parsed\thqbca_observations.csv,21782,precipitation,Q01,high,missing value,
taihu_thqbca_history,storage\raw\taihu_thqbca_parsed\thqbca_observations.csv,21793,precipitation,Q01,high,missing value,
taihu_thqbca_history,storage\raw\taihu_thqbca_parsed\thqbca_observations.csv,21855,precipitation,Q01,high,missing value,
taihu_thqbca_history,storage\raw\taihu_thqbca_parsed\thqbca_observations.csv,21861,precipitation,Q01,high,missing value,
taihu_thqbca_history,storage\raw\taihu_thqbca_parsed\thqbca_observations.csv,21881,precipitation,Q01,high,missing value,
taihu_thqbca_history,storage\raw\taihu_thqbca_parsed\thqbca_observations.csv,21889,precipitation,Q01,high,missing value,
taihu_thqbca_history,storage\raw\taihu_thqbca_parsed\thqbca_observations.csv,21911,precipitation,Q01,high,missing value,
taihu_thqbca_history,storage\raw\taihu_thqbca_parsed\thqbca_observations.csv,21922,precipitation,Q01,high,missing value,
taihu_thqbca_history,storage\raw\taihu_thqbca_parsed\thqbca_observations.csv,21936,precipitation,Q01,high,missing value,
taihu_thqbca_history,storage\raw\taihu_thqbca_parsed\thqbca_observations.csv,21938,precipitation,Q01,high,missing value,
taihu_thqbca_history,storage\raw\taihu_thqbca_parsed\thqbca_observations.csv,21940,precipitation,Q01,high,missing value,
taihu_thqbca_history,storage\raw\taihu_thqbca_parsed\thqbca_observations.csv,21951,precipitation,Q01,high,missing value,
taihu_thqbca_history,storage\raw\taihu_thqbca_parsed\thqbca_observations.csv,21995,precipitation,Q04,critical,"outside allowed range (0.0, 500.0)",597
taihu_thqbca_history,storage\raw\taihu_thqbca_parsed\thqbca_observations.csv,22025,precipitation,Q01,high,missing value,
taihu_thqbca_history,storage\raw\taihu_thqbca_parsed\thqbca_observations.csv,22042,precipitation,Q01,high,missing value,
taihu_thqbca_history,storage\raw\taihu_thqbca_parsed\thqbca_observations.csv,22043,precipitation,Q01,high,missing value,
taihu_thqbca_history,storage\raw\taihu_thqbca_parsed\thqbca_observations.csv,22048,precipitation,Q01,high,missing value,
taihu_thqbca_history,storage\raw\taihu_thqbca_parsed\thqbca_observations.csv,22049,precipitation,Q01,high,missing value,
taihu_thqbca_history,storage\raw\taihu_thqbca_parsed\thqbca_observations.csv,22059,precipitation,Q01,high,missing value,
taihu_thqbca_history,storage\raw\taihu_thqbca_parsed\thqbca_observations.csv,22078,precipitation,Q01,high,missing value,
taihu_thqbca_history,storage\raw\taihu_thqbca_parsed\thqbca_observations.csv,22084,precipitation,Q01,high,missing value,
taihu_thqbca_history,storage\raw\taihu_thqbca_parsed\thqbca_observations.csv,22092,precipitation,Q01,high,missing value,
taihu_thqbca_history,storage\raw\taihu_thqbca_parsed\thqbca_observations.csv,22105,precipitation,Q01,high,missing value,
taihu_thqbca_history,storage\raw\taihu_thqbca_parsed\thqbca_observations.csv,22112,precipitation,Q01,high,missing value,
taihu_thqbca_history,storage\raw\taihu_thqbca_parsed\thqbca_observations.csv,22117,precipitation,Q01,high,missing value,
taihu_thqbca_history,storage\raw\taihu_thqbca_parsed\thqbca_observations.csv,22123,precipitation,Q01,high,missing value,
taihu_thqbca_history,storage\raw\taihu_thqbca_parsed\thqbca_observations.csv,22128,precipitation,Q01,high,missing value,
taihu_thqbca_history,storage\raw\taihu_thqbca_parsed\thqbca_observations.csv,22148,precipitation,Q01,high,missing value,
taihu_thqbca_history,storage\raw\taihu_thqbca_parsed\thqbca_observations.csv,22166,precipitation,Q01,high,missing value,
taihu_thqbca_history,storage\raw\taihu_thqbca_parsed\thqbca_observations.csv,22178,precipitation,Q01,high,missing value,
taihu_thqbca_history,storage\raw\taihu_thqbca_parsed\thqbca_observations.csv,22180,precipitation,Q01,high,missing value,
taihu_thqbca_history,storage\raw\taihu_thqbca_parsed\thqbca_observations.csv,22185,precipitation,Q01,high,missing value,
taihu_thqbca_history,storage\raw\taihu_thqbca_parsed\thqbca_observations.csv,22192,precipitation,Q01,high,missing value,
taihu_thqbca_history,storage\raw\taihu_thqbca_parsed\thqbca_observations.csv,22211,precipitation,Q01,high,missing value,
taihu_thqbca_history,storage\raw\taihu_thqbca_parsed\thqbca_observations.csv,22212,precipitation,Q01,high,missing value,
taihu_thqbca_history,storage\raw\taihu_thqbca_parsed\thqbca_observations.csv,22227,precipitation,Q01,high,missing value,
taihu_thqbca_history,storage\raw\taihu_thqbca_parsed\thqbca_observations.csv,22228,precipitation,Q01,high,missing value,
taihu_thqbca_history,storage\raw\taihu_thqbca_parsed\thqbca_observations.csv,22265,precipitation,Q01,high,missing value,
taihu_thqbca_history,storage\raw\taihu_thqbca_parsed\thqbca_observations.csv,22279,precipitation,Q01,high,missing value,
taihu_thqbca_history,storage\raw\taihu_thqbca_parsed\thqbca_observations.csv,22287,precipitation,Q01,high,missing value,
taihu_thqbca_history,storage\raw\taihu_thqbca_parsed\thqbca_observations.csv,22335,precipitation,Q01,high,missing value,
taihu_thqbca_history,storage\raw\taihu_thqbca_parsed\thqbca_observations.csv,22340,precipitation,Q01,high,missing value,
taihu_thqbca_history,storage\raw\taihu_thqbca_parsed\thqbca_observations.csv,22341,precipitation,Q01,high,missing value,
taihu_thqbca_history,storage\raw\taihu_thqbca_parsed\thqbca_observations.csv,22343,precipitation,Q01,high,missing value,
taihu_thqbca_history,storage\raw\taihu_thqbca_parsed\thqbca_observations.csv,22344,precipitation,Q01,high,missing value,
taihu_thqbca_history,storage\raw\taihu_thqbca_parsed\thqbca_observations.csv,22351,precipitation,Q01,high,missing value,
taihu_thqbca_history,storage\raw\taihu_thqbca_parsed\thqbca_observations.csv,22352,precipitation,Q01,high,missing value,
taihu_thqbca_history,storage\raw\taihu_thqbca_parsed\thqbca_observations.csv,22357,precipitation,Q01,high,missing value,
taihu_thqbca_history,storage\raw\taihu_thqbca_parsed\thqbca_observations.csv,22360,precipitation,Q01,high,missing value,
taihu_thqbca_history,storage\raw\taihu_thqbca_parsed\thqbca_observations.csv,22374,precipitation,Q01,high,missing value,
taihu_thqbca_history,storage\raw\taihu_thqbca_parsed\thqbca_observations.csv,22384,precipitation,Q04,critical,"outside allowed range (0.0, 500.0)",509
taihu_thqbca_history,storage\raw\taihu_thqbca_parsed\thqbca_observations.csv,22386,precipitation,Q01,high,missing value,
taihu_thqbca_history,storage\raw\taihu_thqbca_parsed\thqbca_observations.csv,22389,precipitation,Q04,critical,"outside allowed range (0.0, 500.0)",774
taihu_thqbca_history,storage\raw\taihu_thqbca_parsed\thqbca_observations.csv,22392,precipitation,Q01,high,missing value,
taihu_thqbca_history,storage\raw\taihu_thqbca_parsed\thqbca_observations.csv,22424,precipitation,Q01,high,missing value,
taihu_thqbca_history,storage\raw\taihu_thqbca_parsed\thqbca_observations.csv,22427,precipitation,Q04,critical,"outside allowed range (0.0, 500.0)",788
taihu_thqbca_history,storage\raw\taihu_thqbca_parsed\thqbca_observations.csv,22432,precipitation,Q04,critical,"outside allowed range (0.0, 500.0)",531
taihu_thqbca_history,storage\raw\taihu_thqbca_parsed\thqbca_observations.csv,22438,precipitation,Q01,high,missing value,
taihu_thqbca_history,storage\raw\taihu_thqbca_parsed\thqbca_observations.csv,22447,precipitation,Q01,high,missing value,
taihu_thqbca_history,storage\raw\taihu_thqbca_parsed\thqbca_observations.csv,22450,precipitation,Q01,high,missing value,
taihu_thqbca_history,storage\raw\taihu_thqbca_parsed\thqbca_observations.csv,22462,precipitation,Q01,high,missing value,
taihu_thqbca_history,storage\raw\taihu_thqbca_parsed\thqbca_observations.csv,22466,precipitation,Q01,high,missing value,
taihu_thqbca_history,storage\raw\taihu_thqbca_parsed\thqbca_observations.csv,22467,precipitation,Q01,high,missing value,
taihu_thqbca_history,storage\raw\taihu_thqbca_parsed\thqbca_observations.csv,22468,precipitation,Q01,high,missing value,
taihu_thqbca_history,storage\raw\taihu_thqbca_parsed\thqbca_observations.csv,22475,precipitation,Q01,high,missing value,
taihu_thqbca_history,storage\raw\taihu_thqbca_parsed\thqbca_observations.csv,22477,precipitation,Q01,high,missing value,
taihu_thqbca_history,storage\raw\taihu_thqbca_parsed\thqbca_observations.csv,22496,precipitation,Q01,high,missing value,
taihu_thqbca_history,storage\raw\taihu_thqbca_parsed\thqbca_observations.csv,22513,precipitation,Q01,high,missing value,
taihu_thqbca_history,storage\raw\taihu_thqbca_parsed\thqbca_observations.csv,22515,precipitation,Q01,high,missing value,
taihu_thqbca_history,storage\raw\taihu_thqbca_parsed\thqbca_observations.csv,22546,precipitation,Q01,high,missing value,
taihu_thqbca_history,storage\raw\taihu_thqbca_parsed\thqbca_observations.csv,22555,precipitation,Q01,high,missing value,
taihu_thqbca_history,storage\raw\taihu_thqbca_parsed\thqbca_observations.csv,22561,precipitation,Q01,high,missing value,
taihu_thqbca_history,storage\raw\taihu_thqbca_parsed\thqbca_observations.csv,22635,precipitation,Q01,high,missing value,
taihu_thqbca_history,storage\raw\taihu_thqbca_parsed\thqbca_observations.csv,22700,precipitation,Q01,high,missing value,
taihu_thqbca_history,storage\raw\taihu_thqbca_parsed\thqbca_observations.csv,22719,precipitation,Q01,high,missing value,
taihu_thqbca_history,storage\raw\taihu_thqbca_parsed\thqbca_observations.csv,22751,precipitation,Q04,critical,"outside allowed range (0.0, 500.0)",503
taihu_thqbca_history,storage\raw\taihu_thqbca_parsed\thqbca_observations.csv,22761,precipitation,Q01,high,missing value,
taihu_thqbca_history,storage\raw\taihu_thqbca_parsed\thqbca_observations.csv,22762,precipitation,Q01,high,missing value,
taihu_thqbca_history,storage\raw\taihu_thqbca_parsed\thqbca_observations.csv,22792,precipitation,Q01,high,missing value,
taihu_thqbca_history,storage\raw\taihu_thqbca_parsed\thqbca_observations.csv,22809,precipitation,Q01,high,missing value,
taihu_thqbca_history,storage\raw\taihu_thqbca_parsed\thqbca_observations.csv,22815,precipitation,Q04,critical,"outside allowed range (0.0, 500.0)",705
taihu_thqbca_history,storage\raw\taihu_thqbca_parsed\thqbca_observations.csv,22827,precipitation,Q01,high,missing value,
taihu_thqbca_history,storage\raw\taihu_thqbca_parsed\thqbca_observations.csv,22844,precipitation,Q01,high,missing value,
taihu_thqbca_history,storage\raw\taihu_thqbca_parsed\thqbca_observations.csv,22847,precipitation,Q01,high,missing value,
taihu_thqbca_history,storage\raw\taihu_thqbca_parsed\thqbca_observations.csv,22857,precipitation,Q01,high,missing value,
taihu_thqbca_history,storage\raw\taihu_thqbca_parsed\thqbca_observations.csv,22871,precipitation,Q01,high,missing value,
taihu_thqbca_history,storage\raw\taihu_thqbca_parsed\thqbca_observations.csv,22896,precipitation,Q01,high,missing value,
taihu_thqbca_history,storage\raw\taihu_thqbca_parsed\thqbca_observations.csv,22928,precipitation,Q01,high,missing value,
taihu_thqbca_history,storage\raw\taihu_thqbca_parsed\thqbca_observations.csv,22938,precipitation,Q01,high,missing value,
taihu_thqbca_history,storage\raw\taihu_thqbca_parsed\thqbca_observations.csv,22943,precipitation,Q01,high,missing value,
taihu_thqbca_history,storage\raw\taihu_thqbca_parsed\thqbca_observations.csv,22987,precipitation,Q01,high,missing value,
taihu_thqbca_history,storage\raw\taihu_thqbca_parsed\thqbca_observations.csv,22997,precipitation,Q01,high,missing value,
taihu_thqbca_history,storage\raw\taihu_thqbca_parsed\thqbca_observations.csv,23026,precipitation,Q01,high,missing value,
taihu_thqbca_history,storage\raw\taihu_thqbca_parsed\thqbca_observations.csv,23045,precipitation,Q01,high,missing value,
taihu_thqbca_history,storage\raw\taihu_thqbca_parsed\thqbca_observations.csv,23052,precipitation,Q01,high,missing value,
taihu_thqbca_history,storage\raw\taihu_thqbca_parsed\thqbca_observations.csv,23069,precipitation,Q01,high,missing value,
taihu_thqbca_history,storage\raw\taihu_thqbca_parsed\thqbca_observations.csv,23076,precipitation,Q04,critical,"outside allowed range (0.0, 500.0)",588
taihu_thqbca_history,storage\raw\taihu_thqbca_parsed\thqbca_observations.csv,23079,precipitation,Q01,high,missing value,
taihu_thqbca_history,storage\raw\taihu_thqbca_parsed\thqbca_observations.csv,23085,precipitation,Q01,high,missing value,
taihu_thqbca_history,storage\raw\taihu_thqbca_parsed\thqbca_observations.csv,23086,precipitation,Q01,high,missing value,
taihu_thqbca_history,storage\raw\taihu_thqbca_parsed\thqbca_observations.csv,23087,precipitation,Q01,high,missing value,
taihu_thqbca_history,storage\raw\taihu_thqbca_parsed\thqbca_observations.csv,23093,precipitation,Q01,high,missing value,
taihu_thqbca_history,storage\raw\taihu_thqbca_parsed\thqbca_observations.csv,23101,precipitation,Q01,high,missing value,
taihu_thqbca_history,storage\raw\taihu_thqbca_parsed\thqbca_observations.csv,23108,precipitation,Q01,high,missing value,
taihu_thqbca_history,storage\raw\taihu_thqbca_parsed\thqbca_observations.csv,23117,precipitation,Q01,high,missing value,
taihu_thqbca_history,storage\raw\taihu_thqbca_parsed\thqbca_observations.csv,23133,precipitation,Q01,high,missing value,
taihu_thqbca_history,storage\raw\taihu_thqbca_parsed\thqbca_observations.csv,23139,precipitation,Q01,high,missing value,
taihu_thqbca_history,storage\raw\taihu_thqbca_parsed\thqbca_observations.csv,23163,precipitation,Q01,high,missing value,
taihu_thqbca_history,storage\raw\taihu_thqbca_parsed\thqbca_observations.csv,23171,precipitation,Q01,high,missing value,
taihu_thqbca_history,storage\raw\taihu_thqbca_parsed\thqbca_observations.csv,23172,precipitation,Q01,high,missing value,
taihu_thqbca_history,storage\raw\taihu_thqbca_parsed\thqbca_observations.csv,23188,precipitation,Q01,high,missing value,
taihu_thqbca_history,storage\raw\taihu_thqbca_parsed\thqbca_observations.csv,23195,precipitation,Q01,high,missing value,
taihu_thqbca_history,storage\raw\taihu_thqbca_parsed\thqbca_observations.csv,23203,precipitation,Q01,high,missing value,
taihu_thqbca_history,storage\raw\taihu_thqbca_parsed\thqbca_observations.csv,23204,precipitation,Q01,high,missing value,
taihu_thqbca_history,storage\raw\taihu_thqbca_parsed\thqbca_observations.csv,23207,precipitation,Q01,high,missing value,
taihu_thqbca_history,storage\raw\taihu_thqbca_parsed\thqbca_observations.csv,23208,precipitation,Q01,high,missing value,
taihu_thqbca_history,storage\raw\taihu_thqbca_parsed\thqbca_observations.csv,23222,precipitation,Q01,high,missing value,
taihu_thqbca_history,storage\raw\taihu_thqbca_parsed\thqbca_observations.csv,23228,precipitation,Q01,high,missing value,
taihu_thqbca_history,storage\raw\taihu_thqbca_parsed\thqbca_observations.csv,23231,precipitation,Q01,high,missing value,
taihu_thqbca_history,storage\raw\taihu_thqbca_parsed\thqbca_observations.csv,23274,precipitation,Q01,high,missing value,
taihu_thqbca_history,storage\raw\taihu_thqbca_parsed\thqbca_observations.csv,23336,precipitation,Q01,high,missing value,
taihu_thqbca_history,storage\raw\taihu_thqbca_parsed\thqbca_observations.csv,23357,precipitation,Q01,high,missing value,
taihu_thqbca_history,storage\raw\taihu_thqbca_parsed\thqbca_observations.csv,23364,precipitation,Q01,high,missing value,
taihu_thqbca_history,storage\raw\taihu_thqbca_parsed\thqbca_observations.csv,23372,precipitation,Q01,high,missing value,
taihu_thqbca_history,storage\raw\taihu_thqbca_parsed\thqbca_observations.csv,23380,precipitation,Q01,high,missing value,
taihu_thqbca_history,storage\raw\taihu_thqbca_parsed\thqbca_observations.csv,23398,precipitation,Q01,high,missing value,
taihu_thqbca_history,storage\raw\taihu_thqbca_parsed\thqbca_observations.csv,23400,precipitation,Q01,high,missing value,
taihu_thqbca_history,storage\raw\taihu_thqbca_parsed\thqbca_observations.csv,23410,precipitation,Q01,high,missing value,
taihu_thqbca_history,storage\raw\taihu_thqbca_parsed\thqbca_observations.csv,23415,precipitation,Q01,high,missing value,
taihu_thqbca_history,storage\raw\taihu_thqbca_parsed\thqbca_observations.csv,23422,precipitation,Q01,high,missing value,
taihu_thqbca_history,storage\raw\taihu_thqbca_parsed\thqbca_observations.csv,23424,precipitation,Q01,high,missing value,
taihu_thqbca_history,storage\raw\taihu_thqbca_parsed\thqbca_observations.csv,23475,precipitation,Q01,high,missing value,
taihu_thqbca_history,storage\raw\taihu_thqbca_parsed\thqbca_observations.csv,23479,precipitation,Q01,high,missing value,
taihu_thqbca_history,storage\raw\taihu_thqbca_parsed\thqbca_observations.csv,23501,precipitation,Q01,high,missing value,
taihu_thqbca_history,storage\raw\taihu_thqbca_parsed\thqbca_observations.csv,23534,precipitation,Q01,high,missing value,
taihu_thqbca_history,storage\raw\taihu_thqbca_parsed\thqbca_observations.csv,23540,precipitation,Q01,high,missing value,
taihu_thqbca_history,storage\raw\taihu_thqbca_parsed\thqbca_observations.csv,23543,precipitation,Q01,high,missing value,
taihu_thqbca_history,storage\raw\taihu_thqbca_parsed\thqbca_observations.csv,23545,precipitation,Q04,critical,"outside allowed range (0.0, 500.0)",595
taihu_thqbca_history,storage\raw\taihu_thqbca_parsed\thqbca_observations.csv,23551,precipitation,Q01,high,missing value,
taihu_thqbca_history,storage\raw\taihu_thqbca_parsed\thqbca_observations.csv,23568,precipitation,Q01,high,missing value,
taihu_thqbca_history,storage\raw\taihu_thqbca_parsed\thqbca_observations.csv,23571,precipitation,Q01,high,missing value,
taihu_thqbca_history,storage\raw\taihu_thqbca_parsed\thqbca_observations.csv,23605,precipitation,Q01,high,missing value,
taihu_thqbca_history,storage\raw\taihu_thqbca_parsed\thqbca_observations.csv,23623,precipitation,Q01,high,missing value,
taihu_thqbca_history,storage\raw\taihu_thqbca_parsed\thqbca_observations.csv,23629,precipitation,Q01,high,missing value,
taihu_thqbca_history,storage\raw\taihu_thqbca_parsed\thqbca_observations.csv,23705,precipitation,Q01,high,missing value,
taihu_thqbca_history,storage\raw\taihu_thqbca_parsed\thqbca_observations.csv,23731,precipitation,Q01,high,missing value,
taihu_thqbca_history,storage\raw\taihu_thqbca_parsed\thqbca_observations.csv,23743,precipitation,Q01,high,missing value,
taihu_thqbca_history,storage\raw\taihu_thqbca_parsed\thqbca_observations.csv,23748,precipitation,Q01,high,missing value,
taihu_thqbca_history,storage\raw\taihu_thqbca_parsed\thqbca_observations.csv,23753,precipitation,Q01,high,missing value,
taihu_thqbca_history,storage\raw\taihu_thqbca_parsed\thqbca_observations.csv,23762,precipitation,Q01,high,missing value,
taihu_thqbca_history,storage\raw\taihu_thqbca_parsed\thqbca_observations.csv,23777,precipitation,Q01,high,missing value,
taihu_thqbca_history,storage\raw\taihu_thqbca_parsed\thqbca_observations.csv,23782,precipitation,Q01,high,missing value,
taihu_thqbca_history,storage\raw\taihu_thqbca_parsed\thqbca_observations.csv,23783,precipitation,Q01,high,missing value,
taihu_thqbca_history,storage\raw\taihu_thqbca_parsed\thqbca_observations.csv,23812,precipitation,Q01,high,missing value,
taihu_thqbca_history,storage\raw\taihu_thqbca_parsed\thqbca_observations.csv,23816,precipitation,Q01,high,missing value,
taihu_thqbca_history,storage\raw\taihu_thqbca_parsed\thqbca_observations.csv,23817,precipitation,Q01,high,missing value,
taihu_thqbca_history,storage\raw\taihu_thqbca_parsed\thqbca_observations.csv,23819,precipitation,Q01,high,missing value,
taihu_thqbca_history,storage\raw\taihu_thqbca_parsed\thqbca_observations.csv,23833,precipitation,Q01,high,missing value,
taihu_thqbca_history,storage\raw\taihu_thqbca_parsed\thqbca_observations.csv,23843,precipitation,Q01,high,missing value,
taihu_thqbca_history,storage\raw\taihu_thqbca_parsed\thqbca_observations.csv,23844,precipitation,Q01,high,missing value,
taihu_thqbca_history,storage\raw\taihu_thqbca_parsed\thqbca_observations.csv,23853,precipitation,Q01,high,missing value,
taihu_thqbca_history,storage\raw\taihu_thqbca_parsed\thqbca_observations.csv,23856,precipitation,Q01,high,missing value,
taihu_thqbca_history,storage\raw\taihu_thqbca_parsed\thqbca_observations.csv,23862,precipitation,Q04,critical,"outside allowed range (0.0, 500.0)",550
taihu_thqbca_history,storage\raw\taihu_thqbca_parsed\thqbca_observations.csv,23882,precipitation,Q01,high,missing value,
taihu_thqbca_history,storage\raw\taihu_thqbca_parsed\thqbca_observations.csv,23888,precipitation,Q01,high,missing value,
taihu_thqbca_history,storage\raw\taihu_thqbca_parsed\thqbca_observations.csv,23893,precipitation,Q04,critical,"outside allowed range (0.0, 500.0)",503
taihu_thqbca_history,storage\raw\taihu_thqbca_parsed\thqbca_observations.csv,23896,precipitation,Q01,high,missing value,
taihu_thqbca_history,storage\raw\taihu_thqbca_parsed\thqbca_observations.csv,23904,precipitation,Q04,critical,"outside allowed range (0.0, 500.0)",740
taihu_thqbca_history,storage\raw\taihu_thqbca_parsed\thqbca_observations.csv,23906,precipitation,Q01,high,missing value,
taihu_thqbca_history,storage\raw\taihu_thqbca_parsed\thqbca_observations.csv,23908,precipitation,Q01,high,missing value,
taihu_thqbca_history,storage\raw\taihu_thqbca_parsed\thqbca_observations.csv,23917,precipitation,Q01,high,missing value,
taihu_thqbca_history,storage\raw\taihu_thqbca_parsed\thqbca_observations.csv,23918,precipitation,Q01,high,missing value,
taihu_thqbca_history,storage\raw\taihu_thqbca_parsed\thqbca_observations.csv,23922,precipitation,Q01,high,missing value,
taihu_thqbca_history,storage\raw\taihu_thqbca_parsed\thqbca_observations.csv,23940,precipitation,Q01,high,missing value,
taihu_thqbca_history,storage\raw\taihu_thqbca_parsed\thqbca_observations.csv,23943,precipitation,Q01,high,missing value,
taihu_thqbca_history,storage\raw\taihu_thqbca_parsed\thqbca_observations.csv,23944,precipitation,Q01,high,missing value,
taihu_thqbca_history,storage\raw\taihu_thqbca_parsed\thqbca_observations.csv,23955,precipitation,Q01,high,missing value,
taihu_thqbca_history,storage\raw\taihu_thqbca_parsed\thqbca_observations.csv,23975,precipitation,Q01,high,missing value,
taihu_thqbca_history,storage\raw\taihu_thqbca_parsed\thqbca_observations.csv,23981,precipitation,Q01,high,missing value,
taihu_thqbca_history,storage\raw\taihu_thqbca_parsed\thqbca_observations.csv,23992,precipitation,Q01,high,missing value,
taihu_thqbca_history,storage\raw\taihu_thqbca_parsed\thqbca_observations.csv,23993,precipitation,Q01,high,missing value,
taihu_thqbca_history,storage\raw\taihu_thqbca_parsed\thqbca_observations.csv,23994,precipitation,Q01,high,missing value,
taihu_thqbca_history,storage\raw\taihu_thqbca_parsed\thqbca_observations.csv,24011,precipitation,Q01,high,missing value,
taihu_thqbca_history,storage\raw\taihu_thqbca_parsed\thqbca_observations.csv,24041,precipitation,Q01,high,missing value,
taihu_thqbca_history,storage\raw\taihu_thqbca_parsed\thqbca_observations.csv,24046,precipitation,Q01,high,missing value,
taihu_thqbca_history,storage\raw\taihu_thqbca_parsed\thqbca_observations.csv,24062,precipitation,Q01,high,missing value,
taihu_thqbca_history,storage\raw\taihu_thqbca_parsed\thqbca_observations.csv,24084,precipitation,Q01,high,missing value,
taihu_thqbca_history,storage\raw\taihu_thqbca_parsed\thqbca_observations.csv,24085,precipitation,Q01,high,missing value,
taihu_thqbca_history,storage\raw\taihu_thqbca_parsed\thqbca_observations.csv,24095,precipitation,Q01,high,missing value,
taihu_thqbca_history,storage\raw\taihu_thqbca_parsed\thqbca_observations.csv,24114,precipitation,Q01,high,missing value,
taihu_thqbca_history,storage\raw\taihu_thqbca_parsed\thqbca_observations.csv,24116,precipitation,Q01,high,missing value,
taihu_thqbca_history,storage\raw\taihu_thqbca_parsed\thqbca_observations.csv,24121,precipitation,Q01,high,missing value,
taihu_thqbca_history,storage\raw\taihu_thqbca_parsed\thqbca_observations.csv,24134,precipitation,Q01,high,missing value,
taihu_thqbca_history,storage\raw\taihu_thqbca_parsed\thqbca_observations.csv,24168,precipitation,Q01,high,missing value,
taihu_thqbca_history,storage\raw\taihu_thqbca_parsed\thqbca_observations.csv,24196,precipitation,Q01,high,missing value,
taihu_thqbca_history,storage\raw\taihu_thqbca_parsed\thqbca_observations.csv,24199,precipitation,Q01,high,missing value,
taihu_thqbca_history,storage\raw\taihu_thqbca_parsed\thqbca_observations.csv,24204,precipitation,Q01,high,missing value,
taihu_thqbca_history,storage\raw\taihu_thqbca_parsed\thqbca_observations.csv,24207,precipitation,Q01,high,missing value,
taihu_thqbca_history,storage\raw\taihu_thqbca_parsed\thqbca_observations.csv,24221,precipitation,Q01,high,missing value,
taihu_thqbca_history,storage\raw\taihu_thqbca_parsed\thqbca_observations.csv,24224,precipitation,Q01,high,missing value,
taihu_thqbca_history,storage\raw\taihu_thqbca_parsed\thqbca_observations.csv,24226,precipitation,Q04,critical,"outside allowed range (0.0, 500.0)",611
taihu_thqbca_history,storage\raw\taihu_thqbca_parsed\thqbca_observations.csv,24230,precipitation,Q01,high,missing value,
taihu_thqbca_history,storage\raw\taihu_thqbca_parsed\thqbca_observations.csv,24236,precipitation,Q01,high,missing value,
taihu_thqbca_history,storage\raw\taihu_thqbca_parsed\thqbca_observations.csv,24238,precipitation,Q01,high,missing value,
taihu_thqbca_history,storage\raw\taihu_thqbca_parsed\thqbca_observations.csv,24240,precipitation,Q01,high,missing value,
taihu_thqbca_history,storage\raw\taihu_thqbca_parsed\thqbca_observations.csv,24243,precipitation,Q01,high,missing value,
taihu_thqbca_history,storage\raw\taihu_thqbca_parsed\thqbca_observations.csv,24244,precipitation,Q04,critical,"outside allowed range (0.0, 500.0)",1108
taihu_thqbca_history,storage\raw\taihu_thqbca_parsed\thqbca_observations.csv,24247,precipitation,Q01,high,missing value,
taihu_thqbca_history,storage\raw\taihu_thqbca_parsed\thqbca_observations.csv,24248,precipitation,Q01,high,missing value,
taihu_thqbca_history,storage\raw\taihu_thqbca_parsed\thqbca_observations.csv,24262,precipitation,Q01,high,missing value,
taihu_thqbca_history,storage\raw\taihu_thqbca_parsed\thqbca_observations.csv,24269,precipitation,Q01,high,missing value,
taihu_thqbca_history,storage\raw\taihu_thqbca_parsed\thqbca_observations.csv,24270,precipitation,Q01,high,missing value,
taihu_thqbca_history,storage\raw\taihu_thqbca_parsed\thqbca_observations.csv,24272,precipitation,Q01,high,missing value,
taihu_thqbca_history,storage\raw\taihu_thqbca_parsed\thqbca_observations.csv,24277,precipitation,Q01,high,missing value,
taihu_thqbca_history,storage\raw\taihu_thqbca_parsed\thqbca_observations.csv,24286,precipitation,Q01,high,missing value,
taihu_thqbca_history,storage\raw\taihu_thqbca_parsed\thqbca_observations.csv,24312,precipitation,Q01,high,missing value,
taihu_thqbca_history,storage\raw\taihu_thqbca_parsed\thqbca_observations.csv,24330,precipitation,Q01,high,missing value,
taihu_thqbca_history,storage\raw\taihu_thqbca_parsed\thqbca_observations.csv,24333,precipitation,Q01,high,missing value,
taihu_thqbca_history,storage\raw\taihu_thqbca_parsed\thqbca_observations.csv,24354,precipitation,Q01,high,missing value,
taihu_thqbca_history,storage\raw\taihu_thqbca_parsed\thqbca_observations.csv,24357,precipitation,Q01,high,missing value,
taihu_thqbca_history,storage\raw\taihu_thqbca_parsed\thqbca_observations.csv,24372,precipitation,Q01,high,missing value,
taihu_thqbca_history,storage\raw\taihu_thqbca_parsed\thqbca_observations.csv,24381,precipitation,Q01,high,missing value,
taihu_thqbca_history,storage\raw\taihu_thqbca_parsed\thqbca_observations.csv,24427,precipitation,Q01,high,missing value,
taihu_thqbca_history,storage\raw\taihu_thqbca_parsed\thqbca_observations.csv,24451,precipitation,Q01,high,missing value,
taihu_thqbca_history,storage\raw\taihu_thqbca_parsed\thqbca_observations.csv,24477,precipitation,Q01,high,missing value,
taihu_thqbca_history,storage\raw\taihu_thqbca_parsed\thqbca_observations.csv,24487,precipitation,Q01,high,missing value,
taihu_thqbca_history,storage\raw\taihu_thqbca_parsed\thqbca_observations.csv,24534,precipitation,Q01,high,missing value,
taihu_thqbca_history,storage\raw\taihu_thqbca_parsed\thqbca_observations.csv,24548,precipitation,Q01,high,missing value,
taihu_thqbca_history,storage\raw\taihu_thqbca_parsed\thqbca_observations.csv,24549,precipitation,Q04,critical,"outside allowed range (0.0, 500.0)",804
taihu_thqbca_history,storage\raw\taihu_thqbca_parsed\thqbca_observations.csv,24560,precipitation,Q01,high,missing value,
taihu_thqbca_history,storage\raw\taihu_thqbca_parsed\thqbca_observations.csv,24572,precipitation,Q01,high,missing value,
taihu_thqbca_history,storage\raw\taihu_thqbca_parsed\thqbca_observations.csv,24576,precipitation,Q01,high,missing value,
taihu_thqbca_history,storage\raw\taihu_thqbca_parsed\thqbca_observations.csv,24580,precipitation,Q04,critical,"outside allowed range (0.0, 500.0)",579
taihu_thqbca_history,storage\raw\taihu_thqbca_parsed\thqbca_observations.csv,24581,precipitation,Q01,high,missing value,
taihu_thqbca_history,storage\raw\taihu_thqbca_parsed\thqbca_observations.csv,24582,precipitation,Q01,high,missing value,
taihu_thqbca_history,storage\raw\taihu_thqbca_parsed\thqbca_observations.csv,24586,precipitation,Q01,high,missing value,
taihu_thqbca_history,storage\raw\taihu_thqbca_parsed\thqbca_observations.csv,24592,precipitation,Q01,high,missing value,
taihu_thqbca_history,storage\raw\taihu_thqbca_parsed\thqbca_observations.csv,24593,precipitation,Q01,high,missing value,
taihu_thqbca_history,storage\raw\taihu_thqbca_parsed\thqbca_observations.csv,24595,precipitation,Q01,high,missing value,
taihu_thqbca_history,storage\raw\taihu_thqbca_parsed\thqbca_observations.csv,24604,precipitation,Q01,high,missing value,
taihu_thqbca_history,storage\raw\taihu_thqbca_parsed\thqbca_observations.csv,24607,precipitation,Q01,high,missing value,
taihu_thqbca_history,storage\raw\taihu_thqbca_parsed\thqbca_observations.csv,24610,precipitation,Q01,high,missing value,
taihu_thqbca_history,storage\raw\taihu_thqbca_parsed\thqbca_observations.csv,24613,precipitation,Q01,high,missing value,
taihu_thqbca_history,storage\raw\taihu_thqbca_parsed\thqbca_observations.csv,24628,precipitation,Q01,high,missing value,
taihu_thqbca_history,storage\raw\taihu_thqbca_parsed\thqbca_observations.csv,24629,precipitation,Q01,high,missing value,
taihu_thqbca_history,storage\raw\taihu_thqbca_parsed\thqbca_observations.csv,24640,precipitation,Q01,high,missing value,
taihu_thqbca_history,storage\raw\taihu_thqbca_parsed\thqbca_observations.csv,24648,precipitation,Q01,high,missing value,
taihu_thqbca_history,storage\raw\taihu_thqbca_parsed\thqbca_observations.csv,24649,precipitation,Q01,high,missing value,
taihu_thqbca_history,storage\raw\taihu_thqbca_parsed\thqbca_observations.csv,24657,precipitation,Q01,high,missing value,
taihu_thqbca_history,storage\raw\taihu_thqbca_parsed\thqbca_observations.csv,24686,precipitation,Q04,critical,"outside allowed range (0.0, 500.0)",960
taihu_thqbca_history,storage\raw\taihu_thqbca_parsed\thqbca_observations.csv,24692,precipitation,Q01,high,missing value,
taihu_thqbca_history,storage\raw\taihu_thqbca_parsed\thqbca_observations.csv,24703,precipitation,Q01,high,missing value,
taihu_thqbca_history,storage\raw\taihu_thqbca_parsed\thqbca_observations.csv,24714,precipitation,Q01,high,missing value,
taihu_thqbca_history,storage\raw\taihu_thqbca_parsed\thqbca_observations.csv,24724,precipitation,Q01,high,missing value,
taihu_thqbca_history,storage\raw\taihu_thqbca_parsed\thqbca_observations.csv,24735,precipitation,Q01,high,missing value,
taihu_thqbca_history,storage\raw\taihu_thqbca_parsed\thqbca_observations.csv,24750,precipitation,Q01,high,missing value,
taihu_thqbca_history,storage\raw\taihu_thqbca_parsed\thqbca_observations.csv,24763,precipitation,Q01,high,missing value,
taihu_thqbca_history,storage\raw\taihu_thqbca_parsed\thqbca_observations.csv,24768,precipitation,Q01,high,missing value,
taihu_thqbca_history,storage\raw\taihu_thqbca_parsed\thqbca_observations.csv,24786,precipitation,Q01,high,missing value,
taihu_thqbca_history,storage\raw\taihu_thqbca_parsed\thqbca_observations.csv,24788,precipitation,Q01,high,missing value,
taihu_thqbca_history,storage\raw\taihu_thqbca_parsed\thqbca_observations.csv,24795,precipitation,Q01,high,missing value,
taihu_thqbca_history,storage\raw\taihu_thqbca_parsed\thqbca_observations.csv,24800,precipitation,Q01,high,missing value,
taihu_thqbca_history,storage\raw\taihu_thqbca_parsed\thqbca_observations.csv,24836,precipitation,Q01,high,missing value,
taihu_thqbca_history,storage\raw\taihu_thqbca_parsed\thqbca_observations.csv,24839,precipitation,Q01,high,missing value,
taihu_thqbca_history,storage\raw\taihu_thqbca_parsed\thqbca_observations.csv,24862,precipitation,Q01,high,missing value,
taihu_thqbca_history,storage\raw\taihu_thqbca_parsed\thqbca_observations.csv,24874,precipitation,Q01,high,missing value,
taihu_thqbca_history,storage\raw\taihu_thqbca_parsed\thqbca_observations.csv,24883,precipitation,Q01,high,missing value,
taihu_thqbca_history,storage\raw\taihu_thqbca_parsed\thqbca_observations.csv,24884,precipitation,Q01,high,missing value,
taihu_thqbca_history,storage\raw\taihu_thqbca_parsed\thqbca_observations.csv,24914,precipitation,Q01,high,missing value,
taihu_thqbca_history,storage\raw\taihu_thqbca_parsed\thqbca_observations.csv,24938,precipitation,Q01,high,missing value,
taihu_thqbca_history,storage\raw\taihu_thqbca_parsed\thqbca_observations.csv,24943,precipitation,Q01,high,missing value,
taihu_thqbca_history,storage\raw\taihu_thqbca_parsed\thqbca_observations.csv,24944,precipitation,Q04,critical,"outside allowed range (0.0, 500.0)",867
taihu_thqbca_history,storage\raw\taihu_thqbca_parsed\thqbca_observations.csv,24948,precipitation,Q01,high,missing value,
taihu_thqbca_history,storage\raw\taihu_thqbca_parsed\thqbca_observations.csv,24949,precipitation,Q04,critical,"outside allowed range (0.0, 500.0)",1096
taihu_thqbca_history,storage\raw\taihu_thqbca_parsed\thqbca_observations.csv,24962,precipitation,Q01,high,missing value,
taihu_thqbca_history,storage\raw\taihu_thqbca_parsed\thqbca_observations.csv,24968,precipitation,Q01,high,missing value,
taihu_thqbca_history,storage\raw\taihu_thqbca_parsed\thqbca_observations.csv,24986,precipitation,Q01,high,missing value,
taihu_thqbca_history,storage\raw\taihu_thqbca_parsed\thqbca_observations.csv,24992,precipitation,Q01,high,missing value,
taihu_thqbca_history,storage\raw\taihu_thqbca_parsed\thqbca_observations.csv,24993,precipitation,Q01,high,missing value,
taihu_thqbca_history,storage\raw\taihu_thqbca_parsed\thqbca_observations.csv,24998,precipitation,Q04,critical,"outside allowed range (0.0, 500.0)",951
taihu_thqbca_history,storage\raw\taihu_thqbca_parsed\thqbca_observations.csv,25019,precipitation,Q04,critical,"outside allowed range (0.0, 500.0)",624
taihu_thqbca_history,storage\raw\taihu_thqbca_parsed\thqbca_observations.csv,25020,precipitation,Q01,high,missing value,
taihu_thqbca_history,storage\raw\taihu_thqbca_parsed\thqbca_observations.csv,25027,precipitation,Q01,high,missing value,
taihu_thqbca_history,storage\raw\taihu_thqbca_parsed\thqbca_observations.csv,25028,precipitation,Q01,high,missing value,
taihu_thqbca_history,storage\raw\taihu_thqbca_parsed\thqbca_observations.csv,25029,precipitation,Q04,critical,"outside allowed range (0.0, 500.0)",599
taihu_thqbca_history,storage\raw\taihu_thqbca_parsed\thqbca_observations.csv,25034,precipitation,Q01,high,missing value,
taihu_thqbca_history,storage\raw\taihu_thqbca_parsed\thqbca_observations.csv,25053,precipitation,Q01,high,missing value,
taihu_thqbca_history,storage\raw\taihu_thqbca_parsed\thqbca_observations.csv,25055,precipitation,Q01,high,missing value,
taihu_thqbca_history,storage\raw\taihu_thqbca_parsed\thqbca_observations.csv,25065,precipitation,Q01,high,missing value,
taihu_thqbca_history,storage\raw\taihu_thqbca_parsed\thqbca_observations.csv,25080,precipitation,Q01,high,missing value,
taihu_thqbca_history,storage\raw\taihu_thqbca_parsed\thqbca_observations.csv,25092,precipitation,Q01,high,missing value,
taihu_thqbca_history,storage\raw\taihu_thqbca_parsed\thqbca_observations.csv,25101,precipitation,Q01,high,missing value,
taihu_thqbca_history,storage\raw\taihu_thqbca_parsed\thqbca_observations.csv,25144,precipitation,Q01,high,missing value,
taihu_thqbca_history,storage\raw\taihu_thqbca_parsed\thqbca_observations.csv,25155,precipitation,Q01,high,missing value,
taihu_thqbca_history,storage\raw\taihu_thqbca_parsed\thqbca_observations.csv,25171,precipitation,Q01,high,missing value,
taihu_thqbca_history,storage\raw\taihu_thqbca_parsed\thqbca_observations.csv,25176,precipitation,Q01,high,missing value,
taihu_thqbca_history,storage\raw\taihu_thqbca_parsed\thqbca_observations.csv,25188,precipitation,Q01,high,missing value,
taihu_thqbca_history,storage\raw\taihu_thqbca_parsed\thqbca_observations.csv,25214,precipitation,Q01,high,missing value,
taihu_thqbca_history,storage\raw\taihu_thqbca_parsed\thqbca_observations.csv,25228,precipitation,Q01,high,missing value,
taihu_thqbca_history,storage\raw\taihu_thqbca_parsed\thqbca_observations.csv,25229,precipitation,Q01,high,missing value,
taihu_thqbca_history,storage\raw\taihu_thqbca_parsed\thqbca_observations.csv,25242,precipitation,Q01,high,missing value,
taihu_thqbca_history,storage\raw\taihu_thqbca_parsed\thqbca_observations.csv,25269,precipitation,Q01,high,missing value,
taihu_thqbca_history,storage\raw\taihu_thqbca_parsed\thqbca_observations.csv,25295,precipitation,Q01,high,missing value,
taihu_thqbca_history,storage\raw\taihu_thqbca_parsed\thqbca_observations.csv,25339,precipitation,Q04,critical,"outside allowed range (0.0, 500.0)",1306
taihu_thqbca_history,storage\raw\taihu_thqbca_parsed\thqbca_observations.csv,25349,precipitation,Q04,critical,"outside allowed range (0.0, 500.0)",558
taihu_thqbca_history,storage\raw\taihu_thqbca_parsed\thqbca_observations.csv,25350,precipitation,Q01,high,missing value,
taihu_thqbca_history,storage\raw\taihu_thqbca_parsed\thqbca_observations.csv,25352,precipitation,Q04,critical,"outside allowed range (0.0, 500.0)",872
taihu_thqbca_history,storage\raw\taihu_thqbca_parsed\thqbca_observations.csv,25353,precipitation,Q01,high,missing value,
taihu_thqbca_history,storage\raw\taihu_thqbca_parsed\thqbca_observations.csv,25369,precipitation,Q01,high,missing value,
taihu_thqbca_history,storage\raw\taihu_thqbca_parsed\thqbca_observations.csv,25371,precipitation,Q01,high,missing value,
taihu_thqbca_history,storage\raw\taihu_thqbca_parsed\thqbca_observations.csv,25378,precipitation,Q01,high,missing value,
taihu_thqbca_history,storage\raw\taihu_thqbca_parsed\thqbca_observations.csv,25404,precipitation,Q01,high,missing value,
taihu_thqbca_history,storage\raw\taihu_thqbca_parsed\thqbca_observations.csv,25407,precipitation,Q01,high,missing value,
taihu_thqbca_history,storage\raw\taihu_thqbca_parsed\thqbca_observations.csv,25408,precipitation,Q01,high,missing value,
taihu_thqbca_history,storage\raw\taihu_thqbca_parsed\thqbca_observations.csv,25418,precipitation,Q01,high,missing value,
taihu_thqbca_history,storage\raw\taihu_thqbca_parsed\thqbca_observations.csv,25419,precipitation,Q01,high,missing value,
taihu_thqbca_history,storage\raw\taihu_thqbca_parsed\thqbca_observations.csv,25420,precipitation,Q01,high,missing value,
taihu_thqbca_history,storage\raw\taihu_thqbca_parsed\thqbca_observations.csv,25428,precipitation,Q01,high,missing value,
taihu_thqbca_history,storage\raw\taihu_thqbca_parsed\thqbca_observations.csv,25439,precipitation,Q01,high,missing value,
taihu_thqbca_history,storage\raw\taihu_thqbca_parsed\thqbca_observations.csv,25442,precipitation,Q01,high,missing value,
taihu_thqbca_history,storage\raw\taihu_thqbca_parsed\thqbca_observations.csv,25451,precipitation,Q01,high,missing value,
taihu_thqbca_history,storage\raw\taihu_thqbca_parsed\thqbca_observations.csv,25459,precipitation,Q01,high,missing value,
taihu_thqbca_history,storage\raw\taihu_thqbca_parsed\thqbca_observations.csv,25467,precipitation,Q01,high,missing value,
taihu_thqbca_history,storage\raw\taihu_thqbca_parsed\thqbca_observations.csv,25468,precipitation,Q01,high,missing value,
taihu_thqbca_history,storage\raw\taihu_thqbca_parsed\thqbca_observations.csv,25521,precipitation,Q01,high,missing value,
taihu_thqbca_history,storage\raw\taihu_thqbca_parsed\thqbca_observations.csv,25531,precipitation,Q01,high,missing value,
taihu_thqbca_history,storage\raw\taihu_thqbca_parsed\thqbca_observations.csv,25582,precipitation,Q01,high,missing value,
taihu_thqbca_history,storage\raw\taihu_thqbca_parsed\thqbca_observations.csv,25598,precipitation,Q01,high,missing value,
taihu_thqbca_history,storage\raw\taihu_thqbca_parsed\thqbca_observations.csv,25606,precipitation,Q01,high,missing value,
taihu_thqbca_history,storage\raw\taihu_thqbca_parsed\thqbca_observations.csv,25616,precipitation,Q01,high,missing value,
taihu_thqbca_history,storage\raw\taihu_thqbca_parsed\thqbca_observations.csv,25634,precipitation,Q01,high,missing value,
taihu_thqbca_history,storage\raw\taihu_thqbca_parsed\thqbca_observations.csv,25636,precipitation,Q01,high,missing value,
taihu_thqbca_history,storage\raw\taihu_thqbca_parsed\thqbca_observations.csv,25656,precipitation,Q01,high,missing value,
taihu_thqbca_history,storage\raw\taihu_thqbca_parsed\thqbca_observations.csv,25679,precipitation,Q01,high,missing value,
taihu_thqbca_history,storage\raw\taihu_thqbca_parsed\thqbca_observations.csv,25683,precipitation,Q01,high,missing value,
taihu_thqbca_history,storage\raw\taihu_thqbca_parsed\thqbca_observations.csv,25686,precipitation,Q04,critical,"outside allowed range (0.0, 500.0)",708
taihu_thqbca_history,storage\raw\taihu_thqbca_parsed\thqbca_observations.csv,25692,precipitation,Q01,high,missing value,
taihu_thqbca_history,storage\raw\taihu_thqbca_parsed\thqbca_observations.csv,25699,precipitation,Q01,high,missing value,
taihu_thqbca_history,storage\raw\taihu_thqbca_parsed\thqbca_observations.csv,25704,precipitation,Q01,high,missing value,
taihu_thqbca_history,storage\raw\taihu_thqbca_parsed\thqbca_observations.csv,25707,precipitation,Q01,high,missing value,
taihu_thqbca_history,storage\raw\taihu_thqbca_parsed\thqbca_observations.csv,25708,precipitation,Q01,high,missing value,
taihu_thqbca_history,storage\raw\taihu_thqbca_parsed\thqbca_observations.csv,25712,precipitation,Q01,high,missing value,
taihu_thqbca_history,storage\raw\taihu_thqbca_parsed\thqbca_observations.csv,25717,precipitation,Q01,high,missing value,
taihu_thqbca_history,storage\raw\taihu_thqbca_parsed\thqbca_observations.csv,25719,precipitation,Q01,high,missing value,
taihu_thqbca_history,storage\raw\taihu_thqbca_parsed\thqbca_observations.csv,25730,precipitation,Q01,high,missing value,
taihu_thqbca_history,storage\raw\taihu_thqbca_parsed\thqbca_observations.csv,25741,precipitation,Q01,high,missing value,
taihu_thqbca_history,storage\raw\taihu_thqbca_parsed\thqbca_observations.csv,25745,precipitation,Q01,high,missing value,
taihu_thqbca_history,storage\raw\taihu_thqbca_parsed\thqbca_observations.csv,25747,precipitation,Q01,high,missing value,
taihu_thqbca_history,storage\raw\taihu_thqbca_parsed\thqbca_observations.csv,25769,precipitation,Q01,high,missing value,
taihu_thqbca_history,storage\raw\taihu_thqbca_parsed\thqbca_observations.csv,25775,precipitation,Q01,high,missing value,
taihu_thqbca_history,storage\raw\taihu_thqbca_parsed\thqbca_observations.csv,25800,precipitation,Q01,high,missing value,
taihu_thqbca_history,storage\raw\taihu_thqbca_parsed\thqbca_observations.csv,25819,precipitation,Q01,high,missing value,
taihu_thqbca_history,storage\raw\taihu_thqbca_parsed\thqbca_observations.csv,25835,precipitation,Q01,high,missing value,
taihu_thqbca_history,storage\raw\taihu_thqbca_parsed\thqbca_observations.csv,25841,precipitation,Q01,high,missing value,
taihu_thqbca_history,storage\raw\taihu_thqbca_parsed\thqbca_observations.csv,25851,precipitation,Q01,high,missing value,
taihu_thqbca_history,storage\raw\taihu_thqbca_parsed\thqbca_observations.csv,25868,precipitation,Q01,high,missing value,
taihu_thqbca_history,storage\raw\taihu_thqbca_parsed\thqbca_observations.csv,25895,precipitation,Q01,high,missing value,
taihu_thqbca_history,storage\raw\taihu_thqbca_parsed\thqbca_observations.csv,25910,precipitation,Q01,high,missing value,
taihu_thqbca_history,storage\raw\taihu_thqbca_parsed\thqbca_observations.csv,25923,precipitation,Q01,high,missing value,
taihu_thqbca_history,storage\raw\taihu_thqbca_parsed\thqbca_observations.csv,25924,precipitation,Q01,high,missing value,
taihu_thqbca_history,storage\raw\taihu_thqbca_parsed\thqbca_observations.csv,25930,precipitation,Q01,high,missing value,
taihu_thqbca_history,storage\raw\taihu_thqbca_parsed\thqbca_observations.csv,25938,precipitation,Q01,high,missing value,
taihu_thqbca_history,storage\raw\taihu_thqbca_parsed\thqbca_observations.csv,25995,precipitation,Q01,high,missing value,
taihu_thqbca_history,storage\raw\taihu_thqbca_parsed\thqbca_observations.csv,26017,precipitation,Q01,high,missing value,
taihu_thqbca_history,storage\raw\taihu_thqbca_parsed\thqbca_observations.csv,26035,precipitation,Q04,critical,"outside allowed range (0.0, 500.0)",694
taihu_thqbca_history,storage\raw\taihu_thqbca_parsed\thqbca_observations.csv,26041,precipitation,Q01,high,missing value,
taihu_thqbca_history,storage\raw\taihu_thqbca_parsed\thqbca_observations.csv,26055,precipitation,Q01,high,missing value,
taihu_thqbca_history,storage\raw\taihu_thqbca_parsed\thqbca_observations.csv,26061,precipitation,Q01,high,missing value,
taihu_thqbca_history,storage\raw\taihu_thqbca_parsed\thqbca_observations.csv,26062,precipitation,Q01,high,missing value,
taihu_thqbca_history,storage\raw\taihu_thqbca_parsed\thqbca_observations.csv,26063,precipitation,Q01,high,missing value,
taihu_thqbca_history,storage\raw\taihu_thqbca_parsed\thqbca_observations.csv,26066,precipitation,Q04,critical,"outside allowed range (0.0, 500.0)",664
taihu_thqbca_history,storage\raw\taihu_thqbca_parsed\thqbca_observations.csv,26070,precipitation,Q01,high,missing value,
taihu_thqbca_history,storage\raw\taihu_thqbca_parsed\thqbca_observations.csv,26071,precipitation,Q01,high,missing value,
taihu_thqbca_history,storage\raw\taihu_thqbca_parsed\thqbca_observations.csv,26073,precipitation,Q01,high,missing value,
taihu_thqbca_history,storage\raw\taihu_thqbca_parsed\thqbca_observations.csv,26079,precipitation,Q01,high,missing value,
taihu_thqbca_history,storage\raw\taihu_thqbca_parsed\thqbca_observations.csv,26085,precipitation,Q01,high,missing value,
taihu_thqbca_history,storage\raw\taihu_thqbca_parsed\thqbca_observations.csv,26086,precipitation,Q01,high,missing value,
taihu_thqbca_history,storage\raw\taihu_thqbca_parsed\thqbca_observations.csv,26090,precipitation,Q04,critical,"outside allowed range (0.0, 500.0)",537
taihu_thqbca_history,storage\raw\taihu_thqbca_parsed\thqbca_observations.csv,26098,precipitation,Q01,high,missing value,
taihu_thqbca_history,storage\raw\taihu_thqbca_parsed\thqbca_observations.csv,26101,precipitation,Q01,high,missing value,
taihu_thqbca_history,storage\raw\taihu_thqbca_parsed\thqbca_observations.csv,26104,precipitation,Q01,high,missing value,
taihu_thqbca_history,storage\raw\taihu_thqbca_parsed\thqbca_observations.csv,26106,precipitation,Q01,high,missing value,
taihu_thqbca_history,storage\raw\taihu_thqbca_parsed\thqbca_observations.csv,26115,precipitation,Q01,high,missing value,
taihu_thqbca_history,storage\raw\taihu_thqbca_parsed\thqbca_observations.csv,26117,precipitation,Q01,high,missing value,
taihu_thqbca_history,storage\raw\taihu_thqbca_parsed\thqbca_observations.csv,26121,precipitation,Q01,high,missing value,
taihu_thqbca_history,storage\raw\taihu_thqbca_parsed\thqbca_observations.csv,26129,precipitation,Q01,high,missing value,
taihu_thqbca_history,storage\raw\taihu_thqbca_parsed\thqbca_observations.csv,26136,precipitation,Q01,high,missing value,
taihu_thqbca_history,storage\raw\taihu_thqbca_parsed\thqbca_observations.csv,26138,precipitation,Q01,high,missing value,
taihu_thqbca_history,storage\raw\taihu_thqbca_parsed\thqbca_observations.csv,26154,precipitation,Q01,high,missing value,
taihu_thqbca_history,storage\raw\taihu_thqbca_parsed\thqbca_observations.csv,26167,precipitation,Q01,high,missing value,
taihu_thqbca_history,storage\raw\taihu_thqbca_parsed\thqbca_observations.csv,26175,precipitation,Q01,high,missing value,
taihu_thqbca_history,storage\raw\taihu_thqbca_parsed\thqbca_observations.csv,26176,precipitation,Q01,high,missing value,
taihu_thqbca_history,storage\raw\taihu_thqbca_parsed\thqbca_observations.csv,26177,precipitation,Q01,high,missing value,
taihu_thqbca_history,storage\raw\taihu_thqbca_parsed\thqbca_observations.csv,26186,precipitation,Q01,high,missing value,
taihu_thqbca_history,storage\raw\taihu_thqbca_parsed\thqbca_observations.csv,26220,precipitation,Q01,high,missing value,
taihu_thqbca_history,storage\raw\taihu_thqbca_parsed\thqbca_observations.csv,26240,precipitation,Q01,high,missing value,
taihu_thqbca_history,storage\raw\taihu_thqbca_parsed\thqbca_observations.csv,26336,precipitation,Q01,high,missing value,
taihu_thqbca_history,storage\raw\taihu_thqbca_parsed\thqbca_observations.csv,26337,precipitation,Q01,high,missing value,
taihu_thqbca_history,storage\raw\taihu_thqbca_parsed\thqbca_observations.csv,26340,precipitation,Q01,high,missing value,
taihu_thqbca_history,storage\raw\taihu_thqbca_parsed\thqbca_observations.csv,26341,precipitation,Q01,high,missing value,
taihu_thqbca_history,storage\raw\taihu_thqbca_parsed\thqbca_observations.csv,26382,precipitation,Q04,critical,"outside allowed range (0.0, 500.0)",678
taihu_thqbca_history,storage\raw\taihu_thqbca_parsed\thqbca_observations.csv,26387,precipitation,Q01,high,missing value,
taihu_thqbca_history,storage\raw\taihu_thqbca_parsed\thqbca_observations.csv,26402,precipitation,Q01,high,missing value,
taihu_thqbca_history,storage\raw\taihu_thqbca_parsed\thqbca_observations.csv,26405,precipitation,Q01,high,missing value,
taihu_thqbca_history,storage\raw\taihu_thqbca_parsed\thqbca_observations.csv,26409,precipitation,Q04,critical,"outside allowed range (0.0, 500.0)",844
taihu_thqbca_history,storage\raw\taihu_thqbca_parsed\thqbca_observations.csv,26413,precipitation,Q01,high,missing value,
taihu_thqbca_history,storage\raw\taihu_thqbca_parsed\thqbca_observations.csv,26414,precipitation,Q01,high,missing value,
taihu_thqbca_history,storage\raw\taihu_thqbca_parsed\thqbca_observations.csv,26419,precipitation,Q01,high,missing value,
taihu_thqbca_history,storage\raw\taihu_thqbca_parsed\thqbca_observations.csv,26434,precipitation,Q01,high,missing value,
taihu_thqbca_history,storage\raw\taihu_thqbca_parsed\thqbca_observations.csv,26452,precipitation,Q04,critical,"outside allowed range (0.0, 500.0)",1144
taihu_thqbca_history,storage\raw\taihu_thqbca_parsed\thqbca_observations.csv,26459,precipitation,Q01,high,missing value,
taihu_thqbca_history,storage\raw\taihu_thqbca_parsed\thqbca_observations.csv,26465,precipitation,Q01,high,missing value,
taihu_thqbca_history,storage\raw\taihu_thqbca_parsed\thqbca_observations.csv,26468,precipitation,Q01,high,missing value,
taihu_thqbca_history,storage\raw\taihu_thqbca_parsed\thqbca_observations.csv,26484,precipitation,Q04,critical,"outside allowed range (0.0, 500.0)",626
taihu_thqbca_history,storage\raw\taihu_thqbca_parsed\thqbca_observations.csv,26487,precipitation,Q01,high,missing value,
taihu_thqbca_history,storage\raw\taihu_thqbca_parsed\thqbca_observations.csv,26496,precipitation,Q01,high,missing value,
taihu_thqbca_history,storage\raw\taihu_thqbca_parsed\thqbca_observations.csv,26503,precipitation,Q01,high,missing value,
taihu_thqbca_history,storage\raw\taihu_thqbca_parsed\thqbca_observations.csv,26532,precipitation,Q01,high,missing value,
taihu_thqbca_history,storage\raw\taihu_thqbca_parsed\thqbca_observations.csv,26539,precipitation,Q01,high,missing value,
taihu_thqbca_history,storage\raw\taihu_thqbca_parsed\thqbca_observations.csv,26588,precipitation,Q01,high,missing value,
taihu_thqbca_history,storage\raw\taihu_thqbca_parsed\thqbca_observations.csv,26600,precipitation,Q01,high,missing value,
taihu_thqbca_history,storage\raw\taihu_thqbca_parsed\thqbca_observations.csv,26631,precipitation,Q01,high,missing value,
taihu_thqbca_history,storage\raw\taihu_thqbca_parsed\thqbca_observations.csv,26632,precipitation,Q01,high,missing value,
taihu_thqbca_history,storage\raw\taihu_thqbca_parsed\thqbca_observations.csv,26637,precipitation,Q01,high,missing value,
taihu_thqbca_history,storage\raw\taihu_thqbca_parsed\thqbca_observations.csv,26682,precipitation,Q01,high,missing value,
taihu_thqbca_history,storage\raw\taihu_thqbca_parsed\thqbca_observations.csv,26683,precipitation,Q01,high,missing value,
taihu_thqbca_history,storage\raw\taihu_thqbca_parsed\thqbca_observations.csv,26690,precipitation,Q01,high,missing value,
taihu_thqbca_history,storage\raw\taihu_thqbca_parsed\thqbca_observations.csv,26704,precipitation,Q01,high,missing value,
taihu_thqbca_history,storage\raw\taihu_thqbca_parsed\thqbca_observations.csv,26708,precipitation,Q01,high,missing value,
taihu_thqbca_history,storage\raw\taihu_thqbca_parsed\thqbca_observations.csv,26724,precipitation,Q01,high,missing value,
taihu_thqbca_history,storage\raw\taihu_thqbca_parsed\thqbca_observations.csv,26734,precipitation,Q04,critical,"outside allowed range (0.0, 500.0)",566
taihu_thqbca_history,storage\raw\taihu_thqbca_parsed\thqbca_observations.csv,26740,precipitation,Q01,high,missing value,
taihu_thqbca_history,storage\raw\taihu_thqbca_parsed\thqbca_observations.csv,26743,precipitation,Q01,high,missing value,
taihu_thqbca_history,storage\raw\taihu_thqbca_parsed\thqbca_observations.csv,26755,precipitation,Q04,critical,"outside allowed range (0.0, 500.0)",588
taihu_thqbca_history,storage\raw\taihu_thqbca_parsed\thqbca_observations.csv,26762,precipitation,Q01,high,missing value,
taihu_thqbca_history,storage\raw\taihu_thqbca_parsed\thqbca_observations.csv,26766,precipitation,Q01,high,missing value,
taihu_thqbca_history,storage\raw\taihu_thqbca_parsed\thqbca_observations.csv,26812,precipitation,Q01,high,missing value,
taihu_thqbca_history,storage\raw\taihu_thqbca_parsed\thqbca_observations.csv,26828,precipitation,Q01,high,missing value,
taihu_thqbca_history,storage\raw\taihu_thqbca_parsed\thqbca_observations.csv,26832,precipitation,Q01,high,missing value,
taihu_thqbca_history,storage\raw\taihu_thqbca_parsed\thqbca_observations.csv,26833,precipitation,Q01,high,missing value,
taihu_thqbca_history,storage\raw\taihu_thqbca_parsed\thqbca_observations.csv,26834,precipitation,Q01,high,missing value,
taihu_thqbca_history,storage\raw\taihu_thqbca_parsed\thqbca_observations.csv,26838,precipitation,Q01,high,missing value,
taihu_thqbca_history,storage\raw\taihu_thqbca_parsed\thqbca_observations.csv,26996,precipitation,Q01,high,missing value,
taihu_thqbca_history,storage\raw\taihu_thqbca_parsed\thqbca_observations.csv,27003,precipitation,Q01,high,missing value,
taihu_thqbca_history,storage\raw\taihu_thqbca_parsed\thqbca_observations.csv,27038,precipitation,Q01,high,missing value,
taihu_thqbca_history,storage\raw\taihu_thqbca_parsed\thqbca_observations.csv,27055,precipitation,Q01,high,missing value,
taihu_thqbca_history,storage\raw\taihu_thqbca_parsed\thqbca_observations.csv,27095,precipitation,Q01,high,missing value,
taihu_thqbca_history,storage\raw\taihu_thqbca_parsed\thqbca_observations.csv,27116,precipitation,Q01,high,missing value,
taihu_thqbca_history,storage\raw\taihu_thqbca_parsed\thqbca_observations.csv,27123,precipitation,Q01,high,missing value,
taihu_thqbca_history,storage\raw\taihu_thqbca_parsed\thqbca_observations.csv,27134,precipitation,Q04,critical,"outside allowed range (0.0, 500.0)",695
taihu_thqbca_history,storage\raw\taihu_thqbca_parsed\thqbca_observations.csv,27139,precipitation,Q04,critical,"outside allowed range (0.0, 500.0)",800
taihu_thqbca_history,storage\raw\taihu_thqbca_parsed\thqbca_observations.csv,27155,precipitation,Q04,critical,"outside allowed range (0.0, 500.0)",593
taihu_thqbca_history,storage\raw\taihu_thqbca_parsed\thqbca_observations.csv,27167,precipitation,Q01,high,missing value,
taihu_thqbca_history,storage\raw\taihu_thqbca_parsed\thqbca_observations.csv,27184,precipitation,Q01,high,missing value,
taihu_thqbca_history,storage\raw\taihu_thqbca_parsed\thqbca_observations.csv,27187,precipitation,Q01,high,missing value,
taihu_thqbca_history,storage\raw\taihu_thqbca_parsed\thqbca_observations.csv,27190,precipitation,Q01,high,missing value,
taihu_thqbca_history,storage\raw\taihu_thqbca_parsed\thqbca_observations.csv,27213,precipitation,Q01,high,missing value,
taihu_thqbca_history,storage\raw\taihu_thqbca_parsed\thqbca_observations.csv,27219,precipitation,Q01,high,missing value,
taihu_thqbca_history,storage\raw\taihu_thqbca_parsed\thqbca_observations.csv,27235,precipitation,Q01,high,missing value,
taihu_thqbca_history,storage\raw\taihu_thqbca_parsed\thqbca_observations.csv,27271,precipitation,Q01,high,missing value,
taihu_thqbca_history,storage\raw\taihu_thqbca_parsed\thqbca_observations.csv,27273,precipitation,Q01,high,missing value,
taihu_thqbca_history,storage\raw\taihu_thqbca_parsed\thqbca_observations.csv,27281,precipitation,Q01,high,missing value,
taihu_thqbca_history,storage\raw\taihu_thqbca_parsed\thqbca_observations.csv,27352,precipitation,Q01,high,missing value,
taihu_thqbca_history,storage\raw\taihu_thqbca_parsed\thqbca_observations.csv,27359,precipitation,Q01,high,missing value,
taihu_thqbca_history,storage\raw\taihu_thqbca_parsed\thqbca_observations.csv,27429,precipitation,Q01,high,missing value,
taihu_thqbca_history,storage\raw\taihu_thqbca_parsed\thqbca_observations.csv,27431,precipitation,Q01,high,missing value,
taihu_thqbca_history,storage\raw\taihu_thqbca_parsed\thqbca_observations.csv,27435,precipitation,Q01,high,missing value,
taihu_thqbca_history,storage\raw\taihu_thqbca_parsed\thqbca_observations.csv,27451,precipitation,Q01,high,missing value,
taihu_thqbca_history,storage\raw\taihu_thqbca_parsed\thqbca_observations.csv,27463,precipitation,Q01,high,missing value,
taihu_thqbca_history,storage\raw\taihu_thqbca_parsed\thqbca_observations.csv,27476,precipitation,Q01,high,missing value,
taihu_thqbca_history,storage\raw\taihu_thqbca_parsed\thqbca_observations.csv,27483,precipitation,Q01,high,missing value,
taihu_thqbca_history,storage\raw\taihu_thqbca_parsed\thqbca_observations.csv,27489,precipitation,Q01,high,missing value,
taihu_thqbca_history,storage\raw\taihu_thqbca_parsed\thqbca_observations.csv,27494,precipitation,Q04,critical,"outside allowed range (0.0, 500.0)",513
taihu_thqbca_history,storage\raw\taihu_thqbca_parsed\thqbca_observations.csv,27502,precipitation,Q01,high,missing value,
taihu_thqbca_history,storage\raw\taihu_thqbca_parsed\thqbca_observations.csv,27503,precipitation,Q01,high,missing value,
taihu_thqbca_history,storage\raw\taihu_thqbca_parsed\thqbca_observations.csv,27507,precipitation,Q01,high,missing value,
taihu_thqbca_history,storage\raw\taihu_thqbca_parsed\thqbca_observations.csv,27528,precipitation,Q01,high,missing value,
taihu_thqbca_history,storage\raw\taihu_thqbca_parsed\thqbca_observations.csv,27560,precipitation,Q01,high,missing value,
taihu_thqbca_history,storage\raw\taihu_thqbca_parsed\thqbca_observations.csv,27628,precipitation,Q01,high,missing value,
taihu_thqbca_history,storage\raw\taihu_thqbca_parsed\thqbca_observations.csv,27631,precipitation,Q01,high,missing value,
taihu_thqbca_history,storage\raw\taihu_thqbca_parsed\thqbca_observations.csv,27636,precipitation,Q01,high,missing value,
taihu_thqbca_history,storage\raw\taihu_thqbca_parsed\thqbca_observations.csv,27642,precipitation,Q01,high,missing value,
taihu_thqbca_history,storage\raw\taihu_thqbca_parsed\thqbca_observations.csv,27712,precipitation,Q01,high,missing value,
taihu_thqbca_history,storage\raw\taihu_thqbca_parsed\thqbca_observations.csv,27734,precipitation,Q01,high,missing value,
taihu_thqbca_history,storage\raw\taihu_thqbca_parsed\thqbca_observations.csv,27805,precipitation,Q01,high,missing value,
taihu_thqbca_history,storage\raw\taihu_thqbca_parsed\thqbca_observations.csv,27846,precipitation,Q01,high,missing value,
taihu_thqbca_history,storage\raw\taihu_thqbca_parsed\thqbca_observations.csv,27850,precipitation,Q01,high,missing value,
taihu_thqbca_history,storage\raw\taihu_thqbca_parsed\thqbca_observations.csv,27855,precipitation,Q01,high,missing value,
taihu_thqbca_history,storage\raw\taihu_thqbca_parsed\thqbca_observations.csv,27856,precipitation,Q04,critical,"outside allowed range (0.0, 500.0)",753
taihu_thqbca_history,storage\raw\taihu_thqbca_parsed\thqbca_observations.csv,27864,precipitation,Q04,critical,"outside allowed range (0.0, 500.0)",820
taihu_thqbca_history,storage\raw\taihu_thqbca_parsed\thqbca_observations.csv,27872,precipitation,Q04,critical,"outside allowed range (0.0, 500.0)",542
taihu_thqbca_history,storage\raw\taihu_thqbca_parsed\thqbca_observations.csv,27880,precipitation,Q01,high,missing value,
taihu_thqbca_history,storage\raw\taihu_thqbca_parsed\thqbca_observations.csv,27911,precipitation,Q01,high,missing value,
taihu_thqbca_history,storage\raw\taihu_thqbca_parsed\thqbca_observations.csv,27926,precipitation,Q01,high,missing value,
taihu_thqbca_history,storage\raw\taihu_thqbca_parsed\thqbca_observations.csv,27941,precipitation,Q01,high,missing value,
taihu_thqbca_history,storage\raw\taihu_thqbca_parsed\thqbca_observations.csv,27950,precipitation,Q04,critical,"outside allowed range (0.0, 500.0)",614
taihu_thqbca_history,storage\raw\taihu_thqbca_parsed\thqbca_observations.csv,27951,precipitation,Q04,critical,"outside allowed range (0.0, 500.0)",516
taihu_thqbca_history,storage\raw\taihu_thqbca_parsed\thqbca_observations.csv,27992,precipitation,Q04,critical,"outside allowed range (0.0, 500.0)",737
taihu_thqbca_history,storage\raw\taihu_thqbca_parsed\thqbca_observations.csv,28027,precipitation,Q01,high,missing value,
taihu_thqbca_history,storage\raw\taihu_thqbca_parsed\thqbca_observations.csv,28060,precipitation,Q01,high,missing value,
taihu_thqbca_history,storage\raw\taihu_thqbca_parsed\thqbca_observations.csv,28068,precipitation,Q01,high,missing value,
taihu_thqbca_history,storage\raw\taihu_thqbca_parsed\thqbca_observations.csv,28090,precipitation,Q01,high,missing value,
taihu_thqbca_history,storage\raw\taihu_thqbca_parsed\thqbca_observations.csv,28096,precipitation,Q01,high,missing value,
taihu_thqbca_history,storage\raw\taihu_thqbca_parsed\thqbca_observations.csv,28106,precipitation,Q01,high,missing value,
taihu_thqbca_history,storage\raw\taihu_thqbca_parsed\thqbca_observations.csv,28109,precipitation,Q01,high,missing value,
taihu_thqbca_history,storage\raw\taihu_thqbca_parsed\thqbca_observations.csv,28121,precipitation,Q01,high,missing value,
taihu_thqbca_history,storage\raw\taihu_thqbca_parsed\thqbca_observations.csv,28123,precipitation,Q01,high,missing value,
taihu_thqbca_history,storage\raw\taihu_thqbca_parsed\thqbca_observations.csv,28133,precipitation,Q01,high,missing value,
taihu_thqbca_history,storage\raw\taihu_thqbca_parsed\thqbca_observations.csv,28169,precipitation,Q01,high,missing value,
taihu_thqbca_history,storage\raw\taihu_thqbca_parsed\thqbca_observations.csv,28170,precipitation,Q01,high,missing value,
taihu_thqbca_history,storage\raw\taihu_thqbca_parsed\thqbca_observations.csv,28179,precipitation,Q01,high,missing value,
taihu_thqbca_history,storage\raw\taihu_thqbca_parsed\thqbca_observations.csv,28183,precipitation,Q01,high,missing value,
taihu_thqbca_history,storage\raw\taihu_thqbca_parsed\thqbca_observations.csv,28193,precipitation,Q01,high,missing value,
taihu_thqbca_history,storage\raw\taihu_thqbca_parsed\thqbca_observations.csv,28218,precipitation,Q01,high,missing value,
taihu_thqbca_history,storage\raw\taihu_thqbca_parsed\thqbca_observations.csv,28230,precipitation,Q01,high,missing value,
taihu_thqbca_history,storage\raw\taihu_thqbca_parsed\thqbca_observations.csv,28248,precipitation,Q01,high,missing value,
taihu_thqbca_history,storage\raw\taihu_thqbca_parsed\thqbca_observations.csv,28271,precipitation,Q01,high,missing value,
taihu_thqbca_history,storage\raw\taihu_thqbca_parsed\thqbca_observations.csv,28286,precipitation,Q01,high,missing value,
taihu_thqbca_history,storage\raw\taihu_thqbca_parsed\thqbca_observations.csv,28292,precipitation,Q01,high,missing value,
taihu_thqbca_history,storage\raw\taihu_thqbca_parsed\thqbca_observations.csv,28295,precipitation,Q01,high,missing value,
taihu_thqbca_history,storage\raw\taihu_thqbca_parsed\thqbca_observations.csv,28296,precipitation,Q01,high,missing value,
taihu_thqbca_history,storage\raw\taihu_thqbca_parsed\thqbca_observations.csv,28302,precipitation,Q01,high,missing value,
taihu_thqbca_history,storage\raw\taihu_thqbca_parsed\thqbca_observations.csv,28303,precipitation,Q01,high,missing value,
taihu_thqbca_history,storage\raw\taihu_thqbca_parsed\thqbca_observations.csv,28313,precipitation,Q01,high,missing value,
taihu_thqbca_history,storage\raw\taihu_thqbca_parsed\thqbca_observations.csv,28334,precipitation,Q01,high,missing value,
taihu_thqbca_history,storage\raw\taihu_thqbca_parsed\thqbca_observations.csv,28357,precipitation,Q01,high,missing value,
taihu_thqbca_history,storage\raw\taihu_thqbca_parsed\thqbca_observations.csv,28369,precipitation,Q01,high,missing value,
taihu_thqbca_history,storage\raw\taihu_thqbca_parsed\thqbca_observations.csv,28374,precipitation,Q01,high,missing value,
taihu_thqbca_history,storage\raw\taihu_thqbca_parsed\thqbca_observations.csv,28416,precipitation,Q01,high,missing value,
taihu_thqbca_history,storage\raw\taihu_thqbca_parsed\thqbca_observations.csv,28534,precipitation,Q01,high,missing value,
taihu_thqbca_history,storage\raw\taihu_thqbca_parsed\thqbca_observations.csv,28536,precipitation,Q04,critical,"outside allowed range (0.0, 500.0)",572
taihu_thqbca_history,storage\raw\taihu_thqbca_parsed\thqbca_observations.csv,28652,precipitation,Q04,critical,"outside allowed range (0.0, 500.0)",689
taihu_thqbca_history,storage\raw\taihu_thqbca_parsed\thqbca_observations.csv,28673,precipitation,Q04,critical,"outside allowed range (0.0, 500.0)",516
taihu_thqbca_history,storage\raw\taihu_thqbca_parsed\thqbca_observations.csv,28931,precipitation,Q04,critical,"outside allowed range (0.0, 500.0)",636
taihu_thqbca_history,storage\raw\taihu_thqbca_parsed\thqbca_observations.csv,28954,precipitation,Q04,critical,"outside allowed range (0.0, 500.0)",997
taihu_thqbca_history,storage\raw\taihu_thqbca_parsed\thqbca_observations.csv,28966,precipitation,Q04,critical,"outside allowed range (0.0, 500.0)",592
taihu_thqbca_history,storage\raw\taihu_thqbca_parsed\thqbca_observations.csv,29007,precipitation,Q04,critical,"outside allowed range (0.0, 500.0)",1340
taihu_thqbca_history,storage\raw\taihu_thqbca_parsed\thqbca_observations.csv,29029,precipitation,Q04,critical,"outside allowed range (0.0, 500.0)",920
taihu_thqbca_history,storage\raw\taihu_thqbca_parsed\thqbca_observations.csv,29251,precipitation,Q04,critical,"outside allowed range (0.0, 500.0)",611
taihu_thqbca_history,storage\raw\taihu_thqbca_parsed\thqbca_observations.csv,29258,precipitation,Q04,critical,"outside allowed range (0.0, 500.0)",564
taihu_thqbca_history,storage\raw\taihu_thqbca_parsed\thqbca_observations.csv,29266,precipitation,Q04,critical,"outside allowed range (0.0, 500.0)",747
taihu_thqbca_history,storage\raw\taihu_thqbca_parsed\thqbca_observations.csv,29275,precipitation,Q04,critical,"outside allowed range (0.0, 500.0)",654
taihu_thqbca_history,storage\raw\taihu_thqbca_parsed\thqbca_observations.csv,29276,precipitation,Q04,critical,"outside allowed range (0.0, 500.0)",733
taihu_thqbca_history,storage\raw\taihu_thqbca_parsed\thqbca_observations.csv,29332,precipitation,Q04,critical,"outside allowed range (0.0, 500.0)",508
taihu_thqbca_history,storage\raw\taihu_thqbca_parsed\thqbca_observations.csv,29339,precipitation,Q04,critical,"outside allowed range (0.0, 500.0)",539
taihu_thqbca_history,storage\raw\taihu_thqbca_parsed\thqbca_observations.csv,29343,precipitation,Q08,medium,duplicate business key,0
taihu_thqbca_history,storage\raw\taihu_thqbca_parsed\thqbca_observations.csv,29424,precipitation,Q08,medium,duplicate business key,0
taihu_thqbca_history,storage\raw\taihu_thqbca_parsed\thqbca_observations.csv,29461,precipitation,Q01,high,missing value,
taihu_thqbca_history,storage\raw\taihu_thqbca_parsed\thqbca_observations.csv,29510,precipitation,Q01,high,missing value,
taihu_thqbca_history,storage\raw\taihu_thqbca_parsed\thqbca_observations.csv,29517,precipitation,Q01,high,missing value,
taihu_thqbca_history,storage\raw\taihu_thqbca_parsed\thqbca_observations.csv,29561,precipitation,Q01,high,missing value,
taihu_thqbca_history,storage\raw\taihu_thqbca_parsed\thqbca_observations.csv,49603,air_temperature,Q01,high,missing value,
taihu_thqbca_history,storage\raw\taihu_thqbca_parsed\thqbca_observations.csv,52354,air_temperature,Q01,high,missing value,
taihu_thqbca_history,storage\raw\taihu_thqbca_parsed\thqbca_observations.csv,52370,air_temperature,Q01,high,missing value,
taihu_thqbca_history,storage\raw\taihu_thqbca_parsed\thqbca_observations.csv,53163,air_temperature,Q08,medium,duplicate business key,22.400000000000002
taihu_thqbca_history,storage\raw\taihu_thqbca_parsed\thqbca_observations.csv,53244,air_temperature,Q08,medium,duplicate business key,10.4
taihu_thqbca_history,storage\raw\taihu_thqbca_parsed\thqbca_observations.csv,53435,water_level,Q01,high,missing value,
taihu_thqbca_history,storage\raw\taihu_thqbca_parsed\thqbca_observations.csv,53436,water_level,Q01,high,missing value,
taihu_thqbca_history,storage\raw\taihu_thqbca_parsed\thqbca_observations.csv,53437,water_level,Q01,high,missing value,
taihu_thqbca_history,storage\raw\taihu_thqbca_parsed\thqbca_observations.csv,53438,water_level,Q01,high,missing value,
taihu_thqbca_history,storage\raw\taihu_thqbca_parsed\thqbca_observations.csv,53439,water_level,Q01,high,missing value,
taihu_thqbca_history,storage\raw\taihu_thqbca_parsed\thqbca_observations.csv,53440,water_level,Q01,high,missing value,
taihu_thqbca_history,storage\raw\taihu_thqbca_parsed\thqbca_observations.csv,53441,water_level,Q01,high,missing value,
taihu_thqbca_history,storage\raw\taihu_thqbca_parsed\thqbca_observations.csv,55232,water_level,Q01,high,missing value,
taihu_thqbca_history,storage\raw\taihu_thqbca_parsed\thqbca_observations.csv,55233,water_level,Q01,high,missing value,
taihu_thqbca_history,storage\raw\taihu_thqbca_parsed\thqbca_observations.csv,55234,water_level,Q01,high,missing value,
taihu_thqbca_history,storage\raw\taihu_thqbca_parsed\thqbca_observations.csv,55235,water_level,Q01,high,missing value,
taihu_thqbca_history,storage\raw\taihu_thqbca_parsed\thqbca_observations.csv,55236,water_level,Q01,high,missing value,
taihu_thqbca_history,storage\raw\taihu_thqbca_parsed\thqbca_observations.csv,55237,water_level,Q01,high,missing value,
taihu_thqbca_history,storage\raw\taihu_thqbca_parsed\thqbca_observations.csv,55238,water_level,Q01,high,missing value,
taihu_thqbca_history,storage\raw\taihu_thqbca_parsed\thqbca_observations.csv,55239,water_level,Q01,high,missing value,
taihu_thqbca_history,storage\raw\taihu_thqbca_parsed\thqbca_observations.csv,55240,water_level,Q01,high,missing value,
taihu_thqbca_history,storage\raw\taihu_thqbca_parsed\thqbca_observations.csv,55241,water_level,Q01,high,missing value,
taihu_thqbca_history,storage\raw\taihu_thqbca_parsed\thqbca_observations.csv,55242,water_level,Q01,high,missing value,
taihu_thqbca_history,storage\raw\taihu_thqbca_parsed\thqbca_observations.csv,55243,water_level,Q01,high,missing value,
taihu_thqbca_history,storage\raw\taihu_thqbca_parsed\thqbca_observations.csv,55244,water_level,Q01,high,missing value,
taihu_thqbca_history,storage\raw\taihu_thqbca_parsed\thqbca_observations.csv,56866,water_level,Q01,high,missing value,
taihu_thqbca_history,storage\raw\taihu_thqbca_parsed\thqbca_observations.csv,56867,water_level,Q01,high,missing value,
taihu_thqbca_history,storage\raw\taihu_thqbca_parsed\thqbca_observations.csv,56868,water_level,Q01,high,missing value,
taihu_thqbca_history,storage\raw\taihu_thqbca_parsed\thqbca_observations.csv,56869,water_level,Q01,high,missing value,
taihu_thqbca_history,storage\raw\taihu_thqbca_parsed\thqbca_observations.csv,56870,water_level,Q01,high,missing value,
taihu_thqbca_history,storage\raw\taihu_thqbca_parsed\thqbca_observations.csv,56871,water_level,Q01,high,missing value,
taihu_thqbca_history,storage\raw\taihu_thqbca_parsed\thqbca_observations.csv,56872,water_level,Q01,high,missing value,
taihu_thqbca_history,storage\raw\taihu_thqbca_parsed\thqbca_observations.csv,56873,water_level,Q01,high,missing value,
taihu_thqbca_history,storage\raw\taihu_thqbca_parsed\thqbca_observations.csv,56874,water_level,Q01,high,missing value,
taihu_thqbca_history,storage\raw\taihu_thqbca_parsed\thqbca_observations.csv,56875,water_level,Q01,high,missing value,
taihu_thqbca_history,storage\raw\taihu_thqbca_parsed\thqbca_observations.csv,56876,water_level,Q01,high,missing value,
taihu_thqbca_history,storage\raw\taihu_thqbca_parsed\thqbca_observations.csv,56877,water_level,Q01,high,missing value,
taihu_thqbca_history,storage\raw\taihu_thqbca_parsed\thqbca_observations.csv,56878,water_level,Q01,high,missing value,
taihu_thqbca_history,storage\raw\taihu_thqbca_parsed\thqbca_observations.csv,56879,water_level,Q01,high,missing value,
taihu_thqbca_history,storage\raw\taihu_thqbca_parsed\thqbca_observations.csv,56880,water_level,Q01,high,missing value,
taihu_thqbca_history,storage\raw\taihu_thqbca_parsed\thqbca_observations.csv,56881,water_level,Q01,high,missing value,
taihu_thqbca_history,storage\raw\taihu_thqbca_parsed\thqbca_observations.csv,56882,water_level,Q01,high,missing value,
taihu_thqbca_history,storage\raw\taihu_thqbca_parsed\thqbca_observations.csv,56883,water_level,Q01,high,missing value,
taihu_thqbca_history,storage\raw\taihu_thqbca_parsed\thqbca_observations.csv,56884,water_level,Q01,high,missing value,
taihu_thqbca_history,storage\raw\taihu_thqbca_parsed\thqbca_observations.csv,56885,water_level,Q01,high,missing value,
taihu_thqbca_history,storage\raw\taihu_thqbca_parsed\thqbca_observations.csv,56886,water_level,Q01,high,missing value,
taihu_thqbca_history,storage\raw\taihu_thqbca_parsed\thqbca_observations.csv,56887,water_level,Q01,high,missing value,
taihu_thqbca_history,storage\raw\taihu_thqbca_parsed\thqbca_observations.csv,56888,water_level,Q01,high,missing value,
taihu_thqbca_history,storage\raw\taihu_thqbca_parsed\thqbca_observations.csv,56889,water_level,Q01,high,missing value,
taihu_thqbca_history,storage\raw\taihu_thqbca_parsed\thqbca_observations.csv,56890,water_level,Q01,high,missing value,
taihu_thqbca_history,storage\raw\taihu_thqbca_parsed\thqbca_observations.csv,56891,water_level,Q01,high,missing value,
taihu_thqbca_history,storage\raw\taihu_thqbca_parsed\thqbca_observations.csv,56892,water_level,Q01,high,missing value,
taihu_thqbca_history,storage\raw\taihu_thqbca_parsed\thqbca_observations.csv,56893,water_level,Q01,high,missing value,
taihu_thqbca_history,storage\raw\taihu_thqbca_parsed\thqbca_observations.csv,56894,water_level,Q01,high,missing value,
taihu_thqbca_history,storage\raw\taihu_thqbca_parsed\thqbca_observations.csv,56895,water_level,Q01,high,missing value,
taihu_thqbca_history,storage\raw\taihu_thqbca_parsed\thqbca_observations.csv,56896,water_level,Q01,high,missing value,
taihu_thqbca_history,storage\raw\taihu_thqbca_parsed\thqbca_observations.csv,56897,water_level,Q01,high,missing value,
taihu_thqbca_history,storage\raw\taihu_thqbca_parsed\thqbca_observations.csv,56899,water_level,Q01,high,missing value,
taihu_thqbca_history,storage\raw\taihu_thqbca_parsed\thqbca_observations.csv,56900,water_level,Q01,high,missing value,
taihu_thqbca_history,storage\raw\taihu_thqbca_parsed\thqbca_observations.csv,63690,wind_speed,Q01,high,missing value,
taihu_thqbca_history,storage\raw\taihu_thqbca_parsed\thqbca_observations.csv,63708,wind_speed,Q01,high,missing value,
taihu_thqbca_history,storage\raw\taihu_thqbca_parsed\thqbca_observations.csv,63785,wind_speed,Q01,high,missing value,
taihu_thqbca_history,storage\raw\taihu_thqbca_parsed\thqbca_observations.csv,64026,wind_speed,Q01,high,missing value,
taihu_thqbca_history,storage\raw\taihu_thqbca_parsed\thqbca_observations.csv,64062,wind_speed,Q01,high,missing value,
taihu_thqbca_history,storage\raw\taihu_thqbca_parsed\thqbca_observations.csv,64357,wind_speed,Q01,high,missing value,
taihu_thqbca_history,storage\raw\taihu_thqbca_parsed\thqbca_observations.csv,64501,wind_speed,Q01,high,missing value,
taihu_thqbca_history,storage\raw\taihu_thqbca_parsed\thqbca_observations.csv,82384,wind_speed,Q01,high,missing value,
taihu_thqbca_history,storage\raw\taihu_thqbca_parsed\thqbca_observations.csv,82400,wind_speed,Q01,high,missing value,
taihu_thqbca_history,storage\raw\taihu_thqbca_parsed\thqbca_observations.csv,83193,wind_speed,Q08,medium,duplicate business key,1.3
taihu_thqbca_history,storage\raw\taihu_thqbca_parsed\thqbca_observations.csv,83274,wind_speed,Q08,medium,duplicate business key,1.8
