duplicate_group_id,sha256,duplicate_count,size_bytes,is_primary_copy,primary_copy_path,relative_path,source_partition,file_role
DUP_013f5cbc5e22,013f5cbc5e22684cb58990612590da2e3cf705f42219c1edd97a39ddfd62825c,2,17699837,True,03_THQBCA-V2原始数据集/解压内容/2.Bio-optics/2.5TSI/TH_TSI_2001.tif,03_THQBCA-V2原始数据集/解压内容/2.Bio-optics/2.5TSI/TH_TSI_2001.tif,03_THQBCA-V2原始数据集,raw
DUP_013f5cbc5e22,013f5cbc5e22684cb58990612590da2e3cf705f42219c1edd97a39ddfd62825c,2,17699837,False,03_THQBCA-V2原始数据集/解压内容/2.Bio-optics/2.5TSI/TH_TSI_2001.tif,05_旧版整理区_混合留存/remote_sensing/thqbca_v2_biooptics/TH_TSI_2001.tif,05_旧版整理区_混合留存,raw
DUP_0178fc7a9557,0178fc7a9557207df8eb560422a500ecc85a4a6361364004fd0a27e16adacf9e,2,17699837,True,03_THQBCA-V2原始数据集/解压内容/2.Bio-optics/2.5TSI/TH_TSI_1990.tif,03_THQBCA-V2原始数据集/解压内容/2.Bio-optics/2.5TSI/TH_TSI_1990.tif,03_THQBCA-V2原始数据集,raw
DUP_0178fc7a9557,0178fc7a9557207df8eb560422a500ecc85a4a6361364004fd0a27e16adacf9e,2,17699837,False,03_THQBCA-V2原始数据集/解压内容/2.Bio-optics/2.5TSI/TH_TSI_1990.tif,05_旧版整理区_混合留存/remote_sensing/thqbca_v2_biooptics/TH_TSI_1990.tif,05_旧版整理区_混合留存,raw
DUP_01ee4a7c4b1a,01ee4a7c4b1ac2fb53dda8e5360a3cba9a33263db92f2df76fe3dad5507fef49,2,13780,True,06_主数据采集与来源清单/thqbca_archive_listing.json,06_主数据采集与来源清单/thqbca_archive_listing.json,06_主数据采集与来源清单,metadata
DUP_01ee4a7c4b1a,01ee4a7c4b1ac2fb53dda8e5360a3cba9a33263db92f2df76fe3dad5507fef49,2,13780,False,06_主数据采集与来源清单/thqbca_archive_listing.json,06_主数据采集与来源清单/thqbca_archive_listing_revalidated.json,06_主数据采集与来源清单,metadata
DUP_02fe2cd1a2ce,02fe2cd1a2ce6fa77e289b29d7ef1e533ad4c8ba1442623b1d6b58e70ea444b0,3,2010,True,01_当前主原始数据/meteorology/noaa_gfs/gfs_2026-08-18_18z_f036_taihu_subset.grib2,01_当前主原始数据/meteorology/noaa_gfs/gfs_2026-08-18_18z_f036_taihu_subset.grib2,01_当前主原始数据,raw
DUP_02fe2cd1a2ce,02fe2cd1a2ce6fa77e289b29d7ef1e533ad4c8ba1442623b1d6b58e70ea444b0,3,2010,False,01_当前主原始数据/meteorology/noaa_gfs/gfs_2026-08-18_18z_f036_taihu_subset.grib2,02_旧版补充原始数据/meteorology/noaa_gfs/gfs_2026-08-18_18z_f036_taihu_subset.grib2,02_旧版补充原始数据,raw
DUP_02fe2cd1a2ce,02fe2cd1a2ce6fa77e289b29d7ef1e533ad4c8ba1442623b1d6b58e70ea444b0,3,2010,False,01_当前主原始数据/meteorology/noaa_gfs/gfs_2026-08-18_18z_f036_taihu_subset.grib2,05_旧版整理区_混合留存/meteorology/noaa_gfs/gfs_2026-08-18_18z_f036_taihu_subset.grib2,05_旧版整理区_混合留存,raw
DUP_039ed4bd26ee,039ed4bd26ee7c382e9e6b7b10d1f9d19bb383a3fb725d440d12caa7d309eec1,2,17699837,True,03_THQBCA-V2原始数据集/解压内容/2.Bio-optics/2.5TSI/TH_TSI_2010.tif,03_THQBCA-V2原始数据集/解压内容/2.Bio-optics/2.5TSI/TH_TSI_2010.tif,03_THQBCA-V2原始数据集,raw
DUP_039ed4bd26ee,039ed4bd26ee7c382e9e6b7b10d1f9d19bb383a3fb725d440d12caa7d309eec1,2,17699837,False,03_THQBCA-V2原始数据集/解压内容/2.Bio-optics/2.5TSI/TH_TSI_2010.tif,05_旧版整理区_混合留存/remote_sensing/thqbca_v2_biooptics/TH_TSI_2010.tif,05_旧版整理区_混合留存,raw
DUP_039fe4f64832,039fe4f6483216edd03385ad65d85db42d9513df7a1e5e1cb956cbdcac238d17,2,1312072,True,03_THQBCA-V2原始数据集/解压内容/4.Anthropogenic/4.3NTL/TH_NTL_2018.tif,03_THQBCA-V2原始数据集/解压内容/4.Anthropogenic/4.3NTL/TH_NTL_2018.tif,03_THQBCA-V2原始数据集,raw
DUP_039fe4f64832,039fe4f6483216edd03385ad65d85db42d9513df7a1e5e1cb956cbdcac238d17,2,1312072,False,03_THQBCA-V2原始数据集/解压内容/4.Anthropogenic/4.3NTL/TH_NTL_2018.tif,05_旧版整理区_混合留存/static_features/thqbca_v2_anthropogenic/TH_NTL_2018.tif,05_旧版整理区_混合留存,raw
DUP_0470eef19284,0470eef19284111bb05322eb69782afba62b047281bfa38636b48ec74bc6a9e1,2,1312072,True,03_THQBCA-V2原始数据集/解压内容/4.Anthropogenic/4.3NTL/TH_NTL_2015.tif,03_THQBCA-V2原始数据集/解压内容/4.Anthropogenic/4.3NTL/TH_NTL_2015.tif,03_THQBCA-V2原始数据集,raw
DUP_0470eef19284,0470eef19284111bb05322eb69782afba62b047281bfa38636b48ec74bc6a9e1,2,1312072,False,03_THQBCA-V2原始数据集/解压内容/4.Anthropogenic/4.3NTL/TH_NTL_2015.tif,05_旧版整理区_混合留存/static_features/thqbca_v2_anthropogenic/TH_NTL_2015.tif,05_旧版整理区_混合留存,raw
DUP_04b5fc749e20,04b5fc749e205b400d6d8c85d6256d8aad757f3fc9c79f9a1f61bc55166d65b2,2,16876409,True,03_THQBCA-V2原始数据集/解压内容/2.Bio-optics/2.4Chla/TH_Chla_2003.tif,03_THQBCA-V2原始数据集/解压内容/2.Bio-optics/2.4Chla/TH_Chla_2003.tif,03_THQBCA-V2原始数据集,raw
DUP_04b5fc749e20,04b5fc749e205b400d6d8c85d6256d8aad757f3fc9c79f9a1f61bc55166d65b2,2,16876409,False,03_THQBCA-V2原始数据集/解压内容/2.Bio-optics/2.4Chla/TH_Chla_2003.tif,05_旧版整理区_混合留存/remote_sensing/thqbca_v2_biooptics/TH_Chla_2003.tif,05_旧版整理区_混合留存,raw
DUP_06b100932d89,06b100932d896d7944ca8392fb1787af362dc277792af8abec11b055a426fee4,2,3885984,True,03_THQBCA-V2原始数据集/解压内容/4.Anthropogenic/4.1Landcover/TH_LC_2008.tif,03_THQBCA-V2原始数据集/解压内容/4.Anthropogenic/4.1Landcover/TH_LC_2008.tif,03_THQBCA-V2原始数据集,raw
DUP_06b100932d89,06b100932d896d7944ca8392fb1787af362dc277792af8abec11b055a426fee4,2,3885984,False,03_THQBCA-V2原始数据集/解压内容/4.Anthropogenic/4.1Landcover/TH_LC_2008.tif,05_旧版整理区_混合留存/static_features/thqbca_v2_anthropogenic/TH_LC_2008.tif,05_旧版整理区_混合留存,raw
DUP_06beb2bd16d4,06beb2bd16d4e2bcf28d84f601948ea28315069f3524273b61fd53ed63e0b296,2,3433108,True,03_THQBCA-V2原始数据集/解压内容/2.Bio-optics/2.1AquaticVegetation/TH_vege_2015-09-26.tif,03_THQBCA-V2原始数据集/解压内容/2.Bio-optics/2.1AquaticVegetation/TH_vege_2015-09-26.tif,03_THQBCA-V2原始数据集,raw
DUP_06beb2bd16d4,06beb2bd16d4e2bcf28d84f601948ea28315069f3524273b61fd53ed63e0b296,2,3433108,False,03_THQBCA-V2原始数据集/解压内容/2.Bio-optics/2.1AquaticVegetation/TH_vege_2015-09-26.tif,05_旧版整理区_混合留存/remote_sensing/thqbca_v2_biooptics/TH_vege_2015-09-26.tif,05_旧版整理区_混合留存,raw
DUP_0705b47687fa,0705b47687fa272fd3b795e4ece7e238f3683ba9708ab5bcc95066fd5fe1082d,2,3529966,True,03_THQBCA-V2原始数据集/解压内容/4.Anthropogenic/4.1Landcover/TH_LC_2002.tif,03_THQBCA-V2原始数据集/解压内容/4.Anthropogenic/4.1Landcover/TH_LC_2002.tif,03_THQBCA-V2原始数据集,raw
DUP_0705b47687fa,0705b47687fa272fd3b795e4ece7e238f3683ba9708ab5bcc95066fd5fe1082d,2,3529966,False,03_THQBCA-V2原始数据集/解压内容/4.Anthropogenic/4.1Landcover/TH_LC_2002.tif,05_旧版整理区_混合留存/static_features/thqbca_v2_anthropogenic/TH_LC_2002.tif,05_旧版整理区_混合留存,raw
DUP_0803a60b55e6,0803a60b55e60a3c0ed7bee2f2af3006cb18fc2c6c7f0b6477c25424d95fc57f,2,1312072,True,03_THQBCA-V2原始数据集/解压内容/4.Anthropogenic/4.3NTL/TH_NTL_2009.tif,03_THQBCA-V2原始数据集/解压内容/4.Anthropogenic/4.3NTL/TH_NTL_2009.tif,03_THQBCA-V2原始数据集,raw
DUP_0803a60b55e6,0803a60b55e60a3c0ed7bee2f2af3006cb18fc2c6c7f0b6477c25424d95fc57f,2,1312072,False,03_THQBCA-V2原始数据集/解压内容/4.Anthropogenic/4.3NTL/TH_NTL_2009.tif,05_旧版整理区_混合留存/static_features/thqbca_v2_anthropogenic/TH_NTL_2009.tif,05_旧版整理区_混合留存,raw
DUP_0813560f47aa,0813560f47aa028cd975b0f39f6cf90d93ff1e8aabf75d9da16cc0b326d96b62,3,92500958,True,01_当前主原始数据/mee_surface_water_monthly/mee_surface_water_2022-06.pdf,01_当前主原始数据/mee_surface_water_monthly/mee_surface_water_2022-06.pdf,01_当前主原始数据,raw
DUP_0813560f47aa,0813560f47aa028cd975b0f39f6cf90d93ff1e8aabf75d9da16cc0b326d96b62,3,92500958,False,01_当前主原始数据/mee_surface_water_monthly/mee_surface_water_2022-06.pdf,02_旧版补充原始数据/mee_surface_water_monthly/mee_surface_water_2022-06.pdf,02_旧版补充原始数据,raw
DUP_0813560f47aa,0813560f47aa028cd975b0f39f6cf90d93ff1e8aabf75d9da16cc0b326d96b62,3,92500958,False,01_当前主原始数据/mee_surface_water_monthly/mee_surface_water_2022-06.pdf,05_旧版整理区_混合留存/reports/mee_surface_water_monthly/mee_surface_water_2022-06.pdf,05_旧版整理区_混合留存,metadata
DUP_08d53467848b,08d53467848bad5959d99c8b50bcd669ad7c7385ff6dc59fe281942cbe11d46f,2,3423144,True,03_THQBCA-V2原始数据集/解压内容/4.Anthropogenic/4.1Landcover/TH_LC_2001.tif,03_THQBCA-V2原始数据集/解压内容/4.Anthropogenic/4.1Landcover/TH_LC_2001.tif,03_THQBCA-V2原始数据集,raw
DUP_08d53467848b,08d53467848bad5959d99c8b50bcd669ad7c7385ff6dc59fe281942cbe11d46f,2,3423144,False,03_THQBCA-V2原始数据集/解压内容/4.Anthropogenic/4.1Landcover/TH_LC_2001.tif,05_旧版整理区_混合留存/static_features/thqbca_v2_anthropogenic/TH_LC_2001.tif,05_旧版整理区_混合留存,raw
DUP_08f9520acb53,08f9520acb538c8602935e84ca4feaaf6b717c81000938f8a56cf867e3818caf,3,123468,True,01_当前主原始数据/zenodo_taihu_insitu/Lake Taihu_20221213_Water_dataset.xlsx,01_当前主原始数据/zenodo_taihu_insitu/Lake Taihu_20221213_Water_dataset.xlsx,01_当前主原始数据,raw
DUP_08f9520acb53,08f9520acb538c8602935e84ca4feaaf6b717c81000938f8a56cf867e3818caf,3,123468,False,01_当前主原始数据/zenodo_taihu_insitu/Lake Taihu_20221213_Water_dataset.xlsx,02_旧版补充原始数据/zenodo_taihu_insitu/Lake Taihu_20221213_Water_dataset.xlsx,02_旧版补充原始数据,raw
DUP_08f9520acb53,08f9520acb538c8602935e84ca4feaaf6b717c81000938f8a56cf867e3818caf,3,123468,False,01_当前主原始数据/zenodo_taihu_insitu/Lake Taihu_20221213_Water_dataset.xlsx,05_旧版整理区_混合留存/field_samples/zenodo_taihu_insitu/Lake Taihu_20221213_Water_dataset.xlsx,05_旧版整理区_混合留存,raw
DUP_096fd761e5a1,096fd761e5a13319d8d60cf4bdb2aadd31b31f65b6ff20d347eed413e2c128fa,3,7555134,True,01_当前主原始数据/meteorology/noaa_gfs/gfs_2026-08-18_18z_f012_subset.grib2,01_当前主原始数据/meteorology/noaa_gfs/gfs_2026-08-18_18z_f012_subset.grib2,01_当前主原始数据,raw
DUP_096fd761e5a1,096fd761e5a13319d8d60cf4bdb2aadd31b31f65b6ff20d347eed413e2c128fa,3,7555134,False,01_当前主原始数据/meteorology/noaa_gfs/gfs_2026-08-18_18z_f012_subset.grib2,02_旧版补充原始数据/meteorology/noaa_gfs/gfs_2026-08-18_18z_f012_subset.grib2,02_旧版补充原始数据,raw
DUP_096fd761e5a1,096fd761e5a13319d8d60cf4bdb2aadd31b31f65b6ff20d347eed413e2c128fa,3,7555134,False,01_当前主原始数据/meteorology/noaa_gfs/gfs_2026-08-18_18z_f012_subset.grib2,05_旧版整理区_混合留存/meteorology/noaa_gfs/gfs_2026-08-18_18z_f012_subset.grib2,05_旧版整理区_混合留存,raw
DUP_099b08262dd7,099b08262dd7714b2563271b872cbb2cc58cd6d78f338264dd3f5f8b609e8a6a,2,17699837,True,03_THQBCA-V2原始数据集/解压内容/2.Bio-optics/2.5TSI/TH_TSI_1986.tif,03_THQBCA-V2原始数据集/解压内容/2.Bio-optics/2.5TSI/TH_TSI_1986.tif,03_THQBCA-V2原始数据集,raw
DUP_099b08262dd7,099b08262dd7714b2563271b872cbb2cc58cd6d78f338264dd3f5f8b609e8a6a,2,17699837,False,03_THQBCA-V2原始数据集/解压内容/2.Bio-optics/2.5TSI/TH_TSI_1986.tif,05_旧版整理区_混合留存/remote_sensing/thqbca_v2_biooptics/TH_TSI_1986.tif,05_旧版整理区_混合留存,raw
DUP_0a310669d755,0a310669d755d40c2d834d80614197cce60c1a54a018d4319d719ff5c8a40e1b,2,37909,True,02_旧版补充原始数据/lake_geodata_probe/20260818T114832Z_niglas_taihu_water_quality.html,02_旧版补充原始数据/lake_geodata_probe/20260818T114832Z_niglas_taihu_water_quality.html,02_旧版补充原始数据,raw
DUP_0a310669d755,0a310669d755d40c2d834d80614197cce60c1a54a018d4319d719ff5c8a40e1b,2,37909,False,02_旧版补充原始数据/lake_geodata_probe/20260818T114832Z_niglas_taihu_water_quality.html,05_旧版整理区_混合留存/unknown/lake_geodata_probes/20260818T114832Z_niglas_taihu_water_quality.html,05_旧版整理区_混合留存,raw
DUP_0a99fc769cb3,0a99fc769cb35c58b5724681e1c4e455b7256e5155b5354abce8fcc4d44ab6f8,2,17699837,True,03_THQBCA-V2原始数据集/解压内容/2.Bio-optics/2.5TSI/TH_TSI_2009.tif,03_THQBCA-V2原始数据集/解压内容/2.Bio-optics/2.5TSI/TH_TSI_2009.tif,03_THQBCA-V2原始数据集,raw
DUP_0a99fc769cb3,0a99fc769cb35c58b5724681e1c4e455b7256e5155b5354abce8fcc4d44ab6f8,2,17699837,False,03_THQBCA-V2原始数据集/解压内容/2.Bio-optics/2.5TSI/TH_TSI_2009.tif,05_旧版整理区_混合留存/remote_sensing/thqbca_v2_biooptics/TH_TSI_2009.tif,05_旧版整理区_混合留存,raw
DUP_0ab137db6e30,0ab137db6e30f79d5585646c0050f8f6d0816edfd0659e564a7ff6b995156e5d,2,1312072,True,03_THQBCA-V2原始数据集/解压内容/4.Anthropogenic/4.3NTL/TH_NTL_2003.tif,03_THQBCA-V2原始数据集/解压内容/4.Anthropogenic/4.3NTL/TH_NTL_2003.tif,03_THQBCA-V2原始数据集,raw
DUP_0ab137db6e30,0ab137db6e30f79d5585646c0050f8f6d0816edfd0659e564a7ff6b995156e5d,2,1312072,False,03_THQBCA-V2原始数据集/解压内容/4.Anthropogenic/4.3NTL/TH_NTL_2003.tif,05_旧版整理区_混合留存/static_features/thqbca_v2_anthropogenic/TH_NTL_2003.tif,05_旧版整理区_混合留存,raw
DUP_0b1ba26bf9ad,0b1ba26bf9ad33d5b4caf7bebd5fcf3fdba4d8d99e9f24cb27b91850120b1e68,3,14370109,True,01_当前主原始数据/meteorology/ecmwf_open_data/ecmwf_2026-08-18_18z_0-360h.grib2,01_当前主原始数据/meteorology/ecmwf_open_data/ecmwf_2026-08-18_18z_0-360h.grib2,01_当前主原始数据,raw
DUP_0b1ba26bf9ad,0b1ba26bf9ad33d5b4caf7bebd5fcf3fdba4d8d99e9f24cb27b91850120b1e68,3,14370109,False,01_当前主原始数据/meteorology/ecmwf_open_data/ecmwf_2026-08-18_18z_0-360h.grib2,02_旧版补充原始数据/meteorology/ecmwf_open_data/ecmwf_2026-08-18_18z_0-360h.grib2,02_旧版补充原始数据,raw
DUP_0b1ba26bf9ad,0b1ba26bf9ad33d5b4caf7bebd5fcf3fdba4d8d99e9f24cb27b91850120b1e68,3,14370109,False,01_当前主原始数据/meteorology/ecmwf_open_data/ecmwf_2026-08-18_18z_0-360h.grib2,05_旧版整理区_混合留存/meteorology/noaa_gfs/ecmwf_2026-08-18_18z_0-360h.grib2,05_旧版整理区_混合留存,raw
DUP_0b6bd3658cbe,0b6bd3658cbecc18d1df03ee40f7173e212af2679ed537f354170b9ef7f8f762,2,17699837,True,03_THQBCA-V2原始数据集/解压内容/2.Bio-optics/2.5TSI/TH_TSI_2011.tif,03_THQBCA-V2原始数据集/解压内容/2.Bio-optics/2.5TSI/TH_TSI_2011.tif,03_THQBCA-V2原始数据集,raw
DUP_0b6bd3658cbe,0b6bd3658cbecc18d1df03ee40f7173e212af2679ed537f354170b9ef7f8f762,2,17699837,False,03_THQBCA-V2原始数据集/解压内容/2.Bio-optics/2.5TSI/TH_TSI_2011.tif,05_旧版整理区_混合留存/remote_sensing/thqbca_v2_biooptics/TH_TSI_2011.tif,05_旧版整理区_混合留存,raw
DUP_0c46d87dffbb,0c46d87dffbba250238fe797b1ae23d5bc5436b8a9cbcd06cf1ed199dfc7c06b,3,99152343,True,01_当前主原始数据/earth_search_sentinel2_annual/2022_mosaic/S2A_51RTQ_20220503_0_L2A/green.tif,01_当前主原始数据/earth_search_sentinel2_annual/2022_mosaic/S2A_51RTQ_20220503_0_L2A/green.tif,01_当前主原始数据,raw
DUP_0c46d87dffbb,0c46d87dffbba250238fe797b1ae23d5bc5436b8a9cbcd06cf1ed199dfc7c06b,3,99152343,False,01_当前主原始数据/earth_search_sentinel2_annual/2022_mosaic/S2A_51RTQ_20220503_0_L2A/green.tif,02_旧版补充原始数据/earth_search_sentinel2_annual/2022_mosaic/S2A_51RTQ_20220503_0_L2A/green.tif,02_旧版补充原始数据,raw
DUP_0c46d87dffbb,0c46d87dffbba250238fe797b1ae23d5bc5436b8a9cbcd06cf1ed199dfc7c06b,3,99152343,False,01_当前主原始数据/earth_search_sentinel2_annual/2022_mosaic/S2A_51RTQ_20220503_0_L2A/green.tif,05_旧版整理区_混合留存/remote_sensing/earth_search_sentinel2_annual/green_0c46d87d.tif,05_旧版整理区_混合留存,raw
DUP_0cced41d8c2c,0cced41d8c2c3d9d46cf4334875874d3f7c3a1d858b09320db6cd81537214489,3,89899421,True,01_当前主原始数据/mee_surface_water_monthly/mee_surface_water_2023-10.pdf,01_当前主原始数据/mee_surface_water_monthly/mee_surface_water_2023-10.pdf,01_当前主原始数据,raw
DUP_0cced41d8c2c,0cced41d8c2c3d9d46cf4334875874d3f7c3a1d858b09320db6cd81537214489,3,89899421,False,01_当前主原始数据/mee_surface_water_monthly/mee_surface_water_2023-10.pdf,02_旧版补充原始数据/mee_surface_water_monthly/mee_surface_water_2023-10.pdf,02_旧版补充原始数据,raw
DUP_0cced41d8c2c,0cced41d8c2c3d9d46cf4334875874d3f7c3a1d858b09320db6cd81537214489,3,89899421,False,01_当前主原始数据/mee_surface_water_monthly/mee_surface_water_2023-10.pdf,05_旧版整理区_混合留存/reports/mee_surface_water_monthly/mee_surface_water_2023-10.pdf,05_旧版整理区_混合留存,metadata
DUP_0d5977ccb4cb,0d5977ccb4cbce6bccf42cc74c6280737e8af021274cad1aec7e65eee6e5074b,2,17699837,True,03_THQBCA-V2原始数据集/解压内容/2.Bio-optics/2.5TSI/TH_TSI_2017.tif,03_THQBCA-V2原始数据集/解压内容/2.Bio-optics/2.5TSI/TH_TSI_2017.tif,03_THQBCA-V2原始数据集,raw
DUP_0d5977ccb4cb,0d5977ccb4cbce6bccf42cc74c6280737e8af021274cad1aec7e65eee6e5074b,2,17699837,False,03_THQBCA-V2原始数据集/解压内容/2.Bio-optics/2.5TSI/TH_TSI_2017.tif,05_旧版整理区_混合留存/remote_sensing/thqbca_v2_biooptics/TH_TSI_2017.tif,05_旧版整理区_混合留存,raw
DUP_0dbcfb7b5374,0dbcfb7b5374a63a402e6f71530d3b0539bd3f5553838dbb3e77ebc0080ffd76,2,38546823,True,03_THQBCA-V2原始数据集/解压内容/4.Anthropogenic/4.2POPD/TH_POPD_2008.tif,03_THQBCA-V2原始数据集/解压内容/4.Anthropogenic/4.2POPD/TH_POPD_2008.tif,03_THQBCA-V2原始数据集,raw
DUP_0dbcfb7b5374,0dbcfb7b5374a63a402e6f71530d3b0539bd3f5553838dbb3e77ebc0080ffd76,2,38546823,False,03_THQBCA-V2原始数据集/解压内容/4.Anthropogenic/4.2POPD/TH_POPD_2008.tif,05_旧版整理区_混合留存/static_features/thqbca_v2_anthropogenic/TH_POPD_2008.tif,05_旧版整理区_混合留存,raw
DUP_0ed04e4fa82c,0ed04e4fa82c4ccdf6f56fccd7bbaf1d2fba5d27588338bb3cd5548dad3638e5,3,546484,True,01_当前主原始数据/earth_search_sentinel2/S2A_T50RQV_20260802T024146_L2A/scl.tif,01_当前主原始数据/earth_search_sentinel2/S2A_T50RQV_20260802T024146_L2A/scl.tif,01_当前主原始数据,raw
DUP_0ed04e4fa82c,0ed04e4fa82c4ccdf6f56fccd7bbaf1d2fba5d27588338bb3cd5548dad3638e5,3,546484,False,01_当前主原始数据/earth_search_sentinel2/S2A_T50RQV_20260802T024146_L2A/scl.tif,02_旧版补充原始数据/earth_search_sentinel2/S2A_T50RQV_20260802T024146_L2A/scl.tif,02_旧版补充原始数据,raw
DUP_0ed04e4fa82c,0ed04e4fa82c4ccdf6f56fccd7bbaf1d2fba5d27588338bb3cd5548dad3638e5,3,546484,False,01_当前主原始数据/earth_search_sentinel2/S2A_T50RQV_20260802T024146_L2A/scl.tif,05_旧版整理区_混合留存/remote_sensing/earth_search_sentinel2/scl.tif,05_旧版整理区_混合留存,raw
DUP_0f2eabe3d780,0f2eabe3d7800ff8e0ed21be58f76b69ef1ee24f6f095230a16c3de6148fdbd6,2,17699837,True,03_THQBCA-V2原始数据集/解压内容/2.Bio-optics/2.3SDD/TH_SDD_1998.tif,03_THQBCA-V2原始数据集/解压内容/2.Bio-optics/2.3SDD/TH_SDD_1998.tif,03_THQBCA-V2原始数据集,raw
DUP_0f2eabe3d780,0f2eabe3d7800ff8e0ed21be58f76b69ef1ee24f6f095230a16c3de6148fdbd6,2,17699837,False,03_THQBCA-V2原始数据集/解压内容/2.Bio-optics/2.3SDD/TH_SDD_1998.tif,05_旧版整理区_混合留存/remote_sensing/thqbca_v2_biooptics/TH_SDD_1998.tif,05_旧版整理区_混合留存,raw
DUP_10050c4811dc,10050c4811dc326f96d23110116c15493215ce8d371ac3efefe1f3a18f96afb4,2,16876409,True,03_THQBCA-V2原始数据集/解压内容/2.Bio-optics/2.4Chla/TH_Chla_2001.tif,03_THQBCA-V2原始数据集/解压内容/2.Bio-optics/2.4Chla/TH_Chla_2001.tif,03_THQBCA-V2原始数据集,raw
DUP_10050c4811dc,10050c4811dc326f96d23110116c15493215ce8d371ac3efefe1f3a18f96afb4,2,16876409,False,03_THQBCA-V2原始数据集/解压内容/2.Bio-optics/2.4Chla/TH_Chla_2001.tif,05_旧版整理区_混合留存/remote_sensing/thqbca_v2_biooptics/TH_Chla_2001.tif,05_旧版整理区_混合留存,raw
DUP_10c871489f86,10c871489f8647d88c3c96379124f7a0931d0727e63ace93c836b3dca813fc92,166,65,True,01_当前主原始数据/lake_geodata_probe/20260824T035203Z_test.html,01_当前主原始数据/lake_geodata_probe/20260824T035203Z_test.html,01_当前主原始数据,raw
DUP_10c871489f86,10c871489f8647d88c3c96379124f7a0931d0727e63ace93c836b3dca813fc92,166,65,False,01_当前主原始数据/lake_geodata_probe/20260824T035203Z_test.html,01_当前主原始数据/lake_geodata_probe/20260824T035255Z_test.html,01_当前主原始数据,raw
DUP_10c871489f86,10c871489f8647d88c3c96379124f7a0931d0727e63ace93c836b3dca813fc92,166,65,False,01_当前主原始数据/lake_geodata_probe/20260824T035203Z_test.html,01_当前主原始数据/lake_geodata_probe/20260824T035731Z_test.html,01_当前主原始数据,raw
DUP_10c871489f86,10c871489f8647d88c3c96379124f7a0931d0727e63ace93c836b3dca813fc92,166,65,False,01_当前主原始数据/lake_geodata_probe/20260824T035203Z_test.html,01_当前主原始数据/lake_geodata_probe/20260831T035505Z_test.html,01_当前主原始数据,raw
DUP_10c871489f86,10c871489f8647d88c3c96379124f7a0931d0727e63ace93c836b3dca813fc92,166,65,False,01_当前主原始数据/lake_geodata_probe/20260824T035203Z_test.html,02_旧版补充原始数据/lake_geodata_probe/20260818T114755Z_test.html,02_旧版补充原始数据,raw
DUP_10c871489f86,10c871489f8647d88c3c96379124f7a0931d0727e63ace93c836b3dca813fc92,166,65,False,01_当前主原始数据/lake_geodata_probe/20260824T035203Z_test.html,02_旧版补充原始数据/lake_geodata_probe/20260818T114818Z_test.html,02_旧版补充原始数据,raw
DUP_10c871489f86,10c871489f8647d88c3c96379124f7a0931d0727e63ace93c836b3dca813fc92,166,65,False,01_当前主原始数据/lake_geodata_probe/20260824T035203Z_test.html,02_旧版补充原始数据/lake_geodata_probe/20260818T115304Z_test.html,02_旧版补充原始数据,raw
DUP_10c871489f86,10c871489f8647d88c3c96379124f7a0931d0727e63ace93c836b3dca813fc92,166,65,False,01_当前主原始数据/lake_geodata_probe/20260824T035203Z_test.html,02_旧版补充原始数据/lake_geodata_probe/20260818T115721Z_test.html,02_旧版补充原始数据,raw
DUP_10c871489f86,10c871489f8647d88c3c96379124f7a0931d0727e63ace93c836b3dca813fc92,166,65,False,01_当前主原始数据/lake_geodata_probe/20260824T035203Z_test.html,02_旧版补充原始数据/lake_geodata_probe/20260818T120027Z_test.html,02_旧版补充原始数据,raw
DUP_10c871489f86,10c871489f8647d88c3c96379124f7a0931d0727e63ace93c836b3dca813fc92,166,65,False,01_当前主原始数据/lake_geodata_probe/20260824T035203Z_test.html,02_旧版补充原始数据/lake_geodata_probe/20260818T120056Z_test.html,02_旧版补充原始数据,raw
DUP_10c871489f86,10c871489f8647d88c3c96379124f7a0931d0727e63ace93c836b3dca813fc92,166,65,False,01_当前主原始数据/lake_geodata_probe/20260824T035203Z_test.html,02_旧版补充原始数据/lake_geodata_probe/20260818T120335Z_test.html,02_旧版补充原始数据,raw
DUP_10c871489f86,10c871489f8647d88c3c96379124f7a0931d0727e63ace93c836b3dca813fc92,166,65,False,01_当前主原始数据/lake_geodata_probe/20260824T035203Z_test.html,02_旧版补充原始数据/lake_geodata_probe/20260818T120401Z_test.html,02_旧版补充原始数据,raw
DUP_10c871489f86,10c871489f8647d88c3c96379124f7a0931d0727e63ace93c836b3dca813fc92,166,65,False,01_当前主原始数据/lake_geodata_probe/20260824T035203Z_test.html,02_旧版补充原始数据/lake_geodata_probe/20260818T121546Z_test.html,02_旧版补充原始数据,raw
DUP_10c871489f86,10c871489f8647d88c3c96379124f7a0931d0727e63ace93c836b3dca813fc92,166,65,False,01_当前主原始数据/lake_geodata_probe/20260824T035203Z_test.html,02_旧版补充原始数据/lake_geodata_probe/20260818T122245Z_test.html,02_旧版补充原始数据,raw
DUP_10c871489f86,10c871489f8647d88c3c96379124f7a0931d0727e63ace93c836b3dca813fc92,166,65,False,01_当前主原始数据/lake_geodata_probe/20260824T035203Z_test.html,02_旧版补充原始数据/lake_geodata_probe/20260818T122901Z_test.html,02_旧版补充原始数据,raw
DUP_10c871489f86,10c871489f8647d88c3c96379124f7a0931d0727e63ace93c836b3dca813fc92,166,65,False,01_当前主原始数据/lake_geodata_probe/20260824T035203Z_test.html,02_旧版补充原始数据/lake_geodata_probe/20260818T123217Z_test.html,02_旧版补充原始数据,raw
DUP_10c871489f86,10c871489f8647d88c3c96379124f7a0931d0727e63ace93c836b3dca813fc92,166,65,False,01_当前主原始数据/lake_geodata_probe/20260824T035203Z_test.html,02_旧版补充原始数据/lake_geodata_probe/20260818T123323Z_test.html,02_旧版补充原始数据,raw
DUP_10c871489f86,10c871489f8647d88c3c96379124f7a0931d0727e63ace93c836b3dca813fc92,166,65,False,01_当前主原始数据/lake_geodata_probe/20260824T035203Z_test.html,02_旧版补充原始数据/lake_geodata_probe/20260818T123433Z_test.html,02_旧版补充原始数据,raw
DUP_10c871489f86,10c871489f8647d88c3c96379124f7a0931d0727e63ace93c836b3dca813fc92,166,65,False,01_当前主原始数据/lake_geodata_probe/20260824T035203Z_test.html,02_旧版补充原始数据/lake_geodata_probe/20260818T123956Z_test.html,02_旧版补充原始数据,raw
DUP_10c871489f86,10c871489f8647d88c3c96379124f7a0931d0727e63ace93c836b3dca813fc92,166,65,False,01_当前主原始数据/lake_geodata_probe/20260824T035203Z_test.html,02_旧版补充原始数据/lake_geodata_probe/20260818T124333Z_test.html,02_旧版补充原始数据,raw
DUP_10c871489f86,10c871489f8647d88c3c96379124f7a0931d0727e63ace93c836b3dca813fc92,166,65,False,01_当前主原始数据/lake_geodata_probe/20260824T035203Z_test.html,02_旧版补充原始数据/lake_geodata_probe/20260818T132547Z_test.html,02_旧版补充原始数据,raw
DUP_10c871489f86,10c871489f8647d88c3c96379124f7a0931d0727e63ace93c836b3dca813fc92,166,65,False,01_当前主原始数据/lake_geodata_probe/20260824T035203Z_test.html,02_旧版补充原始数据/lake_geodata_probe/20260818T132851Z_test.html,02_旧版补充原始数据,raw
DUP_10c871489f86,10c871489f8647d88c3c96379124f7a0931d0727e63ace93c836b3dca813fc92,166,65,False,01_当前主原始数据/lake_geodata_probe/20260824T035203Z_test.html,02_旧版补充原始数据/lake_geodata_probe/20260818T132917Z_test.html,02_旧版补充原始数据,raw
DUP_10c871489f86,10c871489f8647d88c3c96379124f7a0931d0727e63ace93c836b3dca813fc92,166,65,False,01_当前主原始数据/lake_geodata_probe/20260824T035203Z_test.html,02_旧版补充原始数据/lake_geodata_probe/20260818T133217Z_test.html,02_旧版补充原始数据,raw
DUP_10c871489f86,10c871489f8647d88c3c96379124f7a0931d0727e63ace93c836b3dca813fc92,166,65,False,01_当前主原始数据/lake_geodata_probe/20260824T035203Z_test.html,02_旧版补充原始数据/lake_geodata_probe/20260818T133607Z_test.html,02_旧版补充原始数据,raw
DUP_10c871489f86,10c871489f8647d88c3c96379124f7a0931d0727e63ace93c836b3dca813fc92,166,65,False,01_当前主原始数据/lake_geodata_probe/20260824T035203Z_test.html,02_旧版补充原始数据/lake_geodata_probe/20260818T135136Z_test.html,02_旧版补充原始数据,raw
DUP_10c871489f86,10c871489f8647d88c3c96379124f7a0931d0727e63ace93c836b3dca813fc92,166,65,False,01_当前主原始数据/lake_geodata_probe/20260824T035203Z_test.html,02_旧版补充原始数据/lake_geodata_probe/20260818T135526Z_test.html,02_旧版补充原始数据,raw
DUP_10c871489f86,10c871489f8647d88c3c96379124f7a0931d0727e63ace93c836b3dca813fc92,166,65,False,01_当前主原始数据/lake_geodata_probe/20260824T035203Z_test.html,02_旧版补充原始数据/lake_geodata_probe/20260818T135841Z_test.html,02_旧版补充原始数据,raw
DUP_10c871489f86,10c871489f8647d88c3c96379124f7a0931d0727e63ace93c836b3dca813fc92,166,65,False,01_当前主原始数据/lake_geodata_probe/20260824T035203Z_test.html,02_旧版补充原始数据/lake_geodata_probe/20260818T135907Z_test.html,02_旧版补充原始数据,raw
DUP_10c871489f86,10c871489f8647d88c3c96379124f7a0931d0727e63ace93c836b3dca813fc92,166,65,False,01_当前主原始数据/lake_geodata_probe/20260824T035203Z_test.html,02_旧版补充原始数据/lake_geodata_probe/20260818T140323Z_test.html,02_旧版补充原始数据,raw
DUP_10c871489f86,10c871489f8647d88c3c96379124f7a0931d0727e63ace93c836b3dca813fc92,166,65,False,01_当前主原始数据/lake_geodata_probe/20260824T035203Z_test.html,02_旧版补充原始数据/lake_geodata_probe/20260818T140530Z_test.html,02_旧版补充原始数据,raw
DUP_10c871489f86,10c871489f8647d88c3c96379124f7a0931d0727e63ace93c836b3dca813fc92,166,65,False,01_当前主原始数据/lake_geodata_probe/20260824T035203Z_test.html,02_旧版补充原始数据/lake_geodata_probe/20260818T140851Z_test.html,02_旧版补充原始数据,raw
DUP_10c871489f86,10c871489f8647d88c3c96379124f7a0931d0727e63ace93c836b3dca813fc92,166,65,False,01_当前主原始数据/lake_geodata_probe/20260824T035203Z_test.html,02_旧版补充原始数据/lake_geodata_probe/20260818T141621Z_test.html,02_旧版补充原始数据,raw
DUP_10c871489f86,10c871489f8647d88c3c96379124f7a0931d0727e63ace93c836b3dca813fc92,166,65,False,01_当前主原始数据/lake_geodata_probe/20260824T035203Z_test.html,02_旧版补充原始数据/lake_geodata_probe/20260818T141710Z_test.html,02_旧版补充原始数据,raw
DUP_10c871489f86,10c871489f8647d88c3c96379124f7a0931d0727e63ace93c836b3dca813fc92,166,65,False,01_当前主原始数据/lake_geodata_probe/20260824T035203Z_test.html,02_旧版补充原始数据/lake_geodata_probe/20260818T142022Z_test.html,02_旧版补充原始数据,raw
DUP_10c871489f86,10c871489f8647d88c3c96379124f7a0931d0727e63ace93c836b3dca813fc92,166,65,False,01_当前主原始数据/lake_geodata_probe/20260824T035203Z_test.html,02_旧版补充原始数据/lake_geodata_probe/20260818T151521Z_test.html,02_旧版补充原始数据,raw
DUP_10c871489f86,10c871489f8647d88c3c96379124f7a0931d0727e63ace93c836b3dca813fc92,166,65,False,01_当前主原始数据/lake_geodata_probe/20260824T035203Z_test.html,02_旧版补充原始数据/lake_geodata_probe/20260818T152342Z_test.html,02_旧版补充原始数据,raw
DUP_10c871489f86,10c871489f8647d88c3c96379124f7a0931d0727e63ace93c836b3dca813fc92,166,65,False,01_当前主原始数据/lake_geodata_probe/20260824T035203Z_test.html,02_旧版补充原始数据/lake_geodata_probe/20260818T152720Z_test.html,02_旧版补充原始数据,raw
DUP_10c871489f86,10c871489f8647d88c3c96379124f7a0931d0727e63ace93c836b3dca813fc92,166,65,False,01_当前主原始数据/lake_geodata_probe/20260824T035203Z_test.html,02_旧版补充原始数据/lake_geodata_probe/20260818T153034Z_test.html,02_旧版补充原始数据,raw
DUP_10c871489f86,10c871489f8647d88c3c96379124f7a0931d0727e63ace93c836b3dca813fc92,166,65,False,01_当前主原始数据/lake_geodata_probe/20260824T035203Z_test.html,02_旧版补充原始数据/lake_geodata_probe/20260818T153707Z_test.html,02_旧版补充原始数据,raw
DUP_10c871489f86,10c871489f8647d88c3c96379124f7a0931d0727e63ace93c836b3dca813fc92,166,65,False,01_当前主原始数据/lake_geodata_probe/20260824T035203Z_test.html,02_旧版补充原始数据/lake_geodata_probe/20260818T222554Z_test.html,02_旧版补充原始数据,raw
DUP_10c871489f86,10c871489f8647d88c3c96379124f7a0931d0727e63ace93c836b3dca813fc92,166,65,False,01_当前主原始数据/lake_geodata_probe/20260824T035203Z_test.html,02_旧版补充原始数据/lake_geodata_probe/20260818T223001Z_test.html,02_旧版补充原始数据,raw
DUP_10c871489f86,10c871489f8647d88c3c96379124f7a0931d0727e63ace93c836b3dca813fc92,166,65,False,01_当前主原始数据/lake_geodata_probe/20260824T035203Z_test.html,02_旧版补充原始数据/lake_geodata_probe/20260818T223531Z_test.html,02_旧版补充原始数据,raw
DUP_10c871489f86,10c871489f8647d88c3c96379124f7a0931d0727e63ace93c836b3dca813fc92,166,65,False,01_当前主原始数据/lake_geodata_probe/20260824T035203Z_test.html,02_旧版补充原始数据/lake_geodata_probe/20260818T224544Z_test.html,02_旧版补充原始数据,raw
DUP_10c871489f86,10c871489f8647d88c3c96379124f7a0931d0727e63ace93c836b3dca813fc92,166,65,False,01_当前主原始数据/lake_geodata_probe/20260824T035203Z_test.html,02_旧版补充原始数据/lake_geodata_probe/20260818T225138Z_test.html,02_旧版补充原始数据,raw
DUP_10c871489f86,10c871489f8647d88c3c96379124f7a0931d0727e63ace93c836b3dca813fc92,166,65,False,01_当前主原始数据/lake_geodata_probe/20260824T035203Z_test.html,02_旧版补充原始数据/lake_geodata_probe/20260818T225444Z_test.html,02_旧版补充原始数据,raw
DUP_10c871489f86,10c871489f8647d88c3c96379124f7a0931d0727e63ace93c836b3dca813fc92,166,65,False,01_当前主原始数据/lake_geodata_probe/20260824T035203Z_test.html,02_旧版补充原始数据/lake_geodata_probe/20260818T225518Z_test.html,02_旧版补充原始数据,raw
DUP_10c871489f86,10c871489f8647d88c3c96379124f7a0931d0727e63ace93c836b3dca813fc92,166,65,False,01_当前主原始数据/lake_geodata_probe/20260824T035203Z_test.html,02_旧版补充原始数据/lake_geodata_probe/20260818T230004Z_test.html,02_旧版补充原始数据,raw
DUP_10c871489f86,10c871489f8647d88c3c96379124f7a0931d0727e63ace93c836b3dca813fc92,166,65,False,01_当前主原始数据/lake_geodata_probe/20260824T035203Z_test.html,02_旧版补充原始数据/lake_geodata_probe/20260818T230149Z_test.html,02_旧版补充原始数据,raw
DUP_10c871489f86,10c871489f8647d88c3c96379124f7a0931d0727e63ace93c836b3dca813fc92,166,65,False,01_当前主原始数据/lake_geodata_probe/20260824T035203Z_test.html,02_旧版补充原始数据/lake_geodata_probe/20260818T230233Z_test.html,02_旧版补充原始数据,raw
DUP_10c871489f86,10c871489f8647d88c3c96379124f7a0931d0727e63ace93c836b3dca813fc92,166,65,False,01_当前主原始数据/lake_geodata_probe/20260824T035203Z_test.html,02_旧版补充原始数据/lake_geodata_probe/20260818T231051Z_test.html,02_旧版补充原始数据,raw
DUP_10c871489f86,10c871489f8647d88c3c96379124f7a0931d0727e63ace93c836b3dca813fc92,166,65,False,01_当前主原始数据/lake_geodata_probe/20260824T035203Z_test.html,02_旧版补充原始数据/lake_geodata_probe/20260818T231132Z_test.html,02_旧版补充原始数据,raw
DUP_10c871489f86,10c871489f8647d88c3c96379124f7a0931d0727e63ace93c836b3dca813fc92,166,65,False,01_当前主原始数据/lake_geodata_probe/20260824T035203Z_test.html,02_旧版补充原始数据/lake_geodata_probe/20260818T231150Z_test.html,02_旧版补充原始数据,raw
DUP_10c871489f86,10c871489f8647d88c3c96379124f7a0931d0727e63ace93c836b3dca813fc92,166,65,False,01_当前主原始数据/lake_geodata_probe/20260824T035203Z_test.html,02_旧版补充原始数据/lake_geodata_probe/20260818T231334Z_test.html,02_旧版补充原始数据,raw
DUP_10c871489f86,10c871489f8647d88c3c96379124f7a0931d0727e63ace93c836b3dca813fc92,166,65,False,01_当前主原始数据/lake_geodata_probe/20260824T035203Z_test.html,02_旧版补充原始数据/lake_geodata_probe/20260818T231601Z_test.html,02_旧版补充原始数据,raw
DUP_10c871489f86,10c871489f8647d88c3c96379124f7a0931d0727e63ace93c836b3dca813fc92,166,65,False,01_当前主原始数据/lake_geodata_probe/20260824T035203Z_test.html,02_旧版补充原始数据/lake_geodata_probe/20260818T231625Z_test.html,02_旧版补充原始数据,raw
DUP_10c871489f86,10c871489f8647d88c3c96379124f7a0931d0727e63ace93c836b3dca813fc92,166,65,False,01_当前主原始数据/lake_geodata_probe/20260824T035203Z_test.html,02_旧版补充原始数据/lake_geodata_probe/20260818T231846Z_test.html,02_旧版补充原始数据,raw
DUP_10c871489f86,10c871489f8647d88c3c96379124f7a0931d0727e63ace93c836b3dca813fc92,166,65,False,01_当前主原始数据/lake_geodata_probe/20260824T035203Z_test.html,02_旧版补充原始数据/lake_geodata_probe/20260818T231910Z_test.html,02_旧版补充原始数据,raw
DUP_10c871489f86,10c871489f8647d88c3c96379124f7a0931d0727e63ace93c836b3dca813fc92,166,65,False,01_当前主原始数据/lake_geodata_probe/20260824T035203Z_test.html,02_旧版补充原始数据/lake_geodata_probe/20260818T232114Z_test.html,02_旧版补充原始数据,raw
DUP_10c871489f86,10c871489f8647d88c3c96379124f7a0931d0727e63ace93c836b3dca813fc92,166,65,False,01_当前主原始数据/lake_geodata_probe/20260824T035203Z_test.html,02_旧版补充原始数据/lake_geodata_probe/20260818T232433Z_test.html,02_旧版补充原始数据,raw
DUP_10c871489f86,10c871489f8647d88c3c96379124f7a0931d0727e63ace93c836b3dca813fc92,166,65,False,01_当前主原始数据/lake_geodata_probe/20260824T035203Z_test.html,02_旧版补充原始数据/lake_geodata_probe/20260818T232456Z_test.html,02_旧版补充原始数据,raw
DUP_10c871489f86,10c871489f8647d88c3c96379124f7a0931d0727e63ace93c836b3dca813fc92,166,65,False,01_当前主原始数据/lake_geodata_probe/20260824T035203Z_test.html,02_旧版补充原始数据/lake_geodata_probe/20260818T232903Z_test.html,02_旧版补充原始数据,raw
DUP_10c871489f86,10c871489f8647d88c3c96379124f7a0931d0727e63ace93c836b3dca813fc92,166,65,False,01_当前主原始数据/lake_geodata_probe/20260824T035203Z_test.html,02_旧版补充原始数据/lake_geodata_probe/20260818T232927Z_test.html,02_旧版补充原始数据,raw
DUP_10c871489f86,10c871489f8647d88c3c96379124f7a0931d0727e63ace93c836b3dca813fc92,166,65,False,01_当前主原始数据/lake_geodata_probe/20260824T035203Z_test.html,02_旧版补充原始数据/lake_geodata_probe/20260818T233226Z_test.html,02_旧版补充原始数据,raw
DUP_10c871489f86,10c871489f8647d88c3c96379124f7a0931d0727e63ace93c836b3dca813fc92,166,65,False,01_当前主原始数据/lake_geodata_probe/20260824T035203Z_test.html,02_旧版补充原始数据/lake_geodata_probe/20260818T233248Z_test.html,02_旧版补充原始数据,raw
DUP_10c871489f86,10c871489f8647d88c3c96379124f7a0931d0727e63ace93c836b3dca813fc92,166,65,False,01_当前主原始数据/lake_geodata_probe/20260824T035203Z_test.html,02_旧版补充原始数据/lake_geodata_probe/20260818T233511Z_test.html,02_旧版补充原始数据,raw
DUP_10c871489f86,10c871489f8647d88c3c96379124f7a0931d0727e63ace93c836b3dca813fc92,166,65,False,01_当前主原始数据/lake_geodata_probe/20260824T035203Z_test.html,02_旧版补充原始数据/lake_geodata_probe/20260818T233532Z_test.html,02_旧版补充原始数据,raw
DUP_10c871489f86,10c871489f8647d88c3c96379124f7a0931d0727e63ace93c836b3dca813fc92,166,65,False,01_当前主原始数据/lake_geodata_probe/20260824T035203Z_test.html,02_旧版补充原始数据/lake_geodata_probe/20260818T233936Z_test.html,02_旧版补充原始数据,raw
DUP_10c871489f86,10c871489f8647d88c3c96379124f7a0931d0727e63ace93c836b3dca813fc92,166,65,False,01_当前主原始数据/lake_geodata_probe/20260824T035203Z_test.html,02_旧版补充原始数据/lake_geodata_probe/20260818T234008Z_test.html,02_旧版补充原始数据,raw
DUP_10c871489f86,10c871489f8647d88c3c96379124f7a0931d0727e63ace93c836b3dca813fc92,166,65,False,01_当前主原始数据/lake_geodata_probe/20260824T035203Z_test.html,02_旧版补充原始数据/lake_geodata_probe/20260818T234315Z_test.html,02_旧版补充原始数据,raw
DUP_10c871489f86,10c871489f8647d88c3c96379124f7a0931d0727e63ace93c836b3dca813fc92,166,65,False,01_当前主原始数据/lake_geodata_probe/20260824T035203Z_test.html,02_旧版补充原始数据/lake_geodata_probe/20260818T234529Z_test.html,02_旧版补充原始数据,raw
DUP_10c871489f86,10c871489f8647d88c3c96379124f7a0931d0727e63ace93c836b3dca813fc92,166,65,False,01_当前主原始数据/lake_geodata_probe/20260824T035203Z_test.html,02_旧版补充原始数据/lake_geodata_probe/20260818T234825Z_test.html,02_旧版补充原始数据,raw
DUP_10c871489f86,10c871489f8647d88c3c96379124f7a0931d0727e63ace93c836b3dca813fc92,166,65,False,01_当前主原始数据/lake_geodata_probe/20260824T035203Z_test.html,02_旧版补充原始数据/lake_geodata_probe/20260818T235457Z_test.html,02_旧版补充原始数据,raw
DUP_10c871489f86,10c871489f8647d88c3c96379124f7a0931d0727e63ace93c836b3dca813fc92,166,65,False,01_当前主原始数据/lake_geodata_probe/20260824T035203Z_test.html,02_旧版补充原始数据/lake_geodata_probe/20260818T235930Z_test.html,02_旧版补充原始数据,raw
DUP_10c871489f86,10c871489f8647d88c3c96379124f7a0931d0727e63ace93c836b3dca813fc92,166,65,False,01_当前主原始数据/lake_geodata_probe/20260824T035203Z_test.html,02_旧版补充原始数据/lake_geodata_probe/20260819T000612Z_test.html,02_旧版补充原始数据,raw
DUP_10c871489f86,10c871489f8647d88c3c96379124f7a0931d0727e63ace93c836b3dca813fc92,166,65,False,01_当前主原始数据/lake_geodata_probe/20260824T035203Z_test.html,02_旧版补充原始数据/lake_geodata_probe/20260819T000636Z_test.html,02_旧版补充原始数据,raw
DUP_10c871489f86,10c871489f8647d88c3c96379124f7a0931d0727e63ace93c836b3dca813fc92,166,65,False,01_当前主原始数据/lake_geodata_probe/20260824T035203Z_test.html,02_旧版补充原始数据/lake_geodata_probe/20260819T001207Z_test.html,02_旧版补充原始数据,raw
DUP_10c871489f86,10c871489f8647d88c3c96379124f7a0931d0727e63ace93c836b3dca813fc92,166,65,False,01_当前主原始数据/lake_geodata_probe/20260824T035203Z_test.html,02_旧版补充原始数据/lake_geodata_probe/20260819T001851Z_test.html,02_旧版补充原始数据,raw
DUP_10c871489f86,10c871489f8647d88c3c96379124f7a0931d0727e63ace93c836b3dca813fc92,166,65,False,01_当前主原始数据/lake_geodata_probe/20260824T035203Z_test.html,02_旧版补充原始数据/lake_geodata_probe/20260819T001920Z_test.html,02_旧版补充原始数据,raw
DUP_10c871489f86,10c871489f8647d88c3c96379124f7a0931d0727e63ace93c836b3dca813fc92,166,65,False,01_当前主原始数据/lake_geodata_probe/20260824T035203Z_test.html,02_旧版补充原始数据/lake_geodata_probe/20260819T014114Z_test.html,02_旧版补充原始数据,raw
DUP_10c871489f86,10c871489f8647d88c3c96379124f7a0931d0727e63ace93c836b3dca813fc92,166,65,False,01_当前主原始数据/lake_geodata_probe/20260824T035203Z_test.html,02_旧版补充原始数据/lake_geodata_probe/20260819T014147Z_test.html,02_旧版补充原始数据,raw
DUP_10c871489f86,10c871489f8647d88c3c96379124f7a0931d0727e63ace93c836b3dca813fc92,166,65,False,01_当前主原始数据/lake_geodata_probe/20260824T035203Z_test.html,02_旧版补充原始数据/lake_geodata_probe/20260819T014226Z_test.html,02_旧版补充原始数据,raw
DUP_10c871489f86,10c871489f8647d88c3c96379124f7a0931d0727e63ace93c836b3dca813fc92,166,65,False,01_当前主原始数据/lake_geodata_probe/20260824T035203Z_test.html,02_旧版补充原始数据/lake_geodata_probe/20260819T014746Z_test.html,02_旧版补充原始数据,raw
DUP_10c871489f86,10c871489f8647d88c3c96379124f7a0931d0727e63ace93c836b3dca813fc92,166,65,False,01_当前主原始数据/lake_geodata_probe/20260824T035203Z_test.html,02_旧版补充原始数据/lake_geodata_probe/20260819T014905Z_test.html,02_旧版补充原始数据,raw
DUP_10c871489f86,10c871489f8647d88c3c96379124f7a0931d0727e63ace93c836b3dca813fc92,166,65,False,01_当前主原始数据/lake_geodata_probe/20260824T035203Z_test.html,02_旧版补充原始数据/lake_geodata_probe/20260819T021314Z_test.html,02_旧版补充原始数据,raw
DUP_10c871489f86,10c871489f8647d88c3c96379124f7a0931d0727e63ace93c836b3dca813fc92,166,65,False,01_当前主原始数据/lake_geodata_probe/20260824T035203Z_test.html,02_旧版补充原始数据/lake_geodata_probe/20260819T022334Z_test.html,02_旧版补充原始数据,raw
DUP_10c871489f86,10c871489f8647d88c3c96379124f7a0931d0727e63ace93c836b3dca813fc92,166,65,False,01_当前主原始数据/lake_geodata_probe/20260824T035203Z_test.html,02_旧版补充原始数据/lake_geodata_probe/20260819T022456Z_test.html,02_旧版补充原始数据,raw
DUP_10c871489f86,10c871489f8647d88c3c96379124f7a0931d0727e63ace93c836b3dca813fc92,166,65,False,01_当前主原始数据/lake_geodata_probe/20260824T035203Z_test.html,02_旧版补充原始数据/lake_geodata_probe/20260819T023134Z_test.html,02_旧版补充原始数据,raw
DUP_10c871489f86,10c871489f8647d88c3c96379124f7a0931d0727e63ace93c836b3dca813fc92,166,65,False,01_当前主原始数据/lake_geodata_probe/20260824T035203Z_test.html,02_旧版补充原始数据/lake_geodata_probe/20260819T025414Z_test.html,02_旧版补充原始数据,raw
DUP_10c871489f86,10c871489f8647d88c3c96379124f7a0931d0727e63ace93c836b3dca813fc92,166,65,False,01_当前主原始数据/lake_geodata_probe/20260824T035203Z_test.html,02_旧版补充原始数据/lake_geodata_probe/20260819T025639Z_test.html,02_旧版补充原始数据,raw
DUP_10c871489f86,10c871489f8647d88c3c96379124f7a0931d0727e63ace93c836b3dca813fc92,166,65,False,01_当前主原始数据/lake_geodata_probe/20260824T035203Z_test.html,02_旧版补充原始数据/lake_geodata_probe/20260819T030052Z_test.html,02_旧版补充原始数据,raw
DUP_10c871489f86,10c871489f8647d88c3c96379124f7a0931d0727e63ace93c836b3dca813fc92,166,65,False,01_当前主原始数据/lake_geodata_probe/20260824T035203Z_test.html,02_旧版补充原始数据/lake_geodata_probe/20260819T031157Z_test.html,02_旧版补充原始数据,raw
DUP_10c871489f86,10c871489f8647d88c3c96379124f7a0931d0727e63ace93c836b3dca813fc92,166,65,False,01_当前主原始数据/lake_geodata_probe/20260824T035203Z_test.html,02_旧版补充原始数据/lake_geodata_probe/20260819T032916Z_test.html,02_旧版补充原始数据,raw
DUP_10c871489f86,10c871489f8647d88c3c96379124f7a0931d0727e63ace93c836b3dca813fc92,166,65,False,01_当前主原始数据/lake_geodata_probe/20260824T035203Z_test.html,02_旧版补充原始数据/lake_geodata_probe/20260819T033003Z_test.html,02_旧版补充原始数据,raw
DUP_10c871489f86,10c871489f8647d88c3c96379124f7a0931d0727e63ace93c836b3dca813fc92,166,65,False,01_当前主原始数据/lake_geodata_probe/20260824T035203Z_test.html,02_旧版补充原始数据/lake_geodata_probe/20260819T033615Z_test.html,02_旧版补充原始数据,raw
DUP_10c871489f86,10c871489f8647d88c3c96379124f7a0931d0727e63ace93c836b3dca813fc92,166,65,False,01_当前主原始数据/lake_geodata_probe/20260824T035203Z_test.html,02_旧版补充原始数据/lake_geodata_probe/20260819T034249Z_test.html,02_旧版补充原始数据,raw
DUP_10c871489f86,10c871489f8647d88c3c96379124f7a0931d0727e63ace93c836b3dca813fc92,166,65,False,01_当前主原始数据/lake_geodata_probe/20260824T035203Z_test.html,02_旧版补充原始数据/lake_geodata_probe/20260819T040144Z_test.html,02_旧版补充原始数据,raw
DUP_10c871489f86,10c871489f8647d88c3c96379124f7a0931d0727e63ace93c836b3dca813fc92,166,65,False,01_当前主原始数据/lake_geodata_probe/20260824T035203Z_test.html,02_旧版补充原始数据/lake_geodata_probe/20260819T040249Z_test.html,02_旧版补充原始数据,raw
DUP_10c871489f86,10c871489f8647d88c3c96379124f7a0931d0727e63ace93c836b3dca813fc92,166,65,False,01_当前主原始数据/lake_geodata_probe/20260824T035203Z_test.html,02_旧版补充原始数据/lake_geodata_probe/20260819T040430Z_test.html,02_旧版补充原始数据,raw
DUP_10c871489f86,10c871489f8647d88c3c96379124f7a0931d0727e63ace93c836b3dca813fc92,166,65,False,01_当前主原始数据/lake_geodata_probe/20260824T035203Z_test.html,02_旧版补充原始数据/lake_geodata_probe/20260819T041016Z_test.html,02_旧版补充原始数据,raw
DUP_10c871489f86,10c871489f8647d88c3c96379124f7a0931d0727e63ace93c836b3dca813fc92,166,65,False,01_当前主原始数据/lake_geodata_probe/20260824T035203Z_test.html,02_旧版补充原始数据/lake_geodata_probe/20260819T041726Z_test.html,02_旧版补充原始数据,raw
DUP_10c871489f86,10c871489f8647d88c3c96379124f7a0931d0727e63ace93c836b3dca813fc92,166,65,False,01_当前主原始数据/lake_geodata_probe/20260824T035203Z_test.html,02_旧版补充原始数据/lake_geodata_probe/20260819T042321Z_test.html,02_旧版补充原始数据,raw
DUP_10c871489f86,10c871489f8647d88c3c96379124f7a0931d0727e63ace93c836b3dca813fc92,166,65,False,01_当前主原始数据/lake_geodata_probe/20260824T035203Z_test.html,02_旧版补充原始数据/lake_geodata_probe/20260819T043300Z_test.html,02_旧版补充原始数据,raw
DUP_10c871489f86,10c871489f8647d88c3c96379124f7a0931d0727e63ace93c836b3dca813fc92,166,65,False,01_当前主原始数据/lake_geodata_probe/20260824T035203Z_test.html,02_旧版补充原始数据/lake_geodata_probe/20260819T043316Z_test.html,02_旧版补充原始数据,raw
DUP_10c871489f86,10c871489f8647d88c3c96379124f7a0931d0727e63ace93c836b3dca813fc92,166,65,False,01_当前主原始数据/lake_geodata_probe/20260824T035203Z_test.html,02_旧版补充原始数据/lake_geodata_probe/20260819T043340Z_test.html,02_旧版补充原始数据,raw
DUP_10c871489f86,10c871489f8647d88c3c96379124f7a0931d0727e63ace93c836b3dca813fc92,166,65,False,01_当前主原始数据/lake_geodata_probe/20260824T035203Z_test.html,02_旧版补充原始数据/lake_geodata_probe/20260819T043455Z_test.html,02_旧版补充原始数据,raw
DUP_10c871489f86,10c871489f8647d88c3c96379124f7a0931d0727e63ace93c836b3dca813fc92,166,65,False,01_当前主原始数据/lake_geodata_probe/20260824T035203Z_test.html,02_旧版补充原始数据/lake_geodata_probe/20260819T043511Z_test.html,02_旧版补充原始数据,raw
DUP_10c871489f86,10c871489f8647d88c3c96379124f7a0931d0727e63ace93c836b3dca813fc92,166,65,False,01_当前主原始数据/lake_geodata_probe/20260824T035203Z_test.html,02_旧版补充原始数据/lake_geodata_probe/20260819T043556Z_test.html,02_旧版补充原始数据,raw
DUP_10c871489f86,10c871489f8647d88c3c96379124f7a0931d0727e63ace93c836b3dca813fc92,166,65,False,01_当前主原始数据/lake_geodata_probe/20260824T035203Z_test.html,02_旧版补充原始数据/lake_geodata_probe/20260819T043618Z_test.html,02_旧版补充原始数据,raw
DUP_10c871489f86,10c871489f8647d88c3c96379124f7a0931d0727e63ace93c836b3dca813fc92,166,65,False,01_当前主原始数据/lake_geodata_probe/20260824T035203Z_test.html,02_旧版补充原始数据/lake_geodata_probe/20260819T044426Z_test.html,02_旧版补充原始数据,raw
DUP_10c871489f86,10c871489f8647d88c3c96379124f7a0931d0727e63ace93c836b3dca813fc92,166,65,False,01_当前主原始数据/lake_geodata_probe/20260824T035203Z_test.html,02_旧版补充原始数据/lake_geodata_probe/20260819T044448Z_test.html,02_旧版补充原始数据,raw
DUP_10c871489f86,10c871489f8647d88c3c96379124f7a0931d0727e63ace93c836b3dca813fc92,166,65,False,01_当前主原始数据/lake_geodata_probe/20260824T035203Z_test.html,02_旧版补充原始数据/lake_geodata_probe/20260819T045302Z_test.html,02_旧版补充原始数据,raw
DUP_10c871489f86,10c871489f8647d88c3c96379124f7a0931d0727e63ace93c836b3dca813fc92,166,65,False,01_当前主原始数据/lake_geodata_probe/20260824T035203Z_test.html,02_旧版补充原始数据/lake_geodata_probe/20260819T050617Z_test.html,02_旧版补充原始数据,raw
DUP_10c871489f86,10c871489f8647d88c3c96379124f7a0931d0727e63ace93c836b3dca813fc92,166,65,False,01_当前主原始数据/lake_geodata_probe/20260824T035203Z_test.html,02_旧版补充原始数据/lake_geodata_probe/20260819T052510Z_test.html,02_旧版补充原始数据,raw
DUP_10c871489f86,10c871489f8647d88c3c96379124f7a0931d0727e63ace93c836b3dca813fc92,166,65,False,01_当前主原始数据/lake_geodata_probe/20260824T035203Z_test.html,02_旧版补充原始数据/lake_geodata_probe/20260819T053442Z_test.html,02_旧版补充原始数据,raw
DUP_10c871489f86,10c871489f8647d88c3c96379124f7a0931d0727e63ace93c836b3dca813fc92,166,65,False,01_当前主原始数据/lake_geodata_probe/20260824T035203Z_test.html,02_旧版补充原始数据/lake_geodata_probe/20260819T054714Z_test.html,02_旧版补充原始数据,raw
DUP_10c871489f86,10c871489f8647d88c3c96379124f7a0931d0727e63ace93c836b3dca813fc92,166,65,False,01_当前主原始数据/lake_geodata_probe/20260824T035203Z_test.html,02_旧版补充原始数据/lake_geodata_probe/20260819T055526Z_test.html,02_旧版补充原始数据,raw
DUP_10c871489f86,10c871489f8647d88c3c96379124f7a0931d0727e63ace93c836b3dca813fc92,166,65,False,01_当前主原始数据/lake_geodata_probe/20260824T035203Z_test.html,02_旧版补充原始数据/lake_geodata_probe/20260819T062116Z_test.html,02_旧版补充原始数据,raw
DUP_10c871489f86,10c871489f8647d88c3c96379124f7a0931d0727e63ace93c836b3dca813fc92,166,65,False,01_当前主原始数据/lake_geodata_probe/20260824T035203Z_test.html,02_旧版补充原始数据/lake_geodata_probe/20260819T062251Z_test.html,02_旧版补充原始数据,raw
DUP_10c871489f86,10c871489f8647d88c3c96379124f7a0931d0727e63ace93c836b3dca813fc92,166,65,False,01_当前主原始数据/lake_geodata_probe/20260824T035203Z_test.html,02_旧版补充原始数据/lake_geodata_probe/20260819T062758Z_test.html,02_旧版补充原始数据,raw
DUP_10c871489f86,10c871489f8647d88c3c96379124f7a0931d0727e63ace93c836b3dca813fc92,166,65,False,01_当前主原始数据/lake_geodata_probe/20260824T035203Z_test.html,02_旧版补充原始数据/lake_geodata_probe/20260819T063129Z_test.html,02_旧版补充原始数据,raw
DUP_10c871489f86,10c871489f8647d88c3c96379124f7a0931d0727e63ace93c836b3dca813fc92,166,65,False,01_当前主原始数据/lake_geodata_probe/20260824T035203Z_test.html,02_旧版补充原始数据/lake_geodata_probe/20260819T064500Z_test.html,02_旧版补充原始数据,raw
DUP_10c871489f86,10c871489f8647d88c3c96379124f7a0931d0727e63ace93c836b3dca813fc92,166,65,False,01_当前主原始数据/lake_geodata_probe/20260824T035203Z_test.html,02_旧版补充原始数据/lake_geodata_probe/20260819T064754Z_test.html,02_旧版补充原始数据,raw
DUP_10c871489f86,10c871489f8647d88c3c96379124f7a0931d0727e63ace93c836b3dca813fc92,166,65,False,01_当前主原始数据/lake_geodata_probe/20260824T035203Z_test.html,02_旧版补充原始数据/lake_geodata_probe/20260819T065259Z_test.html,02_旧版补充原始数据,raw
DUP_10c871489f86,10c871489f8647d88c3c96379124f7a0931d0727e63ace93c836b3dca813fc92,166,65,False,01_当前主原始数据/lake_geodata_probe/20260824T035203Z_test.html,02_旧版补充原始数据/lake_geodata_probe/20260819T070312Z_test.html,02_旧版补充原始数据,raw
DUP_10c871489f86,10c871489f8647d88c3c96379124f7a0931d0727e63ace93c836b3dca813fc92,166,65,False,01_当前主原始数据/lake_geodata_probe/20260824T035203Z_test.html,02_旧版补充原始数据/lake_geodata_probe/20260819T071243Z_test.html,02_旧版补充原始数据,raw
DUP_10c871489f86,10c871489f8647d88c3c96379124f7a0931d0727e63ace93c836b3dca813fc92,166,65,False,01_当前主原始数据/lake_geodata_probe/20260824T035203Z_test.html,02_旧版补充原始数据/lake_geodata_probe/20260819T071430Z_test.html,02_旧版补充原始数据,raw
DUP_10c871489f86,10c871489f8647d88c3c96379124f7a0931d0727e63ace93c836b3dca813fc92,166,65,False,01_当前主原始数据/lake_geodata_probe/20260824T035203Z_test.html,02_旧版补充原始数据/lake_geodata_probe/20260819T072257Z_test.html,02_旧版补充原始数据,raw
DUP_10c871489f86,10c871489f8647d88c3c96379124f7a0931d0727e63ace93c836b3dca813fc92,166,65,False,01_当前主原始数据/lake_geodata_probe/20260824T035203Z_test.html,02_旧版补充原始数据/lake_geodata_probe/20260819T072949Z_test.html,02_旧版补充原始数据,raw
DUP_10c871489f86,10c871489f8647d88c3c96379124f7a0931d0727e63ace93c836b3dca813fc92,166,65,False,01_当前主原始数据/lake_geodata_probe/20260824T035203Z_test.html,02_旧版补充原始数据/lake_geodata_probe/20260819T073110Z_test.html,02_旧版补充原始数据,raw
DUP_10c871489f86,10c871489f8647d88c3c96379124f7a0931d0727e63ace93c836b3dca813fc92,166,65,False,01_当前主原始数据/lake_geodata_probe/20260824T035203Z_test.html,02_旧版补充原始数据/lake_geodata_probe/20260819T074455Z_test.html,02_旧版补充原始数据,raw
DUP_10c871489f86,10c871489f8647d88c3c96379124f7a0931d0727e63ace93c836b3dca813fc92,166,65,False,01_当前主原始数据/lake_geodata_probe/20260824T035203Z_test.html,02_旧版补充原始数据/lake_geodata_probe/20260819T074942Z_test.html,02_旧版补充原始数据,raw
DUP_10c871489f86,10c871489f8647d88c3c96379124f7a0931d0727e63ace93c836b3dca813fc92,166,65,False,01_当前主原始数据/lake_geodata_probe/20260824T035203Z_test.html,02_旧版补充原始数据/lake_geodata_probe/20260819T075544Z_test.html,02_旧版补充原始数据,raw
DUP_10c871489f86,10c871489f8647d88c3c96379124f7a0931d0727e63ace93c836b3dca813fc92,166,65,False,01_当前主原始数据/lake_geodata_probe/20260824T035203Z_test.html,02_旧版补充原始数据/lake_geodata_probe/20260819T080441Z_test.html,02_旧版补充原始数据,raw
DUP_10c871489f86,10c871489f8647d88c3c96379124f7a0931d0727e63ace93c836b3dca813fc92,166,65,False,01_当前主原始数据/lake_geodata_probe/20260824T035203Z_test.html,02_旧版补充原始数据/lake_geodata_probe/20260819T080708Z_test.html,02_旧版补充原始数据,raw
DUP_10c871489f86,10c871489f8647d88c3c96379124f7a0931d0727e63ace93c836b3dca813fc92,166,65,False,01_当前主原始数据/lake_geodata_probe/20260824T035203Z_test.html,02_旧版补充原始数据/lake_geodata_probe/20260819T080922Z_test.html,02_旧版补充原始数据,raw
DUP_10c871489f86,10c871489f8647d88c3c96379124f7a0931d0727e63ace93c836b3dca813fc92,166,65,False,01_当前主原始数据/lake_geodata_probe/20260824T035203Z_test.html,02_旧版补充原始数据/lake_geodata_probe/20260819T081536Z_test.html,02_旧版补充原始数据,raw
DUP_10c871489f86,10c871489f8647d88c3c96379124f7a0931d0727e63ace93c836b3dca813fc92,166,65,False,01_当前主原始数据/lake_geodata_probe/20260824T035203Z_test.html,02_旧版补充原始数据/lake_geodata_probe/20260819T082811Z_test.html,02_旧版补充原始数据,raw
DUP_10c871489f86,10c871489f8647d88c3c96379124f7a0931d0727e63ace93c836b3dca813fc92,166,65,False,01_当前主原始数据/lake_geodata_probe/20260824T035203Z_test.html,02_旧版补充原始数据/lake_geodata_probe/20260819T083914Z_test.html,02_旧版补充原始数据,raw
DUP_10c871489f86,10c871489f8647d88c3c96379124f7a0931d0727e63ace93c836b3dca813fc92,166,65,False,01_当前主原始数据/lake_geodata_probe/20260824T035203Z_test.html,02_旧版补充原始数据/lake_geodata_probe/20260819T084159Z_test.html,02_旧版补充原始数据,raw
DUP_10c871489f86,10c871489f8647d88c3c96379124f7a0931d0727e63ace93c836b3dca813fc92,166,65,False,01_当前主原始数据/lake_geodata_probe/20260824T035203Z_test.html,02_旧版补充原始数据/lake_geodata_probe/20260819T084907Z_test.html,02_旧版补充原始数据,raw
DUP_10c871489f86,10c871489f8647d88c3c96379124f7a0931d0727e63ace93c836b3dca813fc92,166,65,False,01_当前主原始数据/lake_geodata_probe/20260824T035203Z_test.html,02_旧版补充原始数据/lake_geodata_probe/20260819T085841Z_test.html,02_旧版补充原始数据,raw
DUP_10c871489f86,10c871489f8647d88c3c96379124f7a0931d0727e63ace93c836b3dca813fc92,166,65,False,01_当前主原始数据/lake_geodata_probe/20260824T035203Z_test.html,02_旧版补充原始数据/lake_geodata_probe/20260819T090129Z_test.html,02_旧版补充原始数据,raw
DUP_10c871489f86,10c871489f8647d88c3c96379124f7a0931d0727e63ace93c836b3dca813fc92,166,65,False,01_当前主原始数据/lake_geodata_probe/20260824T035203Z_test.html,02_旧版补充原始数据/lake_geodata_probe/20260819T095108Z_test.html,02_旧版补充原始数据,raw
DUP_10c871489f86,10c871489f8647d88c3c96379124f7a0931d0727e63ace93c836b3dca813fc92,166,65,False,01_当前主原始数据/lake_geodata_probe/20260824T035203Z_test.html,02_旧版补充原始数据/lake_geodata_probe/20260819T100149Z_test.html,02_旧版补充原始数据,raw
DUP_10c871489f86,10c871489f8647d88c3c96379124f7a0931d0727e63ace93c836b3dca813fc92,166,65,False,01_当前主原始数据/lake_geodata_probe/20260824T035203Z_test.html,02_旧版补充原始数据/lake_geodata_probe/20260819T100842Z_test.html,02_旧版补充原始数据,raw
DUP_10c871489f86,10c871489f8647d88c3c96379124f7a0931d0727e63ace93c836b3dca813fc92,166,65,False,01_当前主原始数据/lake_geodata_probe/20260824T035203Z_test.html,02_旧版补充原始数据/lake_geodata_probe/20260819T102038Z_test.html,02_旧版补充原始数据,raw
DUP_10c871489f86,10c871489f8647d88c3c96379124f7a0931d0727e63ace93c836b3dca813fc92,166,65,False,01_当前主原始数据/lake_geodata_probe/20260824T035203Z_test.html,02_旧版补充原始数据/lake_geodata_probe/20260819T102642Z_test.html,02_旧版补充原始数据,raw
DUP_10c871489f86,10c871489f8647d88c3c96379124f7a0931d0727e63ace93c836b3dca813fc92,166,65,False,01_当前主原始数据/lake_geodata_probe/20260824T035203Z_test.html,02_旧版补充原始数据/lake_geodata_probe/20260819T102926Z_test.html,02_旧版补充原始数据,raw
DUP_10c871489f86,10c871489f8647d88c3c96379124f7a0931d0727e63ace93c836b3dca813fc92,166,65,False,01_当前主原始数据/lake_geodata_probe/20260824T035203Z_test.html,02_旧版补充原始数据/lake_geodata_probe/20260819T104233Z_test.html,02_旧版补充原始数据,raw
DUP_10c871489f86,10c871489f8647d88c3c96379124f7a0931d0727e63ace93c836b3dca813fc92,166,65,False,01_当前主原始数据/lake_geodata_probe/20260824T035203Z_test.html,02_旧版补充原始数据/lake_geodata_probe/20260819T111252Z_test.html,02_旧版补充原始数据,raw
DUP_10c871489f86,10c871489f8647d88c3c96379124f7a0931d0727e63ace93c836b3dca813fc92,166,65,False,01_当前主原始数据/lake_geodata_probe/20260824T035203Z_test.html,02_旧版补充原始数据/lake_geodata_probe/20260819T111409Z_test.html,02_旧版补充原始数据,raw
DUP_10c871489f86,10c871489f8647d88c3c96379124f7a0931d0727e63ace93c836b3dca813fc92,166,65,False,01_当前主原始数据/lake_geodata_probe/20260824T035203Z_test.html,02_旧版补充原始数据/lake_geodata_probe/20260819T112138Z_test.html,02_旧版补充原始数据,raw
DUP_10c871489f86,10c871489f8647d88c3c96379124f7a0931d0727e63ace93c836b3dca813fc92,166,65,False,01_当前主原始数据/lake_geodata_probe/20260824T035203Z_test.html,02_旧版补充原始数据/lake_geodata_probe/20260819T112605Z_test.html,02_旧版补充原始数据,raw
DUP_10c871489f86,10c871489f8647d88c3c96379124f7a0931d0727e63ace93c836b3dca813fc92,166,65,False,01_当前主原始数据/lake_geodata_probe/20260824T035203Z_test.html,02_旧版补充原始数据/lake_geodata_probe/20260819T112848Z_test.html,02_旧版补充原始数据,raw
DUP_10c871489f86,10c871489f8647d88c3c96379124f7a0931d0727e63ace93c836b3dca813fc92,166,65,False,01_当前主原始数据/lake_geodata_probe/20260824T035203Z_test.html,02_旧版补充原始数据/lake_geodata_probe/20260819T113230Z_test.html,02_旧版补充原始数据,raw
DUP_10c871489f86,10c871489f8647d88c3c96379124f7a0931d0727e63ace93c836b3dca813fc92,166,65,False,01_当前主原始数据/lake_geodata_probe/20260824T035203Z_test.html,02_旧版补充原始数据/lake_geodata_probe/20260819T113506Z_test.html,02_旧版补充原始数据,raw
DUP_10c871489f86,10c871489f8647d88c3c96379124f7a0931d0727e63ace93c836b3dca813fc92,166,65,False,01_当前主原始数据/lake_geodata_probe/20260824T035203Z_test.html,02_旧版补充原始数据/lake_geodata_probe/20260819T132053Z_test.html,02_旧版补充原始数据,raw
DUP_10c871489f86,10c871489f8647d88c3c96379124f7a0931d0727e63ace93c836b3dca813fc92,166,65,False,01_当前主原始数据/lake_geodata_probe/20260824T035203Z_test.html,02_旧版补充原始数据/lake_geodata_probe/20260819T132827Z_test.html,02_旧版补充原始数据,raw
DUP_10c871489f86,10c871489f8647d88c3c96379124f7a0931d0727e63ace93c836b3dca813fc92,166,65,False,01_当前主原始数据/lake_geodata_probe/20260824T035203Z_test.html,02_旧版补充原始数据/lake_geodata_probe/20260819T133625Z_test.html,02_旧版补充原始数据,raw
DUP_10c871489f86,10c871489f8647d88c3c96379124f7a0931d0727e63ace93c836b3dca813fc92,166,65,False,01_当前主原始数据/lake_geodata_probe/20260824T035203Z_test.html,02_旧版补充原始数据/lake_geodata_probe/20260819T135045Z_test.html,02_旧版补充原始数据,raw
DUP_10c871489f86,10c871489f8647d88c3c96379124f7a0931d0727e63ace93c836b3dca813fc92,166,65,False,01_当前主原始数据/lake_geodata_probe/20260824T035203Z_test.html,02_旧版补充原始数据/lake_geodata_probe/20260823T031313Z_test.html,02_旧版补充原始数据,raw
DUP_10c871489f86,10c871489f8647d88c3c96379124f7a0931d0727e63ace93c836b3dca813fc92,166,65,False,01_当前主原始数据/lake_geodata_probe/20260824T035203Z_test.html,02_旧版补充原始数据/lake_geodata_probe/20260823T110930Z_test.html,02_旧版补充原始数据,raw
DUP_10c871489f86,10c871489f8647d88c3c96379124f7a0931d0727e63ace93c836b3dca813fc92,166,65,False,01_当前主原始数据/lake_geodata_probe/20260824T035203Z_test.html,02_旧版补充原始数据/lake_geodata_probe/20260824T023358Z_test.html,02_旧版补充原始数据,raw
DUP_10c871489f86,10c871489f8647d88c3c96379124f7a0931d0727e63ace93c836b3dca813fc92,166,65,False,01_当前主原始数据/lake_geodata_probe/20260824T035203Z_test.html,02_旧版补充原始数据/lake_geodata_probe/20260824T023359Z_test.html,02_旧版补充原始数据,raw
DUP_10c871489f86,10c871489f8647d88c3c96379124f7a0931d0727e63ace93c836b3dca813fc92,166,65,False,01_当前主原始数据/lake_geodata_probe/20260824T035203Z_test.html,05_旧版整理区_混合留存/unknown/lake_geodata_probes/20260818T114755Z_test.html,05_旧版整理区_混合留存,raw
DUP_11ae77e9ad72,11ae77e9ad729b0b216d79bcf28d1c68ecbfeb347529b3a07c680ec67af18b90,2,4079230,True,03_THQBCA-V2原始数据集/解压内容/4.Anthropogenic/4.1Landcover/TH_LC_2016.tif,03_THQBCA-V2原始数据集/解压内容/4.Anthropogenic/4.1Landcover/TH_LC_2016.tif,03_THQBCA-V2原始数据集,raw
DUP_11ae77e9ad72,11ae77e9ad729b0b216d79bcf28d1c68ecbfeb347529b3a07c680ec67af18b90,2,4079230,False,03_THQBCA-V2原始数据集/解压内容/4.Anthropogenic/4.1Landcover/TH_LC_2016.tif,05_旧版整理区_混合留存/static_features/thqbca_v2_anthropogenic/TH_LC_2016.tif,05_旧版整理区_混合留存,raw
DUP_12108c63b0dc,12108c63b0dc8839caa7c30b560f77092bc9f922e6debee570da28589cc43aec,3,15725355,True,01_当前主原始数据/earth_search_sentinel2_annual/2022/S2A_51STR_20221010_0_L2A/nir.tif,01_当前主原始数据/earth_search_sentinel2_annual/2022/S2A_51STR_20221010_0_L2A/nir.tif,01_当前主原始数据,raw
DUP_12108c63b0dc,12108c63b0dc8839caa7c30b560f77092bc9f922e6debee570da28589cc43aec,3,15725355,False,01_当前主原始数据/earth_search_sentinel2_annual/2022/S2A_51STR_20221010_0_L2A/nir.tif,02_旧版补充原始数据/earth_search_sentinel2_annual/2022/S2A_51STR_20221010_0_L2A/nir.tif,02_旧版补充原始数据,raw
DUP_12108c63b0dc,12108c63b0dc8839caa7c30b560f77092bc9f922e6debee570da28589cc43aec,3,15725355,False,01_当前主原始数据/earth_search_sentinel2_annual/2022/S2A_51STR_20221010_0_L2A/nir.tif,05_旧版整理区_混合留存/remote_sensing/earth_search_sentinel2_annual/nir_12108c63.tif,05_旧版整理区_混合留存,raw
DUP_12dc8fe36c2d,12dc8fe36c2d418237e74e57688a0601caa74264e3d14347b2e198a5a012900d,3,93145680,True,01_当前主原始数据/mee_surface_water_monthly/mee_surface_water_2023-07.pdf,01_当前主原始数据/mee_surface_water_monthly/mee_surface_water_2023-07.pdf,01_当前主原始数据,raw
DUP_12dc8fe36c2d,12dc8fe36c2d418237e74e57688a0601caa74264e3d14347b2e198a5a012900d,3,93145680,False,01_当前主原始数据/mee_surface_water_monthly/mee_surface_water_2023-07.pdf,02_旧版补充原始数据/mee_surface_water_monthly/mee_surface_water_2023-07.pdf,02_旧版补充原始数据,raw
DUP_12dc8fe36c2d,12dc8fe36c2d418237e74e57688a0601caa74264e3d14347b2e198a5a012900d,3,93145680,False,01_当前主原始数据/mee_surface_water_monthly/mee_surface_water_2023-07.pdf,05_旧版整理区_混合留存/reports/mee_surface_water_monthly/mee_surface_water_2023-07.pdf,05_旧版整理区_混合留存,metadata
DUP_13d4a230da84,13d4a230da84ad2e6f00cc2e2dfe63eb7232415170e0f2b19e253c10365e8c5a,3,89345897,True,01_当前主原始数据/mee_surface_water_monthly/mee_surface_water_2023-03.pdf,01_当前主原始数据/mee_surface_water_monthly/mee_surface_water_2023-03.pdf,01_当前主原始数据,raw
DUP_13d4a230da84,13d4a230da84ad2e6f00cc2e2dfe63eb7232415170e0f2b19e253c10365e8c5a,3,89345897,False,01_当前主原始数据/mee_surface_water_monthly/mee_surface_water_2023-03.pdf,02_旧版补充原始数据/mee_surface_water_monthly/mee_surface_water_2023-03.pdf,02_旧版补充原始数据,raw
DUP_13d4a230da84,13d4a230da84ad2e6f00cc2e2dfe63eb7232415170e0f2b19e253c10365e8c5a,3,89345897,False,01_当前主原始数据/mee_surface_water_monthly/mee_surface_water_2023-03.pdf,05_旧版整理区_混合留存/reports/mee_surface_water_monthly/mee_surface_water_2023-03.pdf,05_旧版整理区_混合留存,metadata
DUP_14184a0bd8d5,14184a0bd8d534cc702b04d7ab87eceb639b2513d7346941dd19a9da9c8ba33e,2,38546823,True,03_THQBCA-V2原始数据集/解压内容/4.Anthropogenic/4.2POPD/TH_POPD_2016.tif,03_THQBCA-V2原始数据集/解压内容/4.Anthropogenic/4.2POPD/TH_POPD_2016.tif,03_THQBCA-V2原始数据集,raw
DUP_14184a0bd8d5,14184a0bd8d534cc702b04d7ab87eceb639b2513d7346941dd19a9da9c8ba33e,2,38546823,False,03_THQBCA-V2原始数据集/解压内容/4.Anthropogenic/4.2POPD/TH_POPD_2016.tif,05_旧版整理区_混合留存/static_features/thqbca_v2_anthropogenic/TH_POPD_2016.tif,05_旧版整理区_混合留存,raw
DUP_144c6c0b65f1,144c6c0b65f1de903163d804d383bb8ef6f49f185c20b4f0643f186f1c4c108d,3,3787813,True,01_当前主原始数据/earth_search_sentinel2_annual/2022/S2A_51STR_20221010_0_L2A/swir16.tif,01_当前主原始数据/earth_search_sentinel2_annual/2022/S2A_51STR_20221010_0_L2A/swir16.tif,01_当前主原始数据,raw
DUP_144c6c0b65f1,144c6c0b65f1de903163d804d383bb8ef6f49f185c20b4f0643f186f1c4c108d,3,3787813,False,01_当前主原始数据/earth_search_sentinel2_annual/2022/S2A_51STR_20221010_0_L2A/swir16.tif,02_旧版补充原始数据/earth_search_sentinel2_annual/2022/S2A_51STR_20221010_0_L2A/swir16.tif,02_旧版补充原始数据,raw
DUP_144c6c0b65f1,144c6c0b65f1de903163d804d383bb8ef6f49f185c20b4f0643f186f1c4c108d,3,3787813,False,01_当前主原始数据/earth_search_sentinel2_annual/2022/S2A_51STR_20221010_0_L2A/swir16.tif,05_旧版整理区_混合留存/remote_sensing/earth_search_sentinel2_annual/swir16_144c6c0b.tif,05_旧版整理区_混合留存,raw
DUP_156868bf1145,156868bf11454d0921ae38e5685ec07ae065e176df012ba5242d791e16299dd9,2,1967357,True,03_THQBCA-V2原始数据集/解压内容/2.Bio-optics/2.3SDD/TH_SDD_2010.tif,03_THQBCA-V2原始数据集/解压内容/2.Bio-optics/2.3SDD/TH_SDD_2010.tif,03_THQBCA-V2原始数据集,raw
DUP_156868bf1145,156868bf11454d0921ae38e5685ec07ae065e176df012ba5242d791e16299dd9,2,1967357,False,03_THQBCA-V2原始数据集/解压内容/2.Bio-optics/2.3SDD/TH_SDD_2010.tif,05_旧版整理区_混合留存/remote_sensing/thqbca_v2_biooptics/TH_SDD_2010.tif,05_旧版整理区_混合留存,raw
DUP_15d1a38a398d,15d1a38a398d3f2ffc9f3467258e7c824338df02304337b0c59fbff5da0732cf,2,17699837,True,03_THQBCA-V2原始数据集/解压内容/2.Bio-optics/2.5TSI/TH_TSI_2020.tif,03_THQBCA-V2原始数据集/解压内容/2.Bio-optics/2.5TSI/TH_TSI_2020.tif,03_THQBCA-V2原始数据集,raw
DUP_15d1a38a398d,15d1a38a398d3f2ffc9f3467258e7c824338df02304337b0c59fbff5da0732cf,2,17699837,False,03_THQBCA-V2原始数据集/解压内容/2.Bio-optics/2.5TSI/TH_TSI_2020.tif,05_旧版整理区_混合留存/remote_sensing/thqbca_v2_biooptics/TH_TSI_2020.tif,05_旧版整理区_混合留存,raw
DUP_15db3c1d1812,15db3c1d18129dfb4d88fb88f1851366f49ee18e2096b09ff688430a8808e47b,2,3433110,True,03_THQBCA-V2原始数据集/解压内容/2.Bio-optics/2.1AquaticVegetation/TH_vege_2010-08-12.tif,03_THQBCA-V2原始数据集/解压内容/2.Bio-optics/2.1AquaticVegetation/TH_vege_2010-08-12.tif,03_THQBCA-V2原始数据集,raw
DUP_15db3c1d1812,15db3c1d18129dfb4d88fb88f1851366f49ee18e2096b09ff688430a8808e47b,2,3433110,False,03_THQBCA-V2原始数据集/解压内容/2.Bio-optics/2.1AquaticVegetation/TH_vege_2010-08-12.tif,05_旧版整理区_混合留存/remote_sensing/thqbca_v2_biooptics/TH_vege_2010-08-12.tif,05_旧版整理区_混合留存,raw
DUP_168b8c4a4783,168b8c4a47833f98982d2c5a588cdffc64cc12b598d7f2a6843dd244237c2913,3,11928604,True,01_当前主原始数据/earth_search_sentinel2_annual/2022_mosaic/S2A_50RQV_20220503_0_L2A/rededge1.tif,01_当前主原始数据/earth_search_sentinel2_annual/2022_mosaic/S2A_50RQV_20220503_0_L2A/rededge1.tif,01_当前主原始数据,raw
DUP_168b8c4a4783,168b8c4a47833f98982d2c5a588cdffc64cc12b598d7f2a6843dd244237c2913,3,11928604,False,01_当前主原始数据/earth_search_sentinel2_annual/2022_mosaic/S2A_50RQV_20220503_0_L2A/rededge1.tif,02_旧版补充原始数据/earth_search_sentinel2_annual/2022_mosaic/S2A_50RQV_20220503_0_L2A/rededge1.tif,02_旧版补充原始数据,raw
DUP_168b8c4a4783,168b8c4a47833f98982d2c5a588cdffc64cc12b598d7f2a6843dd244237c2913,3,11928604,False,01_当前主原始数据/earth_search_sentinel2_annual/2022_mosaic/S2A_50RQV_20220503_0_L2A/rededge1.tif,05_旧版整理区_混合留存/remote_sensing/earth_search_sentinel2_annual/rededge1_168b8c4a.tif,05_旧版整理区_混合留存,raw
DUP_171a005a6b6d,171a005a6b6d5d8de537bb8eefb513cedcb9d12c33ef79cef4f620bad7690ce3,2,17699837,True,03_THQBCA-V2原始数据集/解压内容/2.Bio-optics/2.3SDD/TH_SDD_1995.tif,03_THQBCA-V2原始数据集/解压内容/2.Bio-optics/2.3SDD/TH_SDD_1995.tif,03_THQBCA-V2原始数据集,raw
DUP_171a005a6b6d,171a005a6b6d5d8de537bb8eefb513cedcb9d12c33ef79cef4f620bad7690ce3,2,17699837,False,03_THQBCA-V2原始数据集/解压内容/2.Bio-optics/2.3SDD/TH_SDD_1995.tif,05_旧版整理区_混合留存/remote_sensing/thqbca_v2_biooptics/TH_SDD_1995.tif,05_旧版整理区_混合留存,raw
DUP_17950d8e4997,17950d8e4997fbec4718ba1a16589e8f8902d2a402719ecf349d33f20f59064e,3,87558289,True,01_当前主原始数据/mee_surface_water_monthly/mee_surface_water_2022-11.pdf,01_当前主原始数据/mee_surface_water_monthly/mee_surface_water_2022-11.pdf,01_当前主原始数据,raw
DUP_17950d8e4997,17950d8e4997fbec4718ba1a16589e8f8902d2a402719ecf349d33f20f59064e,3,87558289,False,01_当前主原始数据/mee_surface_water_monthly/mee_surface_water_2022-11.pdf,02_旧版补充原始数据/mee_surface_water_monthly/mee_surface_water_2022-11.pdf,02_旧版补充原始数据,raw
DUP_17950d8e4997,17950d8e4997fbec4718ba1a16589e8f8902d2a402719ecf349d33f20f59064e,3,87558289,False,01_当前主原始数据/mee_surface_water_monthly/mee_surface_water_2022-11.pdf,05_旧版整理区_混合留存/reports/mee_surface_water_monthly/mee_surface_water_2022-11.pdf,05_旧版整理区_混合留存,metadata
DUP_17ee380069d1,17ee380069d1e43b1216fbf05caf85508364a654dadc42ff3bb35caed7387fbe,3,87579363,True,01_当前主原始数据/mee_surface_water_monthly/mee_surface_water_2023-11.pdf,01_当前主原始数据/mee_surface_water_monthly/mee_surface_water_2023-11.pdf,01_当前主原始数据,raw
DUP_17ee380069d1,17ee380069d1e43b1216fbf05caf85508364a654dadc42ff3bb35caed7387fbe,3,87579363,False,01_当前主原始数据/mee_surface_water_monthly/mee_surface_water_2023-11.pdf,02_旧版补充原始数据/mee_surface_water_monthly/mee_surface_water_2023-11.pdf,02_旧版补充原始数据,raw
DUP_17ee380069d1,17ee380069d1e43b1216fbf05caf85508364a654dadc42ff3bb35caed7387fbe,3,87579363,False,01_当前主原始数据/mee_surface_water_monthly/mee_surface_water_2023-11.pdf,05_旧版整理区_混合留存/reports/mee_surface_water_monthly/mee_surface_water_2023-11.pdf,05_旧版整理区_混合留存,metadata
DUP_184ddb8d86f5,184ddb8d86f5800357743ac4bdc8bb1a30f2bfc049130e2d6196f031e2b9963b,3,1368442,True,01_当前主原始数据/nasa_power_hourly/history_2015.json,01_当前主原始数据/nasa_power_hourly/history_2015.json,01_当前主原始数据,raw
DUP_184ddb8d86f5,184ddb8d86f5800357743ac4bdc8bb1a30f2bfc049130e2d6196f031e2b9963b,3,1368442,False,01_当前主原始数据/nasa_power_hourly/history_2015.json,02_旧版补充原始数据/nasa_power_hourly/history_2015.json,02_旧版补充原始数据,raw
DUP_184ddb8d86f5,184ddb8d86f5800357743ac4bdc8bb1a30f2bfc049130e2d6196f031e2b9963b,3,1368442,False,01_当前主原始数据/nasa_power_hourly/history_2015.json,05_旧版整理区_混合留存/meteorology/nasa_power_hourly/history_2015.json,05_旧版整理区_混合留存,raw
DUP_188d41c86cc6,188d41c86cc64301935e89b0e636e1263ef84b8074747e05f8e316ad9422cd0f,3,86069829,True,01_当前主原始数据/mee_surface_water_monthly/mee_surface_water_2024-06.pdf,01_当前主原始数据/mee_surface_water_monthly/mee_surface_water_2024-06.pdf,01_当前主原始数据,raw
DUP_188d41c86cc6,188d41c86cc64301935e89b0e636e1263ef84b8074747e05f8e316ad9422cd0f,3,86069829,False,01_当前主原始数据/mee_surface_water_monthly/mee_surface_water_2024-06.pdf,02_旧版补充原始数据/mee_surface_water_monthly/mee_surface_water_2024-06.pdf,02_旧版补充原始数据,raw
DUP_188d41c86cc6,188d41c86cc64301935e89b0e636e1263ef84b8074747e05f8e316ad9422cd0f,3,86069829,False,01_当前主原始数据/mee_surface_water_monthly/mee_surface_water_2024-06.pdf,05_旧版整理区_混合留存/reports/mee_surface_water_monthly/mee_surface_water_2024-06.pdf,05_旧版整理区_混合留存,metadata
DUP_18965918904d,18965918904d15c549836fa37418db172cf647c3c22645a8958143b49ae2134c,2,38546825,True,03_THQBCA-V2原始数据集/解压内容/4.Anthropogenic/4.2POPD/TH_POPD_2005.tif,03_THQBCA-V2原始数据集/解压内容/4.Anthropogenic/4.2POPD/TH_POPD_2005.tif,03_THQBCA-V2原始数据集,raw
DUP_18965918904d,18965918904d15c549836fa37418db172cf647c3c22645a8958143b49ae2134c,2,38546825,False,03_THQBCA-V2原始数据集/解压内容/4.Anthropogenic/4.2POPD/TH_POPD_2005.tif,05_旧版整理区_混合留存/static_features/thqbca_v2_anthropogenic/TH_POPD_2005.tif,05_旧版整理区_混合留存,raw
DUP_1914a3d4e5cb,1914a3d4e5cbe1b4ffc2ef8ed7f7ea626f84e26e6f8ca389df0106297fe1cab6,2,589,True,02_旧版补充原始数据/open_meteo_seasonal/manifest.json,02_旧版补充原始数据/open_meteo_seasonal/manifest.json,02_旧版补充原始数据,metadata
DUP_1914a3d4e5cb,1914a3d4e5cbe1b4ffc2ef8ed7f7ea626f84e26e6f8ca389df0106297fe1cab6,2,589,False,02_旧版补充原始数据/open_meteo_seasonal/manifest.json,05_旧版整理区_混合留存/meteorology/open_meteo_seasonal/manifest.json,05_旧版整理区_混合留存,metadata
DUP_192dc10bf126,192dc10bf12695b2e0f9a74006caab28c627845646f8c93752ff7a517d171467,2,16876409,True,03_THQBCA-V2原始数据集/解压内容/2.Bio-optics/2.4Chla/TH_Chla_1984.tif,03_THQBCA-V2原始数据集/解压内容/2.Bio-optics/2.4Chla/TH_Chla_1984.tif,03_THQBCA-V2原始数据集,raw
DUP_192dc10bf126,192dc10bf12695b2e0f9a74006caab28c627845646f8c93752ff7a517d171467,2,16876409,False,03_THQBCA-V2原始数据集/解压内容/2.Bio-optics/2.4Chla/TH_Chla_1984.tif,05_旧版整理区_混合留存/remote_sensing/thqbca_v2_biooptics/TH_Chla_1984.tif,05_旧版整理区_混合留存,raw
DUP_1a588e9b4758,1a588e9b47589b921bbc12856a39fce18f8c593044aa617a080d7d34320bfc73,2,1312072,True,03_THQBCA-V2原始数据集/解压内容/4.Anthropogenic/4.3NTL/TH_NTL_2011.tif,03_THQBCA-V2原始数据集/解压内容/4.Anthropogenic/4.3NTL/TH_NTL_2011.tif,03_THQBCA-V2原始数据集,raw
DUP_1a588e9b4758,1a588e9b47589b921bbc12856a39fce18f8c593044aa617a080d7d34320bfc73,2,1312072,False,03_THQBCA-V2原始数据集/解压内容/4.Anthropogenic/4.3NTL/TH_NTL_2011.tif,05_旧版整理区_混合留存/static_features/thqbca_v2_anthropogenic/TH_NTL_2011.tif,05_旧版整理区_混合留存,raw
DUP_1a71e9e973d1,1a71e9e973d1f88ce7e28c25422cf1ee1636b3dfa63acd734abb34cd9c7e172d,3,1988,True,01_当前主原始数据/meteorology/noaa_gfs/gfs_2026-08-18_18z_f072_taihu_subset.grib2,01_当前主原始数据/meteorology/noaa_gfs/gfs_2026-08-18_18z_f072_taihu_subset.grib2,01_当前主原始数据,raw
DUP_1a71e9e973d1,1a71e9e973d1f88ce7e28c25422cf1ee1636b3dfa63acd734abb34cd9c7e172d,3,1988,False,01_当前主原始数据/meteorology/noaa_gfs/gfs_2026-08-18_18z_f072_taihu_subset.grib2,02_旧版补充原始数据/meteorology/noaa_gfs/gfs_2026-08-18_18z_f072_taihu_subset.grib2,02_旧版补充原始数据,raw
DUP_1a71e9e973d1,1a71e9e973d1f88ce7e28c25422cf1ee1636b3dfa63acd734abb34cd9c7e172d,3,1988,False,01_当前主原始数据/meteorology/noaa_gfs/gfs_2026-08-18_18z_f072_taihu_subset.grib2,05_旧版整理区_混合留存/meteorology/noaa_gfs/gfs_2026-08-18_18z_f072_taihu_subset.grib2,05_旧版整理区_混合留存,raw
DUP_1b73abb3c2bb,1b73abb3c2bbb83247d2cbc9559e2956cb756072a5f90f4ea5b579fe39a3a511,2,16876409,True,03_THQBCA-V2原始数据集/解压内容/2.Bio-optics/2.4Chla/TH_Chla_2007.tif,03_THQBCA-V2原始数据集/解压内容/2.Bio-optics/2.4Chla/TH_Chla_2007.tif,03_THQBCA-V2原始数据集,raw
DUP_1b73abb3c2bb,1b73abb3c2bbb83247d2cbc9559e2956cb756072a5f90f4ea5b579fe39a3a511,2,16876409,False,03_THQBCA-V2原始数据集/解压内容/2.Bio-optics/2.4Chla/TH_Chla_2007.tif,05_旧版整理区_混合留存/remote_sensing/thqbca_v2_biooptics/TH_Chla_2007.tif,05_旧版整理区_混合留存,raw
DUP_1cef3027549e,1cef3027549e41c8e3ea69f19d2a7287f958585f503f388171e7c113f65e226a,2,16876409,True,03_THQBCA-V2原始数据集/解压内容/2.Bio-optics/2.4Chla/TH_Chla_2008.tif,03_THQBCA-V2原始数据集/解压内容/2.Bio-optics/2.4Chla/TH_Chla_2008.tif,03_THQBCA-V2原始数据集,raw
DUP_1cef3027549e,1cef3027549e41c8e3ea69f19d2a7287f958585f503f388171e7c113f65e226a,2,16876409,False,03_THQBCA-V2原始数据集/解压内容/2.Bio-optics/2.4Chla/TH_Chla_2008.tif,05_旧版整理区_混合留存/remote_sensing/thqbca_v2_biooptics/TH_Chla_2008.tif,05_旧版整理区_混合留存,raw
DUP_1e7538f2d96c,1e7538f2d96c5b18e8b40fc843b1ff2927bd748af3db50a06aa4b0e51a61b898,2,3433111,True,03_THQBCA-V2原始数据集/解压内容/2.Bio-optics/2.1AquaticVegetation/TH_vege_2017-09-17.tif,03_THQBCA-V2原始数据集/解压内容/2.Bio-optics/2.1AquaticVegetation/TH_vege_2017-09-17.tif,03_THQBCA-V2原始数据集,raw
DUP_1e7538f2d96c,1e7538f2d96c5b18e8b40fc843b1ff2927bd748af3db50a06aa4b0e51a61b898,2,3433111,False,03_THQBCA-V2原始数据集/解压内容/2.Bio-optics/2.1AquaticVegetation/TH_vege_2017-09-17.tif,05_旧版整理区_混合留存/remote_sensing/thqbca_v2_biooptics/TH_vege_2017-09-17.tif,05_旧版整理区_混合留存,raw
DUP_1f261fb1d7ec,1f261fb1d7ec4a5f16c29cc22a91918c9659bdb9db92884fd5393fd5b362ce90,3,62163465,True,01_当前主原始数据/mee_surface_water_monthly/mee_surface_water_2026-02.pdf,01_当前主原始数据/mee_surface_water_monthly/mee_surface_water_2026-02.pdf,01_当前主原始数据,raw
DUP_1f261fb1d7ec,1f261fb1d7ec4a5f16c29cc22a91918c9659bdb9db92884fd5393fd5b362ce90,3,62163465,False,01_当前主原始数据/mee_surface_water_monthly/mee_surface_water_2026-02.pdf,02_旧版补充原始数据/mee_surface_water_monthly/mee_surface_water_2026-02.pdf,02_旧版补充原始数据,raw
DUP_1f261fb1d7ec,1f261fb1d7ec4a5f16c29cc22a91918c9659bdb9db92884fd5393fd5b362ce90,3,62163465,False,01_当前主原始数据/mee_surface_water_monthly/mee_surface_water_2026-02.pdf,05_旧版整理区_混合留存/reports/mee_surface_water_monthly/mee_surface_water_2026-02.pdf,05_旧版整理区_混合留存,metadata
DUP_1fc1fe964d75,1fc1fe964d7535357ee6e715a42e31258ee3427dfa620b130f4dcee4f726e1bc,3,12313926,True,01_当前主原始数据/earth_search_sentinel2/S2A_T50RQV_20260802T024146_L2A/rededge1.tif,01_当前主原始数据/earth_search_sentinel2/S2A_T50RQV_20260802T024146_L2A/rededge1.tif,01_当前主原始数据,raw
DUP_1fc1fe964d75,1fc1fe964d7535357ee6e715a42e31258ee3427dfa620b130f4dcee4f726e1bc,3,12313926,False,01_当前主原始数据/earth_search_sentinel2/S2A_T50RQV_20260802T024146_L2A/rededge1.tif,02_旧版补充原始数据/earth_search_sentinel2/S2A_T50RQV_20260802T024146_L2A/rededge1.tif,02_旧版补充原始数据,raw
DUP_1fc1fe964d75,1fc1fe964d7535357ee6e715a42e31258ee3427dfa620b130f4dcee4f726e1bc,3,12313926,False,01_当前主原始数据/earth_search_sentinel2/S2A_T50RQV_20260802T024146_L2A/rededge1.tif,05_旧版整理区_混合留存/remote_sensing/earth_search_sentinel2/rededge1.tif,05_旧版整理区_混合留存,raw
DUP_206e5c371709,206e5c3717094001ba3e4b931a879a7679f43f977c8d76974bfa11c50bb2f84c,2,38546823,True,03_THQBCA-V2原始数据集/解压内容/4.Anthropogenic/4.2POPD/TH_POPD_2002.tif,03_THQBCA-V2原始数据集/解压内容/4.Anthropogenic/4.2POPD/TH_POPD_2002.tif,03_THQBCA-V2原始数据集,raw
DUP_206e5c371709,206e5c3717094001ba3e4b931a879a7679f43f977c8d76974bfa11c50bb2f84c,2,38546823,False,03_THQBCA-V2原始数据集/解压内容/4.Anthropogenic/4.2POPD/TH_POPD_2002.tif,05_旧版整理区_混合留存/static_features/thqbca_v2_anthropogenic/TH_POPD_2002.tif,05_旧版整理区_混合留存,raw
DUP_209ea38a1fcf,209ea38a1fcf7e6153fa7fe8bc372c3f29be897130a8b1f852192febcfceb106,2,393770,True,03_THQBCA-V2原始数据集/解压内容/2.Bio-optics/2.2FAC/TH_FAC_2009.tif,03_THQBCA-V2原始数据集/解压内容/2.Bio-optics/2.2FAC/TH_FAC_2009.tif,03_THQBCA-V2原始数据集,raw
DUP_209ea38a1fcf,209ea38a1fcf7e6153fa7fe8bc372c3f29be897130a8b1f852192febcfceb106,2,393770,False,03_THQBCA-V2原始数据集/解压内容/2.Bio-optics/2.2FAC/TH_FAC_2009.tif,05_旧版整理区_混合留存/remote_sensing/thqbca_v2_biooptics/TH_FAC_2009.tif,05_旧版整理区_混合留存,raw
DUP_20f87e336029,20f87e33602930ba302fba25053d42046533a8c11425501ba89403036c8347e7,3,88808984,True,01_当前主原始数据/mee_surface_water_monthly/mee_surface_water_2024-07.pdf,01_当前主原始数据/mee_surface_water_monthly/mee_surface_water_2024-07.pdf,01_当前主原始数据,raw
DUP_20f87e336029,20f87e33602930ba302fba25053d42046533a8c11425501ba89403036c8347e7,3,88808984,False,01_当前主原始数据/mee_surface_water_monthly/mee_surface_water_2024-07.pdf,02_旧版补充原始数据/mee_surface_water_monthly/mee_surface_water_2024-07.pdf,02_旧版补充原始数据,raw
DUP_20f87e336029,20f87e33602930ba302fba25053d42046533a8c11425501ba89403036c8347e7,3,88808984,False,01_当前主原始数据/mee_surface_water_monthly/mee_surface_water_2024-07.pdf,05_旧版整理区_混合留存/reports/mee_surface_water_monthly/mee_surface_water_2024-07.pdf,05_旧版整理区_混合留存,metadata
DUP_223080a7cd84,223080a7cd84a5d97dfa18453a64a7769669165a6954807acc7d44f0c346d83a,2,3825376,True,03_THQBCA-V2原始数据集/解压内容/4.Anthropogenic/4.1Landcover/TH_LC_2007.tif,03_THQBCA-V2原始数据集/解压内容/4.Anthropogenic/4.1Landcover/TH_LC_2007.tif,03_THQBCA-V2原始数据集,raw
DUP_223080a7cd84,223080a7cd84a5d97dfa18453a64a7769669165a6954807acc7d44f0c346d83a,2,3825376,False,03_THQBCA-V2原始数据集/解压内容/4.Anthropogenic/4.1Landcover/TH_LC_2007.tif,05_旧版整理区_混合留存/static_features/thqbca_v2_anthropogenic/TH_LC_2007.tif,05_旧版整理区_混合留存,raw
DUP_23e065ef8835,23e065ef88358ad608265a7ed6dde15947d47fbf315dcf52d7ce2f0a7279ac15,2,17699837,True,03_THQBCA-V2原始数据集/解压内容/2.Bio-optics/2.3SDD/TH_SDD_2011.tif,03_THQBCA-V2原始数据集/解压内容/2.Bio-optics/2.3SDD/TH_SDD_2011.tif,03_THQBCA-V2原始数据集,raw
DUP_23e065ef8835,23e065ef88358ad608265a7ed6dde15947d47fbf315dcf52d7ce2f0a7279ac15,2,17699837,False,03_THQBCA-V2原始数据集/解压内容/2.Bio-optics/2.3SDD/TH_SDD_2011.tif,05_旧版整理区_混合留存/remote_sensing/thqbca_v2_biooptics/TH_SDD_2011.tif,05_旧版整理区_混合留存,raw
DUP_2472d62e3880,2472d62e38805bf582d854b70ad724cb424dda7f5e1747da61caad1318ff3881,2,3433111,True,03_THQBCA-V2原始数据集/解压内容/2.Bio-optics/2.1AquaticVegetation/TH_vege_2002-07-13.tif,03_THQBCA-V2原始数据集/解压内容/2.Bio-optics/2.1AquaticVegetation/TH_vege_2002-07-13.tif,03_THQBCA-V2原始数据集,raw
DUP_2472d62e3880,2472d62e38805bf582d854b70ad724cb424dda7f5e1747da61caad1318ff3881,2,3433111,False,03_THQBCA-V2原始数据集/解压内容/2.Bio-optics/2.1AquaticVegetation/TH_vege_2002-07-13.tif,05_旧版整理区_混合留存/remote_sensing/thqbca_v2_biooptics/TH_vege_2002-07-13.tif,05_旧版整理区_混合留存,raw
DUP_25eb20d4dd0a,25eb20d4dd0a7d54e8465df4b6855e590a1f3a2aaa20be0a5faa6f9afb5af703,2,1751297,True,02_旧版补充原始数据/copernicus_sentinel2_stac/20260819T034225Z.json,02_旧版补充原始数据/copernicus_sentinel2_stac/20260819T034225Z.json,02_旧版补充原始数据,raw
DUP_25eb20d4dd0a,25eb20d4dd0a7d54e8465df4b6855e590a1f3a2aaa20be0a5faa6f9afb5af703,2,1751297,False,02_旧版补充原始数据/copernicus_sentinel2_stac/20260819T034225Z.json,05_旧版整理区_混合留存/remote_sensing/sentinel2_stac/20260819T034225Z.json,05_旧版整理区_混合留存,raw
DUP_2600c676d768,2600c676d768f0ce77f1e66a987599bc4685453d191a09b4f282251da4be9b88,301,5195,True,01_当前主原始数据/quarantine/clms_lwq_300m_v1_empty_20260827/2016/taihu_lwq300_v1_20160421.tif,01_当前主原始数据/quarantine/clms_lwq_300m_v1_empty_20260827/2016/taihu_lwq300_v1_20160421.tif,01_当前主原始数据,quarantined
DUP_2600c676d768,2600c676d768f0ce77f1e66a987599bc4685453d191a09b4f282251da4be9b88,301,5195,False,01_当前主原始数据/quarantine/clms_lwq_300m_v1_empty_20260827/2016/taihu_lwq300_v1_20160421.tif,01_当前主原始数据/quarantine/clms_lwq_300m_v1_empty_20260827/2016/taihu_lwq300_v1_20160501.tif,01_当前主原始数据,quarantined
DUP_2600c676d768,2600c676d768f0ce77f1e66a987599bc4685453d191a09b4f282251da4be9b88,301,5195,False,01_当前主原始数据/quarantine/clms_lwq_300m_v1_empty_20260827/2016/taihu_lwq300_v1_20160421.tif,01_当前主原始数据/quarantine/clms_lwq_300m_v1_empty_20260827/2016/taihu_lwq300_v1_20160511.tif,01_当前主原始数据,quarantined
DUP_2600c676d768,2600c676d768f0ce77f1e66a987599bc4685453d191a09b4f282251da4be9b88,301,5195,False,01_当前主原始数据/quarantine/clms_lwq_300m_v1_empty_20260827/2016/taihu_lwq300_v1_20160421.tif,01_当前主原始数据/quarantine/clms_lwq_300m_v1_empty_20260827/2016/taihu_lwq300_v1_20160521.tif,01_当前主原始数据,quarantined
DUP_2600c676d768,2600c676d768f0ce77f1e66a987599bc4685453d191a09b4f282251da4be9b88,301,5195,False,01_当前主原始数据/quarantine/clms_lwq_300m_v1_empty_20260827/2016/taihu_lwq300_v1_20160421.tif,01_当前主原始数据/quarantine/clms_lwq_300m_v1_empty_20260827/2016/taihu_lwq300_v1_20160601.tif,01_当前主原始数据,quarantined
DUP_2600c676d768,2600c676d768f0ce77f1e66a987599bc4685453d191a09b4f282251da4be9b88,301,5195,False,01_当前主原始数据/quarantine/clms_lwq_300m_v1_empty_20260827/2016/taihu_lwq300_v1_20160421.tif,01_当前主原始数据/quarantine/clms_lwq_300m_v1_empty_20260827/2016/taihu_lwq300_v1_20160611.tif,01_当前主原始数据,quarantined
DUP_2600c676d768,2600c676d768f0ce77f1e66a987599bc4685453d191a09b4f282251da4be9b88,301,5195,False,01_当前主原始数据/quarantine/clms_lwq_300m_v1_empty_20260827/2016/taihu_lwq300_v1_20160421.tif,01_当前主原始数据/quarantine/clms_lwq_300m_v1_empty_20260827/2016/taihu_lwq300_v1_20160621.tif,01_当前主原始数据,quarantined
DUP_2600c676d768,2600c676d768f0ce77f1e66a987599bc4685453d191a09b4f282251da4be9b88,301,5195,False,01_当前主原始数据/quarantine/clms_lwq_300m_v1_empty_20260827/2016/taihu_lwq300_v1_20160421.tif,01_当前主原始数据/quarantine/clms_lwq_300m_v1_empty_20260827/2016/taihu_lwq300_v1_20160701.tif,01_当前主原始数据,quarantined
DUP_2600c676d768,2600c676d768f0ce77f1e66a987599bc4685453d191a09b4f282251da4be9b88,301,5195,False,01_当前主原始数据/quarantine/clms_lwq_300m_v1_empty_20260827/2016/taihu_lwq300_v1_20160421.tif,01_当前主原始数据/quarantine/clms_lwq_300m_v1_empty_20260827/2016/taihu_lwq300_v1_20160711.tif,01_当前主原始数据,quarantined
DUP_2600c676d768,2600c676d768f0ce77f1e66a987599bc4685453d191a09b4f282251da4be9b88,301,5195,False,01_当前主原始数据/quarantine/clms_lwq_300m_v1_empty_20260827/2016/taihu_lwq300_v1_20160421.tif,01_当前主原始数据/quarantine/clms_lwq_300m_v1_empty_20260827/2016/taihu_lwq300_v1_20160721.tif,01_当前主原始数据,quarantined
DUP_2600c676d768,2600c676d768f0ce77f1e66a987599bc4685453d191a09b4f282251da4be9b88,301,5195,False,01_当前主原始数据/quarantine/clms_lwq_300m_v1_empty_20260827/2016/taihu_lwq300_v1_20160421.tif,01_当前主原始数据/quarantine/clms_lwq_300m_v1_empty_20260827/2016/taihu_lwq300_v1_20160801.tif,01_当前主原始数据,quarantined
DUP_2600c676d768,2600c676d768f0ce77f1e66a987599bc4685453d191a09b4f282251da4be9b88,301,5195,False,01_当前主原始数据/quarantine/clms_lwq_300m_v1_empty_20260827/2016/taihu_lwq300_v1_20160421.tif,01_当前主原始数据/quarantine/clms_lwq_300m_v1_empty_20260827/2016/taihu_lwq300_v1_20160811.tif,01_当前主原始数据,quarantined
DUP_2600c676d768,2600c676d768f0ce77f1e66a987599bc4685453d191a09b4f282251da4be9b88,301,5195,False,01_当前主原始数据/quarantine/clms_lwq_300m_v1_empty_20260827/2016/taihu_lwq300_v1_20160421.tif,01_当前主原始数据/quarantine/clms_lwq_300m_v1_empty_20260827/2016/taihu_lwq300_v1_20160821.tif,01_当前主原始数据,quarantined
DUP_2600c676d768,2600c676d768f0ce77f1e66a987599bc4685453d191a09b4f282251da4be9b88,301,5195,False,01_当前主原始数据/quarantine/clms_lwq_300m_v1_empty_20260827/2016/taihu_lwq300_v1_20160421.tif,01_当前主原始数据/quarantine/clms_lwq_300m_v1_empty_20260827/2016/taihu_lwq300_v1_20160901.tif,01_当前主原始数据,quarantined
DUP_2600c676d768,2600c676d768f0ce77f1e66a987599bc4685453d191a09b4f282251da4be9b88,301,5195,False,01_当前主原始数据/quarantine/clms_lwq_300m_v1_empty_20260827/2016/taihu_lwq300_v1_20160421.tif,01_当前主原始数据/quarantine/clms_lwq_300m_v1_empty_20260827/2016/taihu_lwq300_v1_20160911.tif,01_当前主原始数据,quarantined
DUP_2600c676d768,2600c676d768f0ce77f1e66a987599bc4685453d191a09b4f282251da4be9b88,301,5195,False,01_当前主原始数据/quarantine/clms_lwq_300m_v1_empty_20260827/2016/taihu_lwq300_v1_20160421.tif,01_当前主原始数据/quarantine/clms_lwq_300m_v1_empty_20260827/2016/taihu_lwq300_v1_20160921.tif,01_当前主原始数据,quarantined
DUP_2600c676d768,2600c676d768f0ce77f1e66a987599bc4685453d191a09b4f282251da4be9b88,301,5195,False,01_当前主原始数据/quarantine/clms_lwq_300m_v1_empty_20260827/2016/taihu_lwq300_v1_20160421.tif,01_当前主原始数据/quarantine/clms_lwq_300m_v1_empty_20260827/2016/taihu_lwq300_v1_20161001.tif,01_当前主原始数据,quarantined
DUP_2600c676d768,2600c676d768f0ce77f1e66a987599bc4685453d191a09b4f282251da4be9b88,301,5195,False,01_当前主原始数据/quarantine/clms_lwq_300m_v1_empty_20260827/2016/taihu_lwq300_v1_20160421.tif,01_当前主原始数据/quarantine/clms_lwq_300m_v1_empty_20260827/2016/taihu_lwq300_v1_20161011.tif,01_当前主原始数据,quarantined
DUP_2600c676d768,2600c676d768f0ce77f1e66a987599bc4685453d191a09b4f282251da4be9b88,301,5195,False,01_当前主原始数据/quarantine/clms_lwq_300m_v1_empty_20260827/2016/taihu_lwq300_v1_20160421.tif,01_当前主原始数据/quarantine/clms_lwq_300m_v1_empty_20260827/2016/taihu_lwq300_v1_20161021.tif,01_当前主原始数据,quarantined
DUP_2600c676d768,2600c676d768f0ce77f1e66a987599bc4685453d191a09b4f282251da4be9b88,301,5195,False,01_当前主原始数据/quarantine/clms_lwq_300m_v1_empty_20260827/2016/taihu_lwq300_v1_20160421.tif,01_当前主原始数据/quarantine/clms_lwq_300m_v1_empty_20260827/2016/taihu_lwq300_v1_20161101.tif,01_当前主原始数据,quarantined
DUP_2600c676d768,2600c676d768f0ce77f1e66a987599bc4685453d191a09b4f282251da4be9b88,301,5195,False,01_当前主原始数据/quarantine/clms_lwq_300m_v1_empty_20260827/2016/taihu_lwq300_v1_20160421.tif,01_当前主原始数据/quarantine/clms_lwq_300m_v1_empty_20260827/2016/taihu_lwq300_v1_20161111.tif,01_当前主原始数据,quarantined
DUP_2600c676d768,2600c676d768f0ce77f1e66a987599bc4685453d191a09b4f282251da4be9b88,301,5195,False,01_当前主原始数据/quarantine/clms_lwq_300m_v1_empty_20260827/2016/taihu_lwq300_v1_20160421.tif,01_当前主原始数据/quarantine/clms_lwq_300m_v1_empty_20260827/2016/taihu_lwq300_v1_20161121.tif,01_当前主原始数据,quarantined
DUP_2600c676d768,2600c676d768f0ce77f1e66a987599bc4685453d191a09b4f282251da4be9b88,301,5195,False,01_当前主原始数据/quarantine/clms_lwq_300m_v1_empty_20260827/2016/taihu_lwq300_v1_20160421.tif,01_当前主原始数据/quarantine/clms_lwq_300m_v1_empty_20260827/2016/taihu_lwq300_v1_20161201.tif,01_当前主原始数据,quarantined
DUP_2600c676d768,2600c676d768f0ce77f1e66a987599bc4685453d191a09b4f282251da4be9b88,301,5195,False,01_当前主原始数据/quarantine/clms_lwq_300m_v1_empty_20260827/2016/taihu_lwq300_v1_20160421.tif,01_当前主原始数据/quarantine/clms_lwq_300m_v1_empty_20260827/2016/taihu_lwq300_v1_20161211.tif,01_当前主原始数据,quarantined
DUP_2600c676d768,2600c676d768f0ce77f1e66a987599bc4685453d191a09b4f282251da4be9b88,301,5195,False,01_当前主原始数据/quarantine/clms_lwq_300m_v1_empty_20260827/2016/taihu_lwq300_v1_20160421.tif,01_当前主原始数据/quarantine/clms_lwq_300m_v1_empty_20260827/2016/taihu_lwq300_v1_20161221.tif,01_当前主原始数据,quarantined
DUP_2600c676d768,2600c676d768f0ce77f1e66a987599bc4685453d191a09b4f282251da4be9b88,301,5195,False,01_当前主原始数据/quarantine/clms_lwq_300m_v1_empty_20260827/2016/taihu_lwq300_v1_20160421.tif,01_当前主原始数据/quarantine/clms_lwq_300m_v1_empty_20260827/2017/taihu_lwq300_v1_20170101.tif,01_当前主原始数据,quarantined
DUP_2600c676d768,2600c676d768f0ce77f1e66a987599bc4685453d191a09b4f282251da4be9b88,301,5195,False,01_当前主原始数据/quarantine/clms_lwq_300m_v1_empty_20260827/2016/taihu_lwq300_v1_20160421.tif,01_当前主原始数据/quarantine/clms_lwq_300m_v1_empty_20260827/2017/taihu_lwq300_v1_20170111.tif,01_当前主原始数据,quarantined
DUP_2600c676d768,2600c676d768f0ce77f1e66a987599bc4685453d191a09b4f282251da4be9b88,301,5195,False,01_当前主原始数据/quarantine/clms_lwq_300m_v1_empty_20260827/2016/taihu_lwq300_v1_20160421.tif,01_当前主原始数据/quarantine/clms_lwq_300m_v1_empty_20260827/2017/taihu_lwq300_v1_20170121.tif,01_当前主原始数据,quarantined
DUP_2600c676d768,2600c676d768f0ce77f1e66a987599bc4685453d191a09b4f282251da4be9b88,301,5195,False,01_当前主原始数据/quarantine/clms_lwq_300m_v1_empty_20260827/2016/taihu_lwq300_v1_20160421.tif,01_当前主原始数据/quarantine/clms_lwq_300m_v1_empty_20260827/2017/taihu_lwq300_v1_20170201.tif,01_当前主原始数据,quarantined
DUP_2600c676d768,2600c676d768f0ce77f1e66a987599bc4685453d191a09b4f282251da4be9b88,301,5195,False,01_当前主原始数据/quarantine/clms_lwq_300m_v1_empty_20260827/2016/taihu_lwq300_v1_20160421.tif,01_当前主原始数据/quarantine/clms_lwq_300m_v1_empty_20260827/2017/taihu_lwq300_v1_20170211.tif,01_当前主原始数据,quarantined
DUP_2600c676d768,2600c676d768f0ce77f1e66a987599bc4685453d191a09b4f282251da4be9b88,301,5195,False,01_当前主原始数据/quarantine/clms_lwq_300m_v1_empty_20260827/2016/taihu_lwq300_v1_20160421.tif,01_当前主原始数据/quarantine/clms_lwq_300m_v1_empty_20260827/2017/taihu_lwq300_v1_20170221.tif,01_当前主原始数据,quarantined
DUP_2600c676d768,2600c676d768f0ce77f1e66a987599bc4685453d191a09b4f282251da4be9b88,301,5195,False,01_当前主原始数据/quarantine/clms_lwq_300m_v1_empty_20260827/2016/taihu_lwq300_v1_20160421.tif,01_当前主原始数据/quarantine/clms_lwq_300m_v1_empty_20260827/2017/taihu_lwq300_v1_20170301.tif,01_当前主原始数据,quarantined
DUP_2600c676d768,2600c676d768f0ce77f1e66a987599bc4685453d191a09b4f282251da4be9b88,301,5195,False,01_当前主原始数据/quarantine/clms_lwq_300m_v1_empty_20260827/2016/taihu_lwq300_v1_20160421.tif,01_当前主原始数据/quarantine/clms_lwq_300m_v1_empty_20260827/2017/taihu_lwq300_v1_20170311.tif,01_当前主原始数据,quarantined
DUP_2600c676d768,2600c676d768f0ce77f1e66a987599bc4685453d191a09b4f282251da4be9b88,301,5195,False,01_当前主原始数据/quarantine/clms_lwq_300m_v1_empty_20260827/2016/taihu_lwq300_v1_20160421.tif,01_当前主原始数据/quarantine/clms_lwq_300m_v1_empty_20260827/2017/taihu_lwq300_v1_20170321.tif,01_当前主原始数据,quarantined
DUP_2600c676d768,2600c676d768f0ce77f1e66a987599bc4685453d191a09b4f282251da4be9b88,301,5195,False,01_当前主原始数据/quarantine/clms_lwq_300m_v1_empty_20260827/2016/taihu_lwq300_v1_20160421.tif,01_当前主原始数据/quarantine/clms_lwq_300m_v1_empty_20260827/2017/taihu_lwq300_v1_20170401.tif,01_当前主原始数据,quarantined
DUP_2600c676d768,2600c676d768f0ce77f1e66a987599bc4685453d191a09b4f282251da4be9b88,301,5195,False,01_当前主原始数据/quarantine/clms_lwq_300m_v1_empty_20260827/2016/taihu_lwq300_v1_20160421.tif,01_当前主原始数据/quarantine/clms_lwq_300m_v1_empty_20260827/2017/taihu_lwq300_v1_20170411.tif,01_当前主原始数据,quarantined
DUP_2600c676d768,2600c676d768f0ce77f1e66a987599bc4685453d191a09b4f282251da4be9b88,301,5195,False,01_当前主原始数据/quarantine/clms_lwq_300m_v1_empty_20260827/2016/taihu_lwq300_v1_20160421.tif,01_当前主原始数据/quarantine/clms_lwq_300m_v1_empty_20260827/2017/taihu_lwq300_v1_20170421.tif,01_当前主原始数据,quarantined
DUP_2600c676d768,2600c676d768f0ce77f1e66a987599bc4685453d191a09b4f282251da4be9b88,301,5195,False,01_当前主原始数据/quarantine/clms_lwq_300m_v1_empty_20260827/2016/taihu_lwq300_v1_20160421.tif,01_当前主原始数据/quarantine/clms_lwq_300m_v1_empty_20260827/2017/taihu_lwq300_v1_20170501.tif,01_当前主原始数据,quarantined
DUP_2600c676d768,2600c676d768f0ce77f1e66a987599bc4685453d191a09b4f282251da4be9b88,301,5195,False,01_当前主原始数据/quarantine/clms_lwq_300m_v1_empty_20260827/2016/taihu_lwq300_v1_20160421.tif,01_当前主原始数据/quarantine/clms_lwq_300m_v1_empty_20260827/2017/taihu_lwq300_v1_20170511.tif,01_当前主原始数据,quarantined
DUP_2600c676d768,2600c676d768f0ce77f1e66a987599bc4685453d191a09b4f282251da4be9b88,301,5195,False,01_当前主原始数据/quarantine/clms_lwq_300m_v1_empty_20260827/2016/taihu_lwq300_v1_20160421.tif,01_当前主原始数据/quarantine/clms_lwq_300m_v1_empty_20260827/2017/taihu_lwq300_v1_20170521.tif,01_当前主原始数据,quarantined
DUP_2600c676d768,2600c676d768f0ce77f1e66a987599bc4685453d191a09b4f282251da4be9b88,301,5195,False,01_当前主原始数据/quarantine/clms_lwq_300m_v1_empty_20260827/2016/taihu_lwq300_v1_20160421.tif,01_当前主原始数据/quarantine/clms_lwq_300m_v1_empty_20260827/2017/taihu_lwq300_v1_20170601.tif,01_当前主原始数据,quarantined
DUP_2600c676d768,2600c676d768f0ce77f1e66a987599bc4685453d191a09b4f282251da4be9b88,301,5195,False,01_当前主原始数据/quarantine/clms_lwq_300m_v1_empty_20260827/2016/taihu_lwq300_v1_20160421.tif,01_当前主原始数据/quarantine/clms_lwq_300m_v1_empty_20260827/2017/taihu_lwq300_v1_20170611.tif,01_当前主原始数据,quarantined
DUP_2600c676d768,2600c676d768f0ce77f1e66a987599bc4685453d191a09b4f282251da4be9b88,301,5195,False,01_当前主原始数据/quarantine/clms_lwq_300m_v1_empty_20260827/2016/taihu_lwq300_v1_20160421.tif,01_当前主原始数据/quarantine/clms_lwq_300m_v1_empty_20260827/2017/taihu_lwq300_v1_20170621.tif,01_当前主原始数据,quarantined
DUP_2600c676d768,2600c676d768f0ce77f1e66a987599bc4685453d191a09b4f282251da4be9b88,301,5195,False,01_当前主原始数据/quarantine/clms_lwq_300m_v1_empty_20260827/2016/taihu_lwq300_v1_20160421.tif,01_当前主原始数据/quarantine/clms_lwq_300m_v1_empty_20260827/2017/taihu_lwq300_v1_20170701.tif,01_当前主原始数据,quarantined
DUP_2600c676d768,2600c676d768f0ce77f1e66a987599bc4685453d191a09b4f282251da4be9b88,301,5195,False,01_当前主原始数据/quarantine/clms_lwq_300m_v1_empty_20260827/2016/taihu_lwq300_v1_20160421.tif,01_当前主原始数据/quarantine/clms_lwq_300m_v1_empty_20260827/2017/taihu_lwq300_v1_20170711.tif,01_当前主原始数据,quarantined
DUP_2600c676d768,2600c676d768f0ce77f1e66a987599bc4685453d191a09b4f282251da4be9b88,301,5195,False,01_当前主原始数据/quarantine/clms_lwq_300m_v1_empty_20260827/2016/taihu_lwq300_v1_20160421.tif,01_当前主原始数据/quarantine/clms_lwq_300m_v1_empty_20260827/2017/taihu_lwq300_v1_20170721.tif,01_当前主原始数据,quarantined
DUP_2600c676d768,2600c676d768f0ce77f1e66a987599bc4685453d191a09b4f282251da4be9b88,301,5195,False,01_当前主原始数据/quarantine/clms_lwq_300m_v1_empty_20260827/2016/taihu_lwq300_v1_20160421.tif,01_当前主原始数据/quarantine/clms_lwq_300m_v1_empty_20260827/2017/taihu_lwq300_v1_20170801.tif,01_当前主原始数据,quarantined
DUP_2600c676d768,2600c676d768f0ce77f1e66a987599bc4685453d191a09b4f282251da4be9b88,301,5195,False,01_当前主原始数据/quarantine/clms_lwq_300m_v1_empty_20260827/2016/taihu_lwq300_v1_20160421.tif,01_当前主原始数据/quarantine/clms_lwq_300m_v1_empty_20260827/2017/taihu_lwq300_v1_20170811.tif,01_当前主原始数据,quarantined
DUP_2600c676d768,2600c676d768f0ce77f1e66a987599bc4685453d191a09b4f282251da4be9b88,301,5195,False,01_当前主原始数据/quarantine/clms_lwq_300m_v1_empty_20260827/2016/taihu_lwq300_v1_20160421.tif,01_当前主原始数据/quarantine/clms_lwq_300m_v1_empty_20260827/2017/taihu_lwq300_v1_20170821.tif,01_当前主原始数据,quarantined
DUP_2600c676d768,2600c676d768f0ce77f1e66a987599bc4685453d191a09b4f282251da4be9b88,301,5195,False,01_当前主原始数据/quarantine/clms_lwq_300m_v1_empty_20260827/2016/taihu_lwq300_v1_20160421.tif,01_当前主原始数据/quarantine/clms_lwq_300m_v1_empty_20260827/2017/taihu_lwq300_v1_20170901.tif,01_当前主原始数据,quarantined
DUP_2600c676d768,2600c676d768f0ce77f1e66a987599bc4685453d191a09b4f282251da4be9b88,301,5195,False,01_当前主原始数据/quarantine/clms_lwq_300m_v1_empty_20260827/2016/taihu_lwq300_v1_20160421.tif,01_当前主原始数据/quarantine/clms_lwq_300m_v1_empty_20260827/2017/taihu_lwq300_v1_20170911.tif,01_当前主原始数据,quarantined
DUP_2600c676d768,2600c676d768f0ce77f1e66a987599bc4685453d191a09b4f282251da4be9b88,301,5195,False,01_当前主原始数据/quarantine/clms_lwq_300m_v1_empty_20260827/2016/taihu_lwq300_v1_20160421.tif,01_当前主原始数据/quarantine/clms_lwq_300m_v1_empty_20260827/2017/taihu_lwq300_v1_20170921.tif,01_当前主原始数据,quarantined
DUP_2600c676d768,2600c676d768f0ce77f1e66a987599bc4685453d191a09b4f282251da4be9b88,301,5195,False,01_当前主原始数据/quarantine/clms_lwq_300m_v1_empty_20260827/2016/taihu_lwq300_v1_20160421.tif,01_当前主原始数据/quarantine/clms_lwq_300m_v1_empty_20260827/2017/taihu_lwq300_v1_20171001.tif,01_当前主原始数据,quarantined
DUP_2600c676d768,2600c676d768f0ce77f1e66a987599bc4685453d191a09b4f282251da4be9b88,301,5195,False,01_当前主原始数据/quarantine/clms_lwq_300m_v1_empty_20260827/2016/taihu_lwq300_v1_20160421.tif,01_当前主原始数据/quarantine/clms_lwq_300m_v1_empty_20260827/2017/taihu_lwq300_v1_20171011.tif,01_当前主原始数据,quarantined
DUP_2600c676d768,2600c676d768f0ce77f1e66a987599bc4685453d191a09b4f282251da4be9b88,301,5195,False,01_当前主原始数据/quarantine/clms_lwq_300m_v1_empty_20260827/2016/taihu_lwq300_v1_20160421.tif,01_当前主原始数据/quarantine/clms_lwq_300m_v1_empty_20260827/2017/taihu_lwq300_v1_20171021.tif,01_当前主原始数据,quarantined
DUP_2600c676d768,2600c676d768f0ce77f1e66a987599bc4685453d191a09b4f282251da4be9b88,301,5195,False,01_当前主原始数据/quarantine/clms_lwq_300m_v1_empty_20260827/2016/taihu_lwq300_v1_20160421.tif,01_当前主原始数据/quarantine/clms_lwq_300m_v1_empty_20260827/2017/taihu_lwq300_v1_20171101.tif,01_当前主原始数据,quarantined
DUP_2600c676d768,2600c676d768f0ce77f1e66a987599bc4685453d191a09b4f282251da4be9b88,301,5195,False,01_当前主原始数据/quarantine/clms_lwq_300m_v1_empty_20260827/2016/taihu_lwq300_v1_20160421.tif,01_当前主原始数据/quarantine/clms_lwq_300m_v1_empty_20260827/2017/taihu_lwq300_v1_20171111.tif,01_当前主原始数据,quarantined
DUP_2600c676d768,2600c676d768f0ce77f1e66a987599bc4685453d191a09b4f282251da4be9b88,301,5195,False,01_当前主原始数据/quarantine/clms_lwq_300m_v1_empty_20260827/2016/taihu_lwq300_v1_20160421.tif,01_当前主原始数据/quarantine/clms_lwq_300m_v1_empty_20260827/2017/taihu_lwq300_v1_20171121.tif,01_当前主原始数据,quarantined
DUP_2600c676d768,2600c676d768f0ce77f1e66a987599bc4685453d191a09b4f282251da4be9b88,301,5195,False,01_当前主原始数据/quarantine/clms_lwq_300m_v1_empty_20260827/2016/taihu_lwq300_v1_20160421.tif,01_当前主原始数据/quarantine/clms_lwq_300m_v1_empty_20260827/2017/taihu_lwq300_v1_20171201.tif,01_当前主原始数据,quarantined
DUP_2600c676d768,2600c676d768f0ce77f1e66a987599bc4685453d191a09b4f282251da4be9b88,301,5195,False,01_当前主原始数据/quarantine/clms_lwq_300m_v1_empty_20260827/2016/taihu_lwq300_v1_20160421.tif,01_当前主原始数据/quarantine/clms_lwq_300m_v1_empty_20260827/2017/taihu_lwq300_v1_20171211.tif,01_当前主原始数据,quarantined
DUP_2600c676d768,2600c676d768f0ce77f1e66a987599bc4685453d191a09b4f282251da4be9b88,301,5195,False,01_当前主原始数据/quarantine/clms_lwq_300m_v1_empty_20260827/2016/taihu_lwq300_v1_20160421.tif,01_当前主原始数据/quarantine/clms_lwq_300m_v1_empty_20260827/2017/taihu_lwq300_v1_20171221.tif,01_当前主原始数据,quarantined
DUP_2600c676d768,2600c676d768f0ce77f1e66a987599bc4685453d191a09b4f282251da4be9b88,301,5195,False,01_当前主原始数据/quarantine/clms_lwq_300m_v1_empty_20260827/2016/taihu_lwq300_v1_20160421.tif,01_当前主原始数据/quarantine/clms_lwq_300m_v1_empty_20260827/2018/taihu_lwq300_v1_20180101.tif,01_当前主原始数据,quarantined
DUP_2600c676d768,2600c676d768f0ce77f1e66a987599bc4685453d191a09b4f282251da4be9b88,301,5195,False,01_当前主原始数据/quarantine/clms_lwq_300m_v1_empty_20260827/2016/taihu_lwq300_v1_20160421.tif,01_当前主原始数据/quarantine/clms_lwq_300m_v1_empty_20260827/2018/taihu_lwq300_v1_20180111.tif,01_当前主原始数据,quarantined
DUP_2600c676d768,2600c676d768f0ce77f1e66a987599bc4685453d191a09b4f282251da4be9b88,301,5195,False,01_当前主原始数据/quarantine/clms_lwq_300m_v1_empty_20260827/2016/taihu_lwq300_v1_20160421.tif,01_当前主原始数据/quarantine/clms_lwq_300m_v1_empty_20260827/2018/taihu_lwq300_v1_20180121.tif,01_当前主原始数据,quarantined
DUP_2600c676d768,2600c676d768f0ce77f1e66a987599bc4685453d191a09b4f282251da4be9b88,301,5195,False,01_当前主原始数据/quarantine/clms_lwq_300m_v1_empty_20260827/2016/taihu_lwq300_v1_20160421.tif,01_当前主原始数据/quarantine/clms_lwq_300m_v1_empty_20260827/2018/taihu_lwq300_v1_20180201.tif,01_当前主原始数据,quarantined
DUP_2600c676d768,2600c676d768f0ce77f1e66a987599bc4685453d191a09b4f282251da4be9b88,301,5195,False,01_当前主原始数据/quarantine/clms_lwq_300m_v1_empty_20260827/2016/taihu_lwq300_v1_20160421.tif,01_当前主原始数据/quarantine/clms_lwq_300m_v1_empty_20260827/2018/taihu_lwq300_v1_20180211.tif,01_当前主原始数据,quarantined
DUP_2600c676d768,2600c676d768f0ce77f1e66a987599bc4685453d191a09b4f282251da4be9b88,301,5195,False,01_当前主原始数据/quarantine/clms_lwq_300m_v1_empty_20260827/2016/taihu_lwq300_v1_20160421.tif,01_当前主原始数据/quarantine/clms_lwq_300m_v1_empty_20260827/2018/taihu_lwq300_v1_20180221.tif,01_当前主原始数据,quarantined
DUP_2600c676d768,2600c676d768f0ce77f1e66a987599bc4685453d191a09b4f282251da4be9b88,301,5195,False,01_当前主原始数据/quarantine/clms_lwq_300m_v1_empty_20260827/2016/taihu_lwq300_v1_20160421.tif,01_当前主原始数据/quarantine/clms_lwq_300m_v1_empty_20260827/2018/taihu_lwq300_v1_20180301.tif,01_当前主原始数据,quarantined
DUP_2600c676d768,2600c676d768f0ce77f1e66a987599bc4685453d191a09b4f282251da4be9b88,301,5195,False,01_当前主原始数据/quarantine/clms_lwq_300m_v1_empty_20260827/2016/taihu_lwq300_v1_20160421.tif,01_当前主原始数据/quarantine/clms_lwq_300m_v1_empty_20260827/2018/taihu_lwq300_v1_20180311.tif,01_当前主原始数据,quarantined
DUP_2600c676d768,2600c676d768f0ce77f1e66a987599bc4685453d191a09b4f282251da4be9b88,301,5195,False,01_当前主原始数据/quarantine/clms_lwq_300m_v1_empty_20260827/2016/taihu_lwq300_v1_20160421.tif,01_当前主原始数据/quarantine/clms_lwq_300m_v1_empty_20260827/2018/taihu_lwq300_v1_20180321.tif,01_当前主原始数据,quarantined
DUP_2600c676d768,2600c676d768f0ce77f1e66a987599bc4685453d191a09b4f282251da4be9b88,301,5195,False,01_当前主原始数据/quarantine/clms_lwq_300m_v1_empty_20260827/2016/taihu_lwq300_v1_20160421.tif,01_当前主原始数据/quarantine/clms_lwq_300m_v1_empty_20260827/2018/taihu_lwq300_v1_20180401.tif,01_当前主原始数据,quarantined
DUP_2600c676d768,2600c676d768f0ce77f1e66a987599bc4685453d191a09b4f282251da4be9b88,301,5195,False,01_当前主原始数据/quarantine/clms_lwq_300m_v1_empty_20260827/2016/taihu_lwq300_v1_20160421.tif,01_当前主原始数据/quarantine/clms_lwq_300m_v1_empty_20260827/2018/taihu_lwq300_v1_20180411.tif,01_当前主原始数据,quarantined
DUP_2600c676d768,2600c676d768f0ce77f1e66a987599bc4685453d191a09b4f282251da4be9b88,301,5195,False,01_当前主原始数据/quarantine/clms_lwq_300m_v1_empty_20260827/2016/taihu_lwq300_v1_20160421.tif,01_当前主原始数据/quarantine/clms_lwq_300m_v1_empty_20260827/2018/taihu_lwq300_v1_20180421.tif,01_当前主原始数据,quarantined
DUP_2600c676d768,2600c676d768f0ce77f1e66a987599bc4685453d191a09b4f282251da4be9b88,301,5195,False,01_当前主原始数据/quarantine/clms_lwq_300m_v1_empty_20260827/2016/taihu_lwq300_v1_20160421.tif,01_当前主原始数据/quarantine/clms_lwq_300m_v1_empty_20260827/2018/taihu_lwq300_v1_20180501.tif,01_当前主原始数据,quarantined
DUP_2600c676d768,2600c676d768f0ce77f1e66a987599bc4685453d191a09b4f282251da4be9b88,301,5195,False,01_当前主原始数据/quarantine/clms_lwq_300m_v1_empty_20260827/2016/taihu_lwq300_v1_20160421.tif,01_当前主原始数据/quarantine/clms_lwq_300m_v1_empty_20260827/2018/taihu_lwq300_v1_20180511.tif,01_当前主原始数据,quarantined
DUP_2600c676d768,2600c676d768f0ce77f1e66a987599bc4685453d191a09b4f282251da4be9b88,301,5195,False,01_当前主原始数据/quarantine/clms_lwq_300m_v1_empty_20260827/2016/taihu_lwq300_v1_20160421.tif,01_当前主原始数据/quarantine/clms_lwq_300m_v1_empty_20260827/2018/taihu_lwq300_v1_20180521.tif,01_当前主原始数据,quarantined
DUP_2600c676d768,2600c676d768f0ce77f1e66a987599bc4685453d191a09b4f282251da4be9b88,301,5195,False,01_当前主原始数据/quarantine/clms_lwq_300m_v1_empty_20260827/2016/taihu_lwq300_v1_20160421.tif,01_当前主原始数据/quarantine/clms_lwq_300m_v1_empty_20260827/2018/taihu_lwq300_v1_20180601.tif,01_当前主原始数据,quarantined
DUP_2600c676d768,2600c676d768f0ce77f1e66a987599bc4685453d191a09b4f282251da4be9b88,301,5195,False,01_当前主原始数据/quarantine/clms_lwq_300m_v1_empty_20260827/2016/taihu_lwq300_v1_20160421.tif,01_当前主原始数据/quarantine/clms_lwq_300m_v1_empty_20260827/2018/taihu_lwq300_v1_20180611.tif,01_当前主原始数据,quarantined
DUP_2600c676d768,2600c676d768f0ce77f1e66a987599bc4685453d191a09b4f282251da4be9b88,301,5195,False,01_当前主原始数据/quarantine/clms_lwq_300m_v1_empty_20260827/2016/taihu_lwq300_v1_20160421.tif,01_当前主原始数据/quarantine/clms_lwq_300m_v1_empty_20260827/2018/taihu_lwq300_v1_20180621.tif,01_当前主原始数据,quarantined
DUP_2600c676d768,2600c676d768f0ce77f1e66a987599bc4685453d191a09b4f282251da4be9b88,301,5195,False,01_当前主原始数据/quarantine/clms_lwq_300m_v1_empty_20260827/2016/taihu_lwq300_v1_20160421.tif,01_当前主原始数据/quarantine/clms_lwq_300m_v1_empty_20260827/2018/taihu_lwq300_v1_20180701.tif,01_当前主原始数据,quarantined
DUP_2600c676d768,2600c676d768f0ce77f1e66a987599bc4685453d191a09b4f282251da4be9b88,301,5195,False,01_当前主原始数据/quarantine/clms_lwq_300m_v1_empty_20260827/2016/taihu_lwq300_v1_20160421.tif,01_当前主原始数据/quarantine/clms_lwq_300m_v1_empty_20260827/2018/taihu_lwq300_v1_20180711.tif,01_当前主原始数据,quarantined
DUP_2600c676d768,2600c676d768f0ce77f1e66a987599bc4685453d191a09b4f282251da4be9b88,301,5195,False,01_当前主原始数据/quarantine/clms_lwq_300m_v1_empty_20260827/2016/taihu_lwq300_v1_20160421.tif,01_当前主原始数据/quarantine/clms_lwq_300m_v1_empty_20260827/2018/taihu_lwq300_v1_20180721.tif,01_当前主原始数据,quarantined
DUP_2600c676d768,2600c676d768f0ce77f1e66a987599bc4685453d191a09b4f282251da4be9b88,301,5195,False,01_当前主原始数据/quarantine/clms_lwq_300m_v1_empty_20260827/2016/taihu_lwq300_v1_20160421.tif,01_当前主原始数据/quarantine/clms_lwq_300m_v1_empty_20260827/2018/taihu_lwq300_v1_20180801.tif,01_当前主原始数据,quarantined
DUP_2600c676d768,2600c676d768f0ce77f1e66a987599bc4685453d191a09b4f282251da4be9b88,301,5195,False,01_当前主原始数据/quarantine/clms_lwq_300m_v1_empty_20260827/2016/taihu_lwq300_v1_20160421.tif,01_当前主原始数据/quarantine/clms_lwq_300m_v1_empty_20260827/2018/taihu_lwq300_v1_20180811.tif,01_当前主原始数据,quarantined
DUP_2600c676d768,2600c676d768f0ce77f1e66a987599bc4685453d191a09b4f282251da4be9b88,301,5195,False,01_当前主原始数据/quarantine/clms_lwq_300m_v1_empty_20260827/2016/taihu_lwq300_v1_20160421.tif,01_当前主原始数据/quarantine/clms_lwq_300m_v1_empty_20260827/2018/taihu_lwq300_v1_20180821.tif,01_当前主原始数据,quarantined
DUP_2600c676d768,2600c676d768f0ce77f1e66a987599bc4685453d191a09b4f282251da4be9b88,301,5195,False,01_当前主原始数据/quarantine/clms_lwq_300m_v1_empty_20260827/2016/taihu_lwq300_v1_20160421.tif,01_当前主原始数据/quarantine/clms_lwq_300m_v1_empty_20260827/2018/taihu_lwq300_v1_20180901.tif,01_当前主原始数据,quarantined
DUP_2600c676d768,2600c676d768f0ce77f1e66a987599bc4685453d191a09b4f282251da4be9b88,301,5195,False,01_当前主原始数据/quarantine/clms_lwq_300m_v1_empty_20260827/2016/taihu_lwq300_v1_20160421.tif,01_当前主原始数据/quarantine/clms_lwq_300m_v1_empty_20260827/2018/taihu_lwq300_v1_20180911.tif,01_当前主原始数据,quarantined
DUP_2600c676d768,2600c676d768f0ce77f1e66a987599bc4685453d191a09b4f282251da4be9b88,301,5195,False,01_当前主原始数据/quarantine/clms_lwq_300m_v1_empty_20260827/2016/taihu_lwq300_v1_20160421.tif,01_当前主原始数据/quarantine/clms_lwq_300m_v1_empty_20260827/2018/taihu_lwq300_v1_20180921.tif,01_当前主原始数据,quarantined
DUP_2600c676d768,2600c676d768f0ce77f1e66a987599bc4685453d191a09b4f282251da4be9b88,301,5195,False,01_当前主原始数据/quarantine/clms_lwq_300m_v1_empty_20260827/2016/taihu_lwq300_v1_20160421.tif,01_当前主原始数据/quarantine/clms_lwq_300m_v1_empty_20260827/2018/taihu_lwq300_v1_20181001.tif,01_当前主原始数据,quarantined
DUP_2600c676d768,2600c676d768f0ce77f1e66a987599bc4685453d191a09b4f282251da4be9b88,301,5195,False,01_当前主原始数据/quarantine/clms_lwq_300m_v1_empty_20260827/2016/taihu_lwq300_v1_20160421.tif,01_当前主原始数据/quarantine/clms_lwq_300m_v1_empty_20260827/2018/taihu_lwq300_v1_20181011.tif,01_当前主原始数据,quarantined
DUP_2600c676d768,2600c676d768f0ce77f1e66a987599bc4685453d191a09b4f282251da4be9b88,301,5195,False,01_当前主原始数据/quarantine/clms_lwq_300m_v1_empty_20260827/2016/taihu_lwq300_v1_20160421.tif,01_当前主原始数据/quarantine/clms_lwq_300m_v1_empty_20260827/2018/taihu_lwq300_v1_20181021.tif,01_当前主原始数据,quarantined
DUP_2600c676d768,2600c676d768f0ce77f1e66a987599bc4685453d191a09b4f282251da4be9b88,301,5195,False,01_当前主原始数据/quarantine/clms_lwq_300m_v1_empty_20260827/2016/taihu_lwq300_v1_20160421.tif,01_当前主原始数据/quarantine/clms_lwq_300m_v1_empty_20260827/2018/taihu_lwq300_v1_20181101.tif,01_当前主原始数据,quarantined
DUP_2600c676d768,2600c676d768f0ce77f1e66a987599bc4685453d191a09b4f282251da4be9b88,301,5195,False,01_当前主原始数据/quarantine/clms_lwq_300m_v1_empty_20260827/2016/taihu_lwq300_v1_20160421.tif,01_当前主原始数据/quarantine/clms_lwq_300m_v1_empty_20260827/2018/taihu_lwq300_v1_20181111.tif,01_当前主原始数据,quarantined
DUP_2600c676d768,2600c676d768f0ce77f1e66a987599bc4685453d191a09b4f282251da4be9b88,301,5195,False,01_当前主原始数据/quarantine/clms_lwq_300m_v1_empty_20260827/2016/taihu_lwq300_v1_20160421.tif,01_当前主原始数据/quarantine/clms_lwq_300m_v1_empty_20260827/2018/taihu_lwq300_v1_20181121.tif,01_当前主原始数据,quarantined
DUP_2600c676d768,2600c676d768f0ce77f1e66a987599bc4685453d191a09b4f282251da4be9b88,301,5195,False,01_当前主原始数据/quarantine/clms_lwq_300m_v1_empty_20260827/2016/taihu_lwq300_v1_20160421.tif,01_当前主原始数据/quarantine/clms_lwq_300m_v1_empty_20260827/2018/taihu_lwq300_v1_20181201.tif,01_当前主原始数据,quarantined
DUP_2600c676d768,2600c676d768f0ce77f1e66a987599bc4685453d191a09b4f282251da4be9b88,301,5195,False,01_当前主原始数据/quarantine/clms_lwq_300m_v1_empty_20260827/2016/taihu_lwq300_v1_20160421.tif,01_当前主原始数据/quarantine/clms_lwq_300m_v1_empty_20260827/2018/taihu_lwq300_v1_20181211.tif,01_当前主原始数据,quarantined
DUP_2600c676d768,2600c676d768f0ce77f1e66a987599bc4685453d191a09b4f282251da4be9b88,301,5195,False,01_当前主原始数据/quarantine/clms_lwq_300m_v1_empty_20260827/2016/taihu_lwq300_v1_20160421.tif,01_当前主原始数据/quarantine/clms_lwq_300m_v1_empty_20260827/2018/taihu_lwq300_v1_20181221.tif,01_当前主原始数据,quarantined
DUP_2600c676d768,2600c676d768f0ce77f1e66a987599bc4685453d191a09b4f282251da4be9b88,301,5195,False,01_当前主原始数据/quarantine/clms_lwq_300m_v1_empty_20260827/2016/taihu_lwq300_v1_20160421.tif,01_当前主原始数据/quarantine/clms_lwq_300m_v1_empty_20260827/2019/taihu_lwq300_v1_20190101.tif,01_当前主原始数据,quarantined
DUP_2600c676d768,2600c676d768f0ce77f1e66a987599bc4685453d191a09b4f282251da4be9b88,301,5195,False,01_当前主原始数据/quarantine/clms_lwq_300m_v1_empty_20260827/2016/taihu_lwq300_v1_20160421.tif,01_当前主原始数据/quarantine/clms_lwq_300m_v1_empty_20260827/2019/taihu_lwq300_v1_20190111.tif,01_当前主原始数据,quarantined
DUP_2600c676d768,2600c676d768f0ce77f1e66a987599bc4685453d191a09b4f282251da4be9b88,301,5195,False,01_当前主原始数据/quarantine/clms_lwq_300m_v1_empty_20260827/2016/taihu_lwq300_v1_20160421.tif,01_当前主原始数据/quarantine/clms_lwq_300m_v1_empty_20260827/2019/taihu_lwq300_v1_20190121.tif,01_当前主原始数据,quarantined
DUP_2600c676d768,2600c676d768f0ce77f1e66a987599bc4685453d191a09b4f282251da4be9b88,301,5195,False,01_当前主原始数据/quarantine/clms_lwq_300m_v1_empty_20260827/2016/taihu_lwq300_v1_20160421.tif,01_当前主原始数据/quarantine/clms_lwq_300m_v1_empty_20260827/2019/taihu_lwq300_v1_20190201.tif,01_当前主原始数据,quarantined
DUP_2600c676d768,2600c676d768f0ce77f1e66a987599bc4685453d191a09b4f282251da4be9b88,301,5195,False,01_当前主原始数据/quarantine/clms_lwq_300m_v1_empty_20260827/2016/taihu_lwq300_v1_20160421.tif,01_当前主原始数据/quarantine/clms_lwq_300m_v1_empty_20260827/2019/taihu_lwq300_v1_20190211.tif,01_当前主原始数据,quarantined
DUP_2600c676d768,2600c676d768f0ce77f1e66a987599bc4685453d191a09b4f282251da4be9b88,301,5195,False,01_当前主原始数据/quarantine/clms_lwq_300m_v1_empty_20260827/2016/taihu_lwq300_v1_20160421.tif,01_当前主原始数据/quarantine/clms_lwq_300m_v1_empty_20260827/2019/taihu_lwq300_v1_20190221.tif,01_当前主原始数据,quarantined
DUP_2600c676d768,2600c676d768f0ce77f1e66a987599bc4685453d191a09b4f282251da4be9b88,301,5195,False,01_当前主原始数据/quarantine/clms_lwq_300m_v1_empty_20260827/2016/taihu_lwq300_v1_20160421.tif,01_当前主原始数据/quarantine/clms_lwq_300m_v1_empty_20260827/2019/taihu_lwq300_v1_20190301.tif,01_当前主原始数据,quarantined
DUP_2600c676d768,2600c676d768f0ce77f1e66a987599bc4685453d191a09b4f282251da4be9b88,301,5195,False,01_当前主原始数据/quarantine/clms_lwq_300m_v1_empty_20260827/2016/taihu_lwq300_v1_20160421.tif,01_当前主原始数据/quarantine/clms_lwq_300m_v1_empty_20260827/2019/taihu_lwq300_v1_20190311.tif,01_当前主原始数据,quarantined
DUP_2600c676d768,2600c676d768f0ce77f1e66a987599bc4685453d191a09b4f282251da4be9b88,301,5195,False,01_当前主原始数据/quarantine/clms_lwq_300m_v1_empty_20260827/2016/taihu_lwq300_v1_20160421.tif,01_当前主原始数据/quarantine/clms_lwq_300m_v1_empty_20260827/2019/taihu_lwq300_v1_20190321.tif,01_当前主原始数据,quarantined
DUP_2600c676d768,2600c676d768f0ce77f1e66a987599bc4685453d191a09b4f282251da4be9b88,301,5195,False,01_当前主原始数据/quarantine/clms_lwq_300m_v1_empty_20260827/2016/taihu_lwq300_v1_20160421.tif,01_当前主原始数据/quarantine/clms_lwq_300m_v1_empty_20260827/2019/taihu_lwq300_v1_20190401.tif,01_当前主原始数据,quarantined
DUP_2600c676d768,2600c676d768f0ce77f1e66a987599bc4685453d191a09b4f282251da4be9b88,301,5195,False,01_当前主原始数据/quarantine/clms_lwq_300m_v1_empty_20260827/2016/taihu_lwq300_v1_20160421.tif,01_当前主原始数据/quarantine/clms_lwq_300m_v1_empty_20260827/2019/taihu_lwq300_v1_20190411.tif,01_当前主原始数据,quarantined
DUP_2600c676d768,2600c676d768f0ce77f1e66a987599bc4685453d191a09b4f282251da4be9b88,301,5195,False,01_当前主原始数据/quarantine/clms_lwq_300m_v1_empty_20260827/2016/taihu_lwq300_v1_20160421.tif,01_当前主原始数据/quarantine/clms_lwq_300m_v1_empty_20260827/2019/taihu_lwq300_v1_20190421.tif,01_当前主原始数据,quarantined
DUP_2600c676d768,2600c676d768f0ce77f1e66a987599bc4685453d191a09b4f282251da4be9b88,301,5195,False,01_当前主原始数据/quarantine/clms_lwq_300m_v1_empty_20260827/2016/taihu_lwq300_v1_20160421.tif,01_当前主原始数据/quarantine/clms_lwq_300m_v1_empty_20260827/2019/taihu_lwq300_v1_20190501.tif,01_当前主原始数据,quarantined
DUP_2600c676d768,2600c676d768f0ce77f1e66a987599bc4685453d191a09b4f282251da4be9b88,301,5195,False,01_当前主原始数据/quarantine/clms_lwq_300m_v1_empty_20260827/2016/taihu_lwq300_v1_20160421.tif,01_当前主原始数据/quarantine/clms_lwq_300m_v1_empty_20260827/2019/taihu_lwq300_v1_20190511.tif,01_当前主原始数据,quarantined
DUP_2600c676d768,2600c676d768f0ce77f1e66a987599bc4685453d191a09b4f282251da4be9b88,301,5195,False,01_当前主原始数据/quarantine/clms_lwq_300m_v1_empty_20260827/2016/taihu_lwq300_v1_20160421.tif,01_当前主原始数据/quarantine/clms_lwq_300m_v1_empty_20260827/2019/taihu_lwq300_v1_20190521.tif,01_当前主原始数据,quarantined
DUP_2600c676d768,2600c676d768f0ce77f1e66a987599bc4685453d191a09b4f282251da4be9b88,301,5195,False,01_当前主原始数据/quarantine/clms_lwq_300m_v1_empty_20260827/2016/taihu_lwq300_v1_20160421.tif,01_当前主原始数据/quarantine/clms_lwq_300m_v1_empty_20260827/2019/taihu_lwq300_v1_20190601.tif,01_当前主原始数据,quarantined
DUP_2600c676d768,2600c676d768f0ce77f1e66a987599bc4685453d191a09b4f282251da4be9b88,301,5195,False,01_当前主原始数据/quarantine/clms_lwq_300m_v1_empty_20260827/2016/taihu_lwq300_v1_20160421.tif,01_当前主原始数据/quarantine/clms_lwq_300m_v1_empty_20260827/2019/taihu_lwq300_v1_20190611.tif,01_当前主原始数据,quarantined
DUP_2600c676d768,2600c676d768f0ce77f1e66a987599bc4685453d191a09b4f282251da4be9b88,301,5195,False,01_当前主原始数据/quarantine/clms_lwq_300m_v1_empty_20260827/2016/taihu_lwq300_v1_20160421.tif,01_当前主原始数据/quarantine/clms_lwq_300m_v1_empty_20260827/2019/taihu_lwq300_v1_20190621.tif,01_当前主原始数据,quarantined
DUP_2600c676d768,2600c676d768f0ce77f1e66a987599bc4685453d191a09b4f282251da4be9b88,301,5195,False,01_当前主原始数据/quarantine/clms_lwq_300m_v1_empty_20260827/2016/taihu_lwq300_v1_20160421.tif,01_当前主原始数据/quarantine/clms_lwq_300m_v1_empty_20260827/2019/taihu_lwq300_v1_20190701.tif,01_当前主原始数据,quarantined
DUP_2600c676d768,2600c676d768f0ce77f1e66a987599bc4685453d191a09b4f282251da4be9b88,301,5195,False,01_当前主原始数据/quarantine/clms_lwq_300m_v1_empty_20260827/2016/taihu_lwq300_v1_20160421.tif,01_当前主原始数据/quarantine/clms_lwq_300m_v1_empty_20260827/2019/taihu_lwq300_v1_20190711.tif,01_当前主原始数据,quarantined
DUP_2600c676d768,2600c676d768f0ce77f1e66a987599bc4685453d191a09b4f282251da4be9b88,301,5195,False,01_当前主原始数据/quarantine/clms_lwq_300m_v1_empty_20260827/2016/taihu_lwq300_v1_20160421.tif,01_当前主原始数据/quarantine/clms_lwq_300m_v1_empty_20260827/2019/taihu_lwq300_v1_20190721.tif,01_当前主原始数据,quarantined
DUP_2600c676d768,2600c676d768f0ce77f1e66a987599bc4685453d191a09b4f282251da4be9b88,301,5195,False,01_当前主原始数据/quarantine/clms_lwq_300m_v1_empty_20260827/2016/taihu_lwq300_v1_20160421.tif,01_当前主原始数据/quarantine/clms_lwq_300m_v1_empty_20260827/2019/taihu_lwq300_v1_20190801.tif,01_当前主原始数据,quarantined
DUP_2600c676d768,2600c676d768f0ce77f1e66a987599bc4685453d191a09b4f282251da4be9b88,301,5195,False,01_当前主原始数据/quarantine/clms_lwq_300m_v1_empty_20260827/2016/taihu_lwq300_v1_20160421.tif,01_当前主原始数据/quarantine/clms_lwq_300m_v1_empty_20260827/2019/taihu_lwq300_v1_20190811.tif,01_当前主原始数据,quarantined
DUP_2600c676d768,2600c676d768f0ce77f1e66a987599bc4685453d191a09b4f282251da4be9b88,301,5195,False,01_当前主原始数据/quarantine/clms_lwq_300m_v1_empty_20260827/2016/taihu_lwq300_v1_20160421.tif,01_当前主原始数据/quarantine/clms_lwq_300m_v1_empty_20260827/2019/taihu_lwq300_v1_20190821.tif,01_当前主原始数据,quarantined
DUP_2600c676d768,2600c676d768f0ce77f1e66a987599bc4685453d191a09b4f282251da4be9b88,301,5195,False,01_当前主原始数据/quarantine/clms_lwq_300m_v1_empty_20260827/2016/taihu_lwq300_v1_20160421.tif,01_当前主原始数据/quarantine/clms_lwq_300m_v1_empty_20260827/2019/taihu_lwq300_v1_20190901.tif,01_当前主原始数据,quarantined
DUP_2600c676d768,2600c676d768f0ce77f1e66a987599bc4685453d191a09b4f282251da4be9b88,301,5195,False,01_当前主原始数据/quarantine/clms_lwq_300m_v1_empty_20260827/2016/taihu_lwq300_v1_20160421.tif,01_当前主原始数据/quarantine/clms_lwq_300m_v1_empty_20260827/2019/taihu_lwq300_v1_20190911.tif,01_当前主原始数据,quarantined
DUP_2600c676d768,2600c676d768f0ce77f1e66a987599bc4685453d191a09b4f282251da4be9b88,301,5195,False,01_当前主原始数据/quarantine/clms_lwq_300m_v1_empty_20260827/2016/taihu_lwq300_v1_20160421.tif,01_当前主原始数据/quarantine/clms_lwq_300m_v1_empty_20260827/2019/taihu_lwq300_v1_20190921.tif,01_当前主原始数据,quarantined
DUP_2600c676d768,2600c676d768f0ce77f1e66a987599bc4685453d191a09b4f282251da4be9b88,301,5195,False,01_当前主原始数据/quarantine/clms_lwq_300m_v1_empty_20260827/2016/taihu_lwq300_v1_20160421.tif,01_当前主原始数据/quarantine/clms_lwq_300m_v1_empty_20260827/2019/taihu_lwq300_v1_20191001.tif,01_当前主原始数据,quarantined
DUP_2600c676d768,2600c676d768f0ce77f1e66a987599bc4685453d191a09b4f282251da4be9b88,301,5195,False,01_当前主原始数据/quarantine/clms_lwq_300m_v1_empty_20260827/2016/taihu_lwq300_v1_20160421.tif,01_当前主原始数据/quarantine/clms_lwq_300m_v1_empty_20260827/2019/taihu_lwq300_v1_20191011.tif,01_当前主原始数据,quarantined
DUP_2600c676d768,2600c676d768f0ce77f1e66a987599bc4685453d191a09b4f282251da4be9b88,301,5195,False,01_当前主原始数据/quarantine/clms_lwq_300m_v1_empty_20260827/2016/taihu_lwq300_v1_20160421.tif,01_当前主原始数据/quarantine/clms_lwq_300m_v1_empty_20260827/2019/taihu_lwq300_v1_20191021.tif,01_当前主原始数据,quarantined
DUP_2600c676d768,2600c676d768f0ce77f1e66a987599bc4685453d191a09b4f282251da4be9b88,301,5195,False,01_当前主原始数据/quarantine/clms_lwq_300m_v1_empty_20260827/2016/taihu_lwq300_v1_20160421.tif,01_当前主原始数据/quarantine/clms_lwq_300m_v1_empty_20260827/2019/taihu_lwq300_v1_20191101.tif,01_当前主原始数据,quarantined
DUP_2600c676d768,2600c676d768f0ce77f1e66a987599bc4685453d191a09b4f282251da4be9b88,301,5195,False,01_当前主原始数据/quarantine/clms_lwq_300m_v1_empty_20260827/2016/taihu_lwq300_v1_20160421.tif,01_当前主原始数据/quarantine/clms_lwq_300m_v1_empty_20260827/2019/taihu_lwq300_v1_20191111.tif,01_当前主原始数据,quarantined
DUP_2600c676d768,2600c676d768f0ce77f1e66a987599bc4685453d191a09b4f282251da4be9b88,301,5195,False,01_当前主原始数据/quarantine/clms_lwq_300m_v1_empty_20260827/2016/taihu_lwq300_v1_20160421.tif,01_当前主原始数据/quarantine/clms_lwq_300m_v1_empty_20260827/2019/taihu_lwq300_v1_20191121.tif,01_当前主原始数据,quarantined
DUP_2600c676d768,2600c676d768f0ce77f1e66a987599bc4685453d191a09b4f282251da4be9b88,301,5195,False,01_当前主原始数据/quarantine/clms_lwq_300m_v1_empty_20260827/2016/taihu_lwq300_v1_20160421.tif,01_当前主原始数据/quarantine/clms_lwq_300m_v1_empty_20260827/2019/taihu_lwq300_v1_20191201.tif,01_当前主原始数据,quarantined
DUP_2600c676d768,2600c676d768f0ce77f1e66a987599bc4685453d191a09b4f282251da4be9b88,301,5195,False,01_当前主原始数据/quarantine/clms_lwq_300m_v1_empty_20260827/2016/taihu_lwq300_v1_20160421.tif,01_当前主原始数据/quarantine/clms_lwq_300m_v1_empty_20260827/2019/taihu_lwq300_v1_20191211.tif,01_当前主原始数据,quarantined
DUP_2600c676d768,2600c676d768f0ce77f1e66a987599bc4685453d191a09b4f282251da4be9b88,301,5195,False,01_当前主原始数据/quarantine/clms_lwq_300m_v1_empty_20260827/2016/taihu_lwq300_v1_20160421.tif,01_当前主原始数据/quarantine/clms_lwq_300m_v1_empty_20260827/2019/taihu_lwq300_v1_20191221.tif,01_当前主原始数据,quarantined
DUP_2600c676d768,2600c676d768f0ce77f1e66a987599bc4685453d191a09b4f282251da4be9b88,301,5195,False,01_当前主原始数据/quarantine/clms_lwq_300m_v1_empty_20260827/2016/taihu_lwq300_v1_20160421.tif,01_当前主原始数据/quarantine/clms_lwq_300m_v1_empty_20260827/2020/taihu_lwq300_v1_20200101.tif,01_当前主原始数据,quarantined
DUP_2600c676d768,2600c676d768f0ce77f1e66a987599bc4685453d191a09b4f282251da4be9b88,301,5195,False,01_当前主原始数据/quarantine/clms_lwq_300m_v1_empty_20260827/2016/taihu_lwq300_v1_20160421.tif,01_当前主原始数据/quarantine/clms_lwq_300m_v1_empty_20260827/2020/taihu_lwq300_v1_20200111.tif,01_当前主原始数据,quarantined
DUP_2600c676d768,2600c676d768f0ce77f1e66a987599bc4685453d191a09b4f282251da4be9b88,301,5195,False,01_当前主原始数据/quarantine/clms_lwq_300m_v1_empty_20260827/2016/taihu_lwq300_v1_20160421.tif,01_当前主原始数据/quarantine/clms_lwq_300m_v1_empty_20260827/2020/taihu_lwq300_v1_20200121.tif,01_当前主原始数据,quarantined
DUP_2600c676d768,2600c676d768f0ce77f1e66a987599bc4685453d191a09b4f282251da4be9b88,301,5195,False,01_当前主原始数据/quarantine/clms_lwq_300m_v1_empty_20260827/2016/taihu_lwq300_v1_20160421.tif,01_当前主原始数据/quarantine/clms_lwq_300m_v1_empty_20260827/2020/taihu_lwq300_v1_20200201.tif,01_当前主原始数据,quarantined
DUP_2600c676d768,2600c676d768f0ce77f1e66a987599bc4685453d191a09b4f282251da4be9b88,301,5195,False,01_当前主原始数据/quarantine/clms_lwq_300m_v1_empty_20260827/2016/taihu_lwq300_v1_20160421.tif,01_当前主原始数据/quarantine/clms_lwq_300m_v1_empty_20260827/2020/taihu_lwq300_v1_20200211.tif,01_当前主原始数据,quarantined
DUP_2600c676d768,2600c676d768f0ce77f1e66a987599bc4685453d191a09b4f282251da4be9b88,301,5195,False,01_当前主原始数据/quarantine/clms_lwq_300m_v1_empty_20260827/2016/taihu_lwq300_v1_20160421.tif,01_当前主原始数据/quarantine/clms_lwq_300m_v1_empty_20260827/2020/taihu_lwq300_v1_20200221.tif,01_当前主原始数据,quarantined
DUP_2600c676d768,2600c676d768f0ce77f1e66a987599bc4685453d191a09b4f282251da4be9b88,301,5195,False,01_当前主原始数据/quarantine/clms_lwq_300m_v1_empty_20260827/2016/taihu_lwq300_v1_20160421.tif,01_当前主原始数据/quarantine/clms_lwq_300m_v1_empty_20260827/2020/taihu_lwq300_v1_20200301.tif,01_当前主原始数据,quarantined
DUP_2600c676d768,2600c676d768f0ce77f1e66a987599bc4685453d191a09b4f282251da4be9b88,301,5195,False,01_当前主原始数据/quarantine/clms_lwq_300m_v1_empty_20260827/2016/taihu_lwq300_v1_20160421.tif,01_当前主原始数据/quarantine/clms_lwq_300m_v1_empty_20260827/2020/taihu_lwq300_v1_20200311.tif,01_当前主原始数据,quarantined
DUP_2600c676d768,2600c676d768f0ce77f1e66a987599bc4685453d191a09b4f282251da4be9b88,301,5195,False,01_当前主原始数据/quarantine/clms_lwq_300m_v1_empty_20260827/2016/taihu_lwq300_v1_20160421.tif,01_当前主原始数据/quarantine/clms_lwq_300m_v1_empty_20260827/2020/taihu_lwq300_v1_20200321.tif,01_当前主原始数据,quarantined
DUP_2600c676d768,2600c676d768f0ce77f1e66a987599bc4685453d191a09b4f282251da4be9b88,301,5195,False,01_当前主原始数据/quarantine/clms_lwq_300m_v1_empty_20260827/2016/taihu_lwq300_v1_20160421.tif,01_当前主原始数据/quarantine/clms_lwq_300m_v1_empty_20260827/2020/taihu_lwq300_v1_20200401.tif,01_当前主原始数据,quarantined
DUP_2600c676d768,2600c676d768f0ce77f1e66a987599bc4685453d191a09b4f282251da4be9b88,301,5195,False,01_当前主原始数据/quarantine/clms_lwq_300m_v1_empty_20260827/2016/taihu_lwq300_v1_20160421.tif,01_当前主原始数据/quarantine/clms_lwq_300m_v1_empty_20260827/2020/taihu_lwq300_v1_20200411.tif,01_当前主原始数据,quarantined
DUP_2600c676d768,2600c676d768f0ce77f1e66a987599bc4685453d191a09b4f282251da4be9b88,301,5195,False,01_当前主原始数据/quarantine/clms_lwq_300m_v1_empty_20260827/2016/taihu_lwq300_v1_20160421.tif,01_当前主原始数据/quarantine/clms_lwq_300m_v1_empty_20260827/2020/taihu_lwq300_v1_20200421.tif,01_当前主原始数据,quarantined
DUP_2600c676d768,2600c676d768f0ce77f1e66a987599bc4685453d191a09b4f282251da4be9b88,301,5195,False,01_当前主原始数据/quarantine/clms_lwq_300m_v1_empty_20260827/2016/taihu_lwq300_v1_20160421.tif,01_当前主原始数据/quarantine/clms_lwq_300m_v1_empty_20260827/2020/taihu_lwq300_v1_20200501.tif,01_当前主原始数据,quarantined
DUP_2600c676d768,2600c676d768f0ce77f1e66a987599bc4685453d191a09b4f282251da4be9b88,301,5195,False,01_当前主原始数据/quarantine/clms_lwq_300m_v1_empty_20260827/2016/taihu_lwq300_v1_20160421.tif,01_当前主原始数据/quarantine/clms_lwq_300m_v1_empty_20260827/2020/taihu_lwq300_v1_20200511.tif,01_当前主原始数据,quarantined
DUP_2600c676d768,2600c676d768f0ce77f1e66a987599bc4685453d191a09b4f282251da4be9b88,301,5195,False,01_当前主原始数据/quarantine/clms_lwq_300m_v1_empty_20260827/2016/taihu_lwq300_v1_20160421.tif,01_当前主原始数据/quarantine/clms_lwq_300m_v1_empty_20260827/2020/taihu_lwq300_v1_20200521.tif,01_当前主原始数据,quarantined
DUP_2600c676d768,2600c676d768f0ce77f1e66a987599bc4685453d191a09b4f282251da4be9b88,301,5195,False,01_当前主原始数据/quarantine/clms_lwq_300m_v1_empty_20260827/2016/taihu_lwq300_v1_20160421.tif,01_当前主原始数据/quarantine/clms_lwq_300m_v1_empty_20260827/2020/taihu_lwq300_v1_20200601.tif,01_当前主原始数据,quarantined
DUP_2600c676d768,2600c676d768f0ce77f1e66a987599bc4685453d191a09b4f282251da4be9b88,301,5195,False,01_当前主原始数据/quarantine/clms_lwq_300m_v1_empty_20260827/2016/taihu_lwq300_v1_20160421.tif,01_当前主原始数据/quarantine/clms_lwq_300m_v1_empty_20260827/2020/taihu_lwq300_v1_20200611.tif,01_当前主原始数据,quarantined
DUP_2600c676d768,2600c676d768f0ce77f1e66a987599bc4685453d191a09b4f282251da4be9b88,301,5195,False,01_当前主原始数据/quarantine/clms_lwq_300m_v1_empty_20260827/2016/taihu_lwq300_v1_20160421.tif,01_当前主原始数据/quarantine/clms_lwq_300m_v1_empty_20260827/2020/taihu_lwq300_v1_20200621.tif,01_当前主原始数据,quarantined
DUP_2600c676d768,2600c676d768f0ce77f1e66a987599bc4685453d191a09b4f282251da4be9b88,301,5195,False,01_当前主原始数据/quarantine/clms_lwq_300m_v1_empty_20260827/2016/taihu_lwq300_v1_20160421.tif,01_当前主原始数据/quarantine/clms_lwq_300m_v1_empty_20260827/2020/taihu_lwq300_v1_20200701.tif,01_当前主原始数据,quarantined
DUP_2600c676d768,2600c676d768f0ce77f1e66a987599bc4685453d191a09b4f282251da4be9b88,301,5195,False,01_当前主原始数据/quarantine/clms_lwq_300m_v1_empty_20260827/2016/taihu_lwq300_v1_20160421.tif,01_当前主原始数据/quarantine/clms_lwq_300m_v1_empty_20260827/2020/taihu_lwq300_v1_20200711.tif,01_当前主原始数据,quarantined
DUP_2600c676d768,2600c676d768f0ce77f1e66a987599bc4685453d191a09b4f282251da4be9b88,301,5195,False,01_当前主原始数据/quarantine/clms_lwq_300m_v1_empty_20260827/2016/taihu_lwq300_v1_20160421.tif,01_当前主原始数据/quarantine/clms_lwq_300m_v1_empty_20260827/2020/taihu_lwq300_v1_20200721.tif,01_当前主原始数据,quarantined
DUP_2600c676d768,2600c676d768f0ce77f1e66a987599bc4685453d191a09b4f282251da4be9b88,301,5195,False,01_当前主原始数据/quarantine/clms_lwq_300m_v1_empty_20260827/2016/taihu_lwq300_v1_20160421.tif,01_当前主原始数据/quarantine/clms_lwq_300m_v1_empty_20260827/2020/taihu_lwq300_v1_20200801.tif,01_当前主原始数据,quarantined
DUP_2600c676d768,2600c676d768f0ce77f1e66a987599bc4685453d191a09b4f282251da4be9b88,301,5195,False,01_当前主原始数据/quarantine/clms_lwq_300m_v1_empty_20260827/2016/taihu_lwq300_v1_20160421.tif,01_当前主原始数据/quarantine/clms_lwq_300m_v1_empty_20260827/2020/taihu_lwq300_v1_20200811.tif,01_当前主原始数据,quarantined
DUP_2600c676d768,2600c676d768f0ce77f1e66a987599bc4685453d191a09b4f282251da4be9b88,301,5195,False,01_当前主原始数据/quarantine/clms_lwq_300m_v1_empty_20260827/2016/taihu_lwq300_v1_20160421.tif,01_当前主原始数据/quarantine/clms_lwq_300m_v1_empty_20260827/2020/taihu_lwq300_v1_20200821.tif,01_当前主原始数据,quarantined
DUP_2600c676d768,2600c676d768f0ce77f1e66a987599bc4685453d191a09b4f282251da4be9b88,301,5195,False,01_当前主原始数据/quarantine/clms_lwq_300m_v1_empty_20260827/2016/taihu_lwq300_v1_20160421.tif,01_当前主原始数据/quarantine/clms_lwq_300m_v1_empty_20260827/2020/taihu_lwq300_v1_20200901.tif,01_当前主原始数据,quarantined
DUP_2600c676d768,2600c676d768f0ce77f1e66a987599bc4685453d191a09b4f282251da4be9b88,301,5195,False,01_当前主原始数据/quarantine/clms_lwq_300m_v1_empty_20260827/2016/taihu_lwq300_v1_20160421.tif,01_当前主原始数据/quarantine/clms_lwq_300m_v1_empty_20260827/2020/taihu_lwq300_v1_20200911.tif,01_当前主原始数据,quarantined
DUP_2600c676d768,2600c676d768f0ce77f1e66a987599bc4685453d191a09b4f282251da4be9b88,301,5195,False,01_当前主原始数据/quarantine/clms_lwq_300m_v1_empty_20260827/2016/taihu_lwq300_v1_20160421.tif,01_当前主原始数据/quarantine/clms_lwq_300m_v1_empty_20260827/2020/taihu_lwq300_v1_20200921.tif,01_当前主原始数据,quarantined
DUP_2600c676d768,2600c676d768f0ce77f1e66a987599bc4685453d191a09b4f282251da4be9b88,301,5195,False,01_当前主原始数据/quarantine/clms_lwq_300m_v1_empty_20260827/2016/taihu_lwq300_v1_20160421.tif,01_当前主原始数据/quarantine/clms_lwq_300m_v1_empty_20260827/2020/taihu_lwq300_v1_20201001.tif,01_当前主原始数据,quarantined
DUP_2600c676d768,2600c676d768f0ce77f1e66a987599bc4685453d191a09b4f282251da4be9b88,301,5195,False,01_当前主原始数据/quarantine/clms_lwq_300m_v1_empty_20260827/2016/taihu_lwq300_v1_20160421.tif,01_当前主原始数据/quarantine/clms_lwq_300m_v1_empty_20260827/2020/taihu_lwq300_v1_20201011.tif,01_当前主原始数据,quarantined
DUP_2600c676d768,2600c676d768f0ce77f1e66a987599bc4685453d191a09b4f282251da4be9b88,301,5195,False,01_当前主原始数据/quarantine/clms_lwq_300m_v1_empty_20260827/2016/taihu_lwq300_v1_20160421.tif,01_当前主原始数据/quarantine/clms_lwq_300m_v1_empty_20260827/2020/taihu_lwq300_v1_20201021.tif,01_当前主原始数据,quarantined
DUP_2600c676d768,2600c676d768f0ce77f1e66a987599bc4685453d191a09b4f282251da4be9b88,301,5195,False,01_当前主原始数据/quarantine/clms_lwq_300m_v1_empty_20260827/2016/taihu_lwq300_v1_20160421.tif,01_当前主原始数据/quarantine/clms_lwq_300m_v1_empty_20260827/2020/taihu_lwq300_v1_20201101.tif,01_当前主原始数据,quarantined
DUP_2600c676d768,2600c676d768f0ce77f1e66a987599bc4685453d191a09b4f282251da4be9b88,301,5195,False,01_当前主原始数据/quarantine/clms_lwq_300m_v1_empty_20260827/2016/taihu_lwq300_v1_20160421.tif,01_当前主原始数据/quarantine/clms_lwq_300m_v1_empty_20260827/2020/taihu_lwq300_v1_20201111.tif,01_当前主原始数据,quarantined
DUP_2600c676d768,2600c676d768f0ce77f1e66a987599bc4685453d191a09b4f282251da4be9b88,301,5195,False,01_当前主原始数据/quarantine/clms_lwq_300m_v1_empty_20260827/2016/taihu_lwq300_v1_20160421.tif,01_当前主原始数据/quarantine/clms_lwq_300m_v1_empty_20260827/2020/taihu_lwq300_v1_20201121.tif,01_当前主原始数据,quarantined
DUP_2600c676d768,2600c676d768f0ce77f1e66a987599bc4685453d191a09b4f282251da4be9b88,301,5195,False,01_当前主原始数据/quarantine/clms_lwq_300m_v1_empty_20260827/2016/taihu_lwq300_v1_20160421.tif,01_当前主原始数据/quarantine/clms_lwq_300m_v1_empty_20260827/2020/taihu_lwq300_v1_20201201.tif,01_当前主原始数据,quarantined
DUP_2600c676d768,2600c676d768f0ce77f1e66a987599bc4685453d191a09b4f282251da4be9b88,301,5195,False,01_当前主原始数据/quarantine/clms_lwq_300m_v1_empty_20260827/2016/taihu_lwq300_v1_20160421.tif,01_当前主原始数据/quarantine/clms_lwq_300m_v1_empty_20260827/2020/taihu_lwq300_v1_20201211.tif,01_当前主原始数据,quarantined
DUP_2600c676d768,2600c676d768f0ce77f1e66a987599bc4685453d191a09b4f282251da4be9b88,301,5195,False,01_当前主原始数据/quarantine/clms_lwq_300m_v1_empty_20260827/2016/taihu_lwq300_v1_20160421.tif,01_当前主原始数据/quarantine/clms_lwq_300m_v1_empty_20260827/2020/taihu_lwq300_v1_20201221.tif,01_当前主原始数据,quarantined
DUP_2600c676d768,2600c676d768f0ce77f1e66a987599bc4685453d191a09b4f282251da4be9b88,301,5195,False,01_当前主原始数据/quarantine/clms_lwq_300m_v1_empty_20260827/2016/taihu_lwq300_v1_20160421.tif,01_当前主原始数据/quarantine/clms_lwq_300m_v1_empty_20260827/2021/taihu_lwq300_v1_20210101.tif,01_当前主原始数据,quarantined
DUP_2600c676d768,2600c676d768f0ce77f1e66a987599bc4685453d191a09b4f282251da4be9b88,301,5195,False,01_当前主原始数据/quarantine/clms_lwq_300m_v1_empty_20260827/2016/taihu_lwq300_v1_20160421.tif,01_当前主原始数据/quarantine/clms_lwq_300m_v1_empty_20260827/2021/taihu_lwq300_v1_20210111.tif,01_当前主原始数据,quarantined
DUP_2600c676d768,2600c676d768f0ce77f1e66a987599bc4685453d191a09b4f282251da4be9b88,301,5195,False,01_当前主原始数据/quarantine/clms_lwq_300m_v1_empty_20260827/2016/taihu_lwq300_v1_20160421.tif,01_当前主原始数据/quarantine/clms_lwq_300m_v1_empty_20260827/2021/taihu_lwq300_v1_20210121.tif,01_当前主原始数据,quarantined
DUP_2600c676d768,2600c676d768f0ce77f1e66a987599bc4685453d191a09b4f282251da4be9b88,301,5195,False,01_当前主原始数据/quarantine/clms_lwq_300m_v1_empty_20260827/2016/taihu_lwq300_v1_20160421.tif,01_当前主原始数据/quarantine/clms_lwq_300m_v1_empty_20260827/2021/taihu_lwq300_v1_20210201.tif,01_当前主原始数据,quarantined
DUP_2600c676d768,2600c676d768f0ce77f1e66a987599bc4685453d191a09b4f282251da4be9b88,301,5195,False,01_当前主原始数据/quarantine/clms_lwq_300m_v1_empty_20260827/2016/taihu_lwq300_v1_20160421.tif,01_当前主原始数据/quarantine/clms_lwq_300m_v1_empty_20260827/2021/taihu_lwq300_v1_20210211.tif,01_当前主原始数据,quarantined
DUP_2600c676d768,2600c676d768f0ce77f1e66a987599bc4685453d191a09b4f282251da4be9b88,301,5195,False,01_当前主原始数据/quarantine/clms_lwq_300m_v1_empty_20260827/2016/taihu_lwq300_v1_20160421.tif,01_当前主原始数据/quarantine/clms_lwq_300m_v1_empty_20260827/2021/taihu_lwq300_v1_20210221.tif,01_当前主原始数据,quarantined
DUP_2600c676d768,2600c676d768f0ce77f1e66a987599bc4685453d191a09b4f282251da4be9b88,301,5195,False,01_当前主原始数据/quarantine/clms_lwq_300m_v1_empty_20260827/2016/taihu_lwq300_v1_20160421.tif,01_当前主原始数据/quarantine/clms_lwq_300m_v1_empty_20260827/2021/taihu_lwq300_v1_20210301.tif,01_当前主原始数据,quarantined
DUP_2600c676d768,2600c676d768f0ce77f1e66a987599bc4685453d191a09b4f282251da4be9b88,301,5195,False,01_当前主原始数据/quarantine/clms_lwq_300m_v1_empty_20260827/2016/taihu_lwq300_v1_20160421.tif,01_当前主原始数据/quarantine/clms_lwq_300m_v1_empty_20260827/2021/taihu_lwq300_v1_20210311.tif,01_当前主原始数据,quarantined
DUP_2600c676d768,2600c676d768f0ce77f1e66a987599bc4685453d191a09b4f282251da4be9b88,301,5195,False,01_当前主原始数据/quarantine/clms_lwq_300m_v1_empty_20260827/2016/taihu_lwq300_v1_20160421.tif,01_当前主原始数据/quarantine/clms_lwq_300m_v1_empty_20260827/2021/taihu_lwq300_v1_20210321.tif,01_当前主原始数据,quarantined
DUP_2600c676d768,2600c676d768f0ce77f1e66a987599bc4685453d191a09b4f282251da4be9b88,301,5195,False,01_当前主原始数据/quarantine/clms_lwq_300m_v1_empty_20260827/2016/taihu_lwq300_v1_20160421.tif,01_当前主原始数据/quarantine/clms_lwq_300m_v1_empty_20260827/2021/taihu_lwq300_v1_20210401.tif,01_当前主原始数据,quarantined
DUP_2600c676d768,2600c676d768f0ce77f1e66a987599bc4685453d191a09b4f282251da4be9b88,301,5195,False,01_当前主原始数据/quarantine/clms_lwq_300m_v1_empty_20260827/2016/taihu_lwq300_v1_20160421.tif,01_当前主原始数据/quarantine/clms_lwq_300m_v1_empty_20260827/2021/taihu_lwq300_v1_20210411.tif,01_当前主原始数据,quarantined
DUP_2600c676d768,2600c676d768f0ce77f1e66a987599bc4685453d191a09b4f282251da4be9b88,301,5195,False,01_当前主原始数据/quarantine/clms_lwq_300m_v1_empty_20260827/2016/taihu_lwq300_v1_20160421.tif,01_当前主原始数据/quarantine/clms_lwq_300m_v1_empty_20260827/2021/taihu_lwq300_v1_20210421.tif,01_当前主原始数据,quarantined
DUP_2600c676d768,2600c676d768f0ce77f1e66a987599bc4685453d191a09b4f282251da4be9b88,301,5195,False,01_当前主原始数据/quarantine/clms_lwq_300m_v1_empty_20260827/2016/taihu_lwq300_v1_20160421.tif,01_当前主原始数据/quarantine/clms_lwq_300m_v1_empty_20260827/2021/taihu_lwq300_v1_20210501.tif,01_当前主原始数据,quarantined
DUP_2600c676d768,2600c676d768f0ce77f1e66a987599bc4685453d191a09b4f282251da4be9b88,301,5195,False,01_当前主原始数据/quarantine/clms_lwq_300m_v1_empty_20260827/2016/taihu_lwq300_v1_20160421.tif,01_当前主原始数据/quarantine/clms_lwq_300m_v1_empty_20260827/2021/taihu_lwq300_v1_20210511.tif,01_当前主原始数据,quarantined
DUP_2600c676d768,2600c676d768f0ce77f1e66a987599bc4685453d191a09b4f282251da4be9b88,301,5195,False,01_当前主原始数据/quarantine/clms_lwq_300m_v1_empty_20260827/2016/taihu_lwq300_v1_20160421.tif,01_当前主原始数据/quarantine/clms_lwq_300m_v1_empty_20260827/2021/taihu_lwq300_v1_20210521.tif,01_当前主原始数据,quarantined
DUP_2600c676d768,2600c676d768f0ce77f1e66a987599bc4685453d191a09b4f282251da4be9b88,301,5195,False,01_当前主原始数据/quarantine/clms_lwq_300m_v1_empty_20260827/2016/taihu_lwq300_v1_20160421.tif,01_当前主原始数据/quarantine/clms_lwq_300m_v1_empty_20260827/2021/taihu_lwq300_v1_20210601.tif,01_当前主原始数据,quarantined
DUP_2600c676d768,2600c676d768f0ce77f1e66a987599bc4685453d191a09b4f282251da4be9b88,301,5195,False,01_当前主原始数据/quarantine/clms_lwq_300m_v1_empty_20260827/2016/taihu_lwq300_v1_20160421.tif,01_当前主原始数据/quarantine/clms_lwq_300m_v1_empty_20260827/2021/taihu_lwq300_v1_20210611.tif,01_当前主原始数据,quarantined
DUP_2600c676d768,2600c676d768f0ce77f1e66a987599bc4685453d191a09b4f282251da4be9b88,301,5195,False,01_当前主原始数据/quarantine/clms_lwq_300m_v1_empty_20260827/2016/taihu_lwq300_v1_20160421.tif,01_当前主原始数据/quarantine/clms_lwq_300m_v1_empty_20260827/2021/taihu_lwq300_v1_20210621.tif,01_当前主原始数据,quarantined
DUP_2600c676d768,2600c676d768f0ce77f1e66a987599bc4685453d191a09b4f282251da4be9b88,301,5195,False,01_当前主原始数据/quarantine/clms_lwq_300m_v1_empty_20260827/2016/taihu_lwq300_v1_20160421.tif,01_当前主原始数据/quarantine/clms_lwq_300m_v1_empty_20260827/2021/taihu_lwq300_v1_20210701.tif,01_当前主原始数据,quarantined
DUP_2600c676d768,2600c676d768f0ce77f1e66a987599bc4685453d191a09b4f282251da4be9b88,301,5195,False,01_当前主原始数据/quarantine/clms_lwq_300m_v1_empty_20260827/2016/taihu_lwq300_v1_20160421.tif,01_当前主原始数据/quarantine/clms_lwq_300m_v1_empty_20260827/2021/taihu_lwq300_v1_20210711.tif,01_当前主原始数据,quarantined
DUP_2600c676d768,2600c676d768f0ce77f1e66a987599bc4685453d191a09b4f282251da4be9b88,301,5195,False,01_当前主原始数据/quarantine/clms_lwq_300m_v1_empty_20260827/2016/taihu_lwq300_v1_20160421.tif,01_当前主原始数据/quarantine/clms_lwq_300m_v1_empty_20260827/2021/taihu_lwq300_v1_20210721.tif,01_当前主原始数据,quarantined
DUP_2600c676d768,2600c676d768f0ce77f1e66a987599bc4685453d191a09b4f282251da4be9b88,301,5195,False,01_当前主原始数据/quarantine/clms_lwq_300m_v1_empty_20260827/2016/taihu_lwq300_v1_20160421.tif,01_当前主原始数据/quarantine/clms_lwq_300m_v1_empty_20260827/2021/taihu_lwq300_v1_20210801.tif,01_当前主原始数据,quarantined
DUP_2600c676d768,2600c676d768f0ce77f1e66a987599bc4685453d191a09b4f282251da4be9b88,301,5195,False,01_当前主原始数据/quarantine/clms_lwq_300m_v1_empty_20260827/2016/taihu_lwq300_v1_20160421.tif,01_当前主原始数据/quarantine/clms_lwq_300m_v1_empty_20260827/2021/taihu_lwq300_v1_20210811.tif,01_当前主原始数据,quarantined
DUP_2600c676d768,2600c676d768f0ce77f1e66a987599bc4685453d191a09b4f282251da4be9b88,301,5195,False,01_当前主原始数据/quarantine/clms_lwq_300m_v1_empty_20260827/2016/taihu_lwq300_v1_20160421.tif,01_当前主原始数据/quarantine/clms_lwq_300m_v1_empty_20260827/2021/taihu_lwq300_v1_20210821.tif,01_当前主原始数据,quarantined
DUP_2600c676d768,2600c676d768f0ce77f1e66a987599bc4685453d191a09b4f282251da4be9b88,301,5195,False,01_当前主原始数据/quarantine/clms_lwq_300m_v1_empty_20260827/2016/taihu_lwq300_v1_20160421.tif,01_当前主原始数据/quarantine/clms_lwq_300m_v1_empty_20260827/2021/taihu_lwq300_v1_20210901.tif,01_当前主原始数据,quarantined
DUP_2600c676d768,2600c676d768f0ce77f1e66a987599bc4685453d191a09b4f282251da4be9b88,301,5195,False,01_当前主原始数据/quarantine/clms_lwq_300m_v1_empty_20260827/2016/taihu_lwq300_v1_20160421.tif,01_当前主原始数据/quarantine/clms_lwq_300m_v1_empty_20260827/2021/taihu_lwq300_v1_20210911.tif,01_当前主原始数据,quarantined
DUP_2600c676d768,2600c676d768f0ce77f1e66a987599bc4685453d191a09b4f282251da4be9b88,301,5195,False,01_当前主原始数据/quarantine/clms_lwq_300m_v1_empty_20260827/2016/taihu_lwq300_v1_20160421.tif,01_当前主原始数据/quarantine/clms_lwq_300m_v1_empty_20260827/2021/taihu_lwq300_v1_20210921.tif,01_当前主原始数据,quarantined
DUP_2600c676d768,2600c676d768f0ce77f1e66a987599bc4685453d191a09b4f282251da4be9b88,301,5195,False,01_当前主原始数据/quarantine/clms_lwq_300m_v1_empty_20260827/2016/taihu_lwq300_v1_20160421.tif,01_当前主原始数据/quarantine/clms_lwq_300m_v1_empty_20260827/2021/taihu_lwq300_v1_20211001.tif,01_当前主原始数据,quarantined
DUP_2600c676d768,2600c676d768f0ce77f1e66a987599bc4685453d191a09b4f282251da4be9b88,301,5195,False,01_当前主原始数据/quarantine/clms_lwq_300m_v1_empty_20260827/2016/taihu_lwq300_v1_20160421.tif,01_当前主原始数据/quarantine/clms_lwq_300m_v1_empty_20260827/2021/taihu_lwq300_v1_20211011.tif,01_当前主原始数据,quarantined
DUP_2600c676d768,2600c676d768f0ce77f1e66a987599bc4685453d191a09b4f282251da4be9b88,301,5195,False,01_当前主原始数据/quarantine/clms_lwq_300m_v1_empty_20260827/2016/taihu_lwq300_v1_20160421.tif,01_当前主原始数据/quarantine/clms_lwq_300m_v1_empty_20260827/2021/taihu_lwq300_v1_20211021.tif,01_当前主原始数据,quarantined
DUP_2600c676d768,2600c676d768f0ce77f1e66a987599bc4685453d191a09b4f282251da4be9b88,301,5195,False,01_当前主原始数据/quarantine/clms_lwq_300m_v1_empty_20260827/2016/taihu_lwq300_v1_20160421.tif,01_当前主原始数据/quarantine/clms_lwq_300m_v1_empty_20260827/2021/taihu_lwq300_v1_20211101.tif,01_当前主原始数据,quarantined
DUP_2600c676d768,2600c676d768f0ce77f1e66a987599bc4685453d191a09b4f282251da4be9b88,301,5195,False,01_当前主原始数据/quarantine/clms_lwq_300m_v1_empty_20260827/2016/taihu_lwq300_v1_20160421.tif,01_当前主原始数据/quarantine/clms_lwq_300m_v1_empty_20260827/2021/taihu_lwq300_v1_20211111.tif,01_当前主原始数据,quarantined
DUP_2600c676d768,2600c676d768f0ce77f1e66a987599bc4685453d191a09b4f282251da4be9b88,301,5195,False,01_当前主原始数据/quarantine/clms_lwq_300m_v1_empty_20260827/2016/taihu_lwq300_v1_20160421.tif,01_当前主原始数据/quarantine/clms_lwq_300m_v1_empty_20260827/2021/taihu_lwq300_v1_20211121.tif,01_当前主原始数据,quarantined
DUP_2600c676d768,2600c676d768f0ce77f1e66a987599bc4685453d191a09b4f282251da4be9b88,301,5195,False,01_当前主原始数据/quarantine/clms_lwq_300m_v1_empty_20260827/2016/taihu_lwq300_v1_20160421.tif,01_当前主原始数据/quarantine/clms_lwq_300m_v1_empty_20260827/2021/taihu_lwq300_v1_20211201.tif,01_当前主原始数据,quarantined
DUP_2600c676d768,2600c676d768f0ce77f1e66a987599bc4685453d191a09b4f282251da4be9b88,301,5195,False,01_当前主原始数据/quarantine/clms_lwq_300m_v1_empty_20260827/2016/taihu_lwq300_v1_20160421.tif,01_当前主原始数据/quarantine/clms_lwq_300m_v1_empty_20260827/2021/taihu_lwq300_v1_20211211.tif,01_当前主原始数据,quarantined
DUP_2600c676d768,2600c676d768f0ce77f1e66a987599bc4685453d191a09b4f282251da4be9b88,301,5195,False,01_当前主原始数据/quarantine/clms_lwq_300m_v1_empty_20260827/2016/taihu_lwq300_v1_20160421.tif,01_当前主原始数据/quarantine/clms_lwq_300m_v1_empty_20260827/2021/taihu_lwq300_v1_20211221.tif,01_当前主原始数据,quarantined
DUP_2600c676d768,2600c676d768f0ce77f1e66a987599bc4685453d191a09b4f282251da4be9b88,301,5195,False,01_当前主原始数据/quarantine/clms_lwq_300m_v1_empty_20260827/2016/taihu_lwq300_v1_20160421.tif,01_当前主原始数据/quarantine/clms_lwq_300m_v1_empty_20260827/2022/taihu_lwq300_v1_20220101.tif,01_当前主原始数据,quarantined
DUP_2600c676d768,2600c676d768f0ce77f1e66a987599bc4685453d191a09b4f282251da4be9b88,301,5195,False,01_当前主原始数据/quarantine/clms_lwq_300m_v1_empty_20260827/2016/taihu_lwq300_v1_20160421.tif,01_当前主原始数据/quarantine/clms_lwq_300m_v1_empty_20260827/2022/taihu_lwq300_v1_20220111.tif,01_当前主原始数据,quarantined
DUP_2600c676d768,2600c676d768f0ce77f1e66a987599bc4685453d191a09b4f282251da4be9b88,301,5195,False,01_当前主原始数据/quarantine/clms_lwq_300m_v1_empty_20260827/2016/taihu_lwq300_v1_20160421.tif,01_当前主原始数据/quarantine/clms_lwq_300m_v1_empty_20260827/2022/taihu_lwq300_v1_20220121.tif,01_当前主原始数据,quarantined
DUP_2600c676d768,2600c676d768f0ce77f1e66a987599bc4685453d191a09b4f282251da4be9b88,301,5195,False,01_当前主原始数据/quarantine/clms_lwq_300m_v1_empty_20260827/2016/taihu_lwq300_v1_20160421.tif,01_当前主原始数据/quarantine/clms_lwq_300m_v1_empty_20260827/2022/taihu_lwq300_v1_20220201.tif,01_当前主原始数据,quarantined
DUP_2600c676d768,2600c676d768f0ce77f1e66a987599bc4685453d191a09b4f282251da4be9b88,301,5195,False,01_当前主原始数据/quarantine/clms_lwq_300m_v1_empty_20260827/2016/taihu_lwq300_v1_20160421.tif,01_当前主原始数据/quarantine/clms_lwq_300m_v1_empty_20260827/2022/taihu_lwq300_v1_20220211.tif,01_当前主原始数据,quarantined
DUP_2600c676d768,2600c676d768f0ce77f1e66a987599bc4685453d191a09b4f282251da4be9b88,301,5195,False,01_当前主原始数据/quarantine/clms_lwq_300m_v1_empty_20260827/2016/taihu_lwq300_v1_20160421.tif,01_当前主原始数据/quarantine/clms_lwq_300m_v1_empty_20260827/2022/taihu_lwq300_v1_20220221.tif,01_当前主原始数据,quarantined
DUP_2600c676d768,2600c676d768f0ce77f1e66a987599bc4685453d191a09b4f282251da4be9b88,301,5195,False,01_当前主原始数据/quarantine/clms_lwq_300m_v1_empty_20260827/2016/taihu_lwq300_v1_20160421.tif,01_当前主原始数据/quarantine/clms_lwq_300m_v1_empty_20260827/2022/taihu_lwq300_v1_20220301.tif,01_当前主原始数据,quarantined
DUP_2600c676d768,2600c676d768f0ce77f1e66a987599bc4685453d191a09b4f282251da4be9b88,301,5195,False,01_当前主原始数据/quarantine/clms_lwq_300m_v1_empty_20260827/2016/taihu_lwq300_v1_20160421.tif,01_当前主原始数据/quarantine/clms_lwq_300m_v1_empty_20260827/2022/taihu_lwq300_v1_20220311.tif,01_当前主原始数据,quarantined
DUP_2600c676d768,2600c676d768f0ce77f1e66a987599bc4685453d191a09b4f282251da4be9b88,301,5195,False,01_当前主原始数据/quarantine/clms_lwq_300m_v1_empty_20260827/2016/taihu_lwq300_v1_20160421.tif,01_当前主原始数据/quarantine/clms_lwq_300m_v1_empty_20260827/2022/taihu_lwq300_v1_20220321.tif,01_当前主原始数据,quarantined
DUP_2600c676d768,2600c676d768f0ce77f1e66a987599bc4685453d191a09b4f282251da4be9b88,301,5195,False,01_当前主原始数据/quarantine/clms_lwq_300m_v1_empty_20260827/2016/taihu_lwq300_v1_20160421.tif,01_当前主原始数据/quarantine/clms_lwq_300m_v1_empty_20260827/2022/taihu_lwq300_v1_20220401.tif,01_当前主原始数据,quarantined
DUP_2600c676d768,2600c676d768f0ce77f1e66a987599bc4685453d191a09b4f282251da4be9b88,301,5195,False,01_当前主原始数据/quarantine/clms_lwq_300m_v1_empty_20260827/2016/taihu_lwq300_v1_20160421.tif,01_当前主原始数据/quarantine/clms_lwq_300m_v1_empty_20260827/2022/taihu_lwq300_v1_20220411.tif,01_当前主原始数据,quarantined
DUP_2600c676d768,2600c676d768f0ce77f1e66a987599bc4685453d191a09b4f282251da4be9b88,301,5195,False,01_当前主原始数据/quarantine/clms_lwq_300m_v1_empty_20260827/2016/taihu_lwq300_v1_20160421.tif,01_当前主原始数据/quarantine/clms_lwq_300m_v1_empty_20260827/2022/taihu_lwq300_v1_20220421.tif,01_当前主原始数据,quarantined
DUP_2600c676d768,2600c676d768f0ce77f1e66a987599bc4685453d191a09b4f282251da4be9b88,301,5195,False,01_当前主原始数据/quarantine/clms_lwq_300m_v1_empty_20260827/2016/taihu_lwq300_v1_20160421.tif,01_当前主原始数据/quarantine/clms_lwq_300m_v1_empty_20260827/2022/taihu_lwq300_v1_20220501.tif,01_当前主原始数据,quarantined
DUP_2600c676d768,2600c676d768f0ce77f1e66a987599bc4685453d191a09b4f282251da4be9b88,301,5195,False,01_当前主原始数据/quarantine/clms_lwq_300m_v1_empty_20260827/2016/taihu_lwq300_v1_20160421.tif,01_当前主原始数据/quarantine/clms_lwq_300m_v1_empty_20260827/2022/taihu_lwq300_v1_20220511.tif,01_当前主原始数据,quarantined
DUP_2600c676d768,2600c676d768f0ce77f1e66a987599bc4685453d191a09b4f282251da4be9b88,301,5195,False,01_当前主原始数据/quarantine/clms_lwq_300m_v1_empty_20260827/2016/taihu_lwq300_v1_20160421.tif,01_当前主原始数据/quarantine/clms_lwq_300m_v1_empty_20260827/2022/taihu_lwq300_v1_20220521.tif,01_当前主原始数据,quarantined
DUP_2600c676d768,2600c676d768f0ce77f1e66a987599bc4685453d191a09b4f282251da4be9b88,301,5195,False,01_当前主原始数据/quarantine/clms_lwq_300m_v1_empty_20260827/2016/taihu_lwq300_v1_20160421.tif,01_当前主原始数据/quarantine/clms_lwq_300m_v1_empty_20260827/2022/taihu_lwq300_v1_20220601.tif,01_当前主原始数据,quarantined
DUP_2600c676d768,2600c676d768f0ce77f1e66a987599bc4685453d191a09b4f282251da4be9b88,301,5195,False,01_当前主原始数据/quarantine/clms_lwq_300m_v1_empty_20260827/2016/taihu_lwq300_v1_20160421.tif,01_当前主原始数据/quarantine/clms_lwq_300m_v1_empty_20260827/2022/taihu_lwq300_v1_20220611.tif,01_当前主原始数据,quarantined
DUP_2600c676d768,2600c676d768f0ce77f1e66a987599bc4685453d191a09b4f282251da4be9b88,301,5195,False,01_当前主原始数据/quarantine/clms_lwq_300m_v1_empty_20260827/2016/taihu_lwq300_v1_20160421.tif,01_当前主原始数据/quarantine/clms_lwq_300m_v1_empty_20260827/2022/taihu_lwq300_v1_20220621.tif,01_当前主原始数据,quarantined
DUP_2600c676d768,2600c676d768f0ce77f1e66a987599bc4685453d191a09b4f282251da4be9b88,301,5195,False,01_当前主原始数据/quarantine/clms_lwq_300m_v1_empty_20260827/2016/taihu_lwq300_v1_20160421.tif,01_当前主原始数据/quarantine/clms_lwq_300m_v1_empty_20260827/2022/taihu_lwq300_v1_20220701.tif,01_当前主原始数据,quarantined
DUP_2600c676d768,2600c676d768f0ce77f1e66a987599bc4685453d191a09b4f282251da4be9b88,301,5195,False,01_当前主原始数据/quarantine/clms_lwq_300m_v1_empty_20260827/2016/taihu_lwq300_v1_20160421.tif,01_当前主原始数据/quarantine/clms_lwq_300m_v1_empty_20260827/2022/taihu_lwq300_v1_20220711.tif,01_当前主原始数据,quarantined
DUP_2600c676d768,2600c676d768f0ce77f1e66a987599bc4685453d191a09b4f282251da4be9b88,301,5195,False,01_当前主原始数据/quarantine/clms_lwq_300m_v1_empty_20260827/2016/taihu_lwq300_v1_20160421.tif,01_当前主原始数据/quarantine/clms_lwq_300m_v1_empty_20260827/2022/taihu_lwq300_v1_20220721.tif,01_当前主原始数据,quarantined
DUP_2600c676d768,2600c676d768f0ce77f1e66a987599bc4685453d191a09b4f282251da4be9b88,301,5195,False,01_当前主原始数据/quarantine/clms_lwq_300m_v1_empty_20260827/2016/taihu_lwq300_v1_20160421.tif,01_当前主原始数据/quarantine/clms_lwq_300m_v1_empty_20260827/2022/taihu_lwq300_v1_20220801.tif,01_当前主原始数据,quarantined
DUP_2600c676d768,2600c676d768f0ce77f1e66a987599bc4685453d191a09b4f282251da4be9b88,301,5195,False,01_当前主原始数据/quarantine/clms_lwq_300m_v1_empty_20260827/2016/taihu_lwq300_v1_20160421.tif,01_当前主原始数据/quarantine/clms_lwq_300m_v1_empty_20260827/2022/taihu_lwq300_v1_20220811.tif,01_当前主原始数据,quarantined
DUP_2600c676d768,2600c676d768f0ce77f1e66a987599bc4685453d191a09b4f282251da4be9b88,301,5195,False,01_当前主原始数据/quarantine/clms_lwq_300m_v1_empty_20260827/2016/taihu_lwq300_v1_20160421.tif,01_当前主原始数据/quarantine/clms_lwq_300m_v1_empty_20260827/2022/taihu_lwq300_v1_20220821.tif,01_当前主原始数据,quarantined
DUP_2600c676d768,2600c676d768f0ce77f1e66a987599bc4685453d191a09b4f282251da4be9b88,301,5195,False,01_当前主原始数据/quarantine/clms_lwq_300m_v1_empty_20260827/2016/taihu_lwq300_v1_20160421.tif,01_当前主原始数据/quarantine/clms_lwq_300m_v1_empty_20260827/2022/taihu_lwq300_v1_20220901.tif,01_当前主原始数据,quarantined
DUP_2600c676d768,2600c676d768f0ce77f1e66a987599bc4685453d191a09b4f282251da4be9b88,301,5195,False,01_当前主原始数据/quarantine/clms_lwq_300m_v1_empty_20260827/2016/taihu_lwq300_v1_20160421.tif,01_当前主原始数据/quarantine/clms_lwq_300m_v1_empty_20260827/2022/taihu_lwq300_v1_20220911.tif,01_当前主原始数据,quarantined
DUP_2600c676d768,2600c676d768f0ce77f1e66a987599bc4685453d191a09b4f282251da4be9b88,301,5195,False,01_当前主原始数据/quarantine/clms_lwq_300m_v1_empty_20260827/2016/taihu_lwq300_v1_20160421.tif,01_当前主原始数据/quarantine/clms_lwq_300m_v1_empty_20260827/2022/taihu_lwq300_v1_20220921.tif,01_当前主原始数据,quarantined
DUP_2600c676d768,2600c676d768f0ce77f1e66a987599bc4685453d191a09b4f282251da4be9b88,301,5195,False,01_当前主原始数据/quarantine/clms_lwq_300m_v1_empty_20260827/2016/taihu_lwq300_v1_20160421.tif,01_当前主原始数据/quarantine/clms_lwq_300m_v1_empty_20260827/2022/taihu_lwq300_v1_20221001.tif,01_当前主原始数据,quarantined
DUP_2600c676d768,2600c676d768f0ce77f1e66a987599bc4685453d191a09b4f282251da4be9b88,301,5195,False,01_当前主原始数据/quarantine/clms_lwq_300m_v1_empty_20260827/2016/taihu_lwq300_v1_20160421.tif,01_当前主原始数据/quarantine/clms_lwq_300m_v1_empty_20260827/2022/taihu_lwq300_v1_20221011.tif,01_当前主原始数据,quarantined
DUP_2600c676d768,2600c676d768f0ce77f1e66a987599bc4685453d191a09b4f282251da4be9b88,301,5195,False,01_当前主原始数据/quarantine/clms_lwq_300m_v1_empty_20260827/2016/taihu_lwq300_v1_20160421.tif,01_当前主原始数据/quarantine/clms_lwq_300m_v1_empty_20260827/2022/taihu_lwq300_v1_20221021.tif,01_当前主原始数据,quarantined
DUP_2600c676d768,2600c676d768f0ce77f1e66a987599bc4685453d191a09b4f282251da4be9b88,301,5195,False,01_当前主原始数据/quarantine/clms_lwq_300m_v1_empty_20260827/2016/taihu_lwq300_v1_20160421.tif,01_当前主原始数据/quarantine/clms_lwq_300m_v1_empty_20260827/2022/taihu_lwq300_v1_20221101.tif,01_当前主原始数据,quarantined
DUP_2600c676d768,2600c676d768f0ce77f1e66a987599bc4685453d191a09b4f282251da4be9b88,301,5195,False,01_当前主原始数据/quarantine/clms_lwq_300m_v1_empty_20260827/2016/taihu_lwq300_v1_20160421.tif,01_当前主原始数据/quarantine/clms_lwq_300m_v1_empty_20260827/2022/taihu_lwq300_v1_20221111.tif,01_当前主原始数据,quarantined
DUP_2600c676d768,2600c676d768f0ce77f1e66a987599bc4685453d191a09b4f282251da4be9b88,301,5195,False,01_当前主原始数据/quarantine/clms_lwq_300m_v1_empty_20260827/2016/taihu_lwq300_v1_20160421.tif,01_当前主原始数据/quarantine/clms_lwq_300m_v1_empty_20260827/2022/taihu_lwq300_v1_20221121.tif,01_当前主原始数据,quarantined
DUP_2600c676d768,2600c676d768f0ce77f1e66a987599bc4685453d191a09b4f282251da4be9b88,301,5195,False,01_当前主原始数据/quarantine/clms_lwq_300m_v1_empty_20260827/2016/taihu_lwq300_v1_20160421.tif,01_当前主原始数据/quarantine/clms_lwq_300m_v1_empty_20260827/2022/taihu_lwq300_v1_20221201.tif,01_当前主原始数据,quarantined
DUP_2600c676d768,2600c676d768f0ce77f1e66a987599bc4685453d191a09b4f282251da4be9b88,301,5195,False,01_当前主原始数据/quarantine/clms_lwq_300m_v1_empty_20260827/2016/taihu_lwq300_v1_20160421.tif,01_当前主原始数据/quarantine/clms_lwq_300m_v1_empty_20260827/2022/taihu_lwq300_v1_20221211.tif,01_当前主原始数据,quarantined
DUP_2600c676d768,2600c676d768f0ce77f1e66a987599bc4685453d191a09b4f282251da4be9b88,301,5195,False,01_当前主原始数据/quarantine/clms_lwq_300m_v1_empty_20260827/2016/taihu_lwq300_v1_20160421.tif,01_当前主原始数据/quarantine/clms_lwq_300m_v1_empty_20260827/2022/taihu_lwq300_v1_20221221.tif,01_当前主原始数据,quarantined
DUP_2600c676d768,2600c676d768f0ce77f1e66a987599bc4685453d191a09b4f282251da4be9b88,301,5195,False,01_当前主原始数据/quarantine/clms_lwq_300m_v1_empty_20260827/2016/taihu_lwq300_v1_20160421.tif,01_当前主原始数据/quarantine/clms_lwq_300m_v1_empty_20260827/2023/taihu_lwq300_v1_20230101.tif,01_当前主原始数据,quarantined
DUP_2600c676d768,2600c676d768f0ce77f1e66a987599bc4685453d191a09b4f282251da4be9b88,301,5195,False,01_当前主原始数据/quarantine/clms_lwq_300m_v1_empty_20260827/2016/taihu_lwq300_v1_20160421.tif,01_当前主原始数据/quarantine/clms_lwq_300m_v1_empty_20260827/2023/taihu_lwq300_v1_20230111.tif,01_当前主原始数据,quarantined
DUP_2600c676d768,2600c676d768f0ce77f1e66a987599bc4685453d191a09b4f282251da4be9b88,301,5195,False,01_当前主原始数据/quarantine/clms_lwq_300m_v1_empty_20260827/2016/taihu_lwq300_v1_20160421.tif,01_当前主原始数据/quarantine/clms_lwq_300m_v1_empty_20260827/2023/taihu_lwq300_v1_20230121.tif,01_当前主原始数据,quarantined
DUP_2600c676d768,2600c676d768f0ce77f1e66a987599bc4685453d191a09b4f282251da4be9b88,301,5195,False,01_当前主原始数据/quarantine/clms_lwq_300m_v1_empty_20260827/2016/taihu_lwq300_v1_20160421.tif,01_当前主原始数据/quarantine/clms_lwq_300m_v1_empty_20260827/2023/taihu_lwq300_v1_20230201.tif,01_当前主原始数据,quarantined
DUP_2600c676d768,2600c676d768f0ce77f1e66a987599bc4685453d191a09b4f282251da4be9b88,301,5195,False,01_当前主原始数据/quarantine/clms_lwq_300m_v1_empty_20260827/2016/taihu_lwq300_v1_20160421.tif,01_当前主原始数据/quarantine/clms_lwq_300m_v1_empty_20260827/2023/taihu_lwq300_v1_20230211.tif,01_当前主原始数据,quarantined
DUP_2600c676d768,2600c676d768f0ce77f1e66a987599bc4685453d191a09b4f282251da4be9b88,301,5195,False,01_当前主原始数据/quarantine/clms_lwq_300m_v1_empty_20260827/2016/taihu_lwq300_v1_20160421.tif,01_当前主原始数据/quarantine/clms_lwq_300m_v1_empty_20260827/2023/taihu_lwq300_v1_20230221.tif,01_当前主原始数据,quarantined
DUP_2600c676d768,2600c676d768f0ce77f1e66a987599bc4685453d191a09b4f282251da4be9b88,301,5195,False,01_当前主原始数据/quarantine/clms_lwq_300m_v1_empty_20260827/2016/taihu_lwq300_v1_20160421.tif,01_当前主原始数据/quarantine/clms_lwq_300m_v1_empty_20260827/2023/taihu_lwq300_v1_20230301.tif,01_当前主原始数据,quarantined
DUP_2600c676d768,2600c676d768f0ce77f1e66a987599bc4685453d191a09b4f282251da4be9b88,301,5195,False,01_当前主原始数据/quarantine/clms_lwq_300m_v1_empty_20260827/2016/taihu_lwq300_v1_20160421.tif,01_当前主原始数据/quarantine/clms_lwq_300m_v1_empty_20260827/2023/taihu_lwq300_v1_20230311.tif,01_当前主原始数据,quarantined
DUP_2600c676d768,2600c676d768f0ce77f1e66a987599bc4685453d191a09b4f282251da4be9b88,301,5195,False,01_当前主原始数据/quarantine/clms_lwq_300m_v1_empty_20260827/2016/taihu_lwq300_v1_20160421.tif,01_当前主原始数据/quarantine/clms_lwq_300m_v1_empty_20260827/2023/taihu_lwq300_v1_20230321.tif,01_当前主原始数据,quarantined
DUP_2600c676d768,2600c676d768f0ce77f1e66a987599bc4685453d191a09b4f282251da4be9b88,301,5195,False,01_当前主原始数据/quarantine/clms_lwq_300m_v1_empty_20260827/2016/taihu_lwq300_v1_20160421.tif,01_当前主原始数据/quarantine/clms_lwq_300m_v1_empty_20260827/2023/taihu_lwq300_v1_20230401.tif,01_当前主原始数据,quarantined
DUP_2600c676d768,2600c676d768f0ce77f1e66a987599bc4685453d191a09b4f282251da4be9b88,301,5195,False,01_当前主原始数据/quarantine/clms_lwq_300m_v1_empty_20260827/2016/taihu_lwq300_v1_20160421.tif,01_当前主原始数据/quarantine/clms_lwq_300m_v1_empty_20260827/2023/taihu_lwq300_v1_20230411.tif,01_当前主原始数据,quarantined
DUP_2600c676d768,2600c676d768f0ce77f1e66a987599bc4685453d191a09b4f282251da4be9b88,301,5195,False,01_当前主原始数据/quarantine/clms_lwq_300m_v1_empty_20260827/2016/taihu_lwq300_v1_20160421.tif,01_当前主原始数据/quarantine/clms_lwq_300m_v1_empty_20260827/2023/taihu_lwq300_v1_20230421.tif,01_当前主原始数据,quarantined
DUP_2600c676d768,2600c676d768f0ce77f1e66a987599bc4685453d191a09b4f282251da4be9b88,301,5195,False,01_当前主原始数据/quarantine/clms_lwq_300m_v1_empty_20260827/2016/taihu_lwq300_v1_20160421.tif,01_当前主原始数据/quarantine/clms_lwq_300m_v1_empty_20260827/2023/taihu_lwq300_v1_20230501.tif,01_当前主原始数据,quarantined
DUP_2600c676d768,2600c676d768f0ce77f1e66a987599bc4685453d191a09b4f282251da4be9b88,301,5195,False,01_当前主原始数据/quarantine/clms_lwq_300m_v1_empty_20260827/2016/taihu_lwq300_v1_20160421.tif,01_当前主原始数据/quarantine/clms_lwq_300m_v1_empty_20260827/2023/taihu_lwq300_v1_20230511.tif,01_当前主原始数据,quarantined
DUP_2600c676d768,2600c676d768f0ce77f1e66a987599bc4685453d191a09b4f282251da4be9b88,301,5195,False,01_当前主原始数据/quarantine/clms_lwq_300m_v1_empty_20260827/2016/taihu_lwq300_v1_20160421.tif,01_当前主原始数据/quarantine/clms_lwq_300m_v1_empty_20260827/2023/taihu_lwq300_v1_20230521.tif,01_当前主原始数据,quarantined
DUP_2600c676d768,2600c676d768f0ce77f1e66a987599bc4685453d191a09b4f282251da4be9b88,301,5195,False,01_当前主原始数据/quarantine/clms_lwq_300m_v1_empty_20260827/2016/taihu_lwq300_v1_20160421.tif,01_当前主原始数据/quarantine/clms_lwq_300m_v1_empty_20260827/2023/taihu_lwq300_v1_20230601.tif,01_当前主原始数据,quarantined
DUP_2600c676d768,2600c676d768f0ce77f1e66a987599bc4685453d191a09b4f282251da4be9b88,301,5195,False,01_当前主原始数据/quarantine/clms_lwq_300m_v1_empty_20260827/2016/taihu_lwq300_v1_20160421.tif,01_当前主原始数据/quarantine/clms_lwq_300m_v1_empty_20260827/2023/taihu_lwq300_v1_20230611.tif,01_当前主原始数据,quarantined
DUP_2600c676d768,2600c676d768f0ce77f1e66a987599bc4685453d191a09b4f282251da4be9b88,301,5195,False,01_当前主原始数据/quarantine/clms_lwq_300m_v1_empty_20260827/2016/taihu_lwq300_v1_20160421.tif,01_当前主原始数据/quarantine/clms_lwq_300m_v1_empty_20260827/2023/taihu_lwq300_v1_20230621.tif,01_当前主原始数据,quarantined
DUP_2600c676d768,2600c676d768f0ce77f1e66a987599bc4685453d191a09b4f282251da4be9b88,301,5195,False,01_当前主原始数据/quarantine/clms_lwq_300m_v1_empty_20260827/2016/taihu_lwq300_v1_20160421.tif,01_当前主原始数据/quarantine/clms_lwq_300m_v1_empty_20260827/2023/taihu_lwq300_v1_20230701.tif,01_当前主原始数据,quarantined
DUP_2600c676d768,2600c676d768f0ce77f1e66a987599bc4685453d191a09b4f282251da4be9b88,301,5195,False,01_当前主原始数据/quarantine/clms_lwq_300m_v1_empty_20260827/2016/taihu_lwq300_v1_20160421.tif,01_当前主原始数据/quarantine/clms_lwq_300m_v1_empty_20260827/2023/taihu_lwq300_v1_20230711.tif,01_当前主原始数据,quarantined
DUP_2600c676d768,2600c676d768f0ce77f1e66a987599bc4685453d191a09b4f282251da4be9b88,301,5195,False,01_当前主原始数据/quarantine/clms_lwq_300m_v1_empty_20260827/2016/taihu_lwq300_v1_20160421.tif,01_当前主原始数据/quarantine/clms_lwq_300m_v1_empty_20260827/2023/taihu_lwq300_v1_20230721.tif,01_当前主原始数据,quarantined
DUP_2600c676d768,2600c676d768f0ce77f1e66a987599bc4685453d191a09b4f282251da4be9b88,301,5195,False,01_当前主原始数据/quarantine/clms_lwq_300m_v1_empty_20260827/2016/taihu_lwq300_v1_20160421.tif,01_当前主原始数据/quarantine/clms_lwq_300m_v1_empty_20260827/2023/taihu_lwq300_v1_20230801.tif,01_当前主原始数据,quarantined
DUP_2600c676d768,2600c676d768f0ce77f1e66a987599bc4685453d191a09b4f282251da4be9b88,301,5195,False,01_当前主原始数据/quarantine/clms_lwq_300m_v1_empty_20260827/2016/taihu_lwq300_v1_20160421.tif,01_当前主原始数据/quarantine/clms_lwq_300m_v1_empty_20260827/2023/taihu_lwq300_v1_20230811.tif,01_当前主原始数据,quarantined
DUP_2600c676d768,2600c676d768f0ce77f1e66a987599bc4685453d191a09b4f282251da4be9b88,301,5195,False,01_当前主原始数据/quarantine/clms_lwq_300m_v1_empty_20260827/2016/taihu_lwq300_v1_20160421.tif,01_当前主原始数据/quarantine/clms_lwq_300m_v1_empty_20260827/2023/taihu_lwq300_v1_20230821.tif,01_当前主原始数据,quarantined
DUP_2600c676d768,2600c676d768f0ce77f1e66a987599bc4685453d191a09b4f282251da4be9b88,301,5195,False,01_当前主原始数据/quarantine/clms_lwq_300m_v1_empty_20260827/2016/taihu_lwq300_v1_20160421.tif,01_当前主原始数据/quarantine/clms_lwq_300m_v1_empty_20260827/2023/taihu_lwq300_v1_20230901.tif,01_当前主原始数据,quarantined
DUP_2600c676d768,2600c676d768f0ce77f1e66a987599bc4685453d191a09b4f282251da4be9b88,301,5195,False,01_当前主原始数据/quarantine/clms_lwq_300m_v1_empty_20260827/2016/taihu_lwq300_v1_20160421.tif,01_当前主原始数据/quarantine/clms_lwq_300m_v1_empty_20260827/2023/taihu_lwq300_v1_20230911.tif,01_当前主原始数据,quarantined
DUP_2600c676d768,2600c676d768f0ce77f1e66a987599bc4685453d191a09b4f282251da4be9b88,301,5195,False,01_当前主原始数据/quarantine/clms_lwq_300m_v1_empty_20260827/2016/taihu_lwq300_v1_20160421.tif,01_当前主原始数据/quarantine/clms_lwq_300m_v1_empty_20260827/2023/taihu_lwq300_v1_20230921.tif,01_当前主原始数据,quarantined
DUP_2600c676d768,2600c676d768f0ce77f1e66a987599bc4685453d191a09b4f282251da4be9b88,301,5195,False,01_当前主原始数据/quarantine/clms_lwq_300m_v1_empty_20260827/2016/taihu_lwq300_v1_20160421.tif,01_当前主原始数据/quarantine/clms_lwq_300m_v1_empty_20260827/2023/taihu_lwq300_v1_20231001.tif,01_当前主原始数据,quarantined
DUP_2600c676d768,2600c676d768f0ce77f1e66a987599bc4685453d191a09b4f282251da4be9b88,301,5195,False,01_当前主原始数据/quarantine/clms_lwq_300m_v1_empty_20260827/2016/taihu_lwq300_v1_20160421.tif,01_当前主原始数据/quarantine/clms_lwq_300m_v1_empty_20260827/2023/taihu_lwq300_v1_20231011.tif,01_当前主原始数据,quarantined
DUP_2600c676d768,2600c676d768f0ce77f1e66a987599bc4685453d191a09b4f282251da4be9b88,301,5195,False,01_当前主原始数据/quarantine/clms_lwq_300m_v1_empty_20260827/2016/taihu_lwq300_v1_20160421.tif,01_当前主原始数据/quarantine/clms_lwq_300m_v1_empty_20260827/2023/taihu_lwq300_v1_20231021.tif,01_当前主原始数据,quarantined
DUP_2600c676d768,2600c676d768f0ce77f1e66a987599bc4685453d191a09b4f282251da4be9b88,301,5195,False,01_当前主原始数据/quarantine/clms_lwq_300m_v1_empty_20260827/2016/taihu_lwq300_v1_20160421.tif,01_当前主原始数据/quarantine/clms_lwq_300m_v1_empty_20260827/2023/taihu_lwq300_v1_20231101.tif,01_当前主原始数据,quarantined
DUP_2600c676d768,2600c676d768f0ce77f1e66a987599bc4685453d191a09b4f282251da4be9b88,301,5195,False,01_当前主原始数据/quarantine/clms_lwq_300m_v1_empty_20260827/2016/taihu_lwq300_v1_20160421.tif,01_当前主原始数据/quarantine/clms_lwq_300m_v1_empty_20260827/2023/taihu_lwq300_v1_20231111.tif,01_当前主原始数据,quarantined
DUP_2600c676d768,2600c676d768f0ce77f1e66a987599bc4685453d191a09b4f282251da4be9b88,301,5195,False,01_当前主原始数据/quarantine/clms_lwq_300m_v1_empty_20260827/2016/taihu_lwq300_v1_20160421.tif,01_当前主原始数据/quarantine/clms_lwq_300m_v1_empty_20260827/2023/taihu_lwq300_v1_20231121.tif,01_当前主原始数据,quarantined
DUP_2600c676d768,2600c676d768f0ce77f1e66a987599bc4685453d191a09b4f282251da4be9b88,301,5195,False,01_当前主原始数据/quarantine/clms_lwq_300m_v1_empty_20260827/2016/taihu_lwq300_v1_20160421.tif,01_当前主原始数据/quarantine/clms_lwq_300m_v1_empty_20260827/2023/taihu_lwq300_v1_20231201.tif,01_当前主原始数据,quarantined
DUP_2600c676d768,2600c676d768f0ce77f1e66a987599bc4685453d191a09b4f282251da4be9b88,301,5195,False,01_当前主原始数据/quarantine/clms_lwq_300m_v1_empty_20260827/2016/taihu_lwq300_v1_20160421.tif,01_当前主原始数据/quarantine/clms_lwq_300m_v1_empty_20260827/2023/taihu_lwq300_v1_20231211.tif,01_当前主原始数据,quarantined
DUP_2600c676d768,2600c676d768f0ce77f1e66a987599bc4685453d191a09b4f282251da4be9b88,301,5195,False,01_当前主原始数据/quarantine/clms_lwq_300m_v1_empty_20260827/2016/taihu_lwq300_v1_20160421.tif,01_当前主原始数据/quarantine/clms_lwq_300m_v1_empty_20260827/2023/taihu_lwq300_v1_20231221.tif,01_当前主原始数据,quarantined
DUP_2600c676d768,2600c676d768f0ce77f1e66a987599bc4685453d191a09b4f282251da4be9b88,301,5195,False,01_当前主原始数据/quarantine/clms_lwq_300m_v1_empty_20260827/2016/taihu_lwq300_v1_20160421.tif,01_当前主原始数据/quarantine/clms_lwq_300m_v1_empty_20260827/2024/taihu_lwq300_v1_20240101.tif,01_当前主原始数据,quarantined
DUP_2600c676d768,2600c676d768f0ce77f1e66a987599bc4685453d191a09b4f282251da4be9b88,301,5195,False,01_当前主原始数据/quarantine/clms_lwq_300m_v1_empty_20260827/2016/taihu_lwq300_v1_20160421.tif,01_当前主原始数据/quarantine/clms_lwq_300m_v1_empty_20260827/2024/taihu_lwq300_v1_20240111.tif,01_当前主原始数据,quarantined
DUP_2600c676d768,2600c676d768f0ce77f1e66a987599bc4685453d191a09b4f282251da4be9b88,301,5195,False,01_当前主原始数据/quarantine/clms_lwq_300m_v1_empty_20260827/2016/taihu_lwq300_v1_20160421.tif,01_当前主原始数据/quarantine/clms_lwq_300m_v1_empty_20260827/2024/taihu_lwq300_v1_20240121.tif,01_当前主原始数据,quarantined
DUP_2600c676d768,2600c676d768f0ce77f1e66a987599bc4685453d191a09b4f282251da4be9b88,301,5195,False,01_当前主原始数据/quarantine/clms_lwq_300m_v1_empty_20260827/2016/taihu_lwq300_v1_20160421.tif,01_当前主原始数据/quarantine/clms_lwq_300m_v1_empty_20260827/2024/taihu_lwq300_v1_20240201.tif,01_当前主原始数据,quarantined
DUP_2600c676d768,2600c676d768f0ce77f1e66a987599bc4685453d191a09b4f282251da4be9b88,301,5195,False,01_当前主原始数据/quarantine/clms_lwq_300m_v1_empty_20260827/2016/taihu_lwq300_v1_20160421.tif,01_当前主原始数据/quarantine/clms_lwq_300m_v1_empty_20260827/2024/taihu_lwq300_v1_20240211.tif,01_当前主原始数据,quarantined
DUP_2600c676d768,2600c676d768f0ce77f1e66a987599bc4685453d191a09b4f282251da4be9b88,301,5195,False,01_当前主原始数据/quarantine/clms_lwq_300m_v1_empty_20260827/2016/taihu_lwq300_v1_20160421.tif,01_当前主原始数据/quarantine/clms_lwq_300m_v1_empty_20260827/2024/taihu_lwq300_v1_20240221.tif,01_当前主原始数据,quarantined
DUP_2600c676d768,2600c676d768f0ce77f1e66a987599bc4685453d191a09b4f282251da4be9b88,301,5195,False,01_当前主原始数据/quarantine/clms_lwq_300m_v1_empty_20260827/2016/taihu_lwq300_v1_20160421.tif,01_当前主原始数据/quarantine/clms_lwq_300m_v1_empty_20260827/2024/taihu_lwq300_v1_20240301.tif,01_当前主原始数据,quarantined
DUP_2600c676d768,2600c676d768f0ce77f1e66a987599bc4685453d191a09b4f282251da4be9b88,301,5195,False,01_当前主原始数据/quarantine/clms_lwq_300m_v1_empty_20260827/2016/taihu_lwq300_v1_20160421.tif,01_当前主原始数据/quarantine/clms_lwq_300m_v1_empty_20260827/2024/taihu_lwq300_v1_20240311.tif,01_当前主原始数据,quarantined
DUP_2600c676d768,2600c676d768f0ce77f1e66a987599bc4685453d191a09b4f282251da4be9b88,301,5195,False,01_当前主原始数据/quarantine/clms_lwq_300m_v1_empty_20260827/2016/taihu_lwq300_v1_20160421.tif,01_当前主原始数据/quarantine/clms_lwq_300m_v1_empty_20260827/2024/taihu_lwq300_v1_20240321.tif,01_当前主原始数据,quarantined
DUP_2600c676d768,2600c676d768f0ce77f1e66a987599bc4685453d191a09b4f282251da4be9b88,301,5195,False,01_当前主原始数据/quarantine/clms_lwq_300m_v1_empty_20260827/2016/taihu_lwq300_v1_20160421.tif,01_当前主原始数据/quarantine/clms_lwq_300m_v1_empty_20260827/2024/taihu_lwq300_v1_20240401.tif,01_当前主原始数据,quarantined
DUP_2600c676d768,2600c676d768f0ce77f1e66a987599bc4685453d191a09b4f282251da4be9b88,301,5195,False,01_当前主原始数据/quarantine/clms_lwq_300m_v1_empty_20260827/2016/taihu_lwq300_v1_20160421.tif,01_当前主原始数据/quarantine/clms_lwq_300m_v1_empty_20260827/2024/taihu_lwq300_v1_20240411.tif,01_当前主原始数据,quarantined
DUP_2600c676d768,2600c676d768f0ce77f1e66a987599bc4685453d191a09b4f282251da4be9b88,301,5195,False,01_当前主原始数据/quarantine/clms_lwq_300m_v1_empty_20260827/2016/taihu_lwq300_v1_20160421.tif,01_当前主原始数据/quarantine/clms_lwq_300m_v1_empty_20260827/2024/taihu_lwq300_v1_20240421.tif,01_当前主原始数据,quarantined
DUP_2600c676d768,2600c676d768f0ce77f1e66a987599bc4685453d191a09b4f282251da4be9b88,301,5195,False,01_当前主原始数据/quarantine/clms_lwq_300m_v1_empty_20260827/2016/taihu_lwq300_v1_20160421.tif,01_当前主原始数据/quarantine/clms_lwq_300m_v1_empty_20260827/2024/taihu_lwq300_v1_20240501.tif,01_当前主原始数据,quarantined
DUP_2600c676d768,2600c676d768f0ce77f1e66a987599bc4685453d191a09b4f282251da4be9b88,301,5195,False,01_当前主原始数据/quarantine/clms_lwq_300m_v1_empty_20260827/2016/taihu_lwq300_v1_20160421.tif,01_当前主原始数据/quarantine/clms_lwq_300m_v1_empty_20260827/2024/taihu_lwq300_v1_20240511.tif,01_当前主原始数据,quarantined
DUP_2600c676d768,2600c676d768f0ce77f1e66a987599bc4685453d191a09b4f282251da4be9b88,301,5195,False,01_当前主原始数据/quarantine/clms_lwq_300m_v1_empty_20260827/2016/taihu_lwq300_v1_20160421.tif,01_当前主原始数据/quarantine/clms_lwq_300m_v1_empty_20260827/2024/taihu_lwq300_v1_20240521.tif,01_当前主原始数据,quarantined
DUP_2600c676d768,2600c676d768f0ce77f1e66a987599bc4685453d191a09b4f282251da4be9b88,301,5195,False,01_当前主原始数据/quarantine/clms_lwq_300m_v1_empty_20260827/2016/taihu_lwq300_v1_20160421.tif,01_当前主原始数据/quarantine/clms_lwq_300m_v1_empty_20260827/2024/taihu_lwq300_v1_20240601.tif,01_当前主原始数据,quarantined
DUP_2600c676d768,2600c676d768f0ce77f1e66a987599bc4685453d191a09b4f282251da4be9b88,301,5195,False,01_当前主原始数据/quarantine/clms_lwq_300m_v1_empty_20260827/2016/taihu_lwq300_v1_20160421.tif,01_当前主原始数据/quarantine/clms_lwq_300m_v1_empty_20260827/2024/taihu_lwq300_v1_20240611.tif,01_当前主原始数据,quarantined
DUP_2600c676d768,2600c676d768f0ce77f1e66a987599bc4685453d191a09b4f282251da4be9b88,301,5195,False,01_当前主原始数据/quarantine/clms_lwq_300m_v1_empty_20260827/2016/taihu_lwq300_v1_20160421.tif,01_当前主原始数据/quarantine/clms_lwq_300m_v1_empty_20260827/2024/taihu_lwq300_v1_20240621.tif,01_当前主原始数据,quarantined
DUP_2600c676d768,2600c676d768f0ce77f1e66a987599bc4685453d191a09b4f282251da4be9b88,301,5195,False,01_当前主原始数据/quarantine/clms_lwq_300m_v1_empty_20260827/2016/taihu_lwq300_v1_20160421.tif,01_当前主原始数据/quarantine/clms_lwq_300m_v1_empty_20260827/2024/taihu_lwq300_v1_20240701.tif,01_当前主原始数据,quarantined
DUP_2600c676d768,2600c676d768f0ce77f1e66a987599bc4685453d191a09b4f282251da4be9b88,301,5195,False,01_当前主原始数据/quarantine/clms_lwq_300m_v1_empty_20260827/2016/taihu_lwq300_v1_20160421.tif,01_当前主原始数据/quarantine/clms_lwq_300m_v1_empty_20260827/2024/taihu_lwq300_v1_20240711.tif,01_当前主原始数据,quarantined
DUP_2600c676d768,2600c676d768f0ce77f1e66a987599bc4685453d191a09b4f282251da4be9b88,301,5195,False,01_当前主原始数据/quarantine/clms_lwq_300m_v1_empty_20260827/2016/taihu_lwq300_v1_20160421.tif,01_当前主原始数据/quarantine/clms_lwq_300m_v1_empty_20260827/2024/taihu_lwq300_v1_20240721.tif,01_当前主原始数据,quarantined
DUP_2600c676d768,2600c676d768f0ce77f1e66a987599bc4685453d191a09b4f282251da4be9b88,301,5195,False,01_当前主原始数据/quarantine/clms_lwq_300m_v1_empty_20260827/2016/taihu_lwq300_v1_20160421.tif,01_当前主原始数据/quarantine/clms_lwq_300m_v1_empty_20260827/2024/taihu_lwq300_v1_20240801.tif,01_当前主原始数据,quarantined
DUP_2600c676d768,2600c676d768f0ce77f1e66a987599bc4685453d191a09b4f282251da4be9b88,301,5195,False,01_当前主原始数据/quarantine/clms_lwq_300m_v1_empty_20260827/2016/taihu_lwq300_v1_20160421.tif,01_当前主原始数据/quarantine/clms_lwq_300m_v1_empty_20260827/2024/taihu_lwq300_v1_20240811.tif,01_当前主原始数据,quarantined
DUP_2600c676d768,2600c676d768f0ce77f1e66a987599bc4685453d191a09b4f282251da4be9b88,301,5195,False,01_当前主原始数据/quarantine/clms_lwq_300m_v1_empty_20260827/2016/taihu_lwq300_v1_20160421.tif,01_当前主原始数据/quarantine/clms_lwq_300m_v1_empty_20260827/2024/taihu_lwq300_v1_20240821.tif,01_当前主原始数据,quarantined
DUP_2603e6ab164e,2603e6ab164ea5d9ddb7dd44114f13467e6fe6af827fd471ffddc5c96e729a56,3,80735546,True,01_当前主原始数据/mee_surface_water_monthly/mee_surface_water_2024-05.pdf,01_当前主原始数据/mee_surface_water_monthly/mee_surface_water_2024-05.pdf,01_当前主原始数据,raw
DUP_2603e6ab164e,2603e6ab164ea5d9ddb7dd44114f13467e6fe6af827fd471ffddc5c96e729a56,3,80735546,False,01_当前主原始数据/mee_surface_water_monthly/mee_surface_water_2024-05.pdf,02_旧版补充原始数据/mee_surface_water_monthly/mee_surface_water_2024-05.pdf,02_旧版补充原始数据,raw
DUP_2603e6ab164e,2603e6ab164ea5d9ddb7dd44114f13467e6fe6af827fd471ffddc5c96e729a56,3,80735546,False,01_当前主原始数据/mee_surface_water_monthly/mee_surface_water_2024-05.pdf,05_旧版整理区_混合留存/reports/mee_surface_water_monthly/mee_surface_water_2024-05.pdf,05_旧版整理区_混合留存,metadata
DUP_2839fb623922,2839fb62392273132d414a89f8556d085b3b7c383f6e5254865a16cac7784a5d,3,89375991,True,01_当前主原始数据/mee_surface_water_monthly/mee_surface_water_2022-12.pdf,01_当前主原始数据/mee_surface_water_monthly/mee_surface_water_2022-12.pdf,01_当前主原始数据,raw
DUP_2839fb623922,2839fb62392273132d414a89f8556d085b3b7c383f6e5254865a16cac7784a5d,3,89375991,False,01_当前主原始数据/mee_surface_water_monthly/mee_surface_water_2022-12.pdf,02_旧版补充原始数据/mee_surface_water_monthly/mee_surface_water_2022-12.pdf,02_旧版补充原始数据,raw
DUP_2839fb623922,2839fb62392273132d414a89f8556d085b3b7c383f6e5254865a16cac7784a5d,3,89375991,False,01_当前主原始数据/mee_surface_water_monthly/mee_surface_water_2022-12.pdf,05_旧版整理区_混合留存/reports/mee_surface_water_monthly/mee_surface_water_2022-12.pdf,05_旧版整理区_混合留存,metadata
DUP_29ed2a648b8b,29ed2a648b8bba9d8df7e34913a9c21aa0bb7b1f55f3765bed1c207fa4438495,3,1368269,True,01_当前主原始数据/nasa_power_hourly/history_2010.json,01_当前主原始数据/nasa_power_hourly/history_2010.json,01_当前主原始数据,raw
DUP_29ed2a648b8b,29ed2a648b8bba9d8df7e34913a9c21aa0bb7b1f55f3765bed1c207fa4438495,3,1368269,False,01_当前主原始数据/nasa_power_hourly/history_2010.json,02_旧版补充原始数据/nasa_power_hourly/history_2010.json,02_旧版补充原始数据,raw
DUP_29ed2a648b8b,29ed2a648b8bba9d8df7e34913a9c21aa0bb7b1f55f3765bed1c207fa4438495,3,1368269,False,01_当前主原始数据/nasa_power_hourly/history_2010.json,05_旧版整理区_混合留存/meteorology/nasa_power_hourly/history_2010.json,05_旧版整理区_混合留存,raw
DUP_2a6d6cf32c09,2a6d6cf32c09db50cbca8ee47e297ae6d29ec59c1f5adc8cbf90623d308a95fb,3,43309010,True,01_当前主原始数据/earth_search_sentinel2_annual/2022_mosaic/S2A_50RQV_20220503_0_L2A/green.tif,01_当前主原始数据/earth_search_sentinel2_annual/2022_mosaic/S2A_50RQV_20220503_0_L2A/green.tif,01_当前主原始数据,raw
DUP_2a6d6cf32c09,2a6d6cf32c09db50cbca8ee47e297ae6d29ec59c1f5adc8cbf90623d308a95fb,3,43309010,False,01_当前主原始数据/earth_search_sentinel2_annual/2022_mosaic/S2A_50RQV_20220503_0_L2A/green.tif,02_旧版补充原始数据/earth_search_sentinel2_annual/2022_mosaic/S2A_50RQV_20220503_0_L2A/green.tif,02_旧版补充原始数据,raw
DUP_2a6d6cf32c09,2a6d6cf32c09db50cbca8ee47e297ae6d29ec59c1f5adc8cbf90623d308a95fb,3,43309010,False,01_当前主原始数据/earth_search_sentinel2_annual/2022_mosaic/S2A_50RQV_20220503_0_L2A/green.tif,05_旧版整理区_混合留存/remote_sensing/earth_search_sentinel2_annual/green_2a6d6cf3.tif,05_旧版整理区_混合留存,raw
DUP_2a885e976950,2a885e97695088b762904974cc134456b6b48d5f752a29f7a71057cfa942474d,3,90314144,True,01_当前主原始数据/mee_surface_water_monthly/mee_surface_water_2023-09.pdf,01_当前主原始数据/mee_surface_water_monthly/mee_surface_water_2023-09.pdf,01_当前主原始数据,raw
DUP_2a885e976950,2a885e97695088b762904974cc134456b6b48d5f752a29f7a71057cfa942474d,3,90314144,False,01_当前主原始数据/mee_surface_water_monthly/mee_surface_water_2023-09.pdf,02_旧版补充原始数据/mee_surface_water_monthly/mee_surface_water_2023-09.pdf,02_旧版补充原始数据,raw
DUP_2a885e976950,2a885e97695088b762904974cc134456b6b48d5f752a29f7a71057cfa942474d,3,90314144,False,01_当前主原始数据/mee_surface_water_monthly/mee_surface_water_2023-09.pdf,05_旧版整理区_混合留存/reports/mee_surface_water_monthly/mee_surface_water_2023-09.pdf,05_旧版整理区_混合留存,metadata
DUP_2d5867c33f13,2d5867c33f136f2071e76203094af5203af7cbb15658092f0e092bb0904797ce,3,2010,True,01_当前主原始数据/meteorology/noaa_gfs/gfs_2026-08-18_18z_f066_taihu_subset.grib2,01_当前主原始数据/meteorology/noaa_gfs/gfs_2026-08-18_18z_f066_taihu_subset.grib2,01_当前主原始数据,raw
DUP_2d5867c33f13,2d5867c33f136f2071e76203094af5203af7cbb15658092f0e092bb0904797ce,3,2010,False,01_当前主原始数据/meteorology/noaa_gfs/gfs_2026-08-18_18z_f066_taihu_subset.grib2,02_旧版补充原始数据/meteorology/noaa_gfs/gfs_2026-08-18_18z_f066_taihu_subset.grib2,02_旧版补充原始数据,raw
DUP_2d5867c33f13,2d5867c33f136f2071e76203094af5203af7cbb15658092f0e092bb0904797ce,3,2010,False,01_当前主原始数据/meteorology/noaa_gfs/gfs_2026-08-18_18z_f066_taihu_subset.grib2,05_旧版整理区_混合留存/meteorology/noaa_gfs/gfs_2026-08-18_18z_f066_taihu_subset.grib2,05_旧版整理区_混合留存,raw
DUP_2ecba0b37329,2ecba0b373296bd1f2641503065648e80d2adc33cdea1b8d2e8247e77fa97426,3,136218188,True,01_当前主原始数据/static_geo/esa_worldcover_2021_v200/ESA_WorldCover_10m_2021_v200_N30E117_Map.tif,01_当前主原始数据/static_geo/esa_worldcover_2021_v200/ESA_WorldCover_10m_2021_v200_N30E117_Map.tif,01_当前主原始数据,raw
DUP_2ecba0b37329,2ecba0b373296bd1f2641503065648e80d2adc33cdea1b8d2e8247e77fa97426,3,136218188,False,01_当前主原始数据/static_geo/esa_worldcover_2021_v200/ESA_WorldCover_10m_2021_v200_N30E117_Map.tif,02_旧版补充原始数据/static_geo/esa_worldcover_2021_v200/ESA_WorldCover_10m_2021_v200_N30E117_Map.tif,02_旧版补充原始数据,raw
DUP_2ecba0b37329,2ecba0b373296bd1f2641503065648e80d2adc33cdea1b8d2e8247e77fa97426,3,136218188,False,01_当前主原始数据/static_geo/esa_worldcover_2021_v200/ESA_WorldCover_10m_2021_v200_N30E117_Map.tif,05_旧版整理区_混合留存/static_features/esa_worldcover_2021_v200/ESA_WorldCover_10m_2021_v200_N30E117_Map.tif,05_旧版整理区_混合留存,raw
DUP_2fe6319e02e8,2fe6319e02e8d28692243677b0028a13c80bf7ac4ac8125dadf76b179f7ddd05,3,92433041,True,01_当前主原始数据/mee_surface_water_monthly/mee_surface_water_2025-07.pdf,01_当前主原始数据/mee_surface_water_monthly/mee_surface_water_2025-07.pdf,01_当前主原始数据,raw
DUP_2fe6319e02e8,2fe6319e02e8d28692243677b0028a13c80bf7ac4ac8125dadf76b179f7ddd05,3,92433041,False,01_当前主原始数据/mee_surface_water_monthly/mee_surface_water_2025-07.pdf,02_旧版补充原始数据/mee_surface_water_monthly/mee_surface_water_2025-07.pdf,02_旧版补充原始数据,raw
DUP_2fe6319e02e8,2fe6319e02e8d28692243677b0028a13c80bf7ac4ac8125dadf76b179f7ddd05,3,92433041,False,01_当前主原始数据/mee_surface_water_monthly/mee_surface_water_2025-07.pdf,05_旧版整理区_混合留存/reports/mee_surface_water_monthly/mee_surface_water_2025-07.pdf,05_旧版整理区_混合留存,metadata
DUP_300f38338fa6,300f38338fa61c23ef67c74b2700f87f419f36741a0606247ad300061b2e7cfa,3,49210204,True,01_当前主原始数据/earth_search_sentinel2_annual/2022_mosaic/S2A_50RQV_20220503_0_L2A/nir.tif,01_当前主原始数据/earth_search_sentinel2_annual/2022_mosaic/S2A_50RQV_20220503_0_L2A/nir.tif,01_当前主原始数据,raw
DUP_300f38338fa6,300f38338fa61c23ef67c74b2700f87f419f36741a0606247ad300061b2e7cfa,3,49210204,False,01_当前主原始数据/earth_search_sentinel2_annual/2022_mosaic/S2A_50RQV_20220503_0_L2A/nir.tif,02_旧版补充原始数据/earth_search_sentinel2_annual/2022_mosaic/S2A_50RQV_20220503_0_L2A/nir.tif,02_旧版补充原始数据,raw
DUP_300f38338fa6,300f38338fa61c23ef67c74b2700f87f419f36741a0606247ad300061b2e7cfa,3,49210204,False,01_当前主原始数据/earth_search_sentinel2_annual/2022_mosaic/S2A_50RQV_20220503_0_L2A/nir.tif,05_旧版整理区_混合留存/remote_sensing/earth_search_sentinel2_annual/nir_300f3833.tif,05_旧版整理区_混合留存,raw
DUP_3016f167074e,3016f167074e332e7b4fad05a9af7d68ba7dd688d6cfcf5098878d91ed8739b5,2,3433111,True,03_THQBCA-V2原始数据集/解压内容/2.Bio-optics/2.1AquaticVegetation/TH_vege_2014-07-22.tif,03_THQBCA-V2原始数据集/解压内容/2.Bio-optics/2.1AquaticVegetation/TH_vege_2014-07-22.tif,03_THQBCA-V2原始数据集,raw
DUP_3016f167074e,3016f167074e332e7b4fad05a9af7d68ba7dd688d6cfcf5098878d91ed8739b5,2,3433111,False,03_THQBCA-V2原始数据集/解压内容/2.Bio-optics/2.1AquaticVegetation/TH_vege_2014-07-22.tif,05_旧版整理区_混合留存/remote_sensing/thqbca_v2_biooptics/TH_vege_2014-07-22.tif,05_旧版整理区_混合留存,raw
DUP_3068d78b7d9d,3068d78b7d9dcd27c039e49f7843f38fd4370872df000481962f96d42d637d66,2,8399,True,02_旧版补充原始数据/open_meteo_forecast/20260818T112053Z.json,02_旧版补充原始数据/open_meteo_forecast/20260818T112053Z.json,02_旧版补充原始数据,raw
DUP_3068d78b7d9d,3068d78b7d9dcd27c039e49f7843f38fd4370872df000481962f96d42d637d66,2,8399,False,02_旧版补充原始数据/open_meteo_forecast/20260818T112053Z.json,05_旧版整理区_混合留存/meteorology/open_meteo_forecast/20260818T112053Z.json,05_旧版整理区_混合留存,raw
DUP_30d9b03f8912,30d9b03f89129f10415f35a14a6a12c5a7aca645aef609406b117915d7e9d09a,2,38546823,True,03_THQBCA-V2原始数据集/解压内容/4.Anthropogenic/4.2POPD/TH_POPD_2011.tif,03_THQBCA-V2原始数据集/解压内容/4.Anthropogenic/4.2POPD/TH_POPD_2011.tif,03_THQBCA-V2原始数据集,raw
DUP_30d9b03f8912,30d9b03f89129f10415f35a14a6a12c5a7aca645aef609406b117915d7e9d09a,2,38546823,False,03_THQBCA-V2原始数据集/解压内容/4.Anthropogenic/4.2POPD/TH_POPD_2011.tif,05_旧版整理区_混合留存/static_features/thqbca_v2_anthropogenic/TH_POPD_2011.tif,05_旧版整理区_混合留存,raw
DUP_31c013837724,31c0138377242da08e49c330803d4912ab7551876c82ffcad17549139ea6bd3d,2,17699837,True,03_THQBCA-V2原始数据集/解压内容/2.Bio-optics/2.5TSI/TH_TSI_1999.tif,03_THQBCA-V2原始数据集/解压内容/2.Bio-optics/2.5TSI/TH_TSI_1999.tif,03_THQBCA-V2原始数据集,raw
DUP_31c013837724,31c0138377242da08e49c330803d4912ab7551876c82ffcad17549139ea6bd3d,2,17699837,False,03_THQBCA-V2原始数据集/解压内容/2.Bio-optics/2.5TSI/TH_TSI_1999.tif,05_旧版整理区_混合留存/remote_sensing/thqbca_v2_biooptics/TH_TSI_1999.tif,05_旧版整理区_混合留存,raw
DUP_3219a2725f9b,3219a2725f9b4b85a6e4909ef9e6d544a2d15198ef0fbd91a105689a70950dd1,3,86232534,True,01_当前主原始数据/mee_surface_water_monthly/mee_surface_water_2023-01.pdf,01_当前主原始数据/mee_surface_water_monthly/mee_surface_water_2023-01.pdf,01_当前主原始数据,raw
DUP_3219a2725f9b,3219a2725f9b4b85a6e4909ef9e6d544a2d15198ef0fbd91a105689a70950dd1,3,86232534,False,01_当前主原始数据/mee_surface_water_monthly/mee_surface_water_2023-01.pdf,02_旧版补充原始数据/mee_surface_water_monthly/mee_surface_water_2023-01.pdf,02_旧版补充原始数据,raw
DUP_3219a2725f9b,3219a2725f9b4b85a6e4909ef9e6d544a2d15198ef0fbd91a105689a70950dd1,3,86232534,False,01_当前主原始数据/mee_surface_water_monthly/mee_surface_water_2023-01.pdf,05_旧版整理区_混合留存/reports/mee_surface_water_monthly/mee_surface_water_2023-01.pdf,05_旧版整理区_混合留存,metadata
DUP_32906979e2d3,32906979e2d3aa622af67dce84240a11460dc7290b37afd07b323aad408557b8,2,17699837,True,03_THQBCA-V2原始数据集/解压内容/2.Bio-optics/2.3SDD/TH_SDD_2006.tif,03_THQBCA-V2原始数据集/解压内容/2.Bio-optics/2.3SDD/TH_SDD_2006.tif,03_THQBCA-V2原始数据集,raw
DUP_32906979e2d3,32906979e2d3aa622af67dce84240a11460dc7290b37afd07b323aad408557b8,2,17699837,False,03_THQBCA-V2原始数据集/解压内容/2.Bio-optics/2.3SDD/TH_SDD_2006.tif,05_旧版整理区_混合留存/remote_sensing/thqbca_v2_biooptics/TH_SDD_2006.tif,05_旧版整理区_混合留存,raw
DUP_329ca1afb8f4,329ca1afb8f4494b6d351d02846faf0b1e3378ff69b3b9d18fa6179f146d8293,3,90075738,True,01_当前主原始数据/mee_surface_water_monthly/mee_surface_water_2023-05.pdf,01_当前主原始数据/mee_surface_water_monthly/mee_surface_water_2023-05.pdf,01_当前主原始数据,raw
DUP_329ca1afb8f4,329ca1afb8f4494b6d351d02846faf0b1e3378ff69b3b9d18fa6179f146d8293,3,90075738,False,01_当前主原始数据/mee_surface_water_monthly/mee_surface_water_2023-05.pdf,02_旧版补充原始数据/mee_surface_water_monthly/mee_surface_water_2023-05.pdf,02_旧版补充原始数据,raw
DUP_329ca1afb8f4,329ca1afb8f4494b6d351d02846faf0b1e3378ff69b3b9d18fa6179f146d8293,3,90075738,False,01_当前主原始数据/mee_surface_water_monthly/mee_surface_water_2023-05.pdf,05_旧版整理区_混合留存/reports/mee_surface_water_monthly/mee_surface_water_2023-05.pdf,05_旧版整理区_混合留存,metadata
DUP_32d791b0572f,32d791b0572f9f0611075bc761612c7361ee5d43da4e9acac9ab56b3b571df53,2,3433111,True,03_THQBCA-V2原始数据集/解压内容/2.Bio-optics/2.1AquaticVegetation/TH_vege_2013-10-23.tif,03_THQBCA-V2原始数据集/解压内容/2.Bio-optics/2.1AquaticVegetation/TH_vege_2013-10-23.tif,03_THQBCA-V2原始数据集,raw
DUP_32d791b0572f,32d791b0572f9f0611075bc761612c7361ee5d43da4e9acac9ab56b3b571df53,2,3433111,False,03_THQBCA-V2原始数据集/解压内容/2.Bio-optics/2.1AquaticVegetation/TH_vege_2013-10-23.tif,05_旧版整理区_混合留存/remote_sensing/thqbca_v2_biooptics/TH_vege_2013-10-23.tif,05_旧版整理区_混合留存,raw
DUP_33d4e5006d52,33d4e5006d5238b37e69192e4df62d70480ad82ae80fbfa3d98d9eaff1dd0ed3,2,17699837,True,03_THQBCA-V2原始数据集/解压内容/2.Bio-optics/2.5TSI/TH_TSI_1997.tif,03_THQBCA-V2原始数据集/解压内容/2.Bio-optics/2.5TSI/TH_TSI_1997.tif,03_THQBCA-V2原始数据集,raw
DUP_33d4e5006d52,33d4e5006d5238b37e69192e4df62d70480ad82ae80fbfa3d98d9eaff1dd0ed3,2,17699837,False,03_THQBCA-V2原始数据集/解压内容/2.Bio-optics/2.5TSI/TH_TSI_1997.tif,05_旧版整理区_混合留存/remote_sensing/thqbca_v2_biooptics/TH_TSI_1997.tif,05_旧版整理区_混合留存,raw
DUP_3412acb552ae,3412acb552ae45a7ecb44339c82c86b2d4138fe0cceae45d1730e266f5f31167,3,46724505,True,01_当前主原始数据/earth_search_sentinel2/S2A_T50RQV_20260802T024146_L2A/blue.tif,01_当前主原始数据/earth_search_sentinel2/S2A_T50RQV_20260802T024146_L2A/blue.tif,01_当前主原始数据,raw
DUP_3412acb552ae,3412acb552ae45a7ecb44339c82c86b2d4138fe0cceae45d1730e266f5f31167,3,46724505,False,01_当前主原始数据/earth_search_sentinel2/S2A_T50RQV_20260802T024146_L2A/blue.tif,02_旧版补充原始数据/earth_search_sentinel2/S2A_T50RQV_20260802T024146_L2A/blue.tif,02_旧版补充原始数据,raw
DUP_3412acb552ae,3412acb552ae45a7ecb44339c82c86b2d4138fe0cceae45d1730e266f5f31167,3,46724505,False,01_当前主原始数据/earth_search_sentinel2/S2A_T50RQV_20260802T024146_L2A/blue.tif,05_旧版整理区_混合留存/remote_sensing/earth_search_sentinel2/blue.tif,05_旧版整理区_混合留存,raw
DUP_34e9401c8afe,34e9401c8afeaec0421d17874e4167808b2e56c673cfc59bbe2115ea1d85d01c,2,65,True,03_THQBCA-V2原始数据集/解压内容/2.Bio-optics/2.1AquaticVegetation/info.txt,03_THQBCA-V2原始数据集/解压内容/2.Bio-optics/2.1AquaticVegetation/info.txt,03_THQBCA-V2原始数据集,raw
DUP_34e9401c8afe,34e9401c8afeaec0421d17874e4167808b2e56c673cfc59bbe2115ea1d85d01c,2,65,False,03_THQBCA-V2原始数据集/解压内容/2.Bio-optics/2.1AquaticVegetation/info.txt,05_旧版整理区_混合留存/remote_sensing/thqbca_v2_biooptics/info.txt,05_旧版整理区_混合留存,raw
DUP_3538f77fbdd2,3538f77fbdd227e444fb8f9ae1ade355d9017cf433b4fe0c0d96d91afba5e8f7,3,84296048,True,01_当前主原始数据/mee_surface_water_monthly/mee_surface_water_2022-05.pdf,01_当前主原始数据/mee_surface_water_monthly/mee_surface_water_2022-05.pdf,01_当前主原始数据,raw
DUP_3538f77fbdd2,3538f77fbdd227e444fb8f9ae1ade355d9017cf433b4fe0c0d96d91afba5e8f7,3,84296048,False,01_当前主原始数据/mee_surface_water_monthly/mee_surface_water_2022-05.pdf,02_旧版补充原始数据/mee_surface_water_monthly/mee_surface_water_2022-05.pdf,02_旧版补充原始数据,raw
DUP_3538f77fbdd2,3538f77fbdd227e444fb8f9ae1ade355d9017cf433b4fe0c0d96d91afba5e8f7,3,84296048,False,01_当前主原始数据/mee_surface_water_monthly/mee_surface_water_2022-05.pdf,05_旧版整理区_混合留存/reports/mee_surface_water_monthly/mee_surface_water_2022-05.pdf,05_旧版整理区_混合留存,metadata
DUP_36d7c61360a0,36d7c61360a0fe97a910db3a78c5ca00fec6d34b94a076470f72db5f16f9bb5f,2,3433111,True,03_THQBCA-V2原始数据集/解压内容/2.Bio-optics/2.1AquaticVegetation/TH_vege_2000-08-08.tif,03_THQBCA-V2原始数据集/解压内容/2.Bio-optics/2.1AquaticVegetation/TH_vege_2000-08-08.tif,03_THQBCA-V2原始数据集,raw
DUP_36d7c61360a0,36d7c61360a0fe97a910db3a78c5ca00fec6d34b94a076470f72db5f16f9bb5f,2,3433111,False,03_THQBCA-V2原始数据集/解压内容/2.Bio-optics/2.1AquaticVegetation/TH_vege_2000-08-08.tif,05_旧版整理区_混合留存/remote_sensing/thqbca_v2_biooptics/TH_vege_2000-08-08.tif,05_旧版整理区_混合留存,raw
DUP_384424141c66,384424141c6601b53fad2b4e43d72fad6403c52f2809ea3d853d11f30a12069f,2,2965232,True,03_THQBCA-V2原始数据集/解压内容/4.Anthropogenic/4.1Landcover/TH_LC_1993.tif,03_THQBCA-V2原始数据集/解压内容/4.Anthropogenic/4.1Landcover/TH_LC_1993.tif,03_THQBCA-V2原始数据集,raw
DUP_384424141c66,384424141c6601b53fad2b4e43d72fad6403c52f2809ea3d853d11f30a12069f,2,2965232,False,03_THQBCA-V2原始数据集/解压内容/4.Anthropogenic/4.1Landcover/TH_LC_1993.tif,05_旧版整理区_混合留存/static_features/thqbca_v2_anthropogenic/TH_LC_1993.tif,05_旧版整理区_混合留存,raw
DUP_391a5d0251d7,391a5d0251d7f878b7f1b28f919a5dc4ecb5a277e5c418a499d297b3946fc97a,2,17699837,True,03_THQBCA-V2原始数据集/解压内容/2.Bio-optics/2.5TSI/TH_TSI_2006.tif,03_THQBCA-V2原始数据集/解压内容/2.Bio-optics/2.5TSI/TH_TSI_2006.tif,03_THQBCA-V2原始数据集,raw
DUP_391a5d0251d7,391a5d0251d7f878b7f1b28f919a5dc4ecb5a277e5c418a499d297b3946fc97a,2,17699837,False,03_THQBCA-V2原始数据集/解压内容/2.Bio-optics/2.5TSI/TH_TSI_2006.tif,05_旧版整理区_混合留存/remote_sensing/thqbca_v2_biooptics/TH_TSI_2006.tif,05_旧版整理区_混合留存,raw
DUP_39789f8274b0,39789f8274b0bfc2508dfcc80d45910c56747eba1f9b476895c55e7c11dd7094,3,62945822,True,01_当前主原始数据/mee_surface_water_monthly/mee_surface_water_2026-06.pdf,01_当前主原始数据/mee_surface_water_monthly/mee_surface_water_2026-06.pdf,01_当前主原始数据,raw
DUP_39789f8274b0,39789f8274b0bfc2508dfcc80d45910c56747eba1f9b476895c55e7c11dd7094,3,62945822,False,01_当前主原始数据/mee_surface_water_monthly/mee_surface_water_2026-06.pdf,02_旧版补充原始数据/mee_surface_water_monthly/mee_surface_water_2026-06.pdf,02_旧版补充原始数据,raw
DUP_39789f8274b0,39789f8274b0bfc2508dfcc80d45910c56747eba1f9b476895c55e7c11dd7094,3,62945822,False,01_当前主原始数据/mee_surface_water_monthly/mee_surface_water_2026-06.pdf,05_旧版整理区_混合留存/reports/mee_surface_water_monthly/mee_surface_water_2026-06.pdf,05_旧版整理区_混合留存,metadata
DUP_39ca77f31104,39ca77f31104342ed5ae2f3f98a03fa1f271f5802e93fab98e8c3896979d1cf7,2,17699837,True,03_THQBCA-V2原始数据集/解压内容/2.Bio-optics/2.3SDD/TH_SDD_2005.tif,03_THQBCA-V2原始数据集/解压内容/2.Bio-optics/2.3SDD/TH_SDD_2005.tif,03_THQBCA-V2原始数据集,raw
DUP_39ca77f31104,39ca77f31104342ed5ae2f3f98a03fa1f271f5802e93fab98e8c3896979d1cf7,2,17699837,False,03_THQBCA-V2原始数据集/解压内容/2.Bio-optics/2.3SDD/TH_SDD_2005.tif,05_旧版整理区_混合留存/remote_sensing/thqbca_v2_biooptics/TH_SDD_2005.tif,05_旧版整理区_混合留存,raw
DUP_3a7264acf80c,3a7264acf80c9228c2bf32b4e438f5c7ac997ac95c3e1a7a21fb7fcb0f25484c,2,8399,True,02_旧版补充原始数据/open_meteo_forecast/20260818T112114Z.json,02_旧版补充原始数据/open_meteo_forecast/20260818T112114Z.json,02_旧版补充原始数据,raw
DUP_3a7264acf80c,3a7264acf80c9228c2bf32b4e438f5c7ac997ac95c3e1a7a21fb7fcb0f25484c,2,8399,False,02_旧版补充原始数据/open_meteo_forecast/20260818T112114Z.json,05_旧版整理区_混合留存/meteorology/open_meteo_forecast/20260818T112114Z.json,05_旧版整理区_混合留存,raw
DUP_3ad3031f5503,3ad3031f5503a4404af825262ee8232cc04d4ea6683d42c5dd0a2f2a27ac9824,2,5,True,01_当前主原始数据/geo/hydrolakes/asia/HydroLAKES_Asia.cpg,01_当前主原始数据/geo/hydrolakes/asia/HydroLAKES_Asia.cpg,01_当前主原始数据,raw
DUP_3ad3031f5503,3ad3031f5503a4404af825262ee8232cc04d4ea6683d42c5dd0a2f2a27ac9824,2,5,False,01_当前主原始数据/geo/hydrolakes/asia/HydroLAKES_Asia.cpg,02_旧版补充原始数据/geo/hydrolakes/asia/HydroLAKES_Asia.cpg,02_旧版补充原始数据,raw
DUP_3aff48e97fd1,3aff48e97fd12c0a0fa067a9e069e5532fe5bb904e9c26a15137be6fef02ce69,2,393770,True,03_THQBCA-V2原始数据集/解压内容/2.Bio-optics/2.2FAC/TH_FAC_2022.tif,03_THQBCA-V2原始数据集/解压内容/2.Bio-optics/2.2FAC/TH_FAC_2022.tif,03_THQBCA-V2原始数据集,raw
DUP_3aff48e97fd1,3aff48e97fd12c0a0fa067a9e069e5532fe5bb904e9c26a15137be6fef02ce69,2,393770,False,03_THQBCA-V2原始数据集/解压内容/2.Bio-optics/2.2FAC/TH_FAC_2022.tif,05_旧版整理区_混合留存/remote_sensing/thqbca_v2_biooptics/TH_FAC_2022.tif,05_旧版整理区_混合留存,raw
DUP_3c0b5ef83cf2,3c0b5ef83cf21cd4967c3ac583d3a31ad3c9c564cf4fc5c9eb17560ea8f8eb13,7,177,True,01_当前主原始数据/mwr_hfc/20260819T073111Z.csv,01_当前主原始数据/mwr_hfc/20260819T073111Z.csv,01_当前主原始数据,raw
DUP_3c0b5ef83cf2,3c0b5ef83cf21cd4967c3ac583d3a31ad3c9c564cf4fc5c9eb17560ea8f8eb13,7,177,False,01_当前主原始数据/mwr_hfc/20260819T073111Z.csv,01_当前主原始数据/mwr_hfc/20260819T100151Z.csv,01_当前主原始数据,raw
DUP_3c0b5ef83cf2,3c0b5ef83cf21cd4967c3ac583d3a31ad3c9c564cf4fc5c9eb17560ea8f8eb13,7,177,False,01_当前主原始数据/mwr_hfc/20260819T073111Z.csv,01_当前主原始数据/mwr_hfc/20260819T113508Z.csv,01_当前主原始数据,raw
DUP_3c0b5ef83cf2,3c0b5ef83cf21cd4967c3ac583d3a31ad3c9c564cf4fc5c9eb17560ea8f8eb13,7,177,False,01_当前主原始数据/mwr_hfc/20260819T073111Z.csv,02_旧版补充原始数据/mwr_hfc/20260819T073111Z.csv,02_旧版补充原始数据,raw
DUP_3c0b5ef83cf2,3c0b5ef83cf21cd4967c3ac583d3a31ad3c9c564cf4fc5c9eb17560ea8f8eb13,7,177,False,01_当前主原始数据/mwr_hfc/20260819T073111Z.csv,02_旧版补充原始数据/mwr_hfc/20260819T100151Z.csv,02_旧版补充原始数据,raw
DUP_3c0b5ef83cf2,3c0b5ef83cf21cd4967c3ac583d3a31ad3c9c564cf4fc5c9eb17560ea8f8eb13,7,177,False,01_当前主原始数据/mwr_hfc/20260819T073111Z.csv,02_旧版补充原始数据/mwr_hfc/20260819T113508Z.csv,02_旧版补充原始数据,raw
DUP_3c0b5ef83cf2,3c0b5ef83cf21cd4967c3ac583d3a31ad3c9c564cf4fc5c9eb17560ea8f8eb13,7,177,False,01_当前主原始数据/mwr_hfc/20260819T073111Z.csv,05_旧版整理区_混合留存/hydrology/mwr_hfc/20260819T073111Z.csv,05_旧版整理区_混合留存,raw
DUP_3d6f4b244912,3d6f4b244912303054751362f940807a0c179dae023f985a04db8dfac5c68f4d,2,16876409,True,03_THQBCA-V2原始数据集/解压内容/2.Bio-optics/2.4Chla/TH_Chla_2011.tif,03_THQBCA-V2原始数据集/解压内容/2.Bio-optics/2.4Chla/TH_Chla_2011.tif,03_THQBCA-V2原始数据集,raw
DUP_3d6f4b244912,3d6f4b244912303054751362f940807a0c179dae023f985a04db8dfac5c68f4d,2,16876409,False,03_THQBCA-V2原始数据集/解压内容/2.Bio-optics/2.4Chla/TH_Chla_2011.tif,05_旧版整理区_混合留存/remote_sensing/thqbca_v2_biooptics/TH_Chla_2011.tif,05_旧版整理区_混合留存,raw
DUP_3df1ea1fcf35,3df1ea1fcf3574ca9ab4830d872fa34f88674992f888ba3350ce7eae82fd217b,2,16876409,True,03_THQBCA-V2原始数据集/解压内容/2.Bio-optics/2.4Chla/TH_Chla_2017.tif,03_THQBCA-V2原始数据集/解压内容/2.Bio-optics/2.4Chla/TH_Chla_2017.tif,03_THQBCA-V2原始数据集,raw
DUP_3df1ea1fcf35,3df1ea1fcf3574ca9ab4830d872fa34f88674992f888ba3350ce7eae82fd217b,2,16876409,False,03_THQBCA-V2原始数据集/解压内容/2.Bio-optics/2.4Chla/TH_Chla_2017.tif,05_旧版整理区_混合留存/remote_sensing/thqbca_v2_biooptics/TH_Chla_2017.tif,05_旧版整理区_混合留存,raw
DUP_3e4c8c75f348,3e4c8c75f3486947b804791789f23845884ae930f276f24fcf8f0c4c58bb029b,3,47212033,True,01_当前主原始数据/earth_search_sentinel2/S2A_T50RQV_20260802T024146_L2A/red.tif,01_当前主原始数据/earth_search_sentinel2/S2A_T50RQV_20260802T024146_L2A/red.tif,01_当前主原始数据,raw
DUP_3e4c8c75f348,3e4c8c75f3486947b804791789f23845884ae930f276f24fcf8f0c4c58bb029b,3,47212033,False,01_当前主原始数据/earth_search_sentinel2/S2A_T50RQV_20260802T024146_L2A/red.tif,02_旧版补充原始数据/earth_search_sentinel2/S2A_T50RQV_20260802T024146_L2A/red.tif,02_旧版补充原始数据,raw
DUP_3e4c8c75f348,3e4c8c75f3486947b804791789f23845884ae930f276f24fcf8f0c4c58bb029b,3,47212033,False,01_当前主原始数据/earth_search_sentinel2/S2A_T50RQV_20260802T024146_L2A/red.tif,05_旧版整理区_混合留存/remote_sensing/earth_search_sentinel2/red.tif,05_旧版整理区_混合留存,raw
DUP_3f3baf92a960,3f3baf92a960224971a3f487d569879038a66749ddb4fbb3ed0769263ac30700,2,1312072,True,03_THQBCA-V2原始数据集/解压内容/4.Anthropogenic/4.3NTL/TH_NTL_2010.tif,03_THQBCA-V2原始数据集/解压内容/4.Anthropogenic/4.3NTL/TH_NTL_2010.tif,03_THQBCA-V2原始数据集,raw
DUP_3f3baf92a960,3f3baf92a960224971a3f487d569879038a66749ddb4fbb3ed0769263ac30700,2,1312072,False,03_THQBCA-V2原始数据集/解压内容/4.Anthropogenic/4.3NTL/TH_NTL_2010.tif,05_旧版整理区_混合留存/static_features/thqbca_v2_anthropogenic/TH_NTL_2010.tif,05_旧版整理区_混合留存,raw
DUP_3fd988d7e9a1,3fd988d7e9a1cd6bcf1ed046b9a6b29f5c819639bedd34a9e4ad2a34c3da465e,2,393770,True,03_THQBCA-V2原始数据集/解压内容/2.Bio-optics/2.2FAC/TH_FAC_2019.tif,03_THQBCA-V2原始数据集/解压内容/2.Bio-optics/2.2FAC/TH_FAC_2019.tif,03_THQBCA-V2原始数据集,raw
DUP_3fd988d7e9a1,3fd988d7e9a1cd6bcf1ed046b9a6b29f5c819639bedd34a9e4ad2a34c3da465e,2,393770,False,03_THQBCA-V2原始数据集/解压内容/2.Bio-optics/2.2FAC/TH_FAC_2019.tif,05_旧版整理区_混合留存/remote_sensing/thqbca_v2_biooptics/TH_FAC_2019.tif,05_旧版整理区_混合留存,raw
DUP_406573daf2c8,406573daf2c8222661e42f3758fe91c0647677f65e4e740c6f8b92e22e26e421,3,46855357,True,01_当前主原始数据/earth_search_sentinel2/S2A_T50RQV_20260802T024146_L2A/green.tif,01_当前主原始数据/earth_search_sentinel2/S2A_T50RQV_20260802T024146_L2A/green.tif,01_当前主原始数据,raw
DUP_406573daf2c8,406573daf2c8222661e42f3758fe91c0647677f65e4e740c6f8b92e22e26e421,3,46855357,False,01_当前主原始数据/earth_search_sentinel2/S2A_T50RQV_20260802T024146_L2A/green.tif,02_旧版补充原始数据/earth_search_sentinel2/S2A_T50RQV_20260802T024146_L2A/green.tif,02_旧版补充原始数据,raw
DUP_406573daf2c8,406573daf2c8222661e42f3758fe91c0647677f65e4e740c6f8b92e22e26e421,3,46855357,False,01_当前主原始数据/earth_search_sentinel2/S2A_T50RQV_20260802T024146_L2A/green.tif,05_旧版整理区_混合留存/remote_sensing/earth_search_sentinel2/green.tif,05_旧版整理区_混合留存,raw
DUP_4068d5e54d79,4068d5e54d798b743d6c12cb45285cbacd491a1a9f52bc8db52984494bab2443,2,17699837,True,03_THQBCA-V2原始数据集/解压内容/2.Bio-optics/2.3SDD/TH_SDD_1996.tif,03_THQBCA-V2原始数据集/解压内容/2.Bio-optics/2.3SDD/TH_SDD_1996.tif,03_THQBCA-V2原始数据集,raw
DUP_4068d5e54d79,4068d5e54d798b743d6c12cb45285cbacd491a1a9f52bc8db52984494bab2443,2,17699837,False,03_THQBCA-V2原始数据集/解压内容/2.Bio-optics/2.3SDD/TH_SDD_1996.tif,05_旧版整理区_混合留存/remote_sensing/thqbca_v2_biooptics/TH_SDD_1996.tif,05_旧版整理区_混合留存,raw
DUP_413cdcb46358,413cdcb46358b3ff20d31f02a9789e18ddbe94ff52caca7181c2d45d17d3457e,2,17519,True,04_公开数据目录检索原始响应/c23_p1.json,04_公开数据目录检索原始响应/c23_p1.json,04_公开数据目录检索原始响应,metadata
DUP_413cdcb46358,413cdcb46358b3ff20d31f02a9789e18ddbe94ff52caca7181c2d45d17d3457e,2,17519,False,04_公开数据目录检索原始响应/c23_p1.json,04_公开数据目录检索原始响应/search_p1.json,04_公开数据目录检索原始响应,metadata
DUP_4228a603bf5a,4228a603bf5acb2b6270756bdfd3c1b0675a152ccd6239e1184c2106e64bd9bd,2,17699837,True,03_THQBCA-V2原始数据集/解压内容/2.Bio-optics/2.3SDD/TH_SDD_1993.tif,03_THQBCA-V2原始数据集/解压内容/2.Bio-optics/2.3SDD/TH_SDD_1993.tif,03_THQBCA-V2原始数据集,raw
DUP_4228a603bf5a,4228a603bf5acb2b6270756bdfd3c1b0675a152ccd6239e1184c2106e64bd9bd,2,17699837,False,03_THQBCA-V2原始数据集/解压内容/2.Bio-optics/2.3SDD/TH_SDD_1993.tif,05_旧版整理区_混合留存/remote_sensing/thqbca_v2_biooptics/TH_SDD_1993.tif,05_旧版整理区_混合留存,raw
DUP_42e5310d5113,42e5310d5113883b5ed546a3fdfbdb2a8103f5eb37084d2d15ab4dfed5f89b68,3,7790822,True,01_当前主原始数据/meteorology/noaa_gfs/gfs_2026-08-18_18z_f048_subset.grib2,01_当前主原始数据/meteorology/noaa_gfs/gfs_2026-08-18_18z_f048_subset.grib2,01_当前主原始数据,raw
DUP_42e5310d5113,42e5310d5113883b5ed546a3fdfbdb2a8103f5eb37084d2d15ab4dfed5f89b68,3,7790822,False,01_当前主原始数据/meteorology/noaa_gfs/gfs_2026-08-18_18z_f048_subset.grib2,02_旧版补充原始数据/meteorology/noaa_gfs/gfs_2026-08-18_18z_f048_subset.grib2,02_旧版补充原始数据,raw
DUP_42e5310d5113,42e5310d5113883b5ed546a3fdfbdb2a8103f5eb37084d2d15ab4dfed5f89b68,3,7790822,False,01_当前主原始数据/meteorology/noaa_gfs/gfs_2026-08-18_18z_f048_subset.grib2,05_旧版整理区_混合留存/meteorology/noaa_gfs/gfs_2026-08-18_18z_f048_subset.grib2,05_旧版整理区_混合留存,raw
DUP_4324ea5876e2,4324ea5876e2329e6c030d12bd64a51c944f8196736bc4f8e19f19e59ce2f92b,2,17699837,True,03_THQBCA-V2原始数据集/解压内容/2.Bio-optics/2.3SDD/TH_SDD_2015.tif,03_THQBCA-V2原始数据集/解压内容/2.Bio-optics/2.3SDD/TH_SDD_2015.tif,03_THQBCA-V2原始数据集,raw
DUP_4324ea5876e2,4324ea5876e2329e6c030d12bd64a51c944f8196736bc4f8e19f19e59ce2f92b,2,17699837,False,03_THQBCA-V2原始数据集/解压内容/2.Bio-optics/2.3SDD/TH_SDD_2015.tif,05_旧版整理区_混合留存/remote_sensing/thqbca_v2_biooptics/TH_SDD_2015.tif,05_旧版整理区_混合留存,raw
DUP_443a557496c5,443a557496c5cd5d854c7c35a82c7ef41512a87d0fd25ab4eebbaf6223d37c21,2,17699837,True,03_THQBCA-V2原始数据集/解压内容/2.Bio-optics/2.3SDD/TH_SDD_1997.tif,03_THQBCA-V2原始数据集/解压内容/2.Bio-optics/2.3SDD/TH_SDD_1997.tif,03_THQBCA-V2原始数据集,raw
DUP_443a557496c5,443a557496c5cd5d854c7c35a82c7ef41512a87d0fd25ab4eebbaf6223d37c21,2,17699837,False,03_THQBCA-V2原始数据集/解压内容/2.Bio-optics/2.3SDD/TH_SDD_1997.tif,05_旧版整理区_混合留存/remote_sensing/thqbca_v2_biooptics/TH_SDD_1997.tif,05_旧版整理区_混合留存,raw
DUP_444a00d39000,444a00d39000746349b98f6ca09ff2fa0aeed3eca7b144b4884f6b87f51d64d8,3,1372319,True,01_当前主原始数据/nasa_power_hourly/history_2008.json,01_当前主原始数据/nasa_power_hourly/history_2008.json,01_当前主原始数据,raw
DUP_444a00d39000,444a00d39000746349b98f6ca09ff2fa0aeed3eca7b144b4884f6b87f51d64d8,3,1372319,False,01_当前主原始数据/nasa_power_hourly/history_2008.json,02_旧版补充原始数据/nasa_power_hourly/history_2008.json,02_旧版补充原始数据,raw
DUP_444a00d39000,444a00d39000746349b98f6ca09ff2fa0aeed3eca7b144b4884f6b87f51d64d8,3,1372319,False,01_当前主原始数据/nasa_power_hourly/history_2008.json,05_旧版整理区_混合留存/meteorology/nasa_power_hourly/history_2008.json,05_旧版整理区_混合留存,raw
DUP_4590bc973674,4590bc9736747341b50f558445484838ae5480078d6c91232d8d86c1723c049e,2,17699837,True,03_THQBCA-V2原始数据集/解压内容/2.Bio-optics/2.3SDD/TH_SDD_1989.tif,03_THQBCA-V2原始数据集/解压内容/2.Bio-optics/2.3SDD/TH_SDD_1989.tif,03_THQBCA-V2原始数据集,raw
DUP_4590bc973674,4590bc9736747341b50f558445484838ae5480078d6c91232d8d86c1723c049e,2,17699837,False,03_THQBCA-V2原始数据集/解压内容/2.Bio-optics/2.3SDD/TH_SDD_1989.tif,05_旧版整理区_混合留存/remote_sensing/thqbca_v2_biooptics/TH_SDD_1989.tif,05_旧版整理区_混合留存,raw
DUP_45ce2f7a2a1e,45ce2f7a2a1eae6dd2dfc1f200f946b4ac4df9545191315be987d02ef9168914,2,17699837,True,03_THQBCA-V2原始数据集/解压内容/2.Bio-optics/2.5TSI/TH_TSI_1993.tif,03_THQBCA-V2原始数据集/解压内容/2.Bio-optics/2.5TSI/TH_TSI_1993.tif,03_THQBCA-V2原始数据集,raw
DUP_45ce2f7a2a1e,45ce2f7a2a1eae6dd2dfc1f200f946b4ac4df9545191315be987d02ef9168914,2,17699837,False,03_THQBCA-V2原始数据集/解压内容/2.Bio-optics/2.5TSI/TH_TSI_1993.tif,05_旧版整理区_混合留存/remote_sensing/thqbca_v2_biooptics/TH_TSI_1993.tif,05_旧版整理区_混合留存,raw
DUP_465cf698738b,465cf698738b98eb243652a66f3ee545dc204d7ddcad1d2df8014b7d2966b1c0,2,17699837,True,03_THQBCA-V2原始数据集/解压内容/2.Bio-optics/2.5TSI/TH_TSI_2000.tif,03_THQBCA-V2原始数据集/解压内容/2.Bio-optics/2.5TSI/TH_TSI_2000.tif,03_THQBCA-V2原始数据集,raw
DUP_465cf698738b,465cf698738b98eb243652a66f3ee545dc204d7ddcad1d2df8014b7d2966b1c0,2,17699837,False,03_THQBCA-V2原始数据集/解压内容/2.Bio-optics/2.5TSI/TH_TSI_2000.tif,05_旧版整理区_混合留存/remote_sensing/thqbca_v2_biooptics/TH_TSI_2000.tif,05_旧版整理区_混合留存,raw
DUP_46675bd365e3,46675bd365e3594340ef5110149c41986faca1f36feeefa9c8ad389308c57fc6,3,14299287,True,01_当前主原始数据/earth_search_sentinel2_annual/2022/S2A_51STR_20221010_0_L2A/red.tif,01_当前主原始数据/earth_search_sentinel2_annual/2022/S2A_51STR_20221010_0_L2A/red.tif,01_当前主原始数据,raw
DUP_46675bd365e3,46675bd365e3594340ef5110149c41986faca1f36feeefa9c8ad389308c57fc6,3,14299287,False,01_当前主原始数据/earth_search_sentinel2_annual/2022/S2A_51STR_20221010_0_L2A/red.tif,02_旧版补充原始数据/earth_search_sentinel2_annual/2022/S2A_51STR_20221010_0_L2A/red.tif,02_旧版补充原始数据,raw
DUP_46675bd365e3,46675bd365e3594340ef5110149c41986faca1f36feeefa9c8ad389308c57fc6,3,14299287,False,01_当前主原始数据/earth_search_sentinel2_annual/2022/S2A_51STR_20221010_0_L2A/red.tif,05_旧版整理区_混合留存/remote_sensing/earth_search_sentinel2_annual/red_46675bd3.tif,05_旧版整理区_混合留存,raw
DUP_467cd9246b9e,467cd9246b9e32b18e4e74233f640ce440c5cd6c4e10664aa09862fec9a2d593,2,1312072,True,03_THQBCA-V2原始数据集/解压内容/4.Anthropogenic/4.3NTL/TH_NTL_2005.tif,03_THQBCA-V2原始数据集/解压内容/4.Anthropogenic/4.3NTL/TH_NTL_2005.tif,03_THQBCA-V2原始数据集,raw
DUP_467cd9246b9e,467cd9246b9e32b18e4e74233f640ce440c5cd6c4e10664aa09862fec9a2d593,2,1312072,False,03_THQBCA-V2原始数据集/解压内容/4.Anthropogenic/4.3NTL/TH_NTL_2005.tif,05_旧版整理区_混合留存/static_features/thqbca_v2_anthropogenic/TH_NTL_2005.tif,05_旧版整理区_混合留存,raw
DUP_46cea8ed290b,46cea8ed290b4ca2766c28126d683603a20c919f9655b9bcd423fbca44faa8b1,2,3433111,True,03_THQBCA-V2原始数据集/解压内容/2.Bio-optics/2.1AquaticVegetation/TH_vege_2011-09-16.tif,03_THQBCA-V2原始数据集/解压内容/2.Bio-optics/2.1AquaticVegetation/TH_vege_2011-09-16.tif,03_THQBCA-V2原始数据集,raw
DUP_46cea8ed290b,46cea8ed290b4ca2766c28126d683603a20c919f9655b9bcd423fbca44faa8b1,2,3433111,False,03_THQBCA-V2原始数据集/解压内容/2.Bio-optics/2.1AquaticVegetation/TH_vege_2011-09-16.tif,05_旧版整理区_混合留存/remote_sensing/thqbca_v2_biooptics/TH_vege_2011-09-16.tif,05_旧版整理区_混合留存,raw
DUP_48461be7cd7c,48461be7cd7c54bc2a4483e562dadef5fa928d71d7588f370b65cbae8aec4590,3,80188309,True,01_当前主原始数据/mee_surface_water_monthly/mee_surface_water_2024-03.pdf,01_当前主原始数据/mee_surface_water_monthly/mee_surface_water_2024-03.pdf,01_当前主原始数据,raw
DUP_48461be7cd7c,48461be7cd7c54bc2a4483e562dadef5fa928d71d7588f370b65cbae8aec4590,3,80188309,False,01_当前主原始数据/mee_surface_water_monthly/mee_surface_water_2024-03.pdf,02_旧版补充原始数据/mee_surface_water_monthly/mee_surface_water_2024-03.pdf,02_旧版补充原始数据,raw
DUP_48461be7cd7c,48461be7cd7c54bc2a4483e562dadef5fa928d71d7588f370b65cbae8aec4590,3,80188309,False,01_当前主原始数据/mee_surface_water_monthly/mee_surface_water_2024-03.pdf,05_旧版整理区_混合留存/reports/mee_surface_water_monthly/mee_surface_water_2024-03.pdf,05_旧版整理区_混合留存,metadata
DUP_4944b99664a1,4944b99664a1cace92f1da39e293933e6430e630b2cd2c4b95706caacc7b9753,2,17699837,True,03_THQBCA-V2原始数据集/解压内容/2.Bio-optics/2.5TSI/TH_TSI_2007.tif,03_THQBCA-V2原始数据集/解压内容/2.Bio-optics/2.5TSI/TH_TSI_2007.tif,03_THQBCA-V2原始数据集,raw
DUP_4944b99664a1,4944b99664a1cace92f1da39e293933e6430e630b2cd2c4b95706caacc7b9753,2,17699837,False,03_THQBCA-V2原始数据集/解压内容/2.Bio-optics/2.5TSI/TH_TSI_2007.tif,05_旧版整理区_混合留存/remote_sensing/thqbca_v2_biooptics/TH_TSI_2007.tif,05_旧版整理区_混合留存,raw
DUP_4a19f2e6b7df,4a19f2e6b7dfeda9da0d82e15259e83173ef02db86f77c90f38e1e8c9839d86f,2,393770,True,03_THQBCA-V2原始数据集/解压内容/2.Bio-optics/2.2FAC/TH_FAC_2006.tif,03_THQBCA-V2原始数据集/解压内容/2.Bio-optics/2.2FAC/TH_FAC_2006.tif,03_THQBCA-V2原始数据集,raw
DUP_4a19f2e6b7df,4a19f2e6b7dfeda9da0d82e15259e83173ef02db86f77c90f38e1e8c9839d86f,2,393770,False,03_THQBCA-V2原始数据集/解压内容/2.Bio-optics/2.2FAC/TH_FAC_2006.tif,05_旧版整理区_混合留存/remote_sensing/thqbca_v2_biooptics/TH_FAC_2006.tif,05_旧版整理区_混合留存,raw
DUP_4a693287d835,4a693287d835c5dfe5f55cd8f067dce1b15501cf928a1e9a890f131339dd36c2,2,17699837,True,03_THQBCA-V2原始数据集/解压内容/2.Bio-optics/2.5TSI/TH_TSI_1998.tif,03_THQBCA-V2原始数据集/解压内容/2.Bio-optics/2.5TSI/TH_TSI_1998.tif,03_THQBCA-V2原始数据集,raw
DUP_4a693287d835,4a693287d835c5dfe5f55cd8f067dce1b15501cf928a1e9a890f131339dd36c2,2,17699837,False,03_THQBCA-V2原始数据集/解压内容/2.Bio-optics/2.5TSI/TH_TSI_1998.tif,05_旧版整理区_混合留存/remote_sensing/thqbca_v2_biooptics/TH_TSI_1998.tif,05_旧版整理区_混合留存,raw
DUP_4abf41a84c6d,4abf41a84c6da4ac9d2c9706c913b24fa319dba0b8b4bf0d82a1b9ea82f06957,2,3770558,True,03_THQBCA-V2原始数据集/解压内容/4.Anthropogenic/4.1Landcover/TH_LC_2006.tif,03_THQBCA-V2原始数据集/解压内容/4.Anthropogenic/4.1Landcover/TH_LC_2006.tif,03_THQBCA-V2原始数据集,raw
DUP_4abf41a84c6d,4abf41a84c6da4ac9d2c9706c913b24fa319dba0b8b4bf0d82a1b9ea82f06957,2,3770558,False,03_THQBCA-V2原始数据集/解压内容/4.Anthropogenic/4.1Landcover/TH_LC_2006.tif,05_旧版整理区_混合留存/static_features/thqbca_v2_anthropogenic/TH_LC_2006.tif,05_旧版整理区_混合留存,raw
DUP_4ba1718de380,4ba1718de380fc1c7d2db6aa690a34bc3fa4fe2402c28e6452a7e372c101e825,3,2012,True,01_当前主原始数据/meteorology/noaa_gfs/gfs_2026-08-18_18z_f060_taihu_subset.grib2,01_当前主原始数据/meteorology/noaa_gfs/gfs_2026-08-18_18z_f060_taihu_subset.grib2,01_当前主原始数据,raw
DUP_4ba1718de380,4ba1718de380fc1c7d2db6aa690a34bc3fa4fe2402c28e6452a7e372c101e825,3,2012,False,01_当前主原始数据/meteorology/noaa_gfs/gfs_2026-08-18_18z_f060_taihu_subset.grib2,02_旧版补充原始数据/meteorology/noaa_gfs/gfs_2026-08-18_18z_f060_taihu_subset.grib2,02_旧版补充原始数据,raw
DUP_4ba1718de380,4ba1718de380fc1c7d2db6aa690a34bc3fa4fe2402c28e6452a7e372c101e825,3,2012,False,01_当前主原始数据/meteorology/noaa_gfs/gfs_2026-08-18_18z_f060_taihu_subset.grib2,05_旧版整理区_混合留存/meteorology/noaa_gfs/gfs_2026-08-18_18z_f060_taihu_subset.grib2,05_旧版整理区_混合留存,raw
DUP_4bf4285b2547,4bf4285b25477e89c658cba3d55a4f118a967d575dfc6b51685ca6ca0e72fab6,2,38546823,True,03_THQBCA-V2原始数据集/解压内容/4.Anthropogenic/4.2POPD/TH_POPD_2017.tif,03_THQBCA-V2原始数据集/解压内容/4.Anthropogenic/4.2POPD/TH_POPD_2017.tif,03_THQBCA-V2原始数据集,raw
DUP_4bf4285b2547,4bf4285b25477e89c658cba3d55a4f118a967d575dfc6b51685ca6ca0e72fab6,2,38546823,False,03_THQBCA-V2原始数据集/解压内容/4.Anthropogenic/4.2POPD/TH_POPD_2017.tif,05_旧版整理区_混合留存/static_features/thqbca_v2_anthropogenic/TH_POPD_2017.tif,05_旧版整理区_混合留存,raw
DUP_4c20add5b9ce,4c20add5b9ced68b5d88dc1af2e6c1e5ad43b3c0de9c9d9afc97f8d8a9e06c2b,2,16876409,True,03_THQBCA-V2原始数据集/解压内容/2.Bio-optics/2.4Chla/TH_Chla_2005.tif,03_THQBCA-V2原始数据集/解压内容/2.Bio-optics/2.4Chla/TH_Chla_2005.tif,03_THQBCA-V2原始数据集,raw
DUP_4c20add5b9ce,4c20add5b9ced68b5d88dc1af2e6c1e5ad43b3c0de9c9d9afc97f8d8a9e06c2b,2,16876409,False,03_THQBCA-V2原始数据集/解压内容/2.Bio-optics/2.4Chla/TH_Chla_2005.tif,05_旧版整理区_混合留存/remote_sensing/thqbca_v2_biooptics/TH_Chla_2005.tif,05_旧版整理区_混合留存,raw
DUP_4d5117b25d51,4d5117b25d51202f981d59eab8bf203fe1c73bd03643023529df7d0d7f0fefb6,2,393770,True,03_THQBCA-V2原始数据集/解压内容/2.Bio-optics/2.2FAC/TH_FAC_2018.tif,03_THQBCA-V2原始数据集/解压内容/2.Bio-optics/2.2FAC/TH_FAC_2018.tif,03_THQBCA-V2原始数据集,raw
DUP_4d5117b25d51,4d5117b25d51202f981d59eab8bf203fe1c73bd03643023529df7d0d7f0fefb6,2,393770,False,03_THQBCA-V2原始数据集/解压内容/2.Bio-optics/2.2FAC/TH_FAC_2018.tif,05_旧版整理区_混合留存/remote_sensing/thqbca_v2_biooptics/TH_FAC_2018.tif,05_旧版整理区_混合留存,raw
DUP_4e1ff12c9698,4e1ff12c969842ec60eb6279cc0e1cf883a0bb646d51f5cf47d68f2d7ab269dc,2,17699837,True,03_THQBCA-V2原始数据集/解压内容/2.Bio-optics/2.3SDD/TH_SDD_2007.tif,03_THQBCA-V2原始数据集/解压内容/2.Bio-optics/2.3SDD/TH_SDD_2007.tif,03_THQBCA-V2原始数据集,raw
DUP_4e1ff12c9698,4e1ff12c969842ec60eb6279cc0e1cf883a0bb646d51f5cf47d68f2d7ab269dc,2,17699837,False,03_THQBCA-V2原始数据集/解压内容/2.Bio-optics/2.3SDD/TH_SDD_2007.tif,05_旧版整理区_混合留存/remote_sensing/thqbca_v2_biooptics/TH_SDD_2007.tif,05_旧版整理区_混合留存,raw
DUP_4e21aeb36b4b,4e21aeb36b4b147deeec7ac55270ffc510f93759e206c8147ad322c15a5da765,2,8398,True,02_旧版补充原始数据/open_meteo_forecast/20260818T112039Z.json,02_旧版补充原始数据/open_meteo_forecast/20260818T112039Z.json,02_旧版补充原始数据,raw
DUP_4e21aeb36b4b,4e21aeb36b4b147deeec7ac55270ffc510f93759e206c8147ad322c15a5da765,2,8398,False,02_旧版补充原始数据/open_meteo_forecast/20260818T112039Z.json,05_旧版整理区_混合留存/meteorology/open_meteo_forecast/20260818T112039Z.json,05_旧版整理区_混合留存,raw
DUP_4e9393b4bfda,4e9393b4bfda4ea7bc83232da6c8228457ea5bed3ed9449da7fa840fde4a7cc3,3,137074,True,01_当前主原始数据/clms_lwq_catalog/20260823T091154Z_lwq-nrt_global_300m_10daily_v1_cog.csv,01_当前主原始数据/clms_lwq_catalog/20260823T091154Z_lwq-nrt_global_300m_10daily_v1_cog.csv,01_当前主原始数据,metadata
DUP_4e9393b4bfda,4e9393b4bfda4ea7bc83232da6c8228457ea5bed3ed9449da7fa840fde4a7cc3,3,137074,False,01_当前主原始数据/clms_lwq_catalog/20260823T091154Z_lwq-nrt_global_300m_10daily_v1_cog.csv,02_旧版补充原始数据/clms_lwq_catalog/20260823T091154Z_lwq-nrt_global_300m_10daily_v1_cog.csv,02_旧版补充原始数据,metadata
DUP_4e9393b4bfda,4e9393b4bfda4ea7bc83232da6c8228457ea5bed3ed9449da7fa840fde4a7cc3,3,137074,False,01_当前主原始数据/clms_lwq_catalog/20260823T091154Z_lwq-nrt_global_300m_10daily_v1_cog.csv,05_旧版整理区_混合留存/remote_sensing/clms_lwq_catalog/20260823T091154Z_lwq-nrt_global_300m_10daily_v1_cog.csv,05_旧版整理区_混合留存,metadata
DUP_5049f660d3eb,5049f660d3ebff202f21974b68b67b4fa9606f5444a31d6c4c1295a0ef04e326,3,1368073,True,01_当前主原始数据/nasa_power_hourly/history_2009.json,01_当前主原始数据/nasa_power_hourly/history_2009.json,01_当前主原始数据,raw
DUP_5049f660d3eb,5049f660d3ebff202f21974b68b67b4fa9606f5444a31d6c4c1295a0ef04e326,3,1368073,False,01_当前主原始数据/nasa_power_hourly/history_2009.json,02_旧版补充原始数据/nasa_power_hourly/history_2009.json,02_旧版补充原始数据,raw
DUP_5049f660d3eb,5049f660d3ebff202f21974b68b67b4fa9606f5444a31d6c4c1295a0ef04e326,3,1368073,False,01_当前主原始数据/nasa_power_hourly/history_2009.json,05_旧版整理区_混合留存/meteorology/nasa_power_hourly/history_2009.json,05_旧版整理区_混合留存,raw
DUP_505c8263b48a,505c8263b48ac6e0b4b7f3bef7e0790e0131cbdef24f0f79a2a6f001cf6488d6,2,3060890,True,03_THQBCA-V2原始数据集/解压内容/4.Anthropogenic/4.1Landcover/TH_LC_1995.tif,03_THQBCA-V2原始数据集/解压内容/4.Anthropogenic/4.1Landcover/TH_LC_1995.tif,03_THQBCA-V2原始数据集,raw
DUP_505c8263b48a,505c8263b48ac6e0b4b7f3bef7e0790e0131cbdef24f0f79a2a6f001cf6488d6,2,3060890,False,03_THQBCA-V2原始数据集/解压内容/4.Anthropogenic/4.1Landcover/TH_LC_1995.tif,05_旧版整理区_混合留存/static_features/thqbca_v2_anthropogenic/TH_LC_1995.tif,05_旧版整理区_混合留存,raw
DUP_50a700c7b415,50a700c7b41504a338491961808618aae2c6fb6af3fc88e58492745f35241c2f,2,3433110,True,03_THQBCA-V2原始数据集/解压内容/2.Bio-optics/2.1AquaticVegetation/TH_vege_2004-10-14.tif,03_THQBCA-V2原始数据集/解压内容/2.Bio-optics/2.1AquaticVegetation/TH_vege_2004-10-14.tif,03_THQBCA-V2原始数据集,raw
DUP_50a700c7b415,50a700c7b41504a338491961808618aae2c6fb6af3fc88e58492745f35241c2f,2,3433110,False,03_THQBCA-V2原始数据集/解压内容/2.Bio-optics/2.1AquaticVegetation/TH_vege_2004-10-14.tif,05_旧版整理区_混合留存/remote_sensing/thqbca_v2_biooptics/TH_vege_2004-10-14.tif,05_旧版整理区_混合留存,raw
DUP_50b78398d08f,50b78398d08f266cf303167495a6993cd0537a64f5e69a4bdd6e888c891a1b0e,3,3672298,True,01_当前主原始数据/earth_search_sentinel2_annual/2022/S2A_51STR_20221010_0_L2A/rededge1.tif,01_当前主原始数据/earth_search_sentinel2_annual/2022/S2A_51STR_20221010_0_L2A/rededge1.tif,01_当前主原始数据,raw
DUP_50b78398d08f,50b78398d08f266cf303167495a6993cd0537a64f5e69a4bdd6e888c891a1b0e,3,3672298,False,01_当前主原始数据/earth_search_sentinel2_annual/2022/S2A_51STR_20221010_0_L2A/rededge1.tif,02_旧版补充原始数据/earth_search_sentinel2_annual/2022/S2A_51STR_20221010_0_L2A/rededge1.tif,02_旧版补充原始数据,raw
DUP_50b78398d08f,50b78398d08f266cf303167495a6993cd0537a64f5e69a4bdd6e888c891a1b0e,3,3672298,False,01_当前主原始数据/earth_search_sentinel2_annual/2022/S2A_51STR_20221010_0_L2A/rededge1.tif,05_旧版整理区_混合留存/remote_sensing/earth_search_sentinel2_annual/rededge1_50b78398.tif,05_旧版整理区_混合留存,raw
DUP_51a818b88fff,51a818b88fff27a73a5b8366ac388897c08d9606e8a914905a356be9f35fe99b,2,17699837,True,03_THQBCA-V2原始数据集/解压内容/2.Bio-optics/2.3SDD/TH_SDD_2016.tif,03_THQBCA-V2原始数据集/解压内容/2.Bio-optics/2.3SDD/TH_SDD_2016.tif,03_THQBCA-V2原始数据集,raw
DUP_51a818b88fff,51a818b88fff27a73a5b8366ac388897c08d9606e8a914905a356be9f35fe99b,2,17699837,False,03_THQBCA-V2原始数据集/解压内容/2.Bio-optics/2.3SDD/TH_SDD_2016.tif,05_旧版整理区_混合留存/remote_sensing/thqbca_v2_biooptics/TH_SDD_2016.tif,05_旧版整理区_混合留存,raw
DUP_51b87228f0bb,51b87228f0bbc4b8448b8642cf0c927b5cd24cda18edb206ba6c3bcf4077c280,2,16876409,True,03_THQBCA-V2原始数据集/解压内容/2.Bio-optics/2.4Chla/TH_Chla_1987.tif,03_THQBCA-V2原始数据集/解压内容/2.Bio-optics/2.4Chla/TH_Chla_1987.tif,03_THQBCA-V2原始数据集,raw
DUP_51b87228f0bb,51b87228f0bbc4b8448b8642cf0c927b5cd24cda18edb206ba6c3bcf4077c280,2,16876409,False,03_THQBCA-V2原始数据集/解压内容/2.Bio-optics/2.4Chla/TH_Chla_1987.tif,05_旧版整理区_混合留存/remote_sensing/thqbca_v2_biooptics/TH_Chla_1987.tif,05_旧版整理区_混合留存,raw
DUP_527eed458750,527eed458750337fdeaa09e2af73bb7a6cd2183b5e185746549e1a0d3fa26a44,2,17699837,True,03_THQBCA-V2原始数据集/解压内容/2.Bio-optics/2.5TSI/TH_TSI_2002.tif,03_THQBCA-V2原始数据集/解压内容/2.Bio-optics/2.5TSI/TH_TSI_2002.tif,03_THQBCA-V2原始数据集,raw
DUP_527eed458750,527eed458750337fdeaa09e2af73bb7a6cd2183b5e185746549e1a0d3fa26a44,2,17699837,False,03_THQBCA-V2原始数据集/解压内容/2.Bio-optics/2.5TSI/TH_TSI_2002.tif,05_旧版整理区_混合留存/remote_sensing/thqbca_v2_biooptics/TH_TSI_2002.tif,05_旧版整理区_混合留存,raw
DUP_53ccb7d105af,53ccb7d105af7be0f7dc1ac992fc330e25b27ab2d7fa1c8611ea17aadf664800,2,17699837,True,03_THQBCA-V2原始数据集/解压内容/2.Bio-optics/2.5TSI/TH_TSI_1992.tif,03_THQBCA-V2原始数据集/解压内容/2.Bio-optics/2.5TSI/TH_TSI_1992.tif,03_THQBCA-V2原始数据集,raw
DUP_53ccb7d105af,53ccb7d105af7be0f7dc1ac992fc330e25b27ab2d7fa1c8611ea17aadf664800,2,17699837,False,03_THQBCA-V2原始数据集/解压内容/2.Bio-optics/2.5TSI/TH_TSI_1992.tif,05_旧版整理区_混合留存/remote_sensing/thqbca_v2_biooptics/TH_TSI_1992.tif,05_旧版整理区_混合留存,raw
DUP_5422d9c9828d,5422d9c9828d8a4fce8b915b6124f0aabe196d5b3e75d7d6fc19bbac1d0cb4d9,2,17699837,True,03_THQBCA-V2原始数据集/解压内容/2.Bio-optics/2.3SDD/TH_SDD_2014.tif,03_THQBCA-V2原始数据集/解压内容/2.Bio-optics/2.3SDD/TH_SDD_2014.tif,03_THQBCA-V2原始数据集,raw
DUP_5422d9c9828d,5422d9c9828d8a4fce8b915b6124f0aabe196d5b3e75d7d6fc19bbac1d0cb4d9,2,17699837,False,03_THQBCA-V2原始数据集/解压内容/2.Bio-optics/2.3SDD/TH_SDD_2014.tif,05_旧版整理区_混合留存/remote_sensing/thqbca_v2_biooptics/TH_SDD_2014.tif,05_旧版整理区_混合留存,raw
DUP_555901c2fd87,555901c2fd8743c7706a4119d101f4c12a6735e0cfce140276fcd2abc36d5d2a,3,83004884,True,01_当前主原始数据/mee_surface_water_monthly/mee_surface_water_2024-12.pdf,01_当前主原始数据/mee_surface_water_monthly/mee_surface_water_2024-12.pdf,01_当前主原始数据,raw
DUP_555901c2fd87,555901c2fd8743c7706a4119d101f4c12a6735e0cfce140276fcd2abc36d5d2a,3,83004884,False,01_当前主原始数据/mee_surface_water_monthly/mee_surface_water_2024-12.pdf,02_旧版补充原始数据/mee_surface_water_monthly/mee_surface_water_2024-12.pdf,02_旧版补充原始数据,raw
DUP_555901c2fd87,555901c2fd8743c7706a4119d101f4c12a6735e0cfce140276fcd2abc36d5d2a,3,83004884,False,01_当前主原始数据/mee_surface_water_monthly/mee_surface_water_2024-12.pdf,05_旧版整理区_混合留存/reports/mee_surface_water_monthly/mee_surface_water_2024-12.pdf,05_旧版整理区_混合留存,metadata
DUP_5580b682abba,5580b682abbad98bb65ecec6b40502ec7d5714cfce2904f92bac041f617d5cf5,119,71,False,01_当前主原始数据/mwr_hfc/20260819T044450Z.csv,01_当前主原始数据/mwr_hfc/20260819T044426Z.csv,01_当前主原始数据,raw
DUP_5580b682abba,5580b682abbad98bb65ecec6b40502ec7d5714cfce2904f92bac041f617d5cf5,119,71,True,01_当前主原始数据/mwr_hfc/20260819T044450Z.csv,01_当前主原始数据/mwr_hfc/20260819T044450Z.csv,01_当前主原始数据,raw
DUP_5580b682abba,5580b682abbad98bb65ecec6b40502ec7d5714cfce2904f92bac041f617d5cf5,119,71,False,01_当前主原始数据/mwr_hfc/20260819T044450Z.csv,01_当前主原始数据/mwr_hfc/20260819T045226Z.csv,01_当前主原始数据,raw
DUP_5580b682abba,5580b682abbad98bb65ecec6b40502ec7d5714cfce2904f92bac041f617d5cf5,119,71,False,01_当前主原始数据/mwr_hfc/20260819T044450Z.csv,01_当前主原始数据/mwr_hfc/20260819T045238Z.csv,01_当前主原始数据,raw
DUP_5580b682abba,5580b682abbad98bb65ecec6b40502ec7d5714cfce2904f92bac041f617d5cf5,119,71,False,01_当前主原始数据/mwr_hfc/20260819T044450Z.csv,01_当前主原始数据/mwr_hfc/20260819T045304Z.csv,01_当前主原始数据,raw
DUP_5580b682abba,5580b682abbad98bb65ecec6b40502ec7d5714cfce2904f92bac041f617d5cf5,119,71,False,01_当前主原始数据/mwr_hfc/20260819T044450Z.csv,01_当前主原始数据/mwr_hfc/20260819T050619Z.csv,01_当前主原始数据,raw
DUP_5580b682abba,5580b682abbad98bb65ecec6b40502ec7d5714cfce2904f92bac041f617d5cf5,119,71,False,01_当前主原始数据/mwr_hfc/20260819T044450Z.csv,01_当前主原始数据/mwr_hfc/20260819T052512Z.csv,01_当前主原始数据,raw
DUP_5580b682abba,5580b682abbad98bb65ecec6b40502ec7d5714cfce2904f92bac041f617d5cf5,119,71,False,01_当前主原始数据/mwr_hfc/20260819T044450Z.csv,01_当前主原始数据/mwr_hfc/20260819T053443Z.csv,01_当前主原始数据,raw
DUP_5580b682abba,5580b682abbad98bb65ecec6b40502ec7d5714cfce2904f92bac041f617d5cf5,119,71,False,01_当前主原始数据/mwr_hfc/20260819T044450Z.csv,01_当前主原始数据/mwr_hfc/20260819T054715Z.csv,01_当前主原始数据,raw
DUP_5580b682abba,5580b682abbad98bb65ecec6b40502ec7d5714cfce2904f92bac041f617d5cf5,119,71,False,01_当前主原始数据/mwr_hfc/20260819T044450Z.csv,01_当前主原始数据/mwr_hfc/20260819T055528Z.csv,01_当前主原始数据,raw
DUP_5580b682abba,5580b682abbad98bb65ecec6b40502ec7d5714cfce2904f92bac041f617d5cf5,119,71,False,01_当前主原始数据/mwr_hfc/20260819T044450Z.csv,01_当前主原始数据/mwr_hfc/20260819T062118Z.csv,01_当前主原始数据,raw
DUP_5580b682abba,5580b682abbad98bb65ecec6b40502ec7d5714cfce2904f92bac041f617d5cf5,119,71,False,01_当前主原始数据/mwr_hfc/20260819T044450Z.csv,01_当前主原始数据/mwr_hfc/20260819T062253Z.csv,01_当前主原始数据,raw
DUP_5580b682abba,5580b682abbad98bb65ecec6b40502ec7d5714cfce2904f92bac041f617d5cf5,119,71,False,01_当前主原始数据/mwr_hfc/20260819T044450Z.csv,01_当前主原始数据/mwr_hfc/20260819T062800Z.csv,01_当前主原始数据,raw
DUP_5580b682abba,5580b682abbad98bb65ecec6b40502ec7d5714cfce2904f92bac041f617d5cf5,119,71,False,01_当前主原始数据/mwr_hfc/20260819T044450Z.csv,01_当前主原始数据/mwr_hfc/20260819T063130Z.csv,01_当前主原始数据,raw
DUP_5580b682abba,5580b682abbad98bb65ecec6b40502ec7d5714cfce2904f92bac041f617d5cf5,119,71,False,01_当前主原始数据/mwr_hfc/20260819T044450Z.csv,01_当前主原始数据/mwr_hfc/20260819T064501Z.csv,01_当前主原始数据,raw
DUP_5580b682abba,5580b682abbad98bb65ecec6b40502ec7d5714cfce2904f92bac041f617d5cf5,119,71,False,01_当前主原始数据/mwr_hfc/20260819T044450Z.csv,01_当前主原始数据/mwr_hfc/20260819T064756Z.csv,01_当前主原始数据,raw
DUP_5580b682abba,5580b682abbad98bb65ecec6b40502ec7d5714cfce2904f92bac041f617d5cf5,119,71,False,01_当前主原始数据/mwr_hfc/20260819T044450Z.csv,01_当前主原始数据/mwr_hfc/20260819T065301Z.csv,01_当前主原始数据,raw
DUP_5580b682abba,5580b682abbad98bb65ecec6b40502ec7d5714cfce2904f92bac041f617d5cf5,119,71,False,01_当前主原始数据/mwr_hfc/20260819T044450Z.csv,01_当前主原始数据/mwr_hfc/20260819T070314Z.csv,01_当前主原始数据,raw
DUP_5580b682abba,5580b682abbad98bb65ecec6b40502ec7d5714cfce2904f92bac041f617d5cf5,119,71,False,01_当前主原始数据/mwr_hfc/20260819T044450Z.csv,01_当前主原始数据/mwr_hfc/20260819T071244Z.csv,01_当前主原始数据,raw
DUP_5580b682abba,5580b682abbad98bb65ecec6b40502ec7d5714cfce2904f92bac041f617d5cf5,119,71,False,01_当前主原始数据/mwr_hfc/20260819T044450Z.csv,01_当前主原始数据/mwr_hfc/20260819T071431Z.csv,01_当前主原始数据,raw
DUP_5580b682abba,5580b682abbad98bb65ecec6b40502ec7d5714cfce2904f92bac041f617d5cf5,119,71,False,01_当前主原始数据/mwr_hfc/20260819T044450Z.csv,01_当前主原始数据/mwr_hfc/20260819T072300Z.csv,01_当前主原始数据,raw
DUP_5580b682abba,5580b682abbad98bb65ecec6b40502ec7d5714cfce2904f92bac041f617d5cf5,119,71,False,01_当前主原始数据/mwr_hfc/20260819T044450Z.csv,01_当前主原始数据/mwr_hfc/20260819T072951Z.csv,01_当前主原始数据,raw
DUP_5580b682abba,5580b682abbad98bb65ecec6b40502ec7d5714cfce2904f92bac041f617d5cf5,119,71,False,01_当前主原始数据/mwr_hfc/20260819T044450Z.csv,01_当前主原始数据/mwr_hfc/20260819T073112Z.csv,01_当前主原始数据,raw
DUP_5580b682abba,5580b682abbad98bb65ecec6b40502ec7d5714cfce2904f92bac041f617d5cf5,119,71,False,01_当前主原始数据/mwr_hfc/20260819T044450Z.csv,01_当前主原始数据/mwr_hfc/20260819T074457Z.csv,01_当前主原始数据,raw
DUP_5580b682abba,5580b682abbad98bb65ecec6b40502ec7d5714cfce2904f92bac041f617d5cf5,119,71,False,01_当前主原始数据/mwr_hfc/20260819T044450Z.csv,01_当前主原始数据/mwr_hfc/20260819T074944Z.csv,01_当前主原始数据,raw
DUP_5580b682abba,5580b682abbad98bb65ecec6b40502ec7d5714cfce2904f92bac041f617d5cf5,119,71,False,01_当前主原始数据/mwr_hfc/20260819T044450Z.csv,01_当前主原始数据/mwr_hfc/20260819T075546Z.csv,01_当前主原始数据,raw
DUP_5580b682abba,5580b682abbad98bb65ecec6b40502ec7d5714cfce2904f92bac041f617d5cf5,119,71,False,01_当前主原始数据/mwr_hfc/20260819T044450Z.csv,01_当前主原始数据/mwr_hfc/20260819T080443Z.csv,01_当前主原始数据,raw
DUP_5580b682abba,5580b682abbad98bb65ecec6b40502ec7d5714cfce2904f92bac041f617d5cf5,119,71,False,01_当前主原始数据/mwr_hfc/20260819T044450Z.csv,01_当前主原始数据/mwr_hfc/20260819T080711Z.csv,01_当前主原始数据,raw
DUP_5580b682abba,5580b682abbad98bb65ecec6b40502ec7d5714cfce2904f92bac041f617d5cf5,119,71,False,01_当前主原始数据/mwr_hfc/20260819T044450Z.csv,01_当前主原始数据/mwr_hfc/20260819T080924Z.csv,01_当前主原始数据,raw
DUP_5580b682abba,5580b682abbad98bb65ecec6b40502ec7d5714cfce2904f92bac041f617d5cf5,119,71,False,01_当前主原始数据/mwr_hfc/20260819T044450Z.csv,01_当前主原始数据/mwr_hfc/20260819T081538Z.csv,01_当前主原始数据,raw
DUP_5580b682abba,5580b682abbad98bb65ecec6b40502ec7d5714cfce2904f92bac041f617d5cf5,119,71,False,01_当前主原始数据/mwr_hfc/20260819T044450Z.csv,01_当前主原始数据/mwr_hfc/20260819T082813Z.csv,01_当前主原始数据,raw
DUP_5580b682abba,5580b682abbad98bb65ecec6b40502ec7d5714cfce2904f92bac041f617d5cf5,119,71,False,01_当前主原始数据/mwr_hfc/20260819T044450Z.csv,01_当前主原始数据/mwr_hfc/20260819T083917Z.csv,01_当前主原始数据,raw
DUP_5580b682abba,5580b682abbad98bb65ecec6b40502ec7d5714cfce2904f92bac041f617d5cf5,119,71,False,01_当前主原始数据/mwr_hfc/20260819T044450Z.csv,01_当前主原始数据/mwr_hfc/20260819T084201Z.csv,01_当前主原始数据,raw
DUP_5580b682abba,5580b682abbad98bb65ecec6b40502ec7d5714cfce2904f92bac041f617d5cf5,119,71,False,01_当前主原始数据/mwr_hfc/20260819T044450Z.csv,01_当前主原始数据/mwr_hfc/20260819T084909Z.csv,01_当前主原始数据,raw
DUP_5580b682abba,5580b682abbad98bb65ecec6b40502ec7d5714cfce2904f92bac041f617d5cf5,119,71,False,01_当前主原始数据/mwr_hfc/20260819T044450Z.csv,01_当前主原始数据/mwr_hfc/20260819T085843Z.csv,01_当前主原始数据,raw
DUP_5580b682abba,5580b682abbad98bb65ecec6b40502ec7d5714cfce2904f92bac041f617d5cf5,119,71,False,01_当前主原始数据/mwr_hfc/20260819T044450Z.csv,01_当前主原始数据/mwr_hfc/20260819T090131Z.csv,01_当前主原始数据,raw
DUP_5580b682abba,5580b682abbad98bb65ecec6b40502ec7d5714cfce2904f92bac041f617d5cf5,119,71,False,01_当前主原始数据/mwr_hfc/20260819T044450Z.csv,01_当前主原始数据/mwr_hfc/20260819T095110Z.csv,01_当前主原始数据,raw
DUP_5580b682abba,5580b682abbad98bb65ecec6b40502ec7d5714cfce2904f92bac041f617d5cf5,119,71,False,01_当前主原始数据/mwr_hfc/20260819T044450Z.csv,01_当前主原始数据/mwr_hfc/20260819T100152Z.csv,01_当前主原始数据,raw
DUP_5580b682abba,5580b682abbad98bb65ecec6b40502ec7d5714cfce2904f92bac041f617d5cf5,119,71,False,01_当前主原始数据/mwr_hfc/20260819T044450Z.csv,01_当前主原始数据/mwr_hfc/20260819T100845Z.csv,01_当前主原始数据,raw
DUP_5580b682abba,5580b682abbad98bb65ecec6b40502ec7d5714cfce2904f92bac041f617d5cf5,119,71,False,01_当前主原始数据/mwr_hfc/20260819T044450Z.csv,01_当前主原始数据/mwr_hfc/20260819T102041Z.csv,01_当前主原始数据,raw
DUP_5580b682abba,5580b682abbad98bb65ecec6b40502ec7d5714cfce2904f92bac041f617d5cf5,119,71,False,01_当前主原始数据/mwr_hfc/20260819T044450Z.csv,01_当前主原始数据/mwr_hfc/20260819T102644Z.csv,01_当前主原始数据,raw
DUP_5580b682abba,5580b682abbad98bb65ecec6b40502ec7d5714cfce2904f92bac041f617d5cf5,119,71,False,01_当前主原始数据/mwr_hfc/20260819T044450Z.csv,01_当前主原始数据/mwr_hfc/20260819T102928Z.csv,01_当前主原始数据,raw
DUP_5580b682abba,5580b682abbad98bb65ecec6b40502ec7d5714cfce2904f92bac041f617d5cf5,119,71,False,01_当前主原始数据/mwr_hfc/20260819T044450Z.csv,01_当前主原始数据/mwr_hfc/20260819T104235Z.csv,01_当前主原始数据,raw
DUP_5580b682abba,5580b682abbad98bb65ecec6b40502ec7d5714cfce2904f92bac041f617d5cf5,119,71,False,01_当前主原始数据/mwr_hfc/20260819T044450Z.csv,01_当前主原始数据/mwr_hfc/20260819T111255Z.csv,01_当前主原始数据,raw
DUP_5580b682abba,5580b682abbad98bb65ecec6b40502ec7d5714cfce2904f92bac041f617d5cf5,119,71,False,01_当前主原始数据/mwr_hfc/20260819T044450Z.csv,01_当前主原始数据/mwr_hfc/20260819T111411Z.csv,01_当前主原始数据,raw
DUP_5580b682abba,5580b682abbad98bb65ecec6b40502ec7d5714cfce2904f92bac041f617d5cf5,119,71,False,01_当前主原始数据/mwr_hfc/20260819T044450Z.csv,01_当前主原始数据/mwr_hfc/20260819T112140Z.csv,01_当前主原始数据,raw
DUP_5580b682abba,5580b682abbad98bb65ecec6b40502ec7d5714cfce2904f92bac041f617d5cf5,119,71,False,01_当前主原始数据/mwr_hfc/20260819T044450Z.csv,01_当前主原始数据/mwr_hfc/20260819T112607Z.csv,01_当前主原始数据,raw
DUP_5580b682abba,5580b682abbad98bb65ecec6b40502ec7d5714cfce2904f92bac041f617d5cf5,119,71,False,01_当前主原始数据/mwr_hfc/20260819T044450Z.csv,01_当前主原始数据/mwr_hfc/20260819T112850Z.csv,01_当前主原始数据,raw
DUP_5580b682abba,5580b682abbad98bb65ecec6b40502ec7d5714cfce2904f92bac041f617d5cf5,119,71,False,01_当前主原始数据/mwr_hfc/20260819T044450Z.csv,01_当前主原始数据/mwr_hfc/20260819T113232Z.csv,01_当前主原始数据,raw
DUP_5580b682abba,5580b682abbad98bb65ecec6b40502ec7d5714cfce2904f92bac041f617d5cf5,119,71,False,01_当前主原始数据/mwr_hfc/20260819T044450Z.csv,01_当前主原始数据/mwr_hfc/20260819T113509Z.csv,01_当前主原始数据,raw
DUP_5580b682abba,5580b682abbad98bb65ecec6b40502ec7d5714cfce2904f92bac041f617d5cf5,119,71,False,01_当前主原始数据/mwr_hfc/20260819T044450Z.csv,01_当前主原始数据/mwr_hfc/20260819T132058Z.csv,01_当前主原始数据,raw
DUP_5580b682abba,5580b682abbad98bb65ecec6b40502ec7d5714cfce2904f92bac041f617d5cf5,119,71,False,01_当前主原始数据/mwr_hfc/20260819T044450Z.csv,01_当前主原始数据/mwr_hfc/20260819T132829Z.csv,01_当前主原始数据,raw
DUP_5580b682abba,5580b682abbad98bb65ecec6b40502ec7d5714cfce2904f92bac041f617d5cf5,119,71,False,01_当前主原始数据/mwr_hfc/20260819T044450Z.csv,01_当前主原始数据/mwr_hfc/20260819T133628Z.csv,01_当前主原始数据,raw
DUP_5580b682abba,5580b682abbad98bb65ecec6b40502ec7d5714cfce2904f92bac041f617d5cf5,119,71,False,01_当前主原始数据/mwr_hfc/20260819T044450Z.csv,01_当前主原始数据/mwr_hfc/20260819T135048Z.csv,01_当前主原始数据,raw
DUP_5580b682abba,5580b682abbad98bb65ecec6b40502ec7d5714cfce2904f92bac041f617d5cf5,119,71,False,01_当前主原始数据/mwr_hfc/20260819T044450Z.csv,01_当前主原始数据/mwr_hfc/20260823T031315Z.csv,01_当前主原始数据,raw
DUP_5580b682abba,5580b682abbad98bb65ecec6b40502ec7d5714cfce2904f92bac041f617d5cf5,119,71,False,01_当前主原始数据/mwr_hfc/20260819T044450Z.csv,01_当前主原始数据/mwr_hfc/20260823T110933Z.csv,01_当前主原始数据,raw
DUP_5580b682abba,5580b682abbad98bb65ecec6b40502ec7d5714cfce2904f92bac041f617d5cf5,119,71,False,01_当前主原始数据/mwr_hfc/20260819T044450Z.csv,01_当前主原始数据/mwr_hfc/20260824T023401Z.csv,01_当前主原始数据,raw
DUP_5580b682abba,5580b682abbad98bb65ecec6b40502ec7d5714cfce2904f92bac041f617d5cf5,119,71,False,01_当前主原始数据/mwr_hfc/20260819T044450Z.csv,01_当前主原始数据/mwr_hfc/20260824T035205Z.csv,01_当前主原始数据,raw
DUP_5580b682abba,5580b682abbad98bb65ecec6b40502ec7d5714cfce2904f92bac041f617d5cf5,119,71,False,01_当前主原始数据/mwr_hfc/20260819T044450Z.csv,01_当前主原始数据/mwr_hfc/20260824T035256Z.csv,01_当前主原始数据,raw
DUP_5580b682abba,5580b682abbad98bb65ecec6b40502ec7d5714cfce2904f92bac041f617d5cf5,119,71,False,01_当前主原始数据/mwr_hfc/20260819T044450Z.csv,01_当前主原始数据/mwr_hfc/20260824T035734Z.csv,01_当前主原始数据,raw
DUP_5580b682abba,5580b682abbad98bb65ecec6b40502ec7d5714cfce2904f92bac041f617d5cf5,119,71,False,01_当前主原始数据/mwr_hfc/20260819T044450Z.csv,01_当前主原始数据/mwr_hfc/20260831T035507Z.csv,01_当前主原始数据,raw
DUP_5580b682abba,5580b682abbad98bb65ecec6b40502ec7d5714cfce2904f92bac041f617d5cf5,119,71,False,01_当前主原始数据/mwr_hfc/20260819T044450Z.csv,02_旧版补充原始数据/mwr_hfc/20260819T044426Z.csv,02_旧版补充原始数据,raw
DUP_5580b682abba,5580b682abbad98bb65ecec6b40502ec7d5714cfce2904f92bac041f617d5cf5,119,71,False,01_当前主原始数据/mwr_hfc/20260819T044450Z.csv,02_旧版补充原始数据/mwr_hfc/20260819T044450Z.csv,02_旧版补充原始数据,raw
DUP_5580b682abba,5580b682abbad98bb65ecec6b40502ec7d5714cfce2904f92bac041f617d5cf5,119,71,False,01_当前主原始数据/mwr_hfc/20260819T044450Z.csv,02_旧版补充原始数据/mwr_hfc/20260819T045226Z.csv,02_旧版补充原始数据,raw
DUP_5580b682abba,5580b682abbad98bb65ecec6b40502ec7d5714cfce2904f92bac041f617d5cf5,119,71,False,01_当前主原始数据/mwr_hfc/20260819T044450Z.csv,02_旧版补充原始数据/mwr_hfc/20260819T045238Z.csv,02_旧版补充原始数据,raw
DUP_5580b682abba,5580b682abbad98bb65ecec6b40502ec7d5714cfce2904f92bac041f617d5cf5,119,71,False,01_当前主原始数据/mwr_hfc/20260819T044450Z.csv,02_旧版补充原始数据/mwr_hfc/20260819T045304Z.csv,02_旧版补充原始数据,raw
DUP_5580b682abba,5580b682abbad98bb65ecec6b40502ec7d5714cfce2904f92bac041f617d5cf5,119,71,False,01_当前主原始数据/mwr_hfc/20260819T044450Z.csv,02_旧版补充原始数据/mwr_hfc/20260819T050619Z.csv,02_旧版补充原始数据,raw
DUP_5580b682abba,5580b682abbad98bb65ecec6b40502ec7d5714cfce2904f92bac041f617d5cf5,119,71,False,01_当前主原始数据/mwr_hfc/20260819T044450Z.csv,02_旧版补充原始数据/mwr_hfc/20260819T052512Z.csv,02_旧版补充原始数据,raw
DUP_5580b682abba,5580b682abbad98bb65ecec6b40502ec7d5714cfce2904f92bac041f617d5cf5,119,71,False,01_当前主原始数据/mwr_hfc/20260819T044450Z.csv,02_旧版补充原始数据/mwr_hfc/20260819T053443Z.csv,02_旧版补充原始数据,raw
DUP_5580b682abba,5580b682abbad98bb65ecec6b40502ec7d5714cfce2904f92bac041f617d5cf5,119,71,False,01_当前主原始数据/mwr_hfc/20260819T044450Z.csv,02_旧版补充原始数据/mwr_hfc/20260819T054715Z.csv,02_旧版补充原始数据,raw
DUP_5580b682abba,5580b682abbad98bb65ecec6b40502ec7d5714cfce2904f92bac041f617d5cf5,119,71,False,01_当前主原始数据/mwr_hfc/20260819T044450Z.csv,02_旧版补充原始数据/mwr_hfc/20260819T055528Z.csv,02_旧版补充原始数据,raw
DUP_5580b682abba,5580b682abbad98bb65ecec6b40502ec7d5714cfce2904f92bac041f617d5cf5,119,71,False,01_当前主原始数据/mwr_hfc/20260819T044450Z.csv,02_旧版补充原始数据/mwr_hfc/20260819T062118Z.csv,02_旧版补充原始数据,raw
DUP_5580b682abba,5580b682abbad98bb65ecec6b40502ec7d5714cfce2904f92bac041f617d5cf5,119,71,False,01_当前主原始数据/mwr_hfc/20260819T044450Z.csv,02_旧版补充原始数据/mwr_hfc/20260819T062253Z.csv,02_旧版补充原始数据,raw
DUP_5580b682abba,5580b682abbad98bb65ecec6b40502ec7d5714cfce2904f92bac041f617d5cf5,119,71,False,01_当前主原始数据/mwr_hfc/20260819T044450Z.csv,02_旧版补充原始数据/mwr_hfc/20260819T062800Z.csv,02_旧版补充原始数据,raw
DUP_5580b682abba,5580b682abbad98bb65ecec6b40502ec7d5714cfce2904f92bac041f617d5cf5,119,71,False,01_当前主原始数据/mwr_hfc/20260819T044450Z.csv,02_旧版补充原始数据/mwr_hfc/20260819T063130Z.csv,02_旧版补充原始数据,raw
DUP_5580b682abba,5580b682abbad98bb65ecec6b40502ec7d5714cfce2904f92bac041f617d5cf5,119,71,False,01_当前主原始数据/mwr_hfc/20260819T044450Z.csv,02_旧版补充原始数据/mwr_hfc/20260819T064501Z.csv,02_旧版补充原始数据,raw
DUP_5580b682abba,5580b682abbad98bb65ecec6b40502ec7d5714cfce2904f92bac041f617d5cf5,119,71,False,01_当前主原始数据/mwr_hfc/20260819T044450Z.csv,02_旧版补充原始数据/mwr_hfc/20260819T064756Z.csv,02_旧版补充原始数据,raw
DUP_5580b682abba,5580b682abbad98bb65ecec6b40502ec7d5714cfce2904f92bac041f617d5cf5,119,71,False,01_当前主原始数据/mwr_hfc/20260819T044450Z.csv,02_旧版补充原始数据/mwr_hfc/20260819T065301Z.csv,02_旧版补充原始数据,raw
DUP_5580b682abba,5580b682abbad98bb65ecec6b40502ec7d5714cfce2904f92bac041f617d5cf5,119,71,False,01_当前主原始数据/mwr_hfc/20260819T044450Z.csv,02_旧版补充原始数据/mwr_hfc/20260819T070314Z.csv,02_旧版补充原始数据,raw
DUP_5580b682abba,5580b682abbad98bb65ecec6b40502ec7d5714cfce2904f92bac041f617d5cf5,119,71,False,01_当前主原始数据/mwr_hfc/20260819T044450Z.csv,02_旧版补充原始数据/mwr_hfc/20260819T071244Z.csv,02_旧版补充原始数据,raw
DUP_5580b682abba,5580b682abbad98bb65ecec6b40502ec7d5714cfce2904f92bac041f617d5cf5,119,71,False,01_当前主原始数据/mwr_hfc/20260819T044450Z.csv,02_旧版补充原始数据/mwr_hfc/20260819T071431Z.csv,02_旧版补充原始数据,raw
DUP_5580b682abba,5580b682abbad98bb65ecec6b40502ec7d5714cfce2904f92bac041f617d5cf5,119,71,False,01_当前主原始数据/mwr_hfc/20260819T044450Z.csv,02_旧版补充原始数据/mwr_hfc/20260819T072300Z.csv,02_旧版补充原始数据,raw
DUP_5580b682abba,5580b682abbad98bb65ecec6b40502ec7d5714cfce2904f92bac041f617d5cf5,119,71,False,01_当前主原始数据/mwr_hfc/20260819T044450Z.csv,02_旧版补充原始数据/mwr_hfc/20260819T072951Z.csv,02_旧版补充原始数据,raw
DUP_5580b682abba,5580b682abbad98bb65ecec6b40502ec7d5714cfce2904f92bac041f617d5cf5,119,71,False,01_当前主原始数据/mwr_hfc/20260819T044450Z.csv,02_旧版补充原始数据/mwr_hfc/20260819T073112Z.csv,02_旧版补充原始数据,raw
DUP_5580b682abba,5580b682abbad98bb65ecec6b40502ec7d5714cfce2904f92bac041f617d5cf5,119,71,False,01_当前主原始数据/mwr_hfc/20260819T044450Z.csv,02_旧版补充原始数据/mwr_hfc/20260819T074457Z.csv,02_旧版补充原始数据,raw
DUP_5580b682abba,5580b682abbad98bb65ecec6b40502ec7d5714cfce2904f92bac041f617d5cf5,119,71,False,01_当前主原始数据/mwr_hfc/20260819T044450Z.csv,02_旧版补充原始数据/mwr_hfc/20260819T074944Z.csv,02_旧版补充原始数据,raw
DUP_5580b682abba,5580b682abbad98bb65ecec6b40502ec7d5714cfce2904f92bac041f617d5cf5,119,71,False,01_当前主原始数据/mwr_hfc/20260819T044450Z.csv,02_旧版补充原始数据/mwr_hfc/20260819T075546Z.csv,02_旧版补充原始数据,raw
DUP_5580b682abba,5580b682abbad98bb65ecec6b40502ec7d5714cfce2904f92bac041f617d5cf5,119,71,False,01_当前主原始数据/mwr_hfc/20260819T044450Z.csv,02_旧版补充原始数据/mwr_hfc/20260819T080443Z.csv,02_旧版补充原始数据,raw
DUP_5580b682abba,5580b682abbad98bb65ecec6b40502ec7d5714cfce2904f92bac041f617d5cf5,119,71,False,01_当前主原始数据/mwr_hfc/20260819T044450Z.csv,02_旧版补充原始数据/mwr_hfc/20260819T080711Z.csv,02_旧版补充原始数据,raw
DUP_5580b682abba,5580b682abbad98bb65ecec6b40502ec7d5714cfce2904f92bac041f617d5cf5,119,71,False,01_当前主原始数据/mwr_hfc/20260819T044450Z.csv,02_旧版补充原始数据/mwr_hfc/20260819T080924Z.csv,02_旧版补充原始数据,raw
DUP_5580b682abba,5580b682abbad98bb65ecec6b40502ec7d5714cfce2904f92bac041f617d5cf5,119,71,False,01_当前主原始数据/mwr_hfc/20260819T044450Z.csv,02_旧版补充原始数据/mwr_hfc/20260819T081538Z.csv,02_旧版补充原始数据,raw
DUP_5580b682abba,5580b682abbad98bb65ecec6b40502ec7d5714cfce2904f92bac041f617d5cf5,119,71,False,01_当前主原始数据/mwr_hfc/20260819T044450Z.csv,02_旧版补充原始数据/mwr_hfc/20260819T082813Z.csv,02_旧版补充原始数据,raw
DUP_5580b682abba,5580b682abbad98bb65ecec6b40502ec7d5714cfce2904f92bac041f617d5cf5,119,71,False,01_当前主原始数据/mwr_hfc/20260819T044450Z.csv,02_旧版补充原始数据/mwr_hfc/20260819T083917Z.csv,02_旧版补充原始数据,raw
DUP_5580b682abba,5580b682abbad98bb65ecec6b40502ec7d5714cfce2904f92bac041f617d5cf5,119,71,False,01_当前主原始数据/mwr_hfc/20260819T044450Z.csv,02_旧版补充原始数据/mwr_hfc/20260819T084201Z.csv,02_旧版补充原始数据,raw
DUP_5580b682abba,5580b682abbad98bb65ecec6b40502ec7d5714cfce2904f92bac041f617d5cf5,119,71,False,01_当前主原始数据/mwr_hfc/20260819T044450Z.csv,02_旧版补充原始数据/mwr_hfc/20260819T084909Z.csv,02_旧版补充原始数据,raw
DUP_5580b682abba,5580b682abbad98bb65ecec6b40502ec7d5714cfce2904f92bac041f617d5cf5,119,71,False,01_当前主原始数据/mwr_hfc/20260819T044450Z.csv,02_旧版补充原始数据/mwr_hfc/20260819T085843Z.csv,02_旧版补充原始数据,raw
DUP_5580b682abba,5580b682abbad98bb65ecec6b40502ec7d5714cfce2904f92bac041f617d5cf5,119,71,False,01_当前主原始数据/mwr_hfc/20260819T044450Z.csv,02_旧版补充原始数据/mwr_hfc/20260819T090131Z.csv,02_旧版补充原始数据,raw
DUP_5580b682abba,5580b682abbad98bb65ecec6b40502ec7d5714cfce2904f92bac041f617d5cf5,119,71,False,01_当前主原始数据/mwr_hfc/20260819T044450Z.csv,02_旧版补充原始数据/mwr_hfc/20260819T095110Z.csv,02_旧版补充原始数据,raw
DUP_5580b682abba,5580b682abbad98bb65ecec6b40502ec7d5714cfce2904f92bac041f617d5cf5,119,71,False,01_当前主原始数据/mwr_hfc/20260819T044450Z.csv,02_旧版补充原始数据/mwr_hfc/20260819T100152Z.csv,02_旧版补充原始数据,raw
DUP_5580b682abba,5580b682abbad98bb65ecec6b40502ec7d5714cfce2904f92bac041f617d5cf5,119,71,False,01_当前主原始数据/mwr_hfc/20260819T044450Z.csv,02_旧版补充原始数据/mwr_hfc/20260819T100845Z.csv,02_旧版补充原始数据,raw
DUP_5580b682abba,5580b682abbad98bb65ecec6b40502ec7d5714cfce2904f92bac041f617d5cf5,119,71,False,01_当前主原始数据/mwr_hfc/20260819T044450Z.csv,02_旧版补充原始数据/mwr_hfc/20260819T102041Z.csv,02_旧版补充原始数据,raw
DUP_5580b682abba,5580b682abbad98bb65ecec6b40502ec7d5714cfce2904f92bac041f617d5cf5,119,71,False,01_当前主原始数据/mwr_hfc/20260819T044450Z.csv,02_旧版补充原始数据/mwr_hfc/20260819T102644Z.csv,02_旧版补充原始数据,raw
DUP_5580b682abba,5580b682abbad98bb65ecec6b40502ec7d5714cfce2904f92bac041f617d5cf5,119,71,False,01_当前主原始数据/mwr_hfc/20260819T044450Z.csv,02_旧版补充原始数据/mwr_hfc/20260819T102928Z.csv,02_旧版补充原始数据,raw
DUP_5580b682abba,5580b682abbad98bb65ecec6b40502ec7d5714cfce2904f92bac041f617d5cf5,119,71,False,01_当前主原始数据/mwr_hfc/20260819T044450Z.csv,02_旧版补充原始数据/mwr_hfc/20260819T104235Z.csv,02_旧版补充原始数据,raw
DUP_5580b682abba,5580b682abbad98bb65ecec6b40502ec7d5714cfce2904f92bac041f617d5cf5,119,71,False,01_当前主原始数据/mwr_hfc/20260819T044450Z.csv,02_旧版补充原始数据/mwr_hfc/20260819T111255Z.csv,02_旧版补充原始数据,raw
DUP_5580b682abba,5580b682abbad98bb65ecec6b40502ec7d5714cfce2904f92bac041f617d5cf5,119,71,False,01_当前主原始数据/mwr_hfc/20260819T044450Z.csv,02_旧版补充原始数据/mwr_hfc/20260819T111411Z.csv,02_旧版补充原始数据,raw
DUP_5580b682abba,5580b682abbad98bb65ecec6b40502ec7d5714cfce2904f92bac041f617d5cf5,119,71,False,01_当前主原始数据/mwr_hfc/20260819T044450Z.csv,02_旧版补充原始数据/mwr_hfc/20260819T112140Z.csv,02_旧版补充原始数据,raw
DUP_5580b682abba,5580b682abbad98bb65ecec6b40502ec7d5714cfce2904f92bac041f617d5cf5,119,71,False,01_当前主原始数据/mwr_hfc/20260819T044450Z.csv,02_旧版补充原始数据/mwr_hfc/20260819T112607Z.csv,02_旧版补充原始数据,raw
DUP_5580b682abba,5580b682abbad98bb65ecec6b40502ec7d5714cfce2904f92bac041f617d5cf5,119,71,False,01_当前主原始数据/mwr_hfc/20260819T044450Z.csv,02_旧版补充原始数据/mwr_hfc/20260819T112850Z.csv,02_旧版补充原始数据,raw
DUP_5580b682abba,5580b682abbad98bb65ecec6b40502ec7d5714cfce2904f92bac041f617d5cf5,119,71,False,01_当前主原始数据/mwr_hfc/20260819T044450Z.csv,02_旧版补充原始数据/mwr_hfc/20260819T113232Z.csv,02_旧版补充原始数据,raw
DUP_5580b682abba,5580b682abbad98bb65ecec6b40502ec7d5714cfce2904f92bac041f617d5cf5,119,71,False,01_当前主原始数据/mwr_hfc/20260819T044450Z.csv,02_旧版补充原始数据/mwr_hfc/20260819T113509Z.csv,02_旧版补充原始数据,raw
DUP_5580b682abba,5580b682abbad98bb65ecec6b40502ec7d5714cfce2904f92bac041f617d5cf5,119,71,False,01_当前主原始数据/mwr_hfc/20260819T044450Z.csv,02_旧版补充原始数据/mwr_hfc/20260819T132058Z.csv,02_旧版补充原始数据,raw
DUP_5580b682abba,5580b682abbad98bb65ecec6b40502ec7d5714cfce2904f92bac041f617d5cf5,119,71,False,01_当前主原始数据/mwr_hfc/20260819T044450Z.csv,02_旧版补充原始数据/mwr_hfc/20260819T132829Z.csv,02_旧版补充原始数据,raw
DUP_5580b682abba,5580b682abbad98bb65ecec6b40502ec7d5714cfce2904f92bac041f617d5cf5,119,71,False,01_当前主原始数据/mwr_hfc/20260819T044450Z.csv,02_旧版补充原始数据/mwr_hfc/20260819T133628Z.csv,02_旧版补充原始数据,raw
DUP_5580b682abba,5580b682abbad98bb65ecec6b40502ec7d5714cfce2904f92bac041f617d5cf5,119,71,False,01_当前主原始数据/mwr_hfc/20260819T044450Z.csv,02_旧版补充原始数据/mwr_hfc/20260819T135048Z.csv,02_旧版补充原始数据,raw
DUP_5580b682abba,5580b682abbad98bb65ecec6b40502ec7d5714cfce2904f92bac041f617d5cf5,119,71,False,01_当前主原始数据/mwr_hfc/20260819T044450Z.csv,02_旧版补充原始数据/mwr_hfc/20260823T031315Z.csv,02_旧版补充原始数据,raw
DUP_5580b682abba,5580b682abbad98bb65ecec6b40502ec7d5714cfce2904f92bac041f617d5cf5,119,71,False,01_当前主原始数据/mwr_hfc/20260819T044450Z.csv,02_旧版补充原始数据/mwr_hfc/20260823T110933Z.csv,02_旧版补充原始数据,raw
DUP_5580b682abba,5580b682abbad98bb65ecec6b40502ec7d5714cfce2904f92bac041f617d5cf5,119,71,False,01_当前主原始数据/mwr_hfc/20260819T044450Z.csv,02_旧版补充原始数据/mwr_hfc/20260824T023401Z.csv,02_旧版补充原始数据,raw
DUP_5580b682abba,5580b682abbad98bb65ecec6b40502ec7d5714cfce2904f92bac041f617d5cf5,119,71,False,01_当前主原始数据/mwr_hfc/20260819T044450Z.csv,05_旧版整理区_混合留存/hydrology/mwr_hfc/20260819T044426Z.csv,05_旧版整理区_混合留存,raw
DUP_55b66f84cfa7,55b66f84cfa74b55ccbf1a8cad691409c5b0920ee60c5972d7cffb7790157dba,3,1368474,True,01_当前主原始数据/nasa_power_hourly/history_2025.json,01_当前主原始数据/nasa_power_hourly/history_2025.json,01_当前主原始数据,raw
DUP_55b66f84cfa7,55b66f84cfa74b55ccbf1a8cad691409c5b0920ee60c5972d7cffb7790157dba,3,1368474,False,01_当前主原始数据/nasa_power_hourly/history_2025.json,02_旧版补充原始数据/nasa_power_hourly/history_2025.json,02_旧版补充原始数据,raw
DUP_55b66f84cfa7,55b66f84cfa74b55ccbf1a8cad691409c5b0920ee60c5972d7cffb7790157dba,3,1368474,False,01_当前主原始数据/nasa_power_hourly/history_2025.json,05_旧版整理区_混合留存/meteorology/nasa_power_hourly/history_2025.json,05_旧版整理区_混合留存,raw
DUP_55fa62b2cbb3,55fa62b2cbb3bbd681213b10bed682af067ed5fac16a6ac7094cda096685bd87,3,7967,True,01_当前主原始数据/earth_search_sentinel2_annual/2022_mosaic/manifest.json,01_当前主原始数据/earth_search_sentinel2_annual/2022_mosaic/manifest.json,01_当前主原始数据,metadata
DUP_55fa62b2cbb3,55fa62b2cbb3bbd681213b10bed682af067ed5fac16a6ac7094cda096685bd87,3,7967,False,01_当前主原始数据/earth_search_sentinel2_annual/2022_mosaic/manifest.json,02_旧版补充原始数据/earth_search_sentinel2_annual/2022_mosaic/manifest.json,02_旧版补充原始数据,metadata
DUP_55fa62b2cbb3,55fa62b2cbb3bbd681213b10bed682af067ed5fac16a6ac7094cda096685bd87,3,7967,False,01_当前主原始数据/earth_search_sentinel2_annual/2022_mosaic/manifest.json,05_旧版整理区_混合留存/remote_sensing/earth_search_sentinel2_annual/manifest.json,05_旧版整理区_混合留存,metadata
DUP_5715b58e6d42,5715b58e6d42f8e4e60520b89d9793354ccc0774c806c4ea3ab5ef243191c00a,3,1367946,True,01_当前主原始数据/nasa_power_hourly/history_2022.json,01_当前主原始数据/nasa_power_hourly/history_2022.json,01_当前主原始数据,raw
DUP_5715b58e6d42,5715b58e6d42f8e4e60520b89d9793354ccc0774c806c4ea3ab5ef243191c00a,3,1367946,False,01_当前主原始数据/nasa_power_hourly/history_2022.json,02_旧版补充原始数据/nasa_power_hourly/history_2022.json,02_旧版补充原始数据,raw
DUP_5715b58e6d42,5715b58e6d42f8e4e60520b89d9793354ccc0774c806c4ea3ab5ef243191c00a,3,1367946,False,01_当前主原始数据/nasa_power_hourly/history_2022.json,05_旧版整理区_混合留存/meteorology/nasa_power_hourly/history_2022.json,05_旧版整理区_混合留存,raw
DUP_573fed43948d,573fed43948d178b530d3e20c18aa4329b5112fbb486fa04f5ee73abefc4738a,2,393770,True,03_THQBCA-V2原始数据集/解压内容/2.Bio-optics/2.2FAC/TH_FAC_2003.tif,03_THQBCA-V2原始数据集/解压内容/2.Bio-optics/2.2FAC/TH_FAC_2003.tif,03_THQBCA-V2原始数据集,raw
DUP_573fed43948d,573fed43948d178b530d3e20c18aa4329b5112fbb486fa04f5ee73abefc4738a,2,393770,False,03_THQBCA-V2原始数据集/解压内容/2.Bio-optics/2.2FAC/TH_FAC_2003.tif,05_旧版整理区_混合留存/remote_sensing/thqbca_v2_biooptics/TH_FAC_2003.tif,05_旧版整理区_混合留存,raw
DUP_574609da860d,574609da860d6b72fe8b73469befa70e0419980d2c528ccab988ee8297be54ee,3,92118701,True,01_当前主原始数据/mee_surface_water_monthly/mee_surface_water_2025-06.pdf,01_当前主原始数据/mee_surface_water_monthly/mee_surface_water_2025-06.pdf,01_当前主原始数据,raw
DUP_574609da860d,574609da860d6b72fe8b73469befa70e0419980d2c528ccab988ee8297be54ee,3,92118701,False,01_当前主原始数据/mee_surface_water_monthly/mee_surface_water_2025-06.pdf,02_旧版补充原始数据/mee_surface_water_monthly/mee_surface_water_2025-06.pdf,02_旧版补充原始数据,raw
DUP_574609da860d,574609da860d6b72fe8b73469befa70e0419980d2c528ccab988ee8297be54ee,3,92118701,False,01_当前主原始数据/mee_surface_water_monthly/mee_surface_water_2025-06.pdf,05_旧版整理区_混合留存/reports/mee_surface_water_monthly/mee_surface_water_2025-06.pdf,05_旧版整理区_混合留存,metadata
DUP_57625b828ce7,57625b828ce7e2fbbdebe2b90223504ccd910b85fc9ac222fc61adc399ac207e,2,3985370,True,03_THQBCA-V2原始数据集/解压内容/4.Anthropogenic/4.1Landcover/TH_LC_2012.tif,03_THQBCA-V2原始数据集/解压内容/4.Anthropogenic/4.1Landcover/TH_LC_2012.tif,03_THQBCA-V2原始数据集,raw
DUP_57625b828ce7,57625b828ce7e2fbbdebe2b90223504ccd910b85fc9ac222fc61adc399ac207e,2,3985370,False,03_THQBCA-V2原始数据集/解压内容/4.Anthropogenic/4.1Landcover/TH_LC_2012.tif,05_旧版整理区_混合留存/static_features/thqbca_v2_anthropogenic/TH_LC_2012.tif,05_旧版整理区_混合留存,raw
DUP_581b3481eb6d,581b3481eb6d752d914780af563e464785440664ee48974d24aaacafc902ade1,3,102683116,True,01_当前主原始数据/earth_search_sentinel2_annual/2022_mosaic/S2A_51RTQ_20220503_0_L2A/red.tif,01_当前主原始数据/earth_search_sentinel2_annual/2022_mosaic/S2A_51RTQ_20220503_0_L2A/red.tif,01_当前主原始数据,raw
DUP_581b3481eb6d,581b3481eb6d752d914780af563e464785440664ee48974d24aaacafc902ade1,3,102683116,False,01_当前主原始数据/earth_search_sentinel2_annual/2022_mosaic/S2A_51RTQ_20220503_0_L2A/red.tif,02_旧版补充原始数据/earth_search_sentinel2_annual/2022_mosaic/S2A_51RTQ_20220503_0_L2A/red.tif,02_旧版补充原始数据,raw
DUP_581b3481eb6d,581b3481eb6d752d914780af563e464785440664ee48974d24aaacafc902ade1,3,102683116,False,01_当前主原始数据/earth_search_sentinel2_annual/2022_mosaic/S2A_51RTQ_20220503_0_L2A/red.tif,05_旧版整理区_混合留存/remote_sensing/earth_search_sentinel2_annual/red_581b3481.tif,05_旧版整理区_混合留存,raw
DUP_58835999b577,58835999b577ab388213f24a8124ac7251050c916a1cc89d4c9b3713309867a9,2,38546825,True,03_THQBCA-V2原始数据集/解压内容/4.Anthropogenic/4.2POPD/TH_POPD_2001.tif,03_THQBCA-V2原始数据集/解压内容/4.Anthropogenic/4.2POPD/TH_POPD_2001.tif,03_THQBCA-V2原始数据集,raw
DUP_58835999b577,58835999b577ab388213f24a8124ac7251050c916a1cc89d4c9b3713309867a9,2,38546825,False,03_THQBCA-V2原始数据集/解压内容/4.Anthropogenic/4.2POPD/TH_POPD_2001.tif,05_旧版整理区_混合留存/static_features/thqbca_v2_anthropogenic/TH_POPD_2001.tif,05_旧版整理区_混合留存,raw
DUP_592cf6dfc8d5,592cf6dfc8d50a868cba8ef58a70629481d39ee793ef7607bc2b110f86e4a36b,3,96833639,True,01_当前主原始数据/mee_surface_water_monthly/mee_surface_water_2023-06.pdf,01_当前主原始数据/mee_surface_water_monthly/mee_surface_water_2023-06.pdf,01_当前主原始数据,raw
DUP_592cf6dfc8d5,592cf6dfc8d50a868cba8ef58a70629481d39ee793ef7607bc2b110f86e4a36b,3,96833639,False,01_当前主原始数据/mee_surface_water_monthly/mee_surface_water_2023-06.pdf,02_旧版补充原始数据/mee_surface_water_monthly/mee_surface_water_2023-06.pdf,02_旧版补充原始数据,raw
DUP_592cf6dfc8d5,592cf6dfc8d50a868cba8ef58a70629481d39ee793ef7607bc2b110f86e4a36b,3,96833639,False,01_当前主原始数据/mee_surface_water_monthly/mee_surface_water_2023-06.pdf,05_旧版整理区_混合留存/reports/mee_surface_water_monthly/mee_surface_water_2023-06.pdf,05_旧版整理区_混合留存,metadata
DUP_5a151ee777d1,5a151ee777d135927f1389eb3ccf17d2c9c2ff16c4111d2b87170a4d5f650669,3,17699837,True,03_THQBCA-V2原始数据集/解压内容/2.Bio-optics/2.5TSI/TH_TSI_2012.tif,03_THQBCA-V2原始数据集/解压内容/2.Bio-optics/2.5TSI/TH_TSI_2012.tif,03_THQBCA-V2原始数据集,raw
DUP_5a151ee777d1,5a151ee777d135927f1389eb3ccf17d2c9c2ff16c4111d2b87170a4d5f650669,3,17699837,False,03_THQBCA-V2原始数据集/解压内容/2.Bio-optics/2.5TSI/TH_TSI_2012.tif,03_THQBCA-V2原始数据集/解压内容/2.Bio-optics/2.5TSI/TH_TSI_2013.tif,03_THQBCA-V2原始数据集,raw
DUP_5a151ee777d1,5a151ee777d135927f1389eb3ccf17d2c9c2ff16c4111d2b87170a4d5f650669,3,17699837,False,03_THQBCA-V2原始数据集/解压内容/2.Bio-optics/2.5TSI/TH_TSI_2012.tif,05_旧版整理区_混合留存/remote_sensing/thqbca_v2_biooptics/TH_TSI_2012.tif,05_旧版整理区_混合留存,raw
DUP_5b030d96f850,5b030d96f850c2233e72b607b2b3d93a17fb75429b24b57a0383bfe0ac6d304a,2,2938832,True,03_THQBCA-V2原始数据集/解压内容/4.Anthropogenic/4.1Landcover/TH_LC_1992.tif,03_THQBCA-V2原始数据集/解压内容/4.Anthropogenic/4.1Landcover/TH_LC_1992.tif,03_THQBCA-V2原始数据集,raw
DUP_5b030d96f850,5b030d96f850c2233e72b607b2b3d93a17fb75429b24b57a0383bfe0ac6d304a,2,2938832,False,03_THQBCA-V2原始数据集/解压内容/4.Anthropogenic/4.1Landcover/TH_LC_1992.tif,05_旧版整理区_混合留存/static_features/thqbca_v2_anthropogenic/TH_LC_1992.tif,05_旧版整理区_混合留存,raw
DUP_5c095350ac50,5c095350ac500f0cd441074b6664f33d5f27d0287f721fb9ff8f423cf9f39bad,3,92166295,True,01_当前主原始数据/mee_surface_water_monthly/mee_surface_water_2024-02.pdf,01_当前主原始数据/mee_surface_water_monthly/mee_surface_water_2024-02.pdf,01_当前主原始数据,raw
DUP_5c095350ac50,5c095350ac500f0cd441074b6664f33d5f27d0287f721fb9ff8f423cf9f39bad,3,92166295,False,01_当前主原始数据/mee_surface_water_monthly/mee_surface_water_2024-02.pdf,02_旧版补充原始数据/mee_surface_water_monthly/mee_surface_water_2024-02.pdf,02_旧版补充原始数据,raw
DUP_5c095350ac50,5c095350ac500f0cd441074b6664f33d5f27d0287f721fb9ff8f423cf9f39bad,3,92166295,False,01_当前主原始数据/mee_surface_water_monthly/mee_surface_water_2024-02.pdf,05_旧版整理区_混合留存/reports/mee_surface_water_monthly/mee_surface_water_2024-02.pdf,05_旧版整理区_混合留存,metadata
DUP_5c5441d34c3c,5c5441d34c3ca72c59ec756a351e45e9d30538a1c37bc0c0faffba2e49a14881,2,17699837,True,03_THQBCA-V2原始数据集/解压内容/2.Bio-optics/2.5TSI/TH_TSI_2015.tif,03_THQBCA-V2原始数据集/解压内容/2.Bio-optics/2.5TSI/TH_TSI_2015.tif,03_THQBCA-V2原始数据集,raw
DUP_5c5441d34c3c,5c5441d34c3ca72c59ec756a351e45e9d30538a1c37bc0c0faffba2e49a14881,2,17699837,False,03_THQBCA-V2原始数据集/解压内容/2.Bio-optics/2.5TSI/TH_TSI_2015.tif,05_旧版整理区_混合留存/remote_sensing/thqbca_v2_biooptics/TH_TSI_2015.tif,05_旧版整理区_混合留存,raw
DUP_5e2bed377e83,5e2bed377e8383c967fef91b5e960be66741c5aa2915a991e707bcd757a4a4a3,3,12009148,True,01_当前主原始数据/mee_surface_water_monthly/mee_surface_water_2026-01.pdf,01_当前主原始数据/mee_surface_water_monthly/mee_surface_water_2026-01.pdf,01_当前主原始数据,raw
DUP_5e2bed377e83,5e2bed377e8383c967fef91b5e960be66741c5aa2915a991e707bcd757a4a4a3,3,12009148,False,01_当前主原始数据/mee_surface_water_monthly/mee_surface_water_2026-01.pdf,02_旧版补充原始数据/mee_surface_water_monthly/mee_surface_water_2026-01.pdf,02_旧版补充原始数据,raw
DUP_5e2bed377e83,5e2bed377e8383c967fef91b5e960be66741c5aa2915a991e707bcd757a4a4a3,3,12009148,False,01_当前主原始数据/mee_surface_water_monthly/mee_surface_water_2026-01.pdf,05_旧版整理区_混合留存/reports/mee_surface_water_monthly/mee_surface_water_2026-01.pdf,05_旧版整理区_混合留存,metadata
DUP_5ef72c85b774,5ef72c85b774b7e80a6b489091adac39d56e0a66fbfde3404e91b21bb3325f82,2,3948954,True,03_THQBCA-V2原始数据集/解压内容/4.Anthropogenic/4.1Landcover/TH_LC_2010.tif,03_THQBCA-V2原始数据集/解压内容/4.Anthropogenic/4.1Landcover/TH_LC_2010.tif,03_THQBCA-V2原始数据集,raw
DUP_5ef72c85b774,5ef72c85b774b7e80a6b489091adac39d56e0a66fbfde3404e91b21bb3325f82,2,3948954,False,03_THQBCA-V2原始数据集/解压内容/4.Anthropogenic/4.1Landcover/TH_LC_2010.tif,05_旧版整理区_混合留存/static_features/thqbca_v2_anthropogenic/TH_LC_2010.tif,05_旧版整理区_混合留存,raw
DUP_5f0551e70036,5f0551e700367e7a7ecd3b6389588ed8e4cca8cfe935d2b40997573c45d31524,3,1831,True,01_当前主原始数据/clms_lwq_catalog/20260819T040949Z_lwq-nrt_global_300m_10daily_v2.html,01_当前主原始数据/clms_lwq_catalog/20260819T040949Z_lwq-nrt_global_300m_10daily_v2.html,01_当前主原始数据,metadata
DUP_5f0551e70036,5f0551e700367e7a7ecd3b6389588ed8e4cca8cfe935d2b40997573c45d31524,3,1831,False,01_当前主原始数据/clms_lwq_catalog/20260819T040949Z_lwq-nrt_global_300m_10daily_v2.html,02_旧版补充原始数据/clms_lwq_catalog/20260819T040949Z_lwq-nrt_global_300m_10daily_v2.html,02_旧版补充原始数据,metadata
DUP_5f0551e70036,5f0551e700367e7a7ecd3b6389588ed8e4cca8cfe935d2b40997573c45d31524,3,1831,False,01_当前主原始数据/clms_lwq_catalog/20260819T040949Z_lwq-nrt_global_300m_10daily_v2.html,05_旧版整理区_混合留存/remote_sensing/clms_lwq_catalog/20260819T040949Z_lwq-nrt_global_300m_10daily_v2.html,05_旧版整理区_混合留存,metadata
DUP_6019bff38188,6019bff381882de768ff42e0d95c1f775b618a5a1ed762ef643a34d3ad52f1ca,2,393770,True,03_THQBCA-V2原始数据集/解压内容/2.Bio-optics/2.2FAC/TH_FAC_2017.tif,03_THQBCA-V2原始数据集/解压内容/2.Bio-optics/2.2FAC/TH_FAC_2017.tif,03_THQBCA-V2原始数据集,raw
DUP_6019bff38188,6019bff381882de768ff42e0d95c1f775b618a5a1ed762ef643a34d3ad52f1ca,2,393770,False,03_THQBCA-V2原始数据集/解压内容/2.Bio-optics/2.2FAC/TH_FAC_2017.tif,05_旧版整理区_混合留存/remote_sensing/thqbca_v2_biooptics/TH_FAC_2017.tif,05_旧版整理区_混合留存,raw
DUP_614e7b92ae38,614e7b92ae3897e8d88125381d7b5fcd76d3b34b0721965e022e3c91ac1efe1c,2,20969,True,02_旧版补充原始数据/open_meteo_seasonal/seasonal_ensemble_daily.parquet,02_旧版补充原始数据/open_meteo_seasonal/seasonal_ensemble_daily.parquet,02_旧版补充原始数据,raw
DUP_614e7b92ae38,614e7b92ae3897e8d88125381d7b5fcd76d3b34b0721965e022e3c91ac1efe1c,2,20969,False,02_旧版补充原始数据/open_meteo_seasonal/seasonal_ensemble_daily.parquet,05_旧版整理区_混合留存/meteorology/open_meteo_seasonal/seasonal_ensemble_daily.parquet,05_旧版整理区_混合留存,raw
DUP_61a3a485ca14,61a3a485ca140fe22076197bb86596470a7e131146f88c6974f25d36c6ba5890,2,1312072,True,03_THQBCA-V2原始数据集/解压内容/4.Anthropogenic/4.3NTL/TH_NTL_2013.tif,03_THQBCA-V2原始数据集/解压内容/4.Anthropogenic/4.3NTL/TH_NTL_2013.tif,03_THQBCA-V2原始数据集,raw
DUP_61a3a485ca14,61a3a485ca140fe22076197bb86596470a7e131146f88c6974f25d36c6ba5890,2,1312072,False,03_THQBCA-V2原始数据集/解压内容/4.Anthropogenic/4.3NTL/TH_NTL_2013.tif,05_旧版整理区_混合留存/static_features/thqbca_v2_anthropogenic/TH_NTL_2013.tif,05_旧版整理区_混合留存,raw
DUP_62cf3526e121,62cf3526e1213eeff447c5d75beda05eefcc387dfb5471d0d4ec5a0e3f7944e2,2,17699837,True,03_THQBCA-V2原始数据集/解压内容/2.Bio-optics/2.5TSI/TH_TSI_2018.tif,03_THQBCA-V2原始数据集/解压内容/2.Bio-optics/2.5TSI/TH_TSI_2018.tif,03_THQBCA-V2原始数据集,raw
DUP_62cf3526e121,62cf3526e1213eeff447c5d75beda05eefcc387dfb5471d0d4ec5a0e3f7944e2,2,17699837,False,03_THQBCA-V2原始数据集/解压内容/2.Bio-optics/2.5TSI/TH_TSI_2018.tif,05_旧版整理区_混合留存/remote_sensing/thqbca_v2_biooptics/TH_TSI_2018.tif,05_旧版整理区_混合留存,raw
DUP_62e5ffe081cb,62e5ffe081cb2005b74973980bd6f0ee5d4209fe8e696d7c7a4a4f13fdf86b1e,2,17699837,True,03_THQBCA-V2原始数据集/解压内容/2.Bio-optics/2.3SDD/TH_SDD_2004.tif,03_THQBCA-V2原始数据集/解压内容/2.Bio-optics/2.3SDD/TH_SDD_2004.tif,03_THQBCA-V2原始数据集,raw
DUP_62e5ffe081cb,62e5ffe081cb2005b74973980bd6f0ee5d4209fe8e696d7c7a4a4f13fdf86b1e,2,17699837,False,03_THQBCA-V2原始数据集/解压内容/2.Bio-optics/2.3SDD/TH_SDD_2004.tif,05_旧版整理区_混合留存/remote_sensing/thqbca_v2_biooptics/TH_SDD_2004.tif,05_旧版整理区_混合留存,raw
DUP_637d10843ee5,637d10843ee56cebd2fe26d399bf67869b3fd741ce9e3c38a1924d1728d35af8,3,1999,True,01_当前主原始数据/meteorology/noaa_gfs/gfs_2026-08-18_18z_f054_taihu_subset.grib2,01_当前主原始数据/meteorology/noaa_gfs/gfs_2026-08-18_18z_f054_taihu_subset.grib2,01_当前主原始数据,raw
DUP_637d10843ee5,637d10843ee56cebd2fe26d399bf67869b3fd741ce9e3c38a1924d1728d35af8,3,1999,False,01_当前主原始数据/meteorology/noaa_gfs/gfs_2026-08-18_18z_f054_taihu_subset.grib2,02_旧版补充原始数据/meteorology/noaa_gfs/gfs_2026-08-18_18z_f054_taihu_subset.grib2,02_旧版补充原始数据,raw
DUP_637d10843ee5,637d10843ee56cebd2fe26d399bf67869b3fd741ce9e3c38a1924d1728d35af8,3,1999,False,01_当前主原始数据/meteorology/noaa_gfs/gfs_2026-08-18_18z_f054_taihu_subset.grib2,05_旧版整理区_混合留存/meteorology/noaa_gfs/gfs_2026-08-18_18z_f054_taihu_subset.grib2,05_旧版整理区_混合留存,raw
DUP_6396d3791b3d,6396d3791b3d970023d9012e2bcb7612569673f487c684b7cff39c7fa8f66c1e,3,7675354,True,01_当前主原始数据/meteorology/noaa_gfs/gfs_2026-08-18_18z_f036_subset.grib2,01_当前主原始数据/meteorology/noaa_gfs/gfs_2026-08-18_18z_f036_subset.grib2,01_当前主原始数据,raw
DUP_6396d3791b3d,6396d3791b3d970023d9012e2bcb7612569673f487c684b7cff39c7fa8f66c1e,3,7675354,False,01_当前主原始数据/meteorology/noaa_gfs/gfs_2026-08-18_18z_f036_subset.grib2,02_旧版补充原始数据/meteorology/noaa_gfs/gfs_2026-08-18_18z_f036_subset.grib2,02_旧版补充原始数据,raw
DUP_6396d3791b3d,6396d3791b3d970023d9012e2bcb7612569673f487c684b7cff39c7fa8f66c1e,3,7675354,False,01_当前主原始数据/meteorology/noaa_gfs/gfs_2026-08-18_18z_f036_subset.grib2,05_旧版整理区_混合留存/meteorology/noaa_gfs/gfs_2026-08-18_18z_f036_subset.grib2,05_旧版整理区_混合留存,raw
DUP_63ff13ce6c82,63ff13ce6c822b568c78b26e0da91764ffe62188e7b1653aec627cb795570ba3,2,1312072,True,03_THQBCA-V2原始数据集/解压内容/4.Anthropogenic/4.3NTL/TH_NTL_2004.tif,03_THQBCA-V2原始数据集/解压内容/4.Anthropogenic/4.3NTL/TH_NTL_2004.tif,03_THQBCA-V2原始数据集,raw
DUP_63ff13ce6c82,63ff13ce6c822b568c78b26e0da91764ffe62188e7b1653aec627cb795570ba3,2,1312072,False,03_THQBCA-V2原始数据集/解压内容/4.Anthropogenic/4.3NTL/TH_NTL_2004.tif,05_旧版整理区_混合留存/static_features/thqbca_v2_anthropogenic/TH_NTL_2004.tif,05_旧版整理区_混合留存,raw
DUP_6430309fe66a,6430309fe66a43979954ce636cb5d2545b4c9f3d5ce03c344a666fc1b171817e,2,3433111,True,03_THQBCA-V2原始数据集/解压内容/2.Bio-optics/2.1AquaticVegetation/TH_vege_2007-03-28.tif,03_THQBCA-V2原始数据集/解压内容/2.Bio-optics/2.1AquaticVegetation/TH_vege_2007-03-28.tif,03_THQBCA-V2原始数据集,raw
DUP_6430309fe66a,6430309fe66a43979954ce636cb5d2545b4c9f3d5ce03c344a666fc1b171817e,2,3433111,False,03_THQBCA-V2原始数据集/解压内容/2.Bio-optics/2.1AquaticVegetation/TH_vege_2007-03-28.tif,05_旧版整理区_混合留存/remote_sensing/thqbca_v2_biooptics/TH_vege_2007-03-28.tif,05_旧版整理区_混合留存,raw
DUP_6437aaf5fc8e,6437aaf5fc8edf744e68d262d6e9865b8414d24e1c9ef8e87bf34afd7a82ef5e,5,2467,True,01_当前主原始数据/clms_lwq_catalog/20260819T040947Z_index.html,01_当前主原始数据/clms_lwq_catalog/20260819T040947Z_index.html,01_当前主原始数据,metadata
DUP_6437aaf5fc8e,6437aaf5fc8edf744e68d262d6e9865b8414d24e1c9ef8e87bf34afd7a82ef5e,5,2467,False,01_当前主原始数据/clms_lwq_catalog/20260819T040947Z_index.html,01_当前主原始数据/clms_lwq_catalog/20260823T091151Z_index.html,01_当前主原始数据,metadata
DUP_6437aaf5fc8e,6437aaf5fc8edf744e68d262d6e9865b8414d24e1c9ef8e87bf34afd7a82ef5e,5,2467,False,01_当前主原始数据/clms_lwq_catalog/20260819T040947Z_index.html,02_旧版补充原始数据/clms_lwq_catalog/20260819T040947Z_index.html,02_旧版补充原始数据,metadata
DUP_6437aaf5fc8e,6437aaf5fc8edf744e68d262d6e9865b8414d24e1c9ef8e87bf34afd7a82ef5e,5,2467,False,01_当前主原始数据/clms_lwq_catalog/20260819T040947Z_index.html,02_旧版补充原始数据/clms_lwq_catalog/20260823T091151Z_index.html,02_旧版补充原始数据,metadata
DUP_6437aaf5fc8e,6437aaf5fc8edf744e68d262d6e9865b8414d24e1c9ef8e87bf34afd7a82ef5e,5,2467,False,01_当前主原始数据/clms_lwq_catalog/20260819T040947Z_index.html,05_旧版整理区_混合留存/remote_sensing/clms_lwq_catalog/20260819T040947Z_index.html,05_旧版整理区_混合留存,metadata
DUP_646d0e603ff8,646d0e603ff810613d37e05aa474c0732b10210ab89e8d778f80f10e84ba50d5,2,17699837,True,03_THQBCA-V2原始数据集/解压内容/2.Bio-optics/2.3SDD/TH_SDD_2017.tif,03_THQBCA-V2原始数据集/解压内容/2.Bio-optics/2.3SDD/TH_SDD_2017.tif,03_THQBCA-V2原始数据集,raw
DUP_646d0e603ff8,646d0e603ff810613d37e05aa474c0732b10210ab89e8d778f80f10e84ba50d5,2,17699837,False,03_THQBCA-V2原始数据集/解压内容/2.Bio-optics/2.3SDD/TH_SDD_2017.tif,05_旧版整理区_混合留存/remote_sensing/thqbca_v2_biooptics/TH_SDD_2017.tif,05_旧版整理区_混合留存,raw
DUP_6559162b2f50,6559162b2f508e1b8f135bc7316700284da3aad83c657c07349ed3fe80715043,2,17699837,True,03_THQBCA-V2原始数据集/解压内容/2.Bio-optics/2.3SDD/TH_SDD_1986.tif,03_THQBCA-V2原始数据集/解压内容/2.Bio-optics/2.3SDD/TH_SDD_1986.tif,03_THQBCA-V2原始数据集,raw
DUP_6559162b2f50,6559162b2f508e1b8f135bc7316700284da3aad83c657c07349ed3fe80715043,2,17699837,False,03_THQBCA-V2原始数据集/解压内容/2.Bio-optics/2.3SDD/TH_SDD_1986.tif,05_旧版整理区_混合留存/remote_sensing/thqbca_v2_biooptics/TH_SDD_1986.tif,05_旧版整理区_混合留存,raw
DUP_657644ae8c09,657644ae8c09828ea72abed3deaa7820de75c82c6bf04970c14b29516035f174,2,38546821,True,03_THQBCA-V2原始数据集/解压内容/4.Anthropogenic/4.2POPD/TH_POPD_2012.tif,03_THQBCA-V2原始数据集/解压内容/4.Anthropogenic/4.2POPD/TH_POPD_2012.tif,03_THQBCA-V2原始数据集,raw
DUP_657644ae8c09,657644ae8c09828ea72abed3deaa7820de75c82c6bf04970c14b29516035f174,2,38546821,False,03_THQBCA-V2原始数据集/解压内容/4.Anthropogenic/4.2POPD/TH_POPD_2012.tif,05_旧版整理区_混合留存/static_features/thqbca_v2_anthropogenic/TH_POPD_2012.tif,05_旧版整理区_混合留存,raw
DUP_66353d7a4baf,66353d7a4baf1bb96b1e698f9147a04f589adcf70642fecd4fb04ed379d44964,3,2001,True,01_当前主原始数据/meteorology/noaa_gfs/gfs_2026-08-18_18z_f018_taihu_subset.grib2,01_当前主原始数据/meteorology/noaa_gfs/gfs_2026-08-18_18z_f018_taihu_subset.grib2,01_当前主原始数据,raw
DUP_66353d7a4baf,66353d7a4baf1bb96b1e698f9147a04f589adcf70642fecd4fb04ed379d44964,3,2001,False,01_当前主原始数据/meteorology/noaa_gfs/gfs_2026-08-18_18z_f018_taihu_subset.grib2,02_旧版补充原始数据/meteorology/noaa_gfs/gfs_2026-08-18_18z_f018_taihu_subset.grib2,02_旧版补充原始数据,raw
DUP_66353d7a4baf,66353d7a4baf1bb96b1e698f9147a04f589adcf70642fecd4fb04ed379d44964,3,2001,False,01_当前主原始数据/meteorology/noaa_gfs/gfs_2026-08-18_18z_f018_taihu_subset.grib2,05_旧版整理区_混合留存/meteorology/noaa_gfs/gfs_2026-08-18_18z_f018_taihu_subset.grib2,05_旧版整理区_混合留存,raw
DUP_665bac7aa7d3,665bac7aa7d3cc122706dcd4710d3da3270a556a15d647436ca170024b79fa1d,2,3433110,True,03_THQBCA-V2原始数据集/解压内容/2.Bio-optics/2.1AquaticVegetation/TH_vege_2009-08-25.tif,03_THQBCA-V2原始数据集/解压内容/2.Bio-optics/2.1AquaticVegetation/TH_vege_2009-08-25.tif,03_THQBCA-V2原始数据集,raw
DUP_665bac7aa7d3,665bac7aa7d3cc122706dcd4710d3da3270a556a15d647436ca170024b79fa1d,2,3433110,False,03_THQBCA-V2原始数据集/解压内容/2.Bio-optics/2.1AquaticVegetation/TH_vege_2009-08-25.tif,05_旧版整理区_混合留存/remote_sensing/thqbca_v2_biooptics/TH_vege_2009-08-25.tif,05_旧版整理区_混合留存,raw
DUP_68652d63b3c7,68652d63b3c7e107d7ef1c83af30e38b184e530f458c3fe486ef6bacd8b6a1be,3,90190680,True,01_当前主原始数据/mee_surface_water_monthly/mee_surface_water_2022-09.pdf,01_当前主原始数据/mee_surface_water_monthly/mee_surface_water_2022-09.pdf,01_当前主原始数据,raw
DUP_68652d63b3c7,68652d63b3c7e107d7ef1c83af30e38b184e530f458c3fe486ef6bacd8b6a1be,3,90190680,False,01_当前主原始数据/mee_surface_water_monthly/mee_surface_water_2022-09.pdf,02_旧版补充原始数据/mee_surface_water_monthly/mee_surface_water_2022-09.pdf,02_旧版补充原始数据,raw
DUP_68652d63b3c7,68652d63b3c7e107d7ef1c83af30e38b184e530f458c3fe486ef6bacd8b6a1be,3,90190680,False,01_当前主原始数据/mee_surface_water_monthly/mee_surface_water_2022-09.pdf,05_旧版整理区_混合留存/reports/mee_surface_water_monthly/mee_surface_water_2022-09.pdf,05_旧版整理区_混合留存,metadata
DUP_68c97f6279d3,68c97f6279d33bb031bb7eae477f44c45c1c31d21ece9059ab2d32d00a30ce23,3,3757253,True,01_当前主原始数据/earth_search_sentinel2_annual/2022_mosaic/S2A_51STR_20220503_0_L2A/rededge1.tif,01_当前主原始数据/earth_search_sentinel2_annual/2022_mosaic/S2A_51STR_20220503_0_L2A/rededge1.tif,01_当前主原始数据,raw
DUP_68c97f6279d3,68c97f6279d33bb031bb7eae477f44c45c1c31d21ece9059ab2d32d00a30ce23,3,3757253,False,01_当前主原始数据/earth_search_sentinel2_annual/2022_mosaic/S2A_51STR_20220503_0_L2A/rededge1.tif,02_旧版补充原始数据/earth_search_sentinel2_annual/2022_mosaic/S2A_51STR_20220503_0_L2A/rededge1.tif,02_旧版补充原始数据,raw
DUP_68c97f6279d3,68c97f6279d33bb031bb7eae477f44c45c1c31d21ece9059ab2d32d00a30ce23,3,3757253,False,01_当前主原始数据/earth_search_sentinel2_annual/2022_mosaic/S2A_51STR_20220503_0_L2A/rededge1.tif,05_旧版整理区_混合留存/remote_sensing/earth_search_sentinel2_annual/rededge1.tif,05_旧版整理区_混合留存,raw
DUP_6909a16759c0,6909a16759c03af2d9545742811f6bc3e2f110c4498d694423c863756f752185,2,17699837,True,03_THQBCA-V2原始数据集/解压内容/2.Bio-optics/2.3SDD/TH_SDD_2001.tif,03_THQBCA-V2原始数据集/解压内容/2.Bio-optics/2.3SDD/TH_SDD_2001.tif,03_THQBCA-V2原始数据集,raw
DUP_6909a16759c0,6909a16759c03af2d9545742811f6bc3e2f110c4498d694423c863756f752185,2,17699837,False,03_THQBCA-V2原始数据集/解压内容/2.Bio-optics/2.3SDD/TH_SDD_2001.tif,05_旧版整理区_混合留存/remote_sensing/thqbca_v2_biooptics/TH_SDD_2001.tif,05_旧版整理区_混合留存,raw
DUP_69775bc6f485,69775bc6f4853dfbec917805bd9d84c5d5d0c856faffa92761c890454a6f26e1,2,16876409,True,03_THQBCA-V2原始数据集/解压内容/2.Bio-optics/2.4Chla/TH_Chla_1989.tif,03_THQBCA-V2原始数据集/解压内容/2.Bio-optics/2.4Chla/TH_Chla_1989.tif,03_THQBCA-V2原始数据集,raw
DUP_69775bc6f485,69775bc6f4853dfbec917805bd9d84c5d5d0c856faffa92761c890454a6f26e1,2,16876409,False,03_THQBCA-V2原始数据集/解压内容/2.Bio-optics/2.4Chla/TH_Chla_1989.tif,05_旧版整理区_混合留存/remote_sensing/thqbca_v2_biooptics/TH_Chla_1989.tif,05_旧版整理区_混合留存,raw
DUP_69c42cbee2a4,69c42cbee2a46979a9d4a5f2fe497e2bcbb3aa85d45027af41e3aabecff33dbe,2,1312072,True,03_THQBCA-V2原始数据集/解压内容/4.Anthropogenic/4.3NTL/TH_NTL_2017.tif,03_THQBCA-V2原始数据集/解压内容/4.Anthropogenic/4.3NTL/TH_NTL_2017.tif,03_THQBCA-V2原始数据集,raw
DUP_69c42cbee2a4,69c42cbee2a46979a9d4a5f2fe497e2bcbb3aa85d45027af41e3aabecff33dbe,2,1312072,False,03_THQBCA-V2原始数据集/解压内容/4.Anthropogenic/4.3NTL/TH_NTL_2017.tif,05_旧版整理区_混合留存/static_features/thqbca_v2_anthropogenic/TH_NTL_2017.tif,05_旧版整理区_混合留存,raw
DUP_6aaad7f5db9b,6aaad7f5db9b7845c4f3880a1f827cb1da60326aa52463816748c9a71a5ae7d7,2,37910,True,02_旧版补充原始数据/lake_geodata_probe/20260818T114832Z_niglas_taihu_phytoplankton.html,02_旧版补充原始数据/lake_geodata_probe/20260818T114832Z_niglas_taihu_phytoplankton.html,02_旧版补充原始数据,raw
DUP_6aaad7f5db9b,6aaad7f5db9b7845c4f3880a1f827cb1da60326aa52463816748c9a71a5ae7d7,2,37910,False,02_旧版补充原始数据/lake_geodata_probe/20260818T114832Z_niglas_taihu_phytoplankton.html,05_旧版整理区_混合留存/unknown/lake_geodata_probes/20260818T114832Z_niglas_taihu_phytoplankton.html,05_旧版整理区_混合留存,raw
DUP_6bdcf2150260,6bdcf2150260d3ce375c9c2cd33e447cb1dfeff48550f5d3ec818f7944c54ba1,3,1373078,True,01_当前主原始数据/nasa_power_hourly/history_2020.json,01_当前主原始数据/nasa_power_hourly/history_2020.json,01_当前主原始数据,raw
DUP_6bdcf2150260,6bdcf2150260d3ce375c9c2cd33e447cb1dfeff48550f5d3ec818f7944c54ba1,3,1373078,False,01_当前主原始数据/nasa_power_hourly/history_2020.json,02_旧版补充原始数据/nasa_power_hourly/history_2020.json,02_旧版补充原始数据,raw
DUP_6bdcf2150260,6bdcf2150260d3ce375c9c2cd33e447cb1dfeff48550f5d3ec818f7944c54ba1,3,1373078,False,01_当前主原始数据/nasa_power_hourly/history_2020.json,05_旧版整理区_混合留存/meteorology/nasa_power_hourly/history_2020.json,05_旧版整理区_混合留存,raw
DUP_6da2deb1e36c,6da2deb1e36c0ed341e8cc9e2e7be811dcf5b7d6efc91b0bcc9b9870a3ec8323,3,9349,True,01_当前主原始数据/nasa_power_hourly/20260818T091136Z.json,01_当前主原始数据/nasa_power_hourly/20260818T091136Z.json,01_当前主原始数据,raw
DUP_6da2deb1e36c,6da2deb1e36c0ed341e8cc9e2e7be811dcf5b7d6efc91b0bcc9b9870a3ec8323,3,9349,False,01_当前主原始数据/nasa_power_hourly/20260818T091136Z.json,02_旧版补充原始数据/nasa_power_hourly/20260818T091136Z.json,02_旧版补充原始数据,raw
DUP_6da2deb1e36c,6da2deb1e36c0ed341e8cc9e2e7be811dcf5b7d6efc91b0bcc9b9870a3ec8323,3,9349,False,01_当前主原始数据/nasa_power_hourly/20260818T091136Z.json,05_旧版整理区_混合留存/meteorology/nasa_power_hourly/20260818T091136Z.json,05_旧版整理区_混合留存,raw
DUP_6e04bc2b6e29,6e04bc2b6e297d334e3e16a0aed1a4115a7176357d6eecda21498fd6800df708,3,7735434,True,01_当前主原始数据/meteorology/noaa_gfs/gfs_2026-08-18_18z_f060_subset.grib2,01_当前主原始数据/meteorology/noaa_gfs/gfs_2026-08-18_18z_f060_subset.grib2,01_当前主原始数据,raw
DUP_6e04bc2b6e29,6e04bc2b6e297d334e3e16a0aed1a4115a7176357d6eecda21498fd6800df708,3,7735434,False,01_当前主原始数据/meteorology/noaa_gfs/gfs_2026-08-18_18z_f060_subset.grib2,02_旧版补充原始数据/meteorology/noaa_gfs/gfs_2026-08-18_18z_f060_subset.grib2,02_旧版补充原始数据,raw
DUP_6e04bc2b6e29,6e04bc2b6e297d334e3e16a0aed1a4115a7176357d6eecda21498fd6800df708,3,7735434,False,01_当前主原始数据/meteorology/noaa_gfs/gfs_2026-08-18_18z_f060_subset.grib2,05_旧版整理区_混合留存/meteorology/noaa_gfs/gfs_2026-08-18_18z_f060_subset.grib2,05_旧版整理区_混合留存,raw
DUP_6e25324a7087,6e25324a70877dd3020833249810519447095c0daec4f1d18663dede9633cb5d,2,17699837,True,03_THQBCA-V2原始数据集/解压内容/2.Bio-optics/2.3SDD/TH_SDD_2019.tif,03_THQBCA-V2原始数据集/解压内容/2.Bio-optics/2.3SDD/TH_SDD_2019.tif,03_THQBCA-V2原始数据集,raw
DUP_6e25324a7087,6e25324a70877dd3020833249810519447095c0daec4f1d18663dede9633cb5d,2,17699837,False,03_THQBCA-V2原始数据集/解压内容/2.Bio-optics/2.3SDD/TH_SDD_2019.tif,05_旧版整理区_混合留存/remote_sensing/thqbca_v2_biooptics/TH_SDD_2019.tif,05_旧版整理区_混合留存,raw
DUP_6e48916a0fd1,6e48916a0fd1b8c5f6e4f9ff2031619b2691e2559a1717852b6d219466825a1d,3,2127225,True,01_当前主原始数据/earth_search_sentinel2_annual/2022_mosaic/S2A_50SQA_20220503_0_L2A/swir16.tif,01_当前主原始数据/earth_search_sentinel2_annual/2022_mosaic/S2A_50SQA_20220503_0_L2A/swir16.tif,01_当前主原始数据,raw
DUP_6e48916a0fd1,6e48916a0fd1b8c5f6e4f9ff2031619b2691e2559a1717852b6d219466825a1d,3,2127225,False,01_当前主原始数据/earth_search_sentinel2_annual/2022_mosaic/S2A_50SQA_20220503_0_L2A/swir16.tif,02_旧版补充原始数据/earth_search_sentinel2_annual/2022_mosaic/S2A_50SQA_20220503_0_L2A/swir16.tif,02_旧版补充原始数据,raw
DUP_6e48916a0fd1,6e48916a0fd1b8c5f6e4f9ff2031619b2691e2559a1717852b6d219466825a1d,3,2127225,False,01_当前主原始数据/earth_search_sentinel2_annual/2022_mosaic/S2A_50SQA_20220503_0_L2A/swir16.tif,05_旧版整理区_混合留存/remote_sensing/earth_search_sentinel2_annual/swir16_6e48916a.tif,05_旧版整理区_混合留存,raw
DUP_6ec4f2aa21cf,6ec4f2aa21cfcdc23fdeeace4b42fdc0ce7244757ff7bb91dff01cb38f20b234,3,50707008,True,01_当前主原始数据/static_geo/copernicus_dem_glo30/Copernicus_DSM_COG_10_N30_00_E119_00_DEM.tif,01_当前主原始数据/static_geo/copernicus_dem_glo30/Copernicus_DSM_COG_10_N30_00_E119_00_DEM.tif,01_当前主原始数据,raw
DUP_6ec4f2aa21cf,6ec4f2aa21cfcdc23fdeeace4b42fdc0ce7244757ff7bb91dff01cb38f20b234,3,50707008,False,01_当前主原始数据/static_geo/copernicus_dem_glo30/Copernicus_DSM_COG_10_N30_00_E119_00_DEM.tif,02_旧版补充原始数据/static_geo/copernicus_dem_glo30/Copernicus_DSM_COG_10_N30_00_E119_00_DEM.tif,02_旧版补充原始数据,raw
DUP_6ec4f2aa21cf,6ec4f2aa21cfcdc23fdeeace4b42fdc0ce7244757ff7bb91dff01cb38f20b234,3,50707008,False,01_当前主原始数据/static_geo/copernicus_dem_glo30/Copernicus_DSM_COG_10_N30_00_E119_00_DEM.tif,05_旧版整理区_混合留存/static_features/copernicus_dem_glo30/Copernicus_DSM_COG_10_N30_00_E119_00_DEM.tif,05_旧版整理区_混合留存,raw
DUP_6f573fd046eb,6f573fd046ebfaeaab7f610513a2c8c27446e1c6fee520bffe1a7bdc02004b23,2,3160519,True,03_THQBCA-V2原始数据集/解压内容/4.Anthropogenic/4.1Landcover/TH_LC_1998.tif,03_THQBCA-V2原始数据集/解压内容/4.Anthropogenic/4.1Landcover/TH_LC_1998.tif,03_THQBCA-V2原始数据集,raw
DUP_6f573fd046eb,6f573fd046ebfaeaab7f610513a2c8c27446e1c6fee520bffe1a7bdc02004b23,2,3160519,False,03_THQBCA-V2原始数据集/解压内容/4.Anthropogenic/4.1Landcover/TH_LC_1998.tif,05_旧版整理区_混合留存/static_features/thqbca_v2_anthropogenic/TH_LC_1998.tif,05_旧版整理区_混合留存,raw
DUP_6f6ca1f2d7c2,6f6ca1f2d7c2ca5fb829db285bb543f3789b0a965651bb89db33bdedcf729be7,3,14559375,True,01_当前主原始数据/earth_search_sentinel2_annual/2022_mosaic/S2A_51STR_20220503_0_L2A/green.tif,01_当前主原始数据/earth_search_sentinel2_annual/2022_mosaic/S2A_51STR_20220503_0_L2A/green.tif,01_当前主原始数据,raw
DUP_6f6ca1f2d7c2,6f6ca1f2d7c2ca5fb829db285bb543f3789b0a965651bb89db33bdedcf729be7,3,14559375,False,01_当前主原始数据/earth_search_sentinel2_annual/2022_mosaic/S2A_51STR_20220503_0_L2A/green.tif,02_旧版补充原始数据/earth_search_sentinel2_annual/2022_mosaic/S2A_51STR_20220503_0_L2A/green.tif,02_旧版补充原始数据,raw
DUP_6f6ca1f2d7c2,6f6ca1f2d7c2ca5fb829db285bb543f3789b0a965651bb89db33bdedcf729be7,3,14559375,False,01_当前主原始数据/earth_search_sentinel2_annual/2022_mosaic/S2A_51STR_20220503_0_L2A/green.tif,05_旧版整理区_混合留存/remote_sensing/earth_search_sentinel2_annual/green.tif,05_旧版整理区_混合留存,raw
DUP_6f905449f85a,6f905449f85a9c9b57392de7af1c7f431062cf5b19376dc679d8e3d8e4835aee,2,1312072,True,03_THQBCA-V2原始数据集/解压内容/4.Anthropogenic/4.3NTL/TH_NTL_2020.tif,03_THQBCA-V2原始数据集/解压内容/4.Anthropogenic/4.3NTL/TH_NTL_2020.tif,03_THQBCA-V2原始数据集,raw
DUP_6f905449f85a,6f905449f85a9c9b57392de7af1c7f431062cf5b19376dc679d8e3d8e4835aee,2,1312072,False,03_THQBCA-V2原始数据集/解压内容/4.Anthropogenic/4.3NTL/TH_NTL_2020.tif,05_旧版整理区_混合留存/static_features/thqbca_v2_anthropogenic/TH_NTL_2020.tif,05_旧版整理区_混合留存,raw
DUP_6f9d2cdfdbd9,6f9d2cdfdbd9833dc4365d99a77882df09f3bb4d2572313691f62e061fadb933,2,1312072,True,03_THQBCA-V2原始数据集/解压内容/4.Anthropogenic/4.3NTL/TH_NTL_2002.tif,03_THQBCA-V2原始数据集/解压内容/4.Anthropogenic/4.3NTL/TH_NTL_2002.tif,03_THQBCA-V2原始数据集,raw
DUP_6f9d2cdfdbd9,6f9d2cdfdbd9833dc4365d99a77882df09f3bb4d2572313691f62e061fadb933,2,1312072,False,03_THQBCA-V2原始数据集/解压内容/4.Anthropogenic/4.3NTL/TH_NTL_2002.tif,05_旧版整理区_混合留存/static_features/thqbca_v2_anthropogenic/TH_NTL_2002.tif,05_旧版整理区_混合留存,raw
DUP_6fb08a3e9582,6fb08a3e9582694305f755c67d666f78c0514eede58d450b34157014b3183fd2,2,17699837,True,03_THQBCA-V2原始数据集/解压内容/2.Bio-optics/2.3SDD/TH_SDD_1988.tif,03_THQBCA-V2原始数据集/解压内容/2.Bio-optics/2.3SDD/TH_SDD_1988.tif,03_THQBCA-V2原始数据集,raw
DUP_6fb08a3e9582,6fb08a3e9582694305f755c67d666f78c0514eede58d450b34157014b3183fd2,2,17699837,False,03_THQBCA-V2原始数据集/解压内容/2.Bio-optics/2.3SDD/TH_SDD_1988.tif,05_旧版整理区_混合留存/remote_sensing/thqbca_v2_biooptics/TH_SDD_1988.tif,05_旧版整理区_混合留存,raw
DUP_6ff832808992,6ff832808992fb579de249bfac9e6ab8e216919e21bfc815ad9f51a3f38bcbb3,3,62462004,True,01_当前主原始数据/mee_surface_water_monthly/mee_surface_water_2026-04.pdf,01_当前主原始数据/mee_surface_water_monthly/mee_surface_water_2026-04.pdf,01_当前主原始数据,raw
DUP_6ff832808992,6ff832808992fb579de249bfac9e6ab8e216919e21bfc815ad9f51a3f38bcbb3,3,62462004,False,01_当前主原始数据/mee_surface_water_monthly/mee_surface_water_2026-04.pdf,02_旧版补充原始数据/mee_surface_water_monthly/mee_surface_water_2026-04.pdf,02_旧版补充原始数据,raw
DUP_6ff832808992,6ff832808992fb579de249bfac9e6ab8e216919e21bfc815ad9f51a3f38bcbb3,3,62462004,False,01_当前主原始数据/mee_surface_water_monthly/mee_surface_water_2026-04.pdf,05_旧版整理区_混合留存/reports/mee_surface_water_monthly/mee_surface_water_2026-04.pdf,05_旧版整理区_混合留存,metadata
DUP_7013728ce49b,7013728ce49b5ac08c3b4e9c6c64cf84b05c7cb39c25ce1b137451eba18684a4,3,16004366,True,01_当前主原始数据/earth_search_sentinel2_annual/2022_mosaic/S2A_51STR_20220503_0_L2A/nir.tif,01_当前主原始数据/earth_search_sentinel2_annual/2022_mosaic/S2A_51STR_20220503_0_L2A/nir.tif,01_当前主原始数据,raw
DUP_7013728ce49b,7013728ce49b5ac08c3b4e9c6c64cf84b05c7cb39c25ce1b137451eba18684a4,3,16004366,False,01_当前主原始数据/earth_search_sentinel2_annual/2022_mosaic/S2A_51STR_20220503_0_L2A/nir.tif,02_旧版补充原始数据/earth_search_sentinel2_annual/2022_mosaic/S2A_51STR_20220503_0_L2A/nir.tif,02_旧版补充原始数据,raw
DUP_7013728ce49b,7013728ce49b5ac08c3b4e9c6c64cf84b05c7cb39c25ce1b137451eba18684a4,3,16004366,False,01_当前主原始数据/earth_search_sentinel2_annual/2022_mosaic/S2A_51STR_20220503_0_L2A/nir.tif,05_旧版整理区_混合留存/remote_sensing/earth_search_sentinel2_annual/nir.tif,05_旧版整理区_混合留存,raw
DUP_704ae23f6ebd,704ae23f6ebd0d36043778c31f999d32728a6d762797aeb8ee48a7de5abf046d,3,45492903,True,01_当前主原始数据/earth_search_sentinel2_annual/2022_mosaic/S2A_50RQV_20220503_0_L2A/red.tif,01_当前主原始数据/earth_search_sentinel2_annual/2022_mosaic/S2A_50RQV_20220503_0_L2A/red.tif,01_当前主原始数据,raw
DUP_704ae23f6ebd,704ae23f6ebd0d36043778c31f999d32728a6d762797aeb8ee48a7de5abf046d,3,45492903,False,01_当前主原始数据/earth_search_sentinel2_annual/2022_mosaic/S2A_50RQV_20220503_0_L2A/red.tif,02_旧版补充原始数据/earth_search_sentinel2_annual/2022_mosaic/S2A_50RQV_20220503_0_L2A/red.tif,02_旧版补充原始数据,raw
DUP_704ae23f6ebd,704ae23f6ebd0d36043778c31f999d32728a6d762797aeb8ee48a7de5abf046d,3,45492903,False,01_当前主原始数据/earth_search_sentinel2_annual/2022_mosaic/S2A_50RQV_20220503_0_L2A/red.tif,05_旧版整理区_混合留存/remote_sensing/earth_search_sentinel2_annual/red_704ae23f.tif,05_旧版整理区_混合留存,raw
DUP_71607d231772,71607d231772ae870b910c5931d5965eff1b5bf35798baeeccc0943dd9e8bb4a,3,50025190,True,01_当前主原始数据/earth_search_sentinel2/S2A_T50RQV_20260802T024146_L2A/nir.tif,01_当前主原始数据/earth_search_sentinel2/S2A_T50RQV_20260802T024146_L2A/nir.tif,01_当前主原始数据,raw
DUP_71607d231772,71607d231772ae870b910c5931d5965eff1b5bf35798baeeccc0943dd9e8bb4a,3,50025190,False,01_当前主原始数据/earth_search_sentinel2/S2A_T50RQV_20260802T024146_L2A/nir.tif,02_旧版补充原始数据/earth_search_sentinel2/S2A_T50RQV_20260802T024146_L2A/nir.tif,02_旧版补充原始数据,raw
DUP_71607d231772,71607d231772ae870b910c5931d5965eff1b5bf35798baeeccc0943dd9e8bb4a,3,50025190,False,01_当前主原始数据/earth_search_sentinel2/S2A_T50RQV_20260802T024146_L2A/nir.tif,05_旧版整理区_混合留存/remote_sensing/earth_search_sentinel2/nir.tif,05_旧版整理区_混合留存,raw
DUP_7164a6322f5c,7164a6322f5cfffa145acf23984ee6c9a1e22ad78d899453c432ec59fe275849,3,94750008,True,01_当前主原始数据/mee_surface_water_monthly/mee_surface_water_2023-04.pdf,01_当前主原始数据/mee_surface_water_monthly/mee_surface_water_2023-04.pdf,01_当前主原始数据,raw
DUP_7164a6322f5c,7164a6322f5cfffa145acf23984ee6c9a1e22ad78d899453c432ec59fe275849,3,94750008,False,01_当前主原始数据/mee_surface_water_monthly/mee_surface_water_2023-04.pdf,02_旧版补充原始数据/mee_surface_water_monthly/mee_surface_water_2023-04.pdf,02_旧版补充原始数据,raw
DUP_7164a6322f5c,7164a6322f5cfffa145acf23984ee6c9a1e22ad78d899453c432ec59fe275849,3,94750008,False,01_当前主原始数据/mee_surface_water_monthly/mee_surface_water_2023-04.pdf,05_旧版整理区_混合留存/reports/mee_surface_water_monthly/mee_surface_water_2023-04.pdf,05_旧版整理区_混合留存,metadata
DUP_71ad415460e2,71ad415460e20e2669768561918d3422fab91b8e138d0c46887b3a925309b225,2,3433111,True,03_THQBCA-V2原始数据集/解压内容/2.Bio-optics/2.1AquaticVegetation/TH_vege_2005-10-17.tif,03_THQBCA-V2原始数据集/解压内容/2.Bio-optics/2.1AquaticVegetation/TH_vege_2005-10-17.tif,03_THQBCA-V2原始数据集,raw
DUP_71ad415460e2,71ad415460e20e2669768561918d3422fab91b8e138d0c46887b3a925309b225,2,3433111,False,03_THQBCA-V2原始数据集/解压内容/2.Bio-optics/2.1AquaticVegetation/TH_vege_2005-10-17.tif,05_旧版整理区_混合留存/remote_sensing/thqbca_v2_biooptics/TH_vege_2005-10-17.tif,05_旧版整理区_混合留存,raw
DUP_71e3cdf2a48e,71e3cdf2a48eeb6c27acb89a3e4d012757166eff8eab7ccf8a5dbf104ca4915d,2,17699837,True,03_THQBCA-V2原始数据集/解压内容/2.Bio-optics/2.3SDD/TH_SDD_2012.tif,03_THQBCA-V2原始数据集/解压内容/2.Bio-optics/2.3SDD/TH_SDD_2012.tif,03_THQBCA-V2原始数据集,raw
DUP_71e3cdf2a48e,71e3cdf2a48eeb6c27acb89a3e4d012757166eff8eab7ccf8a5dbf104ca4915d,2,17699837,False,03_THQBCA-V2原始数据集/解压内容/2.Bio-optics/2.3SDD/TH_SDD_2012.tif,05_旧版整理区_混合留存/remote_sensing/thqbca_v2_biooptics/TH_SDD_2012.tif,05_旧版整理区_混合留存,raw
DUP_7215f553a130,7215f553a1308f8aa9a4d006c4f850a90c343dd27aa603fa9126c904f87b1f79,3,1372546,True,01_当前主原始数据/nasa_power_hourly/history_2024.json,01_当前主原始数据/nasa_power_hourly/history_2024.json,01_当前主原始数据,raw
DUP_7215f553a130,7215f553a1308f8aa9a4d006c4f850a90c343dd27aa603fa9126c904f87b1f79,3,1372546,False,01_当前主原始数据/nasa_power_hourly/history_2024.json,02_旧版补充原始数据/nasa_power_hourly/history_2024.json,02_旧版补充原始数据,raw
DUP_7215f553a130,7215f553a1308f8aa9a4d006c4f850a90c343dd27aa603fa9126c904f87b1f79,3,1372546,False,01_当前主原始数据/nasa_power_hourly/history_2024.json,05_旧版整理区_混合留存/meteorology/nasa_power_hourly/history_2024.json,05_旧版整理区_混合留存,raw
DUP_723a5138237a,723a5138237ad494a110e0c302873e9617b06fe6ccd4f6a177a6c28865c28067,3,1368148,True,01_当前主原始数据/nasa_power_hourly/history_2017.json,01_当前主原始数据/nasa_power_hourly/history_2017.json,01_当前主原始数据,raw
DUP_723a5138237a,723a5138237ad494a110e0c302873e9617b06fe6ccd4f6a177a6c28865c28067,3,1368148,False,01_当前主原始数据/nasa_power_hourly/history_2017.json,02_旧版补充原始数据/nasa_power_hourly/history_2017.json,02_旧版补充原始数据,raw
DUP_723a5138237a,723a5138237ad494a110e0c302873e9617b06fe6ccd4f6a177a6c28865c28067,3,1368148,False,01_当前主原始数据/nasa_power_hourly/history_2017.json,05_旧版整理区_混合留存/meteorology/nasa_power_hourly/history_2017.json,05_旧版整理区_混合留存,raw
DUP_7256e6e3eddf,7256e6e3eddf07595d9a42d55045ee9fc27c29c5ffb7f9af5287fe3fa5bd505e,2,17699837,True,03_THQBCA-V2原始数据集/解压内容/2.Bio-optics/2.5TSI/TH_TSI_1995.tif,03_THQBCA-V2原始数据集/解压内容/2.Bio-optics/2.5TSI/TH_TSI_1995.tif,03_THQBCA-V2原始数据集,raw
DUP_7256e6e3eddf,7256e6e3eddf07595d9a42d55045ee9fc27c29c5ffb7f9af5287fe3fa5bd505e,2,17699837,False,03_THQBCA-V2原始数据集/解压内容/2.Bio-optics/2.5TSI/TH_TSI_1995.tif,05_旧版整理区_混合留存/remote_sensing/thqbca_v2_biooptics/TH_TSI_1995.tif,05_旧版整理区_混合留存,raw
DUP_729eb30d77ef,729eb30d77ef58d6a00cc9b2cb444c54685ac63a533dcbd579974ee41f354392,3,7780617,True,01_当前主原始数据/meteorology/noaa_gfs/gfs_2026-08-18_18z_f072_subset.grib2,01_当前主原始数据/meteorology/noaa_gfs/gfs_2026-08-18_18z_f072_subset.grib2,01_当前主原始数据,raw
DUP_729eb30d77ef,729eb30d77ef58d6a00cc9b2cb444c54685ac63a533dcbd579974ee41f354392,3,7780617,False,01_当前主原始数据/meteorology/noaa_gfs/gfs_2026-08-18_18z_f072_subset.grib2,02_旧版补充原始数据/meteorology/noaa_gfs/gfs_2026-08-18_18z_f072_subset.grib2,02_旧版补充原始数据,raw
DUP_729eb30d77ef,729eb30d77ef58d6a00cc9b2cb444c54685ac63a533dcbd579974ee41f354392,3,7780617,False,01_当前主原始数据/meteorology/noaa_gfs/gfs_2026-08-18_18z_f072_subset.grib2,05_旧版整理区_混合留存/meteorology/noaa_gfs/gfs_2026-08-18_18z_f072_subset.grib2,05_旧版整理区_混合留存,raw
DUP_733b2ad2aa6d,733b2ad2aa6d176adb6573ead39f344da6d5e94f322b0980e03132a3f2084567,2,3433111,True,03_THQBCA-V2原始数据集/解压内容/2.Bio-optics/2.1AquaticVegetation/TH_vege_2012-10-12.tif,03_THQBCA-V2原始数据集/解压内容/2.Bio-optics/2.1AquaticVegetation/TH_vege_2012-10-12.tif,03_THQBCA-V2原始数据集,raw
DUP_733b2ad2aa6d,733b2ad2aa6d176adb6573ead39f344da6d5e94f322b0980e03132a3f2084567,2,3433111,False,03_THQBCA-V2原始数据集/解压内容/2.Bio-optics/2.1AquaticVegetation/TH_vege_2012-10-12.tif,05_旧版整理区_混合留存/remote_sensing/thqbca_v2_biooptics/TH_vege_2012-10-12.tif,05_旧版整理区_混合留存,raw
DUP_73fafe422737,73fafe422737a5031188b80a2a3cb86a5f02d3a2e0be8571bed7f8486eb18a93,2,4027088,True,03_THQBCA-V2原始数据集/解压内容/4.Anthropogenic/4.1Landcover/TH_LC_2020.tif,03_THQBCA-V2原始数据集/解压内容/4.Anthropogenic/4.1Landcover/TH_LC_2020.tif,03_THQBCA-V2原始数据集,raw
DUP_73fafe422737,73fafe422737a5031188b80a2a3cb86a5f02d3a2e0be8571bed7f8486eb18a93,2,4027088,False,03_THQBCA-V2原始数据集/解压内容/4.Anthropogenic/4.1Landcover/TH_LC_2020.tif,05_旧版整理区_混合留存/static_features/thqbca_v2_anthropogenic/TH_LC_2020.tif,05_旧版整理区_混合留存,raw
DUP_75e9b4146adf,75e9b4146adf49d2ed1d5c84dd237d333febf4fd7711bff426f1f301e10f84f1,2,16876409,True,03_THQBCA-V2原始数据集/解压内容/2.Bio-optics/2.4Chla/TH_Chla_1993.tif,03_THQBCA-V2原始数据集/解压内容/2.Bio-optics/2.4Chla/TH_Chla_1993.tif,03_THQBCA-V2原始数据集,raw
DUP_75e9b4146adf,75e9b4146adf49d2ed1d5c84dd237d333febf4fd7711bff426f1f301e10f84f1,2,16876409,False,03_THQBCA-V2原始数据集/解压内容/2.Bio-optics/2.4Chla/TH_Chla_1993.tif,05_旧版整理区_混合留存/remote_sensing/thqbca_v2_biooptics/TH_Chla_1993.tif,05_旧版整理区_混合留存,raw
DUP_76327b24fada,76327b24fada24ac6108d68bd02dc7e0479da9dee04bb21eacf23d95d0a7d9fb,2,17699837,True,03_THQBCA-V2原始数据集/解压内容/2.Bio-optics/2.3SDD/TH_SDD_2000.tif,03_THQBCA-V2原始数据集/解压内容/2.Bio-optics/2.3SDD/TH_SDD_2000.tif,03_THQBCA-V2原始数据集,raw
DUP_76327b24fada,76327b24fada24ac6108d68bd02dc7e0479da9dee04bb21eacf23d95d0a7d9fb,2,17699837,False,03_THQBCA-V2原始数据集/解压内容/2.Bio-optics/2.3SDD/TH_SDD_2000.tif,05_旧版整理区_混合留存/remote_sensing/thqbca_v2_biooptics/TH_SDD_2000.tif,05_旧版整理区_混合留存,raw
DUP_766371927ad9,766371927ad9da6a69eef639ae81b0c4e210138511ff4b0b74162b0e33c5d965,2,1312070,True,03_THQBCA-V2原始数据集/解压内容/4.Anthropogenic/4.3NTL/TH_NTL_2021.tif,03_THQBCA-V2原始数据集/解压内容/4.Anthropogenic/4.3NTL/TH_NTL_2021.tif,03_THQBCA-V2原始数据集,raw
DUP_766371927ad9,766371927ad9da6a69eef639ae81b0c4e210138511ff4b0b74162b0e33c5d965,2,1312070,False,03_THQBCA-V2原始数据集/解压内容/4.Anthropogenic/4.3NTL/TH_NTL_2021.tif,05_旧版整理区_混合留存/static_features/thqbca_v2_anthropogenic/TH_NTL_2021.tif,05_旧版整理区_混合留存,raw
DUP_77f777ebc353,77f777ebc3533a1cb4035b5a7279f6a8871a5642b8624dd0aaac957cfdb925aa,2,38546821,True,03_THQBCA-V2原始数据集/解压内容/4.Anthropogenic/4.2POPD/TH_POPD_2019.tif,03_THQBCA-V2原始数据集/解压内容/4.Anthropogenic/4.2POPD/TH_POPD_2019.tif,03_THQBCA-V2原始数据集,raw
DUP_77f777ebc353,77f777ebc3533a1cb4035b5a7279f6a8871a5642b8624dd0aaac957cfdb925aa,2,38546821,False,03_THQBCA-V2原始数据集/解压内容/4.Anthropogenic/4.2POPD/TH_POPD_2019.tif,05_旧版整理区_混合留存/static_features/thqbca_v2_anthropogenic/TH_POPD_2019.tif,05_旧版整理区_混合留存,raw
DUP_783ca3240658,783ca32406585e63a9a5b4c12bd8a34104fa6ceac81ef4732a693cae2395e33c,3,2013,True,01_当前主原始数据/meteorology/noaa_gfs/gfs_2026-08-18_18z_f042_taihu_subset.grib2,01_当前主原始数据/meteorology/noaa_gfs/gfs_2026-08-18_18z_f042_taihu_subset.grib2,01_当前主原始数据,raw
DUP_783ca3240658,783ca32406585e63a9a5b4c12bd8a34104fa6ceac81ef4732a693cae2395e33c,3,2013,False,01_当前主原始数据/meteorology/noaa_gfs/gfs_2026-08-18_18z_f042_taihu_subset.grib2,02_旧版补充原始数据/meteorology/noaa_gfs/gfs_2026-08-18_18z_f042_taihu_subset.grib2,02_旧版补充原始数据,raw
DUP_783ca3240658,783ca32406585e63a9a5b4c12bd8a34104fa6ceac81ef4732a693cae2395e33c,3,2013,False,01_当前主原始数据/meteorology/noaa_gfs/gfs_2026-08-18_18z_f042_taihu_subset.grib2,05_旧版整理区_混合留存/meteorology/noaa_gfs/gfs_2026-08-18_18z_f042_taihu_subset.grib2,05_旧版整理区_混合留存,raw
DUP_78ac26ee04fd,78ac26ee04fdc1cd2333d290d2cf012eb2955dc8ce3f82e2affc1def8c762c8f,2,3433111,True,03_THQBCA-V2原始数据集/解压内容/2.Bio-optics/2.1AquaticVegetation/TH_vege_2001-09-28.tif,03_THQBCA-V2原始数据集/解压内容/2.Bio-optics/2.1AquaticVegetation/TH_vege_2001-09-28.tif,03_THQBCA-V2原始数据集,raw
DUP_78ac26ee04fd,78ac26ee04fdc1cd2333d290d2cf012eb2955dc8ce3f82e2affc1def8c762c8f,2,3433111,False,03_THQBCA-V2原始数据集/解压内容/2.Bio-optics/2.1AquaticVegetation/TH_vege_2001-09-28.tif,05_旧版整理区_混合留存/remote_sensing/thqbca_v2_biooptics/TH_vege_2001-09-28.tif,05_旧版整理区_混合留存,raw
DUP_79553edefd14,79553edefd14ea8bbd05d3683cf67cd4f32dab589c7b81595126a872a5e21b2e,3,90193664,True,01_当前主原始数据/mee_surface_water_monthly/mee_surface_water_2022-10.pdf,01_当前主原始数据/mee_surface_water_monthly/mee_surface_water_2022-10.pdf,01_当前主原始数据,raw
DUP_79553edefd14,79553edefd14ea8bbd05d3683cf67cd4f32dab589c7b81595126a872a5e21b2e,3,90193664,False,01_当前主原始数据/mee_surface_water_monthly/mee_surface_water_2022-10.pdf,02_旧版补充原始数据/mee_surface_water_monthly/mee_surface_water_2022-10.pdf,02_旧版补充原始数据,raw
DUP_79553edefd14,79553edefd14ea8bbd05d3683cf67cd4f32dab589c7b81595126a872a5e21b2e,3,90193664,False,01_当前主原始数据/mee_surface_water_monthly/mee_surface_water_2022-10.pdf,05_旧版整理区_混合留存/reports/mee_surface_water_monthly/mee_surface_water_2022-10.pdf,05_旧版整理区_混合留存,metadata
DUP_79b8d0746de3,79b8d0746de33bec6921179eec0fd5af15476148606becfd0593991d99933ed7,2,3433111,True,03_THQBCA-V2原始数据集/解压内容/2.Bio-optics/2.1AquaticVegetation/TH_vege_2006-09-18.tif,03_THQBCA-V2原始数据集/解压内容/2.Bio-optics/2.1AquaticVegetation/TH_vege_2006-09-18.tif,03_THQBCA-V2原始数据集,raw
DUP_79b8d0746de3,79b8d0746de33bec6921179eec0fd5af15476148606becfd0593991d99933ed7,2,3433111,False,03_THQBCA-V2原始数据集/解压内容/2.Bio-optics/2.1AquaticVegetation/TH_vege_2006-09-18.tif,05_旧版整理区_混合留存/remote_sensing/thqbca_v2_biooptics/TH_vege_2006-09-18.tif,05_旧版整理区_混合留存,raw
DUP_79dab1e16e77,79dab1e16e77966311a6aeb4fced5a0f9740f8ced10f856ff50b3b1c4298ff8b,2,1312072,True,03_THQBCA-V2原始数据集/解压内容/4.Anthropogenic/4.3NTL/TH_NTL_2012.tif,03_THQBCA-V2原始数据集/解压内容/4.Anthropogenic/4.3NTL/TH_NTL_2012.tif,03_THQBCA-V2原始数据集,raw
DUP_79dab1e16e77,79dab1e16e77966311a6aeb4fced5a0f9740f8ced10f856ff50b3b1c4298ff8b,2,1312072,False,03_THQBCA-V2原始数据集/解压内容/4.Anthropogenic/4.3NTL/TH_NTL_2012.tif,05_旧版整理区_混合留存/static_features/thqbca_v2_anthropogenic/TH_NTL_2012.tif,05_旧版整理区_混合留存,raw
DUP_7a9203a8831a,7a9203a8831ad8d7ba9ab78be71d170c19aaba1b469e1ab12abe33bd85d75d74,2,17699837,True,03_THQBCA-V2原始数据集/解压内容/2.Bio-optics/2.3SDD/TH_SDD_2009.tif,03_THQBCA-V2原始数据集/解压内容/2.Bio-optics/2.3SDD/TH_SDD_2009.tif,03_THQBCA-V2原始数据集,raw
DUP_7a9203a8831a,7a9203a8831ad8d7ba9ab78be71d170c19aaba1b469e1ab12abe33bd85d75d74,2,17699837,False,03_THQBCA-V2原始数据集/解压内容/2.Bio-optics/2.3SDD/TH_SDD_2009.tif,05_旧版整理区_混合留存/remote_sensing/thqbca_v2_biooptics/TH_SDD_2009.tif,05_旧版整理区_混合留存,raw
DUP_7b0982cbf2bb,7b0982cbf2bb80e48157ad8ea3b825a908d2a0e2ae6428d5f14f6d2387a9c5fb,3,48619711,True,01_当前主原始数据/static_geo/copernicus_dem_glo30/Copernicus_DSM_COG_10_N31_00_E119_00_DEM.tif,01_当前主原始数据/static_geo/copernicus_dem_glo30/Copernicus_DSM_COG_10_N31_00_E119_00_DEM.tif,01_当前主原始数据,raw
DUP_7b0982cbf2bb,7b0982cbf2bb80e48157ad8ea3b825a908d2a0e2ae6428d5f14f6d2387a9c5fb,3,48619711,False,01_当前主原始数据/static_geo/copernicus_dem_glo30/Copernicus_DSM_COG_10_N31_00_E119_00_DEM.tif,02_旧版补充原始数据/static_geo/copernicus_dem_glo30/Copernicus_DSM_COG_10_N31_00_E119_00_DEM.tif,02_旧版补充原始数据,raw
DUP_7b0982cbf2bb,7b0982cbf2bb80e48157ad8ea3b825a908d2a0e2ae6428d5f14f6d2387a9c5fb,3,48619711,False,01_当前主原始数据/static_geo/copernicus_dem_glo30/Copernicus_DSM_COG_10_N31_00_E119_00_DEM.tif,05_旧版整理区_混合留存/static_features/copernicus_dem_glo30/Copernicus_DSM_COG_10_N31_00_E119_00_DEM.tif,05_旧版整理区_混合留存,raw
DUP_7b69f24b8486,7b69f24b8486f263592be91fcb0d40677b5946b7bd5d8ff6ea046ea54b88d03d,2,124320,True,02_旧版补充原始数据/open_meteo_seasonal/raw_20260819T125456Z.json,02_旧版补充原始数据/open_meteo_seasonal/raw_20260819T125456Z.json,02_旧版补充原始数据,raw
DUP_7b69f24b8486,7b69f24b8486f263592be91fcb0d40677b5946b7bd5d8ff6ea046ea54b88d03d,2,124320,False,02_旧版补充原始数据/open_meteo_seasonal/raw_20260819T125456Z.json,05_旧版整理区_混合留存/meteorology/open_meteo_seasonal/raw_20260819T125456Z.json,05_旧版整理区_混合留存,raw
DUP_7beaae2fda1f,7beaae2fda1f9a41e154386df7aab21f8e0e7ff7ca30883ceb53be1563fd4b59,2,393770,True,03_THQBCA-V2原始数据集/解压内容/2.Bio-optics/2.2FAC/TH_FAC_2005.tif,03_THQBCA-V2原始数据集/解压内容/2.Bio-optics/2.2FAC/TH_FAC_2005.tif,03_THQBCA-V2原始数据集,raw
DUP_7beaae2fda1f,7beaae2fda1f9a41e154386df7aab21f8e0e7ff7ca30883ceb53be1563fd4b59,2,393770,False,03_THQBCA-V2原始数据集/解压内容/2.Bio-optics/2.2FAC/TH_FAC_2005.tif,05_旧版整理区_混合留存/remote_sensing/thqbca_v2_biooptics/TH_FAC_2005.tif,05_旧版整理区_混合留存,raw
DUP_7c08e8a97f44,7c08e8a97f447112c7aec96a26bb01bfcf4c289378b70a3495d3f284b88c7273,2,17699837,True,03_THQBCA-V2原始数据集/解压内容/2.Bio-optics/2.3SDD/TH_SDD_1992.tif,03_THQBCA-V2原始数据集/解压内容/2.Bio-optics/2.3SDD/TH_SDD_1992.tif,03_THQBCA-V2原始数据集,raw
DUP_7c08e8a97f44,7c08e8a97f447112c7aec96a26bb01bfcf4c289378b70a3495d3f284b88c7273,2,17699837,False,03_THQBCA-V2原始数据集/解压内容/2.Bio-optics/2.3SDD/TH_SDD_1992.tif,05_旧版整理区_混合留存/remote_sensing/thqbca_v2_biooptics/TH_SDD_1992.tif,05_旧版整理区_混合留存,raw
DUP_7c610c19d561,7c610c19d561f84624736081d2bdd95c004812f5c2354afb6cbdc1bc5c411cc2,3,66441239,True,01_当前主原始数据/geo/hydrolakes/HydroLAKES_Asia.zip,01_当前主原始数据/geo/hydrolakes/HydroLAKES_Asia.zip,01_当前主原始数据,raw
DUP_7c610c19d561,7c610c19d561f84624736081d2bdd95c004812f5c2354afb6cbdc1bc5c411cc2,3,66441239,False,01_当前主原始数据/geo/hydrolakes/HydroLAKES_Asia.zip,02_旧版补充原始数据/geo/hydrolakes/HydroLAKES_Asia.zip,02_旧版补充原始数据,raw
DUP_7c610c19d561,7c610c19d561f84624736081d2bdd95c004812f5c2354afb6cbdc1bc5c411cc2,3,66441239,False,01_当前主原始数据/geo/hydrolakes/HydroLAKES_Asia.zip,05_旧版整理区_混合留存/static_features/hydrolakes/HydroLAKES_Asia.zip,05_旧版整理区_混合留存,raw
DUP_7d0a837dfc39,7d0a837dfc39c8dfb647a9ecc7588a75acb27615814acb9a14bd8442e4c97d82,2,3316506,True,03_THQBCA-V2原始数据集/解压内容/4.Anthropogenic/4.1Landcover/TH_LC_2000.tif,03_THQBCA-V2原始数据集/解压内容/4.Anthropogenic/4.1Landcover/TH_LC_2000.tif,03_THQBCA-V2原始数据集,raw
DUP_7d0a837dfc39,7d0a837dfc39c8dfb647a9ecc7588a75acb27615814acb9a14bd8442e4c97d82,2,3316506,False,03_THQBCA-V2原始数据集/解压内容/4.Anthropogenic/4.1Landcover/TH_LC_2000.tif,05_旧版整理区_混合留存/static_features/thqbca_v2_anthropogenic/TH_LC_2000.tif,05_旧版整理区_混合留存,raw
DUP_7d3826d7efcb,7d3826d7efcb38c8707e1a17c07e54474cbe88705dc55628c5ce93ebdb77d6c7,2,393770,True,03_THQBCA-V2原始数据集/解压内容/2.Bio-optics/2.2FAC/TH_FAC_2015.tif,03_THQBCA-V2原始数据集/解压内容/2.Bio-optics/2.2FAC/TH_FAC_2015.tif,03_THQBCA-V2原始数据集,raw
DUP_7d3826d7efcb,7d3826d7efcb38c8707e1a17c07e54474cbe88705dc55628c5ce93ebdb77d6c7,2,393770,False,03_THQBCA-V2原始数据集/解压内容/2.Bio-optics/2.2FAC/TH_FAC_2015.tif,05_旧版整理区_混合留存/remote_sensing/thqbca_v2_biooptics/TH_FAC_2015.tif,05_旧版整理区_混合留存,raw
DUP_7d53a19d9cda,7d53a19d9cdaef35a31699781d14e8aefb7e231cc9fb553948b1dd0293c20861,2,16876409,True,03_THQBCA-V2原始数据集/解压内容/2.Bio-optics/2.4Chla/TH_Chla_1995.tif,03_THQBCA-V2原始数据集/解压内容/2.Bio-optics/2.4Chla/TH_Chla_1995.tif,03_THQBCA-V2原始数据集,raw
DUP_7d53a19d9cda,7d53a19d9cdaef35a31699781d14e8aefb7e231cc9fb553948b1dd0293c20861,2,16876409,False,03_THQBCA-V2原始数据集/解压内容/2.Bio-optics/2.4Chla/TH_Chla_1995.tif,05_旧版整理区_混合留存/remote_sensing/thqbca_v2_biooptics/TH_Chla_1995.tif,05_旧版整理区_混合留存,raw
DUP_7df7df6ef6f7,7df7df6ef6f71dd5a007da06e69843ce799fd48acf48d838e7acadcd3c43fa8c,3,87491386,True,01_当前主原始数据/mee_surface_water_monthly/mee_surface_water_2025-11.pdf,01_当前主原始数据/mee_surface_water_monthly/mee_surface_water_2025-11.pdf,01_当前主原始数据,raw
DUP_7df7df6ef6f7,7df7df6ef6f71dd5a007da06e69843ce799fd48acf48d838e7acadcd3c43fa8c,3,87491386,False,01_当前主原始数据/mee_surface_water_monthly/mee_surface_water_2025-11.pdf,02_旧版补充原始数据/mee_surface_water_monthly/mee_surface_water_2025-11.pdf,02_旧版补充原始数据,raw
DUP_7df7df6ef6f7,7df7df6ef6f71dd5a007da06e69843ce799fd48acf48d838e7acadcd3c43fa8c,3,87491386,False,01_当前主原始数据/mee_surface_water_monthly/mee_surface_water_2025-11.pdf,05_旧版整理区_混合留存/reports/mee_surface_water_monthly/mee_surface_water_2025-11.pdf,05_旧版整理区_混合留存,metadata
DUP_7f4b80f6d63d,7f4b80f6d63da9a8dfc7078805fda3d0c0c22bc37c12fa4fe6b025c19e036299,2,1312072,True,03_THQBCA-V2原始数据集/解压内容/4.Anthropogenic/4.3NTL/TH_NTL_2016.tif,03_THQBCA-V2原始数据集/解压内容/4.Anthropogenic/4.3NTL/TH_NTL_2016.tif,03_THQBCA-V2原始数据集,raw
DUP_7f4b80f6d63d,7f4b80f6d63da9a8dfc7078805fda3d0c0c22bc37c12fa4fe6b025c19e036299,2,1312072,False,03_THQBCA-V2原始数据集/解压内容/4.Anthropogenic/4.3NTL/TH_NTL_2016.tif,05_旧版整理区_混合留存/static_features/thqbca_v2_anthropogenic/TH_NTL_2016.tif,05_旧版整理区_混合留存,raw
DUP_7fd960cf64c1,7fd960cf64c1971ac5388f2d02e76556b867dea3288fbf3b451d5570e93c5679,2,393770,True,03_THQBCA-V2原始数据集/解压内容/2.Bio-optics/2.2FAC/TH_FAC_2008.tif,03_THQBCA-V2原始数据集/解压内容/2.Bio-optics/2.2FAC/TH_FAC_2008.tif,03_THQBCA-V2原始数据集,raw
DUP_7fd960cf64c1,7fd960cf64c1971ac5388f2d02e76556b867dea3288fbf3b451d5570e93c5679,2,393770,False,03_THQBCA-V2原始数据集/解压内容/2.Bio-optics/2.2FAC/TH_FAC_2008.tif,05_旧版整理区_混合留存/remote_sensing/thqbca_v2_biooptics/TH_FAC_2008.tif,05_旧版整理区_混合留存,raw
DUP_80007a4d142e,80007a4d142e4864076eaa45ce93755ed46939aa35c11e852575e2021e291d8b,2,3080616,True,03_THQBCA-V2原始数据集/解压内容/4.Anthropogenic/4.1Landcover/TH_LC_1996.tif,03_THQBCA-V2原始数据集/解压内容/4.Anthropogenic/4.1Landcover/TH_LC_1996.tif,03_THQBCA-V2原始数据集,raw
DUP_80007a4d142e,80007a4d142e4864076eaa45ce93755ed46939aa35c11e852575e2021e291d8b,2,3080616,False,03_THQBCA-V2原始数据集/解压内容/4.Anthropogenic/4.1Landcover/TH_LC_1996.tif,05_旧版整理区_混合留存/static_features/thqbca_v2_anthropogenic/TH_LC_1996.tif,05_旧版整理区_混合留存,raw
DUP_810865ec7f74,810865ec7f749bc442794cfaa73067270aa766b7e21e85e3b5d28556bb4f870c,2,103,True,02_旧版补充原始数据/authorized_waterstation/waterstation_template.csv,02_旧版补充原始数据/authorized_waterstation/waterstation_template.csv,02_旧版补充原始数据,temporary
DUP_810865ec7f74,810865ec7f749bc442794cfaa73067270aa766b7e21e85e3b5d28556bb4f870c,2,103,False,02_旧版补充原始数据/authorized_waterstation/waterstation_template.csv,05_旧版整理区_混合留存/water_quality/authorized_waterstation/waterstation_template.csv,05_旧版整理区_混合留存,temporary
DUP_819b11a0c7b9,819b11a0c7b9514bb5b5044ce16d10e81fffb0a037a58c9b68a0fe0e888f9428,2,17699837,True,03_THQBCA-V2原始数据集/解压内容/2.Bio-optics/2.3SDD/TH_SDD_2002.tif,03_THQBCA-V2原始数据集/解压内容/2.Bio-optics/2.3SDD/TH_SDD_2002.tif,03_THQBCA-V2原始数据集,raw
DUP_819b11a0c7b9,819b11a0c7b9514bb5b5044ce16d10e81fffb0a037a58c9b68a0fe0e888f9428,2,17699837,False,03_THQBCA-V2原始数据集/解压内容/2.Bio-optics/2.3SDD/TH_SDD_2002.tif,05_旧版整理区_混合留存/remote_sensing/thqbca_v2_biooptics/TH_SDD_2002.tif,05_旧版整理区_混合留存,raw
DUP_8298b8fb32e2,8298b8fb32e2470ec83f108347b4500a54e55096dfe0f243b52035f18c42f422,3,3849971,True,01_当前主原始数据/earth_search_sentinel2_annual/2022_mosaic/S2A_51STR_20220503_0_L2A/swir16.tif,01_当前主原始数据/earth_search_sentinel2_annual/2022_mosaic/S2A_51STR_20220503_0_L2A/swir16.tif,01_当前主原始数据,raw
DUP_8298b8fb32e2,8298b8fb32e2470ec83f108347b4500a54e55096dfe0f243b52035f18c42f422,3,3849971,False,01_当前主原始数据/earth_search_sentinel2_annual/2022_mosaic/S2A_51STR_20220503_0_L2A/swir16.tif,02_旧版补充原始数据/earth_search_sentinel2_annual/2022_mosaic/S2A_51STR_20220503_0_L2A/swir16.tif,02_旧版补充原始数据,raw
DUP_8298b8fb32e2,8298b8fb32e2470ec83f108347b4500a54e55096dfe0f243b52035f18c42f422,3,3849971,False,01_当前主原始数据/earth_search_sentinel2_annual/2022_mosaic/S2A_51STR_20220503_0_L2A/swir16.tif,05_旧版整理区_混合留存/remote_sensing/earth_search_sentinel2_annual/swir16.tif,05_旧版整理区_混合留存,raw
DUP_829921b5d05e,829921b5d05e198454804114263f1af2588bff2b058e5cf37b56455f4a2d9ca2,2,16876409,True,03_THQBCA-V2原始数据集/解压内容/2.Bio-optics/2.4Chla/TH_Chla_2015.tif,03_THQBCA-V2原始数据集/解压内容/2.Bio-optics/2.4Chla/TH_Chla_2015.tif,03_THQBCA-V2原始数据集,raw
DUP_829921b5d05e,829921b5d05e198454804114263f1af2588bff2b058e5cf37b56455f4a2d9ca2,2,16876409,False,03_THQBCA-V2原始数据集/解压内容/2.Bio-optics/2.4Chla/TH_Chla_2015.tif,05_旧版整理区_混合留存/remote_sensing/thqbca_v2_biooptics/TH_Chla_2015.tif,05_旧版整理区_混合留存,raw
DUP_832881203a4b,832881203a4b6b34e478870b479656804c26e34dfea70a175fa83ec807e9b41c,2,393770,True,03_THQBCA-V2原始数据集/解压内容/2.Bio-optics/2.2FAC/TH_FAC_2016.tif,03_THQBCA-V2原始数据集/解压内容/2.Bio-optics/2.2FAC/TH_FAC_2016.tif,03_THQBCA-V2原始数据集,raw
DUP_832881203a4b,832881203a4b6b34e478870b479656804c26e34dfea70a175fa83ec807e9b41c,2,393770,False,03_THQBCA-V2原始数据集/解压内容/2.Bio-optics/2.2FAC/TH_FAC_2016.tif,05_旧版整理区_混合留存/remote_sensing/thqbca_v2_biooptics/TH_FAC_2016.tif,05_旧版整理区_混合留存,raw
DUP_8391b3671173,8391b3671173b008d59bde34c2ce5bf759a01f358ff564f18ab7da05931b7509,2,3989700,True,03_THQBCA-V2原始数据集/解压内容/4.Anthropogenic/4.1Landcover/TH_LC_2019.tif,03_THQBCA-V2原始数据集/解压内容/4.Anthropogenic/4.1Landcover/TH_LC_2019.tif,03_THQBCA-V2原始数据集,raw
DUP_8391b3671173,8391b3671173b008d59bde34c2ce5bf759a01f358ff564f18ab7da05931b7509,2,3989700,False,03_THQBCA-V2原始数据集/解压内容/4.Anthropogenic/4.1Landcover/TH_LC_2019.tif,05_旧版整理区_混合留存/static_features/thqbca_v2_anthropogenic/TH_LC_2019.tif,05_旧版整理区_混合留存,raw
DUP_83d5fddb4eb1,83d5fddb4eb110133a418790ab2f27edda79c7804bc7973191c1fd819c3a5faf,2,16876409,True,03_THQBCA-V2原始数据集/解压内容/2.Bio-optics/2.4Chla/TH_Chla_1988.tif,03_THQBCA-V2原始数据集/解压内容/2.Bio-optics/2.4Chla/TH_Chla_1988.tif,03_THQBCA-V2原始数据集,raw
DUP_83d5fddb4eb1,83d5fddb4eb110133a418790ab2f27edda79c7804bc7973191c1fd819c3a5faf,2,16876409,False,03_THQBCA-V2原始数据集/解压内容/2.Bio-optics/2.4Chla/TH_Chla_1988.tif,05_旧版整理区_混合留存/remote_sensing/thqbca_v2_biooptics/TH_Chla_1988.tif,05_旧版整理区_混合留存,raw
DUP_849eab589dc2,849eab589dc266149506f12579ca9860edb592d01e3532a9d2c77cec73baba16,2,2904028,True,03_THQBCA-V2原始数据集/解压内容/4.Anthropogenic/4.1Landcover/TH_LC_1990.tif,03_THQBCA-V2原始数据集/解压内容/4.Anthropogenic/4.1Landcover/TH_LC_1990.tif,03_THQBCA-V2原始数据集,raw
DUP_849eab589dc2,849eab589dc266149506f12579ca9860edb592d01e3532a9d2c77cec73baba16,2,2904028,False,03_THQBCA-V2原始数据集/解压内容/4.Anthropogenic/4.1Landcover/TH_LC_1990.tif,05_旧版整理区_混合留存/static_features/thqbca_v2_anthropogenic/TH_LC_1990.tif,05_旧版整理区_混合留存,raw
DUP_84f4074065ca,84f4074065ca633a202b3d86356a9b67a94af5ff8902cec71ab22ababf1b4fce,2,16876409,True,03_THQBCA-V2原始数据集/解压内容/2.Bio-optics/2.4Chla/TH_Chla_2006.tif,03_THQBCA-V2原始数据集/解压内容/2.Bio-optics/2.4Chla/TH_Chla_2006.tif,03_THQBCA-V2原始数据集,raw
DUP_84f4074065ca,84f4074065ca633a202b3d86356a9b67a94af5ff8902cec71ab22ababf1b4fce,2,16876409,False,03_THQBCA-V2原始数据集/解压内容/2.Bio-optics/2.4Chla/TH_Chla_2006.tif,05_旧版整理区_混合留存/remote_sensing/thqbca_v2_biooptics/TH_Chla_2006.tif,05_旧版整理区_混合留存,raw
DUP_8518b531cb74,8518b531cb745475d4e2bf30fbc1e10a669ef792a0a5e23fcd2f11465cab6926,3,7800503,True,01_当前主原始数据/meteorology/noaa_gfs/gfs_2026-08-18_18z_f054_subset.grib2,01_当前主原始数据/meteorology/noaa_gfs/gfs_2026-08-18_18z_f054_subset.grib2,01_当前主原始数据,raw
DUP_8518b531cb74,8518b531cb745475d4e2bf30fbc1e10a669ef792a0a5e23fcd2f11465cab6926,3,7800503,False,01_当前主原始数据/meteorology/noaa_gfs/gfs_2026-08-18_18z_f054_subset.grib2,02_旧版补充原始数据/meteorology/noaa_gfs/gfs_2026-08-18_18z_f054_subset.grib2,02_旧版补充原始数据,raw
DUP_8518b531cb74,8518b531cb745475d4e2bf30fbc1e10a669ef792a0a5e23fcd2f11465cab6926,3,7800503,False,01_当前主原始数据/meteorology/noaa_gfs/gfs_2026-08-18_18z_f054_subset.grib2,05_旧版整理区_混合留存/meteorology/noaa_gfs/gfs_2026-08-18_18z_f054_subset.grib2,05_旧版整理区_混合留存,raw
DUP_856ded139a3a,856ded139a3a16857333180ff5471e45ff26345c3a1b18caa2940b1309dc11df,3,89177828,True,01_当前主原始数据/mee_surface_water_monthly/mee_surface_water_2025-02.pdf,01_当前主原始数据/mee_surface_water_monthly/mee_surface_water_2025-02.pdf,01_当前主原始数据,raw
DUP_856ded139a3a,856ded139a3a16857333180ff5471e45ff26345c3a1b18caa2940b1309dc11df,3,89177828,False,01_当前主原始数据/mee_surface_water_monthly/mee_surface_water_2025-02.pdf,02_旧版补充原始数据/mee_surface_water_monthly/mee_surface_water_2025-02.pdf,02_旧版补充原始数据,raw
DUP_856ded139a3a,856ded139a3a16857333180ff5471e45ff26345c3a1b18caa2940b1309dc11df,3,89177828,False,01_当前主原始数据/mee_surface_water_monthly/mee_surface_water_2025-02.pdf,05_旧版整理区_混合留存/reports/mee_surface_water_monthly/mee_surface_water_2025-02.pdf,05_旧版整理区_混合留存,metadata
DUP_85b0f16532b9,85b0f16532b95af96fa4ae71510e1b016a551a0525a82633df1ff7019a1bcc69,3,8310758,True,01_当前主原始数据/earth_search_sentinel2_annual/2022_mosaic/S2A_50SQA_20220503_0_L2A/red.tif,01_当前主原始数据/earth_search_sentinel2_annual/2022_mosaic/S2A_50SQA_20220503_0_L2A/red.tif,01_当前主原始数据,raw
DUP_85b0f16532b9,85b0f16532b95af96fa4ae71510e1b016a551a0525a82633df1ff7019a1bcc69,3,8310758,False,01_当前主原始数据/earth_search_sentinel2_annual/2022_mosaic/S2A_50SQA_20220503_0_L2A/red.tif,02_旧版补充原始数据/earth_search_sentinel2_annual/2022_mosaic/S2A_50SQA_20220503_0_L2A/red.tif,02_旧版补充原始数据,raw
DUP_85b0f16532b9,85b0f16532b95af96fa4ae71510e1b016a551a0525a82633df1ff7019a1bcc69,3,8310758,False,01_当前主原始数据/earth_search_sentinel2_annual/2022_mosaic/S2A_50SQA_20220503_0_L2A/red.tif,05_旧版整理区_混合留存/remote_sensing/earth_search_sentinel2_annual/red_85b0f165.tif,05_旧版整理区_混合留存,raw
DUP_86b8c1d06ffa,86b8c1d06ffaada7391945c43b83f94e34efdf1d622027953db4d9c0801095c0,2,2918158,True,03_THQBCA-V2原始数据集/解压内容/4.Anthropogenic/4.1Landcover/TH_LC_1991.tif,03_THQBCA-V2原始数据集/解压内容/4.Anthropogenic/4.1Landcover/TH_LC_1991.tif,03_THQBCA-V2原始数据集,raw
DUP_86b8c1d06ffa,86b8c1d06ffaada7391945c43b83f94e34efdf1d622027953db4d9c0801095c0,2,2918158,False,03_THQBCA-V2原始数据集/解压内容/4.Anthropogenic/4.1Landcover/TH_LC_1991.tif,05_旧版整理区_混合留存/static_features/thqbca_v2_anthropogenic/TH_LC_1991.tif,05_旧版整理区_混合留存,raw
DUP_86c69974d813,86c69974d81365621a294b52178e2aed76dccdf54b0c2cd6619b535b26127cbc,3,62680380,True,01_当前主原始数据/mee_surface_water_monthly/mee_surface_water_2022-02.pdf,01_当前主原始数据/mee_surface_water_monthly/mee_surface_water_2022-02.pdf,01_当前主原始数据,raw
DUP_86c69974d813,86c69974d81365621a294b52178e2aed76dccdf54b0c2cd6619b535b26127cbc,3,62680380,False,01_当前主原始数据/mee_surface_water_monthly/mee_surface_water_2022-02.pdf,02_旧版补充原始数据/mee_surface_water_monthly/mee_surface_water_2022-02.pdf,02_旧版补充原始数据,raw
DUP_86c69974d813,86c69974d81365621a294b52178e2aed76dccdf54b0c2cd6619b535b26127cbc,3,62680380,False,01_当前主原始数据/mee_surface_water_monthly/mee_surface_water_2022-02.pdf,05_旧版整理区_混合留存/reports/mee_surface_water_monthly/mee_surface_water_2022-02.pdf,05_旧版整理区_混合留存,metadata
DUP_878c56bb4253,878c56bb4253a7c86273dbf5babb0b7093d344f8448d71163b88605860074c16,3,34308015,True,01_当前主原始数据/hydrobasins/hybas_as_lev08_v1c.zip,01_当前主原始数据/hydrobasins/hybas_as_lev08_v1c.zip,01_当前主原始数据,raw
DUP_878c56bb4253,878c56bb4253a7c86273dbf5babb0b7093d344f8448d71163b88605860074c16,3,34308015,False,01_当前主原始数据/hydrobasins/hybas_as_lev08_v1c.zip,02_旧版补充原始数据/hydrobasins/hybas_as_lev08_v1c.zip,02_旧版补充原始数据,raw
DUP_878c56bb4253,878c56bb4253a7c86273dbf5babb0b7093d344f8448d71163b88605860074c16,3,34308015,False,01_当前主原始数据/hydrobasins/hybas_as_lev08_v1c.zip,05_旧版整理区_混合留存/static_features/hydrobasins/hybas_as_lev08_v1c.zip,05_旧版整理区_混合留存,raw
DUP_885b8c77f076,885b8c77f0760ad2a3f6192ad2023382ba69eb33713072e7e1de8729e94e9e1d,2,16876409,True,03_THQBCA-V2原始数据集/解压内容/2.Bio-optics/2.4Chla/TH_Chla_2016.tif,03_THQBCA-V2原始数据集/解压内容/2.Bio-optics/2.4Chla/TH_Chla_2016.tif,03_THQBCA-V2原始数据集,raw
DUP_885b8c77f076,885b8c77f0760ad2a3f6192ad2023382ba69eb33713072e7e1de8729e94e9e1d,2,16876409,False,03_THQBCA-V2原始数据集/解压内容/2.Bio-optics/2.4Chla/TH_Chla_2016.tif,05_旧版整理区_混合留存/remote_sensing/thqbca_v2_biooptics/TH_Chla_2016.tif,05_旧版整理区_混合留存,raw
DUP_88d35f3f6612,88d35f3f6612cc4a46cd171fceb298e0734677d9a5896fb683685bc6e233c7d0,3,1986,True,01_当前主原始数据/meteorology/noaa_gfs/gfs_2026-08-18_18z_f006_taihu_subset.grib2,01_当前主原始数据/meteorology/noaa_gfs/gfs_2026-08-18_18z_f006_taihu_subset.grib2,01_当前主原始数据,raw
DUP_88d35f3f6612,88d35f3f6612cc4a46cd171fceb298e0734677d9a5896fb683685bc6e233c7d0,3,1986,False,01_当前主原始数据/meteorology/noaa_gfs/gfs_2026-08-18_18z_f006_taihu_subset.grib2,02_旧版补充原始数据/meteorology/noaa_gfs/gfs_2026-08-18_18z_f006_taihu_subset.grib2,02_旧版补充原始数据,raw
DUP_88d35f3f6612,88d35f3f6612cc4a46cd171fceb298e0734677d9a5896fb683685bc6e233c7d0,3,1986,False,01_当前主原始数据/meteorology/noaa_gfs/gfs_2026-08-18_18z_f006_taihu_subset.grib2,05_旧版整理区_混合留存/meteorology/noaa_gfs/gfs_2026-08-18_18z_f006_taihu_subset.grib2,05_旧版整理区_混合留存,raw
DUP_89d8e7361c09,89d8e7361c09ad3056f1d2ccc87f1d2c6d6df6c99a05d0599a71a30c734282a3,2,37910,True,02_旧版补充原始数据/lake_geodata_probe/20260818T114642Z_niglas_taihu_phytoplankton.html,02_旧版补充原始数据/lake_geodata_probe/20260818T114642Z_niglas_taihu_phytoplankton.html,02_旧版补充原始数据,raw
DUP_89d8e7361c09,89d8e7361c09ad3056f1d2ccc87f1d2c6d6df6c99a05d0599a71a30c734282a3,2,37910,False,02_旧版补充原始数据/lake_geodata_probe/20260818T114642Z_niglas_taihu_phytoplankton.html,05_旧版整理区_混合留存/unknown/lake_geodata_probes/20260818T114642Z_niglas_taihu_phytoplankton.html,05_旧版整理区_混合留存,raw
DUP_8a03dd2bf2d4,8a03dd2bf2d4f18dfb97a5f1c3f977d0251841cbfc3d1b159c101bcbbb36542b,2,17699837,True,03_THQBCA-V2原始数据集/解压内容/2.Bio-optics/2.3SDD/TH_SDD_1994.tif,03_THQBCA-V2原始数据集/解压内容/2.Bio-optics/2.3SDD/TH_SDD_1994.tif,03_THQBCA-V2原始数据集,raw
DUP_8a03dd2bf2d4,8a03dd2bf2d4f18dfb97a5f1c3f977d0251841cbfc3d1b159c101bcbbb36542b,2,17699837,False,03_THQBCA-V2原始数据集/解压内容/2.Bio-optics/2.3SDD/TH_SDD_1994.tif,05_旧版整理区_混合留存/remote_sensing/thqbca_v2_biooptics/TH_SDD_1994.tif,05_旧版整理区_混合留存,raw
DUP_8af5a95b9ff2,8af5a95b9ff2a1963cd8b871c51947d2a7087c8970e047918be58db653a0b63a,3,1367611,True,01_当前主原始数据/nasa_power_hourly/history_2013.json,01_当前主原始数据/nasa_power_hourly/history_2013.json,01_当前主原始数据,raw
DUP_8af5a95b9ff2,8af5a95b9ff2a1963cd8b871c51947d2a7087c8970e047918be58db653a0b63a,3,1367611,False,01_当前主原始数据/nasa_power_hourly/history_2013.json,02_旧版补充原始数据/nasa_power_hourly/history_2013.json,02_旧版补充原始数据,raw
DUP_8af5a95b9ff2,8af5a95b9ff2a1963cd8b871c51947d2a7087c8970e047918be58db653a0b63a,3,1367611,False,01_当前主原始数据/nasa_power_hourly/history_2013.json,05_旧版整理区_混合留存/meteorology/nasa_power_hourly/history_2013.json,05_旧版整理区_混合留存,raw
DUP_8aff51a1f208,8aff51a1f208bc3328c64453501b1053d3f302d2682e3bc5f9d5861a5a4d70cb,2,3433110,True,03_THQBCA-V2原始数据集/解压内容/2.Bio-optics/2.1AquaticVegetation/TH_vege_2019-08-21.tif,03_THQBCA-V2原始数据集/解压内容/2.Bio-optics/2.1AquaticVegetation/TH_vege_2019-08-21.tif,03_THQBCA-V2原始数据集,raw
DUP_8aff51a1f208,8aff51a1f208bc3328c64453501b1053d3f302d2682e3bc5f9d5861a5a4d70cb,2,3433110,False,03_THQBCA-V2原始数据集/解压内容/2.Bio-optics/2.1AquaticVegetation/TH_vege_2019-08-21.tif,05_旧版整理区_混合留存/remote_sensing/thqbca_v2_biooptics/TH_vege_2019-08-21.tif,05_旧版整理区_混合留存,raw
DUP_8b96d2fbb2f0,8b96d2fbb2f035d39f5196d81fb9c3195204a95dac021751542b547befecfa0e,2,1312072,True,03_THQBCA-V2原始数据集/解压内容/4.Anthropogenic/4.3NTL/TH_NTL_2001.tif,03_THQBCA-V2原始数据集/解压内容/4.Anthropogenic/4.3NTL/TH_NTL_2001.tif,03_THQBCA-V2原始数据集,raw
DUP_8b96d2fbb2f0,8b96d2fbb2f035d39f5196d81fb9c3195204a95dac021751542b547befecfa0e,2,1312072,False,03_THQBCA-V2原始数据集/解压内容/4.Anthropogenic/4.3NTL/TH_NTL_2001.tif,05_旧版整理区_混合留存/static_features/thqbca_v2_anthropogenic/TH_NTL_2001.tif,05_旧版整理区_混合留存,raw
DUP_8bce77014410,8bce7701441061005283264f9d8530b1788b7603611f38f5fb770d4cba2863c4,2,17699837,True,03_THQBCA-V2原始数据集/解压内容/2.Bio-optics/2.5TSI/TH_TSI_2005.tif,03_THQBCA-V2原始数据集/解压内容/2.Bio-optics/2.5TSI/TH_TSI_2005.tif,03_THQBCA-V2原始数据集,raw
DUP_8bce77014410,8bce7701441061005283264f9d8530b1788b7603611f38f5fb770d4cba2863c4,2,17699837,False,03_THQBCA-V2原始数据集/解压内容/2.Bio-optics/2.5TSI/TH_TSI_2005.tif,05_旧版整理区_混合留存/remote_sensing/thqbca_v2_biooptics/TH_TSI_2005.tif,05_旧版整理区_混合留存,raw
DUP_8c8e1ef9f41b,8c8e1ef9f41b7f9ad850a7f7b46ed1ed7a12b4655647df637d8907d2466258fb,3,7631561,True,01_当前主原始数据/meteorology/noaa_gfs/gfs_2026-08-18_18z_f024_subset.grib2,01_当前主原始数据/meteorology/noaa_gfs/gfs_2026-08-18_18z_f024_subset.grib2,01_当前主原始数据,raw
DUP_8c8e1ef9f41b,8c8e1ef9f41b7f9ad850a7f7b46ed1ed7a12b4655647df637d8907d2466258fb,3,7631561,False,01_当前主原始数据/meteorology/noaa_gfs/gfs_2026-08-18_18z_f024_subset.grib2,02_旧版补充原始数据/meteorology/noaa_gfs/gfs_2026-08-18_18z_f024_subset.grib2,02_旧版补充原始数据,raw
DUP_8c8e1ef9f41b,8c8e1ef9f41b7f9ad850a7f7b46ed1ed7a12b4655647df637d8907d2466258fb,3,7631561,False,01_当前主原始数据/meteorology/noaa_gfs/gfs_2026-08-18_18z_f024_subset.grib2,05_旧版整理区_混合留存/meteorology/noaa_gfs/gfs_2026-08-18_18z_f024_subset.grib2,05_旧版整理区_混合留存,raw
DUP_8daeba7c49a9,8daeba7c49a9de34192266c8d3c3cb3f4ddd244dce8c93bdffd20f8ca2defb7d,3,7611644,True,01_当前主原始数据/meteorology/noaa_gfs/gfs_2026-08-18_18z_f018_subset.grib2,01_当前主原始数据/meteorology/noaa_gfs/gfs_2026-08-18_18z_f018_subset.grib2,01_当前主原始数据,raw
DUP_8daeba7c49a9,8daeba7c49a9de34192266c8d3c3cb3f4ddd244dce8c93bdffd20f8ca2defb7d,3,7611644,False,01_当前主原始数据/meteorology/noaa_gfs/gfs_2026-08-18_18z_f018_subset.grib2,02_旧版补充原始数据/meteorology/noaa_gfs/gfs_2026-08-18_18z_f018_subset.grib2,02_旧版补充原始数据,raw
DUP_8daeba7c49a9,8daeba7c49a9de34192266c8d3c3cb3f4ddd244dce8c93bdffd20f8ca2defb7d,3,7611644,False,01_当前主原始数据/meteorology/noaa_gfs/gfs_2026-08-18_18z_f018_subset.grib2,05_旧版整理区_混合留存/meteorology/noaa_gfs/gfs_2026-08-18_18z_f018_subset.grib2,05_旧版整理区_混合留存,raw
DUP_8f15f6152ca2,8f15f6152ca2a5bcf343a8d1ac094f2b0c36e9f1746003bc00df1f65d0bfd012,2,17699837,True,03_THQBCA-V2原始数据集/解压内容/2.Bio-optics/2.3SDD/TH_SDD_2008.tif,03_THQBCA-V2原始数据集/解压内容/2.Bio-optics/2.3SDD/TH_SDD_2008.tif,03_THQBCA-V2原始数据集,raw
DUP_8f15f6152ca2,8f15f6152ca2a5bcf343a8d1ac094f2b0c36e9f1746003bc00df1f65d0bfd012,2,17699837,False,03_THQBCA-V2原始数据集/解压内容/2.Bio-optics/2.3SDD/TH_SDD_2008.tif,05_旧版整理区_混合留存/remote_sensing/thqbca_v2_biooptics/TH_SDD_2008.tif,05_旧版整理区_混合留存,raw
DUP_8f8c800d47e5,8f8c800d47e5bdc8ae6f33ddc4bd2e50ea2c59ecdaae13b7824085138e135057,3,316476,True,01_当前主原始数据/earth_search_sentinel2_annual/2022/S2A_51STR_20221010_0_L2A/scl.tif,01_当前主原始数据/earth_search_sentinel2_annual/2022/S2A_51STR_20221010_0_L2A/scl.tif,01_当前主原始数据,raw
DUP_8f8c800d47e5,8f8c800d47e5bdc8ae6f33ddc4bd2e50ea2c59ecdaae13b7824085138e135057,3,316476,False,01_当前主原始数据/earth_search_sentinel2_annual/2022/S2A_51STR_20221010_0_L2A/scl.tif,02_旧版补充原始数据/earth_search_sentinel2_annual/2022/S2A_51STR_20221010_0_L2A/scl.tif,02_旧版补充原始数据,raw
DUP_8f8c800d47e5,8f8c800d47e5bdc8ae6f33ddc4bd2e50ea2c59ecdaae13b7824085138e135057,3,316476,False,01_当前主原始数据/earth_search_sentinel2_annual/2022/S2A_51STR_20221010_0_L2A/scl.tif,05_旧版整理区_混合留存/remote_sensing/earth_search_sentinel2_annual/scl_8f8c800d.tif,05_旧版整理区_混合留存,raw
DUP_903c91430947,903c91430947f7ea7d5d886c778d8414ddd07629e11a23ba66b468baee4786ad,3,1368681,True,01_当前主原始数据/nasa_power_hourly/history_2018.json,01_当前主原始数据/nasa_power_hourly/history_2018.json,01_当前主原始数据,raw
DUP_903c91430947,903c91430947f7ea7d5d886c778d8414ddd07629e11a23ba66b468baee4786ad,3,1368681,False,01_当前主原始数据/nasa_power_hourly/history_2018.json,02_旧版补充原始数据/nasa_power_hourly/history_2018.json,02_旧版补充原始数据,raw
DUP_903c91430947,903c91430947f7ea7d5d886c778d8414ddd07629e11a23ba66b468baee4786ad,3,1368681,False,01_当前主原始数据/nasa_power_hourly/history_2018.json,05_旧版整理区_混合留存/meteorology/nasa_power_hourly/history_2018.json,05_旧版整理区_混合留存,raw
DUP_91066a013df4,91066a013df499712928d95f25f20b5c61f047ddae25e38bcae1216535108896,2,3229377,True,03_THQBCA-V2原始数据集/解压内容/4.Anthropogenic/4.1Landcover/TH_LC_1999.tif,03_THQBCA-V2原始数据集/解压内容/4.Anthropogenic/4.1Landcover/TH_LC_1999.tif,03_THQBCA-V2原始数据集,raw
DUP_91066a013df4,91066a013df499712928d95f25f20b5c61f047ddae25e38bcae1216535108896,2,3229377,False,03_THQBCA-V2原始数据集/解压内容/4.Anthropogenic/4.1Landcover/TH_LC_1999.tif,05_旧版整理区_混合留存/static_features/thqbca_v2_anthropogenic/TH_LC_1999.tif,05_旧版整理区_混合留存,raw
DUP_929b54f8bb3a,929b54f8bb3a51910e4a6b4ac9f052a607245fd0e43a0846b5501663d18af010,3,47859448,True,01_当前主原始数据/static_geo/copernicus_dem_glo30/Copernicus_DSM_COG_10_N30_00_E120_00_DEM.tif,01_当前主原始数据/static_geo/copernicus_dem_glo30/Copernicus_DSM_COG_10_N30_00_E120_00_DEM.tif,01_当前主原始数据,raw
DUP_929b54f8bb3a,929b54f8bb3a51910e4a6b4ac9f052a607245fd0e43a0846b5501663d18af010,3,47859448,False,01_当前主原始数据/static_geo/copernicus_dem_glo30/Copernicus_DSM_COG_10_N30_00_E120_00_DEM.tif,02_旧版补充原始数据/static_geo/copernicus_dem_glo30/Copernicus_DSM_COG_10_N30_00_E120_00_DEM.tif,02_旧版补充原始数据,raw
DUP_929b54f8bb3a,929b54f8bb3a51910e4a6b4ac9f052a607245fd0e43a0846b5501663d18af010,3,47859448,False,01_当前主原始数据/static_geo/copernicus_dem_glo30/Copernicus_DSM_COG_10_N30_00_E120_00_DEM.tif,05_旧版整理区_混合留存/static_features/copernicus_dem_glo30/Copernicus_DSM_COG_10_N30_00_E120_00_DEM.tif,05_旧版整理区_混合留存,raw
DUP_92fbaa6a401b,92fbaa6a401b2e7c97680f9c25525837b0c2ead1cb1acbe1fe8f6cff13a2ac97,3,92430229,True,01_当前主原始数据/mee_surface_water_monthly/mee_surface_water_2022-08.pdf,01_当前主原始数据/mee_surface_water_monthly/mee_surface_water_2022-08.pdf,01_当前主原始数据,raw
DUP_92fbaa6a401b,92fbaa6a401b2e7c97680f9c25525837b0c2ead1cb1acbe1fe8f6cff13a2ac97,3,92430229,False,01_当前主原始数据/mee_surface_water_monthly/mee_surface_water_2022-08.pdf,02_旧版补充原始数据/mee_surface_water_monthly/mee_surface_water_2022-08.pdf,02_旧版补充原始数据,raw
DUP_92fbaa6a401b,92fbaa6a401b2e7c97680f9c25525837b0c2ead1cb1acbe1fe8f6cff13a2ac97,3,92430229,False,01_当前主原始数据/mee_surface_water_monthly/mee_surface_water_2022-08.pdf,05_旧版整理区_混合留存/reports/mee_surface_water_monthly/mee_surface_water_2022-08.pdf,05_旧版整理区_混合留存,metadata
DUP_94249e0141e3,94249e0141e33d4d64c15bc105124d92892b8b1afb6cf07339e321f97422c439,2,3433110,True,03_THQBCA-V2原始数据集/解压内容/2.Bio-optics/2.1AquaticVegetation/TH_vege_2003-07-24.tif,03_THQBCA-V2原始数据集/解压内容/2.Bio-optics/2.1AquaticVegetation/TH_vege_2003-07-24.tif,03_THQBCA-V2原始数据集,raw
DUP_94249e0141e3,94249e0141e33d4d64c15bc105124d92892b8b1afb6cf07339e321f97422c439,2,3433110,False,03_THQBCA-V2原始数据集/解压内容/2.Bio-optics/2.1AquaticVegetation/TH_vege_2003-07-24.tif,05_旧版整理区_混合留存/remote_sensing/thqbca_v2_biooptics/TH_vege_2003-07-24.tif,05_旧版整理区_混合留存,raw
DUP_94e6f7f60cc7,94e6f7f60cc7ae4a3b62d0a88e7d72394996ff94a6fbbdc11b1ad2c1662fd388,2,38546825,True,03_THQBCA-V2原始数据集/解压内容/4.Anthropogenic/4.2POPD/TH_POPD_2004.tif,03_THQBCA-V2原始数据集/解压内容/4.Anthropogenic/4.2POPD/TH_POPD_2004.tif,03_THQBCA-V2原始数据集,raw
DUP_94e6f7f60cc7,94e6f7f60cc7ae4a3b62d0a88e7d72394996ff94a6fbbdc11b1ad2c1662fd388,2,38546825,False,03_THQBCA-V2原始数据集/解压内容/4.Anthropogenic/4.2POPD/TH_POPD_2004.tif,05_旧版整理区_混合留存/static_features/thqbca_v2_anthropogenic/TH_POPD_2004.tif,05_旧版整理区_混合留存,raw
DUP_94ea349df22d,94ea349df22d83961ffe0b30a23c05d5dea31c73b3c382250353eeab79db63d5,2,16876409,True,03_THQBCA-V2原始数据集/解压内容/2.Bio-optics/2.4Chla/TH_Chla_2004.tif,03_THQBCA-V2原始数据集/解压内容/2.Bio-optics/2.4Chla/TH_Chla_2004.tif,03_THQBCA-V2原始数据集,raw
DUP_94ea349df22d,94ea349df22d83961ffe0b30a23c05d5dea31c73b3c382250353eeab79db63d5,2,16876409,False,03_THQBCA-V2原始数据集/解压内容/2.Bio-optics/2.4Chla/TH_Chla_2004.tif,05_旧版整理区_混合留存/remote_sensing/thqbca_v2_biooptics/TH_Chla_2004.tif,05_旧版整理区_混合留存,raw
DUP_960bd06fb717,960bd06fb717cddfb569a4360bc7291239075ec6795e12fa38805144fe5a3df9,3,7253,True,01_当前主原始数据/taihu_thqbca_zenodo/20260818T091243Z.json,01_当前主原始数据/taihu_thqbca_zenodo/20260818T091243Z.json,01_当前主原始数据,raw
DUP_960bd06fb717,960bd06fb717cddfb569a4360bc7291239075ec6795e12fa38805144fe5a3df9,3,7253,False,01_当前主原始数据/taihu_thqbca_zenodo/20260818T091243Z.json,02_旧版补充原始数据/taihu_thqbca_zenodo/20260818T091243Z.json,02_旧版补充原始数据,raw
DUP_960bd06fb717,960bd06fb717cddfb569a4360bc7291239075ec6795e12fa38805144fe5a3df9,3,7253,False,01_当前主原始数据/taihu_thqbca_zenodo/20260818T091243Z.json,05_旧版整理区_混合留存/water_quality/taihu_thqbca_v2/20260818T091243Z.json,05_旧版整理区_混合留存,raw
DUP_963ec38660f5,963ec38660f5e5951131b106f4893fbde1e008483d658f97851cb5d6b6b7af8f,3,1989,True,01_当前主原始数据/meteorology/noaa_gfs/gfs_2026-08-18_18z_f048_taihu_subset.grib2,01_当前主原始数据/meteorology/noaa_gfs/gfs_2026-08-18_18z_f048_taihu_subset.grib2,01_当前主原始数据,raw
DUP_963ec38660f5,963ec38660f5e5951131b106f4893fbde1e008483d658f97851cb5d6b6b7af8f,3,1989,False,01_当前主原始数据/meteorology/noaa_gfs/gfs_2026-08-18_18z_f048_taihu_subset.grib2,02_旧版补充原始数据/meteorology/noaa_gfs/gfs_2026-08-18_18z_f048_taihu_subset.grib2,02_旧版补充原始数据,raw
DUP_963ec38660f5,963ec38660f5e5951131b106f4893fbde1e008483d658f97851cb5d6b6b7af8f,3,1989,False,01_当前主原始数据/meteorology/noaa_gfs/gfs_2026-08-18_18z_f048_taihu_subset.grib2,05_旧版整理区_混合留存/meteorology/noaa_gfs/gfs_2026-08-18_18z_f048_taihu_subset.grib2,05_旧版整理区_混合留存,raw
DUP_964e22b330ec,964e22b330ec75948217dd82caf8cef33f7473d114834003ee198adb80043380,2,4072080,True,03_THQBCA-V2原始数据集/解压内容/4.Anthropogenic/4.1Landcover/TH_LC_2015.tif,03_THQBCA-V2原始数据集/解压内容/4.Anthropogenic/4.1Landcover/TH_LC_2015.tif,03_THQBCA-V2原始数据集,raw
DUP_964e22b330ec,964e22b330ec75948217dd82caf8cef33f7473d114834003ee198adb80043380,2,4072080,False,03_THQBCA-V2原始数据集/解压内容/4.Anthropogenic/4.1Landcover/TH_LC_2015.tif,05_旧版整理区_混合留存/static_features/thqbca_v2_anthropogenic/TH_LC_2015.tif,05_旧版整理区_混合留存,raw
DUP_975137603932,9751376039320bf6b68e2fa9e857782221f51a016bae4fb754ffe5da708d7c93,2,16876409,True,03_THQBCA-V2原始数据集/解压内容/2.Bio-optics/2.4Chla/TH_Chla_2010.tif,03_THQBCA-V2原始数据集/解压内容/2.Bio-optics/2.4Chla/TH_Chla_2010.tif,03_THQBCA-V2原始数据集,raw
DUP_975137603932,9751376039320bf6b68e2fa9e857782221f51a016bae4fb754ffe5da708d7c93,2,16876409,False,03_THQBCA-V2原始数据集/解压内容/2.Bio-optics/2.4Chla/TH_Chla_2010.tif,05_旧版整理区_混合留存/remote_sensing/thqbca_v2_biooptics/TH_Chla_2010.tif,05_旧版整理区_混合留存,raw
DUP_982182fcf636,982182fcf636258f6d891a82e86225e1104816e95c6394b80c9ab568c4aca612,3,1368627,True,01_当前主原始数据/nasa_power_hourly/history_2023.json,01_当前主原始数据/nasa_power_hourly/history_2023.json,01_当前主原始数据,raw
DUP_982182fcf636,982182fcf636258f6d891a82e86225e1104816e95c6394b80c9ab568c4aca612,3,1368627,False,01_当前主原始数据/nasa_power_hourly/history_2023.json,02_旧版补充原始数据/nasa_power_hourly/history_2023.json,02_旧版补充原始数据,raw
DUP_982182fcf636,982182fcf636258f6d891a82e86225e1104816e95c6394b80c9ab568c4aca612,3,1368627,False,01_当前主原始数据/nasa_power_hourly/history_2023.json,05_旧版整理区_混合留存/meteorology/nasa_power_hourly/history_2023.json,05_旧版整理区_混合留存,raw
DUP_98f1724234d9,98f1724234d92cb9f7b30644d56d9a3c51771b87586b5c1674e659482209492a,2,17699837,True,03_THQBCA-V2原始数据集/解压内容/2.Bio-optics/2.5TSI/TH_TSI_2004.tif,03_THQBCA-V2原始数据集/解压内容/2.Bio-optics/2.5TSI/TH_TSI_2004.tif,03_THQBCA-V2原始数据集,raw
DUP_98f1724234d9,98f1724234d92cb9f7b30644d56d9a3c51771b87586b5c1674e659482209492a,2,17699837,False,03_THQBCA-V2原始数据集/解压内容/2.Bio-optics/2.5TSI/TH_TSI_2004.tif,05_旧版整理区_混合留存/remote_sensing/thqbca_v2_biooptics/TH_TSI_2004.tif,05_旧版整理区_混合留存,raw
DUP_99d2d217e158,99d2d217e15864440a9fa28a82759f49493c73ef5e8ce8bf1009279d9e5d565d,3,60598150,True,01_当前主原始数据/mee_surface_water_monthly/mee_surface_water_2022-03.pdf,01_当前主原始数据/mee_surface_water_monthly/mee_surface_water_2022-03.pdf,01_当前主原始数据,raw
DUP_99d2d217e158,99d2d217e15864440a9fa28a82759f49493c73ef5e8ce8bf1009279d9e5d565d,3,60598150,False,01_当前主原始数据/mee_surface_water_monthly/mee_surface_water_2022-03.pdf,02_旧版补充原始数据/mee_surface_water_monthly/mee_surface_water_2022-03.pdf,02_旧版补充原始数据,raw
DUP_99d2d217e158,99d2d217e15864440a9fa28a82759f49493c73ef5e8ce8bf1009279d9e5d565d,3,60598150,False,01_当前主原始数据/mee_surface_water_monthly/mee_surface_water_2022-03.pdf,05_旧版整理区_混合留存/reports/mee_surface_water_monthly/mee_surface_water_2022-03.pdf,05_旧版整理区_混合留存,metadata
DUP_9a8f5720819f,9a8f5720819f197227db92b4f2abadb5dcc7ab14652f07c0ce02d59611feab5c,3,40599423,True,01_当前主原始数据/static_geo/copernicus_dem_glo30/Copernicus_DSM_COG_10_N31_00_E120_00_DEM.tif,01_当前主原始数据/static_geo/copernicus_dem_glo30/Copernicus_DSM_COG_10_N31_00_E120_00_DEM.tif,01_当前主原始数据,raw
DUP_9a8f5720819f,9a8f5720819f197227db92b4f2abadb5dcc7ab14652f07c0ce02d59611feab5c,3,40599423,False,01_当前主原始数据/static_geo/copernicus_dem_glo30/Copernicus_DSM_COG_10_N31_00_E120_00_DEM.tif,02_旧版补充原始数据/static_geo/copernicus_dem_glo30/Copernicus_DSM_COG_10_N31_00_E120_00_DEM.tif,02_旧版补充原始数据,raw
DUP_9a8f5720819f,9a8f5720819f197227db92b4f2abadb5dcc7ab14652f07c0ce02d59611feab5c,3,40599423,False,01_当前主原始数据/static_geo/copernicus_dem_glo30/Copernicus_DSM_COG_10_N31_00_E120_00_DEM.tif,05_旧版整理区_混合留存/static_features/copernicus_dem_glo30/Copernicus_DSM_COG_10_N31_00_E120_00_DEM.tif,05_旧版整理区_混合留存,raw
DUP_9aab7d046117,9aab7d0461177f05021b0004b56c7224a63258d595c063bbc963a06e2c5672c9,2,16876409,True,03_THQBCA-V2原始数据集/解压内容/2.Bio-optics/2.4Chla/TH_Chla_2014.tif,03_THQBCA-V2原始数据集/解压内容/2.Bio-optics/2.4Chla/TH_Chla_2014.tif,03_THQBCA-V2原始数据集,raw
DUP_9aab7d046117,9aab7d0461177f05021b0004b56c7224a63258d595c063bbc963a06e2c5672c9,2,16876409,False,03_THQBCA-V2原始数据集/解压内容/2.Bio-optics/2.4Chla/TH_Chla_2014.tif,05_旧版整理区_混合留存/remote_sensing/thqbca_v2_biooptics/TH_Chla_2014.tif,05_旧版整理区_混合留存,raw
DUP_9abb21fdf091,9abb21fdf091b371ea6879e30472bde0172061dbd7d437b12765afb70450c033,2,4043534,True,03_THQBCA-V2原始数据集/解压内容/4.Anthropogenic/4.1Landcover/TH_LC_2018.tif,03_THQBCA-V2原始数据集/解压内容/4.Anthropogenic/4.1Landcover/TH_LC_2018.tif,03_THQBCA-V2原始数据集,raw
DUP_9abb21fdf091,9abb21fdf091b371ea6879e30472bde0172061dbd7d437b12765afb70450c033,2,4043534,False,03_THQBCA-V2原始数据集/解压内容/4.Anthropogenic/4.1Landcover/TH_LC_2018.tif,05_旧版整理区_混合留存/static_features/thqbca_v2_anthropogenic/TH_LC_2018.tif,05_旧版整理区_混合留存,raw
DUP_9b51dc8a150e,9b51dc8a150ec02dfe9afa7dc479790afe15f3d7df3bd817f3a68c70b1fc4e1e,2,16876409,True,03_THQBCA-V2原始数据集/解压内容/2.Bio-optics/2.4Chla/TH_Chla_2012.tif,03_THQBCA-V2原始数据集/解压内容/2.Bio-optics/2.4Chla/TH_Chla_2012.tif,03_THQBCA-V2原始数据集,raw
DUP_9b51dc8a150e,9b51dc8a150ec02dfe9afa7dc479790afe15f3d7df3bd817f3a68c70b1fc4e1e,2,16876409,False,03_THQBCA-V2原始数据集/解压内容/2.Bio-optics/2.4Chla/TH_Chla_2012.tif,05_旧版整理区_混合留存/remote_sensing/thqbca_v2_biooptics/TH_Chla_2012.tif,05_旧版整理区_混合留存,raw
DUP_9b6ba19ad976,9b6ba19ad9766f88e6fffc7b51ac4c27d2ec8988e4dcebe34b2e8ea7243a3b33,3,26399367,True,01_当前主原始数据/earth_search_sentinel2_annual/2022_mosaic/S2A_51RTQ_20220503_0_L2A/swir16.tif,01_当前主原始数据/earth_search_sentinel2_annual/2022_mosaic/S2A_51RTQ_20220503_0_L2A/swir16.tif,01_当前主原始数据,raw
DUP_9b6ba19ad976,9b6ba19ad9766f88e6fffc7b51ac4c27d2ec8988e4dcebe34b2e8ea7243a3b33,3,26399367,False,01_当前主原始数据/earth_search_sentinel2_annual/2022_mosaic/S2A_51RTQ_20220503_0_L2A/swir16.tif,02_旧版补充原始数据/earth_search_sentinel2_annual/2022_mosaic/S2A_51RTQ_20220503_0_L2A/swir16.tif,02_旧版补充原始数据,raw
DUP_9b6ba19ad976,9b6ba19ad9766f88e6fffc7b51ac4c27d2ec8988e4dcebe34b2e8ea7243a3b33,3,26399367,False,01_当前主原始数据/earth_search_sentinel2_annual/2022_mosaic/S2A_51RTQ_20220503_0_L2A/swir16.tif,05_旧版整理区_混合留存/remote_sensing/earth_search_sentinel2_annual/swir16_9b6ba19a.tif,05_旧版整理区_混合留存,raw
DUP_9bb468b93746,9bb468b937467f2cb41d57b84809999e3c3b1139b87c9a07cdd703eba4fda498,3,1372775,True,01_当前主原始数据/nasa_power_hourly/history_2016.json,01_当前主原始数据/nasa_power_hourly/history_2016.json,01_当前主原始数据,raw
DUP_9bb468b93746,9bb468b937467f2cb41d57b84809999e3c3b1139b87c9a07cdd703eba4fda498,3,1372775,False,01_当前主原始数据/nasa_power_hourly/history_2016.json,02_旧版补充原始数据/nasa_power_hourly/history_2016.json,02_旧版补充原始数据,raw
DUP_9bb468b93746,9bb468b937467f2cb41d57b84809999e3c3b1139b87c9a07cdd703eba4fda498,3,1372775,False,01_当前主原始数据/nasa_power_hourly/history_2016.json,05_旧版整理区_混合留存/meteorology/nasa_power_hourly/history_2016.json,05_旧版整理区_混合留存,raw
DUP_9be59b2dbfb5,9be59b2dbfb5141fb5339a029346b9b205b85e6d340e4fc4a24e555e2b96f8da,2,17699837,True,03_THQBCA-V2原始数据集/解压内容/2.Bio-optics/2.5TSI/TH_TSI_1987.tif,03_THQBCA-V2原始数据集/解压内容/2.Bio-optics/2.5TSI/TH_TSI_1987.tif,03_THQBCA-V2原始数据集,raw
DUP_9be59b2dbfb5,9be59b2dbfb5141fb5339a029346b9b205b85e6d340e4fc4a24e555e2b96f8da,2,17699837,False,03_THQBCA-V2原始数据集/解压内容/2.Bio-optics/2.5TSI/TH_TSI_1987.tif,05_旧版整理区_混合留存/remote_sensing/thqbca_v2_biooptics/TH_TSI_1987.tif,05_旧版整理区_混合留存,raw
DUP_9d0e33ede417,9d0e33ede417cc3d1dead6968f358faedba86c5ddc796b40aec2ae2cf8fb0837,2,1312070,True,03_THQBCA-V2原始数据集/解压内容/4.Anthropogenic/4.3NTL/TH_NTL_2014.tif,03_THQBCA-V2原始数据集/解压内容/4.Anthropogenic/4.3NTL/TH_NTL_2014.tif,03_THQBCA-V2原始数据集,raw
DUP_9d0e33ede417,9d0e33ede417cc3d1dead6968f358faedba86c5ddc796b40aec2ae2cf8fb0837,2,1312070,False,03_THQBCA-V2原始数据集/解压内容/4.Anthropogenic/4.3NTL/TH_NTL_2014.tif,05_旧版整理区_混合留存/static_features/thqbca_v2_anthropogenic/TH_NTL_2014.tif,05_旧版整理区_混合留存,raw
DUP_9d9fa3c64a57,9d9fa3c64a578015a9c47959253ea5d148f5e8ef7e3ecaaac13a36205a1a7f00,2,16876409,True,03_THQBCA-V2原始数据集/解压内容/2.Bio-optics/2.4Chla/TH_Chla_1997.tif,03_THQBCA-V2原始数据集/解压内容/2.Bio-optics/2.4Chla/TH_Chla_1997.tif,03_THQBCA-V2原始数据集,raw
DUP_9d9fa3c64a57,9d9fa3c64a578015a9c47959253ea5d148f5e8ef7e3ecaaac13a36205a1a7f00,2,16876409,False,03_THQBCA-V2原始数据集/解压内容/2.Bio-optics/2.4Chla/TH_Chla_1997.tif,05_旧版整理区_混合留存/remote_sensing/thqbca_v2_biooptics/TH_Chla_1997.tif,05_旧版整理区_混合留存,raw
DUP_9e16362dd837,9e16362dd837f9b9b5743c1118a4bfd2718b048e060ba78b9d05bc4dbf1e0575,2,3969830,True,03_THQBCA-V2原始数据集/解压内容/4.Anthropogenic/4.1Landcover/TH_LC_2011.tif,03_THQBCA-V2原始数据集/解压内容/4.Anthropogenic/4.1Landcover/TH_LC_2011.tif,03_THQBCA-V2原始数据集,raw
DUP_9e16362dd837,9e16362dd837f9b9b5743c1118a4bfd2718b048e060ba78b9d05bc4dbf1e0575,2,3969830,False,03_THQBCA-V2原始数据集/解压内容/4.Anthropogenic/4.1Landcover/TH_LC_2011.tif,05_旧版整理区_混合留存/static_features/thqbca_v2_anthropogenic/TH_LC_2011.tif,05_旧版整理区_混合留存,raw
DUP_9fab8ff838f3,9fab8ff838f3e441fa3436ee2cc677b037d86e3ac9374a15d6bd12872efb4769,2,4057438,True,03_THQBCA-V2原始数据集/解压内容/4.Anthropogenic/4.1Landcover/TH_LC_2014.tif,03_THQBCA-V2原始数据集/解压内容/4.Anthropogenic/4.1Landcover/TH_LC_2014.tif,03_THQBCA-V2原始数据集,raw
DUP_9fab8ff838f3,9fab8ff838f3e441fa3436ee2cc677b037d86e3ac9374a15d6bd12872efb4769,2,4057438,False,03_THQBCA-V2原始数据集/解压内容/4.Anthropogenic/4.1Landcover/TH_LC_2014.tif,05_旧版整理区_混合留存/static_features/thqbca_v2_anthropogenic/TH_LC_2014.tif,05_旧版整理区_混合留存,raw
DUP_a02a27b1d198,a02a27b1d1982c8516d83398e85a3c8b1aef1713c13ef4d84d7bde17430c07c4,3,145,True,01_当前主原始数据/geo/hydrolakes/asia/HydroLAKES_Asia.prj,01_当前主原始数据/geo/hydrolakes/asia/HydroLAKES_Asia.prj,01_当前主原始数据,raw
DUP_a02a27b1d198,a02a27b1d1982c8516d83398e85a3c8b1aef1713c13ef4d84d7bde17430c07c4,3,145,False,01_当前主原始数据/geo/hydrolakes/asia/HydroLAKES_Asia.prj,02_旧版补充原始数据/geo/hydrolakes/asia/HydroLAKES_Asia.prj,02_旧版补充原始数据,raw
DUP_a02a27b1d198,a02a27b1d1982c8516d83398e85a3c8b1aef1713c13ef4d84d7bde17430c07c4,3,145,False,01_当前主原始数据/geo/hydrolakes/asia/HydroLAKES_Asia.prj,05_旧版整理区_混合留存/static_features/hydrolakes/HydroLAKES_Asia.prj,05_旧版整理区_混合留存,raw
DUP_a2d5e8d43391,a2d5e8d43391ac84f9edeedc6966d1769f688945c449dfc63f6309f784605e5b,3,99869781,True,01_当前主原始数据/mee_surface_water_monthly/mee_surface_water_2023-08.pdf,01_当前主原始数据/mee_surface_water_monthly/mee_surface_water_2023-08.pdf,01_当前主原始数据,raw
DUP_a2d5e8d43391,a2d5e8d43391ac84f9edeedc6966d1769f688945c449dfc63f6309f784605e5b,3,99869781,False,01_当前主原始数据/mee_surface_water_monthly/mee_surface_water_2023-08.pdf,02_旧版补充原始数据/mee_surface_water_monthly/mee_surface_water_2023-08.pdf,02_旧版补充原始数据,raw
DUP_a2d5e8d43391,a2d5e8d43391ac84f9edeedc6966d1769f688945c449dfc63f6309f784605e5b,3,99869781,False,01_当前主原始数据/mee_surface_water_monthly/mee_surface_water_2023-08.pdf,05_旧版整理区_混合留存/reports/mee_surface_water_monthly/mee_surface_water_2023-08.pdf,05_旧版整理区_混合留存,metadata
DUP_a32d6b780be3,a32d6b780be347b50f9f14b7bcb9234f0ecb0c3377c49c882460666116782e44,2,16876409,True,03_THQBCA-V2原始数据集/解压内容/2.Bio-optics/2.4Chla/TH_Chla_1990.tif,03_THQBCA-V2原始数据集/解压内容/2.Bio-optics/2.4Chla/TH_Chla_1990.tif,03_THQBCA-V2原始数据集,raw
DUP_a32d6b780be3,a32d6b780be347b50f9f14b7bcb9234f0ecb0c3377c49c882460666116782e44,2,16876409,False,03_THQBCA-V2原始数据集/解压内容/2.Bio-optics/2.4Chla/TH_Chla_1990.tif,05_旧版整理区_混合留存/remote_sensing/thqbca_v2_biooptics/TH_Chla_1990.tif,05_旧版整理区_混合留存,raw
DUP_a6155d45757e,a6155d45757ea4d60e0a5b2011c54255482b68599fbc12a8b98fb7e535bb13c3,3,1371542,True,01_当前主原始数据/nasa_power_hourly/history_2012.json,01_当前主原始数据/nasa_power_hourly/history_2012.json,01_当前主原始数据,raw
DUP_a6155d45757e,a6155d45757ea4d60e0a5b2011c54255482b68599fbc12a8b98fb7e535bb13c3,3,1371542,False,01_当前主原始数据/nasa_power_hourly/history_2012.json,02_旧版补充原始数据/nasa_power_hourly/history_2012.json,02_旧版补充原始数据,raw
DUP_a6155d45757e,a6155d45757ea4d60e0a5b2011c54255482b68599fbc12a8b98fb7e535bb13c3,3,1371542,False,01_当前主原始数据/nasa_power_hourly/history_2012.json,05_旧版整理区_混合留存/meteorology/nasa_power_hourly/history_2012.json,05_旧版整理区_混合留存,raw
DUP_a63b7205017e,a63b7205017e03b4098acfed68915ba717d38d6c739dd8cf7458273da3de6ffc,2,16876409,True,03_THQBCA-V2原始数据集/解压内容/2.Bio-optics/2.4Chla/TH_Chla_1992.tif,03_THQBCA-V2原始数据集/解压内容/2.Bio-optics/2.4Chla/TH_Chla_1992.tif,03_THQBCA-V2原始数据集,raw
DUP_a63b7205017e,a63b7205017e03b4098acfed68915ba717d38d6c739dd8cf7458273da3de6ffc,2,16876409,False,03_THQBCA-V2原始数据集/解压内容/2.Bio-optics/2.4Chla/TH_Chla_1992.tif,05_旧版整理区_混合留存/remote_sensing/thqbca_v2_biooptics/TH_Chla_1992.tif,05_旧版整理区_混合留存,raw
DUP_a68488b16a04,a68488b16a0470336941967aa7870d61a0ab36fced78c574c06ca7908e7cc995,2,17699837,True,03_THQBCA-V2原始数据集/解压内容/2.Bio-optics/2.5TSI/TH_TSI_2014.tif,03_THQBCA-V2原始数据集/解压内容/2.Bio-optics/2.5TSI/TH_TSI_2014.tif,03_THQBCA-V2原始数据集,raw
DUP_a68488b16a04,a68488b16a0470336941967aa7870d61a0ab36fced78c574c06ca7908e7cc995,2,17699837,False,03_THQBCA-V2原始数据集/解压内容/2.Bio-optics/2.5TSI/TH_TSI_2014.tif,05_旧版整理区_混合留存/remote_sensing/thqbca_v2_biooptics/TH_TSI_2014.tif,05_旧版整理区_混合留存,raw
DUP_a694ed29a21f,a694ed29a21f7dffa23a6063792595b8bc18c884f3a32811016f78945d8ff37d,2,17699837,True,03_THQBCA-V2原始数据集/解压内容/2.Bio-optics/2.3SDD/TH_SDD_2020.tif,03_THQBCA-V2原始数据集/解压内容/2.Bio-optics/2.3SDD/TH_SDD_2020.tif,03_THQBCA-V2原始数据集,raw
DUP_a694ed29a21f,a694ed29a21f7dffa23a6063792595b8bc18c884f3a32811016f78945d8ff37d,2,17699837,False,03_THQBCA-V2原始数据集/解压内容/2.Bio-optics/2.3SDD/TH_SDD_2020.tif,05_旧版整理区_混合留存/remote_sensing/thqbca_v2_biooptics/TH_SDD_2020.tif,05_旧版整理区_混合留存,raw
DUP_a717365377e0,a717365377e0b8f17c5d6c946c6ff1d9d6caced0805a9ed0153cf344be5e6bf2,2,16876409,True,03_THQBCA-V2原始数据集/解压内容/2.Bio-optics/2.4Chla/TH_Chla_2013.tif,03_THQBCA-V2原始数据集/解压内容/2.Bio-optics/2.4Chla/TH_Chla_2013.tif,03_THQBCA-V2原始数据集,raw
DUP_a717365377e0,a717365377e0b8f17c5d6c946c6ff1d9d6caced0805a9ed0153cf344be5e6bf2,2,16876409,False,03_THQBCA-V2原始数据集/解压内容/2.Bio-optics/2.4Chla/TH_Chla_2013.tif,05_旧版整理区_混合留存/remote_sensing/thqbca_v2_biooptics/TH_Chla_2013.tif,05_旧版整理区_混合留存,raw
DUP_a7e8b3313158,a7e8b3313158c57c273e2ebb3ff31425463a81cb060b22e4214f4d81c795fe2b,4,1431600,True,01_当前主原始数据/taihu_thqbca_zenodo/extracted/THQBCA-V2/3.Climate/3.Climate.xlsx,01_当前主原始数据/taihu_thqbca_zenodo/extracted/THQBCA-V2/3.Climate/3.Climate.xlsx,01_当前主原始数据,raw
DUP_a7e8b3313158,a7e8b3313158c57c273e2ebb3ff31425463a81cb060b22e4214f4d81c795fe2b,4,1431600,False,01_当前主原始数据/taihu_thqbca_zenodo/extracted/THQBCA-V2/3.Climate/3.Climate.xlsx,02_旧版补充原始数据/taihu_thqbca_zenodo/extracted/THQBCA-V2/3.Climate/3.Climate.xlsx,02_旧版补充原始数据,raw
DUP_a7e8b3313158,a7e8b3313158c57c273e2ebb3ff31425463a81cb060b22e4214f4d81c795fe2b,4,1431600,False,01_当前主原始数据/taihu_thqbca_zenodo/extracted/THQBCA-V2/3.Climate/3.Climate.xlsx,03_THQBCA-V2原始数据集/解压内容/3.Climate/3.Climate.xlsx,03_THQBCA-V2原始数据集,raw
DUP_a7e8b3313158,a7e8b3313158c57c273e2ebb3ff31425463a81cb060b22e4214f4d81c795fe2b,4,1431600,False,01_当前主原始数据/taihu_thqbca_zenodo/extracted/THQBCA-V2/3.Climate/3.Climate.xlsx,05_旧版整理区_混合留存/meteorology/taihu_thqbca_v2_3climate/3.Climate.xlsx,05_旧版整理区_混合留存,raw
DUP_a94c612886ee,a94c612886eeb7503c8cf766a8952b6fef9c776add9e25a8457ad4e9601a3904,2,38546825,True,03_THQBCA-V2原始数据集/解压内容/4.Anthropogenic/4.2POPD/TH_POPD_2018.tif,03_THQBCA-V2原始数据集/解压内容/4.Anthropogenic/4.2POPD/TH_POPD_2018.tif,03_THQBCA-V2原始数据集,raw
DUP_a94c612886ee,a94c612886eeb7503c8cf766a8952b6fef9c776add9e25a8457ad4e9601a3904,2,38546825,False,03_THQBCA-V2原始数据集/解压内容/4.Anthropogenic/4.2POPD/TH_POPD_2018.tif,05_旧版整理区_混合留存/static_features/thqbca_v2_anthropogenic/TH_POPD_2018.tif,05_旧版整理区_混合留存,raw
DUP_a98da2b891d3,a98da2b891d3f65cf8e9c38fb028fa65044a5efd429151890b202ad11a5a8dd1,3,87632116,True,01_当前主原始数据/mee_surface_water_monthly/mee_surface_water_2023-12.pdf,01_当前主原始数据/mee_surface_water_monthly/mee_surface_water_2023-12.pdf,01_当前主原始数据,raw
DUP_a98da2b891d3,a98da2b891d3f65cf8e9c38fb028fa65044a5efd429151890b202ad11a5a8dd1,3,87632116,False,01_当前主原始数据/mee_surface_water_monthly/mee_surface_water_2023-12.pdf,02_旧版补充原始数据/mee_surface_water_monthly/mee_surface_water_2023-12.pdf,02_旧版补充原始数据,raw
DUP_a98da2b891d3,a98da2b891d3f65cf8e9c38fb028fa65044a5efd429151890b202ad11a5a8dd1,3,87632116,False,01_当前主原始数据/mee_surface_water_monthly/mee_surface_water_2023-12.pdf,05_旧版整理区_混合留存/reports/mee_surface_water_monthly/mee_surface_water_2023-12.pdf,05_旧版整理区_混合留存,metadata
DUP_a98ef934390b,a98ef934390b8321c7999e2d85724945c26f3748274ef238fdb1535d558d1f83,2,17699837,True,03_THQBCA-V2原始数据集/解压内容/2.Bio-optics/2.5TSI/TH_TSI_1994.tif,03_THQBCA-V2原始数据集/解压内容/2.Bio-optics/2.5TSI/TH_TSI_1994.tif,03_THQBCA-V2原始数据集,raw
DUP_a98ef934390b,a98ef934390b8321c7999e2d85724945c26f3748274ef238fdb1535d558d1f83,2,17699837,False,03_THQBCA-V2原始数据集/解压内容/2.Bio-optics/2.5TSI/TH_TSI_1994.tif,05_旧版整理区_混合留存/remote_sensing/thqbca_v2_biooptics/TH_TSI_1994.tif,05_旧版整理区_混合留存,raw
DUP_aa722cf51fa6,aa722cf51fa6bff2b8c4e7661bf74115243223178b36381496f66f73db7da251,2,393770,True,03_THQBCA-V2原始数据集/解压内容/2.Bio-optics/2.2FAC/TH_FAC_2020.tif,03_THQBCA-V2原始数据集/解压内容/2.Bio-optics/2.2FAC/TH_FAC_2020.tif,03_THQBCA-V2原始数据集,raw
DUP_aa722cf51fa6,aa722cf51fa6bff2b8c4e7661bf74115243223178b36381496f66f73db7da251,2,393770,False,03_THQBCA-V2原始数据集/解压内容/2.Bio-optics/2.2FAC/TH_FAC_2020.tif,05_旧版整理区_混合留存/remote_sensing/thqbca_v2_biooptics/TH_FAC_2020.tif,05_旧版整理区_混合留存,raw
DUP_ab6890aac576,ab6890aac5762f0229bbfc40a0961df26354063c2ebf00157e99d0fb53ffdd50,3,304522,True,01_当前主原始数据/earth_search_sentinel2_annual/2022_mosaic/S2A_51STR_20220503_0_L2A/scl.tif,01_当前主原始数据/earth_search_sentinel2_annual/2022_mosaic/S2A_51STR_20220503_0_L2A/scl.tif,01_当前主原始数据,raw
DUP_ab6890aac576,ab6890aac5762f0229bbfc40a0961df26354063c2ebf00157e99d0fb53ffdd50,3,304522,False,01_当前主原始数据/earth_search_sentinel2_annual/2022_mosaic/S2A_51STR_20220503_0_L2A/scl.tif,02_旧版补充原始数据/earth_search_sentinel2_annual/2022_mosaic/S2A_51STR_20220503_0_L2A/scl.tif,02_旧版补充原始数据,raw
DUP_ab6890aac576,ab6890aac5762f0229bbfc40a0961df26354063c2ebf00157e99d0fb53ffdd50,3,304522,False,01_当前主原始数据/earth_search_sentinel2_annual/2022_mosaic/S2A_51STR_20220503_0_L2A/scl.tif,05_旧版整理区_混合留存/remote_sensing/earth_search_sentinel2_annual/scl.tif,05_旧版整理区_混合留存,raw
DUP_abd6e7170031,abd6e7170031777b7c82294901fd173b42d4298f623fd04053fd108e7686edc8,2,38546825,True,03_THQBCA-V2原始数据集/解压内容/4.Anthropogenic/4.2POPD/TH_POPD_2013.tif,03_THQBCA-V2原始数据集/解压内容/4.Anthropogenic/4.2POPD/TH_POPD_2013.tif,03_THQBCA-V2原始数据集,raw
DUP_abd6e7170031,abd6e7170031777b7c82294901fd173b42d4298f623fd04053fd108e7686edc8,2,38546825,False,03_THQBCA-V2原始数据集/解压内容/4.Anthropogenic/4.2POPD/TH_POPD_2013.tif,05_旧版整理区_混合留存/static_features/thqbca_v2_anthropogenic/TH_POPD_2013.tif,05_旧版整理区_混合留存,raw
DUP_abd8f585ca9b,abd8f585ca9bbdb074676db0787a7293c69e9f8e99fc5b0d7f3d8d5020660d03,2,393770,True,03_THQBCA-V2原始数据集/解压内容/2.Bio-optics/2.2FAC/TH_FAC_2014.tif,03_THQBCA-V2原始数据集/解压内容/2.Bio-optics/2.2FAC/TH_FAC_2014.tif,03_THQBCA-V2原始数据集,raw
DUP_abd8f585ca9b,abd8f585ca9bbdb074676db0787a7293c69e9f8e99fc5b0d7f3d8d5020660d03,2,393770,False,03_THQBCA-V2原始数据集/解压内容/2.Bio-optics/2.2FAC/TH_FAC_2014.tif,05_旧版整理区_混合留存/remote_sensing/thqbca_v2_biooptics/TH_FAC_2014.tif,05_旧版整理区_混合留存,raw
DUP_ad9e182daec0,ad9e182daec0f14271c7c8cd3160f3846ee3072d57c6b8c5494f49d02a1be3b7,3,170687,True,01_当前主原始数据/earth_search_sentinel2_annual/2022_mosaic/S2A_50SQA_20220503_0_L2A/scl.tif,01_当前主原始数据/earth_search_sentinel2_annual/2022_mosaic/S2A_50SQA_20220503_0_L2A/scl.tif,01_当前主原始数据,raw
DUP_ad9e182daec0,ad9e182daec0f14271c7c8cd3160f3846ee3072d57c6b8c5494f49d02a1be3b7,3,170687,False,01_当前主原始数据/earth_search_sentinel2_annual/2022_mosaic/S2A_50SQA_20220503_0_L2A/scl.tif,02_旧版补充原始数据/earth_search_sentinel2_annual/2022_mosaic/S2A_50SQA_20220503_0_L2A/scl.tif,02_旧版补充原始数据,raw
DUP_ad9e182daec0,ad9e182daec0f14271c7c8cd3160f3846ee3072d57c6b8c5494f49d02a1be3b7,3,170687,False,01_当前主原始数据/earth_search_sentinel2_annual/2022_mosaic/S2A_50SQA_20220503_0_L2A/scl.tif,05_旧版整理区_混合留存/remote_sensing/earth_search_sentinel2_annual/scl_ad9e182d.tif,05_旧版整理区_混合留存,raw
DUP_ae1380933331,ae13809333317d763c42e69ef5dfd2385b02ce459c602ee494fb0c718d041dd3,2,17699837,True,03_THQBCA-V2原始数据集/解压内容/2.Bio-optics/2.3SDD/TH_SDD_1999.tif,03_THQBCA-V2原始数据集/解压内容/2.Bio-optics/2.3SDD/TH_SDD_1999.tif,03_THQBCA-V2原始数据集,raw
DUP_ae1380933331,ae13809333317d763c42e69ef5dfd2385b02ce459c602ee494fb0c718d041dd3,2,17699837,False,03_THQBCA-V2原始数据集/解压内容/2.Bio-optics/2.3SDD/TH_SDD_1999.tif,05_旧版整理区_混合留存/remote_sensing/thqbca_v2_biooptics/TH_SDD_1999.tif,05_旧版整理区_混合留存,raw
DUP_ae2ebf3410f2,ae2ebf3410f21c2b31ec09501bcf9782e9d12371bd1f7c2b8b48a485eed5dfef,3,2566,True,01_当前主原始数据/earth_search_sentinel2_annual/2022/manifest.json,01_当前主原始数据/earth_search_sentinel2_annual/2022/manifest.json,01_当前主原始数据,metadata
DUP_ae2ebf3410f2,ae2ebf3410f21c2b31ec09501bcf9782e9d12371bd1f7c2b8b48a485eed5dfef,3,2566,False,01_当前主原始数据/earth_search_sentinel2_annual/2022/manifest.json,02_旧版补充原始数据/earth_search_sentinel2_annual/2022/manifest.json,02_旧版补充原始数据,metadata
DUP_ae2ebf3410f2,ae2ebf3410f21c2b31ec09501bcf9782e9d12371bd1f7c2b8b48a485eed5dfef,3,2566,False,01_当前主原始数据/earth_search_sentinel2_annual/2022/manifest.json,05_旧版整理区_混合留存/remote_sensing/earth_search_sentinel2_annual/manifest_ae2ebf34.json,05_旧版整理区_混合留存,metadata
DUP_ae4be5f3a66e,ae4be5f3a66e29a67e6006c8d16a27791aa64f9bd1454673cdcc4a474c21ad0a,3,1368326,True,01_当前主原始数据/nasa_power_hourly/history_2006.json,01_当前主原始数据/nasa_power_hourly/history_2006.json,01_当前主原始数据,raw
DUP_ae4be5f3a66e,ae4be5f3a66e29a67e6006c8d16a27791aa64f9bd1454673cdcc4a474c21ad0a,3,1368326,False,01_当前主原始数据/nasa_power_hourly/history_2006.json,02_旧版补充原始数据/nasa_power_hourly/history_2006.json,02_旧版补充原始数据,raw
DUP_ae4be5f3a66e,ae4be5f3a66e29a67e6006c8d16a27791aa64f9bd1454673cdcc4a474c21ad0a,3,1368326,False,01_当前主原始数据/nasa_power_hourly/history_2006.json,05_旧版整理区_混合留存/meteorology/nasa_power_hourly/history_2006.json,05_旧版整理区_混合留存,raw
DUP_ae825a9a1746,ae825a9a17468b2787badd3b1ae8f6e0f1f15fa97805725184d48cbb82381c71,3,92343936,True,01_当前主原始数据/mee_surface_water_monthly/mee_surface_water_2025-05.pdf,01_当前主原始数据/mee_surface_water_monthly/mee_surface_water_2025-05.pdf,01_当前主原始数据,raw
DUP_ae825a9a1746,ae825a9a17468b2787badd3b1ae8f6e0f1f15fa97805725184d48cbb82381c71,3,92343936,False,01_当前主原始数据/mee_surface_water_monthly/mee_surface_water_2025-05.pdf,02_旧版补充原始数据/mee_surface_water_monthly/mee_surface_water_2025-05.pdf,02_旧版补充原始数据,raw
DUP_ae825a9a1746,ae825a9a17468b2787badd3b1ae8f6e0f1f15fa97805725184d48cbb82381c71,3,92343936,False,01_当前主原始数据/mee_surface_water_monthly/mee_surface_water_2025-05.pdf,05_旧版整理区_混合留存/reports/mee_surface_water_monthly/mee_surface_water_2025-05.pdf,05_旧版整理区_混合留存,metadata
DUP_af6598f26320,af6598f26320125803bb514f4c94c0b29e82d3e0a5204242aa5908185692835c,2,1312072,True,03_THQBCA-V2原始数据集/解压内容/4.Anthropogenic/4.3NTL/TH_NTL_2007.tif,03_THQBCA-V2原始数据集/解压内容/4.Anthropogenic/4.3NTL/TH_NTL_2007.tif,03_THQBCA-V2原始数据集,raw
DUP_af6598f26320,af6598f26320125803bb514f4c94c0b29e82d3e0a5204242aa5908185692835c,2,1312072,False,03_THQBCA-V2原始数据集/解压内容/4.Anthropogenic/4.3NTL/TH_NTL_2007.tif,05_旧版整理区_混合留存/static_features/thqbca_v2_anthropogenic/TH_NTL_2007.tif,05_旧版整理区_混合留存,raw
DUP_b0b413e333c4,b0b413e333c46bab722612e7189538fa244e354a9b41f5e5a0e60482e630228d,2,1312072,True,03_THQBCA-V2原始数据集/解压内容/4.Anthropogenic/4.3NTL/TH_NTL_2019.tif,03_THQBCA-V2原始数据集/解压内容/4.Anthropogenic/4.3NTL/TH_NTL_2019.tif,03_THQBCA-V2原始数据集,raw
DUP_b0b413e333c4,b0b413e333c46bab722612e7189538fa244e354a9b41f5e5a0e60482e630228d,2,1312072,False,03_THQBCA-V2原始数据集/解压内容/4.Anthropogenic/4.3NTL/TH_NTL_2019.tif,05_旧版整理区_混合留存/static_features/thqbca_v2_anthropogenic/TH_NTL_2019.tif,05_旧版整理区_混合留存,raw
DUP_b0eaf28e1dc2,b0eaf28e1dc2ba1cf314d5cda97d4c974e7653c321769e8322b060f821b82e4d,2,3433110,True,03_THQBCA-V2原始数据集/解压内容/2.Bio-optics/2.1AquaticVegetation/TH_vege_2020-09-08.tif,03_THQBCA-V2原始数据集/解压内容/2.Bio-optics/2.1AquaticVegetation/TH_vege_2020-09-08.tif,03_THQBCA-V2原始数据集,raw
DUP_b0eaf28e1dc2,b0eaf28e1dc2ba1cf314d5cda97d4c974e7653c321769e8322b060f821b82e4d,2,3433110,False,03_THQBCA-V2原始数据集/解压内容/2.Bio-optics/2.1AquaticVegetation/TH_vege_2020-09-08.tif,05_旧版整理区_混合留存/remote_sensing/thqbca_v2_biooptics/TH_vege_2020-09-08.tif,05_旧版整理区_混合留存,raw
DUP_b10a729b3c60,b10a729b3c60a8fd09fda28f31d85b4ab137f73c9829d4b4de50e76982d2c953,4,924743430,True,01_当前主原始数据/taihu_thqbca_zenodo/THQBCA-V2.rar,01_当前主原始数据/taihu_thqbca_zenodo/THQBCA-V2.rar,01_当前主原始数据,raw
DUP_b10a729b3c60,b10a729b3c60a8fd09fda28f31d85b4ab137f73c9829d4b4de50e76982d2c953,4,924743430,False,01_当前主原始数据/taihu_thqbca_zenodo/THQBCA-V2.rar,02_旧版补充原始数据/taihu_thqbca_zenodo/THQBCA-V2.rar,02_旧版补充原始数据,raw
DUP_b10a729b3c60,b10a729b3c60a8fd09fda28f31d85b4ab137f73c9829d4b4de50e76982d2c953,4,924743430,False,01_当前主原始数据/taihu_thqbca_zenodo/THQBCA-V2.rar,03_THQBCA-V2原始数据集/THQBCA-V2.rar,03_THQBCA-V2原始数据集,raw
DUP_b10a729b3c60,b10a729b3c60a8fd09fda28f31d85b4ab137f73c9829d4b4de50e76982d2c953,4,924743430,False,01_当前主原始数据/taihu_thqbca_zenodo/THQBCA-V2.rar,05_旧版整理区_混合留存/water_quality/taihu_thqbca_v2/THQBCA-V2.rar,05_旧版整理区_混合留存,raw
DUP_b1e279917664,b1e279917664626ebecf0b3bb73d8b0994d75152d1686e0a8152e13215cc0d87,2,42589,True,02_旧版补充原始数据/lake_geodata_probe/20260818T114642Z_niglas_lake_geodata_feature.html,02_旧版补充原始数据/lake_geodata_probe/20260818T114642Z_niglas_lake_geodata_feature.html,02_旧版补充原始数据,raw
DUP_b1e279917664,b1e279917664626ebecf0b3bb73d8b0994d75152d1686e0a8152e13215cc0d87,2,42589,False,02_旧版补充原始数据/lake_geodata_probe/20260818T114642Z_niglas_lake_geodata_feature.html,05_旧版整理区_混合留存/unknown/lake_geodata_probes/20260818T114642Z_niglas_lake_geodata_feature.html,05_旧版整理区_混合留存,raw
DUP_b52975faf873,b52975faf8739bf3a6fae39f71aae8c24d21ee5960ee889d087e0c557e43d2bc,2,16876409,True,03_THQBCA-V2原始数据集/解压内容/2.Bio-optics/2.4Chla/TH_Chla_2018.tif,03_THQBCA-V2原始数据集/解压内容/2.Bio-optics/2.4Chla/TH_Chla_2018.tif,03_THQBCA-V2原始数据集,raw
DUP_b52975faf873,b52975faf8739bf3a6fae39f71aae8c24d21ee5960ee889d087e0c557e43d2bc,2,16876409,False,03_THQBCA-V2原始数据集/解压内容/2.Bio-optics/2.4Chla/TH_Chla_2018.tif,05_旧版整理区_混合留存/remote_sensing/thqbca_v2_biooptics/TH_Chla_2018.tif,05_旧版整理区_混合留存,raw
DUP_b555da824ceb,b555da824ceb2405d5bca37035229512309397a77ed7f56ce3c9a8e9044b521f,2,16876409,True,03_THQBCA-V2原始数据集/解压内容/2.Bio-optics/2.4Chla/TH_Chla_2019.tif,03_THQBCA-V2原始数据集/解压内容/2.Bio-optics/2.4Chla/TH_Chla_2019.tif,03_THQBCA-V2原始数据集,raw
DUP_b555da824ceb,b555da824ceb2405d5bca37035229512309397a77ed7f56ce3c9a8e9044b521f,2,16876409,False,03_THQBCA-V2原始数据集/解压内容/2.Bio-optics/2.4Chla/TH_Chla_2019.tif,05_旧版整理区_混合留存/remote_sensing/thqbca_v2_biooptics/TH_Chla_2019.tif,05_旧版整理区_混合留存,raw
DUP_b6b35d9dc777,b6b35d9dc7775478cba318ff7a0d9577cb394285b09c2848d8edfcae5bef7bd1,3,1149,True,01_当前主原始数据/meteorology/noaa_gfs/gfs_2026-08-18_18z_f000_taihu_subset.grib2,01_当前主原始数据/meteorology/noaa_gfs/gfs_2026-08-18_18z_f000_taihu_subset.grib2,01_当前主原始数据,raw
DUP_b6b35d9dc777,b6b35d9dc7775478cba318ff7a0d9577cb394285b09c2848d8edfcae5bef7bd1,3,1149,False,01_当前主原始数据/meteorology/noaa_gfs/gfs_2026-08-18_18z_f000_taihu_subset.grib2,02_旧版补充原始数据/meteorology/noaa_gfs/gfs_2026-08-18_18z_f000_taihu_subset.grib2,02_旧版补充原始数据,raw
DUP_b6b35d9dc777,b6b35d9dc7775478cba318ff7a0d9577cb394285b09c2848d8edfcae5bef7bd1,3,1149,False,01_当前主原始数据/meteorology/noaa_gfs/gfs_2026-08-18_18z_f000_taihu_subset.grib2,05_旧版整理区_混合留存/meteorology/noaa_gfs/gfs_2026-08-18_18z_f000_taihu_subset.grib2,05_旧版整理区_混合留存,raw
DUP_b708ca5dfa9a,b708ca5dfa9a8dbc4d09fe632b1b8d601d9c6266c1ab061871cc14809533548f,3,89323226,True,01_当前主原始数据/mee_surface_water_monthly/mee_surface_water_2025-03.pdf,01_当前主原始数据/mee_surface_water_monthly/mee_surface_water_2025-03.pdf,01_当前主原始数据,raw
DUP_b708ca5dfa9a,b708ca5dfa9a8dbc4d09fe632b1b8d601d9c6266c1ab061871cc14809533548f,3,89323226,False,01_当前主原始数据/mee_surface_water_monthly/mee_surface_water_2025-03.pdf,02_旧版补充原始数据/mee_surface_water_monthly/mee_surface_water_2025-03.pdf,02_旧版补充原始数据,raw
DUP_b708ca5dfa9a,b708ca5dfa9a8dbc4d09fe632b1b8d601d9c6266c1ab061871cc14809533548f,3,89323226,False,01_当前主原始数据/mee_surface_water_monthly/mee_surface_water_2025-03.pdf,05_旧版整理区_混合留存/reports/mee_surface_water_monthly/mee_surface_water_2025-03.pdf,05_旧版整理区_混合留存,metadata
DUP_b7c4fdaac61f,b7c4fdaac61f34a41a7baf0ef42e8a5797bcb7b3f900a58fbdd4ff5e6d3c55de,2,393770,True,03_THQBCA-V2原始数据集/解压内容/2.Bio-optics/2.2FAC/TH_FAC_2004.tif,03_THQBCA-V2原始数据集/解压内容/2.Bio-optics/2.2FAC/TH_FAC_2004.tif,03_THQBCA-V2原始数据集,raw
DUP_b7c4fdaac61f,b7c4fdaac61f34a41a7baf0ef42e8a5797bcb7b3f900a58fbdd4ff5e6d3c55de,2,393770,False,03_THQBCA-V2原始数据集/解压内容/2.Bio-optics/2.2FAC/TH_FAC_2004.tif,05_旧版整理区_混合留存/remote_sensing/thqbca_v2_biooptics/TH_FAC_2004.tif,05_旧版整理区_混合留存,raw
DUP_b7fdfd26a0aa,b7fdfd26a0aa1743c5421bb4ced91ca2ad5a17f90c6bd546bb6b7c8837b4ef8d,2,17699837,True,03_THQBCA-V2原始数据集/解压内容/2.Bio-optics/2.3SDD/TH_SDD_1990.tif,03_THQBCA-V2原始数据集/解压内容/2.Bio-optics/2.3SDD/TH_SDD_1990.tif,03_THQBCA-V2原始数据集,raw
DUP_b7fdfd26a0aa,b7fdfd26a0aa1743c5421bb4ced91ca2ad5a17f90c6bd546bb6b7c8837b4ef8d,2,17699837,False,03_THQBCA-V2原始数据集/解压内容/2.Bio-optics/2.3SDD/TH_SDD_1990.tif,05_旧版整理区_混合留存/remote_sensing/thqbca_v2_biooptics/TH_SDD_1990.tif,05_旧版整理区_混合留存,raw
DUP_b886101a03ae,b886101a03ae94e21c7840346046767a474082ed75a10d952900251e297270cd,2,16876409,True,03_THQBCA-V2原始数据集/解压内容/2.Bio-optics/2.4Chla/TH_Chla_1994.tif,03_THQBCA-V2原始数据集/解压内容/2.Bio-optics/2.4Chla/TH_Chla_1994.tif,03_THQBCA-V2原始数据集,raw
DUP_b886101a03ae,b886101a03ae94e21c7840346046767a474082ed75a10d952900251e297270cd,2,16876409,False,03_THQBCA-V2原始数据集/解压内容/2.Bio-optics/2.4Chla/TH_Chla_1994.tif,05_旧版整理区_混合留存/remote_sensing/thqbca_v2_biooptics/TH_Chla_1994.tif,05_旧版整理区_混合留存,raw
DUP_b88fc3cb0e93,b88fc3cb0e9302f5dc553f0b35142400cf44cd34488d9414e7ffd425b5232e57,2,38546825,True,03_THQBCA-V2原始数据集/解压内容/4.Anthropogenic/4.2POPD/TH_POPD_2014.tif,03_THQBCA-V2原始数据集/解压内容/4.Anthropogenic/4.2POPD/TH_POPD_2014.tif,03_THQBCA-V2原始数据集,raw
DUP_b88fc3cb0e93,b88fc3cb0e9302f5dc553f0b35142400cf44cd34488d9414e7ffd425b5232e57,2,38546825,False,03_THQBCA-V2原始数据集/解压内容/4.Anthropogenic/4.2POPD/TH_POPD_2014.tif,05_旧版整理区_混合留存/static_features/thqbca_v2_anthropogenic/TH_POPD_2014.tif,05_旧版整理区_混合留存,raw
DUP_b951bb44528f,b951bb44528fbf58b0271943c4413afb797031d4858dfbba89868fe7e2604eb6,3,7710883,True,01_当前主原始数据/meteorology/noaa_gfs/gfs_2026-08-18_18z_f042_subset.grib2,01_当前主原始数据/meteorology/noaa_gfs/gfs_2026-08-18_18z_f042_subset.grib2,01_当前主原始数据,raw
DUP_b951bb44528f,b951bb44528fbf58b0271943c4413afb797031d4858dfbba89868fe7e2604eb6,3,7710883,False,01_当前主原始数据/meteorology/noaa_gfs/gfs_2026-08-18_18z_f042_subset.grib2,02_旧版补充原始数据/meteorology/noaa_gfs/gfs_2026-08-18_18z_f042_subset.grib2,02_旧版补充原始数据,raw
DUP_b951bb44528f,b951bb44528fbf58b0271943c4413afb797031d4858dfbba89868fe7e2604eb6,3,7710883,False,01_当前主原始数据/meteorology/noaa_gfs/gfs_2026-08-18_18z_f042_subset.grib2,05_旧版整理区_混合留存/meteorology/noaa_gfs/gfs_2026-08-18_18z_f042_subset.grib2,05_旧版整理区_混合留存,raw
DUP_b9de5e54dd6a,b9de5e54dd6a6e2d0c5d9439fde74c340b7d620c5692b68a8687c5a188389e40,3,1991,True,01_当前主原始数据/meteorology/noaa_gfs/gfs_2026-08-18_18z_f030_taihu_subset.grib2,01_当前主原始数据/meteorology/noaa_gfs/gfs_2026-08-18_18z_f030_taihu_subset.grib2,01_当前主原始数据,raw
DUP_b9de5e54dd6a,b9de5e54dd6a6e2d0c5d9439fde74c340b7d620c5692b68a8687c5a188389e40,3,1991,False,01_当前主原始数据/meteorology/noaa_gfs/gfs_2026-08-18_18z_f030_taihu_subset.grib2,02_旧版补充原始数据/meteorology/noaa_gfs/gfs_2026-08-18_18z_f030_taihu_subset.grib2,02_旧版补充原始数据,raw
DUP_b9de5e54dd6a,b9de5e54dd6a6e2d0c5d9439fde74c340b7d620c5692b68a8687c5a188389e40,3,1991,False,01_当前主原始数据/meteorology/noaa_gfs/gfs_2026-08-18_18z_f030_taihu_subset.grib2,05_旧版整理区_混合留存/meteorology/noaa_gfs/gfs_2026-08-18_18z_f030_taihu_subset.grib2,05_旧版整理区_混合留存,raw
DUP_ba358b1b63dc,ba358b1b63dccc8d6e52c78889aa903d83675c0a83dbc8c06f881e789ceeb32f,3,11777204,True,01_当前主原始数据/earth_search_sentinel2/S2A_T50RQV_20260802T024146_L2A/swir16.tif,01_当前主原始数据/earth_search_sentinel2/S2A_T50RQV_20260802T024146_L2A/swir16.tif,01_当前主原始数据,raw
DUP_ba358b1b63dc,ba358b1b63dccc8d6e52c78889aa903d83675c0a83dbc8c06f881e789ceeb32f,3,11777204,False,01_当前主原始数据/earth_search_sentinel2/S2A_T50RQV_20260802T024146_L2A/swir16.tif,02_旧版补充原始数据/earth_search_sentinel2/S2A_T50RQV_20260802T024146_L2A/swir16.tif,02_旧版补充原始数据,raw
DUP_ba358b1b63dc,ba358b1b63dccc8d6e52c78889aa903d83675c0a83dbc8c06f881e789ceeb32f,3,11777204,False,01_当前主原始数据/earth_search_sentinel2/S2A_T50RQV_20260802T024146_L2A/swir16.tif,05_旧版整理区_混合留存/remote_sensing/earth_search_sentinel2/swir16.tif,05_旧版整理区_混合留存,raw
DUP_ba8e736d5fdf,ba8e736d5fdf36446ef46ae3568ab01fc3753bacf67b715564cd0db1bd410a5d,2,16876409,True,03_THQBCA-V2原始数据集/解压内容/2.Bio-optics/2.4Chla/TH_Chla_2002.tif,03_THQBCA-V2原始数据集/解压内容/2.Bio-optics/2.4Chla/TH_Chla_2002.tif,03_THQBCA-V2原始数据集,raw
DUP_ba8e736d5fdf,ba8e736d5fdf36446ef46ae3568ab01fc3753bacf67b715564cd0db1bd410a5d,2,16876409,False,03_THQBCA-V2原始数据集/解压内容/2.Bio-optics/2.4Chla/TH_Chla_2002.tif,05_旧版整理区_混合留存/remote_sensing/thqbca_v2_biooptics/TH_Chla_2002.tif,05_旧版整理区_混合留存,raw
DUP_bbab65014c68,bbab65014c686cc5805a03181b1dbfdfd292a957464d6d622c7b92200687e0a7,2,16876409,True,03_THQBCA-V2原始数据集/解压内容/2.Bio-optics/2.4Chla/TH_Chla_1999.tif,03_THQBCA-V2原始数据集/解压内容/2.Bio-optics/2.4Chla/TH_Chla_1999.tif,03_THQBCA-V2原始数据集,raw
DUP_bbab65014c68,bbab65014c686cc5805a03181b1dbfdfd292a957464d6d622c7b92200687e0a7,2,16876409,False,03_THQBCA-V2原始数据集/解压内容/2.Bio-optics/2.4Chla/TH_Chla_1999.tif,05_旧版整理区_混合留存/remote_sensing/thqbca_v2_biooptics/TH_Chla_1999.tif,05_旧版整理区_混合留存,raw
DUP_bcbb6ba072ec,bcbb6ba072ec03d5fb4cf09efc0369b1892d18e0bfc4c8dfbc73644b3201e284,3,1592621,True,01_当前主原始数据/earth_search_sentinel2_annual/2022_mosaic/S2A_51RTQ_20220503_0_L2A/scl.tif,01_当前主原始数据/earth_search_sentinel2_annual/2022_mosaic/S2A_51RTQ_20220503_0_L2A/scl.tif,01_当前主原始数据,raw
DUP_bcbb6ba072ec,bcbb6ba072ec03d5fb4cf09efc0369b1892d18e0bfc4c8dfbc73644b3201e284,3,1592621,False,01_当前主原始数据/earth_search_sentinel2_annual/2022_mosaic/S2A_51RTQ_20220503_0_L2A/scl.tif,02_旧版补充原始数据/earth_search_sentinel2_annual/2022_mosaic/S2A_51RTQ_20220503_0_L2A/scl.tif,02_旧版补充原始数据,raw
DUP_bcbb6ba072ec,bcbb6ba072ec03d5fb4cf09efc0369b1892d18e0bfc4c8dfbc73644b3201e284,3,1592621,False,01_当前主原始数据/earth_search_sentinel2_annual/2022_mosaic/S2A_51RTQ_20220503_0_L2A/scl.tif,05_旧版整理区_混合留存/remote_sensing/earth_search_sentinel2_annual/scl_bcbb6ba0.tif,05_旧版整理区_混合留存,raw
DUP_be3fb07dc315,be3fb07dc315768024230b504ed1e8b6448f8477c4781ba96a9421d0594792a6,2,16920,True,02_旧版补充原始数据/open_meteo_seasonal/seasonal_ensemble_daily.csv,02_旧版补充原始数据/open_meteo_seasonal/seasonal_ensemble_daily.csv,02_旧版补充原始数据,raw
DUP_be3fb07dc315,be3fb07dc315768024230b504ed1e8b6448f8477c4781ba96a9421d0594792a6,2,16920,False,02_旧版补充原始数据/open_meteo_seasonal/seasonal_ensemble_daily.csv,05_旧版整理区_混合留存/meteorology/open_meteo_seasonal/seasonal_ensemble_daily.csv,05_旧版整理区_混合留存,raw
DUP_be4aa3d1bd65,be4aa3d1bd6591a261207bb44e44a82cde445a2c6ed87cdfc403dcd9424933dd,2,393770,True,03_THQBCA-V2原始数据集/解压内容/2.Bio-optics/2.2FAC/TH_FAC_2013.tif,03_THQBCA-V2原始数据集/解压内容/2.Bio-optics/2.2FAC/TH_FAC_2013.tif,03_THQBCA-V2原始数据集,raw
DUP_be4aa3d1bd65,be4aa3d1bd6591a261207bb44e44a82cde445a2c6ed87cdfc403dcd9424933dd,2,393770,False,03_THQBCA-V2原始数据集/解压内容/2.Bio-optics/2.2FAC/TH_FAC_2013.tif,05_旧版整理区_混合留存/remote_sensing/thqbca_v2_biooptics/TH_FAC_2013.tif,05_旧版整理区_混合留存,raw
DUP_be4b5ecc5ea8,be4b5ecc5ea85741c6aa7aa44b3a25f78118c0ed91d923d8e420a770ebd3c1d3,2,16876409,True,03_THQBCA-V2原始数据集/解压内容/2.Bio-optics/2.4Chla/TH_Chla_1986.tif,03_THQBCA-V2原始数据集/解压内容/2.Bio-optics/2.4Chla/TH_Chla_1986.tif,03_THQBCA-V2原始数据集,raw
DUP_be4b5ecc5ea8,be4b5ecc5ea85741c6aa7aa44b3a25f78118c0ed91d923d8e420a770ebd3c1d3,2,16876409,False,03_THQBCA-V2原始数据集/解压内容/2.Bio-optics/2.4Chla/TH_Chla_1986.tif,05_旧版整理区_混合留存/remote_sensing/thqbca_v2_biooptics/TH_Chla_1986.tif,05_旧版整理区_混合留存,raw
DUP_be741a590c0e,be741a590c0e7307f44cd836b0bf0c540f4d9b2fbeafc57fd316ffb9f6f2beb6,3,18348927,True,01_当前主原始数据/mee_surface_water_monthly/mee_surface_water_2025-01.pdf,01_当前主原始数据/mee_surface_water_monthly/mee_surface_water_2025-01.pdf,01_当前主原始数据,raw
DUP_be741a590c0e,be741a590c0e7307f44cd836b0bf0c540f4d9b2fbeafc57fd316ffb9f6f2beb6,3,18348927,False,01_当前主原始数据/mee_surface_water_monthly/mee_surface_water_2025-01.pdf,02_旧版补充原始数据/mee_surface_water_monthly/mee_surface_water_2025-01.pdf,02_旧版补充原始数据,raw
DUP_be741a590c0e,be741a590c0e7307f44cd836b0bf0c540f4d9b2fbeafc57fd316ffb9f6f2beb6,3,18348927,False,01_当前主原始数据/mee_surface_water_monthly/mee_surface_water_2025-01.pdf,05_旧版整理区_混合留存/reports/mee_surface_water_monthly/mee_surface_water_2025-01.pdf,05_旧版整理区_混合留存,metadata
DUP_bf426cf5aea3,bf426cf5aea372c646c8447598979bf0eb58480eee686decc58f54503f2b7c5f,2,16876409,True,03_THQBCA-V2原始数据集/解压内容/2.Bio-optics/2.4Chla/TH_Chla_1996.tif,03_THQBCA-V2原始数据集/解压内容/2.Bio-optics/2.4Chla/TH_Chla_1996.tif,03_THQBCA-V2原始数据集,raw
DUP_bf426cf5aea3,bf426cf5aea372c646c8447598979bf0eb58480eee686decc58f54503f2b7c5f,2,16876409,False,03_THQBCA-V2原始数据集/解压内容/2.Bio-optics/2.4Chla/TH_Chla_1996.tif,05_旧版整理区_混合留存/remote_sensing/thqbca_v2_biooptics/TH_Chla_1996.tif,05_旧版整理区_混合留存,raw
DUP_bf95d1dfd061,bf95d1dfd061f564cac5f918d151f34da540a4d4edb29a5c69ebf40c70635b98,3,1368125,True,01_当前主原始数据/nasa_power_hourly/history_2014.json,01_当前主原始数据/nasa_power_hourly/history_2014.json,01_当前主原始数据,raw
DUP_bf95d1dfd061,bf95d1dfd061f564cac5f918d151f34da540a4d4edb29a5c69ebf40c70635b98,3,1368125,False,01_当前主原始数据/nasa_power_hourly/history_2014.json,02_旧版补充原始数据/nasa_power_hourly/history_2014.json,02_旧版补充原始数据,raw
DUP_bf95d1dfd061,bf95d1dfd061f564cac5f918d151f34da540a4d4edb29a5c69ebf40c70635b98,3,1368125,False,01_当前主原始数据/nasa_power_hourly/history_2014.json,05_旧版整理区_混合留存/meteorology/nasa_power_hourly/history_2014.json,05_旧版整理区_混合留存,raw
DUP_c056f4638d03,c056f4638d033b11f395aa793d3f4f497aec2abdceb20b39a275f718ae8e30e4,2,16876409,True,03_THQBCA-V2原始数据集/解压内容/2.Bio-optics/2.4Chla/TH_Chla_1998.tif,03_THQBCA-V2原始数据集/解压内容/2.Bio-optics/2.4Chla/TH_Chla_1998.tif,03_THQBCA-V2原始数据集,raw
DUP_c056f4638d03,c056f4638d033b11f395aa793d3f4f497aec2abdceb20b39a275f718ae8e30e4,2,16876409,False,03_THQBCA-V2原始数据集/解压内容/2.Bio-optics/2.4Chla/TH_Chla_1998.tif,05_旧版整理区_混合留存/remote_sensing/thqbca_v2_biooptics/TH_Chla_1998.tif,05_旧版整理区_混合留存,raw
DUP_c0c791b1e3c0,c0c791b1e3c002cbb51e4c0dbe0d69341d168d37df2983ff940c0a94296a5dfb,3,1367491,True,01_当前主原始数据/nasa_power_hourly/history_2019.json,01_当前主原始数据/nasa_power_hourly/history_2019.json,01_当前主原始数据,raw
DUP_c0c791b1e3c0,c0c791b1e3c002cbb51e4c0dbe0d69341d168d37df2983ff940c0a94296a5dfb,3,1367491,False,01_当前主原始数据/nasa_power_hourly/history_2019.json,02_旧版补充原始数据/nasa_power_hourly/history_2019.json,02_旧版补充原始数据,raw
DUP_c0c791b1e3c0,c0c791b1e3c002cbb51e4c0dbe0d69341d168d37df2983ff940c0a94296a5dfb,3,1367491,False,01_当前主原始数据/nasa_power_hourly/history_2019.json,05_旧版整理区_混合留存/meteorology/nasa_power_hourly/history_2019.json,05_旧版整理区_混合留存,raw
DUP_c0fcf8422739,c0fcf8422739dde321fc327a8e99d7ee0cc25a99d7404eb66cccd44bff4d8397,2,3691920,True,03_THQBCA-V2原始数据集/解压内容/4.Anthropogenic/4.1Landcover/TH_LC_2004.tif,03_THQBCA-V2原始数据集/解压内容/4.Anthropogenic/4.1Landcover/TH_LC_2004.tif,03_THQBCA-V2原始数据集,raw
DUP_c0fcf8422739,c0fcf8422739dde321fc327a8e99d7ee0cc25a99d7404eb66cccd44bff4d8397,2,3691920,False,03_THQBCA-V2原始数据集/解压内容/4.Anthropogenic/4.1Landcover/TH_LC_2004.tif,05_旧版整理区_混合留存/static_features/thqbca_v2_anthropogenic/TH_LC_2004.tif,05_旧版整理区_混合留存,raw
DUP_c1f6c193d24e,c1f6c193d24ecab5dad3fa80330911bbe723cf7ebee2c74b378c7067ca8cb02c,2,3433110,True,03_THQBCA-V2原始数据集/解压内容/2.Bio-optics/2.1AquaticVegetation/TH_vege_2016-08-28.tif,03_THQBCA-V2原始数据集/解压内容/2.Bio-optics/2.1AquaticVegetation/TH_vege_2016-08-28.tif,03_THQBCA-V2原始数据集,raw
DUP_c1f6c193d24e,c1f6c193d24ecab5dad3fa80330911bbe723cf7ebee2c74b378c7067ca8cb02c,2,3433110,False,03_THQBCA-V2原始数据集/解压内容/2.Bio-optics/2.1AquaticVegetation/TH_vege_2016-08-28.tif,05_旧版整理区_混合留存/remote_sensing/thqbca_v2_biooptics/TH_vege_2016-08-28.tif,05_旧版整理区_混合留存,raw
DUP_c252fe15b747,c252fe15b747d0efa802caccdea0655e3c8bacc32de229599610f64885b41d12,2,17699837,True,03_THQBCA-V2原始数据集/解压内容/2.Bio-optics/2.3SDD/TH_SDD_1987.tif,03_THQBCA-V2原始数据集/解压内容/2.Bio-optics/2.3SDD/TH_SDD_1987.tif,03_THQBCA-V2原始数据集,raw
DUP_c252fe15b747,c252fe15b747d0efa802caccdea0655e3c8bacc32de229599610f64885b41d12,2,17699837,False,03_THQBCA-V2原始数据集/解压内容/2.Bio-optics/2.3SDD/TH_SDD_1987.tif,05_旧版整理区_混合留存/remote_sensing/thqbca_v2_biooptics/TH_SDD_1987.tif,05_旧版整理区_混合留存,raw
DUP_c2800d83b112,c2800d83b1120ca71d8e0ac1376c34136f8ee9173230597f3f26d967d8af6259,3,11748067,True,01_当前主原始数据/earth_search_sentinel2_annual/2022_mosaic/S2A_50RQV_20220503_0_L2A/swir16.tif,01_当前主原始数据/earth_search_sentinel2_annual/2022_mosaic/S2A_50RQV_20220503_0_L2A/swir16.tif,01_当前主原始数据,raw
DUP_c2800d83b112,c2800d83b1120ca71d8e0ac1376c34136f8ee9173230597f3f26d967d8af6259,3,11748067,False,01_当前主原始数据/earth_search_sentinel2_annual/2022_mosaic/S2A_50RQV_20220503_0_L2A/swir16.tif,02_旧版补充原始数据/earth_search_sentinel2_annual/2022_mosaic/S2A_50RQV_20220503_0_L2A/swir16.tif,02_旧版补充原始数据,raw
DUP_c2800d83b112,c2800d83b1120ca71d8e0ac1376c34136f8ee9173230597f3f26d967d8af6259,3,11748067,False,01_当前主原始数据/earth_search_sentinel2_annual/2022_mosaic/S2A_50RQV_20220503_0_L2A/swir16.tif,05_旧版整理区_混合留存/remote_sensing/earth_search_sentinel2_annual/swir16_c2800d83.tif,05_旧版整理区_混合留存,raw
DUP_c368b84a6cc4,c368b84a6cc41bfe39512cf8134f4e30b9f21666cced88387dd1c18dda3e1e3e,3,8710980,True,01_当前主原始数据/earth_search_sentinel2_annual/2022_mosaic/S2A_50SQA_20220503_0_L2A/nir.tif,01_当前主原始数据/earth_search_sentinel2_annual/2022_mosaic/S2A_50SQA_20220503_0_L2A/nir.tif,01_当前主原始数据,raw
DUP_c368b84a6cc4,c368b84a6cc41bfe39512cf8134f4e30b9f21666cced88387dd1c18dda3e1e3e,3,8710980,False,01_当前主原始数据/earth_search_sentinel2_annual/2022_mosaic/S2A_50SQA_20220503_0_L2A/nir.tif,02_旧版补充原始数据/earth_search_sentinel2_annual/2022_mosaic/S2A_50SQA_20220503_0_L2A/nir.tif,02_旧版补充原始数据,raw
DUP_c368b84a6cc4,c368b84a6cc41bfe39512cf8134f4e30b9f21666cced88387dd1c18dda3e1e3e,3,8710980,False,01_当前主原始数据/earth_search_sentinel2_annual/2022_mosaic/S2A_50SQA_20220503_0_L2A/nir.tif,05_旧版整理区_混合留存/remote_sensing/earth_search_sentinel2_annual/nir_c368b84a.tif,05_旧版整理区_混合留存,raw
DUP_c36b42e50b6a,c36b42e50b6aab87513c095760d79621373804216c352c924eda7e7c4d6b7cfe,2,38546825,True,03_THQBCA-V2原始数据集/解压内容/4.Anthropogenic/4.2POPD/TH_POPD_2015.tif,03_THQBCA-V2原始数据集/解压内容/4.Anthropogenic/4.2POPD/TH_POPD_2015.tif,03_THQBCA-V2原始数据集,raw
DUP_c36b42e50b6a,c36b42e50b6aab87513c095760d79621373804216c352c924eda7e7c4d6b7cfe,2,38546825,False,03_THQBCA-V2原始数据集/解压内容/4.Anthropogenic/4.2POPD/TH_POPD_2015.tif,05_旧版整理区_混合留存/static_features/thqbca_v2_anthropogenic/TH_POPD_2015.tif,05_旧版整理区_混合留存,raw
DUP_c396a2f9b508,c396a2f9b508e7c89f9c76cbe55d69f00532bd8c550d800634c08149cf819d27,2,17699837,True,03_THQBCA-V2原始数据集/解压内容/2.Bio-optics/2.5TSI/TH_TSI_2016.tif,03_THQBCA-V2原始数据集/解压内容/2.Bio-optics/2.5TSI/TH_TSI_2016.tif,03_THQBCA-V2原始数据集,raw
DUP_c396a2f9b508,c396a2f9b508e7c89f9c76cbe55d69f00532bd8c550d800634c08149cf819d27,2,17699837,False,03_THQBCA-V2原始数据集/解压内容/2.Bio-optics/2.5TSI/TH_TSI_2016.tif,05_旧版整理区_混合留存/remote_sensing/thqbca_v2_biooptics/TH_TSI_2016.tif,05_旧版整理区_混合留存,raw
DUP_c3b5a452ac04,c3b5a452ac04018008fd904be9b16472cb8cc6209b7b422c61357a7fb5cdc5d6,2,393770,True,03_THQBCA-V2原始数据集/解压内容/2.Bio-optics/2.2FAC/TH_FAC_2012.tif,03_THQBCA-V2原始数据集/解压内容/2.Bio-optics/2.2FAC/TH_FAC_2012.tif,03_THQBCA-V2原始数据集,raw
DUP_c3b5a452ac04,c3b5a452ac04018008fd904be9b16472cb8cc6209b7b422c61357a7fb5cdc5d6,2,393770,False,03_THQBCA-V2原始数据集/解压内容/2.Bio-optics/2.2FAC/TH_FAC_2012.tif,05_旧版整理区_混合留存/remote_sensing/thqbca_v2_biooptics/TH_FAC_2012.tif,05_旧版整理区_混合留存,raw
DUP_c3defcb0b61c,c3defcb0b61ca3a2430e14d34826a1e11d00654f99921c2da4220687f907c791,3,14922803,True,01_当前主原始数据/earth_search_sentinel2_annual/2022_mosaic/S2A_51STR_20220503_0_L2A/red.tif,01_当前主原始数据/earth_search_sentinel2_annual/2022_mosaic/S2A_51STR_20220503_0_L2A/red.tif,01_当前主原始数据,raw
DUP_c3defcb0b61c,c3defcb0b61ca3a2430e14d34826a1e11d00654f99921c2da4220687f907c791,3,14922803,False,01_当前主原始数据/earth_search_sentinel2_annual/2022_mosaic/S2A_51STR_20220503_0_L2A/red.tif,02_旧版补充原始数据/earth_search_sentinel2_annual/2022_mosaic/S2A_51STR_20220503_0_L2A/red.tif,02_旧版补充原始数据,raw
DUP_c3defcb0b61c,c3defcb0b61ca3a2430e14d34826a1e11d00654f99921c2da4220687f907c791,3,14922803,False,01_当前主原始数据/earth_search_sentinel2_annual/2022_mosaic/S2A_51STR_20220503_0_L2A/red.tif,05_旧版整理区_混合留存/remote_sensing/earth_search_sentinel2_annual/red.tif,05_旧版整理区_混合留存,raw
DUP_c4f2bdc37448,c4f2bdc37448cb477881890e5c5e69d62562d55a243e8c4006d23abf5498ecdb,2,219372,True,02_旧版补充原始数据/copernicus_sentinel2_stac/20260818T091134Z.json,02_旧版补充原始数据/copernicus_sentinel2_stac/20260818T091134Z.json,02_旧版补充原始数据,raw
DUP_c4f2bdc37448,c4f2bdc37448cb477881890e5c5e69d62562d55a243e8c4006d23abf5498ecdb,2,219372,False,02_旧版补充原始数据/copernicus_sentinel2_stac/20260818T091134Z.json,05_旧版整理区_混合留存/remote_sensing/sentinel2_stac/20260818T091134Z.json,05_旧版整理区_混合留存,raw
DUP_c53c39452e72,c53c39452e72c46c89263ce7305a82ed8088f0d3d44872d60cc75234a0c3df1c,2,38546825,True,03_THQBCA-V2原始数据集/解压内容/4.Anthropogenic/4.2POPD/TH_POPD_2007.tif,03_THQBCA-V2原始数据集/解压内容/4.Anthropogenic/4.2POPD/TH_POPD_2007.tif,03_THQBCA-V2原始数据集,raw
DUP_c53c39452e72,c53c39452e72c46c89263ce7305a82ed8088f0d3d44872d60cc75234a0c3df1c,2,38546825,False,03_THQBCA-V2原始数据集/解压内容/4.Anthropogenic/4.2POPD/TH_POPD_2007.tif,05_旧版整理区_混合留存/static_features/thqbca_v2_anthropogenic/TH_POPD_2007.tif,05_旧版整理区_混合留存,raw
DUP_c56c00e1378f,c56c00e1378f9808b53a27955dee662f0d82eacd56f634d35158507ca7ea5d76,2,17699837,True,03_THQBCA-V2原始数据集/解压内容/2.Bio-optics/2.5TSI/TH_TSI_1991.tif,03_THQBCA-V2原始数据集/解压内容/2.Bio-optics/2.5TSI/TH_TSI_1991.tif,03_THQBCA-V2原始数据集,raw
DUP_c56c00e1378f,c56c00e1378f9808b53a27955dee662f0d82eacd56f634d35158507ca7ea5d76,2,17699837,False,03_THQBCA-V2原始数据集/解压内容/2.Bio-optics/2.5TSI/TH_TSI_1991.tif,05_旧版整理区_混合留存/remote_sensing/thqbca_v2_biooptics/TH_TSI_1991.tif,05_旧版整理区_混合留存,raw
DUP_c5851e19f767,c5851e19f767e9171a4969a020e505d17d7226f5ea64db478d7482d0458e821a,3,105905,True,01_当前主原始数据/zenodo_taihu_insitu/Lake Taihu_20231017_Water_dataset.xlsx,01_当前主原始数据/zenodo_taihu_insitu/Lake Taihu_20231017_Water_dataset.xlsx,01_当前主原始数据,raw
DUP_c5851e19f767,c5851e19f767e9171a4969a020e505d17d7226f5ea64db478d7482d0458e821a,3,105905,False,01_当前主原始数据/zenodo_taihu_insitu/Lake Taihu_20231017_Water_dataset.xlsx,02_旧版补充原始数据/zenodo_taihu_insitu/Lake Taihu_20231017_Water_dataset.xlsx,02_旧版补充原始数据,raw
DUP_c5851e19f767,c5851e19f767e9171a4969a020e505d17d7226f5ea64db478d7482d0458e821a,3,105905,False,01_当前主原始数据/zenodo_taihu_insitu/Lake Taihu_20231017_Water_dataset.xlsx,05_旧版整理区_混合留存/field_samples/zenodo_taihu_insitu/Lake Taihu_20231017_Water_dataset.xlsx,05_旧版整理区_混合留存,raw
DUP_c5c1eb6044fb,c5c1eb6044fba819a312e512e1d21388dd93f66d938878fa1980ab98815cd45e,3,2001668,True,01_当前主原始数据/geo/hydrolakes/asia/HydroLAKES_Asia.shx,01_当前主原始数据/geo/hydrolakes/asia/HydroLAKES_Asia.shx,01_当前主原始数据,raw
DUP_c5c1eb6044fb,c5c1eb6044fba819a312e512e1d21388dd93f66d938878fa1980ab98815cd45e,3,2001668,False,01_当前主原始数据/geo/hydrolakes/asia/HydroLAKES_Asia.shx,02_旧版补充原始数据/geo/hydrolakes/asia/HydroLAKES_Asia.shx,02_旧版补充原始数据,raw
DUP_c5c1eb6044fb,c5c1eb6044fba819a312e512e1d21388dd93f66d938878fa1980ab98815cd45e,3,2001668,False,01_当前主原始数据/geo/hydrolakes/asia/HydroLAKES_Asia.shx,05_旧版整理区_混合留存/static_features/hydrolakes/HydroLAKES_Asia.shx,05_旧版整理区_混合留存,raw
DUP_c60a5b92b194,c60a5b92b19452f0ebbcf283134acd68772f6b841a5f5fe32e493ecc7e59e6e4,3,31372,True,01_当前主原始数据/clms_lwq_catalog/20260819T040951Z_lwq-nrt_global_300m_10daily_v2_cog.csv,01_当前主原始数据/clms_lwq_catalog/20260819T040951Z_lwq-nrt_global_300m_10daily_v2_cog.csv,01_当前主原始数据,metadata
DUP_c60a5b92b194,c60a5b92b19452f0ebbcf283134acd68772f6b841a5f5fe32e493ecc7e59e6e4,3,31372,False,01_当前主原始数据/clms_lwq_catalog/20260819T040951Z_lwq-nrt_global_300m_10daily_v2_cog.csv,02_旧版补充原始数据/clms_lwq_catalog/20260819T040951Z_lwq-nrt_global_300m_10daily_v2_cog.csv,02_旧版补充原始数据,metadata
DUP_c60a5b92b194,c60a5b92b19452f0ebbcf283134acd68772f6b841a5f5fe32e493ecc7e59e6e4,3,31372,False,01_当前主原始数据/clms_lwq_catalog/20260819T040951Z_lwq-nrt_global_300m_10daily_v2_cog.csv,05_旧版整理区_混合留存/remote_sensing/clms_lwq_catalog/20260819T040951Z_lwq-nrt_global_300m_10daily_v2_cog.csv,05_旧版整理区_混合留存,metadata
DUP_c7cc6af4a5c3,c7cc6af4a5c31a227ce2924ec3a9723c6e899ecf6c41802083700bd598151d24,3,26598298,True,01_当前主原始数据/earth_search_sentinel2_annual/2022_mosaic/S2A_51RTQ_20220503_0_L2A/rededge1.tif,01_当前主原始数据/earth_search_sentinel2_annual/2022_mosaic/S2A_51RTQ_20220503_0_L2A/rededge1.tif,01_当前主原始数据,raw
DUP_c7cc6af4a5c3,c7cc6af4a5c31a227ce2924ec3a9723c6e899ecf6c41802083700bd598151d24,3,26598298,False,01_当前主原始数据/earth_search_sentinel2_annual/2022_mosaic/S2A_51RTQ_20220503_0_L2A/rededge1.tif,02_旧版补充原始数据/earth_search_sentinel2_annual/2022_mosaic/S2A_51RTQ_20220503_0_L2A/rededge1.tif,02_旧版补充原始数据,raw
DUP_c7cc6af4a5c3,c7cc6af4a5c31a227ce2924ec3a9723c6e899ecf6c41802083700bd598151d24,3,26598298,False,01_当前主原始数据/earth_search_sentinel2_annual/2022_mosaic/S2A_51RTQ_20220503_0_L2A/rededge1.tif,05_旧版整理区_混合留存/remote_sensing/earth_search_sentinel2_annual/rededge1_c7cc6af4.tif,05_旧版整理区_混合留存,raw
DUP_c84a92ae1895,c84a92ae1895047e5a7dcd40dd389fcc5f4514917adc0dde04d97206136ed7cc,3,103581850,True,01_当前主原始数据/geo/hydrolakes/asia/HydroLAKES_Asia.dbf,01_当前主原始数据/geo/hydrolakes/asia/HydroLAKES_Asia.dbf,01_当前主原始数据,raw
DUP_c84a92ae1895,c84a92ae1895047e5a7dcd40dd389fcc5f4514917adc0dde04d97206136ed7cc,3,103581850,False,01_当前主原始数据/geo/hydrolakes/asia/HydroLAKES_Asia.dbf,02_旧版补充原始数据/geo/hydrolakes/asia/HydroLAKES_Asia.dbf,02_旧版补充原始数据,raw
DUP_c84a92ae1895,c84a92ae1895047e5a7dcd40dd389fcc5f4514917adc0dde04d97206136ed7cc,3,103581850,False,01_当前主原始数据/geo/hydrolakes/asia/HydroLAKES_Asia.dbf,05_旧版整理区_混合留存/static_features/hydrolakes/HydroLAKES_Asia.dbf,05_旧版整理区_混合留存,raw
DUP_c90f65e7b359,c90f65e7b359ee4a1be8430a564c40002a3ecdf4ab527077fbbb891dc090d1f8,3,89816568,True,01_当前主原始数据/mee_surface_water_monthly/mee_surface_water_2022-04.pdf,01_当前主原始数据/mee_surface_water_monthly/mee_surface_water_2022-04.pdf,01_当前主原始数据,raw
DUP_c90f65e7b359,c90f65e7b359ee4a1be8430a564c40002a3ecdf4ab527077fbbb891dc090d1f8,3,89816568,False,01_当前主原始数据/mee_surface_water_monthly/mee_surface_water_2022-04.pdf,02_旧版补充原始数据/mee_surface_water_monthly/mee_surface_water_2022-04.pdf,02_旧版补充原始数据,raw
DUP_c90f65e7b359,c90f65e7b359ee4a1be8430a564c40002a3ecdf4ab527077fbbb891dc090d1f8,3,89816568,False,01_当前主原始数据/mee_surface_water_monthly/mee_surface_water_2022-04.pdf,05_旧版整理区_混合留存/reports/mee_surface_water_monthly/mee_surface_water_2022-04.pdf,05_旧版整理区_混合留存,metadata
DUP_c9bdb410f94e,c9bdb410f94e495cc13385e0f1c132dd97ab2f537aab78c659693affade49cfb,2,16876409,True,03_THQBCA-V2原始数据集/解压内容/2.Bio-optics/2.4Chla/TH_Chla_1991.tif,03_THQBCA-V2原始数据集/解压内容/2.Bio-optics/2.4Chla/TH_Chla_1991.tif,03_THQBCA-V2原始数据集,raw
DUP_c9bdb410f94e,c9bdb410f94e495cc13385e0f1c132dd97ab2f537aab78c659693affade49cfb,2,16876409,False,03_THQBCA-V2原始数据集/解压内容/2.Bio-optics/2.4Chla/TH_Chla_1991.tif,05_旧版整理区_混合留存/remote_sensing/thqbca_v2_biooptics/TH_Chla_1991.tif,05_旧版整理区_混合留存,raw
DUP_c9c568f25c66,c9c568f25c66c721bdc3fd366704bee7555a4c86914d136ccf23285029d84406,3,102996128,True,01_当前主原始数据/geo/hydrolakes/asia/HydroLAKES_Asia.shp,01_当前主原始数据/geo/hydrolakes/asia/HydroLAKES_Asia.shp,01_当前主原始数据,raw
DUP_c9c568f25c66,c9c568f25c66c721bdc3fd366704bee7555a4c86914d136ccf23285029d84406,3,102996128,False,01_当前主原始数据/geo/hydrolakes/asia/HydroLAKES_Asia.shp,02_旧版补充原始数据/geo/hydrolakes/asia/HydroLAKES_Asia.shp,02_旧版补充原始数据,raw
DUP_c9c568f25c66,c9c568f25c66c721bdc3fd366704bee7555a4c86914d136ccf23285029d84406,3,102996128,False,01_当前主原始数据/geo/hydrolakes/asia/HydroLAKES_Asia.shp,05_旧版整理区_混合留存/static_features/hydrolakes/HydroLAKES_Asia.shp,05_旧版整理区_混合留存,raw
DUP_c9d64321e08a,c9d64321e08acd7c07a4f8d1007e74e626a1626b666f9324bf1b27656664480b,3,81678225,True,01_当前主原始数据/mee_surface_water_monthly/mee_surface_water_2023-02.pdf,01_当前主原始数据/mee_surface_water_monthly/mee_surface_water_2023-02.pdf,01_当前主原始数据,raw
DUP_c9d64321e08a,c9d64321e08acd7c07a4f8d1007e74e626a1626b666f9324bf1b27656664480b,3,81678225,False,01_当前主原始数据/mee_surface_water_monthly/mee_surface_water_2023-02.pdf,02_旧版补充原始数据/mee_surface_water_monthly/mee_surface_water_2023-02.pdf,02_旧版补充原始数据,raw
DUP_c9d64321e08a,c9d64321e08acd7c07a4f8d1007e74e626a1626b666f9324bf1b27656664480b,3,81678225,False,01_当前主原始数据/mee_surface_water_monthly/mee_surface_water_2023-02.pdf,05_旧版整理区_混合留存/reports/mee_surface_water_monthly/mee_surface_water_2023-02.pdf,05_旧版整理区_混合留存,metadata
DUP_cb435806a251,cb435806a251bcf5e431f0b9b1c0b9c9d545d9d9a76f2638eeeb94197bd22208,3,91926199,True,01_当前主原始数据/mee_surface_water_monthly/mee_surface_water_2025-10.pdf,01_当前主原始数据/mee_surface_water_monthly/mee_surface_water_2025-10.pdf,01_当前主原始数据,raw
DUP_cb435806a251,cb435806a251bcf5e431f0b9b1c0b9c9d545d9d9a76f2638eeeb94197bd22208,3,91926199,False,01_当前主原始数据/mee_surface_water_monthly/mee_surface_water_2025-10.pdf,02_旧版补充原始数据/mee_surface_water_monthly/mee_surface_water_2025-10.pdf,02_旧版补充原始数据,raw
DUP_cb435806a251,cb435806a251bcf5e431f0b9b1c0b9c9d545d9d9a76f2638eeeb94197bd22208,3,91926199,False,01_当前主原始数据/mee_surface_water_monthly/mee_surface_water_2025-10.pdf,05_旧版整理区_混合留存/reports/mee_surface_water_monthly/mee_surface_water_2025-10.pdf,05_旧版整理区_混合留存,metadata
DUP_ccc1b16c0f02,ccc1b16c0f025e6ce544144cb9969da1b2688a374f665fb47ed34f5928867611,2,16876409,True,03_THQBCA-V2原始数据集/解压内容/2.Bio-optics/2.4Chla/TH_Chla_1985.tif,03_THQBCA-V2原始数据集/解压内容/2.Bio-optics/2.4Chla/TH_Chla_1985.tif,03_THQBCA-V2原始数据集,raw
DUP_ccc1b16c0f02,ccc1b16c0f025e6ce544144cb9969da1b2688a374f665fb47ed34f5928867611,2,16876409,False,03_THQBCA-V2原始数据集/解压内容/2.Bio-optics/2.4Chla/TH_Chla_1985.tif,05_旧版整理区_混合留存/remote_sensing/thqbca_v2_biooptics/TH_Chla_1985.tif,05_旧版整理区_混合留存,raw
DUP_ccc95bb90383,ccc95bb90383989255060470590a8c635e841133c9fe67bab29a89b710f691f1,3,88894651,True,01_当前主原始数据/mee_surface_water_monthly/mee_surface_water_2025-08.pdf,01_当前主原始数据/mee_surface_water_monthly/mee_surface_water_2025-08.pdf,01_当前主原始数据,raw
DUP_ccc95bb90383,ccc95bb90383989255060470590a8c635e841133c9fe67bab29a89b710f691f1,3,88894651,False,01_当前主原始数据/mee_surface_water_monthly/mee_surface_water_2025-08.pdf,02_旧版补充原始数据/mee_surface_water_monthly/mee_surface_water_2025-08.pdf,02_旧版补充原始数据,raw
DUP_ccc95bb90383,ccc95bb90383989255060470590a8c635e841133c9fe67bab29a89b710f691f1,3,88894651,False,01_当前主原始数据/mee_surface_water_monthly/mee_surface_water_2025-08.pdf,05_旧版整理区_混合留存/reports/mee_surface_water_monthly/mee_surface_water_2025-08.pdf,05_旧版整理区_混合留存,metadata
DUP_cccdb649508e,cccdb649508e21397ad319636e5d89a0e602cb33738ea25bbf7f210e82dc20e1,2,4087533,True,03_THQBCA-V2原始数据集/解压内容/4.Anthropogenic/4.1Landcover/TH_LC_2017.tif,03_THQBCA-V2原始数据集/解压内容/4.Anthropogenic/4.1Landcover/TH_LC_2017.tif,03_THQBCA-V2原始数据集,raw
DUP_cccdb649508e,cccdb649508e21397ad319636e5d89a0e602cb33738ea25bbf7f210e82dc20e1,2,4087533,False,03_THQBCA-V2原始数据集/解压内容/4.Anthropogenic/4.1Landcover/TH_LC_2017.tif,05_旧版整理区_混合留存/static_features/thqbca_v2_anthropogenic/TH_LC_2017.tif,05_旧版整理区_混合留存,raw
DUP_ccda3e384173,ccda3e384173585a45dd643fcb43ce87a5a644ac61c2b4cf0e7577264c14aa48,3,92907697,True,01_当前主原始数据/mee_surface_water_monthly/mee_surface_water_2022-07.pdf,01_当前主原始数据/mee_surface_water_monthly/mee_surface_water_2022-07.pdf,01_当前主原始数据,raw
DUP_ccda3e384173,ccda3e384173585a45dd643fcb43ce87a5a644ac61c2b4cf0e7577264c14aa48,3,92907697,False,01_当前主原始数据/mee_surface_water_monthly/mee_surface_water_2022-07.pdf,02_旧版补充原始数据/mee_surface_water_monthly/mee_surface_water_2022-07.pdf,02_旧版补充原始数据,raw
DUP_ccda3e384173,ccda3e384173585a45dd643fcb43ce87a5a644ac61c2b4cf0e7577264c14aa48,3,92907697,False,01_当前主原始数据/mee_surface_water_monthly/mee_surface_water_2022-07.pdf,05_旧版整理区_混合留存/reports/mee_surface_water_monthly/mee_surface_water_2022-07.pdf,05_旧版整理区_混合留存,metadata
DUP_cd50cd29b9f4,cd50cd29b9f45d1b336cc5bac34524945d75a3517b8196cfcb47d5380163c7be,2,38546825,True,03_THQBCA-V2原始数据集/解压内容/4.Anthropogenic/4.2POPD/TH_POPD_2003.tif,03_THQBCA-V2原始数据集/解压内容/4.Anthropogenic/4.2POPD/TH_POPD_2003.tif,03_THQBCA-V2原始数据集,raw
DUP_cd50cd29b9f4,cd50cd29b9f45d1b336cc5bac34524945d75a3517b8196cfcb47d5380163c7be,2,38546825,False,03_THQBCA-V2原始数据集/解压内容/4.Anthropogenic/4.2POPD/TH_POPD_2003.tif,05_旧版整理区_混合留存/static_features/thqbca_v2_anthropogenic/TH_POPD_2003.tif,05_旧版整理区_混合留存,raw
DUP_cd9296540a78,cd9296540a78e37998105b4f8f79a475dc349ecf71e8acb4645629874df9a191,3,7751471,True,01_当前主原始数据/meteorology/noaa_gfs/gfs_2026-08-18_18z_f066_subset.grib2,01_当前主原始数据/meteorology/noaa_gfs/gfs_2026-08-18_18z_f066_subset.grib2,01_当前主原始数据,raw
DUP_cd9296540a78,cd9296540a78e37998105b4f8f79a475dc349ecf71e8acb4645629874df9a191,3,7751471,False,01_当前主原始数据/meteorology/noaa_gfs/gfs_2026-08-18_18z_f066_subset.grib2,02_旧版补充原始数据/meteorology/noaa_gfs/gfs_2026-08-18_18z_f066_subset.grib2,02_旧版补充原始数据,raw
DUP_cd9296540a78,cd9296540a78e37998105b4f8f79a475dc349ecf71e8acb4645629874df9a191,3,7751471,False,01_当前主原始数据/meteorology/noaa_gfs/gfs_2026-08-18_18z_f066_subset.grib2,05_旧版整理区_混合留存/meteorology/noaa_gfs/gfs_2026-08-18_18z_f066_subset.grib2,05_旧版整理区_混合留存,raw
DUP_cdc506e889f9,cdc506e889f986b2cfb1100d4daf044e01d1bcd5e0bb39c14b588b052f427dd4,2,1312072,True,03_THQBCA-V2原始数据集/解压内容/4.Anthropogenic/4.3NTL/TH_NTL_2022.tif,03_THQBCA-V2原始数据集/解压内容/4.Anthropogenic/4.3NTL/TH_NTL_2022.tif,03_THQBCA-V2原始数据集,raw
DUP_cdc506e889f9,cdc506e889f986b2cfb1100d4daf044e01d1bcd5e0bb39c14b588b052f427dd4,2,1312072,False,03_THQBCA-V2原始数据集/解压内容/4.Anthropogenic/4.3NTL/TH_NTL_2022.tif,05_旧版整理区_混合留存/static_features/thqbca_v2_anthropogenic/TH_NTL_2022.tif,05_旧版整理区_混合留存,raw
DUP_cec0e9d33200,cec0e9d332008b6385d4850dadf2ea6f8dc693b53c3651dd7a252beb8f222b0c,2,393770,True,03_THQBCA-V2原始数据集/解压内容/2.Bio-optics/2.2FAC/TH_FAC_2011.tif,03_THQBCA-V2原始数据集/解压内容/2.Bio-optics/2.2FAC/TH_FAC_2011.tif,03_THQBCA-V2原始数据集,raw
DUP_cec0e9d33200,cec0e9d332008b6385d4850dadf2ea6f8dc693b53c3651dd7a252beb8f222b0c,2,393770,False,03_THQBCA-V2原始数据集/解压内容/2.Bio-optics/2.2FAC/TH_FAC_2011.tif,05_旧版整理区_混合留存/remote_sensing/thqbca_v2_biooptics/TH_FAC_2011.tif,05_旧版整理区_混合留存,raw
DUP_cf852c441f40,cf852c441f40945d71062f6244268864859ab4fa47cbf51b8ae4dace1dd35bda,2,3030878,True,03_THQBCA-V2原始数据集/解压内容/4.Anthropogenic/4.1Landcover/TH_LC_1994.tif,03_THQBCA-V2原始数据集/解压内容/4.Anthropogenic/4.1Landcover/TH_LC_1994.tif,03_THQBCA-V2原始数据集,raw
DUP_cf852c441f40,cf852c441f40945d71062f6244268864859ab4fa47cbf51b8ae4dace1dd35bda,2,3030878,False,03_THQBCA-V2原始数据集/解压内容/4.Anthropogenic/4.1Landcover/TH_LC_1994.tif,05_旧版整理区_混合留存/static_features/thqbca_v2_anthropogenic/TH_LC_1994.tif,05_旧版整理区_混合留存,raw
DUP_cffb1c7a0ebc,cffb1c7a0ebcbaf078e6bebbebc13670204890dbf909b2eaa82285d818588aec,2,3921390,True,03_THQBCA-V2原始数据集/解压内容/4.Anthropogenic/4.1Landcover/TH_LC_2009.tif,03_THQBCA-V2原始数据集/解压内容/4.Anthropogenic/4.1Landcover/TH_LC_2009.tif,03_THQBCA-V2原始数据集,raw
DUP_cffb1c7a0ebc,cffb1c7a0ebcbaf078e6bebbebc13670204890dbf909b2eaa82285d818588aec,2,3921390,False,03_THQBCA-V2原始数据集/解压内容/4.Anthropogenic/4.1Landcover/TH_LC_2009.tif,05_旧版整理区_混合留存/static_features/thqbca_v2_anthropogenic/TH_LC_2009.tif,05_旧版整理区_混合留存,raw
DUP_d02aaffeb803,d02aaffeb803811346b3d027e1f41d75c5e10c408b89e6271e344d89a2fed999,2,16876409,True,03_THQBCA-V2原始数据集/解压内容/2.Bio-optics/2.4Chla/TH_Chla_2000.tif,03_THQBCA-V2原始数据集/解压内容/2.Bio-optics/2.4Chla/TH_Chla_2000.tif,03_THQBCA-V2原始数据集,raw
DUP_d02aaffeb803,d02aaffeb803811346b3d027e1f41d75c5e10c408b89e6271e344d89a2fed999,2,16876409,False,03_THQBCA-V2原始数据集/解压内容/2.Bio-optics/2.4Chla/TH_Chla_2000.tif,05_旧版整理区_混合留存/remote_sensing/thqbca_v2_biooptics/TH_Chla_2000.tif,05_旧版整理区_混合留存,raw
DUP_d07a2cd2fc2f,d07a2cd2fc2f84c231ec9539ae60aa640a2c499fe47a2b4b3551407d6f0d3fb1,3,82850143,True,01_当前主原始数据/mee_surface_water_monthly/mee_surface_water_2025-04.pdf,01_当前主原始数据/mee_surface_water_monthly/mee_surface_water_2025-04.pdf,01_当前主原始数据,raw
DUP_d07a2cd2fc2f,d07a2cd2fc2f84c231ec9539ae60aa640a2c499fe47a2b4b3551407d6f0d3fb1,3,82850143,False,01_当前主原始数据/mee_surface_water_monthly/mee_surface_water_2025-04.pdf,02_旧版补充原始数据/mee_surface_water_monthly/mee_surface_water_2025-04.pdf,02_旧版补充原始数据,raw
DUP_d07a2cd2fc2f,d07a2cd2fc2f84c231ec9539ae60aa640a2c499fe47a2b4b3551407d6f0d3fb1,3,82850143,False,01_当前主原始数据/mee_surface_water_monthly/mee_surface_water_2025-04.pdf,05_旧版整理区_混合留存/reports/mee_surface_water_monthly/mee_surface_water_2025-04.pdf,05_旧版整理区_混合留存,metadata
DUP_d10527c1e46d,d10527c1e46d1a822e4f79d5f24282a26f38afc64b858d0926ba0146d44091e9,3,88228751,True,01_当前主原始数据/mee_surface_water_monthly/mee_surface_water_2024-08.pdf,01_当前主原始数据/mee_surface_water_monthly/mee_surface_water_2024-08.pdf,01_当前主原始数据,raw
DUP_d10527c1e46d,d10527c1e46d1a822e4f79d5f24282a26f38afc64b858d0926ba0146d44091e9,3,88228751,False,01_当前主原始数据/mee_surface_water_monthly/mee_surface_water_2024-08.pdf,02_旧版补充原始数据/mee_surface_water_monthly/mee_surface_water_2024-08.pdf,02_旧版补充原始数据,raw
DUP_d10527c1e46d,d10527c1e46d1a822e4f79d5f24282a26f38afc64b858d0926ba0146d44091e9,3,88228751,False,01_当前主原始数据/mee_surface_water_monthly/mee_surface_water_2024-08.pdf,05_旧版整理区_混合留存/reports/mee_surface_water_monthly/mee_surface_water_2024-08.pdf,05_旧版整理区_混合留存,metadata
DUP_d1649705e5a8,d1649705e5a82eb89e3abb74e6eb78165d36485f388f233239b95bc47f27e974,3,61607216,True,01_当前主原始数据/mee_surface_water_monthly/mee_surface_water_2025-12.pdf,01_当前主原始数据/mee_surface_water_monthly/mee_surface_water_2025-12.pdf,01_当前主原始数据,raw
DUP_d1649705e5a8,d1649705e5a82eb89e3abb74e6eb78165d36485f388f233239b95bc47f27e974,3,61607216,False,01_当前主原始数据/mee_surface_water_monthly/mee_surface_water_2025-12.pdf,02_旧版补充原始数据/mee_surface_water_monthly/mee_surface_water_2025-12.pdf,02_旧版补充原始数据,raw
DUP_d1649705e5a8,d1649705e5a82eb89e3abb74e6eb78165d36485f388f233239b95bc47f27e974,3,61607216,False,01_当前主原始数据/mee_surface_water_monthly/mee_surface_water_2025-12.pdf,05_旧版整理区_混合留存/reports/mee_surface_water_monthly/mee_surface_water_2025-12.pdf,05_旧版整理区_混合留存,metadata
DUP_d1d180a64003,d1d180a64003ee493f2ec25bc1d1e8a812f5a62a19b9ce7f9bcd75d1dd784d72,3,590228,True,01_当前主原始数据/earth_search_sentinel2_annual/2022_mosaic/S2A_50RQV_20220503_0_L2A/scl.tif,01_当前主原始数据/earth_search_sentinel2_annual/2022_mosaic/S2A_50RQV_20220503_0_L2A/scl.tif,01_当前主原始数据,raw
DUP_d1d180a64003,d1d180a64003ee493f2ec25bc1d1e8a812f5a62a19b9ce7f9bcd75d1dd784d72,3,590228,False,01_当前主原始数据/earth_search_sentinel2_annual/2022_mosaic/S2A_50RQV_20220503_0_L2A/scl.tif,02_旧版补充原始数据/earth_search_sentinel2_annual/2022_mosaic/S2A_50RQV_20220503_0_L2A/scl.tif,02_旧版补充原始数据,raw
DUP_d1d180a64003,d1d180a64003ee493f2ec25bc1d1e8a812f5a62a19b9ce7f9bcd75d1dd784d72,3,590228,False,01_当前主原始数据/earth_search_sentinel2_annual/2022_mosaic/S2A_50RQV_20220503_0_L2A/scl.tif,05_旧版整理区_混合留存/remote_sensing/earth_search_sentinel2_annual/scl_d1d180a6.tif,05_旧版整理区_混合留存,raw
DUP_d2565bf895ec,d2565bf895ec0dfcb3963f5fb89cbd5743885dd4d41209468e7f400cf2c33222,3,86325645,True,01_当前主原始数据/mee_surface_water_monthly/mee_surface_water_2024-09.pdf,01_当前主原始数据/mee_surface_water_monthly/mee_surface_water_2024-09.pdf,01_当前主原始数据,raw
DUP_d2565bf895ec,d2565bf895ec0dfcb3963f5fb89cbd5743885dd4d41209468e7f400cf2c33222,3,86325645,False,01_当前主原始数据/mee_surface_water_monthly/mee_surface_water_2024-09.pdf,02_旧版补充原始数据/mee_surface_water_monthly/mee_surface_water_2024-09.pdf,02_旧版补充原始数据,raw
DUP_d2565bf895ec,d2565bf895ec0dfcb3963f5fb89cbd5743885dd4d41209468e7f400cf2c33222,3,86325645,False,01_当前主原始数据/mee_surface_water_monthly/mee_surface_water_2024-09.pdf,05_旧版整理区_混合留存/reports/mee_surface_water_monthly/mee_surface_water_2024-09.pdf,05_旧版整理区_混合留存,metadata
DUP_d26a5d30ffda,d26a5d30ffda0cc76c27f6963db6adcea2968b5db2e6fc1c5456e06a67c78215,2,1200,False,06_主数据采集与来源清单/static_features_p07_05_plan_test2.json,06_主数据采集与来源清单/static_features_p07_05_plan_test.json,06_主数据采集与来源清单,metadata
DUP_d26a5d30ffda,d26a5d30ffda0cc76c27f6963db6adcea2968b5db2e6fc1c5456e06a67c78215,2,1200,True,06_主数据采集与来源清单/static_features_p07_05_plan_test2.json,06_主数据采集与来源清单/static_features_p07_05_plan_test2.json,06_主数据采集与来源清单,metadata
DUP_d2799fe3ba09,d2799fe3ba0970589eb5da94370fb08418b6e165bb2f48b1439f252699d416b6,3,92053950,True,01_当前主原始数据/mee_surface_water_monthly/mee_surface_water_2025-09.pdf,01_当前主原始数据/mee_surface_water_monthly/mee_surface_water_2025-09.pdf,01_当前主原始数据,raw
DUP_d2799fe3ba09,d2799fe3ba0970589eb5da94370fb08418b6e165bb2f48b1439f252699d416b6,3,92053950,False,01_当前主原始数据/mee_surface_water_monthly/mee_surface_water_2025-09.pdf,02_旧版补充原始数据/mee_surface_water_monthly/mee_surface_water_2025-09.pdf,02_旧版补充原始数据,raw
DUP_d2799fe3ba09,d2799fe3ba0970589eb5da94370fb08418b6e165bb2f48b1439f252699d416b6,3,92053950,False,01_当前主原始数据/mee_surface_water_monthly/mee_surface_water_2025-09.pdf,05_旧版整理区_混合留存/reports/mee_surface_water_monthly/mee_surface_water_2025-09.pdf,05_旧版整理区_混合留存,metadata
DUP_d38be0d200dd,d38be0d200dd21c2215f665e031b23c993f90328586f9620fc2515b87831c443,3,62147140,True,01_当前主原始数据/mee_surface_water_monthly/mee_surface_water_2026-03.pdf,01_当前主原始数据/mee_surface_water_monthly/mee_surface_water_2026-03.pdf,01_当前主原始数据,raw
DUP_d38be0d200dd,d38be0d200dd21c2215f665e031b23c993f90328586f9620fc2515b87831c443,3,62147140,False,01_当前主原始数据/mee_surface_water_monthly/mee_surface_water_2026-03.pdf,02_旧版补充原始数据/mee_surface_water_monthly/mee_surface_water_2026-03.pdf,02_旧版补充原始数据,raw
DUP_d38be0d200dd,d38be0d200dd21c2215f665e031b23c993f90328586f9620fc2515b87831c443,3,62147140,False,01_当前主原始数据/mee_surface_water_monthly/mee_surface_water_2026-03.pdf,05_旧版整理区_混合留存/reports/mee_surface_water_monthly/mee_surface_water_2026-03.pdf,05_旧版整理区_混合留存,metadata
DUP_d3a639ad722b,d3a639ad722b37508b9d5ab65dcd6f28a5ee5a82fc594fc0d8dfeade9b0f9688,2,4031006,True,03_THQBCA-V2原始数据集/解压内容/4.Anthropogenic/4.1Landcover/TH_LC_2013.tif,03_THQBCA-V2原始数据集/解压内容/4.Anthropogenic/4.1Landcover/TH_LC_2013.tif,03_THQBCA-V2原始数据集,raw
DUP_d3a639ad722b,d3a639ad722b37508b9d5ab65dcd6f28a5ee5a82fc594fc0d8dfeade9b0f9688,2,4031006,False,03_THQBCA-V2原始数据集/解压内容/4.Anthropogenic/4.1Landcover/TH_LC_2013.tif,05_旧版整理区_混合留存/static_features/thqbca_v2_anthropogenic/TH_LC_2013.tif,05_旧版整理区_混合留存,raw
DUP_d459a9b8814f,d459a9b8814feb0bd39a594de3c1e24abb55759d4c30ca6fad045917c0dc0f78,2,17699837,True,03_THQBCA-V2原始数据集/解压内容/2.Bio-optics/2.5TSI/TH_TSI_1989.tif,03_THQBCA-V2原始数据集/解压内容/2.Bio-optics/2.5TSI/TH_TSI_1989.tif,03_THQBCA-V2原始数据集,raw
DUP_d459a9b8814f,d459a9b8814feb0bd39a594de3c1e24abb55759d4c30ca6fad045917c0dc0f78,2,17699837,False,03_THQBCA-V2原始数据集/解压内容/2.Bio-optics/2.5TSI/TH_TSI_1989.tif,05_旧版整理区_混合留存/remote_sensing/thqbca_v2_biooptics/TH_TSI_1989.tif,05_旧版整理区_混合留存,raw
DUP_d4daeef7ed23,d4daeef7ed236a6e24b08febcb075fd361763166c0207a507babe3af6c69ce68,3,4876005,True,01_当前主原始数据/meteorology/noaa_gfs/gfs_2026-08-18_18z_f000_subset.grib2,01_当前主原始数据/meteorology/noaa_gfs/gfs_2026-08-18_18z_f000_subset.grib2,01_当前主原始数据,raw
DUP_d4daeef7ed23,d4daeef7ed236a6e24b08febcb075fd361763166c0207a507babe3af6c69ce68,3,4876005,False,01_当前主原始数据/meteorology/noaa_gfs/gfs_2026-08-18_18z_f000_subset.grib2,02_旧版补充原始数据/meteorology/noaa_gfs/gfs_2026-08-18_18z_f000_subset.grib2,02_旧版补充原始数据,raw
DUP_d4daeef7ed23,d4daeef7ed236a6e24b08febcb075fd361763166c0207a507babe3af6c69ce68,3,4876005,False,01_当前主原始数据/meteorology/noaa_gfs/gfs_2026-08-18_18z_f000_subset.grib2,05_旧版整理区_混合留存/meteorology/noaa_gfs/gfs_2026-08-18_18z_f000_subset.grib2,05_旧版整理区_混合留存,raw
DUP_d58447fc7432,d58447fc743259c17e795150ef678821309d4fb4534259da68f94db1a85e210b,2,393770,True,03_THQBCA-V2原始数据集/解压内容/2.Bio-optics/2.2FAC/TH_FAC_2021.tif,03_THQBCA-V2原始数据集/解压内容/2.Bio-optics/2.2FAC/TH_FAC_2021.tif,03_THQBCA-V2原始数据集,raw
DUP_d58447fc7432,d58447fc743259c17e795150ef678821309d4fb4534259da68f94db1a85e210b,2,393770,False,03_THQBCA-V2原始数据集/解压内容/2.Bio-optics/2.2FAC/TH_FAC_2021.tif,05_旧版整理区_混合留存/remote_sensing/thqbca_v2_biooptics/TH_FAC_2021.tif,05_旧版整理区_混合留存,raw
DUP_d6fe99155a71,d6fe99155a717d7c3807ae79d95e59435d47a99d727c21da8a45d666680159ee,3,2103664,True,01_当前主原始数据/earth_search_sentinel2_annual/2022_mosaic/S2A_50SQA_20220503_0_L2A/rededge1.tif,01_当前主原始数据/earth_search_sentinel2_annual/2022_mosaic/S2A_50SQA_20220503_0_L2A/rededge1.tif,01_当前主原始数据,raw
DUP_d6fe99155a71,d6fe99155a717d7c3807ae79d95e59435d47a99d727c21da8a45d666680159ee,3,2103664,False,01_当前主原始数据/earth_search_sentinel2_annual/2022_mosaic/S2A_50SQA_20220503_0_L2A/rededge1.tif,02_旧版补充原始数据/earth_search_sentinel2_annual/2022_mosaic/S2A_50SQA_20220503_0_L2A/rededge1.tif,02_旧版补充原始数据,raw
DUP_d6fe99155a71,d6fe99155a717d7c3807ae79d95e59435d47a99d727c21da8a45d666680159ee,3,2103664,False,01_当前主原始数据/earth_search_sentinel2_annual/2022_mosaic/S2A_50SQA_20220503_0_L2A/rededge1.tif,05_旧版整理区_混合留存/remote_sensing/earth_search_sentinel2_annual/rededge1_d6fe9915.tif,05_旧版整理区_混合留存,raw
DUP_d8f8681f5b5c,d8f8681f5b5c915a8942f7bade91fba1a22d7eab7a7e9441c1fe45faf03879c1,2,17699837,True,03_THQBCA-V2原始数据集/解压内容/2.Bio-optics/2.5TSI/TH_TSI_2003.tif,03_THQBCA-V2原始数据集/解压内容/2.Bio-optics/2.5TSI/TH_TSI_2003.tif,03_THQBCA-V2原始数据集,raw
DUP_d8f8681f5b5c,d8f8681f5b5c915a8942f7bade91fba1a22d7eab7a7e9441c1fe45faf03879c1,2,17699837,False,03_THQBCA-V2原始数据集/解压内容/2.Bio-optics/2.5TSI/TH_TSI_2003.tif,05_旧版整理区_混合留存/remote_sensing/thqbca_v2_biooptics/TH_TSI_2003.tif,05_旧版整理区_混合留存,raw
DUP_d94d45fe98d8,d94d45fe98d80a22c436e78585cdb5c240e482c48f896442b6528d04f501aa95,4,107199,True,01_当前主原始数据/taihu_thqbca_zenodo/extracted/THQBCA-V2/1.WaterQuality/1WaterQuality.xlsx,01_当前主原始数据/taihu_thqbca_zenodo/extracted/THQBCA-V2/1.WaterQuality/1WaterQuality.xlsx,01_当前主原始数据,raw
DUP_d94d45fe98d8,d94d45fe98d80a22c436e78585cdb5c240e482c48f896442b6528d04f501aa95,4,107199,False,01_当前主原始数据/taihu_thqbca_zenodo/extracted/THQBCA-V2/1.WaterQuality/1WaterQuality.xlsx,02_旧版补充原始数据/taihu_thqbca_zenodo/extracted/THQBCA-V2/1.WaterQuality/1WaterQuality.xlsx,02_旧版补充原始数据,raw
DUP_d94d45fe98d8,d94d45fe98d80a22c436e78585cdb5c240e482c48f896442b6528d04f501aa95,4,107199,False,01_当前主原始数据/taihu_thqbca_zenodo/extracted/THQBCA-V2/1.WaterQuality/1WaterQuality.xlsx,03_THQBCA-V2原始数据集/解压内容/1.WaterQuality/1WaterQuality.xlsx,03_THQBCA-V2原始数据集,raw
DUP_d94d45fe98d8,d94d45fe98d80a22c436e78585cdb5c240e482c48f896442b6528d04f501aa95,4,107199,False,01_当前主原始数据/taihu_thqbca_zenodo/extracted/THQBCA-V2/1.WaterQuality/1WaterQuality.xlsx,05_旧版整理区_混合留存/water_quality/taihu_thqbca_v2/1WaterQuality.xlsx,05_旧版整理区_混合留存,raw
DUP_da3991964b29,da3991964b29604fd3505f04784267afebda7b37956d63188b6654f01bcff070,2,3728078,True,03_THQBCA-V2原始数据集/解压内容/4.Anthropogenic/4.1Landcover/TH_LC_2005.tif,03_THQBCA-V2原始数据集/解压内容/4.Anthropogenic/4.1Landcover/TH_LC_2005.tif,03_THQBCA-V2原始数据集,raw
DUP_da3991964b29,da3991964b29604fd3505f04784267afebda7b37956d63188b6654f01bcff070,2,3728078,False,03_THQBCA-V2原始数据集/解压内容/4.Anthropogenic/4.1Landcover/TH_LC_2005.tif,05_旧版整理区_混合留存/static_features/thqbca_v2_anthropogenic/TH_LC_2005.tif,05_旧版整理区_混合留存,raw
DUP_da79d5082d7c,da79d5082d7c988c3a972ad9ff6d7ebcb45d4a13fad913cba7101d81255ffab6,2,3433111,True,03_THQBCA-V2原始数据集/解压内容/2.Bio-optics/2.1AquaticVegetation/TH_vege_2008-10-09.tif,03_THQBCA-V2原始数据集/解压内容/2.Bio-optics/2.1AquaticVegetation/TH_vege_2008-10-09.tif,03_THQBCA-V2原始数据集,raw
DUP_da79d5082d7c,da79d5082d7c988c3a972ad9ff6d7ebcb45d4a13fad913cba7101d81255ffab6,2,3433111,False,03_THQBCA-V2原始数据集/解压内容/2.Bio-optics/2.1AquaticVegetation/TH_vege_2008-10-09.tif,05_旧版整理区_混合留存/remote_sensing/thqbca_v2_biooptics/TH_vege_2008-10-09.tif,05_旧版整理区_混合留存,raw
DUP_db085b286efe,db085b286efef95eb820f7005b18eeb8af83a72cbf995ff9e769251d6af8fa58,3,878615,True,01_当前主原始数据/nasa_power_hourly/20260823T075353Z.json,01_当前主原始数据/nasa_power_hourly/20260823T075353Z.json,01_当前主原始数据,raw
DUP_db085b286efe,db085b286efef95eb820f7005b18eeb8af83a72cbf995ff9e769251d6af8fa58,3,878615,False,01_当前主原始数据/nasa_power_hourly/20260823T075353Z.json,02_旧版补充原始数据/nasa_power_hourly/20260823T075353Z.json,02_旧版补充原始数据,raw
DUP_db085b286efe,db085b286efef95eb820f7005b18eeb8af83a72cbf995ff9e769251d6af8fa58,3,878615,False,01_当前主原始数据/nasa_power_hourly/20260823T075353Z.json,05_旧版整理区_混合留存/meteorology/nasa_power_hourly/20260823T075353Z.json,05_旧版整理区_混合留存,raw
DUP_db5adc25f265,db5adc25f265f9eb9fc6547ae17922021a09dbf2539b9dfe78f170ddc7489176,3,85782927,True,01_当前主原始数据/mee_surface_water_monthly/mee_surface_water_2024-10.pdf,01_当前主原始数据/mee_surface_water_monthly/mee_surface_water_2024-10.pdf,01_当前主原始数据,raw
DUP_db5adc25f265,db5adc25f265f9eb9fc6547ae17922021a09dbf2539b9dfe78f170ddc7489176,3,85782927,False,01_当前主原始数据/mee_surface_water_monthly/mee_surface_water_2024-10.pdf,02_旧版补充原始数据/mee_surface_water_monthly/mee_surface_water_2024-10.pdf,02_旧版补充原始数据,raw
DUP_db5adc25f265,db5adc25f265f9eb9fc6547ae17922021a09dbf2539b9dfe78f170ddc7489176,3,85782927,False,01_当前主原始数据/mee_surface_water_monthly/mee_surface_water_2024-10.pdf,05_旧版整理区_混合留存/reports/mee_surface_water_monthly/mee_surface_water_2024-10.pdf,05_旧版整理区_混合留存,metadata
DUP_dbf29e85770d,dbf29e85770db111d7a50e8c92fcc178740081eadd2111910066e9d80eb52034,3,7253,True,01_当前主原始数据/taihu_thqbca_zenodo/20260818T091138Z.json,01_当前主原始数据/taihu_thqbca_zenodo/20260818T091138Z.json,01_当前主原始数据,raw
DUP_dbf29e85770d,dbf29e85770db111d7a50e8c92fcc178740081eadd2111910066e9d80eb52034,3,7253,False,01_当前主原始数据/taihu_thqbca_zenodo/20260818T091138Z.json,02_旧版补充原始数据/taihu_thqbca_zenodo/20260818T091138Z.json,02_旧版补充原始数据,raw
DUP_dbf29e85770d,dbf29e85770db111d7a50e8c92fcc178740081eadd2111910066e9d80eb52034,3,7253,False,01_当前主原始数据/taihu_thqbca_zenodo/20260818T091138Z.json,05_旧版整理区_混合留存/water_quality/taihu_thqbca_v2/20260818T091138Z.json,05_旧版整理区_混合留存,raw
DUP_dd4aa22da123,dd4aa22da1234a5e7463b6b93058ab832a6504e9e5ee7945b645bc39d5f4705c,3,62298011,True,01_当前主原始数据/mee_surface_water_monthly/mee_surface_water_2022-01.pdf,01_当前主原始数据/mee_surface_water_monthly/mee_surface_water_2022-01.pdf,01_当前主原始数据,raw
DUP_dd4aa22da123,dd4aa22da1234a5e7463b6b93058ab832a6504e9e5ee7945b645bc39d5f4705c,3,62298011,False,01_当前主原始数据/mee_surface_water_monthly/mee_surface_water_2022-01.pdf,02_旧版补充原始数据/mee_surface_water_monthly/mee_surface_water_2022-01.pdf,02_旧版补充原始数据,raw
DUP_dd4aa22da123,dd4aa22da1234a5e7463b6b93058ab832a6504e9e5ee7945b645bc39d5f4705c,3,62298011,False,01_当前主原始数据/mee_surface_water_monthly/mee_surface_water_2022-01.pdf,05_旧版整理区_混合留存/reports/mee_surface_water_monthly/mee_surface_water_2022-01.pdf,05_旧版整理区_混合留存,metadata
DUP_dd5535abb26b,dd5535abb26b3e945077a08b5d780d7d8c58a91267f71f22b3006706d5994351,2,393770,True,03_THQBCA-V2原始数据集/解压内容/2.Bio-optics/2.2FAC/TH_FAC_2010.tif,03_THQBCA-V2原始数据集/解压内容/2.Bio-optics/2.2FAC/TH_FAC_2010.tif,03_THQBCA-V2原始数据集,raw
DUP_dd5535abb26b,dd5535abb26b3e945077a08b5d780d7d8c58a91267f71f22b3006706d5994351,2,393770,False,03_THQBCA-V2原始数据集/解压内容/2.Bio-optics/2.2FAC/TH_FAC_2010.tif,05_旧版整理区_混合留存/remote_sensing/thqbca_v2_biooptics/TH_FAC_2010.tif,05_旧版整理区_混合留存,raw
DUP_dfd435617b0e,dfd435617b0e44c813189e996090cedec364f8a6bf44e0475ce682856ea3f70e,3,79128211,True,01_当前主原始数据/mee_surface_water_monthly/mee_surface_water_2024-01.pdf,01_当前主原始数据/mee_surface_water_monthly/mee_surface_water_2024-01.pdf,01_当前主原始数据,raw
DUP_dfd435617b0e,dfd435617b0e44c813189e996090cedec364f8a6bf44e0475ce682856ea3f70e,3,79128211,False,01_当前主原始数据/mee_surface_water_monthly/mee_surface_water_2024-01.pdf,02_旧版补充原始数据/mee_surface_water_monthly/mee_surface_water_2024-01.pdf,02_旧版补充原始数据,raw
DUP_dfd435617b0e,dfd435617b0e44c813189e996090cedec364f8a6bf44e0475ce682856ea3f70e,3,79128211,False,01_当前主原始数据/mee_surface_water_monthly/mee_surface_water_2024-01.pdf,05_旧版整理区_混合留存/reports/mee_surface_water_monthly/mee_surface_water_2024-01.pdf,05_旧版整理区_混合留存,metadata
DUP_e0d855aba3d3,e0d855aba3d318b71cf6d5961728395b55dfa4e02b11a3aa172af56b3204480b,2,406,True,03_THQBCA-V2原始数据集/解压内容/4.Anthropogenic/4.1Landcover/TH_LC_info.txt,03_THQBCA-V2原始数据集/解压内容/4.Anthropogenic/4.1Landcover/TH_LC_info.txt,03_THQBCA-V2原始数据集,raw
DUP_e0d855aba3d3,e0d855aba3d318b71cf6d5961728395b55dfa4e02b11a3aa172af56b3204480b,2,406,False,03_THQBCA-V2原始数据集/解压内容/4.Anthropogenic/4.1Landcover/TH_LC_info.txt,05_旧版整理区_混合留存/static_features/thqbca_v2_anthropogenic/TH_LC_info.txt,05_旧版整理区_混合留存,raw
DUP_e1b257512814,e1b257512814877260e741dcb321733d2d4f9f3615f150ffa1addd1f020f4cab,2,17699837,True,03_THQBCA-V2原始数据集/解压内容/2.Bio-optics/2.5TSI/TH_TSI_2019.tif,03_THQBCA-V2原始数据集/解压内容/2.Bio-optics/2.5TSI/TH_TSI_2019.tif,03_THQBCA-V2原始数据集,raw
DUP_e1b257512814,e1b257512814877260e741dcb321733d2d4f9f3615f150ffa1addd1f020f4cab,2,17699837,False,03_THQBCA-V2原始数据集/解压内容/2.Bio-optics/2.5TSI/TH_TSI_2019.tif,05_旧版整理区_混合留存/remote_sensing/thqbca_v2_biooptics/TH_TSI_2019.tif,05_旧版整理区_混合留存,raw
DUP_e2f010379c81,e2f010379c81658bdf6d6bb4e6acfd407e30ec222f8affbb83ed7cfd45f4feee,3,1831,True,01_当前主原始数据/clms_lwq_catalog/20260823T091152Z_lwq-nrt_global_300m_10daily_v1.html,01_当前主原始数据/clms_lwq_catalog/20260823T091152Z_lwq-nrt_global_300m_10daily_v1.html,01_当前主原始数据,metadata
DUP_e2f010379c81,e2f010379c81658bdf6d6bb4e6acfd407e30ec222f8affbb83ed7cfd45f4feee,3,1831,False,01_当前主原始数据/clms_lwq_catalog/20260823T091152Z_lwq-nrt_global_300m_10daily_v1.html,02_旧版补充原始数据/clms_lwq_catalog/20260823T091152Z_lwq-nrt_global_300m_10daily_v1.html,02_旧版补充原始数据,metadata
DUP_e2f010379c81,e2f010379c81658bdf6d6bb4e6acfd407e30ec222f8affbb83ed7cfd45f4feee,3,1831,False,01_当前主原始数据/clms_lwq_catalog/20260823T091152Z_lwq-nrt_global_300m_10daily_v1.html,05_旧版整理区_混合留存/remote_sensing/clms_lwq_catalog/20260823T091152Z_lwq-nrt_global_300m_10daily_v1.html,05_旧版整理区_混合留存,metadata
DUP_e31f4ca570c9,e31f4ca570c9754257cc5353ea68fa9d664734d276d36b7c21faf54961bd0058,2,1312072,True,03_THQBCA-V2原始数据集/解压内容/4.Anthropogenic/4.3NTL/TH_NTL_2008.tif,03_THQBCA-V2原始数据集/解压内容/4.Anthropogenic/4.3NTL/TH_NTL_2008.tif,03_THQBCA-V2原始数据集,raw
DUP_e31f4ca570c9,e31f4ca570c9754257cc5353ea68fa9d664734d276d36b7c21faf54961bd0058,2,1312072,False,03_THQBCA-V2原始数据集/解压内容/4.Anthropogenic/4.3NTL/TH_NTL_2008.tif,05_旧版整理区_混合留存/static_features/thqbca_v2_anthropogenic/TH_NTL_2008.tif,05_旧版整理区_混合留存,raw
DUP_e3b0c44298fc,e3b0c44298fc1c149afbf4c8996fb92427ae41e4649b934ca495991b7852b855,4,0,True,01_当前主原始数据/meteorology/c3s_seasonal/c3s_forecast_2025_02_system51_tcc.grib,01_当前主原始数据/meteorology/c3s_seasonal/c3s_forecast_2025_02_system51_tcc.grib,01_当前主原始数据,raw
DUP_e3b0c44298fc,e3b0c44298fc1c149afbf4c8996fb92427ae41e4649b934ca495991b7852b855,4,0,False,01_当前主原始数据/meteorology/c3s_seasonal/c3s_forecast_2025_02_system51_tcc.grib,01_当前主原始数据/ocean_color/modis_aqua_chla/AQUA_MODIS.20121215.L3m.DAY.CHL.chlor_a.4km.nc,01_当前主原始数据,raw
DUP_e3b0c44298fc,e3b0c44298fc1c149afbf4c8996fb92427ae41e4649b934ca495991b7852b855,4,0,False,01_当前主原始数据/meteorology/c3s_seasonal/c3s_forecast_2025_02_system51_tcc.grib,01_当前主原始数据/ocean_color/modis_aqua_chla/AQUA_MODIS.20130213.L3m.DAY.CHL.chlor_a.4km.nc,01_当前主原始数据,raw
DUP_e3b0c44298fc,e3b0c44298fc1c149afbf4c8996fb92427ae41e4649b934ca495991b7852b855,4,0,False,01_当前主原始数据/meteorology/c3s_seasonal/c3s_forecast_2025_02_system51_tcc.grib,07_采集过程临时资料/geodata_captcha.png,07_采集过程临时资料,temporary
DUP_e44690c3fd1e,e44690c3fd1e88dbe67a92addc231cdbaff6861a4d53cc363e4cd0bf6542f946,2,17699837,True,03_THQBCA-V2原始数据集/解压内容/2.Bio-optics/2.3SDD/TH_SDD_2018.tif,03_THQBCA-V2原始数据集/解压内容/2.Bio-optics/2.3SDD/TH_SDD_2018.tif,03_THQBCA-V2原始数据集,raw
DUP_e44690c3fd1e,e44690c3fd1e88dbe67a92addc231cdbaff6861a4d53cc363e4cd0bf6542f946,2,17699837,False,03_THQBCA-V2原始数据集/解压内容/2.Bio-optics/2.3SDD/TH_SDD_2018.tif,05_旧版整理区_混合留存/remote_sensing/thqbca_v2_biooptics/TH_SDD_2018.tif,05_旧版整理区_混合留存,raw
DUP_e4d0cea33219,e4d0cea33219a88ab375a89177a6befb2bd35211632912ad8c94760bb6c729bd,3,7502247,True,01_当前主原始数据/meteorology/noaa_gfs/gfs_2026-08-18_18z_f006_subset.grib2,01_当前主原始数据/meteorology/noaa_gfs/gfs_2026-08-18_18z_f006_subset.grib2,01_当前主原始数据,raw
DUP_e4d0cea33219,e4d0cea33219a88ab375a89177a6befb2bd35211632912ad8c94760bb6c729bd,3,7502247,False,01_当前主原始数据/meteorology/noaa_gfs/gfs_2026-08-18_18z_f006_subset.grib2,02_旧版补充原始数据/meteorology/noaa_gfs/gfs_2026-08-18_18z_f006_subset.grib2,02_旧版补充原始数据,raw
DUP_e4d0cea33219,e4d0cea33219a88ab375a89177a6befb2bd35211632912ad8c94760bb6c729bd,3,7502247,False,01_当前主原始数据/meteorology/noaa_gfs/gfs_2026-08-18_18z_f006_subset.grib2,05_旧版整理区_混合留存/meteorology/noaa_gfs/gfs_2026-08-18_18z_f006_subset.grib2,05_旧版整理区_混合留存,raw
DUP_e5b4ea8d886b,e5b4ea8d886bdfaba206d73d099d6fd4a95ec4582bce116b7a3de95455cded26,3,1367952,True,01_当前主原始数据/nasa_power_hourly/history_2007.json,01_当前主原始数据/nasa_power_hourly/history_2007.json,01_当前主原始数据,raw
DUP_e5b4ea8d886b,e5b4ea8d886bdfaba206d73d099d6fd4a95ec4582bce116b7a3de95455cded26,3,1367952,False,01_当前主原始数据/nasa_power_hourly/history_2007.json,02_旧版补充原始数据/nasa_power_hourly/history_2007.json,02_旧版补充原始数据,raw
DUP_e5b4ea8d886b,e5b4ea8d886bdfaba206d73d099d6fd4a95ec4582bce116b7a3de95455cded26,3,1367952,False,01_当前主原始数据/nasa_power_hourly/history_2007.json,05_旧版整理区_混合留存/meteorology/nasa_power_hourly/history_2007.json,05_旧版整理区_混合留存,raw
DUP_e9d2ca5a023f,e9d2ca5a023f4ae8b7836e5242e7195a79fe9ddf9abe92434e306f884c410f2d,2,38546825,True,03_THQBCA-V2原始数据集/解压内容/4.Anthropogenic/4.2POPD/TH_POPD_2020.tif,03_THQBCA-V2原始数据集/解压内容/4.Anthropogenic/4.2POPD/TH_POPD_2020.tif,03_THQBCA-V2原始数据集,raw
DUP_e9d2ca5a023f,e9d2ca5a023f4ae8b7836e5242e7195a79fe9ddf9abe92434e306f884c410f2d,2,38546825,False,03_THQBCA-V2原始数据集/解压内容/4.Anthropogenic/4.2POPD/TH_POPD_2020.tif,05_旧版整理区_混合留存/static_features/thqbca_v2_anthropogenic/TH_POPD_2020.tif,05_旧版整理区_混合留存,raw
DUP_ea1babdf28b4,ea1babdf28b4b0168a5b25103d5f1c9522168e5981b9bfbcbf9c7c089535bff6,2,16876409,True,03_THQBCA-V2原始数据集/解压内容/2.Bio-optics/2.4Chla/TH_Chla_2009.tif,03_THQBCA-V2原始数据集/解压内容/2.Bio-optics/2.4Chla/TH_Chla_2009.tif,03_THQBCA-V2原始数据集,raw
DUP_ea1babdf28b4,ea1babdf28b4b0168a5b25103d5f1c9522168e5981b9bfbcbf9c7c089535bff6,2,16876409,False,03_THQBCA-V2原始数据集/解压内容/2.Bio-optics/2.4Chla/TH_Chla_2009.tif,05_旧版整理区_混合留存/remote_sensing/thqbca_v2_biooptics/TH_Chla_2009.tif,05_旧版整理区_混合留存,raw
DUP_ec1fc12ce57d,ec1fc12ce57dd44a5f3e0fe08cc1f24a01de812ffadaf4a3af12c2200928f0cd,3,98142,True,01_当前主原始数据/zenodo_taihu_insitu/Lake Taihu_20201222_Water_dataset.xlsx,01_当前主原始数据/zenodo_taihu_insitu/Lake Taihu_20201222_Water_dataset.xlsx,01_当前主原始数据,raw
DUP_ec1fc12ce57d,ec1fc12ce57dd44a5f3e0fe08cc1f24a01de812ffadaf4a3af12c2200928f0cd,3,98142,False,01_当前主原始数据/zenodo_taihu_insitu/Lake Taihu_20201222_Water_dataset.xlsx,02_旧版补充原始数据/zenodo_taihu_insitu/Lake Taihu_20201222_Water_dataset.xlsx,02_旧版补充原始数据,raw
DUP_ec1fc12ce57d,ec1fc12ce57dd44a5f3e0fe08cc1f24a01de812ffadaf4a3af12c2200928f0cd,3,98142,False,01_当前主原始数据/zenodo_taihu_insitu/Lake Taihu_20201222_Water_dataset.xlsx,05_旧版整理区_混合留存/field_samples/zenodo_taihu_insitu/Lake Taihu_20201222_Water_dataset.xlsx,05_旧版整理区_混合留存,raw
DUP_ece6f631e7c7,ece6f631e7c7b7b5e1f2285606097f63733578a0a59134d5d05ed16d4ae50471,2,38546825,True,03_THQBCA-V2原始数据集/解压内容/4.Anthropogenic/4.2POPD/TH_POPD_2010.tif,03_THQBCA-V2原始数据集/解压内容/4.Anthropogenic/4.2POPD/TH_POPD_2010.tif,03_THQBCA-V2原始数据集,raw
DUP_ece6f631e7c7,ece6f631e7c7b7b5e1f2285606097f63733578a0a59134d5d05ed16d4ae50471,2,38546825,False,03_THQBCA-V2原始数据集/解压内容/4.Anthropogenic/4.2POPD/TH_POPD_2010.tif,05_旧版整理区_混合留存/static_features/thqbca_v2_anthropogenic/TH_POPD_2010.tif,05_旧版整理区_混合留存,raw
DUP_ede33d14a31b,ede33d14a31b74a9a61f1552b7a33cecb5b3092df880aa0a63fbf77772d44aff,3,149501972,True,01_当前主原始数据/meteorology/noaa_gfs/gfs_2026-08-18_18z_f000.grib2,01_当前主原始数据/meteorology/noaa_gfs/gfs_2026-08-18_18z_f000.grib2,01_当前主原始数据,raw
DUP_ede33d14a31b,ede33d14a31b74a9a61f1552b7a33cecb5b3092df880aa0a63fbf77772d44aff,3,149501972,False,01_当前主原始数据/meteorology/noaa_gfs/gfs_2026-08-18_18z_f000.grib2,02_旧版补充原始数据/meteorology/noaa_gfs/gfs_2026-08-18_18z_f000.grib2,02_旧版补充原始数据,raw
DUP_ede33d14a31b,ede33d14a31b74a9a61f1552b7a33cecb5b3092df880aa0a63fbf77772d44aff,3,149501972,False,01_当前主原始数据/meteorology/noaa_gfs/gfs_2026-08-18_18z_f000.grib2,05_旧版整理区_混合留存/meteorology/noaa_gfs/gfs_2026-08-18_18z_f000.grib2,05_旧版整理区_混合留存,raw
DUP_ef0f8f8ddc08,ef0f8f8ddc0802ea6bd68349cfe09271d80b71c73f544cdeeec27f5f7a21686a,2,17699837,True,03_THQBCA-V2原始数据集/解压内容/2.Bio-optics/2.3SDD/TH_SDD_2003.tif,03_THQBCA-V2原始数据集/解压内容/2.Bio-optics/2.3SDD/TH_SDD_2003.tif,03_THQBCA-V2原始数据集,raw
DUP_ef0f8f8ddc08,ef0f8f8ddc0802ea6bd68349cfe09271d80b71c73f544cdeeec27f5f7a21686a,2,17699837,False,03_THQBCA-V2原始数据集/解压内容/2.Bio-optics/2.3SDD/TH_SDD_2003.tif,05_旧版整理区_混合留存/remote_sensing/thqbca_v2_biooptics/TH_SDD_2003.tif,05_旧版整理区_混合留存,raw
DUP_ef39c7055491,ef39c705549190ad547b21568b019e3e3bccc026f4d76eb27d1409f53a2ee8aa,3,63199328,True,01_当前主原始数据/mee_surface_water_monthly/mee_surface_water_2026-05.pdf,01_当前主原始数据/mee_surface_water_monthly/mee_surface_water_2026-05.pdf,01_当前主原始数据,raw
DUP_ef39c7055491,ef39c705549190ad547b21568b019e3e3bccc026f4d76eb27d1409f53a2ee8aa,3,63199328,False,01_当前主原始数据/mee_surface_water_monthly/mee_surface_water_2026-05.pdf,02_旧版补充原始数据/mee_surface_water_monthly/mee_surface_water_2026-05.pdf,02_旧版补充原始数据,raw
DUP_ef39c7055491,ef39c705549190ad547b21568b019e3e3bccc026f4d76eb27d1409f53a2ee8aa,3,63199328,False,01_当前主原始数据/mee_surface_water_monthly/mee_surface_water_2026-05.pdf,05_旧版整理区_混合留存/reports/mee_surface_water_monthly/mee_surface_water_2026-05.pdf,05_旧版整理区_混合留存,metadata
DUP_f089fca255a1,f089fca255a1ad5d3b1ea9365c3ff79ca3e79cdd27ab24b9ecf85f109c53f561,3,1368571,True,01_当前主原始数据/nasa_power_hourly/history_2005.json,01_当前主原始数据/nasa_power_hourly/history_2005.json,01_当前主原始数据,raw
DUP_f089fca255a1,f089fca255a1ad5d3b1ea9365c3ff79ca3e79cdd27ab24b9ecf85f109c53f561,3,1368571,False,01_当前主原始数据/nasa_power_hourly/history_2005.json,02_旧版补充原始数据/nasa_power_hourly/history_2005.json,02_旧版补充原始数据,raw
DUP_f089fca255a1,f089fca255a1ad5d3b1ea9365c3ff79ca3e79cdd27ab24b9ecf85f109c53f561,3,1368571,False,01_当前主原始数据/nasa_power_hourly/history_2005.json,05_旧版整理区_混合留存/meteorology/nasa_power_hourly/history_2005.json,05_旧版整理区_混合留存,raw
DUP_f1cb3e426d27,f1cb3e426d272a0bc1603b9740a528ba3c53259054ef5c07c16004d2b78483cf,2,3586362,True,03_THQBCA-V2原始数据集/解压内容/4.Anthropogenic/4.1Landcover/TH_LC_2003.tif,03_THQBCA-V2原始数据集/解压内容/4.Anthropogenic/4.1Landcover/TH_LC_2003.tif,03_THQBCA-V2原始数据集,raw
DUP_f1cb3e426d27,f1cb3e426d272a0bc1603b9740a528ba3c53259054ef5c07c16004d2b78483cf,2,3586362,False,03_THQBCA-V2原始数据集/解压内容/4.Anthropogenic/4.1Landcover/TH_LC_2003.tif,05_旧版整理区_混合留存/static_features/thqbca_v2_anthropogenic/TH_LC_2003.tif,05_旧版整理区_混合留存,raw
DUP_f1dc70dd75c2,f1dc70dd75c22e43e232c57fa92d289a72e7fbd06dac07b8653a58f201773c59,2,393770,True,03_THQBCA-V2原始数据集/解压内容/2.Bio-optics/2.2FAC/TH_FAC_2007.tif,03_THQBCA-V2原始数据集/解压内容/2.Bio-optics/2.2FAC/TH_FAC_2007.tif,03_THQBCA-V2原始数据集,raw
DUP_f1dc70dd75c2,f1dc70dd75c22e43e232c57fa92d289a72e7fbd06dac07b8653a58f201773c59,2,393770,False,03_THQBCA-V2原始数据集/解压内容/2.Bio-optics/2.2FAC/TH_FAC_2007.tif,05_旧版整理区_混合留存/remote_sensing/thqbca_v2_biooptics/TH_FAC_2007.tif,05_旧版整理区_混合留存,raw
DUP_f2104dec2bf2,f2104dec2bf2d7c5557cac20446ff590378cbd520eff369369852c5b199ee703,2,38546823,True,03_THQBCA-V2原始数据集/解压内容/4.Anthropogenic/4.2POPD/TH_POPD_2009.tif,03_THQBCA-V2原始数据集/解压内容/4.Anthropogenic/4.2POPD/TH_POPD_2009.tif,03_THQBCA-V2原始数据集,raw
DUP_f2104dec2bf2,f2104dec2bf2d7c5557cac20446ff590378cbd520eff369369852c5b199ee703,2,38546823,False,03_THQBCA-V2原始数据集/解压内容/4.Anthropogenic/4.2POPD/TH_POPD_2009.tif,05_旧版整理区_混合留存/static_features/thqbca_v2_anthropogenic/TH_POPD_2009.tif,05_旧版整理区_混合留存,raw
DUP_f2b2dc548943,f2b2dc54894399363b016c91ef016d5309e150ee4fae4275a9ddf3ef1f6327ac,2,38546825,True,03_THQBCA-V2原始数据集/解压内容/4.Anthropogenic/4.2POPD/TH_POPD_2000.tif,03_THQBCA-V2原始数据集/解压内容/4.Anthropogenic/4.2POPD/TH_POPD_2000.tif,03_THQBCA-V2原始数据集,raw
DUP_f2b2dc548943,f2b2dc54894399363b016c91ef016d5309e150ee4fae4275a9ddf3ef1f6327ac,2,38546825,False,03_THQBCA-V2原始数据集/解压内容/4.Anthropogenic/4.2POPD/TH_POPD_2000.tif,05_旧版整理区_混合留存/static_features/thqbca_v2_anthropogenic/TH_POPD_2000.tif,05_旧版整理区_混合留存,raw
DUP_f3859c80b7bd,f3859c80b7bd8d61a82f0adafee02378d418a2f1bafe32d8229b84301329c814,3,93443932,True,01_当前主原始数据/static_geo/esa_worldcover_2021_v200/ESA_WorldCover_10m_2021_v200_N30E120_Map.tif,01_当前主原始数据/static_geo/esa_worldcover_2021_v200/ESA_WorldCover_10m_2021_v200_N30E120_Map.tif,01_当前主原始数据,raw
DUP_f3859c80b7bd,f3859c80b7bd8d61a82f0adafee02378d418a2f1bafe32d8229b84301329c814,3,93443932,False,01_当前主原始数据/static_geo/esa_worldcover_2021_v200/ESA_WorldCover_10m_2021_v200_N30E120_Map.tif,02_旧版补充原始数据/static_geo/esa_worldcover_2021_v200/ESA_WorldCover_10m_2021_v200_N30E120_Map.tif,02_旧版补充原始数据,raw
DUP_f3859c80b7bd,f3859c80b7bd8d61a82f0adafee02378d418a2f1bafe32d8229b84301329c814,3,93443932,False,01_当前主原始数据/static_geo/esa_worldcover_2021_v200/ESA_WorldCover_10m_2021_v200_N30E120_Map.tif,05_旧版整理区_混合留存/static_features/esa_worldcover_2021_v200/ESA_WorldCover_10m_2021_v200_N30E120_Map.tif,05_旧版整理区_混合留存,raw
DUP_f43b3c969eaf,f43b3c969eaf1b07ca283ac363e0daccf5b72c92527d832e4b2dbe7db665cddf,2,17699837,True,03_THQBCA-V2原始数据集/解压内容/2.Bio-optics/2.5TSI/TH_TSI_1996.tif,03_THQBCA-V2原始数据集/解压内容/2.Bio-optics/2.5TSI/TH_TSI_1996.tif,03_THQBCA-V2原始数据集,raw
DUP_f43b3c969eaf,f43b3c969eaf1b07ca283ac363e0daccf5b72c92527d832e4b2dbe7db665cddf,2,17699837,False,03_THQBCA-V2原始数据集/解压内容/2.Bio-optics/2.5TSI/TH_TSI_1996.tif,05_旧版整理区_混合留存/remote_sensing/thqbca_v2_biooptics/TH_TSI_1996.tif,05_旧版整理区_混合留存,raw
DUP_f56ec166cc2d,f56ec166cc2de86e0194ae215ff52413f621eeea1d822e421aba074da30caa0f,2,1312072,True,03_THQBCA-V2原始数据集/解压内容/4.Anthropogenic/4.3NTL/TH_NTL_2006.tif,03_THQBCA-V2原始数据集/解压内容/4.Anthropogenic/4.3NTL/TH_NTL_2006.tif,03_THQBCA-V2原始数据集,raw
DUP_f56ec166cc2d,f56ec166cc2de86e0194ae215ff52413f621eeea1d822e421aba074da30caa0f,2,1312072,False,03_THQBCA-V2原始数据集/解压内容/4.Anthropogenic/4.3NTL/TH_NTL_2006.tif,05_旧版整理区_混合留存/static_features/thqbca_v2_anthropogenic/TH_NTL_2006.tif,05_旧版整理区_混合留存,raw
DUP_f5a686eab89c,f5a686eab89c7c926e370b638b9272a2d3ba1a9ee6af16291ca2a6be0dfa6830,3,87423949,True,01_当前主原始数据/mee_surface_water_monthly/mee_surface_water_2024-04.pdf,01_当前主原始数据/mee_surface_water_monthly/mee_surface_water_2024-04.pdf,01_当前主原始数据,raw
DUP_f5a686eab89c,f5a686eab89c7c926e370b638b9272a2d3ba1a9ee6af16291ca2a6be0dfa6830,3,87423949,False,01_当前主原始数据/mee_surface_water_monthly/mee_surface_water_2024-04.pdf,02_旧版补充原始数据/mee_surface_water_monthly/mee_surface_water_2024-04.pdf,02_旧版补充原始数据,raw
DUP_f5a686eab89c,f5a686eab89c7c926e370b638b9272a2d3ba1a9ee6af16291ca2a6be0dfa6830,3,87423949,False,01_当前主原始数据/mee_surface_water_monthly/mee_surface_water_2024-04.pdf,05_旧版整理区_混合留存/reports/mee_surface_water_monthly/mee_surface_water_2024-04.pdf,05_旧版整理区_混合留存,metadata
DUP_f6fbe220ae59,f6fbe220ae59192e91c616b00a5a8201734b05c9bbc0264e400ff2400195ad47,3,1981,True,01_当前主原始数据/meteorology/noaa_gfs/gfs_2026-08-18_18z_f024_taihu_subset.grib2,01_当前主原始数据/meteorology/noaa_gfs/gfs_2026-08-18_18z_f024_taihu_subset.grib2,01_当前主原始数据,raw
DUP_f6fbe220ae59,f6fbe220ae59192e91c616b00a5a8201734b05c9bbc0264e400ff2400195ad47,3,1981,False,01_当前主原始数据/meteorology/noaa_gfs/gfs_2026-08-18_18z_f024_taihu_subset.grib2,02_旧版补充原始数据/meteorology/noaa_gfs/gfs_2026-08-18_18z_f024_taihu_subset.grib2,02_旧版补充原始数据,raw
DUP_f6fbe220ae59,f6fbe220ae59192e91c616b00a5a8201734b05c9bbc0264e400ff2400195ad47,3,1981,False,01_当前主原始数据/meteorology/noaa_gfs/gfs_2026-08-18_18z_f024_taihu_subset.grib2,05_旧版整理区_混合留存/meteorology/noaa_gfs/gfs_2026-08-18_18z_f024_taihu_subset.grib2,05_旧版整理区_混合留存,raw
DUP_f705e2b92e4e,f705e2b92e4e45b954c7695b1bade4de4697b4ba110be1d8db28305cc99c73c0,2,3124122,True,03_THQBCA-V2原始数据集/解压内容/4.Anthropogenic/4.1Landcover/TH_LC_1997.tif,03_THQBCA-V2原始数据集/解压内容/4.Anthropogenic/4.1Landcover/TH_LC_1997.tif,03_THQBCA-V2原始数据集,raw
DUP_f705e2b92e4e,f705e2b92e4e45b954c7695b1bade4de4697b4ba110be1d8db28305cc99c73c0,2,3124122,False,03_THQBCA-V2原始数据集/解压内容/4.Anthropogenic/4.1Landcover/TH_LC_1997.tif,05_旧版整理区_混合留存/static_features/thqbca_v2_anthropogenic/TH_LC_1997.tif,05_旧版整理区_混合留存,raw
DUP_f76ad530b55e,f76ad530b55eee948877ab226fc10efbaece1d72d54803ae4d44502e54269acb,3,8149951,True,01_当前主原始数据/earth_search_sentinel2_annual/2022_mosaic/S2A_50SQA_20220503_0_L2A/green.tif,01_当前主原始数据/earth_search_sentinel2_annual/2022_mosaic/S2A_50SQA_20220503_0_L2A/green.tif,01_当前主原始数据,raw
DUP_f76ad530b55e,f76ad530b55eee948877ab226fc10efbaece1d72d54803ae4d44502e54269acb,3,8149951,False,01_当前主原始数据/earth_search_sentinel2_annual/2022_mosaic/S2A_50SQA_20220503_0_L2A/green.tif,02_旧版补充原始数据/earth_search_sentinel2_annual/2022_mosaic/S2A_50SQA_20220503_0_L2A/green.tif,02_旧版补充原始数据,raw
DUP_f76ad530b55e,f76ad530b55eee948877ab226fc10efbaece1d72d54803ae4d44502e54269acb,3,8149951,False,01_当前主原始数据/earth_search_sentinel2_annual/2022_mosaic/S2A_50SQA_20220503_0_L2A/green.tif,05_旧版整理区_混合留存/remote_sensing/earth_search_sentinel2_annual/green_f76ad530.tif,05_旧版整理区_混合留存,raw
DUP_f7daedd47338,f7daedd47338fe8ccfca55fe2eefdcade8d4854c249edb51ec90fc8b9604ce9a,2,38546825,True,03_THQBCA-V2原始数据集/解压内容/4.Anthropogenic/4.2POPD/TH_POPD_2006.tif,03_THQBCA-V2原始数据集/解压内容/4.Anthropogenic/4.2POPD/TH_POPD_2006.tif,03_THQBCA-V2原始数据集,raw
DUP_f7daedd47338,f7daedd47338fe8ccfca55fe2eefdcade8d4854c249edb51ec90fc8b9604ce9a,2,38546825,False,03_THQBCA-V2原始数据集/解压内容/4.Anthropogenic/4.2POPD/TH_POPD_2006.tif,05_旧版整理区_混合留存/static_features/thqbca_v2_anthropogenic/TH_POPD_2006.tif,05_旧版整理区_混合留存,raw
DUP_f7f5b44d5755,f7f5b44d57554726911513836d1bed081cd4e0c3099d2a59757b37c979b5dabb,3,1367748,True,01_当前主原始数据/nasa_power_hourly/history_2011.json,01_当前主原始数据/nasa_power_hourly/history_2011.json,01_当前主原始数据,raw
DUP_f7f5b44d5755,f7f5b44d57554726911513836d1bed081cd4e0c3099d2a59757b37c979b5dabb,3,1367748,False,01_当前主原始数据/nasa_power_hourly/history_2011.json,02_旧版补充原始数据/nasa_power_hourly/history_2011.json,02_旧版补充原始数据,raw
DUP_f7f5b44d5755,f7f5b44d57554726911513836d1bed081cd4e0c3099d2a59757b37c979b5dabb,3,1367748,False,01_当前主原始数据/nasa_power_hourly/history_2011.json,05_旧版整理区_混合留存/meteorology/nasa_power_hourly/history_2011.json,05_旧版整理区_混合留存,raw
DUP_f9d79031a272,f9d79031a272d2f31f1005aa81bb2a9851911b2ae8627c0285843fb37138565f,3,14077291,True,01_当前主原始数据/earth_search_sentinel2_annual/2022/S2A_51STR_20221010_0_L2A/green.tif,01_当前主原始数据/earth_search_sentinel2_annual/2022/S2A_51STR_20221010_0_L2A/green.tif,01_当前主原始数据,raw
DUP_f9d79031a272,f9d79031a272d2f31f1005aa81bb2a9851911b2ae8627c0285843fb37138565f,3,14077291,False,01_当前主原始数据/earth_search_sentinel2_annual/2022/S2A_51STR_20221010_0_L2A/green.tif,02_旧版补充原始数据/earth_search_sentinel2_annual/2022/S2A_51STR_20221010_0_L2A/green.tif,02_旧版补充原始数据,raw
DUP_f9d79031a272,f9d79031a272d2f31f1005aa81bb2a9851911b2ae8627c0285843fb37138565f,3,14077291,False,01_当前主原始数据/earth_search_sentinel2_annual/2022/S2A_51STR_20221010_0_L2A/green.tif,05_旧版整理区_混合留存/remote_sensing/earth_search_sentinel2_annual/green_f9d79031.tif,05_旧版整理区_混合留存,raw
DUP_fbba1a47d7a1,fbba1a47d7a12e736753392eaa755c43d62e0327dfb2a4fe8efb264a7648b0c0,133,406,True,01_当前主原始数据/tba_hydrology/20260819T043300Z.html,01_当前主原始数据/tba_hydrology/20260819T043300Z.html,01_当前主原始数据,raw
DUP_fbba1a47d7a1,fbba1a47d7a12e736753392eaa755c43d62e0327dfb2a4fe8efb264a7648b0c0,133,406,False,01_当前主原始数据/tba_hydrology/20260819T043300Z.html,01_当前主原始数据/tba_hydrology/20260819T043316Z.html,01_当前主原始数据,raw
DUP_fbba1a47d7a1,fbba1a47d7a12e736753392eaa755c43d62e0327dfb2a4fe8efb264a7648b0c0,133,406,False,01_当前主原始数据/tba_hydrology/20260819T043300Z.html,01_当前主原始数据/tba_hydrology/20260819T043349Z.html,01_当前主原始数据,raw
DUP_fbba1a47d7a1,fbba1a47d7a12e736753392eaa755c43d62e0327dfb2a4fe8efb264a7648b0c0,133,406,False,01_当前主原始数据/tba_hydrology/20260819T043300Z.html,01_当前主原始数据/tba_hydrology/20260819T043455Z.html,01_当前主原始数据,raw
DUP_fbba1a47d7a1,fbba1a47d7a12e736753392eaa755c43d62e0327dfb2a4fe8efb264a7648b0c0,133,406,False,01_当前主原始数据/tba_hydrology/20260819T043300Z.html,01_当前主原始数据/tba_hydrology/20260819T043520Z.html,01_当前主原始数据,raw
DUP_fbba1a47d7a1,fbba1a47d7a12e736753392eaa755c43d62e0327dfb2a4fe8efb264a7648b0c0,133,406,False,01_当前主原始数据/tba_hydrology/20260819T043300Z.html,01_当前主原始数据/tba_hydrology/20260819T043556Z.html,01_当前主原始数据,raw
DUP_fbba1a47d7a1,fbba1a47d7a12e736753392eaa755c43d62e0327dfb2a4fe8efb264a7648b0c0,133,406,False,01_当前主原始数据/tba_hydrology/20260819T043300Z.html,01_当前主原始数据/tba_hydrology/20260819T043627Z.html,01_当前主原始数据,raw
DUP_fbba1a47d7a1,fbba1a47d7a12e736753392eaa755c43d62e0327dfb2a4fe8efb264a7648b0c0,133,406,False,01_当前主原始数据/tba_hydrology/20260819T043300Z.html,01_当前主原始数据/tba_hydrology/20260819T044426Z.html,01_当前主原始数据,raw
DUP_fbba1a47d7a1,fbba1a47d7a12e736753392eaa755c43d62e0327dfb2a4fe8efb264a7648b0c0,133,406,False,01_当前主原始数据/tba_hydrology/20260819T043300Z.html,01_当前主原始数据/tba_hydrology/20260819T044457Z.html,01_当前主原始数据,raw
DUP_fbba1a47d7a1,fbba1a47d7a12e736753392eaa755c43d62e0327dfb2a4fe8efb264a7648b0c0,133,406,False,01_当前主原始数据/tba_hydrology/20260819T043300Z.html,01_当前主原始数据/tba_hydrology/20260819T045226Z.html,01_当前主原始数据,raw
DUP_fbba1a47d7a1,fbba1a47d7a12e736753392eaa755c43d62e0327dfb2a4fe8efb264a7648b0c0,133,406,False,01_当前主原始数据/tba_hydrology/20260819T043300Z.html,01_当前主原始数据/tba_hydrology/20260819T045238Z.html,01_当前主原始数据,raw
DUP_fbba1a47d7a1,fbba1a47d7a12e736753392eaa755c43d62e0327dfb2a4fe8efb264a7648b0c0,133,406,False,01_当前主原始数据/tba_hydrology/20260819T043300Z.html,01_当前主原始数据/tba_hydrology/20260819T045312Z.html,01_当前主原始数据,raw
DUP_fbba1a47d7a1,fbba1a47d7a12e736753392eaa755c43d62e0327dfb2a4fe8efb264a7648b0c0,133,406,False,01_当前主原始数据/tba_hydrology/20260819T043300Z.html,01_当前主原始数据/tba_hydrology/20260819T050626Z.html,01_当前主原始数据,raw
DUP_fbba1a47d7a1,fbba1a47d7a12e736753392eaa755c43d62e0327dfb2a4fe8efb264a7648b0c0,133,406,False,01_当前主原始数据/tba_hydrology/20260819T043300Z.html,01_当前主原始数据/tba_hydrology/20260819T052520Z.html,01_当前主原始数据,raw
DUP_fbba1a47d7a1,fbba1a47d7a12e736753392eaa755c43d62e0327dfb2a4fe8efb264a7648b0c0,133,406,False,01_当前主原始数据/tba_hydrology/20260819T043300Z.html,01_当前主原始数据/tba_hydrology/20260819T053452Z.html,01_当前主原始数据,raw
DUP_fbba1a47d7a1,fbba1a47d7a12e736753392eaa755c43d62e0327dfb2a4fe8efb264a7648b0c0,133,406,False,01_当前主原始数据/tba_hydrology/20260819T043300Z.html,01_当前主原始数据/tba_hydrology/20260819T054722Z.html,01_当前主原始数据,raw
DUP_fbba1a47d7a1,fbba1a47d7a12e736753392eaa755c43d62e0327dfb2a4fe8efb264a7648b0c0,133,406,False,01_当前主原始数据/tba_hydrology/20260819T043300Z.html,01_当前主原始数据/tba_hydrology/20260819T055534Z.html,01_当前主原始数据,raw
DUP_fbba1a47d7a1,fbba1a47d7a12e736753392eaa755c43d62e0327dfb2a4fe8efb264a7648b0c0,133,406,False,01_当前主原始数据/tba_hydrology/20260819T043300Z.html,01_当前主原始数据/tba_hydrology/20260819T062127Z.html,01_当前主原始数据,raw
DUP_fbba1a47d7a1,fbba1a47d7a12e736753392eaa755c43d62e0327dfb2a4fe8efb264a7648b0c0,133,406,False,01_当前主原始数据/tba_hydrology/20260819T043300Z.html,01_当前主原始数据/tba_hydrology/20260819T062301Z.html,01_当前主原始数据,raw
DUP_fbba1a47d7a1,fbba1a47d7a12e736753392eaa755c43d62e0327dfb2a4fe8efb264a7648b0c0,133,406,False,01_当前主原始数据/tba_hydrology/20260819T043300Z.html,01_当前主原始数据/tba_hydrology/20260819T062807Z.html,01_当前主原始数据,raw
DUP_fbba1a47d7a1,fbba1a47d7a12e736753392eaa755c43d62e0327dfb2a4fe8efb264a7648b0c0,133,406,False,01_当前主原始数据/tba_hydrology/20260819T043300Z.html,01_当前主原始数据/tba_hydrology/20260819T063137Z.html,01_当前主原始数据,raw
DUP_fbba1a47d7a1,fbba1a47d7a12e736753392eaa755c43d62e0327dfb2a4fe8efb264a7648b0c0,133,406,False,01_当前主原始数据/tba_hydrology/20260819T043300Z.html,01_当前主原始数据/tba_hydrology/20260819T064509Z.html,01_当前主原始数据,raw
DUP_fbba1a47d7a1,fbba1a47d7a12e736753392eaa755c43d62e0327dfb2a4fe8efb264a7648b0c0,133,406,False,01_当前主原始数据/tba_hydrology/20260819T043300Z.html,01_当前主原始数据/tba_hydrology/20260819T064804Z.html,01_当前主原始数据,raw
DUP_fbba1a47d7a1,fbba1a47d7a12e736753392eaa755c43d62e0327dfb2a4fe8efb264a7648b0c0,133,406,False,01_当前主原始数据/tba_hydrology/20260819T043300Z.html,01_当前主原始数据/tba_hydrology/20260819T065310Z.html,01_当前主原始数据,raw
DUP_fbba1a47d7a1,fbba1a47d7a12e736753392eaa755c43d62e0327dfb2a4fe8efb264a7648b0c0,133,406,False,01_当前主原始数据/tba_hydrology/20260819T043300Z.html,01_当前主原始数据/tba_hydrology/20260819T070321Z.html,01_当前主原始数据,raw
DUP_fbba1a47d7a1,fbba1a47d7a12e736753392eaa755c43d62e0327dfb2a4fe8efb264a7648b0c0,133,406,False,01_当前主原始数据/tba_hydrology/20260819T043300Z.html,01_当前主原始数据/tba_hydrology/20260819T071251Z.html,01_当前主原始数据,raw
DUP_fbba1a47d7a1,fbba1a47d7a12e736753392eaa755c43d62e0327dfb2a4fe8efb264a7648b0c0,133,406,False,01_当前主原始数据/tba_hydrology/20260819T043300Z.html,01_当前主原始数据/tba_hydrology/20260819T071438Z.html,01_当前主原始数据,raw
DUP_fbba1a47d7a1,fbba1a47d7a12e736753392eaa755c43d62e0327dfb2a4fe8efb264a7648b0c0,133,406,False,01_当前主原始数据/tba_hydrology/20260819T043300Z.html,01_当前主原始数据/tba_hydrology/20260819T072310Z.html,01_当前主原始数据,raw
DUP_fbba1a47d7a1,fbba1a47d7a12e736753392eaa755c43d62e0327dfb2a4fe8efb264a7648b0c0,133,406,False,01_当前主原始数据/tba_hydrology/20260819T043300Z.html,01_当前主原始数据/tba_hydrology/20260819T073001Z.html,01_当前主原始数据,raw
DUP_fbba1a47d7a1,fbba1a47d7a12e736753392eaa755c43d62e0327dfb2a4fe8efb264a7648b0c0,133,406,False,01_当前主原始数据/tba_hydrology/20260819T043300Z.html,01_当前主原始数据/tba_hydrology/20260819T073120Z.html,01_当前主原始数据,raw
DUP_fbba1a47d7a1,fbba1a47d7a12e736753392eaa755c43d62e0327dfb2a4fe8efb264a7648b0c0,133,406,False,01_当前主原始数据/tba_hydrology/20260819T043300Z.html,01_当前主原始数据/tba_hydrology/20260819T074506Z.html,01_当前主原始数据,raw
DUP_fbba1a47d7a1,fbba1a47d7a12e736753392eaa755c43d62e0327dfb2a4fe8efb264a7648b0c0,133,406,False,01_当前主原始数据/tba_hydrology/20260819T043300Z.html,01_当前主原始数据/tba_hydrology/20260819T074952Z.html,01_当前主原始数据,raw
DUP_fbba1a47d7a1,fbba1a47d7a12e736753392eaa755c43d62e0327dfb2a4fe8efb264a7648b0c0,133,406,False,01_当前主原始数据/tba_hydrology/20260819T043300Z.html,01_当前主原始数据/tba_hydrology/20260819T075554Z.html,01_当前主原始数据,raw
DUP_fbba1a47d7a1,fbba1a47d7a12e736753392eaa755c43d62e0327dfb2a4fe8efb264a7648b0c0,133,406,False,01_当前主原始数据/tba_hydrology/20260819T043300Z.html,01_当前主原始数据/tba_hydrology/20260819T080454Z.html,01_当前主原始数据,raw
DUP_fbba1a47d7a1,fbba1a47d7a12e736753392eaa755c43d62e0327dfb2a4fe8efb264a7648b0c0,133,406,False,01_当前主原始数据/tba_hydrology/20260819T043300Z.html,01_当前主原始数据/tba_hydrology/20260819T080720Z.html,01_当前主原始数据,raw
DUP_fbba1a47d7a1,fbba1a47d7a12e736753392eaa755c43d62e0327dfb2a4fe8efb264a7648b0c0,133,406,False,01_当前主原始数据/tba_hydrology/20260819T043300Z.html,01_当前主原始数据/tba_hydrology/20260819T080933Z.html,01_当前主原始数据,raw
DUP_fbba1a47d7a1,fbba1a47d7a12e736753392eaa755c43d62e0327dfb2a4fe8efb264a7648b0c0,133,406,False,01_当前主原始数据/tba_hydrology/20260819T043300Z.html,01_当前主原始数据/tba_hydrology/20260819T081548Z.html,01_当前主原始数据,raw
DUP_fbba1a47d7a1,fbba1a47d7a12e736753392eaa755c43d62e0327dfb2a4fe8efb264a7648b0c0,133,406,False,01_当前主原始数据/tba_hydrology/20260819T043300Z.html,01_当前主原始数据/tba_hydrology/20260819T082824Z.html,01_当前主原始数据,raw
DUP_fbba1a47d7a1,fbba1a47d7a12e736753392eaa755c43d62e0327dfb2a4fe8efb264a7648b0c0,133,406,False,01_当前主原始数据/tba_hydrology/20260819T043300Z.html,01_当前主原始数据/tba_hydrology/20260819T083928Z.html,01_当前主原始数据,raw
DUP_fbba1a47d7a1,fbba1a47d7a12e736753392eaa755c43d62e0327dfb2a4fe8efb264a7648b0c0,133,406,False,01_当前主原始数据/tba_hydrology/20260819T043300Z.html,01_当前主原始数据/tba_hydrology/20260819T084212Z.html,01_当前主原始数据,raw
DUP_fbba1a47d7a1,fbba1a47d7a12e736753392eaa755c43d62e0327dfb2a4fe8efb264a7648b0c0,133,406,False,01_当前主原始数据/tba_hydrology/20260819T043300Z.html,01_当前主原始数据/tba_hydrology/20260819T084918Z.html,01_当前主原始数据,raw
DUP_fbba1a47d7a1,fbba1a47d7a12e736753392eaa755c43d62e0327dfb2a4fe8efb264a7648b0c0,133,406,False,01_当前主原始数据/tba_hydrology/20260819T043300Z.html,01_当前主原始数据/tba_hydrology/20260819T085852Z.html,01_当前主原始数据,raw
DUP_fbba1a47d7a1,fbba1a47d7a12e736753392eaa755c43d62e0327dfb2a4fe8efb264a7648b0c0,133,406,False,01_当前主原始数据/tba_hydrology/20260819T043300Z.html,01_当前主原始数据/tba_hydrology/20260819T090140Z.html,01_当前主原始数据,raw
DUP_fbba1a47d7a1,fbba1a47d7a12e736753392eaa755c43d62e0327dfb2a4fe8efb264a7648b0c0,133,406,False,01_当前主原始数据/tba_hydrology/20260819T043300Z.html,01_当前主原始数据/tba_hydrology/20260819T095121Z.html,01_当前主原始数据,raw
DUP_fbba1a47d7a1,fbba1a47d7a12e736753392eaa755c43d62e0327dfb2a4fe8efb264a7648b0c0,133,406,False,01_当前主原始数据/tba_hydrology/20260819T043300Z.html,01_当前主原始数据/tba_hydrology/20260819T100201Z.html,01_当前主原始数据,raw
DUP_fbba1a47d7a1,fbba1a47d7a12e736753392eaa755c43d62e0327dfb2a4fe8efb264a7648b0c0,133,406,False,01_当前主原始数据/tba_hydrology/20260819T043300Z.html,01_当前主原始数据/tba_hydrology/20260819T100856Z.html,01_当前主原始数据,raw
DUP_fbba1a47d7a1,fbba1a47d7a12e736753392eaa755c43d62e0327dfb2a4fe8efb264a7648b0c0,133,406,False,01_当前主原始数据/tba_hydrology/20260819T043300Z.html,01_当前主原始数据/tba_hydrology/20260819T102051Z.html,01_当前主原始数据,raw
DUP_fbba1a47d7a1,fbba1a47d7a12e736753392eaa755c43d62e0327dfb2a4fe8efb264a7648b0c0,133,406,False,01_当前主原始数据/tba_hydrology/20260819T043300Z.html,01_当前主原始数据/tba_hydrology/20260819T102653Z.html,01_当前主原始数据,raw
DUP_fbba1a47d7a1,fbba1a47d7a12e736753392eaa755c43d62e0327dfb2a4fe8efb264a7648b0c0,133,406,False,01_当前主原始数据/tba_hydrology/20260819T043300Z.html,01_当前主原始数据/tba_hydrology/20260819T102938Z.html,01_当前主原始数据,raw
DUP_fbba1a47d7a1,fbba1a47d7a12e736753392eaa755c43d62e0327dfb2a4fe8efb264a7648b0c0,133,406,False,01_当前主原始数据/tba_hydrology/20260819T043300Z.html,01_当前主原始数据/tba_hydrology/20260819T104244Z.html,01_当前主原始数据,raw
DUP_fbba1a47d7a1,fbba1a47d7a12e736753392eaa755c43d62e0327dfb2a4fe8efb264a7648b0c0,133,406,False,01_当前主原始数据/tba_hydrology/20260819T043300Z.html,01_当前主原始数据/tba_hydrology/20260819T111306Z.html,01_当前主原始数据,raw
DUP_fbba1a47d7a1,fbba1a47d7a12e736753392eaa755c43d62e0327dfb2a4fe8efb264a7648b0c0,133,406,False,01_当前主原始数据/tba_hydrology/20260819T043300Z.html,01_当前主原始数据/tba_hydrology/20260819T111421Z.html,01_当前主原始数据,raw
DUP_fbba1a47d7a1,fbba1a47d7a12e736753392eaa755c43d62e0327dfb2a4fe8efb264a7648b0c0,133,406,False,01_当前主原始数据/tba_hydrology/20260819T043300Z.html,01_当前主原始数据/tba_hydrology/20260819T112148Z.html,01_当前主原始数据,raw
DUP_fbba1a47d7a1,fbba1a47d7a12e736753392eaa755c43d62e0327dfb2a4fe8efb264a7648b0c0,133,406,False,01_当前主原始数据/tba_hydrology/20260819T043300Z.html,01_当前主原始数据/tba_hydrology/20260819T112615Z.html,01_当前主原始数据,raw
DUP_fbba1a47d7a1,fbba1a47d7a12e736753392eaa755c43d62e0327dfb2a4fe8efb264a7648b0c0,133,406,False,01_当前主原始数据/tba_hydrology/20260819T043300Z.html,01_当前主原始数据/tba_hydrology/20260819T112857Z.html,01_当前主原始数据,raw
DUP_fbba1a47d7a1,fbba1a47d7a12e736753392eaa755c43d62e0327dfb2a4fe8efb264a7648b0c0,133,406,False,01_当前主原始数据/tba_hydrology/20260819T043300Z.html,01_当前主原始数据/tba_hydrology/20260819T113243Z.html,01_当前主原始数据,raw
DUP_fbba1a47d7a1,fbba1a47d7a12e736753392eaa755c43d62e0327dfb2a4fe8efb264a7648b0c0,133,406,False,01_当前主原始数据/tba_hydrology/20260819T043300Z.html,01_当前主原始数据/tba_hydrology/20260819T113517Z.html,01_当前主原始数据,raw
DUP_fbba1a47d7a1,fbba1a47d7a12e736753392eaa755c43d62e0327dfb2a4fe8efb264a7648b0c0,133,406,False,01_当前主原始数据/tba_hydrology/20260819T043300Z.html,01_当前主原始数据/tba_hydrology/20260819T132109Z.html,01_当前主原始数据,raw
DUP_fbba1a47d7a1,fbba1a47d7a12e736753392eaa755c43d62e0327dfb2a4fe8efb264a7648b0c0,133,406,False,01_当前主原始数据/tba_hydrology/20260819T043300Z.html,01_当前主原始数据/tba_hydrology/20260819T132840Z.html,01_当前主原始数据,raw
DUP_fbba1a47d7a1,fbba1a47d7a12e736753392eaa755c43d62e0327dfb2a4fe8efb264a7648b0c0,133,406,False,01_当前主原始数据/tba_hydrology/20260819T043300Z.html,01_当前主原始数据/tba_hydrology/20260819T133638Z.html,01_当前主原始数据,raw
DUP_fbba1a47d7a1,fbba1a47d7a12e736753392eaa755c43d62e0327dfb2a4fe8efb264a7648b0c0,133,406,False,01_当前主原始数据/tba_hydrology/20260819T043300Z.html,01_当前主原始数据/tba_hydrology/20260819T135100Z.html,01_当前主原始数据,raw
DUP_fbba1a47d7a1,fbba1a47d7a12e736753392eaa755c43d62e0327dfb2a4fe8efb264a7648b0c0,133,406,False,01_当前主原始数据/tba_hydrology/20260819T043300Z.html,01_当前主原始数据/tba_hydrology/20260823T031327Z.html,01_当前主原始数据,raw
DUP_fbba1a47d7a1,fbba1a47d7a12e736753392eaa755c43d62e0327dfb2a4fe8efb264a7648b0c0,133,406,False,01_当前主原始数据/tba_hydrology/20260819T043300Z.html,01_当前主原始数据/tba_hydrology/20260823T110947Z.html,01_当前主原始数据,raw
DUP_fbba1a47d7a1,fbba1a47d7a12e736753392eaa755c43d62e0327dfb2a4fe8efb264a7648b0c0,133,406,False,01_当前主原始数据/tba_hydrology/20260819T043300Z.html,01_当前主原始数据/tba_hydrology/20260824T023414Z.html,01_当前主原始数据,raw
DUP_fbba1a47d7a1,fbba1a47d7a12e736753392eaa755c43d62e0327dfb2a4fe8efb264a7648b0c0,133,406,False,01_当前主原始数据/tba_hydrology/20260819T043300Z.html,01_当前主原始数据/tba_hydrology/20260824T035216Z.html,01_当前主原始数据,raw
DUP_fbba1a47d7a1,fbba1a47d7a12e736753392eaa755c43d62e0327dfb2a4fe8efb264a7648b0c0,133,406,False,01_当前主原始数据/tba_hydrology/20260819T043300Z.html,01_当前主原始数据/tba_hydrology/20260824T035306Z.html,01_当前主原始数据,raw
DUP_fbba1a47d7a1,fbba1a47d7a12e736753392eaa755c43d62e0327dfb2a4fe8efb264a7648b0c0,133,406,False,01_当前主原始数据/tba_hydrology/20260819T043300Z.html,01_当前主原始数据/tba_hydrology/20260824T035749Z.html,01_当前主原始数据,raw
DUP_fbba1a47d7a1,fbba1a47d7a12e736753392eaa755c43d62e0327dfb2a4fe8efb264a7648b0c0,133,406,False,01_当前主原始数据/tba_hydrology/20260819T043300Z.html,01_当前主原始数据/tba_hydrology/20260831T035517Z.html,01_当前主原始数据,raw
DUP_fbba1a47d7a1,fbba1a47d7a12e736753392eaa755c43d62e0327dfb2a4fe8efb264a7648b0c0,133,406,False,01_当前主原始数据/tba_hydrology/20260819T043300Z.html,02_旧版补充原始数据/tba_hydrology/20260819T043300Z.html,02_旧版补充原始数据,raw
DUP_fbba1a47d7a1,fbba1a47d7a12e736753392eaa755c43d62e0327dfb2a4fe8efb264a7648b0c0,133,406,False,01_当前主原始数据/tba_hydrology/20260819T043300Z.html,02_旧版补充原始数据/tba_hydrology/20260819T043316Z.html,02_旧版补充原始数据,raw
DUP_fbba1a47d7a1,fbba1a47d7a12e736753392eaa755c43d62e0327dfb2a4fe8efb264a7648b0c0,133,406,False,01_当前主原始数据/tba_hydrology/20260819T043300Z.html,02_旧版补充原始数据/tba_hydrology/20260819T043349Z.html,02_旧版补充原始数据,raw
DUP_fbba1a47d7a1,fbba1a47d7a12e736753392eaa755c43d62e0327dfb2a4fe8efb264a7648b0c0,133,406,False,01_当前主原始数据/tba_hydrology/20260819T043300Z.html,02_旧版补充原始数据/tba_hydrology/20260819T043455Z.html,02_旧版补充原始数据,raw
DUP_fbba1a47d7a1,fbba1a47d7a12e736753392eaa755c43d62e0327dfb2a4fe8efb264a7648b0c0,133,406,False,01_当前主原始数据/tba_hydrology/20260819T043300Z.html,02_旧版补充原始数据/tba_hydrology/20260819T043520Z.html,02_旧版补充原始数据,raw
DUP_fbba1a47d7a1,fbba1a47d7a12e736753392eaa755c43d62e0327dfb2a4fe8efb264a7648b0c0,133,406,False,01_当前主原始数据/tba_hydrology/20260819T043300Z.html,02_旧版补充原始数据/tba_hydrology/20260819T043556Z.html,02_旧版补充原始数据,raw
DUP_fbba1a47d7a1,fbba1a47d7a12e736753392eaa755c43d62e0327dfb2a4fe8efb264a7648b0c0,133,406,False,01_当前主原始数据/tba_hydrology/20260819T043300Z.html,02_旧版补充原始数据/tba_hydrology/20260819T043627Z.html,02_旧版补充原始数据,raw
DUP_fbba1a47d7a1,fbba1a47d7a12e736753392eaa755c43d62e0327dfb2a4fe8efb264a7648b0c0,133,406,False,01_当前主原始数据/tba_hydrology/20260819T043300Z.html,02_旧版补充原始数据/tba_hydrology/20260819T044426Z.html,02_旧版补充原始数据,raw
DUP_fbba1a47d7a1,fbba1a47d7a12e736753392eaa755c43d62e0327dfb2a4fe8efb264a7648b0c0,133,406,False,01_当前主原始数据/tba_hydrology/20260819T043300Z.html,02_旧版补充原始数据/tba_hydrology/20260819T044457Z.html,02_旧版补充原始数据,raw
DUP_fbba1a47d7a1,fbba1a47d7a12e736753392eaa755c43d62e0327dfb2a4fe8efb264a7648b0c0,133,406,False,01_当前主原始数据/tba_hydrology/20260819T043300Z.html,02_旧版补充原始数据/tba_hydrology/20260819T045226Z.html,02_旧版补充原始数据,raw
DUP_fbba1a47d7a1,fbba1a47d7a12e736753392eaa755c43d62e0327dfb2a4fe8efb264a7648b0c0,133,406,False,01_当前主原始数据/tba_hydrology/20260819T043300Z.html,02_旧版补充原始数据/tba_hydrology/20260819T045238Z.html,02_旧版补充原始数据,raw
DUP_fbba1a47d7a1,fbba1a47d7a12e736753392eaa755c43d62e0327dfb2a4fe8efb264a7648b0c0,133,406,False,01_当前主原始数据/tba_hydrology/20260819T043300Z.html,02_旧版补充原始数据/tba_hydrology/20260819T045312Z.html,02_旧版补充原始数据,raw
DUP_fbba1a47d7a1,fbba1a47d7a12e736753392eaa755c43d62e0327dfb2a4fe8efb264a7648b0c0,133,406,False,01_当前主原始数据/tba_hydrology/20260819T043300Z.html,02_旧版补充原始数据/tba_hydrology/20260819T050626Z.html,02_旧版补充原始数据,raw
DUP_fbba1a47d7a1,fbba1a47d7a12e736753392eaa755c43d62e0327dfb2a4fe8efb264a7648b0c0,133,406,False,01_当前主原始数据/tba_hydrology/20260819T043300Z.html,02_旧版补充原始数据/tba_hydrology/20260819T052520Z.html,02_旧版补充原始数据,raw
DUP_fbba1a47d7a1,fbba1a47d7a12e736753392eaa755c43d62e0327dfb2a4fe8efb264a7648b0c0,133,406,False,01_当前主原始数据/tba_hydrology/20260819T043300Z.html,02_旧版补充原始数据/tba_hydrology/20260819T053452Z.html,02_旧版补充原始数据,raw
DUP_fbba1a47d7a1,fbba1a47d7a12e736753392eaa755c43d62e0327dfb2a4fe8efb264a7648b0c0,133,406,False,01_当前主原始数据/tba_hydrology/20260819T043300Z.html,02_旧版补充原始数据/tba_hydrology/20260819T054722Z.html,02_旧版补充原始数据,raw
DUP_fbba1a47d7a1,fbba1a47d7a12e736753392eaa755c43d62e0327dfb2a4fe8efb264a7648b0c0,133,406,False,01_当前主原始数据/tba_hydrology/20260819T043300Z.html,02_旧版补充原始数据/tba_hydrology/20260819T055534Z.html,02_旧版补充原始数据,raw
DUP_fbba1a47d7a1,fbba1a47d7a12e736753392eaa755c43d62e0327dfb2a4fe8efb264a7648b0c0,133,406,False,01_当前主原始数据/tba_hydrology/20260819T043300Z.html,02_旧版补充原始数据/tba_hydrology/20260819T062127Z.html,02_旧版补充原始数据,raw
DUP_fbba1a47d7a1,fbba1a47d7a12e736753392eaa755c43d62e0327dfb2a4fe8efb264a7648b0c0,133,406,False,01_当前主原始数据/tba_hydrology/20260819T043300Z.html,02_旧版补充原始数据/tba_hydrology/20260819T062301Z.html,02_旧版补充原始数据,raw
DUP_fbba1a47d7a1,fbba1a47d7a12e736753392eaa755c43d62e0327dfb2a4fe8efb264a7648b0c0,133,406,False,01_当前主原始数据/tba_hydrology/20260819T043300Z.html,02_旧版补充原始数据/tba_hydrology/20260819T062807Z.html,02_旧版补充原始数据,raw
DUP_fbba1a47d7a1,fbba1a47d7a12e736753392eaa755c43d62e0327dfb2a4fe8efb264a7648b0c0,133,406,False,01_当前主原始数据/tba_hydrology/20260819T043300Z.html,02_旧版补充原始数据/tba_hydrology/20260819T063137Z.html,02_旧版补充原始数据,raw
DUP_fbba1a47d7a1,fbba1a47d7a12e736753392eaa755c43d62e0327dfb2a4fe8efb264a7648b0c0,133,406,False,01_当前主原始数据/tba_hydrology/20260819T043300Z.html,02_旧版补充原始数据/tba_hydrology/20260819T064509Z.html,02_旧版补充原始数据,raw
DUP_fbba1a47d7a1,fbba1a47d7a12e736753392eaa755c43d62e0327dfb2a4fe8efb264a7648b0c0,133,406,False,01_当前主原始数据/tba_hydrology/20260819T043300Z.html,02_旧版补充原始数据/tba_hydrology/20260819T064804Z.html,02_旧版补充原始数据,raw
DUP_fbba1a47d7a1,fbba1a47d7a12e736753392eaa755c43d62e0327dfb2a4fe8efb264a7648b0c0,133,406,False,01_当前主原始数据/tba_hydrology/20260819T043300Z.html,02_旧版补充原始数据/tba_hydrology/20260819T065310Z.html,02_旧版补充原始数据,raw
DUP_fbba1a47d7a1,fbba1a47d7a12e736753392eaa755c43d62e0327dfb2a4fe8efb264a7648b0c0,133,406,False,01_当前主原始数据/tba_hydrology/20260819T043300Z.html,02_旧版补充原始数据/tba_hydrology/20260819T070321Z.html,02_旧版补充原始数据,raw
DUP_fbba1a47d7a1,fbba1a47d7a12e736753392eaa755c43d62e0327dfb2a4fe8efb264a7648b0c0,133,406,False,01_当前主原始数据/tba_hydrology/20260819T043300Z.html,02_旧版补充原始数据/tba_hydrology/20260819T071251Z.html,02_旧版补充原始数据,raw
DUP_fbba1a47d7a1,fbba1a47d7a12e736753392eaa755c43d62e0327dfb2a4fe8efb264a7648b0c0,133,406,False,01_当前主原始数据/tba_hydrology/20260819T043300Z.html,02_旧版补充原始数据/tba_hydrology/20260819T071438Z.html,02_旧版补充原始数据,raw
DUP_fbba1a47d7a1,fbba1a47d7a12e736753392eaa755c43d62e0327dfb2a4fe8efb264a7648b0c0,133,406,False,01_当前主原始数据/tba_hydrology/20260819T043300Z.html,02_旧版补充原始数据/tba_hydrology/20260819T072310Z.html,02_旧版补充原始数据,raw
DUP_fbba1a47d7a1,fbba1a47d7a12e736753392eaa755c43d62e0327dfb2a4fe8efb264a7648b0c0,133,406,False,01_当前主原始数据/tba_hydrology/20260819T043300Z.html,02_旧版补充原始数据/tba_hydrology/20260819T073001Z.html,02_旧版补充原始数据,raw
DUP_fbba1a47d7a1,fbba1a47d7a12e736753392eaa755c43d62e0327dfb2a4fe8efb264a7648b0c0,133,406,False,01_当前主原始数据/tba_hydrology/20260819T043300Z.html,02_旧版补充原始数据/tba_hydrology/20260819T073120Z.html,02_旧版补充原始数据,raw
DUP_fbba1a47d7a1,fbba1a47d7a12e736753392eaa755c43d62e0327dfb2a4fe8efb264a7648b0c0,133,406,False,01_当前主原始数据/tba_hydrology/20260819T043300Z.html,02_旧版补充原始数据/tba_hydrology/20260819T074506Z.html,02_旧版补充原始数据,raw
DUP_fbba1a47d7a1,fbba1a47d7a12e736753392eaa755c43d62e0327dfb2a4fe8efb264a7648b0c0,133,406,False,01_当前主原始数据/tba_hydrology/20260819T043300Z.html,02_旧版补充原始数据/tba_hydrology/20260819T074952Z.html,02_旧版补充原始数据,raw
DUP_fbba1a47d7a1,fbba1a47d7a12e736753392eaa755c43d62e0327dfb2a4fe8efb264a7648b0c0,133,406,False,01_当前主原始数据/tba_hydrology/20260819T043300Z.html,02_旧版补充原始数据/tba_hydrology/20260819T075554Z.html,02_旧版补充原始数据,raw
DUP_fbba1a47d7a1,fbba1a47d7a12e736753392eaa755c43d62e0327dfb2a4fe8efb264a7648b0c0,133,406,False,01_当前主原始数据/tba_hydrology/20260819T043300Z.html,02_旧版补充原始数据/tba_hydrology/20260819T080454Z.html,02_旧版补充原始数据,raw
DUP_fbba1a47d7a1,fbba1a47d7a12e736753392eaa755c43d62e0327dfb2a4fe8efb264a7648b0c0,133,406,False,01_当前主原始数据/tba_hydrology/20260819T043300Z.html,02_旧版补充原始数据/tba_hydrology/20260819T080720Z.html,02_旧版补充原始数据,raw
DUP_fbba1a47d7a1,fbba1a47d7a12e736753392eaa755c43d62e0327dfb2a4fe8efb264a7648b0c0,133,406,False,01_当前主原始数据/tba_hydrology/20260819T043300Z.html,02_旧版补充原始数据/tba_hydrology/20260819T080933Z.html,02_旧版补充原始数据,raw
DUP_fbba1a47d7a1,fbba1a47d7a12e736753392eaa755c43d62e0327dfb2a4fe8efb264a7648b0c0,133,406,False,01_当前主原始数据/tba_hydrology/20260819T043300Z.html,02_旧版补充原始数据/tba_hydrology/20260819T081548Z.html,02_旧版补充原始数据,raw
DUP_fbba1a47d7a1,fbba1a47d7a12e736753392eaa755c43d62e0327dfb2a4fe8efb264a7648b0c0,133,406,False,01_当前主原始数据/tba_hydrology/20260819T043300Z.html,02_旧版补充原始数据/tba_hydrology/20260819T082824Z.html,02_旧版补充原始数据,raw
DUP_fbba1a47d7a1,fbba1a47d7a12e736753392eaa755c43d62e0327dfb2a4fe8efb264a7648b0c0,133,406,False,01_当前主原始数据/tba_hydrology/20260819T043300Z.html,02_旧版补充原始数据/tba_hydrology/20260819T083928Z.html,02_旧版补充原始数据,raw
DUP_fbba1a47d7a1,fbba1a47d7a12e736753392eaa755c43d62e0327dfb2a4fe8efb264a7648b0c0,133,406,False,01_当前主原始数据/tba_hydrology/20260819T043300Z.html,02_旧版补充原始数据/tba_hydrology/20260819T084212Z.html,02_旧版补充原始数据,raw
DUP_fbba1a47d7a1,fbba1a47d7a12e736753392eaa755c43d62e0327dfb2a4fe8efb264a7648b0c0,133,406,False,01_当前主原始数据/tba_hydrology/20260819T043300Z.html,02_旧版补充原始数据/tba_hydrology/20260819T084918Z.html,02_旧版补充原始数据,raw
DUP_fbba1a47d7a1,fbba1a47d7a12e736753392eaa755c43d62e0327dfb2a4fe8efb264a7648b0c0,133,406,False,01_当前主原始数据/tba_hydrology/20260819T043300Z.html,02_旧版补充原始数据/tba_hydrology/20260819T085852Z.html,02_旧版补充原始数据,raw
DUP_fbba1a47d7a1,fbba1a47d7a12e736753392eaa755c43d62e0327dfb2a4fe8efb264a7648b0c0,133,406,False,01_当前主原始数据/tba_hydrology/20260819T043300Z.html,02_旧版补充原始数据/tba_hydrology/20260819T090140Z.html,02_旧版补充原始数据,raw
DUP_fbba1a47d7a1,fbba1a47d7a12e736753392eaa755c43d62e0327dfb2a4fe8efb264a7648b0c0,133,406,False,01_当前主原始数据/tba_hydrology/20260819T043300Z.html,02_旧版补充原始数据/tba_hydrology/20260819T095121Z.html,02_旧版补充原始数据,raw
DUP_fbba1a47d7a1,fbba1a47d7a12e736753392eaa755c43d62e0327dfb2a4fe8efb264a7648b0c0,133,406,False,01_当前主原始数据/tba_hydrology/20260819T043300Z.html,02_旧版补充原始数据/tba_hydrology/20260819T100201Z.html,02_旧版补充原始数据,raw
DUP_fbba1a47d7a1,fbba1a47d7a12e736753392eaa755c43d62e0327dfb2a4fe8efb264a7648b0c0,133,406,False,01_当前主原始数据/tba_hydrology/20260819T043300Z.html,02_旧版补充原始数据/tba_hydrology/20260819T100856Z.html,02_旧版补充原始数据,raw
DUP_fbba1a47d7a1,fbba1a47d7a12e736753392eaa755c43d62e0327dfb2a4fe8efb264a7648b0c0,133,406,False,01_当前主原始数据/tba_hydrology/20260819T043300Z.html,02_旧版补充原始数据/tba_hydrology/20260819T102051Z.html,02_旧版补充原始数据,raw
DUP_fbba1a47d7a1,fbba1a47d7a12e736753392eaa755c43d62e0327dfb2a4fe8efb264a7648b0c0,133,406,False,01_当前主原始数据/tba_hydrology/20260819T043300Z.html,02_旧版补充原始数据/tba_hydrology/20260819T102653Z.html,02_旧版补充原始数据,raw
DUP_fbba1a47d7a1,fbba1a47d7a12e736753392eaa755c43d62e0327dfb2a4fe8efb264a7648b0c0,133,406,False,01_当前主原始数据/tba_hydrology/20260819T043300Z.html,02_旧版补充原始数据/tba_hydrology/20260819T102938Z.html,02_旧版补充原始数据,raw
DUP_fbba1a47d7a1,fbba1a47d7a12e736753392eaa755c43d62e0327dfb2a4fe8efb264a7648b0c0,133,406,False,01_当前主原始数据/tba_hydrology/20260819T043300Z.html,02_旧版补充原始数据/tba_hydrology/20260819T104244Z.html,02_旧版补充原始数据,raw
DUP_fbba1a47d7a1,fbba1a47d7a12e736753392eaa755c43d62e0327dfb2a4fe8efb264a7648b0c0,133,406,False,01_当前主原始数据/tba_hydrology/20260819T043300Z.html,02_旧版补充原始数据/tba_hydrology/20260819T111306Z.html,02_旧版补充原始数据,raw
DUP_fbba1a47d7a1,fbba1a47d7a12e736753392eaa755c43d62e0327dfb2a4fe8efb264a7648b0c0,133,406,False,01_当前主原始数据/tba_hydrology/20260819T043300Z.html,02_旧版补充原始数据/tba_hydrology/20260819T111421Z.html,02_旧版补充原始数据,raw
DUP_fbba1a47d7a1,fbba1a47d7a12e736753392eaa755c43d62e0327dfb2a4fe8efb264a7648b0c0,133,406,False,01_当前主原始数据/tba_hydrology/20260819T043300Z.html,02_旧版补充原始数据/tba_hydrology/20260819T112148Z.html,02_旧版补充原始数据,raw
DUP_fbba1a47d7a1,fbba1a47d7a12e736753392eaa755c43d62e0327dfb2a4fe8efb264a7648b0c0,133,406,False,01_当前主原始数据/tba_hydrology/20260819T043300Z.html,02_旧版补充原始数据/tba_hydrology/20260819T112615Z.html,02_旧版补充原始数据,raw
DUP_fbba1a47d7a1,fbba1a47d7a12e736753392eaa755c43d62e0327dfb2a4fe8efb264a7648b0c0,133,406,False,01_当前主原始数据/tba_hydrology/20260819T043300Z.html,02_旧版补充原始数据/tba_hydrology/20260819T112857Z.html,02_旧版补充原始数据,raw
DUP_fbba1a47d7a1,fbba1a47d7a12e736753392eaa755c43d62e0327dfb2a4fe8efb264a7648b0c0,133,406,False,01_当前主原始数据/tba_hydrology/20260819T043300Z.html,02_旧版补充原始数据/tba_hydrology/20260819T113243Z.html,02_旧版补充原始数据,raw
DUP_fbba1a47d7a1,fbba1a47d7a12e736753392eaa755c43d62e0327dfb2a4fe8efb264a7648b0c0,133,406,False,01_当前主原始数据/tba_hydrology/20260819T043300Z.html,02_旧版补充原始数据/tba_hydrology/20260819T113517Z.html,02_旧版补充原始数据,raw
DUP_fbba1a47d7a1,fbba1a47d7a12e736753392eaa755c43d62e0327dfb2a4fe8efb264a7648b0c0,133,406,False,01_当前主原始数据/tba_hydrology/20260819T043300Z.html,02_旧版补充原始数据/tba_hydrology/20260819T132109Z.html,02_旧版补充原始数据,raw
DUP_fbba1a47d7a1,fbba1a47d7a12e736753392eaa755c43d62e0327dfb2a4fe8efb264a7648b0c0,133,406,False,01_当前主原始数据/tba_hydrology/20260819T043300Z.html,02_旧版补充原始数据/tba_hydrology/20260819T132840Z.html,02_旧版补充原始数据,raw
DUP_fbba1a47d7a1,fbba1a47d7a12e736753392eaa755c43d62e0327dfb2a4fe8efb264a7648b0c0,133,406,False,01_当前主原始数据/tba_hydrology/20260819T043300Z.html,02_旧版补充原始数据/tba_hydrology/20260819T133638Z.html,02_旧版补充原始数据,raw
DUP_fbba1a47d7a1,fbba1a47d7a12e736753392eaa755c43d62e0327dfb2a4fe8efb264a7648b0c0,133,406,False,01_当前主原始数据/tba_hydrology/20260819T043300Z.html,02_旧版补充原始数据/tba_hydrology/20260819T135100Z.html,02_旧版补充原始数据,raw
DUP_fbba1a47d7a1,fbba1a47d7a12e736753392eaa755c43d62e0327dfb2a4fe8efb264a7648b0c0,133,406,False,01_当前主原始数据/tba_hydrology/20260819T043300Z.html,02_旧版补充原始数据/tba_hydrology/20260823T031327Z.html,02_旧版补充原始数据,raw
DUP_fbba1a47d7a1,fbba1a47d7a12e736753392eaa755c43d62e0327dfb2a4fe8efb264a7648b0c0,133,406,False,01_当前主原始数据/tba_hydrology/20260819T043300Z.html,02_旧版补充原始数据/tba_hydrology/20260823T110947Z.html,02_旧版补充原始数据,raw
DUP_fbba1a47d7a1,fbba1a47d7a12e736753392eaa755c43d62e0327dfb2a4fe8efb264a7648b0c0,133,406,False,01_当前主原始数据/tba_hydrology/20260819T043300Z.html,02_旧版补充原始数据/tba_hydrology/20260824T023414Z.html,02_旧版补充原始数据,raw
DUP_fbba1a47d7a1,fbba1a47d7a12e736753392eaa755c43d62e0327dfb2a4fe8efb264a7648b0c0,133,406,False,01_当前主原始数据/tba_hydrology/20260819T043300Z.html,05_旧版整理区_混合留存/hydrology/tba_hydrology_download_failed/20260819T043300Z.html,05_旧版整理区_混合留存,raw
DUP_fc0963c79431,fc0963c79431d23c9c12b8cca940e0afee4bd867e7a2f12a629acf4378b0de03,3,85218318,True,01_当前主原始数据/mee_surface_water_monthly/mee_surface_water_2024-11.pdf,01_当前主原始数据/mee_surface_water_monthly/mee_surface_water_2024-11.pdf,01_当前主原始数据,raw
DUP_fc0963c79431,fc0963c79431d23c9c12b8cca940e0afee4bd867e7a2f12a629acf4378b0de03,3,85218318,False,01_当前主原始数据/mee_surface_water_monthly/mee_surface_water_2024-11.pdf,02_旧版补充原始数据/mee_surface_water_monthly/mee_surface_water_2024-11.pdf,02_旧版补充原始数据,raw
DUP_fc0963c79431,fc0963c79431d23c9c12b8cca940e0afee4bd867e7a2f12a629acf4378b0de03,3,85218318,False,01_当前主原始数据/mee_surface_water_monthly/mee_surface_water_2024-11.pdf,05_旧版整理区_混合留存/reports/mee_surface_water_monthly/mee_surface_water_2024-11.pdf,05_旧版整理区_混合留存,metadata
DUP_fccb9fda144c,fccb9fda144c1a8a7696ec04d68f0cb0bcb88bda97748cd5bccbbf7f3d00bc8c,2,37909,True,02_旧版补充原始数据/lake_geodata_probe/20260818T114642Z_niglas_taihu_water_quality.html,02_旧版补充原始数据/lake_geodata_probe/20260818T114642Z_niglas_taihu_water_quality.html,02_旧版补充原始数据,raw
DUP_fccb9fda144c,fccb9fda144c1a8a7696ec04d68f0cb0bcb88bda97748cd5bccbbf7f3d00bc8c,2,37909,False,02_旧版补充原始数据/lake_geodata_probe/20260818T114642Z_niglas_taihu_water_quality.html,05_旧版整理区_混合留存/unknown/lake_geodata_probes/20260818T114642Z_niglas_taihu_water_quality.html,05_旧版整理区_混合留存,raw
DUP_fcf69b4a3c2e,fcf69b4a3c2eb0be7d907e8ead9a7150c0a56e620d8abaad261aa79b5914aa02,2,3433111,True,03_THQBCA-V2原始数据集/解压内容/2.Bio-optics/2.1AquaticVegetation/TH_vege_2018-11-22.tif,03_THQBCA-V2原始数据集/解压内容/2.Bio-optics/2.1AquaticVegetation/TH_vege_2018-11-22.tif,03_THQBCA-V2原始数据集,raw
DUP_fcf69b4a3c2e,fcf69b4a3c2eb0be7d907e8ead9a7150c0a56e620d8abaad261aa79b5914aa02,2,3433111,False,03_THQBCA-V2原始数据集/解压内容/2.Bio-optics/2.1AquaticVegetation/TH_vege_2018-11-22.tif,05_旧版整理区_混合留存/remote_sensing/thqbca_v2_biooptics/TH_vege_2018-11-22.tif,05_旧版整理区_混合留存,raw
DUP_fd431b3052e1,fd431b3052e1446f2c8285aa6e465d130b3717c2639be13b24c196363d09447c,2,42589,True,02_旧版补充原始数据/lake_geodata_probe/20260818T114832Z_niglas_lake_geodata_feature.html,02_旧版补充原始数据/lake_geodata_probe/20260818T114832Z_niglas_lake_geodata_feature.html,02_旧版补充原始数据,raw
DUP_fd431b3052e1,fd431b3052e1446f2c8285aa6e465d130b3717c2639be13b24c196363d09447c,2,42589,False,02_旧版补充原始数据/lake_geodata_probe/20260818T114832Z_niglas_lake_geodata_feature.html,05_旧版整理区_混合留存/unknown/lake_geodata_probes/20260818T114832Z_niglas_lake_geodata_feature.html,05_旧版整理区_混合留存,raw
DUP_fd85513eeb71,fd85513eeb71f1e6699db6d6d8a0a344017f9617c3f566dcd60e939dc741986d,2,17699837,True,03_THQBCA-V2原始数据集/解压内容/2.Bio-optics/2.5TSI/TH_TSI_1988.tif,03_THQBCA-V2原始数据集/解压内容/2.Bio-optics/2.5TSI/TH_TSI_1988.tif,03_THQBCA-V2原始数据集,raw
DUP_fd85513eeb71,fd85513eeb71f1e6699db6d6d8a0a344017f9617c3f566dcd60e939dc741986d,2,17699837,False,03_THQBCA-V2原始数据集/解压内容/2.Bio-optics/2.5TSI/TH_TSI_1988.tif,05_旧版整理区_混合留存/remote_sensing/thqbca_v2_biooptics/TH_TSI_1988.tif,05_旧版整理区_混合留存,raw
DUP_fe1c7006dd2f,fe1c7006dd2fbd214c3335a01a4df9692841e91a1d9be3d806a7e381b1a898b2,3,107948704,True,01_当前主原始数据/earth_search_sentinel2_annual/2022_mosaic/S2A_51RTQ_20220503_0_L2A/nir.tif,01_当前主原始数据/earth_search_sentinel2_annual/2022_mosaic/S2A_51RTQ_20220503_0_L2A/nir.tif,01_当前主原始数据,raw
DUP_fe1c7006dd2f,fe1c7006dd2fbd214c3335a01a4df9692841e91a1d9be3d806a7e381b1a898b2,3,107948704,False,01_当前主原始数据/earth_search_sentinel2_annual/2022_mosaic/S2A_51RTQ_20220503_0_L2A/nir.tif,02_旧版补充原始数据/earth_search_sentinel2_annual/2022_mosaic/S2A_51RTQ_20220503_0_L2A/nir.tif,02_旧版补充原始数据,raw
DUP_fe1c7006dd2f,fe1c7006dd2fbd214c3335a01a4df9692841e91a1d9be3d806a7e381b1a898b2,3,107948704,False,01_当前主原始数据/earth_search_sentinel2_annual/2022_mosaic/S2A_51RTQ_20220503_0_L2A/nir.tif,05_旧版整理区_混合留存/remote_sensing/earth_search_sentinel2_annual/nir_fe1c7006.tif,05_旧版整理区_混合留存,raw
DUP_fe5d7c4785ee,fe5d7c4785eecee40311d0827c86fbf694399b7a0a5a2b0e87ef798090c836a3,2,17699837,True,03_THQBCA-V2原始数据集/解压内容/2.Bio-optics/2.3SDD/TH_SDD_1991.tif,03_THQBCA-V2原始数据集/解压内容/2.Bio-optics/2.3SDD/TH_SDD_1991.tif,03_THQBCA-V2原始数据集,raw
DUP_fe5d7c4785ee,fe5d7c4785eecee40311d0827c86fbf694399b7a0a5a2b0e87ef798090c836a3,2,17699837,False,03_THQBCA-V2原始数据集/解压内容/2.Bio-optics/2.3SDD/TH_SDD_1991.tif,05_旧版整理区_混合留存/remote_sensing/thqbca_v2_biooptics/TH_SDD_1991.tif,05_旧版整理区_混合留存,raw
DUP_fe7e2bd85db1,fe7e2bd85db1f4f2391ffbd98ca0c554c85458ec64c9614e6e8b114f66ecfd69,3,1992,True,01_当前主原始数据/meteorology/noaa_gfs/gfs_2026-08-18_18z_f012_taihu_subset.grib2,01_当前主原始数据/meteorology/noaa_gfs/gfs_2026-08-18_18z_f012_taihu_subset.grib2,01_当前主原始数据,raw
DUP_fe7e2bd85db1,fe7e2bd85db1f4f2391ffbd98ca0c554c85458ec64c9614e6e8b114f66ecfd69,3,1992,False,01_当前主原始数据/meteorology/noaa_gfs/gfs_2026-08-18_18z_f012_taihu_subset.grib2,02_旧版补充原始数据/meteorology/noaa_gfs/gfs_2026-08-18_18z_f012_taihu_subset.grib2,02_旧版补充原始数据,raw
DUP_fe7e2bd85db1,fe7e2bd85db1f4f2391ffbd98ca0c554c85458ec64c9614e6e8b114f66ecfd69,3,1992,False,01_当前主原始数据/meteorology/noaa_gfs/gfs_2026-08-18_18z_f012_taihu_subset.grib2,05_旧版整理区_混合留存/meteorology/noaa_gfs/gfs_2026-08-18_18z_f012_taihu_subset.grib2,05_旧版整理区_混合留存,raw
DUP_fe956c9a3989,fe956c9a39892756095e52eead226af22c9c982e90e6ebbb04d813737c54b495,2,17699837,True,03_THQBCA-V2原始数据集/解压内容/2.Bio-optics/2.3SDD/TH_SDD_2013.tif,03_THQBCA-V2原始数据集/解压内容/2.Bio-optics/2.3SDD/TH_SDD_2013.tif,03_THQBCA-V2原始数据集,raw
DUP_fe956c9a3989,fe956c9a39892756095e52eead226af22c9c982e90e6ebbb04d813737c54b495,2,17699837,False,03_THQBCA-V2原始数据集/解压内容/2.Bio-optics/2.3SDD/TH_SDD_2013.tif,05_旧版整理区_混合留存/remote_sensing/thqbca_v2_biooptics/TH_SDD_2013.tif,05_旧版整理区_混合留存,raw
DUP_ffbe5fb26a6f,ffbe5fb26a6f682c6896586941506ae51f608c14f00069f7aab1225af096c021,3,7658690,True,01_当前主原始数据/meteorology/noaa_gfs/gfs_2026-08-18_18z_f030_subset.grib2,01_当前主原始数据/meteorology/noaa_gfs/gfs_2026-08-18_18z_f030_subset.grib2,01_当前主原始数据,raw
DUP_ffbe5fb26a6f,ffbe5fb26a6f682c6896586941506ae51f608c14f00069f7aab1225af096c021,3,7658690,False,01_当前主原始数据/meteorology/noaa_gfs/gfs_2026-08-18_18z_f030_subset.grib2,02_旧版补充原始数据/meteorology/noaa_gfs/gfs_2026-08-18_18z_f030_subset.grib2,02_旧版补充原始数据,raw
DUP_ffbe5fb26a6f,ffbe5fb26a6f682c6896586941506ae51f608c14f00069f7aab1225af096c021,3,7658690,False,01_当前主原始数据/meteorology/noaa_gfs/gfs_2026-08-18_18z_f030_subset.grib2,05_旧版整理区_混合留存/meteorology/noaa_gfs/gfs_2026-08-18_18z_f030_subset.grib2,05_旧版整理区_混合留存,raw
