relative_path,source_partition,sniffed_format,size_bytes,sha256,cleaner_name,status,notes
01_当前主原始数据/land_surface/modis_lst/.curl_cookies,01_当前主原始数据,delimited_text,2252,4c6250f05d3fd5806df43a2171912dbd878ee9cd9c54ca43c612f9398165cb49,exception_temporary,REJECTED,采集过程临时资料（验证码/隐藏文件/cookie），按规则不进入数据模型
01_当前主原始数据/meteorology/c3s_seasonal/c3s_forecast_2025_02_system51_tcc.grib,01_当前主原始数据,empty,0,e3b0c44298fc1c149afbf4c8996fb92427ae41e4649b934ca495991b7852b855,exception_zero_byte,REJECTED,零字节文件：无任何字节内容，禁止进入有效记录
01_当前主原始数据/ocean_color/modis_aqua_chla/.curl_cookies,01_当前主原始数据,delimited_text,2242,c47662b1ed243895391c0f5644383447cc6300c82899496a0e1c27dfc44cc70b,exception_temporary,REJECTED,采集过程临时资料（验证码/隐藏文件/cookie），按规则不进入数据模型
01_当前主原始数据/ocean_color/modis_aqua_chla/AQUA_MODIS.20020704.L3m.DAY.CHL.chlor_a.4km.nc,01_当前主原始数据,hdf5,6193152,85ead887398ca150c3d32c9f79cc2f58781f7b66ee3219e3ee3f322a8b698458,clean_modis_ocean_color,REJECTED,HDF5 文件截断（truncated file）
01_当前主原始数据/ocean_color/modis_aqua_chla/AQUA_MODIS.20020705.L3m.DAY.CHL.chlor_a.4km.nc,01_当前主原始数据,hdf5,9306112,07c623b218d1cd395ac80cf4d5f9f570203fcb91200416e194182fa75fdee25c,clean_modis_ocean_color,REJECTED,HDF5 文件截断（truncated file）
01_当前主原始数据/ocean_color/modis_aqua_chla/AQUA_MODIS.20020706.L3m.DAY.CHL.chlor_a.4km.nc,01_当前主原始数据,hdf5,5439488,f9369d09eb4c366e228680db06a47d8192be0b6d3558d83fc6268f2ad76a4b1e,clean_modis_ocean_color,REJECTED,HDF5 文件截断（truncated file）
01_当前主原始数据/ocean_color/modis_aqua_chla/AQUA_MODIS.20020707.L3m.DAY.CHL.chlor_a.4km.nc,01_当前主原始数据,hdf5,4521984,a21b36e20ca0658612e92fa28e7ba805785aa7a043599c58f0943155fb663590,clean_modis_ocean_color,REJECTED,HDF5 文件截断（truncated file）
01_当前主原始数据/ocean_color/modis_aqua_chla/AQUA_MODIS.20020708.L3m.DAY.CHL.chlor_a.4km.nc,01_当前主原始数据,hdf5,9109504,cd07b2f5cfa03f7681debec88483b027b7d9d47f693a9e48d6b8d1e2fd0dbfb9,clean_modis_ocean_color,REJECTED,HDF5 文件截断（truncated file）
01_当前主原始数据/ocean_color/modis_aqua_chla/AQUA_MODIS.20020709.L3m.DAY.CHL.chlor_a.4km.nc,01_当前主原始数据,hdf5,8978432,6319c00fac72936122c1269913ce2df9b7143bcf02c3f3577f970f6e3d22305f,clean_modis_ocean_color,REJECTED,HDF5 文件截断（truncated file）
01_当前主原始数据/ocean_color/modis_aqua_chla/AQUA_MODIS.20020711.L3m.DAY.CHL.chlor_a.4km.nc,01_当前主原始数据,hdf5,5111808,0ecd8b0686ce7006bbabb76d1966bc297eb8b71b7fa87cbc0b4ef19ab9140e0b,clean_modis_ocean_color,REJECTED,HDF5 文件截断（truncated file）
01_当前主原始数据/ocean_color/modis_aqua_chla/AQUA_MODIS.20020712.L3m.DAY.CHL.chlor_a.4km.nc,01_当前主原始数据,hdf5,9240576,41cf31b25ef3429c6751fa89658bbd3f94800bbed2367ee03aec5b42ccb3dfa4,clean_modis_ocean_color,REJECTED,HDF5 文件截断（truncated file）
01_当前主原始数据/ocean_color/modis_aqua_chla/AQUA_MODIS.20020713.L3m.DAY.CHL.chlor_a.4km.nc,01_当前主原始数据,hdf5,6225920,0d283f99750a13ef6ecebaf830fff68e527f1261b35007db51d329135b079201,clean_modis_ocean_color,REJECTED,HDF5 文件截断（truncated file）
01_当前主原始数据/ocean_color/modis_aqua_chla/AQUA_MODIS.20020714.L3m.DAY.CHL.chlor_a.4km.nc,01_当前主原始数据,hdf5,14024704,5d0e9a35988cba4d69766fea689a6bae58ca6304d778ab451e26e5ad2a279218,clean_modis_ocean_color,REJECTED,HDF5 文件截断（truncated file）
01_当前主原始数据/ocean_color/modis_aqua_chla/AQUA_MODIS.20020715.L3m.DAY.CHL.chlor_a.4km.nc,01_当前主原始数据,hdf5,13565952,bc2280e95733a45dd8533b4021c4a6a209921cbf0aa0985453209089d921ad94,clean_modis_ocean_color,REJECTED,HDF5 文件截断（truncated file）
01_当前主原始数据/ocean_color/modis_aqua_chla/AQUA_MODIS.20020717.L3m.DAY.CHL.chlor_a.4km.nc,01_当前主原始数据,hdf5,14024704,d728397d8bba60502bc5fda563e9bccf70f483f10e1ad5bf1f0dff3cd37fcfe6,clean_modis_ocean_color,REJECTED,HDF5 文件截断（truncated file）
01_当前主原始数据/ocean_color/modis_aqua_chla/AQUA_MODIS.20020719.L3m.DAY.CHL.chlor_a.4km.nc,01_当前主原始数据,hdf5,11730944,a8c42027aba68116b9278107eb67397f5300e745b682e048080a3bfeea407072,clean_modis_ocean_color,REJECTED,HDF5 文件截断（truncated file）
01_当前主原始数据/ocean_color/modis_aqua_chla/AQUA_MODIS.20020722.L3m.DAY.CHL.chlor_a.4km.nc,01_当前主原始数据,hdf5,8585216,8bd321e578f6fe3c55e9172cedbbb17fc6e15dca41b95ba2031a80556e128767,clean_modis_ocean_color,REJECTED,HDF5 文件截断（truncated file）
01_当前主原始数据/ocean_color/modis_aqua_chla/AQUA_MODIS.20020821.L3m.DAY.CHL.chlor_a.4km.nc,01_当前主原始数据,hdf5,14286848,37031a6378898958f1cd5b6df7171b805af14f6cedd3779ef2730f4b6f08e441,clean_modis_ocean_color,REJECTED,HDF5 文件截断（truncated file）
01_当前主原始数据/ocean_color/modis_aqua_chla/AQUA_MODIS.20020824.L3m.DAY.CHL.chlor_a.4km.nc,01_当前主原始数据,hdf5,327680,d9823b7b7432fe104807ec961c981a1cfd7065cf3ab514a84ecc5919c8a8ee79,clean_modis_ocean_color,REJECTED,HDF5 文件截断（truncated file）
01_当前主原始数据/ocean_color/modis_aqua_chla/AQUA_MODIS.20020827.L3m.DAY.CHL.chlor_a.4km.nc,01_当前主原始数据,hdf5,13631488,c7220ea244965ad7206ef196beeb42ef4295b1acfab70531cbd838155052156b,clean_modis_ocean_color,REJECTED,HDF5 文件截断（truncated file）
01_当前主原始数据/ocean_color/modis_aqua_chla/AQUA_MODIS.20020830.L3m.DAY.CHL.chlor_a.4km.nc,01_当前主原始数据,hdf5,14286848,b3acf59aa687b12a3ffda5bfc0878b1c74d9a1eda27d4bee0729dc189aa18788,clean_modis_ocean_color,REJECTED,HDF5 文件截断（truncated file）
01_当前主原始数据/ocean_color/modis_aqua_chla/AQUA_MODIS.20020905.L3m.DAY.CHL.chlor_a.4km.nc,01_当前主原始数据,hdf5,15335424,ed6aa053f56987fc854c98edfc197efc441a0c699457890193a204e43f3b97c9,clean_modis_ocean_color,REJECTED,HDF5 文件截断（truncated file）
01_当前主原始数据/ocean_color/modis_aqua_chla/AQUA_MODIS.20020909.L3m.DAY.CHL.chlor_a.4km.nc,01_当前主原始数据,hdf5,16580608,1cb56bd40f1c5508d56f2d406339f1c2d9b7e69f12964899b56e0b3570c37073,clean_modis_ocean_color,REJECTED,HDF5 文件截断（truncated file）
01_当前主原始数据/ocean_color/modis_aqua_chla/AQUA_MODIS.20020911.L3m.DAY.CHL.chlor_a.4km.nc,01_当前主原始数据,hdf5,6422528,c122c63332ec760e5ce456f3788ab1e1715752410765af8a68309ed5d4788d0d,clean_modis_ocean_color,REJECTED,HDF5 文件截断（truncated file）
01_当前主原始数据/ocean_color/modis_aqua_chla/AQUA_MODIS.20020913.L3m.DAY.CHL.chlor_a.4km.nc,01_当前主原始数据,hdf5,11665408,0794b43420505e4c324099b2ef7fb5815708a000bfa2c84a9068c17ae7a495bf,clean_modis_ocean_color,REJECTED,HDF5 文件截断（truncated file）
01_当前主原始数据/ocean_color/modis_aqua_chla/AQUA_MODIS.20020914.L3m.DAY.CHL.chlor_a.4km.nc,01_当前主原始数据,hdf5,851968,9aee8af167176e43e3c82d639120b97a018b68c2fead20ea1a3d0392e556a0ae,clean_modis_ocean_color,REJECTED,HDF5 文件截断（truncated file）
01_当前主原始数据/ocean_color/modis_aqua_chla/AQUA_MODIS.20020915.L3m.DAY.CHL.chlor_a.4km.nc,01_当前主原始数据,hdf5,1179648,ff8689b1836f21222abffdac162ecf8ae3b56674fecf94d324343265623fb4d8,clean_modis_ocean_color,REJECTED,HDF5 文件截断（truncated file）
01_当前主原始数据/ocean_color/modis_aqua_chla/AQUA_MODIS.20020916.L3m.DAY.CHL.chlor_a.4km.nc,01_当前主原始数据,hdf5,65536,dae2453f0f0e32f8f8556706c34bd389928bcd96ac3359fe97d512ce7170a1e1,clean_modis_ocean_color,REJECTED,HDF5 文件截断（truncated file）
01_当前主原始数据/ocean_color/modis_aqua_chla/AQUA_MODIS.20020917.L3m.DAY.CHL.chlor_a.4km.nc,01_当前主原始数据,hdf5,11141120,4ee5da7cadd03d3afa0fa8da0f1a3c6302205895cd3fdb8c7151b21fb1828f4a,clean_modis_ocean_color,REJECTED,HDF5 文件截断（truncated file）
01_当前主原始数据/ocean_color/modis_aqua_chla/AQUA_MODIS.20020918.L3m.DAY.CHL.chlor_a.4km.nc,01_当前主原始数据,hdf5,1114112,a8b849303703de599dc2e595550fd620a9f78ff48a1e71b234f8d09181370285,clean_modis_ocean_color,REJECTED,HDF5 文件截断（truncated file）
01_当前主原始数据/ocean_color/modis_aqua_chla/AQUA_MODIS.20020921.L3m.DAY.CHL.chlor_a.4km.nc,01_当前主原始数据,hdf5,14024704,64a332eb3db5030646fb823b6ea16b8533c70b29e808d5b01374f831dd30b0b3,clean_modis_ocean_color,REJECTED,HDF5 文件截断（truncated file）
01_当前主原始数据/ocean_color/modis_aqua_chla/AQUA_MODIS.20020922.L3m.DAY.CHL.chlor_a.4km.nc,01_当前主原始数据,hdf5,1441792,0836e852f2afac33dd4bad8fcdd1245dc8ad2065ebe27decc723f57581f5d19e,clean_modis_ocean_color,REJECTED,HDF5 文件截断（truncated file）
01_当前主原始数据/ocean_color/modis_aqua_chla/AQUA_MODIS.20020923.L3m.DAY.CHL.chlor_a.4km.nc,01_当前主原始数据,hdf5,14024704,bc0f1126e4ea19cf4c112b44b6138ebb81b9c9f979ff7a129fe0f162c4568dc4,clean_modis_ocean_color,REJECTED,HDF5 文件截断（truncated file）
01_当前主原始数据/ocean_color/modis_aqua_chla/AQUA_MODIS.20020925.L3m.DAY.CHL.chlor_a.4km.nc,01_当前主原始数据,hdf5,14024704,54493f8766ff8c3f9305b34ae6a19ae312de312e5ef36dcfd8f78c2f22bd17db,clean_modis_ocean_color,REJECTED,HDF5 文件截断（truncated file）
01_当前主原始数据/ocean_color/modis_aqua_chla/AQUA_MODIS.20020927.L3m.DAY.CHL.chlor_a.4km.nc,01_当前主原始数据,hdf5,14024704,5e3713584f5b0af288e1d87435bda401b2c9324f8f21deab185fcc0b9e70a95d,clean_modis_ocean_color,REJECTED,HDF5 文件截断（truncated file）
01_当前主原始数据/ocean_color/modis_aqua_chla/AQUA_MODIS.20021007.L3m.DAY.CHL.chlor_a.4km.nc,01_当前主原始数据,hdf5,14024704,acb36af5e911c5d536024191a85880d9023351215c4e5a4d1e37a16e2686f1b9,clean_modis_ocean_color,REJECTED,HDF5 文件截断（truncated file）
01_当前主原始数据/ocean_color/modis_aqua_chla/AQUA_MODIS.20021019.L3m.DAY.CHL.chlor_a.4km.nc,01_当前主原始数据,hdf5,6946816,bbbf08567f4573c5d302cebe78df3801927db8a2e6caa5df0584aa5378393379,clean_modis_ocean_color,REJECTED,HDF5 文件截断（truncated file）
01_当前主原始数据/ocean_color/modis_aqua_chla/AQUA_MODIS.20021025.L3m.DAY.CHL.chlor_a.4km.nc,01_当前主原始数据,hdf5,14483456,58609a1c1581600dd8ff05fff1ff189540d09673d0ba663927da830655a95a9f,clean_modis_ocean_color,REJECTED,HDF5 文件截断（truncated file）
01_当前主原始数据/ocean_color/modis_aqua_chla/AQUA_MODIS.20021101.L3m.DAY.CHL.chlor_a.4km.nc,01_当前主原始数据,hdf5,8257536,0a3b8c262247d1c999fd3779ea5789a4fd6cfefd1bbb07b07f3b4c72cf307d2a,clean_modis_ocean_color,REJECTED,HDF5 文件截断（truncated file）
01_当前主原始数据/ocean_color/modis_aqua_chla/AQUA_MODIS.20021216.L3m.DAY.CHL.chlor_a.4km.nc,01_当前主原始数据,hdf5,3342336,1330cd4f3377d848bb622eca8b34f8d6a71c104531f8a2e67624917ef3703fac,clean_modis_ocean_color,REJECTED,HDF5 文件截断（truncated file）
01_当前主原始数据/ocean_color/modis_aqua_chla/AQUA_MODIS.20021222.L3m.DAY.CHL.chlor_a.4km.nc,01_当前主原始数据,hdf5,6029312,7e7f02aaa83df597d7899db6a83296a09c402f9bb7b47f9637c6491a16f91a4e,clean_modis_ocean_color,REJECTED,HDF5 文件截断（truncated file）
01_当前主原始数据/ocean_color/modis_aqua_chla/AQUA_MODIS.20021224.L3m.DAY.CHL.chlor_a.4km.nc,01_当前主原始数据,hdf5,8323072,b0d6788d4bded89faec4526fae681fd08a3ed664338c9cb1650f17023bd7168a,clean_modis_ocean_color,REJECTED,HDF5 文件截断（truncated file）
01_当前主原始数据/ocean_color/modis_aqua_chla/AQUA_MODIS.20021225.L3m.DAY.CHL.chlor_a.4km.nc,01_当前主原始数据,hdf5,9240576,9efbef20145c2e550ab2709759799dc7daefed95baa216b92cb7fabc8f767c0b,clean_modis_ocean_color,REJECTED,HDF5 文件截断（truncated file）
01_当前主原始数据/ocean_color/modis_aqua_chla/AQUA_MODIS.20021226.L3m.DAY.CHL.chlor_a.4km.nc,01_当前主原始数据,hdf5,8454144,0fa28bb1fdfbafef3deef4d55e7e0f70aaa4b4b31a93a68c817b149fbc3449a0,clean_modis_ocean_color,REJECTED,HDF5 文件截断（truncated file）
01_当前主原始数据/ocean_color/modis_aqua_chla/AQUA_MODIS.20021227.L3m.DAY.CHL.chlor_a.4km.nc,01_当前主原始数据,hdf5,6160384,bb26ea03e090c26f556ec06cfad74260797a88ee9be207b7614637cc536ce51b,clean_modis_ocean_color,REJECTED,HDF5 文件截断（truncated file）
01_当前主原始数据/ocean_color/modis_aqua_chla/AQUA_MODIS.20021228.L3m.DAY.CHL.chlor_a.4km.nc,01_当前主原始数据,hdf5,4718592,8a888dac4b3fbdd5381772fd39f645a2963df4b171c95270da6036f7d1b5193b,clean_modis_ocean_color,REJECTED,HDF5 文件截断（truncated file）
01_当前主原始数据/ocean_color/modis_aqua_chla/AQUA_MODIS.20021229.L3m.DAY.CHL.chlor_a.4km.nc,01_当前主原始数据,hdf5,5046272,61397e5b6816f7212982931210a150c8317188d6c2660697f02a4d4b29361d42,clean_modis_ocean_color,REJECTED,HDF5 文件截断（truncated file）
01_当前主原始数据/ocean_color/modis_aqua_chla/AQUA_MODIS.20021230.L3m.DAY.CHL.chlor_a.4km.nc,01_当前主原始数据,hdf5,9699328,eb0bde355ff406d28d746c6d0f79ae4caabbd53cd272bb7282d572540516dcef,clean_modis_ocean_color,REJECTED,HDF5 文件截断（truncated file）
01_当前主原始数据/ocean_color/modis_aqua_chla/AQUA_MODIS.20030101.L3m.DAY.CHL.chlor_a.4km.nc,01_当前主原始数据,hdf5,11075584,c8ae558ca68fe880f194b577e606a4f101dc074d4fa3b608bebfac3e0745b9f5,clean_modis_ocean_color,REJECTED,HDF5 文件截断（truncated file）
01_当前主原始数据/ocean_color/modis_aqua_chla/AQUA_MODIS.20030102.L3m.DAY.CHL.chlor_a.4km.nc,01_当前主原始数据,hdf5,3473408,0323dd5efe8ce44e3ab2ccaabcfac85a017ea7df4ab915d3d6b89f77f3233508,clean_modis_ocean_color,REJECTED,HDF5 文件截断（truncated file）
01_当前主原始数据/ocean_color/modis_aqua_chla/AQUA_MODIS.20030103.L3m.DAY.CHL.chlor_a.4km.nc,01_当前主原始数据,hdf5,3670016,f1a9aae1f5d842902a80b946bc6a98e3622162c29a8d59d3050ee29bbeab4190,clean_modis_ocean_color,REJECTED,HDF5 文件截断（truncated file）
01_当前主原始数据/ocean_color/modis_aqua_chla/AQUA_MODIS.20030104.L3m.DAY.CHL.chlor_a.4km.nc,01_当前主原始数据,hdf5,5242880,dc37c98ffae02ab812f8840c8ab02d2d4c5731588f4cd79fbc13512dad665581,clean_modis_ocean_color,REJECTED,HDF5 文件截断（truncated file）
01_当前主原始数据/ocean_color/modis_aqua_chla/AQUA_MODIS.20030105.L3m.DAY.CHL.chlor_a.4km.nc,01_当前主原始数据,hdf5,11862016,57d2a96b19424047805174e5bf14e2bcb2a055506ba58f23446a365dc2a93dde,clean_modis_ocean_color,REJECTED,HDF5 文件截断（truncated file）
01_当前主原始数据/ocean_color/modis_aqua_chla/AQUA_MODIS.20030106.L3m.DAY.CHL.chlor_a.4km.nc,01_当前主原始数据,hdf5,1966080,1379735252e6b063c561774c732ba21422a76e687cfa174ebe5c54f5eaab2cfc,clean_modis_ocean_color,REJECTED,HDF5 文件截断（truncated file）
01_当前主原始数据/ocean_color/modis_aqua_chla/AQUA_MODIS.20030107.L3m.DAY.CHL.chlor_a.4km.nc,01_当前主原始数据,hdf5,10354688,ffbe198e620bab35a4ec76792f035f4d2d587e2961b27477144ada38e19b1b83,clean_modis_ocean_color,REJECTED,HDF5 文件截断（truncated file）
01_当前主原始数据/ocean_color/modis_aqua_chla/AQUA_MODIS.20030108.L3m.DAY.CHL.chlor_a.4km.nc,01_当前主原始数据,hdf5,1572864,458546b8ca4d3cf91f439d8b0a2772d3c0f0ec170626c42ac73b9acae8320bbd,clean_modis_ocean_color,REJECTED,HDF5 文件截断（truncated file）
01_当前主原始数据/ocean_color/modis_aqua_chla/AQUA_MODIS.20030109.L3m.DAY.CHL.chlor_a.4km.nc,01_当前主原始数据,hdf5,458752,c6316470abb3999c5e90019e550fe982fbe9f778a38b2dedd92062e73b1b0381,clean_modis_ocean_color,REJECTED,HDF5 文件截断（truncated file）
01_当前主原始数据/ocean_color/modis_aqua_chla/AQUA_MODIS.20030110.L3m.DAY.CHL.chlor_a.4km.nc,01_当前主原始数据,hdf5,2883584,02c36b7a043553e1f138579f47e6e3eedbc1ecdc8a20f2d80a0c8b994f5e8015,clean_modis_ocean_color,REJECTED,HDF5 文件截断（truncated file）
01_当前主原始数据/ocean_color/modis_aqua_chla/AQUA_MODIS.20030111.L3m.DAY.CHL.chlor_a.4km.nc,01_当前主原始数据,hdf5,3342336,19def07978d35ff0d0246f91dbf598f0781c17caefe98dc52aed058896c4ab0c,clean_modis_ocean_color,REJECTED,HDF5 文件截断（truncated file）
01_当前主原始数据/ocean_color/modis_aqua_chla/AQUA_MODIS.20030112.L3m.DAY.CHL.chlor_a.4km.nc,01_当前主原始数据,hdf5,3604480,aaee2dd3ae774242c4251d6bde2f8f74ca757ff5770b535f78ef784b6516dc95,clean_modis_ocean_color,REJECTED,HDF5 文件截断（truncated file）
01_当前主原始数据/ocean_color/modis_aqua_chla/AQUA_MODIS.20030113.L3m.DAY.CHL.chlor_a.4km.nc,01_当前主原始数据,hdf5,8388608,1119a35891ce10836da7cd3a5d5d6199026d06e18d3062cade09a007123046ac,clean_modis_ocean_color,REJECTED,HDF5 文件截断（truncated file）
01_当前主原始数据/ocean_color/modis_aqua_chla/AQUA_MODIS.20030114.L3m.DAY.CHL.chlor_a.4km.nc,01_当前主原始数据,hdf5,7929856,046e550ff49c233addd1c288ee57b8457bb5821693664312e51c400512155318,clean_modis_ocean_color,REJECTED,HDF5 文件截断（truncated file）
01_当前主原始数据/ocean_color/modis_aqua_chla/AQUA_MODIS.20030115.L3m.DAY.CHL.chlor_a.4km.nc,01_当前主原始数据,hdf5,7602176,4b8860103d4364361d72540e1a8ea4598f0c28ec6196c9b4ad6b0e00e4eefe0b,clean_modis_ocean_color,REJECTED,HDF5 文件截断（truncated file）
01_当前主原始数据/ocean_color/modis_aqua_chla/AQUA_MODIS.20030116.L3m.DAY.CHL.chlor_a.4km.nc,01_当前主原始数据,hdf5,2949120,6d7c9017c13b8fcc39a2bcb14d333b12bc611ba4cc7dbe7568b4a26e59a8a8a8,clean_modis_ocean_color,REJECTED,HDF5 文件截断（truncated file）
01_当前主原始数据/ocean_color/modis_aqua_chla/AQUA_MODIS.20030117.L3m.DAY.CHL.chlor_a.4km.nc,01_当前主原始数据,hdf5,6619136,6c033ec6d8dad0f6d532df758de72cea5da33fcdd5b763ffdaa00feac0e3598c,clean_modis_ocean_color,REJECTED,HDF5 文件截断（truncated file）
01_当前主原始数据/ocean_color/modis_aqua_chla/AQUA_MODIS.20030118.L3m.DAY.CHL.chlor_a.4km.nc,01_当前主原始数据,hdf5,12320768,c828314ada975638355d5acf79fdabd30fa272a9c67d6cec5224dc0d3870ced8,clean_modis_ocean_color,REJECTED,HDF5 文件截断（truncated file）
01_当前主原始数据/ocean_color/modis_aqua_chla/AQUA_MODIS.20030119.L3m.DAY.CHL.chlor_a.4km.nc,01_当前主原始数据,hdf5,10944512,653861600a34bf5538d72dc447af63f76e4fcf11215e0816f13e5fd1505efe1a,clean_modis_ocean_color,REJECTED,HDF5 文件截断（truncated file）
01_当前主原始数据/ocean_color/modis_aqua_chla/AQUA_MODIS.20030120.L3m.DAY.CHL.chlor_a.4km.nc,01_当前主原始数据,hdf5,6684672,6b0bfcb2bdbf590b645f779e12040b4eae060ed4b6e4b79debb7fa8a31e75535,clean_modis_ocean_color,REJECTED,HDF5 文件截断（truncated file）
01_当前主原始数据/ocean_color/modis_aqua_chla/AQUA_MODIS.20030121.L3m.DAY.CHL.chlor_a.4km.nc,01_当前主原始数据,hdf5,9175040,e921954524d72424f20b7b376d03e439c1919382a669c77df765c5f0457b61bd,clean_modis_ocean_color,REJECTED,HDF5 文件截断（truncated file）
01_当前主原始数据/ocean_color/modis_aqua_chla/AQUA_MODIS.20030122.L3m.DAY.CHL.chlor_a.4km.nc,01_当前主原始数据,hdf5,1769472,6fa769c6a8a459961d03d91216ab48ed2a76b3c2e76c27db67ae2cd4a6c0e3dc,clean_modis_ocean_color,REJECTED,HDF5 文件截断（truncated file）
01_当前主原始数据/ocean_color/modis_aqua_chla/AQUA_MODIS.20030124.L3m.DAY.CHL.chlor_a.4km.nc,01_当前主原始数据,hdf5,2097152,051eb16ae35afee66de1d27bce7d1793aa7b5eb17a26846306dd1f4675a8a5f1,clean_modis_ocean_color,REJECTED,HDF5 文件截断（truncated file）
01_当前主原始数据/ocean_color/modis_aqua_chla/AQUA_MODIS.20030125.L3m.DAY.CHL.chlor_a.4km.nc,01_当前主原始数据,hdf5,6225920,ac0597fe21de9aac6f3236e609a58a7e947a2c297054c87fc5fa15d766fd01ae,clean_modis_ocean_color,REJECTED,HDF5 文件截断（truncated file）
01_当前主原始数据/ocean_color/modis_aqua_chla/AQUA_MODIS.20030126.L3m.DAY.CHL.chlor_a.4km.nc,01_当前主原始数据,hdf5,9633792,84630dc278636a62f5095b66c90dd492cfe428c46e4c7f02bd3d42a07087f161,clean_modis_ocean_color,REJECTED,HDF5 文件截断（truncated file）
01_当前主原始数据/ocean_color/modis_aqua_chla/AQUA_MODIS.20030127.L3m.DAY.CHL.chlor_a.4km.nc,01_当前主原始数据,hdf5,1966080,e96b484fb447053350410c23aa4538829b8bb5e53bd3a28d5cef44949ec51ce1,clean_modis_ocean_color,REJECTED,HDF5 文件截断（truncated file）
01_当前主原始数据/ocean_color/modis_aqua_chla/AQUA_MODIS.20030131.L3m.DAY.CHL.chlor_a.4km.nc,01_当前主原始数据,hdf5,3997696,7dd554af08bb6eb3e261f67e28624c192a9b4539b268a02d1cef21bc7e7e41e3,clean_modis_ocean_color,REJECTED,HDF5 文件截断（truncated file）
01_当前主原始数据/ocean_color/modis_aqua_chla/AQUA_MODIS.20030201.L3m.DAY.CHL.chlor_a.4km.nc,01_当前主原始数据,hdf5,9895936,9d758c3643045a06b24b983e959bb0507928752a637f518517d8fc51f7864f5b,clean_modis_ocean_color,REJECTED,HDF5 文件截断（truncated file）
01_当前主原始数据/ocean_color/modis_aqua_chla/AQUA_MODIS.20030203.L3m.DAY.CHL.chlor_a.4km.nc,01_当前主原始数据,hdf5,14024704,effe18e6ae242a6e550ee34a5b1fef2a0d29caa4c47d66970f2cde20ed6c504c,clean_modis_ocean_color,REJECTED,HDF5 文件截断（truncated file）
01_当前主原始数据/ocean_color/modis_aqua_chla/AQUA_MODIS.20030204.L3m.DAY.CHL.chlor_a.4km.nc,01_当前主原始数据,hdf5,15138816,ad209739210e1106f097089a453d0430b9f646ba288b04aeec1cc56c0f60c774,clean_modis_ocean_color,REJECTED,HDF5 文件截断（truncated file）
01_当前主原始数据/ocean_color/modis_aqua_chla/AQUA_MODIS.20030205.L3m.DAY.CHL.chlor_a.4km.nc,01_当前主原始数据,hdf5,13107200,5aa0d99a0c69183e231e136b42e0c2a9ff20352d57b1c722e6d7addf5f8ac4c4,clean_modis_ocean_color,REJECTED,HDF5 文件截断（truncated file）
01_当前主原始数据/ocean_color/modis_aqua_chla/AQUA_MODIS.20030206.L3m.DAY.CHL.chlor_a.4km.nc,01_当前主原始数据,hdf5,4259840,3dfa69dbc09b92e2a790b219e4289da843f61c4b093ae3f67ff25d601d4b39c4,clean_modis_ocean_color,REJECTED,HDF5 文件截断（truncated file）
01_当前主原始数据/ocean_color/modis_aqua_chla/AQUA_MODIS.20030207.L3m.DAY.CHL.chlor_a.4km.nc,01_当前主原始数据,hdf5,11272192,5dc55f042f27fb0871c5f6a23540a002a89b64d89a41de3989703a9162702df7,clean_modis_ocean_color,REJECTED,HDF5 文件截断（truncated file）
01_当前主原始数据/ocean_color/modis_aqua_chla/AQUA_MODIS.20030208.L3m.DAY.CHL.chlor_a.4km.nc,01_当前主原始数据,hdf5,7077888,0b713bb278c6f07abedeae668f42b8b90c44a27cf90ba8f7ebfc85639574bdff,clean_modis_ocean_color,REJECTED,HDF5 文件截断（truncated file）
01_当前主原始数据/ocean_color/modis_aqua_chla/AQUA_MODIS.20030209.L3m.DAY.CHL.chlor_a.4km.nc,01_当前主原始数据,hdf5,11665408,1f8a648c8c67d6848b4fc48ead40e69aceb83993329ada71e7c334965535ab25,clean_modis_ocean_color,REJECTED,HDF5 文件截断（truncated file）
01_当前主原始数据/ocean_color/modis_aqua_chla/AQUA_MODIS.20030211.L3m.DAY.CHL.chlor_a.4km.nc,01_当前主原始数据,hdf5,13500416,f2d7442dedae4badb9a07f064f1c789ce4750aa0ea3fb096982853c0d7400b69,clean_modis_ocean_color,REJECTED,HDF5 文件截断（truncated file）
01_当前主原始数据/ocean_color/modis_aqua_chla/AQUA_MODIS.20030212.L3m.DAY.CHL.chlor_a.4km.nc,01_当前主原始数据,hdf5,14352384,0b254d4abfd0d3576adb217a9637c4a644facd6defe9531900206a134116a2ff,clean_modis_ocean_color,REJECTED,HDF5 文件截断（truncated file）
01_当前主原始数据/ocean_color/modis_aqua_chla/AQUA_MODIS.20030213.L3m.DAY.CHL.chlor_a.4km.nc,01_当前主原始数据,hdf5,3473408,0ff2d93a9c49efa4fc8391b3aef371e3a166ea58b8a47a4b53ac826779b74e86,clean_modis_ocean_color,REJECTED,HDF5 文件截断（truncated file）
01_当前主原始数据/ocean_color/modis_aqua_chla/AQUA_MODIS.20030214.L3m.DAY.CHL.chlor_a.4km.nc,01_当前主原始数据,hdf5,5111808,c12c6039384f9be9d9909ebf8b47ef099a212641251c567a997ee058632f27de,clean_modis_ocean_color,REJECTED,HDF5 文件截断（truncated file）
01_当前主原始数据/ocean_color/modis_aqua_chla/AQUA_MODIS.20030216.L3m.DAY.CHL.chlor_a.4km.nc,01_当前主原始数据,hdf5,11927552,93f928d67de1633740d5f9450d4bf82efb5721e0aa8cf057fda21241c632a29b,clean_modis_ocean_color,REJECTED,HDF5 文件截断（truncated file）
01_当前主原始数据/ocean_color/modis_aqua_chla/AQUA_MODIS.20030217.L3m.DAY.CHL.chlor_a.4km.nc,01_当前主原始数据,hdf5,3538944,0b3562491aef5704e6e9833a27746ca09ef831066c7b128778c1146cad0a9285,clean_modis_ocean_color,REJECTED,HDF5 文件截断（truncated file）
01_当前主原始数据/ocean_color/modis_aqua_chla/AQUA_MODIS.20030218.L3m.DAY.CHL.chlor_a.4km.nc,01_当前主原始数据,hdf5,2555904,13aa5e990451ac6adc07a69c7f74fdb17abf1231f2debcd870a5fb12460d3ba4,clean_modis_ocean_color,REJECTED,HDF5 文件截断（truncated file）
01_当前主原始数据/ocean_color/modis_aqua_chla/AQUA_MODIS.20030220.L3m.DAY.CHL.chlor_a.4km.nc,01_当前主原始数据,hdf5,11206656,a081b63be47d617e4b625a721f0a12a55dacf07dc057fa8df3f82de44085634e,clean_modis_ocean_color,REJECTED,HDF5 文件截断（truncated file）
01_当前主原始数据/ocean_color/modis_aqua_chla/AQUA_MODIS.20030221.L3m.DAY.CHL.chlor_a.4km.nc,01_当前主原始数据,hdf5,1376256,4ebab4b7eb83b2f82d90f7ec3ba223e4f3b4e4f79ba4c8fe3c91ad414373a49a,clean_modis_ocean_color,REJECTED,HDF5 文件截断（truncated file）
01_当前主原始数据/ocean_color/modis_aqua_chla/AQUA_MODIS.20030222.L3m.DAY.CHL.chlor_a.4km.nc,01_当前主原始数据,hdf5,12910592,5a1885908b832d6dea494d2c9ff108ff27b55941981a747f09e9d7fddcc66dcd,clean_modis_ocean_color,REJECTED,HDF5 文件截断（truncated file）
01_当前主原始数据/ocean_color/modis_aqua_chla/AQUA_MODIS.20030223.L3m.DAY.CHL.chlor_a.4km.nc,01_当前主原始数据,hdf5,8388608,416624a8eff769b2aac793ef99da8e54f0cbd08b9fbca187527d734c257410ff,clean_modis_ocean_color,REJECTED,HDF5 文件截断（truncated file）
01_当前主原始数据/ocean_color/modis_aqua_chla/AQUA_MODIS.20030224.L3m.DAY.CHL.chlor_a.4km.nc,01_当前主原始数据,hdf5,1507328,b693d8938e2aa40b28b26fb3dba56d9cef7c0c3e452e52078a13927421f3e13a,clean_modis_ocean_color,REJECTED,HDF5 文件截断（truncated file）
01_当前主原始数据/ocean_color/modis_aqua_chla/AQUA_MODIS.20030225.L3m.DAY.CHL.chlor_a.4km.nc,01_当前主原始数据,hdf5,5373952,fb4ab19ce94c1e5faed9c1119804b207ed1b47b3095be9f2a6917e5f0588c7a2,clean_modis_ocean_color,REJECTED,HDF5 文件截断（truncated file）
01_当前主原始数据/ocean_color/modis_aqua_chla/AQUA_MODIS.20030226.L3m.DAY.CHL.chlor_a.4km.nc,01_当前主原始数据,hdf5,4915200,3b0e9828df245bb26b189a68519e4f6e7d1bd1e5beda53ca7549767935075da9,clean_modis_ocean_color,REJECTED,HDF5 文件截断（truncated file）
01_当前主原始数据/ocean_color/modis_aqua_chla/AQUA_MODIS.20030227.L3m.DAY.CHL.chlor_a.4km.nc,01_当前主原始数据,hdf5,2883584,c1a5d532cd1fade20dc72f064b3cb642a890b4ba6970822627925c535c54dafd,clean_modis_ocean_color,REJECTED,HDF5 文件截断（truncated file）
01_当前主原始数据/ocean_color/modis_aqua_chla/AQUA_MODIS.20030228.L3m.DAY.CHL.chlor_a.4km.nc,01_当前主原始数据,hdf5,7405568,2d19ce7fd9c2e1a17fb7caaad37ddd949033d460753434be5dbf20db89b06cda,clean_modis_ocean_color,REJECTED,HDF5 文件截断（truncated file）
01_当前主原始数据/ocean_color/modis_aqua_chla/AQUA_MODIS.20030301.L3m.DAY.CHL.chlor_a.4km.nc,01_当前主原始数据,hdf5,5767168,784958f99b9830e00d8fbf46a7799d52b1111c7eaf0c8d5c3ceb414405bd51a8,clean_modis_ocean_color,REJECTED,HDF5 文件截断（truncated file）
01_当前主原始数据/ocean_color/modis_aqua_chla/AQUA_MODIS.20030302.L3m.DAY.CHL.chlor_a.4km.nc,01_当前主原始数据,hdf5,3866624,24b457276f17262970d6817f0add12ac704672e9dfc9b6d0c61cade34d46a1e2,clean_modis_ocean_color,REJECTED,HDF5 文件截断（truncated file）
01_当前主原始数据/ocean_color/modis_aqua_chla/AQUA_MODIS.20030303.L3m.DAY.CHL.chlor_a.4km.nc,01_当前主原始数据,hdf5,11993088,02c0de089b33b6a20c9a0cc353ebd3a77470ea210e54b61c7a1e380ab77ee9c7,clean_modis_ocean_color,REJECTED,HDF5 文件截断（truncated file）
01_当前主原始数据/ocean_color/modis_aqua_chla/AQUA_MODIS.20030304.L3m.DAY.CHL.chlor_a.4km.nc,01_当前主原始数据,hdf5,7340032,252cad9612a2aa20269d599d255bf0549abfc07384da2d3ccb9a47e46224b499,clean_modis_ocean_color,REJECTED,HDF5 文件截断（truncated file）
01_当前主原始数据/ocean_color/modis_aqua_chla/AQUA_MODIS.20030305.L3m.DAY.CHL.chlor_a.4km.nc,01_当前主原始数据,hdf5,14417920,814d4826c53c75c44d253257c679eb136d34de63af1ff790549d3ac937ca7fba,clean_modis_ocean_color,REJECTED,HDF5 文件截断（truncated file）
01_当前主原始数据/ocean_color/modis_aqua_chla/AQUA_MODIS.20030306.L3m.DAY.CHL.chlor_a.4km.nc,01_当前主原始数据,hdf5,8519680,fb09ecef3c37780b3e807fa42b8623b28c61e518821afabe37659bf0b6882ead,clean_modis_ocean_color,REJECTED,HDF5 文件截断（truncated file）
01_当前主原始数据/ocean_color/modis_aqua_chla/AQUA_MODIS.20030307.L3m.DAY.CHL.chlor_a.4km.nc,01_当前主原始数据,hdf5,10289152,70c7c5f456ce62722926d40ed3361b528df5f68f87d829630be3406b3efe425c,clean_modis_ocean_color,REJECTED,HDF5 文件截断（truncated file）
01_当前主原始数据/ocean_color/modis_aqua_chla/AQUA_MODIS.20030308.L3m.DAY.CHL.chlor_a.4km.nc,01_当前主原始数据,hdf5,2555904,8dba5e356a14534415126a05158e61e7ebad1a9f1b63cd17e6e6ef489ae25d87,clean_modis_ocean_color,REJECTED,HDF5 文件截断（truncated file）
01_当前主原始数据/ocean_color/modis_aqua_chla/AQUA_MODIS.20030309.L3m.DAY.CHL.chlor_a.4km.nc,01_当前主原始数据,hdf5,7143424,9685b1ad42f36380fe2a7edf864758d801529a931425b5c831d15cf18fe4f8e4,clean_modis_ocean_color,REJECTED,HDF5 文件截断（truncated file）
01_当前主原始数据/ocean_color/modis_aqua_chla/AQUA_MODIS.20030310.L3m.DAY.CHL.chlor_a.4km.nc,01_当前主原始数据,hdf5,9371648,a5291e5007f1de03c10dbfe3114188f4ad938416432c015fe7012bd0209f6cd7,clean_modis_ocean_color,REJECTED,HDF5 文件截断（truncated file）
01_当前主原始数据/ocean_color/modis_aqua_chla/AQUA_MODIS.20030311.L3m.DAY.CHL.chlor_a.4km.nc,01_当前主原始数据,hdf5,3342336,e87aaeb2c4d96e8eb55dfcab9d0bc18c3f7e4eddab0c1136611fd331cefe001c,clean_modis_ocean_color,REJECTED,HDF5 文件截断（truncated file）
01_当前主原始数据/ocean_color/modis_aqua_chla/AQUA_MODIS.20030312.L3m.DAY.CHL.chlor_a.4km.nc,01_当前主原始数据,hdf5,3538944,eaf3eca7260b02af265c502ef26dd0f97864fa71ff72f743828444938d10e999,clean_modis_ocean_color,REJECTED,HDF5 文件截断（truncated file）
01_当前主原始数据/ocean_color/modis_aqua_chla/AQUA_MODIS.20030313.L3m.DAY.CHL.chlor_a.4km.nc,01_当前主原始数据,hdf5,7077888,7bce1c89b22593ed4689ab23ff98fd45bb498746418e914376e0437afd89e703,clean_modis_ocean_color,REJECTED,HDF5 文件截断（truncated file）
01_当前主原始数据/ocean_color/modis_aqua_chla/AQUA_MODIS.20030314.L3m.DAY.CHL.chlor_a.4km.nc,01_当前主原始数据,hdf5,2621440,152b9bc8170430be4411549affca9f11e5add6ba15d9910b605dc04228d82695,clean_modis_ocean_color,REJECTED,HDF5 文件截断（truncated file）
01_当前主原始数据/ocean_color/modis_aqua_chla/AQUA_MODIS.20030315.L3m.DAY.CHL.chlor_a.4km.nc,01_当前主原始数据,hdf5,2031616,d81ab554b024fd9350c412ee21084e70c91186c53321e2767e1f9dd77bd775ca,clean_modis_ocean_color,REJECTED,HDF5 文件截断（truncated file）
01_当前主原始数据/ocean_color/modis_aqua_chla/AQUA_MODIS.20030316.L3m.DAY.CHL.chlor_a.4km.nc,01_当前主原始数据,hdf5,1114112,ee9fd58cbb2356916ae63d30198be4a85607ff2c8feb3fedc7e09bd2bf1a3160,clean_modis_ocean_color,REJECTED,HDF5 文件截断（truncated file）
01_当前主原始数据/ocean_color/modis_aqua_chla/AQUA_MODIS.20030317.L3m.DAY.CHL.chlor_a.4km.nc,01_当前主原始数据,hdf5,2031616,0b474504148e6279f4e886f95709659a80c12009f8505b73670144e6a1958ac8,clean_modis_ocean_color,REJECTED,HDF5 文件截断（truncated file）
01_当前主原始数据/ocean_color/modis_aqua_chla/AQUA_MODIS.20030318.L3m.DAY.CHL.chlor_a.4km.nc,01_当前主原始数据,hdf5,1835008,cda58fdf6426f46c0a59d6e6779fc85a40fcf0a41de5d0199ddaac279837f131,clean_modis_ocean_color,REJECTED,HDF5 文件截断（truncated file）
01_当前主原始数据/ocean_color/modis_aqua_chla/AQUA_MODIS.20030319.L3m.DAY.CHL.chlor_a.4km.nc,01_当前主原始数据,hdf5,2162688,2da5ec3715a96d801a3f6ad50a777628af6cb4de7efc7074c2c1653619570329,clean_modis_ocean_color,REJECTED,HDF5 文件截断（truncated file）
01_当前主原始数据/ocean_color/modis_aqua_chla/AQUA_MODIS.20030320.L3m.DAY.CHL.chlor_a.4km.nc,01_当前主原始数据,hdf5,14024704,abf3e5b2a9278762a1dd9a1641f94c1d2984778eab3eb731484fe3deb8c8739c,clean_modis_ocean_color,REJECTED,HDF5 文件截断（truncated file）
01_当前主原始数据/ocean_color/modis_aqua_chla/AQUA_MODIS.20030321.L3m.DAY.CHL.chlor_a.4km.nc,01_当前主原始数据,hdf5,14417920,4d1cb463887872ebf4d78ce11532bee7ebe966b200c3d8184a15907c62512d2b,clean_modis_ocean_color,REJECTED,HDF5 文件截断（truncated file）
01_当前主原始数据/ocean_color/modis_aqua_chla/AQUA_MODIS.20030322.L3m.DAY.CHL.chlor_a.4km.nc,01_当前主原始数据,hdf5,2490368,b845d46bd42b65b7b828a5fb44ef3e59aac9d190242307e722a94c472e655de5,clean_modis_ocean_color,REJECTED,HDF5 文件截断（truncated file）
01_当前主原始数据/ocean_color/modis_aqua_chla/AQUA_MODIS.20030323.L3m.DAY.CHL.chlor_a.4km.nc,01_当前主原始数据,hdf5,3145728,6b22818a78b2b49e559d0ecc2aa353220ae355a0282a65b504490b9ee0fb87d4,clean_modis_ocean_color,REJECTED,HDF5 文件截断（truncated file）
01_当前主原始数据/ocean_color/modis_aqua_chla/AQUA_MODIS.20030324.L3m.DAY.CHL.chlor_a.4km.nc,01_当前主原始数据,hdf5,4063232,d4e439efb0ff0f7a0fb314849e339eb04332ac048531669f887e1e2fe5b7aa2c,clean_modis_ocean_color,REJECTED,HDF5 文件截断（truncated file）
01_当前主原始数据/ocean_color/modis_aqua_chla/AQUA_MODIS.20030325.L3m.DAY.CHL.chlor_a.4km.nc,01_当前主原始数据,hdf5,8454144,9d77ba803d84a3a12083f2c219bcb64b45145c88db1584aa828ddfa18a9046d6,clean_modis_ocean_color,REJECTED,HDF5 文件截断（truncated file）
01_当前主原始数据/ocean_color/modis_aqua_chla/AQUA_MODIS.20030326.L3m.DAY.CHL.chlor_a.4km.nc,01_当前主原始数据,hdf5,5570560,ebc32dc65de941ef4d368f4a25114783b7a17d71cb0b5ba915a087c35ed36f6b,clean_modis_ocean_color,REJECTED,HDF5 文件截断（truncated file）
01_当前主原始数据/ocean_color/modis_aqua_chla/AQUA_MODIS.20030327.L3m.DAY.CHL.chlor_a.4km.nc,01_当前主原始数据,hdf5,8847360,1176273175364fbf54c38cee78be8b8965a8f2d7c4047a88843c0c376646269e,clean_modis_ocean_color,REJECTED,HDF5 文件截断（truncated file）
01_当前主原始数据/ocean_color/modis_aqua_chla/AQUA_MODIS.20030328.L3m.DAY.CHL.chlor_a.4km.nc,01_当前主原始数据,hdf5,3801088,c8bc06a5f10ce3db2a3ef6fb3a4ef097c62ba6e9a9249994429d94bb4f128ff4,clean_modis_ocean_color,REJECTED,HDF5 文件截断（truncated file）
01_当前主原始数据/ocean_color/modis_aqua_chla/AQUA_MODIS.20030329.L3m.DAY.CHL.chlor_a.4km.nc,01_当前主原始数据,hdf5,5963776,a959cfe2c8d7dd27b093308ced621db841e02858cbee6aecf90f0e170515eaac,clean_modis_ocean_color,REJECTED,HDF5 文件截断（truncated file）
01_当前主原始数据/ocean_color/modis_aqua_chla/AQUA_MODIS.20030330.L3m.DAY.CHL.chlor_a.4km.nc,01_当前主原始数据,hdf5,8650752,bd7dae6c8b6baa23d31841df1eccbda158f89f2c8010185ec40cd321760bc824,clean_modis_ocean_color,REJECTED,HDF5 文件截断（truncated file）
01_当前主原始数据/ocean_color/modis_aqua_chla/AQUA_MODIS.20030331.L3m.DAY.CHL.chlor_a.4km.nc,01_当前主原始数据,hdf5,4980736,66d7e7329e35615cbc3e1d94e3df808daeb5cdc7cb38ec2c42211ea06b1c8af4,clean_modis_ocean_color,REJECTED,HDF5 文件截断（truncated file）
01_当前主原始数据/ocean_color/modis_aqua_chla/AQUA_MODIS.20030401.L3m.DAY.CHL.chlor_a.4km.nc,01_当前主原始数据,hdf5,3604480,c9e5b74640100e9c19dd724f12f2e192308b2e3dfc5d58643605aaa592b1ce09,clean_modis_ocean_color,REJECTED,HDF5 文件截断（truncated file）
01_当前主原始数据/ocean_color/modis_aqua_chla/AQUA_MODIS.20030402.L3m.DAY.CHL.chlor_a.4km.nc,01_当前主原始数据,hdf5,12845056,a983e6be1946691b87d45b367d83c6d68f9038cee907edb2f5af54f9f9d56a1c,clean_modis_ocean_color,REJECTED,HDF5 文件截断（truncated file）
01_当前主原始数据/ocean_color/modis_aqua_chla/AQUA_MODIS.20030403.L3m.DAY.CHL.chlor_a.4km.nc,01_当前主原始数据,hdf5,8323072,3a704de0199440f31cdb6a94eacc12eecde49bc856feebc37396e572cb2bb5ac,clean_modis_ocean_color,REJECTED,HDF5 文件截断（truncated file）
01_当前主原始数据/ocean_color/modis_aqua_chla/AQUA_MODIS.20030404.L3m.DAY.CHL.chlor_a.4km.nc,01_当前主原始数据,hdf5,3604480,f63b870fa9865fc0fb1db91baab4414d7ee036002356f19cf07350963942d805,clean_modis_ocean_color,REJECTED,HDF5 文件截断（truncated file）
01_当前主原始数据/ocean_color/modis_aqua_chla/AQUA_MODIS.20030405.L3m.DAY.CHL.chlor_a.4km.nc,01_当前主原始数据,hdf5,3276800,0ec6120d0e244ea8d7c0c1b3bb5852aa444b5e94f71ac9a1f2dfdcdd4f1ebe98,clean_modis_ocean_color,REJECTED,HDF5 文件截断（truncated file）
01_当前主原始数据/ocean_color/modis_aqua_chla/AQUA_MODIS.20030406.L3m.DAY.CHL.chlor_a.4km.nc,01_当前主原始数据,hdf5,10944512,811bc555176a40e8c7181b90e0cd33db24f625fadfc99af872f721396ce95975,clean_modis_ocean_color,REJECTED,HDF5 文件截断（truncated file）
01_当前主原始数据/ocean_color/modis_aqua_chla/AQUA_MODIS.20030407.L3m.DAY.CHL.chlor_a.4km.nc,01_当前主原始数据,hdf5,6356992,577b3cfcf14194c187f3347e7c0c5d149842bdb594ef6226c278c026fe7e385e,clean_modis_ocean_color,REJECTED,HDF5 文件截断（truncated file）
01_当前主原始数据/ocean_color/modis_aqua_chla/AQUA_MODIS.20030408.L3m.DAY.CHL.chlor_a.4km.nc,01_当前主原始数据,hdf5,4456448,96471da2b67466fb90140c01196038821f82aa0dabb5dd664764016ab95116da,clean_modis_ocean_color,REJECTED,HDF5 文件截断（truncated file）
01_当前主原始数据/ocean_color/modis_aqua_chla/AQUA_MODIS.20030409.L3m.DAY.CHL.chlor_a.4km.nc,01_当前主原始数据,hdf5,14024704,de5d4bdebbee9495f322ac907dfa3e3f5a91e903e4a2739dfa5bcfa39cee9dfa,clean_modis_ocean_color,REJECTED,HDF5 文件截断（truncated file）
01_当前主原始数据/ocean_color/modis_aqua_chla/AQUA_MODIS.20030410.L3m.DAY.CHL.chlor_a.4km.nc,01_当前主原始数据,hdf5,2686976,d7366658bf8e4920fc9e3346ba98b7049be16f656323ef2bc4c243985ca453b2,clean_modis_ocean_color,REJECTED,HDF5 文件截断（truncated file）
01_当前主原始数据/ocean_color/modis_aqua_chla/AQUA_MODIS.20030411.L3m.DAY.CHL.chlor_a.4km.nc,01_当前主原始数据,hdf5,12648448,85aad32a4d204d49d703a8be9517f9efad49c13ba3c1c8ec02cd4bb44fd6f895,clean_modis_ocean_color,REJECTED,HDF5 文件截断（truncated file）
01_当前主原始数据/ocean_color/modis_aqua_chla/AQUA_MODIS.20030412.L3m.DAY.CHL.chlor_a.4km.nc,01_当前主原始数据,hdf5,4128768,02e8834801aa9ad73bee8c3b557bdc8ab825876ae792e1ab567d2fd835259b51,clean_modis_ocean_color,REJECTED,HDF5 文件截断（truncated file）
01_当前主原始数据/ocean_color/modis_aqua_chla/AQUA_MODIS.20030413.L3m.DAY.CHL.chlor_a.4km.nc,01_当前主原始数据,hdf5,2752512,2efd6481b68fb505d6a11f427f710111cd5b09aab6fc70cd20543f119d700731,clean_modis_ocean_color,REJECTED,HDF5 文件截断（truncated file）
01_当前主原始数据/ocean_color/modis_aqua_chla/AQUA_MODIS.20030414.L3m.DAY.CHL.chlor_a.4km.nc,01_当前主原始数据,hdf5,3080192,d7993d8e481c870ebdf9fcd0a9a17bc2cc1a9443e66f3d2bde29a3040bf64284,clean_modis_ocean_color,REJECTED,HDF5 文件截断（truncated file）
01_当前主原始数据/ocean_color/modis_aqua_chla/AQUA_MODIS.20030415.L3m.DAY.CHL.chlor_a.4km.nc,01_当前主原始数据,hdf5,9175040,04301da64d11fa25e55e789ceaf0813de83d2004b0e4f3bf7094e0c16f416f70,clean_modis_ocean_color,REJECTED,HDF5 文件截断（truncated file）
01_当前主原始数据/ocean_color/modis_aqua_chla/AQUA_MODIS.20030416.L3m.DAY.CHL.chlor_a.4km.nc,01_当前主原始数据,hdf5,12713984,853740ef2886f3fefe946271b2df3dd926b3a839d8f03048f6aaa1a2670fb589,clean_modis_ocean_color,REJECTED,HDF5 文件截断（truncated file）
01_当前主原始数据/ocean_color/modis_aqua_chla/AQUA_MODIS.20030417.L3m.DAY.CHL.chlor_a.4km.nc,01_当前主原始数据,hdf5,14024704,1e7a9b88c8e8d5972c5654c58147ef5f026369f1c7ca24946960f8e9a0a65449,clean_modis_ocean_color,REJECTED,HDF5 文件截断（truncated file）
01_当前主原始数据/ocean_color/modis_aqua_chla/AQUA_MODIS.20030418.L3m.DAY.CHL.chlor_a.4km.nc,01_当前主原始数据,hdf5,5242880,b725ae3e5e897b6c205ea666169a06e9b4bdd006871686891bff45485f9b0be2,clean_modis_ocean_color,REJECTED,HDF5 文件截断（truncated file）
01_当前主原始数据/ocean_color/modis_aqua_chla/AQUA_MODIS.20030419.L3m.DAY.CHL.chlor_a.4km.nc,01_当前主原始数据,hdf5,7274496,a766e2e30e0d0ba8200ce70e11de030ee64d5766fd9dbe03b45fcbc15b0d8dd6,clean_modis_ocean_color,REJECTED,HDF5 文件截断（truncated file）
01_当前主原始数据/ocean_color/modis_aqua_chla/AQUA_MODIS.20030420.L3m.DAY.CHL.chlor_a.4km.nc,01_当前主原始数据,hdf5,2818048,b779db009d7f55457230e43316f108eb036de41f8c078be2b1d9b5e9062f1853,clean_modis_ocean_color,REJECTED,HDF5 文件截断（truncated file）
01_当前主原始数据/ocean_color/modis_aqua_chla/AQUA_MODIS.20030421.L3m.DAY.CHL.chlor_a.4km.nc,01_当前主原始数据,hdf5,5177344,c5fde6f739598f9ffb7e4cb1d7b42283f553ff7c7e15bc4456c07dc5471bec22,clean_modis_ocean_color,REJECTED,HDF5 文件截断（truncated file）
01_当前主原始数据/ocean_color/modis_aqua_chla/AQUA_MODIS.20030423.L3m.DAY.CHL.chlor_a.4km.nc,01_当前主原始数据,hdf5,9437184,fc2dca7a220b512b271788e596833e741d7cdc24fba95b80c1fe05c66b1d596f,clean_modis_ocean_color,REJECTED,HDF5 文件截断（truncated file）
01_当前主原始数据/ocean_color/modis_aqua_chla/AQUA_MODIS.20030424.L3m.DAY.CHL.chlor_a.4km.nc,01_当前主原始数据,hdf5,2490368,4a46e3e78213eade6ad4e28c79b778d77c642dd50743ef65f3c08a651f05aa93,clean_modis_ocean_color,REJECTED,HDF5 文件截断（truncated file）
01_当前主原始数据/ocean_color/modis_aqua_chla/AQUA_MODIS.20030425.L3m.DAY.CHL.chlor_a.4km.nc,01_当前主原始数据,hdf5,2621440,3c2a6c5e77b55a08c3ce4586359527c595164d786779643e7ec4cf0c6b743e70,clean_modis_ocean_color,REJECTED,HDF5 文件截断（truncated file）
01_当前主原始数据/ocean_color/modis_aqua_chla/AQUA_MODIS.20030427.L3m.DAY.CHL.chlor_a.4km.nc,01_当前主原始数据,hdf5,4128768,d9b41240aff767c856acac288081d98371235af3c004ad83c383908723300d6e,clean_modis_ocean_color,REJECTED,HDF5 文件截断（truncated file）
01_当前主原始数据/ocean_color/modis_aqua_chla/AQUA_MODIS.20030428.L3m.DAY.CHL.chlor_a.4km.nc,01_当前主原始数据,hdf5,12189696,5ed7a885f62d92a0c33632eca71f1a7da41648280376838c1f4d55aa5a8ae0ac,clean_modis_ocean_color,REJECTED,HDF5 文件截断（truncated file）
01_当前主原始数据/ocean_color/modis_aqua_chla/AQUA_MODIS.20030429.L3m.DAY.CHL.chlor_a.4km.nc,01_当前主原始数据,hdf5,9109504,2cb2f00b034f0f7ad8a35c2b3a5a7d2d67ef89f02c82dbb974497f5a6a58dbb1,clean_modis_ocean_color,REJECTED,HDF5 文件截断（truncated file）
01_当前主原始数据/ocean_color/modis_aqua_chla/AQUA_MODIS.20030430.L3m.DAY.CHL.chlor_a.4km.nc,01_当前主原始数据,hdf5,5832704,4495b2186d9660fb16b13fb157de9b18c7ebe06d21ed5c0e6af88fb056e785e6,clean_modis_ocean_color,REJECTED,HDF5 文件截断（truncated file）
01_当前主原始数据/ocean_color/modis_aqua_chla/AQUA_MODIS.20030501.L3m.DAY.CHL.chlor_a.4km.nc,01_当前主原始数据,hdf5,10944512,8081d9ac86b21c3d6f1595a34e2abbd93cfb7868fd602b89f15a45b790152d75,clean_modis_ocean_color,REJECTED,HDF5 文件截断（truncated file）
01_当前主原始数据/ocean_color/modis_aqua_chla/AQUA_MODIS.20030502.L3m.DAY.CHL.chlor_a.4km.nc,01_当前主原始数据,hdf5,3211264,7cc5ee65ab1806a440c9808fd538fcfa7aa5407e62fd24789ee1e1a63a45cd27,clean_modis_ocean_color,REJECTED,HDF5 文件截断（truncated file）
01_当前主原始数据/ocean_color/modis_aqua_chla/AQUA_MODIS.20030503.L3m.DAY.CHL.chlor_a.4km.nc,01_当前主原始数据,hdf5,1245184,d88a52b5d16a43f87a78a7d385d987ab5c9defb29a4cf9477078b3a031c002b8,clean_modis_ocean_color,REJECTED,HDF5 文件截断（truncated file）
01_当前主原始数据/ocean_color/modis_aqua_chla/AQUA_MODIS.20030504.L3m.DAY.CHL.chlor_a.4km.nc,01_当前主原始数据,hdf5,2228224,9b3c5243315c48f1825c276d06aee514dbb358932789c96f0ea35f37abbd018b,clean_modis_ocean_color,REJECTED,HDF5 文件截断（truncated file）
01_当前主原始数据/ocean_color/modis_aqua_chla/AQUA_MODIS.20030505.L3m.DAY.CHL.chlor_a.4km.nc,01_当前主原始数据,hdf5,1900544,db25f1f54e197a65468d6472c91e93d40edfa43df75e44b7246ef49a70436124,clean_modis_ocean_color,REJECTED,HDF5 文件截断（truncated file）
01_当前主原始数据/ocean_color/modis_aqua_chla/AQUA_MODIS.20030507.L3m.DAY.CHL.chlor_a.4km.nc,01_当前主原始数据,hdf5,8847360,3963d1cc201647364346d2daa9df61826fb673f04ef09dc5af984357e09a67d7,clean_modis_ocean_color,REJECTED,HDF5 文件截断（truncated file）
01_当前主原始数据/ocean_color/modis_aqua_chla/AQUA_MODIS.20030508.L3m.DAY.CHL.chlor_a.4km.nc,01_当前主原始数据,hdf5,2752512,e9d2b8c5d83328990c75ddb0539935743f1055877f5896db24d8c91c83d415e9,clean_modis_ocean_color,REJECTED,HDF5 文件截断（truncated file）
01_当前主原始数据/ocean_color/modis_aqua_chla/AQUA_MODIS.20030509.L3m.DAY.CHL.chlor_a.4km.nc,01_当前主原始数据,hdf5,3473408,62df400348181f00d261feca2a1a432387dd1db23d6004855ce0a6583eb6e430,clean_modis_ocean_color,REJECTED,HDF5 文件截断（truncated file）
01_当前主原始数据/ocean_color/modis_aqua_chla/AQUA_MODIS.20030510.L3m.DAY.CHL.chlor_a.4km.nc,01_当前主原始数据,hdf5,5570560,6079a33e9bdc2b6c7883802887d0bd2ad39bd4a4044c8decfe859ed0aafc783b,clean_modis_ocean_color,REJECTED,HDF5 文件截断（truncated file）
01_当前主原始数据/ocean_color/modis_aqua_chla/AQUA_MODIS.20030511.L3m.DAY.CHL.chlor_a.4km.nc,01_当前主原始数据,hdf5,10878976,faeec2d39fa21077d520037cbdd38f0d52f30c15ec54208af800cb88b892521b,clean_modis_ocean_color,REJECTED,HDF5 文件截断（truncated file）
01_当前主原始数据/ocean_color/modis_aqua_chla/AQUA_MODIS.20030513.L3m.DAY.CHL.chlor_a.4km.nc,01_当前主原始数据,hdf5,11993088,b1111b0a15e2bc115be87b5e91e209bb273dd99d07dd7c3564b2e5555678037c,clean_modis_ocean_color,REJECTED,HDF5 文件截断（truncated file）
01_当前主原始数据/ocean_color/modis_aqua_chla/AQUA_MODIS.20030515.L3m.DAY.CHL.chlor_a.4km.nc,01_当前主原始数据,hdf5,5898240,c3dbc39ae1dfd486ae34d23c366fc0b48c93cda5cd9c0f4f00dd520f9e7bb818,clean_modis_ocean_color,REJECTED,HDF5 文件截断（truncated file）
01_当前主原始数据/ocean_color/modis_aqua_chla/AQUA_MODIS.20030517.L3m.DAY.CHL.chlor_a.4km.nc,01_当前主原始数据,hdf5,7471104,abb7441de6ab4afde668927d4052c56eb4c0d00cef141c4cd7671e8065221276,clean_modis_ocean_color,REJECTED,HDF5 文件截断（truncated file）
01_当前主原始数据/ocean_color/modis_aqua_chla/AQUA_MODIS.20030519.L3m.DAY.CHL.chlor_a.4km.nc,01_当前主原始数据,hdf5,2818048,00631b196c868f576da1784f07a2685c08a3c8aa129f35d78627cbe652309b5e,clean_modis_ocean_color,REJECTED,HDF5 文件截断（truncated file）
01_当前主原始数据/ocean_color/modis_aqua_chla/AQUA_MODIS.20030520.L3m.DAY.CHL.chlor_a.4km.nc,01_当前主原始数据,hdf5,9240576,bdc9dbca53393ddaf3ee1c143defe9abd32d5f65c383b09d7d30cb21577a4b01,clean_modis_ocean_color,REJECTED,HDF5 文件截断（truncated file）
01_当前主原始数据/ocean_color/modis_aqua_chla/AQUA_MODIS.20030521.L3m.DAY.CHL.chlor_a.4km.nc,01_当前主原始数据,hdf5,3080192,463ccfc94d756049c67d5b0ab5c968ed8593b5a0eeaf2ca750b7932b3f74ddf5,clean_modis_ocean_color,REJECTED,HDF5 文件截断（truncated file）
01_当前主原始数据/ocean_color/modis_aqua_chla/AQUA_MODIS.20030522.L3m.DAY.CHL.chlor_a.4km.nc,01_当前主原始数据,hdf5,1900544,743ac9b18b3e849b73b3deb8c68f0900325bbfc2234259d8d6373f50aa5a4493,clean_modis_ocean_color,REJECTED,HDF5 文件截断（truncated file）
01_当前主原始数据/ocean_color/modis_aqua_chla/AQUA_MODIS.20030523.L3m.DAY.CHL.chlor_a.4km.nc,01_当前主原始数据,hdf5,5505024,3ca7ea874f0331e48d519ed2a8be6f68970925854c25164a3bea16b29166d3ee,clean_modis_ocean_color,REJECTED,HDF5 文件截断（truncated file）
01_当前主原始数据/ocean_color/modis_aqua_chla/AQUA_MODIS.20030526.L3m.DAY.CHL.chlor_a.4km.nc,01_当前主原始数据,hdf5,5898240,bafd6d56431170614017181a0cac274bbde90fdcd8d736c5f854ee28284a2ed5,clean_modis_ocean_color,REJECTED,HDF5 文件截断（truncated file）
01_当前主原始数据/ocean_color/modis_aqua_chla/AQUA_MODIS.20030527.L3m.DAY.CHL.chlor_a.4km.nc,01_当前主原始数据,hdf5,5832704,919696756ed59e01b0c12a23fee239b7bffbff73e1aeed090bcd6938a34a4090,clean_modis_ocean_color,REJECTED,HDF5 文件截断（truncated file）
01_当前主原始数据/ocean_color/modis_aqua_chla/AQUA_MODIS.20030531.L3m.DAY.CHL.chlor_a.4km.nc,01_当前主原始数据,hdf5,6029312,a2d38012ce30eb93e57905a8518ad7800a90e6f4ae97d5664125add6f6dcd06f,clean_modis_ocean_color,REJECTED,HDF5 文件截断（truncated file）
01_当前主原始数据/ocean_color/modis_aqua_chla/AQUA_MODIS.20030605.L3m.DAY.CHL.chlor_a.4km.nc,01_当前主原始数据,hdf5,1507328,9816fb990e4307e870ac375b28781e9e94ebaaa0c1ebe6bb3123802595fb4c23,clean_modis_ocean_color,REJECTED,HDF5 文件截断（truncated file）
01_当前主原始数据/ocean_color/modis_aqua_chla/AQUA_MODIS.20030607.L3m.DAY.CHL.chlor_a.4km.nc,01_当前主原始数据,hdf5,2686976,6bd40ef54181ff95ed64af0f63e86585b4ca807b9267664e0e62119519c35517,clean_modis_ocean_color,REJECTED,HDF5 文件截断（truncated file）
01_当前主原始数据/ocean_color/modis_aqua_chla/AQUA_MODIS.20030608.L3m.DAY.CHL.chlor_a.4km.nc,01_当前主原始数据,hdf5,3014656,1346f9252897236dfbca4723a0720f32f74bfed9db5194ddfab50009db114a95,clean_modis_ocean_color,REJECTED,HDF5 文件截断（truncated file）
01_当前主原始数据/ocean_color/modis_aqua_chla/AQUA_MODIS.20030612.L3m.DAY.CHL.chlor_a.4km.nc,01_当前主原始数据,hdf5,2883584,2e951d5b63bafde68b745293ccce2b7941afd45623c5a07f7887bab316c440d6,clean_modis_ocean_color,REJECTED,HDF5 文件截断（truncated file）
01_当前主原始数据/ocean_color/modis_aqua_chla/AQUA_MODIS.20030616.L3m.DAY.CHL.chlor_a.4km.nc,01_当前主原始数据,hdf5,8388608,75d530e95af9a1288e3b3034a06b15f8860c3f9c3ec5f838bd6b5176efbe50bb,clean_modis_ocean_color,REJECTED,HDF5 文件截断（truncated file）
01_当前主原始数据/ocean_color/modis_aqua_chla/AQUA_MODIS.20030617.L3m.DAY.CHL.chlor_a.4km.nc,01_当前主原始数据,hdf5,12320768,ee4cf41bf7288816b53d9424f261c0991a93308844f6313678371c56b3498841,clean_modis_ocean_color,REJECTED,HDF5 文件截断（truncated file）
01_当前主原始数据/ocean_color/modis_aqua_chla/AQUA_MODIS.20030618.L3m.DAY.CHL.chlor_a.4km.nc,01_当前主原始数据,hdf5,5373952,0c57e5613c081ee7282dadabef8bc8ac89faf09e2fa22cb40e00fdf356c12616,clean_modis_ocean_color,REJECTED,HDF5 文件截断（truncated file）
01_当前主原始数据/ocean_color/modis_aqua_chla/AQUA_MODIS.20030619.L3m.DAY.CHL.chlor_a.4km.nc,01_当前主原始数据,hdf5,5767168,c91d3af9ec194764b60e1a3c18498f48816767a0687feb4526003a3795d56c43,clean_modis_ocean_color,REJECTED,HDF5 文件截断（truncated file）
01_当前主原始数据/ocean_color/modis_aqua_chla/AQUA_MODIS.20030621.L3m.DAY.CHL.chlor_a.4km.nc,01_当前主原始数据,hdf5,5373952,2b4af9e9069404bdda53aa04d2523471efcf8ad7bed01c6c348ad64da6ef4022,clean_modis_ocean_color,REJECTED,HDF5 文件截断（truncated file）
01_当前主原始数据/ocean_color/modis_aqua_chla/AQUA_MODIS.20030624.L3m.DAY.CHL.chlor_a.4km.nc,01_当前主原始数据,hdf5,3604480,b6255b8c959895666e2d36b7ac31a5c74e216386d9936a6427a8d95a35183514,clean_modis_ocean_color,REJECTED,HDF5 文件截断（truncated file）
01_当前主原始数据/ocean_color/modis_aqua_chla/AQUA_MODIS.20030625.L3m.DAY.CHL.chlor_a.4km.nc,01_当前主原始数据,hdf5,2818048,50dc7581a5e53b68e06de8fd04349f6e8b9ae7e6cdfd04f7691fd2f6380ef132,clean_modis_ocean_color,REJECTED,HDF5 文件截断（truncated file）
01_当前主原始数据/ocean_color/modis_aqua_chla/AQUA_MODIS.20030704.L3m.DAY.CHL.chlor_a.4km.nc,01_当前主原始数据,hdf5,13893632,705abc66c7e0ca7a6d9bb787ab8d08a41032dc76674c1b9ad4f9be7a6e24de8b,clean_modis_ocean_color,REJECTED,HDF5 文件截断（truncated file）
01_当前主原始数据/ocean_color/modis_aqua_chla/AQUA_MODIS.20030713.L3m.DAY.CHL.chlor_a.4km.nc,01_当前主原始数据,hdf5,4063232,c8c9ce59eaef5af8d70ec763c710c3b9fbb0c5a18dba50ced16d0722d368d08b,clean_modis_ocean_color,REJECTED,HDF5 文件截断（truncated file）
01_当前主原始数据/ocean_color/modis_aqua_chla/AQUA_MODIS.20030803.L3m.DAY.CHL.chlor_a.4km.nc,01_当前主原始数据,hdf5,9109504,79f0788af833ddca48dd8cc678ee99f4a357460a1570ff649d7b722c5cc896a8,clean_modis_ocean_color,REJECTED,HDF5 文件截断（truncated file）
01_当前主原始数据/ocean_color/modis_aqua_chla/AQUA_MODIS.20030804.L3m.DAY.CHL.chlor_a.4km.nc,01_当前主原始数据,hdf5,9437184,adca5dd4346fd456caab47a5a6b6ad10ad1d77a624abecfc5d612907bac488ce,clean_modis_ocean_color,REJECTED,HDF5 文件截断（truncated file）
01_当前主原始数据/ocean_color/modis_aqua_chla/AQUA_MODIS.20030806.L3m.DAY.CHL.chlor_a.4km.nc,01_当前主原始数据,hdf5,13893632,35d4be62756ee95ba3ca0831b64e7d7701d58857492a7b2b2626d40fcd75b813,clean_modis_ocean_color,REJECTED,HDF5 文件截断（truncated file）
01_当前主原始数据/ocean_color/modis_aqua_chla/AQUA_MODIS.20030807.L3m.DAY.CHL.chlor_a.4km.nc,01_当前主原始数据,hdf5,2752512,56c55b4d2a349312fff0e5a962cfa0aa32ecd594c4193e37504c3ff9cd6534ab,clean_modis_ocean_color,REJECTED,HDF5 文件截断（truncated file）
01_当前主原始数据/ocean_color/modis_aqua_chla/AQUA_MODIS.20030808.L3m.DAY.CHL.chlor_a.4km.nc,01_当前主原始数据,hdf5,131072,c37c100362cfe05c55a9367c7c4055844bd84a617f580403c23ff30a9fbda542,clean_modis_ocean_color,REJECTED,HDF5 文件截断（truncated file）
01_当前主原始数据/ocean_color/modis_aqua_chla/AQUA_MODIS.20030809.L3m.DAY.CHL.chlor_a.4km.nc,01_当前主原始数据,hdf5,10485760,aa8d5bfe8bc39e10e8ceff4e87df7b715652832fc677cf84ed5a237dc2bee55d,clean_modis_ocean_color,REJECTED,HDF5 文件截断（truncated file）
01_当前主原始数据/ocean_color/modis_aqua_chla/AQUA_MODIS.20030810.L3m.DAY.CHL.chlor_a.4km.nc,01_当前主原始数据,hdf5,2621440,8ecacb75ec7b2c4cfee203efb424d47c319ddd48d2513e58da6141039b5a0fec,clean_modis_ocean_color,REJECTED,HDF5 文件截断（truncated file）
01_当前主原始数据/ocean_color/modis_aqua_chla/AQUA_MODIS.20030811.L3m.DAY.CHL.chlor_a.4km.nc,01_当前主原始数据,hdf5,2883584,9d97f06f6264af0573efb4dde249365722ae56b03302091ac4d7e619774f2e82,clean_modis_ocean_color,REJECTED,HDF5 文件截断（truncated file）
01_当前主原始数据/ocean_color/modis_aqua_chla/AQUA_MODIS.20030812.L3m.DAY.CHL.chlor_a.4km.nc,01_当前主原始数据,hdf5,14024704,d0494f3a951af16f479cb4ab12d79ab2c9f5af74c7c68ab5cdd1e4dd4df3812e,clean_modis_ocean_color,REJECTED,HDF5 文件截断（truncated file）
01_当前主原始数据/ocean_color/modis_aqua_chla/AQUA_MODIS.20030813.L3m.DAY.CHL.chlor_a.4km.nc,01_当前主原始数据,hdf5,6160384,c6aef04d318c06d02d09fffadb2a00f5bc346e3a9e67436a6d6edcd59ff5a5bd,clean_modis_ocean_color,REJECTED,HDF5 文件截断（truncated file）
01_当前主原始数据/ocean_color/modis_aqua_chla/AQUA_MODIS.20030814.L3m.DAY.CHL.chlor_a.4km.nc,01_当前主原始数据,hdf5,14024704,697dec9c4a0a984df74671ccb6ec6f91c593abd89e94e98e2a78ea75c2ba11b2,clean_modis_ocean_color,REJECTED,HDF5 文件截断（truncated file）
01_当前主原始数据/ocean_color/modis_aqua_chla/AQUA_MODIS.20030817.L3m.DAY.CHL.chlor_a.4km.nc,01_当前主原始数据,hdf5,14155776,91f6298ad5f8d40655777d76e3edf93a4ac19bbe51b1ef54eae8f86ff5ec5a36,clean_modis_ocean_color,REJECTED,HDF5 文件截断（truncated file）
01_当前主原始数据/ocean_color/modis_aqua_chla/AQUA_MODIS.20030819.L3m.DAY.CHL.chlor_a.4km.nc,01_当前主原始数据,hdf5,3866624,c0a73fe7072d3cb0bd66dea58a8a27cf6b80f7f36e4bc9f0d195defb4297ff5d,clean_modis_ocean_color,REJECTED,HDF5 文件截断（truncated file）
01_当前主原始数据/ocean_color/modis_aqua_chla/AQUA_MODIS.20030820.L3m.DAY.CHL.chlor_a.4km.nc,01_当前主原始数据,hdf5,14024704,a33a3d881d8bf13baf74086e6fdb5a09fdfb3b46a57eb4dbb953af4fb3760d71,clean_modis_ocean_color,REJECTED,HDF5 文件截断（truncated file）
01_当前主原始数据/ocean_color/modis_aqua_chla/AQUA_MODIS.20030824.L3m.DAY.CHL.chlor_a.4km.nc,01_当前主原始数据,hdf5,14024704,505b0a0fa3b82ea8a45ec06a1ca839a12d236ce365eb70f0eda9d4ab23568dbc,clean_modis_ocean_color,REJECTED,HDF5 文件截断（truncated file）
01_当前主原始数据/ocean_color/modis_aqua_chla/AQUA_MODIS.20030825.L3m.DAY.CHL.chlor_a.4km.nc,01_当前主原始数据,hdf5,14548992,866a9b8d8ee1ab483f193424a774aaebf9c4e11f54ef9f5a283b845518f73090,clean_modis_ocean_color,REJECTED,HDF5 文件截断（truncated file）
01_当前主原始数据/ocean_color/modis_aqua_chla/AQUA_MODIS.20030830.L3m.DAY.CHL.chlor_a.4km.nc,01_当前主原始数据,hdf5,14221312,733230c8aa192311193409dfbf7561614d48520ab250a7cd7a610d41971874e0,clean_modis_ocean_color,REJECTED,HDF5 文件截断（truncated file）
01_当前主原始数据/ocean_color/modis_aqua_chla/AQUA_MODIS.20031013.L3m.DAY.CHL.chlor_a.4km.nc,01_当前主原始数据,hdf5,14155776,a4631160c14bebd3095fa5befc1c1681ee766ecdcd98d62032d349bbe7f2423d,clean_modis_ocean_color,REJECTED,HDF5 文件截断（truncated file）
01_当前主原始数据/ocean_color/modis_aqua_chla/AQUA_MODIS.20031028.L3m.DAY.CHL.chlor_a.4km.nc,01_当前主原始数据,hdf5,14286848,32398154d531ad4efb86442bfa6da46bf65addbff532824f041c33e4860d66bc,clean_modis_ocean_color,REJECTED,HDF5 文件截断（truncated file）
01_当前主原始数据/ocean_color/modis_aqua_chla/AQUA_MODIS.20031102.L3m.DAY.CHL.chlor_a.4km.nc,01_当前主原始数据,hdf5,14024704,cea63d5ce23e62b793efe29621b33951549f534e17f9c8e1c45c1c8160e33b70,clean_modis_ocean_color,REJECTED,HDF5 文件截断（truncated file）
01_当前主原始数据/ocean_color/modis_aqua_chla/AQUA_MODIS.20041027.L3m.DAY.CHL.chlor_a.4km.nc,01_当前主原始数据,hdf5,3604480,80fb3d6201c3358cfc29be24945631f7ed10400e891bfffcba3165f861aee163,clean_modis_ocean_color,REJECTED,HDF5 文件截断（truncated file）
01_当前主原始数据/ocean_color/modis_aqua_chla/AQUA_MODIS.20041028.L3m.DAY.CHL.chlor_a.4km.nc,01_当前主原始数据,hdf5,4980736,d07663097c2749014f7f23717f838436f03c5d8ad2c5eaf2ba4e3bf6bce3fa89,clean_modis_ocean_color,REJECTED,HDF5 文件截断（truncated file）
01_当前主原始数据/ocean_color/modis_aqua_chla/AQUA_MODIS.20041029.L3m.DAY.CHL.chlor_a.4km.nc,01_当前主原始数据,hdf5,6029312,66bee7f0ac9a757d848f64c68ecae3e865107173d9c9d284645d7f48230b07bf,clean_modis_ocean_color,REJECTED,HDF5 文件截断（truncated file）
01_当前主原始数据/ocean_color/modis_aqua_chla/AQUA_MODIS.20041101.L3m.DAY.CHL.chlor_a.4km.nc,01_当前主原始数据,hdf5,5373952,f661b8f29771a04487d34ced8d9da02d3f831b2a9884f619e876ad9304f9db5d,clean_modis_ocean_color,REJECTED,HDF5 文件截断（truncated file）
01_当前主原始数据/ocean_color/modis_aqua_chla/AQUA_MODIS.20041104.L3m.DAY.CHL.chlor_a.4km.nc,01_当前主原始数据,hdf5,9699328,51f007b2faff6ef77c13abbd5b7a236c42ae85da01e55dd6dac72ad187fbc341,clean_modis_ocean_color,REJECTED,HDF5 文件截断（truncated file）
01_当前主原始数据/ocean_color/modis_aqua_chla/AQUA_MODIS.20041108.L3m.DAY.CHL.chlor_a.4km.nc,01_当前主原始数据,hdf5,4784128,ba1efd243f93cc8faa98820185b38c6f76d764144045c4b264474bf16f930f64,clean_modis_ocean_color,REJECTED,HDF5 文件截断（truncated file）
01_当前主原始数据/ocean_color/modis_aqua_chla/AQUA_MODIS.20041110.L3m.DAY.CHL.chlor_a.4km.nc,01_当前主原始数据,hdf5,3407872,bdbf45b92ea34fe2e2c896fb36d2fdc3d3defa3a823e220ac63c95ec2a457920,clean_modis_ocean_color,REJECTED,HDF5 文件截断（truncated file）
01_当前主原始数据/ocean_color/modis_aqua_chla/AQUA_MODIS.20041113.L3m.DAY.CHL.chlor_a.4km.nc,01_当前主原始数据,hdf5,7077888,a84b238c3dd90593ad13329544afc07ec360e8c63f33e1783243cd67438ef206,clean_modis_ocean_color,REJECTED,HDF5 文件截断（truncated file）
01_当前主原始数据/ocean_color/modis_aqua_chla/AQUA_MODIS.20041116.L3m.DAY.CHL.chlor_a.4km.nc,01_当前主原始数据,hdf5,3735552,07c1276f6068dfed9ff26ee32b96e95cfa60e8bd82bec28ab84adb550b34cda2,clean_modis_ocean_color,REJECTED,HDF5 文件截断（truncated file）
01_当前主原始数据/ocean_color/modis_aqua_chla/AQUA_MODIS.20041118.L3m.DAY.CHL.chlor_a.4km.nc,01_当前主原始数据,hdf5,5898240,0737fd1229aec77714936213f3b6f787502330f7cec526f1b2666ea481ad2016,clean_modis_ocean_color,REJECTED,HDF5 文件截断（truncated file）
01_当前主原始数据/ocean_color/modis_aqua_chla/AQUA_MODIS.20041226.L3m.DAY.CHL.chlor_a.4km.nc,01_当前主原始数据,hdf5,14155776,48f14fd121821935b46fe2e4a5765e2b27cb6ebd0850b29ccb01b5126e72bbbc,clean_modis_ocean_color,REJECTED,HDF5 文件截断（truncated file）
01_当前主原始数据/ocean_color/modis_aqua_chla/AQUA_MODIS.20050102.L3m.DAY.CHL.chlor_a.4km.nc,01_当前主原始数据,hdf5,12451840,cc45d00462c69b56cebc49296bf45b01621fa64ddfd36533f34332a1b3f03624,clean_modis_ocean_color,REJECTED,HDF5 文件截断（truncated file）
01_当前主原始数据/ocean_color/modis_aqua_chla/AQUA_MODIS.20050105.L3m.DAY.CHL.chlor_a.4km.nc,01_当前主原始数据,hdf5,5832704,d10e6036a8d5d46ede2005e772a9f5533d2617ba48bcb1537853a4646d8b085a,clean_modis_ocean_color,REJECTED,HDF5 文件截断（truncated file）
01_当前主原始数据/ocean_color/modis_aqua_chla/AQUA_MODIS.20050106.L3m.DAY.CHL.chlor_a.4km.nc,01_当前主原始数据,hdf5,1769472,9173cb72babcfd5d92ed26eff9087971d058653bc2dfee28afdf7f1712356f01,clean_modis_ocean_color,REJECTED,HDF5 文件截断（truncated file）
01_当前主原始数据/ocean_color/modis_aqua_chla/AQUA_MODIS.20050107.L3m.DAY.CHL.chlor_a.4km.nc,01_当前主原始数据,hdf5,327680,eddecb462813602c37d60ec8a53bbc5c086329a1192faa33e30ed529cdcd0f2d,clean_modis_ocean_color,REJECTED,HDF5 文件截断（truncated file）
01_当前主原始数据/ocean_color/modis_aqua_chla/AQUA_MODIS.20050110.L3m.DAY.CHL.chlor_a.4km.nc,01_当前主原始数据,hdf5,6029312,9b44d32fff57311da748440ae8dc665d4a2255d5e118f48f5800f88b3fddbe1a,clean_modis_ocean_color,REJECTED,HDF5 文件截断（truncated file）
01_当前主原始数据/ocean_color/modis_aqua_chla/AQUA_MODIS.20050112.L3m.DAY.CHL.chlor_a.4km.nc,01_当前主原始数据,hdf5,9502720,358fa7a0ab3c0bddbddaa2ffcef4d78d6e72250aca8106938f7f68ebdc5b6987,clean_modis_ocean_color,REJECTED,HDF5 文件截断（truncated file）
01_当前主原始数据/ocean_color/modis_aqua_chla/AQUA_MODIS.20050114.L3m.DAY.CHL.chlor_a.4km.nc,01_当前主原始数据,hdf5,5046272,a062c21b1f60beabe85df1cc9e55e3446fb652f7ff2db4a03ddd69598aff0478,clean_modis_ocean_color,REJECTED,HDF5 文件截断（truncated file）
01_当前主原始数据/ocean_color/modis_aqua_chla/AQUA_MODIS.20050115.L3m.DAY.CHL.chlor_a.4km.nc,01_当前主原始数据,hdf5,6225920,e36b7296b5d0c878eeb50ae416e38cbf5f64eb168ac48be625165ee296cab685,clean_modis_ocean_color,REJECTED,HDF5 文件截断（truncated file）
01_当前主原始数据/ocean_color/modis_aqua_chla/AQUA_MODIS.20050116.L3m.DAY.CHL.chlor_a.4km.nc,01_当前主原始数据,hdf5,1900544,c0bb75705d17e844120886215ebb5cbd30e5fa3d91008912ce3debd5d55b33fe,clean_modis_ocean_color,REJECTED,HDF5 文件截断（truncated file）
01_当前主原始数据/ocean_color/modis_aqua_chla/AQUA_MODIS.20050118.L3m.DAY.CHL.chlor_a.4km.nc,01_当前主原始数据,hdf5,6815744,0639fedcfa5f55d65fac83dc0c825bfac5e8db590e28ebb1120e4dfddd3eb5d3,clean_modis_ocean_color,REJECTED,HDF5 文件截断（truncated file）
01_当前主原始数据/ocean_color/modis_aqua_chla/AQUA_MODIS.20050128.L3m.DAY.CHL.chlor_a.4km.nc,01_当前主原始数据,hdf5,3407872,0b3cdc45fdb4d063e5adb18fb772b28326506c79af216bc01630118a662b39cc,clean_modis_ocean_color,REJECTED,HDF5 文件截断（truncated file）
01_当前主原始数据/ocean_color/modis_aqua_chla/AQUA_MODIS.20050129.L3m.DAY.CHL.chlor_a.4km.nc,01_当前主原始数据,hdf5,589824,af7ec63b8d0f4806c709dd250f26b9ea6534d84f89a69abc3c0f21502891f34e,clean_modis_ocean_color,REJECTED,HDF5 文件截断（truncated file）
01_当前主原始数据/ocean_color/modis_aqua_chla/AQUA_MODIS.20050130.L3m.DAY.CHL.chlor_a.4km.nc,01_当前主原始数据,hdf5,655360,707685f766a176b6e46c60340313dcae1d995b00611e1aa5fca873bad53f2979,clean_modis_ocean_color,REJECTED,HDF5 文件截断（truncated file）
01_当前主原始数据/ocean_color/modis_aqua_chla/AQUA_MODIS.20050131.L3m.DAY.CHL.chlor_a.4km.nc,01_当前主原始数据,hdf5,3932160,616f1b84953613052530c4243c0a3219743aee30bb0a81efc84098f3e415146e,clean_modis_ocean_color,REJECTED,HDF5 文件截断（truncated file）
01_当前主原始数据/ocean_color/modis_aqua_chla/AQUA_MODIS.20050201.L3m.DAY.CHL.chlor_a.4km.nc,01_当前主原始数据,hdf5,10682368,8c93cf64f272dbe77a74544155d86bc0d777922f672c819f694aeda997e01571,clean_modis_ocean_color,REJECTED,HDF5 文件截断（truncated file）
01_当前主原始数据/ocean_color/modis_aqua_chla/AQUA_MODIS.20050202.L3m.DAY.CHL.chlor_a.4km.nc,01_当前主原始数据,hdf5,4456448,a5f101e69732225bcf0d041086d4b4dccde5b25c4c703b08e33e3a4568a01b77,clean_modis_ocean_color,REJECTED,HDF5 文件截断（truncated file）
01_当前主原始数据/ocean_color/modis_aqua_chla/AQUA_MODIS.20050203.L3m.DAY.CHL.chlor_a.4km.nc,01_当前主原始数据,hdf5,1835008,12c004cbf21d1772bfb76dd65bc7ef4af54670769ebaac049faa6af3e052ece3,clean_modis_ocean_color,REJECTED,HDF5 文件截断（truncated file）
01_当前主原始数据/ocean_color/modis_aqua_chla/AQUA_MODIS.20050205.L3m.DAY.CHL.chlor_a.4km.nc,01_当前主原始数据,hdf5,14024704,3d60703126086955cc2daecef9e7efc3c6e6103962ce39bca396feb5bfdc4e6b,clean_modis_ocean_color,REJECTED,HDF5 文件截断（truncated file）
01_当前主原始数据/ocean_color/modis_aqua_chla/AQUA_MODIS.20050206.L3m.DAY.CHL.chlor_a.4km.nc,01_当前主原始数据,hdf5,14024704,932f11aa547fdba405c16e30926b60ec66a577f8cf9034ff07d33021017640da,clean_modis_ocean_color,REJECTED,HDF5 文件截断（truncated file）
01_当前主原始数据/ocean_color/modis_aqua_chla/AQUA_MODIS.20050208.L3m.DAY.CHL.chlor_a.4km.nc,01_当前主原始数据,hdf5,4587520,a72bb8a5578f8282411ee9381d7297bced69879f48dba889c0d16f2ab8593354,clean_modis_ocean_color,REJECTED,HDF5 文件截断（truncated file）
01_当前主原始数据/ocean_color/modis_aqua_chla/AQUA_MODIS.20050210.L3m.DAY.CHL.chlor_a.4km.nc,01_当前主原始数据,hdf5,14417920,676fe03f8f80b34a11a4b1425e9e1b6212a789a45430ca91721eab4d14257aec,clean_modis_ocean_color,REJECTED,HDF5 文件截断（truncated file）
01_当前主原始数据/ocean_color/modis_aqua_chla/AQUA_MODIS.20050212.L3m.DAY.CHL.chlor_a.4km.nc,01_当前主原始数据,hdf5,5570560,15bda9b43a91b2190a7c630b1565a1115d3603f1a795a54052c6febd05ca3ca6,clean_modis_ocean_color,REJECTED,HDF5 文件截断（truncated file）
01_当前主原始数据/ocean_color/modis_aqua_chla/AQUA_MODIS.20050215.L3m.DAY.CHL.chlor_a.4km.nc,01_当前主原始数据,hdf5,6160384,67d24e1fc8a9b6695bd608a14b80779534146a29014b3c0cd4de73248c580d17,clean_modis_ocean_color,REJECTED,HDF5 文件截断（truncated file）
01_当前主原始数据/ocean_color/modis_aqua_chla/AQUA_MODIS.20050217.L3m.DAY.CHL.chlor_a.4km.nc,01_当前主原始数据,hdf5,6815744,a21784a4b6128e563f9099cae26d29435be74ff7cdd4b8e40b863fdc29db3498,clean_modis_ocean_color,REJECTED,HDF5 文件截断（truncated file）
01_当前主原始数据/ocean_color/modis_aqua_chla/AQUA_MODIS.20050218.L3m.DAY.CHL.chlor_a.4km.nc,01_当前主原始数据,hdf5,14024704,61f6d04c1a774ba42ccbe80ff0699b75f42a3f9186432fa6a9f2f1cf1dbfef06,clean_modis_ocean_color,REJECTED,HDF5 文件截断（truncated file）
01_当前主原始数据/ocean_color/modis_aqua_chla/AQUA_MODIS.20050220.L3m.DAY.CHL.chlor_a.4km.nc,01_当前主原始数据,hdf5,14483456,328674ade184dd076de7afd24b155ad6883219fdf2efd81b4f7fde292bb80fa2,clean_modis_ocean_color,REJECTED,HDF5 文件截断（truncated file）
01_当前主原始数据/ocean_color/modis_aqua_chla/AQUA_MODIS.20050225.L3m.DAY.CHL.chlor_a.4km.nc,01_当前主原始数据,hdf5,4259840,a2aa3f2a936fb2023fa0d4b0a00ada0416d7e3c68993b628bd53812a83a65b2a,clean_modis_ocean_color,REJECTED,HDF5 文件截断（truncated file）
01_当前主原始数据/ocean_color/modis_aqua_chla/AQUA_MODIS.20050303.L3m.DAY.CHL.chlor_a.4km.nc,01_当前主原始数据,hdf5,14024704,9d1d9282c2e2097adcd8e5b882c05141e9336659da2bf4a0d2f617ee296717b9,clean_modis_ocean_color,REJECTED,HDF5 文件截断（truncated file）
01_当前主原始数据/ocean_color/modis_aqua_chla/AQUA_MODIS.20050308.L3m.DAY.CHL.chlor_a.4km.nc,01_当前主原始数据,hdf5,3276800,447cc0ba7e8edb5b00b91e979cdc8031876a0d45fedaa6c70eafd1989e9c6dec,clean_modis_ocean_color,REJECTED,HDF5 文件截断（truncated file）
01_当前主原始数据/ocean_color/modis_aqua_chla/AQUA_MODIS.20050312.L3m.DAY.CHL.chlor_a.4km.nc,01_当前主原始数据,hdf5,9764864,85f86a0c0f7e8a0101c6a10d624430164da66a0157d52ad0cc77bb89662511b8,clean_modis_ocean_color,REJECTED,HDF5 文件截断（truncated file）
01_当前主原始数据/ocean_color/modis_aqua_chla/AQUA_MODIS.20050318.L3m.DAY.CHL.chlor_a.4km.nc,01_当前主原始数据,hdf5,14286848,98808cd96bbb3a3ab8502f60ba73f250750cb200e445fbe1932655fce7cac3ac,clean_modis_ocean_color,REJECTED,HDF5 文件截断（truncated file）
01_当前主原始数据/ocean_color/modis_aqua_chla/AQUA_MODIS.20050322.L3m.DAY.CHL.chlor_a.4km.nc,01_当前主原始数据,hdf5,12779520,90cf8004fe95caad40c463ff425a1510540acfad65af4f675a012a88393add99,clean_modis_ocean_color,REJECTED,HDF5 文件截断（truncated file）
01_当前主原始数据/ocean_color/modis_aqua_chla/AQUA_MODIS.20050323.L3m.DAY.CHL.chlor_a.4km.nc,01_当前主原始数据,hdf5,14024704,a454d6d2c42c73e98a32a41dab97b30563911a4d082c03a752bd82eddbb67286,clean_modis_ocean_color,REJECTED,HDF5 文件截断（truncated file）
01_当前主原始数据/ocean_color/modis_aqua_chla/AQUA_MODIS.20050324.L3m.DAY.CHL.chlor_a.4km.nc,01_当前主原始数据,hdf5,10092544,ae141a16c181d7a62c7be3ad478bda7b5e0af0f2208986df53607e9f0432cf0d,clean_modis_ocean_color,REJECTED,HDF5 文件截断（truncated file）
01_当前主原始数据/ocean_color/modis_aqua_chla/AQUA_MODIS.20050325.L3m.DAY.CHL.chlor_a.4km.nc,01_当前主原始数据,hdf5,10485760,86e5f5d08f8d4fb4bfa5444ff2ed52e3471053ccb86ea86a5fef07d5d7fda695,clean_modis_ocean_color,REJECTED,HDF5 文件截断（truncated file）
01_当前主原始数据/ocean_color/modis_aqua_chla/AQUA_MODIS.20050326.L3m.DAY.CHL.chlor_a.4km.nc,01_当前主原始数据,hdf5,4980736,dc3fb0d2435ec6ee48f5f571126ba3512958f9e75bad77cdff4ed7bb0ac5ca69,clean_modis_ocean_color,REJECTED,HDF5 文件截断（truncated file）
01_当前主原始数据/ocean_color/modis_aqua_chla/AQUA_MODIS.20050327.L3m.DAY.CHL.chlor_a.4km.nc,01_当前主原始数据,hdf5,6422528,f17d2d8dd76130a136a2c070f22cd79c22a6562388d57d6291afc875c5b92b6b,clean_modis_ocean_color,REJECTED,HDF5 文件截断（truncated file）
01_当前主原始数据/ocean_color/modis_aqua_chla/AQUA_MODIS.20050328.L3m.DAY.CHL.chlor_a.4km.nc,01_当前主原始数据,hdf5,9437184,38a50c03efd7eada8da1417b273cb1c7b7f344923b9230673e6d6b64d52b7f38,clean_modis_ocean_color,REJECTED,HDF5 文件截断（truncated file）
01_当前主原始数据/ocean_color/modis_aqua_chla/AQUA_MODIS.20050329.L3m.DAY.CHL.chlor_a.4km.nc,01_当前主原始数据,hdf5,15400960,185638e7bb8202db6b9ef456d45d116ebf6ad0bfd2a9bc10971c4bd4ebb7b79b,clean_modis_ocean_color,REJECTED,HDF5 文件截断（truncated file）
01_当前主原始数据/ocean_color/modis_aqua_chla/AQUA_MODIS.20050330.L3m.DAY.CHL.chlor_a.4km.nc,01_当前主原始数据,hdf5,2097152,b57f35197d379bd4ed8cb91b12097f7eb2793bae1d39a626473a7cab732f33dd,clean_modis_ocean_color,REJECTED,HDF5 文件截断（truncated file）
01_当前主原始数据/ocean_color/modis_aqua_chla/AQUA_MODIS.20050331.L3m.DAY.CHL.chlor_a.4km.nc,01_当前主原始数据,hdf5,2359296,9d8cc5417f877a78d0f61e42993261b2d14e6d33ce0d27e5b5df06c3d0871495,clean_modis_ocean_color,REJECTED,HDF5 文件截断（truncated file）
01_当前主原始数据/ocean_color/modis_aqua_chla/AQUA_MODIS.20050401.L3m.DAY.CHL.chlor_a.4km.nc,01_当前主原始数据,hdf5,13565952,c5498f9c855f89bd6b72cd2a395868c329bccc56b20763c6146730297b98947b,clean_modis_ocean_color,REJECTED,HDF5 文件截断（truncated file）
01_当前主原始数据/ocean_color/modis_aqua_chla/AQUA_MODIS.20050402.L3m.DAY.CHL.chlor_a.4km.nc,01_当前主原始数据,hdf5,8060928,280c4b95df455d0c8efd39e1b40be03298d0426f0115d333881f30d7d9b37baf,clean_modis_ocean_color,REJECTED,HDF5 文件截断（truncated file）
01_当前主原始数据/ocean_color/modis_aqua_chla/AQUA_MODIS.20050403.L3m.DAY.CHL.chlor_a.4km.nc,01_当前主原始数据,hdf5,9633792,e1c9e2a9cf5f57013cd62b7c4f65c9bc821e08cac432744a79b40eda031e08cc,clean_modis_ocean_color,REJECTED,HDF5 文件截断（truncated file）
01_当前主原始数据/ocean_color/modis_aqua_chla/AQUA_MODIS.20050404.L3m.DAY.CHL.chlor_a.4km.nc,01_当前主原始数据,hdf5,2883584,ef807b883858e02f9321b15eaddf3df909069f74a858167a02daf467b683cfd4,clean_modis_ocean_color,REJECTED,HDF5 文件截断（truncated file）
01_当前主原始数据/ocean_color/modis_aqua_chla/AQUA_MODIS.20050405.L3m.DAY.CHL.chlor_a.4km.nc,01_当前主原始数据,hdf5,9306112,0d60d607a3e3251e8d8c92b3455ff21a315c4d2d8a4f959aef54c47157bab7b1,clean_modis_ocean_color,REJECTED,HDF5 文件截断（truncated file）
01_当前主原始数据/ocean_color/modis_aqua_chla/AQUA_MODIS.20050406.L3m.DAY.CHL.chlor_a.4km.nc,01_当前主原始数据,hdf5,14024704,e3348c55dfbaa4089472996555364153b11254b9e3f4134f3cd56f406bf4690a,clean_modis_ocean_color,REJECTED,HDF5 文件截断（truncated file）
01_当前主原始数据/ocean_color/modis_aqua_chla/AQUA_MODIS.20050407.L3m.DAY.CHL.chlor_a.4km.nc,01_当前主原始数据,hdf5,3473408,e854c3804fa10cc09df2b7fca1aac35a6b7b3b88914a34186b5da4e7e0416222,clean_modis_ocean_color,REJECTED,HDF5 文件截断（truncated file）
01_当前主原始数据/ocean_color/modis_aqua_chla/AQUA_MODIS.20050410.L3m.DAY.CHL.chlor_a.4km.nc,01_当前主原始数据,hdf5,3014656,1e2f0b313fa6d399e330e936a9df8bc0bba0793a1fdc7a40b0fc54a9a2c824b3,clean_modis_ocean_color,REJECTED,HDF5 文件截断（truncated file）
01_当前主原始数据/ocean_color/modis_aqua_chla/AQUA_MODIS.20050411.L3m.DAY.CHL.chlor_a.4km.nc,01_当前主原始数据,hdf5,11862016,8bd25f04bfe42f6eb0e56629a70c2260196948745d30e84ce9bd54a18668f0c8,clean_modis_ocean_color,REJECTED,HDF5 文件截断（truncated file）
01_当前主原始数据/ocean_color/modis_aqua_chla/AQUA_MODIS.20050412.L3m.DAY.CHL.chlor_a.4km.nc,01_当前主原始数据,hdf5,4784128,7efe9c40f2c02357b5d5d427f766e0b659fc1e3ebbf37adeaeb913df2784ad07,clean_modis_ocean_color,REJECTED,HDF5 文件截断（truncated file）
01_当前主原始数据/ocean_color/modis_aqua_chla/AQUA_MODIS.20050413.L3m.DAY.CHL.chlor_a.4km.nc,01_当前主原始数据,hdf5,9830400,72efa52922b01de0e4960653ba1b9ff24d5a961a5abd69691dd86452304c7ddc,clean_modis_ocean_color,REJECTED,HDF5 文件截断（truncated file）
01_当前主原始数据/ocean_color/modis_aqua_chla/AQUA_MODIS.20050414.L3m.DAY.CHL.chlor_a.4km.nc,01_当前主原始数据,hdf5,10092544,1e39cba3aad947283f8c654e290435021483a75b80fdea282aa78d416c54ac87,clean_modis_ocean_color,REJECTED,HDF5 文件截断（truncated file）
01_当前主原始数据/ocean_color/modis_aqua_chla/AQUA_MODIS.20050415.L3m.DAY.CHL.chlor_a.4km.nc,01_当前主原始数据,hdf5,1572864,f501cbd962252b5147114fcf33e829c43a7f04e04cbd4e9969ec879b840d9ef8,clean_modis_ocean_color,REJECTED,HDF5 文件截断（truncated file）
01_当前主原始数据/ocean_color/modis_aqua_chla/AQUA_MODIS.20050416.L3m.DAY.CHL.chlor_a.4km.nc,01_当前主原始数据,hdf5,7536640,9de6f4a594141803852a7ad79530dc599fd22f802df7afd9ab06b9c9db151c31,clean_modis_ocean_color,REJECTED,HDF5 文件截断（truncated file）
01_当前主原始数据/ocean_color/modis_aqua_chla/AQUA_MODIS.20050417.L3m.DAY.CHL.chlor_a.4km.nc,01_当前主原始数据,hdf5,11075584,cccb3ae22b93b8fadc5db7eac51af57698ddb5c42dfb36829d749c698467e930,clean_modis_ocean_color,REJECTED,HDF5 文件截断（truncated file）
01_当前主原始数据/ocean_color/modis_aqua_chla/AQUA_MODIS.20050418.L3m.DAY.CHL.chlor_a.4km.nc,01_当前主原始数据,hdf5,786432,7211f2d7c1d95b9b315050b2bd5aaa662ed5b41d6752c6614b98e8e3b12cec57,clean_modis_ocean_color,REJECTED,HDF5 文件截断（truncated file）
01_当前主原始数据/ocean_color/modis_aqua_chla/AQUA_MODIS.20050419.L3m.DAY.CHL.chlor_a.4km.nc,01_当前主原始数据,hdf5,6619136,1d30ba4fbf9b1ae775185f30c5b3d79d69089f42db2aefba8210eb5f58cc7e61,clean_modis_ocean_color,REJECTED,HDF5 文件截断（truncated file）
01_当前主原始数据/ocean_color/modis_aqua_chla/AQUA_MODIS.20050420.L3m.DAY.CHL.chlor_a.4km.nc,01_当前主原始数据,hdf5,2490368,f2be1d198bf2b39ab6c59741731dfb5b9cbbe18653c1e0d6be1b7b8628bd9663,clean_modis_ocean_color,REJECTED,HDF5 文件截断（truncated file）
01_当前主原始数据/ocean_color/modis_aqua_chla/AQUA_MODIS.20050421.L3m.DAY.CHL.chlor_a.4km.nc,01_当前主原始数据,hdf5,9895936,193ae9b1422b7764409a5b9a13a85f04359ca3253c32388b19c14d87f3cd6c4a,clean_modis_ocean_color,REJECTED,HDF5 文件截断（truncated file）
01_当前主原始数据/ocean_color/modis_aqua_chla/AQUA_MODIS.20050422.L3m.DAY.CHL.chlor_a.4km.nc,01_当前主原始数据,hdf5,5177344,a8402159442cddd1d8c7719f5d9fe982436666e19dc6e192180ec3e97ad5d27d,clean_modis_ocean_color,REJECTED,HDF5 文件截断（truncated file）
01_当前主原始数据/ocean_color/modis_aqua_chla/AQUA_MODIS.20050423.L3m.DAY.CHL.chlor_a.4km.nc,01_当前主原始数据,hdf5,9043968,5c182266851e4739aae020068d5e054d1e23c3244bb7e92b3ae5d62c7b849b62,clean_modis_ocean_color,REJECTED,HDF5 文件截断（truncated file）
01_当前主原始数据/ocean_color/modis_aqua_chla/AQUA_MODIS.20050424.L3m.DAY.CHL.chlor_a.4km.nc,01_当前主原始数据,hdf5,2555904,40f906a5fb4b617edd8f0eb5e4676af03e7f660a0b8927c659d222583f0b8d8f,clean_modis_ocean_color,REJECTED,HDF5 文件截断（truncated file）
01_当前主原始数据/ocean_color/modis_aqua_chla/AQUA_MODIS.20050425.L3m.DAY.CHL.chlor_a.4km.nc,01_当前主原始数据,hdf5,2949120,8e4dce2638c74722e40bee921eedd45a16c8058e69ccc6b61eb3e788d29516e3,clean_modis_ocean_color,REJECTED,HDF5 文件截断（truncated file）
01_当前主原始数据/ocean_color/modis_aqua_chla/AQUA_MODIS.20050426.L3m.DAY.CHL.chlor_a.4km.nc,01_当前主原始数据,hdf5,3670016,a225c26533e2fd43e76639e37c7affecdef4d2ed26b631d3c54cad7b7198278a,clean_modis_ocean_color,REJECTED,HDF5 文件截断（truncated file）
01_当前主原始数据/ocean_color/modis_aqua_chla/AQUA_MODIS.20050427.L3m.DAY.CHL.chlor_a.4km.nc,01_当前主原始数据,hdf5,4063232,7bd53bf5378fae59774c47cc03931bbdc64621c4c84aed2b50a414849687e815,clean_modis_ocean_color,REJECTED,HDF5 文件截断（truncated file）
01_当前主原始数据/ocean_color/modis_aqua_chla/AQUA_MODIS.20050428.L3m.DAY.CHL.chlor_a.4km.nc,01_当前主原始数据,hdf5,12058624,06bd7684ab136af5d36c298515d6836af5d4256ce0621feef046e9f1099fed25,clean_modis_ocean_color,REJECTED,HDF5 文件截断（truncated file）
01_当前主原始数据/ocean_color/modis_aqua_chla/AQUA_MODIS.20050429.L3m.DAY.CHL.chlor_a.4km.nc,01_当前主原始数据,hdf5,6488064,a47d7cb9ec895a455f7d09782101bf40d33c852f421fd085d5d60bb8d36d5094,clean_modis_ocean_color,REJECTED,HDF5 文件截断（truncated file）
01_当前主原始数据/ocean_color/modis_aqua_chla/AQUA_MODIS.20050430.L3m.DAY.CHL.chlor_a.4km.nc,01_当前主原始数据,hdf5,2031616,4152019621b335a85cca73413d1069ab79a1d4f6952b6a0dec24e10d0cc84997,clean_modis_ocean_color,REJECTED,HDF5 文件截断（truncated file）
01_当前主原始数据/ocean_color/modis_aqua_chla/AQUA_MODIS.20050501.L3m.DAY.CHL.chlor_a.4km.nc,01_当前主原始数据,hdf5,11534336,2636b2d141fb511b5af5ee1d7eaf022362b57920f5fc5c202b7cf0bfe549e119,clean_modis_ocean_color,REJECTED,HDF5 文件截断（truncated file）
01_当前主原始数据/ocean_color/modis_aqua_chla/AQUA_MODIS.20050502.L3m.DAY.CHL.chlor_a.4km.nc,01_当前主原始数据,hdf5,6946816,9da99582d47bd4e9ca37d52b7bc1b04da3a2f4e5e8d42b929d587e23e5d6a059,clean_modis_ocean_color,REJECTED,HDF5 文件截断（truncated file）
01_当前主原始数据/ocean_color/modis_aqua_chla/AQUA_MODIS.20050503.L3m.DAY.CHL.chlor_a.4km.nc,01_当前主原始数据,hdf5,7929856,cd54e799acb645ffa9e535aad2b2095b5d253e3804480391456d500adade58b9,clean_modis_ocean_color,REJECTED,HDF5 文件截断（truncated file）
01_当前主原始数据/ocean_color/modis_aqua_chla/AQUA_MODIS.20050504.L3m.DAY.CHL.chlor_a.4km.nc,01_当前主原始数据,hdf5,8060928,8f14e217e1a164ffb8b0aac16beb2771297d27717216bc5773b027e9267455aa,clean_modis_ocean_color,REJECTED,HDF5 文件截断（truncated file）
01_当前主原始数据/ocean_color/modis_aqua_chla/AQUA_MODIS.20050505.L3m.DAY.CHL.chlor_a.4km.nc,01_当前主原始数据,hdf5,4718592,63e6b3f849836dd5ebe0f508fefcc71de63e656bcd1537d0412f751ec780781c,clean_modis_ocean_color,REJECTED,HDF5 文件截断（truncated file）
01_当前主原始数据/ocean_color/modis_aqua_chla/AQUA_MODIS.20050506.L3m.DAY.CHL.chlor_a.4km.nc,01_当前主原始数据,hdf5,2490368,9f887f5abdbc456e47b9b41d2e66a44846b319d014fb7eff82561479362242ca,clean_modis_ocean_color,REJECTED,HDF5 文件截断（truncated file）
01_当前主原始数据/ocean_color/modis_aqua_chla/AQUA_MODIS.20050507.L3m.DAY.CHL.chlor_a.4km.nc,01_当前主原始数据,hdf5,6946816,09db6aa0d6914c3ec22bc4b5822b600176243960eb4a10b783de3d6486e0593b,clean_modis_ocean_color,REJECTED,HDF5 文件截断（truncated file）
01_当前主原始数据/ocean_color/modis_aqua_chla/AQUA_MODIS.20050508.L3m.DAY.CHL.chlor_a.4km.nc,01_当前主原始数据,hdf5,1769472,e1d08a4b8cada00e80caa38fe91731100e23e2357332986c0f97028bbb8428a9,clean_modis_ocean_color,REJECTED,HDF5 文件截断（truncated file）
01_当前主原始数据/ocean_color/modis_aqua_chla/AQUA_MODIS.20050509.L3m.DAY.CHL.chlor_a.4km.nc,01_当前主原始数据,hdf5,1572864,8d50c9ce6b6179bc9fcfd69346031e54a410b0b4a3d0fe42c6a2a2080244e6c2,clean_modis_ocean_color,REJECTED,HDF5 文件截断（truncated file）
01_当前主原始数据/ocean_color/modis_aqua_chla/AQUA_MODIS.20050510.L3m.DAY.CHL.chlor_a.4km.nc,01_当前主原始数据,hdf5,4521984,de567a4f467cbd273aa258b4b7ef5ce8172edf1fa1a4cb187c398646f9fe4838,clean_modis_ocean_color,REJECTED,HDF5 文件截断（truncated file）
01_当前主原始数据/ocean_color/modis_aqua_chla/AQUA_MODIS.20050511.L3m.DAY.CHL.chlor_a.4km.nc,01_当前主原始数据,hdf5,6160384,64c3b34ce977041e2a1053ede762ee55f31a1f00ed466192d4298e9a7a93d299,clean_modis_ocean_color,REJECTED,HDF5 文件截断（truncated file）
01_当前主原始数据/ocean_color/modis_aqua_chla/AQUA_MODIS.20050512.L3m.DAY.CHL.chlor_a.4km.nc,01_当前主原始数据,hdf5,1114112,b49c3da99f175a38f090931ddac359753b835e0729b57e08f0b88ae859dfb497,clean_modis_ocean_color,REJECTED,HDF5 文件截断（truncated file）
01_当前主原始数据/ocean_color/modis_aqua_chla/AQUA_MODIS.20050513.L3m.DAY.CHL.chlor_a.4km.nc,01_当前主原始数据,hdf5,1572864,389ac43b15694963ef332dbbcc9acfae041e0a752b731e727fac4807f22b7ee2,clean_modis_ocean_color,REJECTED,HDF5 文件截断（truncated file）
01_当前主原始数据/ocean_color/modis_aqua_chla/AQUA_MODIS.20050514.L3m.DAY.CHL.chlor_a.4km.nc,01_当前主原始数据,hdf5,10813440,a7519759020d7d584cb05ea7996e0a7dc8610b95aeaeb49375ef130b95c1273d,clean_modis_ocean_color,REJECTED,HDF5 文件截断（truncated file）
01_当前主原始数据/ocean_color/modis_aqua_chla/AQUA_MODIS.20050515.L3m.DAY.CHL.chlor_a.4km.nc,01_当前主原始数据,hdf5,7405568,c267b4676f4864aa69cda3758fee57e2d388ef54d944558d9f8049df3eeb3fc2,clean_modis_ocean_color,REJECTED,HDF5 文件截断（truncated file）
01_当前主原始数据/ocean_color/modis_aqua_chla/AQUA_MODIS.20050516.L3m.DAY.CHL.chlor_a.4km.nc,01_当前主原始数据,hdf5,983040,064e16cfe7982b50eae2c77401be66da056be3e779c577b54e3b803a0ec166d8,clean_modis_ocean_color,REJECTED,HDF5 文件截断（truncated file）
01_当前主原始数据/ocean_color/modis_aqua_chla/AQUA_MODIS.20050517.L3m.DAY.CHL.chlor_a.4km.nc,01_当前主原始数据,hdf5,2621440,c0b85ee5777ff0991d03665099d1a134714e1662805968f72300c5f1e50bb541,clean_modis_ocean_color,REJECTED,HDF5 文件截断（truncated file）
01_当前主原始数据/ocean_color/modis_aqua_chla/AQUA_MODIS.20050518.L3m.DAY.CHL.chlor_a.4km.nc,01_当前主原始数据,hdf5,8060928,c19d505ea6bc81799a76e7e947ee2c0c7a09f83c6ff07583b001e2deec0242bf,clean_modis_ocean_color,REJECTED,HDF5 文件截断（truncated file）
01_当前主原始数据/ocean_color/modis_aqua_chla/AQUA_MODIS.20050519.L3m.DAY.CHL.chlor_a.4km.nc,01_当前主原始数据,hdf5,6160384,8431621a64eae01624e6a8a719af3fedb2ac69101a3d4fa459c106e533ff382c,clean_modis_ocean_color,REJECTED,HDF5 文件截断（truncated file）
01_当前主原始数据/ocean_color/modis_aqua_chla/AQUA_MODIS.20050520.L3m.DAY.CHL.chlor_a.4km.nc,01_当前主原始数据,hdf5,5898240,b965020b8c853d90a3e30ffe5ce8e9f2f1ea74325d745bb306d1cca421e0ba53,clean_modis_ocean_color,REJECTED,HDF5 文件截断（truncated file）
01_当前主原始数据/ocean_color/modis_aqua_chla/AQUA_MODIS.20050521.L3m.DAY.CHL.chlor_a.4km.nc,01_当前主原始数据,hdf5,4587520,67a40eb24ed65b7c1e967b03e713d92146e0da0123e2a08c945cff9b698a260e,clean_modis_ocean_color,REJECTED,HDF5 文件截断（truncated file）
01_当前主原始数据/ocean_color/modis_aqua_chla/AQUA_MODIS.20050522.L3m.DAY.CHL.chlor_a.4km.nc,01_当前主原始数据,hdf5,5570560,0b8a9aa78af5c24c324fdbbce88f9246782a62c70fca93435577c610c49b03e7,clean_modis_ocean_color,REJECTED,HDF5 文件截断（truncated file）
01_当前主原始数据/ocean_color/modis_aqua_chla/AQUA_MODIS.20050523.L3m.DAY.CHL.chlor_a.4km.nc,01_当前主原始数据,hdf5,5898240,dc49aa3a8aa516b188aa0ab4755b85f99f1a2e8bbb435cc5e49b8a60807350b0,clean_modis_ocean_color,REJECTED,HDF5 文件截断（truncated file）
01_当前主原始数据/ocean_color/modis_aqua_chla/AQUA_MODIS.20050524.L3m.DAY.CHL.chlor_a.4km.nc,01_当前主原始数据,hdf5,5111808,9b5c03ed25a75efa3daecea919b0426cde0f79539f764227e640aefed35ef56c,clean_modis_ocean_color,REJECTED,HDF5 文件截断（truncated file）
01_当前主原始数据/ocean_color/modis_aqua_chla/AQUA_MODIS.20050525.L3m.DAY.CHL.chlor_a.4km.nc,01_当前主原始数据,hdf5,7274496,355a59e42867b01a212ca9308559e391b153ddad6e1ed0c6155586400fe8513c,clean_modis_ocean_color,REJECTED,HDF5 文件截断（truncated file）
01_当前主原始数据/ocean_color/modis_aqua_chla/AQUA_MODIS.20050526.L3m.DAY.CHL.chlor_a.4km.nc,01_当前主原始数据,hdf5,2424832,bfb35ead5fccbd4af9743ac7eb4c1a0e6350e32dc47f623c08508a9c5d2bccbf,clean_modis_ocean_color,REJECTED,HDF5 文件截断（truncated file）
01_当前主原始数据/ocean_color/modis_aqua_chla/AQUA_MODIS.20050527.L3m.DAY.CHL.chlor_a.4km.nc,01_当前主原始数据,hdf5,6356992,174a63778069a823cd06384d58aa6c6103fc4d99cdf2066b21abfa1d80cc5768,clean_modis_ocean_color,REJECTED,HDF5 文件截断（truncated file）
01_当前主原始数据/ocean_color/modis_aqua_chla/AQUA_MODIS.20050528.L3m.DAY.CHL.chlor_a.4km.nc,01_当前主原始数据,hdf5,5767168,0807b438b5cf440130607c4e88ade7242ba83765b6fc8c8bf9a9863a053e49b5,clean_modis_ocean_color,REJECTED,HDF5 文件截断（truncated file）
01_当前主原始数据/ocean_color/modis_aqua_chla/AQUA_MODIS.20050529.L3m.DAY.CHL.chlor_a.4km.nc,01_当前主原始数据,hdf5,4718592,f7e0e74bd4c347283e09a1e65982f1936dba4807cce25f9879c5e76b4d812f99,clean_modis_ocean_color,REJECTED,HDF5 文件截断（truncated file）
01_当前主原始数据/ocean_color/modis_aqua_chla/AQUA_MODIS.20050530.L3m.DAY.CHL.chlor_a.4km.nc,01_当前主原始数据,hdf5,2424832,27acb68c1668d773af66a872c5a81dc1c58a474c28c78201925087c75b54bf4c,clean_modis_ocean_color,REJECTED,HDF5 文件截断（truncated file）
01_当前主原始数据/ocean_color/modis_aqua_chla/AQUA_MODIS.20050531.L3m.DAY.CHL.chlor_a.4km.nc,01_当前主原始数据,hdf5,3866624,b6337423a8118d35e850d8d2d6238df4152e9f12e42f5caed02cb61860e2d4c6,clean_modis_ocean_color,REJECTED,HDF5 文件截断（truncated file）
01_当前主原始数据/ocean_color/modis_aqua_chla/AQUA_MODIS.20050601.L3m.DAY.CHL.chlor_a.4km.nc,01_当前主原始数据,hdf5,6291456,2372eaba82dd3e738b4aa4b5e38cf44b1de04cb3b4c1d4a03ca63485e497eccf,clean_modis_ocean_color,REJECTED,HDF5 文件截断（truncated file）
01_当前主原始数据/ocean_color/modis_aqua_chla/AQUA_MODIS.20050602.L3m.DAY.CHL.chlor_a.4km.nc,01_当前主原始数据,hdf5,3473408,2a608c4e87a30da6bd0d6de1ff53b3ad67cf73a1e4c5119317bd9bb3cb6bc5f6,clean_modis_ocean_color,REJECTED,HDF5 文件截断（truncated file）
01_当前主原始数据/ocean_color/modis_aqua_chla/AQUA_MODIS.20050603.L3m.DAY.CHL.chlor_a.4km.nc,01_当前主原始数据,hdf5,8650752,fbf32e652a1e86e84a049c4ec42354cf3d075e555b4f8d3b99124a059902d174,clean_modis_ocean_color,REJECTED,HDF5 文件截断（truncated file）
01_当前主原始数据/ocean_color/modis_aqua_chla/AQUA_MODIS.20050604.L3m.DAY.CHL.chlor_a.4km.nc,01_当前主原始数据,hdf5,8585216,4d5869e00ca307830d697c4e0bf819cc095f463c72bc6d48490f0a98d7caa824,clean_modis_ocean_color,REJECTED,HDF5 文件截断（truncated file）
01_当前主原始数据/ocean_color/modis_aqua_chla/AQUA_MODIS.20050605.L3m.DAY.CHL.chlor_a.4km.nc,01_当前主原始数据,hdf5,3211264,e4d525ae9712975bb4d0cc9f347d34dd2f2bbcfe9ab5e466822b3532228e5629,clean_modis_ocean_color,REJECTED,HDF5 文件截断（truncated file）
01_当前主原始数据/ocean_color/modis_aqua_chla/AQUA_MODIS.20050607.L3m.DAY.CHL.chlor_a.4km.nc,01_当前主原始数据,hdf5,2555904,0413295acd3a59612a75ea66511c732d6806bcb0646367acd35a45bae99afa42,clean_modis_ocean_color,REJECTED,HDF5 文件截断（truncated file）
01_当前主原始数据/ocean_color/modis_aqua_chla/AQUA_MODIS.20050609.L3m.DAY.CHL.chlor_a.4km.nc,01_当前主原始数据,hdf5,8454144,7b326273735c179385df173c657ae4560e8d2b600cf7c158f0c9b502d06b60e9,clean_modis_ocean_color,REJECTED,HDF5 文件截断（truncated file）
01_当前主原始数据/ocean_color/modis_aqua_chla/AQUA_MODIS.20050612.L3m.DAY.CHL.chlor_a.4km.nc,01_当前主原始数据,hdf5,2424832,a1ae849ad56f80fd7f41a96c9053b955270e33d99e75fc0bd65a3fe512d67fbc,clean_modis_ocean_color,REJECTED,HDF5 文件截断（truncated file）
01_当前主原始数据/ocean_color/modis_aqua_chla/AQUA_MODIS.20050614.L3m.DAY.CHL.chlor_a.4km.nc,01_当前主原始数据,hdf5,10813440,51c77a8a6497d60d80ee536f682ba1b54922fb93c078afa861ebd3ff5227b00b,clean_modis_ocean_color,REJECTED,HDF5 文件截断（truncated file）
01_当前主原始数据/ocean_color/modis_aqua_chla/AQUA_MODIS.20050618.L3m.DAY.CHL.chlor_a.4km.nc,01_当前主原始数据,hdf5,262144,6a5caad56dad2fd78a822c378b8590565366acd9257f37abd1f7cc9b2bda0542,clean_modis_ocean_color,REJECTED,HDF5 文件截断（truncated file）
01_当前主原始数据/ocean_color/modis_aqua_chla/AQUA_MODIS.20050619.L3m.DAY.CHL.chlor_a.4km.nc,01_当前主原始数据,hdf5,12189696,0e42bf758b76f63ad3e43f358d2968ba9973825e2c35557d2669c5d42d58ac21,clean_modis_ocean_color,REJECTED,HDF5 文件截断（truncated file）
01_当前主原始数据/ocean_color/modis_aqua_chla/AQUA_MODIS.20050622.L3m.DAY.CHL.chlor_a.4km.nc,01_当前主原始数据,hdf5,3473408,71ba7193ae8bd7efad4fcec63137f48354d12a1325d74a3deba555402a7c9b82,clean_modis_ocean_color,REJECTED,HDF5 文件截断（truncated file）
01_当前主原始数据/ocean_color/modis_aqua_chla/AQUA_MODIS.20050624.L3m.DAY.CHL.chlor_a.4km.nc,01_当前主原始数据,hdf5,12386304,cc48b5089220e1cc3bb5e888848775c9afa5c61a32585bca48ef311fc11dd437,clean_modis_ocean_color,REJECTED,HDF5 文件截断（truncated file）
01_当前主原始数据/ocean_color/modis_aqua_chla/AQUA_MODIS.20050625.L3m.DAY.CHL.chlor_a.4km.nc,01_当前主原始数据,hdf5,11534336,6bda470894940a75874304d78d71634b9345a0ada89e34554f90116c5160f180,clean_modis_ocean_color,REJECTED,HDF5 文件截断（truncated file）
01_当前主原始数据/ocean_color/modis_aqua_chla/AQUA_MODIS.20050626.L3m.DAY.CHL.chlor_a.4km.nc,01_当前主原始数据,hdf5,4128768,b25858b8285ab5e3fe256fa7ca3262f86ebe5128248c742accd0693a02afa57b,clean_modis_ocean_color,REJECTED,HDF5 文件截断（truncated file）
01_当前主原始数据/ocean_color/modis_aqua_chla/AQUA_MODIS.20050627.L3m.DAY.CHL.chlor_a.4km.nc,01_当前主原始数据,hdf5,13303808,5120daa863010ec00f250167884608e4f0879b2b0c74a2047bc49b3e3f357e8b,clean_modis_ocean_color,REJECTED,HDF5 文件截断（truncated file）
01_当前主原始数据/ocean_color/modis_aqua_chla/AQUA_MODIS.20050628.L3m.DAY.CHL.chlor_a.4km.nc,01_当前主原始数据,hdf5,14024704,9b09c275c9444d4f4df1f71ee679fd6af38cab3e8f63d082237b6a6e4fdfba20,clean_modis_ocean_color,REJECTED,HDF5 文件截断（truncated file）
01_当前主原始数据/ocean_color/modis_aqua_chla/AQUA_MODIS.20050630.L3m.DAY.CHL.chlor_a.4km.nc,01_当前主原始数据,hdf5,6356992,85948f3aa243ef4780e1f4909a8c80b7936bf5ddd865762e8737c34ea4baafad,clean_modis_ocean_color,REJECTED,HDF5 文件截断（truncated file）
01_当前主原始数据/ocean_color/modis_aqua_chla/AQUA_MODIS.20050701.L3m.DAY.CHL.chlor_a.4km.nc,01_当前主原始数据,hdf5,3407872,1d739b8fc415303afec24dd8aae7f28293a1a7de9a8ae485fac7dcc090d3695e,clean_modis_ocean_color,REJECTED,HDF5 文件截断（truncated file）
01_当前主原始数据/ocean_color/modis_aqua_chla/AQUA_MODIS.20050702.L3m.DAY.CHL.chlor_a.4km.nc,01_当前主原始数据,hdf5,5570560,b08dccdea6ea5078ed83aafa4c606331cbaa81bb92420e4b26f98bbdf7acb675,clean_modis_ocean_color,REJECTED,HDF5 文件截断（truncated file）
01_当前主原始数据/ocean_color/modis_aqua_chla/AQUA_MODIS.20050703.L3m.DAY.CHL.chlor_a.4km.nc,01_当前主原始数据,hdf5,2031616,9344959b17e09d75e0d0c128c2dca7e31b674cf61d1fe86ebb87e2675a165a76,clean_modis_ocean_color,REJECTED,HDF5 文件截断（truncated file）
01_当前主原始数据/ocean_color/modis_aqua_chla/AQUA_MODIS.20050704.L3m.DAY.CHL.chlor_a.4km.nc,01_当前主原始数据,hdf5,851968,b0057333411a440d54d33177043a4b6a9904c74d3583bf24e0ac3a2efa7577a9,clean_modis_ocean_color,REJECTED,HDF5 文件截断（truncated file）
01_当前主原始数据/ocean_color/modis_aqua_chla/AQUA_MODIS.20060312.L3m.DAY.CHL.chlor_a.4km.nc,01_当前主原始数据,hdf5,14024704,d9a632dff6fffa1a6cbac300580b1168b1fb8e56ec3a6c0dde3bec1674456f95,clean_modis_ocean_color,REJECTED,HDF5 文件截断（truncated file）
01_当前主原始数据/ocean_color/modis_aqua_chla/AQUA_MODIS.20070125.L3m.DAY.CHL.chlor_a.4km.nc,01_当前主原始数据,hdf5,13434880,597a403e0ea6f09698637d12de4cde288f32ee08e29f037034db2e8e13539960,clean_modis_ocean_color,REJECTED,HDF5 文件截断（truncated file）
01_当前主原始数据/ocean_color/modis_aqua_chla/AQUA_MODIS.20070329.L3m.DAY.CHL.chlor_a.4km.nc,01_当前主原始数据,hdf5,14024704,5cc5bc8b64df4b60b60dd93515c52c00870ce0861ae7506db984ba6c2c44836d,clean_modis_ocean_color,REJECTED,HDF5 文件截断（truncated file）
01_当前主原始数据/ocean_color/modis_aqua_chla/AQUA_MODIS.20090124.L3m.DAY.CHL.chlor_a.4km.nc,01_当前主原始数据,hdf5,14024704,19d5db0d89dcb45fc089b8e6e65a210f0e5b454f4ecd76bd87ea3f814962f2e4,clean_modis_ocean_color,REJECTED,HDF5 文件截断（truncated file）
01_当前主原始数据/ocean_color/modis_aqua_chla/AQUA_MODIS.20090614.L3m.DAY.CHL.chlor_a.4km.nc,01_当前主原始数据,hdf5,14024704,32c0049f913a1ebdc75a2e247a1445bfef5270871b9456db00e75324667eef2c,clean_modis_ocean_color,REJECTED,HDF5 文件截断（truncated file）
01_当前主原始数据/ocean_color/modis_aqua_chla/AQUA_MODIS.20110119.L3m.DAY.CHL.chlor_a.4km.nc,01_当前主原始数据,hdf5,14024704,8d8ce7602b6eef6147442934bdf7f488f4eed037c34d73798318a0bd475a7640,clean_modis_ocean_color,REJECTED,HDF5 文件截断（truncated file）
01_当前主原始数据/ocean_color/modis_aqua_chla/AQUA_MODIS.20110216.L3m.DAY.CHL.chlor_a.4km.nc,01_当前主原始数据,hdf5,7274496,92e6456b0fd2121760d071e44f4fe4751edf3b3668b0cdcc5bbe6d776771c2ed,clean_modis_ocean_color,REJECTED,HDF5 文件截断（truncated file）
01_当前主原始数据/ocean_color/modis_aqua_chla/AQUA_MODIS.20110224.L3m.DAY.CHL.chlor_a.4km.nc,01_当前主原始数据,hdf5,8257536,d652c99be0f08178607191d0d2c2225f7f6dc54a1f1b28566e6a302c47f01e89,clean_modis_ocean_color,REJECTED,HDF5 文件截断（truncated file）
01_当前主原始数据/ocean_color/modis_aqua_chla/AQUA_MODIS.20110225.L3m.DAY.CHL.chlor_a.4km.nc,01_当前主原始数据,hdf5,7340032,dbae04778b23a406d58dac5467a022c0e5983ce6df854e6c42fd56939f702d30,clean_modis_ocean_color,REJECTED,HDF5 文件截断（truncated file）
01_当前主原始数据/ocean_color/modis_aqua_chla/AQUA_MODIS.20110305.L3m.DAY.CHL.chlor_a.4km.nc,01_当前主原始数据,hdf5,10223616,7a6b90feece0ea2b16ec53ec06d41886a20462271db478272262033f8fa00128,clean_modis_ocean_color,REJECTED,HDF5 文件截断（truncated file）
01_当前主原始数据/ocean_color/modis_aqua_chla/AQUA_MODIS.20110306.L3m.DAY.CHL.chlor_a.4km.nc,01_当前主原始数据,hdf5,12648448,73840decce9cdf525a4edd2ad9ef85f6bdefb5763d25d57964369e99e31e1372,clean_modis_ocean_color,REJECTED,HDF5 文件截断（truncated file）
01_当前主原始数据/ocean_color/modis_aqua_chla/AQUA_MODIS.20110307.L3m.DAY.CHL.chlor_a.4km.nc,01_当前主原始数据,hdf5,5570560,2e9f6fedc129c095088af726ec9d89a29121befd8e8cbe4a3c1cf6dbf93b7ef5,clean_modis_ocean_color,REJECTED,HDF5 文件截断（truncated file）
01_当前主原始数据/ocean_color/modis_aqua_chla/AQUA_MODIS.20110308.L3m.DAY.CHL.chlor_a.4km.nc,01_当前主原始数据,hdf5,7012352,97264877b8ee071715a9f8974584eae9fe72c98fc5da07bd16ee49e216050706,clean_modis_ocean_color,REJECTED,HDF5 文件截断（truncated file）
01_当前主原始数据/ocean_color/modis_aqua_chla/AQUA_MODIS.20110312.L3m.DAY.CHL.chlor_a.4km.nc,01_当前主原始数据,hdf5,16646144,4f2a192a78cb341a6421a97935e438ef3df6664c3b6a9f4a4eb125b7d52b6ac9,clean_modis_ocean_color,REJECTED,HDF5 文件截断（truncated file）
01_当前主原始数据/ocean_color/modis_aqua_chla/AQUA_MODIS.20110318.L3m.DAY.CHL.chlor_a.4km.nc,01_当前主原始数据,hdf5,14417920,3a2d2e90d5e3ae9fe88727fec3483b74f15252cd42e734264b09da97c4b3cc45,clean_modis_ocean_color,REJECTED,HDF5 文件截断（truncated file）
01_当前主原始数据/ocean_color/modis_aqua_chla/AQUA_MODIS.20110327.L3m.DAY.CHL.chlor_a.4km.nc,01_当前主原始数据,hdf5,14417920,e20581b5069a014331cbfcc62b616d3f65b7f8e929a82fe56c92b64e94f8c7ca,clean_modis_ocean_color,REJECTED,HDF5 文件截断（truncated file）
01_当前主原始数据/ocean_color/modis_aqua_chla/AQUA_MODIS.20110815.L3m.DAY.CHL.chlor_a.4km.nc,01_当前主原始数据,hdf5,15532032,b31211210d7b2b4e52d1ab1c902277e620d9f413a1b56586731e90bae28e73ce,clean_modis_ocean_color,REJECTED,HDF5 文件截断（truncated file）
01_当前主原始数据/ocean_color/modis_aqua_chla/AQUA_MODIS.20120210.L3m.DAY.CHL.chlor_a.4km.nc,01_当前主原始数据,hdf5,8781824,0caff7b68294a71a87c6b7eab5e9d9521b97d24e5fce4e3ef41d622c382ea2b1,clean_modis_ocean_color,REJECTED,HDF5 文件截断（truncated file）
01_当前主原始数据/ocean_color/modis_aqua_chla/AQUA_MODIS.20120216.L3m.DAY.CHL.chlor_a.4km.nc,01_当前主原始数据,hdf5,4390912,bf2b00ff8d69c1a28dedb1c019fb2cd1fac00d4a5866a260cbb89683cc4aa1d4,clean_modis_ocean_color,REJECTED,HDF5 文件截断（truncated file）
01_当前主原始数据/ocean_color/modis_aqua_chla/AQUA_MODIS.20120217.L3m.DAY.CHL.chlor_a.4km.nc,01_当前主原始数据,hdf5,8912896,6ca642facdb2a3f4778a76345c34243e91fd4eb1b1dbbe5c272ab11f2a6bffe0,clean_modis_ocean_color,REJECTED,HDF5 文件截断（truncated file）
01_当前主原始数据/ocean_color/modis_aqua_chla/AQUA_MODIS.20120218.L3m.DAY.CHL.chlor_a.4km.nc,01_当前主原始数据,hdf5,4784128,616442c0ce8a19b8fec11fdc8124867a9cc02ea5bdd7205d0b9bb9c584a1fb61,clean_modis_ocean_color,REJECTED,HDF5 文件截断（truncated file）
01_当前主原始数据/ocean_color/modis_aqua_chla/AQUA_MODIS.20120219.L3m.DAY.CHL.chlor_a.4km.nc,01_当前主原始数据,hdf5,2490368,fd38cc1175b7f86fae7d687163538e9a4c258229cfe41eb6f102b061319447fd,clean_modis_ocean_color,REJECTED,HDF5 文件截断（truncated file）
01_当前主原始数据/ocean_color/modis_aqua_chla/AQUA_MODIS.20120220.L3m.DAY.CHL.chlor_a.4km.nc,01_当前主原始数据,hdf5,6356992,e9b85c5bdc58a56b481d15fd1da211001226d278e88c0a1dc8825a537debd087,clean_modis_ocean_color,REJECTED,HDF5 文件截断（truncated file）
01_当前主原始数据/ocean_color/modis_aqua_chla/AQUA_MODIS.20120221.L3m.DAY.CHL.chlor_a.4km.nc,01_当前主原始数据,hdf5,14024704,a7cab9acbecbe7e12f59975eca2eceafff8a7deb6f9e857918829c8037dce9d9,clean_modis_ocean_color,REJECTED,HDF5 文件截断（truncated file）
01_当前主原始数据/ocean_color/modis_aqua_chla/AQUA_MODIS.20120222.L3m.DAY.CHL.chlor_a.4km.nc,01_当前主原始数据,hdf5,14024704,dd758598b352ba8addb952105067bf318fe02ec50a8f1f386d20369a5842fd8e,clean_modis_ocean_color,REJECTED,HDF5 文件截断（truncated file）
01_当前主原始数据/ocean_color/modis_aqua_chla/AQUA_MODIS.20120227.L3m.DAY.CHL.chlor_a.4km.nc,01_当前主原始数据,hdf5,14417920,ce1035a5c09bb6a72866572a57f176d11b36e1043d128c1fc341ee636cfefa29,clean_modis_ocean_color,REJECTED,HDF5 文件截断（truncated file）
01_当前主原始数据/ocean_color/modis_aqua_chla/AQUA_MODIS.20120304.L3m.DAY.CHL.chlor_a.4km.nc,01_当前主原始数据,hdf5,14024704,3bb64c8e37ff76e045ef6e8d9e9979c2319f98e1d6dad9715abbf97ea5a33c09,clean_modis_ocean_color,REJECTED,HDF5 文件截断（truncated file）
01_当前主原始数据/ocean_color/modis_aqua_chla/AQUA_MODIS.20120313.L3m.DAY.CHL.chlor_a.4km.nc,01_当前主原始数据,hdf5,14024704,881f6262358bebe18fee77c19c44dd6f5882a14bf7fe30a1a060f129394cac16,clean_modis_ocean_color,REJECTED,HDF5 文件截断（truncated file）
01_当前主原始数据/ocean_color/modis_aqua_chla/AQUA_MODIS.20120321.L3m.DAY.CHL.chlor_a.4km.nc,01_当前主原始数据,hdf5,10485760,5d1991b0cb725f6202c93ea6cf564f5249b4357d30de4d6ebe9068ec9b2f258b,clean_modis_ocean_color,REJECTED,HDF5 文件截断（truncated file）
01_当前主原始数据/ocean_color/modis_aqua_chla/AQUA_MODIS.20120325.L3m.DAY.CHL.chlor_a.4km.nc,01_当前主原始数据,hdf5,14614528,3198817031b78fda6a96c925ec3b8cabd0745df59f8457470ef841f23e7e5acc,clean_modis_ocean_color,REJECTED,HDF5 文件截断（truncated file）
01_当前主原始数据/ocean_color/modis_aqua_chla/AQUA_MODIS.20120328.L3m.DAY.CHL.chlor_a.4km.nc,01_当前主原始数据,hdf5,12386304,f8c7856a8b20eac6f2bd81fc2ae0690863de79b696ecf259bce03d0443400644,clean_modis_ocean_color,REJECTED,HDF5 文件截断（truncated file）
01_当前主原始数据/ocean_color/modis_aqua_chla/AQUA_MODIS.20120329.L3m.DAY.CHL.chlor_a.4km.nc,01_当前主原始数据,hdf5,12779520,689a41b2fbfdda9a53bafef3936eea28830bd3ecf909889c1f76b67cb9f2a9c1,clean_modis_ocean_color,REJECTED,HDF5 文件截断（truncated file）
01_当前主原始数据/ocean_color/modis_aqua_chla/AQUA_MODIS.20120330.L3m.DAY.CHL.chlor_a.4km.nc,01_当前主原始数据,hdf5,9109504,03bc1f0e9acf11ecf872d514880f44472eee509046f81b78d55a704aba5cace6,clean_modis_ocean_color,REJECTED,HDF5 文件截断（truncated file）
01_当前主原始数据/ocean_color/modis_aqua_chla/AQUA_MODIS.20120331.L3m.DAY.CHL.chlor_a.4km.nc,01_当前主原始数据,hdf5,7077888,f822b1cd6f3b4cc9d3c5fabbcebb2e2fedc383a598d87d9b809f3ac01bd419f4,clean_modis_ocean_color,REJECTED,HDF5 文件截断（truncated file）
01_当前主原始数据/ocean_color/modis_aqua_chla/AQUA_MODIS.20120401.L3m.DAY.CHL.chlor_a.4km.nc,01_当前主原始数据,hdf5,4587520,79f588c3d9a093d4c26506df374c14d31edec0a41714e124599606e381091b6e,clean_modis_ocean_color,REJECTED,HDF5 文件截断（truncated file）
01_当前主原始数据/ocean_color/modis_aqua_chla/AQUA_MODIS.20120406.L3m.DAY.CHL.chlor_a.4km.nc,01_当前主原始数据,hdf5,1179648,46d98991cd2f3d779e64dff79590cd2904fdb17817e616fe6be61d7c418a4b02,clean_modis_ocean_color,REJECTED,HDF5 文件截断（truncated file）
01_当前主原始数据/ocean_color/modis_aqua_chla/AQUA_MODIS.20120408.L3m.DAY.CHL.chlor_a.4km.nc,01_当前主原始数据,hdf5,7143424,1f799ab9b8d4efc600188ad6309327126203f70be6dcfae0a160096194a39ed9,clean_modis_ocean_color,REJECTED,HDF5 文件截断（truncated file）
01_当前主原始数据/ocean_color/modis_aqua_chla/AQUA_MODIS.20120409.L3m.DAY.CHL.chlor_a.4km.nc,01_当前主原始数据,hdf5,14024704,c2dfd9aa89a96a1fec861ce64867fccadd7ab36314888cd3437b25332923aa90,clean_modis_ocean_color,REJECTED,HDF5 文件截断（truncated file）
01_当前主原始数据/ocean_color/modis_aqua_chla/AQUA_MODIS.20120410.L3m.DAY.CHL.chlor_a.4km.nc,01_当前主原始数据,hdf5,2293760,b6c9a1ecb0372a4fb2f43f0dfd04378b042a7bf38509111af45b172a837b6671,clean_modis_ocean_color,REJECTED,HDF5 文件截断（truncated file）
01_当前主原始数据/ocean_color/modis_aqua_chla/AQUA_MODIS.20120412.L3m.DAY.CHL.chlor_a.4km.nc,01_当前主原始数据,hdf5,10551296,2dac6f62000a4ad872d81138e5710fc01671eee178b68f587333697638e82caf,clean_modis_ocean_color,REJECTED,HDF5 文件截断（truncated file）
01_当前主原始数据/ocean_color/modis_aqua_chla/AQUA_MODIS.20120415.L3m.DAY.CHL.chlor_a.4km.nc,01_当前主原始数据,hdf5,14417920,bc1017a7fce5bfd1f20ceb8f7350ade1e7a7347f5931011a2b711f85a3518b37,clean_modis_ocean_color,REJECTED,HDF5 文件截断（truncated file）
01_当前主原始数据/ocean_color/modis_aqua_chla/AQUA_MODIS.20120423.L3m.DAY.CHL.chlor_a.4km.nc,01_当前主原始数据,hdf5,10747904,908623011fa0179b5ec90d3f3b67f41c6768ad1b1816901bda9250d0bb1ad468,clean_modis_ocean_color,REJECTED,HDF5 文件截断（truncated file）
01_当前主原始数据/ocean_color/modis_aqua_chla/AQUA_MODIS.20120424.L3m.DAY.CHL.chlor_a.4km.nc,01_当前主原始数据,hdf5,6750208,04a40992b391597aa7a4575954d261e9a09778843249eff9d1ce39cbbca94e24,clean_modis_ocean_color,REJECTED,HDF5 文件截断（truncated file）
01_当前主原始数据/ocean_color/modis_aqua_chla/AQUA_MODIS.20120425.L3m.DAY.CHL.chlor_a.4km.nc,01_当前主原始数据,hdf5,1507328,e16dd78bb1c759e4274324372c868eb0c9d23ed78149f0378e75cf3dda0b0be6,clean_modis_ocean_color,REJECTED,HDF5 文件截断（truncated file）
01_当前主原始数据/ocean_color/modis_aqua_chla/AQUA_MODIS.20120426.L3m.DAY.CHL.chlor_a.4km.nc,01_当前主原始数据,hdf5,524288,5400d0c67df00a4a1776ed594a506c3eeaa3a8fa6e273d853dd3fd930f41214c,clean_modis_ocean_color,REJECTED,HDF5 文件截断（truncated file）
01_当前主原始数据/ocean_color/modis_aqua_chla/AQUA_MODIS.20120427.L3m.DAY.CHL.chlor_a.4km.nc,01_当前主原始数据,hdf5,7274496,c81858d7a7823b8cdbd7a1e98447a459d55da187b68cead746f03018aa18283e,clean_modis_ocean_color,REJECTED,HDF5 文件截断（truncated file）
01_当前主原始数据/ocean_color/modis_aqua_chla/AQUA_MODIS.20120428.L3m.DAY.CHL.chlor_a.4km.nc,01_当前主原始数据,hdf5,7471104,16bc55ca7487bd1643aba4a4d0de4c78cffcaac89523e8dde785e5718e10a60e,clean_modis_ocean_color,REJECTED,HDF5 文件截断（truncated file）
01_当前主原始数据/ocean_color/modis_aqua_chla/AQUA_MODIS.20120429.L3m.DAY.CHL.chlor_a.4km.nc,01_当前主原始数据,hdf5,4653056,43738b290e4627bcb2d335357c68b08e2d438014ec8948a3229144549d3fbc8c,clean_modis_ocean_color,REJECTED,HDF5 文件截断（truncated file）
01_当前主原始数据/ocean_color/modis_aqua_chla/AQUA_MODIS.20120501.L3m.DAY.CHL.chlor_a.4km.nc,01_当前主原始数据,hdf5,4915200,619850c0f825d460a1891feb30c0fd38b61c549a2683b77342e23a090c301e62,clean_modis_ocean_color,REJECTED,HDF5 文件截断（truncated file）
01_当前主原始数据/ocean_color/modis_aqua_chla/AQUA_MODIS.20120503.L3m.DAY.CHL.chlor_a.4km.nc,01_当前主原始数据,hdf5,14024704,afd0991d918544dc6a76fc377637ccaccc0cacce5259c656be25edc4d07920e1,clean_modis_ocean_color,REJECTED,HDF5 文件截断（truncated file）
01_当前主原始数据/ocean_color/modis_aqua_chla/AQUA_MODIS.20120618.L3m.DAY.CHL.chlor_a.4km.nc,01_当前主原始数据,hdf5,7733248,8bc8ea3fa827befd61dcaa89b745757cd13ebfaa59336c49eb2f26ff1ba55114,clean_modis_ocean_color,REJECTED,HDF5 文件截断（truncated file）
01_当前主原始数据/ocean_color/modis_aqua_chla/AQUA_MODIS.20120619.L3m.DAY.CHL.chlor_a.4km.nc,01_当前主原始数据,hdf5,4915200,922e0f15cbf8165fd1b0ebc3380065a9b704cb2378fd4faca1e59708bf8bcaab,clean_modis_ocean_color,REJECTED,HDF5 文件截断（truncated file）
01_当前主原始数据/ocean_color/modis_aqua_chla/AQUA_MODIS.20120622.L3m.DAY.CHL.chlor_a.4km.nc,01_当前主原始数据,hdf5,6946816,fb490e6592bfb931a36b729b7ac4faff4ec85f431f3afb2a0657eb56839619d0,clean_modis_ocean_color,REJECTED,HDF5 文件截断（truncated file）
01_当前主原始数据/ocean_color/modis_aqua_chla/AQUA_MODIS.20120625.L3m.DAY.CHL.chlor_a.4km.nc,01_当前主原始数据,hdf5,458752,b30e6e4ba964980282db5b01a504d9b0f09ef4c337e56254dceabb6cb8f07a60,clean_modis_ocean_color,REJECTED,HDF5 文件截断（truncated file）
01_当前主原始数据/ocean_color/modis_aqua_chla/AQUA_MODIS.20120626.L3m.DAY.CHL.chlor_a.4km.nc,01_当前主原始数据,hdf5,9109504,72b86a1e2af21beaa5d4aeb2a70e4b850bc34aab1233020eebf8b970baec309b,clean_modis_ocean_color,REJECTED,HDF5 文件截断（truncated file）
01_当前主原始数据/ocean_color/modis_aqua_chla/AQUA_MODIS.20120629.L3m.DAY.CHL.chlor_a.4km.nc,01_当前主原始数据,hdf5,6946816,86f36c87104a7e13906df6e95bd611dfc0d1d0aff854550c01f976dac36c2ea8,clean_modis_ocean_color,REJECTED,HDF5 文件截断（truncated file）
01_当前主原始数据/ocean_color/modis_aqua_chla/AQUA_MODIS.20120708.L3m.DAY.CHL.chlor_a.4km.nc,01_当前主原始数据,hdf5,9699328,d234a4f534a85e35f1eb71d3f86057497bb7bdcb332651512d28292c00312ab5,clean_modis_ocean_color,REJECTED,HDF5 文件截断（truncated file）
01_当前主原始数据/ocean_color/modis_aqua_chla/AQUA_MODIS.20120709.L3m.DAY.CHL.chlor_a.4km.nc,01_当前主原始数据,hdf5,12582912,d7c1b15474f2f4d795f4dc425eacc7eddef6ac84d343c2a113bf177f20296278,clean_modis_ocean_color,REJECTED,HDF5 文件截断（truncated file）
01_当前主原始数据/ocean_color/modis_aqua_chla/AQUA_MODIS.20120713.L3m.DAY.CHL.chlor_a.4km.nc,01_当前主原始数据,hdf5,12779520,c1679cd2849f04096477efecfe32148fcb86ee1f32ac1395818a1fa6b5b5fc58,clean_modis_ocean_color,REJECTED,HDF5 文件截断（truncated file）
01_当前主原始数据/ocean_color/modis_aqua_chla/AQUA_MODIS.20120714.L3m.DAY.CHL.chlor_a.4km.nc,01_当前主原始数据,hdf5,9043968,27668eb0e1dbbcfdb3a63e524ea085280aafa2d5bf4f2427e4eb99e04c698bb1,clean_modis_ocean_color,REJECTED,HDF5 文件截断（truncated file）
01_当前主原始数据/ocean_color/modis_aqua_chla/AQUA_MODIS.20120820.L3m.DAY.CHL.chlor_a.4km.nc,01_当前主原始数据,hdf5,14286848,017d24ab517e5e29c5e2d2c46608e1f567e36b769728e54be58cacf0ab1ee5eb,clean_modis_ocean_color,REJECTED,HDF5 文件截断（truncated file）
01_当前主原始数据/ocean_color/modis_aqua_chla/AQUA_MODIS.20120823.L3m.DAY.CHL.chlor_a.4km.nc,01_当前主原始数据,hdf5,14024704,3e52e535bb6329356c74f395446e6308ca9cf77edbea0453e77a9d7dbd19c0e5,clean_modis_ocean_color,REJECTED,HDF5 文件截断（truncated file）
01_当前主原始数据/ocean_color/modis_aqua_chla/AQUA_MODIS.20120824.L3m.DAY.CHL.chlor_a.4km.nc,01_当前主原始数据,hdf5,7143424,89435f1e356122f91b1f5eabac03a16e8d2437a80e897979920fb03eee123307,clean_modis_ocean_color,REJECTED,HDF5 文件截断（truncated file）
01_当前主原始数据/ocean_color/modis_aqua_chla/AQUA_MODIS.20120829.L3m.DAY.CHL.chlor_a.4km.nc,01_当前主原始数据,hdf5,3080192,5489547c37949e69adb0a2d6b85110af7b28e0cf3999337af223cf7f9e62f95b,clean_modis_ocean_color,REJECTED,HDF5 文件截断（truncated file）
01_当前主原始数据/ocean_color/modis_aqua_chla/AQUA_MODIS.20120831.L3m.DAY.CHL.chlor_a.4km.nc,01_当前主原始数据,hdf5,6094848,54c9853a29d99fce0ed0cffb1ab2255db856ad1dcd243d12acc2b3d4c259a3a9,clean_modis_ocean_color,REJECTED,HDF5 文件截断（truncated file）
01_当前主原始数据/ocean_color/modis_aqua_chla/AQUA_MODIS.20120901.L3m.DAY.CHL.chlor_a.4km.nc,01_当前主原始数据,hdf5,8454144,bde0dd2f318672e86123f9ca316f43b2392788b14dd7265103ae9acc6d79e73d,clean_modis_ocean_color,REJECTED,HDF5 文件截断（truncated file）
01_当前主原始数据/ocean_color/modis_aqua_chla/AQUA_MODIS.20120903.L3m.DAY.CHL.chlor_a.4km.nc,01_当前主原始数据,hdf5,14417920,14602fd9ee54cee1af4675dbe21865c0ae37f68454a86d35cfabb71b47f14d57,clean_modis_ocean_color,REJECTED,HDF5 文件截断（truncated file）
01_当前主原始数据/ocean_color/modis_aqua_chla/AQUA_MODIS.20120905.L3m.DAY.CHL.chlor_a.4km.nc,01_当前主原始数据,hdf5,14024704,b054ecb189d03535544cfec3ccd99e2315e9fab7bb01a71ade2f0e6a8506f36f,clean_modis_ocean_color,REJECTED,HDF5 文件截断（truncated file）
01_当前主原始数据/ocean_color/modis_aqua_chla/AQUA_MODIS.20120906.L3m.DAY.CHL.chlor_a.4km.nc,01_当前主原始数据,hdf5,14024704,b2bb7f2bd5054e82b30b5ccdad27bab9a3a872ef7bdd2364b57d2711ae018518,clean_modis_ocean_color,REJECTED,HDF5 文件截断（truncated file）
01_当前主原始数据/ocean_color/modis_aqua_chla/AQUA_MODIS.20120908.L3m.DAY.CHL.chlor_a.4km.nc,01_当前主原始数据,hdf5,14024704,59df41c03ffaf5326700a608456610ebab3b249cd6d80aba0c2fd8e8ea8912e9,clean_modis_ocean_color,REJECTED,HDF5 文件截断（truncated file）
01_当前主原始数据/ocean_color/modis_aqua_chla/AQUA_MODIS.20120909.L3m.DAY.CHL.chlor_a.4km.nc,01_当前主原始数据,hdf5,4653056,bf4e506e9ba641a2ab6c24751ffe8e0f7027b741e54f01fdb6ff363757d455c6,clean_modis_ocean_color,REJECTED,HDF5 文件截断（truncated file）
01_当前主原始数据/ocean_color/modis_aqua_chla/AQUA_MODIS.20120910.L3m.DAY.CHL.chlor_a.4km.nc,01_当前主原始数据,hdf5,14352384,078e7e173ac9ec54cfa78f06d74542815a74aa3a82662d58a25ed76a2fa7e1cf,clean_modis_ocean_color,REJECTED,HDF5 文件截断（truncated file）
01_当前主原始数据/ocean_color/modis_aqua_chla/AQUA_MODIS.20120911.L3m.DAY.CHL.chlor_a.4km.nc,01_当前主原始数据,hdf5,13434880,656bbe296ca98b3db6154ec6b91c47cbfa7f6744e0a82cff0ba7b3858412b820,clean_modis_ocean_color,REJECTED,HDF5 文件截断（truncated file）
01_当前主原始数据/ocean_color/modis_aqua_chla/AQUA_MODIS.20120912.L3m.DAY.CHL.chlor_a.4km.nc,01_当前主原始数据,hdf5,14024704,9efee96791aa61d9abbda7f070072ddd5149c4ced1b713d3eee52f1c91a14b5b,clean_modis_ocean_color,REJECTED,HDF5 文件截断（truncated file）
01_当前主原始数据/ocean_color/modis_aqua_chla/AQUA_MODIS.20120913.L3m.DAY.CHL.chlor_a.4km.nc,01_当前主原始数据,hdf5,4849664,9900470ab6a6bdc7ba07f6a31c96a1561b7b2e7b58ba61c77c7c45d6f6ec4e08,clean_modis_ocean_color,REJECTED,HDF5 文件截断（truncated file）
01_当前主原始数据/ocean_color/modis_aqua_chla/AQUA_MODIS.20120914.L3m.DAY.CHL.chlor_a.4km.nc,01_当前主原始数据,hdf5,14286848,5de8b1681b2bf42a8ef0cc6ada956ae164b5bab0715378fcc1bc097473009dc4,clean_modis_ocean_color,REJECTED,HDF5 文件截断（truncated file）
01_当前主原始数据/ocean_color/modis_aqua_chla/AQUA_MODIS.20120916.L3m.DAY.CHL.chlor_a.4km.nc,01_当前主原始数据,hdf5,14417920,394f8f8ee455e7c720879f58db8a13a1004f97281716016d66691a19fa9b13fd,clean_modis_ocean_color,REJECTED,HDF5 文件截断（truncated file）
01_当前主原始数据/ocean_color/modis_aqua_chla/AQUA_MODIS.20120918.L3m.DAY.CHL.chlor_a.4km.nc,01_当前主原始数据,hdf5,8781824,73151a593ef2a44c33bdf67d7e716a40f831dae25f98b69cdb880e03eb890896,clean_modis_ocean_color,REJECTED,HDF5 文件截断（truncated file）
01_当前主原始数据/ocean_color/modis_aqua_chla/AQUA_MODIS.20120919.L3m.DAY.CHL.chlor_a.4km.nc,01_当前主原始数据,hdf5,14024704,b6de9e5980e791065017386a11d61a627b15945762b47b65f673e151912e5ec5,clean_modis_ocean_color,REJECTED,HDF5 文件截断（truncated file）
01_当前主原始数据/ocean_color/modis_aqua_chla/AQUA_MODIS.20120920.L3m.DAY.CHL.chlor_a.4km.nc,01_当前主原始数据,hdf5,9895936,a3e1d8b1a0c103cfd5c598d7b9ef6ef0ee2c863e0050d9c04a422654a67ebfbc,clean_modis_ocean_color,REJECTED,HDF5 文件截断（truncated file）
01_当前主原始数据/ocean_color/modis_aqua_chla/AQUA_MODIS.20120921.L3m.DAY.CHL.chlor_a.4km.nc,01_当前主原始数据,hdf5,14024704,13dfe984151844b4ae8a3d16e881f3cad10a7b5fad3dc9abe2bbfe17e9eabaf0,clean_modis_ocean_color,REJECTED,HDF5 文件截断（truncated file）
01_当前主原始数据/ocean_color/modis_aqua_chla/AQUA_MODIS.20120923.L3m.DAY.CHL.chlor_a.4km.nc,01_当前主原始数据,hdf5,14286848,9d14233bd716b2e5244092a9df2acddf9f67d931eceef4abb210a7ac2f376bb5,clean_modis_ocean_color,REJECTED,HDF5 文件截断（truncated file）
01_当前主原始数据/ocean_color/modis_aqua_chla/AQUA_MODIS.20120925.L3m.DAY.CHL.chlor_a.4km.nc,01_当前主原始数据,hdf5,5963776,c88dba7bec7fc586e38373cd4550a9b7cc8fd0b205eac72c35d42dc520410ba1,clean_modis_ocean_color,REJECTED,HDF5 文件截断（truncated file）
01_当前主原始数据/ocean_color/modis_aqua_chla/AQUA_MODIS.20120926.L3m.DAY.CHL.chlor_a.4km.nc,01_当前主原始数据,hdf5,14024704,c90ccb670e79a3fffbcca4f6cfaf6df981da98c74f2a90b611ebe238346dbc83,clean_modis_ocean_color,REJECTED,HDF5 文件截断（truncated file）
01_当前主原始数据/ocean_color/modis_aqua_chla/AQUA_MODIS.20121001.L3m.DAY.CHL.chlor_a.4km.nc,01_当前主原始数据,hdf5,10485760,f1e8a5d5966571b1f641e894ec340d97b354da68da4e53beaec95ad9320d3230,clean_modis_ocean_color,REJECTED,HDF5 文件截断（truncated file）
01_当前主原始数据/ocean_color/modis_aqua_chla/AQUA_MODIS.20121007.L3m.DAY.CHL.chlor_a.4km.nc,01_当前主原始数据,hdf5,5308416,a44e48d99fbb76c82c7a741d8ddc00df9b1d3a3b23c235060e89714612a27ab2,clean_modis_ocean_color,REJECTED,HDF5 文件截断（truncated file）
01_当前主原始数据/ocean_color/modis_aqua_chla/AQUA_MODIS.20121015.L3m.DAY.CHL.chlor_a.4km.nc,01_当前主原始数据,hdf5,14417920,68c3b7d2d8a9ffd5dd068b725085666c5703c783137417f188357bc392c1aa22,clean_modis_ocean_color,REJECTED,HDF5 文件截断（truncated file）
01_当前主原始数据/ocean_color/modis_aqua_chla/AQUA_MODIS.20121019.L3m.DAY.CHL.chlor_a.4km.nc,01_当前主原始数据,hdf5,14024704,369d9e0a9e0f7f25c8746ee604f290537d3d7e3769dba83f98dd225f93f10c5f,clean_modis_ocean_color,REJECTED,HDF5 文件截断（truncated file）
01_当前主原始数据/ocean_color/modis_aqua_chla/AQUA_MODIS.20121205.L3m.DAY.CHL.chlor_a.4km.nc,01_当前主原始数据,hdf5,7340032,589e8fa68f7660ccf74b5749dcace78c8ab54d324409386fa1ffe6c7ed720879,clean_modis_ocean_color,REJECTED,HDF5 文件截断（truncated file）
01_当前主原始数据/ocean_color/modis_aqua_chla/AQUA_MODIS.20121206.L3m.DAY.CHL.chlor_a.4km.nc,01_当前主原始数据,hdf5,10878976,ea534e1f2baca7253c9e5f1d37303b02509befb67fb32928d7492dfecded8fa4,clean_modis_ocean_color,REJECTED,HDF5 文件截断（truncated file）
01_当前主原始数据/ocean_color/modis_aqua_chla/AQUA_MODIS.20121208.L3m.DAY.CHL.chlor_a.4km.nc,01_当前主原始数据,hdf5,3211264,ebe43536bb89ccf0370e18d23dbaec3be39395c7913b2598123c9a8382f5d525,clean_modis_ocean_color,REJECTED,HDF5 文件截断（truncated file）
01_当前主原始数据/ocean_color/modis_aqua_chla/AQUA_MODIS.20121209.L3m.DAY.CHL.chlor_a.4km.nc,01_当前主原始数据,hdf5,1310720,fb13783c40c515bdd69dd539ce971efafccb8a9eb6684ba158ee091d0090c191,clean_modis_ocean_color,REJECTED,HDF5 文件截断（truncated file）
01_当前主原始数据/ocean_color/modis_aqua_chla/AQUA_MODIS.20121210.L3m.DAY.CHL.chlor_a.4km.nc,01_当前主原始数据,hdf5,262144,25c6e135f955dde6a8bb6f593e95dd9ee832bf00762e05647d68b66726620fa9,clean_modis_ocean_color,REJECTED,HDF5 文件截断（truncated file）
01_当前主原始数据/ocean_color/modis_aqua_chla/AQUA_MODIS.20121212.L3m.DAY.CHL.chlor_a.4km.nc,01_当前主原始数据,hdf5,3538944,f295787b63c2657f219c0b954a8843e5d6a8c16f988c29d0e94dd63eb182ed43,clean_modis_ocean_color,REJECTED,HDF5 文件截断（truncated file）
01_当前主原始数据/ocean_color/modis_aqua_chla/AQUA_MODIS.20121213.L3m.DAY.CHL.chlor_a.4km.nc,01_当前主原始数据,hdf5,8978432,4a43fd8736213b4a5150d46431264f86e93bd2415f4f07e318ba8a3549b6ad71,clean_modis_ocean_color,REJECTED,HDF5 文件截断（truncated file）
01_当前主原始数据/ocean_color/modis_aqua_chla/AQUA_MODIS.20121214.L3m.DAY.CHL.chlor_a.4km.nc,01_当前主原始数据,hdf5,4063232,6da15f14a2ddb1e7dc95aa8def08d70831e305489434a259c3a4fa15c74e3f1a,clean_modis_ocean_color,REJECTED,HDF5 文件截断（truncated file）
01_当前主原始数据/ocean_color/modis_aqua_chla/AQUA_MODIS.20121216.L3m.DAY.CHL.chlor_a.4km.nc,01_当前主原始数据,hdf5,8650752,567ae0dcf24489697edc0e586b7e5c40a661b51576d4fe69cb279b7b59e0a2b0,clean_modis_ocean_color,REJECTED,HDF5 文件截断（truncated file）
01_当前主原始数据/ocean_color/modis_aqua_chla/AQUA_MODIS.20121221.L3m.DAY.CHL.chlor_a.4km.nc,01_当前主原始数据,hdf5,7471104,aa0f888891a618859383688717542f605f4a4dc9f7c9f8e6331f3015d6a270e4,clean_modis_ocean_color,REJECTED,HDF5 文件截断（truncated file）
01_当前主原始数据/ocean_color/modis_aqua_chla/AQUA_MODIS.20121229.L3m.DAY.CHL.chlor_a.4km.nc,01_当前主原始数据,hdf5,6094848,de088f2743fa3133d5d47224c2978b8408e24263670985cfc429fa72469dcbe1,clean_modis_ocean_color,REJECTED,HDF5 文件截断（truncated file）
01_当前主原始数据/ocean_color/modis_aqua_chla/AQUA_MODIS.20130121.L3m.DAY.CHL.chlor_a.4km.nc,01_当前主原始数据,hdf5,14352384,01cd5e7cff6ec8a48ce9471478c760ac4d0538b507561f12022a8f08b4dfce7c,clean_modis_ocean_color,REJECTED,HDF5 文件截断（truncated file）
01_当前主原始数据/ocean_color/modis_aqua_chla/AQUA_MODIS.20130122.L3m.DAY.CHL.chlor_a.4km.nc,01_当前主原始数据,hdf5,13828096,52ee673be94f2217668d6e296df2942dc0aa80051afd6f276c63efb0f434fc55,clean_modis_ocean_color,REJECTED,HDF5 文件截断（truncated file）
01_当前主原始数据/ocean_color/modis_aqua_chla/AQUA_MODIS.20130123.L3m.DAY.CHL.chlor_a.4km.nc,01_当前主原始数据,hdf5,7733248,b3597868e57aa1b7be7c1d88407a0a23d2d2d8351ebb2e7cbb9561a01f5fa9aa,clean_modis_ocean_color,REJECTED,HDF5 文件截断（truncated file）
01_当前主原始数据/ocean_color/modis_aqua_chla/AQUA_MODIS.20130125.L3m.DAY.CHL.chlor_a.4km.nc,01_当前主原始数据,hdf5,6488064,6f235e883d074acc6fc123f9ccedbde150f7fd134bde23150496460281b16976,clean_modis_ocean_color,REJECTED,HDF5 文件截断（truncated file）
01_当前主原始数据/ocean_color/modis_aqua_chla/AQUA_MODIS.20130126.L3m.DAY.CHL.chlor_a.4km.nc,01_当前主原始数据,hdf5,7471104,fce627f5df294735fc47fb93880ec7f4dc3f23eac98e5d2d88db32a56ffeada8,clean_modis_ocean_color,REJECTED,HDF5 文件截断（truncated file）
01_当前主原始数据/ocean_color/modis_aqua_chla/AQUA_MODIS.20130127.L3m.DAY.CHL.chlor_a.4km.nc,01_当前主原始数据,hdf5,8323072,4389535f62fd93b82a78e382b8e81d83cf3c07f6ca5282fdd2d1d9a9d830e341,clean_modis_ocean_color,REJECTED,HDF5 文件截断（truncated file）
01_当前主原始数据/ocean_color/modis_aqua_chla/AQUA_MODIS.20130128.L3m.DAY.CHL.chlor_a.4km.nc,01_当前主原始数据,hdf5,5308416,8174df89caf4cd15946df787fda877d9f68573705bccaa2850810af8c57c3e83,clean_modis_ocean_color,REJECTED,HDF5 文件截断（truncated file）
01_当前主原始数据/ocean_color/modis_aqua_chla/AQUA_MODIS.20130129.L3m.DAY.CHL.chlor_a.4km.nc,01_当前主原始数据,hdf5,4456448,1c6ebf28acb678131799bc1e6770756b7364012ae98bfadabb4138bdf7bd9c57,clean_modis_ocean_color,REJECTED,HDF5 文件截断（truncated file）
01_当前主原始数据/ocean_color/modis_aqua_chla/AQUA_MODIS.20130130.L3m.DAY.CHL.chlor_a.4km.nc,01_当前主原始数据,hdf5,4325376,701314076f8eaca843e8e3faa69910754fa84ee1b145597f5f2e36631f44193a,clean_modis_ocean_color,REJECTED,HDF5 文件截断（truncated file）
01_当前主原始数据/ocean_color/modis_aqua_chla/AQUA_MODIS.20130131.L3m.DAY.CHL.chlor_a.4km.nc,01_当前主原始数据,hdf5,10289152,79c0ebc4ad5d9ee94a640377cb49a44e37343399fefa43ca1f9dca946cbe72c5,clean_modis_ocean_color,REJECTED,HDF5 文件截断（truncated file）
01_当前主原始数据/ocean_color/modis_aqua_chla/AQUA_MODIS.20130201.L3m.DAY.CHL.chlor_a.4km.nc,01_当前主原始数据,hdf5,11599872,212ff091fb8cc03a4e67313aeca44e12091202fdaf5916776b5852c8b3767eab,clean_modis_ocean_color,REJECTED,HDF5 文件截断（truncated file）
01_当前主原始数据/ocean_color/modis_aqua_chla/AQUA_MODIS.20130202.L3m.DAY.CHL.chlor_a.4km.nc,01_当前主原始数据,hdf5,131072,77c7a9b45203fb27d6214dc5f099b1d7de7729b59bc954d121f2a3939c50f54b,clean_modis_ocean_color,REJECTED,HDF5 文件截断（truncated file）
01_当前主原始数据/ocean_color/modis_aqua_chla/AQUA_MODIS.20130203.L3m.DAY.CHL.chlor_a.4km.nc,01_当前主原始数据,hdf5,2752512,03bb8eed45956d13d14547a7399966faca3a783c166813fa320235de58947776,clean_modis_ocean_color,REJECTED,HDF5 文件截断（truncated file）
01_当前主原始数据/ocean_color/modis_aqua_chla/AQUA_MODIS.20130204.L3m.DAY.CHL.chlor_a.4km.nc,01_当前主原始数据,hdf5,4063232,dd898c4280e8c302b0147eb60288bea83f06882e7217fdfa734dc2835cf917b9,clean_modis_ocean_color,REJECTED,HDF5 文件截断（truncated file）
01_当前主原始数据/ocean_color/modis_aqua_chla/AQUA_MODIS.20130205.L3m.DAY.CHL.chlor_a.4km.nc,01_当前主原始数据,hdf5,1507328,33fe4e4213d6ef80556c530ff73d7011d242db7615cf31cdd7b9ca77452f5ae8,clean_modis_ocean_color,REJECTED,HDF5 文件截断（truncated file）
01_当前主原始数据/ocean_color/modis_aqua_chla/AQUA_MODIS.20130206.L3m.DAY.CHL.chlor_a.4km.nc,01_当前主原始数据,hdf5,3538944,2d9db8d9a945f03d50a6ae161e5441f1cf53f3b4da12d528775dfdf50f2c930c,clean_modis_ocean_color,REJECTED,HDF5 文件截断（truncated file）
01_当前主原始数据/ocean_color/modis_aqua_chla/AQUA_MODIS.20130207.L3m.DAY.CHL.chlor_a.4km.nc,01_当前主原始数据,hdf5,3997696,9a1cfca1f382af3c28eec728db650fecf5a6cd7aa61dd8801fc40dc9115b4bdb,clean_modis_ocean_color,REJECTED,HDF5 文件截断（truncated file）
01_当前主原始数据/ocean_color/modis_aqua_chla/AQUA_MODIS.20130208.L3m.DAY.CHL.chlor_a.4km.nc,01_当前主原始数据,hdf5,5767168,0afa9810158afc5e79a7d62f69a809177a4dd11226945b05222561d1e8d69932,clean_modis_ocean_color,REJECTED,HDF5 文件截断（truncated file）
01_当前主原始数据/ocean_color/modis_aqua_chla/AQUA_MODIS.20130209.L3m.DAY.CHL.chlor_a.4km.nc,01_当前主原始数据,hdf5,6750208,3de7a0e46160d0382f4265d5f557ad74ee79ee8d232f6809e84a9a2f54702076,clean_modis_ocean_color,REJECTED,HDF5 文件截断（truncated file）
01_当前主原始数据/ocean_color/modis_aqua_chla/AQUA_MODIS.20130210.L3m.DAY.CHL.chlor_a.4km.nc,01_当前主原始数据,hdf5,2555904,5b2e11a3d35806524db1cdbd21c67818b6cb9e7739a6946a7320a1b235111652,clean_modis_ocean_color,REJECTED,HDF5 文件截断（truncated file）
01_当前主原始数据/ocean_color/modis_aqua_chla/AQUA_MODIS.20130211.L3m.DAY.CHL.chlor_a.4km.nc,01_当前主原始数据,hdf5,655360,f1bbe8f4789ad81073582ed410cb8306f3da999e1376066ba7cb5505ebef8084,clean_modis_ocean_color,REJECTED,HDF5 文件截断（truncated file）
01_当前主原始数据/ocean_color/modis_aqua_chla/AQUA_MODIS.20130212.L3m.DAY.CHL.chlor_a.4km.nc,01_当前主原始数据,hdf5,917504,ca7725e7c70f43a452d6907d002d3a4461056c7693175991d651cd87c5e41153,clean_modis_ocean_color,REJECTED,HDF5 文件截断（truncated file）
01_当前主原始数据/ocean_color/modis_aqua_chla/AQUA_MODIS.20130214.L3m.DAY.CHL.chlor_a.4km.nc,01_当前主原始数据,hdf5,14024704,4b708497046393f29bdf61d2b7a15d4245223d03dbd87aee2dc771513ac48bf0,clean_modis_ocean_color,REJECTED,HDF5 文件截断（truncated file）
01_当前主原始数据/ocean_color/modis_aqua_chla/AQUA_MODIS.20130216.L3m.DAY.CHL.chlor_a.4km.nc,01_当前主原始数据,hdf5,4128768,c1b17add9ba58026c4eaaa125efe90ed64348021d1f0a299f51f42fd022b7b1a,clean_modis_ocean_color,REJECTED,HDF5 文件截断（truncated file）
01_当前主原始数据/ocean_color/modis_aqua_chla/AQUA_MODIS.20130217.L3m.DAY.CHL.chlor_a.4km.nc,01_当前主原始数据,hdf5,3932160,bada71541679e653c5953e8611151992f5b393097915b053b5b3daebecf57fcb,clean_modis_ocean_color,REJECTED,HDF5 文件截断（truncated file）
01_当前主原始数据/ocean_color/modis_aqua_chla/AQUA_MODIS.20130218.L3m.DAY.CHL.chlor_a.4km.nc,01_当前主原始数据,hdf5,10092544,9785e2e1e4899346bfd8013d0d70ce27e9764d27525958565469bf222cf77095,clean_modis_ocean_color,REJECTED,HDF5 文件截断（truncated file）
01_当前主原始数据/ocean_color/modis_aqua_chla/AQUA_MODIS.20130219.L3m.DAY.CHL.chlor_a.4km.nc,01_当前主原始数据,hdf5,6684672,a481972212158daa741b55383ffc1ea3bbbcf5eb4bf4847505535551a8b53a42,clean_modis_ocean_color,REJECTED,HDF5 文件截断（truncated file）
01_当前主原始数据/ocean_color/modis_aqua_chla/AQUA_MODIS.20130220.L3m.DAY.CHL.chlor_a.4km.nc,01_当前主原始数据,hdf5,720896,18c96d673c350194d165fc98eb69822385ab0ee0ff46a4126dd63f90d416c29a,clean_modis_ocean_color,REJECTED,HDF5 文件截断（truncated file）
01_当前主原始数据/ocean_color/modis_aqua_chla/AQUA_MODIS.20130224.L3m.DAY.CHL.chlor_a.4km.nc,01_当前主原始数据,hdf5,14024704,dbf1ea260f859cb66b0fbec1fa228b67c5d0bf313649682bdb4d73573eee4a30,clean_modis_ocean_color,REJECTED,HDF5 文件截断（truncated file）
01_当前主原始数据/ocean_color/modis_aqua_chla/AQUA_MODIS.20130225.L3m.DAY.CHL.chlor_a.4km.nc,01_当前主原始数据,hdf5,14417920,7e36f1083a72757cd604a25bcf90d40b82b605203ee0c91727005d081bd2eadd,clean_modis_ocean_color,REJECTED,HDF5 文件截断（truncated file）
01_当前主原始数据/ocean_color/modis_aqua_chla/AQUA_MODIS.20130226.L3m.DAY.CHL.chlor_a.4km.nc,01_当前主原始数据,hdf5,11403264,f959164216abac55d158fd7b2e6b40a68cfb184fce13ceca043b88629f60e90c,clean_modis_ocean_color,REJECTED,HDF5 文件截断（truncated file）
01_当前主原始数据/ocean_color/modis_aqua_chla/AQUA_MODIS.20130227.L3m.DAY.CHL.chlor_a.4km.nc,01_当前主原始数据,hdf5,5505024,36e91747f8d3a3b14baae94cd703b12b893a06bebe80b78247ea7bb2bdda5722,clean_modis_ocean_color,REJECTED,HDF5 文件截断（truncated file）
01_当前主原始数据/ocean_color/modis_aqua_chla/AQUA_MODIS.20130228.L3m.DAY.CHL.chlor_a.4km.nc,01_当前主原始数据,hdf5,3801088,aa3baf1592788e6fd09b5ca1c9aa21920723efda1bd0868fb74383bf8cce0f5f,clean_modis_ocean_color,REJECTED,HDF5 文件截断（truncated file）
01_当前主原始数据/ocean_color/modis_aqua_chla/AQUA_MODIS.20130301.L3m.DAY.CHL.chlor_a.4km.nc,01_当前主原始数据,hdf5,1966080,587e692e3291ee58f10f93b3449a7363920b31cbc8cae92225981380b51bd91b,clean_modis_ocean_color,REJECTED,HDF5 文件截断（truncated file）
01_当前主原始数据/ocean_color/modis_aqua_chla/AQUA_MODIS.20130302.L3m.DAY.CHL.chlor_a.4km.nc,01_当前主原始数据,hdf5,3342336,294317b4b1353cceccb7804865ae7f2dff6661a9354ddc4abcc7f862f8799df4,clean_modis_ocean_color,REJECTED,HDF5 文件截断（truncated file）
01_当前主原始数据/ocean_color/modis_aqua_chla/AQUA_MODIS.20130303.L3m.DAY.CHL.chlor_a.4km.nc,01_当前主原始数据,hdf5,8519680,e92752f45263fd3ed31bda79e0b218fa4393199de12759e074348fde8866fd9a,clean_modis_ocean_color,REJECTED,HDF5 文件截断（truncated file）
01_当前主原始数据/ocean_color/modis_aqua_chla/AQUA_MODIS.20130304.L3m.DAY.CHL.chlor_a.4km.nc,01_当前主原始数据,hdf5,3145728,33a3583e6f7d09ca1871d73f5f08d8bc4022da5c3e36b5778c96ecf79ff42957,clean_modis_ocean_color,REJECTED,HDF5 文件截断（truncated file）
01_当前主原始数据/ocean_color/modis_aqua_chla/AQUA_MODIS.20130305.L3m.DAY.CHL.chlor_a.4km.nc,01_当前主原始数据,hdf5,3604480,123ec7164b2c2797781fd71bb20f787e88fb5d2dd821b9f1cf3cac24fda450a6,clean_modis_ocean_color,REJECTED,HDF5 文件截断（truncated file）
01_当前主原始数据/ocean_color/modis_aqua_chla/AQUA_MODIS.20130306.L3m.DAY.CHL.chlor_a.4km.nc,01_当前主原始数据,hdf5,3276800,ad6790299458977676ca76de77cd10bdf37480ad25a49414e4008c6f84daf5c3,clean_modis_ocean_color,REJECTED,HDF5 文件截断（truncated file）
01_当前主原始数据/ocean_color/modis_aqua_chla/AQUA_MODIS.20130307.L3m.DAY.CHL.chlor_a.4km.nc,01_当前主原始数据,hdf5,1114112,bf867fb85b988bf347e50e5740329dc044cee8ae214cb9d946af34b638206179,clean_modis_ocean_color,REJECTED,HDF5 文件截断（truncated file）
01_当前主原始数据/ocean_color/modis_aqua_chla/AQUA_MODIS.20130308.L3m.DAY.CHL.chlor_a.4km.nc,01_当前主原始数据,hdf5,10551296,6506cc03ffb74f2ad51d3f1feae33a967e86e1720c337d2da3b9d08945cc03c7,clean_modis_ocean_color,REJECTED,HDF5 文件截断（truncated file）
01_当前主原始数据/ocean_color/modis_aqua_chla/AQUA_MODIS.20130309.L3m.DAY.CHL.chlor_a.4km.nc,01_当前主原始数据,hdf5,4194304,89c143781e76bb5b713f87c559e67d7d8648ebee2d8e5248f23589b1c6628c93,clean_modis_ocean_color,REJECTED,HDF5 文件截断（truncated file）
01_当前主原始数据/ocean_color/modis_aqua_chla/AQUA_MODIS.20130311.L3m.DAY.CHL.chlor_a.4km.nc,01_当前主原始数据,hdf5,14024704,eb96cf064ad9c4497bb87781699b3e0cfcba948ad81acd39f9a6d126cb80b29b,clean_modis_ocean_color,REJECTED,HDF5 文件截断（truncated file）
01_当前主原始数据/ocean_color/modis_aqua_chla/AQUA_MODIS.20130313.L3m.DAY.CHL.chlor_a.4km.nc,01_当前主原始数据,hdf5,3932160,b4fbe71efa3b296ef5e2917cbc31f40af5d16659a640b0aa6a4314c2c76e00ba,clean_modis_ocean_color,REJECTED,HDF5 文件截断（truncated file）
01_当前主原始数据/ocean_color/modis_aqua_chla/AQUA_MODIS.20130314.L3m.DAY.CHL.chlor_a.4km.nc,01_当前主原始数据,hdf5,12517376,b137a5c31ba3fdcbb4d6e0eaadcad7384813e01097204c0b9283fe2313928fee,clean_modis_ocean_color,REJECTED,HDF5 文件截断（truncated file）
01_当前主原始数据/ocean_color/modis_aqua_chla/AQUA_MODIS.20130315.L3m.DAY.CHL.chlor_a.4km.nc,01_当前主原始数据,hdf5,9568256,f43e742a1ad877d5643919bf926b4331ead2826da9d541947fec3270a2c71306,clean_modis_ocean_color,REJECTED,HDF5 文件截断（truncated file）
01_当前主原始数据/ocean_color/modis_aqua_chla/AQUA_MODIS.20130316.L3m.DAY.CHL.chlor_a.4km.nc,01_当前主原始数据,hdf5,8781824,eec6ac3a35c5034e508fe81139e6be5f0b5169930eebf5d968286b1b2f68e5b2,clean_modis_ocean_color,REJECTED,HDF5 文件截断（truncated file）
01_当前主原始数据/ocean_color/modis_aqua_chla/AQUA_MODIS.20130317.L3m.DAY.CHL.chlor_a.4km.nc,01_当前主原始数据,hdf5,8716288,b75248ae4c9299caa489e01762000aef8cbb0319244b9d651922398769e59eea,clean_modis_ocean_color,REJECTED,HDF5 文件截断（truncated file）
01_当前主原始数据/ocean_color/modis_aqua_chla/AQUA_MODIS.20130318.L3m.DAY.CHL.chlor_a.4km.nc,01_当前主原始数据,hdf5,5242880,b706f7c08ad417a10a486faccd7131bf6c0263f0041ecc9e5859b40f8bab1f17,clean_modis_ocean_color,REJECTED,HDF5 文件截断（truncated file）
01_当前主原始数据/ocean_color/modis_aqua_chla/AQUA_MODIS.20130319.L3m.DAY.CHL.chlor_a.4km.nc,01_当前主原始数据,hdf5,131072,db265d676d88376a9234386dabb04801dd6f8eca647392cb06b766959602c4ff,clean_modis_ocean_color,REJECTED,HDF5 文件截断（truncated file）
01_当前主原始数据/ocean_color/modis_aqua_chla/AQUA_MODIS.20130321.L3m.DAY.CHL.chlor_a.4km.nc,01_当前主原始数据,hdf5,12058624,6efde22cdd1977ddae41a3b9e664254315dce59b490777dd694030bb977e34f9,clean_modis_ocean_color,REJECTED,HDF5 文件截断（truncated file）
01_当前主原始数据/ocean_color/modis_aqua_chla/AQUA_MODIS.20130322.L3m.DAY.CHL.chlor_a.4km.nc,01_当前主原始数据,hdf5,14024704,a3a868f9c4aa520a6a66c7033ce1e4c7bc18e8a42b191de7750ae039e1e98ac3,clean_modis_ocean_color,REJECTED,HDF5 文件截断（truncated file）
01_当前主原始数据/ocean_color/modis_aqua_chla/AQUA_MODIS.20130323.L3m.DAY.CHL.chlor_a.4km.nc,01_当前主原始数据,hdf5,14024704,2132d8bc4b6651ddc81c9e21d6652a0bb42c5359b7e836a4ca4f6b08f874939b,clean_modis_ocean_color,REJECTED,HDF5 文件截断（truncated file）
01_当前主原始数据/ocean_color/modis_aqua_chla/AQUA_MODIS.20130324.L3m.DAY.CHL.chlor_a.4km.nc,01_当前主原始数据,hdf5,2752512,100f55351094f213dd5138b80ef875bfaeea4ae20ed657c06f04c001d6641199,clean_modis_ocean_color,REJECTED,HDF5 文件截断（truncated file）
01_当前主原始数据/ocean_color/modis_aqua_chla/AQUA_MODIS.20130325.L3m.DAY.CHL.chlor_a.4km.nc,01_当前主原始数据,hdf5,7995392,c490137cbcd087fa15fbc3828795969a9fea1007ebe29a2f066ca2f7ba18c5d9,clean_modis_ocean_color,REJECTED,HDF5 文件截断（truncated file）
01_当前主原始数据/ocean_color/modis_aqua_chla/AQUA_MODIS.20130326.L3m.DAY.CHL.chlor_a.4km.nc,01_当前主原始数据,hdf5,14024704,65ba842bfc765054500261348691836f7ef434d73f9aa73312b81ab7024f0e37,clean_modis_ocean_color,REJECTED,HDF5 文件截断（truncated file）
01_当前主原始数据/ocean_color/modis_aqua_chla/AQUA_MODIS.20130328.L3m.DAY.CHL.chlor_a.4km.nc,01_当前主原始数据,hdf5,14024704,2fa8ac4fa1759334eda81fddc146205ab171f4e4304bfe7fb1a69f90941b7acf,clean_modis_ocean_color,REJECTED,HDF5 文件截断（truncated file）
01_当前主原始数据/ocean_color/modis_aqua_chla/AQUA_MODIS.20130329.L3m.DAY.CHL.chlor_a.4km.nc,01_当前主原始数据,hdf5,14024704,05771a9105989f14ca49dc4231d1cf812245fd12d7e80f448f4177f4594c680f,clean_modis_ocean_color,REJECTED,HDF5 文件截断（truncated file）
01_当前主原始数据/ocean_color/modis_aqua_chla/AQUA_MODIS.20130401.L3m.DAY.CHL.chlor_a.4km.nc,01_当前主原始数据,hdf5,14417920,8625efcaeab3e42245435a9be4d455000455c0abf7f8ec5501b16a74ef24db0e,clean_modis_ocean_color,REJECTED,HDF5 文件截断（truncated file）
01_当前主原始数据/ocean_color/modis_aqua_chla/AQUA_MODIS.20130404.L3m.DAY.CHL.chlor_a.4km.nc,01_当前主原始数据,hdf5,3211264,54a3470b01af95f2fa4e63e4c5518895604066218997b15e35d9d07a19b3ef4c,clean_modis_ocean_color,REJECTED,HDF5 文件截断（truncated file）
01_当前主原始数据/ocean_color/modis_aqua_chla/AQUA_MODIS.20130410.L3m.DAY.CHL.chlor_a.4km.nc,01_当前主原始数据,hdf5,14024704,baae2356e99b66b4d82cc15860ac2f38426225eae8da113d1c87aaee98c7f33a,clean_modis_ocean_color,REJECTED,HDF5 文件截断（truncated file）
01_当前主原始数据/ocean_color/modis_aqua_chla/AQUA_MODIS.20130416.L3m.DAY.CHL.chlor_a.4km.nc,01_当前主原始数据,hdf5,14483456,1c7621db9a38c74ce7aa15c2bbc4db12be470ec9337694bf7480907b38f627c6,clean_modis_ocean_color,REJECTED,HDF5 文件截断（truncated file）
01_当前主原始数据/ocean_color/modis_aqua_chla/AQUA_MODIS.20130421.L3m.DAY.CHL.chlor_a.4km.nc,01_当前主原始数据,hdf5,3407872,cd5778c67280be6423f504ecba87dd2b4918617fff42c5beb8396bd6ebf97762,clean_modis_ocean_color,REJECTED,HDF5 文件截断（truncated file）
01_当前主原始数据/ocean_color/modis_aqua_chla/AQUA_MODIS.20130422.L3m.DAY.CHL.chlor_a.4km.nc,01_当前主原始数据,hdf5,5111808,2a368098d8fd0f53fc0d37db43e4dfee50df5f8445d25f52bda6c04e06540e42,clean_modis_ocean_color,REJECTED,HDF5 文件截断（truncated file）
01_当前主原始数据/ocean_color/modis_aqua_chla/AQUA_MODIS.20130423.L3m.DAY.CHL.chlor_a.4km.nc,01_当前主原始数据,hdf5,11272192,08c7e94b879a175d1e5761b80714befe9602983517921e0d6dd3ab271250dea5,clean_modis_ocean_color,REJECTED,HDF5 文件截断（truncated file）
01_当前主原始数据/ocean_color/modis_aqua_chla/AQUA_MODIS.20130425.L3m.DAY.CHL.chlor_a.4km.nc,01_当前主原始数据,hdf5,14286848,c7ee4b09a4eba3de4269d54ce206258aa51f67c25aad6670c57944b8baf363de,clean_modis_ocean_color,REJECTED,HDF5 文件截断（truncated file）
01_当前主原始数据/ocean_color/modis_aqua_chla/AQUA_MODIS.20130426.L3m.DAY.CHL.chlor_a.4km.nc,01_当前主原始数据,hdf5,3997696,225c79e50ea7a13b72e1caec880b692d996ee3f7ca130b469263d5576a1ffb20,clean_modis_ocean_color,REJECTED,HDF5 文件截断（truncated file）
01_当前主原始数据/ocean_color/modis_aqua_chla/AQUA_MODIS.20130427.L3m.DAY.CHL.chlor_a.4km.nc,01_当前主原始数据,hdf5,14024704,bc13274fb8c5c6206a39a9a75e51efd07d57ff42f5af5197e09f2c13dfc733fb,clean_modis_ocean_color,REJECTED,HDF5 文件截断（truncated file）
01_当前主原始数据/ocean_color/modis_aqua_chla/AQUA_MODIS.20130428.L3m.DAY.CHL.chlor_a.4km.nc,01_当前主原始数据,hdf5,4325376,496dc75d89c0cee8d65fa551792a1bde2b408cc8b67adbb46283c0e3ed5612ef,clean_modis_ocean_color,REJECTED,HDF5 文件截断（truncated file）
01_当前主原始数据/ocean_color/modis_aqua_chla/AQUA_MODIS.20130429.L3m.DAY.CHL.chlor_a.4km.nc,01_当前主原始数据,hdf5,8388608,0c1130aeb326504c9fed8080abc2b959edb1752a075d75e1803d06962b710d43,clean_modis_ocean_color,REJECTED,HDF5 文件截断（truncated file）
01_当前主原始数据/ocean_color/modis_aqua_chla/AQUA_MODIS.20130430.L3m.DAY.CHL.chlor_a.4km.nc,01_当前主原始数据,hdf5,12648448,c4355810270aa5ebac8af88d0357a70e54e98f26a9c6512ddd765d72a019b2e0,clean_modis_ocean_color,REJECTED,HDF5 文件截断（truncated file）
01_当前主原始数据/ocean_color/modis_aqua_chla/AQUA_MODIS.20130501.L3m.DAY.CHL.chlor_a.4km.nc,01_当前主原始数据,hdf5,6029312,8850d44e0f1692dcf9fd3ae2fd47e799ac4072ac82544e6f19e4528558dc9003,clean_modis_ocean_color,REJECTED,HDF5 文件截断（truncated file）
01_当前主原始数据/ocean_color/modis_aqua_chla/AQUA_MODIS.20130502.L3m.DAY.CHL.chlor_a.4km.nc,01_当前主原始数据,hdf5,8257536,8f02a9cdb4fd2763eb04ba9cf4490c91eed98776e1aa66b874f2cf00cf07505d,clean_modis_ocean_color,REJECTED,HDF5 文件截断（truncated file）
01_当前主原始数据/ocean_color/modis_aqua_chla/AQUA_MODIS.20130503.L3m.DAY.CHL.chlor_a.4km.nc,01_当前主原始数据,hdf5,7929856,4488593b23a6a2c164c244d4a4075cb086bf442c625c0e8a831dac83ad31826f,clean_modis_ocean_color,REJECTED,HDF5 文件截断（truncated file）
01_当前主原始数据/ocean_color/modis_aqua_chla/AQUA_MODIS.20130504.L3m.DAY.CHL.chlor_a.4km.nc,01_当前主原始数据,hdf5,4259840,a21a24664778547325352554f05fa855d5174556413965ef2249163d4c91cf60,clean_modis_ocean_color,REJECTED,HDF5 文件截断（truncated file）
01_当前主原始数据/ocean_color/modis_aqua_chla/AQUA_MODIS.20130505.L3m.DAY.CHL.chlor_a.4km.nc,01_当前主原始数据,hdf5,14024704,4b1993d6deb885ebc239252f2e4ed801da5eb3a8372c31121762d9817563c25a,clean_modis_ocean_color,REJECTED,HDF5 文件截断（truncated file）
01_当前主原始数据/ocean_color/modis_aqua_chla/AQUA_MODIS.20130506.L3m.DAY.CHL.chlor_a.4km.nc,01_当前主原始数据,hdf5,14024704,a813f1ded4c1752aad318d4a852dd69850a0db170117861b140a16d1079df731,clean_modis_ocean_color,REJECTED,HDF5 文件截断（truncated file）
01_当前主原始数据/ocean_color/modis_aqua_chla/AQUA_MODIS.20130507.L3m.DAY.CHL.chlor_a.4km.nc,01_当前主原始数据,hdf5,5832704,6618a435571156ead2f4c83064f32db0f42e9dd964b61a17cb9556cd65cd3c40,clean_modis_ocean_color,REJECTED,HDF5 文件截断（truncated file）
01_当前主原始数据/ocean_color/modis_aqua_chla/AQUA_MODIS.20130514.L3m.DAY.CHL.chlor_a.4km.nc,01_当前主原始数据,hdf5,5242880,8bd985333cff88c254d48f755ceb9a8ffb987d4edc5c72c1670c382c7c6c2143,clean_modis_ocean_color,REJECTED,HDF5 文件截断（truncated file）
01_当前主原始数据/ocean_color/modis_aqua_chla/AQUA_MODIS.20130515.L3m.DAY.CHL.chlor_a.4km.nc,01_当前主原始数据,hdf5,2883584,4e91fee400d24f40293fe46742ff1b9869e6442f6393fca3433aee940d061a93,clean_modis_ocean_color,REJECTED,HDF5 文件截断（truncated file）
01_当前主原始数据/ocean_color/modis_aqua_chla/AQUA_MODIS.20130517.L3m.DAY.CHL.chlor_a.4km.nc,01_当前主原始数据,hdf5,3342336,b93f3143833cf381a2e7a7e5d3072fb29beffec780eed934d8b22bceaa909acb,clean_modis_ocean_color,REJECTED,HDF5 文件截断（truncated file）
01_当前主原始数据/ocean_color/modis_aqua_chla/AQUA_MODIS.20130525.L3m.DAY.CHL.chlor_a.4km.nc,01_当前主原始数据,hdf5,9175040,5a36db354f51b294e74153f601a223bb75de054929216426fd5040b6215a888e,clean_modis_ocean_color,REJECTED,HDF5 文件截断（truncated file）
01_当前主原始数据/ocean_color/modis_aqua_chla/AQUA_MODIS.20130530.L3m.DAY.CHL.chlor_a.4km.nc,01_当前主原始数据,hdf5,2949120,4c33ff82b0a056aecd1356cb95121ac98e8daf0468a1913d288dea1207565a0c,clean_modis_ocean_color,REJECTED,HDF5 文件截断（truncated file）
01_当前主原始数据/ocean_color/modis_aqua_chla/AQUA_MODIS.20130602.L3m.DAY.CHL.chlor_a.4km.nc,01_当前主原始数据,hdf5,5505024,9aecca7ff6d3d1555266747040c5a777576663bba19a871075790dfee9428fde,clean_modis_ocean_color,REJECTED,HDF5 文件截断（truncated file）
01_当前主原始数据/ocean_color/modis_aqua_chla/AQUA_MODIS.20130627.L3m.DAY.CHL.chlor_a.4km.nc,01_当前主原始数据,hdf5,13172736,d6eb04e25610d482621348311483d4bfe609928e6ea3abf152f16adb3df72fe3,clean_modis_ocean_color,REJECTED,HDF5 文件截断（truncated file）
01_当前主原始数据/ocean_color/modis_aqua_chla/AQUA_MODIS.20130701.L3m.DAY.CHL.chlor_a.4km.nc,01_当前主原始数据,hdf5,9240576,6fb8690c5ece8088d78c7d4779d29e74e4d367bef719dc3643d8beb4caca95cd,clean_modis_ocean_color,REJECTED,HDF5 文件截断（truncated file）
01_当前主原始数据/ocean_color/modis_aqua_chla/AQUA_MODIS.20130704.L3m.DAY.CHL.chlor_a.4km.nc,01_当前主原始数据,hdf5,6488064,98fe31f5e7d5aa9c58f35d62c497d6c81c605f712b824c5e2cb92c258435bd29,clean_modis_ocean_color,REJECTED,HDF5 文件截断（truncated file）
01_当前主原始数据/ocean_color/modis_aqua_chla/AQUA_MODIS.20130707.L3m.DAY.CHL.chlor_a.4km.nc,01_当前主原始数据,hdf5,14024704,2cdbbe389faa7b237ec1874aa1dd798b25eaf0f722838c7c8c34ce73349b458b,clean_modis_ocean_color,REJECTED,HDF5 文件截断（truncated file）
01_当前主原始数据/ocean_color/modis_aqua_chla/AQUA_MODIS.20130710.L3m.DAY.CHL.chlor_a.4km.nc,01_当前主原始数据,hdf5,14024704,67ebe8889541895af96e1c694f7d658329965b3f7002f61248f398af7962759b,clean_modis_ocean_color,REJECTED,HDF5 文件截断（truncated file）
01_当前主原始数据/ocean_color/modis_aqua_chla/AQUA_MODIS.20130711.L3m.DAY.CHL.chlor_a.4km.nc,01_当前主原始数据,hdf5,14024704,d1a31176b25d79fac1298d35171cbbfb0cbfb45bb2f87ae4698f47971a68b5da,clean_modis_ocean_color,REJECTED,HDF5 文件截断（truncated file）
01_当前主原始数据/ocean_color/modis_aqua_chla/AQUA_MODIS.20130714.L3m.DAY.CHL.chlor_a.4km.nc,01_当前主原始数据,hdf5,12320768,52924692d4ab85c846c8cc23652833cf5a78f042eed34961bf850e65d42cffa0,clean_modis_ocean_color,REJECTED,HDF5 文件截断（truncated file）
01_当前主原始数据/ocean_color/modis_aqua_chla/AQUA_MODIS.20130717.L3m.DAY.CHL.chlor_a.4km.nc,01_当前主原始数据,hdf5,14024704,ea76502edad77e867b0bfed704e3ab39f6e7513e3c39237ac9ca0eb203d514a5,clean_modis_ocean_color,REJECTED,HDF5 文件截断（truncated file）
01_当前主原始数据/ocean_color/modis_aqua_chla/AQUA_MODIS.20130720.L3m.DAY.CHL.chlor_a.4km.nc,01_当前主原始数据,hdf5,14024704,cc0ea995199b9b110e358418eb5e3c13464f20714b594791e74d0d9556a8dd25,clean_modis_ocean_color,REJECTED,HDF5 文件截断（truncated file）
01_当前主原始数据/ocean_color/modis_aqua_chla/AQUA_MODIS.20130725.L3m.DAY.CHL.chlor_a.4km.nc,01_当前主原始数据,hdf5,5832704,71a90b4e02d235e3fb7f90872acb7d59f6b92f614a062b6bb2927c720a262e97,clean_modis_ocean_color,REJECTED,HDF5 文件截断（truncated file）
01_当前主原始数据/ocean_color/modis_aqua_chla/AQUA_MODIS.20130804.L3m.DAY.CHL.chlor_a.4km.nc,01_当前主原始数据,hdf5,7995392,a6c05c28360dfdaa99d6ab6ccd877efc13fd4f856dcea779f61836871ad23ae7,clean_modis_ocean_color,REJECTED,HDF5 文件截断（truncated file）
01_当前主原始数据/ocean_color/modis_aqua_chla/AQUA_MODIS.20130805.L3m.DAY.CHL.chlor_a.4km.nc,01_当前主原始数据,hdf5,14221312,98b67da12ab8b5f50b079f11cb5d716db8aab3010c1fbb2f8cf92cd7432a34a1,clean_modis_ocean_color,REJECTED,HDF5 文件截断（truncated file）
01_当前主原始数据/ocean_color/modis_aqua_chla/AQUA_MODIS.20130807.L3m.DAY.CHL.chlor_a.4km.nc,01_当前主原始数据,hdf5,14221312,87e1631d103ced420518f7869a3651719be7da007eab46e9d321d2b711b19167,clean_modis_ocean_color,REJECTED,HDF5 文件截断（truncated file）
01_当前主原始数据/ocean_color/modis_aqua_chla/AQUA_MODIS.20130809.L3m.DAY.CHL.chlor_a.4km.nc,01_当前主原始数据,hdf5,14024704,063c2ea3b81b549d5d437a1cd800cc7108af8c0c657d7b5fe4e9ce191f39cffb,clean_modis_ocean_color,REJECTED,HDF5 文件截断（truncated file）
01_当前主原始数据/ocean_color/modis_aqua_chla/AQUA_MODIS.20130813.L3m.DAY.CHL.chlor_a.4km.nc,01_当前主原始数据,hdf5,14614528,52fbf7e54f22b7d63ef14fe2e810d6c48086c90df75b06680b86a9a0f760bd22,clean_modis_ocean_color,REJECTED,HDF5 文件截断（truncated file）
01_当前主原始数据/ocean_color/modis_aqua_chla/AQUA_MODIS.20130814.L3m.DAY.CHL.chlor_a.4km.nc,01_当前主原始数据,hdf5,5177344,ae5579b5e2dc165674443d6e5166bb2f76bb85c89e09e398b9a57d099aeb2273,clean_modis_ocean_color,REJECTED,HDF5 文件截断（truncated file）
01_当前主原始数据/ocean_color/modis_aqua_chla/AQUA_MODIS.20130815.L3m.DAY.CHL.chlor_a.4km.nc,01_当前主原始数据,hdf5,14417920,21557da8c0e1f2cc07e7ac07472861f83285e9b512d8bf2afaf71c33dfe801cd,clean_modis_ocean_color,REJECTED,HDF5 文件截断（truncated file）
01_当前主原始数据/ocean_color/modis_aqua_chla/AQUA_MODIS.20130818.L3m.DAY.CHL.chlor_a.4km.nc,01_当前主原始数据,hdf5,4718592,54eeaa94bbc60049eee39b589ffe60f114f95b879d3026dcae05eb566eaf3b76,clean_modis_ocean_color,REJECTED,HDF5 文件截断（truncated file）
01_当前主原始数据/ocean_color/modis_aqua_chla/AQUA_MODIS.20130819.L3m.DAY.CHL.chlor_a.4km.nc,01_当前主原始数据,hdf5,12124160,f29327755d6906bd3336300b3dd38b70892281ebdceca8539a0d6d5a58e5d49b,clean_modis_ocean_color,REJECTED,HDF5 文件截断（truncated file）
01_当前主原始数据/ocean_color/modis_aqua_chla/AQUA_MODIS.20130820.L3m.DAY.CHL.chlor_a.4km.nc,01_当前主原始数据,hdf5,1245184,49a4615b85ac4946c314b44397862463aaa17d1f763cea7ead3209b1731f34c7,clean_modis_ocean_color,REJECTED,HDF5 文件截断（truncated file）
01_当前主原始数据/ocean_color/modis_aqua_chla/AQUA_MODIS.20130827.L3m.DAY.CHL.chlor_a.4km.nc,01_当前主原始数据,hdf5,11993088,4434b35c17bec70850732dff87ae6ebe22d6e5bfcaa1eb966bffc490d419c1c3,clean_modis_ocean_color,REJECTED,HDF5 文件截断（truncated file）
01_当前主原始数据/ocean_color/modis_aqua_chla/AQUA_MODIS.20130829.L3m.DAY.CHL.chlor_a.4km.nc,01_当前主原始数据,hdf5,13238272,8654090ef7e1d27a24a0cf1e75916247fa1ec42403fcc0aa92c281ae81b94d21,clean_modis_ocean_color,REJECTED,HDF5 文件截断（truncated file）
01_当前主原始数据/ocean_color/modis_aqua_chla/AQUA_MODIS.20130830.L3m.DAY.CHL.chlor_a.4km.nc,01_当前主原始数据,hdf5,5963776,ec5f2b60515aaad17a8107e2907468014ad280e2e1c86cc48d129367075cadd1,clean_modis_ocean_color,REJECTED,HDF5 文件截断（truncated file）
01_当前主原始数据/ocean_color/modis_aqua_chla/AQUA_MODIS.20130831.L3m.DAY.CHL.chlor_a.4km.nc,01_当前主原始数据,hdf5,6946816,239fd76a0b1b355355309a2b7f09bb3126a9505c64dea1336aa0575d3cd05061,clean_modis_ocean_color,REJECTED,HDF5 文件截断（truncated file）
01_当前主原始数据/ocean_color/modis_aqua_chla/AQUA_MODIS.20130901.L3m.DAY.CHL.chlor_a.4km.nc,01_当前主原始数据,hdf5,3932160,1890ecdb36c7c725dbc416208af497b1c9ba9ad2477dce682dfb24cd8deb6061,clean_modis_ocean_color,REJECTED,HDF5 文件截断（truncated file）
01_当前主原始数据/ocean_color/modis_aqua_chla/AQUA_MODIS.20130902.L3m.DAY.CHL.chlor_a.4km.nc,01_当前主原始数据,hdf5,11141120,9bbb4b11f4f36d4efc0dd934b65de82026add23720c11b1c5df527f898194a66,clean_modis_ocean_color,REJECTED,HDF5 文件截断（truncated file）
01_当前主原始数据/ocean_color/modis_aqua_chla/AQUA_MODIS.20130903.L3m.DAY.CHL.chlor_a.4km.nc,01_当前主原始数据,hdf5,14024704,c4bba7f62825e3f3d80909411bc0bb136df03554d92954b4a077c9d164bdd6d1,clean_modis_ocean_color,REJECTED,HDF5 文件截断（truncated file）
01_当前主原始数据/ocean_color/modis_aqua_chla/AQUA_MODIS.20130904.L3m.DAY.CHL.chlor_a.4km.nc,01_当前主原始数据,hdf5,14024704,30f038e548e5edba0471aaa10834e9ee4608ac8bd37462101af13c87341c553b,clean_modis_ocean_color,REJECTED,HDF5 文件截断（truncated file）
01_当前主原始数据/ocean_color/modis_aqua_chla/AQUA_MODIS.20130905.L3m.DAY.CHL.chlor_a.4km.nc,01_当前主原始数据,hdf5,14483456,98722bd2fbbf26938793d5db87ca243ed1544b75c6b5d4f533c9c67ae17d25f8,clean_modis_ocean_color,REJECTED,HDF5 文件截断（truncated file）
01_当前主原始数据/ocean_color/modis_aqua_chla/AQUA_MODIS.20130906.L3m.DAY.CHL.chlor_a.4km.nc,01_当前主原始数据,hdf5,14024704,a9abb0280f9c07e96587d404f78f623671da9b060933bcb8ec256c7956c9dd7e,clean_modis_ocean_color,REJECTED,HDF5 文件截断（truncated file）
01_当前主原始数据/ocean_color/modis_aqua_chla/AQUA_MODIS.20130909.L3m.DAY.CHL.chlor_a.4km.nc,01_当前主原始数据,hdf5,4587520,0837b7bd3a8a269cfc58e92e6ec38e69ee66d9840072da518b3527370d6f025f,clean_modis_ocean_color,REJECTED,HDF5 文件截断（truncated file）
01_当前主原始数据/ocean_color/modis_aqua_chla/AQUA_MODIS.20130910.L3m.DAY.CHL.chlor_a.4km.nc,01_当前主原始数据,hdf5,14417920,7f714d019742d5bdbdb2097d8b157b3ef922d68f4cac3eef67da429532cb0437,clean_modis_ocean_color,REJECTED,HDF5 文件截断（truncated file）
01_当前主原始数据/ocean_color/modis_aqua_chla/AQUA_MODIS.20130912.L3m.DAY.CHL.chlor_a.4km.nc,01_当前主原始数据,hdf5,14024704,b803af5dc74e8d23e9d76b6623bf9f268726bc126b7313b875a3e1f14a613a68,clean_modis_ocean_color,REJECTED,HDF5 文件截断（truncated file）
01_当前主原始数据/ocean_color/modis_aqua_chla/AQUA_MODIS.20130914.L3m.DAY.CHL.chlor_a.4km.nc,01_当前主原始数据,hdf5,14024704,6925dcd609eb89d69b50b694f6dacf7522f519047a395cd9223f5251b9b0ad62,clean_modis_ocean_color,REJECTED,HDF5 文件截断（truncated file）
01_当前主原始数据/ocean_color/modis_aqua_chla/AQUA_MODIS.20130916.L3m.DAY.CHL.chlor_a.4km.nc,01_当前主原始数据,hdf5,6750208,2cee20fafbeaf7f477bc3944daf4bdb4714ea87459e3ff161602897dc4c1e62f,clean_modis_ocean_color,REJECTED,HDF5 文件截断（truncated file）
01_当前主原始数据/ocean_color/modis_aqua_chla/AQUA_MODIS.20130919.L3m.DAY.CHL.chlor_a.4km.nc,01_当前主原始数据,hdf5,14417920,3301432242051dffa6f287f4718a9603f19e250ff825f63887154caf990183b2,clean_modis_ocean_color,REJECTED,HDF5 文件截断（truncated file）
01_当前主原始数据/ocean_color/modis_aqua_chla/AQUA_MODIS.20130923.L3m.DAY.CHL.chlor_a.4km.nc,01_当前主原始数据,hdf5,14024704,476ab065a70f553da18334004c68df605e56db4426686d3bb2172b28e8c9e714,clean_modis_ocean_color,REJECTED,HDF5 文件截断（truncated file）
01_当前主原始数据/ocean_color/modis_aqua_chla/AQUA_MODIS.20130926.L3m.DAY.CHL.chlor_a.4km.nc,01_当前主原始数据,hdf5,14024704,c7bc1bed8b814352717ecad7e65628a29b147bb0e866ed431b9f68eaa4e9eccc,clean_modis_ocean_color,REJECTED,HDF5 文件截断（truncated file）
01_当前主原始数据/ocean_color/modis_aqua_chla/AQUA_MODIS.20131001.L3m.DAY.CHL.chlor_a.4km.nc,01_当前主原始数据,hdf5,14024704,6d40cb2e49aa938a089bb189418188cf3a082b2e0f52af838e61560e92912982,clean_modis_ocean_color,REJECTED,HDF5 文件截断（truncated file）
01_当前主原始数据/ocean_color/modis_aqua_chla/AQUA_MODIS.20131007.L3m.DAY.CHL.chlor_a.4km.nc,01_当前主原始数据,hdf5,14024704,f0b92130dacb4aa6d149118f645b9843a21ff1c9878fbdf57f2437e0febc9ff2,clean_modis_ocean_color,REJECTED,HDF5 文件截断（truncated file）
01_当前主原始数据/ocean_color/modis_aqua_chla/AQUA_MODIS.20140109.L3m.DAY.CHL.chlor_a.4km.nc,01_当前主原始数据,hdf5,10289152,403773975e0e6ceab6c156d0fdfcc381f9e2f1d82718794e51eee90053ad0cd7,clean_modis_ocean_color,REJECTED,HDF5 文件截断（truncated file）
01_当前主原始数据/ocean_color/modis_aqua_chla/AQUA_MODIS.20140110.L3m.DAY.CHL.chlor_a.4km.nc,01_当前主原始数据,hdf5,8650752,a36682f9cf0986fb6e9cdb2d224c8da5daad142f95a2efe8b52473f3a69779f7,clean_modis_ocean_color,REJECTED,HDF5 文件截断（truncated file）
01_当前主原始数据/ocean_color/modis_aqua_chla/AQUA_MODIS.20140111.L3m.DAY.CHL.chlor_a.4km.nc,01_当前主原始数据,hdf5,5373952,94fdf410324bb436e28d5961b6eee54f83d2b5640e4186f10ae2bafd29087157,clean_modis_ocean_color,REJECTED,HDF5 文件截断（truncated file）
01_当前主原始数据/ocean_color/modis_aqua_chla/AQUA_MODIS.20140112.L3m.DAY.CHL.chlor_a.4km.nc,01_当前主原始数据,hdf5,7143424,fa30f9129c9f1f50de13f0cca283600e461a497e8299125eb4813f80e05772b8,clean_modis_ocean_color,REJECTED,HDF5 文件截断（truncated file）
01_当前主原始数据/ocean_color/modis_aqua_chla/AQUA_MODIS.20140113.L3m.DAY.CHL.chlor_a.4km.nc,01_当前主原始数据,hdf5,3670016,2c5b30dee0315fcd2a8709fd912780286db2ac35e4fd1a4430e4e2dd3c529b8c,clean_modis_ocean_color,REJECTED,HDF5 文件截断（truncated file）
01_当前主原始数据/ocean_color/modis_aqua_chla/AQUA_MODIS.20140114.L3m.DAY.CHL.chlor_a.4km.nc,01_当前主原始数据,hdf5,1703936,8a724f76be6e809eccc401d9a28ad30b9a2822a9a2a0917beb0bc8f5b370b120,clean_modis_ocean_color,REJECTED,HDF5 文件截断（truncated file）
01_当前主原始数据/ocean_color/modis_aqua_chla/AQUA_MODIS.20140115.L3m.DAY.CHL.chlor_a.4km.nc,01_当前主原始数据,hdf5,1900544,bf960e6699d19252d0fd3a6d9d0a40916c32f57ceb09aaac45255bdcd425ee3f,clean_modis_ocean_color,REJECTED,HDF5 文件截断（truncated file）
01_当前主原始数据/ocean_color/modis_aqua_chla/AQUA_MODIS.20140116.L3m.DAY.CHL.chlor_a.4km.nc,01_当前主原始数据,hdf5,11010048,3ae850a311fe58739bd9ed17b49901c2ca56633bc22b76c81b8c1ad4f0e0a4d1,clean_modis_ocean_color,REJECTED,HDF5 文件截断（truncated file）
01_当前主原始数据/ocean_color/modis_aqua_chla/AQUA_MODIS.20140117.L3m.DAY.CHL.chlor_a.4km.nc,01_当前主原始数据,hdf5,3801088,6a31f3eb4f5a714a16113a342d31c5b09421ea71a7a7dcdbf0aa57de64285a9f,clean_modis_ocean_color,REJECTED,HDF5 文件截断（truncated file）
01_当前主原始数据/ocean_color/modis_aqua_chla/AQUA_MODIS.20140118.L3m.DAY.CHL.chlor_a.4km.nc,01_当前主原始数据,hdf5,10289152,96a14f40da79da960a4756eec6e7a4724d6e7a458779a61db6b1d145b04f655d,clean_modis_ocean_color,REJECTED,HDF5 文件截断（truncated file）
01_当前主原始数据/ocean_color/modis_aqua_chla/AQUA_MODIS.20140119.L3m.DAY.CHL.chlor_a.4km.nc,01_当前主原始数据,hdf5,11337728,7af1c8a1b0078fe93581c097ebaf3e718283dcaf9ec70ece891f82228f7a3f20,clean_modis_ocean_color,REJECTED,HDF5 文件截断（truncated file）
01_当前主原始数据/ocean_color/modis_aqua_chla/AQUA_MODIS.20140120.L3m.DAY.CHL.chlor_a.4km.nc,01_当前主原始数据,hdf5,3866624,627f9c63e5f556180c6c34a2e210caffe97a34d430cfefc88efb4a831e8beaa3,clean_modis_ocean_color,REJECTED,HDF5 文件截断（truncated file）
01_当前主原始数据/quarantine/clms_lwq_300m_v1_empty_20260827/2016/taihu_lwq300_v1_20160421.tif,01_当前主原始数据,tiff_be,5195,2600c676d768f0ce77f1e66a987599bc4685453d191a09b4f282251da4be9b88,review_quarantined_assets,QUARANTINED,复核确认：整幅无有效像元（CLMS v1 产品返回空栅格），维持隔离
01_当前主原始数据/sentinel3_olci_manifests/sentinel3_olci_wfr_all.json,01_当前主原始数据,json,95568117,423a4e97d823f2f870887fd191012f92a4be206e7c6017178e486d8a3713beaa,clean_sentinel3_status,BLOCKED_AUTH,清单含 80000 个 OLCI 场景元数据，未下载任何栅格资产；按规则记 BLOCKED_AUTH，不伪造影像
01_当前主原始数据/sentinel3_olci_manifests/sentinel3_olci_wfr_taihu.json,01_当前主原始数据,json,4768091,fb401417679d955a9d2b7a4decc28eabe0dd950a752e4fa14c08451aaf3902cb,clean_sentinel3_status,BLOCKED_AUTH,清单含 4141 个 OLCI 场景元数据，未下载任何栅格资产；按规则记 BLOCKED_AUTH，不伪造影像
02_旧版补充原始数据/modis_l2_2020/MODISA_L2_OC_AQUA_MODIS.20200722T051001.L2.OC.nc_2022.0,02_旧版补充原始数据,hdf5,21299200,2dddfe7c7f9e7ef94ff7710b75a99c5158ce00a8eb4c8121d800f3b13f35db32,clean_modis_ocean_color,REJECTED,HDF5 文件截断（truncated file）
02_旧版补充原始数据/modis_l2_2020/MODISA_L2_OC_AQUA_MODIS.20200916T042000.L2.OC.nc_2022.0,02_旧版补充原始数据,hdf5,40443904,949c3813d2d80d365fa781aa280d4c1bc8ba872571adbf41c9f59903a022d536,clean_modis_ocean_color,REJECTED,HDF5 文件截断（truncated file）
02_旧版补充原始数据/modis_l2_2020/MODISA_L2_OC_AQUA_MODIS.20200916T060000.L2.OC.nc_2022.0,02_旧版补充原始数据,hdf5,3383296,3aeebd7e670f13ea604bbc14357780ef6cd8f674770fc3193bf7a56b3e027285,clean_modis_ocean_color,REJECTED,HDF5 文件截断（truncated file）
02_旧版补充原始数据/modis_l2_2020/MODISA_L2_OC_AQUA_MODIS.20200918T055000.L2.OC.nc_2022.0,02_旧版补充原始数据,hdf5,2506752,86171396e068fceffb97161a0d82de319261b660555fcde6bd89f8270b6db762,clean_modis_ocean_color,REJECTED,HDF5 文件截断（truncated file）
02_旧版补充原始数据/modis_l2_2020/MODISA_L2_OC_AQUA_MODIS.20200920T053501.L2.OC.nc_2022.0,02_旧版补充原始数据,hdf5,26673152,af62f06e0b5ca958cc5d43a6b1115bd9da4dfc1e30ac258219e8ffbfb0a76e34,clean_modis_ocean_color,REJECTED,HDF5 文件截断（truncated file）
02_旧版补充原始数据/modis_l2_2020/MODISA_L2_OC_AQUA_MODIS.20200921T044000.L2.OC.nc_2022.0,02_旧版补充原始数据,hdf5,36003840,4156a816a168192737bdebaa3e82eaf1d1b61ef298032fee04b3dfef66ac0df4,clean_modis_ocean_color,REJECTED,HDF5 文件截断（truncated file）
02_旧版补充原始数据/modis_l2_2020/MODISA_L2_OC_AQUA_MODIS.20200922T052501.L2.OC.nc_2022.0,02_旧版补充原始数据,hdf5,7749632,6f52bbc18ea162a407bd481125f331727dbcbee2807238279555161885c19861,clean_modis_ocean_color,REJECTED,HDF5 文件截断（truncated file）
02_旧版补充原始数据/modis_l2_2020/MODISA_L2_OC_AQUA_MODIS.20200923T043001.L2.OC.nc_2022.0,02_旧版补充原始数据,hdf5,11247616,34c2e7f32f6b3adfc61015165141a26c06c8d255bea0cd5b7d36d46e2002f23b,clean_modis_ocean_color,REJECTED,HDF5 文件截断（truncated file）
02_旧版补充原始数据/modis_l2_2020/MODISA_L2_OC_AQUA_MODIS.20200924T051000.L2.OC.nc_2022.0,02_旧版补充原始数据,hdf5,4284416,e69cc4b741e90841d02c6574d242a55420a96f56a8a8463699dba3dc7393fdaa,clean_modis_ocean_color,REJECTED,HDF5 文件截断（truncated file）
02_旧版补充原始数据/modis_l2_2020/MODISA_L2_OC_AQUA_MODIS.20200929T053000.L2.OC.nc_2022.0,02_旧版补充原始数据,hdf5,6995968,04ca24899fb3f06e2c2c44ef11f0d9b688c7e6a21c52d0e61a0e6dbcd66d76f3,clean_modis_ocean_color,REJECTED,HDF5 文件截断（truncated file）
02_旧版补充原始数据/modis_l2_2020/MODISA_L2_OC_AQUA_MODIS.20200930T043501.L2.OC.nc_2022.0,02_旧版补充原始数据,hdf5,3375104,5f46dfa53bc596f7be9ed1c4affe49a0d135048ca9071bbdbcc3b495cef73537,clean_modis_ocean_color,REJECTED,HDF5 文件截断（truncated file）
03_THQBCA-V2原始数据集/解压内容/1.WaterQuality/~$1.2浮游动植物.xlsx,03_THQBCA-V2原始数据集,unknown_binary,165,657f0604a7c1f6cfdc4e8a224f59bd6e1900a4a4dd8b3f61a20f67debe41f209,exception_lockfile,REJECTED,Excel 临时锁文件（~$ 前缀）：非数据，禁止进入有效记录
07_采集过程临时资料/captcha.jpg,07_采集过程临时资料,jpeg,1218,7988466edf734b3c1642d404b8b8be07c93be2cab5a37391c4e4956ad19088e7,exception_temporary,REJECTED,采集过程临时资料（验证码/隐藏文件/cookie），按规则不进入数据模型
07_采集过程临时资料/captcha2.jpg,07_采集过程临时资料,jpeg,1368,613ca6672bcf506a2c7ebdfaea9c35a65e10d87bc87b3bd8c8d49dd41988b570,exception_temporary,REJECTED,采集过程临时资料（验证码/隐藏文件/cookie），按规则不进入数据模型
07_采集过程临时资料/captcha_browser.jpg,07_采集过程临时资料,jpeg,951,fc1d6583c3c5ac95d2ac4c714c9602fc9465a200702e1cf358b072c9d83d9313,exception_temporary,REJECTED,采集过程临时资料（验证码/隐藏文件/cookie），按规则不进入数据模型
07_采集过程临时资料/captcha_direct.jpg,07_采集过程临时资料,text,2090,5f8ec054601f5e7293d895120486ec1cd4c130f5b255c8e6ccf189d8611d69c0,exception_temporary,REJECTED,采集过程临时资料（验证码/隐藏文件/cookie），按规则不进入数据模型
07_采集过程临时资料/captcha_hex.jpg,07_采集过程临时资料,jpeg,1044,6c5d3e0be63459dc7b5b7103d0751ea7446cb83b9120bd18635ea9a7a696ddfa,exception_temporary,REJECTED,采集过程临时资料（验证码/隐藏文件/cookie），按规则不进入数据模型
07_采集过程临时资料/captcha_py.jpg,07_采集过程临时资料,jpeg,1167,39904bb73d40b28627970af39218f0f32d730bc03e13868c805ff88232ab646c,exception_temporary,REJECTED,采集过程临时资料（验证码/隐藏文件/cookie），按规则不进入数据模型
07_采集过程临时资料/geodata_captcha.jpg,07_采集过程临时资料,jpeg,1130,a766db5bd617465aa6c1dd62a99af4577ec47a9469fd7a1964bb040eceeebfd4,exception_temporary,REJECTED,采集过程临时资料（验证码/隐藏文件/cookie），按规则不进入数据模型
07_采集过程临时资料/geodata_captcha2.jpg,07_采集过程临时资料,jpeg,1347,f7a205339dc8670ffd03c1d510afa3b28aac6f0a6d7d6f16f0e35faaf391b27f,exception_temporary,REJECTED,采集过程临时资料（验证码/隐藏文件/cookie），按规则不进入数据模型
07_采集过程临时资料/geodata_captcha3.png,07_采集过程临时资料,png,4478,be02778b1803bf7d2988700c9a9ca9b79c739f7b39d9696baa76d8d8d56b0398,exception_temporary,REJECTED,采集过程临时资料（验证码/隐藏文件/cookie），按规则不进入数据模型
07_采集过程临时资料/geodata_captcha_new.png,07_采集过程临时资料,png,4479,5d0421c8bc6fa84bc8daa285ce6875af08c1ab0c1b818960b1939640001478be,exception_temporary,REJECTED,采集过程临时资料（验证码/隐藏文件/cookie），按规则不进入数据模型
